open_time,open,high,low,close,volume
2024-06-21 06:00:00,170.351,170.351,170.248,170.267,2946.0
2024-06-21 07:00:00,170.267,170.303,170.245,170.302,1694.0
2024-06-21 08:00:00,170.301,170.375,170.233,170.358,3035.0
2024-06-21 09:00:00,170.351,170.448,170.225,170.247,6198.0
2024-06-21 10:00:00,170.247,170.275,169.325,169.535,10865.0
2024-06-21 11:00:00,169.532,169.848,169.456,169.803,8573.0
2024-06-21 12:00:00,169.803,169.999,169.687,169.996,7311.0
2024-06-21 13:00:00,169.995,169.998,169.731,169.834,6238.0
2024-06-21 14:00:00,169.833,169.921,169.796,169.846,5530.0
2024-06-21 15:00:00,169.845,170.013,169.78,169.967,7819.0
2024-06-21 16:00:00,169.966,170.117,169.91,170.011,10338.0
2024-06-21 17:00:00,170.011,170.562,170.008,170.449,11405.0
2024-06-21 18:00:00,170.45,170.529,170.365,170.511,8807.0
2024-06-21 19:00:00,170.513,170.553,170.426,170.52,5351.0
2024-06-21 20:00:00,170.519,170.66,170.482,170.638,4785.0
2024-06-24 00:00:00,170.638,170.804,170.546,170.706,1638.0
2024-06-24 01:00:00,170.714,170.845,170.679,170.795,2584.0
2024-06-24 02:00:00,170.801,170.937,170.773,170.891,3687.0
2024-06-24 03:00:00,170.891,170.949,170.755,170.848,5474.0
2024-06-24 04:00:00,170.849,170.85,170.597,170.725,7147.0
2024-06-24 05:00:00,170.726,170.776,170.643,170.714,4419.0
2024-06-24 06:00:00,170.713,170.784,170.651,170.747,3221.0
2024-06-24 07:00:00,170.747,170.853,170.745,170.851,3429.0
2024-06-24 08:00:00,170.849,170.961,170.849,170.871,3631.0
2024-06-24 09:00:00,170.865,171.027,170.839,170.907,6306.0
2024-06-24 10:00:00,170.906,171.107,170.891,171.07,7053.0
2024-06-24 11:00:00,171.069,171.233,170.98,171.19,6778.0
2024-06-24 12:00:00,171.188,171.294,171.095,171.181,7719.0
2024-06-24 13:00:00,171.182,171.188,170.277,171.154,12194.0
2024-06-24 14:00:00,171.152,171.23,170.968,171.199,8059.0
2024-06-24 15:00:00,171.197,171.213,171.013,171.103,8064.0
2024-06-24 16:00:00,171.104,171.289,171.098,171.289,10183.0
2024-06-24 17:00:00,171.289,171.394,171.21,171.378,10178.0
2024-06-24 18:00:00,171.377,171.4,171.237,171.322,6292.0
2024-06-24 19:00:00,171.319,171.385,171.268,171.352,4383.0
2024-06-24 20:00:00,171.349,171.349,171.232,171.289,4146.0
2024-06-24 21:00:00,171.285,171.388,171.254,171.378,4609.0
2024-06-24 22:00:00,171.377,171.45,171.362,171.389,5010.0
2024-06-24 23:00:00,171.386,171.404,171.287,171.339,1915.0
2024-06-25 00:00:00,171.21,171.32,171.107,171.28,1142.0
2024-06-25 01:00:00,171.273,171.348,171.251,171.339,2828.0
2024-06-25 02:00:00,171.339,171.389,171.294,171.387,2740.0
2024-06-25 03:00:00,171.388,171.392,171.017,171.089,6017.0
2024-06-25 04:00:00,171.091,171.217,170.874,171.108,8047.0
2024-06-25 05:00:00,171.108,171.173,171.046,171.068,4736.0
2024-06-25 06:00:00,171.069,171.271,171.068,171.26,3833.0
2024-06-25 07:00:00,171.261,171.284,171.174,171.219,3272.0
2024-06-25 08:00:00,171.218,171.28,171.109,171.277,3896.0
2024-06-25 09:00:00,171.279,171.284,171.106,171.147,5446.0
2024-06-25 10:00:00,171.147,171.236,170.931,171.082,8297.0
2024-06-25 11:00:00,171.082,171.221,171.054,171.188,7274.0
2024-06-25 12:00:00,171.187,171.234,170.966,170.99,5612.0
2024-06-25 13:00:00,170.989,171.014,170.87,170.964,6710.0
2024-06-25 14:00:00,170.964,170.988,170.767,170.774,6125.0
2024-06-25 15:00:00,170.775,170.968,170.767,170.924,8720.0
2024-06-25 16:00:00,170.923,171.044,170.782,170.841,9188.0
2024-06-25 17:00:00,170.842,170.908,170.701,170.877,10252.0
2024-06-25 18:00:00,170.877,171.07,170.872,170.926,7497.0
2024-06-25 19:00:00,170.923,171.018,170.917,171.003,5532.0
2024-06-25 20:00:00,171.004,171.13,170.946,171.128,4283.0
2024-06-25 21:00:00,171.125,171.14,171.072,171.101,4555.0
2024-06-25 22:00:00,171.103,171.103,171.027,171.049,3927.0
2024-06-25 23:00:00,171.049,171.109,171.019,171.067,1611.0
2024-06-26 00:00:00,170.97,171.072,170.868,171.034,1753.0
2024-06-26 01:00:00,171.035,171.077,171.016,171.048,1703.0
2024-06-26 02:00:00,171.046,171.047,170.944,171.023,2556.0
2024-06-26 03:00:00,171.022,171.105,170.945,171.08,5191.0
2024-06-26 04:00:00,171.078,171.281,171.073,171.221,6224.0
2024-06-26 05:00:00,171.221,171.347,171.099,171.181,4583.0
2024-06-26 06:00:00,171.184,171.229,171.155,171.2,3035.0
2024-06-26 07:00:00,171.199,171.2,171.092,171.101,3057.0
2024-06-26 08:00:00,171.1,171.151,171.01,171.061,3657.0
2024-06-26 09:00:00,171.058,171.101,170.912,170.924,6496.0
2024-06-26 10:00:00,170.925,171.031,170.848,170.989,7126.0
2024-06-26 11:00:00,170.988,171.109,170.945,171.07,6064.0
2024-06-26 12:00:00,171.071,171.161,170.968,171.003,7978.0
2024-06-26 13:00:00,171.013,171.345,170.992,171.281,9216.0
2024-06-26 14:00:00,171.28,171.464,171.171,171.431,10191.0
2024-06-26 15:00:00,171.433,171.486,171.155,171.207,10271.0
2024-06-26 16:00:00,171.207,171.42,170.909,171.341,14618.0
2024-06-26 17:00:00,171.341,171.793,171.303,171.538,13620.0
2024-06-26 18:00:00,171.534,171.793,171.464,171.641,9160.0
2024-06-26 19:00:00,171.637,171.749,171.587,171.59,7966.0
2024-06-26 20:00:00,171.59,171.706,171.582,171.648,6443.0
2024-06-26 21:00:00,171.648,171.676,171.584,171.626,5257.0
2024-06-26 22:00:00,171.627,171.764,171.587,171.741,3786.0
2024-06-26 23:00:00,171.741,171.797,171.687,171.743,2552.0
2024-06-27 00:00:00,171.674,171.701,171.608,171.679,1478.0
2024-06-27 01:00:00,171.689,171.699,171.588,171.634,2161.0
2024-06-27 02:00:00,171.636,171.642,171.493,171.546,2948.0
2024-06-27 03:00:00,171.546,171.604,171.381,171.587,6941.0
2024-06-27 04:00:00,171.588,171.631,171.408,171.543,6550.0
2024-06-27 05:00:00,171.557,171.581,171.425,171.517,5316.0
2024-06-27 06:00:00,171.518,171.547,171.448,171.512,3592.0
2024-06-27 07:00:00,171.511,171.523,171.395,171.468,3770.0
2024-06-27 08:00:00,171.466,171.591,171.416,171.556,4334.0
2024-06-27 09:00:00,171.554,171.618,171.459,171.537,6543.0
2024-06-27 10:00:00,171.534,171.72,171.498,171.63,8453.0
2024-06-27 11:00:00,171.629,171.652,171.51,171.601,6737.0
2024-06-27 12:00:00,171.6,171.739,171.582,171.674,6453.0
2024-06-27 13:00:00,171.674,171.744,171.473,171.728,6309.0
2024-06-27 14:00:00,171.73,171.8,171.653,171.668,6591.0
2024-06-27 15:00:00,171.669,171.952,171.561,171.938,12031.0
2024-06-27 16:00:00,171.938,172.165,171.909,172.09,10898.0
2024-06-27 17:00:00,172.088,172.14,171.902,172.035,10940.0
2024-06-27 18:00:00,172.035,172.109,171.938,172.062,8420.0
2024-06-27 19:00:00,172.059,172.112,172.002,172.063,5527.0
2024-06-27 20:00:00,172.065,172.074,172.001,172.063,4479.0
2024-06-27 21:00:00,172.064,172.154,171.995,172.107,5212.0
2024-06-27 22:00:00,172.109,172.142,172.065,172.119,5346.0
2024-06-27 23:00:00,172.115,172.127,172.063,172.081,2048.0
2024-06-28 00:00:00,172.046,172.076,171.905,172.063,2294.0
2024-06-28 01:00:00,172.032,172.089,171.997,172.032,1710.0
2024-06-28 02:00:00,172.032,172.116,172.004,172.075,2435.0
2024-06-28 03:00:00,172.075,172.383,172.036,172.357,5393.0
2024-06-28 04:00:00,172.357,172.381,171.996,172.196,10731.0
2024-06-28 05:00:00,172.192,172.231,172.012,172.105,7922.0
2024-06-28 06:00:00,172.106,172.147,172.0,172.132,4772.0
2024-06-28 07:00:00,172.132,172.193,172.094,172.096,4413.0
2024-06-28 08:00:00,172.096,172.126,171.999,172.056,5115.0
2024-06-28 09:00:00,172.066,172.18,172.051,172.152,6764.0
2024-06-28 10:00:00,172.153,172.304,172.045,172.143,9208.0
2024-06-28 11:00:00,172.139,172.184,172.026,172.138,8239.0
2024-06-28 12:00:00,172.139,172.151,171.854,172.082,7679.0
2024-06-28 13:00:00,172.083,172.143,171.836,171.843,7546.0
2024-06-28 14:00:00,171.84,171.954,171.716,171.849,7001.0
2024-06-28 15:00:00,171.849,172.027,171.715,171.823,12352.0
2024-06-28 16:00:00,171.822,171.825,171.45,171.678,12470.0
2024-06-28 17:00:00,171.682,172.431,171.569,172.38,16489.0
2024-06-28 18:00:00,172.379,172.441,172.256,172.327,12222.0
2024-06-28 19:00:00,172.325,172.445,172.265,172.368,8576.0
2024-06-28 20:00:00,172.368,172.433,172.282,172.282,6642.0
2024-07-01 00:00:00,172.73,172.767,172.585,172.676,2225.0
2024-07-01 01:00:00,172.675,172.806,172.588,172.674,4216.0
2024-07-01 02:00:00,172.673,172.757,172.639,172.747,3340.0
2024-07-01 03:00:00,172.746,173.217,172.679,172.999,8603.0
2024-07-01 04:00:00,172.999,173.171,172.886,172.969,9958.0
2024-07-01 05:00:00,172.969,173.049,172.886,173.047,5821.0
2024-07-01 06:00:00,173.047,173.201,173.023,173.176,4173.0
2024-07-01 07:00:00,173.175,173.255,173.151,173.231,3716.0
2024-07-01 08:00:00,173.231,173.317,173.142,173.201,4736.0
2024-07-01 09:00:00,173.196,173.47,173.196,173.29,9678.0
2024-07-01 10:00:00,173.291,173.404,173.092,173.159,10778.0
2024-07-01 11:00:00,173.16,173.414,173.107,173.379,8041.0
2024-07-01 12:00:00,173.378,173.397,173.219,173.259,6713.0
2024-07-01 13:00:00,173.26,173.281,173.118,173.186,5269.0
2024-07-01 14:00:00,173.186,173.211,173.073,173.175,5386.0
2024-07-01 15:00:00,173.175,173.446,173.106,173.424,8987.0
2024-07-01 16:00:00,173.425,173.673,173.406,173.531,10353.0
2024-07-01 17:00:00,173.531,173.557,173.341,173.456,14480.0
2024-07-01 18:00:00,173.455,173.482,173.254,173.3,9487.0
2024-07-01 19:00:00,173.298,173.349,173.243,173.33,6219.0
2024-07-01 20:00:00,173.331,173.339,173.234,173.28,4727.0
2024-07-01 21:00:00,173.279,173.302,173.22,173.3,4723.0
2024-07-01 22:00:00,173.299,173.425,173.257,173.395,4904.0
2024-07-01 23:00:00,173.396,173.461,173.367,173.398,2366.0
2024-07-02 00:00:00,173.289,173.459,173.289,173.362,2002.0
2024-07-02 01:00:00,173.382,173.423,173.321,173.337,1830.0
2024-07-02 02:00:00,173.336,173.412,173.299,173.406,1989.0
2024-07-02 03:00:00,173.408,173.512,173.377,173.388,5711.0
2024-07-02 04:00:00,173.389,173.552,173.286,173.504,5159.0
2024-07-02 05:00:00,173.505,173.509,173.388,173.499,5136.0
2024-07-02 06:00:00,173.499,173.54,173.461,173.498,3016.0
2024-07-02 07:00:00,173.499,173.528,173.437,173.472,3900.0
2024-07-02 08:00:00,173.473,173.563,173.377,173.537,3820.0
2024-07-02 09:00:00,173.534,173.599,173.32,173.394,6405.0
2024-07-02 10:00:00,173.391,173.442,173.12,173.266,9388.0
2024-07-02 11:00:00,173.267,173.36,173.182,173.233,7635.0
2024-07-02 12:00:00,173.236,173.29,173.121,173.157,6453.0
2024-07-02 13:00:00,173.157,173.286,173.084,173.203,5547.0
2024-07-02 14:00:00,173.204,173.332,173.173,173.323,4424.0
2024-07-02 15:00:00,173.323,173.414,173.256,173.332,6998.0
2024-07-02 16:00:00,173.334,173.443,173.235,173.354,10823.0
2024-07-02 17:00:00,173.338,173.453,173.201,173.435,13177.0
2024-07-02 18:00:00,173.433,173.487,173.338,173.427,7848.0
2024-07-02 19:00:00,173.425,173.447,173.38,173.403,4178.0
2024-07-02 20:00:00,173.404,173.475,173.383,173.448,3506.0
2024-07-02 21:00:00,173.449,173.478,173.412,173.472,3554.0
2024-07-02 22:00:00,173.471,173.513,173.447,173.503,3739.0
2024-07-02 23:00:00,173.501,173.525,173.45,173.499,1730.0
2024-07-03 00:00:00,173.439,173.488,173.31,173.453,2231.0
2024-07-03 01:00:00,173.457,173.52,173.457,173.509,1955.0
2024-07-03 02:00:00,173.508,173.598,173.482,173.563,2326.0
2024-07-03 03:00:00,173.564,173.691,173.521,173.643,4949.0
2024-07-03 04:00:00,173.643,173.644,173.563,173.623,3441.0
2024-07-03 05:00:00,173.622,173.682,173.588,173.669,2769.0
2024-07-03 06:00:00,173.67,173.693,173.642,173.647,2594.0
2024-07-03 07:00:00,173.646,173.745,173.631,173.718,2192.0
2024-07-03 08:00:00,173.717,173.84,173.672,173.818,4146.0
2024-07-03 09:00:00,173.83,173.921,173.655,173.897,6329.0
2024-07-03 10:00:00,173.898,174.187,173.879,174.056,8801.0
2024-07-03 11:00:00,174.056,174.186,174.0,174.116,7392.0
2024-07-03 12:00:00,174.117,174.194,174.041,174.089,5824.0
2024-07-03 13:00:00,174.089,174.281,174.039,174.221,5554.0
2024-07-03 14:00:00,174.221,174.28,174.166,174.186,5331.0
2024-07-03 15:00:00,174.187,174.396,174.125,174.356,9124.0
2024-07-03 16:00:00,174.357,174.514,174.247,174.429,9461.0
2024-07-03 17:00:00,174.43,174.438,173.85,174.328,19874.0
2024-07-03 18:00:00,174.329,174.463,174.214,174.379,11525.0
2024-07-03 19:00:00,174.38,174.412,174.265,174.385,7081.0
2024-07-03 20:00:00,174.387,174.387,174.132,174.133,4318.0
2024-07-03 21:00:00,174.133,174.318,174.117,174.274,4047.0
2024-07-03 22:00:00,174.27,174.468,174.251,174.391,3418.0
2024-07-03 23:00:00,174.391,174.466,174.377,174.441,2510.0
2024-07-04 00:00:00,174.292,174.386,174.2,174.239,3032.0
2024-07-04 01:00:00,174.234,174.375,174.234,174.365,1200.0
2024-07-04 02:00:00,174.361,174.432,174.359,174.367,2074.0
2024-07-04 03:00:00,174.368,174.395,174.157,174.234,5495.0
2024-07-04 04:00:00,174.234,174.239,173.94,174.133,7437.0
2024-07-04 05:00:00,174.133,174.166,174.065,174.14,3868.0
2024-07-04 06:00:00,174.142,174.234,174.08,174.215,2884.0
2024-07-04 07:00:00,174.215,174.271,174.166,174.198,2354.0
2024-07-04 08:00:00,174.199,174.277,174.172,174.235,3243.0
2024-07-04 09:00:00,174.236,174.24,174.044,174.139,6310.0
2024-07-04 10:00:00,174.14,174.249,174.071,174.098,7447.0
2024-07-04 11:00:00,174.098,174.244,174.032,174.176,6867.0
2024-07-04 12:00:00,174.177,174.223,174.108,174.119,5590.0
2024-07-04 13:00:00,174.12,174.149,173.901,173.961,5121.0
2024-07-04 14:00:00,173.961,173.966,173.799,173.834,5859.0
2024-07-04 15:00:00,173.834,174.044,173.805,173.981,6654.0
2024-07-04 16:00:00,173.981,174.094,173.915,174.066,5385.0
2024-07-04 17:00:00,174.065,174.12,173.956,174.078,5626.0
2024-07-04 18:00:00,174.077,174.264,174.066,174.208,4289.0
2024-07-04 19:00:00,174.204,174.266,174.186,174.215,2527.0
2024-07-04 20:00:00,174.214,174.233,174.18,174.231,2916.0
2024-07-04 21:00:00,174.233,174.353,174.232,174.339,1569.0
2024-07-04 22:00:00,174.338,174.347,174.271,174.323,2881.0
2024-07-04 23:00:00,174.322,174.388,174.322,174.336,3216.0
2024-07-05 00:00:00,174.276,174.376,174.182,174.294,3648.0
2024-07-05 01:00:00,174.311,174.37,174.262,174.362,1906.0
2024-07-05 02:00:00,174.356,174.467,174.336,174.436,2363.0
2024-07-05 03:00:00,174.435,174.466,173.971,174.198,8735.0
2024-07-05 04:00:00,174.197,174.264,174.028,174.149,8288.0
2024-07-05 05:00:00,174.151,174.196,174.071,174.129,4670.0
2024-07-05 06:00:00,174.129,174.154,173.711,173.817,8062.0
2024-07-05 07:00:00,173.816,173.872,173.714,173.846,4361.0
2024-07-05 08:00:00,173.846,173.963,173.843,173.876,4166.0
2024-07-05 09:00:00,173.878,174.014,173.763,173.938,5768.0
2024-07-05 10:00:00,173.94,174.16,173.836,174.098,7890.0
2024-07-05 11:00:00,174.098,174.098,173.908,174.046,6139.0
2024-07-05 12:00:00,174.045,174.086,173.912,173.979,5238.0
2024-07-05 13:00:00,173.981,174.092,173.912,174.063,5143.0
2024-07-05 14:00:00,174.063,174.107,173.957,173.989,5014.0
2024-07-05 15:00:00,173.99,174.37,173.735,174.294,16010.0
2024-07-05 16:00:00,174.296,174.501,174.167,174.472,16527.0
2024-07-05 17:00:00,174.471,174.481,174.161,174.226,13915.0
2024-07-05 18:00:00,174.226,174.261,173.951,174.035,10823.0
2024-07-05 19:00:00,174.037,174.216,174.004,174.164,6766.0
2024-07-05 20:00:00,174.166,174.215,174.146,174.165,5103.0
2024-07-08 00:00:00,173.627,173.958,173.583,173.845,1914.0
2024-07-08 01:00:00,173.865,174.126,173.858,174.022,3090.0
2024-07-08 02:00:00,174.024,174.068,173.852,173.898,3981.0
2024-07-08 03:00:00,173.899,173.978,173.794,173.805,7586.0
2024-07-08 04:00:00,173.806,173.942,173.685,173.712,7474.0
2024-07-08 05:00:00,173.713,173.774,173.507,173.617,7484.0
2024-07-08 06:00:00,173.618,173.915,173.614,173.828,5530.0
2024-07-08 07:00:00,173.829,173.926,173.756,173.842,3630.0
2024-07-08 08:00:00,173.841,173.912,173.798,173.91,4697.0
2024-07-08 09:00:00,173.917,174.167,173.677,174.051,9537.0
2024-07-08 10:00:00,174.052,174.443,174.009,174.363,11468.0
2024-07-08 11:00:00,174.364,174.631,174.337,174.596,8677.0
2024-07-08 12:00:00,174.598,174.626,174.497,174.534,6568.0
2024-07-08 13:00:00,174.535,174.542,174.243,174.29,6320.0
2024-07-08 14:00:00,174.291,174.439,174.199,174.428,6047.0
2024-07-08 15:00:00,174.429,174.495,174.217,174.249,9242.0
2024-07-08 16:00:00,174.25,174.34,174.107,174.174,10207.0
2024-07-08 17:00:00,174.172,174.184,173.918,174.022,10281.0
2024-07-08 18:00:00,174.022,174.214,173.998,174.194,7435.0
2024-07-08 19:00:00,174.194,174.202,174.073,174.108,4791.0
2024-07-08 20:00:00,174.109,174.135,174.043,174.091,3676.0
2024-07-08 21:00:00,174.091,174.097,173.991,174.063,3904.0
2024-07-08 22:00:00,174.064,174.067,173.986,174.057,3601.0
2024-07-08 23:00:00,174.056,174.097,174.023,174.097,1905.0
2024-07-09 00:00:00,173.986,174.066,173.938,174.043,935.0
2024-07-09 01:00:00,174.043,174.091,174.04,174.065,1319.0
2024-07-09 02:00:00,174.068,174.238,174.042,174.214,2138.0
2024-07-09 03:00:00,174.216,174.224,174.13,174.192,5074.0
2024-07-09 04:00:00,174.193,174.31,174.172,174.235,4104.0
2024-07-09 05:00:00,174.236,174.351,174.214,174.306,4371.0
2024-07-09 06:00:00,174.308,174.454,174.23,174.387,3890.0
2024-07-09 07:00:00,174.387,174.406,174.262,174.315,3903.0
2024-07-09 08:00:00,174.315,174.335,174.23,174.23,3651.0
2024-07-09 09:00:00,174.232,174.241,174.078,174.09,5277.0
2024-07-09 10:00:00,174.089,174.196,174.016,174.084,7787.0
2024-07-09 11:00:00,174.078,174.315,174.017,174.297,6614.0
2024-07-09 12:00:00,174.298,174.316,174.157,174.296,5303.0
2024-07-09 13:00:00,174.296,174.319,174.222,174.256,4653.0
2024-07-09 14:00:00,174.257,174.387,174.216,174.231,5784.0
2024-07-09 15:00:00,174.231,174.294,174.173,174.273,6960.0
2024-07-09 16:00:00,174.274,174.38,174.24,174.251,8245.0
2024-07-09 17:00:00,174.252,174.531,174.211,174.522,14932.0
2024-07-09 18:00:00,174.521,174.588,174.47,174.514,9431.0
2024-07-09 19:00:00,174.516,174.52,174.339,174.385,6100.0
2024-07-09 20:00:00,174.382,174.406,174.321,174.37,5017.0
2024-07-09 21:00:00,174.37,174.447,174.341,174.429,3702.0
2024-07-09 22:00:00,174.428,174.44,174.357,174.419,3505.0
2024-07-09 23:00:00,174.419,174.457,174.408,174.413,1607.0
2024-07-10 00:00:00,174.413,174.441,174.308,174.418,1513.0
2024-07-10 01:00:00,174.401,174.481,174.398,174.467,1462.0
2024-07-10 02:00:00,174.469,174.52,174.462,174.463,1729.0
2024-07-10 03:00:00,174.465,174.651,174.451,174.575,4666.0
2024-07-10 04:00:00,174.577,174.722,174.561,174.692,4227.0
2024-07-10 05:00:00,174.691,174.736,174.623,174.692,4204.0
2024-07-10 06:00:00,174.694,174.751,174.639,174.67,3030.0
2024-07-10 07:00:00,174.67,174.703,174.64,174.657,2883.0
2024-07-10 08:00:00,174.658,174.766,174.656,174.705,3208.0
2024-07-10 09:00:00,174.701,174.728,174.607,174.632,5833.0
2024-07-10 10:00:00,174.632,174.729,174.603,174.674,7680.0
2024-07-10 11:00:00,174.676,174.73,174.594,174.679,6298.0
2024-07-10 12:00:00,174.677,174.899,174.675,174.816,6479.0
2024-07-10 13:00:00,174.816,174.867,174.724,174.815,5715.0
2024-07-10 14:00:00,174.816,174.866,174.733,174.815,5669.0
2024-07-10 15:00:00,174.815,174.84,174.752,174.802,6336.0
2024-07-10 16:00:00,174.802,174.905,174.754,174.891,7744.0
2024-07-10 17:00:00,174.892,174.982,174.845,174.967,8885.0
2024-07-10 18:00:00,174.968,175.141,174.911,175.039,6814.0
2024-07-10 19:00:00,175.043,175.077,174.988,175.055,4447.0
2024-07-10 20:00:00,175.055,175.078,175.024,175.038,4272.0
2024-07-10 21:00:00,175.04,175.118,175.011,175.117,3423.0
2024-07-10 22:00:00,175.116,175.155,175.085,175.136,3518.0
2024-07-10 23:00:00,175.137,175.157,175.086,175.126,2163.0
2024-07-11 00:00:00,175.058,175.058,174.935,174.976,520.0
2024-07-11 01:00:00,174.983,175.093,174.982,175.057,1586.0
2024-07-11 02:00:00,175.057,175.103,175.036,175.066,1896.0
2024-07-11 03:00:00,175.065,175.111,174.976,175.067,4801.0
2024-07-11 04:00:00,175.07,175.182,175.061,175.152,3735.0
2024-07-11 05:00:00,175.153,175.207,175.112,175.193,2945.0
2024-07-11 06:00:00,175.193,175.242,175.157,175.19,3556.0
2024-07-11 07:00:00,175.191,175.227,175.176,175.218,2462.0
2024-07-11 08:00:00,175.218,175.251,175.173,175.184,2847.0
2024-07-11 09:00:00,175.185,175.312,175.169,175.228,5276.0
2024-07-11 10:00:00,175.228,175.281,175.105,175.21,7062.0
2024-07-11 11:00:00,175.21,175.244,175.135,175.224,5802.0
2024-07-11 12:00:00,175.224,175.302,175.142,175.232,6130.0
2024-07-11 13:00:00,175.231,175.327,175.211,175.268,4896.0
2024-07-11 14:00:00,175.268,175.41,175.264,175.349,4324.0
2024-07-11 15:00:00,175.348,175.424,172.546,172.729,18878.0
2024-07-11 16:00:00,172.732,172.968,171.564,172.674,24804.0
2024-07-11 17:00:00,172.674,172.725,172.268,172.492,18234.0
2024-07-11 18:00:00,172.493,172.587,172.279,172.382,13095.0
2024-07-11 19:00:00,172.383,172.423,172.258,172.318,8254.0
2024-07-11 20:00:00,172.318,172.563,172.275,172.489,10137.0
2024-07-11 21:00:00,172.489,172.613,172.428,172.519,8117.0
2024-07-11 22:00:00,172.519,172.596,172.509,172.569,6786.0
2024-07-11 23:00:00,172.569,172.706,172.561,172.7,2482.0
2024-07-12 00:00:00,172.528,172.72,172.408,172.708,1063.0
2024-07-12 01:00:00,172.709,173.09,172.671,173.064,4888.0
2024-07-12 02:00:00,173.063,173.278,171.507,172.133,15195.0
2024-07-12 03:00:00,172.132,172.994,171.806,172.925,17261.0
2024-07-12 04:00:00,172.926,173.166,172.912,173.153,11492.0
2024-07-12 05:00:00,173.152,173.191,172.511,173.112,9459.0
2024-07-12 06:00:00,173.106,173.146,172.951,173.08,6523.0
2024-07-12 07:00:00,173.076,173.081,172.877,172.963,6213.0
2024-07-12 08:00:00,172.964,173.002,172.737,172.873,7831.0
2024-07-12 09:00:00,172.858,172.998,172.798,172.912,9871.0
2024-07-12 10:00:00,172.911,173.252,172.894,173.165,8809.0
2024-07-12 11:00:00,173.168,173.267,173.114,173.217,8747.0
2024-07-12 12:00:00,173.216,173.297,173.14,173.275,6979.0
2024-07-12 13:00:00,173.273,173.429,173.257,173.279,5937.0
2024-07-12 14:00:00,173.28,173.336,173.069,173.092,6020.0
2024-07-12 15:00:00,173.091,173.165,172.58,172.959,17799.0
2024-07-12 16:00:00,172.958,172.962,171.459,172.505,19336.0
2024-07-12 17:00:00,172.509,172.537,171.576,172.067,17575.0
2024-07-12 18:00:00,172.067,172.389,171.827,172.142,10884.0
2024-07-12 19:00:00,172.142,172.268,172.122,172.168,7530.0
2024-07-12 20:00:00,172.168,172.337,172.155,172.303,5151.0
2024-07-15 00:00:00,172.079,172.298,172.019,172.179,1987.0
2024-07-15 01:00:00,172.232,172.439,171.992,172.386,4178.0
2024-07-15 02:00:00,172.386,172.435,172.204,172.308,4956.0
2024-07-15 03:00:00,172.307,172.407,172.029,172.154,7565.0
2024-07-15 04:00:00,172.155,172.276,171.991,172.117,7035.0
2024-07-15 05:00:00,172.116,172.192,171.98,172.119,5805.0
2024-07-15 06:00:00,172.112,172.122,172.005,172.097,4941.0
2024-07-15 07:00:00,172.098,172.164,172.077,172.112,2852.0
2024-07-15 08:00:00,172.114,172.124,171.959,172.077,3947.0
2024-07-15 09:00:00,172.082,172.31,171.983,172.17,8060.0
2024-07-15 10:00:00,172.17,172.193,171.872,172.072,10248.0
2024-07-15 11:00:00,172.071,172.229,172.05,172.155,8193.0
2024-07-15 12:00:00,172.154,172.403,172.089,172.381,7453.0
2024-07-15 13:00:00,172.377,172.561,172.302,172.323,7546.0
2024-07-15 14:00:00,172.324,172.539,172.323,172.434,7443.0
2024-07-15 15:00:00,172.439,172.45,172.284,172.295,8950.0
2024-07-15 16:00:00,172.294,172.472,172.291,172.394,9800.0
2024-07-15 17:00:00,172.395,172.415,172.271,172.335,9589.0
2024-07-15 18:00:00,172.336,172.44,172.231,172.291,7768.0
2024-07-15 19:00:00,172.291,172.291,171.547,172.006,9178.0
2024-07-15 20:00:00,172.007,172.217,171.971,172.051,10074.0
2024-07-15 21:00:00,172.049,172.132,171.992,172.081,5979.0
2024-07-15 22:00:00,172.078,172.176,172.004,172.11,4944.0
2024-07-15 23:00:00,172.114,172.358,172.046,172.224,2422.0
2024-07-16 00:00:00,172.186,172.24,172.036,172.21,1111.0
2024-07-16 01:00:00,172.211,172.322,172.208,172.269,1967.0
2024-07-16 02:00:00,172.269,172.437,172.225,172.358,2877.0
2024-07-16 03:00:00,172.357,172.511,172.276,172.479,6468.0
2024-07-16 04:00:00,172.474,172.764,172.474,172.684,7022.0
2024-07-16 05:00:00,172.684,172.848,172.667,172.836,4505.0
2024-07-16 06:00:00,172.836,172.866,172.749,172.803,3572.0
2024-07-16 07:00:00,172.804,172.883,172.769,172.798,3565.0
2024-07-16 08:00:00,172.799,172.916,172.779,172.83,4573.0
2024-07-16 09:00:00,172.831,172.835,172.523,172.666,7269.0
2024-07-16 10:00:00,172.665,172.768,172.505,172.749,9203.0
2024-07-16 11:00:00,172.75,172.89,172.674,172.741,8167.0
2024-07-16 12:00:00,172.738,172.772,172.523,172.632,7838.0
2024-07-16 13:00:00,172.633,172.737,172.587,172.678,5765.0
2024-07-16 14:00:00,172.679,172.707,172.563,172.626,5499.0
2024-07-16 15:00:00,172.625,172.803,172.363,172.736,11921.0
2024-07-16 16:00:00,172.736,172.765,172.497,172.646,11197.0
2024-07-16 17:00:00,172.647,172.706,172.515,172.522,10073.0
2024-07-16 18:00:00,172.523,172.629,172.479,172.6,7961.0
2024-07-16 19:00:00,172.602,172.641,172.549,172.631,6153.0
2024-07-16 20:00:00,172.63,172.662,172.566,172.609,5350.0
2024-07-16 21:00:00,172.61,172.613,172.524,172.536,4605.0
2024-07-16 22:00:00,172.538,172.68,172.532,172.668,4888.0
2024-07-16 23:00:00,172.667,172.678,172.599,172.639,2580.0
2024-07-17 00:00:00,172.622,172.622,172.489,172.546,1402.0
2024-07-17 01:00:00,172.546,172.632,172.526,172.623,2605.0
2024-07-17 02:00:00,172.625,172.658,172.556,172.645,3286.0
2024-07-17 03:00:00,172.644,172.769,172.595,172.708,6839.0
2024-07-17 04:00:00,172.707,172.828,172.658,172.775,5914.0
2024-07-17 05:00:00,172.775,172.785,172.677,172.733,4259.0
2024-07-17 06:00:00,172.733,172.753,172.63,172.731,3681.0
2024-07-17 07:00:00,172.732,172.74,172.503,172.503,4107.0
2024-07-17 08:00:00,172.502,172.544,172.153,172.172,6143.0
2024-07-17 09:00:00,172.169,172.332,171.955,171.982,11714.0
2024-07-17 10:00:00,171.982,172.043,171.319,171.339,16441.0
2024-07-17 11:00:00,171.34,171.366,170.738,170.957,17162.0
2024-07-17 12:00:00,170.956,171.324,170.83,171.178,15539.0
2024-07-17 13:00:00,171.177,171.337,170.973,171.33,10896.0
2024-07-17 14:00:00,171.33,171.367,171.012,171.142,9797.0
2024-07-17 15:00:00,171.141,171.418,171.109,171.318,12443.0
2024-07-17 16:00:00,171.315,171.376,170.89,170.951,15119.0
2024-07-17 17:00:00,170.954,171.24,170.92,171.094,14585.0
2024-07-17 18:00:00,171.092,171.25,171.057,171.162,9992.0
2024-07-17 19:00:00,171.161,171.19,170.7,170.834,9644.0
2024-07-17 20:00:00,170.833,171.042,170.737,171.031,7666.0
2024-07-17 21:00:00,171.033,171.062,170.703,170.727,7320.0
2024-07-17 22:00:00,170.726,170.881,170.699,170.806,6148.0
2024-07-17 23:00:00,170.806,171.037,170.787,170.871,2649.0
2024-07-18 00:00:00,170.792,170.859,170.752,170.815,1532.0
2024-07-18 01:00:00,170.826,170.955,170.641,170.839,5221.0
2024-07-18 02:00:00,170.834,170.886,169.985,170.312,11895.0
2024-07-18 03:00:00,170.312,170.471,170.081,170.328,13187.0
2024-07-18 04:00:00,170.328,170.913,170.301,170.852,9669.0
2024-07-18 05:00:00,170.851,171.041,170.776,170.93,7733.0
2024-07-18 06:00:00,170.93,171.183,170.913,171.028,5980.0
2024-07-18 07:00:00,171.028,171.136,170.791,170.941,6328.0
2024-07-18 08:00:00,170.942,171.049,170.4,170.652,8081.0
2024-07-18 09:00:00,170.631,170.927,170.596,170.66,10774.0
2024-07-18 10:00:00,170.661,170.809,170.492,170.802,12753.0
2024-07-18 11:00:00,170.8,171.165,170.722,171.025,11819.0
2024-07-18 12:00:00,171.025,171.052,170.82,171.05,8627.0
2024-07-18 13:00:00,171.051,171.059,170.935,170.983,6965.0
2024-07-18 14:00:00,170.983,171.072,170.954,171.008,6224.0
2024-07-18 15:00:00,171.007,171.108,170.794,170.957,11496.0
2024-07-18 16:00:00,170.956,171.004,170.672,170.852,13889.0
2024-07-18 17:00:00,170.853,171.111,170.738,171.093,13127.0
2024-07-18 18:00:00,171.092,171.379,170.92,171.295,12690.0
2024-07-18 19:00:00,171.296,171.553,171.187,171.54,9189.0
2024-07-18 20:00:00,171.541,171.574,171.426,171.444,7582.0
2024-07-18 21:00:00,171.445,171.469,171.342,171.421,7179.0
2024-07-18 22:00:00,171.42,171.542,171.411,171.479,6790.0
2024-07-18 23:00:00,171.479,171.524,171.446,171.463,2224.0
2024-07-19 00:00:00,171.387,171.501,171.333,171.465,1017.0
2024-07-19 01:00:00,171.466,171.474,171.362,171.384,4291.0
2024-07-19 02:00:00,171.377,171.415,171.269,171.323,4196.0
2024-07-19 03:00:00,171.322,171.502,171.171,171.233,9968.0
2024-07-19 04:00:00,171.235,171.501,171.227,171.433,8362.0
2024-07-19 05:00:00,171.434,171.537,171.326,171.462,6815.0
2024-07-19 06:00:00,171.462,171.477,171.317,171.358,4328.0
2024-07-19 07:00:00,171.358,171.449,171.338,171.444,3112.0
2024-07-19 08:00:00,171.443,171.875,171.44,171.797,7309.0
2024-07-19 09:00:00,171.799,171.847,171.082,171.187,9954.0
2024-07-19 10:00:00,171.179,171.539,170.912,171.285,15133.0
2024-07-19 11:00:00,171.284,171.356,170.976,171.088,10752.0
2024-07-19 12:00:00,171.085,171.315,170.967,171.223,7957.0
2024-07-19 13:00:00,171.223,171.507,171.192,171.379,7379.0
2024-07-19 14:00:00,171.379,171.532,171.334,171.531,6669.0
2024-07-19 15:00:00,171.532,171.713,171.469,171.693,9603.0
2024-07-19 16:00:00,171.694,171.725,171.373,171.399,12986.0
2024-07-19 17:00:00,171.401,171.458,171.249,171.337,12041.0
2024-07-19 18:00:00,171.339,171.448,171.258,171.365,8878.0
2024-07-19 19:00:00,171.365,171.413,171.316,171.344,6381.0
2024-07-19 20:00:00,171.344,171.349,171.217,171.331,5751.0
2024-07-22 00:00:00,171.35,171.366,171.267,171.299,1210.0
2024-07-22 01:00:00,171.285,171.469,171.285,171.418,3639.0
2024-07-22 02:00:00,171.416,171.573,171.312,171.565,5542.0
2024-07-22 03:00:00,171.565,171.574,171.428,171.494,7396.0
2024-07-22 04:00:00,171.493,171.551,171.38,171.507,6534.0
2024-07-22 05:00:00,171.516,171.661,171.476,171.616,5656.0
2024-07-22 06:00:00,171.615,171.641,171.486,171.519,3675.0
2024-07-22 07:00:00,171.519,171.525,171.405,171.414,4917.0
2024-07-22 08:00:00,171.414,171.414,170.906,170.93,8000.0
2024-07-22 09:00:00,170.927,170.948,170.059,170.231,16115.0
2024-07-22 10:00:00,170.233,170.765,170.143,170.72,13760.0
2024-07-22 11:00:00,170.718,170.905,170.58,170.72,10652.0
2024-07-22 12:00:00,170.719,170.795,170.572,170.666,8996.0
2024-07-22 13:00:00,170.669,170.951,170.444,170.788,9054.0
2024-07-22 14:00:00,170.772,170.82,170.542,170.746,8214.0
2024-07-22 15:00:00,170.747,170.968,170.527,170.559,11156.0
2024-07-22 16:00:00,170.565,170.769,170.441,170.677,11436.0
2024-07-22 17:00:00,170.674,170.829,170.498,170.751,11093.0
2024-07-22 18:00:00,170.753,170.966,170.738,170.909,9331.0
2024-07-22 19:00:00,170.909,171.01,170.9,170.995,5917.0
2024-07-22 20:00:00,170.995,171.149,170.969,171.128,5424.0
2024-07-22 21:00:00,171.127,171.151,171.022,171.036,4438.0
2024-07-22 22:00:00,171.035,171.071,171.013,171.013,3550.0
2024-07-22 23:00:00,171.015,171.066,170.985,171.048,1931.0
2024-07-23 00:00:00,170.812,170.985,170.78,170.913,1694.0
2024-07-23 01:00:00,170.926,171.091,170.925,171.037,2385.0
2024-07-23 02:00:00,171.036,171.087,170.836,170.849,2990.0
2024-07-23 03:00:00,170.846,170.875,170.549,170.592,9641.0
2024-07-23 04:00:00,170.59,170.856,170.519,170.634,8984.0
2024-07-23 05:00:00,170.633,170.732,170.5,170.6,8280.0
2024-07-23 06:00:00,170.6,170.652,170.17,170.251,8218.0
2024-07-23 07:00:00,170.252,170.367,170.157,170.233,7000.0
2024-07-23 08:00:00,170.234,170.358,170.176,170.228,6117.0
2024-07-23 09:00:00,170.229,170.446,170.122,170.446,9522.0
2024-07-23 10:00:00,170.445,170.505,169.622,169.712,13606.0
2024-07-23 11:00:00,169.71,169.779,169.498,169.704,13148.0
2024-07-23 12:00:00,169.704,169.75,169.386,169.467,8902.0
2024-07-23 13:00:00,169.47,169.573,169.386,169.491,8605.0
2024-07-23 14:00:00,169.488,169.679,169.483,169.539,7585.0
2024-07-23 15:00:00,169.54,169.728,169.331,169.386,11020.0
2024-07-23 16:00:00,169.388,169.496,169.271,169.346,10781.0
2024-07-23 17:00:00,169.347,169.478,169.142,169.157,11501.0
2024-07-23 18:00:00,169.16,169.388,169.16,169.352,8191.0
2024-07-23 19:00:00,169.351,169.39,169.016,169.078,7175.0
2024-07-23 20:00:00,169.079,169.114,168.835,168.972,8124.0
2024-07-23 21:00:00,168.968,169.041,168.884,168.891,5607.0
2024-07-23 22:00:00,168.89,168.909,168.831,168.883,4274.0
2024-07-23 23:00:00,168.883,168.946,168.831,168.867,2687.0
2024-07-24 00:00:00,168.7,168.885,168.7,168.868,1096.0
2024-07-24 01:00:00,168.869,168.895,168.802,168.878,3034.0
2024-07-24 02:00:00,168.878,169.082,168.867,168.997,3785.0
2024-07-24 03:00:00,168.995,169.206,168.994,169.018,7879.0
2024-07-24 04:00:00,169.017,169.069,168.345,168.419,13213.0
2024-07-24 05:00:00,168.417,168.63,168.335,168.337,7388.0
2024-07-24 06:00:00,168.337,168.385,168.148,168.163,9659.0
2024-07-24 07:00:00,168.162,168.164,167.626,167.702,11914.0
2024-07-24 08:00:00,167.703,167.954,167.461,167.819,9759.0
2024-07-24 09:00:00,167.806,167.838,167.491,167.624,13352.0
2024-07-24 10:00:00,167.62,168.047,167.318,167.416,14441.0
2024-07-24 11:00:00,167.417,167.896,167.338,167.794,10743.0
2024-07-24 12:00:00,167.793,167.891,167.202,167.789,10509.0
2024-07-24 13:00:00,167.787,167.886,167.504,167.589,8153.0
2024-07-24 14:00:00,167.586,167.601,167.104,167.237,9020.0
2024-07-24 15:00:00,167.237,167.293,166.926,167.014,14536.0
2024-07-24 16:00:00,167.014,167.147,166.494,166.549,16004.0
2024-07-24 17:00:00,166.562,166.846,166.139,166.355,19313.0
2024-07-24 18:00:00,166.359,166.634,166.357,166.461,12175.0
2024-07-24 19:00:00,166.463,166.617,166.402,166.533,8896.0
2024-07-24 20:00:00,166.534,166.889,166.525,166.843,7857.0
2024-07-24 21:00:00,166.842,166.99,166.805,166.902,7681.0
2024-07-24 22:00:00,166.901,166.988,166.839,166.938,6933.0
2024-07-24 23:00:00,166.936,166.943,166.81,166.812,2808.0
2024-07-25 00:00:00,166.702,166.808,166.418,166.628,1375.0
2024-07-25 01:00:00,166.622,166.733,166.471,166.489,4502.0
2024-07-25 02:00:00,166.483,166.853,166.483,166.809,7233.0
2024-07-25 03:00:00,166.81,166.865,165.659,166.11,15915.0
2024-07-25 04:00:00,166.112,166.217,165.49,165.669,13256.0
2024-07-25 05:00:00,165.669,165.799,165.322,165.453,9529.0
2024-07-25 06:00:00,165.452,165.452,165.04,165.154,10070.0
2024-07-25 07:00:00,165.155,165.463,165.151,165.441,7434.0
2024-07-25 08:00:00,165.442,165.8,165.411,165.648,9531.0
2024-07-25 09:00:00,165.648,165.701,165.317,165.606,13202.0
2024-07-25 10:00:00,165.608,165.696,164.879,165.116,16647.0
2024-07-25 11:00:00,165.118,165.678,164.821,165.626,16068.0
2024-07-25 12:00:00,165.624,165.67,165.239,165.28,11504.0
2024-07-25 13:00:00,165.279,165.346,165.036,165.167,9691.0
2024-07-25 14:00:00,165.169,165.655,165.144,165.641,10534.0
2024-07-25 15:00:00,165.642,166.791,165.475,166.565,17983.0
2024-07-25 16:00:00,166.562,167.239,166.433,166.546,20476.0
2024-07-25 17:00:00,166.546,166.868,166.135,166.78,18649.0
2024-07-25 18:00:00,166.777,167.373,166.766,167.219,14559.0
2024-07-25 19:00:00,167.221,167.594,167.17,167.305,13285.0
2024-07-25 20:00:00,167.306,167.32,166.957,167.195,12858.0
2024-07-25 21:00:00,167.194,167.217,166.818,166.818,10072.0
2024-07-25 22:00:00,166.82,167.036,166.82,166.937,8161.0
2024-07-25 23:00:00,166.932,167.068,166.812,166.948,3050.0
2024-07-26 00:00:00,166.897,166.962,166.817,166.941,1201.0
2024-07-26 01:00:00,166.942,167.026,166.902,166.938,2887.0
2024-07-26 02:00:00,166.938,166.945,166.421,166.787,10825.0
2024-07-26 03:00:00,166.788,167.287,166.5,167.065,13372.0
2024-07-26 04:00:00,167.067,167.247,166.614,166.77,12170.0
2024-07-26 05:00:00,166.762,167.135,166.739,167.084,8351.0
2024-07-26 06:00:00,167.088,167.088,166.907,166.952,6205.0
2024-07-26 07:00:00,166.948,167.03,166.766,166.872,6224.0
2024-07-26 08:00:00,166.87,166.99,166.675,166.815,7581.0
2024-07-26 09:00:00,166.814,166.857,166.65,166.733,12048.0
2024-07-26 10:00:00,166.732,167.323,166.653,166.988,12918.0
2024-07-26 11:00:00,166.987,167.49,166.933,167.439,12483.0
2024-07-26 12:00:00,167.44,167.508,167.184,167.377,9546.0
2024-07-26 13:00:00,167.377,167.865,167.357,167.799,9008.0
2024-07-26 14:00:00,167.799,168.016,167.704,167.924,9954.0
2024-07-26 15:00:00,167.925,167.971,167.346,167.491,14405.0
2024-07-26 16:00:00,167.49,167.493,166.924,167.08,16568.0
2024-07-26 17:00:00,167.063,167.388,166.319,166.639,18159.0
2024-07-26 18:00:00,166.64,167.081,166.635,167.081,12101.0
2024-07-26 19:00:00,167.071,167.126,166.95,167.091,8216.0
2024-07-26 20:00:00,167.09,167.137,166.892,166.965,7501.0
2024-07-29 00:00:00,166.842,167.023,166.676,166.706,2016.0
2024-07-29 01:00:00,166.732,167.207,166.732,167.203,6005.0
2024-07-29 02:00:00,167.204,167.383,167.136,167.291,7282.0
2024-07-29 03:00:00,167.297,167.515,166.827,166.922,13463.0
2024-07-29 04:00:00,166.92,167.09,166.53,166.727,14525.0
2024-07-29 05:00:00,166.726,166.844,166.318,166.677,12106.0
2024-07-29 06:00:00,166.677,166.963,166.598,166.75,8002.0
2024-07-29 07:00:00,166.752,166.855,166.497,166.594,8918.0
2024-07-29 08:00:00,166.594,166.856,166.484,166.558,9265.0
2024-07-29 09:00:00,166.556,166.644,166.272,166.512,11845.0
2024-07-29 10:00:00,166.511,166.739,166.295,166.595,14726.0
2024-07-29 11:00:00,166.595,166.816,166.405,166.479,12411.0
2024-07-29 12:00:00,166.48,166.664,166.32,166.572,10653.0
2024-07-29 13:00:00,166.571,166.804,166.429,166.529,9473.0
2024-07-29 14:00:00,166.529,166.566,166.333,166.416,9463.0
2024-07-29 15:00:00,166.416,166.681,166.311,166.445,12783.0
2024-07-29 16:00:00,166.444,166.728,166.226,166.691,14032.0
2024-07-29 17:00:00,166.69,166.742,166.406,166.606,15514.0
2024-07-29 18:00:00,166.606,166.674,166.474,166.572,11781.0
2024-07-29 19:00:00,166.575,166.673,166.542,166.588,9366.0
2024-07-29 20:00:00,166.588,166.734,166.567,166.706,7288.0
2024-07-29 21:00:00,166.707,166.726,166.623,166.637,7925.0
2024-07-29 22:00:00,166.638,166.726,166.631,166.682,7179.0
2024-07-29 23:00:00,166.682,166.699,166.647,166.678,2825.0
2024-07-30 00:00:00,166.602,166.733,166.483,166.678,1843.0
2024-07-30 01:00:00,166.707,166.749,166.65,166.684,3205.0
2024-07-30 02:00:00,166.683,166.683,166.397,166.438,5624.0
2024-07-30 03:00:00,166.438,166.648,166.18,166.539,9275.0
2024-07-30 04:00:00,166.537,166.837,166.438,166.581,10526.0
2024-07-30 05:00:00,166.583,166.714,166.505,166.625,6752.0
2024-07-30 06:00:00,166.621,166.793,166.595,166.739,6650.0
2024-07-30 07:00:00,166.741,167.173,166.731,167.165,7355.0
2024-07-30 08:00:00,167.164,167.455,167.143,167.355,9819.0
2024-07-30 09:00:00,167.333,167.956,167.242,167.81,12004.0
2024-07-30 10:00:00,167.811,167.898,167.47,167.584,13247.0
2024-07-30 11:00:00,167.583,167.817,167.394,167.484,11883.0
2024-07-30 12:00:00,167.485,167.872,167.476,167.683,8979.0
2024-07-30 13:00:00,167.684,167.82,167.59,167.626,7752.0
2024-07-30 14:00:00,167.627,167.752,167.554,167.654,7321.0
2024-07-30 15:00:00,167.658,167.728,167.346,167.366,12343.0
2024-07-30 16:00:00,167.367,167.381,166.789,166.839,16531.0
2024-07-30 17:00:00,166.836,167.096,166.808,167.047,16547.0
2024-07-30 18:00:00,167.046,167.049,166.073,166.16,17901.0
2024-07-30 19:00:00,166.161,166.301,165.625,165.705,15864.0
2024-07-30 20:00:00,165.707,165.828,165.448,165.68,15264.0
2024-07-30 21:00:00,165.68,165.906,165.583,165.69,10847.0
2024-07-30 22:00:00,165.69,165.781,165.636,165.703,9107.0
2024-07-30 23:00:00,165.703,165.719,165.086,165.196,7160.0
2024-07-31 00:00:00,165.096,165.235,165.02,165.061,1350.0
2024-07-31 01:00:00,165.059,165.576,164.852,165.338,9684.0
2024-07-31 02:00:00,165.338,165.436,164.862,165.114,11335.0
2024-07-31 03:00:00,165.114,165.166,164.575,164.868,14778.0
2024-07-31 04:00:00,164.866,165.076,164.648,164.957,11721.0
2024-07-31 05:00:00,164.957,165.97,164.877,165.523,11545.0
2024-07-31 06:00:00,165.521,166.454,164.11,166.291,11749.0
2024-07-31 07:00:00,166.206,166.55,164.995,165.146,14182.0
2024-07-31 08:00:00,165.144,165.777,165.074,165.485,12026.0
2024-07-31 09:00:00,165.489,165.611,164.774,164.802,16096.0
2024-07-31 10:00:00,164.792,164.862,163.01,163.268,21516.0
2024-07-31 11:00:00,163.268,163.363,162.202,163.342,20842.0
2024-07-31 12:00:00,163.33,163.371,162.777,162.823,14019.0
2024-07-31 13:00:00,162.823,163.101,162.6,163.052,12878.0
2024-07-31 14:00:00,163.051,163.138,162.553,162.632,12843.0
2024-07-31 15:00:00,162.63,163.11,162.441,162.975,18328.0
2024-07-31 16:00:00,162.974,163.019,162.452,162.455,18467.0
2024-07-31 17:00:00,162.456,163.061,162.28,162.79,20205.0
2024-07-31 18:00:00,162.793,162.968,162.612,162.76,17093.0
2024-07-31 19:00:00,162.757,162.859,162.663,162.744,14088.0
2024-07-31 20:00:00,162.744,163.255,162.723,162.997,12570.0
2024-07-31 21:00:00,162.993,163.428,162.737,162.878,21722.0
2024-07-31 22:00:00,162.878,162.961,162.015,162.117,21787.0
2024-07-31 23:00:00,162.117,162.663,162.014,162.345,7165.0
2024-08-01 00:00:00,162.195,162.346,162.162,162.26,1372.0
2024-08-01 01:00:00,162.256,162.574,162.187,162.552,3917.0
2024-08-01 02:00:00,162.552,162.695,162.013,162.126,7214.0
2024-08-01 03:00:00,162.126,162.274,161.726,161.803,14207.0
2024-08-01 04:00:00,161.8,161.836,160.885,161.488,16689.0
2024-08-01 05:00:00,161.519,162.163,161.357,162.14,13868.0
2024-08-01 06:00:00,162.142,162.191,161.829,162.02,11884.0
2024-08-01 07:00:00,162.019,162.106,161.804,162.058,11058.0
2024-08-01 08:00:00,162.061,162.45,162.0,162.149,12286.0
2024-08-01 09:00:00,162.131,162.543,161.917,162.272,17754.0
2024-08-01 10:00:00,162.272,162.311,161.871,161.871,17874.0
2024-08-01 11:00:00,161.869,161.9,161.177,161.44,17906.0
2024-08-01 12:00:00,161.439,161.651,161.289,161.612,13766.0
2024-08-01 13:00:00,161.613,162.036,161.613,161.8,10877.0
2024-08-01 14:00:00,161.801,162.543,161.698,162.443,13686.0
2024-08-01 15:00:00,162.444,162.887,162.13,162.877,17792.0
2024-08-01 16:00:00,162.876,162.892,162.355,162.61,17940.0
2024-08-01 17:00:00,162.581,162.61,161.752,161.938,22161.0
2024-08-01 18:00:00,161.936,162.044,161.681,161.896,18021.0
2024-08-01 19:00:00,161.894,162.028,161.485,161.681,15364.0
2024-08-01 20:00:00,161.681,161.723,161.451,161.597,14213.0
2024-08-01 21:00:00,161.598,161.62,161.268,161.271,14162.0
2024-08-01 22:00:00,161.273,161.704,161.233,161.599,14301.0
2024-08-01 23:00:00,161.599,161.605,161.086,161.148,6803.0
2024-08-02 00:00:00,161.058,161.157,161.034,161.116,2867.0
2024-08-02 01:00:00,161.115,161.24,160.799,161.087,7316.0
2024-08-02 02:00:00,161.088,161.091,160.648,160.944,10438.0
2024-08-02 03:00:00,160.944,161.229,160.641,161.198,18423.0
2024-08-02 04:00:00,161.199,161.599,161.181,161.325,16995.0
2024-08-02 05:00:00,161.326,161.525,160.964,161.395,14874.0
2024-08-02 06:00:00,161.398,161.492,161.231,161.35,11067.0
2024-08-02 07:00:00,161.352,161.474,161.155,161.165,11588.0
2024-08-02 08:00:00,161.161,161.277,160.843,160.923,14163.0
2024-08-02 09:00:00,160.908,161.28,160.634,160.704,18006.0
2024-08-02 10:00:00,160.703,161.215,160.372,161.21,20105.0
2024-08-02 11:00:00,161.209,161.356,160.839,161.212,15925.0
2024-08-02 12:00:00,161.213,161.295,161.01,161.099,13094.0
2024-08-02 13:00:00,161.099,161.209,160.875,161.047,13868.0
2024-08-02 14:00:00,161.045,161.51,161.045,161.396,13724.0
2024-08-02 15:00:00,161.398,161.558,159.7,160.576,23022.0
2024-08-02 16:00:00,160.579,161.423,160.343,160.394,25838.0
2024-08-02 17:00:00,160.394,160.714,160.027,160.198,26816.0
2024-08-02 18:00:00,160.197,160.548,159.863,160.407,23650.0
2024-08-02 19:00:00,160.404,160.81,160.155,160.243,21691.0
2024-08-02 20:00:00,160.244,160.337,160.101,160.219,18830.0
2024-08-05 00:00:00,159.884,159.964,159.748,159.922,1125.0
2024-08-05 01:00:00,159.933,159.933,159.292,159.582,10091.0
2024-08-05 02:00:00,159.58,159.627,158.457,158.846,17313.0
2024-08-05 03:00:00,158.846,159.205,158.482,158.86,22734.0
2024-08-05 04:00:00,158.858,158.927,158.054,158.445,21892.0
2024-08-05 05:00:00,158.445,158.936,158.339,158.513,17668.0
2024-08-05 06:00:00,158.513,158.542,157.55,157.802,16992.0
2024-08-05 07:00:00,157.802,157.88,155.491,156.524,20099.0
2024-08-05 08:00:00,156.513,156.945,155.465,155.679,22460.0
2024-08-05 09:00:00,155.658,156.128,154.405,155.67,24583.0
2024-08-05 10:00:00,155.672,157.694,155.645,157.086,24390.0
2024-08-05 11:00:00,157.086,157.191,155.668,155.946,20359.0
2024-08-05 12:00:00,155.946,156.129,155.229,155.83,19962.0
2024-08-05 13:00:00,155.829,155.94,155.175,155.88,17413.0
2024-08-05 14:00:00,155.913,156.513,155.895,156.016,18670.0
2024-08-05 15:00:00,156.012,156.465,155.703,156.35,21104.0
2024-08-05 16:00:00,156.348,157.207,156.28,156.693,22781.0
2024-08-05 17:00:00,156.695,157.838,156.503,156.628,24228.0
2024-08-05 18:00:00,156.633,157.885,156.275,157.733,21141.0
2024-08-05 19:00:00,157.731,158.763,157.609,158.025,19101.0
2024-08-05 20:00:00,158.026,158.363,157.633,157.743,16797.0
2024-08-05 21:00:00,157.743,157.922,157.035,157.102,16193.0
2024-08-05 22:00:00,157.103,157.586,157.089,157.528,13139.0
2024-08-05 23:00:00,157.528,157.98,157.497,157.886,8396.0
2024-08-06 00:00:00,157.892,157.896,157.622,157.75,1199.0
2024-08-06 01:00:00,157.749,158.699,157.426,158.591,8852.0
2024-08-06 02:00:00,158.62,159.682,158.6,159.66,15906.0
2024-08-06 03:00:00,159.659,160.223,158.777,159.008,21745.0
2024-08-06 04:00:00,159.01,159.42,158.158,158.629,17682.0
2024-08-06 05:00:00,158.632,159.209,158.075,159.141,15827.0
2024-08-06 06:00:00,159.14,159.807,158.966,159.221,13302.0
2024-08-06 07:00:00,159.221,159.514,158.971,159.372,12660.0
2024-08-06 08:00:00,159.374,160.006,158.953,159.677,19396.0
2024-08-06 09:00:00,159.674,160.105,159.059,159.315,19647.0
2024-08-06 10:00:00,159.317,159.604,158.604,158.761,22565.0
2024-08-06 11:00:00,158.758,158.859,157.878,158.365,21476.0
2024-08-06 12:00:00,158.366,158.366,157.72,157.95,20141.0
2024-08-06 13:00:00,157.949,158.32,157.521,158.06,18518.0
2024-08-06 14:00:00,158.058,158.678,158.058,158.463,18113.0
2024-08-06 15:00:00,158.462,158.484,157.646,157.692,19961.0
2024-08-06 16:00:00,157.692,157.949,157.292,157.661,22541.0
2024-08-06 17:00:00,157.669,158.447,157.485,157.996,23192.0
2024-08-06 18:00:00,157.997,158.654,157.997,158.537,20329.0
2024-08-06 19:00:00,158.555,158.915,158.402,158.86,17027.0
2024-08-06 20:00:00,158.864,158.879,158.469,158.795,14363.0
2024-08-06 21:00:00,158.795,158.83,158.465,158.467,12558.0
2024-08-06 22:00:00,158.466,158.52,158.183,158.191,15085.0
2024-08-06 23:00:00,158.191,158.303,157.566,157.798,8376.0
2024-08-07 00:00:00,157.672,158.028,157.508,157.924,2590.0
2024-08-07 01:00:00,157.926,158.179,157.724,158.001,7893.0
2024-08-07 02:00:00,158.013,158.148,157.753,158.133,9349.0
2024-08-07 03:00:00,158.138,158.7,157.951,158.188,18165.0
2024-08-07 04:00:00,158.188,160.938,158.011,160.213,19428.0
2024-08-07 05:00:00,160.216,160.403,159.761,160.304,15873.0
2024-08-07 06:00:00,160.287,160.851,160.086,160.614,12370.0
2024-08-07 07:00:00,160.613,161.426,160.58,161.073,13048.0
2024-08-07 08:00:00,161.073,161.252,160.203,160.364,17688.0
2024-08-07 09:00:00,160.353,160.498,159.816,159.993,16755.0
2024-08-07 10:00:00,159.995,160.422,159.552,160.215,20170.0
2024-08-07 11:00:00,160.215,160.762,160.102,160.724,18624.0
2024-08-07 12:00:00,160.725,161.113,160.525,161.061,17629.0
2024-08-07 13:00:00,161.06,161.102,160.573,160.708,14918.0
2024-08-07 14:00:00,160.708,161.069,160.567,160.793,14336.0
2024-08-07 15:00:00,160.793,160.825,160.367,160.546,15587.0
2024-08-07 16:00:00,160.545,160.821,160.425,160.749,16110.0
2024-08-07 17:00:00,160.749,161.122,160.202,160.992,16930.0
2024-08-07 18:00:00,160.989,161.443,160.925,161.049,15466.0
2024-08-07 19:00:00,161.055,161.147,160.623,160.752,14132.0
2024-08-07 20:00:00,160.753,161.003,160.517,160.598,16264.0
2024-08-07 21:00:00,160.597,160.597,160.195,160.382,16986.0
2024-08-07 22:00:00,160.389,160.79,160.36,160.407,15483.0
2024-08-07 23:00:00,160.406,160.465,160.207,160.262,5522.0
2024-08-08 00:00:00,160.133,160.312,160.078,160.274,1956.0
2024-08-08 01:00:00,160.279,160.34,159.87,160.112,6100.0
2024-08-08 02:00:00,160.109,160.137,159.176,159.846,14419.0
2024-08-08 03:00:00,159.855,160.124,158.958,159.558,21863.0
2024-08-08 04:00:00,159.557,160.201,159.501,159.961,18325.0
2024-08-08 05:00:00,159.961,160.52,159.944,160.29,14472.0
2024-08-08 06:00:00,160.291,160.416,159.998,160.079,13484.0
2024-08-08 07:00:00,160.081,160.094,159.536,159.757,14930.0
2024-08-08 08:00:00,159.758,160.052,159.592,159.644,15889.0
2024-08-08 09:00:00,159.633,160.104,159.542,159.989,17600.0
2024-08-08 10:00:00,159.989,160.035,159.25,159.592,19916.0
2024-08-08 11:00:00,159.591,160.023,159.445,159.903,16981.0
2024-08-08 12:00:00,159.903,160.168,159.561,159.684,15705.0
2024-08-08 13:00:00,159.679,159.841,159.502,159.637,14849.0
2024-08-08 14:00:00,159.637,159.921,159.467,159.771,14926.0
2024-08-08 15:00:00,159.771,160.503,159.525,160.273,20991.0
2024-08-08 16:00:00,160.273,160.646,160.182,160.272,22205.0
2024-08-08 17:00:00,160.271,160.725,160.083,160.649,19341.0
2024-08-08 18:00:00,160.651,160.689,160.405,160.529,18093.0
2024-08-08 19:00:00,160.53,160.676,160.454,160.633,15238.0
2024-08-08 20:00:00,160.632,160.883,160.539,160.824,15168.0
2024-08-08 21:00:00,160.824,160.876,160.697,160.742,13722.0
2024-08-08 22:00:00,160.738,160.77,160.553,160.637,16240.0
2024-08-08 23:00:00,160.635,160.824,160.609,160.813,6391.0
2024-08-09 00:00:00,160.568,160.784,160.512,160.697,1282.0
2024-08-09 01:00:00,160.708,160.852,160.679,160.81,6340.0
2024-08-09 02:00:00,160.811,161.384,160.785,161.219,10732.0
2024-08-09 03:00:00,161.215,161.274,160.642,160.957,16432.0
2024-08-09 04:00:00,160.968,161.107,160.585,160.588,12591.0
2024-08-09 05:00:00,160.589,161.094,160.527,161.075,11366.0
2024-08-09 06:00:00,161.084,161.155,160.724,160.824,9375.0
2024-08-09 07:00:00,160.824,160.846,160.348,160.412,10722.0
2024-08-09 08:00:00,160.408,160.654,160.223,160.536,14174.0
2024-08-09 09:00:00,160.54,160.875,160.395,160.861,12546.0
2024-08-09 10:00:00,160.862,160.864,160.528,160.786,15032.0
2024-08-09 11:00:00,160.785,160.908,160.391,160.721,14930.0
2024-08-09 12:00:00,160.723,160.875,160.687,160.784,12641.0
2024-08-09 13:00:00,160.785,160.807,160.561,160.646,11038.0
2024-08-09 14:00:00,160.653,160.661,160.268,160.488,14851.0
2024-08-09 15:00:00,160.491,160.509,159.858,160.167,16880.0
2024-08-09 16:00:00,160.165,160.341,160.034,160.139,16663.0
2024-08-09 17:00:00,160.135,160.192,159.813,160.077,17310.0
2024-08-09 18:00:00,160.077,160.307,159.99,160.041,16144.0
2024-08-09 19:00:00,160.041,160.151,160.012,160.09,14241.0
2024-08-09 20:00:00,160.088,160.241,160.054,160.208,14436.0
2024-08-12 00:00:00,160.06,160.341,159.986,160.165,908.0
2024-08-12 01:00:00,160.171,160.435,160.154,160.409,6651.0
2024-08-12 02:00:00,160.411,160.574,160.339,160.495,7904.0
2024-08-12 03:00:00,160.496,160.496,160.3,160.345,8993.0
2024-08-12 04:00:00,160.344,160.537,160.196,160.494,9418.0
2024-08-12 05:00:00,160.495,160.505,160.359,160.423,8047.0
2024-08-12 06:00:00,160.423,160.673,160.357,160.655,9202.0
2024-08-12 07:00:00,160.655,160.669,160.504,160.648,8346.0
2024-08-12 08:00:00,160.647,160.755,160.615,160.719,9362.0
2024-08-12 09:00:00,160.714,160.831,160.682,160.787,10820.0
2024-08-12 10:00:00,160.788,160.925,160.643,160.796,14460.0
2024-08-12 11:00:00,160.796,161.01,160.778,160.929,11983.0
2024-08-12 12:00:00,160.928,161.05,160.762,160.974,10403.0
2024-08-12 13:00:00,160.976,161.097,160.958,161.075,9338.0
2024-08-12 14:00:00,161.075,161.306,161.06,161.237,10783.0
2024-08-12 15:00:00,161.238,161.315,161.153,161.308,10140.0
2024-08-12 16:00:00,161.308,161.958,161.274,161.45,17588.0
2024-08-12 17:00:00,161.45,161.681,161.246,161.643,18279.0
2024-08-12 18:00:00,161.643,161.674,161.032,161.236,17333.0
2024-08-12 19:00:00,161.241,161.245,160.915,160.949,14189.0
2024-08-12 20:00:00,160.948,160.995,160.766,160.913,15523.0
2024-08-12 21:00:00,160.914,161.013,160.808,161.005,13379.0
2024-08-12 22:00:00,161.003,161.027,160.728,160.893,13863.0
2024-08-12 23:00:00,160.891,160.961,160.84,160.913,7032.0
2024-08-13 00:00:00,160.791,160.936,160.674,160.908,1848.0
2024-08-13 01:00:00,160.908,160.966,160.82,160.861,4579.0
2024-08-13 02:00:00,160.861,160.953,160.638,160.788,7029.0
2024-08-13 03:00:00,160.789,161.017,160.694,160.958,14192.0
2024-08-13 04:00:00,160.957,161.237,160.956,161.097,11896.0
2024-08-13 05:00:00,161.096,161.183,161.003,161.161,9831.0
2024-08-13 06:00:00,161.162,161.334,161.113,161.296,8814.0
2024-08-13 07:00:00,161.296,161.641,161.252,161.59,9893.0
2024-08-13 08:00:00,161.591,161.699,161.486,161.529,8539.0
2024-08-13 09:00:00,161.538,161.799,161.376,161.687,11497.0
2024-08-13 10:00:00,161.689,161.735,161.474,161.606,13178.0
2024-08-13 11:00:00,161.606,161.606,161.276,161.5,11613.0
2024-08-13 12:00:00,161.497,161.539,161.259,161.492,10633.0
2024-08-13 13:00:00,161.493,161.522,161.134,161.153,12161.0
2024-08-13 14:00:00,161.152,161.28,161.035,161.057,12800.0
2024-08-13 15:00:00,161.057,161.338,160.912,161.272,17048.0
2024-08-13 16:00:00,161.273,161.399,160.681,161.176,19386.0
2024-08-13 17:00:00,161.177,161.243,160.942,161.05,17887.0
2024-08-13 18:00:00,161.052,161.143,160.933,160.984,13152.0
2024-08-13 19:00:00,160.983,161.083,160.85,161.0,12348.0
2024-08-13 20:00:00,160.998,161.265,160.977,161.252,13131.0
2024-08-13 21:00:00,161.253,161.379,161.19,161.331,12213.0
2024-08-13 22:00:00,161.332,161.484,161.191,161.455,14357.0
2024-08-13 23:00:00,161.454,161.533,161.402,161.426,8497.0
2024-08-14 00:00:00,161.364,161.434,161.079,161.41,2342.0
2024-08-14 01:00:00,161.435,161.472,161.366,161.465,4013.0
2024-08-14 02:00:00,161.466,161.649,161.429,161.578,7037.0
2024-08-14 03:00:00,161.581,161.801,161.559,161.684,12747.0
2024-08-14 04:00:00,161.683,161.772,161.321,161.431,12074.0
2024-08-14 05:00:00,161.43,161.447,160.585,160.985,16023.0
2024-08-14 06:00:00,160.985,161.435,160.829,161.309,12997.0
2024-08-14 07:00:00,161.308,161.656,161.288,161.449,10110.0
2024-08-14 08:00:00,161.447,161.667,161.361,161.658,8510.0
2024-08-14 09:00:00,161.66,161.993,161.449,161.908,13555.0
2024-08-14 10:00:00,161.909,162.244,161.86,162.226,13587.0
2024-08-14 11:00:00,162.226,162.335,162.029,162.108,13384.0
2024-08-14 12:00:00,162.107,162.228,162.055,162.187,10397.0
2024-08-14 13:00:00,162.188,162.188,161.864,161.877,10174.0
2024-08-14 14:00:00,161.879,162.005,161.852,161.906,9113.0
2024-08-14 15:00:00,161.909,162.43,161.584,162.299,17757.0
2024-08-14 16:00:00,162.298,162.588,162.199,162.209,19543.0
2024-08-14 17:00:00,162.21,162.218,161.806,161.957,18604.0
2024-08-14 18:00:00,161.957,162.005,161.681,161.894,12536.0
2024-08-14 19:00:00,161.891,161.959,161.766,161.911,11568.0
2024-08-14 20:00:00,161.91,162.215,161.889,162.143,9812.0
2024-08-14 21:00:00,162.143,162.234,162.078,162.205,9221.0
2024-08-14 22:00:00,162.203,162.329,162.155,162.265,9170.0
2024-08-14 23:00:00,162.265,162.384,162.198,162.224,5255.0
2024-08-15 00:00:00,162.13,162.18,161.986,162.141,729.0
2024-08-15 01:00:00,162.135,162.239,162.063,162.218,2798.0
2024-08-15 02:00:00,162.218,162.331,162.102,162.167,6546.0
2024-08-15 03:00:00,162.168,162.258,162.051,162.097,11438.0
2024-08-15 04:00:00,162.096,162.446,162.051,162.375,13310.0
2024-08-15 05:00:00,162.375,162.457,162.283,162.337,10292.0
2024-08-15 06:00:00,162.336,162.358,162.19,162.263,7587.0
2024-08-15 07:00:00,162.263,162.276,162.117,162.165,7634.0
2024-08-15 08:00:00,162.163,162.224,161.939,161.992,7571.0
2024-08-15 09:00:00,161.99,162.233,161.982,162.098,9288.0
2024-08-15 10:00:00,162.093,162.193,161.978,162.134,11836.0
2024-08-15 11:00:00,162.133,162.23,162.057,162.161,10723.0
2024-08-15 12:00:00,162.16,162.361,162.102,162.288,8222.0
2024-08-15 13:00:00,162.287,162.312,162.059,162.101,8202.0
2024-08-15 14:00:00,162.1,162.235,162.075,162.137,9167.0
2024-08-15 15:00:00,162.136,163.38,162.078,163.207,17831.0
2024-08-15 16:00:00,163.206,163.59,163.183,163.517,20815.0
2024-08-15 17:00:00,163.517,163.731,163.237,163.684,17972.0
2024-08-15 18:00:00,163.683,163.693,163.542,163.588,13021.0
2024-08-15 19:00:00,163.59,163.645,163.533,163.619,10893.0
2024-08-15 20:00:00,163.618,163.695,163.536,163.621,10703.0
2024-08-15 21:00:00,163.622,163.634,163.544,163.58,9294.0
2024-08-15 22:00:00,163.58,163.598,163.481,163.557,9175.0
2024-08-15 23:00:00,163.557,163.89,163.524,163.782,6491.0
2024-08-16 00:00:00,163.789,163.858,163.69,163.799,893.0
2024-08-16 01:00:00,163.796,163.811,163.549,163.757,4611.0
2024-08-16 02:00:00,163.753,163.796,163.669,163.744,5748.0
2024-08-16 03:00:00,163.746,163.781,163.438,163.7,12053.0
2024-08-16 04:00:00,163.699,163.775,163.433,163.528,11456.0
2024-08-16 05:00:00,163.53,163.59,163.349,163.485,10647.0
2024-08-16 06:00:00,163.485,163.54,163.391,163.485,8342.0
2024-08-16 07:00:00,163.486,163.57,163.424,163.483,6603.0
2024-08-16 08:00:00,163.481,163.725,163.466,163.598,6493.0
2024-08-16 09:00:00,163.587,163.732,163.538,163.692,8931.0
2024-08-16 10:00:00,163.69,163.736,163.519,163.693,10316.0
2024-08-16 11:00:00,163.692,163.74,163.239,163.299,10965.0
2024-08-16 12:00:00,163.299,163.398,163.171,163.394,8926.0
2024-08-16 13:00:00,163.394,163.399,163.05,163.101,9879.0
2024-08-16 14:00:00,163.1,163.101,162.664,162.734,13177.0
2024-08-16 15:00:00,162.741,162.767,162.293,162.364,14316.0
2024-08-16 16:00:00,162.363,162.747,162.299,162.574,16146.0
2024-08-16 17:00:00,162.57,162.918,162.567,162.661,17361.0
2024-08-16 18:00:00,162.662,163.021,162.646,162.889,12873.0
2024-08-16 19:00:00,162.891,162.992,162.836,162.856,8831.0
2024-08-16 20:00:00,162.856,162.864,162.65,162.711,8870.0
2024-08-19 00:00:00,162.712,162.817,162.697,162.786,764.0
2024-08-19 01:00:00,162.755,163.09,162.755,163.022,5704.0
2024-08-19 02:00:00,163.023,163.195,162.975,163.123,5437.0
2024-08-19 03:00:00,163.122,163.211,162.906,163.048,11922.0
2024-08-19 04:00:00,163.049,163.092,162.522,162.613,13692.0
2024-08-19 05:00:00,162.613,162.841,162.499,162.538,8705.0
2024-08-19 06:00:00,162.537,162.573,161.512,161.679,14275.0
2024-08-19 07:00:00,161.678,161.858,161.031,161.388,11818.0
2024-08-19 08:00:00,161.388,161.518,160.657,160.658,13780.0
2024-08-19 09:00:00,160.657,161.077,160.417,161.07,16769.0
2024-08-19 10:00:00,161.069,161.481,160.882,161.341,15683.0
2024-08-19 11:00:00,161.34,161.489,161.077,161.233,14094.0
2024-08-19 12:00:00,161.234,161.415,161.12,161.409,11705.0
2024-08-19 13:00:00,161.409,161.685,161.401,161.522,12967.0
2024-08-19 14:00:00,161.522,161.549,161.249,161.263,11596.0
2024-08-19 15:00:00,161.266,161.428,161.16,161.408,13092.0
2024-08-19 16:00:00,161.409,161.758,161.409,161.684,15018.0
2024-08-19 17:00:00,161.686,162.106,161.498,161.964,17861.0
2024-08-19 18:00:00,161.961,162.299,161.948,162.077,12762.0
2024-08-19 19:00:00,162.076,162.3,162.055,162.225,8867.0
2024-08-19 20:00:00,162.225,162.328,162.16,162.318,7750.0
2024-08-19 21:00:00,162.311,162.549,162.283,162.512,8421.0
2024-08-19 22:00:00,162.513,162.561,162.432,162.521,8436.0
2024-08-19 23:00:00,162.521,162.573,162.478,162.508,4173.0
2024-08-20 00:00:00,162.248,162.539,162.24,162.453,980.0
2024-08-20 01:00:00,162.474,162.552,162.465,162.544,1893.0
2024-08-20 02:00:00,162.545,162.776,162.534,162.64,6100.0
2024-08-20 03:00:00,162.643,162.654,162.022,162.179,14031.0
2024-08-20 04:00:00,162.181,162.395,161.694,162.227,14013.0
2024-08-20 05:00:00,162.226,162.915,162.181,162.82,11803.0
2024-08-20 06:00:00,162.819,162.988,162.648,162.89,9509.0
2024-08-20 07:00:00,162.889,162.929,162.62,162.754,8513.0
2024-08-20 08:00:00,162.755,163.148,162.754,163.137,10298.0
2024-08-20 09:00:00,163.137,163.191,162.761,162.944,12516.0
2024-08-20 10:00:00,162.943,163.062,162.094,162.486,15823.0
2024-08-20 11:00:00,162.485,162.498,162.116,162.334,15144.0
2024-08-20 12:00:00,162.335,162.375,162.16,162.234,11517.0
2024-08-20 13:00:00,162.234,162.341,162.066,162.292,10834.0
2024-08-20 14:00:00,162.293,162.407,162.172,162.194,10898.0
2024-08-20 15:00:00,162.189,162.357,162.097,162.221,14434.0
2024-08-20 16:00:00,162.222,162.362,162.085,162.211,15764.0
2024-08-20 17:00:00,162.212,162.273,161.74,161.782,18922.0
2024-08-20 18:00:00,161.784,161.942,161.701,161.801,14141.0
2024-08-20 19:00:00,161.81,161.871,161.588,161.602,11321.0
2024-08-20 20:00:00,161.601,161.722,161.536,161.719,9829.0
2024-08-20 21:00:00,161.719,161.797,161.647,161.675,8945.0
2024-08-20 22:00:00,161.674,161.776,161.64,161.675,6113.0
2024-08-20 23:00:00,161.676,161.74,161.589,161.677,3418.0
2024-08-21 00:00:00,161.621,161.621,161.452,161.503,5670.0
2024-08-21 01:00:00,161.524,161.558,161.349,161.504,5381.0
2024-08-21 02:00:00,161.501,161.742,161.345,161.713,9693.0
2024-08-21 03:00:00,161.713,161.942,161.346,161.854,14652.0
2024-08-21 04:00:00,161.853,161.982,161.622,161.718,14636.0
2024-08-21 05:00:00,161.718,161.82,161.578,161.7,10275.0
2024-08-21 06:00:00,161.7,161.857,161.656,161.786,9332.0
2024-08-21 07:00:00,161.788,162.06,161.683,161.975,8667.0
2024-08-21 08:00:00,161.974,162.099,161.797,161.948,9022.0
2024-08-21 09:00:00,161.948,162.267,161.855,162.267,12462.0
2024-08-21 10:00:00,162.27,162.473,162.077,162.428,15233.0
2024-08-21 11:00:00,162.43,162.455,162.24,162.365,12784.0
2024-08-21 12:00:00,162.366,162.516,162.323,162.433,10797.0
2024-08-21 13:00:00,162.433,162.657,162.414,162.617,9990.0
2024-08-21 14:00:00,162.612,162.614,162.261,162.343,10527.0
2024-08-21 15:00:00,162.344,162.347,162.132,162.174,13611.0
2024-08-21 16:00:00,162.173,162.173,161.803,161.981,16341.0
2024-08-21 17:00:00,161.98,163.063,161.828,162.024,25275.0
2024-08-21 18:00:00,162.025,162.027,161.649,161.786,19422.0
2024-08-21 19:00:00,161.785,161.875,161.666,161.836,13900.0
2024-08-21 20:00:00,161.836,161.876,161.677,161.832,11166.0
2024-08-21 21:00:00,161.829,161.833,161.402,161.561,14651.0
2024-08-21 22:00:00,161.559,161.78,161.527,161.708,11715.0
2024-08-21 23:00:00,161.708,162.012,161.708,161.981,5000.0
2024-08-22 00:00:00,161.758,161.912,161.661,161.84,2607.0
2024-08-22 01:00:00,161.839,161.898,161.64,161.644,3435.0
2024-08-22 02:00:00,161.644,161.894,161.608,161.886,5881.0
2024-08-22 03:00:00,161.885,162.161,161.702,162.01,10510.0
2024-08-22 04:00:00,162.011,162.286,161.885,162.263,10011.0
2024-08-22 05:00:00,162.262,162.281,161.988,162.069,7488.0
2024-08-22 06:00:00,162.071,162.118,161.829,161.894,6426.0
2024-08-22 07:00:00,161.893,162.002,161.579,161.729,8490.0
2024-08-22 08:00:00,161.728,161.911,161.604,161.87,6804.0
2024-08-22 09:00:00,161.865,162.125,161.829,162.091,10122.0
2024-08-22 10:00:00,162.096,162.358,161.473,161.761,12402.0
2024-08-22 11:00:00,161.765,162.353,161.765,162.276,11812.0
2024-08-22 12:00:00,162.274,162.359,162.127,162.198,9712.0
2024-08-22 13:00:00,162.2,162.564,162.139,162.458,9111.0
2024-08-22 14:00:00,162.462,162.727,162.392,162.589,9950.0
2024-08-22 15:00:00,162.586,162.859,162.426,162.701,13680.0
2024-08-22 16:00:00,162.704,162.909,162.385,162.656,16555.0
2024-08-22 17:00:00,162.657,162.795,162.429,162.539,16849.0
2024-08-22 18:00:00,162.531,162.593,162.077,162.226,13478.0
2024-08-22 19:00:00,162.226,162.655,162.209,162.581,10124.0
2024-08-22 20:00:00,162.581,162.75,162.432,162.452,10908.0
2024-08-22 21:00:00,162.453,162.552,162.38,162.454,7899.0
2024-08-22 22:00:00,162.456,162.516,162.42,162.508,6046.0
2024-08-22 23:00:00,162.507,162.618,162.493,162.56,2427.0
2024-08-23 00:00:00,162.215,162.528,162.215,162.499,1767.0
2024-08-23 01:00:00,162.492,162.54,162.46,162.465,2603.0
2024-08-23 02:00:00,162.463,162.551,162.326,162.525,4420.0
2024-08-23 03:00:00,162.525,162.625,162.243,162.429,13147.0
2024-08-23 04:00:00,162.429,162.474,161.868,161.889,13584.0
2024-08-23 05:00:00,161.89,162.061,161.683,161.983,11016.0
2024-08-23 06:00:00,161.984,162.093,161.878,162.058,7056.0
2024-08-23 07:00:00,162.057,162.356,161.99,162.212,7856.0
2024-08-23 08:00:00,162.211,162.211,161.946,162.073,7710.0
2024-08-23 09:00:00,162.069,162.15,161.708,161.864,10732.0
2024-08-23 10:00:00,161.864,162.249,161.819,162.15,11862.0
2024-08-23 11:00:00,162.152,162.405,162.1,162.319,10409.0
2024-08-23 12:00:00,162.32,162.485,162.317,162.464,9682.0
2024-08-23 13:00:00,162.464,162.497,162.339,162.367,7978.0
2024-08-23 14:00:00,162.365,162.38,162.271,162.376,7690.0
2024-08-23 15:00:00,162.377,162.472,162.239,162.25,10955.0
2024-08-23 16:00:00,162.253,162.712,162.216,162.53,12567.0
2024-08-23 17:00:00,162.533,162.592,162.032,162.275,25249.0
2024-08-23 18:00:00,162.273,162.291,161.859,161.892,18899.0
2024-08-23 19:00:00,161.892,162.015,161.73,161.851,13261.0
2024-08-23 20:00:00,161.851,161.972,161.571,161.622,10400.0
2024-08-26 00:00:00,161.403,161.419,161.123,161.172,1204.0
2024-08-26 01:00:00,161.173,161.494,160.971,161.04,7905.0
2024-08-26 02:00:00,161.036,161.118,160.649,161.041,11587.0
2024-08-26 03:00:00,161.038,161.178,160.66,160.867,15177.0
2024-08-26 04:00:00,160.868,160.975,160.633,160.838,12719.0
2024-08-26 05:00:00,160.838,161.064,160.673,161.015,8717.0
2024-08-26 06:00:00,161.013,161.12,160.88,161.008,8619.0
2024-08-26 07:00:00,161.009,161.082,160.747,161.082,7423.0
2024-08-26 08:00:00,161.082,161.246,160.969,161.041,7432.0
2024-08-26 09:00:00,161.041,161.097,160.692,160.751,10879.0
2024-08-26 10:00:00,160.75,160.891,160.566,160.88,11144.0
2024-08-26 11:00:00,160.882,160.977,160.751,160.84,9279.0
2024-08-26 12:00:00,160.841,161.015,160.806,160.873,7859.0
2024-08-26 13:00:00,160.876,161.031,160.844,160.905,7204.0
2024-08-26 14:00:00,160.907,161.028,160.813,160.929,10276.0
2024-08-26 15:00:00,160.928,161.101,160.631,160.652,12834.0
2024-08-26 16:00:00,160.655,161.162,160.501,161.157,14392.0
2024-08-26 17:00:00,161.156,161.219,161.035,161.103,15154.0
2024-08-26 18:00:00,161.112,161.469,161.09,161.326,11764.0
2024-08-26 19:00:00,161.325,161.479,161.273,161.379,7108.0
2024-08-26 20:00:00,161.379,161.459,161.259,161.429,6997.0
2024-08-26 21:00:00,161.43,161.481,161.311,161.313,5608.0
2024-08-26 22:00:00,161.313,161.378,161.313,161.363,4150.0
2024-08-26 23:00:00,161.362,161.373,161.223,161.294,2361.0
2024-08-27 00:00:00,161.236,161.341,161.189,161.247,933.0
2024-08-27 01:00:00,161.243,161.283,161.108,161.154,3418.0
2024-08-27 02:00:00,161.154,161.353,161.054,161.33,5108.0
2024-08-27 03:00:00,161.33,161.671,161.279,161.658,9487.0
2024-08-27 04:00:00,161.659,161.788,161.523,161.614,8812.0
2024-08-27 05:00:00,161.614,161.851,161.55,161.792,7271.0
2024-08-27 06:00:00,161.793,161.881,161.712,161.731,5391.0
2024-08-27 07:00:00,161.73,161.735,161.525,161.536,6675.0
2024-08-27 08:00:00,161.538,161.774,161.518,161.687,6959.0
2024-08-27 09:00:00,161.674,161.785,161.495,161.648,9651.0
2024-08-27 10:00:00,161.649,162.123,161.644,161.871,13468.0
2024-08-27 11:00:00,161.873,162.175,161.855,161.985,10312.0
2024-08-27 12:00:00,161.984,162.008,161.685,161.749,9539.0
2024-08-27 13:00:00,161.749,161.764,161.568,161.663,9292.0
2024-08-27 14:00:00,161.663,161.758,161.303,161.308,10641.0
2024-08-27 15:00:00,161.307,161.319,161.022,161.121,12188.0
2024-08-27 16:00:00,161.118,161.226,160.904,161.194,14805.0
2024-08-27 17:00:00,161.193,161.366,160.994,161.077,16007.0
2024-08-27 18:00:00,161.076,161.177,160.92,160.994,11148.0
2024-08-27 19:00:00,160.996,161.074,160.873,160.94,6997.0
2024-08-27 20:00:00,160.94,161.19,160.913,161.179,7304.0
2024-08-27 21:00:00,161.179,161.195,161.016,161.088,7108.0
2024-08-27 22:00:00,161.089,161.129,160.984,161.025,4688.0
2024-08-27 23:00:00,161.026,161.06,160.977,160.998,2685.0
2024-08-28 00:00:00,160.909,161.038,160.778,160.949,1512.0
2024-08-28 01:00:00,160.949,160.984,160.696,160.899,3771.0
2024-08-28 02:00:00,160.895,160.937,160.729,160.908,5382.0
2024-08-28 03:00:00,160.908,161.249,160.844,161.117,9716.0
2024-08-28 04:00:00,161.118,161.319,161.062,161.307,9791.0
2024-08-28 05:00:00,161.308,161.37,161.197,161.294,7718.0
2024-08-28 06:00:00,161.294,161.359,161.141,161.247,6314.0
2024-08-28 07:00:00,161.247,161.372,161.081,161.096,6186.0
2024-08-28 08:00:00,161.098,161.119,160.889,160.91,9137.0
2024-08-28 09:00:00,160.915,161.224,160.868,161.123,9341.0
2024-08-28 10:00:00,161.125,161.283,160.946,161.277,10591.0
2024-08-28 11:00:00,161.277,161.315,160.787,160.82,8873.0
2024-08-28 12:00:00,160.821,160.824,160.531,160.664,9024.0
2024-08-28 13:00:00,160.665,160.758,160.58,160.659,8222.0
2024-08-28 14:00:00,160.659,160.776,160.446,160.5,7393.0
2024-08-28 15:00:00,160.498,160.862,160.496,160.798,11405.0
2024-08-28 16:00:00,160.796,161.215,160.787,160.94,14724.0
2024-08-28 17:00:00,160.941,160.984,160.794,160.82,14558.0
2024-08-28 18:00:00,160.82,160.886,160.615,160.743,12476.0
2024-08-28 19:00:00,160.739,160.896,160.591,160.871,8521.0
2024-08-28 20:00:00,160.87,160.936,160.553,160.633,7968.0
2024-08-28 21:00:00,160.634,160.849,160.538,160.794,9106.0
2024-08-28 22:00:00,160.793,160.9,160.793,160.808,5555.0
2024-08-28 23:00:00,160.81,160.911,160.516,160.775,7515.0
2024-08-29 00:00:00,160.637,160.776,160.583,160.6,658.0
2024-08-29 01:00:00,160.601,160.661,160.483,160.515,5523.0
2024-08-29 02:00:00,160.515,160.705,160.433,160.678,5674.0
2024-08-29 03:00:00,160.672,160.935,160.527,160.767,10410.0
2024-08-29 04:00:00,160.768,160.993,160.695,160.96,8493.0
2024-08-29 05:00:00,160.96,161.028,160.794,160.947,6653.0
2024-08-29 06:00:00,160.946,160.998,160.863,160.938,5413.0
2024-08-29 07:00:00,160.938,161.137,160.877,161.099,5899.0
2024-08-29 08:00:00,161.099,161.269,160.991,161.04,8196.0
2024-08-29 09:00:00,161.039,161.078,160.812,160.895,9596.0
2024-08-29 10:00:00,160.896,161.166,160.833,161.084,10937.0
2024-08-29 11:00:00,161.083,161.083,160.024,160.382,15568.0
2024-08-29 12:00:00,160.382,160.457,160.243,160.328,10889.0
2024-08-29 13:00:00,160.328,160.435,160.201,160.342,8740.0
2024-08-29 14:00:00,160.343,160.583,160.318,160.442,9914.0
2024-08-29 15:00:00,160.442,161.181,160.325,161.163,16750.0
2024-08-29 16:00:00,161.156,161.26,160.97,161.104,17312.0
2024-08-29 17:00:00,161.105,161.113,160.705,160.899,16749.0
2024-08-29 18:00:00,160.898,160.961,160.705,160.718,12552.0
2024-08-29 19:00:00,160.717,160.746,160.609,160.687,9067.0
2024-08-29 20:00:00,160.689,160.699,160.445,160.555,9318.0
2024-08-29 21:00:00,160.555,160.57,160.316,160.402,10655.0
2024-08-29 22:00:00,160.402,160.574,160.358,160.508,10930.0
2024-08-29 23:00:00,160.509,160.654,160.503,160.608,7425.0
2024-08-30 00:00:00,160.545,160.665,160.478,160.621,1218.0
2024-08-30 01:00:00,160.606,160.668,160.46,160.558,3019.0
2024-08-30 02:00:00,160.547,160.73,160.486,160.543,4554.0
2024-08-30 03:00:00,160.543,160.616,160.316,160.359,8904.0
2024-08-30 04:00:00,160.359,160.507,160.252,160.272,8387.0
2024-08-30 05:00:00,160.272,160.345,160.187,160.288,5973.0
2024-08-30 06:00:00,160.291,160.371,160.277,160.34,4484.0
2024-08-30 07:00:00,160.339,160.439,160.295,160.401,5081.0
2024-08-30 08:00:00,160.402,160.547,160.365,160.459,5230.0
2024-08-30 09:00:00,160.467,160.827,160.467,160.682,7926.0
2024-08-30 10:00:00,160.679,160.727,160.497,160.643,8802.0
2024-08-30 11:00:00,160.644,160.891,160.552,160.712,8724.0
2024-08-30 12:00:00,160.717,160.871,160.686,160.845,7888.0
2024-08-30 13:00:00,160.845,160.976,160.785,160.973,8044.0
2024-08-30 14:00:00,160.973,161.185,160.929,161.152,7680.0
2024-08-30 15:00:00,161.151,161.297,161.006,161.188,14345.0
2024-08-30 16:00:00,161.188,161.292,160.839,161.205,14908.0
2024-08-30 17:00:00,161.175,161.324,160.91,161.149,18031.0
2024-08-30 18:00:00,161.146,161.444,161.123,161.424,14309.0
2024-08-30 19:00:00,161.421,161.574,161.32,161.569,11906.0
2024-08-30 20:00:00,161.57,161.635,161.483,161.535,9209.0
2024-09-02 00:00:00,161.384,161.46,161.273,161.388,1105.0
2024-09-02 01:00:00,161.389,161.783,161.351,161.764,2736.0
2024-09-02 02:00:00,161.763,161.926,161.655,161.698,5786.0
2024-09-02 03:00:00,161.697,161.837,161.58,161.592,9494.0
2024-09-02 04:00:00,161.592,161.705,161.462,161.59,7810.0
2024-09-02 05:00:00,161.59,161.59,161.264,161.312,7677.0
2024-09-02 06:00:00,161.315,161.353,161.196,161.257,7197.0
2024-09-02 07:00:00,161.259,161.259,161.022,161.236,5812.0
2024-09-02 08:00:00,161.235,161.625,161.225,161.522,6238.0
2024-09-02 09:00:00,161.524,161.789,161.472,161.739,8940.0
2024-09-02 10:00:00,161.74,162.113,161.652,162.103,12242.0
2024-09-02 11:00:00,162.102,162.63,162.097,162.363,12462.0
2024-09-02 12:00:00,162.363,162.429,162.282,162.364,9147.0
2024-09-02 13:00:00,162.365,162.465,162.292,162.463,6962.0
2024-09-02 14:00:00,162.47,162.633,162.407,162.565,6694.0
2024-09-02 15:00:00,162.565,162.731,162.501,162.678,6581.0
2024-09-02 16:00:00,162.678,162.894,162.525,162.656,8118.0
2024-09-02 17:00:00,162.657,162.716,162.517,162.673,8469.0
2024-09-02 18:00:00,162.671,162.745,162.6,162.64,6175.0
2024-09-02 19:00:00,162.642,162.664,162.452,162.464,4671.0
2024-09-02 20:00:00,162.473,162.591,162.473,162.59,1122.0
2024-09-02 21:00:00,162.587,162.642,162.56,162.632,958.0
2024-09-02 22:00:00,162.632,162.649,162.596,162.634,805.0
2024-09-02 23:00:00,162.642,162.683,162.583,162.662,1112.0
2024-09-03 00:00:00,162.604,162.63,162.447,162.603,1307.0
2024-09-03 01:00:00,162.619,162.669,162.575,162.618,1316.0
2024-09-03 02:00:00,162.619,162.63,162.36,162.409,3083.0
2024-09-03 03:00:00,162.407,162.797,162.315,162.726,11216.0
2024-09-03 04:00:00,162.725,162.756,162.242,162.256,10020.0
2024-09-03 05:00:00,162.254,162.422,162.209,162.236,8711.0
2024-09-03 06:00:00,162.236,162.308,161.955,162.045,10191.0
2024-09-03 07:00:00,162.045,162.063,161.834,161.984,8629.0
2024-09-03 08:00:00,161.983,162.056,161.576,161.816,8595.0
2024-09-03 09:00:00,161.816,161.847,161.434,161.517,11818.0
2024-09-03 10:00:00,161.516,161.818,161.322,161.359,14376.0
2024-09-03 11:00:00,161.359,161.459,160.928,161.101,14314.0
2024-09-03 12:00:00,161.1,161.176,160.908,161.114,10963.0
2024-09-03 13:00:00,161.114,161.209,161.037,161.155,9096.0
2024-09-03 14:00:00,161.154,161.42,161.024,161.323,9162.0
2024-09-03 15:00:00,161.321,161.472,161.169,161.172,11532.0
2024-09-03 16:00:00,161.169,161.236,160.619,160.837,17778.0
2024-09-03 17:00:00,160.843,161.015,160.497,160.741,19965.0
2024-09-03 18:00:00,160.741,161.05,160.736,161.02,12988.0
2024-09-03 19:00:00,161.027,161.104,160.892,160.911,8603.0
2024-09-03 20:00:00,160.91,160.957,160.825,160.895,7162.0
2024-09-03 21:00:00,160.894,161.001,160.757,160.938,6051.0
2024-09-03 22:00:00,160.938,160.962,160.717,160.802,7894.0
2024-09-03 23:00:00,160.802,160.881,160.619,160.644,4997.0
2024-09-04 00:00:00,160.623,160.738,160.494,160.627,1600.0
2024-09-04 01:00:00,160.629,160.759,160.473,160.537,4690.0
2024-09-04 02:00:00,160.531,160.62,160.317,160.608,7434.0
2024-09-04 03:00:00,160.608,160.8,160.107,160.39,15071.0
2024-09-04 04:00:00,160.39,160.887,160.374,160.719,10659.0
2024-09-04 05:00:00,160.72,160.823,160.526,160.754,8866.0
2024-09-04 06:00:00,160.755,160.888,160.586,160.628,7129.0
2024-09-04 07:00:00,160.628,160.868,160.537,160.593,6268.0
2024-09-04 08:00:00,160.593,160.603,160.377,160.526,8544.0
2024-09-04 09:00:00,160.53,160.618,160.113,160.133,12281.0
2024-09-04 10:00:00,160.135,160.375,159.956,160.294,14394.0
2024-09-04 11:00:00,160.292,160.577,160.179,160.479,10566.0
2024-09-04 12:00:00,160.478,160.594,160.359,160.391,8721.0
2024-09-04 13:00:00,160.392,160.459,160.182,160.343,8287.0
2024-09-04 14:00:00,160.342,160.372,160.063,160.11,9174.0
2024-09-04 15:00:00,160.109,160.426,160.095,160.343,11587.0
2024-09-04 16:00:00,160.344,160.457,160.004,160.092,14867.0
2024-09-04 17:00:00,160.094,160.172,159.614,159.827,23286.0
2024-09-04 18:00:00,159.828,160.015,159.749,159.907,14887.0
2024-09-04 19:00:00,159.908,159.962,159.562,159.672,11243.0
2024-09-04 20:00:00,159.672,159.672,159.395,159.436,9483.0
2024-09-04 21:00:00,159.436,159.553,159.342,159.373,10112.0
2024-09-04 22:00:00,159.371,159.508,159.313,159.328,9604.0
2024-09-04 23:00:00,159.329,159.391,159.252,159.294,5888.0
2024-09-05 00:00:00,159.268,159.294,159.118,159.2,937.0
2024-09-05 01:00:00,159.211,159.306,159.076,159.204,3214.0
2024-09-05 02:00:00,159.197,159.235,158.703,158.816,8128.0
2024-09-05 03:00:00,158.816,159.298,158.771,159.231,12182.0
2024-09-05 04:00:00,159.229,159.373,158.978,159.209,11305.0
2024-09-05 05:00:00,159.209,159.45,159.131,159.363,8166.0
2024-09-05 06:00:00,159.363,159.402,159.158,159.249,6781.0
2024-09-05 07:00:00,159.248,159.323,158.941,159.041,5747.0
2024-09-05 08:00:00,159.039,159.059,158.781,158.888,7408.0
2024-09-05 09:00:00,158.887,158.964,158.55,158.762,11368.0
2024-09-05 10:00:00,158.761,159.345,158.724,159.225,14120.0
2024-09-05 11:00:00,159.22,159.473,159.188,159.36,11320.0
2024-09-05 12:00:00,159.359,159.399,159.126,159.329,10004.0
2024-09-05 13:00:00,159.326,159.35,159.195,159.26,6811.0
2024-09-05 14:00:00,159.259,159.409,159.119,159.161,7440.0
2024-09-05 15:00:00,159.16,159.42,158.609,158.732,17944.0
2024-09-05 16:00:00,158.733,159.106,158.676,159.004,15805.0
2024-09-05 17:00:00,159.005,159.791,159.005,159.457,20214.0
2024-09-05 18:00:00,159.456,159.613,159.088,159.146,15774.0
2024-09-05 19:00:00,159.142,159.333,159.107,159.225,9617.0
2024-09-05 20:00:00,159.224,159.264,158.97,159.214,10041.0
2024-09-05 21:00:00,159.215,159.323,159.103,159.25,7622.0
2024-09-05 22:00:00,159.25,159.345,159.137,159.287,7248.0
2024-09-05 23:00:00,159.289,159.39,159.269,159.377,5184.0
2024-09-06 00:00:00,159.358,159.373,159.24,159.305,1013.0
2024-09-06 01:00:00,159.313,159.379,159.24,159.327,2106.0
2024-09-06 02:00:00,159.328,159.401,159.264,159.318,3358.0
2024-09-06 03:00:00,159.318,159.348,159.082,159.119,9941.0
2024-09-06 04:00:00,159.12,159.3,159.01,159.194,7316.0
2024-09-06 05:00:00,159.195,159.23,159.078,159.111,4559.0
2024-09-06 06:00:00,159.11,159.162,158.936,158.982,4505.0
2024-09-06 07:00:00,158.981,158.984,158.812,158.949,6105.0
2024-09-06 08:00:00,158.95,158.957,158.3,158.54,10328.0
2024-09-06 09:00:00,158.539,158.57,158.149,158.351,12356.0
2024-09-06 10:00:00,158.352,158.437,157.912,158.424,15771.0
2024-09-06 11:00:00,158.423,158.662,158.415,158.549,11914.0
2024-09-06 12:00:00,158.55,158.757,158.498,158.7,9178.0
2024-09-06 13:00:00,158.701,158.854,158.649,158.67,8454.0
2024-09-06 14:00:00,158.673,158.969,158.66,158.899,8555.0
2024-09-06 15:00:00,158.898,159.598,158.35,159.016,20498.0
2024-09-06 16:00:00,159.02,159.347,158.769,159.071,23614.0
2024-09-06 17:00:00,159.073,159.092,157.912,158.135,24357.0
2024-09-06 18:00:00,158.14,158.298,157.465,157.577,25028.0
2024-09-06 19:00:00,157.576,158.03,157.487,157.786,18514.0
2024-09-06 20:00:00,157.783,157.965,157.648,157.874,15837.0
2024-09-09 00:00:00,157.587,157.776,157.438,157.532,1757.0
2024-09-09 01:00:00,157.534,157.773,157.404,157.596,5898.0
2024-09-09 02:00:00,157.593,158.021,157.547,157.974,9665.0
2024-09-09 03:00:00,157.973,158.235,157.925,158.152,11554.0
2024-09-09 04:00:00,158.153,158.458,158.113,158.428,11431.0
2024-09-09 05:00:00,158.429,158.449,158.153,158.255,7449.0
2024-09-09 06:00:00,158.255,158.382,158.066,158.179,6915.0
2024-09-09 07:00:00,158.177,158.485,158.15,158.357,7674.0
2024-09-09 08:00:00,158.356,158.437,158.07,158.193,9205.0
2024-09-09 09:00:00,158.187,158.291,158.029,158.226,10717.0
2024-09-09 10:00:00,158.227,158.501,158.227,158.322,13393.0
2024-09-09 11:00:00,158.324,158.493,158.165,158.402,11123.0
2024-09-09 12:00:00,158.402,158.691,158.314,158.644,9818.0
2024-09-09 13:00:00,158.643,158.73,158.582,158.613,9341.0
2024-09-09 14:00:00,158.613,158.724,158.477,158.615,8764.0
2024-09-09 15:00:00,158.6,158.674,158.086,158.124,12083.0
2024-09-09 16:00:00,158.124,158.131,157.664,157.745,15196.0
2024-09-09 17:00:00,157.743,157.845,157.478,157.613,15728.0
2024-09-09 18:00:00,157.613,157.865,157.588,157.812,11246.0
2024-09-09 19:00:00,157.812,157.939,157.738,157.868,7750.0
2024-09-09 20:00:00,157.868,157.92,157.695,157.717,10001.0
2024-09-09 21:00:00,157.718,157.834,157.655,157.7,7168.0
2024-09-09 22:00:00,157.7,157.799,157.671,157.798,6229.0
2024-09-09 23:00:00,157.797,158.006,157.776,157.976,5776.0
2024-09-10 00:00:00,157.907,157.997,157.86,157.965,1267.0
2024-09-10 01:00:00,157.958,157.974,157.705,157.887,2844.0
2024-09-10 02:00:00,157.901,158.167,157.895,158.006,4632.0
2024-09-10 03:00:00,158.006,158.277,157.93,158.255,11418.0
2024-09-10 04:00:00,158.256,158.367,158.156,158.267,8284.0
2024-09-10 05:00:00,158.258,158.274,157.993,158.239,7221.0
2024-09-10 06:00:00,158.241,158.274,158.042,158.112,6041.0
2024-09-10 07:00:00,158.113,158.139,157.931,157.963,4666.0
2024-09-10 08:00:00,157.96,158.086,157.918,158.034,5958.0
2024-09-10 09:00:00,158.035,158.477,157.904,158.45,9148.0
2024-09-10 10:00:00,158.449,158.538,158.303,158.494,11608.0
2024-09-10 11:00:00,158.494,158.637,158.31,158.405,10254.0
2024-09-10 12:00:00,158.408,158.413,158.012,158.03,9498.0
2024-09-10 13:00:00,158.031,158.096,157.802,157.922,8273.0
2024-09-10 14:00:00,157.93,158.061,157.765,157.887,9869.0
2024-09-10 15:00:00,157.886,157.946,157.473,157.581,11375.0
2024-09-10 16:00:00,157.583,157.887,157.509,157.587,13200.0
2024-09-10 17:00:00,157.587,157.619,157.076,157.255,18128.0
2024-09-10 18:00:00,157.256,157.285,156.858,156.874,13213.0
2024-09-10 19:00:00,156.873,157.114,156.789,157.084,10562.0
2024-09-10 20:00:00,157.083,157.177,156.907,156.958,8944.0
2024-09-10 21:00:00,156.957,157.016,156.79,156.927,7699.0
2024-09-10 22:00:00,156.928,156.99,156.889,156.918,6505.0
2024-09-10 23:00:00,156.919,157.05,156.896,156.97,6189.0
2024-09-11 00:00:00,156.958,156.958,156.776,156.931,891.0
2024-09-11 01:00:00,156.934,157.006,156.868,156.975,2230.0
2024-09-11 02:00:00,156.973,157.013,156.719,156.742,4329.0
2024-09-11 03:00:00,156.743,156.808,156.511,156.804,11157.0
2024-09-11 04:00:00,156.803,156.968,156.214,156.537,13339.0
2024-09-11 05:00:00,156.537,156.594,156.284,156.485,9893.0
2024-09-11 06:00:00,156.485,156.608,155.951,156.085,9240.0
2024-09-11 07:00:00,156.085,156.087,155.594,155.857,10209.0
2024-09-11 08:00:00,155.857,156.036,155.492,156.028,10856.0
2024-09-11 09:00:00,156.029,156.215,155.892,156.15,11182.0
2024-09-11 10:00:00,156.149,156.351,155.915,156.111,15207.0
2024-09-11 11:00:00,156.108,156.49,156.013,156.303,12250.0
2024-09-11 12:00:00,156.303,156.347,156.089,156.324,10905.0
2024-09-11 13:00:00,156.323,156.482,156.28,156.426,9636.0
2024-09-11 14:00:00,156.427,156.704,156.389,156.479,10570.0
2024-09-11 15:00:00,156.479,156.96,156.369,156.756,19016.0
2024-09-11 16:00:00,156.756,156.978,156.15,156.179,19922.0
2024-09-11 17:00:00,156.177,156.229,155.456,155.72,23082.0
2024-09-11 18:00:00,155.716,156.173,155.693,156.07,17561.0
2024-09-11 19:00:00,156.066,156.454,156.058,156.369,15826.0
2024-09-11 20:00:00,156.368,156.791,156.338,156.69,13724.0
2024-09-11 21:00:00,156.69,156.788,156.59,156.676,10431.0
2024-09-11 22:00:00,156.676,156.907,156.665,156.859,8850.0
2024-09-11 23:00:00,156.859,156.951,156.744,156.748,6022.0
2024-09-12 00:00:00,156.619,156.722,156.483,156.67,906.0
2024-09-12 01:00:00,156.667,156.903,156.643,156.891,2804.0
2024-09-12 02:00:00,156.893,157.103,156.884,157.055,4786.0
2024-09-12 03:00:00,157.058,157.362,157.012,157.057,10705.0
2024-09-12 04:00:00,157.057,157.089,156.617,156.957,13384.0
2024-09-12 05:00:00,156.957,157.015,156.761,156.931,9880.0
2024-09-12 06:00:00,156.93,157.06,156.769,157.055,6015.0
2024-09-12 07:00:00,157.053,157.366,157.042,157.304,5900.0
2024-09-12 08:00:00,157.303,157.465,157.14,157.435,8248.0
2024-09-12 09:00:00,157.436,157.436,156.953,156.961,10730.0
2024-09-12 10:00:00,156.961,157.511,156.935,157.162,14006.0
2024-09-12 11:00:00,157.161,157.223,156.949,157.064,13139.0
2024-09-12 12:00:00,157.066,157.257,157.026,157.161,9607.0
2024-09-12 13:00:00,157.161,157.337,157.138,157.2,8720.0
2024-09-12 14:00:00,157.201,157.221,156.919,157.028,9747.0
2024-09-12 15:00:00,157.028,157.163,156.57,156.673,19552.0
2024-09-12 16:00:00,156.671,157.178,156.532,156.743,20068.0
2024-09-12 17:00:00,156.744,157.494,156.7,157.308,18409.0
2024-09-12 18:00:00,157.307,157.375,156.971,157.042,14929.0
2024-09-12 19:00:00,157.034,157.502,157.01,157.436,11990.0
2024-09-12 20:00:00,157.434,157.486,157.26,157.31,12653.0
2024-09-12 21:00:00,157.31,157.357,156.962,157.098,13756.0
2024-09-12 22:00:00,157.098,157.201,156.913,157.077,12663.0
2024-09-12 23:00:00,157.077,157.111,156.968,157.05,10127.0
2024-09-13 00:00:00,157.032,157.076,156.93,157.072,499.0
2024-09-13 01:00:00,157.072,157.105,156.922,157.052,2617.0
2024-09-13 02:00:00,157.052,157.052,156.678,156.785,6027.0
2024-09-13 03:00:00,156.788,156.864,156.484,156.553,11910.0
2024-09-13 04:00:00,156.553,156.602,156.364,156.509,10881.0
2024-09-13 05:00:00,156.511,156.561,156.093,156.373,9533.0
2024-09-13 06:00:00,156.372,156.452,156.169,156.307,6820.0
2024-09-13 07:00:00,156.308,156.329,155.95,156.25,6296.0
2024-09-13 08:00:00,156.251,156.468,156.004,156.118,7537.0
2024-09-13 09:00:00,156.117,156.381,156.079,156.317,12302.0
2024-09-13 10:00:00,156.316,156.625,156.195,156.314,12856.0
2024-09-13 11:00:00,156.314,156.349,155.752,156.086,14744.0
2024-09-13 12:00:00,156.082,156.132,155.79,155.93,13122.0
2024-09-13 13:00:00,155.93,156.055,155.76,156.045,11214.0
2024-09-13 14:00:00,156.042,156.232,155.952,156.111,11236.0
2024-09-13 15:00:00,156.114,156.26,156.001,156.12,12651.0
2024-09-13 16:00:00,156.119,156.126,155.638,155.737,17141.0
2024-09-13 17:00:00,155.733,156.141,155.612,155.964,19664.0
2024-09-13 18:00:00,155.963,156.005,155.629,155.925,11948.0
2024-09-13 19:00:00,155.924,156.136,155.811,156.086,12149.0
2024-09-13 20:00:00,156.085,156.211,156.049,156.158,10043.0
2024-09-16 00:00:00,156.016,156.038,155.694,155.864,1098.0
2024-09-16 01:00:00,155.845,156.022,155.667,155.986,5024.0
2024-09-16 02:00:00,155.986,156.193,155.979,156.163,3504.0
2024-09-16 03:00:00,156.166,156.169,155.741,155.835,9350.0
2024-09-16 04:00:00,155.832,155.909,155.765,155.832,6979.0
2024-09-16 05:00:00,155.834,155.867,155.76,155.838,5362.0
2024-09-16 06:00:00,155.839,155.895,155.471,155.594,8032.0
2024-09-16 07:00:00,155.595,155.702,155.403,155.6,8692.0
2024-09-16 08:00:00,155.602,155.672,155.449,155.591,6577.0
2024-09-16 09:00:00,155.587,155.634,155.248,155.441,11055.0
2024-09-16 10:00:00,155.442,155.514,155.147,155.473,13109.0
2024-09-16 11:00:00,155.473,155.599,155.376,155.554,11178.0
2024-09-16 12:00:00,155.555,155.976,155.538,155.922,10112.0
2024-09-16 13:00:00,155.922,156.011,155.757,155.848,9552.0
2024-09-16 14:00:00,155.849,155.867,155.605,155.606,9607.0
2024-09-16 15:00:00,155.603,156.185,155.506,156.016,14682.0
2024-09-16 16:00:00,156.015,156.392,155.999,156.323,15056.0
2024-09-16 17:00:00,156.324,156.501,156.134,156.234,14190.0
2024-09-16 18:00:00,156.23,156.661,156.19,156.606,12054.0
2024-09-16 19:00:00,156.606,156.668,156.481,156.52,9106.0
2024-09-16 20:00:00,156.52,156.521,156.402,156.482,8547.0
2024-09-16 21:00:00,156.483,156.541,156.389,156.48,7039.0
2024-09-16 22:00:00,156.48,156.665,156.478,156.585,6424.0
2024-09-16 23:00:00,156.585,156.591,156.498,156.532,4982.0
2024-09-17 00:00:00,156.383,156.531,156.383,156.512,620.0
2024-09-17 01:00:00,156.512,156.746,156.506,156.742,2392.0
2024-09-17 02:00:00,156.743,157.098,156.637,156.698,5772.0
2024-09-17 03:00:00,156.697,156.753,156.33,156.459,9508.0
2024-09-17 04:00:00,156.46,156.474,156.172,156.282,9197.0
2024-09-17 05:00:00,156.284,156.447,156.146,156.421,6880.0
2024-09-17 06:00:00,156.42,156.498,156.306,156.4,5547.0
2024-09-17 07:00:00,156.404,156.553,156.372,156.498,5486.0
2024-09-17 08:00:00,156.498,156.617,156.352,156.551,6613.0
2024-09-17 09:00:00,156.555,156.589,156.397,156.449,8613.0
2024-09-17 10:00:00,156.449,156.608,156.042,156.577,11600.0
2024-09-17 11:00:00,156.574,156.737,156.416,156.663,9222.0
2024-09-17 12:00:00,156.662,156.664,156.48,156.648,8568.0
2024-09-17 13:00:00,156.648,156.67,156.544,156.624,6400.0
2024-09-17 14:00:00,156.622,156.685,156.493,156.613,8124.0
2024-09-17 15:00:00,156.613,156.948,156.575,156.827,15882.0
2024-09-17 16:00:00,156.827,157.462,156.732,157.343,17701.0
2024-09-17 17:00:00,157.344,157.883,157.327,157.629,18043.0
2024-09-17 18:00:00,157.63,157.677,157.403,157.618,12407.0
2024-09-17 19:00:00,157.617,157.863,157.554,157.598,10961.0
2024-09-17 20:00:00,157.597,157.828,157.584,157.744,10387.0
2024-09-17 21:00:00,157.746,157.837,157.705,157.725,9403.0
2024-09-17 22:00:00,157.726,158.165,157.702,158.096,9921.0
2024-09-17 23:00:00,158.095,158.32,158.076,158.261,6001.0
2024-09-18 00:00:00,158.253,158.26,158.122,158.203,850.0
2024-09-18 01:00:00,158.203,158.229,157.894,157.932,2615.0
2024-09-18 02:00:00,157.941,157.991,157.837,157.945,4343.0
2024-09-18 03:00:00,157.944,157.963,157.551,157.611,10028.0
2024-09-18 04:00:00,157.609,157.739,157.44,157.479,8721.0
2024-09-18 05:00:00,157.479,157.569,157.32,157.427,6639.0
2024-09-18 06:00:00,157.427,157.429,157.232,157.319,5499.0
2024-09-18 07:00:00,157.318,157.466,157.04,157.143,5612.0
2024-09-18 08:00:00,157.144,157.404,157.101,157.395,6455.0
2024-09-18 09:00:00,157.394,157.596,157.31,157.384,9074.0
2024-09-18 10:00:00,157.383,157.965,157.368,157.928,10711.0
2024-09-18 11:00:00,157.929,158.028,157.662,157.719,9758.0
2024-09-18 12:00:00,157.72,157.857,157.636,157.77,8345.0
2024-09-18 13:00:00,157.77,157.824,157.577,157.609,8015.0
2024-09-18 14:00:00,157.609,157.866,157.53,157.798,8838.0
2024-09-18 15:00:00,157.797,158.036,157.707,157.848,10707.0
2024-09-18 16:00:00,157.849,158.025,157.679,157.858,12242.0
2024-09-18 17:00:00,157.859,157.938,157.61,157.879,14525.0
2024-09-18 18:00:00,157.878,157.907,157.727,157.77,11317.0
2024-09-18 19:00:00,157.771,157.938,157.746,157.835,9114.0
2024-09-18 20:00:00,157.837,158.035,157.744,157.994,10801.0
2024-09-18 21:00:00,157.822,157.894,157.114,157.355,27074.0
2024-09-18 22:00:00,157.352,158.373,157.342,158.192,25332.0
2024-09-18 23:00:00,158.189,158.304,158.051,158.173,13182.0
2024-09-19 00:00:00,158.067,158.132,157.895,157.977,835.0
2024-09-19 01:00:00,157.986,158.175,157.78,158.063,4336.0
2024-09-19 02:00:00,158.069,158.662,158.062,158.605,8272.0
2024-09-19 03:00:00,158.605,159.187,158.602,159.014,16006.0
2024-09-19 04:00:00,159.016,159.417,158.954,159.312,12918.0
2024-09-19 05:00:00,159.311,159.376,158.972,158.989,12215.0
2024-09-19 06:00:00,158.988,159.194,158.88,159.187,10634.0
2024-09-19 07:00:00,159.187,159.301,159.068,159.225,8249.0
2024-09-19 08:00:00,159.223,159.289,158.671,158.703,10463.0
2024-09-19 09:00:00,158.703,158.918,158.354,158.548,13340.0
2024-09-19 10:00:00,158.548,158.881,158.338,158.841,15849.0
2024-09-19 11:00:00,158.842,159.47,158.797,159.399,13591.0
2024-09-19 12:00:00,159.396,159.746,159.395,159.578,11726.0
2024-09-19 13:00:00,159.578,159.969,159.537,159.551,11557.0
2024-09-19 14:00:00,159.552,159.801,159.361,159.476,13974.0
2024-09-19 15:00:00,159.478,159.953,159.174,159.95,17862.0
2024-09-19 16:00:00,159.949,159.955,159.353,159.421,19755.0
2024-09-19 17:00:00,159.422,159.442,158.826,159.059,19579.0
2024-09-19 18:00:00,159.061,159.335,158.931,159.279,14250.0
2024-09-19 19:00:00,159.28,159.674,159.243,159.571,9979.0
2024-09-19 20:00:00,159.571,159.621,159.423,159.512,8522.0
2024-09-19 21:00:00,159.511,159.546,159.171,159.296,10133.0
2024-09-19 22:00:00,159.297,159.368,159.119,159.212,9203.0
2024-09-19 23:00:00,159.212,159.253,159.11,159.2,7547.0
2024-09-20 00:00:00,159.142,159.214,158.975,159.19,654.0
2024-09-20 01:00:00,159.185,159.229,159.086,159.223,2640.0
2024-09-20 02:00:00,159.221,159.495,159.19,159.43,5114.0
2024-09-20 03:00:00,159.429,159.47,158.937,158.939,10036.0
2024-09-20 04:00:00,158.938,158.991,158.673,158.915,11111.0
2024-09-20 05:00:00,158.915,159.323,158.862,159.02,8205.0
2024-09-20 06:00:00,159.019,159.051,158.525,158.888,9609.0
2024-09-20 07:00:00,158.889,158.916,158.689,158.76,5870.0
2024-09-20 08:00:00,158.759,158.92,158.696,158.842,6354.0
2024-09-20 09:00:00,158.845,159.883,158.422,159.803,15479.0
2024-09-20 10:00:00,159.803,160.34,159.686,160.338,16572.0
2024-09-20 11:00:00,160.338,160.69,160.072,160.561,15302.0
2024-09-20 12:00:00,160.56,160.659,160.346,160.653,11621.0
2024-09-20 13:00:00,160.653,160.997,160.417,160.985,10607.0
2024-09-20 14:00:00,160.984,161.161,160.934,160.976,10981.0
2024-09-20 15:00:00,160.975,161.105,160.457,160.547,14113.0
2024-09-20 16:00:00,160.547,160.782,160.202,160.723,17785.0
2024-09-20 17:00:00,160.722,160.946,160.61,160.944,17481.0
2024-09-20 18:00:00,160.943,161.0,160.529,160.594,17458.0
2024-09-20 19:00:00,160.595,160.736,160.484,160.635,14209.0
2024-09-20 20:00:00,160.635,160.971,160.62,160.676,11321.0
2024-09-23 00:00:00,160.424,160.758,160.39,160.569,919.0
2024-09-23 01:00:00,160.535,160.802,160.363,160.651,3862.0
2024-09-23 02:00:00,160.65,160.803,160.531,160.777,4696.0
2024-09-23 03:00:00,160.779,160.956,160.73,160.826,9020.0
2024-09-23 04:00:00,160.828,161.191,160.828,161.11,9000.0
2024-09-23 05:00:00,161.11,161.184,161.061,161.138,5532.0
2024-09-23 06:00:00,161.138,161.189,161.038,161.08,4477.0
2024-09-23 07:00:00,161.079,161.133,160.976,161.04,3912.0
2024-09-23 08:00:00,161.039,161.106,160.864,160.874,4430.0
2024-09-23 09:00:00,160.88,160.907,160.545,160.671,10558.0
2024-09-23 10:00:00,160.674,160.696,159.475,159.494,19297.0
2024-09-23 11:00:00,159.493,159.499,159.046,159.273,16437.0
2024-09-23 12:00:00,159.273,159.684,159.208,159.508,11775.0
2024-09-23 13:00:00,159.506,159.56,159.23,159.331,9930.0
2024-09-23 14:00:00,159.33,159.758,159.182,159.693,10921.0
2024-09-23 15:00:00,159.695,159.988,159.519,159.908,12561.0
2024-09-23 16:00:00,159.909,160.376,159.827,160.327,16902.0
2024-09-23 17:00:00,160.329,160.53,159.952,160.053,18144.0
2024-09-23 18:00:00,160.052,160.25,159.778,159.822,13468.0
2024-09-23 19:00:00,159.821,159.821,159.42,159.475,13517.0
2024-09-23 20:00:00,159.472,159.556,159.361,159.478,10013.0
2024-09-23 21:00:00,159.479,159.529,159.304,159.325,8553.0
2024-09-23 22:00:00,159.325,159.517,159.325,159.481,8067.0
2024-09-23 23:00:00,159.48,159.599,159.477,159.545,5250.0
2024-09-24 00:00:00,159.31,159.583,159.202,159.531,925.0
2024-09-24 01:00:00,159.529,159.688,159.519,159.586,2106.0
2024-09-24 02:00:00,159.59,159.702,159.451,159.589,3734.0
2024-09-24 03:00:00,159.588,159.636,159.376,159.423,11019.0
2024-09-24 04:00:00,159.422,159.813,159.412,159.54,11265.0
2024-09-24 05:00:00,159.54,159.577,159.23,159.546,8650.0
2024-09-24 06:00:00,159.546,159.844,159.503,159.769,7078.0
2024-09-24 07:00:00,159.77,160.016,159.755,159.911,6654.0
2024-09-24 08:00:00,159.911,160.297,159.903,160.178,9465.0
2024-09-24 09:00:00,160.173,160.606,160.106,160.528,11962.0
2024-09-24 10:00:00,160.53,160.921,160.48,160.734,14391.0
2024-09-24 11:00:00,160.731,161.106,160.663,160.74,13771.0
2024-09-24 12:00:00,160.741,161.003,160.551,160.648,9933.0
2024-09-24 13:00:00,160.647,160.808,160.104,160.175,9391.0
2024-09-24 14:00:00,160.175,160.384,160.006,160.233,10037.0
2024-09-24 15:00:00,160.232,160.501,160.102,160.399,12995.0
2024-09-24 16:00:00,160.4,160.599,160.312,160.51,15072.0
2024-09-24 17:00:00,160.513,160.515,160.024,160.206,19205.0
2024-09-24 18:00:00,160.203,160.39,160.156,160.31,11823.0
2024-09-24 19:00:00,160.309,160.336,160.023,160.086,8611.0
2024-09-24 20:00:00,160.087,160.326,160.05,160.153,8503.0
2024-09-24 21:00:00,160.154,160.173,159.973,160.107,7939.0
2024-09-24 22:00:00,160.106,160.153,160.014,160.094,6659.0
2024-09-24 23:00:00,160.097,160.125,159.959,160.113,4567.0
2024-09-25 00:00:00,159.93,160.144,159.926,160.057,888.0
2024-09-25 01:00:00,160.056,160.142,159.856,160.048,2891.0
2024-09-25 02:00:00,160.045,160.128,159.903,159.973,4891.0
2024-09-25 03:00:00,159.975,160.354,159.93,160.255,10689.0
2024-09-25 04:00:00,160.253,160.506,160.18,160.492,10712.0
2024-09-25 05:00:00,160.491,160.588,160.368,160.476,7531.0
2024-09-25 06:00:00,160.475,160.614,160.448,160.468,6449.0
2024-09-25 07:00:00,160.468,160.568,160.334,160.386,6057.0
2024-09-25 08:00:00,160.387,160.485,160.255,160.385,7495.0
2024-09-25 09:00:00,160.388,160.847,160.341,160.787,10111.0
2024-09-25 10:00:00,160.788,161.056,160.707,161.029,12754.0
2024-09-25 11:00:00,161.03,161.227,160.963,160.991,11828.0
2024-09-25 12:00:00,160.99,161.283,160.953,161.244,10448.0
2024-09-25 13:00:00,161.244,161.426,161.133,161.413,8867.0
2024-09-25 14:00:00,161.411,161.611,161.383,161.559,10193.0
2024-09-25 15:00:00,161.56,161.669,161.363,161.474,12699.0
2024-09-25 16:00:00,161.476,161.561,161.21,161.273,15762.0
2024-09-25 17:00:00,161.276,161.411,161.0,161.279,15370.0
2024-09-25 18:00:00,161.283,161.328,160.877,160.913,13991.0
2024-09-25 19:00:00,160.912,161.005,160.849,160.929,11233.0
2024-09-25 20:00:00,160.929,161.008,160.838,160.988,11126.0
2024-09-25 21:00:00,160.988,161.178,160.921,161.087,11066.0
2024-09-25 22:00:00,161.086,161.128,160.979,161.059,8128.0
2024-09-25 23:00:00,161.058,161.193,161.046,161.141,4710.0
2024-09-26 00:00:00,161.034,161.123,161.015,161.044,1391.0
2024-09-26 01:00:00,161.038,161.061,160.912,161.024,4178.0
2024-09-26 02:00:00,161.028,161.133,160.975,161.064,4038.0
2024-09-26 03:00:00,161.064,161.07,160.851,160.918,8781.0
2024-09-26 04:00:00,160.917,161.413,160.905,161.315,7378.0
2024-09-26 05:00:00,161.314,161.441,161.279,161.363,5921.0
2024-09-26 06:00:00,161.363,161.538,161.337,161.46,5178.0
2024-09-26 07:00:00,161.46,161.476,161.133,161.206,7194.0
2024-09-26 08:00:00,161.207,161.493,161.15,161.358,7510.0
2024-09-26 09:00:00,161.358,161.559,161.252,161.541,9768.0
2024-09-26 10:00:00,161.542,161.855,161.449,161.486,14709.0
2024-09-26 11:00:00,161.484,161.676,161.113,161.359,13832.0
2024-09-26 12:00:00,161.36,161.631,161.25,161.252,11152.0
2024-09-26 13:00:00,161.251,161.304,160.992,161.014,10896.0
2024-09-26 14:00:00,161.012,161.169,160.79,160.799,10213.0
2024-09-26 15:00:00,160.8,161.33,160.745,161.205,15372.0
2024-09-26 16:00:00,161.205,161.268,160.861,161.069,17491.0
2024-09-26 17:00:00,161.057,161.826,161.032,161.701,19309.0
2024-09-26 18:00:00,161.702,161.886,161.633,161.79,14298.0
2024-09-26 19:00:00,161.792,161.905,161.653,161.794,11993.0
2024-09-26 20:00:00,161.795,161.798,161.467,161.786,12111.0
2024-09-26 21:00:00,161.787,161.842,161.611,161.682,9476.0
2024-09-26 22:00:00,161.678,161.724,161.59,161.697,9154.0
2024-09-26 23:00:00,161.698,161.921,161.696,161.834,5709.0
2024-09-27 00:00:00,161.783,161.877,161.668,161.81,1441.0
2024-09-27 01:00:00,161.792,162.03,161.781,161.917,3559.0
2024-09-27 02:00:00,161.921,162.186,161.92,162.158,5075.0
2024-09-27 03:00:00,162.157,162.489,161.983,162.468,11943.0
2024-09-27 04:00:00,162.468,162.563,162.185,162.221,10677.0
2024-09-27 05:00:00,162.221,162.255,161.914,162.052,9594.0
2024-09-27 06:00:00,162.053,162.24,161.949,162.234,7838.0
2024-09-27 07:00:00,162.234,162.783,162.234,162.77,7602.0
2024-09-27 08:00:00,162.765,163.491,162.758,163.278,15681.0
2024-09-27 09:00:00,163.277,163.349,159.537,159.658,21344.0
2024-09-27 10:00:00,159.658,159.77,159.004,159.416,19219.0
2024-09-27 11:00:00,159.415,160.108,159.223,159.527,15723.0
2024-09-27 12:00:00,159.517,159.925,159.426,159.731,14280.0
2024-09-27 13:00:00,159.732,159.921,159.669,159.885,11526.0
2024-09-27 14:00:00,159.892,160.057,159.704,159.742,11583.0
2024-09-27 15:00:00,159.743,159.777,159.306,159.617,17043.0
2024-09-27 16:00:00,159.616,159.987,159.398,159.455,17029.0
2024-09-27 17:00:00,159.447,159.866,159.26,159.696,18075.0
2024-09-27 18:00:00,159.698,159.814,159.089,159.121,15078.0
2024-09-27 19:00:00,159.121,159.153,158.768,158.921,12825.0
2024-09-27 20:00:00,158.921,159.042,158.774,158.891,10709.0
2024-09-30 00:00:00,158.734,158.795,158.533,158.711,1346.0
2024-09-30 01:00:00,158.716,159.419,158.716,159.373,6038.0
2024-09-30 02:00:00,159.379,159.654,159.285,159.482,6234.0
2024-09-30 03:00:00,159.477,159.546,159.168,159.387,12865.0
2024-09-30 04:00:00,159.389,159.573,158.972,159.004,11699.0
2024-09-30 05:00:00,159.0,159.093,158.732,159.06,9323.0
2024-09-30 06:00:00,159.061,159.069,158.834,158.947,7603.0
2024-09-30 07:00:00,158.947,159.024,158.59,158.639,6724.0
2024-09-30 08:00:00,158.639,158.698,158.18,158.239,11056.0
2024-09-30 09:00:00,158.238,158.681,158.097,158.645,12328.0
2024-09-30 10:00:00,158.64,159.109,158.458,159.051,12188.0
2024-09-30 11:00:00,159.051,159.757,159.051,159.717,13287.0
2024-09-30 12:00:00,159.723,159.725,159.431,159.485,10169.0
2024-09-30 13:00:00,159.486,159.751,159.478,159.572,8449.0
2024-09-30 14:00:00,159.572,159.675,159.406,159.63,9839.0
2024-09-30 15:00:00,159.63,159.975,159.606,159.953,11485.0
2024-09-30 16:00:00,159.954,159.97,159.491,159.852,14975.0
2024-09-30 17:00:00,159.852,159.917,159.23,159.599,17781.0
2024-09-30 18:00:00,159.6,159.853,159.564,159.654,13289.0
2024-09-30 19:00:00,159.652,159.686,159.473,159.548,10261.0
2024-09-30 20:00:00,159.548,159.648,159.458,159.59,9409.0
2024-09-30 21:00:00,159.594,160.055,159.587,159.954,18231.0
2024-09-30 22:00:00,159.951,160.13,159.908,160.004,12675.0
2024-09-30 23:00:00,160.006,160.028,159.884,159.923,7527.0
2024-10-01 00:00:00,159.472,159.92,159.472,159.871,698.0
2024-10-01 01:00:00,159.875,160.008,159.852,159.944,2615.0
2024-10-01 02:00:00,159.94,160.066,159.742,160.047,4999.0
2024-10-01 03:00:00,160.045,160.429,160.001,160.262,10794.0
2024-10-01 04:00:00,160.263,160.456,160.087,160.144,9106.0
2024-10-01 05:00:00,160.143,160.427,160.038,160.407,6343.0
2024-10-01 06:00:00,160.411,160.76,160.358,160.696,6926.0
2024-10-01 07:00:00,160.696,160.83,160.625,160.733,5713.0
2024-10-01 08:00:00,160.733,160.885,160.628,160.667,6715.0
2024-10-01 09:00:00,160.675,160.903,160.567,160.713,11837.0
2024-10-01 10:00:00,160.711,160.718,159.962,160.251,17630.0
2024-10-01 11:00:00,160.249,160.284,159.518,159.669,16101.0
2024-10-01 12:00:00,159.669,159.807,159.39,159.472,11880.0
2024-10-01 13:00:00,159.473,159.532,159.296,159.361,9930.0
2024-10-01 14:00:00,159.362,159.561,159.083,159.343,11483.0
2024-10-01 15:00:00,159.342,159.518,159.169,159.469,12957.0
2024-10-01 16:00:00,159.468,159.629,158.461,158.879,18055.0
2024-10-01 17:00:00,158.875,159.201,158.421,159.065,22957.0
2024-10-01 18:00:00,159.069,159.237,158.814,158.991,14914.0
2024-10-01 19:00:00,158.985,159.019,158.451,158.777,14578.0
2024-10-01 20:00:00,158.776,159.127,158.371,159.099,15010.0
2024-10-01 21:00:00,159.1,159.246,158.954,159.063,11437.0
2024-10-01 22:00:00,159.063,159.172,158.846,158.883,11991.0
2024-10-01 23:00:00,158.883,158.94,158.846,158.883,9533.0
2024-10-02 00:00:00,158.856,158.954,158.758,158.938,1142.0
2024-10-02 01:00:00,158.943,158.961,158.746,158.829,2700.0
2024-10-02 02:00:00,158.83,159.067,158.803,159.026,4563.0
2024-10-02 03:00:00,159.025,159.227,159.004,159.141,9824.0
2024-10-02 04:00:00,159.142,159.344,158.913,159.325,8882.0
2024-10-02 05:00:00,159.326,159.399,159.253,159.361,6207.0
2024-10-02 06:00:00,159.362,159.624,159.217,159.566,7512.0
2024-10-02 07:00:00,159.567,159.59,158.825,159.012,8678.0
2024-10-02 08:00:00,159.011,159.107,158.705,158.975,14020.0
2024-10-02 09:00:00,158.974,159.43,158.918,159.237,12186.0
2024-10-02 10:00:00,159.247,159.631,159.247,159.429,13525.0
2024-10-02 11:00:00,159.431,159.859,159.347,159.803,10736.0
2024-10-02 12:00:00,159.803,159.839,159.569,159.718,9458.0
2024-10-02 13:00:00,159.718,160.332,159.5,160.241,12231.0
2024-10-02 14:00:00,160.246,160.435,160.127,160.264,11681.0
2024-10-02 15:00:00,160.264,160.763,160.238,160.686,15161.0
2024-10-02 16:00:00,160.69,161.106,160.611,161.063,16021.0
2024-10-02 17:00:00,161.063,161.416,160.899,161.334,17791.0
2024-10-02 18:00:00,161.336,161.49,161.169,161.376,14162.0
2024-10-02 19:00:00,161.374,161.49,161.283,161.311,9499.0
2024-10-02 20:00:00,161.312,161.497,161.245,161.476,7914.0
2024-10-02 21:00:00,161.476,161.581,161.418,161.526,7443.0
2024-10-02 22:00:00,161.524,161.88,161.495,161.801,6756.0
2024-10-02 23:00:00,161.802,161.875,161.721,161.772,5373.0
2024-10-03 00:00:00,161.658,161.722,161.589,161.683,1375.0
2024-10-03 01:00:00,161.677,162.276,161.612,161.935,5173.0
2024-10-03 02:00:00,161.938,162.123,161.758,161.905,6724.0
2024-10-03 03:00:00,161.904,162.332,161.786,162.266,11200.0
2024-10-03 04:00:00,162.267,162.489,162.018,162.057,10468.0
2024-10-03 05:00:00,162.057,162.169,161.885,161.987,7871.0
2024-10-03 06:00:00,161.988,162.156,161.981,162.061,6644.0
2024-10-03 07:00:00,162.062,162.129,161.828,161.878,6190.0
2024-10-03 08:00:00,161.876,161.95,161.58,161.632,9784.0
2024-10-03 09:00:00,161.61,162.02,161.537,161.951,11417.0
2024-10-03 10:00:00,161.949,162.062,161.369,161.576,14270.0
2024-10-03 11:00:00,161.576,162.103,161.476,161.977,12211.0
2024-10-03 12:00:00,161.979,162.357,161.964,162.14,10761.0
2024-10-03 13:00:00,162.14,162.204,162.026,162.144,8673.0
2024-10-03 14:00:00,162.148,162.279,161.864,161.958,9755.0
2024-10-03 15:00:00,161.959,162.037,161.725,161.923,14443.0
2024-10-03 16:00:00,161.926,161.955,161.664,161.824,15040.0
2024-10-03 17:00:00,161.837,162.258,161.649,161.703,22447.0
2024-10-03 18:00:00,161.703,161.803,161.496,161.729,13793.0
2024-10-03 19:00:00,161.729,161.971,161.729,161.833,9864.0
2024-10-03 20:00:00,161.833,161.869,161.717,161.801,10613.0
2024-10-03 21:00:00,161.802,161.949,161.797,161.935,8482.0
2024-10-03 22:00:00,161.932,161.967,161.866,161.964,6262.0
2024-10-03 23:00:00,161.962,162.095,161.96,162.086,3760.0
2024-10-04 00:00:00,161.684,162.026,161.674,161.997,1520.0
2024-10-04 01:00:00,161.995,162.089,161.948,162.044,2102.0
2024-10-04 02:00:00,162.043,162.053,161.895,162.044,2988.0
2024-10-04 03:00:00,162.043,162.134,161.797,161.818,8710.0
2024-10-04 04:00:00,161.818,161.853,161.618,161.642,8898.0
2024-10-04 05:00:00,161.643,161.694,161.483,161.494,6883.0
2024-10-04 06:00:00,161.491,161.567,161.399,161.41,6205.0
2024-10-04 07:00:00,161.41,161.421,161.162,161.255,7133.0
2024-10-04 08:00:00,161.254,161.332,161.003,161.183,8427.0
2024-10-04 09:00:00,161.185,161.344,161.01,161.315,9853.0
2024-10-04 10:00:00,161.314,161.451,161.224,161.342,12169.0
2024-10-04 11:00:00,161.342,161.423,161.262,161.347,9769.0
2024-10-04 12:00:00,161.347,161.519,161.302,161.519,9071.0
2024-10-04 13:00:00,161.522,161.696,161.475,161.552,6932.0
2024-10-04 14:00:00,161.549,161.752,161.527,161.72,7686.0
2024-10-04 15:00:00,161.721,162.978,161.401,162.933,19066.0
2024-10-04 16:00:00,162.929,163.126,162.752,162.844,19273.0
2024-10-04 17:00:00,162.844,163.068,162.789,162.901,17585.0
2024-10-04 18:00:00,162.901,163.008,162.778,162.982,14057.0
2024-10-04 19:00:00,162.982,163.277,162.95,163.232,10529.0
2024-10-04 20:00:00,163.231,163.336,163.157,163.197,9218.0
2024-10-07 00:00:00,162.67,163.233,162.67,163.132,1862.0
2024-10-07 01:00:00,163.147,163.543,163.147,163.383,5217.0
2024-10-07 02:00:00,163.382,163.571,163.218,163.232,6090.0
2024-10-07 03:00:00,163.232,163.232,162.786,162.82,11425.0
2024-10-07 04:00:00,162.82,163.019,162.769,162.83,10552.0
2024-10-07 05:00:00,162.831,163.024,162.696,163.014,8210.0
2024-10-07 06:00:00,163.015,163.092,162.777,162.833,6548.0
2024-10-07 07:00:00,162.833,162.927,162.752,162.922,5886.0
2024-10-07 08:00:00,162.923,162.98,162.788,162.824,6614.0
2024-10-07 09:00:00,162.827,162.976,162.658,162.796,11234.0
2024-10-07 10:00:00,162.796,162.848,162.444,162.648,14344.0
2024-10-07 11:00:00,162.649,162.791,162.516,162.708,12071.0
2024-10-07 12:00:00,162.707,162.789,162.395,162.565,11229.0
2024-10-07 13:00:00,162.565,163.005,162.532,162.983,9229.0
2024-10-07 14:00:00,162.981,163.055,162.66,162.758,10466.0
2024-10-07 15:00:00,162.758,162.771,162.497,162.652,12831.0
2024-10-07 16:00:00,162.65,162.712,162.289,162.414,15861.0
2024-10-07 17:00:00,162.416,162.703,162.4,162.669,15288.0
2024-10-07 18:00:00,162.67,162.737,162.475,162.585,10725.0
2024-10-07 19:00:00,162.589,162.714,162.527,162.564,8239.0
2024-10-07 20:00:00,162.562,162.59,162.475,162.556,6278.0
2024-10-07 21:00:00,162.556,162.563,162.371,162.454,8043.0
2024-10-07 22:00:00,162.453,162.494,162.365,162.474,7169.0
2024-10-07 23:00:00,162.471,162.644,162.462,162.615,5592.0
2024-10-08 00:00:00,162.527,162.621,162.472,162.548,2243.0
2024-10-08 01:00:00,162.544,162.647,162.018,162.137,3486.0
2024-10-08 02:00:00,162.145,162.597,162.136,162.568,6619.0
2024-10-08 03:00:00,162.568,162.636,162.261,162.337,10433.0
2024-10-08 04:00:00,162.336,162.479,162.279,162.388,10592.0
2024-10-08 05:00:00,162.387,162.405,161.9,162.19,11693.0
2024-10-08 06:00:00,162.19,162.531,162.19,162.459,7756.0
2024-10-08 07:00:00,162.46,162.691,162.454,162.673,5274.0
2024-10-08 08:00:00,162.673,162.757,162.37,162.522,8872.0
2024-10-08 09:00:00,162.525,162.714,162.383,162.549,10199.0
2024-10-08 10:00:00,162.553,162.612,161.998,162.282,14652.0
2024-10-08 11:00:00,162.282,162.543,162.172,162.531,10489.0
2024-10-08 12:00:00,162.531,162.594,162.325,162.423,9252.0
2024-10-08 13:00:00,162.421,162.593,162.396,162.445,8517.0
2024-10-08 14:00:00,162.445,162.497,162.361,162.457,8062.0
2024-10-08 15:00:00,162.454,162.696,162.451,162.484,10659.0
2024-10-08 16:00:00,162.482,162.807,162.452,162.747,12505.0
2024-10-08 17:00:00,162.75,162.821,162.583,162.713,12524.0
2024-10-08 18:00:00,162.713,162.726,162.555,162.606,9915.0
2024-10-08 19:00:00,162.607,162.653,162.483,162.601,7359.0
2024-10-08 20:00:00,162.603,162.705,162.56,162.694,8306.0
2024-10-08 21:00:00,162.693,162.792,162.632,162.773,7573.0
2024-10-08 22:00:00,162.774,162.809,162.741,162.78,6233.0
2024-10-08 23:00:00,162.777,162.818,162.664,162.724,6244.0
2024-10-09 00:00:00,162.684,162.741,162.53,162.739,1734.0
2024-10-09 01:00:00,162.738,162.829,162.694,162.735,1408.0
2024-10-09 02:00:00,162.734,162.843,162.561,162.594,3269.0
2024-10-09 03:00:00,162.595,162.709,162.451,162.684,6390.0
2024-10-09 04:00:00,162.685,162.868,162.581,162.601,8776.0
2024-10-09 05:00:00,162.601,162.686,162.455,162.662,7328.0
2024-10-09 06:00:00,162.661,162.705,162.556,162.672,6012.0
2024-10-09 07:00:00,162.671,162.719,162.562,162.624,4047.0
2024-10-09 08:00:00,162.626,163.072,162.625,163.053,10401.0
2024-10-09 09:00:00,163.051,163.067,162.722,162.74,8464.0
2024-10-09 10:00:00,162.74,162.893,162.386,162.805,12950.0
2024-10-09 11:00:00,162.803,162.963,162.755,162.962,9196.0
2024-10-09 12:00:00,162.964,163.038,162.864,162.988,7876.0
2024-10-09 13:00:00,162.987,163.115,162.815,162.947,7423.0
2024-10-09 14:00:00,162.946,162.978,162.833,162.913,7125.0
2024-10-09 15:00:00,162.914,163.162,162.889,163.158,7729.0
2024-10-09 16:00:00,163.159,163.37,162.993,163.329,10742.0
2024-10-09 17:00:00,163.332,163.447,163.149,163.284,10960.0
2024-10-09 18:00:00,163.285,163.465,163.234,163.379,9378.0
2024-10-09 19:00:00,163.379,163.438,163.249,163.283,6865.0
2024-10-09 20:00:00,163.284,163.306,163.179,163.179,7188.0
2024-10-09 21:00:00,163.181,163.347,163.172,163.344,8807.0
2024-10-09 22:00:00,163.345,163.377,163.246,163.334,7267.0
2024-10-09 23:00:00,163.333,163.372,163.311,163.346,3581.0
2024-10-10 00:00:00,163.068,163.245,163.053,163.204,2212.0
2024-10-10 01:00:00,163.203,163.324,163.17,163.274,2260.0
2024-10-10 02:00:00,163.273,163.323,163.184,163.211,3150.0
2024-10-10 03:00:00,163.213,163.34,163.001,163.25,7431.0
2024-10-10 04:00:00,163.247,163.27,163.133,163.15,6737.0
2024-10-10 05:00:00,163.15,163.277,163.139,163.266,6338.0
2024-10-10 06:00:00,163.266,163.304,163.21,163.301,4150.0
2024-10-10 07:00:00,163.299,163.608,163.299,163.458,4820.0
2024-10-10 08:00:00,163.458,163.547,163.226,163.276,6035.0
2024-10-10 09:00:00,163.266,163.269,163.052,163.085,9113.0
2024-10-10 10:00:00,163.086,163.2,162.921,162.986,10825.0
2024-10-10 11:00:00,162.988,163.104,162.95,162.978,8899.0
2024-10-10 12:00:00,162.97,162.995,162.708,162.782,8067.0
2024-10-10 13:00:00,162.781,162.843,162.684,162.819,7392.0
2024-10-10 14:00:00,162.82,162.99,162.818,162.824,8647.0
2024-10-10 15:00:00,162.825,163.103,162.359,162.641,18626.0
2024-10-10 16:00:00,162.64,162.768,162.357,162.488,18695.0
2024-10-10 17:00:00,162.488,162.544,162.227,162.432,17498.0
2024-10-10 18:00:00,162.433,162.528,162.201,162.311,12093.0
2024-10-10 19:00:00,162.311,162.423,162.179,162.408,11157.0
2024-10-10 20:00:00,162.409,162.557,162.332,162.493,12458.0
2024-10-10 21:00:00,162.493,162.548,162.374,162.468,10169.0
2024-10-10 22:00:00,162.467,162.472,162.313,162.448,7127.0
2024-10-10 23:00:00,162.449,162.504,162.402,162.501,3747.0
2024-10-11 00:00:00,162.32,162.45,162.23,162.431,1337.0
2024-10-11 01:00:00,162.432,162.549,162.425,162.546,1847.0
2024-10-11 02:00:00,162.533,162.632,162.424,162.592,3336.0
2024-10-11 03:00:00,162.594,162.657,162.335,162.385,8561.0
2024-10-11 04:00:00,162.383,162.667,162.305,162.629,7112.0
2024-10-11 05:00:00,162.629,162.664,162.538,162.597,4907.0
2024-10-11 06:00:00,162.598,162.711,162.508,162.69,5157.0
2024-10-11 07:00:00,162.69,162.722,162.607,162.635,4553.0
2024-10-11 08:00:00,162.634,162.643,162.494,162.609,4935.0
2024-10-11 09:00:00,162.607,162.815,162.563,162.679,7567.0
2024-10-11 10:00:00,162.677,162.871,162.587,162.834,9375.0
2024-10-11 11:00:00,162.834,162.888,162.769,162.866,7009.0
2024-10-11 12:00:00,162.866,162.995,162.836,162.931,6685.0
2024-10-11 13:00:00,162.931,163.052,162.882,163.007,6056.0
2024-10-11 14:00:00,163.007,163.093,162.867,162.882,6178.0
2024-10-11 15:00:00,162.88,163.116,162.778,162.977,12992.0
2024-10-11 16:00:00,162.976,163.182,162.931,163.109,11348.0
2024-10-11 17:00:00,163.089,163.409,162.985,163.342,12752.0
2024-10-11 18:00:00,163.341,163.363,163.168,163.169,9138.0
2024-10-11 19:00:00,163.169,163.191,163.07,163.085,7018.0
2024-10-11 20:00:00,163.086,163.185,163.062,163.098,4969.0
2024-10-14 00:00:00,162.687,163.062,162.678,162.978,1714.0
2024-10-14 01:00:00,163.029,163.189,163.022,163.185,2918.0
2024-10-14 02:00:00,163.187,163.24,163.051,163.087,2912.0
2024-10-14 03:00:00,163.09,163.126,162.891,162.969,5273.0
2024-10-14 04:00:00,162.968,163.016,162.922,162.988,7773.0
2024-10-14 05:00:00,162.988,163.125,162.93,163.124,4705.0
2024-10-14 06:00:00,163.124,163.198,163.069,163.15,2997.0
2024-10-14 07:00:00,163.149,163.151,163.057,163.079,1648.0
2024-10-14 08:00:00,163.078,163.116,162.964,163.041,3785.0
2024-10-14 09:00:00,163.043,163.106,162.998,163.015,5875.0
2024-10-14 10:00:00,163.016,163.257,162.971,163.221,7063.0
2024-10-14 11:00:00,163.222,163.346,163.188,163.275,6214.0
2024-10-14 12:00:00,163.274,163.36,163.259,163.278,4818.0
2024-10-14 13:00:00,163.278,163.343,163.265,163.316,4492.0
2024-10-14 14:00:00,163.317,163.449,163.275,163.298,6541.0
2024-10-14 15:00:00,163.299,163.514,163.243,163.361,6770.0
2024-10-14 16:00:00,163.36,163.6,163.347,163.556,9400.0
2024-10-14 17:00:00,163.557,163.597,163.48,163.547,9076.0
2024-10-14 18:00:00,163.547,163.58,163.41,163.413,5078.0
2024-10-14 19:00:00,163.412,163.46,163.352,163.447,3670.0
2024-10-14 20:00:00,163.447,163.45,163.305,163.421,3602.0
2024-10-14 21:00:00,163.422,163.426,163.314,163.347,2999.0
2024-10-14 22:00:00,163.346,163.376,163.216,163.298,6969.0
2024-10-14 23:00:00,163.298,163.368,163.259,163.358,2327.0
2024-10-15 00:00:00,163.34,163.369,163.184,163.344,923.0
2024-10-15 01:00:00,163.343,163.356,163.298,163.337,1383.0
2024-10-15 02:00:00,163.337,163.428,163.265,163.326,2883.0
2024-10-15 03:00:00,163.333,163.352,163.074,163.151,6933.0
2024-10-15 04:00:00,163.152,163.158,163.007,163.086,4048.0
2024-10-15 05:00:00,163.086,163.264,163.061,163.113,4524.0
2024-10-15 06:00:00,163.114,163.157,163.047,163.132,3903.0
2024-10-15 07:00:00,163.132,163.141,163.038,163.038,3544.0
2024-10-15 08:00:00,163.039,163.061,162.733,162.979,6232.0
2024-10-15 09:00:00,162.979,162.979,162.626,162.638,9707.0
2024-10-15 10:00:00,162.638,162.669,162.428,162.64,10248.0
2024-10-15 11:00:00,162.653,162.84,162.471,162.728,8801.0
2024-10-15 12:00:00,162.729,162.777,162.366,162.508,8292.0
2024-10-15 13:00:00,162.509,162.713,162.479,162.606,6645.0
2024-10-15 14:00:00,162.606,162.947,162.6,162.809,7506.0
2024-10-15 15:00:00,162.81,162.891,162.556,162.652,10121.0
2024-10-15 16:00:00,162.651,162.864,162.647,162.757,10927.0
2024-10-15 17:00:00,162.758,162.874,162.339,162.697,14492.0
2024-10-15 18:00:00,162.699,162.831,162.632,162.637,10961.0
2024-10-15 19:00:00,162.64,162.827,162.617,162.736,7158.0
2024-10-15 20:00:00,162.738,162.806,162.653,162.656,6359.0
2024-10-15 21:00:00,162.656,162.701,162.501,162.518,6361.0
2024-10-15 22:00:00,162.518,162.531,162.398,162.475,6776.0
2024-10-15 23:00:00,162.476,162.518,162.436,162.517,3828.0
2024-10-16 00:00:00,162.584,162.727,162.444,162.503,932.0
2024-10-16 01:00:00,162.511,162.532,162.431,162.508,1337.0
2024-10-16 02:00:00,162.506,162.572,162.237,162.254,2986.0
2024-10-16 03:00:00,162.255,162.497,162.189,162.485,7499.0
2024-10-16 04:00:00,162.486,162.524,162.103,162.32,7553.0
2024-10-16 05:00:00,162.319,162.429,162.209,162.396,4614.0
2024-10-16 06:00:00,162.395,162.538,162.346,162.461,5251.0
2024-10-16 07:00:00,162.46,162.552,162.437,162.54,3571.0
2024-10-16 08:00:00,162.54,162.649,162.442,162.624,5026.0
2024-10-16 09:00:00,162.635,162.639,162.255,162.368,10265.0
2024-10-16 10:00:00,162.37,162.704,162.261,162.635,10271.0
2024-10-16 11:00:00,162.635,162.688,162.452,162.666,7797.0
2024-10-16 12:00:00,162.666,162.786,162.526,162.63,7844.0
2024-10-16 13:00:00,162.63,162.749,162.538,162.679,5553.0
2024-10-16 14:00:00,162.674,162.762,162.453,162.513,7066.0
2024-10-16 15:00:00,162.515,162.761,162.481,162.734,9026.0
2024-10-16 16:00:00,162.735,162.807,162.523,162.603,9737.0
2024-10-16 17:00:00,162.604,162.83,162.581,162.795,10526.0
2024-10-16 18:00:00,162.796,162.796,162.655,162.776,8240.0
2024-10-16 19:00:00,162.776,162.881,162.736,162.744,5035.0
2024-10-16 20:00:00,162.745,162.751,162.637,162.665,3913.0
2024-10-16 21:00:00,162.665,162.708,162.562,162.591,5030.0
2024-10-16 22:00:00,162.59,162.649,162.558,162.558,4777.0
2024-10-16 23:00:00,162.559,162.577,162.482,162.546,3440.0
2024-10-17 00:00:00,162.358,162.582,162.358,162.473,1233.0
2024-10-17 01:00:00,162.459,162.545,162.398,162.419,1413.0
2024-10-17 02:00:00,162.422,162.502,162.36,162.408,2310.0
2024-10-17 03:00:00,162.407,162.506,162.285,162.454,7454.0
2024-10-17 04:00:00,162.453,162.476,162.163,162.264,7379.0
2024-10-17 05:00:00,162.265,162.301,162.064,162.289,6647.0
2024-10-17 06:00:00,162.29,162.336,162.188,162.311,6097.0
2024-10-17 07:00:00,162.312,162.335,162.153,162.302,5240.0
2024-10-17 08:00:00,162.3,162.323,162.209,162.287,6737.0
2024-10-17 09:00:00,162.285,162.456,162.179,162.363,7294.0
2024-10-17 10:00:00,162.364,162.63,162.353,162.574,7611.0
2024-10-17 11:00:00,162.574,162.631,162.517,162.594,6426.0
2024-10-17 12:00:00,162.597,162.597,162.436,162.487,5438.0
2024-10-17 13:00:00,162.488,162.552,162.429,162.547,5278.0
2024-10-17 14:00:00,162.548,162.593,162.398,162.433,4669.0
2024-10-17 15:00:00,162.434,162.719,162.382,162.462,14881.0
2024-10-17 16:00:00,162.463,162.547,161.844,162.267,17406.0
2024-10-17 17:00:00,162.269,162.456,162.177,162.45,13867.0
2024-10-17 18:00:00,162.451,162.719,162.397,162.688,9852.0
2024-10-17 19:00:00,162.687,162.761,162.565,162.6,7776.0
2024-10-17 20:00:00,162.6,162.665,162.524,162.654,5240.0
2024-10-17 21:00:00,162.655,162.711,162.586,162.671,5811.0
2024-10-17 22:00:00,162.672,162.741,162.632,162.658,4748.0
2024-10-17 23:00:00,162.659,162.714,162.629,162.706,2729.0
2024-10-18 00:00:00,162.52,162.67,162.52,162.66,1123.0
2024-10-18 01:00:00,162.666,162.699,162.612,162.667,1245.0
2024-10-18 02:00:00,162.668,162.696,162.525,162.553,2210.0
2024-10-18 03:00:00,162.554,162.59,162.364,162.483,8065.0
2024-10-18 04:00:00,162.485,162.574,162.338,162.543,6747.0
2024-10-18 05:00:00,162.545,162.638,162.467,162.499,4961.0
2024-10-18 06:00:00,162.498,162.556,162.412,162.462,4414.0
2024-10-18 07:00:00,162.461,162.608,162.43,162.499,3903.0
2024-10-18 08:00:00,162.498,162.526,162.356,162.521,6218.0
2024-10-18 09:00:00,162.525,162.694,162.359,162.618,9239.0
2024-10-18 10:00:00,162.618,162.792,162.487,162.718,8183.0
2024-10-18 11:00:00,162.716,162.808,162.414,162.481,7184.0
2024-10-18 12:00:00,162.482,162.586,162.351,162.581,6181.0
2024-10-18 13:00:00,162.581,162.653,162.176,162.609,7029.0
2024-10-18 14:00:00,162.605,162.824,162.562,162.727,6104.0
2024-10-18 15:00:00,162.726,162.853,162.629,162.741,8827.0
2024-10-18 16:00:00,162.741,162.83,162.519,162.569,8871.0
2024-10-18 17:00:00,162.569,162.654,162.384,162.424,9148.0
2024-10-18 18:00:00,162.425,162.492,162.333,162.352,7302.0
2024-10-18 19:00:00,162.35,162.453,162.299,162.367,5850.0
2024-10-18 20:00:00,162.367,162.518,162.352,162.484,4893.0
2024-10-21 00:00:00,162.232,162.498,162.162,162.444,1593.0
2024-10-21 01:00:00,162.44,162.638,162.44,162.567,2252.0
2024-10-21 02:00:00,162.566,162.596,162.457,162.593,2683.0
2024-10-21 03:00:00,162.594,162.609,162.173,162.305,8549.0
2024-10-21 04:00:00,162.309,162.332,162.021,162.113,9172.0
2024-10-21 05:00:00,162.112,162.197,162.018,162.124,5649.0
2024-10-21 06:00:00,162.121,162.176,161.994,162.152,5622.0
2024-10-21 07:00:00,162.151,162.223,162.089,162.143,5739.0
2024-10-21 08:00:00,162.145,162.209,162.05,162.202,8633.0
2024-10-21 09:00:00,162.202,162.405,162.12,162.386,8910.0
2024-10-21 10:00:00,162.385,162.614,162.378,162.544,9594.0
2024-10-21 11:00:00,162.543,162.789,162.541,162.77,6811.0
2024-10-21 12:00:00,162.77,162.832,162.633,162.766,6972.0
2024-10-21 13:00:00,162.765,162.79,162.61,162.649,6770.0
2024-10-21 14:00:00,162.646,162.773,162.591,162.75,6697.0
2024-10-21 15:00:00,162.749,162.854,162.597,162.777,9120.0
2024-10-21 16:00:00,162.778,162.88,162.737,162.85,9606.0
2024-10-21 17:00:00,162.851,162.906,162.699,162.779,9863.0
2024-10-21 18:00:00,162.778,162.843,162.636,162.81,10173.0
2024-10-21 19:00:00,162.808,162.882,162.798,162.836,6728.0
2024-10-21 20:00:00,162.835,163.123,162.828,163.05,6159.0
2024-10-21 21:00:00,163.051,163.099,163.006,163.006,5119.0
2024-10-21 22:00:00,163.011,163.11,162.985,163.067,4326.0
2024-10-21 23:00:00,163.067,163.154,163.051,163.128,3224.0
2024-10-22 00:00:00,162.956,163.1,162.873,163.003,2347.0
2024-10-22 01:00:00,163.002,163.088,162.941,162.97,1969.0
2024-10-22 02:00:00,162.974,163.094,162.882,162.902,3544.0
2024-10-22 03:00:00,162.901,163.068,162.863,162.924,8434.0
2024-10-22 04:00:00,162.925,163.06,162.818,163.002,8528.0
2024-10-22 05:00:00,163.002,163.162,162.971,163.136,5496.0
2024-10-22 06:00:00,163.136,163.316,163.12,163.291,5079.0
2024-10-22 07:00:00,163.29,163.483,163.218,163.251,7748.0
2024-10-22 08:00:00,163.249,163.39,163.152,163.208,10721.0
2024-10-22 09:00:00,163.208,163.334,163.098,163.28,10017.0
2024-10-22 10:00:00,163.282,163.66,163.113,163.637,10833.0
2024-10-22 11:00:00,163.637,163.666,163.355,163.476,9551.0
2024-10-22 12:00:00,163.473,163.503,163.152,163.192,8687.0
2024-10-22 13:00:00,163.19,163.394,163.069,163.345,8935.0
2024-10-22 14:00:00,163.347,163.439,163.158,163.199,9043.0
2024-10-22 15:00:00,163.198,163.307,163.092,163.167,10118.0
2024-10-22 16:00:00,163.166,163.169,162.774,163.105,13203.0
2024-10-22 17:00:00,163.107,163.304,162.966,163.201,13889.0
2024-10-22 18:00:00,163.201,163.375,163.1,163.265,10555.0
2024-10-22 19:00:00,163.264,163.448,163.223,163.259,7134.0
2024-10-22 20:00:00,163.26,163.269,163.069,163.101,7507.0
2024-10-22 21:00:00,163.101,163.167,162.997,163.142,5282.0
2024-10-22 22:00:00,163.144,163.202,163.083,163.125,4791.0
2024-10-22 23:00:00,163.126,163.208,163.111,163.154,3646.0
2024-10-23 00:00:00,163.016,163.119,162.968,163.074,1029.0
2024-10-23 01:00:00,163.077,163.143,163.065,163.129,1286.0
2024-10-23 02:00:00,163.128,163.196,163.097,163.188,1767.0
2024-10-23 03:00:00,163.187,163.544,163.169,163.515,6614.0
2024-10-23 04:00:00,163.515,163.867,163.486,163.7,8820.0
2024-10-23 05:00:00,163.701,163.97,163.696,163.954,6824.0
2024-10-23 06:00:00,163.954,164.049,163.866,163.927,5556.0
2024-10-23 07:00:00,163.927,164.313,163.901,164.27,7377.0
2024-10-23 08:00:00,164.27,164.488,164.239,164.443,8459.0
2024-10-23 09:00:00,164.443,164.566,164.241,164.362,9871.0
2024-10-23 10:00:00,164.363,164.541,164.249,164.278,10955.0
2024-10-23 11:00:00,164.278,164.545,164.239,164.428,9248.0
2024-10-23 12:00:00,164.426,164.767,164.415,164.669,8801.0
2024-10-23 13:00:00,164.668,164.773,164.516,164.707,7445.0
2024-10-23 14:00:00,164.706,164.845,164.649,164.736,8164.0
2024-10-23 15:00:00,164.737,164.961,164.636,164.92,12531.0
2024-10-23 16:00:00,164.921,165.015,164.659,164.944,12747.0
2024-10-23 17:00:00,164.944,165.02,164.76,164.878,12436.0
2024-10-23 18:00:00,164.878,164.933,164.668,164.722,10411.0
2024-10-23 19:00:00,164.722,164.775,164.664,164.675,9344.0
2024-10-23 20:00:00,164.677,164.701,164.518,164.522,8207.0
2024-10-23 21:00:00,164.521,164.594,164.298,164.574,9943.0
2024-10-23 22:00:00,164.577,164.646,164.511,164.581,6201.0
2024-10-23 23:00:00,164.577,164.728,164.536,164.71,5159.0
2024-10-24 00:00:00,164.5,164.658,164.486,164.636,813.0
2024-10-24 01:00:00,164.645,164.762,164.636,164.698,2064.0
2024-10-24 02:00:00,164.698,164.716,164.558,164.69,3185.0
2024-10-24 03:00:00,164.687,164.731,164.485,164.679,10395.0
2024-10-24 04:00:00,164.678,164.745,164.563,164.634,8232.0
2024-10-24 05:00:00,164.634,164.64,164.357,164.437,8200.0
2024-10-24 06:00:00,164.437,164.527,164.343,164.388,6310.0
2024-10-24 07:00:00,164.388,164.405,164.168,164.287,7102.0
2024-10-24 08:00:00,164.289,164.42,164.254,164.402,9951.0
2024-10-24 09:00:00,164.402,164.404,163.948,163.968,10433.0
2024-10-24 10:00:00,163.971,164.459,163.797,164.23,14057.0
2024-10-24 11:00:00,164.229,164.423,164.066,164.217,11705.0
2024-10-24 12:00:00,164.216,164.284,163.927,164.099,9497.0
2024-10-24 13:00:00,164.101,164.143,163.983,163.989,7697.0
2024-10-24 14:00:00,163.987,164.141,163.927,164.135,9077.0
2024-10-24 15:00:00,164.136,164.347,164.03,164.164,14499.0
2024-10-24 16:00:00,164.165,164.486,164.081,164.38,15290.0
2024-10-24 17:00:00,164.379,164.478,164.001,164.05,14256.0
2024-10-24 18:00:00,164.051,164.135,163.933,164.097,11579.0
2024-10-24 19:00:00,164.097,164.11,163.882,163.988,8957.0
2024-10-24 20:00:00,163.988,164.168,163.988,164.068,7632.0
2024-10-24 21:00:00,164.067,164.361,164.05,164.315,6949.0
2024-10-24 22:00:00,164.315,164.442,164.306,164.431,5430.0
2024-10-24 23:00:00,164.427,164.457,164.375,164.393,3566.0
2024-10-25 00:00:00,164.338,164.409,164.274,164.377,1317.0
2024-10-25 01:00:00,164.388,164.392,164.186,164.198,1165.0
2024-10-25 02:00:00,164.197,164.315,164.075,164.293,4287.0
2024-10-25 03:00:00,164.295,164.585,164.24,164.498,7928.0
2024-10-25 04:00:00,164.499,164.542,164.287,164.353,6360.0
2024-10-25 05:00:00,164.353,164.412,164.243,164.372,5514.0
2024-10-25 06:00:00,164.373,164.408,164.27,164.333,4494.0
2024-10-25 07:00:00,164.334,164.352,164.057,164.175,5434.0
2024-10-25 08:00:00,164.174,164.21,163.932,164.196,7607.0
2024-10-25 09:00:00,164.196,164.429,164.128,164.251,8539.0
2024-10-25 10:00:00,164.251,164.517,164.211,164.478,10122.0
2024-10-25 11:00:00,164.48,164.76,164.441,164.478,9060.0
2024-10-25 12:00:00,164.48,164.662,164.42,164.506,5967.0
2024-10-25 13:00:00,164.506,164.596,164.392,164.416,5155.0
2024-10-25 14:00:00,164.414,164.466,164.262,164.262,6119.0
2024-10-25 15:00:00,164.262,164.668,164.262,164.659,9799.0
2024-10-25 16:00:00,164.659,164.783,164.525,164.694,10486.0
2024-10-25 17:00:00,164.694,164.79,164.542,164.663,11589.0
2024-10-25 18:00:00,164.661,164.673,164.373,164.435,8644.0
2024-10-25 19:00:00,164.435,164.507,164.373,164.445,6309.0
2024-10-25 20:00:00,164.444,164.561,164.324,164.383,5419.0
2024-10-28 00:00:00,165.332,165.339,164.709,165.014,2157.0
2024-10-28 01:00:00,164.998,165.396,164.692,165.124,8806.0
2024-10-28 02:00:00,165.124,165.276,164.993,165.133,7090.0
2024-10-28 03:00:00,165.133,165.675,164.989,165.65,13015.0
2024-10-28 04:00:00,165.65,166.071,165.625,166.018,11108.0
2024-10-28 05:00:00,166.017,166.02,165.664,165.683,6224.0
2024-10-28 06:00:00,165.683,165.805,165.601,165.659,5399.0
2024-10-28 07:00:00,165.656,165.763,165.416,165.75,6416.0
2024-10-28 08:00:00,165.748,165.83,165.582,165.633,5372.0
2024-10-28 09:00:00,165.63,165.65,165.377,165.597,7370.0
2024-10-28 10:00:00,165.599,165.737,165.383,165.663,8087.0
2024-10-28 11:00:00,165.667,165.861,165.61,165.727,11006.0
2024-10-28 12:00:00,165.727,165.737,165.288,165.363,9475.0
2024-10-28 13:00:00,165.362,165.387,164.886,164.989,9861.0
2024-10-28 14:00:00,164.99,165.248,164.947,165.242,7625.0
2024-10-28 15:00:00,165.244,165.268,164.972,165.069,9020.0
2024-10-28 16:00:00,165.068,165.292,165.023,165.287,11148.0
2024-10-28 17:00:00,165.286,165.638,165.258,165.557,8782.0
2024-10-28 18:00:00,165.556,165.78,165.443,165.756,9490.0
2024-10-28 19:00:00,165.755,165.83,165.709,165.759,7211.0
2024-10-28 20:00:00,165.759,165.833,165.722,165.75,5960.0
2024-10-28 21:00:00,165.749,165.837,165.684,165.703,4888.0
2024-10-28 22:00:00,165.702,165.765,165.659,165.717,4446.0
2024-10-28 23:00:00,165.716,165.775,165.693,165.745,2663.0
2024-10-29 00:00:00,165.784,165.802,165.64,165.715,974.0
2024-10-29 01:00:00,165.723,165.8,165.686,165.757,1573.0
2024-10-29 02:00:00,165.758,165.787,165.66,165.66,2214.0
2024-10-29 03:00:00,165.667,165.77,165.349,165.504,6860.0
2024-10-29 04:00:00,165.503,165.578,165.34,165.417,8795.0
2024-10-29 05:00:00,165.416,165.529,165.332,165.422,7389.0
2024-10-29 06:00:00,165.423,165.527,165.381,165.41,5937.0
2024-10-29 07:00:00,165.41,165.416,165.211,165.296,5856.0
2024-10-29 08:00:00,165.297,165.336,165.154,165.227,6458.0
2024-10-29 09:00:00,165.229,165.468,165.226,165.417,6741.0
2024-10-29 10:00:00,165.416,165.731,165.416,165.562,8469.0
2024-10-29 11:00:00,165.563,165.99,165.563,165.95,11469.0
2024-10-29 12:00:00,165.951,166.078,165.867,165.959,8297.0
2024-10-29 13:00:00,165.959,166.03,165.661,165.695,7707.0
2024-10-29 14:00:00,165.697,165.96,165.636,165.959,7618.0
2024-10-29 15:00:00,165.958,166.017,165.681,165.722,10379.0
2024-10-29 16:00:00,165.725,165.867,165.576,165.734,11759.0
2024-10-29 17:00:00,165.733,165.813,165.301,165.665,17567.0
2024-10-29 18:00:00,165.664,165.896,165.604,165.738,12856.0
2024-10-29 19:00:00,165.739,165.818,165.67,165.816,10247.0
2024-10-29 20:00:00,165.817,165.886,165.711,165.772,8747.0
2024-10-29 21:00:00,165.772,166.004,165.768,165.897,6317.0
2024-10-29 22:00:00,165.896,165.969,165.862,165.911,4672.0
2024-10-29 23:00:00,165.91,165.95,165.87,165.911,3524.0
2024-10-30 00:00:00,165.754,165.893,165.744,165.847,1094.0
2024-10-30 01:00:00,165.849,165.917,165.773,165.821,2065.0
2024-10-30 02:00:00,165.82,165.909,165.732,165.828,3190.0
2024-10-30 03:00:00,165.828,165.901,165.697,165.849,7044.0
2024-10-30 04:00:00,165.849,165.892,165.733,165.803,6207.0
2024-10-30 05:00:00,165.803,165.992,165.773,165.859,6034.0
2024-10-30 06:00:00,165.859,165.894,165.776,165.825,5542.0
2024-10-30 07:00:00,165.825,165.883,165.702,165.882,5123.0
2024-10-30 08:00:00,165.882,165.895,165.665,165.729,4993.0
2024-10-30 09:00:00,165.724,166.026,165.724,165.897,7496.0
2024-10-30 10:00:00,165.898,165.967,165.812,165.894,7515.0
2024-10-30 11:00:00,165.892,166.082,165.585,165.611,11805.0
2024-10-30 12:00:00,165.614,166.201,165.61,165.912,11937.0
2024-10-30 13:00:00,165.912,165.931,165.577,165.651,8976.0
2024-10-30 14:00:00,165.652,165.704,165.505,165.647,7417.0
2024-10-30 15:00:00,165.649,165.931,165.645,165.84,14790.0
2024-10-30 16:00:00,165.83,165.984,165.743,165.838,14306.0
2024-10-30 17:00:00,165.839,166.45,165.839,166.276,15252.0
2024-10-30 18:00:00,166.275,166.597,166.261,166.387,12281.0
2024-10-30 19:00:00,166.385,166.396,166.196,166.266,10185.0
2024-10-30 20:00:00,166.266,166.526,166.256,166.502,7293.0
2024-10-30 21:00:00,166.504,166.587,166.47,166.562,5127.0
2024-10-30 22:00:00,166.561,166.592,166.465,166.487,6552.0
2024-10-30 23:00:00,166.488,166.566,166.437,166.548,4754.0
2024-10-31 00:00:00,166.534,166.534,166.371,166.469,1822.0
2024-10-31 01:00:00,166.468,166.5,166.373,166.467,2729.0
2024-10-31 02:00:00,166.469,166.533,166.366,166.395,2221.0
2024-10-31 03:00:00,166.395,166.687,166.292,166.637,6389.0
2024-10-31 04:00:00,166.636,166.688,166.401,166.463,6224.0
2024-10-31 05:00:00,166.463,166.628,166.194,166.436,6020.0
2024-10-31 06:00:00,166.437,166.447,165.987,166.068,6427.0
2024-10-31 07:00:00,166.067,166.087,165.762,165.89,5164.0
2024-10-31 08:00:00,165.889,166.09,165.848,165.863,5662.0
2024-10-31 09:00:00,165.863,165.953,165.066,165.141,9910.0
2024-10-31 10:00:00,165.142,165.686,165.01,165.336,14445.0
2024-10-31 11:00:00,165.334,165.496,164.936,165.457,12593.0
2024-10-31 12:00:00,165.459,165.8,165.399,165.772,10024.0
2024-10-31 13:00:00,165.774,165.804,165.567,165.691,8985.0
2024-10-31 14:00:00,165.692,166.092,165.692,165.987,8621.0
2024-10-31 15:00:00,165.988,166.276,165.945,166.134,14474.0
2024-10-31 16:00:00,166.136,166.359,166.041,166.119,14961.0
2024-10-31 17:00:00,166.12,166.203,165.707,165.799,16987.0
2024-10-31 18:00:00,165.799,165.813,165.012,165.394,17088.0
2024-10-31 19:00:00,165.381,165.641,165.244,165.532,13239.0
2024-10-31 20:00:00,165.532,165.602,165.241,165.295,8504.0
2024-10-31 21:00:00,165.296,165.337,165.07,165.293,10016.0
2024-10-31 22:00:00,165.291,165.434,165.241,165.269,9573.0
2024-10-31 23:00:00,165.271,165.522,165.257,165.474,6665.0
2024-11-01 00:00:00,165.413,165.471,165.227,165.469,837.0
2024-11-01 01:00:00,165.472,165.591,165.439,165.539,2067.0
2024-11-01 02:00:00,165.537,165.548,165.227,165.416,5518.0
2024-11-01 03:00:00,165.42,165.58,165.346,165.519,8776.0
2024-11-01 04:00:00,165.523,165.703,165.411,165.513,8596.0
2024-11-01 05:00:00,165.512,165.726,165.494,165.686,6772.0
2024-11-01 06:00:00,165.686,165.795,165.608,165.779,5804.0
2024-11-01 07:00:00,165.786,165.941,165.785,165.869,4860.0
2024-11-01 08:00:00,165.868,165.961,165.758,165.839,7197.0
2024-11-01 09:00:00,165.845,165.912,165.637,165.713,7657.0
2024-11-01 10:00:00,165.711,165.867,165.524,165.799,8741.0
2024-11-01 11:00:00,165.797,165.908,165.614,165.811,9786.0
2024-11-01 12:00:00,165.807,165.985,165.778,165.895,7834.0
2024-11-01 13:00:00,165.895,165.965,165.749,165.821,7033.0
2024-11-01 14:00:00,165.807,165.981,165.754,165.935,6925.0
2024-11-01 15:00:00,165.934,166.11,165.44,165.519,16539.0
2024-11-01 16:00:00,165.52,165.772,165.357,165.62,16863.0
2024-11-01 17:00:00,165.622,166.009,165.531,165.97,16914.0
2024-11-01 18:00:00,165.969,166.113,165.845,165.928,12196.0
2024-11-01 19:00:00,165.925,166.03,165.86,165.935,9232.0
2024-11-01 20:00:00,165.936,165.958,165.676,165.699,7880.0
2024-11-04 00:00:00,165.705,165.915,165.601,165.822,2175.0
2024-11-04 01:00:00,165.821,165.84,165.519,165.582,6952.0
2024-11-04 02:00:00,165.57,165.575,165.316,165.413,6889.0
2024-11-04 03:00:00,165.414,165.489,165.21,165.275,10236.0
2024-11-04 04:00:00,165.274,165.464,165.254,165.387,8248.0
2024-11-04 05:00:00,165.388,165.432,165.233,165.419,8217.0
2024-11-04 06:00:00,165.419,165.503,165.369,165.444,5026.0
2024-11-04 07:00:00,165.445,165.569,165.429,165.499,6129.0
2024-11-04 08:00:00,165.5,165.726,165.441,165.713,7714.0
2024-11-04 09:00:00,165.712,165.859,165.62,165.739,9992.0
2024-11-04 10:00:00,165.74,165.817,165.479,165.669,10866.0
2024-11-04 11:00:00,165.671,165.771,165.456,165.494,8266.0
2024-11-04 12:00:00,165.494,165.623,165.404,165.495,7166.0
2024-11-04 13:00:00,165.494,165.52,165.333,165.391,7068.0
2024-11-04 14:00:00,165.395,165.572,165.384,165.536,7172.0
2024-11-04 15:00:00,165.536,165.699,165.45,165.571,9822.0
2024-11-04 16:00:00,165.572,165.702,165.405,165.484,11288.0
2024-11-04 17:00:00,165.482,165.771,165.397,165.661,12047.0
2024-11-04 18:00:00,165.66,165.759,165.402,165.461,10033.0
2024-11-04 19:00:00,165.46,165.576,165.4,165.524,6792.0
2024-11-04 20:00:00,165.519,165.627,165.465,165.521,6340.0
2024-11-04 21:00:00,165.522,165.573,165.483,165.517,5833.0
2024-11-04 22:00:00,165.517,165.535,165.463,165.47,4779.0
2024-11-04 23:00:00,165.475,165.518,165.451,165.472,2592.0
2024-11-05 00:00:00,165.214,165.511,165.214,165.484,1071.0
2024-11-05 01:00:00,165.479,165.594,165.471,165.578,1587.0
2024-11-05 02:00:00,165.576,165.729,165.402,165.614,7211.0
2024-11-05 03:00:00,165.618,165.776,165.57,165.635,7053.0
2024-11-05 04:00:00,165.634,165.66,165.538,165.615,5108.0
2024-11-05 05:00:00,165.615,165.762,165.586,165.727,4131.0
2024-11-05 06:00:00,165.728,165.878,165.727,165.81,4993.0
2024-11-05 07:00:00,165.809,165.915,165.756,165.816,4877.0
2024-11-05 08:00:00,165.815,165.828,165.633,165.768,6146.0
2024-11-05 09:00:00,165.765,165.832,165.701,165.804,6711.0
2024-11-05 10:00:00,165.801,165.932,165.73,165.761,7552.0
2024-11-05 11:00:00,165.761,165.872,165.659,165.758,6180.0
2024-11-05 12:00:00,165.759,165.873,165.719,165.868,5583.0
2024-11-05 13:00:00,165.868,165.925,165.81,165.843,4776.0
2024-11-05 14:00:00,165.843,165.981,165.769,165.931,5495.0
2024-11-05 15:00:00,165.933,165.961,165.578,165.627,8194.0
2024-11-05 16:00:00,165.626,165.727,165.519,165.575,10413.0
2024-11-05 17:00:00,165.584,165.764,165.526,165.756,14088.0
2024-11-05 18:00:00,165.755,166.036,165.691,165.942,9689.0
2024-11-05 19:00:00,165.942,165.943,165.666,165.793,6700.0
2024-11-05 20:00:00,165.793,165.814,165.542,165.657,8621.0
2024-11-05 21:00:00,165.658,165.705,165.464,165.549,6373.0
2024-11-05 22:00:00,165.547,165.566,165.435,165.546,6210.0
2024-11-05 23:00:00,165.544,165.728,165.526,165.711,3121.0
2024-11-06 00:00:00,165.628,165.717,165.492,165.607,1888.0
2024-11-06 01:00:00,165.585,165.88,165.555,165.585,7536.0
2024-11-06 02:00:00,165.586,165.872,165.226,165.708,22167.0
2024-11-06 03:00:00,165.706,165.895,165.604,165.721,22281.0
2024-11-06 04:00:00,165.722,165.985,165.436,165.792,23835.0
2024-11-06 05:00:00,165.792,165.958,165.225,165.433,24701.0
2024-11-06 06:00:00,165.433,165.712,165.319,165.5,22131.0
2024-11-06 07:00:00,165.501,165.579,165.183,165.429,22635.0
2024-11-06 08:00:00,165.43,165.431,165.024,165.226,21912.0
2024-11-06 09:00:00,165.225,165.502,165.08,165.244,22542.0
2024-11-06 10:00:00,165.241,165.9,165.218,165.8,19905.0
2024-11-06 11:00:00,165.801,165.817,165.462,165.623,16092.0
2024-11-06 12:00:00,165.623,165.726,165.446,165.488,13079.0
2024-11-06 13:00:00,165.487,165.514,165.024,165.134,15560.0
2024-11-06 14:00:00,165.136,165.303,164.913,165.037,16629.0
2024-11-06 15:00:00,165.04,165.349,164.941,165.258,16744.0
2024-11-06 16:00:00,165.259,165.487,165.185,165.327,16852.0
2024-11-06 17:00:00,165.326,165.752,165.172,165.747,19095.0
2024-11-06 18:00:00,165.747,165.935,165.609,165.887,14537.0
2024-11-06 19:00:00,165.887,166.031,165.862,165.912,10541.0
2024-11-06 20:00:00,165.912,166.102,165.845,166.053,9787.0
2024-11-06 21:00:00,166.052,166.052,165.67,165.795,9693.0
2024-11-06 22:00:00,165.796,165.944,165.775,165.919,6571.0
2024-11-06 23:00:00,165.92,165.992,165.867,165.893,2647.0
2024-11-07 00:00:00,165.814,165.885,165.664,165.768,1114.0
2024-11-07 01:00:00,165.773,165.84,165.532,165.598,4522.0
2024-11-07 02:00:00,165.599,165.959,165.573,165.72,10254.0
2024-11-07 03:00:00,165.727,165.737,165.482,165.601,11616.0
2024-11-07 04:00:00,165.601,165.84,165.472,165.812,8286.0
2024-11-07 05:00:00,165.814,165.902,165.702,165.738,7340.0
2024-11-07 06:00:00,165.738,165.778,165.396,165.546,6995.0
2024-11-07 07:00:00,165.547,165.72,165.476,165.499,6318.0
2024-11-07 08:00:00,165.499,165.658,165.441,165.478,8611.0
2024-11-07 09:00:00,165.438,165.612,165.389,165.579,12410.0
2024-11-07 10:00:00,165.579,165.897,165.569,165.882,12139.0
2024-11-07 11:00:00,165.883,165.898,165.424,165.436,9002.0
2024-11-07 12:00:00,165.434,165.739,165.422,165.66,7756.0
2024-11-07 13:00:00,165.662,165.798,165.587,165.76,5706.0
2024-11-07 14:00:00,165.759,165.875,165.636,165.684,11367.0
2024-11-07 15:00:00,165.683,165.872,165.605,165.663,15372.0
2024-11-07 16:00:00,165.664,165.796,165.504,165.627,14180.0
2024-11-07 17:00:00,165.627,165.735,165.256,165.366,14732.0
2024-11-07 18:00:00,165.366,165.419,165.163,165.257,12608.0
2024-11-07 19:00:00,165.258,165.339,165.218,165.328,7399.0
2024-11-07 20:00:00,165.33,165.338,165.072,165.138,7739.0
2024-11-07 21:00:00,165.137,165.319,165.037,165.051,18163.0
2024-11-07 22:00:00,165.051,165.237,165.002,165.117,13600.0
2024-11-07 23:00:00,165.116,165.231,165.041,165.179,3649.0
2024-11-08 00:00:00,165.186,165.227,165.082,165.224,658.0
2024-11-08 01:00:00,165.224,165.421,165.172,165.353,3544.0
2024-11-08 02:00:00,165.342,165.373,165.082,165.235,8986.0
2024-11-08 03:00:00,165.235,165.352,165.11,165.143,9294.0
2024-11-08 04:00:00,165.143,165.173,165.009,165.08,7265.0
2024-11-08 05:00:00,165.079,165.089,164.668,164.705,6932.0
2024-11-08 06:00:00,164.704,164.727,164.497,164.695,6500.0
2024-11-08 07:00:00,164.696,164.901,164.671,164.747,5667.0
2024-11-08 08:00:00,164.745,164.804,164.519,164.641,7053.0
2024-11-08 09:00:00,164.631,164.842,164.516,164.538,9224.0
2024-11-08 10:00:00,164.538,164.588,164.168,164.214,16638.0
2024-11-08 11:00:00,164.213,164.422,164.067,164.141,10730.0
2024-11-08 12:00:00,164.14,164.217,163.887,164.027,11389.0
2024-11-08 13:00:00,164.027,164.486,164.007,164.362,8475.0
2024-11-08 14:00:00,164.363,164.396,164.07,164.134,10162.0
2024-11-08 15:00:00,164.133,164.362,164.046,164.243,13534.0
2024-11-08 16:00:00,164.243,164.402,164.132,164.175,12204.0
2024-11-08 17:00:00,164.177,164.225,163.708,163.83,14474.0
2024-11-08 18:00:00,163.828,163.897,163.399,163.42,10572.0
2024-11-08 19:00:00,163.409,163.522,163.203,163.476,11814.0
2024-11-08 20:00:00,163.476,163.581,163.445,163.481,7664.0
2024-11-11 00:00:00,163.296,163.607,163.233,163.469,3706.0
2024-11-11 01:00:00,163.464,163.867,163.457,163.816,3911.0
2024-11-11 02:00:00,163.815,164.125,163.76,164.123,7683.0
2024-11-11 03:00:00,164.124,164.273,164.069,164.256,7599.0
2024-11-11 04:00:00,164.257,164.503,164.182,164.477,6247.0
2024-11-11 05:00:00,164.477,164.517,164.388,164.45,5099.0
2024-11-11 06:00:00,164.45,164.585,164.399,164.533,4336.0
2024-11-11 07:00:00,164.537,164.653,164.491,164.541,5372.0
2024-11-11 08:00:00,164.54,164.58,164.414,164.455,5317.0
2024-11-11 09:00:00,164.455,164.497,164.148,164.239,10597.0
2024-11-11 10:00:00,164.24,164.479,164.212,164.331,10422.0
2024-11-11 11:00:00,164.33,164.426,163.902,164.089,10301.0
2024-11-11 12:00:00,164.088,164.27,163.989,164.018,7901.0
2024-11-11 13:00:00,164.017,164.025,163.794,163.943,7782.0
2024-11-11 14:00:00,163.943,164.017,163.812,163.821,5836.0
2024-11-11 15:00:00,163.822,163.891,163.732,163.736,9214.0
2024-11-11 16:00:00,163.733,163.821,163.577,163.733,11336.0
2024-11-11 17:00:00,163.732,163.866,163.656,163.816,10156.0
2024-11-11 18:00:00,163.816,163.88,163.768,163.852,6875.0
2024-11-11 19:00:00,163.848,163.934,163.813,163.863,5028.0
2024-11-11 20:00:00,163.861,163.861,163.711,163.81,6374.0
2024-11-11 21:00:00,163.811,163.837,163.773,163.778,3917.0
2024-11-11 22:00:00,163.777,163.819,163.693,163.717,4133.0
2024-11-11 23:00:00,163.716,163.815,163.702,163.809,1981.0
2024-11-12 00:00:00,163.708,163.821,163.623,163.8,1562.0
2024-11-12 01:00:00,163.797,163.843,163.617,163.701,2335.0
2024-11-12 02:00:00,163.694,163.932,163.638,163.879,6746.0
2024-11-12 03:00:00,163.88,164.025,163.866,163.941,7328.0
2024-11-12 04:00:00,163.933,163.98,163.658,163.708,7533.0
2024-11-12 05:00:00,163.708,163.719,163.463,163.465,6711.0
2024-11-12 06:00:00,163.465,163.522,163.333,163.394,6934.0
2024-11-12 07:00:00,163.393,163.443,163.239,163.44,7163.0
2024-11-12 08:00:00,163.438,163.547,163.375,163.535,6852.0
2024-11-12 09:00:00,163.533,163.607,163.405,163.544,10123.0
2024-11-12 10:00:00,163.545,163.674,163.345,163.663,11875.0
2024-11-12 11:00:00,163.663,163.783,163.514,163.759,10157.0
2024-11-12 12:00:00,163.758,163.758,163.516,163.57,8902.0
2024-11-12 13:00:00,163.571,163.719,163.511,163.607,7298.0
2024-11-12 14:00:00,163.608,163.73,163.439,163.624,9079.0
2024-11-12 15:00:00,163.624,164.008,163.594,163.997,11139.0
2024-11-12 16:00:00,163.997,164.131,163.847,163.951,10840.0
2024-11-12 17:00:00,163.951,163.968,163.693,163.931,11646.0
2024-11-12 18:00:00,163.928,164.044,163.885,163.996,11139.0
2024-11-12 19:00:00,163.996,164.225,163.965,164.175,10508.0
2024-11-12 20:00:00,164.175,164.309,164.166,164.265,7976.0
2024-11-12 21:00:00,164.265,164.305,164.196,164.223,6131.0
2024-11-12 22:00:00,164.224,164.257,164.147,164.194,5161.0
2024-11-12 23:00:00,164.194,164.332,164.152,164.268,2677.0
2024-11-13 00:00:00,164.112,164.261,164.018,164.112,2578.0
2024-11-13 01:00:00,164.106,164.225,164.061,164.189,2799.0
2024-11-13 02:00:00,164.193,164.45,164.177,164.422,6510.0
2024-11-13 03:00:00,164.424,164.515,164.285,164.313,10175.0
2024-11-13 04:00:00,164.313,164.444,164.219,164.429,7056.0
2024-11-13 05:00:00,164.431,164.476,164.351,164.383,6409.0
2024-11-13 06:00:00,164.384,164.469,164.328,164.42,5494.0
2024-11-13 07:00:00,164.42,164.446,164.258,164.409,6650.0
2024-11-13 08:00:00,164.408,164.632,164.404,164.553,8541.0
2024-11-13 09:00:00,164.548,164.589,164.307,164.467,9048.0
2024-11-13 10:00:00,164.469,164.577,164.378,164.499,10421.0
2024-11-13 11:00:00,164.498,164.653,164.453,164.607,9209.0
2024-11-13 12:00:00,164.607,164.678,164.385,164.524,8057.0
2024-11-13 13:00:00,164.527,164.692,164.398,164.686,6547.0
2024-11-13 14:00:00,164.687,164.788,164.53,164.703,8953.0
2024-11-13 15:00:00,164.703,164.799,164.283,164.346,17058.0
2024-11-13 16:00:00,164.346,164.357,163.798,163.9,18049.0
2024-11-13 17:00:00,163.899,164.161,163.628,164.109,19386.0
2024-11-13 18:00:00,164.11,164.213,163.96,164.074,13628.0
2024-11-13 19:00:00,164.077,164.283,164.051,164.249,10811.0
2024-11-13 20:00:00,164.251,164.298,164.14,164.29,8117.0
2024-11-13 21:00:00,164.29,164.417,164.264,164.34,9246.0
2024-11-13 22:00:00,164.34,164.362,164.284,164.334,7831.0
2024-11-13 23:00:00,164.332,164.36,164.192,164.243,4548.0
2024-11-14 00:00:00,164.117,164.205,163.947,164.122,2286.0
2024-11-14 01:00:00,164.123,164.254,164.078,164.212,3553.0
2024-11-14 02:00:00,164.212,164.588,164.199,164.523,7296.0
2024-11-14 03:00:00,164.523,164.625,164.432,164.535,9386.0
2024-11-14 04:00:00,164.536,164.669,164.482,164.576,6738.0
2024-11-14 05:00:00,164.575,164.575,164.421,164.487,5882.0
2024-11-14 06:00:00,164.486,164.664,164.475,164.613,5234.0
2024-11-14 07:00:00,164.614,164.621,164.378,164.556,7102.0
2024-11-14 08:00:00,164.556,164.577,164.373,164.42,7186.0
2024-11-14 09:00:00,164.419,164.464,164.282,164.427,8709.0
2024-11-14 10:00:00,164.432,164.483,164.225,164.308,9187.0
2024-11-14 11:00:00,164.308,164.421,164.129,164.231,9902.0
2024-11-14 12:00:00,164.233,164.255,164.035,164.036,9226.0
2024-11-14 13:00:00,164.035,164.241,163.804,164.166,9520.0
2024-11-14 14:00:00,164.168,164.437,164.083,164.355,9974.0
2024-11-14 15:00:00,164.357,164.377,164.139,164.297,16534.0
2024-11-14 16:00:00,164.296,164.459,164.213,164.409,15902.0
2024-11-14 17:00:00,164.408,164.981,164.381,164.918,15572.0
2024-11-14 18:00:00,164.918,164.925,164.683,164.73,11357.0
2024-11-14 19:00:00,164.728,164.783,164.39,164.454,10372.0
2024-11-14 20:00:00,164.453,164.5,164.401,164.423,9116.0
2024-11-14 21:00:00,164.423,164.501,164.403,164.46,8090.0
2024-11-14 22:00:00,164.459,164.59,164.349,164.433,17602.0
2024-11-14 23:00:00,164.432,164.59,164.406,164.555,8949.0
2024-11-15 00:00:00,164.294,164.582,164.294,164.575,1353.0
2024-11-15 01:00:00,164.567,164.807,164.539,164.765,4160.0
2024-11-15 02:00:00,164.765,165.03,164.74,164.938,8673.0
2024-11-15 03:00:00,164.938,164.988,164.658,164.875,10490.0
2024-11-15 04:00:00,164.872,164.959,164.757,164.854,7698.0
2024-11-15 05:00:00,164.855,164.966,164.784,164.955,6150.0
2024-11-15 06:00:00,164.955,164.995,164.772,164.841,5301.0
2024-11-15 07:00:00,164.842,164.908,164.794,164.906,5785.0
2024-11-15 08:00:00,164.907,164.964,164.625,164.751,8832.0
2024-11-15 09:00:00,164.741,164.848,164.436,164.447,11012.0
2024-11-15 10:00:00,164.441,164.462,164.259,164.381,12825.0
2024-11-15 11:00:00,164.38,164.621,164.042,164.102,11256.0
2024-11-15 12:00:00,164.101,164.242,164.028,164.23,9908.0
2024-11-15 13:00:00,164.229,164.488,164.131,164.467,8104.0
2024-11-15 14:00:00,164.468,164.499,164.317,164.343,8741.0
2024-11-15 15:00:00,164.336,164.469,163.997,164.006,17815.0
2024-11-15 16:00:00,164.0,164.072,163.704,163.824,19212.0
2024-11-15 17:00:00,163.826,163.862,163.109,163.243,18937.0
2024-11-15 18:00:00,163.243,163.349,162.941,163.118,16595.0
2024-11-15 19:00:00,163.118,163.181,162.692,162.748,12607.0
2024-11-15 20:00:00,162.747,162.759,162.316,162.411,11075.0
2024-11-18 00:00:00,162.432,162.793,162.414,162.753,2967.0
2024-11-18 01:00:00,162.752,163.032,162.638,162.93,5692.0
2024-11-18 02:00:00,162.93,162.946,162.261,162.731,11521.0
2024-11-18 03:00:00,162.736,163.498,162.584,162.977,15633.0
2024-11-18 04:00:00,162.976,163.294,162.96,163.113,8863.0
2024-11-18 05:00:00,163.113,163.209,162.89,162.914,7292.0
2024-11-18 06:00:00,162.911,163.009,162.716,163.008,6897.0
2024-11-18 07:00:00,163.009,163.084,162.791,162.918,8401.0
2024-11-18 08:00:00,162.918,162.987,162.717,162.978,9516.0
2024-11-18 09:00:00,162.978,163.206,162.914,163.026,11733.0
2024-11-18 10:00:00,163.024,163.448,162.949,163.429,13597.0
2024-11-18 11:00:00,163.429,163.555,163.194,163.539,12433.0
2024-11-18 12:00:00,163.538,163.599,163.41,163.497,9890.0
2024-11-18 13:00:00,163.496,163.543,163.306,163.465,8194.0
2024-11-18 14:00:00,163.465,163.782,163.39,163.763,8979.0
2024-11-18 15:00:00,163.766,163.88,163.563,163.7,12246.0
2024-11-18 16:00:00,163.698,163.754,163.412,163.603,13000.0
2024-11-18 17:00:00,163.602,163.903,163.572,163.88,13185.0
2024-11-18 18:00:00,163.88,163.932,163.688,163.863,10615.0
2024-11-18 19:00:00,163.854,163.935,163.775,163.846,8748.0
2024-11-18 20:00:00,163.844,163.9,163.774,163.863,7008.0
2024-11-18 21:00:00,163.863,163.976,163.784,163.88,7542.0
2024-11-18 22:00:00,163.879,163.889,163.733,163.748,5432.0
2024-11-18 23:00:00,163.747,163.929,163.708,163.923,3267.0
2024-11-19 00:00:00,163.828,163.899,163.791,163.873,915.0
2024-11-19 01:00:00,163.874,163.877,163.615,163.808,3225.0
2024-11-19 02:00:00,163.809,163.809,163.422,163.484,8093.0
2024-11-19 03:00:00,163.484,163.514,163.159,163.257,8138.0
2024-11-19 04:00:00,163.257,163.338,163.121,163.281,7688.0
2024-11-19 05:00:00,163.28,163.386,163.108,163.378,6461.0
2024-11-19 06:00:00,163.379,163.568,163.333,163.484,5983.0
2024-11-19 07:00:00,163.492,163.548,163.351,163.432,6020.0
2024-11-19 08:00:00,163.433,163.701,163.396,163.666,6458.0
2024-11-19 09:00:00,163.673,163.706,163.409,163.45,9916.0
2024-11-19 10:00:00,163.449,163.544,161.976,162.535,17692.0
2024-11-19 11:00:00,162.538,162.889,161.486,162.215,21766.0
2024-11-19 12:00:00,162.212,162.499,161.967,162.405,15351.0
2024-11-19 13:00:00,162.406,162.808,162.194,162.742,11483.0
2024-11-19 14:00:00,162.741,162.995,162.65,162.784,10797.0
2024-11-19 15:00:00,162.785,162.839,162.248,162.325,15693.0
2024-11-19 16:00:00,162.327,163.202,162.286,162.871,20099.0
2024-11-19 17:00:00,162.87,163.254,162.755,162.991,15332.0
2024-11-19 18:00:00,162.993,163.409,162.931,163.262,10160.0
2024-11-19 19:00:00,163.265,163.745,163.265,163.701,7705.0
2024-11-19 20:00:00,163.701,163.742,163.589,163.707,5566.0
2024-11-19 21:00:00,163.707,163.88,163.678,163.877,5170.0
2024-11-19 22:00:00,163.873,163.928,163.832,163.867,3886.0
2024-11-19 23:00:00,163.865,163.921,163.833,163.868,2158.0
2024-11-20 00:00:00,163.773,163.854,163.694,163.752,2277.0
2024-11-20 01:00:00,163.749,164.153,163.74,164.114,3258.0
2024-11-20 02:00:00,164.125,164.299,163.981,164.204,6176.0
2024-11-20 03:00:00,164.203,164.259,163.96,164.057,6023.0
2024-11-20 04:00:00,164.059,164.237,164.012,164.094,5592.0
2024-11-20 05:00:00,164.094,164.152,164.055,164.093,4819.0
2024-11-20 06:00:00,164.093,164.267,164.089,164.248,4467.0
2024-11-20 07:00:00,164.251,164.296,164.154,164.295,5414.0
2024-11-20 08:00:00,164.298,164.641,164.264,164.486,7785.0
2024-11-20 09:00:00,164.485,164.757,164.459,164.658,10774.0
2024-11-20 10:00:00,164.659,164.685,164.371,164.416,8918.0
2024-11-20 11:00:00,164.413,164.649,164.327,164.407,9112.0
2024-11-20 12:00:00,164.407,164.47,164.266,164.299,7510.0
2024-11-20 13:00:00,164.3,164.491,164.275,164.477,7136.0
2024-11-20 14:00:00,164.48,164.581,164.378,164.384,8466.0
2024-11-20 15:00:00,164.385,164.474,164.243,164.399,9018.0
2024-11-20 16:00:00,164.4,164.408,163.577,163.769,13100.0
2024-11-20 17:00:00,163.767,163.884,163.224,163.641,16252.0
2024-11-20 18:00:00,163.642,163.774,163.156,163.462,12325.0
2024-11-20 19:00:00,163.458,163.589,163.357,163.476,9021.0
2024-11-20 20:00:00,163.475,163.691,163.453,163.668,9080.0
2024-11-20 21:00:00,163.67,163.762,163.595,163.745,7591.0
2024-11-20 22:00:00,163.745,163.896,163.73,163.86,6454.0
2024-11-20 23:00:00,163.861,163.931,163.775,163.87,6327.0
2024-11-21 00:00:00,163.832,163.832,163.715,163.746,2029.0
2024-11-21 01:00:00,163.745,163.829,163.699,163.747,2554.0
2024-11-21 02:00:00,163.747,163.779,163.353,163.54,8804.0
2024-11-21 03:00:00,163.539,163.576,163.351,163.505,7828.0
2024-11-21 04:00:00,163.503,163.595,163.342,163.478,5719.0
2024-11-21 05:00:00,163.476,163.546,163.407,163.496,5109.0
2024-11-21 06:00:00,163.495,163.63,163.445,163.604,4832.0
2024-11-21 07:00:00,163.604,163.773,163.554,163.668,6402.0
2024-11-21 08:00:00,163.657,163.665,163.098,163.2,9809.0
2024-11-21 09:00:00,163.221,163.378,162.858,163.216,13309.0
2024-11-21 10:00:00,163.216,163.364,162.562,162.791,16220.0
2024-11-21 11:00:00,162.791,162.795,162.064,162.38,15796.0
2024-11-21 12:00:00,162.379,162.449,162.17,162.446,10121.0
2024-11-21 13:00:00,162.447,162.673,162.299,162.574,9307.0
2024-11-21 14:00:00,162.574,162.791,162.487,162.587,9978.0
2024-11-21 15:00:00,162.585,162.705,162.332,162.473,14719.0
2024-11-21 16:00:00,162.474,162.668,162.037,162.353,15962.0
2024-11-21 17:00:00,162.353,162.435,162.084,162.2,17005.0
2024-11-21 18:00:00,162.199,162.313,161.869,161.986,15515.0
2024-11-21 19:00:00,161.987,162.028,161.738,161.969,11521.0
2024-11-21 20:00:00,161.971,162.19,161.967,162.066,8958.0
2024-11-21 21:00:00,162.065,162.094,161.891,161.996,7971.0
2024-11-21 22:00:00,161.992,162.012,161.886,161.906,6997.0
2024-11-21 23:00:00,161.906,161.946,161.798,161.859,3677.0
2024-11-22 00:00:00,161.72,161.854,161.694,161.804,1081.0
2024-11-22 01:00:00,161.77,161.828,161.371,161.387,4872.0
2024-11-22 02:00:00,161.389,161.737,161.192,161.671,10641.0
2024-11-22 03:00:00,161.67,161.769,161.56,161.698,8607.0
2024-11-22 04:00:00,161.697,161.771,161.601,161.693,5783.0
2024-11-22 05:00:00,161.694,161.806,161.514,161.592,6410.0
2024-11-22 06:00:00,161.593,161.777,161.59,161.751,5588.0
2024-11-22 07:00:00,161.752,161.919,161.707,161.889,6503.0
2024-11-22 08:00:00,161.89,162.237,161.856,162.171,7202.0
2024-11-22 09:00:00,162.167,162.397,161.938,162.25,9892.0
2024-11-22 10:00:00,162.251,162.487,161.338,161.367,16371.0
2024-11-22 11:00:00,161.365,161.371,159.892,160.707,20593.0
2024-11-22 12:00:00,160.708,161.089,160.39,160.957,14603.0
2024-11-22 13:00:00,160.957,161.057,160.677,160.744,10240.0
2024-11-22 14:00:00,160.736,160.882,160.608,160.791,10411.0
2024-11-22 15:00:00,160.792,160.98,160.715,160.898,13723.0
2024-11-22 16:00:00,160.899,161.379,160.896,161.14,15069.0
2024-11-22 17:00:00,161.138,161.312,160.893,161.256,18375.0
2024-11-22 18:00:00,161.259,161.292,160.872,160.9,13472.0
2024-11-22 19:00:00,160.899,161.314,160.87,161.241,9325.0
2024-11-22 20:00:00,161.241,161.335,161.136,161.191,7109.0
2024-11-25 00:00:00,161.514,161.747,161.458,161.639,4115.0
2024-11-25 01:00:00,161.64,161.936,161.336,161.54,8847.0
2024-11-25 02:00:00,161.541,161.66,161.246,161.632,10913.0
2024-11-25 03:00:00,161.635,161.651,161.058,161.119,11219.0
2024-11-25 04:00:00,161.119,161.281,160.989,161.251,8057.0
2024-11-25 05:00:00,161.25,161.337,161.086,161.304,7508.0
2024-11-25 06:00:00,161.305,161.524,161.294,161.48,6613.0
2024-11-25 07:00:00,161.481,161.76,161.48,161.653,7608.0
2024-11-25 08:00:00,161.652,161.995,161.564,161.763,9271.0
2024-11-25 09:00:00,161.761,161.761,161.312,161.502,12778.0
2024-11-25 10:00:00,161.501,161.908,161.454,161.896,13757.0
2024-11-25 11:00:00,161.89,162.116,161.844,161.982,12634.0
2024-11-25 12:00:00,161.98,162.088,161.868,161.929,10984.0
2024-11-25 13:00:00,161.929,161.965,161.805,161.916,7459.0
2024-11-25 14:00:00,161.916,161.973,161.641,161.736,9838.0
2024-11-25 15:00:00,161.735,162.114,161.56,162.06,15026.0
2024-11-25 16:00:00,162.06,162.091,161.534,161.559,16741.0
2024-11-25 17:00:00,161.559,161.997,161.36,161.901,15146.0
2024-11-25 18:00:00,161.906,162.015,161.621,161.663,12857.0
2024-11-25 19:00:00,161.662,161.846,161.596,161.822,9396.0
2024-11-25 20:00:00,161.823,161.97,161.761,161.928,9731.0
2024-11-25 21:00:00,161.925,161.953,161.826,161.926,8376.0
2024-11-25 22:00:00,161.928,161.982,161.706,161.731,6701.0
2024-11-25 23:00:00,161.73,161.872,161.728,161.81,3709.0
2024-11-26 00:00:00,161.698,161.84,161.651,161.711,1420.0
2024-11-26 01:00:00,161.713,161.742,161.226,161.236,8631.0
2024-11-26 02:00:00,161.235,161.317,160.686,160.714,15970.0
2024-11-26 03:00:00,160.717,161.173,160.568,161.05,14679.0
2024-11-26 04:00:00,161.049,161.237,160.91,161.077,9958.0
2024-11-26 05:00:00,161.078,161.236,160.949,161.086,7730.0
2024-11-26 06:00:00,161.085,161.34,161.064,161.222,7171.0
2024-11-26 07:00:00,161.221,161.243,160.863,161.022,7816.0
2024-11-26 08:00:00,161.022,161.393,160.939,161.383,8247.0
2024-11-26 09:00:00,161.41,161.666,161.308,161.308,12637.0
2024-11-26 10:00:00,161.307,161.538,161.112,161.533,13269.0
2024-11-26 11:00:00,161.535,162.008,161.524,161.732,12062.0
2024-11-26 12:00:00,161.731,161.846,161.652,161.716,8890.0
2024-11-26 13:00:00,161.717,161.766,161.589,161.672,8165.0
2024-11-26 14:00:00,161.669,161.687,161.215,161.284,13677.0
2024-11-26 15:00:00,161.285,161.309,160.985,161.156,13826.0
2024-11-26 16:00:00,161.156,161.379,161.053,161.238,13564.0
2024-11-26 17:00:00,161.235,161.401,160.776,160.826,16155.0
2024-11-26 18:00:00,160.827,160.987,160.786,160.857,13319.0
2024-11-26 19:00:00,160.857,160.859,160.38,160.539,9606.0
2024-11-26 20:00:00,160.54,160.656,160.399,160.501,8373.0
2024-11-26 21:00:00,160.51,160.604,160.333,160.349,10638.0
2024-11-26 22:00:00,160.348,160.461,160.298,160.424,7904.0
2024-11-26 23:00:00,160.424,160.629,160.421,160.597,4504.0
2024-11-27 00:00:00,160.456,160.54,160.223,160.512,7737.0
2024-11-27 01:00:00,160.511,160.708,160.444,160.448,3457.0
2024-11-27 02:00:00,160.452,160.583,160.271,160.395,8512.0
2024-11-27 03:00:00,160.396,160.489,159.941,159.977,10410.0
2024-11-27 04:00:00,159.974,160.156,159.954,160.049,6925.0
2024-11-27 05:00:00,160.046,160.049,159.739,159.812,6747.0
2024-11-27 06:00:00,159.811,159.836,159.546,159.605,5963.0
2024-11-27 07:00:00,159.606,159.749,159.517,159.706,6692.0
2024-11-27 08:00:00,159.707,159.734,159.364,159.376,8374.0
2024-11-27 09:00:00,159.371,159.626,159.361,159.523,12307.0
2024-11-27 10:00:00,159.522,159.783,159.231,159.637,18028.0
2024-11-27 11:00:00,159.634,159.723,159.112,159.297,12280.0
2024-11-27 12:00:00,159.297,159.434,159.09,159.389,11051.0
2024-11-27 13:00:00,159.384,159.459,159.317,159.456,8626.0
2024-11-27 14:00:00,159.459,159.688,159.288,159.481,10729.0
2024-11-27 15:00:00,159.482,160.018,159.482,159.997,14784.0
2024-11-27 16:00:00,159.997,160.062,159.438,159.756,15121.0
2024-11-27 17:00:00,159.755,159.962,159.627,159.722,17906.0
2024-11-27 18:00:00,159.722,160.019,159.248,159.362,14818.0
2024-11-27 19:00:00,159.362,159.538,159.292,159.452,10570.0
2024-11-27 20:00:00,159.45,159.475,159.347,159.399,7466.0
2024-11-27 21:00:00,159.4,159.539,159.394,159.522,6408.0
2024-11-27 22:00:00,159.519,159.711,159.517,159.632,5884.0
2024-11-27 23:00:00,159.631,159.742,159.628,159.662,2860.0
2024-11-28 00:00:00,159.619,159.655,159.425,159.496,1590.0
2024-11-28 01:00:00,159.48,159.887,159.475,159.843,3408.0
2024-11-28 02:00:00,159.844,160.129,159.746,160.057,7620.0
2024-11-28 03:00:00,160.058,160.122,159.851,159.869,9385.0
2024-11-28 04:00:00,159.868,160.004,159.803,159.883,7168.0
2024-11-28 05:00:00,159.882,160.109,159.863,160.002,5337.0
2024-11-28 06:00:00,160.001,160.046,159.888,160.037,5011.0
2024-11-28 07:00:00,160.039,160.089,159.864,159.875,6075.0
2024-11-28 08:00:00,159.874,159.969,159.586,159.859,7188.0
2024-11-28 09:00:00,159.855,159.998,159.74,159.975,9452.0
2024-11-28 10:00:00,159.974,160.222,159.812,160.096,12354.0
2024-11-28 11:00:00,160.095,160.339,159.935,159.972,11262.0
2024-11-28 12:00:00,159.971,160.216,159.929,160.212,7198.0
2024-11-28 13:00:00,160.214,160.337,160.142,160.182,6160.0
2024-11-28 14:00:00,160.183,160.184,159.983,160.042,6562.0
2024-11-28 15:00:00,160.04,160.056,159.634,159.663,8144.0
2024-11-28 16:00:00,159.663,159.859,159.567,159.847,7364.0
2024-11-28 17:00:00,159.847,159.927,159.747,159.892,7859.0
2024-11-28 18:00:00,159.893,159.972,159.816,159.875,6681.0
2024-11-28 19:00:00,159.866,159.932,159.832,159.867,6487.0
2024-11-28 20:00:00,159.868,159.954,159.854,159.953,1871.0
2024-11-28 21:00:00,159.954,159.962,159.904,159.925,555.0
2024-11-28 22:00:00,159.926,159.945,159.856,159.856,712.0
2024-11-28 23:00:00,159.849,159.98,159.838,159.937,1031.0
2024-11-29 00:00:00,159.834,159.959,159.756,159.892,1384.0
2024-11-29 01:00:00,159.889,159.943,159.425,159.654,4400.0
2024-11-29 02:00:00,159.651,159.68,158.998,159.051,10344.0
2024-11-29 03:00:00,159.051,159.066,158.23,158.335,16161.0
2024-11-29 04:00:00,158.335,158.969,158.335,158.737,11069.0
2024-11-29 05:00:00,158.738,158.923,158.664,158.712,7283.0
2024-11-29 06:00:00,158.711,158.713,158.393,158.559,7880.0
2024-11-29 07:00:00,158.561,158.81,158.496,158.625,8448.0
2024-11-29 08:00:00,158.626,158.762,158.571,158.703,6999.0
2024-11-29 09:00:00,158.705,158.705,158.346,158.681,12818.0
2024-11-29 10:00:00,158.691,158.819,158.581,158.75,11574.0
2024-11-29 11:00:00,158.749,158.793,158.485,158.51,11013.0
2024-11-29 12:00:00,158.51,158.84,158.329,158.432,9995.0
2024-11-29 13:00:00,158.431,158.54,158.214,158.48,8255.0
2024-11-29 14:00:00,158.485,158.641,158.346,158.626,8824.0
2024-11-29 15:00:00,158.625,158.675,158.338,158.405,8908.0
2024-11-29 16:00:00,158.404,158.431,158.14,158.235,10741.0
2024-11-29 17:00:00,158.234,158.787,158.175,158.606,12692.0
2024-11-29 18:00:00,158.607,158.894,158.533,158.642,12361.0
2024-11-29 19:00:00,158.641,158.688,158.028,158.08,10314.0
2024-11-29 20:00:00,158.082,158.272,158.055,158.251,12247.0
2024-12-02 00:00:00,158.034,158.198,157.938,157.984,3606.0
2024-12-02 01:00:00,157.983,158.228,157.944,158.011,8356.0
2024-12-02 02:00:00,158.019,158.367,157.959,158.258,9507.0
2024-12-02 03:00:00,158.257,158.551,158.205,158.519,9506.0
2024-12-02 04:00:00,158.518,158.594,158.426,158.508,8303.0
2024-12-02 05:00:00,158.51,158.596,158.363,158.409,6069.0
2024-12-02 06:00:00,158.408,158.53,158.368,158.456,6163.0
2024-12-02 07:00:00,158.455,158.64,158.395,158.589,7190.0
2024-12-02 08:00:00,158.589,158.589,158.264,158.343,9250.0
2024-12-02 09:00:00,158.331,158.391,157.586,157.803,13861.0
2024-12-02 10:00:00,157.804,157.968,157.587,157.762,12948.0
2024-12-02 11:00:00,157.765,158.195,157.724,158.062,10114.0
2024-12-02 12:00:00,158.061,158.151,157.869,158.01,9233.0
2024-12-02 13:00:00,158.009,158.137,157.931,158.005,7309.0
2024-12-02 14:00:00,158.004,158.184,157.505,157.655,10651.0
2024-12-02 15:00:00,157.652,157.949,157.593,157.666,12140.0
2024-12-02 16:00:00,157.668,157.746,157.059,157.07,14418.0
2024-12-02 17:00:00,157.069,157.26,156.792,156.901,17229.0
2024-12-02 18:00:00,156.899,156.995,156.377,156.485,15247.0
2024-12-02 19:00:00,156.485,156.892,156.479,156.891,7911.0
2024-12-02 20:00:00,156.892,157.136,156.867,156.978,6146.0
2024-12-02 21:00:00,156.977,157.013,156.833,156.854,5434.0
2024-12-02 22:00:00,156.854,157.023,156.831,157.016,9916.0
2024-12-02 23:00:00,157.017,157.065,156.973,157.031,3961.0
2024-12-03 00:00:00,156.558,157.048,156.558,156.952,1136.0
2024-12-03 01:00:00,156.946,157.305,156.946,157.001,3632.0
2024-12-03 02:00:00,157.007,157.313,156.98,157.228,8480.0
2024-12-03 03:00:00,157.224,157.264,157.029,157.183,8322.0
2024-12-03 04:00:00,157.183,157.28,157.141,157.193,5999.0
2024-12-03 05:00:00,157.194,157.51,157.163,157.453,5244.0
2024-12-03 06:00:00,157.454,157.527,157.405,157.43,4300.0
2024-12-03 07:00:00,157.431,157.502,157.336,157.399,5006.0
2024-12-03 08:00:00,157.398,157.501,157.254,157.428,5961.0
2024-12-03 09:00:00,157.408,157.595,157.286,157.474,8622.0
2024-12-03 10:00:00,157.477,157.853,157.398,157.795,11851.0
2024-12-03 11:00:00,157.795,157.804,157.579,157.613,9341.0
2024-12-03 12:00:00,157.608,157.982,157.574,157.768,7280.0
2024-12-03 13:00:00,157.768,157.872,157.492,157.56,7306.0
2024-12-03 14:00:00,157.561,157.566,157.268,157.282,7617.0
2024-12-03 15:00:00,157.279,157.349,156.631,156.652,11099.0
2024-12-03 16:00:00,156.652,156.889,156.384,156.561,14872.0
2024-12-03 17:00:00,156.56,156.883,156.174,156.858,16267.0
2024-12-03 18:00:00,156.856,157.159,156.712,156.847,11858.0
2024-12-03 19:00:00,156.846,157.22,156.806,157.09,8969.0
2024-12-03 20:00:00,157.089,157.115,156.822,156.909,6716.0
2024-12-03 21:00:00,156.909,157.094,156.752,157.044,6167.0
2024-12-03 22:00:00,157.041,157.109,156.991,157.059,4900.0
2024-12-03 23:00:00,157.058,157.224,157.047,157.209,2842.0
2024-12-04 00:00:00,157.172,157.207,157.105,157.178,1375.0
2024-12-04 01:00:00,157.179,157.302,157.152,157.243,2552.0
2024-12-04 02:00:00,157.245,157.403,157.161,157.35,7886.0
2024-12-04 03:00:00,157.349,157.578,157.321,157.514,9269.0
2024-12-04 04:00:00,157.513,157.532,157.181,157.269,7680.0
2024-12-04 05:00:00,157.269,157.348,156.98,157.34,7971.0
2024-12-04 06:00:00,157.341,157.74,157.341,157.631,7744.0
2024-12-04 07:00:00,157.633,157.858,157.539,157.828,7636.0
2024-12-04 08:00:00,157.83,157.875,157.617,157.853,8181.0
2024-12-04 09:00:00,157.852,158.126,157.808,158.039,10961.0
2024-12-04 10:00:00,158.036,158.271,157.691,157.825,11469.0
2024-12-04 11:00:00,157.826,158.266,157.758,158.2,11756.0
2024-12-04 12:00:00,158.199,158.442,158.171,158.397,8924.0
2024-12-04 13:00:00,158.398,158.621,158.376,158.51,8546.0
2024-12-04 14:00:00,158.506,158.656,158.404,158.594,8188.0
2024-12-04 15:00:00,158.587,158.617,158.202,158.38,12627.0
2024-12-04 16:00:00,158.38,158.386,158.188,158.308,11459.0
2024-12-04 17:00:00,158.302,158.598,158.141,158.353,17379.0
2024-12-04 18:00:00,158.355,158.42,158.012,158.1,10286.0
2024-12-04 19:00:00,158.101,158.282,158.0,158.235,7326.0
2024-12-04 20:00:00,158.234,158.267,157.984,158.184,6048.0
2024-12-04 21:00:00,158.182,158.286,157.983,158.168,9582.0
2024-12-04 22:00:00,158.17,158.404,158.156,158.238,7468.0
2024-12-04 23:00:00,158.238,158.341,158.185,158.305,3601.0
2024-12-05 00:00:00,158.016,158.274,158.016,158.185,1489.0
2024-12-05 01:00:00,158.19,158.487,158.179,158.259,2741.0
2024-12-05 02:00:00,158.26,158.26,157.912,157.943,7604.0
2024-12-05 03:00:00,157.946,158.403,157.906,158.252,8773.0
2024-12-05 04:00:00,158.25,158.255,158.038,158.149,5700.0
2024-12-05 05:00:00,158.148,158.168,157.989,158.148,4206.0
2024-12-05 06:00:00,158.148,158.243,158.108,158.183,3717.0
2024-12-05 07:00:00,158.184,158.188,157.685,157.827,6794.0
2024-12-05 08:00:00,157.825,157.849,157.56,157.654,8560.0
2024-12-05 09:00:00,157.652,157.975,157.647,157.808,9530.0
2024-12-05 10:00:00,157.808,158.231,157.752,158.154,10450.0
2024-12-05 11:00:00,158.152,158.259,158.036,158.258,7794.0
2024-12-05 12:00:00,158.258,158.32,158.006,158.018,7640.0
2024-12-05 13:00:00,158.019,158.227,157.988,158.212,6849.0
2024-12-05 14:00:00,158.211,158.525,158.211,158.473,8232.0
2024-12-05 15:00:00,158.471,159.172,158.452,159.15,14001.0
2024-12-05 16:00:00,159.151,159.388,158.955,159.15,12688.0
2024-12-05 17:00:00,159.15,159.159,158.666,158.85,12202.0
2024-12-05 18:00:00,158.849,158.89,158.607,158.768,9727.0
2024-12-05 19:00:00,158.766,158.8,158.48,158.652,6803.0
2024-12-05 20:00:00,158.654,158.791,158.621,158.685,5244.0
2024-12-05 21:00:00,158.686,158.836,158.586,158.828,6608.0
2024-12-05 22:00:00,158.829,158.882,158.743,158.849,4512.0
2024-12-05 23:00:00,158.848,158.926,158.788,158.911,2745.0
2024-12-06 00:00:00,158.768,158.888,158.697,158.862,2570.0
2024-12-06 01:00:00,158.863,159.034,158.829,158.924,2562.0
2024-12-06 02:00:00,158.927,159.022,158.55,158.762,5944.0
2024-12-06 03:00:00,158.761,158.786,158.574,158.578,7332.0
2024-12-06 04:00:00,158.578,158.662,158.465,158.477,5884.0
2024-12-06 05:00:00,158.478,158.521,158.375,158.514,4505.0
2024-12-06 06:00:00,158.514,158.638,158.47,158.604,3914.0
2024-12-06 07:00:00,158.607,158.646,158.466,158.512,4385.0
2024-12-06 08:00:00,158.512,158.579,158.407,158.474,5098.0
2024-12-06 09:00:00,158.472,158.87,158.375,158.852,7921.0
2024-12-06 10:00:00,158.854,159.198,158.848,159.121,8958.0
2024-12-06 11:00:00,159.122,159.357,159.067,159.267,7565.0
2024-12-06 12:00:00,159.264,159.436,159.157,159.342,6540.0
2024-12-06 13:00:00,159.343,159.4,159.233,159.344,6293.0
2024-12-06 14:00:00,159.342,159.442,159.141,159.152,7305.0
2024-12-06 15:00:00,159.155,159.576,158.698,158.706,16692.0
2024-12-06 16:00:00,158.703,158.773,158.097,158.293,17926.0
2024-12-06 17:00:00,158.294,158.432,158.093,158.31,14252.0
2024-12-06 18:00:00,158.31,158.512,158.18,158.216,10984.0
2024-12-06 19:00:00,158.217,158.333,158.151,158.231,7267.0
2024-12-06 20:00:00,158.227,158.423,158.176,158.226,5388.0
2024-12-09 00:00:00,158.204,158.485,158.192,158.419,2600.0
2024-12-09 01:00:00,158.42,158.551,158.348,158.371,2883.0
2024-12-09 02:00:00,158.371,158.371,158.019,158.227,6870.0
2024-12-09 03:00:00,158.227,158.344,158.085,158.186,6983.0
2024-12-09 04:00:00,158.186,158.319,158.155,158.225,6069.0
2024-12-09 05:00:00,158.224,158.279,158.022,158.033,4991.0
2024-12-09 06:00:00,158.035,158.066,157.859,157.912,4887.0
2024-12-09 07:00:00,157.918,158.019,157.898,158.019,5062.0
2024-12-09 08:00:00,158.018,158.322,158.009,158.316,5708.0
2024-12-09 09:00:00,158.314,158.832,158.294,158.824,9834.0
2024-12-09 10:00:00,158.825,158.987,158.687,158.957,10601.0
2024-12-09 11:00:00,158.956,159.089,158.854,158.933,8754.0
2024-12-09 12:00:00,158.933,159.236,158.918,159.193,7386.0
2024-12-09 13:00:00,159.193,159.269,158.999,159.054,5876.0
2024-12-09 14:00:00,159.059,159.323,158.997,159.295,6982.0
2024-12-09 15:00:00,159.294,159.583,159.27,159.567,9665.0
2024-12-09 16:00:00,159.567,159.716,159.389,159.654,9400.0
2024-12-09 17:00:00,159.654,159.985,159.604,159.95,10561.0
2024-12-09 18:00:00,159.95,159.998,159.761,159.866,8208.0
2024-12-09 19:00:00,159.867,159.956,159.844,159.902,5166.0
2024-12-09 20:00:00,159.904,159.904,159.769,159.795,4142.0
2024-12-09 21:00:00,159.794,159.828,159.603,159.635,4109.0
2024-12-09 22:00:00,159.636,159.662,159.45,159.532,4595.0
2024-12-09 23:00:00,159.536,159.598,159.503,159.593,3081.0
2024-12-10 00:00:00,159.527,159.635,159.471,159.627,2138.0
2024-12-10 01:00:00,159.574,159.823,159.57,159.777,2292.0
2024-12-10 02:00:00,159.782,159.848,159.569,159.811,6764.0
2024-12-10 03:00:00,159.812,159.881,159.626,159.681,6323.0
2024-12-10 04:00:00,159.681,159.682,159.463,159.567,7397.0
2024-12-10 05:00:00,159.566,159.626,159.433,159.48,5976.0
2024-12-10 06:00:00,159.478,159.576,159.379,159.558,5625.0
2024-12-10 07:00:00,159.559,159.699,159.367,159.416,5808.0
2024-12-10 08:00:00,159.418,159.816,159.382,159.795,6357.0
2024-12-10 09:00:00,159.789,159.901,159.634,159.867,7462.0
2024-12-10 10:00:00,159.868,160.067,159.7,159.792,9860.0
2024-12-10 11:00:00,159.791,159.813,159.433,159.647,9643.0
2024-12-10 12:00:00,159.648,159.719,159.524,159.596,7373.0
2024-12-10 13:00:00,159.595,159.774,159.542,159.768,6525.0
2024-12-10 14:00:00,159.772,159.884,159.496,159.839,7878.0
2024-12-10 15:00:00,159.84,159.886,159.452,159.611,9618.0
2024-12-10 16:00:00,159.611,159.796,159.533,159.716,10284.0
2024-12-10 17:00:00,159.714,159.81,159.602,159.787,12173.0
2024-12-10 18:00:00,159.788,159.909,159.707,159.833,9623.0
2024-12-10 19:00:00,159.834,159.894,159.783,159.864,6351.0
2024-12-10 20:00:00,159.864,159.927,159.812,159.904,5781.0
2024-12-10 21:00:00,159.904,159.953,159.87,159.928,4470.0
2024-12-10 22:00:00,159.929,159.938,159.855,159.925,4525.0
2024-12-10 23:00:00,159.927,159.991,159.878,159.978,2373.0
2024-12-11 00:00:00,159.798,159.987,159.798,159.964,815.0
2024-12-11 01:00:00,159.961,159.996,159.847,159.901,1445.0
2024-12-11 02:00:00,159.902,159.93,159.727,159.751,4278.0
2024-12-11 03:00:00,159.753,159.905,159.751,159.816,5395.0
2024-12-11 04:00:00,159.815,159.83,159.572,159.573,5888.0
2024-12-11 05:00:00,159.572,159.688,159.533,159.552,4209.0
2024-12-11 06:00:00,159.552,159.561,159.437,159.496,3714.0
2024-12-11 07:00:00,159.497,159.735,159.475,159.7,3838.0
2024-12-11 08:00:00,159.701,159.764,159.613,159.747,4116.0
2024-12-11 09:00:00,159.75,159.785,158.897,159.086,12913.0
2024-12-11 10:00:00,159.085,159.371,159.077,159.29,10197.0
2024-12-11 11:00:00,159.29,160.39,158.647,160.323,15209.0
2024-12-11 12:00:00,160.322,160.356,160.028,160.152,9630.0
2024-12-11 13:00:00,160.152,160.29,160.126,160.234,7625.0
2024-12-11 14:00:00,160.232,160.525,160.22,160.329,8718.0
2024-12-11 15:00:00,160.33,160.676,160.077,160.28,15294.0
2024-12-11 16:00:00,160.275,160.325,159.567,159.755,14645.0
2024-12-11 17:00:00,159.767,160.053,159.613,159.944,14432.0
2024-12-11 18:00:00,159.944,160.101,159.896,160.079,9359.0
2024-12-11 19:00:00,160.081,160.193,159.93,159.934,6646.0
2024-12-11 20:00:00,159.933,160.08,159.875,160.076,7412.0
2024-12-11 21:00:00,160.074,160.143,160.002,160.134,5661.0
2024-12-11 22:00:00,160.135,160.152,160.055,160.104,3693.0
2024-12-11 23:00:00,160.108,160.146,159.996,160.018,2252.0
2024-12-12 00:00:00,159.914,160.005,159.776,159.969,1345.0
2024-12-12 01:00:00,159.967,160.046,159.944,159.955,1902.0
2024-12-12 02:00:00,159.955,160.024,159.801,159.878,6714.0
2024-12-12 03:00:00,159.88,159.894,159.648,159.669,7462.0
2024-12-12 04:00:00,159.669,159.985,159.646,159.984,5471.0
2024-12-12 05:00:00,159.985,160.11,159.914,160.057,4374.0
2024-12-12 06:00:00,160.056,160.083,159.876,159.938,3622.0
2024-12-12 07:00:00,159.938,160.313,159.914,160.217,6685.0
2024-12-12 08:00:00,160.217,160.486,160.217,160.322,6948.0
2024-12-12 09:00:00,160.323,160.547,160.264,160.449,9970.0
2024-12-12 10:00:00,160.448,160.522,160.125,160.267,10523.0
2024-12-12 11:00:00,160.268,160.481,160.183,160.306,8860.0
2024-12-12 12:00:00,160.307,160.342,159.835,159.881,7735.0
2024-12-12 13:00:00,159.882,159.996,159.807,159.836,7856.0
2024-12-12 14:00:00,159.835,159.928,159.702,159.721,8231.0
2024-12-12 15:00:00,159.721,159.754,159.29,159.403,16477.0
2024-12-12 16:00:00,159.409,160.234,159.108,160.15,17504.0
2024-12-12 17:00:00,160.154,160.232,159.301,159.491,16982.0
2024-12-12 18:00:00,159.491,159.964,159.447,159.882,11865.0
2024-12-12 19:00:00,159.881,159.967,159.817,159.887,9353.0
2024-12-12 20:00:00,159.887,160.004,159.798,159.837,8871.0
2024-12-12 21:00:00,159.836,159.879,159.728,159.745,6800.0
2024-12-12 22:00:00,159.744,159.812,159.721,159.797,4473.0
2024-12-12 23:00:00,159.798,159.837,159.736,159.757,2818.0
2024-12-13 00:00:00,159.629,159.778,159.562,159.735,2319.0
2024-12-13 01:00:00,159.717,159.851,159.637,159.816,2397.0
2024-12-13 02:00:00,159.819,160.252,159.769,160.147,7482.0
2024-12-13 03:00:00,160.147,160.183,159.815,159.874,7942.0
2024-12-13 04:00:00,159.875,160.012,159.719,159.951,6546.0
2024-12-13 05:00:00,159.951,160.113,159.924,159.939,5290.0
2024-12-13 06:00:00,159.938,160.111,159.926,160.046,4269.0
2024-12-13 07:00:00,160.047,160.117,159.952,160.002,3579.0
2024-12-13 08:00:00,160.003,160.065,159.782,159.818,4871.0
2024-12-13 09:00:00,159.805,159.953,159.744,159.812,9294.0
2024-12-13 10:00:00,159.81,160.352,159.799,160.343,9746.0
2024-12-13 11:00:00,160.344,160.994,160.288,160.876,8895.0
2024-12-13 12:00:00,160.88,161.068,160.827,160.942,9040.0
2024-12-13 13:00:00,160.944,161.182,160.938,161.138,6796.0
2024-12-13 14:00:00,161.135,161.374,160.981,161.374,9805.0
2024-12-13 15:00:00,161.377,161.549,161.09,161.121,10036.0
2024-12-13 16:00:00,161.121,161.215,160.988,161.134,10092.0
2024-12-13 17:00:00,161.133,161.185,160.96,161.177,11130.0
2024-12-13 18:00:00,161.174,161.503,161.117,161.404,8575.0
2024-12-13 19:00:00,161.404,161.438,161.304,161.317,6681.0
2024-12-13 20:00:00,161.318,161.378,161.228,161.321,4790.0
2024-12-16 00:00:00,160.738,161.324,160.631,161.176,2837.0
2024-12-16 01:00:00,161.176,161.367,161.176,161.276,3527.0
2024-12-16 02:00:00,161.273,161.864,161.168,161.72,7150.0
2024-12-16 03:00:00,161.721,161.911,161.689,161.895,6622.0
2024-12-16 04:00:00,161.892,161.986,161.713,161.763,5184.0
2024-12-16 05:00:00,161.765,161.774,161.616,161.69,4148.0
2024-12-16 06:00:00,161.69,161.797,161.641,161.674,2920.0
2024-12-16 07:00:00,161.674,161.735,161.595,161.644,3889.0
2024-12-16 08:00:00,161.645,161.722,161.51,161.537,4732.0
2024-12-16 09:00:00,161.542,161.655,161.252,161.277,7219.0
2024-12-16 10:00:00,161.276,161.715,161.162,161.519,11408.0
2024-12-16 11:00:00,161.522,161.716,161.496,161.572,8868.0
2024-12-16 12:00:00,161.573,161.624,161.309,161.356,6580.0
2024-12-16 13:00:00,161.356,161.427,161.208,161.345,5504.0
2024-12-16 14:00:00,161.346,161.784,161.34,161.643,7121.0
2024-12-16 15:00:00,161.642,161.86,161.64,161.845,8219.0
2024-12-16 16:00:00,161.843,161.853,161.563,161.751,10537.0
2024-12-16 17:00:00,161.751,162.206,161.701,162.047,10940.0
2024-12-16 18:00:00,162.048,162.097,161.902,162.062,8601.0
2024-12-16 19:00:00,162.06,162.128,161.897,162.03,7073.0
2024-12-16 20:00:00,162.031,162.088,161.95,162.073,4825.0
2024-12-16 21:00:00,162.074,162.087,161.929,161.985,4578.0
2024-12-16 22:00:00,161.984,161.993,161.921,161.985,3567.0
2024-12-16 23:00:00,161.996,162.105,161.969,162.034,1977.0
2024-12-17 00:00:00,161.948,162.038,161.864,161.975,1779.0
2024-12-17 01:00:00,161.986,162.17,161.981,162.059,2360.0
2024-12-17 02:00:00,162.055,162.469,162.005,162.302,6742.0
2024-12-17 03:00:00,162.301,162.311,161.986,162.132,6519.0
2024-12-17 04:00:00,162.132,162.145,161.901,161.972,5923.0
2024-12-17 05:00:00,161.974,161.998,161.804,161.934,3832.0
2024-12-17 06:00:00,161.935,162.071,161.856,161.896,3955.0
2024-12-17 07:00:00,161.897,162.07,161.854,161.912,5105.0
2024-12-17 08:00:00,161.913,161.977,161.712,161.889,6074.0
2024-12-17 09:00:00,161.897,161.943,161.623,161.737,8316.0
2024-12-17 10:00:00,161.736,161.823,161.307,161.392,10311.0
2024-12-17 11:00:00,161.393,161.393,161.112,161.261,9970.0
2024-12-17 12:00:00,161.263,161.38,161.146,161.35,8191.0
2024-12-17 13:00:00,161.351,161.526,161.15,161.474,7367.0
2024-12-17 14:00:00,161.475,161.535,161.368,161.532,6548.0
2024-12-17 15:00:00,161.532,161.649,161.357,161.536,11805.0
2024-12-17 16:00:00,161.535,161.565,161.303,161.315,12840.0
2024-12-17 17:00:00,161.315,161.321,161.117,161.164,12210.0
2024-12-17 18:00:00,161.163,161.324,161.135,161.167,9525.0
2024-12-17 19:00:00,161.167,161.204,160.886,160.931,8092.0
2024-12-17 20:00:00,160.93,161.019,160.773,160.836,6666.0
2024-12-17 21:00:00,160.839,160.885,160.77,160.833,4923.0
2024-12-17 22:00:00,160.832,161.037,160.819,161.011,4724.0
2024-12-17 23:00:00,161.011,161.088,160.987,160.989,2635.0
2024-12-18 00:00:00,160.916,161.064,160.836,160.992,1133.0
2024-12-18 01:00:00,160.997,161.185,160.955,161.162,1808.0
2024-12-18 02:00:00,161.161,161.483,161.121,161.364,6385.0
2024-12-18 03:00:00,161.363,161.449,161.213,161.306,5933.0
2024-12-18 04:00:00,161.297,161.45,161.243,161.382,4677.0
2024-12-18 05:00:00,161.38,161.415,161.265,161.286,3488.0
2024-12-18 06:00:00,161.287,161.299,161.09,161.163,4083.0
2024-12-18 07:00:00,161.164,161.174,161.025,161.06,3377.0
2024-12-18 08:00:00,161.059,161.326,161.049,161.319,4896.0
2024-12-18 09:00:00,161.319,161.348,161.137,161.205,8252.0
2024-12-18 10:00:00,161.208,161.247,161.052,161.142,8238.0
2024-12-18 11:00:00,161.141,161.391,161.115,161.23,6788.0
2024-12-18 12:00:00,161.229,161.31,161.143,161.231,6264.0
2024-12-18 13:00:00,161.23,161.354,161.203,161.292,6029.0
2024-12-18 14:00:00,161.294,161.384,161.245,161.371,6913.0
2024-12-18 15:00:00,161.372,161.558,161.332,161.419,9172.0
2024-12-18 16:00:00,161.419,161.503,161.271,161.415,10365.0
2024-12-18 17:00:00,161.415,161.482,161.256,161.322,9859.0
2024-12-18 18:00:00,161.321,161.398,161.202,161.225,7896.0
2024-12-18 19:00:00,161.224,161.278,161.106,161.136,6008.0
2024-12-18 20:00:00,161.135,161.335,161.091,161.16,6585.0
2024-12-18 21:00:00,161.163,161.369,160.366,160.481,22054.0
2024-12-18 22:00:00,160.486,160.486,159.804,160.333,19973.0
2024-12-18 23:00:00,160.332,160.436,160.221,160.241,8514.0
2024-12-19 00:00:00,160.124,160.237,160.016,160.166,2607.0
2024-12-19 01:00:00,160.18,160.268,159.853,160.088,5823.0
2024-12-19 02:00:00,160.086,160.762,160.079,160.598,9982.0
2024-12-19 03:00:00,160.6,160.679,160.392,160.493,8173.0
2024-12-19 04:00:00,160.493,161.195,160.281,161.139,8059.0
2024-12-19 05:00:00,161.14,161.388,160.891,161.135,7884.0
2024-12-19 06:00:00,161.132,161.244,161.026,161.19,5429.0
2024-12-19 07:00:00,161.188,161.403,161.109,161.158,5977.0
2024-12-19 08:00:00,161.154,162.168,160.912,162.12,11474.0
2024-12-19 09:00:00,162.12,162.972,162.114,162.66,16876.0
2024-12-19 10:00:00,162.659,163.352,162.644,163.282,14480.0
2024-12-19 11:00:00,163.281,163.673,163.281,163.518,14233.0
2024-12-19 12:00:00,163.518,163.551,163.232,163.313,10312.0
2024-12-19 13:00:00,163.313,163.478,162.986,163.015,9205.0
2024-12-19 14:00:00,163.017,163.337,162.961,163.116,12346.0
2024-12-19 15:00:00,163.116,163.353,162.853,163.169,15189.0
2024-12-19 16:00:00,163.17,163.636,163.17,163.4,15236.0
2024-12-19 17:00:00,163.401,163.8,163.349,163.704,16045.0
2024-12-19 18:00:00,163.702,163.746,163.307,163.358,13708.0
2024-12-19 19:00:00,163.357,163.546,163.32,163.4,10557.0
2024-12-19 20:00:00,163.398,163.513,163.297,163.431,8475.0
2024-12-19 21:00:00,163.431,163.463,163.067,163.108,7513.0
2024-12-19 22:00:00,163.109,163.235,163.029,163.121,7114.0
2024-12-19 23:00:00,163.124,163.173,163.03,163.133,3327.0
2024-12-20 00:00:00,163.096,163.19,163.058,163.174,2123.0
2024-12-20 01:00:00,163.152,163.42,163.118,163.39,4492.0
2024-12-20 02:00:00,163.391,163.662,163.375,163.498,9835.0
2024-12-20 03:00:00,163.498,163.516,162.852,162.997,11898.0
2024-12-20 04:00:00,162.997,163.069,162.568,162.679,9583.0
2024-12-20 05:00:00,162.68,162.863,162.526,162.753,9231.0
2024-12-20 06:00:00,162.752,163.004,162.729,162.94,7379.0
2024-12-20 07:00:00,162.939,162.955,162.693,162.786,7341.0
2024-12-20 08:00:00,162.788,162.951,162.341,162.865,11114.0
2024-12-20 09:00:00,162.867,162.971,162.684,162.836,11790.0
2024-12-20 10:00:00,162.835,163.181,162.729,163.042,14117.0
2024-12-20 11:00:00,163.042,163.067,162.522,162.718,12502.0
2024-12-20 12:00:00,162.719,162.906,162.653,162.885,9980.0
2024-12-20 13:00:00,162.884,162.959,162.684,162.912,8416.0
2024-12-20 14:00:00,162.914,163.01,162.776,162.841,9855.0
2024-12-20 15:00:00,162.84,163.021,162.773,162.896,14232.0
2024-12-20 16:00:00,162.896,162.896,162.508,162.734,15294.0
2024-12-20 17:00:00,162.73,162.989,162.657,162.715,15325.0
2024-12-20 18:00:00,162.715,162.953,162.705,162.792,12975.0
2024-12-20 19:00:00,162.791,162.975,162.659,162.764,11448.0
2024-12-20 20:00:00,162.764,162.994,162.74,162.901,8659.0
2024-12-23 00:00:00,162.91,163.387,162.89,163.304,1831.0
2024-12-23 01:00:00,163.3,163.428,163.172,163.337,5361.0
2024-12-23 02:00:00,163.338,163.413,163.206,163.353,6567.0
2024-12-23 03:00:00,163.353,163.393,163.136,163.261,5950.0
2024-12-23 04:00:00,163.26,163.437,163.175,163.43,5845.0
2024-12-23 05:00:00,163.43,163.478,163.345,163.372,3515.0
2024-12-23 06:00:00,163.374,163.562,163.371,163.498,3763.0
2024-12-23 07:00:00,163.499,163.562,163.448,163.518,3577.0
2024-12-23 08:00:00,163.519,163.545,163.374,163.388,4656.0
2024-12-23 09:00:00,163.397,163.598,163.182,163.249,7284.0
2024-12-23 10:00:00,163.25,163.272,162.901,163.098,8811.0
2024-12-23 11:00:00,163.097,163.207,162.991,163.071,7417.0
2024-12-23 12:00:00,163.07,163.118,162.843,162.916,6920.0
2024-12-23 13:00:00,162.918,163.13,162.898,163.101,6487.0
2024-12-23 14:00:00,163.105,163.427,162.977,163.333,8243.0
2024-12-23 15:00:00,163.331,163.525,163.27,163.469,8554.0
2024-12-23 16:00:00,163.466,163.553,163.292,163.361,10371.0
2024-12-23 17:00:00,163.359,163.466,163.19,163.256,11926.0
2024-12-23 18:00:00,163.254,163.489,163.248,163.413,8526.0
2024-12-23 19:00:00,163.412,163.564,163.364,163.391,7152.0
2024-12-23 20:00:00,163.391,163.62,163.391,163.537,5712.0
2024-12-23 21:00:00,163.537,163.568,163.391,163.541,5307.0
2024-12-23 22:00:00,163.54,163.544,163.414,163.498,4996.0
2024-12-23 23:00:00,163.498,163.534,163.476,163.53,2510.0
2024-12-24 00:00:00,163.374,163.474,163.252,163.407,1330.0
2024-12-24 01:00:00,163.424,163.554,163.402,163.459,3641.0
2024-12-24 02:00:00,163.463,163.59,163.417,163.534,4151.0
2024-12-24 03:00:00,163.532,163.549,163.287,163.38,5263.0
2024-12-24 04:00:00,163.379,163.467,163.218,163.325,3738.0
2024-12-24 05:00:00,163.327,163.344,163.118,163.15,3723.0
2024-12-24 06:00:00,163.148,163.199,163.019,163.163,4120.0
2024-12-24 07:00:00,163.165,163.202,163.028,163.155,4217.0
2024-12-24 08:00:00,163.157,163.288,163.058,163.23,4249.0
2024-12-24 09:00:00,163.225,163.26,163.117,163.198,4162.0
2024-12-24 10:00:00,163.2,163.298,163.124,163.191,5052.0
2024-12-24 11:00:00,163.189,163.243,163.127,163.17,4587.0
2024-12-24 12:00:00,163.171,163.253,163.096,163.242,3894.0
2024-12-24 13:00:00,163.243,163.376,163.221,163.271,4028.0
2024-12-24 14:00:00,163.27,163.376,163.174,163.207,6017.0
2024-12-24 15:00:00,163.206,163.455,163.173,163.443,5917.0
2024-12-24 16:00:00,163.443,163.606,163.379,163.571,6606.0
2024-12-24 17:00:00,163.57,163.63,163.36,163.418,8191.0
2024-12-24 18:00:00,163.419,163.491,163.321,163.323,6153.0
2024-12-24 19:00:00,163.323,163.401,163.27,163.336,4418.0
2024-12-24 20:00:00,163.338,163.444,163.25,163.424,3435.0
2024-12-24 21:00:00,163.422,163.511,163.384,163.429,4033.0
2024-12-24 22:00:00,163.43,163.466,163.186,163.412,3135.0
2024-12-24 23:00:00,163.411,163.524,163.11,163.328,1697.0
2024-12-26 00:00:00,163.457,163.621,163.42,163.544,778.0
2024-12-26 01:00:00,163.53,163.549,163.374,163.396,3324.0
2024-12-26 02:00:00,163.395,163.652,163.32,163.565,5059.0
2024-12-26 03:00:00,163.561,163.755,163.484,163.669,5081.0
2024-12-26 04:00:00,163.669,163.76,163.644,163.702,3232.0
2024-12-26 05:00:00,163.701,163.758,163.621,163.676,3089.0
2024-12-26 06:00:00,163.676,163.769,163.655,163.686,3018.0
2024-12-26 07:00:00,163.687,163.715,163.574,163.606,3155.0
2024-12-26 08:00:00,163.604,163.703,163.586,163.635,4010.0
2024-12-26 09:00:00,163.631,163.704,163.532,163.628,4331.0
2024-12-26 10:00:00,163.625,163.644,163.545,163.561,5893.0
2024-12-26 11:00:00,163.56,163.728,163.478,163.713,5104.0
2024-12-26 12:00:00,163.715,163.784,163.695,163.767,3625.0
2024-12-26 13:00:00,163.767,163.914,163.751,163.908,3047.0
2024-12-26 14:00:00,163.908,163.95,163.832,163.948,4369.0
2024-12-26 15:00:00,163.953,164.196,163.896,164.192,5731.0
2024-12-26 16:00:00,164.192,164.292,164.114,164.284,6718.0
2024-12-26 17:00:00,164.285,164.57,164.233,164.529,8100.0
2024-12-26 18:00:00,164.528,164.693,164.483,164.678,6683.0
2024-12-26 19:00:00,164.676,164.683,164.464,164.551,5787.0
2024-12-26 20:00:00,164.55,164.753,164.539,164.582,7102.0
2024-12-26 21:00:00,164.581,164.65,164.514,164.582,5249.0
2024-12-26 22:00:00,164.58,164.611,164.512,164.606,4875.0
2024-12-26 23:00:00,164.606,164.701,164.571,164.699,2472.0
2024-12-27 00:00:00,164.565,164.621,164.354,164.611,1449.0
2024-12-27 01:00:00,164.611,164.611,164.403,164.486,3721.0
2024-12-27 02:00:00,164.486,164.657,164.323,164.581,5782.0
2024-12-27 03:00:00,164.58,164.614,164.315,164.322,5815.0
2024-12-27 04:00:00,164.318,164.338,164.026,164.116,6646.0
2024-12-27 05:00:00,164.116,164.236,164.088,164.22,3427.0
2024-12-27 06:00:00,164.22,164.245,164.059,164.075,3926.0
2024-12-27 07:00:00,164.074,164.286,164.048,164.273,3686.0
2024-12-27 08:00:00,164.272,164.34,164.163,164.32,4821.0
2024-12-27 09:00:00,164.32,164.606,164.233,164.531,6096.0
2024-12-27 10:00:00,164.532,164.612,164.394,164.426,6594.0
2024-12-27 11:00:00,164.421,164.545,164.323,164.522,6333.0
2024-12-27 12:00:00,164.523,164.547,164.317,164.43,6864.0
2024-12-27 13:00:00,164.426,164.662,164.415,164.636,6994.0
2024-12-27 14:00:00,164.637,164.691,164.56,164.679,7969.0
2024-12-27 15:00:00,164.68,164.772,164.612,164.772,8155.0
2024-12-27 16:00:00,164.773,164.822,164.575,164.604,10822.0
2024-12-27 17:00:00,164.606,164.623,164.191,164.282,13280.0
2024-12-27 18:00:00,164.281,164.537,164.174,164.454,10850.0
2024-12-27 19:00:00,164.452,164.542,164.308,164.541,7495.0
2024-12-27 20:00:00,164.542,164.653,164.533,164.624,5017.0
2024-12-30 00:00:00,164.452,164.613,164.439,164.504,1528.0
2024-12-30 01:00:00,164.511,164.728,164.471,164.716,1908.0
2024-12-30 02:00:00,164.712,164.758,164.496,164.727,4418.0
2024-12-30 03:00:00,164.729,164.746,164.521,164.542,3181.0
2024-12-30 04:00:00,164.543,164.604,164.461,164.558,2566.0
2024-12-30 05:00:00,164.558,164.579,164.491,164.55,1978.0
2024-12-30 06:00:00,164.55,164.568,164.504,164.541,1721.0
2024-12-30 07:00:00,164.543,164.703,164.516,164.607,3705.0
2024-12-30 08:00:00,164.606,164.898,164.597,164.677,5198.0
2024-12-30 09:00:00,164.68,164.697,164.528,164.658,6363.0
2024-12-30 10:00:00,164.659,164.734,164.411,164.446,7117.0
2024-12-30 11:00:00,164.445,164.826,164.437,164.755,6564.0
2024-12-30 12:00:00,164.755,164.863,164.698,164.733,6317.0
2024-12-30 13:00:00,164.732,164.784,164.648,164.725,6498.0
2024-12-30 14:00:00,164.726,164.864,164.538,164.671,7845.0
2024-12-30 15:00:00,164.67,164.677,163.563,163.608,11012.0
2024-12-30 16:00:00,163.609,163.996,163.326,163.486,13301.0
2024-12-30 17:00:00,163.488,163.494,162.811,163.191,16327.0
2024-12-30 18:00:00,163.192,163.454,163.044,163.363,11209.0
2024-12-30 19:00:00,163.367,163.523,163.327,163.377,7521.0
2024-12-30 20:00:00,163.377,163.447,163.299,163.356,6739.0
2024-12-30 21:00:00,163.355,163.391,163.239,163.348,6151.0
2024-12-30 22:00:00,163.347,163.39,163.088,163.109,5820.0
2024-12-30 23:00:00,163.109,163.269,163.067,163.259,3383.0
2024-12-31 00:00:00,163.221,163.361,163.076,163.251,1329.0
2024-12-31 01:00:00,163.23,163.419,163.144,163.401,2274.0
2024-12-31 02:00:00,163.401,163.432,163.04,163.04,3597.0
2024-12-31 03:00:00,163.037,163.137,162.796,162.913,6996.0
2024-12-31 04:00:00,162.913,162.934,162.795,162.865,4658.0
2024-12-31 05:00:00,162.865,162.93,162.815,162.858,3533.0
2024-12-31 06:00:00,162.857,162.867,162.523,162.573,3312.0
2024-12-31 07:00:00,162.573,162.603,162.493,162.571,3390.0
2024-12-31 08:00:00,162.571,162.737,162.479,162.696,4077.0
2024-12-31 09:00:00,162.695,162.71,162.455,162.667,6130.0
2024-12-31 10:00:00,162.668,162.739,162.452,162.701,7283.0
2024-12-31 11:00:00,162.7,163.299,162.622,163.22,6488.0
2024-12-31 12:00:00,163.221,163.407,163.104,163.342,9308.0
2024-12-31 13:00:00,163.341,163.372,163.158,163.263,6140.0
2024-12-31 14:00:00,163.262,163.271,163.007,163.079,7540.0
2024-12-31 15:00:00,163.081,163.256,162.928,163.207,9213.0
2024-12-31 16:00:00,163.206,163.211,162.659,162.691,11574.0
2024-12-31 17:00:00,162.689,162.886,162.614,162.758,15856.0
2024-12-31 18:00:00,162.76,162.958,162.678,162.911,12108.0
2024-12-31 19:00:00,162.911,163.157,162.819,162.884,9861.0
2024-12-31 20:00:00,162.881,162.927,162.825,162.878,8118.0
2024-12-31 21:00:00,162.877,163.02,162.858,162.917,5797.0
2024-12-31 22:00:00,162.917,163.106,162.908,163.009,5326.0
2024-12-31 23:00:00,163.01,163.03,162.737,162.766,1733.0
2025-01-02 00:00:00,162.582,162.886,162.492,162.838,1709.0
2025-01-02 01:00:00,162.823,163.31,162.712,163.239,4995.0
2025-01-02 02:00:00,163.24,163.296,162.882,162.985,7371.0
2025-01-02 03:00:00,162.982,163.248,162.888,163.153,8079.0
2025-01-02 04:00:00,163.151,163.195,163.064,163.125,4471.0
2025-01-02 05:00:00,163.126,163.142,162.989,163.003,3508.0
2025-01-02 06:00:00,163.003,163.026,162.802,162.827,3434.0
2025-01-02 07:00:00,162.827,162.942,162.777,162.935,4046.0
2025-01-02 08:00:00,162.936,162.936,162.362,162.37,6461.0
2025-01-02 09:00:00,162.37,162.526,162.196,162.358,9404.0
2025-01-02 10:00:00,162.36,162.589,161.959,162.475,12482.0
2025-01-02 11:00:00,162.476,162.6,162.283,162.313,8412.0
2025-01-02 12:00:00,162.312,162.557,162.027,162.123,10591.0
2025-01-02 13:00:00,162.12,162.44,162.065,162.436,10455.0
2025-01-02 14:00:00,162.432,162.463,162.038,162.082,9641.0
2025-01-02 15:00:00,162.083,162.277,161.694,161.753,14094.0
2025-01-02 16:00:00,161.75,161.985,161.626,161.832,14778.0
2025-01-02 17:00:00,161.81,161.927,161.419,161.465,17275.0
2025-01-02 18:00:00,161.465,161.801,160.893,161.786,17185.0
2025-01-02 19:00:00,161.782,161.967,161.629,161.746,13832.0
2025-01-02 20:00:00,161.746,161.815,161.545,161.548,10151.0
2025-01-02 21:00:00,161.547,161.691,161.494,161.584,8469.0
2025-01-02 22:00:00,161.585,161.788,161.585,161.754,6412.0
2025-01-02 23:00:00,161.753,161.775,161.701,161.736,2192.0
2025-01-03 00:00:00,161.584,161.665,161.418,161.635,1548.0
2025-01-03 01:00:00,161.645,161.755,161.564,161.571,2134.0
2025-01-03 02:00:00,161.573,161.631,161.466,161.503,5385.0
2025-01-03 03:00:00,161.504,161.634,161.458,161.486,4725.0
2025-01-03 04:00:00,161.485,161.645,161.458,161.595,4485.0
2025-01-03 05:00:00,161.595,161.725,161.44,161.567,4001.0
2025-01-03 06:00:00,161.568,161.616,161.504,161.525,3726.0
2025-01-03 07:00:00,161.526,161.612,161.47,161.574,3866.0
2025-01-03 08:00:00,161.572,161.595,161.495,161.561,3270.0
2025-01-03 09:00:00,161.55,161.728,161.387,161.548,9658.0
2025-01-03 10:00:00,161.549,161.842,161.547,161.74,8872.0
2025-01-03 11:00:00,161.737,161.919,161.712,161.82,8647.0
2025-01-03 12:00:00,161.82,161.847,161.62,161.801,6557.0
2025-01-03 13:00:00,161.802,161.993,161.789,161.923,6141.0
2025-01-03 14:00:00,161.92,161.954,161.731,161.816,7489.0
2025-01-03 15:00:00,161.817,161.904,161.699,161.79,8144.0
2025-01-03 16:00:00,161.791,161.973,161.725,161.788,9507.0
2025-01-03 17:00:00,161.823,162.078,161.732,161.952,14700.0
2025-01-03 18:00:00,161.952,162.055,161.724,161.778,8791.0
2025-01-03 19:00:00,161.777,161.866,161.623,161.853,8898.0
2025-01-03 20:00:00,161.853,161.89,161.789,161.84,5407.0
2025-01-06 00:00:00,161.848,162.098,161.776,162.068,1760.0
2025-01-06 01:00:00,162.068,162.337,162.051,162.313,3466.0
2025-01-06 02:00:00,162.324,162.502,162.293,162.364,8003.0
2025-01-06 03:00:00,162.365,162.558,162.313,162.538,5288.0
2025-01-06 04:00:00,162.538,162.758,162.514,162.698,4996.0
2025-01-06 05:00:00,162.697,162.774,162.611,162.704,4494.0
2025-01-06 06:00:00,162.705,162.745,162.6,162.689,3337.0
2025-01-06 07:00:00,162.69,162.813,162.638,162.651,3980.0
2025-01-06 08:00:00,162.65,162.678,162.546,162.576,4961.0
2025-01-06 09:00:00,162.575,162.832,162.491,162.824,5718.0
2025-01-06 10:00:00,162.826,163.217,162.821,163.187,9666.0
2025-01-06 11:00:00,163.187,163.512,162.98,163.348,10735.0
2025-01-06 12:00:00,163.349,163.387,163.179,163.196,7289.0
2025-01-06 13:00:00,163.196,164.023,163.124,163.836,19142.0
2025-01-06 14:00:00,163.836,163.86,162.976,163.231,15375.0
2025-01-06 15:00:00,163.238,163.277,162.924,163.143,16401.0
2025-01-06 16:00:00,163.143,163.522,162.595,163.466,18451.0
2025-01-06 17:00:00,163.465,163.785,163.411,163.729,16316.0
2025-01-06 18:00:00,163.732,163.838,163.568,163.797,10736.0
2025-01-06 19:00:00,163.797,163.797,163.528,163.609,6589.0
2025-01-06 20:00:00,163.609,163.664,163.492,163.552,6563.0
2025-01-06 21:00:00,163.553,163.694,163.494,163.66,6019.0
2025-01-06 22:00:00,163.661,163.751,163.624,163.736,4326.0
2025-01-06 23:00:00,163.737,163.811,163.718,163.784,2739.0
2025-01-07 00:00:00,163.657,163.8,163.411,163.732,1909.0
2025-01-07 01:00:00,163.735,163.86,163.732,163.788,2175.0
2025-01-07 02:00:00,163.785,164.273,163.781,164.181,9784.0
2025-01-07 03:00:00,164.18,164.392,164.095,164.347,7603.0
2025-01-07 04:00:00,164.347,164.387,164.206,164.331,5161.0
2025-01-07 05:00:00,164.332,164.383,164.269,164.335,4226.0
2025-01-07 06:00:00,164.334,164.352,164.222,164.278,3637.0
2025-01-07 07:00:00,164.277,164.357,164.112,164.124,5526.0
2025-01-07 08:00:00,164.124,164.15,163.973,164.027,6331.0
2025-01-07 09:00:00,164.014,164.251,163.981,164.027,11123.0
2025-01-07 10:00:00,164.028,164.172,163.798,164.12,12071.0
2025-01-07 11:00:00,164.125,164.442,164.088,164.326,8752.0
2025-01-07 12:00:00,164.326,164.55,164.141,164.499,8160.0
2025-01-07 13:00:00,164.498,164.506,164.132,164.235,7080.0
2025-01-07 14:00:00,164.235,164.326,163.842,163.884,8403.0
2025-01-07 15:00:00,163.884,164.056,163.82,163.924,8468.0
2025-01-07 16:00:00,163.922,164.053,163.741,163.928,9944.0
2025-01-07 17:00:00,163.93,164.234,163.629,163.829,19081.0
2025-01-07 18:00:00,163.83,163.861,163.543,163.65,14223.0
2025-01-07 19:00:00,163.647,163.688,163.388,163.482,9858.0
2025-01-07 20:00:00,163.481,163.497,163.359,163.439,7642.0
2025-01-07 21:00:00,163.439,163.463,163.371,163.381,4943.0
2025-01-07 22:00:00,163.38,163.38,163.208,163.31,5409.0
2025-01-07 23:00:00,163.308,163.477,163.305,163.431,3186.0
2025-01-08 00:00:00,163.351,163.447,163.334,163.424,1356.0
2025-01-08 01:00:00,163.42,163.692,163.415,163.623,3066.0
2025-01-08 02:00:00,163.617,163.654,163.375,163.649,8121.0
2025-01-08 03:00:00,163.649,163.658,163.46,163.544,4908.0
2025-01-08 04:00:00,163.544,163.745,163.516,163.701,3349.0
2025-01-08 05:00:00,163.701,163.772,163.651,163.695,3573.0
2025-01-08 06:00:00,163.695,163.794,163.673,163.781,2747.0
2025-01-08 07:00:00,163.781,163.806,163.702,163.786,3401.0
2025-01-08 08:00:00,163.787,163.797,163.53,163.604,4444.0
2025-01-08 09:00:00,163.604,163.604,163.284,163.366,9444.0
2025-01-08 10:00:00,163.366,163.545,163.264,163.292,10723.0
2025-01-08 11:00:00,163.292,163.311,163.119,163.216,8337.0
2025-01-08 12:00:00,163.213,163.384,163.098,163.379,7621.0
2025-01-08 13:00:00,163.376,163.393,162.876,163.091,13786.0
2025-01-08 14:00:00,163.091,163.205,162.9,162.99,11330.0
2025-01-08 15:00:00,162.99,163.1,162.841,163.024,16611.0
2025-01-08 16:00:00,163.021,163.137,162.935,162.968,13911.0
2025-01-08 17:00:00,162.969,163.205,162.968,163.148,13673.0
2025-01-08 18:00:00,163.149,163.306,163.081,163.272,11182.0
2025-01-08 19:00:00,163.266,163.3,163.131,163.229,9904.0
2025-01-08 20:00:00,163.228,163.459,163.188,163.401,8687.0
2025-01-08 21:00:00,163.403,163.508,163.328,163.368,8644.0
2025-01-08 22:00:00,163.367,163.383,163.305,163.367,6183.0
2025-01-08 23:00:00,163.367,163.436,163.367,163.398,2106.0
2025-01-09 00:00:00,163.234,163.368,163.098,163.337,1187.0
2025-01-09 01:00:00,163.349,163.429,163.148,163.153,1983.0
2025-01-09 02:00:00,163.154,163.267,163.038,163.222,5937.0
2025-01-09 03:00:00,163.222,163.255,163.036,163.084,4993.0
2025-01-09 04:00:00,163.084,163.139,163.042,163.096,3592.0
2025-01-09 05:00:00,163.097,163.103,162.878,162.891,4432.0
2025-01-09 06:00:00,162.891,162.891,162.627,162.814,4087.0
2025-01-09 07:00:00,162.813,163.075,162.767,162.912,4904.0
2025-01-09 08:00:00,162.914,163.026,162.834,162.896,6107.0
2025-01-09 09:00:00,162.913,163.013,162.67,162.8,9548.0
2025-01-09 10:00:00,162.799,163.022,162.759,163.005,11041.0
2025-01-09 11:00:00,163.004,163.114,162.871,162.925,8783.0
2025-01-09 12:00:00,162.926,162.956,162.764,162.787,7658.0
2025-01-09 13:00:00,162.786,162.804,162.582,162.67,7835.0
2025-01-09 14:00:00,162.669,162.705,162.369,162.534,7513.0
2025-01-09 15:00:00,162.534,162.71,162.445,162.518,9083.0
2025-01-09 16:00:00,162.519,162.757,162.518,162.679,7372.0
2025-01-09 17:00:00,162.68,162.719,162.588,162.708,6699.0
2025-01-09 18:00:00,162.709,162.742,162.571,162.716,5647.0
2025-01-09 19:00:00,162.714,162.848,162.714,162.816,4633.0
2025-01-09 20:00:00,162.815,162.869,162.793,162.824,2568.0
2025-01-09 21:00:00,162.824,162.884,162.819,162.829,1774.0
2025-01-09 22:00:00,162.832,162.922,162.832,162.892,1709.0
2025-01-09 23:00:00,162.89,162.901,162.827,162.842,1746.0
2025-01-10 00:00:00,162.793,162.936,162.71,162.885,2141.0
2025-01-10 01:00:00,162.879,162.89,162.709,162.734,1825.0
2025-01-10 02:00:00,162.732,162.965,162.636,162.681,6925.0
2025-01-10 03:00:00,162.681,162.977,162.614,162.91,5943.0
2025-01-10 04:00:00,162.911,163.054,162.905,163.041,3829.0
2025-01-10 05:00:00,163.041,163.07,162.942,162.96,2545.0
2025-01-10 06:00:00,162.96,163.099,162.959,163.066,3142.0
2025-01-10 07:00:00,163.066,163.118,162.922,162.941,4003.0
2025-01-10 08:00:00,162.941,162.97,162.775,162.794,4723.0
2025-01-10 09:00:00,162.796,163.119,162.772,163.1,6841.0
2025-01-10 10:00:00,163.104,163.186,162.544,162.609,10847.0
2025-01-10 11:00:00,162.608,162.7,162.365,162.674,9253.0
2025-01-10 12:00:00,162.675,162.904,162.624,162.863,7529.0
2025-01-10 13:00:00,162.864,162.949,162.758,162.766,7383.0
2025-01-10 14:00:00,162.768,162.871,162.695,162.823,6231.0
2025-01-10 15:00:00,162.819,162.898,162.253,162.622,16993.0
2025-01-10 16:00:00,162.623,162.774,161.898,161.961,20402.0
2025-01-10 17:00:00,161.959,162.039,161.497,161.51,19651.0
2025-01-10 18:00:00,161.51,161.649,161.208,161.44,13807.0
2025-01-10 19:00:00,161.44,161.582,161.424,161.533,8645.0
2025-01-10 20:00:00,161.532,161.741,161.497,161.718,6229.0
2025-01-13 00:00:00,161.173,161.596,161.173,161.578,2809.0
2025-01-13 01:00:00,161.574,161.776,161.554,161.745,3255.0
2025-01-13 02:00:00,161.736,161.779,161.609,161.613,4762.0
2025-01-13 03:00:00,161.614,161.711,161.076,161.255,6985.0
2025-01-13 04:00:00,161.254,161.468,161.191,161.299,4920.0
2025-01-13 05:00:00,161.298,161.34,160.77,160.805,6306.0
2025-01-13 06:00:00,160.806,160.96,160.746,160.88,4797.0
2025-01-13 07:00:00,160.882,160.893,160.662,160.862,4719.0
2025-01-13 08:00:00,160.864,161.05,160.737,160.956,6071.0
2025-01-13 09:00:00,160.955,161.019,160.648,160.852,9903.0
2025-01-13 10:00:00,160.85,161.198,160.796,161.098,11468.0
2025-01-13 11:00:00,161.098,161.116,160.034,160.148,13749.0
2025-01-13 12:00:00,160.149,160.615,160.083,160.608,9581.0
2025-01-13 13:00:00,160.609,160.678,160.225,160.396,8471.0
2025-01-13 14:00:00,160.403,160.51,160.126,160.214,9994.0
2025-01-13 15:00:00,160.216,160.541,160.141,160.472,11670.0
2025-01-13 16:00:00,160.473,160.688,160.321,160.625,12568.0
2025-01-13 17:00:00,160.626,160.756,160.486,160.621,12825.0
2025-01-13 18:00:00,160.623,160.979,160.56,160.792,9815.0
2025-01-13 19:00:00,160.792,160.888,160.711,160.757,6899.0
2025-01-13 20:00:00,160.759,160.993,160.708,160.886,5216.0
2025-01-13 21:00:00,160.886,161.102,160.842,161.086,4857.0
2025-01-13 22:00:00,161.086,161.157,160.945,161.068,4621.0
2025-01-13 23:00:00,161.068,161.353,161.043,161.285,3806.0
2025-01-14 00:00:00,161.321,161.655,161.198,161.394,3026.0
2025-01-14 01:00:00,161.388,161.585,161.368,161.458,6248.0
2025-01-14 02:00:00,161.456,161.477,161.19,161.446,7674.0
2025-01-14 03:00:00,161.439,161.864,161.034,161.361,10110.0
2025-01-14 04:00:00,161.361,161.584,161.289,161.552,5709.0
2025-01-14 05:00:00,161.552,161.752,161.467,161.473,4424.0
2025-01-14 06:00:00,161.472,161.576,161.356,161.43,3102.0
2025-01-14 07:00:00,161.429,161.563,161.261,161.441,6696.0
2025-01-14 08:00:00,161.442,161.615,161.412,161.461,5273.0
2025-01-14 09:00:00,161.466,161.596,161.359,161.53,10328.0
2025-01-14 10:00:00,161.53,161.871,161.415,161.819,10844.0
2025-01-14 11:00:00,161.824,162.142,161.771,162.039,10650.0
2025-01-14 12:00:00,162.038,162.129,161.907,161.939,7009.0
2025-01-14 13:00:00,161.937,162.064,161.909,161.949,6152.0
2025-01-14 14:00:00,161.95,162.069,161.768,161.78,7971.0
2025-01-14 15:00:00,161.778,161.856,161.555,161.762,15098.0
2025-01-14 16:00:00,161.773,162.064,161.72,162.038,13787.0
2025-01-14 17:00:00,162.038,162.659,162.036,162.622,14256.0
2025-01-14 18:00:00,162.622,162.682,162.434,162.556,11830.0
2025-01-14 19:00:00,162.556,162.724,162.475,162.685,7455.0
2025-01-14 20:00:00,162.684,162.782,162.588,162.733,4678.0
2025-01-14 21:00:00,162.734,162.803,162.624,162.646,4275.0
2025-01-14 22:00:00,162.647,162.805,162.574,162.751,4899.0
2025-01-14 23:00:00,162.75,162.852,162.718,162.834,2906.0
2025-01-15 00:00:00,162.687,162.826,162.687,162.778,1566.0
2025-01-15 01:00:00,162.778,162.889,162.743,162.884,1760.0
2025-01-15 02:00:00,162.891,162.891,162.664,162.729,5528.0
2025-01-15 03:00:00,162.73,162.85,162.557,162.639,5926.0
2025-01-15 04:00:00,162.639,162.693,162.574,162.638,3668.0
2025-01-15 05:00:00,162.639,162.694,162.567,162.652,3103.0
2025-01-15 06:00:00,162.651,162.651,162.335,162.372,4926.0
2025-01-15 07:00:00,162.371,162.372,161.897,161.93,7944.0
2025-01-15 08:00:00,161.931,162.124,161.884,162.006,5252.0
2025-01-15 09:00:00,162.023,162.023,161.607,161.682,10967.0
2025-01-15 10:00:00,161.682,161.891,161.617,161.769,10268.0
2025-01-15 11:00:00,161.768,161.825,161.532,161.725,9225.0
2025-01-15 12:00:00,161.726,161.807,161.542,161.612,7367.0
2025-01-15 13:00:00,161.613,161.791,161.556,161.741,6544.0
2025-01-15 14:00:00,161.743,161.797,161.6,161.683,6583.0
2025-01-15 15:00:00,161.684,161.916,161.538,161.783,15958.0
2025-01-15 16:00:00,161.788,161.819,161.277,161.396,17405.0
2025-01-15 17:00:00,161.395,161.489,161.033,161.078,15138.0
2025-01-15 18:00:00,161.078,161.21,160.789,161.006,12875.0
2025-01-15 19:00:00,161.006,161.102,160.971,161.022,7097.0
2025-01-15 20:00:00,161.023,161.114,160.967,161.067,5192.0
2025-01-15 21:00:00,161.065,161.122,161.028,161.05,4081.0
2025-01-15 22:00:00,161.049,161.12,161.024,161.076,3945.0
2025-01-15 23:00:00,161.073,161.124,160.973,161.002,2993.0
2025-01-16 00:00:00,160.82,160.981,160.79,160.956,2586.0
2025-01-16 01:00:00,160.921,160.995,160.812,160.829,2187.0
2025-01-16 02:00:00,160.826,161.081,160.802,160.856,6493.0
2025-01-16 03:00:00,160.855,160.855,159.994,160.052,10351.0
2025-01-16 04:00:00,160.057,160.231,159.739,160.196,9778.0
2025-01-16 05:00:00,160.197,160.314,160.161,160.279,5447.0
2025-01-16 06:00:00,160.279,160.449,160.172,160.43,4028.0
2025-01-16 07:00:00,160.431,160.532,160.412,160.519,5064.0
2025-01-16 08:00:00,160.52,160.762,160.445,160.608,7130.0
2025-01-16 09:00:00,160.596,160.871,160.579,160.832,8833.0
2025-01-16 10:00:00,160.833,160.883,160.489,160.512,9589.0
2025-01-16 11:00:00,160.511,160.523,160.056,160.138,8308.0
2025-01-16 12:00:00,160.138,160.345,160.036,160.106,7303.0
2025-01-16 13:00:00,160.106,160.392,160.089,160.299,6763.0
2025-01-16 14:00:00,160.301,160.437,160.249,160.352,8491.0
2025-01-16 15:00:00,160.35,160.493,160.259,160.3,12857.0
2025-01-16 16:00:00,160.298,160.556,160.162,160.484,12475.0
2025-01-16 17:00:00,160.483,160.513,160.02,160.102,17370.0
2025-01-16 18:00:00,160.103,160.179,159.847,160.141,14860.0
2025-01-16 19:00:00,160.142,160.259,159.822,159.87,9654.0
2025-01-16 20:00:00,159.869,160.016,159.817,160.016,5961.0
2025-01-16 21:00:00,160.016,160.055,159.854,159.975,5315.0
2025-01-16 22:00:00,159.974,159.991,159.804,159.861,4421.0
2025-01-16 23:00:00,159.861,159.88,159.76,159.791,2161.0
2025-01-17 00:00:00,159.738,159.877,159.65,159.834,1932.0
2025-01-17 01:00:00,159.839,160.087,159.817,160.048,2492.0
2025-01-17 02:00:00,160.047,160.151,159.717,159.914,7461.0
2025-01-17 03:00:00,159.914,160.08,159.876,159.949,6395.0
2025-01-17 04:00:00,159.948,160.193,159.923,160.148,6006.0
2025-01-17 05:00:00,160.149,160.158,160.03,160.117,4330.0
2025-01-17 06:00:00,160.116,160.162,159.933,159.952,3321.0
2025-01-17 07:00:00,159.952,160.201,159.919,160.124,5007.0
2025-01-17 08:00:00,160.124,160.2,160.07,160.16,4891.0
2025-01-17 09:00:00,160.16,160.173,159.932,160.041,8436.0
2025-01-17 10:00:00,160.042,160.354,159.892,160.328,7537.0
2025-01-17 11:00:00,160.329,160.499,160.117,160.352,9150.0
2025-01-17 12:00:00,160.35,160.532,160.234,160.51,6690.0
2025-01-17 13:00:00,160.511,160.529,160.316,160.435,6477.0
2025-01-17 14:00:00,160.437,160.46,160.254,160.282,7314.0
2025-01-17 15:00:00,160.282,160.352,160.028,160.202,9456.0
2025-01-17 16:00:00,160.202,160.733,159.948,160.703,14695.0
2025-01-17 17:00:00,160.701,161.007,160.634,160.772,15298.0
2025-01-17 18:00:00,160.77,160.949,160.641,160.78,9720.0
2025-01-17 19:00:00,160.781,160.817,160.618,160.648,6776.0
2025-01-17 20:00:00,160.649,160.694,160.554,160.574,5358.0
2025-01-20 00:00:00,160.552,160.711,160.494,160.634,2401.0
2025-01-20 01:00:00,160.631,160.81,160.534,160.693,3461.0
2025-01-20 02:00:00,160.702,160.765,160.45,160.45,5440.0
2025-01-20 03:00:00,160.45,160.525,160.316,160.459,5840.0
2025-01-20 04:00:00,160.459,160.583,160.413,160.472,4581.0
2025-01-20 05:00:00,160.473,160.516,160.397,160.508,4306.0
2025-01-20 06:00:00,160.508,160.747,160.483,160.722,3387.0
2025-01-20 07:00:00,160.723,160.783,160.618,160.779,3316.0
2025-01-20 08:00:00,160.778,161.124,160.716,161.045,5216.0
2025-01-20 09:00:00,161.048,161.111,160.884,160.93,6983.0
2025-01-20 10:00:00,160.936,161.051,160.845,160.99,8387.0
2025-01-20 11:00:00,160.989,161.177,160.964,161.068,7643.0
2025-01-20 12:00:00,161.069,161.373,161.068,161.299,6284.0
2025-01-20 13:00:00,161.3,161.493,161.262,161.44,5439.0
2025-01-20 14:00:00,161.44,161.452,161.313,161.385,5838.0
2025-01-20 15:00:00,161.383,162.123,161.275,161.922,15001.0
2025-01-20 16:00:00,161.923,162.104,161.691,162.004,18562.0
2025-01-20 17:00:00,162.003,162.317,161.878,161.926,13308.0
2025-01-20 18:00:00,161.925,161.976,161.744,161.889,7426.0
2025-01-20 19:00:00,161.89,161.957,161.526,161.831,11367.0
2025-01-20 20:00:00,161.834,161.951,161.804,161.876,6638.0
2025-01-20 21:00:00,161.876,162.198,161.835,162.187,7660.0
2025-01-20 22:00:00,162.183,162.259,162.022,162.083,8210.0
2025-01-20 23:00:00,162.081,162.148,162.015,162.112,7662.0
2025-01-21 00:00:00,162.031,162.12,161.86,162.042,2345.0
2025-01-21 01:00:00,161.945,162.138,161.701,161.813,6375.0
2025-01-21 02:00:00,161.816,161.955,161.414,161.677,14158.0
2025-01-21 03:00:00,161.677,161.948,161.212,161.303,17922.0
2025-01-21 04:00:00,161.302,161.354,160.966,161.151,12186.0
2025-01-21 05:00:00,161.152,161.257,160.954,161.197,9595.0
2025-01-21 06:00:00,161.199,161.228,161.054,161.11,6554.0
2025-01-21 07:00:00,161.108,161.222,161.068,161.195,6789.0
2025-01-21 08:00:00,161.2,161.352,161.181,161.257,7828.0
2025-01-21 09:00:00,161.248,161.596,161.202,161.494,10168.0
2025-01-21 10:00:00,161.492,161.503,161.189,161.361,10240.0
2025-01-21 11:00:00,161.363,161.477,161.267,161.412,11071.0
2025-01-21 12:00:00,161.412,161.516,161.236,161.483,8976.0
2025-01-21 13:00:00,161.483,161.504,161.3,161.42,7805.0
2025-01-21 14:00:00,161.424,161.447,161.262,161.338,9459.0
2025-01-21 15:00:00,161.338,161.382,161.238,161.364,10185.0
2025-01-21 16:00:00,161.366,161.696,161.302,161.607,13095.0
2025-01-21 17:00:00,161.606,161.716,161.442,161.556,15049.0
2025-01-21 18:00:00,161.556,162.071,161.521,162.063,11146.0
2025-01-21 19:00:00,162.063,162.176,162.054,162.129,7421.0
2025-01-21 20:00:00,162.129,162.225,162.087,162.181,5890.0
2025-01-21 21:00:00,162.18,162.191,162.022,162.056,4821.0
2025-01-21 22:00:00,162.056,162.103,162.009,162.053,3814.0
2025-01-21 23:00:00,162.052,162.187,162.041,162.073,2748.0
2025-01-22 00:00:00,162.083,162.218,162.025,162.107,3103.0
2025-01-22 01:00:00,162.093,162.182,161.867,162.059,6558.0
2025-01-22 02:00:00,162.059,162.149,161.885,162.005,8157.0
2025-01-22 03:00:00,162.006,162.128,161.923,162.06,6702.0
2025-01-22 04:00:00,162.061,162.212,162.028,162.182,5193.0
2025-01-22 05:00:00,162.183,162.383,162.104,162.347,4318.0
2025-01-22 06:00:00,162.348,162.352,162.23,162.288,3985.0
2025-01-22 07:00:00,162.288,162.367,162.266,162.307,3944.0
2025-01-22 08:00:00,162.307,162.358,162.077,162.179,6323.0
2025-01-22 09:00:00,162.188,162.507,162.162,162.473,7670.0
2025-01-22 10:00:00,162.47,162.572,162.053,162.312,11560.0
2025-01-22 11:00:00,162.311,162.635,162.275,162.621,8899.0
2025-01-22 12:00:00,162.622,162.841,162.59,162.773,7546.0
2025-01-22 13:00:00,162.774,162.892,162.691,162.776,5706.0
2025-01-22 14:00:00,162.774,162.883,162.637,162.639,6717.0
2025-01-22 15:00:00,162.638,162.788,162.531,162.621,8535.0
2025-01-22 16:00:00,162.621,162.807,162.424,162.786,11319.0
2025-01-22 17:00:00,162.785,162.987,162.616,162.965,11004.0
2025-01-22 18:00:00,162.966,163.204,162.941,163.191,7585.0
2025-01-22 19:00:00,163.189,163.214,163.08,163.146,5610.0
2025-01-22 20:00:00,163.147,163.157,163.03,163.091,4310.0
2025-01-22 21:00:00,163.093,163.142,163.033,163.095,3687.0
2025-01-22 22:00:00,163.093,163.109,162.976,162.997,3372.0
2025-01-22 23:00:00,162.996,163.023,162.917,162.933,2192.0
2025-01-23 00:00:00,162.869,162.93,162.784,162.785,1404.0
2025-01-23 01:00:00,162.783,162.878,162.756,162.817,2004.0
2025-01-23 02:00:00,162.821,162.852,162.72,162.807,5079.0
2025-01-23 03:00:00,162.808,162.895,162.724,162.865,7503.0
2025-01-23 04:00:00,162.864,162.88,162.737,162.808,5703.0
2025-01-23 05:00:00,162.807,162.918,162.791,162.899,4019.0
2025-01-23 06:00:00,162.899,163.032,162.885,163.016,4180.0
2025-01-23 07:00:00,163.018,163.126,163.016,163.049,5994.0
2025-01-23 08:00:00,163.05,163.093,162.855,162.923,5624.0
2025-01-23 09:00:00,162.923,162.974,162.723,162.877,8557.0
2025-01-23 10:00:00,162.876,162.905,162.626,162.65,7827.0
2025-01-23 11:00:00,162.649,162.881,162.648,162.816,8934.0
2025-01-23 12:00:00,162.815,162.887,162.646,162.837,6154.0
2025-01-23 13:00:00,162.836,162.943,162.774,162.857,5507.0
2025-01-23 14:00:00,162.856,162.874,162.677,162.714,5899.0
2025-01-23 15:00:00,162.714,162.74,162.506,162.62,9751.0
2025-01-23 16:00:00,162.624,162.833,162.582,162.639,8236.0
2025-01-23 17:00:00,162.639,162.675,162.348,162.375,9075.0
2025-01-23 18:00:00,162.375,162.596,162.189,162.552,12552.0
2025-01-23 19:00:00,162.55,162.735,162.524,162.704,6320.0
2025-01-23 20:00:00,162.704,162.711,162.55,162.611,4467.0
2025-01-23 21:00:00,162.612,162.642,162.358,162.394,4289.0
2025-01-23 22:00:00,162.394,162.513,162.362,162.485,4234.0
2025-01-23 23:00:00,162.485,162.553,162.443,162.543,1877.0
2025-01-24 00:00:00,162.392,162.536,162.392,162.5,1743.0
2025-01-24 01:00:00,162.514,162.664,162.432,162.624,1719.0
2025-01-24 02:00:00,162.624,162.815,162.52,162.796,4929.0
2025-01-24 03:00:00,162.793,162.82,162.681,162.807,4246.0
2025-01-24 04:00:00,162.808,163.101,162.808,162.979,7815.0
2025-01-24 05:00:00,162.978,163.261,162.311,162.418,9327.0
2025-01-24 06:00:00,162.418,162.437,161.916,162.175,6976.0
2025-01-24 07:00:00,162.176,162.448,162.099,162.367,6331.0
2025-01-24 08:00:00,162.364,162.974,162.091,162.463,9315.0
2025-01-24 09:00:00,162.465,162.664,162.313,162.55,10159.0
2025-01-24 10:00:00,162.549,163.088,162.267,163.057,10551.0
2025-01-24 11:00:00,163.057,163.337,162.875,163.278,9124.0
2025-01-24 12:00:00,163.279,163.601,163.253,163.535,6786.0
2025-01-24 13:00:00,163.535,163.758,163.464,163.685,5878.0
2025-01-24 14:00:00,163.679,163.89,163.619,163.867,6277.0
2025-01-24 15:00:00,163.868,163.989,163.554,163.65,7696.0
2025-01-24 16:00:00,163.652,164.082,163.608,163.978,9898.0
2025-01-24 17:00:00,163.974,164.078,163.596,163.77,11500.0
2025-01-24 18:00:00,163.771,163.818,163.58,163.593,8117.0
2025-01-24 19:00:00,163.593,163.726,163.567,163.706,5198.0
2025-01-24 20:00:00,163.706,163.775,163.628,163.656,4415.0
2025-01-27 00:00:00,163.25,163.324,163.07,163.29,1337.0
2025-01-27 01:00:00,163.309,163.358,162.922,162.997,4775.0
2025-01-27 02:00:00,162.998,163.106,162.76,162.883,5944.0
2025-01-27 03:00:00,162.885,162.914,162.604,162.68,7132.0
2025-01-27 04:00:00,162.68,162.925,162.607,162.886,4757.0
2025-01-27 05:00:00,162.886,163.138,162.852,163.098,4821.0
2025-01-27 06:00:00,163.098,163.293,163.062,163.247,3912.0
2025-01-27 07:00:00,163.247,163.295,163.12,163.286,4652.0
2025-01-27 08:00:00,163.287,163.456,163.147,163.153,5929.0
2025-01-27 09:00:00,163.153,163.162,162.868,163.008,7951.0
2025-01-27 10:00:00,162.999,163.047,162.542,162.704,10415.0
2025-01-27 11:00:00,162.701,162.768,162.068,162.159,11009.0
2025-01-27 12:00:00,162.159,162.159,161.538,161.755,12065.0
2025-01-27 13:00:00,161.751,161.991,161.635,161.868,11564.0
2025-01-27 14:00:00,161.868,162.156,161.825,162.076,9840.0
2025-01-27 15:00:00,162.076,162.4,161.949,162.222,11504.0
2025-01-27 16:00:00,162.225,162.28,161.934,162.23,11922.0
2025-01-27 17:00:00,162.23,162.382,162.015,162.048,12122.0
2025-01-27 18:00:00,162.048,162.16,161.729,161.802,9937.0
2025-01-27 19:00:00,161.802,161.959,161.765,161.837,7901.0
2025-01-27 20:00:00,161.837,162.05,161.784,161.92,7340.0
2025-01-27 21:00:00,161.921,162.282,161.917,162.153,6808.0
2025-01-27 22:00:00,162.153,162.321,162.116,162.126,5753.0
2025-01-27 23:00:00,162.126,162.23,162.035,162.099,3301.0
2025-01-28 00:00:00,162.094,162.161,161.969,162.059,1315.0
2025-01-28 01:00:00,162.091,162.12,161.574,161.682,8945.0
2025-01-28 02:00:00,161.676,162.062,161.623,162.055,8888.0
2025-01-28 03:00:00,162.055,162.52,162.055,162.298,7527.0
2025-01-28 04:00:00,162.297,162.407,162.179,162.292,7991.0
2025-01-28 05:00:00,162.29,162.549,162.25,162.418,5515.0
2025-01-28 06:00:00,162.418,162.673,162.408,162.548,5540.0
2025-01-28 07:00:00,162.549,162.599,162.459,162.496,4557.0
2025-01-28 08:00:00,162.496,162.648,162.33,162.584,5517.0
2025-01-28 09:00:00,162.583,162.677,162.477,162.628,7971.0
2025-01-28 10:00:00,162.632,162.697,162.231,162.351,9527.0
2025-01-28 11:00:00,162.351,162.601,162.127,162.214,8562.0
2025-01-28 12:00:00,162.213,162.273,161.904,162.081,6376.0
2025-01-28 13:00:00,162.08,162.182,161.852,162.014,5245.0
2025-01-28 14:00:00,162.015,162.042,161.786,161.802,7419.0
2025-01-28 15:00:00,161.802,162.139,161.786,162.1,8371.0
2025-01-28 16:00:00,162.097,162.234,161.754,161.995,8857.0
2025-01-28 17:00:00,161.992,162.444,161.955,162.316,9966.0
2025-01-28 18:00:00,162.317,162.442,162.207,162.292,8247.0
2025-01-28 19:00:00,162.292,162.36,162.26,162.264,4657.0
2025-01-28 20:00:00,162.262,162.344,162.189,162.317,5367.0
2025-01-28 21:00:00,162.317,162.373,162.245,162.298,4255.0
2025-01-28 22:00:00,162.299,162.316,162.205,162.227,3043.0
2025-01-28 23:00:00,162.226,162.281,162.172,162.217,2038.0
2025-01-29 00:00:00,162.131,162.2,162.081,162.184,980.0
2025-01-29 01:00:00,162.227,162.266,162.178,162.211,1513.0
2025-01-29 02:00:00,162.211,162.36,162.128,162.327,4802.0
2025-01-29 03:00:00,162.327,162.483,162.308,162.365,4119.0
2025-01-29 04:00:00,162.365,162.443,162.293,162.377,3871.0
2025-01-29 05:00:00,162.377,162.377,162.119,162.222,4136.0
2025-01-29 06:00:00,162.222,162.246,162.038,162.108,3877.0
2025-01-29 07:00:00,162.108,162.112,161.822,161.837,4348.0
2025-01-29 08:00:00,161.837,162.19,161.837,162.009,6112.0
2025-01-29 09:00:00,162.009,162.091,161.693,161.749,7574.0
2025-01-29 10:00:00,161.749,161.893,161.627,161.735,8260.0
2025-01-29 11:00:00,161.735,161.747,161.594,161.617,7299.0
2025-01-29 12:00:00,161.617,161.674,161.542,161.659,6643.0
2025-01-29 13:00:00,161.658,161.754,161.597,161.665,5967.0
2025-01-29 14:00:00,161.664,161.678,161.571,161.639,6723.0
2025-01-29 15:00:00,161.636,161.64,161.308,161.446,8749.0
2025-01-29 16:00:00,161.449,161.627,161.375,161.422,8165.0
2025-01-29 17:00:00,161.425,161.662,161.396,161.51,10012.0
2025-01-29 18:00:00,161.511,161.708,161.47,161.678,8347.0
2025-01-29 19:00:00,161.675,161.818,161.574,161.59,6038.0
2025-01-29 20:00:00,161.589,161.704,161.552,161.63,5673.0
2025-01-29 21:00:00,161.633,161.844,161.537,161.704,14025.0
2025-01-29 22:00:00,161.697,161.787,161.634,161.735,8928.0
2025-01-29 23:00:00,161.735,161.793,161.63,161.759,4502.0
2025-01-30 00:00:00,161.759,161.759,161.568,161.694,1412.0
2025-01-30 01:00:00,161.694,161.796,161.631,161.76,4360.0
2025-01-30 02:00:00,161.759,161.78,161.278,161.314,6995.0
2025-01-30 03:00:00,161.314,161.314,160.981,161.138,7126.0
2025-01-30 04:00:00,161.138,161.169,160.83,160.904,6976.0
2025-01-30 05:00:00,160.904,161.119,160.841,161.099,5363.0
2025-01-30 06:00:00,161.1,161.198,161.069,161.08,3964.0
2025-01-30 07:00:00,161.08,161.104,160.895,161.001,3521.0
2025-01-30 08:00:00,161.001,161.155,160.749,160.825,4887.0
2025-01-30 09:00:00,160.825,161.127,160.741,161.045,5896.0
2025-01-30 10:00:00,161.045,161.189,160.941,160.998,7989.0
2025-01-30 11:00:00,160.992,160.993,160.609,160.745,8016.0
2025-01-30 12:00:00,160.747,160.813,160.57,160.689,6629.0
2025-01-30 13:00:00,160.689,160.739,160.571,160.647,5899.0
2025-01-30 14:00:00,160.648,160.678,160.332,160.375,6967.0
2025-01-30 15:00:00,160.375,160.97,160.23,160.933,12116.0
2025-01-30 16:00:00,160.927,161.089,160.534,160.656,12707.0
2025-01-30 17:00:00,160.659,160.808,160.488,160.783,10970.0
2025-01-30 18:00:00,160.783,160.969,160.683,160.901,8031.0
2025-01-30 19:00:00,160.902,160.909,160.67,160.734,6604.0
2025-01-30 20:00:00,160.735,161.031,160.734,160.941,4777.0
2025-01-30 21:00:00,160.941,160.942,160.705,160.709,4319.0
2025-01-30 22:00:00,160.71,160.753,160.348,160.543,8398.0
2025-01-30 23:00:00,160.543,160.603,160.199,160.314,5386.0
2025-01-31 00:00:00,160.114,160.258,160.094,160.156,1762.0
2025-01-31 01:00:00,160.178,160.488,160.158,160.2,4690.0
2025-01-31 02:00:00,160.209,160.398,160.184,160.275,6222.0
2025-01-31 03:00:00,160.275,160.277,159.905,160.081,8203.0
2025-01-31 04:00:00,160.086,160.223,159.966,160.179,5788.0
2025-01-31 05:00:00,160.184,160.35,160.126,160.299,4685.0
2025-01-31 06:00:00,160.3,160.437,160.256,160.421,4047.0
2025-01-31 07:00:00,160.421,160.856,160.415,160.731,5951.0
2025-01-31 08:00:00,160.732,160.94,160.657,160.795,5973.0
2025-01-31 09:00:00,160.797,161.048,160.687,160.902,7585.0
2025-01-31 10:00:00,160.902,161.003,160.504,160.535,7897.0
2025-01-31 11:00:00,160.534,160.653,160.176,160.652,8826.0
2025-01-31 12:00:00,160.652,160.667,160.496,160.499,6507.0
2025-01-31 13:00:00,160.501,160.667,160.386,160.658,5545.0
2025-01-31 14:00:00,160.663,160.817,160.628,160.751,5791.0
2025-01-31 15:00:00,160.749,161.006,160.631,160.717,9876.0
2025-01-31 16:00:00,160.717,160.717,160.283,160.323,9653.0
2025-01-31 17:00:00,160.324,161.049,160.204,160.955,12012.0
2025-01-31 18:00:00,160.956,161.293,160.89,161.114,8939.0
2025-01-31 19:00:00,161.113,161.5,161.017,161.263,10674.0
2025-01-31 20:00:00,161.263,161.35,160.764,160.878,12305.0
2025-02-03 00:00:00,158.345,158.994,158.344,158.873,3982.0
2025-02-03 01:00:00,158.868,159.425,158.582,159.188,12306.0
2025-02-03 02:00:00,159.186,159.664,158.938,159.312,14472.0
2025-02-03 03:00:00,159.311,159.718,159.224,159.411,11369.0
2025-02-03 04:00:00,159.411,159.462,158.96,159.017,9673.0
2025-02-03 05:00:00,159.017,159.138,158.935,159.098,7142.0
2025-02-03 06:00:00,159.098,159.325,159.087,159.244,7756.0
2025-02-03 07:00:00,159.241,159.355,159.14,159.318,5939.0
2025-02-03 08:00:00,159.318,159.374,159.074,159.164,8064.0
2025-02-03 09:00:00,159.165,159.378,159.072,159.121,9611.0
2025-02-03 10:00:00,159.122,159.377,158.943,159.24,10761.0
2025-02-03 11:00:00,159.241,159.306,158.522,158.551,7993.0
2025-02-03 12:00:00,158.552,158.865,158.518,158.719,7094.0
2025-02-03 13:00:00,158.719,158.748,158.361,158.511,7282.0
2025-02-03 14:00:00,158.511,158.766,158.471,158.551,10589.0
2025-02-03 15:00:00,158.55,158.954,158.533,158.73,10816.0
2025-02-03 16:00:00,158.731,158.753,158.316,158.418,12492.0
2025-02-03 17:00:00,158.379,159.819,157.969,159.619,18871.0
2025-02-03 18:00:00,159.621,159.744,158.927,158.957,13684.0
2025-02-03 19:00:00,158.958,159.236,158.741,158.977,10947.0
2025-02-03 20:00:00,158.978,159.316,158.814,159.271,8469.0
2025-02-03 21:00:00,159.271,159.543,159.234,159.301,6111.0
2025-02-03 22:00:00,159.301,159.392,159.214,159.279,5319.0
2025-02-03 23:00:00,159.279,160.137,159.214,160.058,7600.0
2025-02-04 00:00:00,159.983,160.175,159.806,160.085,3947.0
2025-02-04 01:00:00,160.099,160.482,160.095,160.361,5637.0
2025-02-04 02:00:00,160.357,160.405,160.138,160.25,6118.0
2025-02-04 03:00:00,160.241,160.277,160.005,160.105,7473.0
2025-02-04 04:00:00,160.105,160.21,160.032,160.15,5251.0
2025-02-04 05:00:00,160.15,160.158,160.054,160.097,3960.0
2025-02-04 06:00:00,160.095,160.145,160.006,160.034,3706.0
2025-02-04 07:00:00,160.034,160.042,159.184,159.801,11225.0
2025-02-04 08:00:00,159.801,159.997,159.741,159.979,6776.0
2025-02-04 09:00:00,159.979,160.194,159.891,160.164,6983.0
2025-02-04 10:00:00,160.164,160.588,160.124,160.438,10110.0
2025-02-04 11:00:00,160.438,160.655,160.419,160.602,7576.0
2025-02-04 12:00:00,160.601,160.642,160.348,160.476,5838.0
2025-02-04 13:00:00,160.476,160.476,160.182,160.321,5442.0
2025-02-04 14:00:00,160.322,160.408,160.299,160.334,5606.0
2025-02-04 15:00:00,160.334,160.617,160.324,160.546,7420.0
2025-02-04 16:00:00,160.548,160.701,160.365,160.608,9663.0
2025-02-04 17:00:00,160.611,160.668,160.198,160.557,11793.0
2025-02-04 18:00:00,160.556,160.556,160.332,160.413,8394.0
2025-02-04 19:00:00,160.41,160.429,160.004,160.083,7513.0
2025-02-04 20:00:00,160.082,160.222,160.047,160.181,4647.0
2025-02-04 21:00:00,160.181,160.226,160.09,160.175,4727.0
2025-02-04 22:00:00,160.174,160.216,160.115,160.206,3764.0
2025-02-04 23:00:00,160.207,160.23,160.128,160.186,3447.0
2025-02-05 00:00:00,160.175,160.216,159.98,160.193,2097.0
2025-02-05 01:00:00,160.192,160.307,159.849,159.857,3559.0
2025-02-05 02:00:00,159.857,160.102,159.664,159.68,6901.0
2025-02-05 03:00:00,159.68,159.681,159.27,159.346,9458.0
2025-02-05 04:00:00,159.335,159.375,159.008,159.282,7593.0
2025-02-05 05:00:00,159.285,159.323,158.981,159.034,5790.0
2025-02-05 06:00:00,159.034,159.187,158.932,159.169,4879.0
2025-02-05 07:00:00,159.17,159.337,159.11,159.22,4802.0
2025-02-05 08:00:00,159.218,159.344,159.056,159.086,5836.0
2025-02-05 09:00:00,159.083,159.497,159.031,159.477,7475.0
2025-02-05 10:00:00,159.477,159.541,159.09,159.236,9743.0
2025-02-05 11:00:00,159.238,159.394,158.881,159.013,8614.0
2025-02-05 12:00:00,159.014,159.198,158.85,159.131,7400.0
2025-02-05 13:00:00,159.131,159.239,159.041,159.215,5647.0
2025-02-05 14:00:00,159.215,159.345,159.085,159.269,5397.0
2025-02-05 15:00:00,159.269,159.441,159.159,159.29,10114.0
2025-02-05 16:00:00,159.289,159.604,159.215,159.215,9765.0
2025-02-05 17:00:00,159.212,159.219,158.501,158.562,13630.0
2025-02-05 18:00:00,158.562,158.713,158.508,158.704,8414.0
2025-02-05 19:00:00,158.705,158.812,158.623,158.685,5395.0
2025-02-05 20:00:00,158.683,158.764,158.629,158.647,4368.0
2025-02-05 21:00:00,158.647,158.761,158.64,158.734,4454.0
2025-02-05 22:00:00,158.733,158.928,158.722,158.875,4160.0
2025-02-05 23:00:00,158.873,158.905,158.681,158.728,3142.0
2025-02-06 00:00:00,158.657,158.732,158.611,158.694,1745.0
2025-02-06 01:00:00,158.696,158.858,158.571,158.733,2347.0
2025-02-06 02:00:00,158.732,158.761,158.377,158.41,5813.0
2025-02-06 03:00:00,158.411,158.489,157.919,158.145,7202.0
2025-02-06 04:00:00,158.141,158.32,158.052,158.269,5490.0
2025-02-06 05:00:00,158.268,158.297,158.041,158.207,3887.0
2025-02-06 06:00:00,158.207,158.266,158.091,158.25,3561.0
2025-02-06 07:00:00,158.253,158.41,158.083,158.307,4867.0
2025-02-06 08:00:00,158.305,158.547,158.296,158.517,4262.0
2025-02-06 09:00:00,158.519,158.61,158.293,158.381,6934.0
2025-02-06 10:00:00,158.381,158.384,158.079,158.215,8173.0
2025-02-06 11:00:00,158.216,158.403,158.111,158.146,7020.0
2025-02-06 12:00:00,158.146,158.169,157.999,158.064,5755.0
2025-02-06 13:00:00,158.068,158.079,157.877,157.95,6109.0
2025-02-06 14:00:00,157.949,157.987,157.704,157.894,9235.0
2025-02-06 15:00:00,157.891,158.017,157.501,157.564,9708.0
2025-02-06 16:00:00,157.564,157.762,157.485,157.625,9317.0
2025-02-06 17:00:00,157.625,157.725,157.234,157.292,10453.0
2025-02-06 18:00:00,157.299,157.646,157.28,157.625,7643.0
2025-02-06 19:00:00,157.623,157.748,157.564,157.63,5479.0
2025-02-06 20:00:00,157.633,157.694,157.198,157.216,7321.0
2025-02-06 21:00:00,157.216,157.279,157.036,157.209,5728.0
2025-02-06 22:00:00,157.209,157.428,157.2,157.421,3565.0
2025-02-06 23:00:00,157.415,157.424,157.239,157.251,2145.0
2025-02-07 00:00:00,157.148,157.277,157.116,157.238,1382.0
2025-02-07 01:00:00,157.25,157.254,156.979,156.998,3010.0
2025-02-07 02:00:00,156.998,157.14,156.755,156.934,6335.0
2025-02-07 03:00:00,156.933,157.406,156.919,157.4,7418.0
2025-02-07 04:00:00,157.404,157.59,157.343,157.434,5385.0
2025-02-07 05:00:00,157.434,157.494,157.268,157.347,4226.0
2025-02-07 06:00:00,157.347,157.48,157.298,157.466,3259.0
2025-02-07 07:00:00,157.467,157.518,157.392,157.419,3844.0
2025-02-07 08:00:00,157.419,157.564,157.256,157.555,4313.0
2025-02-07 09:00:00,157.555,157.765,157.506,157.74,5537.0
2025-02-07 10:00:00,157.74,157.895,157.647,157.786,6776.0
2025-02-07 11:00:00,157.786,157.857,157.677,157.77,6662.0
2025-02-07 12:00:00,157.77,158.017,157.732,157.948,5596.0
2025-02-07 13:00:00,157.948,158.008,157.851,157.981,4635.0
2025-02-07 14:00:00,157.979,158.001,157.685,157.713,5205.0
2025-02-07 15:00:00,157.713,157.908,157.307,157.486,12950.0
2025-02-07 16:00:00,157.486,157.655,157.337,157.365,11581.0
2025-02-07 17:00:00,157.365,157.444,156.334,156.77,14464.0
2025-02-07 18:00:00,156.775,156.782,155.864,156.269,14790.0
2025-02-07 19:00:00,156.269,156.841,156.228,156.548,12873.0
2025-02-07 20:00:00,156.549,156.68,156.238,156.313,6085.0
2025-02-10 00:00:00,155.6,156.051,155.523,155.935,2396.0
2025-02-10 01:00:00,155.935,156.605,155.935,156.586,4901.0
2025-02-10 02:00:00,156.586,156.636,156.437,156.593,6271.0
2025-02-10 03:00:00,156.591,156.813,156.591,156.62,6510.0
2025-02-10 04:00:00,156.618,156.79,156.564,156.711,4960.0
2025-02-10 05:00:00,156.711,156.754,156.581,156.661,3942.0
2025-02-10 06:00:00,156.661,156.736,156.602,156.671,3537.0
2025-02-10 07:00:00,156.671,156.924,156.67,156.766,3709.0
2025-02-10 08:00:00,156.766,156.769,156.547,156.743,4603.0
2025-02-10 09:00:00,156.743,156.97,156.737,156.931,7163.0
2025-02-10 10:00:00,156.932,157.391,156.866,157.31,8728.0
2025-02-10 11:00:00,157.309,157.42,157.139,157.177,6742.0
2025-02-10 12:00:00,157.176,157.296,157.108,157.113,5025.0
2025-02-10 13:00:00,157.112,157.22,156.999,157.01,5556.0
2025-02-10 14:00:00,157.01,157.026,156.821,156.846,5614.0
2025-02-10 15:00:00,156.846,156.946,156.729,156.753,6563.0
2025-02-10 16:00:00,156.752,156.766,156.292,156.366,8054.0
2025-02-10 17:00:00,156.367,156.515,156.348,156.397,7100.0
2025-02-10 18:00:00,156.396,156.512,156.37,156.456,5913.0
2025-02-10 19:00:00,156.457,156.621,156.454,156.618,4059.0
2025-02-10 20:00:00,156.618,156.771,156.581,156.712,3348.0
2025-02-10 21:00:00,156.711,156.754,156.638,156.648,2982.0
2025-02-10 22:00:00,156.649,156.708,156.62,156.621,2669.0
2025-02-10 23:00:00,156.621,156.66,156.596,156.657,2046.0
2025-02-11 00:00:00,156.356,156.68,156.356,156.505,1895.0
2025-02-11 01:00:00,156.523,156.628,156.321,156.353,3062.0
2025-02-11 02:00:00,156.352,156.483,156.253,156.433,3351.0
2025-02-11 03:00:00,156.433,156.63,156.421,156.608,4449.0
2025-02-11 04:00:00,156.609,156.61,156.395,156.422,3722.0
2025-02-11 05:00:00,156.422,156.57,156.375,156.515,3154.0
2025-02-11 06:00:00,156.514,156.627,156.511,156.615,2330.0
2025-02-11 07:00:00,156.615,156.631,156.563,156.583,2185.0
2025-02-11 08:00:00,156.582,156.678,156.472,156.556,3337.0
2025-02-11 09:00:00,156.552,156.684,156.483,156.561,5207.0
2025-02-11 10:00:00,156.563,156.743,156.324,156.705,8231.0
2025-02-11 11:00:00,156.703,156.822,156.663,156.778,6345.0
2025-02-11 12:00:00,156.778,157.041,156.768,156.944,5447.0
2025-02-11 13:00:00,156.944,157.277,156.939,157.245,4925.0
2025-02-11 14:00:00,157.252,157.358,157.13,157.283,5545.0
2025-02-11 15:00:00,157.283,157.353,157.174,157.218,6645.0
2025-02-11 16:00:00,157.219,157.49,157.161,157.356,7839.0
2025-02-11 17:00:00,157.357,157.803,157.316,157.678,9696.0
2025-02-11 18:00:00,157.677,157.737,157.541,157.638,7000.0
2025-02-11 19:00:00,157.639,157.68,157.565,157.631,4181.0
2025-02-11 20:00:00,157.63,157.764,157.572,157.698,3483.0
2025-02-11 21:00:00,157.697,158.11,157.684,157.958,5258.0
2025-02-11 22:00:00,157.958,158.193,157.928,158.094,4796.0
2025-02-11 23:00:00,158.094,158.094,157.935,157.996,3351.0
2025-02-12 00:00:00,157.955,157.997,157.837,157.928,1678.0
2025-02-12 01:00:00,157.927,158.34,157.927,158.313,2461.0
2025-02-12 02:00:00,158.314,158.695,158.268,158.663,5566.0
2025-02-12 03:00:00,158.663,159.008,158.503,159.008,6337.0
2025-02-12 04:00:00,159.008,159.153,158.942,159.025,4775.0
2025-02-12 05:00:00,159.025,159.242,159.008,159.194,4762.0
2025-02-12 06:00:00,159.194,159.313,159.105,159.164,4996.0
2025-02-12 07:00:00,159.165,159.172,159.029,159.041,4388.0
2025-02-12 08:00:00,159.04,159.212,159.024,159.104,3844.0
2025-02-12 09:00:00,159.104,159.46,158.966,159.45,6600.0
2025-02-12 10:00:00,159.455,159.661,159.19,159.254,8412.0
2025-02-12 11:00:00,159.253,159.294,159.057,159.255,6275.0
2025-02-12 12:00:00,159.255,159.437,159.235,159.351,5554.0
2025-02-12 13:00:00,159.35,159.47,159.288,159.315,5236.0
2025-02-12 14:00:00,159.316,159.408,159.167,159.287,5450.0
2025-02-12 15:00:00,159.285,159.57,158.914,159.561,12605.0
2025-02-12 16:00:00,159.561,159.843,159.402,159.829,11563.0
2025-02-12 17:00:00,159.833,160.381,159.712,160.228,12574.0
2025-02-12 18:00:00,160.228,160.706,160.06,160.677,9259.0
2025-02-12 19:00:00,160.676,160.948,160.623,160.932,10231.0
2025-02-12 20:00:00,160.929,160.967,160.34,160.381,7148.0
2025-02-12 21:00:00,160.381,160.512,160.319,160.466,4332.0
2025-02-12 22:00:00,160.466,160.524,160.412,160.482,3798.0
2025-02-12 23:00:00,160.482,160.51,160.258,160.317,3824.0
2025-02-13 00:00:00,160.334,160.43,160.2,160.262,1477.0
2025-02-13 01:00:00,160.262,160.437,160.216,160.283,2824.0
2025-02-13 02:00:00,160.278,160.563,160.183,160.561,6273.0
2025-02-13 03:00:00,160.561,160.669,160.387,160.426,7034.0
2025-02-13 04:00:00,160.426,160.501,160.377,160.459,5130.0
2025-02-13 05:00:00,160.461,160.713,160.46,160.709,4564.0
2025-02-13 06:00:00,160.708,161.187,160.703,161.069,5659.0
2025-02-13 07:00:00,161.069,161.128,160.806,160.873,5444.0
2025-02-13 08:00:00,160.873,160.955,160.653,160.69,6204.0
2025-02-13 09:00:00,160.689,160.903,160.616,160.842,8035.0
2025-02-13 10:00:00,160.842,160.895,160.378,160.394,9106.0
2025-02-13 11:00:00,160.393,160.554,160.277,160.496,6933.0
2025-02-13 12:00:00,160.496,160.577,160.132,160.183,6227.0
2025-02-13 13:00:00,160.183,160.36,159.813,160.048,7493.0
2025-02-13 14:00:00,160.048,160.059,159.723,159.852,7573.0
2025-02-13 15:00:00,159.852,159.898,159.431,159.545,10818.0
2025-02-13 16:00:00,159.546,159.657,159.314,159.653,9903.0
2025-02-13 17:00:00,159.653,160.351,159.628,159.774,13436.0
2025-02-13 18:00:00,159.774,159.845,159.609,159.723,7952.0
2025-02-13 19:00:00,159.725,159.799,159.651,159.683,5929.0
2025-02-13 20:00:00,159.679,159.829,159.013,159.543,10176.0
2025-02-13 21:00:00,159.543,159.695,159.446,159.618,6937.0
2025-02-13 22:00:00,159.618,159.861,159.61,159.793,4909.0
2025-02-13 23:00:00,159.793,159.92,159.745,159.905,2633.0
2025-02-14 00:00:00,159.881,159.976,159.589,159.953,1519.0
2025-02-14 01:00:00,159.952,160.163,159.921,160.05,3358.0
2025-02-14 02:00:00,160.05,160.111,159.588,159.678,7205.0
2025-02-14 03:00:00,159.675,159.675,159.472,159.578,6006.0
2025-02-14 04:00:00,159.578,159.861,159.537,159.807,4029.0
2025-02-14 05:00:00,159.807,159.977,159.788,159.851,3563.0
2025-02-14 06:00:00,159.851,159.962,159.566,159.577,3560.0
2025-02-14 07:00:00,159.577,159.594,159.427,159.522,3583.0
2025-02-14 08:00:00,159.523,159.671,159.445,159.499,5274.0
2025-02-14 09:00:00,159.482,159.875,159.446,159.831,7940.0
2025-02-14 10:00:00,159.83,160.12,159.757,160.032,9220.0
2025-02-14 11:00:00,160.032,160.194,159.822,159.849,6745.0
2025-02-14 12:00:00,159.849,159.892,159.622,159.643,5782.0
2025-02-14 13:00:00,159.642,159.88,159.573,159.841,5418.0
2025-02-14 14:00:00,159.841,159.943,159.708,159.941,5834.0
2025-02-14 15:00:00,159.941,160.262,159.541,159.607,10569.0
2025-02-14 16:00:00,159.607,160.002,159.588,159.985,9607.0
2025-02-14 17:00:00,159.986,160.014,159.776,159.872,8721.0
2025-02-14 18:00:00,159.873,159.929,159.638,159.824,6775.0
2025-02-14 19:00:00,159.824,160.04,159.78,160.021,4709.0
2025-02-14 20:00:00,160.021,160.069,159.942,159.987,2865.0
2025-02-17 00:00:00,159.481,159.711,159.464,159.695,812.0
2025-02-17 01:00:00,159.743,159.831,159.399,159.434,3593.0
2025-02-17 02:00:00,159.433,159.521,159.258,159.36,6347.0
2025-02-17 03:00:00,159.36,159.59,159.21,159.576,5478.0
2025-02-17 04:00:00,159.576,159.602,159.067,159.15,5009.0
2025-02-17 05:00:00,159.15,159.273,159.106,159.122,3856.0
2025-02-17 06:00:00,159.122,159.255,159.107,159.203,3352.0
2025-02-17 07:00:00,159.202,159.206,158.911,158.947,5480.0
2025-02-17 08:00:00,158.947,159.245,158.911,159.165,5842.0
2025-02-17 09:00:00,159.165,159.283,159.041,159.197,6497.0
2025-02-17 10:00:00,159.197,159.251,158.926,158.961,7489.0
2025-02-17 11:00:00,158.961,159.093,158.902,159.002,5819.0
2025-02-17 12:00:00,159.002,159.119,158.947,159.028,4829.0
2025-02-17 13:00:00,159.028,159.093,158.759,158.807,4544.0
2025-02-17 14:00:00,158.811,158.845,158.536,158.66,5154.0
2025-02-17 15:00:00,158.659,158.699,158.552,158.658,4173.0
2025-02-17 16:00:00,158.658,158.733,158.585,158.722,3835.0
2025-02-17 17:00:00,158.721,158.785,158.527,158.625,4027.0
2025-02-17 18:00:00,158.625,158.724,158.602,158.69,3018.0
2025-02-17 19:00:00,158.69,158.763,158.679,158.686,2265.0
2025-02-17 20:00:00,158.685,158.696,158.646,158.678,1556.0
2025-02-17 21:00:00,158.679,158.715,158.65,158.693,1814.0
2025-02-17 22:00:00,158.692,158.728,158.676,158.721,1564.0
2025-02-17 23:00:00,158.721,158.852,158.718,158.82,2036.0
2025-02-18 00:00:00,158.821,158.821,158.62,158.767,1718.0
2025-02-18 01:00:00,158.79,158.921,158.539,158.786,2220.0
2025-02-18 02:00:00,158.783,158.993,158.75,158.886,6424.0
2025-02-18 03:00:00,158.886,158.926,158.745,158.803,6484.0
2025-02-18 04:00:00,158.804,158.993,158.769,158.937,3993.0
2025-02-18 05:00:00,158.937,159.138,158.91,159.124,5361.0
2025-02-18 06:00:00,159.125,159.18,159.018,159.099,4730.0
2025-02-18 07:00:00,159.099,159.159,158.894,158.925,4630.0
2025-02-18 08:00:00,158.924,159.038,158.846,158.947,5328.0
2025-02-18 09:00:00,158.947,159.103,158.836,159.098,6189.0
2025-02-18 10:00:00,159.098,159.193,158.842,158.887,6981.0
2025-02-18 11:00:00,158.886,158.953,158.804,158.883,5022.0
2025-02-18 12:00:00,158.884,158.914,158.69,158.78,5043.0
2025-02-18 13:00:00,158.779,158.846,158.715,158.81,3932.0
2025-02-18 14:00:00,158.81,158.91,158.61,158.633,4927.0
2025-02-18 15:00:00,158.633,158.663,158.386,158.44,6494.0
2025-02-18 16:00:00,158.442,158.727,158.369,158.676,7395.0
2025-02-18 17:00:00,158.677,158.737,158.403,158.727,7649.0
2025-02-18 18:00:00,158.727,158.836,158.696,158.724,5750.0
2025-02-18 19:00:00,158.724,158.736,158.618,158.705,4925.0
2025-02-18 20:00:00,158.705,158.737,158.535,158.727,3986.0
2025-02-18 21:00:00,158.728,158.728,158.647,158.687,3909.0
2025-02-18 22:00:00,158.689,158.843,158.651,158.82,3175.0
2025-02-18 23:00:00,158.821,158.919,158.801,158.837,2943.0
2025-02-19 00:00:00,158.62,158.902,158.617,158.894,3099.0
2025-02-19 01:00:00,158.925,158.927,158.723,158.729,1748.0
2025-02-19 02:00:00,158.729,158.899,158.597,158.854,5705.0
2025-02-19 03:00:00,158.848,158.944,158.492,158.929,7306.0
2025-02-19 04:00:00,158.928,159.129,158.813,158.899,6550.0
2025-02-19 05:00:00,158.898,158.931,158.72,158.751,4477.0
2025-02-19 06:00:00,158.75,158.776,158.59,158.629,4419.0
2025-02-19 07:00:00,158.629,158.707,158.585,158.679,4060.0
2025-02-19 08:00:00,158.679,158.721,158.522,158.538,5613.0
2025-02-19 09:00:00,158.54,158.663,158.472,158.505,6915.0
2025-02-19 10:00:00,158.506,158.714,158.396,158.407,6948.0
2025-02-19 11:00:00,158.407,158.456,158.117,158.163,6649.0
2025-02-19 12:00:00,158.165,158.311,158.079,158.165,5816.0
2025-02-19 13:00:00,158.167,158.411,158.143,158.294,7118.0
2025-02-19 14:00:00,158.293,158.486,158.185,158.413,5837.0
2025-02-19 15:00:00,158.414,158.425,158.234,158.278,6704.0
2025-02-19 16:00:00,158.278,158.294,157.886,157.899,7881.0
2025-02-19 17:00:00,157.907,158.112,157.76,157.84,9403.0
2025-02-19 18:00:00,157.84,157.947,157.716,157.811,6633.0
2025-02-19 19:00:00,157.805,157.972,157.745,157.929,4328.0
2025-02-19 20:00:00,157.929,158.069,157.926,158.001,4277.0
2025-02-19 21:00:00,158.003,158.04,157.867,157.976,5323.0
2025-02-19 22:00:00,157.965,157.999,157.857,157.916,3607.0
2025-02-19 23:00:00,157.916,157.971,157.856,157.862,2022.0
2025-02-20 00:00:00,157.832,157.846,157.676,157.797,891.0
2025-02-20 01:00:00,157.833,157.833,157.486,157.592,2954.0
2025-02-20 02:00:00,157.593,157.645,157.325,157.474,8053.0
2025-02-20 03:00:00,157.474,157.487,156.949,156.991,9162.0
2025-02-20 04:00:00,156.992,157.342,156.878,157.277,7577.0
2025-02-20 05:00:00,157.277,157.285,156.911,156.924,5764.0
2025-02-20 06:00:00,156.923,156.949,156.665,156.727,5856.0
2025-02-20 07:00:00,156.726,156.867,156.671,156.845,5022.0
2025-02-20 08:00:00,156.845,156.854,156.398,156.433,6562.0
2025-02-20 09:00:00,156.433,156.672,156.321,156.662,7148.0
2025-02-20 10:00:00,156.662,156.988,156.65,156.865,7005.0
2025-02-20 11:00:00,156.865,156.955,156.727,156.884,5883.0
2025-02-20 12:00:00,156.884,156.884,156.701,156.725,5228.0
2025-02-20 13:00:00,156.727,156.817,156.665,156.816,4893.0
2025-02-20 14:00:00,156.816,156.826,156.52,156.633,6831.0
2025-02-20 15:00:00,156.634,156.859,156.491,156.818,8821.0
2025-02-20 16:00:00,156.815,156.955,156.506,156.513,9609.0
2025-02-20 17:00:00,156.512,156.732,156.313,156.606,11187.0
2025-02-20 18:00:00,156.606,156.799,156.549,156.748,8055.0
2025-02-20 19:00:00,156.747,156.856,156.719,156.792,6401.0
2025-02-20 20:00:00,156.791,157.093,156.768,157.084,4571.0
2025-02-20 21:00:00,157.084,157.33,157.078,157.298,3854.0
2025-02-20 22:00:00,157.298,157.308,157.134,157.182,3520.0
2025-02-20 23:00:00,157.18,157.187,157.097,157.116,2207.0
2025-02-21 00:00:00,157.085,157.118,156.868,156.97,1951.0
2025-02-21 01:00:00,157.012,157.151,156.812,156.969,4490.0
2025-02-21 02:00:00,156.966,157.313,156.929,157.183,8248.0
2025-02-21 03:00:00,157.183,157.773,157.156,157.67,8675.0
2025-02-21 04:00:00,157.669,158.22,157.581,158.048,6802.0
2025-02-21 05:00:00,158.048,158.094,157.775,157.878,5270.0
2025-02-21 06:00:00,157.877,157.89,157.696,157.836,4611.0
2025-02-21 07:00:00,157.838,157.916,157.767,157.78,4498.0
2025-02-21 08:00:00,157.78,157.962,157.703,157.874,5297.0
2025-02-21 09:00:00,157.896,158.166,157.819,157.964,7688.0
2025-02-21 10:00:00,157.965,158.0,157.464,157.61,10432.0
2025-02-21 11:00:00,157.608,157.666,157.402,157.542,7411.0
2025-02-21 12:00:00,157.542,157.609,157.373,157.378,5618.0
2025-02-21 13:00:00,157.38,157.436,157.266,157.332,4690.0
2025-02-21 14:00:00,157.332,157.479,157.292,157.432,5311.0
2025-02-21 15:00:00,157.431,157.687,157.339,157.589,6777.0
2025-02-21 16:00:00,157.587,157.636,156.964,157.02,9638.0
2025-02-21 17:00:00,157.011,157.046,156.32,156.354,11035.0
2025-02-21 18:00:00,156.353,156.437,156.153,156.299,7222.0
2025-02-21 19:00:00,156.298,156.357,156.088,156.129,6770.0
2025-02-21 20:00:00,156.129,156.129,155.847,155.988,9256.0
2025-02-24 00:00:00,156.222,156.383,156.022,156.264,2845.0
2025-02-24 01:00:00,156.271,156.533,156.248,156.482,3991.0
2025-02-24 02:00:00,156.482,156.484,156.315,156.435,8320.0
2025-02-24 03:00:00,156.435,156.999,156.435,156.967,9558.0
2025-02-24 04:00:00,156.967,157.256,156.967,157.031,8093.0
2025-02-24 05:00:00,157.031,157.175,156.848,156.91,5597.0
2025-02-24 06:00:00,156.911,156.967,156.868,156.901,3961.0
2025-02-24 07:00:00,156.904,157.185,156.842,157.12,5652.0
2025-02-24 08:00:00,157.12,157.166,156.976,157.074,6079.0
2025-02-24 09:00:00,157.074,157.162,156.603,156.797,8841.0
2025-02-24 10:00:00,156.797,156.869,156.352,156.593,9983.0
2025-02-24 11:00:00,156.592,156.771,156.522,156.625,8380.0
2025-02-24 12:00:00,156.622,156.819,156.566,156.814,6508.0
2025-02-24 13:00:00,156.814,156.872,156.607,156.75,5819.0
2025-02-24 14:00:00,156.749,156.816,156.642,156.788,5686.0
2025-02-24 15:00:00,156.788,156.9,156.656,156.759,7004.0
2025-02-24 16:00:00,156.762,156.808,156.146,156.201,9898.0
2025-02-24 17:00:00,156.201,156.429,156.082,156.302,12661.0
2025-02-24 18:00:00,156.301,156.837,156.295,156.717,9277.0
2025-02-24 19:00:00,156.717,156.861,156.63,156.642,7905.0
2025-02-24 20:00:00,156.641,156.779,156.579,156.778,5705.0
2025-02-24 21:00:00,156.778,156.986,156.723,156.788,5851.0
2025-02-24 22:00:00,156.788,156.854,156.607,156.689,6896.0
2025-02-24 23:00:00,156.687,156.775,156.644,156.71,2671.0
2025-02-25 00:00:00,156.695,156.734,156.548,156.717,1884.0
2025-02-25 01:00:00,156.744,156.856,156.708,156.822,3333.0
2025-02-25 02:00:00,156.822,157.122,156.822,157.099,6107.0
2025-02-25 03:00:00,157.099,157.238,157.007,157.032,5972.0
2025-02-25 04:00:00,157.032,157.095,156.917,156.936,5639.0
2025-02-25 05:00:00,156.936,157.001,156.701,156.749,4253.0
2025-02-25 06:00:00,156.748,156.795,156.547,156.64,5433.0
2025-02-25 07:00:00,156.641,156.905,156.59,156.856,4918.0
2025-02-25 08:00:00,156.856,156.974,156.745,156.907,6058.0
2025-02-25 09:00:00,156.908,156.924,156.19,156.213,10084.0
2025-02-25 10:00:00,156.218,156.613,156.079,156.482,11573.0
2025-02-25 11:00:00,156.48,156.828,156.467,156.674,8756.0
2025-02-25 12:00:00,156.672,156.877,156.653,156.848,7006.0
2025-02-25 13:00:00,156.849,157.201,156.777,157.14,7296.0
2025-02-25 14:00:00,157.139,157.16,156.924,157.078,8023.0
2025-02-25 15:00:00,157.078,157.308,156.885,156.91,8259.0
2025-02-25 16:00:00,156.912,156.972,156.614,156.682,10531.0
2025-02-25 17:00:00,156.681,156.681,156.238,156.502,14493.0
2025-02-25 18:00:00,156.497,156.553,156.165,156.515,11503.0
2025-02-25 19:00:00,156.515,156.566,156.271,156.564,7998.0
2025-02-25 20:00:00,156.563,156.925,156.562,156.752,7566.0
2025-02-25 21:00:00,156.752,156.776,156.557,156.689,8105.0
2025-02-25 22:00:00,156.689,156.788,156.597,156.641,6965.0
2025-02-25 23:00:00,156.641,156.732,156.612,156.695,3574.0
2025-02-26 00:00:00,156.53,156.765,156.53,156.764,1995.0
2025-02-26 01:00:00,156.765,156.889,156.619,156.806,3365.0
2025-02-26 02:00:00,156.806,156.832,156.419,156.686,6583.0
2025-02-26 03:00:00,156.686,156.919,156.47,156.913,7441.0
2025-02-26 04:00:00,156.913,157.052,156.814,157.03,6985.0
2025-02-26 05:00:00,157.031,157.097,156.844,156.932,4993.0
2025-02-26 06:00:00,156.932,157.038,156.81,156.869,4367.0
2025-02-26 07:00:00,156.869,157.019,156.74,156.774,5210.0
2025-02-26 08:00:00,156.774,157.011,156.755,156.97,5369.0
2025-02-26 09:00:00,156.969,157.008,156.765,156.912,8297.0
2025-02-26 10:00:00,156.912,157.047,156.665,156.794,9437.0
2025-02-26 11:00:00,156.793,156.876,156.686,156.786,6796.0
2025-02-26 12:00:00,156.786,156.968,156.613,156.961,6816.0
2025-02-26 13:00:00,156.96,157.023,156.804,156.895,5917.0
2025-02-26 14:00:00,156.895,156.936,156.632,156.746,6019.0
2025-02-26 15:00:00,156.746,156.846,156.662,156.778,7744.0
2025-02-26 16:00:00,156.779,157.1,156.626,156.989,10152.0
2025-02-26 17:00:00,156.986,157.126,156.91,157.05,11461.0
2025-02-26 18:00:00,157.048,157.123,156.773,156.794,9402.0
2025-02-26 19:00:00,156.793,156.96,156.331,156.495,11242.0
2025-02-26 20:00:00,156.492,156.542,156.063,156.196,8742.0
2025-02-26 21:00:00,156.196,156.252,156.029,156.144,7656.0
2025-02-26 22:00:00,156.145,156.306,156.058,156.273,6007.0
2025-02-26 23:00:00,156.273,156.427,156.229,156.306,4172.0
2025-02-27 00:00:00,156.328,156.328,156.147,156.233,895.0
2025-02-27 01:00:00,156.233,156.284,156.028,156.145,3427.0
2025-02-27 02:00:00,156.145,156.328,155.989,156.259,7273.0
2025-02-27 03:00:00,156.26,156.54,156.166,156.501,6168.0
2025-02-27 04:00:00,156.501,156.534,156.233,156.29,4667.0
2025-02-27 05:00:00,156.296,156.413,156.168,156.17,4148.0
2025-02-27 06:00:00,156.17,156.234,155.95,156.003,4378.0
2025-02-27 07:00:00,156.002,156.289,155.998,156.289,4749.0
2025-02-27 08:00:00,156.289,156.412,156.233,156.303,5111.0
2025-02-27 09:00:00,156.302,156.403,156.225,156.358,6517.0
2025-02-27 10:00:00,156.359,156.891,156.189,156.88,8695.0
2025-02-27 11:00:00,156.88,157.218,156.817,157.093,7024.0
2025-02-27 12:00:00,157.096,157.168,156.921,157.071,6206.0
2025-02-27 13:00:00,157.071,157.127,156.856,156.926,5382.0
2025-02-27 14:00:00,156.926,156.939,156.687,156.785,3737.0
2025-02-27 15:00:00,156.786,156.851,155.965,156.069,12432.0
2025-02-27 16:00:00,156.065,156.579,155.93,156.025,13785.0
2025-02-27 17:00:00,156.026,156.38,155.75,156.167,16460.0
2025-02-27 18:00:00,156.167,156.297,155.917,156.014,12140.0
2025-02-27 19:00:00,156.014,156.119,155.963,156.076,8945.0
2025-02-27 20:00:00,156.076,156.397,156.061,156.374,7445.0
2025-02-27 21:00:00,156.374,156.384,155.831,155.925,9335.0
2025-02-27 22:00:00,155.927,155.933,155.66,155.763,8357.0
2025-02-27 23:00:00,155.764,155.782,155.686,155.755,3710.0
2025-02-28 00:00:00,155.763,155.763,155.562,155.644,1540.0
2025-02-28 01:00:00,155.644,156.011,155.501,155.997,3673.0
2025-02-28 02:00:00,155.996,156.057,155.34,155.377,7668.0
2025-02-28 03:00:00,155.387,155.483,155.035,155.045,8992.0
2025-02-28 04:00:00,155.041,155.315,154.79,155.246,7436.0
2025-02-28 05:00:00,155.245,155.434,155.173,155.414,6434.0
2025-02-28 06:00:00,155.414,155.541,155.32,155.39,5410.0
2025-02-28 07:00:00,155.39,155.711,155.365,155.656,5698.0
2025-02-28 08:00:00,155.656,155.906,155.599,155.862,6896.0
2025-02-28 09:00:00,155.862,156.509,155.757,156.396,9150.0
2025-02-28 10:00:00,156.395,156.784,156.311,156.604,8726.0
2025-02-28 11:00:00,156.604,156.73,156.125,156.192,8206.0
2025-02-28 12:00:00,156.192,156.439,156.175,156.378,5628.0
2025-02-28 13:00:00,156.378,156.465,156.259,156.387,5030.0
2025-02-28 14:00:00,156.385,156.84,156.374,156.792,6862.0
2025-02-28 15:00:00,156.793,157.162,156.745,156.781,11027.0
2025-02-28 16:00:00,156.781,157.015,156.452,156.866,12859.0
2025-02-28 17:00:00,156.866,157.117,156.649,156.701,14858.0
2025-02-28 18:00:00,156.711,156.828,156.266,156.696,13039.0
2025-02-28 19:00:00,156.695,156.72,156.297,156.324,10518.0
2025-02-28 20:00:00,156.323,156.414,155.785,155.798,12535.0
2025-03-03 00:00:00,156.669,156.778,156.657,156.753,1573.0
2025-03-03 01:00:00,156.787,157.305,156.761,157.027,5862.0
2025-03-03 02:00:00,157.028,157.125,156.675,156.709,9150.0
2025-03-03 03:00:00,156.709,157.031,156.568,156.72,9104.0
2025-03-03 04:00:00,156.72,156.796,156.57,156.715,6845.0
2025-03-03 05:00:00,156.716,156.759,156.442,156.725,6908.0
2025-03-03 06:00:00,156.725,156.818,156.612,156.618,4059.0
2025-03-03 07:00:00,156.618,156.808,156.599,156.642,5134.0
2025-03-03 08:00:00,156.642,156.71,156.481,156.603,6267.0
2025-03-03 09:00:00,156.602,156.62,156.243,156.261,8857.0
2025-03-03 10:00:00,156.263,156.331,155.924,156.133,10013.0
2025-03-03 11:00:00,156.133,156.803,156.115,156.768,8596.0
2025-03-03 12:00:00,156.772,157.564,156.767,157.508,10060.0
2025-03-03 13:00:00,157.505,158.067,157.486,158.048,9463.0
2025-03-03 14:00:00,158.045,158.47,158.003,158.349,10394.0
2025-03-03 15:00:00,158.348,158.412,158.013,158.096,9438.0
2025-03-03 16:00:00,158.097,158.199,157.843,157.859,10931.0
2025-03-03 17:00:00,157.849,157.884,157.447,157.512,15551.0
2025-03-03 18:00:00,157.512,157.782,157.497,157.621,12694.0
2025-03-03 19:00:00,157.622,157.695,157.448,157.546,9396.0
2025-03-03 20:00:00,157.546,157.665,157.393,157.495,10891.0
2025-03-03 21:00:00,157.494,157.693,157.27,157.357,9437.0
2025-03-03 22:00:00,157.358,157.366,156.087,156.626,15758.0
2025-03-03 23:00:00,156.626,156.934,156.611,156.797,5034.0
2025-03-04 00:00:00,156.66,156.888,156.66,156.84,1935.0
2025-03-04 01:00:00,156.845,156.918,156.332,156.551,5089.0
2025-03-04 02:00:00,156.565,156.807,156.125,156.432,9983.0
2025-03-04 03:00:00,156.431,156.527,155.928,156.206,11729.0
2025-03-04 04:00:00,156.205,156.618,156.097,156.472,8643.0
2025-03-04 05:00:00,156.472,156.528,156.176,156.288,8012.0
2025-03-04 06:00:00,156.288,156.321,156.047,156.274,7098.0
2025-03-04 07:00:00,156.276,156.641,156.121,156.597,9332.0
2025-03-04 08:00:00,156.601,156.819,156.438,156.801,7760.0
2025-03-04 09:00:00,156.808,156.907,156.246,156.713,12853.0
2025-03-04 10:00:00,156.713,157.201,156.311,156.826,15160.0
2025-03-04 11:00:00,156.826,156.892,156.442,156.684,7992.0
2025-03-04 12:00:00,156.683,156.683,156.335,156.41,11003.0
2025-03-04 13:00:00,156.409,156.521,156.083,156.443,10867.0
2025-03-04 14:00:00,156.443,156.455,156.183,156.429,12082.0
2025-03-04 15:00:00,156.43,156.632,156.19,156.201,12554.0
2025-03-04 16:00:00,156.201,156.634,156.168,156.176,16903.0
2025-03-04 17:00:00,156.176,156.325,155.583,156.162,18521.0
2025-03-04 18:00:00,156.162,156.835,155.987,156.753,15484.0
2025-03-04 19:00:00,156.754,156.924,156.634,156.803,13216.0
2025-03-04 20:00:00,156.804,157.94,156.755,157.901,14674.0
2025-03-04 21:00:00,157.9,158.336,157.884,158.289,11701.0
2025-03-04 22:00:00,158.289,158.823,158.089,158.182,13632.0
2025-03-04 23:00:00,158.181,159.21,158.15,159.161,9423.0
2025-03-05 00:00:00,159.076,159.099,158.894,158.997,2159.0
2025-03-05 01:00:00,159.016,159.519,158.997,159.165,4838.0
2025-03-05 02:00:00,159.157,159.234,158.731,159.23,9574.0
2025-03-05 03:00:00,159.23,159.536,159.02,159.161,12684.0
2025-03-05 04:00:00,159.161,159.185,158.799,158.879,9841.0
2025-03-05 05:00:00,158.875,159.327,158.742,159.24,9842.0
2025-03-05 06:00:00,159.243,159.253,158.959,159.103,6233.0
2025-03-05 07:00:00,159.104,159.284,159.011,159.169,6527.0
2025-03-05 08:00:00,159.167,159.265,158.945,159.149,7941.0
2025-03-05 09:00:00,159.15,159.638,159.055,159.532,12785.0
2025-03-05 10:00:00,159.528,159.937,159.231,159.644,14731.0
2025-03-05 11:00:00,159.644,160.114,159.575,160.007,12052.0
2025-03-05 12:00:00,160.006,160.173,159.618,159.753,10950.0
2025-03-05 13:00:00,159.753,159.754,159.463,159.538,9896.0
2025-03-05 14:00:00,159.539,160.061,159.515,159.912,11752.0
2025-03-05 15:00:00,159.914,160.184,159.618,159.687,15798.0
2025-03-05 16:00:00,159.687,160.147,159.52,159.792,16684.0
2025-03-05 17:00:00,159.794,160.529,159.562,160.31,19473.0
2025-03-05 18:00:00,160.308,160.431,159.873,160.248,16453.0
2025-03-05 19:00:00,160.237,160.602,160.106,160.546,14583.0
2025-03-05 20:00:00,160.546,160.669,160.214,160.484,14010.0
2025-03-05 21:00:00,160.486,160.71,160.442,160.547,10232.0
2025-03-05 22:00:00,160.547,160.727,160.496,160.68,9017.0
2025-03-05 23:00:00,160.68,160.724,160.571,160.635,4921.0
2025-03-06 00:00:00,160.589,160.653,160.448,160.565,1452.0
2025-03-06 01:00:00,160.577,160.772,160.474,160.708,3473.0
2025-03-06 02:00:00,160.696,161.246,160.684,161.0,7215.0
2025-03-06 03:00:00,161.0,161.279,160.916,161.141,8043.0
2025-03-06 04:00:00,161.141,161.222,160.954,161.212,7878.0
2025-03-06 05:00:00,161.211,161.216,160.905,161.019,5912.0
2025-03-06 06:00:00,161.02,161.236,160.897,161.181,5627.0
2025-03-06 07:00:00,161.181,161.211,160.987,160.998,6548.0
2025-03-06 08:00:00,160.998,161.05,160.687,160.724,7902.0
2025-03-06 09:00:00,160.721,160.737,160.194,160.229,13764.0
2025-03-06 10:00:00,160.228,160.329,159.908,160.028,14910.0
2025-03-06 11:00:00,160.028,160.028,159.399,159.713,14269.0
2025-03-06 12:00:00,159.714,159.902,159.44,159.577,11741.0
2025-03-06 13:00:00,159.572,159.806,159.448,159.642,10083.0
2025-03-06 14:00:00,159.642,159.718,159.296,159.423,10530.0
2025-03-06 15:00:00,159.423,159.963,159.115,159.595,14971.0
2025-03-06 16:00:00,159.598,160.089,159.436,159.923,17712.0
2025-03-06 17:00:00,159.92,160.591,159.847,160.351,18149.0
2025-03-06 18:00:00,160.353,160.71,159.985,160.003,17034.0
2025-03-06 19:00:00,160.004,160.189,159.419,159.707,14586.0
2025-03-06 20:00:00,159.713,159.757,159.114,159.385,11977.0
2025-03-06 21:00:00,159.384,159.825,159.244,159.532,12063.0
2025-03-06 22:00:00,159.534,159.686,159.366,159.439,12390.0
2025-03-06 23:00:00,159.44,159.624,159.44,159.586,4454.0
2025-03-07 00:00:00,159.504,159.647,159.334,159.63,1748.0
2025-03-07 01:00:00,159.63,159.813,159.583,159.806,3878.0
2025-03-07 02:00:00,159.808,159.822,159.325,159.614,7866.0
2025-03-07 03:00:00,159.613,159.779,159.517,159.588,8805.0
2025-03-07 04:00:00,159.588,159.709,159.325,159.391,6991.0
2025-03-07 05:00:00,159.391,159.574,159.27,159.503,6851.0
2025-03-07 06:00:00,159.501,159.698,159.356,159.677,5703.0
2025-03-07 07:00:00,159.678,159.766,159.443,159.447,6464.0
2025-03-07 08:00:00,159.447,159.731,159.366,159.638,7701.0
2025-03-07 09:00:00,159.638,160.09,159.626,159.903,10894.0
2025-03-07 10:00:00,159.903,160.211,159.683,159.875,13406.0
2025-03-07 11:00:00,159.872,160.33,159.802,160.143,10845.0
2025-03-07 12:00:00,160.144,160.313,160.078,160.255,9515.0
2025-03-07 13:00:00,160.256,160.317,159.989,160.237,9051.0
2025-03-07 14:00:00,160.237,160.411,160.142,160.369,9956.0
2025-03-07 15:00:00,160.37,160.566,159.647,159.672,16110.0
2025-03-07 16:00:00,159.663,160.381,159.582,160.108,18026.0
2025-03-07 17:00:00,160.111,160.761,159.517,160.357,18902.0
2025-03-07 18:00:00,160.357,160.407,159.529,159.769,16164.0
2025-03-07 19:00:00,159.769,160.053,159.427,159.926,13807.0
2025-03-07 20:00:00,159.933,160.414,159.918,160.409,13316.0
2025-03-10 00:00:00,160.179,160.313,159.978,159.982,969.0
2025-03-10 01:00:00,160.013,160.322,160.005,160.014,6265.0
2025-03-10 02:00:00,160.014,160.375,160.006,160.282,6021.0
2025-03-10 03:00:00,160.278,160.349,159.908,160.022,9444.0
2025-03-10 04:00:00,160.022,160.187,159.783,159.99,9285.0
2025-03-10 05:00:00,159.99,160.104,159.839,159.954,6762.0
2025-03-10 06:00:00,159.955,160.076,159.874,159.919,5923.0
2025-03-10 07:00:00,159.919,160.001,159.854,159.9,4782.0
2025-03-10 08:00:00,159.9,160.056,159.837,159.838,6160.0
2025-03-10 09:00:00,159.845,160.155,159.829,160.069,7761.0
2025-03-10 10:00:00,160.069,160.231,159.544,159.702,10771.0
2025-03-10 11:00:00,159.713,159.759,159.038,159.107,13578.0
2025-03-10 12:00:00,159.107,159.944,159.075,159.762,12631.0
2025-03-10 13:00:00,159.763,159.91,159.565,159.571,11942.0
2025-03-10 14:00:00,159.57,159.713,158.891,159.641,13063.0
2025-03-10 15:00:00,159.642,159.724,159.26,159.427,11930.0
2025-03-10 16:00:00,159.429,159.554,159.139,159.354,15044.0
2025-03-10 17:00:00,159.353,159.355,158.93,159.175,18026.0
2025-03-10 18:00:00,159.174,159.524,159.118,159.473,14942.0
2025-03-10 19:00:00,159.47,159.695,159.346,159.487,13122.0
2025-03-10 20:00:00,159.488,159.621,159.354,159.405,12340.0
2025-03-10 21:00:00,159.403,159.606,159.315,159.454,10843.0
2025-03-10 22:00:00,159.454,159.634,159.151,159.546,12647.0
2025-03-10 23:00:00,159.546,159.612,159.474,159.561,4475.0
2025-03-11 00:00:00,159.17,159.512,159.168,159.404,701.0
2025-03-11 01:00:00,159.43,159.478,159.239,159.259,3672.0
2025-03-11 02:00:00,159.262,159.437,159.133,159.42,5826.0
2025-03-11 03:00:00,159.42,159.449,158.977,159.244,10393.0
2025-03-11 04:00:00,159.244,159.454,159.021,159.404,10937.0
2025-03-11 05:00:00,159.404,159.818,159.348,159.494,10357.0
2025-03-11 06:00:00,159.494,159.739,159.489,159.683,8650.0
2025-03-11 07:00:00,159.682,159.829,159.493,159.529,6837.0
2025-03-11 08:00:00,159.529,159.624,159.435,159.563,7072.0
2025-03-11 09:00:00,159.563,160.187,159.539,159.847,10016.0
2025-03-11 10:00:00,159.847,160.112,159.773,160.029,12652.0
2025-03-11 11:00:00,160.029,160.797,159.937,160.794,13807.0
2025-03-11 12:00:00,160.794,160.924,160.58,160.757,11032.0
2025-03-11 13:00:00,160.757,160.781,160.579,160.7,9871.0
2025-03-11 14:00:00,160.695,160.969,160.509,160.957,9470.0
2025-03-11 15:00:00,160.957,161.471,160.738,161.329,11461.0
2025-03-11 16:00:00,161.334,161.733,161.277,161.348,16119.0
2025-03-11 17:00:00,161.349,161.6,160.626,160.902,20751.0
2025-03-11 18:00:00,160.905,161.351,160.816,161.172,17867.0
2025-03-11 19:00:00,161.175,161.175,160.866,160.921,14279.0
2025-03-11 20:00:00,160.922,160.938,160.656,160.938,12606.0
2025-03-11 21:00:00,160.938,161.788,160.907,161.594,16056.0
2025-03-11 22:00:00,161.594,161.651,161.304,161.351,14244.0
2025-03-11 23:00:00,161.353,161.442,161.266,161.35,4158.0
2025-03-12 00:00:00,161.26,161.372,161.02,161.16,1293.0
2025-03-12 01:00:00,161.177,161.48,161.175,161.442,3219.0
2025-03-12 02:00:00,161.442,161.611,161.34,161.582,4021.0
2025-03-12 03:00:00,161.581,161.686,161.401,161.596,7951.0
2025-03-12 04:00:00,161.596,161.611,161.257,161.454,7620.0
2025-03-12 05:00:00,161.454,161.502,161.305,161.419,6552.0
2025-03-12 06:00:00,161.419,161.478,161.202,161.361,5753.0
2025-03-12 07:00:00,161.361,161.61,161.349,161.465,6162.0
2025-03-12 08:00:00,161.464,161.611,161.399,161.425,6928.0
2025-03-12 09:00:00,161.427,161.645,161.318,161.595,7661.0
2025-03-12 10:00:00,161.596,162.011,161.494,161.987,10303.0
2025-03-12 11:00:00,161.987,162.043,161.728,162.008,12647.0
2025-03-12 12:00:00,162.008,162.332,161.9,162.193,10205.0
2025-03-12 13:00:00,162.192,162.358,162.085,162.155,8526.0
2025-03-12 14:00:00,162.154,162.303,162.024,162.139,8338.0
2025-03-12 15:00:00,162.139,162.32,161.778,162.224,14955.0
2025-03-12 16:00:00,162.221,162.296,161.666,161.821,15363.0
2025-03-12 17:00:00,161.822,162.002,161.623,161.86,15507.0
2025-03-12 18:00:00,161.857,162.126,161.717,162.027,13458.0
2025-03-12 19:00:00,162.024,162.15,161.677,161.717,12059.0
2025-03-12 20:00:00,161.717,161.831,161.557,161.563,10661.0
2025-03-12 21:00:00,161.563,161.672,161.392,161.47,9757.0
2025-03-12 22:00:00,161.47,161.677,161.395,161.557,9102.0
2025-03-12 23:00:00,161.558,161.569,161.405,161.411,3234.0
2025-03-13 00:00:00,161.387,161.406,161.264,161.346,719.0
2025-03-13 01:00:00,161.364,161.473,161.259,161.402,2097.0
2025-03-13 02:00:00,161.402,161.43,161.232,161.424,2638.0
2025-03-13 03:00:00,161.424,161.495,161.296,161.309,6221.0
2025-03-13 04:00:00,161.313,161.498,161.28,161.283,6930.0
2025-03-13 05:00:00,161.283,161.516,161.277,161.444,5260.0
2025-03-13 06:00:00,161.444,161.465,161.13,161.144,4869.0
2025-03-13 07:00:00,161.141,161.213,160.947,161.057,5819.0
2025-03-13 08:00:00,161.057,161.084,160.733,160.8,7990.0
2025-03-13 09:00:00,160.8,160.855,160.53,160.718,8728.0
2025-03-13 10:00:00,160.719,160.874,160.522,160.576,10682.0
2025-03-13 11:00:00,160.571,160.903,160.414,160.836,12952.0
2025-03-13 12:00:00,160.837,161.205,160.723,161.181,9394.0
2025-03-13 13:00:00,161.181,161.265,160.901,161.045,7912.0
2025-03-13 14:00:00,161.045,161.082,160.442,160.664,9707.0
2025-03-13 15:00:00,160.663,160.833,160.358,160.582,13985.0
2025-03-13 16:00:00,160.582,160.8,160.476,160.663,13572.0
2025-03-13 17:00:00,160.659,160.988,160.583,160.67,13851.0
2025-03-13 18:00:00,160.672,160.781,160.289,160.388,14146.0
2025-03-13 19:00:00,160.388,160.629,160.314,160.465,12284.0
2025-03-13 20:00:00,160.465,160.493,160.054,160.249,10375.0
2025-03-13 21:00:00,160.249,160.415,160.186,160.354,9122.0
2025-03-13 22:00:00,160.351,160.41,160.161,160.232,7967.0
2025-03-13 23:00:00,160.232,160.452,160.227,160.391,2724.0
2025-03-14 00:00:00,160.4,160.4,160.221,160.306,968.0
2025-03-14 01:00:00,160.3,160.606,160.3,160.552,2071.0
2025-03-14 02:00:00,160.549,160.612,160.449,160.584,2541.0
2025-03-14 03:00:00,160.584,160.989,160.493,160.889,7463.0
2025-03-14 04:00:00,160.89,160.936,160.621,160.635,7467.0
2025-03-14 05:00:00,160.636,160.748,160.597,160.704,5558.0
2025-03-14 06:00:00,160.703,160.9,160.693,160.879,5905.0
2025-03-14 07:00:00,160.878,161.02,160.862,160.988,4988.0
2025-03-14 08:00:00,160.989,161.2,160.984,161.098,5760.0
2025-03-14 09:00:00,161.097,161.241,161.016,161.179,7163.0
2025-03-14 10:00:00,161.177,161.56,161.04,161.233,10598.0
2025-03-14 11:00:00,161.234,161.615,161.091,161.588,10719.0
2025-03-14 12:00:00,161.591,161.742,161.514,161.669,8787.0
2025-03-14 13:00:00,161.671,162.332,161.546,162.122,11330.0
2025-03-14 14:00:00,162.123,162.242,161.893,162.067,11513.0
2025-03-14 15:00:00,162.067,162.33,161.902,161.96,9339.0
2025-03-14 16:00:00,161.958,161.983,161.614,161.678,10586.0
2025-03-14 17:00:00,161.671,162.037,161.339,161.494,15303.0
2025-03-14 18:00:00,161.493,161.624,161.28,161.464,11976.0
2025-03-14 19:00:00,161.464,161.534,161.283,161.46,8987.0
2025-03-14 20:00:00,161.46,161.615,161.359,161.535,7721.0
2025-03-17 00:00:00,161.718,161.896,161.68,161.821,1194.0
2025-03-17 01:00:00,161.804,161.859,161.664,161.67,3631.0
2025-03-17 02:00:00,161.67,161.814,161.572,161.673,3574.0
2025-03-17 03:00:00,161.673,161.949,161.546,161.878,6326.0
2025-03-17 04:00:00,161.878,161.939,161.693,161.733,6197.0
2025-03-17 05:00:00,161.732,161.808,161.635,161.749,5257.0
2025-03-17 06:00:00,161.748,161.945,161.652,161.87,3794.0
2025-03-17 07:00:00,161.87,162.258,161.87,162.183,4682.0
2025-03-17 08:00:00,162.183,162.192,161.946,162.05,4433.0
2025-03-17 09:00:00,162.049,162.205,161.937,162.043,5821.0
2025-03-17 10:00:00,162.043,162.126,161.804,161.879,7940.0
2025-03-17 11:00:00,161.88,162.154,161.718,162.086,9668.0
2025-03-17 12:00:00,162.087,162.118,161.893,162.043,8073.0
2025-03-17 13:00:00,162.044,162.113,161.894,161.977,6653.0
2025-03-17 14:00:00,161.979,162.09,161.772,161.85,6311.0
2025-03-17 15:00:00,161.858,162.283,161.7,162.239,10681.0
2025-03-17 16:00:00,162.239,162.561,162.115,162.298,11470.0
2025-03-17 17:00:00,162.3,162.364,162.11,162.214,12902.0
2025-03-17 18:00:00,162.214,162.323,162.158,162.244,10392.0
2025-03-17 19:00:00,162.244,162.445,162.182,162.43,7568.0
2025-03-17 20:00:00,162.43,162.627,162.377,162.608,6367.0
2025-03-17 21:00:00,162.606,163.006,162.565,162.972,5914.0
2025-03-17 22:00:00,162.975,163.019,162.88,162.885,5191.0
2025-03-17 23:00:00,162.885,163.046,162.779,162.955,3382.0
2025-03-18 00:00:00,162.872,162.934,162.792,162.878,1013.0
2025-03-18 01:00:00,162.888,163.099,162.867,163.088,2039.0
2025-03-18 02:00:00,163.09,163.146,163.047,163.124,2736.0
2025-03-18 03:00:00,163.121,163.197,162.982,163.161,5777.0
2025-03-18 04:00:00,163.16,163.222,163.068,163.086,5642.0
2025-03-18 05:00:00,163.086,163.347,163.079,163.272,5466.0
2025-03-18 06:00:00,163.272,163.334,163.247,163.298,3412.0
2025-03-18 07:00:00,163.298,163.359,163.173,163.192,3421.0
2025-03-18 08:00:00,163.193,163.336,163.146,163.335,3549.0
2025-03-18 09:00:00,163.337,163.547,163.33,163.534,5255.0
2025-03-18 10:00:00,163.532,163.869,163.49,163.85,6921.0
2025-03-18 11:00:00,163.849,164.185,163.824,164.01,8168.0
2025-03-18 12:00:00,164.009,164.059,163.839,164.032,7228.0
2025-03-18 13:00:00,164.032,164.059,163.557,163.643,8298.0
2025-03-18 14:00:00,163.65,163.681,163.413,163.476,7136.0
2025-03-18 15:00:00,163.476,163.56,163.321,163.51,8384.0
2025-03-18 16:00:00,163.51,163.663,163.195,163.261,11447.0
2025-03-18 17:00:00,163.259,163.498,163.056,163.393,11890.0
2025-03-18 18:00:00,163.395,163.493,163.01,163.352,11874.0
2025-03-18 19:00:00,163.352,163.586,163.245,163.458,9075.0
2025-03-18 20:00:00,163.458,163.552,163.295,163.438,8803.0
2025-03-18 21:00:00,163.441,163.457,163.171,163.33,7147.0
2025-03-18 22:00:00,163.332,163.429,163.248,163.408,5545.0
2025-03-18 23:00:00,163.415,163.516,163.376,163.384,3111.0
2025-03-19 00:00:00,163.358,163.369,163.266,163.329,1440.0
2025-03-19 01:00:00,163.33,163.493,163.296,163.489,2168.0
2025-03-19 02:00:00,163.489,163.533,163.371,163.486,2411.0
2025-03-19 03:00:00,163.487,163.673,163.317,163.609,5297.0
2025-03-19 04:00:00,163.609,163.657,163.452,163.493,4510.0
2025-03-19 05:00:00,163.496,163.619,163.253,163.507,4804.0
2025-03-19 06:00:00,163.507,163.556,163.337,163.358,2871.0
2025-03-19 07:00:00,163.358,163.512,163.297,163.465,3086.0
2025-03-19 08:00:00,163.471,163.75,163.466,163.749,3862.0
2025-03-19 09:00:00,163.75,163.888,163.43,163.47,6659.0
2025-03-19 10:00:00,163.469,163.474,162.193,162.628,12613.0
2025-03-19 11:00:00,162.628,163.296,162.628,163.229,9237.0
2025-03-19 12:00:00,163.229,163.399,163.025,163.302,6499.0
2025-03-19 13:00:00,163.303,163.345,163.098,163.278,5552.0
2025-03-19 14:00:00,163.277,163.524,163.244,163.465,5886.0
2025-03-19 15:00:00,163.467,163.558,163.188,163.319,7667.0
2025-03-19 16:00:00,163.319,163.616,163.242,163.529,9066.0
2025-03-19 17:00:00,163.529,163.662,163.095,163.154,9323.0
2025-03-19 18:00:00,163.155,163.296,163.065,163.213,7512.0
2025-03-19 19:00:00,163.201,163.255,163.053,163.238,5888.0
2025-03-19 20:00:00,163.238,163.239,162.839,162.975,7026.0
2025-03-19 21:00:00,162.964,163.066,162.169,162.368,15644.0
2025-03-19 22:00:00,162.365,162.479,162.147,162.253,13363.0
2025-03-19 23:00:00,162.256,162.326,162.071,162.133,3911.0
2025-03-20 00:00:00,162.105,162.256,162.018,162.246,892.0
2025-03-20 01:00:00,162.27,162.329,162.043,162.098,2978.0
2025-03-20 02:00:00,162.098,162.22,161.993,161.996,2997.0
2025-03-20 03:00:00,161.996,162.044,161.78,161.833,5875.0
2025-03-20 04:00:00,161.833,161.882,161.662,161.739,5592.0
2025-03-20 05:00:00,161.74,161.926,161.719,161.923,5404.0
2025-03-20 06:00:00,161.923,161.978,161.829,161.864,3744.0
2025-03-20 07:00:00,161.864,161.872,161.749,161.803,3310.0
2025-03-20 08:00:00,161.803,161.804,161.632,161.654,3471.0
2025-03-20 09:00:00,161.643,161.643,161.422,161.531,5108.0
2025-03-20 10:00:00,161.531,161.679,161.457,161.648,7934.0
2025-03-20 11:00:00,161.649,161.757,161.334,161.401,8895.0
2025-03-20 12:00:00,161.399,161.514,161.147,161.418,9018.0
2025-03-20 13:00:00,161.418,161.424,160.844,161.169,10214.0
2025-03-20 14:00:00,161.169,161.233,160.915,161.068,6965.0
2025-03-20 15:00:00,161.07,161.235,160.877,160.947,9214.0
2025-03-20 16:00:00,160.948,161.107,160.736,161.078,10656.0
2025-03-20 17:00:00,161.066,161.404,161.023,161.035,11628.0
2025-03-20 18:00:00,161.035,161.57,160.981,161.465,10037.0
2025-03-20 19:00:00,161.466,161.596,161.341,161.382,9200.0
2025-03-20 20:00:00,161.383,161.485,161.315,161.336,6865.0
2025-03-20 21:00:00,161.335,161.502,161.295,161.427,6600.0
2025-03-20 22:00:00,161.427,161.53,161.399,161.479,6241.0
2025-03-20 23:00:00,161.478,161.566,161.448,161.47,2451.0
2025-03-21 00:00:00,161.382,161.473,161.303,161.472,899.0
2025-03-21 01:00:00,161.479,161.558,161.431,161.47,1913.0
2025-03-21 02:00:00,161.47,161.52,161.3,161.303,2820.0
2025-03-21 03:00:00,161.304,161.737,161.296,161.703,6437.0
2025-03-21 04:00:00,161.703,161.916,161.613,161.798,6046.0
2025-03-21 05:00:00,161.798,161.808,161.59,161.656,4663.0
2025-03-21 06:00:00,161.656,161.707,161.544,161.664,3974.0
2025-03-21 07:00:00,161.665,161.896,161.657,161.817,3796.0
2025-03-21 08:00:00,161.816,161.965,161.8,161.941,4621.0
2025-03-21 09:00:00,161.942,162.055,161.835,162.051,5535.0
2025-03-21 10:00:00,162.051,162.132,161.724,161.836,7235.0
2025-03-21 11:00:00,161.835,162.042,161.603,161.976,9321.0
2025-03-21 12:00:00,161.976,161.977,161.672,161.721,6878.0
2025-03-21 13:00:00,161.721,161.942,161.534,161.689,6831.0
2025-03-21 14:00:00,161.686,161.75,161.426,161.557,6770.0
2025-03-21 15:00:00,161.56,161.681,161.018,161.046,9399.0
2025-03-21 16:00:00,161.045,161.306,160.906,161.261,11442.0
2025-03-21 17:00:00,161.261,161.372,161.064,161.137,11179.0
2025-03-21 18:00:00,161.134,161.201,160.733,160.993,9714.0
2025-03-21 19:00:00,160.996,161.464,160.959,161.45,10169.0
2025-03-21 20:00:00,161.45,161.604,161.269,161.504,7541.0
2025-03-24 00:00:00,161.417,161.594,161.393,161.568,604.0
2025-03-24 01:00:00,161.605,161.899,161.59,161.844,3239.0
2025-03-24 02:00:00,161.843,162.205,161.765,162.173,3660.0
2025-03-24 03:00:00,162.173,162.31,162.001,162.276,5859.0
2025-03-24 04:00:00,162.271,162.316,162.164,162.198,6170.0
2025-03-24 05:00:00,162.197,162.255,162.168,162.198,4420.0
2025-03-24 06:00:00,162.197,162.32,162.049,162.095,4221.0
2025-03-24 07:00:00,162.095,162.13,161.995,162.094,3492.0
2025-03-24 08:00:00,162.094,162.166,162.019,162.105,4407.0
2025-03-24 09:00:00,162.105,162.294,162.072,162.232,5754.0
2025-03-24 10:00:00,162.232,162.515,162.169,162.192,7216.0
2025-03-24 11:00:00,162.193,162.575,162.157,162.229,9713.0
2025-03-24 12:00:00,162.23,162.29,161.943,162.119,8430.0
2025-03-24 13:00:00,162.119,162.38,162.075,162.295,6770.0
2025-03-24 14:00:00,162.295,162.402,162.216,162.216,5960.0
2025-03-24 15:00:00,162.215,162.283,162.119,162.259,7079.0
2025-03-24 16:00:00,162.25,162.263,161.996,162.164,9243.0
2025-03-24 17:00:00,162.157,162.594,162.126,162.5,9959.0
2025-03-24 18:00:00,162.5,162.776,162.408,162.699,8847.0
2025-03-24 19:00:00,162.702,162.818,162.35,162.493,7911.0
2025-03-24 20:00:00,162.497,162.523,162.413,162.473,5778.0
2025-03-24 21:00:00,162.471,162.81,162.367,162.667,6515.0
2025-03-24 22:00:00,162.667,162.729,162.624,162.726,3830.0
2025-03-24 23:00:00,162.726,162.828,162.715,162.761,2780.0
2025-03-25 00:00:00,162.49,162.733,162.488,162.707,1481.0
2025-03-25 01:00:00,162.758,162.828,162.705,162.823,1876.0
2025-03-25 02:00:00,162.824,162.938,162.765,162.876,2869.0
2025-03-25 03:00:00,162.892,163.024,162.866,163.013,5584.0
2025-03-25 04:00:00,163.01,163.028,162.706,162.754,5758.0
2025-03-25 05:00:00,162.755,162.826,162.653,162.778,4805.0
2025-03-25 06:00:00,162.778,162.841,162.682,162.714,4247.0
2025-03-25 07:00:00,162.716,162.773,162.626,162.65,3490.0
2025-03-25 08:00:00,162.65,162.662,162.507,162.509,3739.0
2025-03-25 09:00:00,162.512,162.606,162.381,162.514,5178.0
2025-03-25 10:00:00,162.514,162.663,162.501,162.586,6535.0
2025-03-25 11:00:00,162.586,162.665,162.322,162.534,8347.0
2025-03-25 12:00:00,162.534,162.667,162.45,162.542,7349.0
2025-03-25 13:00:00,162.542,162.684,162.426,162.527,7321.0
2025-03-25 14:00:00,162.527,162.543,162.294,162.458,6470.0
2025-03-25 15:00:00,162.459,162.47,162.231,162.343,7007.0
2025-03-25 16:00:00,162.344,162.346,161.996,162.0,9172.0
2025-03-25 17:00:00,162.0,162.072,161.795,161.891,10260.0
2025-03-25 18:00:00,161.891,162.016,161.619,161.792,8770.0
2025-03-25 19:00:00,161.792,161.926,161.768,161.855,6422.0
2025-03-25 20:00:00,161.862,162.01,161.813,161.873,5131.0
2025-03-25 21:00:00,161.866,161.876,161.766,161.812,4437.0
2025-03-25 22:00:00,161.811,161.905,161.75,161.775,4562.0
2025-03-25 23:00:00,161.777,161.806,161.749,161.766,2252.0
2025-03-26 00:00:00,161.738,161.764,161.636,161.742,884.0
2025-03-26 01:00:00,161.753,161.829,161.733,161.783,1800.0
2025-03-26 02:00:00,161.782,161.811,161.709,161.768,2271.0
2025-03-26 03:00:00,161.768,161.981,161.672,161.952,5686.0
2025-03-26 04:00:00,161.952,162.118,161.81,161.985,6170.0
2025-03-26 05:00:00,161.985,162.228,161.958,162.206,3664.0
2025-03-26 06:00:00,162.204,162.328,162.19,162.255,3604.0
2025-03-26 07:00:00,162.259,162.346,162.241,162.345,2847.0
2025-03-26 08:00:00,162.345,162.391,162.279,162.283,3835.0
2025-03-26 09:00:00,162.284,162.42,162.25,162.286,5006.0
2025-03-26 10:00:00,162.285,162.436,162.201,162.217,7890.0
2025-03-26 11:00:00,162.218,162.258,161.963,162.118,9602.0
2025-03-26 12:00:00,162.118,162.194,161.998,162.058,7469.0
2025-03-26 13:00:00,162.058,162.109,161.976,162.078,6167.0
2025-03-26 14:00:00,162.077,162.199,162.031,162.105,4583.0
2025-03-26 15:00:00,162.105,162.231,161.987,162.188,7708.0
2025-03-26 16:00:00,162.188,162.276,162.005,162.056,8758.0
2025-03-26 17:00:00,162.056,162.537,162.02,162.461,9800.0
2025-03-26 18:00:00,162.461,162.611,162.162,162.448,7904.0
2025-03-26 19:00:00,162.448,162.49,162.161,162.431,8322.0
2025-03-26 20:00:00,162.431,162.531,161.635,161.809,10179.0
2025-03-26 21:00:00,161.809,162.009,161.76,161.822,7016.0
2025-03-26 22:00:00,161.822,161.934,161.705,161.889,5387.0
2025-03-26 23:00:00,161.892,161.934,161.847,161.931,2817.0
2025-03-27 00:00:00,161.882,161.905,161.571,161.586,1310.0
2025-03-27 01:00:00,161.586,161.784,161.384,161.392,4460.0
2025-03-27 02:00:00,161.39,161.635,161.373,161.624,3483.0
2025-03-27 03:00:00,161.624,161.873,161.579,161.851,4648.0
2025-03-27 04:00:00,161.853,161.866,161.55,161.61,5927.0
2025-03-27 05:00:00,161.61,161.95,161.607,161.829,4512.0
2025-03-27 06:00:00,161.829,161.897,161.72,161.835,3586.0
2025-03-27 07:00:00,161.835,161.96,161.821,161.918,3360.0
2025-03-27 08:00:00,161.918,161.984,161.691,161.798,4153.0
2025-03-27 09:00:00,161.797,162.197,161.727,162.02,6031.0
2025-03-27 10:00:00,162.018,162.105,161.668,162.051,9158.0
2025-03-27 11:00:00,162.052,162.321,161.916,162.315,10269.0
2025-03-27 12:00:00,162.315,162.564,162.252,162.564,7661.0
2025-03-27 13:00:00,162.564,162.738,162.486,162.728,6614.0
2025-03-27 14:00:00,162.727,162.992,162.668,162.908,6603.0
2025-03-27 15:00:00,162.907,162.991,162.572,162.595,8532.0
2025-03-27 16:00:00,162.595,162.709,162.4,162.649,11038.0
2025-03-27 17:00:00,162.647,163.002,162.606,162.933,10924.0
2025-03-27 18:00:00,162.933,163.165,162.812,163.047,10229.0
2025-03-27 19:00:00,163.047,163.17,162.954,163.071,8654.0
2025-03-27 20:00:00,163.075,163.364,163.003,163.01,7521.0
2025-03-27 21:00:00,163.01,163.154,163.002,163.068,5747.0
2025-03-27 22:00:00,163.068,163.191,163.019,163.048,4886.0
2025-03-27 23:00:00,163.047,163.168,163.029,163.144,2135.0
2025-03-28 00:00:00,163.099,163.099,162.998,163.081,664.0
2025-03-28 01:00:00,163.085,163.148,163.046,163.073,1214.0
2025-03-28 02:00:00,163.073,163.094,162.841,162.937,3212.0
2025-03-28 03:00:00,162.933,163.174,162.854,162.964,5356.0
2025-03-28 04:00:00,162.964,162.993,162.67,162.719,5483.0
2025-03-28 05:00:00,162.719,162.832,162.698,162.815,4138.0
2025-03-28 06:00:00,162.815,162.845,162.7,162.752,3529.0
2025-03-28 07:00:00,162.752,162.864,162.662,162.77,3217.0
2025-03-28 08:00:00,162.77,162.827,162.658,162.693,3616.0
2025-03-28 09:00:00,162.693,162.734,162.418,162.436,4246.0
2025-03-28 10:00:00,162.436,162.561,162.19,162.225,6736.0
2025-03-28 11:00:00,162.225,162.391,162.067,162.248,8401.0
2025-03-28 12:00:00,162.248,162.366,162.16,162.232,6517.0
2025-03-28 13:00:00,162.234,162.434,162.173,162.304,5945.0
2025-03-28 14:00:00,162.304,162.505,162.247,162.448,5742.0
2025-03-28 15:00:00,162.447,162.625,162.27,162.526,8707.0
2025-03-28 16:00:00,162.525,162.844,162.319,162.626,12082.0
2025-03-28 17:00:00,162.626,162.654,162.298,162.454,12358.0
2025-03-28 18:00:00,162.455,162.93,162.416,162.66,10352.0
2025-03-28 19:00:00,162.66,162.758,162.391,162.422,8431.0
2025-03-28 20:00:00,162.423,162.438,162.155,162.276,7092.0
2025-03-31 00:00:00,162.009,162.133,161.841,161.848,915.0
2025-03-31 01:00:00,161.848,161.937,161.656,161.757,4641.0
2025-03-31 02:00:00,161.756,161.952,161.483,161.944,6159.0
2025-03-31 03:00:00,161.942,162.047,161.495,161.865,9911.0
2025-03-31 04:00:00,161.866,161.966,161.535,161.576,8727.0
2025-03-31 05:00:00,161.576,161.607,161.272,161.408,6535.0
2025-03-31 06:00:00,161.408,161.437,161.175,161.332,4853.0
2025-03-31 07:00:00,161.332,161.585,161.26,161.517,4708.0
2025-03-31 08:00:00,161.517,161.753,161.379,161.475,6575.0
2025-03-31 09:00:00,161.475,161.533,161.129,161.476,9490.0
2025-03-31 10:00:00,161.476,161.595,161.042,161.534,11654.0
2025-03-31 11:00:00,161.543,161.604,161.217,161.388,9648.0
2025-03-31 12:00:00,161.388,161.578,161.326,161.378,7311.0
2025-03-31 13:00:00,161.376,161.574,161.258,161.542,6783.0
2025-03-31 14:00:00,161.542,161.712,161.395,161.62,7731.0
2025-03-31 15:00:00,161.62,161.724,161.524,161.625,7989.0
2025-03-31 16:00:00,161.625,161.915,161.576,161.763,10115.0
2025-03-31 17:00:00,161.765,161.867,161.49,161.511,12309.0
2025-03-31 18:00:00,161.509,162.027,161.42,161.816,10336.0
2025-03-31 19:00:00,161.817,162.188,161.688,162.066,7649.0
2025-03-31 20:00:00,162.064,162.327,162.049,162.248,6524.0
2025-03-31 21:00:00,162.248,162.484,162.234,162.355,6732.0
2025-03-31 22:00:00,162.356,162.392,162.145,162.174,7312.0
2025-03-31 23:00:00,162.172,162.231,162.129,162.182,2477.0
2025-04-01 00:00:00,162.145,162.218,162.11,162.188,1835.0
2025-04-01 01:00:00,162.191,162.244,162.074,162.162,2029.0
2025-04-01 02:00:00,162.162,162.384,162.153,162.203,3429.0
2025-04-01 03:00:00,162.203,162.298,162.028,162.095,8130.0
2025-04-01 04:00:00,162.095,162.176,161.961,162.119,5459.0
2025-04-01 05:00:00,162.119,162.209,162.071,162.194,4179.0
2025-04-01 06:00:00,162.191,162.24,162.034,162.04,3743.0
2025-04-01 07:00:00,162.04,162.04,161.898,161.902,3614.0
2025-04-01 08:00:00,161.902,162.134,161.854,161.925,5329.0
2025-04-01 09:00:00,161.925,162.136,161.794,162.067,7149.0
2025-04-01 10:00:00,162.067,162.067,161.572,161.615,9400.0
2025-04-01 11:00:00,161.615,161.912,161.529,161.876,6661.0
2025-04-01 12:00:00,161.876,162.028,161.821,161.851,6234.0
2025-04-01 13:00:00,161.851,161.887,161.252,161.329,9379.0
2025-04-01 14:00:00,161.329,161.335,160.776,160.855,8636.0
2025-04-01 15:00:00,160.855,161.196,160.849,161.147,7803.0
2025-04-01 16:00:00,161.147,161.431,161.079,161.217,10277.0
2025-04-01 17:00:00,161.24,161.433,161.009,161.341,13157.0
2025-04-01 18:00:00,161.341,161.566,161.136,161.349,10506.0
2025-04-01 19:00:00,161.349,161.655,161.322,161.473,9768.0
2025-04-01 20:00:00,161.473,161.56,161.28,161.312,7562.0
2025-04-01 21:00:00,161.312,161.327,161.068,161.162,7636.0
2025-04-01 22:00:00,161.161,161.446,161.159,161.438,6289.0
2025-04-01 23:00:00,161.438,161.571,161.329,161.466,2765.0
2025-04-02 00:00:00,161.475,161.53,161.285,161.516,852.0
2025-04-02 01:00:00,161.516,161.94,161.501,161.8,3618.0
2025-04-02 02:00:00,161.799,161.81,161.644,161.645,2991.0
2025-04-02 03:00:00,161.645,161.771,161.54,161.636,7328.0
2025-04-02 04:00:00,161.635,161.799,161.626,161.773,5255.0
2025-04-02 05:00:00,161.772,161.871,161.68,161.696,3880.0
2025-04-02 06:00:00,161.695,161.747,161.633,161.667,3141.0
2025-04-02 07:00:00,161.667,161.829,161.643,161.784,2782.0
2025-04-02 08:00:00,161.784,161.791,161.648,161.725,3931.0
2025-04-02 09:00:00,161.726,161.9,161.558,161.642,6407.0
2025-04-02 10:00:00,161.634,161.723,161.366,161.521,7728.0
2025-04-02 11:00:00,161.521,161.617,161.42,161.592,6635.0
2025-04-02 12:00:00,161.592,161.694,161.459,161.491,6400.0
2025-04-02 13:00:00,161.491,161.499,161.112,161.28,7587.0
2025-04-02 14:00:00,161.28,161.31,161.141,161.197,6437.0
2025-04-02 15:00:00,161.197,161.401,161.159,161.396,8024.0
2025-04-02 16:00:00,161.396,161.923,161.339,161.861,9834.0
2025-04-02 17:00:00,161.859,162.559,161.805,162.542,11627.0
2025-04-02 18:00:00,162.543,163.036,162.472,163.002,10495.0
2025-04-02 19:00:00,163.002,163.037,162.883,162.995,8404.0
2025-04-02 20:00:00,162.992,163.045,162.891,162.927,6541.0
2025-04-02 21:00:00,162.927,162.993,162.73,162.737,8039.0
2025-04-02 22:00:00,162.737,162.905,162.689,162.781,8013.0
2025-04-02 23:00:00,162.782,164.177,161.383,162.106,15234.0
2025-04-03 00:00:00,161.942,161.942,160.815,160.947,2168.0
2025-04-03 01:00:00,160.947,161.086,160.112,160.854,8460.0
2025-04-03 02:00:00,160.854,161.328,160.652,161.257,11461.0
2025-04-03 03:00:00,161.252,161.451,160.944,161.059,14191.0
2025-04-03 04:00:00,161.059,161.385,161.0,161.245,11396.0
2025-04-03 05:00:00,161.245,161.392,161.083,161.267,9252.0
2025-04-03 06:00:00,161.267,161.276,160.628,160.748,7716.0
2025-04-03 07:00:00,160.748,160.947,160.634,160.933,6864.0
2025-04-03 08:00:00,160.933,161.108,160.87,160.896,9126.0
2025-04-03 09:00:00,160.896,161.763,160.842,161.368,13263.0
2025-04-03 10:00:00,161.375,161.801,161.239,161.56,12945.0
2025-04-03 11:00:00,161.559,161.957,161.516,161.637,11364.0
2025-04-03 12:00:00,161.637,161.895,161.442,161.668,11659.0
2025-04-03 13:00:00,161.667,163.068,161.638,162.144,13815.0
2025-04-03 14:00:00,162.148,162.301,161.866,161.926,11906.0
2025-04-03 15:00:00,161.927,162.322,161.667,161.674,13168.0
2025-04-03 16:00:00,161.676,162.109,161.343,161.377,15547.0
2025-04-03 17:00:00,161.366,161.958,161.081,161.7,14953.0
2025-04-03 18:00:00,161.701,161.786,161.291,161.393,14228.0
2025-04-03 19:00:00,161.392,161.642,161.304,161.343,13175.0
2025-04-03 20:00:00,161.337,161.369,160.984,161.057,11459.0
2025-04-03 21:00:00,161.057,161.66,160.984,161.603,10920.0
2025-04-03 22:00:00,161.611,161.679,161.168,161.278,10823.0
2025-04-03 23:00:00,161.276,161.462,161.122,161.402,4520.0
2025-04-04 00:00:00,161.415,161.415,161.208,161.254,636.0
2025-04-04 01:00:00,161.254,161.391,160.951,161.134,5376.0
2025-04-04 02:00:00,161.134,161.552,161.093,161.543,6449.0
2025-04-04 03:00:00,161.543,161.696,161.305,161.442,9512.0
2025-04-04 04:00:00,161.441,161.936,161.439,161.666,9248.0
2025-04-04 05:00:00,161.663,162.002,161.587,161.663,7887.0
2025-04-04 06:00:00,161.663,161.709,161.506,161.595,8937.0
2025-04-04 07:00:00,161.596,161.795,161.161,161.242,8059.0
2025-04-04 08:00:00,161.241,161.69,161.148,161.668,8774.0
2025-04-04 09:00:00,161.668,161.722,161.373,161.381,11409.0
2025-04-04 10:00:00,161.383,161.552,160.816,160.962,13719.0
2025-04-04 11:00:00,160.962,161.093,160.658,160.999,14454.0
2025-04-04 12:00:00,161.001,161.026,160.561,160.732,13503.0
2025-04-04 13:00:00,160.733,160.81,159.848,160.076,17169.0
2025-04-04 14:00:00,160.068,160.859,159.579,160.817,17299.0
2025-04-04 15:00:00,160.817,161.039,160.075,160.447,17156.0
2025-04-04 16:00:00,160.448,160.84,160.015,160.376,17006.0
2025-04-04 17:00:00,160.367,160.417,159.019,159.872,16281.0
2025-04-04 18:00:00,159.858,160.896,159.829,160.715,17765.0
2025-04-04 19:00:00,160.717,161.005,160.418,160.967,13789.0
2025-04-04 20:00:00,160.967,161.405,160.434,161.193,13637.0
2025-04-07 00:00:00,158.365,159.033,158.04,158.933,1954.0
2025-04-07 01:00:00,158.932,159.824,158.416,159.427,14498.0
2025-04-07 02:00:00,159.424,159.768,159.235,159.738,14514.0
2025-04-07 03:00:00,159.747,159.924,159.169,159.917,16394.0
2025-04-07 04:00:00,159.918,160.558,159.816,160.339,16154.0
2025-04-07 05:00:00,160.339,160.488,160.142,160.335,14246.0
2025-04-07 06:00:00,160.335,160.338,160.038,160.192,11755.0
2025-04-07 07:00:00,160.192,160.38,160.135,160.248,11233.0
2025-04-07 08:00:00,160.247,160.735,160.193,160.585,12162.0
2025-04-07 09:00:00,160.58,160.701,159.746,159.967,14987.0
2025-04-07 10:00:00,159.968,160.555,159.878,160.378,16021.0
2025-04-07 11:00:00,160.379,160.951,160.305,160.722,14489.0
2025-04-07 12:00:00,160.722,160.829,159.903,160.08,12747.0
2025-04-07 13:00:00,160.08,160.923,160.08,160.253,12916.0
2025-04-07 14:00:00,160.25,160.595,159.965,160.567,13430.0
2025-04-07 15:00:00,160.577,161.55,160.394,161.288,15615.0
2025-04-07 16:00:00,161.288,161.294,160.535,160.899,16034.0
2025-04-07 17:00:00,160.904,162.38,160.732,161.165,20565.0
2025-04-07 18:00:00,161.172,161.54,160.717,161.449,18394.0
2025-04-07 19:00:00,161.449,161.768,161.271,161.732,14962.0
2025-04-07 20:00:00,161.732,162.065,161.655,161.829,15098.0
2025-04-07 21:00:00,161.828,161.973,161.443,161.667,15029.0
2025-04-07 22:00:00,161.666,161.742,161.252,161.489,14215.0
2025-04-07 23:00:00,161.493,161.705,161.149,161.222,6612.0
2025-04-08 00:00:00,161.163,161.365,161.045,161.15,417.0
2025-04-08 01:00:00,161.15,161.585,161.145,161.447,5132.0
2025-04-08 02:00:00,161.445,161.585,161.256,161.315,5876.0
2025-04-08 03:00:00,161.311,161.751,161.187,161.485,14109.0
2025-04-08 04:00:00,161.479,161.774,161.369,161.703,13670.0
2025-04-08 05:00:00,161.705,161.769,161.576,161.632,8994.0
2025-04-08 06:00:00,161.632,161.848,161.537,161.817,8840.0
2025-04-08 07:00:00,161.817,162.188,161.81,162.184,7193.0
2025-04-08 08:00:00,162.184,162.207,161.778,161.896,7610.0
2025-04-08 09:00:00,161.895,162.052,161.625,161.626,11266.0
2025-04-08 10:00:00,161.626,161.693,160.882,161.007,13836.0
2025-04-08 11:00:00,161.008,161.332,160.862,161.232,11770.0
2025-04-08 12:00:00,161.232,161.277,160.722,160.724,11510.0
2025-04-08 13:00:00,160.725,160.813,160.446,160.494,10988.0
2025-04-08 14:00:00,160.494,160.842,160.457,160.629,13514.0
2025-04-08 15:00:00,160.63,161.031,160.565,160.753,13812.0
2025-04-08 16:00:00,160.753,161.192,160.539,161.133,13823.0
2025-04-08 17:00:00,161.145,161.188,160.563,160.754,15593.0
2025-04-08 18:00:00,160.754,160.825,160.238,160.429,14223.0
2025-04-08 19:00:00,160.43,160.469,160.062,160.154,14777.0
2025-04-08 20:00:00,160.153,160.355,160.026,160.346,15423.0
2025-04-08 21:00:00,160.347,160.814,160.202,160.329,14472.0
2025-04-08 22:00:00,160.328,160.41,160.028,160.234,12670.0
2025-04-08 23:00:00,160.234,160.44,160.144,160.28,6683.0
2025-04-09 00:00:00,160.152,160.292,159.969,160.215,1461.0
2025-04-09 01:00:00,160.215,160.373,160.077,160.109,6457.0
2025-04-09 02:00:00,160.111,160.169,159.888,160.111,8991.0
2025-04-09 03:00:00,160.111,160.196,159.639,160.166,14545.0
2025-04-09 04:00:00,160.164,160.651,160.13,160.431,13540.0
2025-04-09 05:00:00,160.428,160.805,160.345,160.494,11855.0
2025-04-09 06:00:00,160.494,160.652,160.036,160.152,11323.0
2025-04-09 07:00:00,160.152,160.487,159.892,160.435,14087.0
2025-04-09 08:00:00,160.43,160.72,160.266,160.513,14532.0
2025-04-09 09:00:00,160.513,160.896,160.223,160.362,15345.0
2025-04-09 10:00:00,160.353,160.758,160.164,160.303,16433.0
2025-04-09 11:00:00,160.307,160.437,160.042,160.225,14578.0
2025-04-09 12:00:00,160.226,160.615,159.996,160.546,12161.0
2025-04-09 13:00:00,160.549,160.603,159.883,160.238,12261.0
2025-04-09 14:00:00,160.25,160.258,159.604,159.636,15836.0
2025-04-09 15:00:00,159.633,159.966,159.477,159.842,14771.0
2025-04-09 16:00:00,159.842,160.351,159.705,160.063,15085.0
2025-04-09 17:00:00,160.065,160.152,159.53,159.785,13233.0
2025-04-09 18:00:00,159.787,160.363,159.774,160.164,10570.0
2025-04-09 19:00:00,160.167,160.264,159.651,159.718,8243.0
2025-04-09 20:00:00,159.719,161.632,159.449,161.416,18387.0
2025-04-09 21:00:00,161.418,162.204,161.333,161.652,17156.0
2025-04-09 22:00:00,161.66,162.135,161.533,161.771,12629.0
2025-04-09 23:00:00,161.789,162.044,161.615,161.662,8463.0
2025-04-10 00:00:00,161.669,161.76,161.279,161.33,1258.0
2025-04-10 01:00:00,161.33,161.616,161.3,161.566,9760.0
2025-04-10 02:00:00,161.566,161.721,161.359,161.422,8192.0
2025-04-10 03:00:00,161.42,161.536,161.069,161.198,12841.0
2025-04-10 04:00:00,161.198,161.419,161.083,161.228,12290.0
2025-04-10 05:00:00,161.228,161.309,160.874,161.009,10215.0
2025-04-10 06:00:00,161.009,161.307,160.979,161.247,9370.0
2025-04-10 07:00:00,161.248,161.273,160.88,161.027,9226.0
2025-04-10 08:00:00,161.027,161.21,160.946,161.058,7273.0
2025-04-10 09:00:00,161.058,161.537,161.027,161.512,10248.0
2025-04-10 10:00:00,161.513,161.53,161.09,161.285,12851.0
2025-04-10 11:00:00,161.283,161.735,161.154,161.491,12718.0
2025-04-10 12:00:00,161.491,161.592,161.307,161.478,10632.0
2025-04-10 13:00:00,161.476,161.569,161.088,161.274,9969.0
2025-04-10 14:00:00,161.274,161.421,160.954,161.104,10335.0
2025-04-10 15:00:00,161.105,161.622,161.046,161.411,13067.0
2025-04-10 16:00:00,161.409,161.522,161.107,161.135,13955.0
2025-04-10 17:00:00,161.136,161.817,161.129,161.817,14518.0
2025-04-10 18:00:00,161.815,161.944,161.365,161.535,14801.0
2025-04-10 19:00:00,161.535,161.864,161.325,161.832,15843.0
2025-04-10 20:00:00,161.831,162.308,161.61,162.27,14733.0
2025-04-10 21:00:00,162.267,162.58,162.074,162.155,13828.0
2025-04-10 22:00:00,162.157,162.244,161.61,162.129,12505.0
2025-04-10 23:00:00,162.096,162.1,161.755,161.804,6424.0
2025-04-11 00:00:00,161.681,161.88,161.501,161.673,953.0
2025-04-11 01:00:00,161.702,162.047,161.506,161.871,7089.0
2025-04-11 02:00:00,161.871,161.973,161.525,161.825,10611.0
2025-04-11 03:00:00,161.828,162.643,161.305,162.138,15407.0
2025-04-11 04:00:00,162.138,162.464,161.877,162.276,13528.0
2025-04-11 05:00:00,162.275,162.471,162.09,162.279,12214.0
2025-04-11 06:00:00,162.281,162.595,162.192,162.386,9931.0
2025-04-11 07:00:00,162.386,162.391,161.787,161.824,7062.0
2025-04-11 08:00:00,161.83,162.161,161.713,162.05,9760.0
2025-04-11 09:00:00,162.047,162.455,161.935,162.402,11908.0
2025-04-11 10:00:00,162.404,162.69,162.177,162.318,14277.0
2025-04-11 11:00:00,162.322,163.139,162.084,162.735,16084.0
2025-04-11 12:00:00,162.736,162.739,162.09,162.272,14866.0
2025-04-11 13:00:00,162.272,162.432,161.904,162.109,14338.0
2025-04-11 14:00:00,162.108,162.204,161.513,161.554,12768.0
2025-04-11 15:00:00,161.553,162.452,161.538,162.408,14280.0
2025-04-11 16:00:00,162.408,162.78,162.173,162.457,16449.0
2025-04-11 17:00:00,162.458,162.843,162.327,162.767,16113.0
2025-04-11 18:00:00,162.767,162.938,162.452,162.605,13884.0
2025-04-11 19:00:00,162.603,162.683,162.341,162.556,11830.0
2025-04-11 20:00:00,162.555,162.896,162.535,162.664,12164.0
2025-04-14 00:00:00,162.748,162.933,162.484,162.616,751.0
2025-04-14 01:00:00,162.617,163.279,162.576,162.822,8158.0
2025-04-14 02:00:00,162.822,163.129,162.705,162.976,7136.0
2025-04-14 03:00:00,162.974,163.088,162.35,162.419,11730.0
2025-04-14 04:00:00,162.419,162.579,162.1,162.451,12284.0
2025-04-14 05:00:00,162.451,162.737,162.439,162.58,9031.0
2025-04-14 06:00:00,162.577,162.758,162.445,162.64,7686.0
2025-04-14 07:00:00,162.64,162.782,162.424,162.603,6502.0
2025-04-14 08:00:00,162.603,162.707,162.464,162.538,7304.0
2025-04-14 09:00:00,162.54,162.744,162.393,162.609,11577.0
2025-04-14 10:00:00,162.609,163.008,162.414,162.966,11507.0
2025-04-14 11:00:00,162.966,163.099,162.713,162.743,9312.0
2025-04-14 12:00:00,162.743,163.062,162.718,162.913,8806.0
2025-04-14 13:00:00,162.913,163.111,162.814,162.951,8346.0
2025-04-14 14:00:00,162.948,163.173,162.86,163.063,8433.0
2025-04-14 15:00:00,163.064,163.11,162.789,162.903,9616.0
2025-04-14 16:00:00,162.903,162.919,162.564,162.703,12804.0
2025-04-14 17:00:00,162.704,162.959,162.661,162.883,11847.0
2025-04-14 18:00:00,162.884,162.941,162.364,162.377,11505.0
2025-04-14 19:00:00,162.378,162.549,162.266,162.277,11154.0
2025-04-14 20:00:00,162.277,162.423,162.084,162.219,9310.0
2025-04-14 21:00:00,162.219,162.414,162.193,162.249,6963.0
2025-04-14 22:00:00,162.249,162.583,162.232,162.406,6130.0
2025-04-14 23:00:00,162.406,162.534,162.293,162.308,4067.0
2025-04-15 00:00:00,162.207,162.337,162.154,162.288,475.0
2025-04-15 01:00:00,162.288,162.53,162.274,162.48,2697.0
2025-04-15 02:00:00,162.48,162.57,162.303,162.354,4951.0
2025-04-15 03:00:00,162.35,162.63,162.303,162.579,7339.0
2025-04-15 04:00:00,162.579,162.593,162.32,162.373,6125.0
2025-04-15 05:00:00,162.362,162.5,162.209,162.434,5463.0
2025-04-15 06:00:00,162.443,162.514,162.341,162.415,4352.0
2025-04-15 07:00:00,162.415,162.537,162.367,162.447,4379.0
2025-04-15 08:00:00,162.447,162.597,162.359,162.394,4684.0
2025-04-15 09:00:00,162.394,162.571,162.075,162.42,8397.0
2025-04-15 10:00:00,162.42,162.778,162.326,162.75,8638.0
2025-04-15 11:00:00,162.748,162.802,162.074,162.151,9221.0
2025-04-15 12:00:00,162.148,162.148,161.79,162.068,8310.0
2025-04-15 13:00:00,162.068,162.165,161.976,162.047,6491.0
2025-04-15 14:00:00,162.047,162.144,161.767,161.856,7538.0
2025-04-15 15:00:00,161.857,161.955,161.57,161.639,9664.0
2025-04-15 16:00:00,161.639,162.005,161.557,161.894,10760.0
2025-04-15 17:00:00,161.894,161.909,161.427,161.692,13063.0
2025-04-15 18:00:00,161.691,161.776,161.476,161.544,10058.0
2025-04-15 19:00:00,161.544,161.622,161.302,161.33,7024.0
2025-04-15 20:00:00,161.33,161.452,161.306,161.333,6462.0
2025-04-15 21:00:00,161.339,161.423,161.296,161.394,5207.0
2025-04-15 22:00:00,161.394,161.613,161.38,161.553,4396.0
2025-04-15 23:00:00,161.553,161.638,161.534,161.603,2823.0
2025-04-16 00:00:00,161.45,161.505,161.339,161.433,588.0
2025-04-16 01:00:00,161.433,161.542,161.332,161.514,4785.0
2025-04-16 02:00:00,161.515,161.655,161.503,161.609,5062.0
2025-04-16 03:00:00,161.609,161.671,161.46,161.633,7727.0
2025-04-16 04:00:00,161.633,161.82,161.599,161.642,6118.0
2025-04-16 05:00:00,161.642,161.723,161.454,161.597,4676.0
2025-04-16 06:00:00,161.597,161.67,161.503,161.594,4584.0
2025-04-16 07:00:00,161.596,161.759,161.487,161.755,4381.0
2025-04-16 08:00:00,161.755,161.794,161.386,161.704,7159.0
2025-04-16 09:00:00,161.703,161.935,161.57,161.726,8238.0
2025-04-16 10:00:00,161.726,161.868,161.588,161.736,8878.0
2025-04-16 11:00:00,161.735,162.255,161.598,162.073,11204.0
2025-04-16 12:00:00,162.069,162.262,162.02,162.189,8281.0
2025-04-16 13:00:00,162.189,162.223,162.035,162.117,6843.0
2025-04-16 14:00:00,162.113,162.206,161.946,162.032,6165.0
2025-04-16 15:00:00,162.032,162.1,161.62,161.854,8918.0
2025-04-16 16:00:00,161.852,161.98,161.77,161.836,10281.0
2025-04-16 17:00:00,161.838,162.167,161.783,162.158,10659.0
2025-04-16 18:00:00,162.159,162.281,162.082,162.201,8925.0
2025-04-16 19:00:00,162.2,162.255,162.031,162.076,7422.0
2025-04-16 20:00:00,162.078,162.136,161.829,161.864,8932.0
2025-04-16 21:00:00,161.864,161.95,161.668,161.736,8622.0
2025-04-16 22:00:00,161.736,161.769,161.556,161.743,9514.0
2025-04-16 23:00:00,161.743,161.842,161.558,161.613,4086.0
2025-04-17 00:00:00,161.616,161.616,161.498,161.498,836.0
2025-04-17 01:00:00,161.498,161.752,161.487,161.655,4132.0
2025-04-17 02:00:00,161.653,161.746,161.514,161.695,5948.0
2025-04-17 03:00:00,161.694,162.208,161.621,162.049,10379.0
2025-04-17 04:00:00,162.051,162.237,161.895,162.172,7554.0
2025-04-17 05:00:00,162.172,162.266,161.981,162.172,5460.0
2025-04-17 06:00:00,162.172,162.202,161.977,162.033,4502.0
2025-04-17 07:00:00,162.033,162.145,162.015,162.07,3215.0
2025-04-17 08:00:00,162.071,162.073,161.906,162.008,4764.0
2025-04-17 09:00:00,162.011,162.182,161.96,162.102,6793.0
2025-04-17 10:00:00,162.102,162.571,162.04,162.526,7704.0
2025-04-17 11:00:00,162.526,162.633,162.295,162.312,7467.0
2025-04-17 12:00:00,162.312,162.441,162.248,162.33,6233.0
2025-04-17 13:00:00,162.331,162.372,161.902,161.933,6589.0
2025-04-17 14:00:00,161.933,162.004,161.853,161.905,5751.0
2025-04-17 15:00:00,161.906,162.056,161.461,161.592,10333.0
2025-04-17 16:00:00,161.592,161.833,161.444,161.46,12058.0
2025-04-17 17:00:00,161.46,161.642,161.245,161.369,9869.0
2025-04-17 18:00:00,161.37,161.778,161.362,161.703,8643.0
2025-04-17 19:00:00,161.703,161.878,161.621,161.673,9050.0
2025-04-17 20:00:00,161.673,161.801,161.534,161.784,5923.0
2025-04-17 21:00:00,161.784,162.004,161.776,161.969,6335.0
2025-04-17 22:00:00,161.972,161.989,161.862,161.914,5758.0
2025-04-17 23:00:00,161.915,161.963,161.793,161.848,4179.0
2025-04-18 00:00:00,161.757,161.908,161.687,161.865,875.0
2025-04-18 01:00:00,161.855,161.885,161.747,161.819,4406.0
2025-04-18 02:00:00,161.819,161.917,161.758,161.845,4920.0
2025-04-18 03:00:00,161.844,162.121,161.726,161.94,8974.0
2025-04-18 04:00:00,161.94,161.991,161.829,161.851,19649.0
2025-04-18 05:00:00,161.85,161.949,161.774,161.82,19068.0
2025-04-18 06:00:00,161.819,161.882,161.774,161.849,19496.0
2025-04-18 07:00:00,161.849,161.857,161.789,161.813,18206.0
2025-04-18 08:00:00,161.815,161.934,161.744,161.839,14442.0
2025-04-18 09:00:00,161.836,161.927,161.735,161.756,15033.0
2025-04-18 10:00:00,161.757,161.93,161.684,161.878,14144.0
2025-04-18 11:00:00,161.878,161.894,161.818,161.883,14729.0
2025-04-18 12:00:00,161.883,161.899,161.817,161.86,11139.0
2025-04-18 13:00:00,161.861,161.916,161.849,161.895,11290.0
2025-04-18 14:00:00,161.895,161.988,161.813,161.959,14884.0
2025-04-18 15:00:00,161.956,162.056,161.911,161.973,13137.0
2025-04-18 16:00:00,161.97,161.983,161.862,161.965,8190.0
2025-04-18 17:00:00,161.965,162.164,161.956,162.138,9457.0
2025-04-18 18:00:00,162.138,162.146,161.973,162.012,10822.0
2025-04-18 19:00:00,162.014,162.015,161.881,162.009,9471.0
2025-04-18 20:00:00,162.012,162.104,161.934,161.953,9525.0
2025-04-21 00:00:00,161.829,162.046,161.536,161.853,985.0
2025-04-21 01:00:00,161.831,162.175,161.607,162.047,4164.0
2025-04-21 02:00:00,162.047,162.171,161.871,162.109,8151.0
2025-04-21 03:00:00,162.107,162.235,161.834,161.893,11157.0
2025-04-21 04:00:00,161.893,161.99,161.794,161.806,8229.0
2025-04-21 05:00:00,161.806,162.16,161.645,161.974,8702.0
2025-04-21 06:00:00,161.973,162.179,161.916,162.088,5427.0
2025-04-21 07:00:00,162.088,162.262,162.043,162.132,5658.0
2025-04-21 08:00:00,162.132,162.341,162.078,162.188,6535.0
2025-04-21 09:00:00,162.188,162.234,162.013,162.103,6878.0
2025-04-21 10:00:00,162.096,162.576,161.95,162.416,7569.0
2025-04-21 11:00:00,162.417,162.568,162.301,162.482,7234.0
2025-04-21 12:00:00,162.482,162.671,162.379,162.415,6488.0
2025-04-21 13:00:00,162.413,162.542,162.317,162.465,5648.0
2025-04-21 14:00:00,162.465,162.566,162.348,162.518,7016.0
2025-04-21 15:00:00,162.517,162.545,162.383,162.498,7192.0
2025-04-21 16:00:00,162.498,162.508,162.077,162.122,8942.0
2025-04-21 17:00:00,162.121,162.156,161.778,162.005,9545.0
2025-04-21 18:00:00,162.005,162.061,161.84,162.036,7997.0
2025-04-21 19:00:00,162.036,162.181,161.961,162.094,6233.0
2025-04-21 20:00:00,162.094,162.102,161.906,161.939,5647.0
2025-04-21 21:00:00,161.939,162.094,161.897,161.978,5200.0
2025-04-21 22:00:00,161.978,162.214,161.959,162.171,5239.0
2025-04-21 23:00:00,162.171,162.257,162.103,162.159,2670.0
2025-04-22 00:00:00,162.167,162.19,162.026,162.04,603.0
2025-04-22 01:00:00,162.04,162.207,162.04,162.175,2056.0
2025-04-22 02:00:00,162.175,162.222,162.047,162.204,3909.0
2025-04-22 03:00:00,162.203,162.319,161.819,161.847,7806.0
2025-04-22 04:00:00,161.847,161.982,161.782,161.92,6588.0
2025-04-22 05:00:00,161.92,161.96,161.836,161.917,4304.0
2025-04-22 06:00:00,161.917,161.926,161.628,161.719,6525.0
2025-04-22 07:00:00,161.719,161.721,161.573,161.653,3846.0
2025-04-22 08:00:00,161.653,161.714,161.502,161.506,6393.0
2025-04-22 09:00:00,161.506,161.684,161.343,161.475,8745.0
2025-04-22 10:00:00,161.474,161.542,161.257,161.407,8250.0
2025-04-22 11:00:00,161.404,161.711,161.338,161.59,7958.0
2025-04-22 12:00:00,161.59,161.654,161.357,161.387,6422.0
2025-04-22 13:00:00,161.387,161.426,161.178,161.219,6555.0
2025-04-22 14:00:00,161.216,161.3,161.06,161.101,6192.0
2025-04-22 15:00:00,161.097,161.225,160.984,161.189,7494.0
2025-04-22 16:00:00,161.191,161.603,161.129,161.517,8616.0
2025-04-22 17:00:00,161.518,161.647,161.387,161.517,8660.0
2025-04-22 18:00:00,161.517,161.685,161.404,161.514,7381.0
2025-04-22 19:00:00,161.514,161.676,161.356,161.566,9382.0
2025-04-22 20:00:00,161.566,161.642,161.433,161.577,9270.0
2025-04-22 21:00:00,161.577,161.693,161.538,161.691,5482.0
2025-04-22 22:00:00,161.69,161.793,161.665,161.73,5534.0
2025-04-22 23:00:00,161.731,161.814,161.662,161.715,2757.0
2025-04-23 00:00:00,161.633,161.989,161.436,161.954,2730.0
2025-04-23 01:00:00,161.953,162.427,161.732,162.142,9398.0
2025-04-23 02:00:00,162.14,162.191,161.907,161.977,8657.0
2025-04-23 03:00:00,161.977,162.087,161.811,161.944,9795.0
2025-04-23 04:00:00,161.944,162.004,161.669,161.715,9447.0
2025-04-23 05:00:00,161.714,161.847,161.653,161.822,6920.0
2025-04-23 06:00:00,161.822,161.853,161.683,161.8,6346.0
2025-04-23 07:00:00,161.8,161.817,161.608,161.688,5041.0
2025-04-23 08:00:00,161.688,161.727,161.536,161.636,6237.0
2025-04-23 09:00:00,161.637,161.754,161.242,161.337,8843.0
2025-04-23 10:00:00,161.339,161.672,161.138,161.519,9157.0
2025-04-23 11:00:00,161.518,161.78,161.401,161.765,7825.0
2025-04-23 12:00:00,161.765,162.123,161.737,162.008,7029.0
2025-04-23 13:00:00,162.007,162.021,161.659,161.907,6424.0
2025-04-23 14:00:00,161.907,161.994,161.61,161.637,6664.0
2025-04-23 15:00:00,161.637,161.82,161.581,161.784,6148.0
2025-04-23 16:00:00,161.784,162.056,161.695,161.713,11061.0
2025-04-23 17:00:00,161.71,162.17,161.677,161.937,13061.0
2025-04-23 18:00:00,161.938,161.995,161.758,161.881,12537.0
2025-04-23 19:00:00,161.883,162.355,161.85,162.188,10399.0
2025-04-23 20:00:00,162.188,162.338,162.043,162.285,8375.0
2025-04-23 21:00:00,162.285,162.439,162.264,162.428,7386.0
2025-04-23 22:00:00,162.426,162.464,162.245,162.431,6985.0
2025-04-23 23:00:00,162.432,162.463,162.289,162.299,3591.0
2025-04-24 00:00:00,162.259,162.259,161.819,161.989,1137.0
2025-04-24 01:00:00,161.989,162.231,161.97,162.185,5157.0
2025-04-24 02:00:00,162.185,162.304,162.154,162.237,3638.0
2025-04-24 03:00:00,162.237,162.388,162.022,162.155,7324.0
2025-04-24 04:00:00,162.155,162.292,162.008,162.029,7773.0
2025-04-24 05:00:00,162.029,162.15,161.885,162.128,5468.0
2025-04-24 06:00:00,162.13,162.157,161.927,161.988,4322.0
2025-04-24 07:00:00,161.988,162.016,161.852,161.873,3501.0
2025-04-24 08:00:00,161.873,162.03,161.84,161.866,5108.0
2025-04-24 09:00:00,161.866,162.142,161.865,161.99,6473.0
2025-04-24 10:00:00,161.99,162.319,161.914,162.232,7433.0
2025-04-24 11:00:00,162.231,162.387,162.18,162.329,8339.0
2025-04-24 12:00:00,162.326,162.374,162.163,162.177,6179.0
2025-04-24 13:00:00,162.176,162.211,162.086,162.146,5400.0
2025-04-24 14:00:00,162.146,162.206,162.083,162.177,5795.0
2025-04-24 15:00:00,162.175,162.197,161.864,162.005,7761.0
2025-04-24 16:00:00,162.005,162.118,161.932,162.103,8346.0
2025-04-24 17:00:00,162.103,162.167,161.931,162.031,9256.0
2025-04-24 18:00:00,162.029,162.138,161.971,162.067,8178.0
2025-04-24 19:00:00,162.067,162.377,162.045,162.336,6724.0
2025-04-24 20:00:00,162.335,162.402,162.265,162.338,5287.0
2025-04-24 21:00:00,162.337,162.419,162.287,162.397,4108.0
2025-04-24 22:00:00,162.397,162.488,162.318,162.455,4592.0
2025-04-24 23:00:00,162.455,162.497,162.369,162.431,2856.0
2025-04-25 00:00:00,162.361,162.501,162.268,162.425,1134.0
2025-04-25 01:00:00,162.447,162.591,162.411,162.52,2429.0
2025-04-25 02:00:00,162.519,162.613,162.396,162.472,3302.0
2025-04-25 03:00:00,162.474,162.51,162.335,162.353,6350.0
2025-04-25 04:00:00,162.353,162.38,162.182,162.189,5696.0
2025-04-25 05:00:00,162.189,162.267,162.129,162.249,4574.0
2025-04-25 06:00:00,162.25,162.726,162.216,162.701,6804.0
2025-04-25 07:00:00,162.701,162.882,162.674,162.801,5903.0
2025-04-25 08:00:00,162.801,162.987,162.723,162.756,5735.0
2025-04-25 09:00:00,162.757,162.997,162.718,162.817,7002.0
2025-04-25 10:00:00,162.814,163.153,162.779,162.908,7468.0
2025-04-25 11:00:00,162.908,163.021,162.662,162.79,6334.0
2025-04-25 12:00:00,162.793,162.969,162.668,162.956,6238.0
2025-04-25 13:00:00,162.956,163.07,162.677,162.741,7703.0
2025-04-25 14:00:00,162.741,162.903,162.685,162.735,5400.0
2025-04-25 15:00:00,162.735,162.884,162.721,162.819,5171.0
2025-04-25 16:00:00,162.819,163.285,162.787,163.149,8942.0
2025-04-25 17:00:00,163.164,163.756,163.164,163.696,9620.0
2025-04-25 18:00:00,163.696,163.755,163.483,163.603,6414.0
2025-04-25 19:00:00,163.603,163.69,163.503,163.509,4644.0
2025-04-25 20:00:00,163.509,163.569,163.234,163.294,5393.0
2025-04-28 00:00:00,163.087,163.288,162.942,163.047,158.0
2025-04-28 01:00:00,163.047,163.348,163.047,163.19,3994.0
2025-04-28 02:00:00,163.19,163.244,163.12,163.203,4188.0
2025-04-28 03:00:00,163.203,163.211,163.017,163.063,7167.0
2025-04-28 04:00:00,163.063,163.144,162.891,163.136,6083.0
2025-04-28 05:00:00,163.136,163.259,163.104,163.15,4432.0
2025-04-28 06:00:00,163.15,163.161,163.026,163.066,3246.0
2025-04-28 07:00:00,163.066,163.183,162.944,162.998,3763.0
2025-04-28 08:00:00,162.998,163.305,162.981,163.22,4674.0
2025-04-28 09:00:00,163.22,163.333,162.982,162.998,6669.0
2025-04-28 10:00:00,162.996,163.27,162.989,163.006,7025.0
2025-04-28 11:00:00,163.004,163.077,162.831,162.854,6312.0
2025-04-28 12:00:00,162.842,162.901,162.75,162.823,6028.0
2025-04-28 13:00:00,162.823,162.944,162.767,162.845,5257.0
2025-04-28 14:00:00,162.845,162.849,162.693,162.756,4736.0
2025-04-28 15:00:00,162.756,162.848,162.699,162.717,6119.0
2025-04-28 16:00:00,162.717,162.791,162.553,162.617,7601.0
2025-04-28 17:00:00,162.617,162.77,162.508,162.554,9525.0
2025-04-28 18:00:00,162.553,162.602,162.376,162.491,7246.0
2025-04-28 19:00:00,162.491,162.567,162.331,162.436,6609.0
2025-04-28 20:00:00,162.436,162.446,162.262,162.314,6345.0
2025-04-28 21:00:00,162.314,162.421,162.209,162.227,4696.0
2025-04-28 22:00:00,162.226,162.339,162.208,162.272,4177.0
2025-04-28 23:00:00,162.272,162.321,162.191,162.198,2779.0
2025-04-29 00:00:00,162.204,162.244,162.032,162.222,691.0
2025-04-29 01:00:00,162.222,162.35,162.173,162.295,2258.0
2025-04-29 02:00:00,162.295,162.314,162.182,162.183,3691.0
2025-04-29 03:00:00,162.183,162.278,162.026,162.133,5609.0
2025-04-29 04:00:00,162.133,162.234,162.117,162.224,5439.0
2025-04-29 05:00:00,162.224,162.315,162.209,162.274,5227.0
2025-04-29 06:00:00,162.274,162.278,162.165,162.218,4939.0
2025-04-29 07:00:00,162.218,162.269,162.128,162.152,4105.0
2025-04-29 08:00:00,162.152,162.218,162.085,162.186,4908.0
2025-04-29 09:00:00,162.187,162.321,162.146,162.244,5707.0
2025-04-29 10:00:00,162.248,162.476,162.204,162.36,7691.0
2025-04-29 11:00:00,162.358,162.382,162.109,162.328,6330.0
2025-04-29 12:00:00,162.331,162.543,162.305,162.432,5692.0
2025-04-29 13:00:00,162.433,162.457,162.272,162.3,5344.0
2025-04-29 14:00:00,162.301,162.372,162.277,162.342,4855.0
2025-04-29 15:00:00,162.341,162.456,162.206,162.361,7560.0
2025-04-29 16:00:00,162.362,162.368,162.009,162.075,9393.0
2025-04-29 17:00:00,162.075,162.204,161.944,162.045,10090.0
2025-04-29 18:00:00,162.045,162.196,161.999,162.144,8091.0
2025-04-29 19:00:00,162.145,162.193,161.93,161.967,6855.0
2025-04-29 20:00:00,161.966,162.047,161.888,161.993,5265.0
2025-04-29 21:00:00,161.993,162.064,161.909,161.938,4588.0
2025-04-29 22:00:00,161.939,161.995,161.896,161.961,3922.0
2025-04-29 23:00:00,161.962,162.19,161.948,162.047,3038.0
2025-04-30 00:00:00,161.943,162.123,161.788,161.892,1187.0
2025-04-30 01:00:00,161.892,162.089,161.887,161.996,2600.0
2025-04-30 02:00:00,161.996,162.023,161.886,161.969,2969.0
2025-04-30 03:00:00,161.969,162.073,161.908,162.049,5791.0
2025-04-30 04:00:00,162.049,162.069,161.717,161.732,5304.0
2025-04-30 05:00:00,161.732,161.92,161.723,161.914,4059.0
2025-04-30 06:00:00,161.913,161.996,161.825,161.951,3430.0
2025-04-30 07:00:00,161.952,162.055,161.923,162.02,3120.0
2025-04-30 08:00:00,162.019,162.138,162.005,162.133,2866.0
2025-04-30 09:00:00,162.133,162.421,162.106,162.328,5572.0
2025-04-30 10:00:00,162.328,162.471,162.235,162.416,6228.0
2025-04-30 11:00:00,162.415,162.485,162.291,162.429,6064.0
2025-04-30 12:00:00,162.428,162.653,162.427,162.533,4962.0
2025-04-30 13:00:00,162.533,162.624,162.433,162.482,4571.0
2025-04-30 14:00:00,162.482,162.619,162.448,162.583,5537.0
2025-04-30 15:00:00,162.583,162.619,162.256,162.373,8944.0
2025-04-30 16:00:00,162.367,162.37,162.104,162.13,9247.0
2025-04-30 17:00:00,162.129,162.427,162.018,162.066,10519.0
2025-04-30 18:00:00,162.066,162.151,161.708,161.79,10309.0
2025-04-30 19:00:00,161.79,161.998,161.786,161.947,6878.0
2025-04-30 20:00:00,161.947,162.137,161.929,161.987,5136.0
2025-04-30 21:00:00,161.986,162.222,161.952,161.965,6472.0
2025-04-30 22:00:00,161.965,162.001,161.803,161.847,5109.0
2025-04-30 23:00:00,161.85,162.102,161.832,161.993,4715.0
2025-05-01 00:00:00,161.911,162.042,161.813,161.934,733.0
2025-05-01 01:00:00,161.934,162.117,161.934,161.996,3018.0
2025-05-01 02:00:00,161.996,162.024,161.888,161.956,2567.0
2025-05-01 03:00:00,161.953,162.018,161.825,161.926,4662.0
2025-05-01 04:00:00,161.926,161.979,161.809,161.958,3652.0
2025-05-01 05:00:00,161.956,161.957,161.876,161.927,2658.0
2025-05-01 06:00:00,161.931,162.601,161.83,162.565,4949.0
2025-05-01 07:00:00,162.565,162.736,162.565,162.644,3707.0
2025-05-01 08:00:00,162.644,162.879,162.621,162.793,5359.0
2025-05-01 09:00:00,162.793,163.443,162.784,163.439,6890.0
2025-05-01 10:00:00,163.439,163.471,163.122,163.3,6153.0
2025-05-01 11:00:00,163.299,163.49,163.261,163.273,4905.0
2025-05-01 12:00:00,163.274,163.454,163.195,163.39,4469.0
2025-05-01 13:00:00,163.39,163.565,163.358,163.514,4338.0
2025-05-01 14:00:00,163.513,163.628,163.452,163.572,5417.0
2025-05-01 15:00:00,163.574,163.865,163.405,163.762,7984.0
2025-05-01 16:00:00,163.762,163.842,163.625,163.625,8532.0
2025-05-01 17:00:00,163.626,164.068,163.609,164.0,10329.0
2025-05-01 18:00:00,164.0,164.15,163.856,164.108,7655.0
2025-05-01 19:00:00,164.108,164.206,164.022,164.179,6245.0
2025-05-01 20:00:00,164.18,164.282,164.089,164.219,4445.0
2025-05-01 21:00:00,164.219,164.446,164.212,164.429,5234.0
2025-05-01 22:00:00,164.43,164.457,164.295,164.313,4081.0
2025-05-01 23:00:00,164.313,164.338,164.133,164.165,3079.0
2025-05-02 00:00:00,164.133,164.183,163.951,163.986,426.0
2025-05-02 01:00:00,163.992,164.199,163.983,164.182,2234.0
2025-05-02 02:00:00,164.184,164.456,164.177,164.272,2567.0
2025-05-02 03:00:00,164.271,164.635,164.221,164.599,7201.0
2025-05-02 04:00:00,164.599,164.606,164.267,164.301,5471.0
2025-05-02 05:00:00,164.301,164.376,164.244,164.311,4095.0
2025-05-02 06:00:00,164.312,164.358,164.238,164.307,3682.0
2025-05-02 07:00:00,164.307,164.393,164.258,164.369,4940.0
2025-05-02 08:00:00,164.369,164.38,164.218,164.269,4565.0
2025-05-02 09:00:00,164.268,164.522,164.22,164.475,6811.0
2025-05-02 10:00:00,164.475,164.498,164.325,164.42,6670.0
2025-05-02 11:00:00,164.42,164.43,164.144,164.144,6094.0
2025-05-02 12:00:00,164.148,164.201,163.989,164.117,6709.0
2025-05-02 13:00:00,164.116,164.187,163.942,163.947,5469.0
2025-05-02 14:00:00,163.947,164.048,163.773,164.04,6329.0
2025-05-02 15:00:00,164.041,164.041,163.6,163.74,10453.0
2025-05-02 16:00:00,163.741,163.762,163.457,163.636,11546.0
2025-05-02 17:00:00,163.636,163.801,163.575,163.741,10026.0
2025-05-02 18:00:00,163.74,163.823,163.673,163.756,8240.0
2025-05-02 19:00:00,163.756,163.968,163.743,163.792,7613.0
2025-05-02 20:00:00,163.791,163.815,163.59,163.622,6241.0
2025-05-05 00:00:00,163.441,163.716,163.441,163.643,656.0
2025-05-05 01:00:00,163.646,163.897,163.571,163.676,3230.0
2025-05-05 02:00:00,163.677,163.81,163.661,163.772,2993.0
2025-05-05 03:00:00,163.772,163.861,163.706,163.781,4287.0
2025-05-05 04:00:00,163.779,163.779,163.411,163.5,5905.0
2025-05-05 05:00:00,163.5,163.557,163.433,163.53,4028.0
2025-05-05 06:00:00,163.53,163.565,163.449,163.526,3011.0
2025-05-05 07:00:00,163.525,163.536,163.39,163.44,3211.0
2025-05-05 08:00:00,163.44,163.476,163.367,163.418,3974.0
2025-05-05 09:00:00,163.418,163.52,163.411,163.471,5775.0
2025-05-05 10:00:00,163.468,163.499,163.294,163.327,5130.0
2025-05-05 11:00:00,163.327,163.343,163.073,163.166,6070.0
2025-05-05 12:00:00,163.166,163.24,163.125,163.17,5563.0
2025-05-05 13:00:00,163.17,163.327,163.104,163.324,5090.0
2025-05-05 14:00:00,163.325,163.367,163.157,163.175,5015.0
2025-05-05 15:00:00,163.175,163.306,163.141,163.18,6430.0
2025-05-05 16:00:00,163.18,163.238,163.061,163.087,6270.0
2025-05-05 17:00:00,163.086,163.295,162.999,163.039,8916.0
2025-05-05 18:00:00,163.031,163.08,162.774,162.912,6444.0
2025-05-05 19:00:00,162.912,163.061,162.837,162.958,4729.0
2025-05-05 20:00:00,162.958,162.982,162.814,162.839,3291.0
2025-05-05 21:00:00,162.84,162.936,162.82,162.83,3295.0
2025-05-05 22:00:00,162.83,162.863,162.671,162.682,3996.0
2025-05-05 23:00:00,162.682,162.7,162.566,162.585,2302.0
2025-05-06 00:00:00,162.579,162.671,162.488,162.606,2163.0
2025-05-06 01:00:00,162.609,162.7,162.543,162.642,1603.0
2025-05-06 02:00:00,162.642,162.663,162.432,162.564,1895.0
2025-05-06 03:00:00,162.563,162.601,162.382,162.524,4788.0
2025-05-06 04:00:00,162.524,162.787,162.501,162.684,5564.0
2025-05-06 05:00:00,162.684,162.713,162.526,162.619,4470.0
2025-05-06 06:00:00,162.621,162.717,162.569,162.697,3370.0
2025-05-06 07:00:00,162.697,162.763,162.642,162.747,2487.0
2025-05-06 08:00:00,162.746,162.769,162.707,162.75,2965.0
2025-05-06 09:00:00,162.75,162.952,162.714,162.75,5309.0
2025-05-06 10:00:00,162.749,162.83,162.427,162.522,7578.0
2025-05-06 11:00:00,162.525,162.531,162.06,162.135,7593.0
2025-05-06 12:00:00,162.135,162.158,162.013,162.098,5441.0
2025-05-06 13:00:00,162.098,162.143,162.003,162.03,4589.0
2025-05-06 14:00:00,162.03,162.103,161.706,161.732,5328.0
2025-05-06 15:00:00,161.732,161.87,161.601,161.619,6470.0
2025-05-06 16:00:00,161.619,161.905,161.598,161.745,7578.0
2025-05-06 17:00:00,161.745,162.139,161.687,162.02,8079.0
2025-05-06 18:00:00,162.017,162.116,161.927,161.96,5617.0
2025-05-06 19:00:00,161.96,162.1,161.834,161.984,6126.0
2025-05-06 20:00:00,161.983,162.091,161.948,161.959,4849.0
2025-05-06 21:00:00,161.959,162.029,161.898,161.985,4522.0
2025-05-06 22:00:00,161.985,162.081,161.912,161.946,4145.0
2025-05-06 23:00:00,161.945,162.082,161.864,161.89,2729.0
2025-05-07 00:00:00,161.832,161.993,161.815,161.939,1049.0
2025-05-07 01:00:00,161.943,162.493,161.927,162.475,6414.0
2025-05-07 02:00:00,162.475,162.476,162.198,162.268,4858.0
2025-05-07 03:00:00,162.268,162.352,162.095,162.125,7992.0
2025-05-07 04:00:00,162.125,162.226,162.006,162.179,7807.0
2025-05-07 05:00:00,162.179,162.384,162.179,162.319,5592.0
2025-05-07 06:00:00,162.319,162.394,162.284,162.368,3776.0
2025-05-07 07:00:00,162.368,162.583,162.324,162.535,3092.0
2025-05-07 08:00:00,162.535,162.609,162.501,162.591,3840.0
2025-05-07 09:00:00,162.592,162.63,162.451,162.494,5362.0
2025-05-07 10:00:00,162.494,162.807,162.464,162.683,6248.0
2025-05-07 11:00:00,162.685,163.017,162.678,162.786,5579.0
2025-05-07 12:00:00,162.786,162.841,162.7,162.763,5092.0
2025-05-07 13:00:00,162.76,162.842,162.646,162.811,3971.0
2025-05-07 14:00:00,162.812,162.983,162.758,162.855,3852.0
2025-05-07 15:00:00,162.855,162.97,162.759,162.841,5072.0
2025-05-07 16:00:00,162.841,162.88,162.62,162.785,7231.0
2025-05-07 17:00:00,162.785,162.902,162.7,162.899,6645.0
2025-05-07 18:00:00,162.899,162.9,162.636,162.807,6816.0
2025-05-07 19:00:00,162.807,162.858,162.737,162.761,4949.0
2025-05-07 20:00:00,162.761,162.766,162.536,162.536,4674.0
2025-05-07 21:00:00,162.536,162.864,162.382,162.662,10624.0
2025-05-07 22:00:00,162.662,162.764,162.558,162.608,10267.0
2025-05-07 23:00:00,162.608,162.654,162.48,162.515,3364.0
2025-05-08 00:00:00,162.483,162.636,162.468,162.617,787.0
2025-05-08 01:00:00,162.617,162.656,162.525,162.607,2667.0
2025-05-08 02:00:00,162.607,162.671,162.549,162.609,2208.0
2025-05-08 03:00:00,162.609,162.777,162.535,162.698,6001.0
2025-05-08 04:00:00,162.698,162.735,162.532,162.618,7420.0
2025-05-08 05:00:00,162.616,162.745,162.591,162.676,5198.0
2025-05-08 06:00:00,162.676,162.752,162.58,162.663,3888.0
2025-05-08 07:00:00,162.663,162.763,162.633,162.726,2971.0
2025-05-08 08:00:00,162.726,162.801,162.636,162.693,5069.0
2025-05-08 09:00:00,162.693,162.961,162.584,162.931,7348.0
2025-05-08 10:00:00,162.929,163.128,162.82,163.047,6967.0
2025-05-08 11:00:00,163.047,163.506,163.012,163.458,6748.0
2025-05-08 12:00:00,163.459,163.608,163.391,163.403,5431.0
2025-05-08 13:00:00,163.404,163.526,163.378,163.423,5337.0
2025-05-08 14:00:00,163.423,163.521,163.251,163.389,6423.0
2025-05-08 15:00:00,163.39,163.666,163.342,163.492,7941.0
2025-05-08 16:00:00,163.494,163.559,163.299,163.42,8447.0
2025-05-08 17:00:00,163.424,163.673,163.416,163.553,8703.0
2025-05-08 18:00:00,163.552,163.735,163.468,163.626,10827.0
2025-05-08 19:00:00,163.625,163.676,163.511,163.591,8016.0
2025-05-08 20:00:00,163.59,163.691,163.52,163.592,5676.0
2025-05-08 21:00:00,163.59,163.772,163.563,163.744,4271.0
2025-05-08 22:00:00,163.744,163.905,163.721,163.812,5741.0
2025-05-08 23:00:00,163.811,163.855,163.721,163.827,2656.0
2025-05-09 00:00:00,163.775,163.812,163.668,163.786,1552.0
2025-05-09 01:00:00,163.787,163.832,163.719,163.794,2401.0
2025-05-09 02:00:00,163.794,163.939,163.759,163.863,2728.0
2025-05-09 03:00:00,163.863,163.921,163.543,163.574,6750.0
2025-05-09 04:00:00,163.574,163.615,163.401,163.42,6083.0
2025-05-09 05:00:00,163.42,163.543,163.375,163.415,5199.0
2025-05-09 06:00:00,163.415,163.544,163.322,163.472,4799.0
2025-05-09 07:00:00,163.472,163.476,163.328,163.368,3547.0
2025-05-09 08:00:00,163.368,163.42,163.311,163.399,3765.0
2025-05-09 09:00:00,163.399,163.494,163.315,163.319,5279.0
2025-05-09 10:00:00,163.319,163.536,163.235,163.336,5982.0
2025-05-09 11:00:00,163.339,163.48,163.242,163.427,5516.0
2025-05-09 12:00:00,163.43,163.5,163.275,163.42,4509.0
2025-05-09 13:00:00,163.42,163.494,163.353,163.393,4036.0
2025-05-09 14:00:00,163.391,163.443,163.157,163.334,5748.0
2025-05-09 15:00:00,163.334,163.503,163.316,163.465,5073.0
2025-05-09 16:00:00,163.465,163.541,163.344,163.424,6561.0
2025-05-09 17:00:00,163.424,163.626,163.34,163.387,8209.0
2025-05-09 18:00:00,163.387,163.642,163.377,163.584,6858.0
2025-05-09 19:00:00,163.584,163.632,163.526,163.566,5128.0
2025-05-09 20:00:00,163.565,163.626,163.537,163.566,3961.0
2025-05-12 00:00:00,163.575,164.006,163.53,163.868,1207.0
2025-05-12 01:00:00,163.862,163.994,163.685,163.712,4166.0
2025-05-12 02:00:00,163.715,163.827,163.67,163.75,3549.0
2025-05-12 03:00:00,163.749,164.09,163.737,163.982,6393.0
2025-05-12 04:00:00,163.982,164.205,163.931,164.01,6703.0
2025-05-12 05:00:00,164.01,164.014,163.726,163.766,4838.0
2025-05-12 06:00:00,163.766,163.837,163.696,163.703,3704.0
2025-05-12 07:00:00,163.702,163.848,163.689,163.836,2827.0
2025-05-12 08:00:00,163.836,163.91,163.793,163.856,3461.0
2025-05-12 09:00:00,163.856,163.99,163.856,163.92,5782.0
2025-05-12 10:00:00,163.92,164.302,163.788,164.259,13868.0
2025-05-12 11:00:00,164.259,164.602,164.171,164.563,11180.0
2025-05-12 12:00:00,164.563,164.687,164.452,164.632,7597.0
2025-05-12 13:00:00,164.635,164.657,164.417,164.427,8088.0
2025-05-12 14:00:00,164.427,164.556,164.285,164.312,8390.0
2025-05-12 15:00:00,164.315,164.654,164.312,164.538,7540.0
2025-05-12 16:00:00,164.538,164.724,164.48,164.656,8805.0
2025-05-12 17:00:00,164.656,164.922,164.589,164.676,10024.0
2025-05-12 18:00:00,164.674,164.743,164.431,164.466,7754.0
2025-05-12 19:00:00,164.468,164.698,164.446,164.62,5690.0
2025-05-12 20:00:00,164.62,164.693,164.501,164.522,4987.0
2025-05-12 21:00:00,164.522,164.545,164.42,164.499,4583.0
2025-05-12 22:00:00,164.498,164.591,164.436,164.59,4017.0
2025-05-12 23:00:00,164.59,164.691,164.563,164.588,2021.0
2025-05-13 00:00:00,164.553,164.62,164.398,164.513,1227.0
2025-05-13 01:00:00,164.513,164.644,164.493,164.592,1861.0
2025-05-13 02:00:00,164.592,164.664,164.488,164.506,2784.0
2025-05-13 03:00:00,164.506,164.506,164.134,164.141,6024.0
2025-05-13 04:00:00,164.141,164.334,164.139,164.198,6049.0
2025-05-13 05:00:00,164.197,164.303,164.179,164.276,3841.0
2025-05-13 06:00:00,164.276,164.305,164.195,164.25,3213.0
2025-05-13 07:00:00,164.25,164.342,164.19,164.198,3145.0
2025-05-13 08:00:00,164.198,164.32,164.141,164.234,3664.0
2025-05-13 09:00:00,164.234,164.438,164.226,164.382,5758.0
2025-05-13 10:00:00,164.381,164.491,164.265,164.353,7132.0
2025-05-13 11:00:00,164.35,164.42,164.181,164.357,6224.0
2025-05-13 12:00:00,164.365,164.419,164.296,164.361,5040.0
2025-05-13 13:00:00,164.363,164.457,164.302,164.416,4487.0
2025-05-13 14:00:00,164.416,164.546,164.394,164.514,4068.0
2025-05-13 15:00:00,164.514,164.756,164.473,164.725,7699.0
2025-05-13 16:00:00,164.725,164.803,164.608,164.676,8980.0
2025-05-13 17:00:00,164.676,165.068,164.647,165.01,8438.0
2025-05-13 18:00:00,165.01,165.214,164.935,165.121,7367.0
2025-05-13 19:00:00,165.123,165.128,164.879,164.967,5421.0
2025-05-13 20:00:00,164.967,165.046,164.941,164.985,3837.0
2025-05-13 21:00:00,164.985,165.049,164.918,164.982,3995.0
2025-05-13 22:00:00,164.982,165.035,164.925,164.969,3733.0
2025-05-13 23:00:00,164.968,165.058,164.912,164.951,1973.0
2025-05-14 00:00:00,164.949,164.963,164.84,164.931,1015.0
2025-05-14 01:00:00,164.931,165.013,164.853,164.994,1829.0
2025-05-14 02:00:00,164.988,165.043,164.923,165.017,2327.0
2025-05-14 03:00:00,165.018,165.164,164.87,164.936,5281.0
2025-05-14 04:00:00,164.935,164.951,164.599,164.699,5855.0
2025-05-14 05:00:00,164.703,164.746,164.583,164.695,4248.0
2025-05-14 06:00:00,164.694,164.716,164.525,164.67,3608.0
2025-05-14 07:00:00,164.67,164.717,164.398,164.417,3611.0
2025-05-14 08:00:00,164.416,164.519,164.308,164.512,3734.0
2025-05-14 09:00:00,164.517,164.691,164.497,164.646,5344.0
2025-05-14 10:00:00,164.646,164.832,164.556,164.832,6375.0
2025-05-14 11:00:00,164.833,164.837,164.35,164.368,9278.0
2025-05-14 12:00:00,164.369,164.398,163.975,164.151,8586.0
2025-05-14 13:00:00,164.151,164.151,163.833,163.888,5870.0
2025-05-14 14:00:00,163.888,164.003,163.847,163.971,5532.0
2025-05-14 15:00:00,163.972,164.168,163.952,164.11,6572.0
2025-05-14 16:00:00,164.11,164.149,163.741,163.81,8167.0
2025-05-14 17:00:00,163.81,164.095,163.734,164.048,8936.0
2025-05-14 18:00:00,164.045,164.237,163.983,164.214,7589.0
2025-05-14 19:00:00,164.214,164.425,164.117,164.142,6569.0
2025-05-14 20:00:00,164.142,164.144,163.924,164.011,5151.0
2025-05-14 21:00:00,164.011,164.102,163.954,164.012,4463.0
2025-05-14 22:00:00,164.012,164.05,163.955,163.964,4404.0
2025-05-14 23:00:00,163.963,164.02,163.928,163.941,2135.0
2025-05-15 00:00:00,163.963,164.065,163.817,163.85,926.0
2025-05-15 01:00:00,163.85,163.993,163.85,163.961,1503.0
2025-05-15 02:00:00,163.961,163.999,163.82,163.96,2644.0
2025-05-15 03:00:00,163.96,164.068,163.608,163.635,5368.0
2025-05-15 04:00:00,163.637,163.787,163.56,163.746,5474.0
2025-05-15 05:00:00,163.742,163.836,163.669,163.7,4046.0
2025-05-15 06:00:00,163.7,163.74,163.459,163.578,3561.0
2025-05-15 07:00:00,163.578,163.617,163.459,163.521,3092.0
2025-05-15 08:00:00,163.521,163.542,163.333,163.403,4304.0
2025-05-15 09:00:00,163.404,163.511,163.258,163.399,6257.0
2025-05-15 10:00:00,163.396,163.515,163.305,163.352,6838.0
2025-05-15 11:00:00,163.352,163.461,163.278,163.396,5471.0
2025-05-15 12:00:00,163.396,163.541,163.347,163.484,4484.0
2025-05-15 13:00:00,163.484,163.575,163.402,163.495,4329.0
2025-05-15 14:00:00,163.495,163.503,163.268,163.365,5047.0
2025-05-15 15:00:00,163.365,163.58,163.213,163.444,7280.0
2025-05-15 16:00:00,163.442,163.469,163.247,163.31,9129.0
2025-05-15 17:00:00,163.309,163.359,163.015,163.167,8768.0
2025-05-15 18:00:00,163.167,163.201,162.913,162.922,6706.0
2025-05-15 19:00:00,162.922,162.95,162.747,162.81,5050.0
2025-05-15 20:00:00,162.818,162.893,162.774,162.824,4128.0
2025-05-15 21:00:00,162.825,162.851,162.774,162.832,3687.0
2025-05-15 22:00:00,162.832,162.869,162.757,162.858,3542.0
2025-05-15 23:00:00,162.856,162.953,162.84,162.93,1910.0
2025-05-16 00:00:00,162.938,162.946,162.794,162.89,1016.0
2025-05-16 01:00:00,162.89,162.956,162.79,162.806,2103.0
2025-05-16 02:00:00,162.806,163.022,162.774,162.929,2392.0
2025-05-16 03:00:00,162.929,162.96,162.476,162.572,6221.0
2025-05-16 04:00:00,162.573,162.707,162.46,162.653,5132.0
2025-05-16 05:00:00,162.653,162.91,162.607,162.893,3751.0
2025-05-16 06:00:00,162.893,162.924,162.684,162.704,3006.0
2025-05-16 07:00:00,162.703,162.802,162.637,162.79,2853.0
2025-05-16 08:00:00,162.788,162.913,162.76,162.877,3105.0
2025-05-16 09:00:00,162.877,162.976,162.643,162.646,4719.0
2025-05-16 10:00:00,162.645,162.798,162.532,162.788,5878.0
2025-05-16 11:00:00,162.789,162.888,162.723,162.727,5082.0
2025-05-16 12:00:00,162.727,163.027,162.69,162.95,4627.0
2025-05-16 13:00:00,162.947,163.002,162.812,162.992,4254.0
2025-05-16 14:00:00,162.998,163.108,162.956,163.041,4075.0
2025-05-16 15:00:00,163.042,163.095,162.911,162.934,4705.0
2025-05-16 16:00:00,162.934,163.017,162.836,162.973,5417.0
2025-05-16 17:00:00,162.97,163.106,162.795,162.811,8408.0
2025-05-16 18:00:00,162.811,162.878,162.668,162.677,5339.0
2025-05-16 19:00:00,162.676,162.698,162.544,162.65,4021.0
2025-05-16 20:00:00,162.65,162.699,162.6,162.625,2845.0
2025-05-19 00:00:00,162.17,162.517,162.17,162.509,794.0
2025-05-19 01:00:00,162.508,162.523,162.257,162.44,3499.0
2025-05-19 02:00:00,162.44,162.657,162.424,162.503,2892.0
2025-05-19 03:00:00,162.504,162.568,162.2,162.258,6733.0
2025-05-19 04:00:00,162.259,162.356,162.146,162.209,6077.0
2025-05-19 05:00:00,162.208,162.405,162.197,162.396,5085.0
2025-05-19 06:00:00,162.396,162.437,162.312,162.396,3502.0
2025-05-19 07:00:00,162.399,162.537,162.386,162.516,3136.0
2025-05-19 08:00:00,162.517,162.521,162.364,162.374,3107.0
2025-05-19 09:00:00,162.374,162.601,162.34,162.526,5134.0
2025-05-19 10:00:00,162.527,162.806,162.469,162.791,7595.0
2025-05-19 11:00:00,162.791,163.102,162.79,163.095,6166.0
2025-05-19 12:00:00,163.094,163.383,163.053,163.36,6227.0
2025-05-19 13:00:00,163.36,163.381,163.186,163.313,5301.0
2025-05-19 14:00:00,163.313,163.387,163.253,163.346,5246.0
2025-05-19 15:00:00,163.346,163.362,163.205,163.246,5389.0
2025-05-19 16:00:00,163.248,163.304,163.114,163.132,7435.0
2025-05-19 17:00:00,163.134,163.288,163.021,163.066,7492.0
2025-05-19 18:00:00,163.066,163.091,162.901,162.917,6050.0
2025-05-19 19:00:00,162.917,163.014,162.89,162.897,4389.0
2025-05-19 20:00:00,162.897,162.914,162.841,162.884,3721.0
2025-05-19 21:00:00,162.884,162.891,162.831,162.88,3496.0
2025-05-19 22:00:00,162.88,162.881,162.772,162.81,2702.0
2025-05-19 23:00:00,162.811,162.9,162.768,162.81,2333.0
2025-05-20 00:00:00,162.76,162.885,162.725,162.839,732.0
2025-05-20 01:00:00,162.838,162.935,162.811,162.853,1803.0
2025-05-20 02:00:00,162.853,162.87,162.741,162.843,1933.0
2025-05-20 03:00:00,162.843,163.284,162.84,163.109,5235.0
2025-05-20 04:00:00,163.109,163.114,162.78,162.841,5869.0
2025-05-20 05:00:00,162.842,163.134,162.784,162.996,3328.0
2025-05-20 06:00:00,162.996,163.033,162.82,162.843,3857.0
2025-05-20 07:00:00,162.84,162.861,162.737,162.753,3552.0
2025-05-20 08:00:00,162.754,162.791,162.416,162.493,5623.0
2025-05-20 09:00:00,162.492,162.686,162.451,162.67,6014.0
2025-05-20 10:00:00,162.671,162.725,162.46,162.52,7126.0
2025-05-20 11:00:00,162.52,162.667,162.427,162.666,5992.0
2025-05-20 12:00:00,162.671,162.767,162.599,162.62,4672.0
2025-05-20 13:00:00,162.619,162.664,162.528,162.593,3915.0
2025-05-20 14:00:00,162.593,162.709,162.507,162.608,4365.0
2025-05-20 15:00:00,162.609,162.705,162.46,162.688,5401.0
2025-05-20 16:00:00,162.688,162.987,162.667,162.9,7209.0
2025-05-20 17:00:00,162.901,162.969,162.799,162.902,8110.0
2025-05-20 18:00:00,162.902,162.941,162.792,162.855,5436.0
2025-05-20 19:00:00,162.856,163.014,162.804,163.01,4139.0
2025-05-20 20:00:00,163.01,163.155,163.002,163.069,3739.0
2025-05-20 21:00:00,163.069,163.118,162.923,162.943,4223.0
2025-05-20 22:00:00,162.945,163.067,162.907,163.053,3315.0
2025-05-20 23:00:00,163.053,163.08,162.995,163.051,1803.0
2025-05-21 00:00:00,163.034,163.077,162.901,162.965,682.0
2025-05-21 01:00:00,162.965,163.023,162.7,162.928,2760.0
2025-05-21 02:00:00,162.928,162.986,162.865,162.91,2245.0
2025-05-21 03:00:00,162.91,162.992,162.767,162.849,5741.0
2025-05-21 04:00:00,162.85,162.995,162.77,162.936,5473.0
2025-05-21 05:00:00,162.936,163.091,162.872,162.887,5077.0
2025-05-21 06:00:00,162.887,163.008,162.868,162.974,3883.0
2025-05-21 07:00:00,162.973,162.998,162.801,162.846,2948.0
2025-05-21 08:00:00,162.85,162.891,162.663,162.693,3845.0
2025-05-21 09:00:00,162.695,162.967,162.695,162.862,7137.0
2025-05-21 10:00:00,162.859,163.057,162.753,162.953,6794.0
2025-05-21 11:00:00,162.952,163.217,162.942,163.179,5601.0
2025-05-21 12:00:00,163.179,163.25,163.095,163.202,4748.0
2025-05-21 13:00:00,163.202,163.307,162.899,162.899,6568.0
2025-05-21 14:00:00,162.899,162.972,162.757,162.778,5834.0
2025-05-21 15:00:00,162.783,162.879,162.699,162.865,6706.0
2025-05-21 16:00:00,162.867,162.97,162.782,162.928,7341.0
2025-05-21 17:00:00,162.933,163.108,162.885,162.936,8239.0
2025-05-21 18:00:00,162.934,163.034,162.837,162.977,6613.0
2025-05-21 19:00:00,162.977,163.065,162.904,162.909,4307.0
2025-05-21 20:00:00,162.909,163.012,162.721,162.833,9518.0
2025-05-21 21:00:00,162.833,162.834,162.747,162.788,6492.0
2025-05-21 22:00:00,162.788,162.844,162.626,162.639,6145.0
2025-05-21 23:00:00,162.639,162.799,162.634,162.781,2373.0
2025-05-22 00:00:00,162.665,162.785,162.591,162.727,1081.0
2025-05-22 01:00:00,162.727,163.417,162.725,163.056,3746.0
2025-05-22 02:00:00,163.056,163.058,162.793,162.835,3159.0
2025-05-22 03:00:00,162.833,162.878,162.375,162.512,7257.0
2025-05-22 04:00:00,162.513,162.57,162.374,162.529,6125.0
2025-05-22 05:00:00,162.537,162.571,162.328,162.36,4651.0
2025-05-22 06:00:00,162.361,162.448,162.315,162.421,3750.0
2025-05-22 07:00:00,162.421,162.424,162.34,162.402,3117.0
2025-05-22 08:00:00,162.403,162.514,162.301,162.493,3506.0
2025-05-22 09:00:00,162.486,162.486,162.227,162.29,5999.0
2025-05-22 10:00:00,162.291,162.339,161.804,161.955,7839.0
2025-05-22 11:00:00,161.955,162.156,161.83,161.933,7659.0
2025-05-22 12:00:00,161.933,162.122,161.899,162.05,6088.0
2025-05-22 13:00:00,162.05,162.292,161.953,162.215,4830.0
2025-05-22 14:00:00,162.215,162.439,162.105,162.124,6489.0
2025-05-22 15:00:00,162.124,162.216,162.037,162.146,7766.0
2025-05-22 16:00:00,162.146,162.437,162.146,162.348,9268.0
2025-05-22 17:00:00,162.348,162.502,162.061,162.122,9925.0
2025-05-22 18:00:00,162.121,162.364,162.121,162.326,8115.0
2025-05-22 19:00:00,162.323,162.541,162.3,162.306,6085.0
2025-05-22 20:00:00,162.309,162.544,162.294,162.502,6059.0
2025-05-22 21:00:00,162.508,162.608,162.506,162.574,4183.0
2025-05-22 22:00:00,162.575,162.604,162.381,162.413,4498.0
2025-05-22 23:00:00,162.413,162.465,162.361,162.432,2197.0
2025-05-23 00:00:00,162.405,162.538,162.372,162.444,815.0
2025-05-23 01:00:00,162.464,162.504,162.285,162.317,2374.0
2025-05-23 02:00:00,162.317,162.41,162.231,162.305,2029.0
2025-05-23 03:00:00,162.304,162.575,162.276,162.524,5892.0
2025-05-23 04:00:00,162.524,162.634,162.461,162.471,4914.0
2025-05-23 05:00:00,162.471,162.507,162.398,162.428,3241.0
2025-05-23 06:00:00,162.428,162.438,162.238,162.251,2991.0
2025-05-23 07:00:00,162.251,162.382,162.203,162.376,2812.0
2025-05-23 08:00:00,162.376,162.446,162.313,162.4,3281.0
2025-05-23 09:00:00,162.401,162.475,162.239,162.255,5368.0
2025-05-23 10:00:00,162.255,162.514,162.241,162.507,5975.0
2025-05-23 11:00:00,162.507,162.607,162.487,162.545,4693.0
2025-05-23 12:00:00,162.545,162.668,162.425,162.644,4949.0
2025-05-23 13:00:00,162.644,162.751,162.633,162.709,4649.0
2025-05-23 14:00:00,162.709,162.745,161.104,161.474,9936.0
2025-05-23 15:00:00,161.477,161.776,161.083,161.627,12289.0
2025-05-23 16:00:00,161.627,161.882,161.55,161.582,11204.0
2025-05-23 17:00:00,161.582,161.905,161.548,161.854,10229.0
2025-05-23 18:00:00,161.853,161.978,161.77,161.858,8172.0
2025-05-23 19:00:00,161.861,162.062,161.847,162.02,6103.0
2025-05-23 20:00:00,162.02,162.05,161.941,162.001,4969.0
2025-05-26 00:00:00,161.712,162.028,161.7,161.957,984.0
2025-05-26 01:00:00,161.957,162.634,161.957,162.41,4838.0
2025-05-26 02:00:00,162.406,162.541,162.397,162.465,3210.0
2025-05-26 03:00:00,162.464,162.604,162.436,162.481,6406.0
2025-05-26 04:00:00,162.48,162.612,162.398,162.481,5967.0
2025-05-26 05:00:00,162.481,162.481,162.376,162.409,4609.0
2025-05-26 06:00:00,162.409,162.623,162.399,162.564,3579.0
2025-05-26 07:00:00,162.564,162.729,162.557,162.662,3017.0
2025-05-26 08:00:00,162.661,162.819,162.649,162.715,3642.0
2025-05-26 09:00:00,162.715,162.982,162.691,162.868,5258.0
2025-05-26 10:00:00,162.87,162.877,162.685,162.751,5873.0
2025-05-26 11:00:00,162.751,162.794,162.619,162.681,4081.0
2025-05-26 12:00:00,162.681,162.753,162.539,162.577,3424.0
2025-05-26 13:00:00,162.577,162.684,162.536,162.636,2979.0
2025-05-26 14:00:00,162.636,162.663,162.599,162.613,2821.0
2025-05-26 15:00:00,162.614,162.643,162.542,162.639,3006.0
2025-05-26 16:00:00,162.639,162.643,162.549,162.571,3314.0
2025-05-26 17:00:00,162.57,162.584,162.487,162.549,3460.0
2025-05-26 18:00:00,162.547,162.58,162.488,162.579,2207.0
2025-05-26 19:00:00,162.579,162.595,162.444,162.468,1451.0
2025-05-26 20:00:00,162.468,162.495,162.44,162.48,827.0
2025-05-26 21:00:00,162.475,162.508,162.474,162.482,488.0
2025-05-26 22:00:00,162.481,162.556,162.463,162.554,540.0
2025-05-26 23:00:00,162.55,162.66,162.533,162.642,869.0
2025-05-27 00:00:00,162.535,162.753,162.458,162.477,687.0
2025-05-27 01:00:00,162.477,162.605,162.476,162.524,2050.0
2025-05-27 02:00:00,162.524,162.56,162.418,162.435,2115.0
2025-05-27 03:00:00,162.435,162.435,162.182,162.2,5507.0
2025-05-27 04:00:00,162.2,162.256,162.09,162.138,4779.0
2025-05-27 05:00:00,162.136,162.258,162.094,162.217,3380.0
2025-05-27 06:00:00,162.217,162.344,162.217,162.297,2886.0
2025-05-27 07:00:00,162.297,162.554,162.281,162.549,3410.0
2025-05-27 08:00:00,162.549,163.066,162.549,163.017,6060.0
2025-05-27 09:00:00,163.015,163.129,162.879,163.052,6653.0
2025-05-27 10:00:00,163.052,163.165,162.863,163.018,7784.0
2025-05-27 11:00:00,163.018,163.294,162.988,163.277,6262.0
2025-05-27 12:00:00,163.274,163.439,163.235,163.323,5508.0
2025-05-27 13:00:00,163.322,163.577,163.299,163.515,5342.0
2025-05-27 14:00:00,163.513,163.617,163.368,163.569,4826.0
2025-05-27 15:00:00,163.568,163.811,163.562,163.709,5640.0
2025-05-27 16:00:00,163.709,163.762,163.623,163.75,8269.0
2025-05-27 17:00:00,163.747,163.944,163.746,163.759,8362.0
2025-05-27 18:00:00,163.76,163.763,163.501,163.521,6417.0
2025-05-27 19:00:00,163.52,163.627,163.514,163.603,4167.0
2025-05-27 20:00:00,163.603,163.603,163.532,163.554,3628.0
2025-05-27 21:00:00,163.554,163.593,163.483,163.552,3297.0
2025-05-27 22:00:00,163.552,163.564,163.506,163.533,2751.0
2025-05-27 23:00:00,163.533,163.595,163.493,163.504,2202.0
2025-05-28 00:00:00,163.36,163.522,163.291,163.431,1064.0
2025-05-28 01:00:00,163.43,163.508,163.416,163.46,1568.0
2025-05-28 02:00:00,163.458,163.53,163.407,163.408,1802.0
2025-05-28 03:00:00,163.407,163.413,163.194,163.358,4877.0
2025-05-28 04:00:00,163.358,163.84,163.277,163.36,6492.0
2025-05-28 05:00:00,163.36,163.487,163.243,163.479,5450.0
2025-05-28 06:00:00,163.472,163.602,163.198,163.238,4738.0
2025-05-28 07:00:00,163.235,163.35,163.179,163.29,3798.0
2025-05-28 08:00:00,163.292,163.525,163.186,163.248,4429.0
2025-05-28 09:00:00,163.249,163.41,163.145,163.379,5483.0
2025-05-28 10:00:00,163.379,163.434,163.17,163.273,5472.0
2025-05-28 11:00:00,163.272,163.33,163.073,163.232,5140.0
2025-05-28 12:00:00,163.233,163.528,163.202,163.462,4689.0
2025-05-28 13:00:00,163.462,163.473,163.342,163.405,4383.0
2025-05-28 14:00:00,163.405,163.499,163.318,163.458,4533.0
2025-05-28 15:00:00,163.464,163.546,163.346,163.463,4906.0
2025-05-28 16:00:00,163.465,163.909,163.454,163.856,7763.0
2025-05-28 17:00:00,163.856,163.892,163.612,163.714,8326.0
2025-05-28 18:00:00,163.713,163.852,163.63,163.686,6657.0
2025-05-28 19:00:00,163.685,163.792,163.666,163.671,3693.0
2025-05-28 20:00:00,163.665,163.715,163.601,163.601,3469.0
2025-05-28 21:00:00,163.598,163.664,163.493,163.574,4118.0
2025-05-28 22:00:00,163.573,163.645,163.553,163.591,4309.0
2025-05-28 23:00:00,163.593,163.618,163.527,163.55,3239.0
2025-05-29 00:00:00,163.384,163.533,163.349,163.491,695.0
2025-05-29 01:00:00,163.491,163.65,163.491,163.622,2386.0
2025-05-29 02:00:00,163.621,163.998,163.617,163.643,8292.0
2025-05-29 03:00:00,163.643,164.167,163.643,164.138,9883.0
2025-05-29 04:00:00,164.137,164.224,163.919,164.03,7348.0
2025-05-29 05:00:00,164.03,164.048,163.849,163.958,4873.0
2025-05-29 06:00:00,163.958,164.016,163.873,163.94,4028.0
2025-05-29 07:00:00,163.941,164.012,163.899,163.936,3039.0
2025-05-29 08:00:00,163.937,164.13,163.889,164.088,3771.0
2025-05-29 09:00:00,164.088,164.26,163.984,164.088,6546.0
2025-05-29 10:00:00,164.088,164.126,163.717,163.786,6267.0
2025-05-29 11:00:00,163.789,163.829,163.617,163.746,5604.0
2025-05-29 12:00:00,163.746,163.796,163.623,163.78,4497.0
2025-05-29 13:00:00,163.78,163.814,163.585,163.67,4600.0
2025-05-29 14:00:00,163.67,163.675,163.43,163.523,4862.0
2025-05-29 15:00:00,163.523,163.933,163.345,163.92,8706.0
2025-05-29 16:00:00,163.92,164.027,163.757,163.875,8604.0
2025-05-29 17:00:00,163.876,163.977,163.778,163.897,8119.0
2025-05-29 18:00:00,163.897,163.952,163.761,163.839,6946.0
2025-05-29 19:00:00,163.833,163.965,163.791,163.916,5678.0
2025-05-29 20:00:00,163.915,163.954,163.865,163.887,4437.0
2025-05-29 21:00:00,163.886,163.936,163.791,163.804,4242.0
2025-05-29 22:00:00,163.804,163.89,163.791,163.838,4559.0
2025-05-29 23:00:00,163.835,163.917,163.781,163.868,2385.0
2025-05-30 00:00:00,164.017,164.028,163.795,163.821,1095.0
2025-05-30 01:00:00,163.822,163.879,163.655,163.761,2606.0
2025-05-30 02:00:00,163.761,163.855,163.541,163.548,2949.0
2025-05-30 03:00:00,163.548,163.705,163.381,163.506,6286.0
2025-05-30 04:00:00,163.506,163.537,163.301,163.401,6688.0
2025-05-30 05:00:00,163.403,163.485,163.27,163.351,4667.0
2025-05-30 06:00:00,163.351,163.422,163.246,163.275,3794.0
2025-05-30 07:00:00,163.274,163.279,163.114,163.129,3952.0
2025-05-30 08:00:00,163.129,163.339,163.129,163.256,3554.0
2025-05-30 09:00:00,163.256,163.399,163.158,163.227,5891.0
2025-05-30 10:00:00,163.225,163.381,163.139,163.3,6877.0
2025-05-30 11:00:00,163.3,163.404,163.107,163.126,6171.0
2025-05-30 12:00:00,163.126,163.317,163.109,163.141,5102.0
2025-05-30 13:00:00,163.14,163.155,162.976,163.039,4454.0
2025-05-30 14:00:00,163.039,163.227,163.014,163.093,4343.0
2025-05-30 15:00:00,163.093,163.118,162.806,163.073,9019.0
2025-05-30 16:00:00,163.073,163.163,162.935,162.972,8030.0
2025-05-30 17:00:00,162.969,163.841,162.956,163.769,9288.0
2025-05-30 18:00:00,163.771,163.804,163.576,163.598,8200.0
2025-05-30 19:00:00,163.598,163.613,163.271,163.333,7134.0
2025-05-30 20:00:00,163.331,163.506,163.321,163.402,5440.0
2025-06-02 00:00:00,163.097,163.3,163.085,163.175,1642.0
2025-06-02 01:00:00,163.186,163.436,163.151,163.339,2884.0
2025-06-02 02:00:00,163.339,163.374,163.237,163.253,2704.0
2025-06-02 03:00:00,163.252,163.376,163.182,163.182,5682.0
2025-06-02 04:00:00,163.182,163.279,163.096,163.123,5780.0
2025-06-02 05:00:00,163.124,163.243,163.088,163.112,4097.0
2025-06-02 06:00:00,163.11,163.145,163.057,163.074,3410.0
2025-06-02 07:00:00,163.074,163.17,163.074,163.14,3180.0
2025-06-02 08:00:00,163.14,163.187,163.073,163.127,3762.0
2025-06-02 09:00:00,163.126,163.322,163.081,163.294,5757.0
2025-06-02 10:00:00,163.295,163.388,163.232,163.246,7107.0
2025-06-02 11:00:00,163.246,163.31,163.077,163.229,6855.0
2025-06-02 12:00:00,163.229,163.34,163.175,163.282,6518.0
2025-06-02 13:00:00,163.281,163.289,162.999,163.02,5057.0
2025-06-02 14:00:00,163.02,163.064,162.839,162.951,5104.0
2025-06-02 15:00:00,162.951,163.17,162.951,163.092,5697.0
2025-06-02 16:00:00,163.092,163.247,163.066,163.173,7424.0
2025-06-02 17:00:00,163.157,163.302,163.023,163.142,9857.0
2025-06-02 18:00:00,163.143,163.282,163.099,163.203,7600.0
2025-06-02 19:00:00,163.203,163.264,163.142,163.212,4870.0
2025-06-02 20:00:00,163.212,163.319,163.209,163.296,3924.0
2025-06-02 21:00:00,163.295,163.415,163.259,163.4,4455.0
2025-06-02 22:00:00,163.4,163.4,163.254,163.331,3768.0
2025-06-02 23:00:00,163.33,163.357,163.224,163.267,2214.0
2025-06-03 00:00:00,163.066,163.21,163.065,163.19,2182.0
2025-06-03 01:00:00,163.229,163.253,163.124,163.135,1685.0
2025-06-03 02:00:00,163.135,163.249,163.078,163.122,2284.0
2025-06-03 03:00:00,163.125,163.359,163.12,163.303,4931.0
2025-06-03 04:00:00,163.303,163.712,163.302,163.57,5369.0
2025-06-03 05:00:00,163.57,163.651,163.448,163.502,3870.0
2025-06-03 06:00:00,163.502,163.562,163.363,163.487,3489.0
2025-06-03 07:00:00,163.487,163.516,163.27,163.321,3241.0
2025-06-03 08:00:00,163.321,163.376,163.18,163.282,3620.0
2025-06-03 09:00:00,163.282,163.399,163.254,163.309,4848.0
2025-06-03 10:00:00,163.309,163.309,162.947,163.051,6060.0
2025-06-03 11:00:00,163.052,163.052,162.798,162.954,5574.0
2025-06-03 12:00:00,162.952,163.11,162.889,163.025,5021.0
2025-06-03 13:00:00,163.025,163.088,162.955,163.056,4623.0
2025-06-03 14:00:00,163.057,163.081,162.962,162.983,4589.0
2025-06-03 15:00:00,162.984,163.26,162.97,163.246,5316.0
2025-06-03 16:00:00,163.246,163.49,163.188,163.454,7012.0
2025-06-03 17:00:00,163.448,163.796,163.448,163.782,8539.0
2025-06-03 18:00:00,163.782,163.802,163.654,163.694,6538.0
2025-06-03 19:00:00,163.694,163.875,163.691,163.758,4269.0
2025-06-03 20:00:00,163.757,163.841,163.67,163.672,3722.0
2025-06-03 21:00:00,163.672,163.71,163.631,163.696,3958.0
2025-06-03 22:00:00,163.696,163.819,163.693,163.792,3054.0
2025-06-03 23:00:00,163.792,163.802,163.691,163.692,1875.0
2025-06-04 00:00:00,163.622,163.804,163.556,163.752,1707.0
2025-06-04 01:00:00,163.748,163.802,163.698,163.747,1493.0
2025-06-04 02:00:00,163.747,163.843,163.672,163.728,2275.0
2025-06-04 03:00:00,163.726,163.934,163.702,163.902,5755.0
2025-06-04 04:00:00,163.902,164.089,163.641,163.676,6010.0
2025-06-04 05:00:00,163.676,163.772,163.642,163.731,3426.0
2025-06-04 06:00:00,163.731,163.839,163.693,163.765,3118.0
2025-06-04 07:00:00,163.765,163.988,163.765,163.97,3305.0
2025-06-04 08:00:00,163.97,164.021,163.849,163.862,3503.0
2025-06-04 09:00:00,163.862,163.936,163.678,163.812,5520.0
2025-06-04 10:00:00,163.811,164.098,163.681,164.064,5604.0
2025-06-04 11:00:00,164.064,164.172,164.01,164.029,4669.0
2025-06-04 12:00:00,164.029,164.083,163.907,164.019,4165.0
2025-06-04 13:00:00,164.019,164.234,163.904,164.186,4904.0
2025-06-04 14:00:00,164.186,164.242,164.119,164.17,3902.0
2025-06-04 15:00:00,164.17,164.212,163.711,163.79,8272.0
2025-06-04 16:00:00,163.792,163.929,163.736,163.783,6957.0
2025-06-04 17:00:00,163.771,163.805,163.459,163.642,9550.0
2025-06-04 18:00:00,163.64,163.673,163.212,163.266,7055.0
2025-06-04 19:00:00,163.266,163.266,163.042,163.081,5049.0
2025-06-04 20:00:00,163.081,163.142,163.048,163.117,3474.0
2025-06-04 21:00:00,163.118,163.144,163.075,163.095,3506.0
2025-06-04 22:00:00,163.095,163.122,163.052,163.064,3137.0
2025-06-04 23:00:00,163.064,163.11,162.945,162.946,2266.0
2025-06-05 00:00:00,162.852,163.035,162.833,162.945,999.0
2025-06-05 01:00:00,162.946,163.104,162.934,163.049,1817.0
2025-06-05 02:00:00,163.049,163.099,162.899,163.011,2422.0
2025-06-05 03:00:00,163.011,163.17,162.955,163.05,5746.0
2025-06-05 04:00:00,163.053,163.207,163.022,163.168,5415.0
2025-06-05 05:00:00,163.167,163.188,163.009,163.153,4017.0
2025-06-05 06:00:00,163.153,163.182,162.996,163.168,4407.0
2025-06-05 07:00:00,163.168,163.241,163.107,163.204,3760.0
2025-06-05 08:00:00,163.205,163.334,163.194,163.286,3585.0
2025-06-05 09:00:00,163.287,163.431,163.243,163.415,4974.0
2025-06-05 10:00:00,163.416,163.658,163.345,163.59,5490.0
2025-06-05 11:00:00,163.59,163.673,163.498,163.523,4871.0
2025-06-05 12:00:00,163.523,163.557,163.415,163.538,4940.0
2025-06-05 13:00:00,163.538,163.624,163.454,163.516,4236.0
2025-06-05 14:00:00,163.516,163.718,163.463,163.704,4643.0
2025-06-05 15:00:00,163.7,164.11,163.38,163.872,9099.0
2025-06-05 16:00:00,163.867,164.445,163.86,164.203,11803.0
2025-06-05 17:00:00,164.203,164.547,164.168,164.374,11036.0
2025-06-05 18:00:00,164.376,164.675,164.313,164.568,8264.0
2025-06-05 19:00:00,164.569,164.656,164.281,164.315,6696.0
2025-06-05 20:00:00,164.312,164.524,164.302,164.417,4966.0
2025-06-05 21:00:00,164.417,164.436,164.243,164.346,6165.0
2025-06-05 22:00:00,164.346,164.444,164.201,164.347,8396.0
2025-06-05 23:00:00,164.347,164.421,164.225,164.289,3931.0
2025-06-06 00:00:00,163.912,164.416,163.904,164.192,1516.0
2025-06-06 01:00:00,164.184,164.36,164.177,164.36,1918.0
2025-06-06 02:00:00,164.357,164.427,164.266,164.421,2146.0
2025-06-06 03:00:00,164.427,164.592,164.407,164.567,4928.0
2025-06-06 04:00:00,164.567,164.603,164.389,164.397,4130.0
2025-06-06 05:00:00,164.398,164.563,164.384,164.523,3306.0
2025-06-06 06:00:00,164.523,164.537,164.406,164.466,3332.0
2025-06-06 07:00:00,164.464,164.571,164.446,164.548,2493.0
2025-06-06 08:00:00,164.548,164.592,164.498,164.526,3347.0
2025-06-06 09:00:00,164.524,164.786,164.48,164.703,4965.0
2025-06-06 10:00:00,164.703,164.731,164.344,164.447,6004.0
2025-06-06 11:00:00,164.447,164.547,164.374,164.44,5180.0
2025-06-06 12:00:00,164.437,164.66,164.405,164.626,4807.0
2025-06-06 13:00:00,164.626,164.633,164.505,164.582,4092.0
2025-06-06 14:00:00,164.582,164.722,164.566,164.599,4721.0
2025-06-06 15:00:00,164.597,164.895,164.441,164.823,9650.0
2025-06-06 16:00:00,164.823,165.155,164.752,165.052,10136.0
2025-06-06 17:00:00,165.053,165.286,165.018,165.039,9710.0
2025-06-06 18:00:00,165.041,165.165,164.965,165.115,8169.0
2025-06-06 19:00:00,165.115,165.197,165.05,165.077,6288.0
2025-06-06 20:00:00,165.077,165.116,165.002,165.05,4502.0
2025-06-09 00:00:00,165.134,165.134,164.823,164.931,562.0
2025-06-09 01:00:00,164.944,165.062,164.937,165.042,1967.0
2025-06-09 02:00:00,165.044,165.091,164.99,165.044,1959.0
2025-06-09 03:00:00,165.045,165.146,164.92,165.138,4713.0
2025-06-09 04:00:00,165.138,165.17,164.938,165.001,4500.0
2025-06-09 05:00:00,165.001,165.023,164.92,164.979,3485.0
2025-06-09 06:00:00,164.979,164.98,164.868,164.901,2756.0
2025-06-09 07:00:00,164.901,164.901,164.822,164.862,2166.0
2025-06-09 08:00:00,164.862,164.967,164.847,164.948,2862.0
2025-06-09 09:00:00,164.947,164.982,164.745,164.797,4043.0
2025-06-09 10:00:00,164.798,164.837,164.599,164.653,4919.0
2025-06-09 11:00:00,164.653,164.765,164.559,164.745,4990.0
2025-06-09 12:00:00,164.745,164.757,164.637,164.656,4169.0
2025-06-09 13:00:00,164.656,164.677,164.554,164.639,3398.0
2025-06-09 14:00:00,164.639,164.996,164.629,164.969,4703.0
2025-06-09 15:00:00,164.969,164.977,164.823,164.889,4833.0
2025-06-09 16:00:00,164.89,164.977,164.816,164.95,6090.0
2025-06-09 17:00:00,164.95,164.99,164.867,164.98,5698.0
2025-06-09 18:00:00,164.978,165.0,164.896,164.936,4276.0
2025-06-09 19:00:00,164.936,164.982,164.872,164.969,2847.0
2025-06-09 20:00:00,164.971,165.023,164.956,165.007,2399.0
2025-06-09 21:00:00,165.007,165.209,164.959,165.197,3128.0
2025-06-09 22:00:00,165.197,165.213,165.12,165.134,2437.0
2025-06-09 23:00:00,165.135,165.195,165.11,165.124,1773.0
2025-06-10 00:00:00,164.93,165.087,164.9,165.066,1490.0
2025-06-10 01:00:00,165.08,165.202,165.08,165.177,1328.0
2025-06-10 02:00:00,165.177,165.221,165.095,165.182,1470.0
2025-06-10 03:00:00,165.183,165.244,165.088,165.11,4717.0
2025-06-10 04:00:00,165.11,165.319,165.052,165.27,5269.0
2025-06-10 05:00:00,165.268,165.451,165.16,165.208,4660.0
2025-06-10 06:00:00,165.208,165.211,165.11,165.148,3347.0
2025-06-10 07:00:00,165.148,165.228,165.085,165.223,2706.0
2025-06-10 08:00:00,165.222,165.225,164.807,164.87,5372.0
2025-06-10 09:00:00,164.871,164.93,164.746,164.757,5819.0
2025-06-10 10:00:00,164.757,164.98,164.625,164.895,6605.0
2025-06-10 11:00:00,164.895,165.065,164.844,165.017,4860.0
2025-06-10 12:00:00,165.017,165.272,164.995,165.18,4239.0
2025-06-10 13:00:00,165.18,165.249,165.118,165.189,3811.0
2025-06-10 14:00:00,165.189,165.25,165.108,165.25,4214.0
2025-06-10 15:00:00,165.25,165.379,165.161,165.353,4562.0
2025-06-10 16:00:00,165.352,165.489,165.283,165.382,5910.0
2025-06-10 17:00:00,165.382,165.491,165.346,165.446,5502.0
2025-06-10 18:00:00,165.446,165.534,165.327,165.528,5318.0
2025-06-10 19:00:00,165.528,165.616,165.497,165.608,3440.0
2025-06-10 20:00:00,165.608,165.633,165.554,165.559,2875.0
2025-06-10 21:00:00,165.559,165.593,165.507,165.548,3264.0
2025-06-10 22:00:00,165.548,165.636,165.523,165.568,3659.0
2025-06-10 23:00:00,165.568,165.603,165.479,165.528,2097.0
2025-06-11 00:00:00,165.519,165.519,165.374,165.446,2550.0
2025-06-11 01:00:00,165.459,165.672,165.456,165.672,1704.0
2025-06-11 02:00:00,165.672,165.815,165.561,165.666,4368.0
2025-06-11 03:00:00,165.666,165.701,165.405,165.516,6213.0
2025-06-11 04:00:00,165.516,165.588,165.412,165.431,4544.0
2025-06-11 05:00:00,165.428,165.585,165.386,165.469,3209.0
2025-06-11 06:00:00,165.469,165.554,165.428,165.545,2514.0
2025-06-11 07:00:00,165.545,165.588,165.438,165.569,2872.0
2025-06-11 08:00:00,165.571,165.664,165.554,165.602,3146.0
2025-06-11 09:00:00,165.602,165.788,165.548,165.591,4424.0
2025-06-11 10:00:00,165.591,165.788,165.581,165.725,4990.0
2025-06-11 11:00:00,165.725,165.894,165.701,165.827,4218.0
2025-06-11 12:00:00,165.827,165.911,165.783,165.896,4429.0
2025-06-11 13:00:00,165.896,166.038,165.873,166.017,3621.0
2025-06-11 14:00:00,166.017,166.147,165.936,166.096,3993.0
2025-06-11 15:00:00,166.096,166.294,165.707,165.869,10109.0
2025-06-11 16:00:00,165.868,166.399,165.792,166.379,8688.0
2025-06-11 17:00:00,166.38,166.429,166.174,166.261,6935.0
2025-06-11 18:00:00,166.261,166.292,165.993,166.008,5801.0
2025-06-11 19:00:00,166.008,166.214,165.945,166.164,4516.0
2025-06-11 20:00:00,166.164,166.217,166.121,166.169,3684.0
2025-06-11 21:00:00,166.167,166.167,165.854,165.986,6338.0
2025-06-11 22:00:00,165.986,166.091,165.958,166.075,4677.0
2025-06-11 23:00:00,166.08,166.156,166.031,166.104,2704.0
2025-06-12 00:00:00,165.848,166.053,165.77,166.008,1137.0
2025-06-12 01:00:00,166.009,166.04,165.898,165.98,2403.0
2025-06-12 02:00:00,165.979,166.032,165.893,165.957,3322.0
2025-06-12 03:00:00,165.958,166.048,165.849,165.957,6002.0
2025-06-12 04:00:00,165.955,165.974,165.675,165.85,5890.0
2025-06-12 05:00:00,165.85,165.873,165.709,165.714,3929.0
2025-06-12 06:00:00,165.714,165.857,165.713,165.761,3555.0
2025-06-12 07:00:00,165.761,165.876,165.751,165.761,2752.0
2025-06-12 08:00:00,165.764,165.842,165.65,165.697,3388.0
2025-06-12 09:00:00,165.688,165.774,165.497,165.614,5875.0
2025-06-12 10:00:00,165.614,165.953,165.584,165.839,6558.0
2025-06-12 11:00:00,165.839,166.043,165.758,166.002,6813.0
2025-06-12 12:00:00,166.002,166.379,165.993,166.289,6087.0
2025-06-12 13:00:00,166.289,166.557,166.23,166.413,6817.0
2025-06-12 14:00:00,166.413,166.602,166.356,166.448,5969.0
2025-06-12 15:00:00,166.448,166.745,166.35,166.357,7877.0
2025-06-12 16:00:00,166.357,166.449,166.122,166.204,8198.0
2025-06-12 17:00:00,166.203,166.504,166.203,166.475,7201.0
2025-06-12 18:00:00,166.475,166.546,166.276,166.303,7546.0
2025-06-12 19:00:00,166.304,166.359,166.176,166.247,6019.0
2025-06-12 20:00:00,166.247,166.279,166.12,166.159,4016.0
2025-06-12 21:00:00,166.157,166.203,166.126,166.164,3348.0
2025-06-12 22:00:00,166.167,166.257,166.145,166.209,3395.0
2025-06-12 23:00:00,166.209,166.334,166.197,166.217,2327.0
2025-06-13 00:00:00,165.974,166.292,165.775,166.289,1538.0
2025-06-13 01:00:00,166.277,166.298,166.193,166.26,2117.0
2025-06-13 02:00:00,166.259,166.263,166.069,166.118,2615.0
2025-06-13 03:00:00,166.115,166.187,164.939,165.337,12954.0
2025-06-13 04:00:00,165.336,165.438,165.042,165.349,9059.0
2025-06-13 05:00:00,165.348,165.45,165.053,165.191,6508.0
2025-06-13 06:00:00,165.191,165.741,165.079,165.556,6470.0
2025-06-13 07:00:00,165.555,165.616,165.442,165.562,4986.0
2025-06-13 08:00:00,165.562,165.677,165.489,165.49,5167.0
2025-06-13 09:00:00,165.491,165.849,165.465,165.806,7966.0
2025-06-13 10:00:00,165.806,166.083,165.763,165.88,8279.0
2025-06-13 11:00:00,165.88,165.988,165.757,165.774,6233.0
2025-06-13 12:00:00,165.774,166.126,165.758,166.07,7163.0
2025-06-13 13:00:00,166.07,166.081,165.87,166.081,7102.0
2025-06-13 14:00:00,166.08,166.085,165.878,165.895,6505.0
2025-06-13 15:00:00,165.895,166.183,165.885,166.174,5799.0
2025-06-13 16:00:00,166.171,166.226,165.985,166.056,7964.0
2025-06-13 17:00:00,166.059,166.411,165.995,166.381,9083.0
2025-06-13 18:00:00,166.38,166.597,166.334,166.468,7140.0
2025-06-13 19:00:00,166.466,166.524,166.385,166.427,4780.0
2025-06-13 20:00:00,166.424,166.438,166.304,166.413,5528.0
2025-06-16 00:00:00,165.966,166.515,165.926,166.427,2426.0
2025-06-16 01:00:00,166.416,166.862,166.331,166.743,8702.0
2025-06-16 02:00:00,166.748,166.875,166.686,166.799,6196.0
2025-06-16 03:00:00,166.793,166.802,166.493,166.52,7864.0
2025-06-16 04:00:00,166.524,166.533,166.34,166.461,7201.0
2025-06-16 05:00:00,166.463,166.583,166.426,166.51,5151.0
2025-06-16 06:00:00,166.509,166.558,166.447,166.548,4443.0
2025-06-16 07:00:00,166.548,166.564,166.437,166.467,3541.0
2025-06-16 08:00:00,166.467,166.536,166.423,166.495,5378.0
2025-06-16 09:00:00,166.495,166.942,166.362,166.931,7540.0
2025-06-16 10:00:00,166.93,167.213,166.845,166.923,7603.0
2025-06-16 11:00:00,166.924,167.131,166.871,167.024,6366.0
2025-06-16 12:00:00,167.024,167.109,166.874,166.944,5726.0
2025-06-16 13:00:00,166.944,166.964,166.731,166.735,5497.0
2025-06-16 14:00:00,166.735,166.846,166.672,166.785,5220.0
2025-06-16 15:00:00,166.786,166.978,166.778,166.928,6214.0
2025-06-16 16:00:00,166.928,166.97,166.767,166.833,9464.0
2025-06-16 17:00:00,166.832,167.047,166.744,166.971,9165.0
2025-06-16 18:00:00,166.973,167.036,166.86,166.908,6828.0
2025-06-16 19:00:00,166.908,167.051,166.903,167.005,5048.0
2025-06-16 20:00:00,167.005,167.193,166.976,167.147,4079.0
2025-06-16 21:00:00,167.148,167.452,167.138,167.445,4269.0
2025-06-16 22:00:00,167.445,167.452,167.302,167.395,4367.0
2025-06-16 23:00:00,167.394,167.422,167.323,167.363,2214.0
2025-06-17 00:00:00,167.294,167.404,167.138,167.279,1310.0
2025-06-17 01:00:00,167.279,167.423,167.092,167.114,3490.0
2025-06-17 02:00:00,167.113,167.284,167.113,167.16,4078.0
2025-06-17 03:00:00,167.157,167.589,167.134,167.539,7071.0
2025-06-17 04:00:00,167.539,167.54,167.315,167.372,5133.0
2025-06-17 05:00:00,167.372,167.586,167.284,167.535,5055.0
2025-06-17 06:00:00,167.535,167.535,167.198,167.26,5587.0
2025-06-17 07:00:00,167.262,167.279,167.017,167.155,4716.0
2025-06-17 08:00:00,167.155,167.235,167.098,167.19,5302.0
2025-06-17 09:00:00,167.19,167.545,167.187,167.521,7319.0
2025-06-17 10:00:00,167.521,167.611,166.973,167.045,7925.0
2025-06-17 11:00:00,167.046,167.388,166.984,167.388,7040.0
2025-06-17 12:00:00,167.4,167.508,167.318,167.361,6874.0
2025-06-17 13:00:00,167.36,167.416,167.305,167.381,5259.0
2025-06-17 14:00:00,167.383,167.404,167.113,167.198,5515.0
2025-06-17 15:00:00,167.198,167.457,167.108,167.316,8347.0
2025-06-17 16:00:00,167.306,167.59,167.306,167.469,8512.0
2025-06-17 17:00:00,167.47,167.547,167.118,167.349,9685.0
2025-06-17 18:00:00,167.349,167.371,167.102,167.29,7034.0
2025-06-17 19:00:00,167.29,167.294,166.958,167.045,6400.0
2025-06-17 20:00:00,167.045,167.077,166.745,166.838,7707.0
2025-06-17 21:00:00,166.838,166.882,166.728,166.876,6308.0
2025-06-17 22:00:00,166.878,166.922,166.749,166.775,4697.0
2025-06-17 23:00:00,166.771,166.834,166.703,166.771,3244.0
2025-06-18 00:00:00,166.746,166.921,166.642,166.701,1595.0
2025-06-18 01:00:00,166.701,166.886,166.701,166.826,2380.0
2025-06-18 02:00:00,166.826,166.932,166.791,166.925,2419.0
2025-06-18 03:00:00,166.928,167.029,166.822,166.998,7379.0
2025-06-18 04:00:00,166.998,167.047,166.882,166.895,5761.0
2025-06-18 05:00:00,166.896,166.947,166.855,166.86,4301.0
2025-06-18 06:00:00,166.86,166.915,166.823,166.831,3698.0
2025-06-18 07:00:00,166.83,166.876,166.719,166.852,3866.0
2025-06-18 08:00:00,166.85,166.889,166.705,166.826,4628.0
2025-06-18 09:00:00,166.826,166.946,166.722,166.782,6850.0
2025-06-18 10:00:00,166.781,167.053,166.778,166.892,6846.0
2025-06-18 11:00:00,166.894,167.004,166.722,166.746,5596.0
2025-06-18 12:00:00,166.746,166.861,166.647,166.729,5227.0
2025-06-18 13:00:00,166.729,166.813,166.424,166.453,5162.0
2025-06-18 14:00:00,166.45,166.7,166.438,166.681,5012.0
2025-06-18 15:00:00,166.681,166.753,166.631,166.713,6017.0
2025-06-18 16:00:00,166.714,166.727,166.322,166.43,7330.0
2025-06-18 17:00:00,166.421,166.832,166.352,166.627,10175.0
2025-06-18 18:00:00,166.628,166.717,166.526,166.562,6739.0
2025-06-18 19:00:00,166.562,166.623,166.393,166.428,5461.0
2025-06-18 20:00:00,166.428,166.51,166.368,166.441,4498.0
2025-06-18 21:00:00,166.399,166.564,166.335,166.435,12728.0
2025-06-18 22:00:00,166.434,166.606,166.384,166.519,9971.0
2025-06-18 23:00:00,166.519,166.651,166.512,166.619,3252.0
2025-06-19 00:00:00,166.414,166.572,166.336,166.552,1335.0
2025-06-19 01:00:00,166.551,166.667,166.403,166.463,2515.0
2025-06-19 02:00:00,166.455,166.496,166.332,166.347,3321.0
2025-06-19 03:00:00,166.347,166.418,166.216,166.338,5344.0
2025-06-19 04:00:00,166.338,166.347,166.03,166.236,7304.0
2025-06-19 05:00:00,166.239,166.324,166.155,166.308,4515.0
2025-06-19 06:00:00,166.309,166.372,166.244,166.337,3764.0
2025-06-19 07:00:00,166.338,166.373,166.286,166.346,3592.0
2025-06-19 08:00:00,166.347,166.397,166.226,166.248,4591.0
2025-06-19 09:00:00,166.245,166.577,166.245,166.569,6817.0
2025-06-19 10:00:00,166.569,166.749,166.537,166.638,7132.0
2025-06-19 11:00:00,166.639,166.766,166.533,166.736,6439.0
2025-06-19 12:00:00,166.737,166.92,166.713,166.899,5527.0
2025-06-19 13:00:00,166.899,167.222,166.869,167.177,6528.0
2025-06-19 14:00:00,167.177,167.314,167.143,167.243,6125.0
2025-06-19 15:00:00,167.242,167.261,167.022,167.045,6309.0
2025-06-19 16:00:00,167.041,167.072,166.819,166.84,6389.0
2025-06-19 17:00:00,166.84,167.103,166.831,167.098,6652.0
2025-06-19 18:00:00,167.098,167.17,166.871,166.901,5147.0
2025-06-19 19:00:00,166.889,166.988,166.85,166.936,3170.0
2025-06-19 20:00:00,166.936,167.072,166.905,167.025,3465.0
2025-06-19 21:00:00,167.025,167.12,167.006,167.095,2402.0
2025-06-19 22:00:00,167.095,167.219,167.074,167.219,2509.0
2025-06-19 23:00:00,167.219,167.245,167.167,167.213,2108.0
2025-06-20 00:00:00,167.046,167.18,167.015,167.154,2009.0
2025-06-20 01:00:00,167.169,167.331,167.145,167.276,4068.0
2025-06-20 02:00:00,167.275,167.298,167.145,167.191,4249.0
2025-06-20 03:00:00,167.189,167.381,167.149,167.366,7021.0
2025-06-20 04:00:00,167.369,167.418,167.247,167.33,7056.0
2025-06-20 05:00:00,167.332,167.412,167.266,167.293,5804.0
2025-06-20 06:00:00,167.292,167.507,167.259,167.496,5695.0
2025-06-20 07:00:00,167.494,167.592,167.457,167.547,4671.0
2025-06-20 08:00:00,167.546,167.678,167.509,167.658,5504.0
2025-06-20 09:00:00,167.659,167.667,167.384,167.431,6998.0
2025-06-20 10:00:00,167.432,167.496,167.315,167.457,6384.0
2025-06-20 11:00:00,167.459,167.478,167.342,167.452,6334.0
2025-06-20 12:00:00,167.448,167.536,167.347,167.53,5591.0
2025-06-20 13:00:00,167.531,167.628,167.51,167.607,4671.0
2025-06-20 14:00:00,167.606,167.751,167.516,167.736,6131.0
2025-06-20 15:00:00,167.737,167.775,167.544,167.622,8489.0
2025-06-20 16:00:00,167.619,167.889,167.581,167.874,8152.0
2025-06-20 17:00:00,167.873,168.063,167.678,168.002,9219.0
2025-06-20 18:00:00,168.002,168.131,167.949,168.102,8102.0
2025-06-20 19:00:00,168.105,168.251,168.1,168.242,5372.0
2025-06-20 20:00:00,168.242,168.316,168.237,168.254,4860.0
2025-06-23 00:00:00,168.009,168.25,167.899,168.06,2187.0
2025-06-23 01:00:00,168.061,168.423,167.928,168.158,7327.0
2025-06-23 02:00:00,168.17,168.284,168.126,168.141,5488.0
2025-06-23 03:00:00,168.14,168.285,168.035,168.266,8871.0
2025-06-23 04:00:00,168.267,168.566,168.218,168.558,8133.0
2025-06-23 05:00:00,168.559,168.595,168.386,168.539,6416.0
2025-06-23 06:00:00,168.541,168.64,168.519,168.617,6411.0
2025-06-23 07:00:00,168.617,168.942,168.613,168.895,5976.0
2025-06-23 08:00:00,168.896,169.568,168.896,169.363,6740.0
2025-06-23 09:00:00,169.365,169.664,169.291,169.33,8492.0
2025-06-23 10:00:00,169.329,169.446,169.058,169.412,9037.0
2025-06-23 11:00:00,169.404,169.581,169.359,169.477,8269.0
2025-06-23 12:00:00,169.472,169.669,169.367,169.633,8924.0
2025-06-23 13:00:00,169.632,169.716,169.55,169.628,7454.0
2025-06-23 14:00:00,169.629,169.707,169.172,169.326,7882.0
2025-06-23 15:00:00,169.325,169.357,168.922,169.053,8947.0
2025-06-23 16:00:00,169.051,169.309,168.976,169.256,9777.0
2025-06-23 17:00:00,169.256,169.302,168.966,168.998,13209.0
2025-06-23 18:00:00,169.0,169.069,168.905,168.984,9390.0
2025-06-23 19:00:00,168.985,169.057,168.731,168.97,9202.0
2025-06-23 20:00:00,168.973,169.265,168.932,169.156,9148.0
2025-06-23 21:00:00,169.156,169.18,168.997,169.17,7764.0
2025-06-23 22:00:00,169.169,169.219,169.114,169.211,4582.0
2025-06-23 23:00:00,169.212,169.23,169.098,169.204,3804.0
2025-06-24 00:00:00,169.075,169.227,169.049,169.078,812.0
2025-06-24 01:00:00,169.076,169.275,169.026,169.171,5340.0
2025-06-24 02:00:00,169.17,169.283,169.106,169.241,6739.0
2025-06-24 03:00:00,169.24,169.24,168.873,168.889,9991.0
2025-06-24 04:00:00,168.888,168.937,168.785,168.853,7855.0
2025-06-24 05:00:00,168.854,168.874,168.671,168.792,6243.0
2025-06-24 06:00:00,168.788,168.83,168.619,168.766,5673.0
2025-06-24 07:00:00,168.773,168.85,168.747,168.775,4953.0
2025-06-24 08:00:00,168.775,168.852,168.67,168.709,5758.0
2025-06-24 09:00:00,168.703,168.703,168.444,168.503,9343.0
2025-06-24 10:00:00,168.503,168.518,168.193,168.461,10063.0
2025-06-24 11:00:00,168.452,168.5,168.062,168.201,9023.0
2025-06-24 12:00:00,168.2,168.538,168.174,168.303,8269.0
2025-06-24 13:00:00,168.295,168.295,168.131,168.266,6419.0
2025-06-24 14:00:00,168.265,168.329,168.203,168.281,6843.0
2025-06-24 15:00:00,168.28,168.397,168.168,168.2,8823.0
2025-06-24 16:00:00,168.2,168.261,168.028,168.143,9374.0
2025-06-24 17:00:00,168.143,168.25,167.912,168.143,12159.0
2025-06-24 18:00:00,168.142,168.349,168.109,168.182,9231.0
2025-06-24 19:00:00,168.183,168.295,168.137,168.201,6433.0
2025-06-24 20:00:00,168.201,168.282,168.133,168.263,5418.0
2025-06-24 21:00:00,168.262,168.272,168.116,168.173,4813.0
2025-06-24 22:00:00,168.174,168.176,168.088,168.117,3832.0
2025-06-24 23:00:00,168.118,168.238,168.118,168.187,3223.0
2025-06-25 00:00:00,168.2,168.262,168.022,168.08,768.0
2025-06-25 01:00:00,168.062,168.256,168.008,168.235,2395.0
2025-06-25 02:00:00,168.234,168.338,168.158,168.301,3580.0
2025-06-25 03:00:00,168.302,168.575,168.229,168.432,7441.0
2025-06-25 04:00:00,168.431,168.431,168.187,168.215,8011.0
2025-06-25 05:00:00,168.215,168.35,168.162,168.268,5376.0
2025-06-25 06:00:00,168.273,168.38,168.26,168.338,4338.0
2025-06-25 07:00:00,168.338,168.395,168.272,168.333,4057.0
2025-06-25 08:00:00,168.332,168.56,168.332,168.518,5219.0
2025-06-25 09:00:00,168.514,168.698,168.446,168.652,7019.0
2025-06-25 10:00:00,168.651,168.695,168.455,168.547,8098.0
2025-06-25 11:00:00,168.549,168.928,168.449,168.902,6950.0
2025-06-25 12:00:00,168.902,168.963,168.832,168.939,7009.0
2025-06-25 13:00:00,168.939,169.134,168.88,169.103,5957.0
2025-06-25 14:00:00,169.098,169.208,169.038,169.062,6425.0
2025-06-25 15:00:00,169.062,169.148,168.944,169.094,7614.0
2025-06-25 16:00:00,169.094,169.301,169.093,169.218,8064.0
2025-06-25 17:00:00,169.216,169.336,169.062,169.317,9727.0
2025-06-25 18:00:00,169.316,169.378,169.111,169.176,7982.0
2025-06-25 19:00:00,169.175,169.214,169.148,169.172,5886.0
2025-06-25 20:00:00,169.17,169.308,169.134,169.271,5071.0
2025-06-25 21:00:00,169.271,169.309,169.203,169.262,4767.0
2025-06-25 22:00:00,169.263,169.332,169.244,169.323,3692.0
2025-06-25 23:00:00,169.324,169.38,169.284,169.347,2813.0
2025-06-26 00:00:00,169.252,169.252,169.136,169.219,1232.0
2025-06-26 01:00:00,169.218,169.337,169.215,169.331,2626.0
2025-06-26 02:00:00,169.331,169.346,169.221,169.309,4695.0
2025-06-26 03:00:00,169.308,169.388,169.026,169.035,6695.0
2025-06-26 04:00:00,169.034,169.177,168.981,169.123,6357.0
2025-06-26 05:00:00,169.124,169.24,169.076,169.155,5836.0
2025-06-26 06:00:00,169.156,169.398,169.144,169.321,5307.0
2025-06-26 07:00:00,169.322,169.38,169.057,169.103,4506.0
2025-06-26 08:00:00,169.103,169.209,168.926,169.02,5480.0
2025-06-26 09:00:00,169.021,169.025,168.634,168.835,8460.0
2025-06-26 10:00:00,168.834,168.834,168.555,168.707,8786.0
2025-06-26 11:00:00,168.707,168.962,168.59,168.794,9138.0
2025-06-26 12:00:00,168.794,168.977,168.68,168.928,7592.0
2025-06-26 13:00:00,168.927,169.026,168.862,168.932,6487.0
2025-06-26 14:00:00,168.931,169.002,168.846,168.86,7147.0
2025-06-26 15:00:00,168.859,168.995,168.682,168.934,10016.0
2025-06-26 16:00:00,168.933,169.079,168.898,169.004,10263.0
2025-06-26 17:00:00,169.004,169.157,168.915,169.082,10961.0
2025-06-26 18:00:00,169.08,169.141,168.939,169.115,8635.0
2025-06-26 19:00:00,169.117,169.2,169.049,169.197,6706.0
2025-06-26 20:00:00,169.195,169.205,168.999,169.061,5618.0
2025-06-26 21:00:00,169.061,169.093,168.985,169.006,4853.0
2025-06-26 22:00:00,169.007,169.06,168.969,168.975,4146.0
2025-06-26 23:00:00,168.976,169.012,168.894,168.941,3471.0
2025-06-27 00:00:00,168.802,169.017,168.7,168.783,1659.0
2025-06-27 01:00:00,168.782,169.059,168.774,168.906,3224.0
2025-06-27 02:00:00,168.907,169.195,168.845,169.174,4024.0
2025-06-27 03:00:00,169.166,169.284,169.051,169.126,7652.0
2025-06-27 04:00:00,169.125,169.225,168.83,168.835,7485.0
2025-06-27 05:00:00,168.836,168.917,168.624,168.855,5718.0
2025-06-27 06:00:00,168.857,169.042,168.822,168.954,5139.0
2025-06-27 07:00:00,168.954,168.999,168.89,168.904,4772.0
2025-06-27 08:00:00,168.906,168.971,168.758,168.825,5619.0
2025-06-27 09:00:00,168.824,169.03,168.76,169.021,7348.0
2025-06-27 10:00:00,169.022,169.308,168.98,169.256,7808.0
2025-06-27 11:00:00,169.255,169.302,169.027,169.11,6686.0
2025-06-27 12:00:00,169.112,169.189,168.981,169.186,5320.0
2025-06-27 13:00:00,169.186,169.336,169.182,169.304,6001.0
2025-06-27 14:00:00,169.306,169.433,169.25,169.257,6018.0
2025-06-27 15:00:00,169.251,169.692,169.23,169.681,9866.0
2025-06-27 16:00:00,169.679,169.791,169.603,169.71,10260.0
2025-06-27 17:00:00,169.7,169.806,169.559,169.775,10048.0
2025-06-27 18:00:00,169.776,169.783,169.542,169.685,7850.0
2025-06-27 19:00:00,169.684,169.689,169.447,169.558,5968.0
2025-06-27 20:00:00,169.56,169.565,169.328,169.373,7025.0
2025-06-30 00:00:00,169.213,169.473,169.163,169.403,1411.0
2025-06-30 01:00:00,169.39,169.649,169.352,169.477,4702.0
2025-06-30 02:00:00,169.477,169.547,169.45,169.458,4232.0
2025-06-30 03:00:00,169.464,169.619,169.423,169.467,7289.0
2025-06-30 04:00:00,169.467,169.508,169.146,169.158,7045.0
2025-06-30 05:00:00,169.157,169.161,168.939,169.087,6654.0
2025-06-30 06:00:00,169.087,169.087,168.906,168.911,4422.0
2025-06-30 07:00:00,168.912,168.938,168.799,168.855,4836.0
2025-06-30 08:00:00,168.857,168.872,168.71,168.753,6087.0
2025-06-30 09:00:00,168.753,169.046,168.705,168.962,7509.0
2025-06-30 10:00:00,168.963,169.065,168.755,168.978,8315.0
2025-06-30 11:00:00,168.978,169.052,168.804,169.038,7969.0
2025-06-30 12:00:00,169.035,169.136,168.945,169.071,7205.0
2025-06-30 13:00:00,169.072,169.078,168.958,169.048,5478.0
2025-06-30 14:00:00,169.048,169.257,169.033,169.202,6424.0
2025-06-30 15:00:00,169.203,169.245,169.095,169.209,7077.0
2025-06-30 16:00:00,169.21,169.294,169.085,169.214,8482.0
2025-06-30 17:00:00,169.216,169.578,169.107,169.561,10885.0
2025-06-30 18:00:00,169.561,169.738,169.41,169.683,9532.0
2025-06-30 19:00:00,169.683,169.718,169.581,169.643,6778.0
2025-06-30 20:00:00,169.643,169.74,169.609,169.724,5800.0
2025-06-30 21:00:00,169.724,169.866,169.698,169.812,6050.0
2025-06-30 22:00:00,169.813,169.827,169.606,169.668,4537.0
2025-06-30 23:00:00,169.667,169.761,169.578,169.743,3540.0
2025-07-01 00:00:00,169.69,169.742,169.49,169.587,1984.0
2025-07-01 01:00:00,169.587,169.68,169.498,169.616,3081.0
2025-07-01 02:00:00,169.617,169.631,169.459,169.498,2464.0
2025-07-01 03:00:00,169.498,169.503,169.322,169.376,6844.0
2025-07-01 04:00:00,169.372,169.445,169.285,169.395,6798.0
2025-07-01 05:00:00,169.395,169.449,169.255,169.43,4369.0
2025-07-01 06:00:00,169.43,169.632,169.326,169.627,4632.0
2025-07-01 07:00:00,169.629,169.662,169.422,169.427,4087.0
2025-07-01 08:00:00,169.427,169.428,169.206,169.233,4491.0
2025-07-01 09:00:00,169.224,169.357,169.125,169.23,6369.0
2025-07-01 10:00:00,169.23,169.281,168.603,168.623,8596.0
2025-07-01 11:00:00,168.623,168.881,168.452,168.837,9405.0
2025-07-01 12:00:00,168.832,168.969,168.777,168.865,8195.0
2025-07-01 13:00:00,168.864,168.932,168.795,168.883,6662.0
2025-07-01 14:00:00,168.88,168.88,168.608,168.627,7132.0
2025-07-01 15:00:00,168.626,168.924,168.591,168.872,8543.0
2025-07-01 16:00:00,168.879,169.03,168.798,168.823,9699.0
2025-07-01 17:00:00,168.82,169.152,168.801,168.968,12180.0
2025-07-01 18:00:00,168.967,169.132,168.961,169.076,9569.0
2025-07-01 19:00:00,169.071,169.173,169.022,169.059,7104.0
2025-07-01 20:00:00,169.059,169.248,169.054,169.233,5416.0
2025-07-01 21:00:00,169.234,169.348,169.227,169.312,4152.0
2025-07-01 22:00:00,169.312,169.524,169.24,169.522,4575.0
2025-07-01 23:00:00,169.521,169.522,169.276,169.29,3331.0
2025-07-02 00:00:00,169.274,169.274,169.094,169.21,1116.0
2025-07-02 01:00:00,169.212,169.346,169.198,169.265,2253.0
2025-07-02 02:00:00,169.254,169.333,169.212,169.251,2438.0
2025-07-02 03:00:00,169.251,169.546,169.196,169.411,7167.0
2025-07-02 04:00:00,169.41,169.524,169.368,169.416,6234.0
2025-07-02 05:00:00,169.413,169.479,169.354,169.375,5269.0
2025-07-02 06:00:00,169.374,169.42,169.338,169.366,4667.0
2025-07-02 07:00:00,169.365,169.409,169.294,169.341,4447.0
2025-07-02 08:00:00,169.34,169.533,169.325,169.45,5713.0
2025-07-02 09:00:00,169.444,169.534,169.328,169.425,6963.0
2025-07-02 10:00:00,169.425,169.631,169.401,169.432,7818.0
2025-07-02 11:00:00,169.432,169.536,169.332,169.534,6165.0
2025-07-02 12:00:00,169.533,169.791,169.511,169.667,6577.0
2025-07-02 13:00:00,169.666,169.699,169.281,169.36,5771.0
2025-07-02 14:00:00,169.36,169.498,169.331,169.408,6717.0
2025-07-02 15:00:00,169.408,169.495,169.033,169.147,12832.0
2025-07-02 16:00:00,169.146,169.517,169.09,169.34,11173.0
2025-07-02 17:00:00,169.343,169.506,169.234,169.482,10498.0
2025-07-02 18:00:00,169.48,169.539,169.408,169.487,8271.0
2025-07-02 19:00:00,169.489,169.501,169.352,169.444,6709.0
2025-07-02 20:00:00,169.445,169.538,169.426,169.495,5114.0
2025-07-02 21:00:00,169.493,169.518,169.397,169.463,4987.0
2025-07-02 22:00:00,169.464,169.505,169.426,169.501,4118.0
2025-07-02 23:00:00,169.501,169.505,169.437,169.486,2532.0
2025-07-03 00:00:00,169.409,169.47,169.256,169.406,1469.0
2025-07-03 01:00:00,169.381,169.485,169.373,169.441,1931.0
2025-07-03 02:00:00,169.441,169.447,169.312,169.335,2625.0
2025-07-03 03:00:00,169.337,169.536,169.315,169.526,6682.0
2025-07-03 04:00:00,169.527,169.622,169.413,169.456,5086.0
2025-07-03 05:00:00,169.458,169.569,169.441,169.514,3862.0
2025-07-03 06:00:00,169.513,169.636,169.501,169.624,3376.0
2025-07-03 07:00:00,169.623,169.625,169.502,169.57,3408.0
2025-07-03 08:00:00,169.571,169.707,169.557,169.699,4279.0
2025-07-03 09:00:00,169.701,169.768,169.611,169.682,6309.0
2025-07-03 10:00:00,169.682,169.844,169.576,169.772,6445.0
2025-07-03 11:00:00,169.773,169.872,169.664,169.734,6085.0
2025-07-03 12:00:00,169.738,169.759,169.599,169.637,5870.0
2025-07-03 13:00:00,169.64,169.68,169.524,169.644,4987.0
2025-07-03 14:00:00,169.644,169.679,169.529,169.54,5508.0
2025-07-03 15:00:00,169.539,170.323,169.37,170.216,12483.0
2025-07-03 16:00:00,170.216,170.473,170.175,170.409,12125.0
2025-07-03 17:00:00,170.41,170.614,170.352,170.53,10379.0
2025-07-03 18:00:00,170.53,170.582,170.378,170.438,7869.0
2025-07-03 19:00:00,170.441,170.584,170.408,170.468,5886.0
2025-07-03 20:00:00,170.467,170.565,170.428,170.522,2887.0
2025-07-03 21:00:00,170.522,170.53,170.435,170.48,2858.0
2025-07-03 22:00:00,170.479,170.481,170.371,170.382,2248.0
2025-07-03 23:00:00,170.4,170.443,170.35,170.38,2829.0
2025-07-04 00:00:00,170.335,170.396,170.28,170.362,1301.0
2025-07-04 01:00:00,170.363,170.416,170.322,170.364,2511.0
2025-07-04 02:00:00,170.365,170.409,170.301,170.311,2587.0
2025-07-04 03:00:00,170.311,170.396,170.086,170.155,5954.0
2025-07-04 04:00:00,170.155,170.269,170.133,170.228,5631.0
2025-07-04 05:00:00,170.227,170.283,170.165,170.185,4077.0
2025-07-04 06:00:00,170.184,170.195,170.053,170.103,3619.0
2025-07-04 07:00:00,170.103,170.127,169.991,170.081,4063.0
2025-07-04 08:00:00,170.08,170.138,170.043,170.088,4494.0
2025-07-04 09:00:00,170.081,170.091,169.853,169.937,5477.0
2025-07-04 10:00:00,169.937,170.072,169.872,169.964,7371.0
2025-07-04 11:00:00,169.964,170.015,169.903,169.955,5336.0
2025-07-04 12:00:00,169.955,170.063,169.903,169.98,5595.0
2025-07-04 13:00:00,169.98,170.055,169.949,170.004,5504.0
2025-07-04 14:00:00,170.003,170.063,169.926,169.935,5245.0
2025-07-04 15:00:00,169.934,169.959,169.874,169.936,4651.0
2025-07-04 16:00:00,169.936,170.179,169.936,170.169,4798.0
2025-07-04 17:00:00,170.171,170.252,170.161,170.221,5533.0
2025-07-04 18:00:00,170.219,170.326,170.194,170.235,4239.0
2025-07-04 19:00:00,170.236,170.264,170.125,170.134,4028.0
2025-07-04 20:00:00,170.135,170.178,170.078,170.126,9717.0
2025-07-07 00:00:00,170.103,170.178,169.992,170.129,1078.0
2025-07-07 01:00:00,170.13,170.3,170.06,170.208,3003.0
2025-07-07 02:00:00,170.208,170.301,170.14,170.212,2923.0
2025-07-07 03:00:00,170.214,170.227,169.976,170.049,6590.0
2025-07-07 04:00:00,170.048,170.186,169.883,170.148,6433.0
2025-07-07 05:00:00,170.148,170.453,170.116,170.411,5584.0
2025-07-07 06:00:00,170.412,170.481,170.348,170.452,4380.0
2025-07-07 07:00:00,170.454,170.618,170.36,170.592,4298.0
2025-07-07 08:00:00,170.592,170.734,170.574,170.666,5339.0
2025-07-07 09:00:00,170.668,170.734,170.462,170.489,6423.0
2025-07-07 10:00:00,170.489,170.602,170.392,170.544,7467.0
2025-07-07 11:00:00,170.544,170.586,170.307,170.394,7461.0
2025-07-07 12:00:00,170.393,170.676,170.37,170.648,6066.0
2025-07-07 13:00:00,170.647,170.719,170.527,170.555,5723.0
2025-07-07 14:00:00,170.557,170.665,170.482,170.655,5587.0
2025-07-07 15:00:00,170.654,170.764,170.619,170.668,6416.0
2025-07-07 16:00:00,170.667,171.117,170.646,171.02,7642.0
2025-07-07 17:00:00,171.02,171.206,170.962,171.15,7443.0
2025-07-07 18:00:00,171.15,171.217,171.091,171.145,6280.0
2025-07-07 19:00:00,171.147,171.27,170.783,170.876,9112.0
2025-07-07 20:00:00,170.879,171.125,170.756,170.992,7870.0
2025-07-07 21:00:00,170.992,171.318,170.973,171.297,6472.0
2025-07-07 22:00:00,171.299,171.304,171.142,171.166,4464.0
2025-07-07 23:00:00,171.166,171.193,170.953,171.012,2754.0
2025-07-08 00:00:00,170.921,171.01,170.894,170.911,720.0
2025-07-08 01:00:00,170.891,171.202,170.89,171.176,3344.0
2025-07-08 02:00:00,171.177,171.403,171.174,171.211,3959.0
2025-07-08 03:00:00,171.211,171.675,171.182,171.639,8166.0
2025-07-08 04:00:00,171.645,171.803,171.499,171.668,7040.0
2025-07-08 05:00:00,171.668,171.698,171.479,171.49,5201.0
2025-07-08 06:00:00,171.49,171.681,171.46,171.588,4430.0
2025-07-08 07:00:00,171.589,171.595,171.328,171.42,5543.0
2025-07-08 08:00:00,171.419,171.517,171.324,171.438,5502.0
2025-07-08 09:00:00,171.442,171.736,171.431,171.72,6788.0
2025-07-08 10:00:00,171.721,171.813,171.675,171.736,7599.0
2025-07-08 11:00:00,171.736,171.848,171.723,171.752,7144.0
2025-07-08 12:00:00,171.758,171.808,171.577,171.703,6196.0
2025-07-08 13:00:00,171.703,171.766,171.557,171.705,5535.0
2025-07-08 14:00:00,171.704,172.002,171.701,171.825,5618.0
2025-07-08 15:00:00,171.825,171.895,171.674,171.888,7274.0
2025-07-08 16:00:00,171.887,171.952,171.754,171.794,8523.0
2025-07-08 17:00:00,171.789,171.861,171.648,171.777,9447.0
2025-07-08 18:00:00,171.776,171.998,171.762,171.87,7845.0
2025-07-08 19:00:00,171.869,171.872,171.698,171.823,7670.0
2025-07-08 20:00:00,171.822,172.019,171.801,172.018,7091.0
2025-07-08 21:00:00,172.016,172.027,171.941,171.963,5967.0
2025-07-08 22:00:00,171.967,171.991,171.88,171.904,4012.0
2025-07-08 23:00:00,171.904,171.907,171.81,171.81,3721.0
2025-07-09 00:00:00,171.792,171.795,171.652,171.742,2090.0
2025-07-09 01:00:00,171.754,171.939,171.694,171.93,2072.0
2025-07-09 02:00:00,171.928,172.18,171.909,172.178,3055.0
2025-07-09 03:00:00,172.18,172.212,172.022,172.108,6325.0
2025-07-09 04:00:00,172.109,172.278,172.035,172.134,6501.0
2025-07-09 05:00:00,172.135,172.23,172.108,172.221,5788.0
2025-07-09 06:00:00,172.22,172.264,172.155,172.166,4961.0
2025-07-09 07:00:00,172.167,172.268,172.164,172.219,4473.0
2025-07-09 08:00:00,172.219,172.258,172.147,172.221,5054.0
2025-07-09 09:00:00,172.221,172.255,172.13,172.138,6211.0
2025-07-09 10:00:00,172.137,172.176,171.831,171.913,7119.0
2025-07-09 11:00:00,171.913,171.95,171.745,171.804,6523.0
2025-07-09 12:00:00,171.804,171.831,171.623,171.751,5617.0
2025-07-09 13:00:00,171.751,171.756,171.567,171.621,5322.0
2025-07-09 14:00:00,171.621,171.744,171.55,171.583,5348.0
2025-07-09 15:00:00,171.584,171.735,171.572,171.617,7430.0
2025-07-09 16:00:00,171.617,171.637,171.4,171.403,8589.0
2025-07-09 17:00:00,171.403,171.624,171.345,171.582,8355.0
2025-07-09 18:00:00,171.582,171.651,171.488,171.532,6282.0
2025-07-09 19:00:00,171.531,171.533,171.306,171.375,4549.0
2025-07-09 20:00:00,171.372,171.393,171.267,171.286,4368.0
2025-07-09 21:00:00,171.282,171.419,171.267,171.401,5215.0
2025-07-09 22:00:00,171.408,171.503,171.402,171.463,3189.0
2025-07-09 23:00:00,171.462,171.639,171.46,171.499,3794.0
2025-07-10 00:00:00,171.336,171.472,171.334,171.471,1203.0
2025-07-10 01:00:00,171.469,171.522,171.427,171.461,1630.0
2025-07-10 02:00:00,171.451,171.533,171.307,171.498,2760.0
2025-07-10 03:00:00,171.494,171.517,171.176,171.245,7306.0
2025-07-10 04:00:00,171.245,171.369,171.178,171.282,5457.0
2025-07-10 05:00:00,171.281,171.497,171.263,171.485,4217.0
2025-07-10 06:00:00,171.483,171.623,171.478,171.617,3241.0
2025-07-10 07:00:00,171.62,171.743,171.573,171.589,3203.0
2025-07-10 08:00:00,171.589,171.758,171.556,171.694,3362.0
2025-07-10 09:00:00,171.694,171.722,171.454,171.468,5856.0
2025-07-10 10:00:00,171.471,171.776,171.41,171.634,6831.0
2025-07-10 11:00:00,171.635,171.717,171.582,171.642,5151.0
2025-07-10 12:00:00,171.643,171.684,171.476,171.483,4542.0
2025-07-10 13:00:00,171.477,171.541,171.342,171.375,4321.0
2025-07-10 14:00:00,171.376,171.446,171.268,171.281,5120.0
2025-07-10 15:00:00,171.283,171.504,171.189,171.43,7468.0
2025-07-10 16:00:00,171.43,171.5,171.314,171.386,8249.0
2025-07-10 17:00:00,171.387,171.429,171.055,171.12,9330.0
2025-07-10 18:00:00,171.12,171.243,171.072,171.183,6760.0
2025-07-10 19:00:00,171.182,171.202,171.089,171.144,5633.0
2025-07-10 20:00:00,171.143,171.154,171.039,171.045,4588.0
2025-07-10 21:00:00,171.045,171.052,170.933,170.985,4665.0
2025-07-10 22:00:00,170.986,171.033,170.973,171.033,3392.0
2025-07-10 23:00:00,171.033,171.105,170.982,171.097,3213.0
2025-07-11 00:00:00,171.088,171.133,170.928,171.117,1329.0
2025-07-11 01:00:00,171.118,171.175,171.089,171.155,1865.0
2025-07-11 02:00:00,171.153,171.177,171.049,171.171,2382.0
2025-07-11 03:00:00,171.172,171.237,170.807,171.099,9778.0
2025-07-11 04:00:00,171.099,171.468,171.079,171.35,7885.0
2025-07-11 05:00:00,171.351,171.649,171.335,171.584,5607.0
2025-07-11 06:00:00,171.585,171.695,171.524,171.66,4124.0
2025-07-11 07:00:00,171.659,171.771,171.607,171.738,4521.0
2025-07-11 08:00:00,171.738,171.769,171.47,171.509,4880.0
2025-07-11 09:00:00,171.509,171.615,171.417,171.53,6960.0
2025-07-11 10:00:00,171.529,171.736,171.519,171.654,7156.0
2025-07-11 11:00:00,171.654,171.746,171.543,171.713,6949.0
2025-07-11 12:00:00,171.714,171.97,171.665,171.93,5747.0
2025-07-11 13:00:00,171.929,171.949,171.599,171.665,5537.0
2025-07-11 14:00:00,171.665,171.863,171.661,171.839,6045.0
2025-07-11 15:00:00,171.84,171.874,171.654,171.786,7157.0
2025-07-11 16:00:00,171.787,172.158,171.768,172.158,9069.0
2025-07-11 17:00:00,172.158,172.347,172.145,172.269,8820.0
2025-07-11 18:00:00,172.269,172.427,172.264,172.273,6899.0
2025-07-11 19:00:00,172.273,172.387,172.233,172.29,5361.0
2025-07-11 20:00:00,172.291,172.357,172.261,172.35,3549.0
2025-07-14 00:00:00,171.648,171.826,171.618,171.741,1593.0
2025-07-14 01:00:00,171.728,172.092,171.717,172.057,5335.0
2025-07-14 02:00:00,172.057,172.149,171.95,172.081,4835.0
2025-07-14 03:00:00,172.085,172.094,171.795,171.834,6803.0
2025-07-14 04:00:00,171.835,171.987,171.763,171.919,6376.0
2025-07-14 05:00:00,171.919,172.022,171.886,171.939,4340.0
2025-07-14 06:00:00,171.936,172.116,171.882,172.067,4494.0
2025-07-14 07:00:00,172.066,172.177,171.951,172.057,4421.0
2025-07-14 08:00:00,172.056,172.09,171.935,171.969,4803.0
2025-07-14 09:00:00,171.971,171.985,171.726,171.759,6042.0
2025-07-14 10:00:00,171.763,172.209,171.758,172.207,7239.0
2025-07-14 11:00:00,172.209,172.231,171.97,172.103,6824.0
2025-07-14 12:00:00,172.104,172.199,171.98,172.192,5643.0
2025-07-14 13:00:00,172.191,172.208,172.071,172.145,4862.0
2025-07-14 14:00:00,172.146,172.364,172.144,172.303,5400.0
2025-07-14 15:00:00,172.303,172.308,172.068,172.238,6068.0
2025-07-14 16:00:00,172.238,172.259,172.083,172.136,7478.0
2025-07-14 17:00:00,172.137,172.391,172.085,172.285,7771.0
2025-07-14 18:00:00,172.279,172.47,172.272,172.373,7102.0
2025-07-14 19:00:00,172.373,172.437,172.228,172.266,5632.0
2025-07-14 20:00:00,172.268,172.325,172.208,172.273,3643.0
2025-07-14 21:00:00,172.272,172.448,172.271,172.438,4436.0
2025-07-14 22:00:00,172.437,172.437,172.335,172.364,2327.0
2025-07-14 23:00:00,172.364,172.421,172.319,172.331,2220.0
2025-07-15 00:00:00,172.209,172.331,172.178,172.263,800.0
2025-07-15 01:00:00,172.276,172.416,172.23,172.39,1971.0
2025-07-15 02:00:00,172.394,172.473,172.388,172.394,2312.0
2025-07-15 03:00:00,172.395,172.477,172.256,172.266,5393.0
2025-07-15 04:00:00,172.266,172.497,172.26,172.442,4979.0
2025-07-15 05:00:00,172.441,172.487,172.305,172.329,4030.0
2025-07-15 06:00:00,172.327,172.439,172.263,172.417,2964.0
2025-07-15 07:00:00,172.418,172.465,172.373,172.411,2459.0
2025-07-15 08:00:00,172.411,172.466,172.394,172.446,3210.0
2025-07-15 09:00:00,172.449,172.586,172.428,172.475,4888.0
2025-07-15 10:00:00,172.475,172.735,172.448,172.705,6066.0
2025-07-15 11:00:00,172.705,172.728,172.515,172.591,5360.0
2025-07-15 12:00:00,172.589,172.607,172.472,172.59,4789.0
2025-07-15 13:00:00,172.591,172.644,172.511,172.606,4334.0
2025-07-15 14:00:00,172.605,172.694,172.57,172.606,5162.0
2025-07-15 15:00:00,172.602,172.868,172.427,172.71,9708.0
2025-07-15 16:00:00,172.709,173.056,172.702,172.991,10755.0
2025-07-15 17:00:00,172.991,173.083,172.9,172.904,10764.0
2025-07-15 18:00:00,172.904,172.954,172.801,172.825,7876.0
2025-07-15 19:00:00,172.825,172.867,172.641,172.653,6074.0
2025-07-15 20:00:00,172.653,172.756,172.627,172.723,4842.0
2025-07-15 21:00:00,172.721,172.747,172.674,172.71,3413.0
2025-07-15 22:00:00,172.709,172.775,172.628,172.675,2810.0
2025-07-15 23:00:00,172.676,172.742,172.661,172.679,2629.0
2025-07-16 00:00:00,172.642,172.701,172.578,172.605,768.0
2025-07-16 01:00:00,172.608,172.804,172.595,172.765,1885.0
2025-07-16 02:00:00,172.765,172.825,172.63,172.692,2968.0
2025-07-16 03:00:00,172.691,172.994,172.613,172.928,6421.0
2025-07-16 04:00:00,172.929,172.98,172.753,172.84,6067.0
2025-07-16 05:00:00,172.84,172.927,172.817,172.884,4282.0
2025-07-16 06:00:00,172.883,173.07,172.873,173.05,3588.0
2025-07-16 07:00:00,173.055,173.236,173.022,173.052,4256.0
2025-07-16 08:00:00,173.058,173.076,172.877,172.934,5071.0
2025-07-16 09:00:00,172.943,173.004,172.786,172.841,6366.0
2025-07-16 10:00:00,172.838,173.01,172.797,172.982,6931.0
2025-07-16 11:00:00,172.983,173.043,172.848,173.025,6016.0
2025-07-16 12:00:00,173.024,173.082,172.678,172.742,5681.0
2025-07-16 13:00:00,172.743,172.783,172.628,172.763,4455.0
2025-07-16 14:00:00,172.765,172.769,172.591,172.616,5517.0
2025-07-16 15:00:00,172.617,172.632,172.363,172.474,9370.0
2025-07-16 16:00:00,172.473,172.503,172.197,172.208,9611.0
2025-07-16 17:00:00,172.207,172.24,171.937,172.114,10039.0
2025-07-16 18:00:00,172.114,172.424,171.836,172.23,19997.0
2025-07-16 19:00:00,172.241,172.492,172.2,172.311,13175.0
2025-07-16 20:00:00,172.31,172.327,171.864,171.92,8345.0
2025-07-16 21:00:00,171.92,172.039,171.839,172.027,4877.0
2025-07-16 22:00:00,172.027,172.068,171.971,172.028,4164.0
2025-07-16 23:00:00,172.028,172.171,172.027,172.059,3854.0
2025-07-17 00:00:00,172.012,172.047,171.796,171.908,1785.0
2025-07-17 01:00:00,171.902,172.167,171.902,172.087,2572.0
2025-07-17 02:00:00,172.079,172.266,172.012,172.212,2659.0
2025-07-17 03:00:00,172.217,172.493,172.205,172.488,6026.0
2025-07-17 04:00:00,172.488,172.562,172.329,172.5,6493.0
2025-07-17 05:00:00,172.503,172.579,172.43,172.489,4263.0
2025-07-17 06:00:00,172.489,172.673,172.445,172.611,3637.0
2025-07-17 07:00:00,172.61,172.674,172.522,172.536,3183.0
2025-07-17 08:00:00,172.537,172.615,172.455,172.497,4236.0
2025-07-17 09:00:00,172.499,172.598,172.155,172.171,7971.0
2025-07-17 10:00:00,172.17,172.428,172.128,172.389,7149.0
2025-07-17 11:00:00,172.388,172.562,172.375,172.394,6341.0
2025-07-17 12:00:00,172.395,172.525,172.337,172.421,5323.0
2025-07-17 13:00:00,172.421,172.436,172.199,172.226,5053.0
2025-07-17 14:00:00,172.227,172.276,172.14,172.199,5395.0
2025-07-17 15:00:00,172.198,172.465,172.189,172.33,9291.0
2025-07-17 16:00:00,172.33,172.349,172.079,172.162,9655.0
2025-07-17 17:00:00,172.161,172.177,171.945,172.062,8846.0
2025-07-17 18:00:00,172.063,172.303,172.043,172.278,7364.0
2025-07-17 19:00:00,172.279,172.305,172.2,172.207,6152.0
2025-07-17 20:00:00,172.208,172.253,172.166,172.231,4624.0
2025-07-17 21:00:00,172.231,172.354,172.214,172.296,4599.0
2025-07-17 22:00:00,172.297,172.375,172.288,172.337,4664.0
2025-07-17 23:00:00,172.337,172.349,172.275,172.346,3060.0
2025-07-18 00:00:00,172.22,172.329,172.136,172.248,1106.0
2025-07-18 01:00:00,172.244,172.4,172.228,172.312,2741.0
2025-07-18 02:00:00,172.311,172.438,172.291,172.43,2481.0
2025-07-18 03:00:00,172.43,172.739,172.351,172.735,6190.0
2025-07-18 04:00:00,172.736,172.762,172.575,172.68,6131.0
2025-07-18 05:00:00,172.679,172.735,172.589,172.726,3763.0
2025-07-18 06:00:00,172.726,172.868,172.683,172.818,4693.0
2025-07-18 07:00:00,172.818,172.851,172.724,172.748,3819.0
2025-07-18 08:00:00,172.752,172.862,172.71,172.828,4699.0
2025-07-18 09:00:00,172.827,172.921,172.729,172.851,5326.0
2025-07-18 10:00:00,172.852,173.109,172.849,173.027,6388.0
2025-07-18 11:00:00,173.027,173.076,172.878,172.904,6567.0
2025-07-18 12:00:00,172.904,173.09,172.867,173.008,5240.0
2025-07-18 13:00:00,173.008,173.013,172.826,172.885,5385.0
2025-07-18 14:00:00,172.885,173.023,172.877,172.933,5886.0
2025-07-18 15:00:00,172.933,173.019,172.878,172.943,7000.0
2025-07-18 16:00:00,172.942,173.058,172.867,172.927,8386.0
2025-07-18 17:00:00,172.911,173.031,172.889,172.958,9325.0
2025-07-18 18:00:00,172.958,173.071,172.924,172.994,7381.0
2025-07-18 19:00:00,172.994,173.084,172.889,172.916,6415.0
2025-07-18 20:00:00,172.917,172.962,172.864,172.925,5382.0
2025-07-21 00:00:00,171.925,172.429,171.925,172.341,2105.0
2025-07-21 01:00:00,172.358,172.848,172.358,172.755,5911.0
2025-07-21 02:00:00,172.752,172.823,172.58,172.646,3919.0
2025-07-21 03:00:00,172.646,172.652,172.359,172.415,6297.0
2025-07-21 04:00:00,172.427,172.563,172.422,172.534,6064.0
2025-07-21 05:00:00,172.534,172.6,172.508,172.586,4043.0
2025-07-21 06:00:00,172.585,172.63,172.506,172.593,3546.0
2025-07-21 07:00:00,172.594,172.666,172.576,172.629,3192.0
2025-07-21 08:00:00,172.629,172.63,172.462,172.523,4484.0
2025-07-21 09:00:00,172.524,172.527,172.0,172.219,7118.0
2025-07-21 10:00:00,172.217,172.536,172.177,172.443,7101.0
2025-07-21 11:00:00,172.436,172.451,172.04,172.185,7125.0
2025-07-21 12:00:00,172.185,172.288,172.128,172.242,5254.0
2025-07-21 13:00:00,172.243,172.253,172.039,172.073,5225.0
2025-07-21 14:00:00,172.074,172.285,172.046,172.154,6446.0
2025-07-21 15:00:00,172.154,172.162,171.914,172.054,7005.0
2025-07-21 16:00:00,172.054,172.217,172.022,172.084,7357.0
2025-07-21 17:00:00,172.087,172.449,172.054,172.434,8811.0
2025-07-21 18:00:00,172.431,172.556,172.357,172.372,7675.0
2025-07-21 19:00:00,172.371,172.385,172.072,172.18,5395.0
2025-07-21 20:00:00,172.176,172.251,172.11,172.148,4322.0
2025-07-21 21:00:00,172.148,172.297,172.104,172.278,3435.0
2025-07-21 22:00:00,172.279,172.292,172.227,172.252,2859.0
2025-07-21 23:00:00,172.25,172.339,172.246,172.305,2750.0
2025-07-22 00:00:00,172.218,172.278,172.05,172.153,968.0
2025-07-22 01:00:00,172.153,172.377,172.135,172.372,1887.0
2025-07-22 02:00:00,172.372,172.476,172.342,172.383,2308.0
2025-07-22 03:00:00,172.382,172.596,172.301,172.39,6801.0
2025-07-22 04:00:00,172.389,172.518,172.359,172.498,5277.0
2025-07-22 05:00:00,172.499,172.509,172.369,172.394,3984.0
2025-07-22 06:00:00,172.396,172.496,172.329,172.476,3723.0
2025-07-22 07:00:00,172.475,172.626,172.472,172.562,3751.0
2025-07-22 08:00:00,172.562,172.735,172.548,172.706,4031.0
2025-07-22 09:00:00,172.702,172.872,172.648,172.815,5148.0
2025-07-22 10:00:00,172.818,172.932,172.608,172.608,5808.0
2025-07-22 11:00:00,172.608,172.828,172.511,172.689,6308.0
2025-07-22 12:00:00,172.689,172.694,172.516,172.579,5677.0
2025-07-22 13:00:00,172.579,172.674,172.539,172.641,4208.0
2025-07-22 14:00:00,172.64,172.679,172.19,172.24,5924.0
2025-07-22 15:00:00,172.241,172.258,171.482,171.619,7849.0
2025-07-22 16:00:00,171.62,171.684,171.456,171.555,9578.0
2025-07-22 17:00:00,171.554,171.684,171.362,171.663,10699.0
2025-07-22 18:00:00,171.669,172.019,171.615,171.957,9249.0
2025-07-22 19:00:00,171.959,172.198,171.953,172.123,6436.0
2025-07-22 20:00:00,172.126,172.184,172.057,172.144,5310.0
2025-07-22 21:00:00,172.141,172.19,172.092,172.179,4478.0
2025-07-22 22:00:00,172.179,172.275,172.129,172.226,2979.0
2025-07-22 23:00:00,172.226,172.391,172.207,172.36,2718.0
2025-07-23 00:00:00,172.294,172.32,172.091,172.211,1245.0
2025-07-23 01:00:00,172.22,172.412,172.083,172.339,1959.0
2025-07-23 02:00:00,172.339,172.475,171.916,172.262,6553.0
2025-07-23 03:00:00,172.261,172.281,171.672,172.025,9329.0
2025-07-23 04:00:00,172.026,172.22,171.902,172.073,8268.0
2025-07-23 05:00:00,172.074,172.739,171.908,172.417,7779.0
2025-07-23 06:00:00,172.426,172.531,172.33,172.476,5022.0
2025-07-23 07:00:00,172.476,172.576,172.425,172.433,5392.0
2025-07-23 08:00:00,172.433,172.668,172.367,172.627,6232.0
2025-07-23 09:00:00,172.626,172.691,172.091,172.448,7372.0
2025-07-23 10:00:00,172.448,172.491,172.187,172.316,7719.0
2025-07-23 11:00:00,172.316,172.371,172.204,172.231,6774.0
2025-07-23 12:00:00,172.231,172.24,171.896,171.934,6260.0
2025-07-23 13:00:00,171.934,171.952,171.64,171.681,5615.0
2025-07-23 14:00:00,171.681,171.684,171.369,171.437,6540.0
2025-07-23 15:00:00,171.437,171.764,171.394,171.67,6513.0
2025-07-23 16:00:00,171.671,171.923,171.622,171.837,9230.0
2025-07-23 17:00:00,171.839,171.861,171.624,171.801,7913.0
2025-07-23 18:00:00,171.8,172.194,171.641,172.151,7570.0
2025-07-23 19:00:00,172.153,172.362,172.064,172.246,8994.0
2025-07-23 20:00:00,172.247,172.415,172.126,172.317,6400.0
2025-07-23 21:00:00,172.317,172.427,172.258,172.411,4947.0
2025-07-23 22:00:00,172.415,172.545,172.393,172.509,3781.0
2025-07-23 23:00:00,172.509,172.518,172.383,172.43,3563.0
2025-07-24 00:00:00,172.324,172.399,172.253,172.326,1281.0
2025-07-24 01:00:00,172.326,172.505,172.255,172.418,2873.0
2025-07-24 02:00:00,172.423,172.429,172.248,172.295,3302.0
2025-07-24 03:00:00,172.295,172.379,172.158,172.306,6906.0
2025-07-24 04:00:00,172.306,172.318,171.754,171.833,7512.0
2025-07-24 05:00:00,171.833,172.071,171.833,171.989,5336.0
2025-07-24 06:00:00,171.988,172.048,171.853,171.928,4532.0
2025-07-24 07:00:00,171.929,172.006,171.87,171.924,4196.0
2025-07-24 08:00:00,171.921,172.021,171.87,171.871,5522.0
2025-07-24 09:00:00,171.872,172.123,171.853,171.973,6878.0
2025-07-24 10:00:00,171.973,172.26,171.946,172.195,7709.0
2025-07-24 11:00:00,172.188,172.316,172.165,172.306,6428.0
2025-07-24 12:00:00,172.307,172.365,172.208,172.23,6392.0
2025-07-24 13:00:00,172.228,172.287,172.162,172.204,5325.0
2025-07-24 14:00:00,172.206,172.25,172.137,172.202,5452.0
2025-07-24 15:00:00,172.203,172.321,172.105,172.279,8290.0
2025-07-24 16:00:00,172.28,172.752,172.234,172.507,11574.0
2025-07-24 17:00:00,172.484,172.741,172.446,172.705,10729.0
2025-07-24 18:00:00,172.706,172.881,172.702,172.854,8399.0
2025-07-24 19:00:00,172.854,172.929,172.675,172.789,5920.0
2025-07-24 20:00:00,172.79,172.857,172.699,172.795,4734.0
2025-07-24 21:00:00,172.797,172.87,172.757,172.859,4229.0
2025-07-24 22:00:00,172.86,172.895,172.761,172.769,3145.0
2025-07-24 23:00:00,172.769,172.779,172.618,172.707,4288.0
2025-07-25 00:00:00,172.614,172.79,172.378,172.754,1339.0
2025-07-25 01:00:00,172.773,172.931,172.741,172.82,2714.0
2025-07-25 02:00:00,172.826,172.897,172.753,172.803,2867.0
2025-07-25 03:00:00,172.804,173.162,172.786,173.037,6774.0
2025-07-25 04:00:00,173.037,173.175,173.006,173.043,6391.0
2025-07-25 05:00:00,173.043,173.14,173.025,173.057,4318.0
2025-07-25 06:00:00,173.056,173.062,172.842,172.87,3657.0
2025-07-25 07:00:00,172.864,172.932,172.707,172.743,3918.0
2025-07-25 08:00:00,172.742,172.797,172.476,172.601,4531.0
2025-07-25 09:00:00,172.599,172.893,172.556,172.761,6850.0
2025-07-25 10:00:00,172.759,173.248,172.752,173.221,7785.0
2025-07-25 11:00:00,173.218,173.612,173.214,173.512,8362.0
2025-07-25 12:00:00,173.511,173.584,173.411,173.526,5938.0
2025-07-25 13:00:00,173.527,173.544,173.302,173.309,5389.0
2025-07-25 14:00:00,173.307,173.333,173.069,173.089,6275.0
2025-07-25 15:00:00,173.089,173.295,173.054,173.259,6384.0
2025-07-25 16:00:00,173.26,173.293,172.978,173.098,11867.0
2025-07-25 17:00:00,173.097,173.309,173.053,173.278,9451.0
2025-07-25 18:00:00,173.277,173.393,173.221,173.337,7248.0
2025-07-25 19:00:00,173.337,173.338,173.215,173.303,5872.0
2025-07-25 20:00:00,173.305,173.361,173.286,173.318,4460.0
2025-07-28 00:00:00,173.586,173.724,173.532,173.658,1616.0
2025-07-28 01:00:00,173.658,173.772,173.564,173.756,3798.0
2025-07-28 02:00:00,173.754,173.868,173.706,173.727,3747.0
2025-07-28 03:00:00,173.728,173.852,173.633,173.655,7948.0
2025-07-28 04:00:00,173.654,173.827,173.596,173.777,6943.0
2025-07-28 05:00:00,173.776,173.9,173.751,173.781,5085.0
2025-07-28 06:00:00,173.777,173.797,173.618,173.665,3777.0
2025-07-28 07:00:00,173.664,173.666,173.535,173.561,4414.0
2025-07-28 08:00:00,173.561,173.622,173.464,173.592,4653.0
2025-07-28 09:00:00,173.594,173.773,173.489,173.491,7932.0
2025-07-28 10:00:00,173.491,173.501,173.089,173.123,9319.0
2025-07-28 11:00:00,173.123,173.273,173.101,173.171,7746.0
2025-07-28 12:00:00,173.166,173.247,173.023,173.124,6994.0
2025-07-28 13:00:00,173.125,173.151,172.967,173.015,6485.0
2025-07-28 14:00:00,173.011,173.038,172.485,172.603,7529.0
2025-07-28 15:00:00,172.603,172.74,172.548,172.602,8798.0
2025-07-28 16:00:00,172.595,172.606,172.285,172.526,9924.0
2025-07-28 17:00:00,172.516,172.563,172.397,172.552,9059.0
2025-07-28 18:00:00,172.552,172.586,172.344,172.346,7695.0
2025-07-28 19:00:00,172.347,172.385,172.218,172.233,5392.0
2025-07-28 20:00:00,172.234,172.257,172.066,172.172,4864.0
2025-07-28 21:00:00,172.172,172.253,172.091,172.244,4164.0
2025-07-28 22:00:00,172.239,172.242,172.146,172.188,2773.0
2025-07-28 23:00:00,172.185,172.23,172.062,172.133,2575.0
2025-07-29 00:00:00,171.928,172.184,171.928,172.172,914.0
2025-07-29 01:00:00,172.17,172.252,172.075,172.166,2116.0
2025-07-29 02:00:00,172.167,172.263,172.152,172.153,2201.0
2025-07-29 03:00:00,172.156,172.285,172.05,172.25,5986.0
2025-07-29 04:00:00,172.251,172.323,172.077,172.232,6100.0
2025-07-29 05:00:00,172.231,172.251,171.97,172.037,4256.0
2025-07-29 06:00:00,172.037,172.066,171.797,171.84,3735.0
2025-07-29 07:00:00,171.841,171.919,171.76,171.915,4376.0
2025-07-29 08:00:00,171.915,171.918,171.577,171.643,4350.0
2025-07-29 09:00:00,171.643,171.73,171.265,171.295,8103.0
2025-07-29 10:00:00,171.297,171.682,171.297,171.678,8843.0
2025-07-29 11:00:00,171.68,171.867,171.616,171.864,6687.0
2025-07-29 12:00:00,171.866,172.086,171.726,171.974,6353.0
2025-07-29 13:00:00,171.975,172.029,171.903,171.923,5470.0
2025-07-29 14:00:00,171.924,171.944,171.568,171.617,6621.0
2025-07-29 15:00:00,171.616,171.628,171.38,171.385,7184.0
2025-07-29 16:00:00,171.383,171.536,171.301,171.499,8572.0
2025-07-29 17:00:00,171.482,171.563,171.078,171.078,11595.0
2025-07-29 18:00:00,171.08,171.387,171.048,171.359,8666.0
2025-07-29 19:00:00,171.361,171.535,171.359,171.463,6326.0
2025-07-29 20:00:00,171.463,171.542,171.371,171.376,6278.0
2025-07-29 21:00:00,171.376,171.535,171.372,171.441,4844.0
2025-07-29 22:00:00,171.441,171.526,171.425,171.519,3671.0
2025-07-29 23:00:00,171.518,171.54,171.391,171.395,2440.0
2025-07-30 00:00:00,171.34,171.4,171.336,171.37,752.0
2025-07-30 01:00:00,171.352,171.506,171.352,171.483,1934.0
2025-07-30 02:00:00,171.483,171.548,171.431,171.437,1622.0
2025-07-30 03:00:00,171.44,171.533,171.233,171.258,6708.0
2025-07-30 04:00:00,171.257,171.325,171.194,171.318,6798.0
2025-07-30 05:00:00,171.315,171.321,171.19,171.194,4506.0
2025-07-30 06:00:00,171.191,171.191,171.027,171.084,4817.0
2025-07-30 07:00:00,171.083,171.179,171.035,171.137,3870.0
2025-07-30 08:00:00,171.138,171.143,170.892,170.971,5077.0
2025-07-30 09:00:00,170.971,171.049,170.893,170.921,7044.0
2025-07-30 10:00:00,170.922,171.169,170.862,171.083,7568.0
2025-07-30 11:00:00,171.082,171.124,170.967,170.996,6433.0
2025-07-30 12:00:00,170.996,171.043,170.873,171.007,6430.0
2025-07-30 13:00:00,171.005,171.124,170.976,170.987,6460.0
2025-07-30 14:00:00,170.985,171.017,170.793,171.015,6462.0
2025-07-30 15:00:00,171.015,171.056,170.71,170.777,11673.0
2025-07-30 16:00:00,170.777,170.961,170.699,170.954,10482.0
2025-07-30 17:00:00,170.953,171.024,170.859,170.975,8807.0
2025-07-30 18:00:00,170.973,171.051,170.926,170.974,7876.0
2025-07-30 19:00:00,170.974,171.02,170.865,170.878,5829.0
2025-07-30 20:00:00,170.877,170.928,170.748,170.751,5271.0
2025-07-30 21:00:00,170.732,170.926,170.566,170.621,13855.0
2025-07-30 22:00:00,170.62,170.705,170.498,170.684,9439.0
2025-07-30 23:00:00,170.691,170.75,170.439,170.503,5043.0
2025-07-31 00:00:00,170.473,170.483,170.381,170.449,1658.0
2025-07-31 01:00:00,170.448,170.634,170.385,170.558,2957.0
2025-07-31 02:00:00,170.558,170.677,170.521,170.531,3202.0
2025-07-31 03:00:00,170.532,170.79,170.517,170.719,6382.0
2025-07-31 04:00:00,170.72,170.721,170.259,170.29,6622.0
2025-07-31 05:00:00,170.29,170.303,169.884,170.104,5609.0
2025-07-31 06:00:00,170.104,170.116,169.717,169.918,6508.0
2025-07-31 07:00:00,169.918,170.271,169.896,170.261,4847.0
2025-07-31 08:00:00,170.26,170.367,170.101,170.162,5267.0
2025-07-31 09:00:00,170.161,170.688,170.131,170.591,9066.0
2025-07-31 10:00:00,170.587,171.287,170.522,171.016,9596.0
2025-07-31 11:00:00,171.015,171.364,170.947,171.33,8238.0
2025-07-31 12:00:00,171.33,171.498,171.222,171.442,6726.0
2025-07-31 13:00:00,171.441,171.584,171.29,171.53,6592.0
2025-07-31 14:00:00,171.529,171.682,171.444,171.597,7374.0
2025-07-31 15:00:00,171.598,171.728,171.467,171.646,9255.0
2025-07-31 16:00:00,171.646,171.843,171.498,171.813,9127.0
2025-07-31 17:00:00,171.813,172.291,171.743,172.215,10751.0
2025-07-31 18:00:00,172.215,172.291,172.078,172.138,9310.0
2025-07-31 19:00:00,172.143,172.316,172.103,172.122,6893.0
2025-07-31 20:00:00,172.122,172.125,171.924,172.046,6358.0
2025-07-31 21:00:00,172.047,172.32,172.034,172.261,5375.0
2025-07-31 22:00:00,172.261,172.334,172.087,172.091,4783.0
2025-07-31 23:00:00,172.093,172.16,172.033,172.079,3674.0
2025-08-01 00:00:00,171.985,172.08,171.96,172.017,741.0
2025-08-01 01:00:00,172.021,172.178,172.012,172.112,3161.0
2025-08-01 02:00:00,172.109,172.278,172.037,172.255,4476.0
2025-08-01 03:00:00,172.253,172.304,172.062,172.205,7627.0
2025-08-01 04:00:00,172.204,172.387,172.079,172.137,8085.0
2025-08-01 05:00:00,172.138,172.156,171.962,172.038,6015.0
2025-08-01 06:00:00,172.039,172.094,171.923,171.94,4712.0
2025-08-01 07:00:00,171.939,172.025,171.903,171.978,4008.0
2025-08-01 08:00:00,171.978,172.018,171.926,172.004,4760.0
2025-08-01 09:00:00,172.007,172.224,171.988,172.128,6731.0
2025-08-01 10:00:00,172.127,172.16,171.827,171.901,8221.0
2025-08-01 11:00:00,171.896,171.942,171.747,171.795,6936.0
2025-08-01 12:00:00,171.795,171.835,171.486,171.588,6757.0
2025-08-01 13:00:00,171.587,171.697,171.545,171.588,6951.0
2025-08-01 14:00:00,171.589,171.697,171.559,171.657,6747.0
2025-08-01 15:00:00,171.657,171.986,171.426,171.607,15334.0
2025-08-01 16:00:00,171.604,171.615,171.134,171.278,17928.0
2025-08-01 17:00:00,171.273,171.439,170.896,171.133,17702.0
2025-08-01 18:00:00,171.135,171.166,170.847,171.072,12153.0
2025-08-01 19:00:00,171.07,171.103,170.564,170.581,8586.0
2025-08-01 20:00:00,170.581,170.618,170.278,170.458,8681.0
2025-08-04 00:00:00,170.599,170.738,170.481,170.537,1206.0
2025-08-04 01:00:00,170.548,170.676,170.463,170.565,4792.0
2025-08-04 02:00:00,170.566,170.746,170.491,170.738,4561.0
2025-08-04 03:00:00,170.739,170.776,170.512,170.656,9334.0
2025-08-04 04:00:00,170.655,171.02,170.62,170.985,8000.0
2025-08-04 05:00:00,170.984,171.149,170.849,171.085,6086.0
2025-08-04 06:00:00,171.084,171.109,170.925,171.016,4925.0
2025-08-04 07:00:00,171.015,171.027,170.925,170.942,4451.0
2025-08-04 08:00:00,170.944,171.078,170.926,170.987,5344.0
2025-08-04 09:00:00,170.987,171.074,170.745,170.84,7858.0
2025-08-04 10:00:00,170.846,171.083,170.802,171.006,9324.0
2025-08-04 11:00:00,171.006,171.166,170.914,170.936,8274.0
2025-08-04 12:00:00,170.935,171.055,170.836,170.936,7281.0
2025-08-04 13:00:00,170.936,170.956,170.786,170.805,6702.0
2025-08-04 14:00:00,170.805,170.859,170.434,170.436,8270.0
2025-08-04 15:00:00,170.435,170.529,170.322,170.381,8465.0
2025-08-04 16:00:00,170.381,170.547,170.23,170.265,9963.0
2025-08-04 17:00:00,170.267,170.358,170.121,170.26,10668.0
2025-08-04 18:00:00,170.26,170.494,170.149,170.149,8772.0
2025-08-04 19:00:00,170.151,170.199,170.07,170.156,5780.0
2025-08-04 20:00:00,170.157,170.202,170.042,170.086,5024.0
2025-08-04 21:00:00,170.086,170.12,169.904,169.945,5007.0
2025-08-04 22:00:00,169.945,170.084,169.945,170.081,3995.0
2025-08-04 23:00:00,170.08,170.238,170.08,170.208,3285.0
2025-08-05 00:00:00,170.11,170.244,169.986,170.143,1309.0
2025-08-05 01:00:00,170.142,170.204,170.047,170.112,2459.0
2025-08-05 02:00:00,170.112,170.149,169.924,170.044,3438.0
2025-08-05 03:00:00,170.031,170.192,169.894,170.022,7350.0
2025-08-05 04:00:00,170.022,170.11,169.945,170.049,6546.0
2025-08-05 05:00:00,170.049,170.15,170.028,170.15,4994.0
2025-08-05 06:00:00,170.151,170.18,170.083,170.111,3712.0
2025-08-05 07:00:00,170.111,170.159,169.926,169.999,3528.0
2025-08-05 08:00:00,170.002,170.041,169.917,169.955,4791.0
2025-08-05 09:00:00,169.948,170.191,169.815,170.177,6211.0
2025-08-05 10:00:00,170.176,170.276,170.067,170.177,7838.0
2025-08-05 11:00:00,170.176,170.274,170.09,170.258,7627.0
2025-08-05 12:00:00,170.259,170.409,170.131,170.392,6038.0
2025-08-05 13:00:00,170.391,170.516,170.363,170.414,5611.0
2025-08-05 14:00:00,170.413,170.445,170.241,170.361,6357.0
2025-08-05 15:00:00,170.359,170.448,170.235,170.365,9075.0
2025-08-05 16:00:00,170.364,170.547,170.315,170.387,8878.0
2025-08-05 17:00:00,170.383,170.542,170.254,170.526,12796.0
2025-08-05 18:00:00,170.525,170.815,170.491,170.797,8890.0
2025-08-05 19:00:00,170.798,170.914,170.781,170.901,5821.0
2025-08-05 20:00:00,170.901,170.938,170.812,170.919,4918.0
2025-08-05 21:00:00,170.921,170.947,170.825,170.831,4677.0
2025-08-05 22:00:00,170.831,170.879,170.8,170.82,3616.0
2025-08-05 23:00:00,170.82,170.854,170.754,170.794,2517.0
2025-08-06 00:00:00,170.847,170.847,170.664,170.782,1555.0
2025-08-06 01:00:00,170.785,170.866,170.774,170.824,2219.0
2025-08-06 02:00:00,170.823,170.934,170.81,170.813,2530.0
2025-08-06 03:00:00,170.813,170.856,170.707,170.811,5842.0
2025-08-06 04:00:00,170.81,170.908,170.744,170.833,5762.0
2025-08-06 05:00:00,170.832,170.898,170.707,170.71,4853.0
2025-08-06 06:00:00,170.71,170.731,170.611,170.687,4532.0
2025-08-06 07:00:00,170.688,170.758,170.638,170.665,3964.0
2025-08-06 08:00:00,170.664,170.832,170.651,170.728,4405.0
2025-08-06 09:00:00,170.727,170.899,170.677,170.837,5968.0
2025-08-06 10:00:00,170.842,170.941,170.826,170.891,6544.0
2025-08-06 11:00:00,170.89,171.108,170.874,171.086,6747.0
2025-08-06 12:00:00,171.086,171.266,171.075,171.253,6057.0
2025-08-06 13:00:00,171.251,171.461,171.244,171.298,6870.0
2025-08-06 14:00:00,171.299,171.31,171.171,171.204,5690.0
2025-08-06 15:00:00,171.205,171.426,171.175,171.378,6987.0
2025-08-06 16:00:00,171.378,171.436,171.206,171.33,8108.0
2025-08-06 17:00:00,171.331,171.432,171.256,171.376,9329.0
2025-08-06 18:00:00,171.376,171.662,171.337,171.501,8847.0
2025-08-06 19:00:00,171.5,171.538,171.416,171.435,6573.0
2025-08-06 20:00:00,171.436,171.626,171.432,171.521,6472.0
2025-08-06 21:00:00,171.522,171.575,171.458,171.517,5071.0
2025-08-06 22:00:00,171.517,171.594,171.505,171.56,3618.0
2025-08-06 23:00:00,171.56,171.998,171.545,171.808,3741.0
2025-08-07 00:00:00,171.762,171.849,171.597,171.712,1142.0
2025-08-07 01:00:00,171.735,171.814,171.68,171.72,2881.0
2025-08-07 02:00:00,171.731,171.742,171.63,171.684,2576.0
2025-08-07 03:00:00,171.687,171.99,171.661,171.982,6879.0
2025-08-07 04:00:00,171.983,172.086,171.932,171.952,6384.0
2025-08-07 05:00:00,171.951,172.053,171.928,172.031,4199.0
2025-08-07 06:00:00,172.033,172.168,171.999,172.079,4353.0
2025-08-07 07:00:00,172.079,172.143,171.895,171.935,4499.0
2025-08-07 08:00:00,171.938,171.982,171.873,171.956,4766.0
2025-08-07 09:00:00,171.956,171.978,171.452,171.479,6939.0
2025-08-07 10:00:00,171.478,171.655,171.398,171.619,8331.0
2025-08-07 11:00:00,171.618,172.0,171.58,171.905,9587.0
2025-08-07 12:00:00,171.904,172.037,171.904,171.967,6744.0
2025-08-07 13:00:00,171.967,172.023,171.84,171.949,7044.0
2025-08-07 14:00:00,171.949,172.014,171.536,171.551,9098.0
2025-08-07 15:00:00,171.55,171.621,171.324,171.617,9611.0
2025-08-07 16:00:00,171.617,171.655,171.423,171.485,10265.0
2025-08-07 17:00:00,171.485,171.52,171.326,171.459,11463.0
2025-08-07 18:00:00,171.457,171.575,171.364,171.541,8510.0
2025-08-07 19:00:00,171.541,171.603,171.479,171.516,5359.0
2025-08-07 20:00:00,171.516,171.616,171.494,171.506,6450.0
2025-08-07 21:00:00,171.507,171.57,171.464,171.508,4952.0
2025-08-07 22:00:00,171.513,171.52,171.268,171.425,6545.0
2025-08-07 23:00:00,171.425,171.667,171.413,171.64,3840.0
2025-08-08 00:00:00,171.534,171.626,171.379,171.484,1355.0
2025-08-08 01:00:00,171.508,171.615,171.39,171.538,3259.0
2025-08-08 02:00:00,171.543,171.549,171.369,171.432,3896.0
2025-08-08 03:00:00,171.423,171.796,171.365,171.767,7627.0
2025-08-08 04:00:00,171.768,171.811,171.668,171.701,6497.0
2025-08-08 05:00:00,171.701,171.758,171.639,171.659,3777.0
2025-08-08 06:00:00,171.66,171.727,171.611,171.633,3911.0
2025-08-08 07:00:00,171.633,171.658,171.551,171.574,3825.0
2025-08-08 08:00:00,171.58,171.625,171.458,171.61,5322.0
2025-08-08 09:00:00,171.604,171.747,171.539,171.646,6220.0
2025-08-08 10:00:00,171.645,171.877,171.489,171.772,7538.0
2025-08-08 11:00:00,171.772,171.87,171.597,171.829,8123.0
2025-08-08 12:00:00,171.829,171.971,171.758,171.971,7503.0
2025-08-08 13:00:00,171.971,171.995,171.893,171.985,6027.0
2025-08-08 14:00:00,171.986,172.164,171.971,172.122,6041.0
2025-08-08 15:00:00,172.121,172.245,172.037,172.129,8163.0
2025-08-08 16:00:00,172.128,172.306,172.067,172.27,8303.0
2025-08-08 17:00:00,172.272,172.333,172.192,172.305,8879.0
2025-08-08 18:00:00,172.305,172.345,172.216,172.236,7293.0
2025-08-08 19:00:00,172.236,172.281,172.153,172.223,5316.0
2025-08-08 20:00:00,172.223,172.31,172.168,172.255,3900.0
2025-08-11 00:00:00,171.708,171.932,171.692,171.85,1157.0
2025-08-11 01:00:00,171.859,172.091,171.846,172.059,2185.0
2025-08-11 02:00:00,172.056,172.08,171.974,171.985,2408.0
2025-08-11 03:00:00,171.978,172.0,171.884,171.986,5067.0
2025-08-11 04:00:00,171.985,172.102,171.949,172.101,5027.0
2025-08-11 05:00:00,172.1,172.173,172.09,172.137,3842.0
2025-08-11 06:00:00,172.138,172.202,172.103,172.126,3511.0
2025-08-11 07:00:00,172.125,172.164,172.108,172.139,3575.0
2025-08-11 08:00:00,172.139,172.167,172.102,172.143,3690.0
2025-08-11 09:00:00,172.144,172.19,172.104,172.154,5303.0
2025-08-11 10:00:00,172.154,172.174,171.637,171.663,6684.0
2025-08-11 11:00:00,171.663,171.983,171.6,171.923,6864.0
2025-08-11 12:00:00,171.916,171.959,171.814,171.925,5826.0
2025-08-11 13:00:00,171.923,172.083,171.922,172.067,4774.0
2025-08-11 14:00:00,172.067,172.147,171.877,171.949,6291.0
2025-08-11 15:00:00,171.951,171.976,171.759,171.759,7003.0
2025-08-11 16:00:00,171.759,171.937,171.734,171.834,7650.0
2025-08-11 17:00:00,171.835,171.889,171.549,171.669,8165.0
2025-08-11 18:00:00,171.67,171.783,171.606,171.772,6336.0
2025-08-11 19:00:00,171.773,171.809,171.712,171.779,4669.0
2025-08-11 20:00:00,171.78,171.849,171.733,171.831,4134.0
2025-08-11 21:00:00,171.833,172.058,171.821,172.017,4283.0
2025-08-11 22:00:00,172.017,172.025,171.946,172.016,2981.0
2025-08-11 23:00:00,172.016,172.117,172.013,172.071,2394.0
2025-08-12 00:00:00,171.706,172.027,171.658,172.018,1865.0
2025-08-12 01:00:00,172.025,172.129,172.015,172.096,1742.0
2025-08-12 02:00:00,172.11,172.15,172.07,172.096,1726.0
2025-08-12 03:00:00,172.095,172.408,172.089,172.374,6388.0
2025-08-12 04:00:00,172.368,172.371,172.267,172.315,5281.0
2025-08-12 05:00:00,172.315,172.405,172.28,172.358,3816.0
2025-08-12 06:00:00,172.359,172.49,172.332,172.467,3664.0
2025-08-12 07:00:00,172.468,172.516,172.416,172.496,4506.0
2025-08-12 08:00:00,172.496,172.512,172.165,172.274,6918.0
2025-08-12 09:00:00,172.275,172.363,172.077,172.126,7218.0
2025-08-12 10:00:00,172.125,172.323,172.122,172.289,7286.0
2025-08-12 11:00:00,172.289,172.442,172.254,172.387,6553.0
2025-08-12 12:00:00,172.387,172.414,172.189,172.323,6246.0
2025-08-12 13:00:00,172.319,172.371,172.274,172.371,5026.0
2025-08-12 14:00:00,172.371,172.389,172.215,172.273,5428.0
2025-08-12 15:00:00,172.267,172.535,172.128,172.346,12584.0
2025-08-12 16:00:00,172.347,172.712,172.162,172.693,13993.0
2025-08-12 17:00:00,172.69,172.85,172.621,172.727,10838.0
2025-08-12 18:00:00,172.726,172.854,172.5,172.522,9531.0
2025-08-12 19:00:00,172.521,172.592,172.437,172.53,5929.0
2025-08-12 20:00:00,172.53,172.547,172.444,172.49,5376.0
2025-08-12 21:00:00,172.492,172.535,172.317,172.386,4570.0
2025-08-12 22:00:00,172.386,172.506,172.364,172.5,3146.0
2025-08-12 23:00:00,172.5,172.623,172.477,172.583,2567.0
2025-08-13 00:00:00,172.587,172.587,172.364,172.57,1948.0
2025-08-13 01:00:00,172.571,172.609,172.534,172.571,1467.0
2025-08-13 02:00:00,172.569,172.604,172.522,172.563,1616.0
2025-08-13 03:00:00,172.553,172.64,172.457,172.625,5671.0
2025-08-13 04:00:00,172.624,172.933,172.575,172.882,5904.0
2025-08-13 05:00:00,172.883,173.0,172.874,172.942,4592.0
2025-08-13 06:00:00,172.945,173.015,172.909,172.918,4369.0
2025-08-13 07:00:00,172.92,173.014,172.844,172.847,4159.0
2025-08-13 08:00:00,172.847,172.908,172.717,172.761,4646.0
2025-08-13 09:00:00,172.761,172.846,172.698,172.791,6993.0
2025-08-13 10:00:00,172.791,172.844,172.616,172.728,7846.0
2025-08-13 11:00:00,172.725,172.74,172.441,172.512,7663.0
2025-08-13 12:00:00,172.513,172.701,172.476,172.673,6067.0
2025-08-13 13:00:00,172.669,172.744,172.621,172.708,6217.0
2025-08-13 14:00:00,172.709,172.809,172.586,172.603,6270.0
2025-08-13 15:00:00,172.604,172.626,172.399,172.451,7626.0
2025-08-13 16:00:00,172.452,172.481,172.274,172.297,8224.0
2025-08-13 17:00:00,172.296,172.519,172.231,172.455,9029.0
2025-08-13 18:00:00,172.455,172.582,172.331,172.482,7589.0
2025-08-13 19:00:00,172.482,172.531,172.443,172.49,5551.0
2025-08-13 20:00:00,172.49,172.604,172.49,172.502,4504.0
2025-08-13 21:00:00,172.502,172.6,172.481,172.501,4158.0
2025-08-13 22:00:00,172.501,172.543,172.467,172.502,2991.0
2025-08-13 23:00:00,172.502,172.542,172.442,172.497,2486.0
2025-08-14 00:00:00,172.421,172.492,172.286,172.345,1436.0
2025-08-14 01:00:00,172.353,172.43,172.351,172.413,1804.0
2025-08-14 02:00:00,172.413,172.419,172.305,172.312,1813.0
2025-08-14 03:00:00,172.311,172.313,171.727,171.792,6646.0
2025-08-14 04:00:00,171.791,171.803,171.468,171.591,7753.0
2025-08-14 05:00:00,171.592,171.712,171.583,171.707,5178.0
2025-08-14 06:00:00,171.707,171.721,171.511,171.517,4151.0
2025-08-14 07:00:00,171.517,171.533,171.286,171.329,3726.0
2025-08-14 08:00:00,171.33,171.459,171.303,171.385,5266.0
2025-08-14 09:00:00,171.385,171.418,171.119,171.167,7768.0
2025-08-14 10:00:00,171.167,171.211,170.965,171.169,8672.0
2025-08-14 11:00:00,171.167,171.219,170.987,171.005,7091.0
2025-08-14 12:00:00,171.004,171.308,170.976,171.293,6507.0
2025-08-14 13:00:00,171.293,171.383,171.274,171.37,6967.0
2025-08-14 14:00:00,171.369,171.383,171.204,171.222,6929.0
2025-08-14 15:00:00,171.228,171.495,171.102,171.4,11919.0
2025-08-14 16:00:00,171.399,171.775,171.375,171.737,11781.0
2025-08-14 17:00:00,171.74,172.042,171.666,171.979,10381.0
2025-08-14 18:00:00,171.979,172.202,171.96,171.96,8981.0
2025-08-14 19:00:00,171.956,172.137,171.956,172.01,5753.0
2025-08-14 20:00:00,172.015,172.096,171.995,172.072,4777.0
2025-08-14 21:00:00,172.074,172.16,172.069,172.148,3644.0
2025-08-14 22:00:00,172.148,172.18,172.131,172.131,2956.0
2025-08-14 23:00:00,172.132,172.143,172.048,172.094,2407.0
2025-08-15 00:00:00,172.005,172.163,171.992,172.14,1129.0
2025-08-15 01:00:00,172.139,172.2,172.117,172.16,1600.0
2025-08-15 02:00:00,172.16,172.212,172.051,172.056,2218.0
2025-08-15 03:00:00,172.058,172.09,171.828,171.849,5327.0
2025-08-15 04:00:00,171.845,171.888,171.607,171.632,5303.0
2025-08-15 05:00:00,171.632,171.747,171.625,171.686,4307.0
2025-08-15 06:00:00,171.685,171.755,171.612,171.667,3617.0
2025-08-15 07:00:00,171.666,171.675,171.543,171.605,2813.0
2025-08-15 08:00:00,171.606,171.76,171.502,171.736,3740.0
2025-08-15 09:00:00,171.735,171.788,171.637,171.69,6597.0
2025-08-15 10:00:00,171.689,171.897,171.675,171.745,6777.0
2025-08-15 11:00:00,171.744,171.746,171.528,171.563,6654.0
2025-08-15 12:00:00,171.563,171.705,171.513,171.679,5637.0
2025-08-15 13:00:00,171.679,171.746,171.585,171.724,4909.0
2025-08-15 14:00:00,171.725,171.852,171.713,171.796,4921.0
2025-08-15 15:00:00,171.786,171.946,171.649,171.777,9254.0
2025-08-15 16:00:00,171.776,172.024,171.717,171.991,9677.0
2025-08-15 17:00:00,171.992,172.197,171.863,171.984,9659.0
2025-08-15 18:00:00,171.986,172.147,171.979,172.1,7353.0
2025-08-15 19:00:00,172.101,172.301,172.093,172.275,5132.0
2025-08-15 20:00:00,172.276,172.374,172.247,172.332,4276.0
2025-08-18 00:00:00,172.274,172.395,172.248,172.385,1052.0
2025-08-18 01:00:00,172.386,172.409,172.257,172.391,2000.0
2025-08-18 02:00:00,172.392,172.505,172.349,172.349,2531.0
2025-08-18 03:00:00,172.349,172.575,172.343,172.511,6093.0
2025-08-18 04:00:00,172.512,172.602,172.426,172.428,5141.0
2025-08-18 05:00:00,172.427,172.599,172.415,172.553,3524.0
2025-08-18 06:00:00,172.552,172.566,172.427,172.497,3573.0
2025-08-18 07:00:00,172.497,172.65,172.496,172.557,3998.0
2025-08-18 08:00:00,172.556,172.579,172.494,172.525,3536.0
2025-08-18 09:00:00,172.521,172.555,172.347,172.381,6544.0
2025-08-18 10:00:00,172.381,172.403,172.164,172.246,7855.0
2025-08-18 11:00:00,172.247,172.258,172.065,172.124,7557.0
2025-08-18 12:00:00,172.122,172.224,172.051,172.176,6150.0
2025-08-18 13:00:00,172.17,172.239,172.145,172.202,5082.0
2025-08-18 14:00:00,172.204,172.342,172.203,172.266,5326.0
2025-08-18 15:00:00,172.273,172.506,172.254,172.489,7042.0
2025-08-18 16:00:00,172.489,172.679,172.446,172.62,7090.0
2025-08-18 17:00:00,172.621,172.636,172.469,172.564,8266.0
2025-08-18 18:00:00,172.564,172.633,172.388,172.393,6680.0
2025-08-18 19:00:00,172.389,172.389,172.268,172.291,5321.0
2025-08-18 20:00:00,172.291,172.415,172.176,172.379,4699.0
2025-08-18 21:00:00,172.381,172.468,172.332,172.403,3490.0
2025-08-18 22:00:00,172.403,172.553,172.39,172.467,2706.0
2025-08-18 23:00:00,172.466,172.566,172.37,172.402,2566.0
2025-08-19 00:00:00,172.42,172.427,172.182,172.353,957.0
2025-08-19 01:00:00,172.361,172.616,172.339,172.565,2039.0
2025-08-19 02:00:00,172.566,172.619,172.536,172.592,1938.0
2025-08-19 03:00:00,172.592,172.622,172.278,172.282,5397.0
2025-08-19 04:00:00,172.28,172.434,171.99,172.121,7261.0
2025-08-19 05:00:00,172.12,172.24,172.076,172.238,4473.0
2025-08-19 06:00:00,172.238,172.362,172.166,172.294,4492.0
2025-08-19 07:00:00,172.295,172.369,172.261,172.298,3962.0
2025-08-19 08:00:00,172.296,172.347,172.083,172.083,4594.0
2025-08-19 09:00:00,172.08,172.325,172.02,172.315,6198.0
2025-08-19 10:00:00,172.315,172.574,172.303,172.57,6625.0
2025-08-19 11:00:00,172.57,172.62,172.361,172.397,6274.0
2025-08-19 12:00:00,172.397,172.607,172.36,172.585,5472.0
2025-08-19 13:00:00,172.585,172.659,172.493,172.655,5405.0
2025-08-19 14:00:00,172.653,172.701,172.565,172.612,5536.0
2025-08-19 15:00:00,172.612,172.692,172.51,172.542,7073.0
2025-08-19 16:00:00,172.543,172.651,172.359,172.406,7863.0
2025-08-19 17:00:00,172.404,172.472,172.227,172.43,7510.0
2025-08-19 18:00:00,172.431,172.441,172.219,172.225,6568.0
2025-08-19 19:00:00,172.226,172.251,172.053,172.081,4983.0
2025-08-19 20:00:00,172.08,172.103,171.867,171.873,4255.0
2025-08-19 21:00:00,171.872,171.897,171.737,171.811,3925.0
2025-08-19 22:00:00,171.811,171.886,171.697,171.88,3023.0
2025-08-19 23:00:00,171.881,171.996,171.88,171.976,2486.0
2025-08-20 00:00:00,171.976,171.976,171.679,171.819,2445.0
2025-08-20 01:00:00,171.823,171.956,171.818,171.938,1946.0
2025-08-20 02:00:00,171.936,172.011,171.925,171.987,2272.0
2025-08-20 03:00:00,171.988,171.996,171.686,171.751,5842.0
2025-08-20 04:00:00,171.748,171.827,171.488,171.503,6119.0
2025-08-20 05:00:00,171.503,171.641,171.468,171.581,5428.0
2025-08-20 06:00:00,171.581,171.681,171.547,171.621,4231.0
2025-08-20 07:00:00,171.623,171.736,171.597,171.698,3082.0
2025-08-20 08:00:00,171.698,171.698,171.559,171.634,3579.0
2025-08-20 09:00:00,171.633,171.666,171.116,171.455,7629.0
2025-08-20 10:00:00,171.453,171.916,171.43,171.903,7557.0
2025-08-20 11:00:00,171.903,171.943,171.679,171.759,6363.0
2025-08-20 12:00:00,171.76,171.77,171.625,171.74,4831.0
2025-08-20 13:00:00,171.74,171.812,171.677,171.731,4525.0
2025-08-20 14:00:00,171.733,171.79,171.67,171.765,5156.0
2025-08-20 15:00:00,171.767,171.93,171.711,171.885,7905.0
2025-08-20 16:00:00,171.884,171.947,171.505,171.568,8642.0
2025-08-20 17:00:00,171.569,171.679,171.348,171.443,10985.0
2025-08-20 18:00:00,171.444,171.606,171.337,171.452,7777.0
2025-08-20 19:00:00,171.452,171.628,171.449,171.531,5394.0
2025-08-20 20:00:00,171.526,171.624,171.522,171.6,4716.0
2025-08-20 21:00:00,171.59,171.714,171.536,171.641,5296.0
2025-08-20 22:00:00,171.641,171.722,171.621,171.696,3032.0
2025-08-20 23:00:00,171.7,171.787,171.576,171.609,2385.0
2025-08-21 00:00:00,171.624,171.635,171.524,171.55,1096.0
2025-08-21 01:00:00,171.551,171.721,171.528,171.695,1926.0
2025-08-21 02:00:00,171.693,171.75,171.618,171.624,2925.0
2025-08-21 03:00:00,171.62,171.744,171.547,171.658,6980.0
2025-08-21 04:00:00,171.657,171.77,171.616,171.694,6806.0
2025-08-21 05:00:00,171.691,171.744,171.521,171.606,5367.0
2025-08-21 06:00:00,171.606,171.707,171.55,171.68,3954.0
2025-08-21 07:00:00,171.681,171.681,171.599,171.633,3329.0
2025-08-21 08:00:00,171.637,171.797,171.602,171.743,4706.0
2025-08-21 09:00:00,171.744,171.745,171.53,171.618,6907.0
2025-08-21 10:00:00,171.621,172.082,171.574,172.082,7546.0
2025-08-21 11:00:00,172.036,172.076,171.938,172.014,6670.0
2025-08-21 12:00:00,172.014,172.211,171.949,172.104,6003.0
2025-08-21 13:00:00,172.102,172.279,172.089,172.229,5961.0
2025-08-21 14:00:00,172.226,172.362,172.184,172.19,6497.0
2025-08-21 15:00:00,172.191,172.196,171.955,172.083,8147.0
2025-08-21 16:00:00,172.081,172.183,171.684,171.759,9755.0
2025-08-21 17:00:00,171.739,172.129,171.715,172.092,10011.0
2025-08-21 18:00:00,172.096,172.276,172.068,172.157,9490.0
2025-08-21 19:00:00,172.156,172.246,172.128,172.177,5406.0
2025-08-21 20:00:00,172.177,172.267,172.089,172.214,4925.0
2025-08-21 21:00:00,172.213,172.227,172.143,172.226,4151.0
2025-08-21 22:00:00,172.227,172.265,172.179,172.19,2754.0
2025-08-21 23:00:00,172.191,172.214,172.16,172.205,1817.0
2025-08-22 00:00:00,172.178,172.221,171.987,172.176,2214.0
2025-08-22 01:00:00,172.181,172.29,172.158,172.267,1399.0
2025-08-22 02:00:00,172.267,172.371,172.228,172.312,2258.0
2025-08-22 03:00:00,172.313,172.477,172.193,172.447,5903.0
2025-08-22 04:00:00,172.449,172.53,172.31,172.439,5348.0
2025-08-22 05:00:00,172.439,172.462,172.36,172.373,4321.0
2025-08-22 06:00:00,172.372,172.411,172.266,172.31,4348.0
2025-08-22 07:00:00,172.312,172.404,172.234,172.315,3613.0
2025-08-22 08:00:00,172.315,172.346,172.191,172.255,4047.0
2025-08-22 09:00:00,172.257,172.288,172.054,172.113,6035.0
2025-08-22 10:00:00,172.113,172.32,172.107,172.298,5771.0
2025-08-22 11:00:00,172.3,172.413,172.211,172.411,5667.0
2025-08-22 12:00:00,172.413,172.481,172.36,172.444,5304.0
2025-08-22 13:00:00,172.444,172.503,172.335,172.354,4753.0
2025-08-22 14:00:00,172.354,172.603,172.352,172.569,6266.0
2025-08-22 15:00:00,172.569,172.635,172.534,172.629,6871.0
2025-08-22 16:00:00,172.63,172.675,172.323,172.38,7555.0
2025-08-22 17:00:00,172.378,172.581,171.823,172.088,18017.0
2025-08-22 18:00:00,172.088,172.114,171.909,171.974,10761.0
2025-08-22 19:00:00,171.971,172.03,171.891,171.967,7690.0
2025-08-22 20:00:00,171.968,172.134,171.959,172.113,5695.0
2025-08-25 00:00:00,172.11,172.214,172.046,172.134,1123.0
2025-08-25 01:00:00,172.135,172.262,172.092,172.252,2649.0
2025-08-25 02:00:00,172.252,172.479,172.252,172.423,2762.0
2025-08-25 03:00:00,172.422,172.575,172.33,172.413,6563.0
2025-08-25 04:00:00,172.413,172.476,172.289,172.398,5294.0
2025-08-25 05:00:00,172.397,172.55,172.372,172.456,4235.0
2025-08-25 06:00:00,172.457,172.505,172.424,172.488,3292.0
2025-08-25 07:00:00,172.488,172.514,172.321,172.351,3444.0
2025-08-25 08:00:00,172.352,172.453,172.332,172.346,3169.0
2025-08-25 09:00:00,172.345,172.515,172.342,172.401,5631.0
2025-08-25 10:00:00,172.401,172.507,172.321,172.347,5648.0
2025-08-25 11:00:00,172.347,172.478,172.342,172.386,4811.0
2025-08-25 12:00:00,172.385,172.386,172.251,172.297,4341.0
2025-08-25 13:00:00,172.298,172.387,172.259,172.325,4766.0
2025-08-25 14:00:00,172.324,172.412,172.23,172.408,5184.0
2025-08-25 15:00:00,172.407,172.467,172.317,172.431,5705.0
2025-08-25 16:00:00,172.433,172.663,172.392,172.4,7626.0
2025-08-25 17:00:00,172.401,172.581,172.335,172.416,8187.0
2025-08-25 18:00:00,172.414,172.416,172.238,172.254,8315.0
2025-08-25 19:00:00,172.255,172.256,171.922,171.949,5704.0
2025-08-25 20:00:00,171.949,171.955,171.778,171.865,5239.0
2025-08-25 21:00:00,171.865,171.893,171.734,171.756,5634.0
2025-08-25 22:00:00,171.751,171.763,171.576,171.615,4789.0
2025-08-25 23:00:00,171.614,171.715,171.607,171.666,3008.0
2025-08-26 00:00:00,171.499,171.776,171.499,171.598,1952.0
2025-08-26 01:00:00,171.585,171.73,171.567,171.672,1965.0
2025-08-26 02:00:00,171.67,171.737,171.641,171.675,2356.0
2025-08-26 03:00:00,171.676,171.699,171.328,171.353,13352.0
2025-08-26 04:00:00,171.352,171.539,171.35,171.502,7371.0
2025-08-26 05:00:00,171.504,171.733,171.479,171.665,5892.0
2025-08-26 06:00:00,171.665,171.835,171.646,171.822,5134.0
2025-08-26 07:00:00,171.821,171.886,171.782,171.882,4210.0
2025-08-26 08:00:00,171.882,171.998,171.85,171.951,5160.0
2025-08-26 09:00:00,171.948,172.003,171.631,171.747,8387.0
2025-08-26 10:00:00,171.744,171.844,171.515,171.647,9692.0
2025-08-26 11:00:00,171.649,171.657,171.33,171.447,7799.0
2025-08-26 12:00:00,171.447,171.808,171.442,171.784,6640.0
2025-08-26 13:00:00,171.785,171.893,171.729,171.864,5952.0
2025-08-26 14:00:00,171.864,171.952,171.79,171.849,6885.0
2025-08-26 15:00:00,171.85,171.885,171.744,171.831,8243.0
2025-08-26 16:00:00,171.831,172.043,171.819,171.866,8833.0
2025-08-26 17:00:00,171.904,172.118,171.885,171.907,9599.0
2025-08-26 18:00:00,171.908,171.915,171.627,171.709,7827.0
2025-08-26 19:00:00,171.713,171.724,171.517,171.598,5471.0
2025-08-26 20:00:00,171.594,171.634,171.511,171.527,4702.0
2025-08-26 21:00:00,171.526,171.676,171.518,171.598,4602.0
2025-08-26 22:00:00,171.598,171.677,171.543,171.621,3902.0
2025-08-26 23:00:00,171.62,171.652,171.554,171.612,2907.0
2025-08-27 00:00:00,171.482,171.641,171.456,171.619,1895.0
2025-08-27 01:00:00,171.624,171.716,171.563,171.653,1793.0
2025-08-27 02:00:00,171.654,171.696,171.581,171.615,1980.0
2025-08-27 03:00:00,171.616,171.778,171.57,171.733,5326.0
2025-08-27 04:00:00,171.735,171.8,171.693,171.716,5333.0
2025-08-27 05:00:00,171.716,171.831,171.679,171.817,4128.0
2025-08-27 06:00:00,171.816,171.912,171.797,171.858,4012.0
2025-08-27 07:00:00,171.856,171.889,171.782,171.826,4230.0
2025-08-27 08:00:00,171.826,171.869,171.738,171.764,4377.0
2025-08-27 09:00:00,171.764,171.791,171.584,171.652,5748.0
2025-08-27 10:00:00,171.654,171.679,171.417,171.448,6798.0
2025-08-27 11:00:00,171.449,171.532,171.251,171.415,7224.0
2025-08-27 12:00:00,171.417,171.572,171.396,171.572,5974.0
2025-08-27 13:00:00,171.573,171.603,171.473,171.513,5764.0
2025-08-27 14:00:00,171.511,171.651,171.477,171.636,5373.0
2025-08-27 15:00:00,171.634,171.697,171.49,171.562,7593.0
2025-08-27 16:00:00,171.562,171.783,171.535,171.747,8322.0
2025-08-27 17:00:00,171.747,171.764,171.351,171.408,8198.0
2025-08-27 18:00:00,171.409,171.56,171.383,171.547,7316.0
2025-08-27 19:00:00,171.546,171.588,171.42,171.503,6110.0
2025-08-27 20:00:00,171.502,171.536,171.437,171.488,4986.0
2025-08-27 21:00:00,171.489,171.537,171.419,171.439,4170.0
2025-08-27 22:00:00,171.439,171.578,171.439,171.566,3439.0
2025-08-27 23:00:00,171.565,171.602,171.49,171.547,3403.0
2025-08-28 00:00:00,171.508,171.548,171.31,171.468,1682.0
2025-08-28 01:00:00,171.484,171.549,171.381,171.488,2632.0
2025-08-28 02:00:00,171.488,171.616,171.431,171.611,2906.0
2025-08-28 03:00:00,171.614,171.748,171.494,171.534,5901.0
2025-08-28 04:00:00,171.531,171.649,171.442,171.584,5430.0
2025-08-28 05:00:00,171.59,171.719,171.559,171.577,4648.0
2025-08-28 06:00:00,171.576,171.62,171.251,171.265,3761.0
2025-08-28 07:00:00,171.265,171.373,171.243,171.294,3635.0
2025-08-28 08:00:00,171.297,171.338,171.146,171.21,4154.0
2025-08-28 09:00:00,171.214,171.548,171.115,171.507,6674.0
2025-08-28 10:00:00,171.506,171.613,171.352,171.352,7121.0
2025-08-28 11:00:00,171.353,171.448,171.305,171.365,6953.0
2025-08-28 12:00:00,171.364,171.42,171.307,171.398,5951.0
2025-08-28 13:00:00,171.401,171.558,171.392,171.487,6707.0
2025-08-28 14:00:00,171.484,171.497,171.263,171.411,6287.0
2025-08-28 15:00:00,171.409,171.748,171.386,171.657,9732.0
2025-08-28 16:00:00,171.657,171.719,171.576,171.685,9463.0
2025-08-28 17:00:00,171.687,171.794,171.513,171.528,9006.0
2025-08-28 18:00:00,171.527,171.622,171.458,171.568,7193.0
2025-08-28 19:00:00,171.57,171.676,171.551,171.656,4758.0
2025-08-28 20:00:00,171.653,171.663,171.506,171.588,5019.0
2025-08-28 21:00:00,171.589,171.665,171.581,171.616,4043.0
2025-08-28 22:00:00,171.616,171.68,171.6,171.637,3547.0
2025-08-28 23:00:00,171.637,171.708,171.628,171.64,2260.0
2025-08-29 00:00:00,171.642,171.642,171.372,171.578,2045.0
2025-08-29 01:00:00,171.58,171.711,171.546,171.644,3144.0
2025-08-29 02:00:00,171.645,171.66,171.475,171.476,2621.0
2025-08-29 03:00:00,171.478,171.601,171.371,171.411,6358.0
2025-08-29 04:00:00,171.407,171.563,171.379,171.389,6797.0
2025-08-29 05:00:00,171.388,171.413,171.236,171.302,4457.0
2025-08-29 06:00:00,171.305,171.447,171.297,171.424,3524.0
2025-08-29 07:00:00,171.426,171.466,171.323,171.36,4064.0
2025-08-29 08:00:00,171.359,171.562,171.348,171.561,4191.0
2025-08-29 09:00:00,171.56,171.705,171.444,171.684,6077.0
2025-08-29 10:00:00,171.681,171.76,171.497,171.646,6886.0
2025-08-29 11:00:00,171.645,171.707,171.53,171.578,6758.0
2025-08-29 12:00:00,171.579,171.72,171.533,171.699,6173.0
2025-08-29 13:00:00,171.7,171.784,171.659,171.749,5611.0
2025-08-29 14:00:00,171.747,171.798,171.676,171.734,5457.0
2025-08-29 15:00:00,171.732,171.795,171.578,171.755,7816.0
2025-08-29 16:00:00,171.758,171.844,171.612,171.654,8147.0
2025-08-29 17:00:00,171.658,171.879,171.594,171.848,10833.0
2025-08-29 18:00:00,171.847,171.929,171.796,171.796,8550.0
2025-08-29 19:00:00,171.795,171.983,171.789,171.914,4996.0
2025-08-29 20:00:00,171.914,171.972,171.834,171.915,3695.0
2025-09-01 00:00:00,171.935,171.936,171.766,171.804,618.0
2025-09-01 01:00:00,171.815,171.998,171.8,171.976,1827.0
2025-09-01 02:00:00,171.973,172.041,171.93,171.983,2445.0
2025-09-01 03:00:00,171.984,172.25,171.98,172.215,4628.0
2025-09-01 04:00:00,172.215,172.275,172.157,172.252,5211.0
2025-09-01 05:00:00,172.252,172.28,172.012,172.036,4888.0
2025-09-01 06:00:00,172.035,172.116,171.962,171.982,4544.0
2025-09-01 07:00:00,171.984,172.18,171.966,172.164,4202.0
2025-09-01 08:00:00,172.164,172.19,172.052,172.097,4324.0
2025-09-01 09:00:00,172.097,172.301,172.071,172.286,6511.0
2025-09-01 10:00:00,172.286,172.502,172.267,172.449,7087.0
2025-09-01 11:00:00,172.445,172.504,172.383,172.496,5990.0
2025-09-01 12:00:00,172.496,172.496,172.313,172.395,5823.0
2025-09-01 13:00:00,172.395,172.48,172.362,172.423,4846.0
2025-09-01 14:00:00,172.424,172.545,172.367,172.392,6019.0
2025-09-01 15:00:00,172.389,172.462,172.333,172.335,6050.0
2025-09-01 16:00:00,172.336,172.462,172.328,172.401,6145.0
2025-09-01 17:00:00,172.405,172.492,172.389,172.491,6289.0
2025-09-01 18:00:00,172.487,172.5,172.297,172.3,5177.0
2025-09-01 19:00:00,172.3,172.34,172.25,172.34,2730.0
2025-09-01 20:00:00,172.34,172.345,172.275,172.31,1941.0
2025-09-01 21:00:00,172.311,172.358,172.3,172.356,1567.0
2025-09-01 22:00:00,172.357,172.395,172.328,172.392,1912.0
2025-09-01 23:00:00,172.385,172.401,172.327,172.347,1609.0
2025-09-02 00:00:00,172.344,172.387,172.202,172.281,2018.0
2025-09-02 01:00:00,172.285,172.422,172.241,172.351,2110.0
2025-09-02 02:00:00,172.351,172.355,172.27,172.319,2316.0
2025-09-02 03:00:00,172.319,172.505,172.297,172.407,5990.0
2025-09-02 04:00:00,172.408,172.724,172.316,172.681,6871.0
2025-09-02 05:00:00,172.681,172.762,172.646,172.742,5401.0
2025-09-02 06:00:00,172.743,172.78,172.611,172.744,4201.0
2025-09-02 07:00:00,172.744,172.887,172.696,172.742,4098.0
2025-09-02 08:00:00,172.742,172.991,172.733,172.979,5065.0
2025-09-02 09:00:00,172.98,173.238,172.976,173.158,6570.0
2025-09-02 10:00:00,173.156,173.415,173.078,173.117,11739.0
2025-09-02 11:00:00,173.119,173.166,172.662,172.847,10616.0
2025-09-02 12:00:00,172.844,172.895,172.734,172.89,8777.0
2025-09-02 13:00:00,172.891,173.018,172.809,172.853,7879.0
2025-09-02 14:00:00,172.856,173.14,172.772,173.091,8479.0
2025-09-02 15:00:00,173.093,173.204,172.835,172.887,11157.0
2025-09-02 16:00:00,172.889,172.963,172.787,172.883,10742.0
2025-09-02 17:00:00,172.893,172.961,172.639,172.703,12535.0
2025-09-02 18:00:00,172.704,172.878,172.691,172.727,8994.0
2025-09-02 19:00:00,172.73,172.756,172.655,172.679,5600.0
2025-09-02 20:00:00,172.679,172.816,172.643,172.747,4343.0
2025-09-02 21:00:00,172.748,172.771,172.652,172.724,4795.0
2025-09-02 22:00:00,172.724,172.727,172.623,172.703,3320.0
2025-09-02 23:00:00,172.703,172.74,172.666,172.673,2588.0
2025-09-03 00:00:00,172.577,172.699,172.459,172.679,1161.0
2025-09-03 01:00:00,172.698,172.883,172.665,172.806,2131.0
2025-09-03 02:00:00,172.804,172.855,172.75,172.839,2742.0
2025-09-03 03:00:00,172.837,173.069,172.75,173.046,5785.0
2025-09-03 04:00:00,173.045,173.172,172.986,173.138,5488.0
2025-09-03 05:00:00,173.138,173.15,173.019,173.067,4442.0
2025-09-03 06:00:00,173.065,173.133,173.053,173.087,3465.0
2025-09-03 07:00:00,173.087,173.111,172.782,172.836,3939.0
2025-09-03 08:00:00,172.837,172.896,172.751,172.819,4128.0
2025-09-03 09:00:00,172.822,172.968,172.769,172.887,6043.0
2025-09-03 10:00:00,172.882,173.13,172.874,173.066,8458.0
2025-09-03 11:00:00,173.067,173.277,173.04,173.2,7399.0
2025-09-03 12:00:00,173.2,173.291,173.099,173.158,6933.0
2025-09-03 13:00:00,173.157,173.158,173.024,173.133,6070.0
2025-09-03 14:00:00,173.132,173.217,173.056,173.163,7101.0
2025-09-03 15:00:00,173.161,173.304,173.146,173.241,7976.0
2025-09-03 16:00:00,173.24,173.282,173.126,173.143,9549.0
2025-09-03 17:00:00,173.14,173.14,172.82,172.823,11749.0
2025-09-03 18:00:00,172.822,173.003,172.742,172.751,8477.0
2025-09-03 19:00:00,172.75,172.78,172.606,172.722,5419.0
2025-09-03 20:00:00,172.72,172.726,172.601,172.628,4714.0
2025-09-03 21:00:00,172.629,172.666,172.542,172.561,4738.0
2025-09-03 22:00:00,172.561,172.703,172.546,172.694,3180.0
2025-09-03 23:00:00,172.695,172.777,172.654,172.706,2404.0
2025-09-04 00:00:00,172.639,172.663,172.518,172.606,2123.0
2025-09-04 01:00:00,172.626,172.744,172.626,172.642,1589.0
2025-09-04 02:00:00,172.644,172.649,172.508,172.554,2213.0
2025-09-04 03:00:00,172.551,172.707,172.467,172.58,7230.0
2025-09-04 04:00:00,172.579,172.629,172.452,172.557,6617.0
2025-09-04 05:00:00,172.557,172.686,172.553,172.623,5951.0
2025-09-04 06:00:00,172.623,172.758,172.607,172.752,4296.0
2025-09-04 07:00:00,172.752,172.799,172.609,172.72,3524.0
2025-09-04 08:00:00,172.72,172.775,172.643,172.759,4003.0
2025-09-04 09:00:00,172.765,172.805,172.672,172.674,6175.0
2025-09-04 10:00:00,172.673,172.892,172.66,172.856,7156.0
2025-09-04 11:00:00,172.851,172.928,172.68,172.787,6590.0
2025-09-04 12:00:00,172.788,172.796,172.625,172.693,6012.0
2025-09-04 13:00:00,172.693,172.84,172.674,172.762,5765.0
2025-09-04 14:00:00,172.759,172.842,172.675,172.717,6337.0
2025-09-04 15:00:00,172.717,172.88,172.526,172.857,9646.0
2025-09-04 16:00:00,172.857,173.046,172.791,172.92,9105.0
2025-09-04 17:00:00,172.854,173.08,172.829,173.05,10478.0
2025-09-04 18:00:00,173.055,173.214,173.008,173.119,6774.0
2025-09-04 19:00:00,173.118,173.127,172.969,172.983,5304.0
2025-09-04 20:00:00,172.983,173.01,172.952,172.987,4247.0
2025-09-04 21:00:00,172.987,173.054,172.968,172.988,3461.0
2025-09-04 22:00:00,172.988,173.036,172.952,172.995,2513.0
2025-09-04 23:00:00,172.996,173.05,172.951,172.969,2347.0
2025-09-05 00:00:00,172.864,172.946,172.725,172.876,1432.0
2025-09-05 01:00:00,172.892,173.03,172.843,172.964,1482.0
2025-09-05 02:00:00,172.964,173.016,172.885,173.016,2422.0
2025-09-05 03:00:00,173.013,173.035,172.712,172.76,6396.0
2025-09-05 04:00:00,172.762,172.898,172.753,172.889,5581.0
2025-09-05 05:00:00,172.889,172.946,172.869,172.902,3394.0
2025-09-05 06:00:00,172.901,172.959,172.855,172.941,3103.0
2025-09-05 07:00:00,172.94,172.99,172.901,172.927,3129.0
2025-09-05 08:00:00,172.925,173.051,172.89,173.014,3418.0
2025-09-05 09:00:00,173.016,173.071,172.941,172.976,6049.0
2025-09-05 10:00:00,172.977,173.102,172.908,173.077,6611.0
2025-09-05 11:00:00,173.072,173.111,172.998,173.1,5340.0
2025-09-05 12:00:00,173.102,173.195,173.054,173.185,4936.0
2025-09-05 13:00:00,173.186,173.268,173.143,173.198,4723.0
2025-09-05 14:00:00,173.198,173.235,173.109,173.199,5565.0
2025-09-05 15:00:00,173.199,173.269,172.754,172.846,14826.0
2025-09-05 16:00:00,172.843,172.879,172.557,172.778,13716.0
2025-09-05 17:00:00,172.782,172.87,172.491,172.622,12203.0
2025-09-05 18:00:00,172.622,172.698,172.513,172.661,8755.0
2025-09-05 19:00:00,172.661,172.735,172.578,172.723,6773.0
2025-09-05 20:00:00,172.723,172.756,172.65,172.693,5327.0
2025-09-08 00:00:00,173.38,173.643,173.226,173.294,1795.0
2025-09-08 01:00:00,173.294,173.801,173.28,173.755,5387.0
2025-09-08 02:00:00,173.758,173.868,173.553,173.712,5045.0
2025-09-08 03:00:00,173.705,173.911,173.676,173.745,7915.0
2025-09-08 04:00:00,173.744,173.811,173.477,173.515,7340.0
2025-09-08 05:00:00,173.51,173.526,173.36,173.478,5601.0
2025-09-08 06:00:00,173.476,173.551,173.409,173.537,4688.0
2025-09-08 07:00:00,173.537,173.561,173.481,173.551,3684.0
2025-09-08 08:00:00,173.543,173.605,173.45,173.544,4081.0
2025-09-08 09:00:00,173.542,173.571,173.308,173.36,7210.0
2025-09-08 10:00:00,173.362,173.362,173.07,173.096,7921.0
2025-09-08 11:00:00,173.095,173.277,173.063,173.252,7022.0
2025-09-08 12:00:00,173.252,173.266,173.125,173.221,5698.0
2025-09-08 13:00:00,173.22,173.403,173.206,173.309,5504.0
2025-09-08 14:00:00,173.309,173.376,173.208,173.331,5960.0
2025-09-08 15:00:00,173.329,173.399,173.271,173.359,7002.0
2025-09-08 16:00:00,173.361,173.605,173.319,173.537,8161.0
2025-09-08 17:00:00,173.538,173.658,173.478,173.538,8330.0
2025-09-08 18:00:00,173.538,173.553,173.354,173.42,6277.0
2025-09-08 19:00:00,173.42,173.45,173.333,173.394,4985.0
2025-09-08 20:00:00,173.394,173.517,173.34,173.428,4322.0
2025-09-08 21:00:00,173.429,173.488,173.394,173.427,3912.0
2025-09-08 22:00:00,173.427,173.449,173.318,173.4,3006.0
2025-09-08 23:00:00,173.4,173.522,173.344,173.522,2480.0
2025-09-09 00:00:00,173.446,173.573,173.381,173.45,1996.0
2025-09-09 01:00:00,173.45,173.521,173.386,173.387,2081.0
2025-09-09 02:00:00,173.378,173.449,173.289,173.44,2887.0
2025-09-09 03:00:00,173.441,173.486,173.225,173.444,5557.0
2025-09-09 04:00:00,173.445,173.476,173.349,173.374,5465.0
2025-09-09 05:00:00,173.374,173.428,173.342,173.393,3990.0
2025-09-09 06:00:00,173.394,173.425,173.35,173.353,3821.0
2025-09-09 07:00:00,173.353,173.375,173.194,173.213,3866.0
2025-09-09 08:00:00,173.213,173.213,172.952,172.976,4798.0
2025-09-09 09:00:00,172.979,173.097,172.917,173.005,6774.0
2025-09-09 10:00:00,173.004,173.153,172.937,173.007,7033.0
2025-09-09 11:00:00,173.007,173.07,172.261,172.422,9790.0
2025-09-09 12:00:00,172.42,172.423,172.206,172.214,7371.0
2025-09-09 13:00:00,172.213,172.326,172.132,172.164,5714.0
2025-09-09 14:00:00,172.165,172.361,172.157,172.29,6625.0
2025-09-09 15:00:00,172.286,172.451,172.227,172.449,8232.0
2025-09-09 16:00:00,172.446,172.489,172.312,172.451,8924.0
2025-09-09 17:00:00,172.454,172.581,172.325,172.553,12814.0
2025-09-09 18:00:00,172.554,172.679,172.533,172.59,8184.0
2025-09-09 19:00:00,172.591,172.677,172.566,172.586,4603.0
2025-09-09 20:00:00,172.585,172.672,172.524,172.54,5052.0
2025-09-09 21:00:00,172.54,172.597,172.514,172.556,3996.0
2025-09-09 22:00:00,172.556,172.618,172.543,172.609,3029.0
2025-09-09 23:00:00,172.609,172.662,172.584,172.601,2681.0
2025-09-10 00:00:00,172.573,172.59,172.194,172.554,2271.0
2025-09-10 01:00:00,172.542,172.649,172.542,172.584,1541.0
2025-09-10 02:00:00,172.578,172.583,172.442,172.489,2464.0
2025-09-10 03:00:00,172.489,172.527,172.405,172.443,4828.0
2025-09-10 04:00:00,172.444,172.533,172.379,172.439,5531.0
2025-09-10 05:00:00,172.44,172.499,172.419,172.45,4258.0
2025-09-10 06:00:00,172.45,172.576,172.437,172.568,2997.0
2025-09-10 07:00:00,172.57,172.676,172.569,172.592,3244.0
2025-09-10 08:00:00,172.593,172.651,172.543,172.609,3774.0
2025-09-10 09:00:00,172.61,172.747,172.54,172.618,7018.0
2025-09-10 10:00:00,172.618,172.641,172.386,172.614,7159.0
2025-09-10 11:00:00,172.616,172.632,172.477,172.595,6507.0
2025-09-10 12:00:00,172.596,172.722,172.567,172.68,5837.0
2025-09-10 13:00:00,172.68,172.694,172.475,172.55,5498.0
2025-09-10 14:00:00,172.549,172.666,172.514,172.662,6015.0
2025-09-10 15:00:00,172.66,172.711,172.462,172.618,10904.0
2025-09-10 16:00:00,172.619,172.759,172.544,172.682,10137.0
2025-09-10 17:00:00,172.684,172.877,172.634,172.866,8832.0
2025-09-10 18:00:00,172.866,172.909,172.596,172.638,6962.0
2025-09-10 19:00:00,172.638,172.664,172.459,172.508,4535.0
2025-09-10 20:00:00,172.509,172.53,172.382,172.467,4229.0
2025-09-10 21:00:00,172.466,172.497,172.409,172.437,3787.0
2025-09-10 22:00:00,172.434,172.483,172.383,172.476,3123.0
2025-09-10 23:00:00,172.475,172.486,172.375,172.438,2266.0
2025-09-11 00:00:00,172.446,172.446,172.184,172.383,2078.0
2025-09-11 01:00:00,172.383,172.507,172.383,172.453,1276.0
2025-09-11 02:00:00,172.452,172.481,172.393,172.445,1686.0
2025-09-11 03:00:00,172.447,172.503,172.412,172.449,4292.0
2025-09-11 04:00:00,172.448,172.499,172.354,172.418,3802.0
2025-09-11 05:00:00,172.418,172.521,172.405,172.491,2933.0
2025-09-11 06:00:00,172.491,172.533,172.448,172.46,2822.0
2025-09-11 07:00:00,172.46,172.502,172.413,172.498,2462.0
2025-09-11 08:00:00,172.499,172.539,172.42,172.53,2951.0
2025-09-11 09:00:00,172.53,172.817,172.53,172.706,6423.0
2025-09-11 10:00:00,172.71,172.843,172.67,172.802,6689.0
2025-09-11 11:00:00,172.8,172.908,172.787,172.875,6207.0
2025-09-11 12:00:00,172.874,172.967,172.815,172.913,5477.0
2025-09-11 13:00:00,172.915,172.948,172.834,172.888,5142.0
2025-09-11 14:00:00,172.888,172.97,172.814,172.891,6137.0
2025-09-11 15:00:00,172.891,172.941,172.516,172.841,13560.0
2025-09-11 16:00:00,172.843,173.059,172.788,172.998,12910.0
2025-09-11 17:00:00,172.998,173.01,172.511,172.633,10283.0
2025-09-11 18:00:00,172.634,172.798,172.624,172.658,7496.0
2025-09-11 19:00:00,172.658,172.659,172.523,172.606,5007.0
2025-09-11 20:00:00,172.605,172.813,172.583,172.808,4411.0
2025-09-11 21:00:00,172.807,172.84,172.727,172.731,3677.0
2025-09-11 22:00:00,172.732,172.773,172.646,172.733,3321.0
2025-09-11 23:00:00,172.734,172.811,172.691,172.779,3166.0
2025-09-12 00:00:00,172.729,172.732,172.623,172.691,1455.0
2025-09-12 01:00:00,172.703,172.816,172.703,172.793,1959.0
2025-09-12 02:00:00,172.79,172.828,172.732,172.754,1805.0
2025-09-12 03:00:00,172.75,172.863,172.618,172.753,5034.0
2025-09-12 04:00:00,172.753,172.91,172.703,172.864,4616.0
2025-09-12 05:00:00,172.862,172.924,172.838,172.887,3609.0
2025-09-12 06:00:00,172.888,172.919,172.871,172.897,2861.0
2025-09-12 07:00:00,172.897,173.014,172.876,172.968,3207.0
2025-09-12 08:00:00,172.97,173.024,172.842,172.853,3499.0
2025-09-12 09:00:00,172.857,173.096,172.784,173.06,5609.0
2025-09-12 10:00:00,173.06,173.15,172.963,173.135,7249.0
2025-09-12 11:00:00,173.135,173.391,173.118,173.308,8188.0
2025-09-12 12:00:00,173.308,173.426,173.255,173.417,6530.0
2025-09-12 13:00:00,173.418,173.443,173.368,173.379,5208.0
2025-09-12 14:00:00,173.378,173.415,173.208,173.297,5988.0
2025-09-12 15:00:00,173.296,173.358,173.157,173.18,7981.0
2025-09-12 16:00:00,173.178,173.209,173.01,173.05,8138.0
2025-09-12 17:00:00,173.077,173.196,172.976,173.147,8706.0
2025-09-12 18:00:00,173.15,173.268,173.14,173.207,6602.0
2025-09-12 19:00:00,173.208,173.244,173.159,173.201,4439.0
2025-09-12 20:00:00,173.203,173.251,173.116,173.132,3923.0
2025-09-15 00:00:00,173.146,173.146,173.002,173.086,831.0
2025-09-15 01:00:00,173.11,173.348,173.11,173.242,2030.0
2025-09-15 02:00:00,173.237,173.253,173.118,173.156,2021.0
2025-09-15 03:00:00,173.156,173.158,172.981,173.024,2618.0
2025-09-15 04:00:00,173.024,173.095,172.995,173.068,3971.0
2025-09-15 05:00:00,173.068,173.104,172.985,173.001,2900.0
2025-09-15 06:00:00,173.002,173.028,172.942,172.944,2587.0
2025-09-15 07:00:00,172.944,172.99,172.891,172.962,2298.0
2025-09-15 08:00:00,172.963,173.011,172.915,173.004,2896.0
2025-09-15 09:00:00,173.003,173.04,172.903,172.979,5287.0
2025-09-15 10:00:00,172.978,173.115,172.961,173.035,6932.0
2025-09-15 11:00:00,173.036,173.089,172.961,173.015,6054.0
2025-09-15 12:00:00,173.017,173.16,172.985,173.104,5193.0
2025-09-15 13:00:00,173.104,173.249,173.081,173.23,5164.0
2025-09-15 14:00:00,173.233,173.413,173.207,173.375,5201.0
2025-09-15 15:00:00,173.378,173.449,173.274,173.328,6943.0
2025-09-15 16:00:00,173.327,173.344,173.183,173.264,7014.0
2025-09-15 17:00:00,173.26,173.37,173.215,173.332,7100.0
2025-09-15 18:00:00,173.333,173.391,173.275,173.363,5585.0
2025-09-15 19:00:00,173.362,173.392,173.233,173.248,5601.0
2025-09-15 20:00:00,173.249,173.376,173.245,173.337,4401.0
2025-09-15 21:00:00,173.338,173.394,173.301,173.388,4239.0
2025-09-15 22:00:00,173.39,173.449,173.381,173.412,3324.0
2025-09-15 23:00:00,173.409,173.446,173.337,173.366,2963.0
2025-09-16 00:00:00,173.186,173.354,173.186,173.34,1480.0
2025-09-16 01:00:00,173.36,173.388,173.338,173.378,1639.0
2025-09-16 02:00:00,173.384,173.433,173.317,173.385,2049.0
2025-09-16 03:00:00,173.382,173.432,173.352,173.416,5234.0
2025-09-16 04:00:00,173.42,173.497,173.292,173.397,5287.0
2025-09-16 05:00:00,173.394,173.399,173.227,173.298,4744.0
2025-09-16 06:00:00,173.302,173.332,173.245,173.289,4283.0
2025-09-16 07:00:00,173.29,173.293,173.097,173.136,3879.0
2025-09-16 08:00:00,173.137,173.206,173.041,173.126,4432.0
2025-09-16 09:00:00,173.13,173.185,173.023,173.159,7510.0
2025-09-16 10:00:00,173.153,173.27,173.015,173.249,7994.0
2025-09-16 11:00:00,173.251,173.465,173.23,173.378,7424.0
2025-09-16 12:00:00,173.378,173.647,173.37,173.623,7302.0
2025-09-16 13:00:00,173.62,173.695,173.563,173.647,5410.0
2025-09-16 14:00:00,173.644,173.667,173.552,173.614,5355.0
2025-09-16 15:00:00,173.616,173.677,173.489,173.645,8453.0
2025-09-16 16:00:00,173.646,173.695,173.493,173.53,8156.0
2025-09-16 17:00:00,173.53,173.699,173.493,173.659,9270.0
2025-09-16 18:00:00,173.659,173.695,173.465,173.63,6088.0
2025-09-16 19:00:00,173.63,173.795,173.574,173.646,4911.0
2025-09-16 20:00:00,173.642,173.789,173.636,173.691,4780.0
2025-09-16 21:00:00,173.69,173.736,173.594,173.66,4062.0
2025-09-16 22:00:00,173.658,173.748,173.622,173.747,3880.0
2025-09-16 23:00:00,173.744,173.822,173.705,173.791,3412.0
2025-09-17 00:00:00,173.775,173.793,173.505,173.668,1876.0
2025-09-17 01:00:00,173.668,173.846,173.667,173.829,1505.0
2025-09-17 02:00:00,173.829,173.85,173.705,173.806,2036.0
2025-09-17 03:00:00,173.804,173.815,173.576,173.761,5206.0
2025-09-17 04:00:00,173.764,173.772,173.63,173.689,4383.0
2025-09-17 05:00:00,173.688,173.754,173.675,173.726,2608.0
2025-09-17 06:00:00,173.723,173.755,173.652,173.674,1835.0
2025-09-17 07:00:00,173.674,173.688,173.593,173.607,1679.0
2025-09-17 08:00:00,173.613,173.749,173.568,173.734,2536.0
2025-09-17 09:00:00,173.742,173.753,173.628,173.689,4245.0
2025-09-17 10:00:00,173.689,173.704,173.577,173.663,4752.0
2025-09-17 11:00:00,173.663,173.684,173.449,173.502,4232.0
2025-09-17 12:00:00,173.504,173.529,173.286,173.324,3913.0
2025-09-17 13:00:00,173.324,173.331,173.085,173.133,4127.0
2025-09-17 14:00:00,173.133,173.299,173.087,173.252,4128.0
2025-09-17 15:00:00,173.253,173.408,173.205,173.362,4468.0
2025-09-17 16:00:00,173.362,173.413,173.297,173.411,5099.0
2025-09-17 17:00:00,173.412,173.443,173.27,173.41,5722.0
2025-09-17 18:00:00,173.409,173.452,173.332,173.359,4232.0
2025-09-17 19:00:00,173.36,173.423,173.322,173.397,3979.0
2025-09-17 20:00:00,173.397,173.438,173.316,173.32,3733.0
2025-09-17 21:00:00,173.313,173.752,173.173,173.63,20429.0
2025-09-17 22:00:00,173.625,173.777,173.494,173.561,12704.0
2025-09-17 23:00:00,173.562,173.671,173.556,173.625,4539.0
2025-09-18 00:00:00,173.568,173.616,173.426,173.572,1580.0
2025-09-18 01:00:00,173.572,173.665,173.517,173.552,2764.0
2025-09-18 02:00:00,173.552,173.717,173.512,173.688,2954.0
2025-09-18 03:00:00,173.688,173.757,173.605,173.729,5909.0
2025-09-18 04:00:00,173.727,173.797,173.678,173.69,6198.0
2025-09-18 05:00:00,173.691,173.758,173.627,173.637,3088.0
2025-09-18 06:00:00,173.636,173.703,173.613,173.695,2526.0
2025-09-18 07:00:00,173.696,173.764,173.614,173.63,2869.0
2025-09-18 08:00:00,173.63,173.767,173.604,173.738,3755.0
2025-09-18 09:00:00,173.734,173.928,173.714,173.861,6731.0
2025-09-18 10:00:00,173.86,174.1,173.833,174.065,7214.0
2025-09-18 11:00:00,174.065,174.468,174.03,174.379,6718.0
2025-09-18 12:00:00,174.38,174.439,174.302,174.343,6198.0
2025-09-18 13:00:00,174.341,174.387,174.272,174.31,5406.0
2025-09-18 14:00:00,174.313,174.352,174.188,174.286,7487.0
2025-09-18 15:00:00,174.288,174.388,174.102,174.322,9598.0
2025-09-18 16:00:00,174.321,174.426,174.138,174.224,12268.0
2025-09-18 17:00:00,174.228,174.427,174.17,174.292,11192.0
2025-09-18 18:00:00,174.291,174.383,174.211,174.36,8537.0
2025-09-18 19:00:00,174.359,174.371,174.193,174.291,6435.0
2025-09-18 20:00:00,174.289,174.349,174.269,174.31,4858.0
2025-09-18 21:00:00,174.306,174.336,174.255,174.313,4265.0
2025-09-18 22:00:00,174.313,174.362,174.283,174.355,3881.0
2025-09-18 23:00:00,174.363,174.423,174.338,174.416,2859.0
2025-09-19 00:00:00,174.408,174.419,174.182,174.382,2046.0
2025-09-19 01:00:00,174.361,174.429,174.353,174.394,2941.0
2025-09-19 02:00:00,174.394,174.499,174.394,174.442,1724.0
2025-09-19 03:00:00,174.441,174.491,174.369,174.461,5190.0
2025-09-19 04:00:00,174.46,174.463,174.316,174.36,5241.0
2025-09-19 05:00:00,174.357,174.374,174.239,174.341,4025.0
2025-09-19 06:00:00,174.336,174.388,173.769,173.935,7685.0
2025-09-19 07:00:00,173.934,173.943,173.48,173.704,10195.0
2025-09-19 08:00:00,173.704,173.761,173.614,173.676,6688.0
2025-09-19 09:00:00,173.68,174.112,173.577,173.98,10684.0
2025-09-19 10:00:00,173.977,174.163,173.899,174.125,9459.0
2025-09-19 11:00:00,174.124,174.127,173.866,173.902,7762.0
2025-09-19 12:00:00,173.901,174.026,173.847,174.002,6541.0
2025-09-19 13:00:00,174.002,174.064,173.921,174.007,5199.0
2025-09-19 14:00:00,174.007,174.051,173.894,173.909,6561.0
2025-09-19 15:00:00,173.909,173.972,173.765,173.891,8450.0
2025-09-19 16:00:00,173.889,173.997,173.781,173.839,9223.0
2025-09-19 17:00:00,173.84,173.957,173.835,173.885,9063.0
2025-09-19 18:00:00,173.888,173.918,173.652,173.753,7339.0
2025-09-19 19:00:00,173.753,173.797,173.655,173.775,4497.0
2025-09-19 20:00:00,173.777,173.877,173.772,173.858,3758.0
2025-09-22 00:00:00,173.691,173.734,173.53,173.73,649.0
2025-09-22 01:00:00,173.765,173.794,173.696,173.769,2352.0
2025-09-22 02:00:00,173.768,173.852,173.733,173.826,2745.0
2025-09-22 03:00:00,173.831,173.917,173.781,173.871,5825.0
2025-09-22 04:00:00,173.87,173.956,173.844,173.878,6299.0
2025-09-22 05:00:00,173.879,174.017,173.873,173.993,5069.0
2025-09-22 06:00:00,173.993,174.077,173.991,174.045,4069.0
2025-09-22 07:00:00,174.044,174.044,173.935,173.961,3595.0
2025-09-22 08:00:00,173.961,174.041,173.907,174.04,3693.0
2025-09-22 09:00:00,174.038,174.048,173.849,173.901,6004.0
2025-09-22 10:00:00,173.906,174.054,173.835,174.02,7628.0
2025-09-22 11:00:00,174.021,174.071,173.909,173.922,7200.0
2025-09-22 12:00:00,173.926,174.149,173.881,174.148,5766.0
2025-09-22 13:00:00,174.148,174.252,174.062,174.098,5679.0
2025-09-22 14:00:00,174.104,174.163,174.046,174.141,5451.0
2025-09-22 15:00:00,174.143,174.276,174.134,174.215,7111.0
2025-09-22 16:00:00,174.221,174.271,174.076,174.095,7977.0
2025-09-22 17:00:00,174.094,174.125,174.012,174.058,7492.0
2025-09-22 18:00:00,174.061,174.096,173.979,174.055,6039.0
2025-09-22 19:00:00,174.054,174.227,174.044,174.171,5106.0
2025-09-22 20:00:00,174.171,174.229,174.135,174.229,4405.0
2025-09-22 21:00:00,174.23,174.299,174.191,174.272,3772.0
2025-09-22 22:00:00,174.272,174.338,174.255,174.335,2720.0
2025-09-22 23:00:00,174.332,174.385,174.308,174.359,2346.0
2025-09-23 00:00:00,174.352,174.385,174.137,174.27,2041.0
2025-09-23 01:00:00,174.272,174.351,174.272,174.303,2083.0
2025-09-23 02:00:00,174.295,174.386,174.289,174.332,2491.0
2025-09-23 03:00:00,174.333,174.375,174.286,174.339,4359.0
2025-09-23 04:00:00,174.337,174.467,174.297,174.411,5249.0
2025-09-23 05:00:00,174.412,174.469,174.364,174.467,4852.0
2025-09-23 06:00:00,174.466,174.492,174.411,174.442,4121.0
2025-09-23 07:00:00,174.443,174.458,174.351,174.365,3320.0
2025-09-23 08:00:00,174.368,174.427,174.342,174.38,4252.0
2025-09-23 09:00:00,174.385,174.396,174.211,174.231,5454.0
2025-09-23 10:00:00,174.228,174.319,174.052,174.186,8286.0
2025-09-23 11:00:00,174.184,174.259,174.127,174.169,7464.0
2025-09-23 12:00:00,174.169,174.258,174.107,174.21,5981.0
2025-09-23 13:00:00,174.21,174.276,174.149,174.246,5231.0
2025-09-23 14:00:00,174.247,174.31,174.227,174.24,4904.0
2025-09-23 15:00:00,174.246,174.39,174.18,174.328,6531.0
2025-09-23 16:00:00,174.327,174.378,174.211,174.25,8504.0
2025-09-23 17:00:00,174.251,174.342,174.216,174.294,8563.0
2025-09-23 18:00:00,174.294,174.439,174.289,174.426,5971.0
2025-09-23 19:00:00,174.422,174.476,174.352,174.444,6146.0
2025-09-23 20:00:00,174.442,174.457,174.284,174.322,5999.0
2025-09-23 21:00:00,174.323,174.349,174.23,174.311,4384.0
2025-09-23 22:00:00,174.311,174.45,174.275,174.448,4091.0
2025-09-23 23:00:00,174.449,174.462,174.402,174.439,3227.0
2025-09-24 00:00:00,174.198,174.381,174.18,174.328,2087.0
2025-09-24 01:00:00,174.35,174.431,174.35,174.402,3191.0
2025-09-24 02:00:00,174.399,174.462,174.355,174.392,3029.0
2025-09-24 03:00:00,174.39,174.532,174.219,174.428,6868.0
2025-09-24 04:00:00,174.428,174.456,174.336,174.355,6695.0
2025-09-24 05:00:00,174.357,174.382,174.298,174.318,4533.0
2025-09-24 06:00:00,174.316,174.461,174.302,174.448,3079.0
2025-09-24 07:00:00,174.452,174.649,174.428,174.564,3296.0
2025-09-24 08:00:00,174.564,174.588,174.434,174.465,4141.0
2025-09-24 09:00:00,174.461,174.631,174.458,174.523,6023.0
2025-09-24 10:00:00,174.518,174.63,174.506,174.52,6693.0
2025-09-24 11:00:00,174.52,174.56,174.337,174.538,6484.0
2025-09-24 12:00:00,174.538,174.579,174.441,174.493,5536.0
2025-09-24 13:00:00,174.492,174.557,174.364,174.393,4947.0
2025-09-24 14:00:00,174.39,174.516,174.361,174.478,5685.0
2025-09-24 15:00:00,174.477,174.594,174.466,174.576,7564.0
2025-09-24 16:00:00,174.577,174.595,174.489,174.559,8041.0
2025-09-24 17:00:00,174.561,174.652,174.452,174.63,8831.0
2025-09-24 18:00:00,174.63,174.7,174.584,174.613,6951.0
2025-09-24 19:00:00,174.612,174.655,174.524,174.54,5006.0
2025-09-24 20:00:00,174.54,174.616,174.526,174.584,3713.0
2025-09-24 21:00:00,174.583,174.7,174.564,174.688,3805.0
2025-09-24 22:00:00,174.688,174.74,174.645,174.729,3313.0
2025-09-24 23:00:00,174.726,174.785,174.716,174.775,2415.0
2025-09-25 00:00:00,174.768,174.768,174.568,174.641,984.0
2025-09-25 01:00:00,174.681,174.79,174.681,174.769,2282.0
2025-09-25 02:00:00,174.77,174.787,174.685,174.703,3043.0
2025-09-25 03:00:00,174.702,174.709,174.491,174.53,5980.0
2025-09-25 04:00:00,174.531,174.775,174.522,174.698,5538.0
2025-09-25 05:00:00,174.698,174.786,174.59,174.779,4586.0
2025-09-25 06:00:00,174.781,174.785,174.67,174.72,3163.0
2025-09-25 07:00:00,174.72,174.734,174.626,174.637,3189.0
2025-09-25 08:00:00,174.637,174.742,174.609,174.737,4152.0
2025-09-25 09:00:00,174.739,174.868,174.695,174.758,6031.0
2025-09-25 10:00:00,174.757,174.778,174.527,174.616,6994.0
2025-09-25 11:00:00,174.621,174.67,174.506,174.664,6007.0
2025-09-25 12:00:00,174.666,174.77,174.661,174.755,4946.0
2025-09-25 13:00:00,174.757,174.829,174.735,174.794,4310.0
2025-09-25 14:00:00,174.794,174.834,174.648,174.737,5726.0
2025-09-25 15:00:00,174.739,174.787,174.466,174.587,10895.0
2025-09-25 16:00:00,174.59,174.692,174.526,174.617,10375.0
2025-09-25 17:00:00,174.624,174.728,174.576,174.718,10011.0
2025-09-25 18:00:00,174.719,174.923,174.621,174.839,7545.0
2025-09-25 19:00:00,174.838,174.943,174.78,174.848,5976.0
2025-09-25 20:00:00,174.845,174.865,174.598,174.634,5684.0
2025-09-25 21:00:00,174.633,174.68,174.546,174.656,5382.0
2025-09-25 22:00:00,174.657,174.674,174.595,174.643,3983.0
2025-09-25 23:00:00,174.645,174.799,174.629,174.74,2758.0
2025-09-26 00:00:00,174.736,174.74,174.542,174.616,4309.0
2025-09-26 01:00:00,174.629,174.789,174.624,174.718,2631.0
2025-09-26 02:00:00,174.716,174.851,174.688,174.779,4178.0
2025-09-26 03:00:00,174.779,174.81,174.634,174.701,6781.0
2025-09-26 04:00:00,174.702,174.842,174.653,174.812,5786.0
2025-09-26 05:00:00,174.814,174.863,174.781,174.828,3929.0
2025-09-26 06:00:00,174.828,174.845,174.778,174.828,2750.0
2025-09-26 07:00:00,174.828,174.86,174.769,174.78,3223.0
2025-09-26 08:00:00,174.782,174.845,174.746,174.824,3347.0
2025-09-26 09:00:00,174.832,174.936,174.809,174.871,6262.0
2025-09-26 10:00:00,174.87,175.013,174.855,174.919,6735.0
2025-09-26 11:00:00,174.92,174.959,174.852,174.917,5648.0
2025-09-26 12:00:00,174.916,174.959,174.846,174.931,5697.0
2025-09-26 13:00:00,174.93,174.975,174.798,174.819,5097.0
2025-09-26 14:00:00,174.817,174.862,174.728,174.771,5546.0
2025-09-26 15:00:00,174.771,174.924,174.711,174.81,9021.0
2025-09-26 16:00:00,174.811,174.986,174.8,174.953,9497.0
2025-09-26 17:00:00,174.951,175.052,174.785,174.787,10468.0
2025-09-26 18:00:00,174.788,174.87,174.765,174.806,7215.0
2025-09-26 19:00:00,174.807,174.891,174.802,174.868,5173.0
2025-09-26 20:00:00,174.868,174.956,174.815,174.937,4185.0
2025-09-29 00:00:00,174.77,174.954,174.76,174.935,1580.0
2025-09-29 01:00:00,174.936,175.017,174.852,174.945,2318.0
2025-09-29 02:00:00,174.946,174.963,174.85,174.888,2341.0
2025-09-29 03:00:00,174.889,174.922,174.797,174.86,5148.0
2025-09-29 04:00:00,174.86,174.89,174.65,174.78,5309.0
2025-09-29 05:00:00,174.781,174.783,174.617,174.65,4518.0
2025-09-29 06:00:00,174.65,174.671,174.605,174.624,3366.0
2025-09-29 07:00:00,174.622,174.711,174.589,174.675,3112.0
2025-09-29 08:00:00,174.68,174.75,174.457,174.494,5292.0
2025-09-29 09:00:00,174.492,174.509,174.35,174.422,6575.0
2025-09-29 10:00:00,174.418,174.45,174.197,174.236,7157.0
2025-09-29 11:00:00,174.235,174.249,173.982,174.136,6976.0
2025-09-29 12:00:00,174.134,174.222,174.055,174.127,6052.0
2025-09-29 13:00:00,174.127,174.244,174.087,174.235,5020.0
2025-09-29 14:00:00,174.238,174.343,174.168,174.325,5496.0
2025-09-29 15:00:00,174.327,174.619,174.319,174.611,8262.0
2025-09-29 16:00:00,174.61,174.652,174.419,174.446,8487.0
2025-09-29 17:00:00,174.45,174.484,174.249,174.37,7770.0
2025-09-29 18:00:00,174.372,174.377,174.181,174.26,6589.0
2025-09-29 19:00:00,174.26,174.315,174.222,174.279,3765.0
2025-09-29 20:00:00,174.279,174.321,174.156,174.165,3822.0
2025-09-29 21:00:00,174.162,174.38,174.149,174.366,3472.0
2025-09-29 22:00:00,174.366,174.366,174.259,174.303,2798.0
2025-09-29 23:00:00,174.305,174.358,174.237,174.246,2464.0
2025-09-30 00:00:00,174.219,174.29,174.096,174.228,1770.0
2025-09-30 01:00:00,174.228,174.3,174.228,174.271,1473.0
2025-09-30 02:00:00,174.271,174.349,174.217,174.338,2411.0
2025-09-30 03:00:00,174.343,174.419,174.216,174.398,6543.0
2025-09-30 04:00:00,174.396,174.403,174.209,174.247,6087.0
2025-09-30 05:00:00,174.247,174.334,174.23,174.327,3877.0
2025-09-30 06:00:00,174.327,174.328,174.109,174.111,3734.0
2025-09-30 07:00:00,174.111,174.16,173.96,174.058,4580.0
2025-09-30 08:00:00,174.059,174.128,173.917,173.988,5481.0
2025-09-30 09:00:00,173.984,174.058,173.772,173.803,7215.0
2025-09-30 10:00:00,173.798,173.926,173.691,173.84,8164.0
2025-09-30 11:00:00,173.869,173.93,173.718,173.811,8067.0
2025-09-30 12:00:00,173.812,173.858,173.666,173.841,6676.0
2025-09-30 13:00:00,173.835,173.88,173.729,173.865,5474.0
2025-09-30 14:00:00,173.867,173.918,173.727,173.753,4714.0
2025-09-30 15:00:00,173.749,173.812,173.566,173.663,6711.0
2025-09-30 16:00:00,173.664,173.697,173.44,173.505,8117.0
2025-09-30 17:00:00,173.506,173.696,173.391,173.525,11522.0
2025-09-30 18:00:00,173.526,173.629,173.464,173.623,9056.0
2025-09-30 19:00:00,173.625,173.706,173.548,173.697,5692.0
2025-09-30 20:00:00,173.692,173.724,173.62,173.634,4848.0
2025-09-30 21:00:00,173.636,173.643,173.533,173.615,4565.0
2025-09-30 22:00:00,173.611,173.625,173.543,173.584,3931.0
2025-09-30 23:00:00,173.588,173.641,173.565,173.572,2574.0
2025-10-01 00:00:00,173.481,173.521,173.344,173.485,1827.0
2025-10-01 01:00:00,173.488,173.587,173.485,173.564,1884.0
2025-10-01 02:00:00,173.562,173.706,173.558,173.697,2497.0
2025-10-01 03:00:00,173.696,173.911,173.682,173.815,5517.0
2025-10-01 04:00:00,173.817,173.837,173.674,173.682,3967.0
2025-10-01 05:00:00,173.683,173.705,173.549,173.617,3552.0
2025-10-01 06:00:00,173.617,173.682,173.576,173.633,3048.0
2025-10-01 07:00:00,173.633,173.728,173.479,173.494,4020.0
2025-10-01 08:00:00,173.497,173.577,173.37,173.375,5273.0
2025-10-01 09:00:00,173.37,173.377,173.203,173.261,7354.0
2025-10-01 10:00:00,173.259,173.266,172.828,172.873,9886.0
2025-10-01 11:00:00,172.871,173.027,172.802,172.905,7703.0
2025-10-01 12:00:00,172.901,172.924,172.671,172.722,6983.0
2025-10-01 13:00:00,172.72,172.728,172.423,172.458,6622.0
2025-10-01 14:00:00,172.458,172.62,172.446,172.498,5669.0
2025-10-01 15:00:00,172.489,172.656,172.3,172.473,13431.0
2025-10-01 16:00:00,172.469,172.581,172.35,172.465,10440.0
2025-10-01 17:00:00,172.421,172.677,172.412,172.51,12341.0
2025-10-01 18:00:00,172.506,172.653,172.457,172.502,9126.0
2025-10-01 19:00:00,172.503,172.604,172.473,172.518,5933.0
2025-10-01 20:00:00,172.521,172.625,172.521,172.538,3943.0
2025-10-01 21:00:00,172.541,172.662,172.535,172.601,4292.0
2025-10-01 22:00:00,172.599,172.649,172.539,172.55,3202.0
2025-10-01 23:00:00,172.547,172.596,172.496,172.512,2942.0
2025-10-02 00:00:00,172.401,172.506,172.388,172.49,2634.0
2025-10-02 01:00:00,172.496,172.586,172.475,172.5,1779.0
2025-10-02 02:00:00,172.499,172.617,172.486,172.598,1997.0
2025-10-02 03:00:00,172.597,172.747,172.557,172.655,5589.0
2025-10-02 04:00:00,172.655,172.681,172.508,172.541,5319.0
2025-10-02 05:00:00,172.543,172.769,172.506,172.724,3045.0
2025-10-02 06:00:00,172.724,172.755,172.552,172.596,2671.0
2025-10-02 07:00:00,172.597,172.71,172.576,172.701,2651.0
2025-10-02 08:00:00,172.701,172.758,172.629,172.702,3758.0
2025-10-02 09:00:00,172.698,172.989,172.508,172.803,7589.0
2025-10-02 10:00:00,172.802,172.95,172.771,172.818,7214.0
2025-10-02 11:00:00,172.818,172.851,172.46,172.541,6741.0
2025-10-02 12:00:00,172.544,172.561,172.314,172.355,6158.0
2025-10-02 13:00:00,172.354,172.433,172.275,172.33,5109.0
2025-10-02 14:00:00,172.33,172.57,172.299,172.492,5564.0
2025-10-02 15:00:00,172.491,172.81,172.469,172.729,7396.0
2025-10-02 16:00:00,172.724,172.745,172.493,172.584,9168.0
2025-10-02 17:00:00,172.587,172.588,172.355,172.57,10012.0
2025-10-02 18:00:00,172.568,172.581,172.263,172.344,8059.0
2025-10-02 19:00:00,172.343,172.433,172.322,172.406,5432.0
2025-10-02 20:00:00,172.407,172.499,172.378,172.404,3963.0
2025-10-02 21:00:00,172.403,172.559,172.397,172.55,3228.0
2025-10-02 22:00:00,172.546,172.57,172.467,172.541,2636.0
2025-10-02 23:00:00,172.546,172.575,172.506,172.522,2214.0
2025-10-03 00:00:00,172.478,172.506,172.349,172.479,1600.0
2025-10-03 01:00:00,172.481,172.546,172.463,172.504,1587.0
2025-10-03 02:00:00,172.501,172.552,172.431,172.535,2037.0
2025-10-03 03:00:00,172.535,172.773,172.531,172.758,4444.0
2025-10-03 04:00:00,172.762,173.098,172.621,172.983,6467.0
2025-10-03 05:00:00,172.987,173.133,172.975,173.116,3393.0
2025-10-03 06:00:00,173.118,173.216,173.087,173.109,2817.0
2025-10-03 07:00:00,173.108,173.183,173.083,173.103,2551.0
2025-10-03 08:00:00,173.103,173.179,172.929,173.155,4957.0
2025-10-03 09:00:00,173.153,173.191,172.965,172.995,5823.0
2025-10-03 10:00:00,172.998,173.113,172.92,172.947,5746.0
2025-10-03 11:00:00,172.947,173.049,172.907,172.966,5606.0
2025-10-03 12:00:00,172.964,173.012,172.897,172.969,4199.0
2025-10-03 13:00:00,172.97,172.97,172.878,172.902,3576.0
2025-10-03 14:00:00,172.902,172.976,172.792,172.813,4975.0
2025-10-03 15:00:00,172.818,172.903,172.809,172.886,6441.0
2025-10-03 16:00:00,172.884,172.987,172.829,172.97,7534.0
2025-10-03 17:00:00,172.918,173.244,172.791,173.109,10908.0
2025-10-03 18:00:00,173.112,173.145,173.027,173.069,6507.0
2025-10-03 19:00:00,173.069,173.18,173.057,173.165,4121.0
2025-10-03 20:00:00,173.164,173.165,173.036,173.08,4199.0
2025-10-06 00:00:00,175.205,175.205,174.82,174.838,2151.0
2025-10-06 01:00:00,174.838,175.05,174.728,174.946,7019.0
2025-10-06 02:00:00,174.948,175.247,174.777,175.19,8133.0
2025-10-06 03:00:00,175.183,175.502,175.105,175.399,10969.0
2025-10-06 04:00:00,175.404,175.635,175.293,175.596,8127.0
2025-10-06 05:00:00,175.597,175.812,175.559,175.752,5098.0
2025-10-06 06:00:00,175.752,175.97,175.724,175.938,4704.0
2025-10-06 07:00:00,175.939,176.24,175.732,176.168,7003.0
2025-10-06 08:00:00,176.168,176.254,176.013,176.058,5943.0
2025-10-06 09:00:00,176.054,176.061,175.431,175.441,9115.0
2025-10-06 10:00:00,175.443,175.839,174.969,174.972,12128.0
2025-10-06 11:00:00,174.968,175.578,174.899,175.445,9956.0
2025-10-06 12:00:00,175.438,175.519,175.316,175.432,7203.0
2025-10-06 13:00:00,175.434,175.449,175.224,175.275,6775.0
2025-10-06 14:00:00,175.275,175.588,175.238,175.561,7463.0
2025-10-06 15:00:00,175.561,175.571,174.963,175.083,11985.0
2025-10-06 16:00:00,175.085,175.423,175.056,175.413,9722.0
2025-10-06 17:00:00,175.415,175.727,175.332,175.702,9930.0
2025-10-06 18:00:00,175.704,175.779,175.617,175.626,7893.0
2025-10-06 19:00:00,175.626,175.873,175.565,175.869,5011.0
2025-10-06 20:00:00,175.868,175.958,175.777,175.897,4200.0
2025-10-06 21:00:00,175.897,176.058,175.879,176.037,3781.0
2025-10-06 22:00:00,176.036,176.065,175.962,176.036,3488.0
2025-10-06 23:00:00,176.034,176.131,176.01,176.103,2262.0
2025-10-07 00:00:00,175.974,176.002,175.842,175.924,1365.0
2025-10-07 01:00:00,175.933,176.095,175.933,176.021,3986.0
2025-10-07 02:00:00,176.018,176.104,175.96,176.065,2939.0
2025-10-07 03:00:00,176.065,176.34,176.056,176.203,6191.0
2025-10-07 04:00:00,176.204,176.264,175.953,176.043,4556.0
2025-10-07 05:00:00,176.042,176.155,175.941,176.144,3316.0
2025-10-07 06:00:00,176.145,176.154,175.967,175.969,3125.0
2025-10-07 07:00:00,175.97,176.009,175.868,175.959,3599.0
2025-10-07 08:00:00,175.96,176.012,175.862,175.961,4348.0
2025-10-07 09:00:00,175.963,176.109,175.925,176.028,6671.0
2025-10-07 10:00:00,176.027,176.063,175.783,175.873,7074.0
2025-10-07 11:00:00,175.873,176.015,175.799,175.91,5898.0
2025-10-07 12:00:00,175.91,175.997,175.795,175.883,5216.0
2025-10-07 13:00:00,175.885,176.039,175.856,176.009,4786.0
2025-10-07 14:00:00,176.009,176.028,175.855,175.984,5663.0
2025-10-07 15:00:00,175.985,176.058,175.884,175.974,7482.0
2025-10-07 16:00:00,175.979,176.026,175.894,175.997,8499.0
2025-10-07 17:00:00,175.998,176.349,175.958,176.312,8773.0
2025-10-07 18:00:00,176.311,176.526,176.202,176.468,8639.0
2025-10-07 19:00:00,176.468,176.722,176.425,176.595,6847.0
2025-10-07 20:00:00,176.592,176.864,176.591,176.777,5633.0
2025-10-07 21:00:00,176.778,177.129,176.752,176.993,5994.0
2025-10-07 22:00:00,176.992,177.021,176.857,176.975,4432.0
2025-10-07 23:00:00,176.979,177.148,176.977,177.057,2568.0
2025-10-08 00:00:00,177.054,177.089,176.924,177.011,1436.0
2025-10-08 01:00:00,177.011,177.095,176.937,176.997,2249.0
2025-10-08 02:00:00,176.999,177.252,176.974,177.187,4190.0
2025-10-08 03:00:00,177.188,177.453,177.188,177.396,6631.0
2025-10-08 04:00:00,177.399,177.422,177.18,177.422,7803.0
2025-10-08 05:00:00,177.424,177.436,177.082,177.249,5535.0
2025-10-08 06:00:00,177.248,177.291,177.156,177.168,3383.0
2025-10-08 07:00:00,177.168,177.207,176.959,177.034,3518.0
2025-10-08 08:00:00,177.034,177.053,176.915,177.05,4214.0
2025-10-08 09:00:00,177.051,177.125,176.897,176.971,8592.0
2025-10-08 10:00:00,176.973,177.427,176.935,177.422,9126.0
2025-10-08 11:00:00,177.424,177.457,177.149,177.402,7497.0
2025-10-08 12:00:00,177.403,177.653,177.403,177.621,7254.0
2025-10-08 13:00:00,177.621,177.854,177.55,177.676,5896.0
2025-10-08 14:00:00,177.675,177.76,177.492,177.524,6362.0
2025-10-08 15:00:00,177.522,177.648,177.356,177.403,7622.0
2025-10-08 16:00:00,177.404,177.537,177.373,177.493,8967.0
2025-10-08 17:00:00,177.493,177.603,177.204,177.252,8425.0
2025-10-08 18:00:00,177.252,177.366,177.234,177.252,7322.0
2025-10-08 19:00:00,177.248,177.284,177.183,177.276,4888.0
2025-10-08 20:00:00,177.277,177.455,177.269,177.445,3767.0
2025-10-08 21:00:00,177.446,177.528,177.363,177.459,6491.0
2025-10-08 22:00:00,177.453,177.573,177.433,177.569,3991.0
2025-10-08 23:00:00,177.567,177.627,177.498,177.554,2355.0
2025-10-09 00:00:00,177.511,177.511,177.281,177.465,2948.0
2025-10-09 01:00:00,177.465,177.588,177.414,177.443,2612.0
2025-10-09 02:00:00,177.444,177.591,177.359,177.59,3928.0
2025-10-09 03:00:00,177.589,177.704,177.386,177.703,6498.0
2025-10-09 04:00:00,177.704,177.792,177.408,177.532,7860.0
2025-10-09 05:00:00,177.532,177.653,177.502,177.526,3727.0
2025-10-09 06:00:00,177.525,177.629,177.523,177.592,3193.0
2025-10-09 07:00:00,177.593,177.697,177.549,177.558,2717.0
2025-10-09 08:00:00,177.561,177.673,177.542,177.641,3699.0
2025-10-09 09:00:00,177.642,177.934,177.62,177.693,8889.0
2025-10-09 10:00:00,177.691,177.853,177.632,177.729,7914.0
2025-10-09 11:00:00,177.729,177.79,177.387,177.437,6567.0
2025-10-09 12:00:00,177.442,177.505,177.232,177.356,8116.0
2025-10-09 13:00:00,177.354,177.453,177.281,177.368,5299.0
2025-10-09 14:00:00,177.366,177.508,177.354,177.426,5392.0
2025-10-09 15:00:00,177.425,177.474,177.286,177.417,7566.0
2025-10-09 16:00:00,177.414,177.479,176.771,177.364,12388.0
2025-10-09 17:00:00,177.362,177.43,177.103,177.242,10926.0
2025-10-09 18:00:00,177.244,177.26,176.773,176.91,9767.0
2025-10-09 19:00:00,176.91,176.95,176.803,176.834,6932.0
2025-10-09 20:00:00,176.833,176.955,176.791,176.928,7138.0
2025-10-09 21:00:00,176.927,176.935,176.823,176.867,5311.0
2025-10-09 22:00:00,176.876,177.025,176.834,176.936,4550.0
2025-10-09 23:00:00,176.941,177.035,176.938,177.026,2557.0
2025-10-10 00:00:00,176.884,177.012,176.719,176.997,1374.0
2025-10-10 01:00:00,176.997,177.031,176.918,176.99,1629.0
2025-10-10 02:00:00,176.99,177.154,176.934,176.991,3824.0
2025-10-10 03:00:00,176.99,177.124,176.924,176.942,6219.0
2025-10-10 04:00:00,176.942,177.013,176.852,176.949,5042.0
2025-10-10 05:00:00,176.949,177.02,176.885,176.927,3564.0
2025-10-10 06:00:00,176.926,176.953,176.661,176.689,3660.0
2025-10-10 07:00:00,176.689,176.862,176.647,176.801,3494.0
2025-10-10 08:00:00,176.801,176.903,176.704,176.834,4518.0
2025-10-10 09:00:00,176.83,176.956,176.332,176.501,9302.0
2025-10-10 10:00:00,176.498,176.999,176.452,176.979,8851.0
2025-10-10 11:00:00,176.979,177.085,176.753,176.756,7339.0
2025-10-10 12:00:00,176.755,176.926,176.707,176.859,5657.0
2025-10-10 13:00:00,176.854,176.856,176.687,176.73,4829.0
2025-10-10 14:00:00,176.731,176.784,176.463,176.47,6258.0
2025-10-10 15:00:00,176.47,176.627,176.442,176.549,6991.0
2025-10-10 16:00:00,176.549,176.637,176.504,176.61,7351.0
2025-10-10 17:00:00,176.612,176.696,176.463,176.536,9164.0
2025-10-10 18:00:00,176.531,176.596,176.17,176.454,18939.0
2025-10-10 19:00:00,176.455,176.686,176.286,176.29,12057.0
2025-10-10 20:00:00,176.287,176.328,176.04,176.197,9156.0
2025-10-13 00:00:00,176.331,176.415,176.196,176.282,1566.0
2025-10-13 01:00:00,176.283,176.524,176.203,176.295,6697.0
2025-10-13 02:00:00,176.293,176.447,176.123,176.425,6503.0
2025-10-13 03:00:00,176.423,176.453,176.292,176.383,7887.0
2025-10-13 04:00:00,176.386,176.584,176.38,176.57,7358.0
2025-10-13 05:00:00,176.572,176.621,176.497,176.538,4143.0
2025-10-13 06:00:00,176.537,176.606,176.506,176.555,3865.0
2025-10-13 07:00:00,176.555,176.6,176.478,176.528,3166.0
2025-10-13 08:00:00,176.527,176.528,176.343,176.399,4634.0
2025-10-13 09:00:00,176.398,176.581,176.349,176.465,8114.0
2025-10-13 10:00:00,176.464,176.914,176.439,176.667,9216.0
2025-10-13 11:00:00,176.672,176.74,176.432,176.494,7233.0
2025-10-13 12:00:00,176.495,176.567,176.417,176.429,5170.0
2025-10-13 13:00:00,176.43,176.456,176.238,176.271,4971.0
2025-10-13 14:00:00,176.271,176.313,175.927,175.966,8109.0
2025-10-13 15:00:00,175.967,176.105,175.901,176.091,7127.0
2025-10-13 16:00:00,176.091,176.164,175.995,176.157,8277.0
2025-10-13 17:00:00,176.161,176.296,176.082,176.16,8948.0
2025-10-13 18:00:00,176.161,176.249,176.142,176.224,6140.0
2025-10-13 19:00:00,176.224,176.276,176.163,176.27,4233.0
2025-10-13 20:00:00,176.27,176.33,176.148,176.218,3468.0
2025-10-13 21:00:00,176.218,176.259,176.162,176.169,3119.0
2025-10-13 22:00:00,176.169,176.23,176.158,176.182,2605.0
2025-10-13 23:00:00,176.181,176.233,176.141,176.207,2097.0
2025-10-14 00:00:00,175.986,176.151,175.964,176.112,1014.0
2025-10-14 01:00:00,176.107,176.233,176.106,176.229,1880.0
2025-10-14 02:00:00,176.226,176.333,176.168,176.329,2999.0
2025-10-14 03:00:00,176.324,176.374,176.197,176.266,6968.0
2025-10-14 04:00:00,176.267,176.449,176.206,176.402,6089.0
2025-10-14 05:00:00,176.402,176.45,176.344,176.363,3647.0
2025-10-14 06:00:00,176.363,176.379,176.097,176.169,4270.0
2025-10-14 07:00:00,176.168,176.174,175.84,176.033,7346.0
2025-10-14 08:00:00,176.035,176.038,175.727,175.747,7575.0
2025-10-14 09:00:00,175.724,175.915,175.548,175.742,10319.0
2025-10-14 10:00:00,175.742,175.761,175.343,175.5,10812.0
2025-10-14 11:00:00,175.505,175.781,175.45,175.669,7727.0
2025-10-14 12:00:00,175.672,175.872,175.61,175.763,6428.0
2025-10-14 13:00:00,175.758,175.769,175.506,175.549,6711.0
2025-10-14 14:00:00,175.551,175.77,175.524,175.7,6533.0
2025-10-14 15:00:00,175.7,175.791,175.497,175.699,9012.0
2025-10-14 16:00:00,175.699,175.996,175.687,175.922,11994.0
2025-10-14 17:00:00,175.925,176.205,175.864,176.033,10896.0
2025-10-14 18:00:00,176.034,176.198,175.936,176.176,9769.0
2025-10-14 19:00:00,176.175,176.283,176.111,176.162,8595.0
2025-10-14 20:00:00,176.16,176.239,176.102,176.151,5541.0
2025-10-14 21:00:00,176.151,176.199,176.104,176.118,4556.0
2025-10-14 22:00:00,176.118,176.141,175.974,176.04,6231.0
2025-10-14 23:00:00,176.042,176.205,176.029,176.204,2604.0
2025-10-15 00:00:00,176.205,176.205,175.967,176.057,709.0
2025-10-15 01:00:00,176.057,176.294,176.057,176.153,2534.0
2025-10-15 02:00:00,176.155,176.193,176.017,176.021,3133.0
2025-10-15 03:00:00,176.031,176.221,175.879,175.974,7902.0
2025-10-15 04:00:00,175.961,176.019,175.776,175.803,6915.0
2025-10-15 05:00:00,175.805,175.812,175.553,175.572,5557.0
2025-10-15 06:00:00,175.57,175.671,175.504,175.656,4189.0
2025-10-15 07:00:00,175.66,175.735,175.611,175.722,3328.0
2025-10-15 08:00:00,175.733,175.821,175.661,175.689,4404.0
2025-10-15 09:00:00,175.69,175.727,175.435,175.717,7584.0
2025-10-15 10:00:00,175.718,176.006,175.673,175.986,7350.0
2025-10-15 11:00:00,175.984,176.174,175.876,175.909,7268.0
2025-10-15 12:00:00,175.906,176.203,175.902,176.079,6167.0
2025-10-15 13:00:00,176.077,176.149,175.933,175.949,4733.0
2025-10-15 14:00:00,175.942,176.074,175.935,176.043,4726.0
2025-10-15 15:00:00,176.042,176.26,176.007,176.168,8497.0
2025-10-15 16:00:00,176.168,176.301,176.035,176.04,10208.0
2025-10-15 17:00:00,176.039,176.093,175.893,175.996,8070.0
2025-10-15 18:00:00,175.995,176.046,175.844,175.978,9204.0
2025-10-15 19:00:00,175.979,176.028,175.902,175.989,7172.0
2025-10-15 20:00:00,175.988,176.016,175.816,175.99,8245.0
2025-10-15 21:00:00,175.989,176.064,175.954,176.048,5034.0
2025-10-15 22:00:00,176.048,176.123,175.998,176.123,3940.0
2025-10-15 23:00:00,176.12,176.157,175.902,175.929,3321.0
2025-10-16 00:00:00,175.911,175.978,175.748,175.784,808.0
2025-10-16 01:00:00,175.784,175.98,175.647,175.765,3001.0
2025-10-16 02:00:00,175.767,175.885,175.722,175.839,3152.0
2025-10-16 03:00:00,175.844,175.913,175.506,175.772,9044.0
2025-10-16 04:00:00,175.775,175.877,175.67,175.749,7425.0
2025-10-16 05:00:00,175.749,175.901,175.727,175.895,4950.0
2025-10-16 06:00:00,175.901,175.965,175.846,175.941,4018.0
2025-10-16 07:00:00,175.941,176.137,175.92,176.055,3272.0
2025-10-16 08:00:00,176.057,176.2,176.037,176.135,5470.0
2025-10-16 09:00:00,176.136,176.359,176.082,176.212,7725.0
2025-10-16 10:00:00,176.208,176.283,175.869,176.228,9103.0
2025-10-16 11:00:00,176.225,176.335,176.099,176.334,7370.0
2025-10-16 12:00:00,176.337,176.457,176.3,176.378,5875.0
2025-10-16 13:00:00,176.38,176.399,176.178,176.203,5469.0
2025-10-16 14:00:00,176.202,176.328,176.18,176.258,5970.0
2025-10-16 15:00:00,176.262,176.301,176.036,176.191,8097.0
2025-10-16 16:00:00,176.19,176.328,176.096,176.148,11247.0
2025-10-16 17:00:00,176.147,176.168,175.983,176.062,11142.0
2025-10-16 18:00:00,176.065,176.139,175.835,175.852,9646.0
2025-10-16 19:00:00,175.849,175.997,175.447,175.622,12159.0
2025-10-16 20:00:00,175.623,175.841,175.542,175.714,11268.0
2025-10-16 21:00:00,175.713,175.797,175.577,175.734,8786.0
2025-10-16 22:00:00,175.731,175.858,175.63,175.796,7101.0
2025-10-16 23:00:00,175.796,175.836,175.749,175.811,3672.0
2025-10-17 00:00:00,175.799,175.818,175.598,175.782,1252.0
2025-10-17 01:00:00,175.79,175.852,175.708,175.723,3741.0
2025-10-17 02:00:00,175.721,175.754,175.527,175.662,4253.0
2025-10-17 03:00:00,175.66,175.875,175.545,175.869,7860.0
2025-10-17 04:00:00,175.869,175.973,175.837,175.883,7888.0
2025-10-17 05:00:00,175.883,175.909,175.714,175.786,5445.0
2025-10-17 06:00:00,175.785,175.8,175.553,175.656,4626.0
2025-10-17 07:00:00,175.657,175.774,175.59,175.608,5001.0
2025-10-17 08:00:00,175.608,175.672,175.537,175.551,5664.0
2025-10-17 09:00:00,175.551,175.668,175.195,175.227,9842.0
2025-10-17 10:00:00,175.223,175.388,174.814,175.327,14393.0
2025-10-17 11:00:00,175.33,175.386,175.091,175.208,10825.0
2025-10-17 12:00:00,175.206,175.369,175.052,175.134,7658.0
2025-10-17 13:00:00,175.136,175.319,175.028,175.264,8839.0
2025-10-17 14:00:00,175.264,175.69,175.251,175.551,12022.0
2025-10-17 15:00:00,175.552,175.753,175.542,175.596,11216.0
2025-10-17 16:00:00,175.595,175.631,175.341,175.478,11961.0
2025-10-17 17:00:00,175.475,175.679,175.434,175.502,13260.0
2025-10-17 18:00:00,175.503,175.517,175.244,175.491,10082.0
2025-10-17 19:00:00,175.49,175.68,175.487,175.542,8393.0
2025-10-17 20:00:00,175.536,175.602,175.503,175.586,7168.0
2025-10-20 00:00:00,175.386,175.463,175.286,175.316,1443.0
2025-10-20 01:00:00,175.317,175.851,175.317,175.805,3953.0
2025-10-20 02:00:00,175.819,175.94,175.786,175.936,3625.0
2025-10-20 03:00:00,175.935,176.076,175.813,176.061,7310.0
2025-10-20 04:00:00,176.059,176.366,175.986,176.024,6306.0
2025-10-20 05:00:00,176.021,176.134,175.958,175.998,4008.0
2025-10-20 06:00:00,175.997,176.04,175.777,175.87,3269.0
2025-10-20 07:00:00,175.867,175.901,175.632,175.771,4091.0
2025-10-20 08:00:00,175.77,175.887,175.69,175.864,4896.0
2025-10-20 09:00:00,175.864,175.864,175.599,175.675,7794.0
2025-10-20 10:00:00,175.675,175.924,175.638,175.804,7272.0
2025-10-20 11:00:00,175.801,175.894,175.623,175.633,7324.0
2025-10-20 12:00:00,175.631,175.81,175.238,175.781,8401.0
2025-10-20 13:00:00,175.784,175.837,175.588,175.632,6121.0
2025-10-20 14:00:00,175.631,175.723,175.558,175.664,6089.0
2025-10-20 15:00:00,175.665,175.754,175.522,175.589,8016.0
2025-10-20 16:00:00,175.592,175.707,175.481,175.632,8143.0
2025-10-20 17:00:00,175.632,175.678,175.428,175.496,8431.0
2025-10-20 18:00:00,175.493,175.575,175.464,175.512,7143.0
2025-10-20 19:00:00,175.513,175.563,175.465,175.529,5006.0
2025-10-20 20:00:00,175.533,175.641,175.512,175.558,4167.0
2025-10-20 21:00:00,175.557,175.566,175.485,175.497,3901.0
2025-10-20 22:00:00,175.496,175.507,175.409,175.42,3021.0
2025-10-20 23:00:00,175.42,175.523,175.413,175.485,2291.0
2025-10-21 00:00:00,175.428,175.45,175.308,175.429,1485.0
2025-10-21 01:00:00,175.448,175.55,175.437,175.499,1729.0
2025-10-21 02:00:00,175.499,175.619,175.482,175.614,2346.0
2025-10-21 03:00:00,175.614,175.647,175.351,175.563,7023.0
2025-10-21 04:00:00,175.562,175.815,175.387,175.815,6674.0
2025-10-21 05:00:00,175.821,175.907,175.771,175.819,5225.0
2025-10-21 06:00:00,175.819,175.855,175.697,175.738,4070.0
2025-10-21 07:00:00,175.738,175.928,175.578,175.794,5792.0
2025-10-21 08:00:00,175.793,176.172,175.565,176.142,8878.0
2025-10-21 09:00:00,176.142,176.247,175.873,175.943,7474.0
2025-10-21 10:00:00,175.946,175.948,175.671,175.721,8791.0
2025-10-21 11:00:00,175.724,176.203,175.634,176.189,9198.0
2025-10-21 12:00:00,176.187,176.462,176.164,176.399,6506.0
2025-10-21 13:00:00,176.401,176.517,176.322,176.508,7142.0
2025-10-21 14:00:00,176.51,176.561,176.414,176.455,7461.0
2025-10-21 15:00:00,176.455,176.617,176.421,176.524,9129.0
2025-10-21 16:00:00,176.524,176.571,176.045,176.046,11927.0
2025-10-21 17:00:00,176.044,176.244,175.841,176.236,10831.0
2025-10-21 18:00:00,176.237,176.317,176.141,176.235,7319.0
2025-10-21 19:00:00,176.232,176.435,176.213,176.286,7355.0
2025-10-21 20:00:00,176.286,176.382,176.207,176.294,5804.0
2025-10-21 21:00:00,176.295,176.323,176.262,176.298,3303.0
2025-10-21 22:00:00,176.296,176.345,176.226,176.229,2905.0
2025-10-21 23:00:00,176.231,176.252,176.161,176.223,2071.0
2025-10-22 00:00:00,176.222,176.235,176.125,176.218,817.0
2025-10-22 01:00:00,176.247,176.251,176.17,176.243,1847.0
2025-10-22 02:00:00,176.238,176.267,176.162,176.168,2029.0
2025-10-22 03:00:00,176.167,176.169,175.957,175.961,7320.0
2025-10-22 04:00:00,175.96,176.114,175.849,176.101,5901.0
2025-10-22 05:00:00,176.099,176.148,175.973,176.023,3620.0
2025-10-22 06:00:00,176.024,176.216,176.018,176.187,3317.0
2025-10-22 07:00:00,176.188,176.278,176.145,176.18,3015.0
2025-10-22 08:00:00,176.179,176.368,176.164,176.365,3212.0
2025-10-22 09:00:00,176.372,176.38,176.12,176.157,7762.0
2025-10-22 10:00:00,176.159,176.214,176.011,176.129,7783.0
2025-10-22 11:00:00,176.13,176.14,175.867,175.924,8597.0
2025-10-22 12:00:00,175.923,176.044,175.88,176.028,5665.0
2025-10-22 13:00:00,176.03,176.031,175.802,175.893,5972.0
2025-10-22 14:00:00,175.894,175.966,175.768,175.812,7630.0
2025-10-22 15:00:00,175.811,176.01,175.804,175.978,8085.0
2025-10-22 16:00:00,175.979,176.237,175.975,176.207,9078.0
2025-10-22 17:00:00,176.207,176.363,176.114,176.353,9623.0
2025-10-22 18:00:00,176.357,176.388,176.2,176.252,8413.0
2025-10-22 19:00:00,176.25,176.38,176.056,176.341,8516.0
2025-10-22 20:00:00,176.345,176.359,176.09,176.134,7295.0
2025-10-22 21:00:00,176.134,176.338,176.121,176.314,5826.0
2025-10-22 22:00:00,176.314,176.425,176.274,176.386,4346.0
2025-10-22 23:00:00,176.387,176.434,176.343,176.424,2168.0
2025-10-23 00:00:00,176.436,176.436,176.29,176.369,711.0
2025-10-23 01:00:00,176.37,176.428,176.307,176.397,2202.0
2025-10-23 02:00:00,176.4,176.434,176.349,176.409,2993.0
2025-10-23 03:00:00,176.411,176.636,176.383,176.56,6128.0
2025-10-23 04:00:00,176.561,176.84,176.534,176.767,5406.0
2025-10-23 05:00:00,176.769,176.842,176.738,176.799,3356.0
2025-10-23 06:00:00,176.8,176.826,176.713,176.759,2437.0
2025-10-23 07:00:00,176.759,176.844,176.748,176.779,2988.0
2025-10-23 08:00:00,176.779,176.792,176.674,176.771,3147.0
2025-10-23 09:00:00,176.772,176.982,176.704,176.975,5525.0
2025-10-23 10:00:00,176.975,176.975,176.715,176.898,6988.0
2025-10-23 11:00:00,176.895,177.016,176.845,176.965,5621.0
2025-10-23 12:00:00,176.966,177.016,176.877,176.881,4934.0
2025-10-23 13:00:00,176.883,177.03,176.874,177.023,4928.0
2025-10-23 14:00:00,177.023,177.047,176.899,176.901,5004.0
2025-10-23 15:00:00,176.902,176.99,176.869,176.953,6692.0
2025-10-23 16:00:00,176.954,177.25,176.89,177.217,8464.0
2025-10-23 17:00:00,177.222,177.359,177.182,177.235,8879.0
2025-10-23 18:00:00,177.235,177.379,177.191,177.343,6639.0
2025-10-23 19:00:00,177.34,177.448,177.256,177.26,4484.0
2025-10-23 20:00:00,177.259,177.317,177.166,177.212,4105.0
2025-10-23 21:00:00,177.213,177.271,177.184,177.204,3427.0
2025-10-23 22:00:00,177.204,177.227,177.175,177.219,2539.0
2025-10-23 23:00:00,177.214,177.283,177.196,177.272,2411.0
2025-10-24 00:00:00,177.215,177.247,177.136,177.193,1197.0
2025-10-24 01:00:00,177.197,177.298,177.179,177.276,1845.0
2025-10-24 02:00:00,177.274,177.329,177.241,177.29,1951.0
2025-10-24 03:00:00,177.291,177.363,177.195,177.347,4661.0
2025-10-24 04:00:00,177.348,177.512,177.345,177.502,5104.0
2025-10-24 05:00:00,177.502,177.529,177.352,177.474,4147.0
2025-10-24 06:00:00,177.474,177.504,177.304,177.356,2908.0
2025-10-24 07:00:00,177.355,177.474,177.354,177.463,3037.0
2025-10-24 08:00:00,177.464,177.595,177.401,177.515,3752.0
2025-10-24 09:00:00,177.513,177.63,177.464,177.597,5641.0
2025-10-24 10:00:00,177.594,177.706,177.3,177.567,7536.0
2025-10-24 11:00:00,177.563,177.643,177.514,177.577,6512.0
2025-10-24 12:00:00,177.568,177.632,177.467,177.609,5043.0
2025-10-24 13:00:00,177.609,177.674,177.593,177.653,3730.0
2025-10-24 14:00:00,177.651,177.655,177.55,177.632,5064.0
2025-10-24 15:00:00,177.634,177.649,177.229,177.625,11029.0
2025-10-24 16:00:00,177.626,177.827,177.62,177.689,10313.0
2025-10-24 17:00:00,177.678,177.748,177.561,177.607,8844.0
2025-10-24 18:00:00,177.61,177.772,177.602,177.661,6435.0
2025-10-24 19:00:00,177.662,177.697,177.623,177.688,3667.0
2025-10-24 20:00:00,177.684,177.719,177.626,177.678,3229.0
2025-10-27 00:00:00,177.717,178.016,177.588,177.973,1710.0
2025-10-27 01:00:00,177.989,178.105,177.879,178.002,4388.0
2025-10-27 02:00:00,177.997,178.145,177.979,178.04,3191.0
2025-10-27 03:00:00,178.04,178.092,177.844,177.888,5532.0
2025-10-27 04:00:00,177.886,178.031,177.791,177.886,5492.0
2025-10-27 05:00:00,177.886,177.987,177.879,177.926,3375.0
2025-10-27 06:00:00,177.923,177.965,177.896,177.959,2494.0
2025-10-27 07:00:00,177.958,178.015,177.874,178.014,3395.0
2025-10-27 08:00:00,178.015,178.112,177.985,178.03,3473.0
2025-10-27 09:00:00,178.025,178.077,177.759,177.858,4879.0
2025-10-27 10:00:00,177.862,177.864,177.681,177.805,6101.0
2025-10-27 11:00:00,177.805,177.846,177.634,177.686,7082.0
2025-10-27 12:00:00,177.678,177.792,177.625,177.771,6006.0
2025-10-27 13:00:00,177.772,177.922,177.752,177.85,4950.0
2025-10-27 14:00:00,177.85,177.878,177.679,177.76,5958.0
2025-10-27 15:00:00,177.76,177.966,177.693,177.924,6224.0
2025-10-27 16:00:00,177.927,178.233,177.887,178.157,7447.0
2025-10-27 17:00:00,178.155,178.22,178.086,178.108,7504.0
2025-10-27 18:00:00,178.108,178.23,178.074,178.12,6602.0
2025-10-27 19:00:00,178.122,178.148,178.055,178.065,4756.0
2025-10-27 20:00:00,178.064,178.165,178.038,178.13,3659.0
2025-10-27 21:00:00,178.131,178.135,177.985,178.037,3855.0
2025-10-27 22:00:00,178.037,178.13,178.0,178.098,3039.0
2025-10-27 23:00:00,178.093,178.094,177.996,177.999,1955.0
2025-10-28 00:00:00,177.999,177.999,177.836,177.929,804.0
2025-10-28 01:00:00,177.945,177.994,177.834,177.944,2325.0
2025-10-28 02:00:00,177.944,178.01,177.879,177.911,2091.0
2025-10-28 03:00:00,177.913,177.913,177.665,177.747,5087.0
2025-10-28 04:00:00,177.747,177.767,177.567,177.661,5733.0
2025-10-28 05:00:00,177.661,177.725,177.601,177.678,4087.0
2025-10-28 06:00:00,177.679,177.743,177.466,177.555,3527.0
2025-10-28 07:00:00,177.555,177.613,177.162,177.186,5442.0
2025-10-28 08:00:00,177.184,177.255,177.038,177.189,5238.0
2025-10-28 09:00:00,177.189,177.298,177.105,177.194,5298.0
2025-10-28 10:00:00,177.197,177.535,177.197,177.321,7209.0
2025-10-28 11:00:00,177.321,177.323,177.032,177.059,8011.0
2025-10-28 12:00:00,177.058,177.192,176.992,177.087,5568.0
2025-10-28 13:00:00,177.088,177.158,177.046,177.136,5110.0
2025-10-28 14:00:00,177.136,177.284,177.086,177.264,4944.0
2025-10-28 15:00:00,177.262,177.325,177.072,177.085,6678.0
2025-10-28 16:00:00,177.086,177.208,177.041,177.15,7603.0
2025-10-28 17:00:00,177.15,177.317,177.133,177.226,7505.0
2025-10-28 18:00:00,177.226,177.41,177.08,177.382,6641.0
2025-10-28 19:00:00,177.378,177.564,177.369,177.48,6719.0
2025-10-28 20:00:00,177.481,177.512,177.421,177.484,4267.0
2025-10-28 21:00:00,177.486,177.503,177.372,177.381,3049.0
2025-10-28 22:00:00,177.383,177.386,177.162,177.181,3632.0
2025-10-28 23:00:00,177.182,177.298,177.172,177.232,2259.0
2025-10-29 00:00:00,177.203,177.211,177.086,177.122,1947.0
2025-10-29 01:00:00,177.14,177.32,177.139,177.287,1947.0
2025-10-29 02:00:00,177.288,177.312,176.873,176.884,2120.0
2025-10-29 03:00:00,176.884,177.034,176.655,176.722,7819.0
2025-10-29 04:00:00,176.723,176.942,176.636,176.918,6212.0
2025-10-29 05:00:00,176.917,177.131,176.911,177.005,3795.0
2025-10-29 06:00:00,177.006,177.006,176.858,176.947,3085.0
2025-10-29 07:00:00,176.948,176.982,176.818,176.92,3103.0
2025-10-29 08:00:00,176.926,177.403,176.92,177.225,4561.0
2025-10-29 09:00:00,177.225,177.273,176.916,176.944,4610.0
2025-10-29 10:00:00,176.956,177.031,176.846,176.884,6068.0
2025-10-29 11:00:00,176.886,177.159,176.861,177.063,6000.0
2025-10-29 12:00:00,177.063,177.304,177.055,177.22,5632.0
2025-10-29 13:00:00,177.219,177.357,177.173,177.323,4817.0
2025-10-29 14:00:00,177.323,177.361,177.118,177.208,5322.0
2025-10-29 15:00:00,177.208,177.25,177.018,177.116,5835.0
2025-10-29 16:00:00,177.118,177.123,176.768,176.878,7882.0
2025-10-29 17:00:00,176.878,177.174,176.812,177.135,7379.0
2025-10-29 18:00:00,177.134,177.302,177.018,177.186,7015.0
2025-10-29 19:00:00,177.188,177.409,177.184,177.367,5773.0
2025-10-29 20:00:00,177.366,177.4,177.236,177.26,4485.0
2025-10-29 21:00:00,177.256,177.589,177.164,177.194,14960.0
2025-10-29 22:00:00,177.194,177.26,177.056,177.26,9812.0
2025-10-29 23:00:00,177.257,177.291,177.086,177.171,5125.0
2025-10-30 00:00:00,177.164,177.194,176.94,177.114,1333.0
2025-10-30 01:00:00,177.115,177.236,177.097,177.199,2442.0
2025-10-30 02:00:00,177.198,177.239,177.085,177.218,2306.0
2025-10-30 03:00:00,177.219,177.394,177.109,177.25,6428.0
2025-10-30 04:00:00,177.254,177.284,177.054,177.173,6002.0
2025-10-30 05:00:00,177.172,177.181,176.953,176.982,4577.0
2025-10-30 06:00:00,176.982,177.784,176.815,177.688,7369.0
2025-10-30 07:00:00,177.682,177.891,177.364,177.711,9156.0
2025-10-30 08:00:00,177.725,177.906,177.599,177.903,6321.0
2025-10-30 09:00:00,177.904,178.409,177.777,178.182,8079.0
2025-10-30 10:00:00,178.184,178.37,178.081,178.241,8191.0
2025-10-30 11:00:00,178.25,178.706,178.25,178.631,7259.0
2025-10-30 12:00:00,178.633,178.79,178.54,178.651,6658.0
2025-10-30 13:00:00,178.657,178.788,178.643,178.707,5714.0
2025-10-30 14:00:00,178.706,178.803,178.628,178.753,6204.0
2025-10-30 15:00:00,178.754,178.822,178.222,178.296,8725.0
2025-10-30 16:00:00,178.296,178.603,178.248,178.558,11546.0
2025-10-30 17:00:00,178.562,178.58,178.389,178.572,9916.0
2025-10-30 18:00:00,178.573,178.616,178.214,178.29,6930.0
2025-10-30 19:00:00,178.29,178.327,178.191,178.291,5065.0
2025-10-30 20:00:00,178.292,178.309,178.151,178.249,4060.0
2025-10-30 21:00:00,178.25,178.32,178.224,178.252,3714.0
2025-10-30 22:00:00,178.252,178.27,178.147,178.181,3545.0
2025-10-30 23:00:00,178.18,178.339,178.167,178.261,2539.0
2025-10-31 00:00:00,178.232,178.309,178.114,178.189,1134.0
2025-10-31 01:00:00,178.191,178.311,178.188,178.284,1579.0
2025-10-31 02:00:00,178.284,178.318,178.044,178.107,2713.0
2025-10-31 03:00:00,178.108,178.285,178.038,178.127,4971.0
2025-10-31 04:00:00,178.127,178.178,177.84,177.957,5327.0
2025-10-31 05:00:00,177.958,178.03,177.942,178.027,3588.0
2025-10-31 06:00:00,178.027,178.215,178.017,178.188,2857.0
2025-10-31 07:00:00,178.186,178.233,178.091,178.147,3015.0
2025-10-31 08:00:00,178.147,178.213,177.971,178.058,3936.0
2025-10-31 09:00:00,178.056,178.382,178.044,178.313,4740.0
2025-10-31 10:00:00,178.318,178.468,178.251,178.461,6392.0
2025-10-31 11:00:00,178.463,178.565,178.32,178.485,6013.0
2025-10-31 12:00:00,178.484,178.534,178.304,178.435,5360.0
2025-10-31 13:00:00,178.427,178.444,178.319,178.357,4250.0
2025-10-31 14:00:00,178.356,178.378,178.202,178.26,4795.0
2025-10-31 15:00:00,178.256,178.285,177.917,178.128,6876.0
2025-10-31 16:00:00,178.128,178.171,177.752,177.794,8035.0
2025-10-31 17:00:00,177.799,177.812,177.502,177.575,8413.0
2025-10-31 18:00:00,177.574,177.849,177.448,177.787,9094.0
2025-10-31 19:00:00,177.787,177.831,177.671,177.708,7284.0
2025-10-31 20:00:00,177.707,177.728,177.584,177.592,5090.0
2025-11-03 00:00:00,177.522,177.677,177.51,177.664,2133.0
2025-11-03 01:00:00,177.665,177.877,177.626,177.754,4768.0
2025-11-03 02:00:00,177.754,177.786,177.679,177.703,4043.0
2025-11-03 03:00:00,177.703,177.706,177.604,177.652,3521.0
2025-11-03 04:00:00,177.654,177.72,177.616,177.684,2931.0
2025-11-03 05:00:00,177.685,177.704,177.637,177.697,2051.0
2025-11-03 06:00:00,177.696,177.717,177.648,177.71,2063.0
2025-11-03 07:00:00,177.711,177.796,177.71,177.781,2455.0
2025-11-03 08:00:00,177.782,177.967,177.776,177.899,3056.0
2025-11-03 09:00:00,177.896,177.976,177.839,177.841,4938.0
2025-11-03 10:00:00,177.843,177.86,177.371,177.434,6075.0
2025-11-03 11:00:00,177.435,177.568,177.401,177.515,4742.0
2025-11-03 12:00:00,177.514,177.58,177.418,177.535,4678.0
2025-11-03 13:00:00,177.535,177.588,177.459,177.515,4245.0
2025-11-03 14:00:00,177.514,177.621,177.504,177.578,4169.0
2025-11-03 15:00:00,177.575,177.611,177.51,177.559,5399.0
2025-11-03 16:00:00,177.559,177.575,177.368,177.385,6443.0
2025-11-03 17:00:00,177.338,177.626,177.216,177.602,9313.0
2025-11-03 18:00:00,177.597,177.757,177.562,177.729,6253.0
2025-11-03 19:00:00,177.73,177.779,177.667,177.697,4230.0
2025-11-03 20:00:00,177.698,177.745,177.645,177.653,3171.0
2025-11-03 21:00:00,177.652,177.672,177.596,177.622,3470.0
2025-11-03 22:00:00,177.623,177.688,177.59,177.622,2666.0
2025-11-03 23:00:00,177.623,177.643,177.522,177.624,1771.0
2025-11-04 00:00:00,177.637,177.683,177.562,177.631,663.0
2025-11-04 01:00:00,177.675,177.678,177.604,177.63,1806.0
2025-11-04 02:00:00,177.631,177.675,177.489,177.621,5317.0
2025-11-04 03:00:00,177.621,177.666,177.545,177.635,5136.0
2025-11-04 04:00:00,177.635,177.65,177.392,177.396,4073.0
2025-11-04 05:00:00,177.395,177.53,177.374,177.405,3425.0
2025-11-04 06:00:00,177.405,177.414,177.133,177.32,3602.0
2025-11-04 07:00:00,177.32,177.337,176.951,176.988,5169.0
2025-11-04 08:00:00,176.987,177.082,176.876,177.033,6393.0
2025-11-04 09:00:00,177.026,177.062,176.786,177.035,6724.0
2025-11-04 10:00:00,177.045,177.115,176.816,176.911,8126.0
2025-11-04 11:00:00,176.913,176.988,176.471,176.525,6688.0
2025-11-04 12:00:00,176.524,176.713,176.433,176.675,5694.0
2025-11-04 13:00:00,176.674,176.696,176.411,176.454,4963.0
2025-11-04 14:00:00,176.452,176.5,176.271,176.397,6335.0
2025-11-04 15:00:00,176.397,176.421,176.25,176.277,6384.0
2025-11-04 16:00:00,176.277,176.327,176.09,176.212,7880.0
2025-11-04 17:00:00,176.205,176.275,176.139,176.266,7850.0
2025-11-04 18:00:00,176.267,176.434,176.238,176.428,6219.0
2025-11-04 19:00:00,176.429,176.456,176.343,176.383,3997.0
2025-11-04 20:00:00,176.383,176.461,176.341,176.356,3310.0
2025-11-04 21:00:00,176.357,176.462,176.298,176.35,3739.0
2025-11-04 22:00:00,176.351,176.46,176.326,176.357,3430.0
2025-11-04 23:00:00,176.362,176.439,176.285,176.431,2645.0
2025-11-05 00:00:00,176.381,176.449,176.32,176.412,1209.0
2025-11-05 01:00:00,176.455,176.505,176.313,176.355,2147.0
2025-11-05 02:00:00,176.355,176.536,175.967,175.975,6893.0
2025-11-05 03:00:00,175.983,176.06,175.703,175.978,8216.0
2025-11-05 04:00:00,175.983,176.158,175.879,176.14,5030.0
2025-11-05 05:00:00,176.139,176.403,176.139,176.369,5474.0
2025-11-05 06:00:00,176.369,176.389,176.255,176.367,3651.0
2025-11-05 07:00:00,176.367,176.484,176.318,176.425,3580.0
2025-11-05 08:00:00,176.425,176.616,176.357,176.532,4469.0
2025-11-05 09:00:00,176.533,176.54,176.314,176.394,5686.0
2025-11-05 10:00:00,176.397,176.618,176.315,176.352,6376.0
2025-11-05 11:00:00,176.35,176.508,176.309,176.505,5553.0
2025-11-05 12:00:00,176.506,176.614,176.407,176.415,4752.0
2025-11-05 13:00:00,176.412,176.531,176.398,176.48,4783.0
2025-11-05 14:00:00,176.48,176.643,176.452,176.63,5164.0
2025-11-05 15:00:00,176.628,176.802,176.609,176.671,7580.0
2025-11-05 16:00:00,176.671,176.89,176.639,176.837,7745.0
2025-11-05 17:00:00,176.9,177.133,176.885,177.129,10717.0
2025-11-05 18:00:00,177.135,177.144,176.961,176.994,7076.0
2025-11-05 19:00:00,176.994,177.004,176.866,176.89,4358.0
2025-11-05 20:00:00,176.89,176.969,176.836,176.962,3274.0
2025-11-05 21:00:00,176.963,177.023,176.919,177.013,2828.0
2025-11-05 22:00:00,177.013,177.106,177.013,177.057,2614.0
2025-11-05 23:00:00,177.058,177.125,176.975,177.104,1933.0
2025-11-06 00:00:00,176.84,177.073,176.84,177.034,1232.0
2025-11-06 01:00:00,177.083,177.144,177.011,177.139,1828.0
2025-11-06 02:00:00,177.14,177.165,176.893,176.991,4884.0
2025-11-06 03:00:00,176.989,177.155,176.94,177.064,3982.0
2025-11-06 04:00:00,177.065,177.164,176.995,177.126,3424.0
2025-11-06 05:00:00,177.126,177.173,177.022,177.062,2360.0
2025-11-06 06:00:00,177.057,177.206,177.051,177.158,2471.0
2025-11-06 07:00:00,177.158,177.191,177.016,177.124,3248.0
2025-11-06 08:00:00,177.124,177.204,177.054,177.192,3257.0
2025-11-06 09:00:00,177.194,177.22,177.003,177.076,4318.0
2025-11-06 10:00:00,177.08,177.082,176.87,176.922,6509.0
2025-11-06 11:00:00,176.924,177.045,176.914,176.989,5215.0
2025-11-06 12:00:00,176.985,177.079,176.971,176.972,4244.0
2025-11-06 13:00:00,176.971,177.021,176.936,177.001,4027.0
2025-11-06 14:00:00,177.001,177.148,176.887,177.123,6443.0
2025-11-06 15:00:00,177.123,177.185,177.039,177.08,6655.0
2025-11-06 16:00:00,177.079,177.126,176.731,176.733,7557.0
2025-11-06 17:00:00,176.732,176.93,176.528,176.604,9932.0
2025-11-06 18:00:00,176.6,176.706,176.498,176.505,8681.0
2025-11-06 19:00:00,176.505,176.628,176.283,176.593,7457.0
2025-11-06 20:00:00,176.594,176.794,176.533,176.732,5816.0
2025-11-06 21:00:00,176.732,176.871,176.696,176.797,4417.0
2025-11-06 22:00:00,176.797,176.833,176.673,176.716,3722.0
2025-11-06 23:00:00,176.719,176.784,176.633,176.74,2535.0
2025-11-07 00:00:00,176.73,176.772,176.472,176.669,3603.0
2025-11-07 01:00:00,176.669,176.742,176.513,176.642,2371.0
2025-11-07 02:00:00,176.642,176.82,176.509,176.771,6376.0
2025-11-07 03:00:00,176.77,176.892,176.618,176.685,6339.0
2025-11-07 04:00:00,176.684,176.758,176.541,176.736,3732.0
2025-11-07 05:00:00,176.734,176.754,176.527,176.601,3704.0
2025-11-07 06:00:00,176.602,176.679,176.527,176.644,3458.0
2025-11-07 07:00:00,176.644,176.893,176.643,176.878,3377.0
2025-11-07 08:00:00,176.879,177.038,176.879,177.008,4357.0
2025-11-07 09:00:00,177.008,177.05,176.9,176.9,4961.0
2025-11-07 10:00:00,176.899,177.091,176.874,177.074,5908.0
2025-11-07 11:00:00,177.074,177.143,177.014,177.104,5179.0
2025-11-07 12:00:00,177.104,177.187,177.058,177.125,4666.0
2025-11-07 13:00:00,177.125,177.135,176.87,176.992,6202.0
2025-11-07 14:00:00,176.992,177.055,176.876,176.919,5697.0
2025-11-07 15:00:00,176.92,177.42,176.877,177.4,7812.0
2025-11-07 16:00:00,177.402,177.608,177.206,177.469,9474.0
2025-11-07 17:00:00,177.477,177.519,177.207,177.208,11323.0
2025-11-07 18:00:00,177.208,177.33,177.17,177.214,7470.0
2025-11-07 19:00:00,177.214,177.383,177.171,177.292,5428.0
2025-11-07 20:00:00,177.293,177.325,177.171,177.289,4028.0
2025-11-10 00:00:00,177.572,177.648,177.396,177.583,1386.0
2025-11-10 01:00:00,177.587,177.717,177.491,177.573,4912.0
2025-11-10 02:00:00,177.573,177.789,177.324,177.772,7163.0
2025-11-10 03:00:00,177.772,177.829,177.695,177.805,5588.0
2025-11-10 04:00:00,177.804,177.88,177.747,177.867,3601.0
2025-11-10 05:00:00,177.868,177.95,177.843,177.87,3951.0
2025-11-10 06:00:00,177.872,177.908,177.817,177.904,3653.0
2025-11-10 07:00:00,177.904,178.08,177.891,177.987,4294.0
2025-11-10 08:00:00,177.986,178.074,177.943,177.966,4632.0
2025-11-10 09:00:00,177.965,178.206,177.965,178.198,5380.0
2025-11-10 10:00:00,178.197,178.454,178.15,178.414,6405.0
2025-11-10 11:00:00,178.413,178.453,178.312,178.341,5820.0
2025-11-10 12:00:00,178.338,178.348,178.208,178.256,4561.0
2025-11-10 13:00:00,178.257,178.289,178.189,178.228,4298.0
2025-11-10 14:00:00,178.225,178.324,178.219,178.285,4349.0
2025-11-10 15:00:00,178.286,178.391,178.175,178.217,5167.0
2025-11-10 16:00:00,178.217,178.233,178.122,178.192,6310.0
2025-11-10 17:00:00,178.19,178.228,177.829,177.833,6881.0
2025-11-10 18:00:00,177.837,177.922,177.748,177.789,6402.0
2025-11-10 19:00:00,177.79,177.998,177.74,177.976,4353.0
2025-11-10 20:00:00,177.982,178.055,177.951,177.995,3296.0
2025-11-10 21:00:00,177.994,178.124,177.983,178.101,3130.0
2025-11-10 22:00:00,178.101,178.153,178.07,178.122,3368.0
2025-11-10 23:00:00,178.121,178.166,178.028,178.123,1652.0
2025-11-11 00:00:00,178.131,178.131,177.92,178.034,2138.0
2025-11-11 01:00:00,178.034,178.167,178.029,178.146,1944.0
2025-11-11 02:00:00,178.144,178.275,178.103,178.265,4920.0
2025-11-11 03:00:00,178.266,178.398,178.258,178.319,4687.0
2025-11-11 04:00:00,178.318,178.397,178.25,178.347,3495.0
2025-11-11 05:00:00,178.347,178.354,178.229,178.278,2923.0
2025-11-11 06:00:00,178.277,178.381,178.269,178.343,2538.0
2025-11-11 07:00:00,178.344,178.36,178.184,178.199,3536.0
2025-11-11 08:00:00,178.199,178.323,178.128,178.13,3646.0
2025-11-11 09:00:00,178.131,178.266,178.108,178.248,5487.0
2025-11-11 10:00:00,178.248,178.478,178.248,178.382,5061.0
2025-11-11 11:00:00,178.381,178.521,178.368,178.48,4492.0
2025-11-11 12:00:00,178.48,178.566,178.441,178.509,3832.0
2025-11-11 13:00:00,178.509,178.569,178.446,178.506,3761.0
2025-11-11 14:00:00,178.506,178.521,178.401,178.411,4449.0
2025-11-11 15:00:00,178.413,178.501,178.26,178.396,8027.0
2025-11-11 16:00:00,178.394,178.653,178.355,178.649,6315.0
2025-11-11 17:00:00,178.647,178.748,178.508,178.531,7494.0
2025-11-11 18:00:00,178.528,178.612,178.474,178.545,5043.0
2025-11-11 19:00:00,178.544,178.712,178.517,178.652,3528.0
2025-11-11 20:00:00,178.651,178.701,178.603,178.655,2458.0
2025-11-11 21:00:00,178.656,178.682,178.517,178.542,3134.0
2025-11-11 22:00:00,178.544,178.591,178.52,178.522,2240.0
2025-11-11 23:00:00,178.52,178.564,178.438,178.536,1603.0
2025-11-12 00:00:00,178.539,178.549,178.425,178.463,2922.0
2025-11-12 01:00:00,178.461,178.591,178.443,178.535,1695.0
2025-11-12 02:00:00,178.537,178.697,178.479,178.67,4993.0
2025-11-12 03:00:00,178.669,178.74,178.608,178.637,4659.0
2025-11-12 04:00:00,178.646,178.768,178.637,178.722,2735.0
2025-11-12 05:00:00,178.721,178.727,178.624,178.693,2537.0
2025-11-12 06:00:00,178.693,179.074,178.689,179.066,4045.0
2025-11-12 07:00:00,179.066,179.144,178.943,179.019,4986.0
2025-11-12 08:00:00,179.017,179.151,179.012,179.077,3522.0
2025-11-12 09:00:00,179.077,179.148,179.027,179.107,4925.0
2025-11-12 10:00:00,179.111,179.264,179.089,179.17,6255.0
2025-11-12 11:00:00,179.171,179.294,179.109,179.157,5897.0
2025-11-12 12:00:00,179.157,179.191,179.104,179.183,4760.0
2025-11-12 13:00:00,179.182,179.245,179.125,179.229,4579.0
2025-11-12 14:00:00,179.229,179.249,179.106,179.22,5227.0
2025-11-12 15:00:00,179.218,179.31,179.178,179.301,5694.0
2025-11-12 16:00:00,179.3,179.352,179.197,179.271,6964.0
2025-11-12 17:00:00,179.271,179.442,179.228,179.408,7025.0
2025-11-12 18:00:00,179.407,179.452,179.247,179.257,5545.0
2025-11-12 19:00:00,179.257,179.284,179.151,179.226,4269.0
2025-11-12 20:00:00,179.226,179.296,179.207,179.274,3338.0
2025-11-12 21:00:00,179.274,179.298,179.148,179.267,3267.0
2025-11-12 22:00:00,179.266,179.357,179.253,179.347,2499.0
2025-11-12 23:00:00,179.365,179.465,179.341,179.461,2010.0
2025-11-13 00:00:00,179.202,179.393,179.202,179.287,1816.0
2025-11-13 01:00:00,179.33,179.405,179.297,179.332,2300.0
2025-11-13 02:00:00,179.332,179.477,179.242,179.431,6075.0
2025-11-13 03:00:00,179.431,179.5,179.297,179.329,5569.0
2025-11-13 04:00:00,179.33,179.349,179.227,179.243,3866.0
2025-11-13 05:00:00,179.244,179.361,179.225,179.337,2771.0
2025-11-13 06:00:00,179.338,179.462,179.257,179.439,3356.0
2025-11-13 07:00:00,179.44,179.505,179.427,179.467,3736.0
2025-11-13 08:00:00,179.469,179.526,179.411,179.452,3851.0
2025-11-13 09:00:00,179.454,179.704,179.421,179.651,5878.0
2025-11-13 10:00:00,179.652,179.814,179.495,179.672,6811.0
2025-11-13 11:00:00,179.672,179.723,179.343,179.509,8062.0
2025-11-13 12:00:00,179.511,179.669,179.457,179.649,5430.0
2025-11-13 13:00:00,179.648,179.742,179.579,179.597,5523.0
2025-11-13 14:00:00,179.597,179.732,179.574,179.7,6409.0
2025-11-13 15:00:00,179.698,179.75,179.57,179.712,6904.0
2025-11-13 16:00:00,179.712,179.733,179.533,179.533,8392.0
2025-11-13 17:00:00,179.533,179.68,179.404,179.477,9386.0
2025-11-13 18:00:00,179.478,179.863,179.468,179.859,9213.0
2025-11-13 19:00:00,179.858,179.935,179.703,179.8,7821.0
2025-11-13 20:00:00,179.799,179.831,179.662,179.721,6732.0
2025-11-13 21:00:00,179.723,179.807,179.674,179.743,4991.0
2025-11-13 22:00:00,179.737,179.835,179.718,179.78,4456.0
2025-11-13 23:00:00,179.781,179.822,179.757,179.762,2029.0
2025-11-14 00:00:00,179.78,179.861,179.63,179.787,2291.0
2025-11-14 01:00:00,179.787,179.869,179.72,179.843,2804.0
2025-11-14 02:00:00,179.842,179.948,179.8,179.852,5864.0
2025-11-14 03:00:00,179.853,179.905,179.698,179.742,5611.0
2025-11-14 04:00:00,179.74,179.86,179.69,179.713,3235.0
2025-11-14 05:00:00,179.714,179.911,179.68,179.862,3998.0
2025-11-14 06:00:00,179.861,179.916,179.779,179.781,4333.0
2025-11-14 07:00:00,179.782,179.941,179.749,179.938,4318.0
2025-11-14 08:00:00,179.937,179.94,179.793,179.918,5359.0
2025-11-14 09:00:00,179.918,179.965,179.828,179.932,6598.0
2025-11-14 10:00:00,179.933,179.974,179.644,179.742,8627.0
2025-11-14 11:00:00,179.742,179.888,179.72,179.782,6456.0
2025-11-14 12:00:00,179.778,179.793,179.665,179.72,5380.0
2025-11-14 13:00:00,179.72,179.722,179.54,179.705,5734.0
2025-11-14 14:00:00,179.707,179.71,179.227,179.232,9622.0
2025-11-14 15:00:00,179.233,179.361,178.969,179.324,10730.0
2025-11-14 16:00:00,179.323,179.418,179.175,179.401,10657.0
2025-11-14 17:00:00,179.401,179.447,179.236,179.342,9820.0
2025-11-14 18:00:00,179.342,179.686,179.209,179.647,7732.0
2025-11-14 19:00:00,179.645,179.701,179.559,179.604,6302.0
2025-11-14 20:00:00,179.604,179.638,179.472,179.571,5503.0
2025-11-17 00:00:00,179.522,179.638,179.437,179.563,1586.0
2025-11-17 01:00:00,179.565,179.644,179.506,179.556,3477.0
2025-11-17 02:00:00,179.551,179.592,179.264,179.48,6073.0
2025-11-17 03:00:00,179.481,179.499,179.368,179.411,4620.0
2025-11-17 04:00:00,179.411,179.501,179.371,179.478,3497.0
2025-11-17 05:00:00,179.477,179.559,179.418,179.452,2813.0
2025-11-17 06:00:00,179.453,179.463,179.356,179.416,2603.0
2025-11-17 07:00:00,179.416,179.476,179.351,179.446,3209.0
2025-11-17 08:00:00,179.445,179.555,179.437,179.545,3838.0
2025-11-17 09:00:00,179.544,179.721,179.521,179.651,4750.0
2025-11-17 10:00:00,179.652,179.697,179.498,179.519,6354.0
2025-11-17 11:00:00,179.519,179.586,179.434,179.539,5580.0
2025-11-17 12:00:00,179.541,179.637,179.514,179.566,5463.0
2025-11-17 13:00:00,179.565,179.64,179.527,179.582,4185.0
2025-11-17 14:00:00,179.582,179.616,179.523,179.605,5423.0
2025-11-17 15:00:00,179.606,179.642,179.462,179.539,6191.0
2025-11-17 16:00:00,179.537,179.632,179.492,179.62,6808.0
2025-11-17 17:00:00,179.619,180.02,179.581,179.992,8560.0
2025-11-17 18:00:00,179.994,180.02,179.857,179.992,6094.0
2025-11-17 19:00:00,179.993,180.002,179.877,179.89,5028.0
2025-11-17 20:00:00,179.89,179.909,179.82,179.827,4823.0
2025-11-17 21:00:00,179.827,179.868,179.75,179.838,5780.0
2025-11-17 22:00:00,179.839,179.919,179.781,179.886,4684.0
2025-11-17 23:00:00,179.884,179.98,179.876,179.962,2215.0
2025-11-18 00:00:00,179.863,179.921,179.76,179.847,1047.0
2025-11-18 01:00:00,179.899,179.996,179.859,179.974,2191.0
2025-11-18 02:00:00,179.974,180.025,179.838,179.902,4963.0
2025-11-18 03:00:00,179.902,179.985,179.863,179.892,5423.0
2025-11-18 04:00:00,179.892,179.971,179.871,179.909,3713.0
2025-11-18 05:00:00,179.909,179.916,179.859,179.889,4163.0
2025-11-18 06:00:00,179.889,179.889,179.604,179.853,7130.0
2025-11-18 07:00:00,179.853,179.898,179.783,179.864,5099.0
2025-11-18 08:00:00,179.865,179.96,179.664,179.922,6448.0
2025-11-18 09:00:00,179.923,179.954,179.632,179.659,8201.0
2025-11-18 10:00:00,179.658,179.938,179.656,179.827,8886.0
2025-11-18 11:00:00,179.826,179.961,179.772,179.907,6659.0
2025-11-18 12:00:00,179.908,180.019,179.806,180.013,5547.0
2025-11-18 13:00:00,180.013,180.1,179.95,180.059,4536.0
2025-11-18 14:00:00,180.059,180.064,179.866,179.893,7241.0
2025-11-18 15:00:00,179.889,180.006,179.867,179.952,8818.0
2025-11-18 16:00:00,179.952,180.205,179.933,180.079,9317.0
2025-11-18 17:00:00,180.081,180.114,179.793,179.839,10774.0
2025-11-18 18:00:00,179.839,180.034,179.786,179.987,9198.0
2025-11-18 19:00:00,179.988,180.226,179.975,180.223,6411.0
2025-11-18 20:00:00,180.223,180.294,180.204,180.215,6274.0
2025-11-18 21:00:00,180.214,180.247,180.163,180.185,5592.0
2025-11-18 22:00:00,180.186,180.19,180.099,180.115,4332.0
2025-11-18 23:00:00,180.115,180.14,180.05,180.087,2509.0
2025-11-19 00:00:00,180.026,180.102,179.898,180.044,2714.0
2025-11-19 01:00:00,180.084,180.172,179.985,180.107,2307.0
2025-11-19 02:00:00,180.106,180.139,179.982,180.077,6068.0
2025-11-19 03:00:00,180.078,180.137,179.985,180.017,6106.0
2025-11-19 04:00:00,180.017,180.032,179.867,179.881,4918.0
2025-11-19 05:00:00,179.882,179.892,179.779,179.89,4761.0
2025-11-19 06:00:00,179.891,180.025,179.891,179.933,4310.0
2025-11-19 07:00:00,179.933,180.062,179.915,180.06,4904.0
2025-11-19 08:00:00,180.06,180.154,180.032,180.114,4430.0
2025-11-19 09:00:00,180.115,180.271,180.047,180.108,6055.0
2025-11-19 10:00:00,180.107,180.291,180.025,180.13,6450.0
2025-11-19 11:00:00,180.13,180.5,180.037,180.491,6990.0
2025-11-19 12:00:00,180.491,180.834,180.426,180.762,6945.0
2025-11-19 13:00:00,180.763,180.919,180.76,180.874,6017.0
2025-11-19 14:00:00,180.869,180.98,180.826,180.908,5783.0
2025-11-19 15:00:00,180.909,180.931,180.739,180.866,6400.0
2025-11-19 16:00:00,180.866,180.992,180.74,180.987,8625.0
2025-11-19 17:00:00,180.986,181.003,180.702,180.719,9643.0
2025-11-19 18:00:00,180.719,180.766,180.607,180.76,8107.0
2025-11-19 19:00:00,180.76,180.854,180.718,180.784,7158.0
2025-11-19 20:00:00,180.786,180.912,180.746,180.783,5502.0
2025-11-19 21:00:00,180.783,180.914,180.727,180.914,6409.0
2025-11-19 22:00:00,180.914,180.989,180.889,180.919,4228.0
2025-11-19 23:00:00,180.92,181.349,180.917,181.331,4327.0
2025-11-20 00:00:00,181.309,181.309,181.152,181.22,1529.0
2025-11-20 01:00:00,181.239,181.351,181.14,181.175,3113.0
2025-11-20 02:00:00,181.176,181.286,180.964,181.189,7081.0
2025-11-20 03:00:00,181.191,181.43,181.084,181.407,6176.0
2025-11-20 04:00:00,181.41,181.429,181.21,181.242,5432.0
2025-11-20 05:00:00,181.245,181.346,181.123,181.262,4538.0
2025-11-20 06:00:00,181.261,181.354,181.157,181.332,3953.0
2025-11-20 07:00:00,181.331,181.463,181.31,181.45,4321.0
2025-11-20 08:00:00,181.45,181.729,181.43,181.718,5057.0
2025-11-20 09:00:00,181.718,181.718,181.309,181.402,6898.0
2025-11-20 10:00:00,181.402,181.436,181.018,181.068,7482.0
2025-11-20 11:00:00,181.068,181.211,181.068,181.204,5933.0
2025-11-20 12:00:00,181.202,181.459,181.153,181.432,5302.0
2025-11-20 13:00:00,181.432,181.458,181.289,181.377,5030.0
2025-11-20 14:00:00,181.376,181.597,181.372,181.539,6115.0
2025-11-20 15:00:00,181.537,181.803,181.329,181.656,12025.0
2025-11-20 16:00:00,181.656,182.011,181.641,181.832,11404.0
2025-11-20 17:00:00,181.831,181.998,181.763,181.779,9584.0
2025-11-20 18:00:00,181.779,181.812,181.514,181.582,11515.0
2025-11-20 19:00:00,181.581,181.717,181.425,181.61,12513.0
2025-11-20 20:00:00,181.61,181.839,181.597,181.67,8329.0
2025-11-20 21:00:00,181.669,181.795,181.647,181.78,6725.0
2025-11-20 22:00:00,181.782,181.797,181.611,181.635,5761.0
2025-11-20 23:00:00,181.637,181.647,181.488,181.535,3048.0
2025-11-21 00:00:00,181.515,181.583,181.392,181.526,2520.0
2025-11-21 01:00:00,181.525,181.553,181.286,181.538,4558.0
2025-11-21 02:00:00,181.536,181.644,181.378,181.481,6585.0
2025-11-21 03:00:00,181.479,181.65,181.394,181.634,5895.0
2025-11-21 04:00:00,181.633,181.66,181.51,181.528,5393.0
2025-11-21 05:00:00,181.528,181.606,181.48,181.48,4106.0
2025-11-21 06:00:00,181.479,181.495,181.271,181.48,5601.0
2025-11-21 07:00:00,181.481,181.517,181.33,181.375,4857.0
2025-11-21 08:00:00,181.375,181.452,181.264,181.404,5502.0
2025-11-21 09:00:00,181.407,181.423,180.772,180.903,7216.0
2025-11-21 10:00:00,180.903,181.2,180.719,181.107,9527.0
2025-11-21 11:00:00,181.106,181.115,180.666,180.679,7824.0
2025-11-21 12:00:00,180.68,180.683,180.304,180.625,8814.0
2025-11-21 13:00:00,180.625,180.722,180.399,180.487,6896.0
2025-11-21 14:00:00,180.486,180.729,180.342,180.659,10398.0
2025-11-21 15:00:00,180.659,180.721,180.535,180.673,8886.0
2025-11-21 16:00:00,180.674,180.687,180.395,180.433,10687.0
2025-11-21 17:00:00,180.435,180.484,179.769,180.074,14062.0
2025-11-21 18:00:00,180.075,180.27,179.916,180.147,10747.0
2025-11-21 19:00:00,180.147,180.276,180.092,180.149,7344.0
2025-11-21 20:00:00,180.149,180.26,180.027,180.139,6621.0
2025-11-24 00:00:00,179.952,180.264,179.945,180.15,1883.0
2025-11-24 01:00:00,180.15,180.325,180.149,180.307,3058.0
2025-11-24 02:00:00,180.307,180.405,180.276,180.357,4148.0
2025-11-24 03:00:00,180.357,180.411,180.285,180.396,4802.0
2025-11-24 04:00:00,180.391,180.457,180.369,180.442,3441.0
2025-11-24 05:00:00,180.443,180.448,180.357,180.394,2713.0
2025-11-24 06:00:00,180.393,180.418,180.327,180.361,2758.0
2025-11-24 07:00:00,180.36,180.458,180.354,180.423,3909.0
2025-11-24 08:00:00,180.423,180.582,180.42,180.562,3501.0
2025-11-24 09:00:00,180.561,180.649,180.504,180.558,5002.0
2025-11-24 10:00:00,180.557,180.92,180.494,180.876,6417.0
2025-11-24 11:00:00,180.875,180.924,180.605,180.731,6533.0
2025-11-24 12:00:00,180.73,180.896,180.701,180.86,5544.0
2025-11-24 13:00:00,180.861,181.112,180.801,181.075,4539.0
2025-11-24 14:00:00,181.074,181.129,180.958,181.128,6212.0
2025-11-24 15:00:00,181.13,181.268,181.049,181.06,6019.0
2025-11-24 16:00:00,181.059,181.214,180.982,181.032,7580.0
2025-11-24 17:00:00,181.032,181.159,180.671,180.77,8068.0
2025-11-24 18:00:00,180.777,180.853,180.704,180.763,5605.0
2025-11-24 19:00:00,180.762,180.769,180.659,180.703,4641.0
2025-11-24 20:00:00,180.703,180.775,180.682,180.746,3649.0
2025-11-24 21:00:00,180.746,180.791,180.656,180.687,3277.0
2025-11-24 22:00:00,180.686,180.767,180.678,180.709,3043.0
2025-11-24 23:00:00,180.71,180.785,180.703,180.783,1829.0
2025-11-25 00:00:00,180.708,180.77,180.59,180.74,1364.0
2025-11-25 01:00:00,180.744,180.828,180.741,180.766,2268.0
2025-11-25 02:00:00,180.76,180.859,180.529,180.558,4355.0
2025-11-25 03:00:00,180.554,180.662,180.48,180.556,5431.0
2025-11-25 04:00:00,180.556,180.646,180.527,180.624,3301.0
2025-11-25 05:00:00,180.622,180.629,180.52,180.575,3205.0
2025-11-25 06:00:00,180.575,180.614,180.54,180.56,2731.0
2025-11-25 07:00:00,180.559,180.601,180.43,180.511,2838.0
2025-11-25 08:00:00,180.513,180.593,180.461,180.471,3822.0
2025-11-25 09:00:00,180.474,180.538,180.4,180.469,5079.0
2025-11-25 10:00:00,180.473,180.563,180.383,180.418,6342.0
2025-11-25 11:00:00,180.417,180.425,180.1,180.277,5976.0
2025-11-25 12:00:00,180.28,180.432,180.223,180.412,5148.0
2025-11-25 13:00:00,180.411,180.497,180.304,180.331,4412.0
2025-11-25 14:00:00,180.328,180.856,180.285,180.446,7371.0
2025-11-25 15:00:00,180.448,180.505,180.335,180.477,10268.0
2025-11-25 16:00:00,180.477,180.67,180.383,180.505,10166.0
2025-11-25 17:00:00,180.499,180.71,180.409,180.542,10684.0
2025-11-25 18:00:00,180.544,180.654,180.494,180.581,7180.0
2025-11-25 19:00:00,180.577,180.63,180.374,180.568,7674.0
2025-11-25 20:00:00,180.567,180.612,180.517,180.543,5281.0
2025-11-25 21:00:00,180.543,180.566,180.492,180.507,3589.0
2025-11-25 22:00:00,180.508,180.575,180.495,180.534,4309.0
2025-11-25 23:00:00,180.531,180.6,180.52,180.567,1992.0
2025-11-26 00:00:00,180.504,180.566,180.25,180.496,1560.0
2025-11-26 01:00:00,180.496,180.676,180.48,180.644,2070.0
2025-11-26 02:00:00,180.644,180.798,180.583,180.756,6076.0
2025-11-26 03:00:00,180.756,180.958,180.438,180.542,8033.0
2025-11-26 04:00:00,180.541,180.594,180.351,180.504,5941.0
2025-11-26 05:00:00,180.503,180.707,180.425,180.678,4184.0
2025-11-26 06:00:00,180.678,180.841,180.678,180.752,4133.0
2025-11-26 07:00:00,180.752,180.98,180.743,180.952,4698.0
2025-11-26 08:00:00,180.953,181.105,180.923,180.988,5223.0
2025-11-26 09:00:00,180.989,181.267,180.981,181.083,6504.0
2025-11-26 10:00:00,181.082,181.163,180.914,181.041,6524.0
2025-11-26 11:00:00,181.043,181.106,180.976,181.049,6061.0
2025-11-26 12:00:00,181.049,181.128,180.937,181.104,5686.0
2025-11-26 13:00:00,181.105,181.205,181.011,181.113,6307.0
2025-11-26 14:00:00,181.113,181.251,181.053,181.082,8225.0
2025-11-26 15:00:00,181.082,181.219,180.937,180.984,10472.0
2025-11-26 16:00:00,180.985,181.351,180.909,181.336,8602.0
2025-11-26 17:00:00,181.333,181.461,181.279,181.279,9155.0
2025-11-26 18:00:00,181.283,181.436,181.257,181.257,6931.0
2025-11-26 19:00:00,181.257,181.329,181.178,181.318,4438.0
2025-11-26 20:00:00,181.318,181.408,181.273,181.394,3708.0
2025-11-26 21:00:00,181.394,181.436,181.364,181.394,2786.0
2025-11-26 22:00:00,181.394,181.428,181.346,181.396,2641.0
2025-11-26 23:00:00,181.394,181.437,181.311,181.425,2013.0
2025-11-27 00:00:00,181.266,181.379,181.162,181.339,2117.0
2025-11-27 01:00:00,181.323,181.401,181.246,181.246,2036.0
2025-11-27 02:00:00,181.245,181.264,180.876,181.039,4525.0
2025-11-27 03:00:00,181.041,181.272,180.759,181.165,6170.0
2025-11-27 04:00:00,181.162,181.339,181.069,181.16,3883.0
2025-11-27 05:00:00,181.161,181.221,181.033,181.088,2421.0
2025-11-27 06:00:00,181.089,181.115,180.954,180.981,3142.0
2025-11-27 07:00:00,180.983,180.999,180.804,180.981,4485.0
2025-11-27 08:00:00,180.987,181.093,180.932,181.002,5146.0
2025-11-27 09:00:00,181.002,181.095,180.958,180.96,4126.0
2025-11-27 10:00:00,180.96,181.271,180.957,181.222,5573.0
2025-11-27 11:00:00,181.223,181.251,181.004,181.025,5308.0
2025-11-27 12:00:00,181.025,181.066,180.971,181.042,4073.0
2025-11-27 13:00:00,181.043,181.119,180.968,181.106,4289.0
2025-11-27 14:00:00,181.106,181.197,181.072,181.133,5416.0
2025-11-27 15:00:00,181.134,181.236,181.097,181.19,5359.0
2025-11-27 16:00:00,181.191,181.309,181.141,181.259,4793.0
2025-11-27 17:00:00,181.259,181.295,181.158,181.225,4746.0
2025-11-27 18:00:00,181.226,181.302,181.222,181.272,3346.0
2025-11-27 19:00:00,181.276,181.298,181.238,181.263,1897.0
2025-11-27 20:00:00,181.262,181.3,181.232,181.247,893.0
2025-11-27 21:00:00,181.248,181.294,181.247,181.273,816.0
2025-11-27 22:00:00,181.274,181.281,181.206,181.252,964.0
2025-11-27 23:00:00,181.251,181.261,181.212,181.241,878.0
2025-11-28 00:00:00,181.218,181.243,181.012,181.189,1287.0
2025-11-28 01:00:00,181.192,181.316,181.181,181.29,1709.0
2025-11-28 02:00:00,181.289,181.514,181.173,181.384,6261.0
2025-11-28 03:00:00,181.384,181.398,181.13,181.135,5664.0
2025-11-28 04:00:00,181.137,181.176,180.847,181.044,9630.0
2025-11-28 05:00:00,181.042,181.117,180.908,181.067,14709.0
2025-11-28 06:00:00,181.077,181.15,180.952,181.051,12209.0
2025-11-28 07:00:00,181.051,181.284,181.014,181.188,16171.0
2025-11-28 08:00:00,181.191,181.271,181.102,181.154,15551.0
2025-11-28 09:00:00,181.154,181.256,180.964,181.007,14183.0
2025-11-28 10:00:00,181.008,181.077,180.806,180.914,15992.0
2025-11-28 11:00:00,180.92,181.025,180.815,180.852,16579.0
2025-11-28 12:00:00,180.854,180.896,180.594,180.642,13527.0
2025-11-28 13:00:00,180.639,180.714,180.535,180.695,11231.0
2025-11-28 14:00:00,180.692,180.762,180.539,180.566,12000.0
2025-11-28 15:00:00,180.564,180.711,180.52,180.59,8940.0
2025-11-28 16:00:00,180.587,181.041,180.516,181.001,6235.0
2025-11-28 17:00:00,181.002,181.222,180.895,181.113,7722.0
2025-11-28 18:00:00,181.113,181.201,180.974,181.151,7664.0
2025-11-28 19:00:00,181.149,181.241,181.091,181.239,5013.0
2025-11-28 20:00:00,181.252,181.273,181.108,181.139,4430.0
2025-12-01 00:00:00,180.918,181.037,180.849,181.003,1897.0
2025-12-01 01:00:00,181.011,181.162,180.849,180.87,3732.0
2025-12-01 02:00:00,180.871,180.877,180.662,180.786,6441.0
2025-12-01 03:00:00,180.784,180.994,180.545,180.624,9321.0
2025-12-01 04:00:00,180.625,180.638,180.222,180.301,4962.0
2025-12-01 05:00:00,180.302,180.377,180.19,180.288,3054.0
2025-12-01 06:00:00,180.288,180.479,180.24,180.416,3045.0
2025-12-01 07:00:00,180.414,180.483,180.282,180.454,4230.0
2025-12-01 08:00:00,180.45,180.534,180.356,180.394,4805.0
2025-12-01 09:00:00,180.396,180.486,180.308,180.325,5933.0
2025-12-01 10:00:00,180.326,180.643,180.28,180.573,8380.0
2025-12-01 11:00:00,180.569,180.643,180.438,180.476,6854.0
2025-12-01 12:00:00,180.474,180.534,180.373,180.523,6422.0
2025-12-01 13:00:00,180.525,180.639,180.32,180.356,5615.0
2025-12-01 14:00:00,180.355,180.419,180.254,180.312,8201.0
2025-12-01 15:00:00,180.308,180.348,180.133,180.314,10179.0
2025-12-01 16:00:00,180.314,180.42,180.195,180.273,9678.0
2025-12-01 17:00:00,180.15,180.492,180.15,180.359,10429.0
2025-12-01 18:00:00,180.361,180.544,180.361,180.488,7835.0
2025-12-01 19:00:00,180.488,180.597,180.475,180.526,4994.0
2025-12-01 20:00:00,180.526,180.6,180.501,180.559,4590.0
2025-12-01 21:00:00,180.559,180.57,180.462,180.484,3956.0
2025-12-01 22:00:00,180.484,180.534,180.447,180.462,3110.0
2025-12-01 23:00:00,180.461,180.525,180.459,180.483,1681.0
2025-12-02 00:00:00,180.422,180.444,180.367,180.405,489.0
2025-12-02 01:00:00,180.454,180.575,180.423,180.552,1709.0
2025-12-02 02:00:00,180.552,180.682,180.469,180.626,4958.0
2025-12-02 03:00:00,180.628,180.78,180.628,180.677,4861.0
2025-12-02 04:00:00,180.676,180.779,180.633,180.746,2540.0
2025-12-02 05:00:00,180.745,180.774,180.632,180.721,3008.0
2025-12-02 06:00:00,180.724,180.759,180.651,180.68,2264.0
2025-12-02 07:00:00,180.682,180.774,180.681,180.708,2903.0
2025-12-02 08:00:00,180.707,180.859,180.702,180.836,3518.0
2025-12-02 09:00:00,180.833,180.967,180.79,180.884,4552.0
2025-12-02 10:00:00,180.886,181.144,180.885,181.119,6160.0
2025-12-02 11:00:00,181.119,181.188,181.047,181.079,5914.0
2025-12-02 12:00:00,181.08,181.109,180.99,181.105,4939.0
2025-12-02 13:00:00,181.105,181.109,180.973,181.055,4630.0
2025-12-02 14:00:00,181.055,181.264,181.037,181.248,4892.0
2025-12-02 15:00:00,181.252,181.294,181.173,181.203,5569.0
2025-12-02 16:00:00,181.204,181.356,181.118,181.176,7718.0
2025-12-02 17:00:00,181.177,181.251,180.898,180.909,9333.0
2025-12-02 18:00:00,180.909,180.978,180.759,180.795,8020.0
2025-12-02 19:00:00,180.795,181.058,180.789,181.009,6121.0
2025-12-02 20:00:00,181.007,181.109,180.98,181.085,4886.0
2025-12-02 21:00:00,181.086,181.172,181.079,181.159,4185.0
2025-12-02 22:00:00,181.157,181.18,181.106,181.145,4121.0
2025-12-02 23:00:00,181.14,181.21,181.131,181.177,2055.0
2025-12-03 00:00:00,181.042,181.172,181.004,181.156,727.0
2025-12-03 01:00:00,181.157,181.237,181.125,181.126,1585.0
2025-12-03 02:00:00,181.126,181.207,181.036,181.18,4023.0
2025-12-03 03:00:00,181.18,181.221,181.044,181.133,4086.0
2025-12-03 04:00:00,181.134,181.289,181.134,181.216,2727.0
2025-12-03 05:00:00,181.216,181.241,181.118,181.148,2032.0
2025-12-03 06:00:00,181.148,181.251,181.148,181.209,2254.0
2025-12-03 07:00:00,181.21,181.279,181.186,181.266,2540.0
2025-12-03 08:00:00,181.268,181.269,181.108,181.175,4023.0
2025-12-03 09:00:00,181.174,181.292,181.156,181.236,5248.0
2025-12-03 10:00:00,181.234,181.321,181.189,181.271,6139.0
2025-12-03 11:00:00,181.272,181.272,181.127,181.231,5462.0
2025-12-03 12:00:00,181.229,181.402,181.212,181.353,5664.0
2025-12-03 13:00:00,181.352,181.354,181.204,181.303,4457.0
2025-12-03 14:00:00,181.304,181.355,181.235,181.26,4672.0
2025-12-03 15:00:00,181.26,181.458,181.188,181.401,7917.0
2025-12-03 16:00:00,181.404,181.421,181.124,181.147,9857.0
2025-12-03 17:00:00,181.108,181.406,180.976,180.976,10893.0
2025-12-03 18:00:00,180.976,181.022,180.799,180.915,7551.0
2025-12-03 19:00:00,180.915,181.065,180.864,181.007,5075.0
2025-12-03 20:00:00,181.007,181.108,181.006,181.059,4518.0
2025-12-03 21:00:00,181.059,181.136,181.039,181.098,3590.0
2025-12-03 22:00:00,181.094,181.132,181.07,181.095,2939.0
2025-12-03 23:00:00,181.094,181.176,181.093,181.144,1810.0
2025-12-04 00:00:00,181.135,181.211,180.984,181.059,1120.0
2025-12-04 01:00:00,181.057,181.161,180.898,180.96,2165.0
2025-12-04 02:00:00,180.96,181.057,180.82,180.913,4932.0
2025-12-04 03:00:00,180.912,181.193,180.891,181.084,5126.0
2025-12-04 04:00:00,181.083,181.228,181.079,181.212,3929.0
2025-12-04 05:00:00,181.212,181.293,181.118,181.12,3590.0
2025-12-04 06:00:00,181.12,181.239,181.08,181.227,2769.0
2025-12-04 07:00:00,181.228,181.28,180.958,180.988,5059.0
2025-12-04 08:00:00,180.985,181.155,180.953,181.047,4260.0
2025-12-04 09:00:00,181.046,181.12,180.976,181.094,5101.0
2025-12-04 10:00:00,181.095,181.106,180.703,180.973,8264.0
2025-12-04 11:00:00,180.973,181.016,180.776,180.79,5993.0
2025-12-04 12:00:00,180.792,180.828,180.527,180.546,6279.0
2025-12-04 13:00:00,180.545,180.574,180.395,180.492,6498.0
2025-12-04 14:00:00,180.494,180.584,180.441,180.499,5910.0
2025-12-04 15:00:00,180.5,180.699,180.498,180.576,7849.0
2025-12-04 16:00:00,180.576,180.676,180.453,180.609,8968.0
2025-12-04 17:00:00,180.609,180.611,180.425,180.51,8446.0
2025-12-04 18:00:00,180.507,180.606,180.403,180.605,6343.0
2025-12-04 19:00:00,180.607,180.652,180.533,180.599,4257.0
2025-12-04 20:00:00,180.598,180.646,180.596,180.623,3497.0
2025-12-04 21:00:00,180.623,180.647,180.547,180.635,3970.0
2025-12-04 22:00:00,180.632,180.645,180.532,180.602,4170.0
2025-12-04 23:00:00,180.603,180.656,180.569,180.617,1816.0
2025-12-05 00:00:00,180.557,180.557,180.4,180.507,743.0
2025-12-05 01:00:00,180.511,180.645,180.51,180.628,1809.0
2025-12-05 02:00:00,180.627,180.77,180.521,180.536,4340.0
2025-12-05 03:00:00,180.535,180.71,180.502,180.646,4670.0
2025-12-05 04:00:00,180.647,180.718,180.629,180.666,3121.0
2025-12-05 05:00:00,180.666,180.731,180.635,180.697,2478.0
2025-12-05 06:00:00,180.697,180.722,180.392,180.537,3930.0
2025-12-05 07:00:00,180.537,180.541,180.167,180.25,4480.0
2025-12-05 08:00:00,180.248,180.323,180.109,180.217,4434.0
2025-12-05 09:00:00,180.215,180.375,180.095,180.342,6826.0
2025-12-05 10:00:00,180.345,180.525,180.306,180.468,7286.0
2025-12-05 11:00:00,180.464,180.557,180.443,180.55,5325.0
2025-12-05 12:00:00,180.548,180.753,180.539,180.752,5072.0
2025-12-05 13:00:00,180.752,180.768,180.66,180.691,4368.0
2025-12-05 14:00:00,180.69,180.814,180.669,180.801,5707.0
2025-12-05 15:00:00,180.804,180.842,180.729,180.832,6683.0
2025-12-05 16:00:00,180.832,180.898,180.756,180.828,7490.0
2025-12-05 17:00:00,180.826,180.928,180.766,180.839,8399.0
2025-12-05 18:00:00,180.835,180.851,180.671,180.68,8909.0
2025-12-05 19:00:00,180.68,180.816,180.655,180.814,5753.0
2025-12-05 20:00:00,180.813,180.858,180.793,180.793,4407.0
2025-12-08 00:00:00,180.522,180.765,180.516,180.746,1104.0
2025-12-08 01:00:00,180.741,180.873,180.71,180.792,4490.0
2025-12-08 02:00:00,180.791,180.799,180.65,180.672,5643.0
2025-12-08 03:00:00,180.672,180.729,180.504,180.506,6627.0
2025-12-08 04:00:00,180.503,180.654,180.496,180.639,4970.0
2025-12-08 05:00:00,180.639,180.718,180.625,180.694,3785.0
2025-12-08 06:00:00,180.698,180.758,180.666,180.732,3564.0
2025-12-08 07:00:00,180.733,180.969,180.73,180.901,4243.0
2025-12-08 08:00:00,180.901,181.107,180.886,181.011,5899.0
2025-12-08 09:00:00,181.011,181.14,180.979,181.111,5996.0
2025-12-08 10:00:00,181.111,181.172,181.018,181.122,6591.0
2025-12-08 11:00:00,181.124,181.21,181.092,181.106,6727.0
2025-12-08 12:00:00,181.107,181.206,181.074,181.188,5394.0
2025-12-08 13:00:00,181.188,181.275,181.154,181.258,5548.0
2025-12-08 14:00:00,181.257,181.336,181.224,181.274,5743.0
2025-12-08 15:00:00,181.274,181.3,181.167,181.284,7663.0
2025-12-08 16:00:00,181.282,181.436,181.071,181.384,9472.0
2025-12-08 17:00:00,181.384,181.393,181.145,181.188,9349.0
2025-12-08 18:00:00,181.186,181.278,181.101,181.23,7265.0
2025-12-08 19:00:00,181.23,181.298,181.107,181.276,6240.0
2025-12-08 20:00:00,181.277,181.301,181.23,181.246,4690.0
2025-12-08 21:00:00,181.246,181.474,181.243,181.464,4183.0
2025-12-08 22:00:00,181.465,181.484,181.422,181.472,3447.0
2025-12-08 23:00:00,181.472,181.495,181.435,181.441,2078.0
2025-12-09 00:00:00,181.438,181.438,181.226,181.373,1975.0
2025-12-09 01:00:00,181.372,181.512,181.37,181.413,2202.0
2025-12-09 02:00:00,181.415,181.575,181.347,181.569,4459.0
2025-12-09 03:00:00,181.569,181.589,181.422,181.46,5230.0
2025-12-09 04:00:00,181.46,181.547,181.408,181.519,3865.0
2025-12-09 05:00:00,181.519,181.547,181.455,181.466,3868.0
2025-12-09 06:00:00,181.467,181.637,181.452,181.61,3979.0
2025-12-09 07:00:00,181.611,181.78,181.571,181.728,5613.0
2025-12-09 08:00:00,181.733,181.785,181.615,181.653,5977.0
2025-12-09 09:00:00,181.654,181.824,181.627,181.802,6530.0
2025-12-09 10:00:00,181.802,182.148,181.784,182.047,8163.0
2025-12-09 11:00:00,182.048,182.054,181.661,181.866,8578.0
2025-12-09 12:00:00,181.878,181.96,181.67,181.739,6874.0
2025-12-09 13:00:00,181.74,181.901,181.683,181.855,6548.0
2025-12-09 14:00:00,181.856,181.965,181.801,181.962,6971.0
2025-12-09 15:00:00,181.962,182.02,181.882,181.9,8178.0
2025-12-09 16:00:00,181.899,182.052,181.88,182.039,9053.0
2025-12-09 17:00:00,182.038,182.456,181.929,182.416,11083.0
2025-12-09 18:00:00,182.416,182.645,182.379,182.557,7422.0
2025-12-09 19:00:00,182.557,182.57,182.358,182.402,5060.0
2025-12-09 20:00:00,182.402,182.406,182.288,182.381,4235.0
2025-12-09 21:00:00,182.383,182.438,182.356,182.376,3728.0
2025-12-09 22:00:00,182.377,182.473,182.375,182.418,2785.0
2025-12-09 23:00:00,182.42,182.489,182.38,182.4,1740.0
2025-12-10 00:00:00,182.355,182.429,182.14,182.308,1777.0
2025-12-10 01:00:00,182.308,182.419,182.303,182.332,1840.0
2025-12-10 02:00:00,182.333,182.446,182.176,182.197,5388.0
2025-12-10 03:00:00,182.197,182.256,182.116,182.153,4839.0
2025-12-10 04:00:00,182.155,182.19,182.084,182.089,3470.0
2025-12-10 05:00:00,182.089,182.126,182.005,182.059,3360.0
2025-12-10 06:00:00,182.058,182.143,182.05,182.115,2465.0
2025-12-10 07:00:00,182.116,182.251,182.076,182.244,3401.0
2025-12-10 08:00:00,182.244,182.348,182.243,182.294,3832.0
2025-12-10 09:00:00,182.294,182.496,182.263,182.474,5105.0
2025-12-10 10:00:00,182.469,182.617,182.365,182.566,6769.0
2025-12-10 11:00:00,182.566,182.604,182.437,182.483,5771.0
2025-12-10 12:00:00,182.482,182.501,182.288,182.393,6333.0
2025-12-10 13:00:00,182.393,182.412,182.278,182.335,5658.0
2025-12-10 14:00:00,182.323,182.437,182.306,182.402,4907.0
2025-12-10 15:00:00,182.401,182.413,182.185,182.229,6291.0
2025-12-10 16:00:00,182.229,182.291,182.114,182.216,7232.0
2025-12-10 17:00:00,182.215,182.221,182.05,182.171,7560.0
2025-12-10 18:00:00,182.168,182.193,182.056,182.131,5452.0
2025-12-10 19:00:00,182.13,182.238,182.091,182.23,4624.0
2025-12-10 20:00:00,182.23,182.37,182.228,182.275,4497.0
2025-12-10 21:00:00,182.228,182.554,182.064,182.482,15717.0
2025-12-10 22:00:00,182.481,182.496,182.23,182.346,9511.0
2025-12-10 23:00:00,182.348,182.513,182.327,182.458,3371.0
2025-12-11 00:00:00,182.387,182.448,182.096,182.443,3226.0
2025-12-11 01:00:00,182.442,182.496,182.114,182.256,2998.0
2025-12-11 02:00:00,182.255,182.394,182.058,182.325,6586.0
2025-12-11 03:00:00,182.324,182.354,182.068,182.215,6471.0
2025-12-11 04:00:00,182.215,182.23,181.953,182.161,5825.0
2025-12-11 05:00:00,182.163,182.178,181.994,182.023,5931.0
2025-12-11 06:00:00,182.024,182.198,181.93,182.184,4124.0
2025-12-11 07:00:00,182.184,182.394,182.184,182.364,4892.0
2025-12-11 08:00:00,182.365,182.456,182.278,182.308,5541.0
2025-12-11 09:00:00,182.309,182.465,182.295,182.451,6639.0
2025-12-11 10:00:00,182.45,182.553,182.329,182.342,8083.0
2025-12-11 11:00:00,182.343,182.438,182.296,182.398,7252.0
2025-12-11 12:00:00,182.398,182.501,182.313,182.474,6289.0
2025-12-11 13:00:00,182.475,182.541,182.44,182.443,5974.0
2025-12-11 14:00:00,182.443,182.476,182.198,182.294,6614.0
2025-12-11 15:00:00,182.294,182.329,182.134,182.166,9717.0
2025-12-11 16:00:00,182.165,182.216,181.903,181.909,9414.0
2025-12-11 17:00:00,181.909,182.434,181.875,182.419,9873.0
2025-12-11 18:00:00,182.419,182.469,182.344,182.387,8999.0
2025-12-11 19:00:00,182.386,182.572,182.365,182.489,6481.0
2025-12-11 20:00:00,182.487,182.655,182.48,182.608,4889.0
2025-12-11 21:00:00,182.609,182.726,182.602,182.681,4791.0
2025-12-11 22:00:00,182.68,182.745,182.637,182.682,4607.0
2025-12-11 23:00:00,182.682,182.712,182.585,182.612,2362.0
2025-12-12 00:00:00,182.427,182.605,182.427,182.549,1825.0
2025-12-12 01:00:00,182.587,182.658,182.522,182.572,3040.0
2025-12-12 02:00:00,182.571,182.84,182.544,182.791,7255.0
2025-12-12 03:00:00,182.791,182.852,182.599,182.677,6113.0
2025-12-12 04:00:00,182.677,182.751,182.635,182.704,4564.0
2025-12-12 05:00:00,182.705,182.748,182.663,182.72,3716.0
2025-12-12 06:00:00,182.72,182.762,182.689,182.721,4349.0
2025-12-12 07:00:00,182.719,182.82,182.703,182.82,3749.0
2025-12-12 08:00:00,182.82,182.888,182.718,182.719,5275.0
2025-12-12 09:00:00,182.717,182.769,182.598,182.696,5988.0
2025-12-12 10:00:00,182.697,182.867,182.669,182.767,7924.0
2025-12-12 11:00:00,182.767,182.946,182.693,182.903,7015.0
2025-12-12 12:00:00,182.904,182.926,182.81,182.849,5829.0
2025-12-12 13:00:00,182.85,182.895,182.823,182.838,4694.0
2025-12-12 14:00:00,182.838,182.991,182.683,182.95,5880.0
2025-12-12 15:00:00,182.95,183.008,182.875,183.0,6892.0
2025-12-12 16:00:00,182.999,183.097,182.941,183.067,8863.0
2025-12-12 17:00:00,183.067,183.156,182.86,182.977,10443.0
2025-12-12 18:00:00,182.977,183.004,182.681,182.79,9720.0
2025-12-12 19:00:00,182.79,183.035,182.772,183.008,6321.0
2025-12-12 20:00:00,183.009,183.026,182.907,182.91,4734.0
2025-12-15 00:00:00,182.818,182.946,182.732,182.854,1942.0
2025-12-15 01:00:00,182.854,182.968,182.818,182.94,2324.0
2025-12-15 02:00:00,182.94,183.003,182.896,182.912,5305.0
2025-12-15 03:00:00,182.913,182.915,182.698,182.706,4976.0
2025-12-15 04:00:00,182.705,182.751,182.448,182.496,5591.0
2025-12-15 05:00:00,182.497,182.502,182.335,182.375,4285.0
2025-12-15 06:00:00,182.374,182.375,182.103,182.15,4285.0
2025-12-15 07:00:00,182.15,182.159,181.925,181.927,4366.0
2025-12-15 08:00:00,181.925,182.04,181.834,182.004,5181.0
2025-12-15 09:00:00,182.009,182.188,181.987,182.095,6475.0
2025-12-15 10:00:00,182.095,182.144,181.962,182.054,6853.0
2025-12-15 11:00:00,182.056,182.062,181.907,181.984,6699.0
2025-12-15 12:00:00,181.985,182.174,181.964,182.111,5088.0
2025-12-15 13:00:00,182.113,182.146,181.945,182.018,5005.0
2025-12-15 14:00:00,182.019,182.287,181.99,182.259,5028.0
2025-12-15 15:00:00,182.264,182.336,182.196,182.271,6262.0
2025-12-15 16:00:00,182.273,182.302,182.08,182.231,8900.0
2025-12-15 17:00:00,182.231,182.512,182.094,182.506,10526.0
2025-12-15 18:00:00,182.508,182.617,182.455,182.555,8107.0
2025-12-15 19:00:00,182.554,182.584,182.398,182.425,4977.0
2025-12-15 20:00:00,182.425,182.457,182.379,182.441,3818.0
2025-12-15 21:00:00,182.44,182.447,182.376,182.388,3429.0
2025-12-15 22:00:00,182.389,182.438,182.381,182.432,3196.0
2025-12-15 23:00:00,182.428,182.435,182.346,182.417,1748.0
2025-12-16 00:00:00,182.347,182.405,182.262,182.363,2690.0
2025-12-16 01:00:00,182.363,182.423,182.172,182.219,2295.0
2025-12-16 02:00:00,182.22,182.244,181.926,182.129,7799.0
2025-12-16 03:00:00,182.128,182.237,181.967,181.992,7785.0
2025-12-16 04:00:00,181.992,182.095,181.935,181.955,5836.0
2025-12-16 05:00:00,181.954,182.047,181.875,182.027,5186.0
2025-12-16 06:00:00,182.027,182.031,181.903,181.923,3954.0
2025-12-16 07:00:00,181.923,181.964,181.778,181.944,4973.0
2025-12-16 08:00:00,181.943,182.052,181.912,181.994,4783.0
2025-12-16 09:00:00,181.994,182.098,181.943,182.028,5233.0
2025-12-16 10:00:00,182.03,182.169,181.927,182.033,7247.0
2025-12-16 11:00:00,182.029,182.153,181.962,182.029,6846.0
2025-12-16 12:00:00,182.028,182.133,182.008,182.087,5979.0
2025-12-16 13:00:00,182.087,182.115,182.029,182.111,4952.0
2025-12-16 14:00:00,182.108,182.174,181.99,182.094,6090.0
2025-12-16 15:00:00,182.094,182.305,181.92,182.19,12590.0
2025-12-16 16:00:00,182.189,182.473,182.157,182.426,12007.0
2025-12-16 17:00:00,182.426,182.447,181.962,182.17,12244.0
2025-12-16 18:00:00,182.17,182.298,182.146,182.198,9316.0
2025-12-16 19:00:00,182.198,182.244,181.966,181.967,7021.0
2025-12-16 20:00:00,181.964,181.986,181.786,181.877,5973.0
2025-12-16 21:00:00,181.877,181.891,181.713,181.851,6209.0
2025-12-16 22:00:00,181.85,181.902,181.788,181.85,4701.0
2025-12-16 23:00:00,181.854,181.881,181.72,181.735,2636.0
2025-12-17 00:00:00,181.718,181.806,181.653,181.744,2412.0
2025-12-17 01:00:00,181.743,181.89,181.704,181.847,2049.0
2025-12-17 02:00:00,181.846,181.909,181.623,181.637,5981.0
2025-12-17 03:00:00,181.636,181.731,181.57,181.702,7196.0
2025-12-17 04:00:00,181.701,181.998,181.701,181.978,5771.0
2025-12-17 05:00:00,181.979,181.994,181.793,181.824,4363.0
2025-12-17 06:00:00,181.824,182.006,181.792,181.971,4420.0
2025-12-17 07:00:00,181.97,181.977,181.864,181.974,5472.0
2025-12-17 08:00:00,181.975,182.171,181.9,181.933,6201.0
2025-12-17 09:00:00,181.932,182.155,181.89,182.14,8356.0
2025-12-17 10:00:00,182.141,182.253,182.08,182.246,7313.0
2025-12-17 11:00:00,182.247,182.249,182.158,182.219,6630.0
2025-12-17 12:00:00,182.22,182.287,182.148,182.283,5911.0
2025-12-17 13:00:00,182.283,182.331,182.128,182.134,5629.0
2025-12-17 14:00:00,182.134,182.34,182.11,182.332,6152.0
2025-12-17 15:00:00,182.333,182.426,182.255,182.353,9157.0
2025-12-17 16:00:00,182.353,182.661,182.304,182.559,8945.0
2025-12-17 17:00:00,182.56,182.776,182.556,182.643,10389.0
2025-12-17 18:00:00,182.641,182.787,182.623,182.781,8295.0
2025-12-17 19:00:00,182.783,182.846,182.726,182.739,5426.0
2025-12-17 20:00:00,182.742,182.819,182.704,182.79,4517.0
2025-12-17 21:00:00,182.788,182.822,182.739,182.798,3463.0
2025-12-17 22:00:00,182.795,182.875,182.769,182.783,2720.0
2025-12-17 23:00:00,182.784,182.84,182.741,182.786,1945.0
2025-12-18 00:00:00,182.752,182.752,182.555,182.646,1616.0
2025-12-18 01:00:00,182.683,182.764,182.552,182.567,2114.0
2025-12-18 02:00:00,182.568,182.662,182.506,182.595,5969.0
2025-12-18 03:00:00,182.595,182.853,182.554,182.851,6131.0
2025-12-18 04:00:00,182.851,182.904,182.764,182.901,5088.0
2025-12-18 05:00:00,182.902,182.914,182.809,182.856,4055.0
2025-12-18 06:00:00,182.855,182.895,182.794,182.881,3429.0
2025-12-18 07:00:00,182.881,183.092,182.857,183.008,3859.0
2025-12-18 08:00:00,183.007,183.12,182.967,183.099,4563.0
2025-12-18 09:00:00,183.105,183.169,182.905,182.957,6412.0
2025-12-18 10:00:00,182.958,182.972,182.762,182.854,6699.0
2025-12-18 11:00:00,182.853,182.871,182.644,182.785,6914.0
2025-12-18 12:00:00,182.775,182.837,182.724,182.743,5308.0
2025-12-18 13:00:00,182.743,182.758,182.552,182.594,4774.0
2025-12-18 14:00:00,182.595,182.628,182.444,182.527,7331.0
2025-12-18 15:00:00,182.528,182.845,182.432,182.775,12396.0
2025-12-18 16:00:00,182.774,182.774,182.289,182.46,12134.0
2025-12-18 17:00:00,182.461,182.552,182.333,182.388,10191.0
2025-12-18 18:00:00,182.386,182.599,182.367,182.407,7481.0
2025-12-18 19:00:00,182.408,182.444,182.358,182.388,6211.0
2025-12-18 20:00:00,182.393,182.491,182.373,182.397,4519.0
2025-12-18 21:00:00,182.396,182.442,182.312,182.344,3828.0
2025-12-18 22:00:00,182.344,182.457,182.337,182.408,2883.0
2025-12-18 23:00:00,182.408,182.46,182.355,182.357,1826.0
2025-12-19 00:00:00,182.313,182.373,182.11,182.353,2431.0
2025-12-19 01:00:00,182.362,182.49,182.351,182.412,2334.0
2025-12-19 02:00:00,182.412,182.643,182.404,182.637,5079.0
2025-12-19 03:00:00,182.636,182.687,182.518,182.592,4503.0
2025-12-19 04:00:00,182.591,182.703,182.559,182.677,3090.0
2025-12-19 05:00:00,182.674,183.014,182.439,182.708,7021.0
2025-12-19 06:00:00,182.706,182.89,182.557,182.876,5956.0
2025-12-19 07:00:00,182.876,182.889,182.685,182.821,5627.0
2025-12-19 08:00:00,182.821,183.238,182.662,182.845,7923.0
2025-12-19 09:00:00,182.846,183.504,182.793,183.501,9445.0
2025-12-19 10:00:00,183.499,183.841,183.473,183.804,8393.0
2025-12-19 11:00:00,183.809,184.127,183.724,184.113,7789.0
2025-12-19 12:00:00,184.114,184.365,184.054,184.332,6675.0
2025-12-19 13:00:00,184.325,184.344,184.159,184.24,6078.0
2025-12-19 14:00:00,184.241,184.266,184.086,184.13,6081.0
2025-12-19 15:00:00,184.128,184.378,184.088,184.375,8057.0
2025-12-19 16:00:00,184.375,184.613,184.111,184.601,10109.0
2025-12-19 17:00:00,184.597,184.657,184.39,184.39,9249.0
2025-12-19 18:00:00,184.392,184.534,184.364,184.521,6424.0
2025-12-19 19:00:00,184.524,184.683,184.45,184.503,4951.0
2025-12-19 20:00:00,184.504,184.625,184.501,184.615,4053.0
2025-12-22 00:00:00,184.71,184.714,184.341,184.434,3888.0
2025-12-22 01:00:00,184.432,184.677,184.432,184.582,5505.0
2025-12-22 02:00:00,184.579,184.647,184.491,184.589,7638.0
2025-12-22 03:00:00,184.587,184.632,184.258,184.306,5634.0
2025-12-22 04:00:00,184.306,184.449,184.237,184.441,3276.0
2025-12-22 05:00:00,184.441,184.495,184.29,184.352,3848.0
2025-12-22 06:00:00,184.353,184.395,184.305,184.368,3059.0
2025-12-22 07:00:00,184.368,184.447,184.31,184.382,3551.0
2025-12-22 08:00:00,184.38,184.41,184.29,184.344,4325.0
2025-12-22 09:00:00,184.343,184.817,184.317,184.721,5230.0
2025-12-22 10:00:00,184.722,184.895,184.563,184.891,6014.0
2025-12-22 11:00:00,184.892,184.917,184.632,184.7,4994.0
2025-12-22 12:00:00,184.701,184.729,184.627,184.67,4791.0
2025-12-22 13:00:00,184.672,184.703,184.608,184.7,4361.0
2025-12-22 14:00:00,184.701,184.825,184.675,184.809,5436.0
2025-12-22 15:00:00,184.81,184.811,184.291,184.704,8782.0
2025-12-22 16:00:00,184.705,184.705,184.519,184.654,7826.0
2025-12-22 17:00:00,184.657,184.782,184.58,184.663,7917.0
2025-12-22 18:00:00,184.664,184.717,184.35,184.398,6357.0
2025-12-22 19:00:00,184.397,184.469,184.319,184.425,5017.0
2025-12-22 20:00:00,184.425,184.508,184.398,184.459,4193.0
2025-12-22 21:00:00,184.459,184.531,184.425,184.439,4138.0
2025-12-22 22:00:00,184.439,184.572,184.439,184.542,2889.0
2025-12-22 23:00:00,184.543,184.701,184.539,184.682,1969.0
2025-12-23 00:00:00,184.668,184.668,184.178,184.584,3590.0
2025-12-23 01:00:00,184.584,184.64,184.451,184.546,3288.0
2025-12-23 02:00:00,184.545,184.56,184.255,184.269,5237.0
2025-12-23 03:00:00,184.263,184.273,184.132,184.157,5134.0
2025-12-23 04:00:00,184.158,184.23,183.989,184.095,4514.0
2025-12-23 05:00:00,184.096,184.098,183.886,183.888,4113.0
2025-12-23 06:00:00,183.887,183.887,183.629,183.635,5200.0
2025-12-23 07:00:00,183.637,183.739,183.592,183.653,4374.0
2025-12-23 08:00:00,183.652,183.763,183.632,183.72,4713.0
2025-12-23 09:00:00,183.724,183.87,183.572,183.788,6512.0
2025-12-23 10:00:00,183.788,183.884,183.697,183.74,6888.0
2025-12-23 11:00:00,183.739,183.904,183.439,183.878,7596.0
2025-12-23 12:00:00,183.878,184.025,183.831,183.923,5771.0
2025-12-23 13:00:00,183.923,183.968,183.852,183.938,4639.0
2025-12-23 14:00:00,183.941,184.001,183.846,183.897,4993.0
2025-12-23 15:00:00,183.895,184.095,183.799,184.039,8668.0
2025-12-23 16:00:00,184.04,184.231,184.001,184.031,11133.0
2025-12-23 17:00:00,184.037,184.1,183.846,184.091,12127.0
2025-12-23 18:00:00,184.089,184.144,184.037,184.049,7704.0
2025-12-23 19:00:00,184.049,184.074,183.9,183.922,6351.0
2025-12-23 20:00:00,183.921,184.057,183.921,184.035,6352.0
2025-12-23 21:00:00,184.036,184.151,184.025,184.109,5686.0
2025-12-23 22:00:00,184.11,184.231,184.078,184.219,5289.0
2025-12-23 23:00:00,184.222,184.263,184.165,184.206,4917.0
2025-12-24 00:00:00,184.161,184.177,183.957,184.124,2996.0
2025-12-24 01:00:00,184.17,184.273,184.065,184.133,5506.0
2025-12-24 02:00:00,184.134,184.214,183.969,183.985,10059.0
2025-12-24 03:00:00,183.983,184.154,183.625,183.694,9166.0
2025-12-24 04:00:00,183.68,183.758,183.611,183.685,6946.0
2025-12-24 05:00:00,183.685,183.817,183.634,183.797,6428.0
2025-12-24 06:00:00,183.797,183.881,183.662,183.689,6593.0
2025-12-24 07:00:00,183.688,183.837,183.598,183.761,5433.0
2025-12-24 08:00:00,183.76,183.8,183.627,183.695,6965.0
2025-12-24 09:00:00,183.695,183.789,183.58,183.644,8834.0
2025-12-24 10:00:00,183.642,183.778,183.561,183.717,8917.0
2025-12-24 11:00:00,183.717,183.822,183.64,183.812,6546.0
2025-12-24 12:00:00,183.813,183.909,183.768,183.882,4918.0
2025-12-24 13:00:00,183.882,183.888,183.768,183.817,4728.0
2025-12-24 14:00:00,183.817,183.837,183.723,183.815,5057.0
2025-12-24 15:00:00,183.814,183.9,183.784,183.794,5959.0
2025-12-24 16:00:00,183.792,183.819,183.286,183.41,6730.0
2025-12-24 17:00:00,183.406,183.541,183.346,183.448,7761.0
2025-12-24 18:00:00,183.446,183.532,183.412,183.491,6027.0
2025-12-24 19:00:00,183.49,183.71,183.485,183.603,4583.0
2025-12-24 20:00:00,183.598,183.654,183.558,183.633,4174.0
2025-12-24 21:00:00,183.634,183.668,183.512,183.574,3272.0
2025-12-24 22:00:00,183.573,183.638,183.542,183.632,1792.0
2025-12-24 23:00:00,183.634,183.641,183.453,183.541,3171.0
2025-12-26 00:00:00,183.616,183.757,183.572,183.621,1359.0
2025-12-26 01:00:00,183.613,183.977,183.482,183.962,7221.0
2025-12-26 02:00:00,183.964,184.428,183.954,184.347,7987.0
2025-12-26 03:00:00,184.347,184.366,184.106,184.216,6461.0
2025-12-26 04:00:00,184.216,184.283,184.103,184.227,4832.0
2025-12-26 05:00:00,184.226,184.242,183.885,183.896,4581.0
2025-12-26 06:00:00,183.897,184.034,183.826,184.011,4889.0
2025-12-26 07:00:00,184.013,184.175,183.931,184.105,4916.0
2025-12-26 08:00:00,184.105,184.134,183.935,184.042,5509.0
2025-12-26 09:00:00,184.044,184.185,183.927,184.101,6022.0
2025-12-26 10:00:00,184.103,184.143,184.013,184.098,5838.0
2025-12-26 11:00:00,184.108,184.199,184.082,184.156,4473.0
2025-12-26 12:00:00,184.157,184.217,184.127,184.133,4160.0
2025-12-26 13:00:00,184.133,184.208,184.12,184.198,4037.0
2025-12-26 14:00:00,184.2,184.296,184.181,184.284,3621.0
2025-12-26 15:00:00,184.286,184.39,184.263,184.332,6488.0
2025-12-26 16:00:00,184.332,184.384,184.294,184.36,6110.0
2025-12-26 17:00:00,184.36,184.413,184.175,184.227,6627.0
2025-12-26 18:00:00,184.222,184.298,184.18,184.284,7033.0
2025-12-26 19:00:00,184.284,184.34,184.243,184.283,6614.0
2025-12-26 20:00:00,184.287,184.33,184.175,184.282,5239.0
2025-12-29 00:00:00,184.174,184.268,184.116,184.173,4279.0
2025-12-29 01:00:00,184.181,184.352,184.18,184.279,3687.0
2025-12-29 02:00:00,184.279,184.28,183.808,184.149,8348.0
2025-12-29 03:00:00,184.149,184.27,184.092,184.251,5633.0
2025-12-29 04:00:00,184.252,184.416,184.228,184.262,4668.0
2025-12-29 05:00:00,184.262,184.266,184.133,184.167,4434.0
2025-12-29 06:00:00,184.167,184.218,183.973,184.013,3947.0
2025-12-29 07:00:00,184.013,184.014,183.773,183.813,4554.0
2025-12-29 08:00:00,183.818,183.916,183.735,183.884,4687.0
2025-12-29 09:00:00,183.885,183.944,183.809,183.872,6026.0
2025-12-29 10:00:00,183.872,184.251,183.837,184.214,6677.0
2025-12-29 11:00:00,184.215,184.254,183.997,184.155,7361.0
2025-12-29 12:00:00,184.155,184.19,183.973,183.989,6356.0
2025-12-29 13:00:00,183.988,184.109,183.879,184.07,5854.0
2025-12-29 14:00:00,184.072,184.111,183.878,183.93,6052.0
2025-12-29 15:00:00,183.928,184.001,183.86,183.94,7328.0
2025-12-29 16:00:00,183.94,184.045,183.798,184.041,8252.0
2025-12-29 17:00:00,184.041,184.16,183.532,183.559,9587.0
2025-12-29 18:00:00,183.555,183.649,183.469,183.579,7336.0
2025-12-29 19:00:00,183.58,183.62,183.493,183.604,4726.0
2025-12-29 20:00:00,183.604,183.734,183.596,183.734,3273.0
2025-12-29 21:00:00,183.733,183.78,183.634,183.663,2866.0
2025-12-29 22:00:00,183.664,183.754,183.634,183.744,3222.0
2025-12-29 23:00:00,183.75,183.793,183.718,183.737,1924.0
2025-12-30 00:00:00,183.732,183.732,183.526,183.609,2805.0
2025-12-30 01:00:00,183.606,183.826,183.604,183.672,3210.0
2025-12-30 02:00:00,183.675,184.084,183.589,184.003,6206.0
2025-12-30 03:00:00,184.001,184.074,183.958,183.989,5306.0
2025-12-30 04:00:00,183.986,184.09,183.906,184.059,5080.0
2025-12-30 05:00:00,184.059,184.071,183.968,184.003,3749.0
2025-12-30 06:00:00,184.005,184.033,183.818,183.854,3903.0
2025-12-30 07:00:00,183.855,183.879,183.742,183.775,5062.0
2025-12-30 08:00:00,183.774,183.874,183.714,183.827,5122.0
2025-12-30 09:00:00,183.825,183.825,183.544,183.627,5006.0
2025-12-30 10:00:00,183.627,183.645,183.461,183.583,6394.0
2025-12-30 11:00:00,183.582,183.713,183.49,183.538,5703.0
2025-12-30 12:00:00,183.538,183.587,183.427,183.536,4910.0
2025-12-30 13:00:00,183.536,183.576,183.433,183.466,4741.0
2025-12-30 14:00:00,183.466,183.587,183.425,183.46,5269.0
2025-12-30 15:00:00,183.461,183.829,183.416,183.772,7168.0
2025-12-30 16:00:00,183.771,183.885,183.637,183.86,6932.0
2025-12-30 17:00:00,183.862,183.98,183.838,183.872,8533.0
2025-12-30 18:00:00,183.871,183.892,183.774,183.874,6837.0
2025-12-30 19:00:00,183.873,183.971,183.82,183.821,4624.0
2025-12-30 20:00:00,183.819,183.876,183.807,183.811,4189.0
2025-12-30 21:00:00,183.808,183.896,183.805,183.868,4036.0
2025-12-30 22:00:00,183.863,183.874,183.787,183.787,3462.0
2025-12-30 23:00:00,183.788,183.809,183.746,183.796,1809.0
2025-12-31 00:00:00,183.555,183.704,183.528,183.675,1250.0
2025-12-31 01:00:00,183.675,183.787,183.63,183.711,1530.0
2025-12-31 02:00:00,183.701,183.784,183.64,183.724,3683.0
2025-12-31 03:00:00,183.726,183.775,183.684,183.699,4314.0
2025-12-31 04:00:00,183.7,183.746,183.67,183.725,3735.0
2025-12-31 05:00:00,183.724,183.778,183.701,183.774,3159.0
2025-12-31 06:00:00,183.774,183.816,183.748,183.782,3213.0
2025-12-31 07:00:00,183.783,183.83,183.754,183.822,3210.0
2025-12-31 08:00:00,183.822,183.852,183.782,183.832,3607.0
2025-12-31 09:00:00,183.829,183.837,183.724,183.772,4896.0
2025-12-31 10:00:00,183.773,183.819,183.535,183.587,5910.0
2025-12-31 11:00:00,183.588,183.883,183.554,183.809,5925.0
2025-12-31 12:00:00,183.804,183.938,183.755,183.906,5797.0
2025-12-31 13:00:00,183.907,184.009,183.878,183.982,5341.0
2025-12-31 14:00:00,183.983,184.174,183.951,184.095,5864.0
2025-12-31 15:00:00,184.092,184.183,184.078,184.137,7225.0
2025-12-31 16:00:00,184.138,184.245,184.032,184.089,8147.0
2025-12-31 17:00:00,184.084,184.164,183.973,184.087,9986.0
2025-12-31 18:00:00,184.087,184.134,183.936,184.018,7912.0
2025-12-31 19:00:00,184.027,184.061,183.967,184.056,5173.0
2025-12-31 20:00:00,184.056,184.174,184.043,184.134,5214.0
2025-12-31 21:00:00,184.132,184.152,183.988,184.042,3457.0
2025-12-31 22:00:00,184.042,184.106,184.032,184.083,3770.0
2025-12-31 23:00:00,184.085,184.112,183.985,184.019,1848.0
2026-01-02 00:00:00,183.971,184.07,183.968,184.059,2045.0
2026-01-02 01:00:00,184.064,184.285,183.987,184.164,2551.0
2026-01-02 02:00:00,184.164,184.21,184.021,184.06,3579.0
2026-01-02 03:00:00,184.06,184.246,184.034,184.218,3655.0
2026-01-02 04:00:00,184.217,184.25,184.143,184.244,2599.0
2026-01-02 05:00:00,184.245,184.371,184.226,184.367,2548.0
2026-01-02 06:00:00,184.367,184.416,184.339,184.353,2940.0
2026-01-02 07:00:00,184.352,184.425,184.326,184.394,2716.0
2026-01-02 08:00:00,184.393,184.418,184.3,184.323,3729.0
2026-01-02 09:00:00,184.319,184.37,184.007,184.071,5636.0
2026-01-02 10:00:00,184.069,184.241,183.995,183.996,7189.0
2026-01-02 11:00:00,183.999,184.078,183.891,183.929,5881.0
2026-01-02 12:00:00,183.927,183.937,183.715,183.839,5252.0
2026-01-02 13:00:00,183.838,183.955,183.8,183.939,4367.0
2026-01-02 14:00:00,183.939,184.103,183.9,183.993,4456.0
2026-01-02 15:00:00,183.99,184.003,183.842,183.917,6331.0
2026-01-02 16:00:00,183.918,183.998,183.82,183.965,7225.0
2026-01-02 17:00:00,183.965,184.04,183.82,184.001,9516.0
2026-01-02 18:00:00,184.001,184.05,183.921,183.954,7845.0
2026-01-02 19:00:00,183.955,183.97,183.872,183.9,5094.0
2026-01-02 20:00:00,183.899,183.955,183.841,183.867,4799.0
2026-01-05 00:00:00,183.634,183.768,183.509,183.556,1586.0
2026-01-05 01:00:00,183.588,183.783,183.503,183.774,4329.0
2026-01-05 02:00:00,183.775,184.062,183.708,183.941,7397.0
2026-01-05 03:00:00,183.941,183.948,183.695,183.709,7484.0
2026-01-05 04:00:00,183.71,183.775,183.591,183.686,6208.0
2026-01-05 05:00:00,183.685,183.737,183.463,183.572,5265.0
2026-01-05 06:00:00,183.572,183.738,183.572,183.729,4320.0
2026-01-05 07:00:00,183.729,183.736,183.583,183.676,4120.0
2026-01-05 08:00:00,183.674,183.712,183.53,183.583,5008.0
2026-01-05 09:00:00,183.578,183.6,183.444,183.463,5872.0
2026-01-05 10:00:00,183.463,183.495,183.194,183.236,8097.0
2026-01-05 11:00:00,183.235,183.345,183.142,183.33,6270.0
2026-01-05 12:00:00,183.33,183.345,182.997,183.072,6152.0
2026-01-05 13:00:00,183.071,183.072,182.899,182.958,5924.0
2026-01-05 14:00:00,182.947,182.956,182.81,182.818,6170.0
2026-01-05 15:00:00,182.818,183.119,182.818,183.083,8661.0
2026-01-05 16:00:00,183.084,183.196,182.98,183.142,9160.0
2026-01-05 17:00:00,183.116,183.32,183.024,183.266,9884.0
2026-01-05 18:00:00,183.265,183.286,183.116,183.13,8572.0
2026-01-05 19:00:00,183.131,183.181,183.078,183.134,6034.0
2026-01-05 20:00:00,183.135,183.234,183.094,183.124,4419.0
2026-01-05 21:00:00,183.125,183.232,183.038,183.217,5140.0
2026-01-05 22:00:00,183.213,183.304,183.163,183.298,3583.0
2026-01-05 23:00:00,183.298,183.367,183.279,183.318,2202.0
2026-01-06 00:00:00,183.104,183.411,183.076,183.41,1424.0
2026-01-06 01:00:00,183.428,183.499,183.396,183.467,2503.0
2026-01-06 02:00:00,183.465,183.645,183.377,183.41,6561.0
2026-01-06 03:00:00,183.41,183.549,183.398,183.445,6131.0
2026-01-06 04:00:00,183.446,183.482,183.364,183.463,4702.0
2026-01-06 05:00:00,183.462,183.563,183.436,183.478,4139.0
2026-01-06 06:00:00,183.479,183.534,183.339,183.492,4127.0
2026-01-06 07:00:00,183.493,183.523,183.428,183.474,4667.0
2026-01-06 08:00:00,183.474,183.609,183.468,183.513,5066.0
2026-01-06 09:00:00,183.512,183.532,183.326,183.366,6226.0
2026-01-06 10:00:00,183.363,183.437,183.237,183.336,7309.0
2026-01-06 11:00:00,183.336,183.348,183.054,183.169,7178.0
2026-01-06 12:00:00,183.168,183.26,183.054,183.242,6294.0
2026-01-06 13:00:00,183.242,183.261,183.127,183.141,5786.0
2026-01-06 14:00:00,183.142,183.142,183.011,183.123,6275.0
2026-01-06 15:00:00,183.123,183.185,183.068,183.127,8322.0
2026-01-06 16:00:00,183.127,183.185,183.042,183.142,9027.0
2026-01-06 17:00:00,183.142,183.201,183.014,183.12,10276.0
2026-01-06 18:00:00,183.12,183.203,183.113,183.158,6997.0
2026-01-06 19:00:00,183.154,183.352,183.149,183.341,5063.0
2026-01-06 20:00:00,183.341,183.387,183.18,183.196,4347.0
2026-01-06 21:00:00,183.196,183.204,183.073,183.094,3947.0
2026-01-06 22:00:00,183.093,183.1,183.034,183.071,3375.0
2026-01-06 23:00:00,183.071,183.128,183.052,183.112,2033.0
2026-01-07 00:00:00,183.062,183.062,182.915,183.057,1030.0
2026-01-07 01:00:00,183.092,183.167,183.053,183.096,1892.0
2026-01-07 02:00:00,183.096,183.243,183.038,183.135,6089.0
2026-01-07 03:00:00,183.135,183.355,183.053,183.292,5429.0
2026-01-07 04:00:00,183.292,183.374,183.21,183.214,4114.0
2026-01-07 05:00:00,183.214,183.242,183.098,183.155,3531.0
2026-01-07 06:00:00,183.155,183.203,183.005,183.013,4107.0
2026-01-07 07:00:00,183.014,183.014,182.846,182.86,4076.0
2026-01-07 08:00:00,182.861,182.933,182.78,182.884,4482.0
2026-01-07 09:00:00,182.883,182.906,182.709,182.813,6080.0
2026-01-07 10:00:00,182.813,182.935,182.71,182.912,6592.0
2026-01-07 11:00:00,182.912,182.958,182.767,182.815,5255.0
2026-01-07 12:00:00,182.816,182.989,182.805,182.955,5200.0
2026-01-07 13:00:00,182.955,183.035,182.934,182.957,4504.0
2026-01-07 14:00:00,182.958,182.958,182.829,182.926,5833.0
2026-01-07 15:00:00,182.925,182.952,182.756,182.876,7927.0
2026-01-07 16:00:00,182.876,183.038,182.848,182.944,8284.0
2026-01-07 17:00:00,182.945,183.179,182.826,183.16,11302.0
2026-01-07 18:00:00,183.162,183.232,183.101,183.204,7416.0
2026-01-07 19:00:00,183.206,183.206,183.022,183.057,4329.0
2026-01-07 20:00:00,183.058,183.15,183.04,183.063,3776.0
2026-01-07 21:00:00,183.066,183.134,183.024,183.11,3367.0
2026-01-07 22:00:00,183.11,183.153,183.095,183.099,2627.0
2026-01-07 23:00:00,183.093,183.105,183.006,183.01,1532.0
2026-01-08 00:00:00,182.976,182.992,182.893,182.942,589.0
2026-01-08 01:00:00,182.955,183.036,182.929,182.984,1780.0
2026-01-08 02:00:00,182.984,183.109,182.957,183.07,4496.0
2026-01-08 03:00:00,183.07,183.224,183.012,183.202,4568.0
2026-01-08 04:00:00,183.202,183.249,183.154,183.2,3653.0
2026-01-08 05:00:00,183.2,183.202,182.984,183.056,4183.0
2026-01-08 06:00:00,183.054,183.063,182.976,183.028,2987.0
2026-01-08 07:00:00,183.029,183.09,182.963,183.035,3870.0
2026-01-08 08:00:00,183.034,183.041,182.777,182.919,5620.0
2026-01-08 09:00:00,182.92,183.02,182.73,182.732,5991.0
2026-01-08 10:00:00,182.73,182.919,182.713,182.906,6817.0
2026-01-08 11:00:00,182.905,183.041,182.841,183.038,5460.0
2026-01-08 12:00:00,183.038,183.109,182.972,183.011,5261.0
2026-01-08 13:00:00,183.007,183.092,182.977,183.067,4829.0
2026-01-08 14:00:00,183.071,183.073,182.907,182.953,4637.0
2026-01-08 15:00:00,182.953,183.073,182.915,183.072,7135.0
2026-01-08 16:00:00,183.077,183.16,183.016,183.111,8610.0
2026-01-08 17:00:00,183.112,183.251,182.998,183.01,8574.0
2026-01-08 18:00:00,183.009,183.027,182.846,182.87,6745.0
2026-01-08 19:00:00,182.87,182.87,182.634,182.704,5370.0
2026-01-08 20:00:00,182.703,182.775,182.685,182.712,4213.0
2026-01-08 21:00:00,182.712,182.888,182.674,182.872,3558.0
2026-01-08 22:00:00,182.872,182.936,182.866,182.876,3099.0
2026-01-08 23:00:00,182.876,182.929,182.842,182.877,2713.0
2026-01-09 00:00:00,182.874,182.874,182.548,182.843,1428.0
2026-01-09 01:00:00,182.841,182.958,182.834,182.884,1837.0
2026-01-09 02:00:00,182.884,183.047,182.881,182.977,4581.0
2026-01-09 03:00:00,182.977,183.118,182.961,183.091,5615.0
2026-01-09 04:00:00,183.091,183.228,183.075,183.196,4626.0
2026-01-09 05:00:00,183.196,183.293,183.183,183.288,3007.0
2026-01-09 06:00:00,183.292,183.325,183.212,183.23,3615.0
2026-01-09 07:00:00,183.227,183.378,183.227,183.365,4267.0
2026-01-09 08:00:00,183.364,183.423,183.339,183.364,4588.0
2026-01-09 09:00:00,183.363,183.511,183.328,183.481,5786.0
2026-01-09 10:00:00,183.481,183.655,183.444,183.649,6745.0
2026-01-09 11:00:00,183.648,183.674,183.554,183.622,5540.0
2026-01-09 12:00:00,183.622,183.655,183.509,183.624,4686.0
2026-01-09 13:00:00,183.623,183.624,183.509,183.523,4178.0
2026-01-09 14:00:00,183.524,183.608,183.463,183.533,5756.0
2026-01-09 15:00:00,183.533,183.576,183.276,183.406,11389.0
2026-01-09 16:00:00,183.406,183.914,183.367,183.783,13512.0
2026-01-09 17:00:00,183.783,183.895,183.677,183.778,11899.0
2026-01-09 18:00:00,183.777,183.954,183.755,183.902,7689.0
2026-01-09 19:00:00,183.903,183.903,183.737,183.848,6126.0
2026-01-09 20:00:00,183.851,183.87,183.701,183.728,5090.0
2026-01-12 00:00:00,183.789,183.831,183.723,183.786,1139.0
2026-01-12 01:00:00,183.788,183.892,183.736,183.816,2059.0
2026-01-12 02:00:00,183.815,183.932,183.752,183.808,7790.0
2026-01-12 03:00:00,183.807,183.949,183.776,183.873,7952.0
2026-01-12 04:00:00,183.872,184.218,183.865,184.2,5018.0
2026-01-12 05:00:00,184.196,184.308,184.147,184.292,3595.0
2026-01-12 06:00:00,184.294,184.368,184.282,184.301,3127.0
2026-01-12 07:00:00,184.3,184.454,184.26,184.379,3880.0
2026-01-12 08:00:00,184.379,184.428,184.316,184.401,4172.0
2026-01-12 09:00:00,184.4,184.485,184.287,184.437,6922.0
2026-01-12 10:00:00,184.438,184.438,184.213,184.407,6962.0
2026-01-12 11:00:00,184.408,184.551,184.357,184.447,6031.0
2026-01-12 12:00:00,184.445,184.507,184.414,184.454,4978.0
2026-01-12 13:00:00,184.453,184.529,184.333,184.401,4999.0
2026-01-12 14:00:00,184.405,184.486,184.383,184.398,6042.0
2026-01-12 15:00:00,184.399,184.563,184.374,184.563,7147.0
2026-01-12 16:00:00,184.562,184.563,184.417,184.424,8932.0
2026-01-12 17:00:00,184.426,184.541,184.341,184.531,7688.0
2026-01-12 18:00:00,184.533,184.664,184.472,184.593,6510.0
2026-01-12 19:00:00,184.593,184.604,184.449,184.467,4672.0
2026-01-12 20:00:00,184.467,184.54,184.409,184.524,3506.0
2026-01-12 21:00:00,184.524,184.593,184.514,184.581,2427.0
2026-01-12 22:00:00,184.582,184.583,184.504,184.522,2599.0
2026-01-12 23:00:00,184.521,184.538,184.488,184.516,1849.0
2026-01-13 00:00:00,184.41,184.481,184.318,184.424,3075.0
2026-01-13 01:00:00,184.427,184.534,184.258,184.317,3633.0
2026-01-13 02:00:00,184.316,184.588,184.295,184.47,5498.0
2026-01-13 03:00:00,184.471,184.785,184.466,184.767,5358.0
2026-01-13 04:00:00,184.771,185.017,184.61,184.996,4768.0
2026-01-13 05:00:00,184.996,185.165,184.982,185.153,3703.0
2026-01-13 06:00:00,185.154,185.285,185.01,185.156,5329.0
2026-01-13 07:00:00,185.156,185.246,185.143,185.191,4431.0
2026-01-13 08:00:00,185.191,185.28,185.067,185.093,5765.0
2026-01-13 09:00:00,185.09,185.395,185.089,185.387,5866.0
2026-01-13 10:00:00,185.387,185.536,185.303,185.455,7096.0
2026-01-13 11:00:00,185.463,185.5,185.342,185.456,6032.0
2026-01-13 12:00:00,185.454,185.53,185.255,185.267,5649.0
2026-01-13 13:00:00,185.268,185.442,185.266,185.364,4306.0
2026-01-13 14:00:00,185.36,185.396,185.173,185.191,5565.0
2026-01-13 15:00:00,185.192,185.393,185.013,185.386,10546.0
2026-01-13 16:00:00,185.387,185.455,185.305,185.348,9873.0
2026-01-13 17:00:00,185.356,185.391,185.122,185.178,10084.0
2026-01-13 18:00:00,185.18,185.327,185.16,185.249,8087.0
2026-01-13 19:00:00,185.249,185.293,185.156,185.203,4629.0
2026-01-13 20:00:00,185.205,185.354,185.156,185.338,3780.0
2026-01-13 21:00:00,185.338,185.38,185.288,185.351,3248.0
2026-01-13 22:00:00,185.351,185.377,185.291,185.299,2812.0
2026-01-13 23:00:00,185.303,185.345,185.281,185.304,1671.0
2026-01-14 00:00:00,185.332,185.332,185.156,185.252,1783.0
2026-01-14 01:00:00,185.241,185.378,185.223,185.343,2317.0
2026-01-14 02:00:00,185.343,185.397,185.197,185.348,5445.0
2026-01-14 03:00:00,185.348,185.569,185.347,185.44,5104.0
2026-01-14 04:00:00,185.44,185.487,185.328,185.374,4292.0
2026-01-14 05:00:00,185.37,185.409,185.265,185.375,3577.0
2026-01-14 06:00:00,185.377,185.429,185.341,185.379,3122.0
2026-01-14 07:00:00,185.38,185.505,185.344,185.494,3509.0
2026-01-14 08:00:00,185.497,185.572,185.362,185.389,4743.0
2026-01-14 09:00:00,185.389,185.448,185.303,185.376,5082.0
2026-01-14 10:00:00,185.368,185.39,184.979,185.113,8500.0
2026-01-14 11:00:00,185.112,185.14,184.828,184.989,6568.0
2026-01-14 12:00:00,184.988,185.02,184.823,184.947,5992.0
2026-01-14 13:00:00,184.948,184.979,184.696,184.851,5282.0
2026-01-14 14:00:00,184.853,184.877,184.297,184.874,7971.0
2026-01-14 15:00:00,184.874,184.878,184.681,184.762,7689.0
2026-01-14 16:00:00,184.762,184.842,184.391,184.403,11301.0
2026-01-14 17:00:00,184.405,184.615,184.315,184.369,9766.0
2026-01-14 18:00:00,184.369,184.493,184.29,184.299,7224.0
2026-01-14 19:00:00,184.299,184.422,184.288,184.37,4770.0
2026-01-14 20:00:00,184.369,184.466,184.298,184.422,4104.0
2026-01-14 21:00:00,184.424,184.458,184.354,184.436,3258.0
2026-01-14 22:00:00,184.438,184.648,184.426,184.646,4445.0
2026-01-14 23:00:00,184.647,184.683,184.481,184.481,1754.0
2026-01-15 00:00:00,184.421,184.494,184.168,184.258,1382.0
2026-01-15 01:00:00,184.262,184.509,184.249,184.482,2170.0
2026-01-15 02:00:00,184.482,184.613,184.31,184.351,5292.0
2026-01-15 03:00:00,184.352,184.388,184.177,184.301,6592.0
2026-01-15 04:00:00,184.3,184.533,184.267,184.522,4601.0
2026-01-15 05:00:00,184.522,184.616,184.473,184.492,4215.0
2026-01-15 06:00:00,184.492,184.582,184.422,184.511,3360.0
2026-01-15 07:00:00,184.51,184.532,184.303,184.339,4165.0
2026-01-15 08:00:00,184.337,184.523,184.322,184.51,5468.0
2026-01-15 09:00:00,184.511,184.594,184.257,184.412,6017.0
2026-01-15 10:00:00,184.41,184.631,184.378,184.567,5897.0
2026-01-15 11:00:00,184.571,184.593,184.192,184.311,5959.0
2026-01-15 12:00:00,184.309,184.434,184.224,184.39,4913.0
2026-01-15 13:00:00,184.39,184.44,184.357,184.425,4283.0
2026-01-15 14:00:00,184.425,184.48,184.287,184.333,4762.0
2026-01-15 15:00:00,184.332,184.36,184.189,184.26,7960.0
2026-01-15 16:00:00,184.26,184.305,184.112,184.159,8285.0
2026-01-15 17:00:00,184.157,184.163,183.862,183.942,7790.0
2026-01-15 18:00:00,183.942,184.016,183.886,183.935,5817.0
2026-01-15 19:00:00,183.933,184.047,183.918,184.009,4223.0
2026-01-15 20:00:00,184.008,184.091,184.008,184.082,3458.0
2026-01-15 21:00:00,184.082,184.147,184.063,184.106,3638.0
2026-01-15 22:00:00,184.105,184.129,184.007,184.094,3396.0
2026-01-15 23:00:00,184.089,184.182,184.072,184.142,1807.0
2026-01-16 00:00:00,184.08,184.095,184.017,184.073,889.0
2026-01-16 01:00:00,184.067,184.191,184.032,184.107,1687.0
2026-01-16 02:00:00,184.106,184.159,184.002,184.099,4271.0
2026-01-16 03:00:00,184.098,184.127,183.909,184.084,4445.0
2026-01-16 04:00:00,184.084,184.115,183.456,183.782,6156.0
2026-01-16 05:00:00,183.783,183.79,183.585,183.592,4302.0
2026-01-16 06:00:00,183.592,183.801,183.585,183.773,3219.0
2026-01-16 07:00:00,183.773,183.823,183.705,183.82,3267.0
2026-01-16 08:00:00,183.822,183.909,183.751,183.879,3692.0
2026-01-16 09:00:00,183.879,183.929,183.596,183.668,6123.0
2026-01-16 10:00:00,183.664,183.734,183.496,183.666,6374.0
2026-01-16 11:00:00,183.667,183.684,183.553,183.639,5049.0
2026-01-16 12:00:00,183.64,183.684,183.555,183.63,4768.0
2026-01-16 13:00:00,183.631,183.733,183.601,183.694,4589.0
2026-01-16 14:00:00,183.696,183.807,183.692,183.76,5715.0
2026-01-16 15:00:00,183.757,183.757,183.502,183.594,6406.0
2026-01-16 16:00:00,183.594,183.664,183.409,183.46,6887.0
2026-01-16 17:00:00,183.459,183.577,183.204,183.25,10813.0
2026-01-16 18:00:00,183.25,183.417,183.246,183.28,7719.0
2026-01-16 19:00:00,183.28,183.424,183.28,183.375,4479.0
2026-01-16 20:00:00,183.375,183.448,183.332,183.416,3605.0
2026-01-19 00:00:00,182.73,182.911,182.73,182.853,2831.0
2026-01-19 01:00:00,182.854,183.205,182.708,183.144,7789.0
2026-01-19 02:00:00,183.148,183.363,183.077,183.173,8445.0
2026-01-19 03:00:00,183.173,183.36,183.005,183.27,6645.0
2026-01-19 04:00:00,183.271,183.488,183.271,183.397,4914.0
2026-01-19 05:00:00,183.402,183.556,183.378,183.528,4276.0
2026-01-19 06:00:00,183.529,183.642,183.496,183.601,3702.0
2026-01-19 07:00:00,183.603,183.716,183.54,183.599,4094.0
2026-01-19 08:00:00,183.6,183.675,183.501,183.51,4417.0
2026-01-19 09:00:00,183.513,183.842,183.502,183.782,6525.0
2026-01-19 10:00:00,183.782,183.807,183.625,183.708,6145.0
2026-01-19 11:00:00,183.709,183.803,183.501,183.578,7301.0
2026-01-19 12:00:00,183.58,183.676,183.485,183.522,4382.0
2026-01-19 13:00:00,183.523,183.807,183.523,183.768,4070.0
2026-01-19 14:00:00,183.77,183.772,183.641,183.71,5136.0
2026-01-19 15:00:00,183.711,183.745,183.671,183.691,4466.0
2026-01-19 16:00:00,183.692,183.828,183.638,183.798,4861.0
2026-01-19 17:00:00,183.8,184.002,183.751,183.978,5993.0
2026-01-19 18:00:00,183.978,184.14,183.94,184.029,4369.0
2026-01-19 19:00:00,184.019,184.056,183.994,184.043,2015.0
2026-01-19 20:00:00,184.043,184.085,184.04,184.048,1115.0
2026-01-19 21:00:00,184.049,184.137,184.049,184.055,1042.0
2026-01-19 22:00:00,184.058,184.139,184.058,184.138,767.0
2026-01-19 23:00:00,184.141,184.152,184.102,184.139,816.0
2026-01-20 00:00:00,183.991,184.119,183.926,184.093,757.0
2026-01-20 01:00:00,184.094,184.193,184.084,184.096,1942.0
2026-01-20 02:00:00,184.089,184.182,183.813,183.842,5969.0
2026-01-20 03:00:00,183.842,184.144,183.771,183.914,6539.0
2026-01-20 04:00:00,183.915,184.065,183.867,184.022,4307.0
2026-01-20 05:00:00,184.022,184.171,183.949,184.144,4033.0
2026-01-20 06:00:00,184.144,184.359,184.105,184.355,4513.0
2026-01-20 07:00:00,184.354,184.433,184.311,184.396,4866.0
2026-01-20 08:00:00,184.393,184.895,184.391,184.844,6231.0
2026-01-20 09:00:00,184.847,185.212,184.837,185.117,8481.0
2026-01-20 10:00:00,185.117,185.127,184.807,184.9,11096.0
2026-01-20 11:00:00,184.901,184.993,184.692,184.962,9676.0
2026-01-20 12:00:00,184.959,185.159,184.941,185.133,7578.0
2026-01-20 13:00:00,185.134,185.178,185.079,185.116,6738.0
2026-01-20 14:00:00,185.117,185.247,185.077,185.107,7127.0
2026-01-20 15:00:00,185.108,185.408,185.047,185.204,11072.0
2026-01-20 16:00:00,185.203,185.267,184.957,185.208,12483.0
2026-01-20 17:00:00,185.21,185.356,185.185,185.2,10160.0
2026-01-20 18:00:00,185.203,185.426,185.203,185.35,7457.0
2026-01-20 19:00:00,185.345,185.412,185.257,185.308,5297.0
2026-01-20 20:00:00,185.308,185.408,185.291,185.339,3828.0
2026-01-20 21:00:00,185.342,185.412,185.317,185.388,4678.0
2026-01-20 22:00:00,185.391,185.439,185.353,185.413,4088.0
2026-01-20 23:00:00,185.415,185.47,185.392,185.436,1816.0
2026-01-21 00:00:00,185.401,185.427,185.266,185.378,1433.0
2026-01-21 01:00:00,185.378,185.507,185.338,185.464,2761.0
2026-01-21 02:00:00,185.471,185.54,185.327,185.369,6088.0
2026-01-21 03:00:00,185.368,185.434,185.217,185.271,6942.0
2026-01-21 04:00:00,185.272,185.391,185.176,185.18,4233.0
2026-01-21 05:00:00,185.18,185.262,185.156,185.262,4498.0
2026-01-21 06:00:00,185.261,185.307,185.088,185.188,3657.0
2026-01-21 07:00:00,185.186,185.405,185.183,185.375,4618.0
2026-01-21 08:00:00,185.373,185.443,185.308,185.406,4982.0
2026-01-21 09:00:00,185.406,185.406,184.989,185.044,6659.0
2026-01-21 10:00:00,185.043,185.076,184.82,184.874,6928.0
2026-01-21 11:00:00,184.874,184.975,184.84,184.917,6011.0
2026-01-21 12:00:00,184.915,185.062,184.9,184.997,5437.0
2026-01-21 13:00:00,184.997,185.09,184.945,184.984,6124.0
2026-01-21 14:00:00,184.988,185.184,184.91,185.168,6300.0
2026-01-21 15:00:00,185.17,185.377,185.117,185.35,7597.0
2026-01-21 16:00:00,185.349,185.439,185.143,185.386,12714.0
2026-01-21 17:00:00,185.383,185.409,185.1,185.143,11502.0
2026-01-21 18:00:00,185.146,185.231,185.019,185.104,9389.0
2026-01-21 19:00:00,185.105,185.162,185.016,185.073,7222.0
2026-01-21 20:00:00,185.074,185.105,185.032,185.066,4515.0
2026-01-21 21:00:00,185.067,185.189,185.001,185.17,7465.0
2026-01-21 22:00:00,185.174,185.205,185.04,185.088,5330.0
2026-01-21 23:00:00,185.089,185.111,184.982,184.984,2107.0
2026-01-22 00:00:00,184.897,184.99,184.806,184.972,1938.0
2026-01-22 01:00:00,184.972,185.0,184.833,184.965,2958.0
2026-01-22 02:00:00,184.966,185.052,184.803,184.941,6174.0
2026-01-22 03:00:00,184.941,185.122,184.883,185.093,5920.0
2026-01-22 04:00:00,185.092,185.204,185.062,185.178,4588.0
2026-01-22 05:00:00,185.179,185.366,185.132,185.339,4325.0
2026-01-22 06:00:00,185.339,185.57,185.335,185.483,3957.0
2026-01-22 07:00:00,185.484,185.558,185.403,185.51,4837.0
2026-01-22 08:00:00,185.511,185.68,185.509,185.591,5048.0
2026-01-22 09:00:00,185.591,185.764,185.583,185.624,6816.0
2026-01-22 10:00:00,185.624,185.706,185.533,185.588,7748.0
2026-01-22 11:00:00,185.588,185.614,185.456,185.559,7209.0
2026-01-22 12:00:00,185.56,185.588,185.489,185.529,5741.0
2026-01-22 13:00:00,185.529,185.659,185.47,185.591,7027.0
2026-01-22 14:00:00,185.589,185.897,185.536,185.88,6865.0
2026-01-22 15:00:00,185.881,185.962,185.814,185.901,8643.0
2026-01-22 16:00:00,185.901,186.013,185.796,185.893,8482.0
2026-01-22 17:00:00,185.894,185.944,185.706,185.858,9619.0
2026-01-22 18:00:00,185.858,185.994,185.833,185.897,8079.0
2026-01-22 19:00:00,185.899,185.975,185.755,185.957,5631.0
2026-01-22 20:00:00,185.957,185.99,185.915,185.973,3736.0
2026-01-22 21:00:00,185.973,186.106,185.945,186.032,3514.0
2026-01-22 22:00:00,186.029,186.146,186.001,186.145,2741.0
2026-01-22 23:00:00,186.143,186.235,186.094,186.223,2309.0
2026-01-23 00:00:00,186.155,186.192,185.984,186.185,1197.0
2026-01-23 01:00:00,186.198,186.329,186.169,186.28,2573.0
2026-01-23 02:00:00,186.281,186.32,186.176,186.233,5026.0
2026-01-23 03:00:00,186.233,186.425,186.223,186.394,5057.0
2026-01-23 04:00:00,186.393,186.415,186.166,186.282,3822.0
2026-01-23 05:00:00,186.272,186.456,186.201,186.29,4485.0
2026-01-23 06:00:00,186.29,186.364,186.248,186.29,3232.0
2026-01-23 07:00:00,186.291,186.41,186.237,186.399,3590.0
2026-01-23 08:00:00,186.398,186.64,186.254,186.544,6451.0
2026-01-23 09:00:00,186.549,186.873,184.824,185.884,11330.0
2026-01-23 10:00:00,185.888,186.001,185.549,185.648,10264.0
2026-01-23 11:00:00,185.648,185.659,185.363,185.422,9201.0
2026-01-23 12:00:00,185.422,185.658,185.406,185.627,6772.0
2026-01-23 13:00:00,185.631,185.819,185.576,185.604,7092.0
2026-01-23 14:00:00,185.605,185.816,185.57,185.707,5553.0
2026-01-23 15:00:00,185.709,185.789,185.647,185.711,6160.0
2026-01-23 16:00:00,185.711,185.941,185.711,185.906,7031.0
2026-01-23 17:00:00,185.904,185.989,185.814,185.913,7102.0
2026-01-23 18:00:00,185.911,185.949,185.296,185.465,9597.0
2026-01-23 19:00:00,185.474,185.514,184.204,184.412,13432.0
2026-01-23 20:00:00,184.417,184.542,183.959,184.153,10007.0
2026-01-26 00:00:00,183.478,184.006,183.091,183.695,3741.0
2026-01-26 01:00:00,183.697,184.1,183.601,184.009,8342.0
2026-01-26 02:00:00,184.01,184.089,183.465,183.659,11250.0
2026-01-26 03:00:00,183.66,183.703,183.06,183.116,10502.0
2026-01-26 04:00:00,183.115,183.171,182.726,182.752,9429.0
2026-01-26 05:00:00,182.752,183.052,182.695,182.932,7034.0
2026-01-26 06:00:00,182.927,182.937,182.546,182.668,7550.0
2026-01-26 07:00:00,182.668,182.847,182.597,182.845,6705.0
2026-01-26 08:00:00,182.847,183.005,182.702,182.805,8067.0
2026-01-26 09:00:00,182.806,182.904,182.326,182.611,9513.0
2026-01-26 10:00:00,182.611,182.789,181.914,182.449,11113.0
2026-01-26 11:00:00,182.449,182.653,182.109,182.308,11170.0
2026-01-26 12:00:00,182.311,182.492,182.029,182.131,8878.0
2026-01-26 13:00:00,182.13,182.317,181.782,182.274,9095.0
2026-01-26 14:00:00,182.269,182.609,182.258,182.525,8344.0
2026-01-26 15:00:00,182.525,182.755,182.487,182.654,8860.0
2026-01-26 16:00:00,182.654,182.724,182.509,182.629,9719.0
2026-01-26 17:00:00,182.628,182.955,182.502,182.955,9713.0
2026-01-26 18:00:00,182.971,183.103,182.853,182.905,9467.0
2026-01-26 19:00:00,182.905,183.059,182.874,182.903,5925.0
2026-01-26 20:00:00,182.902,183.175,182.901,183.128,5809.0
2026-01-26 21:00:00,183.128,183.164,182.977,182.986,6352.0
2026-01-26 22:00:00,182.986,183.109,182.83,183.092,5484.0
2026-01-26 23:00:00,183.092,183.212,183.077,183.196,2600.0
2026-01-27 00:00:00,183.116,183.173,182.948,183.07,1388.0
2026-01-27 01:00:00,183.1,183.334,183.057,183.317,2962.0
2026-01-27 02:00:00,183.313,183.375,183.086,183.25,6893.0
2026-01-27 03:00:00,183.246,183.352,183.205,183.343,6863.0
2026-01-27 04:00:00,183.343,183.472,183.276,183.469,5804.0
2026-01-27 05:00:00,183.468,183.584,183.342,183.442,5353.0
2026-01-27 06:00:00,183.444,183.58,183.398,183.552,5647.0
2026-01-27 07:00:00,183.551,183.602,183.402,183.496,5235.0
2026-01-27 08:00:00,183.496,183.595,183.378,183.455,5520.0
2026-01-27 09:00:00,183.452,183.69,183.403,183.57,7507.0
2026-01-27 10:00:00,183.569,183.593,183.408,183.493,8531.0
2026-01-27 11:00:00,183.493,183.552,182.098,182.784,8392.0
2026-01-27 12:00:00,182.788,183.13,182.514,182.784,11104.0
2026-01-27 13:00:00,182.784,182.915,182.581,182.865,7619.0
2026-01-27 14:00:00,182.865,182.973,182.725,182.862,11355.0
2026-01-27 15:00:00,182.861,182.956,182.558,182.73,12082.0
2026-01-27 16:00:00,182.73,183.132,182.671,183.011,11140.0
2026-01-27 17:00:00,183.009,183.288,182.918,183.136,12541.0
2026-01-27 18:00:00,183.137,183.434,183.125,183.333,10114.0
2026-01-27 19:00:00,183.332,183.4,182.748,183.014,8577.0
2026-01-27 20:00:00,183.014,183.054,182.874,182.978,7020.0
2026-01-27 21:00:00,182.978,183.041,182.888,182.908,4818.0
2026-01-27 22:00:00,182.909,183.769,182.814,183.31,10331.0
2026-01-27 23:00:00,183.31,183.442,183.173,183.214,8086.0
2026-01-28 00:00:00,183.147,183.43,183.118,183.367,1913.0
2026-01-28 01:00:00,183.367,183.47,183.184,183.338,5345.0
2026-01-28 02:00:00,183.338,183.474,183.157,183.39,8976.0
2026-01-28 03:00:00,183.39,183.571,183.328,183.479,8219.0
2026-01-28 04:00:00,183.481,183.529,183.339,183.372,6434.0
2026-01-28 05:00:00,183.362,183.399,183.156,183.222,5327.0
2026-01-28 06:00:00,183.222,183.292,183.04,183.072,5121.0
2026-01-28 07:00:00,183.071,183.167,182.762,183.109,6599.0
2026-01-28 08:00:00,183.109,183.24,183.079,183.107,7119.0
2026-01-28 09:00:00,183.107,183.189,182.956,183.047,8801.0
2026-01-28 10:00:00,183.044,183.13,182.796,182.858,10510.0
2026-01-28 11:00:00,182.862,183.06,182.84,183.051,8533.0
2026-01-28 12:00:00,183.05,183.064,182.737,182.917,8105.0
2026-01-28 13:00:00,182.917,182.942,182.627,182.639,7328.0
2026-01-28 14:00:00,182.638,182.778,182.573,182.772,8040.0
2026-01-28 15:00:00,182.77,182.824,182.594,182.772,9019.0
2026-01-28 16:00:00,182.772,182.92,182.698,182.819,10176.0
2026-01-28 17:00:00,182.821,183.531,182.735,183.291,16200.0
2026-01-28 18:00:00,183.289,183.574,183.273,183.409,11107.0
2026-01-28 19:00:00,183.409,183.487,183.261,183.329,6944.0
2026-01-28 20:00:00,183.33,183.526,183.303,183.356,6491.0
2026-01-28 21:00:00,183.355,183.525,183.146,183.277,11759.0
2026-01-28 22:00:00,183.277,183.304,183.158,183.22,7299.0
2026-01-28 23:00:00,183.218,183.397,183.175,183.37,3533.0
2026-01-29 00:00:00,183.379,183.419,183.259,183.401,1318.0
2026-01-29 01:00:00,183.401,183.482,183.208,183.402,5391.0
2026-01-29 02:00:00,183.4,183.446,183.084,183.308,8970.0
2026-01-29 03:00:00,183.308,183.433,183.187,183.319,9309.0
2026-01-29 04:00:00,183.319,183.403,183.161,183.327,7340.0
2026-01-29 05:00:00,183.326,183.405,183.245,183.304,6079.0
2026-01-29 06:00:00,183.304,183.519,183.288,183.417,6199.0
2026-01-29 07:00:00,183.416,183.466,183.33,183.333,5792.0
2026-01-29 08:00:00,183.333,183.494,183.276,183.424,6816.0
2026-01-29 09:00:00,183.428,183.739,183.408,183.574,7785.0
2026-01-29 10:00:00,183.574,183.633,183.389,183.502,9838.0
2026-01-29 11:00:00,183.502,183.555,183.223,183.302,8144.0
2026-01-29 12:00:00,183.301,183.358,183.159,183.233,8423.0
2026-01-29 13:00:00,183.234,183.444,183.2,183.342,7558.0
2026-01-29 14:00:00,183.341,183.344,183.209,183.28,7613.0
2026-01-29 15:00:00,183.279,183.476,183.157,183.328,10410.0
2026-01-29 16:00:00,183.328,183.391,183.111,183.228,11894.0
2026-01-29 17:00:00,183.23,183.289,182.083,182.292,17574.0
2026-01-29 18:00:00,182.296,182.721,182.289,182.591,13300.0
2026-01-29 19:00:00,182.59,182.909,182.584,182.813,9898.0
2026-01-29 20:00:00,182.81,183.121,182.788,182.98,8112.0
2026-01-29 21:00:00,182.978,183.073,182.945,182.949,6056.0
2026-01-29 22:00:00,182.949,183.208,182.949,183.199,5220.0
2026-01-29 23:00:00,183.199,183.314,183.188,183.273,3607.0
2026-01-30 00:00:00,183.234,183.234,182.934,183.092,2234.0
2026-01-30 01:00:00,183.092,183.337,183.03,183.273,3385.0
2026-01-30 02:00:00,183.273,183.381,183.052,183.156,9562.0
2026-01-30 03:00:00,183.157,183.413,183.134,183.227,10839.0
2026-01-30 04:00:00,183.228,183.443,183.035,183.316,12037.0
2026-01-30 05:00:00,183.317,183.524,183.28,183.514,7607.0
2026-01-30 06:00:00,183.513,183.697,183.475,183.546,6091.0
2026-01-30 07:00:00,183.546,183.709,183.501,183.547,7325.0
2026-01-30 08:00:00,183.546,183.605,183.352,183.443,8918.0
2026-01-30 09:00:00,183.443,183.652,183.363,183.606,9679.0
2026-01-30 10:00:00,183.607,183.728,183.352,183.711,10318.0
2026-01-30 11:00:00,183.711,183.821,183.435,183.72,11182.0
2026-01-30 12:00:00,183.721,183.877,183.602,183.779,8886.0
2026-01-30 13:00:00,183.779,183.953,183.72,183.849,8748.0
2026-01-30 14:00:00,183.849,183.914,183.557,183.602,9511.0
2026-01-30 15:00:00,183.604,183.888,183.555,183.888,11010.0
2026-01-30 16:00:00,183.89,184.071,183.754,183.913,11404.0
2026-01-30 17:00:00,183.912,184.03,183.449,183.449,14361.0
2026-01-30 18:00:00,183.449,183.534,183.229,183.441,11534.0
2026-01-30 19:00:00,183.442,183.563,183.325,183.36,9957.0
2026-01-30 20:00:00,183.363,183.484,183.268,183.397,11836.0
2026-02-02 00:00:00,183.442,184.141,183.424,183.937,2509.0
2026-02-02 01:00:00,183.937,184.163,183.802,183.882,8270.0
2026-02-02 02:00:00,183.869,184.216,183.687,184.206,10821.0
2026-02-02 03:00:00,184.206,184.279,184.009,184.037,11055.0
2026-02-02 04:00:00,184.038,184.068,183.806,184.045,9107.0
2026-02-02 05:00:00,184.047,184.094,183.857,183.865,8342.0
2026-02-02 06:00:00,183.865,183.881,183.631,183.687,7950.0
2026-02-02 07:00:00,183.687,183.764,183.443,183.554,8428.0
2026-02-02 08:00:00,183.555,183.625,183.19,183.256,10432.0
2026-02-02 09:00:00,183.253,183.662,183.221,183.62,9067.0
2026-02-02 10:00:00,183.616,183.913,183.511,183.655,9695.0
2026-02-02 11:00:00,183.652,183.68,183.499,183.598,8543.0
2026-02-02 12:00:00,183.597,183.783,183.557,183.62,7199.0
2026-02-02 13:00:00,183.621,183.732,183.597,183.609,6576.0
2026-02-02 14:00:00,183.609,183.696,183.551,183.602,7499.0
2026-02-02 15:00:00,183.6,183.624,183.472,183.489,9154.0
2026-02-02 16:00:00,183.488,183.712,183.37,183.558,9465.0
2026-02-02 17:00:00,183.441,183.754,183.441,183.569,12118.0
2026-02-02 18:00:00,183.568,183.663,183.506,183.595,8799.0
2026-02-02 19:00:00,183.595,183.657,183.444,183.496,6975.0
2026-02-02 20:00:00,183.497,183.546,183.339,183.368,5915.0
2026-02-02 21:00:00,183.367,183.517,183.364,183.464,4458.0
2026-02-02 22:00:00,183.463,183.487,183.359,183.452,4223.0
2026-02-02 23:00:00,183.451,183.502,183.4,183.452,2754.0
2026-02-03 00:00:00,183.476,183.476,183.264,183.375,2388.0
2026-02-03 01:00:00,183.41,183.506,183.351,183.435,3057.0
2026-02-03 02:00:00,183.435,183.669,183.43,183.55,5848.0
2026-02-03 03:00:00,183.549,183.732,183.505,183.674,6023.0
2026-02-03 04:00:00,183.674,183.674,183.468,183.558,5063.0
2026-02-03 05:00:00,183.558,183.633,183.476,183.607,5029.0
2026-02-03 06:00:00,183.605,183.678,183.473,183.534,4291.0
2026-02-03 07:00:00,183.533,183.597,183.488,183.543,3713.0
2026-02-03 08:00:00,183.543,183.696,183.482,183.605,4630.0
2026-02-03 09:00:00,183.604,183.767,183.57,183.617,6839.0
2026-02-03 10:00:00,183.613,183.8,183.56,183.729,7759.0
2026-02-03 11:00:00,183.729,183.885,183.656,183.81,7552.0
2026-02-03 12:00:00,183.81,183.867,183.736,183.795,5697.0
2026-02-03 13:00:00,183.793,183.894,183.768,183.822,4898.0
2026-02-03 14:00:00,183.822,183.956,183.795,183.879,6087.0
2026-02-03 15:00:00,183.882,183.945,183.82,183.878,7425.0
2026-02-03 16:00:00,183.879,183.958,183.771,183.783,9075.0
2026-02-03 17:00:00,183.785,184.004,183.729,183.941,10236.0
2026-02-03 18:00:00,183.942,184.089,183.924,184.017,7870.0
2026-02-03 19:00:00,184.017,184.069,183.881,184.006,6762.0
2026-02-03 20:00:00,184.008,184.063,183.802,183.805,5715.0
2026-02-03 21:00:00,183.802,184.064,183.782,184.022,5085.0
2026-02-03 22:00:00,184.026,184.106,183.988,184.085,3923.0
2026-02-03 23:00:00,184.085,184.192,184.075,184.103,2530.0
2026-02-04 00:00:00,184.013,184.078,183.845,184.026,2176.0
2026-02-04 01:00:00,184.024,184.147,184.006,184.093,2443.0
2026-02-04 02:00:00,184.093,184.347,184.03,184.33,5091.0
2026-02-04 03:00:00,184.329,184.744,184.323,184.645,6229.0
2026-02-04 04:00:00,184.653,184.766,184.641,184.737,4264.0
2026-02-04 05:00:00,184.738,184.91,184.733,184.877,3797.0
2026-02-04 06:00:00,184.877,184.967,184.829,184.963,3033.0
2026-02-04 07:00:00,184.963,185.052,184.897,184.945,3217.0
2026-02-04 08:00:00,184.945,185.028,184.881,184.964,4250.0
2026-02-04 09:00:00,184.965,185.118,184.948,185.079,5056.0
2026-02-04 10:00:00,185.078,185.163,184.977,185.081,6515.0
2026-02-04 11:00:00,185.081,185.127,184.988,185.062,6152.0
2026-02-04 12:00:00,185.063,185.168,185.029,185.16,5454.0
2026-02-04 13:00:00,185.16,185.211,185.131,185.211,5633.0
2026-02-04 14:00:00,185.213,185.244,185.12,185.159,5017.0
2026-02-04 15:00:00,185.16,185.239,184.979,184.994,8097.0
2026-02-04 16:00:00,184.995,184.996,184.748,184.826,9800.0
2026-02-04 17:00:00,184.773,185.02,184.74,184.794,11266.0
2026-02-04 18:00:00,184.794,184.909,184.707,184.845,8622.0
2026-02-04 19:00:00,184.849,184.941,184.676,184.837,8605.0
2026-02-04 20:00:00,184.838,185.015,184.799,185.012,5964.0
2026-02-04 21:00:00,185.013,185.209,184.915,185.189,5629.0
2026-02-04 22:00:00,185.189,185.26,185.165,185.224,3604.0
2026-02-04 23:00:00,185.227,185.277,185.17,185.177,2910.0
2026-02-05 00:00:00,185.173,185.173,184.784,185.124,1660.0
2026-02-05 01:00:00,185.124,185.216,185.094,185.169,2953.0
2026-02-05 02:00:00,185.169,185.237,184.966,185.072,4504.0
2026-02-05 03:00:00,185.071,185.28,185.071,185.157,4870.0
2026-02-05 04:00:00,185.156,185.21,184.883,184.896,6964.0
2026-02-05 05:00:00,184.896,184.939,184.693,184.851,5614.0
2026-02-05 06:00:00,184.851,184.934,184.846,184.846,3498.0
2026-02-05 07:00:00,184.846,185.077,184.844,185.075,3198.0
2026-02-05 08:00:00,185.075,185.154,184.894,185.123,5422.0
2026-02-05 09:00:00,185.122,185.495,185.115,185.359,6092.0
2026-02-05 10:00:00,185.358,185.508,185.269,185.314,8055.0
2026-02-05 11:00:00,185.316,185.433,185.258,185.345,7629.0
2026-02-05 12:00:00,185.332,185.418,185.303,185.357,5475.0
2026-02-05 13:00:00,185.356,185.403,185.293,185.335,5205.0
2026-02-05 14:00:00,185.335,185.431,185.061,185.194,10940.0
2026-02-05 15:00:00,185.194,185.198,184.869,184.964,11302.0
2026-02-05 16:00:00,184.959,185.273,184.916,185.091,12563.0
2026-02-05 17:00:00,185.091,185.192,184.555,184.927,13115.0
2026-02-05 18:00:00,184.924,185.186,184.823,185.181,9435.0
2026-02-05 19:00:00,185.182,185.206,185.045,185.047,6120.0
2026-02-05 20:00:00,185.047,185.119,184.965,184.976,4347.0
2026-02-05 21:00:00,184.976,185.068,184.95,185.048,4084.0
2026-02-05 22:00:00,185.043,185.074,184.968,185.007,4067.0
2026-02-05 23:00:00,185.004,185.076,184.898,184.959,3077.0
2026-02-06 00:00:00,184.846,185.003,184.619,184.969,1388.0
2026-02-06 01:00:00,184.969,185.009,184.587,184.659,4487.0
2026-02-06 02:00:00,184.658,184.682,184.355,184.577,8377.0
2026-02-06 03:00:00,184.576,184.701,184.389,184.625,7930.0
2026-02-06 04:00:00,184.628,184.88,184.615,184.752,5129.0
2026-02-06 05:00:00,184.752,184.786,184.682,184.756,3972.0
2026-02-06 06:00:00,184.758,184.809,184.683,184.769,3577.0
2026-02-06 07:00:00,184.771,184.954,184.732,184.95,4183.0
2026-02-06 08:00:00,184.949,185.141,184.942,184.965,5333.0
2026-02-06 09:00:00,184.966,184.996,184.761,184.995,5410.0
2026-02-06 10:00:00,184.994,185.135,184.833,185.128,6950.0
2026-02-06 11:00:00,185.128,185.28,185.118,185.196,5763.0
2026-02-06 12:00:00,185.197,185.288,185.037,185.083,4279.0
2026-02-06 13:00:00,185.084,185.239,185.078,185.159,5228.0
2026-02-06 14:00:00,185.147,185.297,185.095,185.237,4632.0
2026-02-06 15:00:00,185.237,185.41,185.231,185.341,5981.0
2026-02-06 16:00:00,185.341,185.474,185.301,185.418,7827.0
2026-02-06 17:00:00,185.415,185.527,185.357,185.369,8854.0
2026-02-06 18:00:00,185.372,185.646,185.367,185.574,6397.0
2026-02-06 19:00:00,185.575,185.627,185.536,185.602,4429.0
2026-02-06 20:00:00,185.601,185.708,185.588,185.663,3368.0
2026-02-09 00:00:00,186.087,186.12,185.29,185.973,3366.0
2026-02-09 01:00:00,185.973,186.236,185.731,185.986,6210.0
2026-02-09 02:00:00,185.985,186.01,185.399,185.616,9158.0
2026-02-09 03:00:00,185.612,185.64,184.858,185.233,8892.0
2026-02-09 04:00:00,185.232,185.541,185.228,185.382,5248.0
2026-02-09 05:00:00,185.384,185.497,185.345,185.412,4112.0
2026-02-09 06:00:00,185.414,185.453,185.242,185.322,3872.0
2026-02-09 07:00:00,185.325,185.409,185.238,185.333,3700.0
2026-02-09 08:00:00,185.333,185.539,185.184,185.519,7597.0
2026-02-09 09:00:00,185.518,185.685,185.33,185.671,6908.0
2026-02-09 10:00:00,185.67,185.917,185.647,185.792,7817.0
2026-02-09 11:00:00,185.792,185.878,185.644,185.823,7426.0
2026-02-09 12:00:00,185.823,185.944,185.751,185.837,8196.0
2026-02-09 13:00:00,185.836,185.878,185.667,185.721,8171.0
2026-02-09 14:00:00,185.722,185.934,185.637,185.807,7148.0
2026-02-09 15:00:00,185.809,185.839,185.611,185.624,9819.0
2026-02-09 16:00:00,185.623,185.634,185.309,185.468,10602.0
2026-02-09 17:00:00,185.465,185.677,185.454,185.658,8730.0
2026-02-09 18:00:00,185.659,185.767,185.608,185.714,6595.0
2026-02-09 19:00:00,185.713,185.848,185.665,185.737,4388.0
2026-02-09 20:00:00,185.737,185.854,185.73,185.786,4500.0
2026-02-09 21:00:00,185.787,185.805,185.553,185.615,4309.0
2026-02-09 22:00:00,185.616,185.745,185.611,185.727,3161.0
2026-02-09 23:00:00,185.724,185.766,185.669,185.743,2146.0
2026-02-10 00:00:00,185.647,185.867,185.423,185.633,2138.0
2026-02-10 01:00:00,185.633,185.892,185.626,185.856,2682.0
2026-02-10 02:00:00,185.857,185.998,185.634,185.653,4998.0
2026-02-10 03:00:00,185.654,185.694,185.404,185.419,6294.0
2026-02-10 04:00:00,185.421,185.562,185.08,185.113,4991.0
2026-02-10 05:00:00,185.114,185.13,184.866,185.028,4633.0
2026-02-10 06:00:00,185.028,185.032,184.754,184.877,3654.0
2026-02-10 07:00:00,184.877,184.949,184.675,184.936,3802.0
2026-02-10 08:00:00,184.936,185.056,184.898,184.993,4490.0
2026-02-10 09:00:00,184.997,185.276,184.863,185.259,5232.0
2026-02-10 10:00:00,185.263,185.326,185.123,185.254,6261.0
2026-02-10 11:00:00,185.255,185.261,184.975,185.022,6005.0
2026-02-10 12:00:00,185.022,185.035,184.738,184.781,5412.0
2026-02-10 13:00:00,184.784,184.862,184.738,184.843,4565.0
2026-02-10 14:00:00,184.843,184.866,184.551,184.558,6646.0
2026-02-10 15:00:00,184.566,184.587,184.192,184.255,8655.0
2026-02-10 16:00:00,184.258,184.312,183.774,183.963,10068.0
2026-02-10 17:00:00,183.961,183.966,183.492,183.735,10567.0
2026-02-10 18:00:00,183.733,183.775,183.448,183.574,8234.0
2026-02-10 19:00:00,183.574,183.696,183.49,183.657,5284.0
2026-02-10 20:00:00,183.657,183.796,183.647,183.74,4370.0
2026-02-10 21:00:00,183.742,183.785,183.64,183.676,3665.0
2026-02-10 22:00:00,183.676,183.688,183.537,183.597,3260.0
2026-02-10 23:00:00,183.599,183.699,183.546,183.628,1901.0
2026-02-11 00:00:00,183.643,183.643,183.442,183.563,1902.0
2026-02-11 01:00:00,183.569,183.7,183.556,183.666,2009.0
2026-02-11 02:00:00,183.666,183.678,183.251,183.27,5095.0
2026-02-11 03:00:00,183.269,183.295,183.076,183.202,5256.0
2026-02-11 04:00:00,183.203,183.23,182.926,182.929,5056.0
2026-02-11 05:00:00,182.93,183.035,182.885,182.91,3918.0
2026-02-11 06:00:00,182.91,182.928,182.535,182.565,3572.0
2026-02-11 07:00:00,182.565,182.639,182.332,182.397,4363.0
2026-02-11 08:00:00,182.396,182.481,182.213,182.471,6297.0
2026-02-11 09:00:00,182.471,182.663,182.4,182.469,6409.0
2026-02-11 10:00:00,182.469,182.675,182.383,182.53,7177.0
2026-02-11 11:00:00,182.53,182.739,182.473,182.592,6345.0
2026-02-11 12:00:00,182.591,182.814,182.556,182.773,5470.0
2026-02-11 13:00:00,182.777,182.861,182.687,182.786,5617.0
2026-02-11 14:00:00,182.786,182.879,182.731,182.784,6453.0
2026-02-11 15:00:00,182.786,183.009,181.469,182.479,14003.0
2026-02-11 16:00:00,182.479,182.638,181.881,181.994,13829.0
2026-02-11 17:00:00,182.001,182.217,181.81,182.182,12024.0
2026-02-11 18:00:00,182.181,182.227,181.725,181.734,8749.0
2026-02-11 19:00:00,181.734,181.819,181.433,181.65,8081.0
2026-02-11 20:00:00,181.651,181.739,181.336,181.451,6070.0
2026-02-11 21:00:00,181.452,181.694,181.449,181.693,5297.0
2026-02-11 22:00:00,181.694,181.932,181.676,181.875,3967.0
2026-02-11 23:00:00,181.876,181.986,181.873,181.928,2556.0
2026-02-12 00:00:00,181.915,181.936,181.689,181.782,2040.0
2026-02-12 01:00:00,181.784,182.036,181.716,182.004,2737.0
2026-02-12 02:00:00,182.004,182.132,181.824,181.848,6184.0
2026-02-12 03:00:00,181.846,181.882,181.516,181.604,7172.0
2026-02-12 04:00:00,181.603,181.65,181.173,181.2,5998.0
2026-02-12 05:00:00,181.199,181.199,180.849,181.081,6272.0
2026-02-12 06:00:00,181.081,181.316,180.944,181.315,4945.0
2026-02-12 07:00:00,181.315,181.681,181.287,181.653,5035.0
2026-02-12 08:00:00,181.654,182.011,181.504,181.839,8481.0
2026-02-12 09:00:00,181.838,181.897,181.493,181.697,6689.0
2026-02-12 10:00:00,181.694,181.765,181.498,181.665,7392.0
2026-02-12 11:00:00,181.666,181.829,181.604,181.768,6882.0
2026-02-12 12:00:00,181.767,181.859,181.671,181.859,6006.0
2026-02-12 13:00:00,181.86,182.218,181.816,182.199,4771.0
2026-02-12 14:00:00,182.196,182.515,182.16,182.452,6825.0
2026-02-12 15:00:00,182.464,182.536,182.095,182.156,7647.0
2026-02-12 16:00:00,182.156,182.216,181.796,181.848,9025.0
2026-02-12 17:00:00,181.849,181.849,181.396,181.436,9608.0
2026-02-12 18:00:00,181.435,181.493,180.802,181.21,14078.0
2026-02-12 19:00:00,181.211,181.393,181.089,181.364,9369.0
2026-02-12 20:00:00,181.367,181.468,181.218,181.426,7592.0
2026-02-12 21:00:00,181.426,181.529,181.367,181.494,4905.0
2026-02-12 22:00:00,181.495,181.504,181.231,181.232,4400.0
2026-02-12 23:00:00,181.233,181.36,181.231,181.303,2305.0
2026-02-13 00:00:00,181.288,181.329,181.098,181.265,2018.0
2026-02-13 01:00:00,181.259,181.422,181.206,181.351,3170.0
2026-02-13 02:00:00,181.347,181.537,181.295,181.367,6719.0
2026-02-13 03:00:00,181.368,181.94,181.364,181.884,6533.0
2026-02-13 04:00:00,181.879,181.92,181.668,181.787,3943.0
2026-02-13 05:00:00,181.787,181.792,181.421,181.505,3749.0
2026-02-13 06:00:00,181.502,181.808,181.384,181.805,3805.0
2026-02-13 07:00:00,181.806,181.922,181.585,181.793,4960.0
2026-02-13 08:00:00,181.796,181.908,181.602,181.873,6094.0
2026-02-13 09:00:00,181.873,182.007,181.784,181.912,6319.0
2026-02-13 10:00:00,181.901,182.215,181.878,182.187,7214.0
2026-02-13 11:00:00,182.188,182.283,182.061,182.074,5785.0
2026-02-13 12:00:00,182.073,182.143,181.925,181.941,5280.0
2026-02-13 13:00:00,181.94,181.967,181.682,181.86,6224.0
2026-02-13 14:00:00,181.86,181.894,181.767,181.776,6115.0
2026-02-13 15:00:00,181.78,181.873,181.622,181.756,10623.0
2026-02-13 16:00:00,181.757,181.782,181.242,181.496,12281.0
2026-02-13 17:00:00,181.498,181.766,181.317,181.43,11929.0
2026-02-13 18:00:00,181.43,181.602,181.31,181.344,8673.0
2026-02-13 19:00:00,181.343,181.529,181.3,181.454,6553.0
2026-02-13 20:00:00,181.456,181.574,181.423,181.467,4443.0
2026-02-16 00:00:00,181.185,181.224,181.063,181.181,1278.0
2026-02-16 01:00:00,181.184,181.363,181.133,181.325,2914.0
2026-02-16 02:00:00,181.323,181.61,181.288,181.595,4981.0
2026-02-16 03:00:00,181.595,181.658,181.486,181.565,4625.0
2026-02-16 04:00:00,181.563,181.646,181.528,181.551,3729.0
2026-02-16 05:00:00,181.551,181.668,181.541,181.651,2829.0
2026-02-16 06:00:00,181.651,181.785,181.561,181.773,3111.0
2026-02-16 07:00:00,181.773,181.79,181.703,181.759,2332.0
2026-02-16 08:00:00,181.762,181.798,181.696,181.714,2692.0
2026-02-16 09:00:00,181.714,181.939,181.701,181.91,4513.0
2026-02-16 10:00:00,181.91,182.072,181.851,181.942,6814.0
2026-02-16 11:00:00,181.942,182.253,181.909,182.199,5360.0
2026-02-16 12:00:00,182.199,182.297,182.158,182.191,4639.0
2026-02-16 13:00:00,182.191,182.213,181.918,181.919,4218.0
2026-02-16 14:00:00,181.919,181.937,181.741,181.792,3524.0
2026-02-16 15:00:00,181.794,181.854,181.696,181.776,3991.0
2026-02-16 16:00:00,181.776,181.837,181.734,181.826,4099.0
2026-02-16 17:00:00,181.825,181.922,181.732,181.912,4157.0
2026-02-16 18:00:00,181.912,181.992,181.875,181.915,3441.0
2026-02-16 19:00:00,181.915,182.01,181.82,181.832,1699.0
2026-02-16 20:00:00,181.833,181.922,181.832,181.895,982.0
2026-02-16 21:00:00,181.894,181.949,181.88,181.938,776.0
2026-02-16 22:00:00,181.937,181.958,181.91,181.957,764.0
2026-02-16 23:00:00,181.958,181.98,181.915,181.934,841.0
2026-02-17 00:00:00,181.681,181.912,181.681,181.896,597.0
2026-02-17 01:00:00,181.943,182.171,181.9,181.969,2491.0
2026-02-17 02:00:00,181.962,182.0,181.415,181.425,7024.0
2026-02-17 03:00:00,181.422,181.658,181.35,181.391,6349.0
2026-02-17 04:00:00,181.39,181.514,181.291,181.342,4804.0
2026-02-17 05:00:00,181.342,181.395,181.196,181.388,4782.0
2026-02-17 06:00:00,181.39,181.408,181.156,181.272,4270.0
2026-02-17 07:00:00,181.275,181.3,181.022,181.122,5196.0
2026-02-17 08:00:00,181.121,181.182,181.036,181.165,4658.0
2026-02-17 09:00:00,181.165,181.165,180.938,181.139,7038.0
2026-02-17 10:00:00,181.139,181.243,180.84,180.841,7776.0
2026-02-17 11:00:00,180.84,181.194,180.816,181.131,5935.0
2026-02-17 12:00:00,181.131,181.317,181.064,181.185,5816.0
2026-02-17 13:00:00,181.185,181.28,181.121,181.17,6210.0
2026-02-17 14:00:00,181.171,181.241,181.037,181.04,5818.0
2026-02-17 15:00:00,181.036,181.324,181.007,181.206,8693.0
2026-02-17 16:00:00,181.206,181.527,181.198,181.435,9775.0
2026-02-17 17:00:00,181.438,181.731,181.41,181.647,11041.0
2026-02-17 18:00:00,181.646,181.79,181.634,181.682,8501.0
2026-02-17 19:00:00,181.682,181.735,181.627,181.7,6258.0
2026-02-17 20:00:00,181.7,181.746,181.643,181.697,5092.0
2026-02-17 21:00:00,181.697,181.727,181.547,181.571,4033.0
2026-02-17 22:00:00,181.571,181.656,181.518,181.653,3102.0
2026-02-17 23:00:00,181.654,181.7,181.615,181.698,1798.0
2026-02-18 00:00:00,181.671,181.704,181.466,181.629,1428.0
2026-02-18 01:00:00,181.63,181.731,181.469,181.472,2732.0
2026-02-18 02:00:00,181.472,181.68,181.413,181.532,5450.0
2026-02-18 03:00:00,181.532,181.782,181.515,181.772,4178.0
2026-02-18 04:00:00,181.771,182.007,181.765,181.835,3585.0
2026-02-18 05:00:00,181.836,181.919,181.76,181.884,3217.0
2026-02-18 06:00:00,181.886,181.9,181.813,181.89,2884.0
2026-02-18 07:00:00,181.892,181.941,181.772,181.779,2402.0
2026-02-18 08:00:00,181.778,181.819,181.689,181.724,3542.0
2026-02-18 09:00:00,181.723,181.892,181.689,181.863,5543.0
2026-02-18 10:00:00,181.865,181.94,181.768,181.871,6587.0
2026-02-18 11:00:00,181.87,181.981,181.853,181.955,5050.0
2026-02-18 12:00:00,181.955,182.066,181.926,181.992,4477.0
2026-02-18 13:00:00,181.992,182.0,181.826,181.91,3887.0
2026-02-18 14:00:00,181.91,182.071,181.862,181.959,4897.0
2026-02-18 15:00:00,181.961,182.105,181.899,182.02,6785.0
2026-02-18 16:00:00,182.02,182.512,182.016,182.412,9730.0
2026-02-18 17:00:00,182.406,182.543,182.348,182.402,7794.0
2026-02-18 18:00:00,182.403,182.46,182.333,182.402,5413.0
2026-02-18 19:00:00,182.402,182.483,182.351,182.439,4298.0
2026-02-18 20:00:00,182.44,182.503,182.426,182.459,4900.0
2026-02-18 21:00:00,182.458,182.515,182.039,182.374,7164.0
2026-02-18 22:00:00,182.374,182.446,182.346,182.429,4023.0
2026-02-18 23:00:00,182.429,182.516,182.406,182.432,1880.0
2026-02-19 00:00:00,182.382,182.49,182.304,182.36,1037.0
2026-02-19 01:00:00,182.363,182.485,182.356,182.356,2041.0
2026-02-19 02:00:00,182.357,182.507,182.277,182.437,5418.0
2026-02-19 03:00:00,182.436,182.811,182.409,182.769,5020.0
2026-02-19 04:00:00,182.769,182.856,182.534,182.763,4419.0
2026-02-19 05:00:00,182.763,183.027,182.714,182.931,4447.0
2026-02-19 06:00:00,182.931,183.035,182.87,182.887,3714.0
2026-02-19 07:00:00,182.887,183.137,182.874,183.133,4106.0
2026-02-19 08:00:00,183.133,183.155,182.872,182.967,4438.0
2026-02-19 09:00:00,182.966,183.113,182.854,182.889,5347.0
2026-02-19 10:00:00,182.889,182.915,182.595,182.71,7454.0
2026-02-19 11:00:00,182.71,182.9,182.64,182.681,6283.0
2026-02-19 12:00:00,182.682,182.704,182.362,182.39,6123.0
2026-02-19 13:00:00,182.392,182.403,182.097,182.168,5759.0
2026-02-19 14:00:00,182.162,182.215,182.011,182.202,5471.0
2026-02-19 15:00:00,182.203,182.275,182.033,182.274,7697.0
2026-02-19 16:00:00,182.276,182.437,182.186,182.417,9603.0
2026-02-19 17:00:00,182.422,182.604,182.335,182.337,10658.0
2026-02-19 18:00:00,182.337,182.355,182.206,182.267,7297.0
2026-02-19 19:00:00,182.267,182.407,182.21,182.401,5557.0
2026-02-19 20:00:00,182.403,182.414,182.265,182.267,4406.0
2026-02-19 21:00:00,182.269,182.458,182.247,182.44,4326.0
2026-02-19 22:00:00,182.439,182.533,182.409,182.521,2601.0
2026-02-19 23:00:00,182.521,182.58,182.44,182.452,2584.0
2026-02-20 00:00:00,182.428,182.464,182.293,182.395,1460.0
2026-02-20 01:00:00,182.404,182.689,182.401,182.65,2445.0
2026-02-20 02:00:00,182.651,182.682,182.355,182.533,4766.0
2026-02-20 03:00:00,182.54,182.643,182.405,182.439,6092.0
2026-02-20 04:00:00,182.439,182.488,182.316,182.441,4478.0
2026-02-20 05:00:00,182.44,182.479,182.362,182.409,2758.0
2026-02-20 06:00:00,182.41,182.451,182.359,182.424,3082.0
2026-02-20 07:00:00,182.424,182.581,182.384,182.557,4066.0
2026-02-20 08:00:00,182.555,182.629,182.377,182.403,4211.0
2026-02-20 09:00:00,182.395,182.747,182.221,182.734,5814.0
2026-02-20 10:00:00,182.733,182.988,182.551,182.949,7022.0
2026-02-20 11:00:00,182.951,183.047,182.818,182.86,5665.0
2026-02-20 12:00:00,182.86,182.873,182.51,182.553,5082.0
2026-02-20 13:00:00,182.552,182.698,182.48,182.662,4431.0
2026-02-20 14:00:00,182.666,182.748,182.627,182.668,4942.0
2026-02-20 15:00:00,182.669,182.94,182.605,182.926,8061.0
2026-02-20 16:00:00,182.926,182.958,182.739,182.849,7828.0
2026-02-20 17:00:00,182.838,183.098,182.504,182.551,16662.0
2026-02-20 18:00:00,182.552,182.651,182.473,182.583,10048.0
2026-02-20 19:00:00,182.585,182.7,182.567,182.591,8494.0
2026-02-20 20:00:00,182.59,182.733,182.59,182.717,8693.0
2026-02-23 00:00:00,182.6,182.75,182.558,182.685,1656.0
2026-02-23 01:00:00,182.671,182.756,182.558,182.639,5743.0
2026-02-23 02:00:00,182.639,182.64,182.245,182.262,6840.0
2026-02-23 03:00:00,182.262,182.404,182.176,182.376,6807.0
2026-02-23 04:00:00,182.375,182.48,182.264,182.402,5241.0
2026-02-23 05:00:00,182.409,182.502,182.373,182.387,3731.0
2026-02-23 06:00:00,182.386,182.542,182.314,182.502,3218.0
2026-02-23 07:00:00,182.502,182.563,182.486,182.538,2917.0
2026-02-23 08:00:00,182.539,182.662,182.441,182.651,4153.0
2026-02-23 09:00:00,182.651,182.786,182.619,182.649,5851.0
2026-02-23 10:00:00,182.645,182.782,182.634,182.73,6629.0
2026-02-23 11:00:00,182.731,182.806,182.647,182.687,5003.0
2026-02-23 12:00:00,182.688,182.752,182.605,182.63,4453.0
2026-02-23 13:00:00,182.63,182.64,182.505,182.59,4587.0
2026-02-23 14:00:00,182.59,182.64,182.432,182.5,5274.0
2026-02-23 15:00:00,182.498,182.529,182.336,182.39,6584.0
2026-02-23 16:00:00,182.391,182.622,182.37,182.451,7768.0
2026-02-23 17:00:00,182.451,182.461,182.066,182.141,8393.0
2026-02-23 18:00:00,182.138,182.199,182.01,182.135,7556.0
2026-02-23 19:00:00,182.134,182.181,181.993,182.159,5515.0
2026-02-23 20:00:00,182.159,182.431,182.151,182.278,4476.0
2026-02-23 21:00:00,182.278,182.358,182.263,182.32,3883.0
2026-02-23 22:00:00,182.32,182.417,182.31,182.388,2882.0
2026-02-23 23:00:00,182.388,182.44,182.238,182.266,2313.0
2026-02-24 00:00:00,182.182,182.267,182.116,182.207,1563.0
2026-02-24 01:00:00,182.204,182.416,182.157,182.393,2603.0
2026-02-24 02:00:00,182.393,182.565,182.364,182.556,5095.0
2026-02-24 03:00:00,182.555,182.682,182.505,182.582,6584.0
2026-02-24 04:00:00,182.582,182.706,182.486,182.547,4635.0
2026-02-24 05:00:00,182.545,182.668,182.514,182.65,3423.0
2026-02-24 06:00:00,182.651,182.779,182.621,182.717,3998.0
2026-02-24 07:00:00,182.717,182.84,182.68,182.784,3572.0
2026-02-24 08:00:00,182.784,182.803,182.558,182.564,4233.0
2026-02-24 09:00:00,182.564,183.923,182.52,183.872,9472.0
2026-02-24 10:00:00,183.873,184.182,183.742,183.769,8294.0
2026-02-24 11:00:00,183.768,183.803,183.582,183.718,5543.0
2026-02-24 12:00:00,183.718,183.754,183.63,183.726,4692.0
2026-02-24 13:00:00,183.724,183.727,183.422,183.634,4587.0
2026-02-24 14:00:00,183.634,183.72,183.525,183.65,5079.0
2026-02-24 15:00:00,183.65,183.766,183.5,183.712,6177.0
2026-02-24 16:00:00,183.712,183.801,183.57,183.631,7568.0
2026-02-24 17:00:00,183.631,183.703,183.491,183.547,8330.0
2026-02-24 18:00:00,183.548,183.601,183.411,183.497,6115.0
2026-02-24 19:00:00,183.497,183.572,183.452,183.567,4015.0
2026-02-24 20:00:00,183.567,183.569,183.462,183.481,3543.0
2026-02-24 21:00:00,183.481,183.525,183.461,183.486,2813.0
2026-02-24 22:00:00,183.486,183.552,183.471,183.551,2990.0
2026-02-24 23:00:00,183.551,183.602,183.513,183.551,1747.0
2026-02-25 00:00:00,183.45,183.508,183.328,183.433,1477.0
2026-02-25 01:00:00,183.446,183.567,183.411,183.564,1846.0
2026-02-25 02:00:00,183.564,183.674,183.339,183.346,5100.0
2026-02-25 03:00:00,183.346,183.531,183.317,183.482,4873.0
2026-02-25 04:00:00,183.481,183.524,183.195,183.327,5834.0
2026-02-25 05:00:00,183.327,183.915,183.212,183.711,7228.0
2026-02-25 06:00:00,183.712,183.947,183.662,183.688,4012.0
2026-02-25 07:00:00,183.688,183.827,183.598,183.617,4224.0
2026-02-25 08:00:00,183.618,183.898,183.555,183.826,4641.0
2026-02-25 09:00:00,183.826,183.992,183.786,183.939,5433.0
2026-02-25 10:00:00,183.939,184.277,183.936,184.273,6433.0
2026-02-25 11:00:00,184.274,184.679,184.274,184.549,7331.0
2026-02-25 12:00:00,184.55,184.703,184.507,184.671,5223.0
2026-02-25 13:00:00,184.671,184.676,184.528,184.624,4635.0
2026-02-25 14:00:00,184.624,184.763,184.563,184.664,4798.0
2026-02-25 15:00:00,184.665,184.716,184.445,184.483,5651.0
2026-02-25 16:00:00,184.482,184.611,184.39,184.586,7017.0
2026-02-25 17:00:00,184.588,184.602,184.417,184.532,8188.0
2026-02-25 18:00:00,184.533,184.676,184.504,184.504,5614.0
2026-02-25 19:00:00,184.504,184.672,184.49,184.583,4353.0
2026-02-25 20:00:00,184.582,184.654,184.547,184.617,3247.0
2026-02-25 21:00:00,184.619,184.769,184.606,184.688,2865.0
2026-02-25 22:00:00,184.688,184.71,184.608,184.693,2770.0
2026-02-25 23:00:00,184.694,184.731,184.645,184.663,2417.0
2026-02-26 00:00:00,184.636,184.696,184.471,184.575,1557.0
2026-02-26 01:00:00,184.576,184.652,184.455,184.512,3043.0
2026-02-26 02:00:00,184.512,184.581,184.328,184.368,5264.0
2026-02-26 03:00:00,184.369,184.447,184.276,184.303,6361.0
2026-02-26 04:00:00,184.304,184.359,184.21,184.273,4731.0
2026-02-26 05:00:00,184.272,184.326,184.177,184.272,3861.0
2026-02-26 06:00:00,184.269,184.429,184.223,184.251,3568.0
2026-02-26 07:00:00,184.251,184.331,184.079,184.319,4610.0
2026-02-26 08:00:00,184.316,184.422,184.28,184.353,4585.0
2026-02-26 09:00:00,184.36,184.496,184.324,184.381,5426.0
2026-02-26 10:00:00,184.379,184.379,184.058,184.117,6426.0
2026-02-26 11:00:00,184.119,184.158,184.005,184.122,5420.0
2026-02-26 12:00:00,184.12,184.157,183.96,184.009,3785.0
2026-02-26 13:00:00,184.008,184.183,184.004,184.178,3936.0
2026-02-26 14:00:00,184.178,184.369,184.137,184.307,4120.0
2026-02-26 15:00:00,184.306,184.419,184.212,184.376,6432.0
2026-02-26 16:00:00,184.376,184.425,184.083,184.191,7745.0
2026-02-26 17:00:00,184.191,184.285,183.823,184.113,11002.0
2026-02-26 18:00:00,184.112,184.251,184.088,184.109,6727.0
2026-02-26 19:00:00,184.116,184.198,184.084,184.167,5929.0
2026-02-26 20:00:00,184.168,184.314,184.109,184.289,5987.0
2026-02-26 21:00:00,184.29,184.295,184.177,184.182,4037.0
2026-02-26 22:00:00,184.182,184.249,184.164,184.247,3167.0
2026-02-26 23:00:00,184.251,184.28,184.137,184.187,2076.0
2026-02-27 00:00:00,184.053,184.153,183.924,184.135,2797.0
2026-02-27 01:00:00,184.136,184.159,183.911,183.966,2774.0
2026-02-27 02:00:00,183.964,184.072,183.698,183.888,5874.0
2026-02-27 03:00:00,183.888,183.954,183.742,183.904,6193.0
2026-02-27 04:00:00,183.904,183.946,183.761,183.787,3890.0
2026-02-27 05:00:00,183.786,183.929,183.778,183.868,3410.0
2026-02-27 06:00:00,183.868,183.948,183.718,183.767,3558.0
2026-02-27 07:00:00,183.767,184.013,183.755,184.01,3520.0
2026-02-27 08:00:00,184.01,184.079,183.953,184.007,4103.0
2026-02-27 09:00:00,184.007,184.47,184.006,184.419,5379.0
2026-02-27 10:00:00,184.418,184.473,184.3,184.396,6022.0
2026-02-27 11:00:00,184.395,184.457,184.062,184.089,5582.0
2026-02-27 12:00:00,184.089,184.125,184.021,184.037,4156.0
2026-02-27 13:00:00,184.037,184.058,183.929,183.978,3894.0
2026-02-27 14:00:00,183.977,184.101,183.945,183.99,4522.0
2026-02-27 15:00:00,183.989,184.2,183.973,184.166,8241.0
2026-02-27 16:00:00,184.166,184.32,184.128,184.248,8476.0
2026-02-27 17:00:00,184.249,184.423,184.212,184.273,9277.0
2026-02-27 18:00:00,184.272,184.5,184.258,184.491,6986.0
2026-02-27 19:00:00,184.491,184.55,184.356,184.404,5704.0
2026-02-27 20:00:00,184.404,184.419,184.301,184.378,4397.0
2026-03-02 00:00:00,183.571,183.871,183.549,183.768,2524.0
2026-03-02 01:00:00,183.696,184.23,183.696,184.19,8723.0
2026-03-02 02:00:00,184.188,184.395,184.019,184.197,9166.0
2026-03-02 03:00:00,184.198,184.451,184.198,184.212,9532.0
2026-03-02 04:00:00,184.212,184.31,184.132,184.241,6666.0
2026-03-02 05:00:00,184.238,184.33,184.189,184.284,5678.0
2026-03-02 06:00:00,184.284,184.51,184.25,184.486,4842.0
2026-03-02 07:00:00,184.485,184.693,184.458,184.534,5753.0
2026-03-02 08:00:00,184.535,184.557,183.996,184.068,8789.0
2026-03-02 09:00:00,184.068,184.181,183.744,183.923,10116.0
2026-03-02 10:00:00,183.929,184.145,183.904,184.019,10855.0
2026-03-02 11:00:00,184.017,184.236,183.997,184.221,8269.0
2026-03-02 12:00:00,184.221,184.261,184.145,184.203,6684.0
2026-03-02 13:00:00,184.203,184.208,184.053,184.169,6082.0
2026-03-02 14:00:00,184.168,184.27,184.098,184.193,8090.0
2026-03-02 15:00:00,184.19,184.469,184.173,184.274,9805.0
2026-03-02 16:00:00,184.272,184.574,184.205,184.537,11156.0
2026-03-02 17:00:00,184.538,184.616,184.166,184.234,10950.0
2026-03-02 18:00:00,184.232,184.233,183.881,184.095,9706.0
2026-03-02 19:00:00,184.096,184.241,184.026,184.224,7434.0
2026-03-02 20:00:00,184.224,184.227,184.002,184.04,5241.0
2026-03-02 21:00:00,184.041,184.12,183.99,184.041,5695.0
2026-03-02 22:00:00,184.042,184.051,183.851,183.943,8491.0
2026-03-02 23:00:00,183.941,184.065,183.889,183.939,3490.0
2026-03-03 00:00:00,183.91,184.002,183.812,183.918,1472.0
2026-03-03 01:00:00,183.927,184.007,183.861,183.918,3435.0
2026-03-03 02:00:00,183.919,184.176,183.812,184.176,6063.0
2026-03-03 03:00:00,184.178,184.33,183.974,183.978,7599.0
2026-03-03 04:00:00,183.977,184.055,183.846,183.895,7090.0
2026-03-03 05:00:00,183.897,183.959,183.809,183.868,5073.0
2026-03-03 06:00:00,183.868,183.909,183.795,183.858,4912.0
2026-03-03 07:00:00,183.864,183.933,183.597,183.629,6222.0
2026-03-03 08:00:00,183.628,183.701,183.414,183.466,7053.0
2026-03-03 09:00:00,183.466,183.525,183.159,183.28,9252.0
2026-03-03 10:00:00,183.285,183.402,183.032,183.075,11754.0
2026-03-03 11:00:00,183.073,183.259,182.876,182.987,10610.0
2026-03-03 12:00:00,182.989,183.099,182.923,182.966,9947.0
2026-03-03 13:00:00,182.966,183.177,182.86,182.871,11168.0
2026-03-03 14:00:00,182.869,183.123,182.795,183.066,10411.0
2026-03-03 15:00:00,183.065,183.096,182.896,182.903,10120.0
2026-03-03 16:00:00,182.902,183.071,182.421,182.436,12952.0
2026-03-03 17:00:00,182.436,182.859,182.025,182.67,16170.0
2026-03-03 18:00:00,182.671,183.01,182.67,182.977,14285.0
2026-03-03 19:00:00,182.978,183.024,182.809,182.94,11308.0
2026-03-03 20:00:00,182.942,183.136,182.942,183.123,9114.0
2026-03-03 21:00:00,183.123,183.2,183.023,183.091,9739.0
2026-03-03 22:00:00,183.09,183.174,183.011,183.159,7843.0
2026-03-03 23:00:00,183.159,183.194,183.087,183.107,3798.0
2026-03-04 00:00:00,183.145,183.145,182.678,182.947,2047.0
2026-03-04 01:00:00,182.949,183.219,182.936,183.174,3763.0
2026-03-04 02:00:00,183.178,183.225,182.602,182.631,8706.0
2026-03-04 03:00:00,182.632,182.829,182.56,182.708,9332.0
2026-03-04 04:00:00,182.709,182.834,182.644,182.787,7678.0
2026-03-04 05:00:00,182.787,182.839,182.661,182.728,6013.0
2026-03-04 06:00:00,182.728,182.728,182.375,182.444,6179.0
2026-03-04 07:00:00,182.444,182.728,182.423,182.701,6275.0
2026-03-04 08:00:00,182.71,182.915,182.684,182.792,6946.0
2026-03-04 09:00:00,182.795,182.984,182.715,182.907,7866.0
2026-03-04 10:00:00,182.907,182.908,182.517,182.581,10018.0
2026-03-04 11:00:00,182.58,182.806,182.454,182.49,8808.0
2026-03-04 12:00:00,182.488,183.039,182.475,182.991,10611.0
2026-03-04 13:00:00,182.99,183.127,182.786,182.926,7864.0
2026-03-04 14:00:00,182.926,182.986,182.838,182.957,7904.0
2026-03-04 15:00:00,182.96,183.068,182.917,182.949,9439.0
2026-03-04 16:00:00,182.95,183.072,182.766,182.822,11192.0
2026-03-04 17:00:00,182.81,183.04,182.775,182.888,11150.0
2026-03-04 18:00:00,182.889,182.919,182.587,182.636,7967.0
2026-03-04 19:00:00,182.635,182.678,182.477,182.61,6218.0
2026-03-04 20:00:00,182.61,182.727,182.587,182.687,5087.0
2026-03-04 21:00:00,182.688,182.75,182.628,182.744,4498.0
2026-03-04 22:00:00,182.746,182.881,182.718,182.852,4201.0
2026-03-04 23:00:00,182.853,182.867,182.683,182.722,2950.0
2026-03-05 00:00:00,182.641,182.73,182.512,182.64,806.0
2026-03-05 01:00:00,182.687,182.779,182.642,182.645,2984.0
2026-03-05 02:00:00,182.646,182.647,182.288,182.323,5982.0
2026-03-05 03:00:00,182.323,182.45,182.171,182.289,8900.0
2026-03-05 04:00:00,182.289,182.478,182.226,182.469,6724.0
2026-03-05 05:00:00,182.467,182.501,182.22,182.319,6837.0
2026-03-05 06:00:00,182.314,182.425,182.31,182.394,5326.0
2026-03-05 07:00:00,182.394,182.483,182.243,182.257,6161.0
2026-03-05 08:00:00,182.258,182.352,182.158,182.274,7918.0
2026-03-05 09:00:00,182.274,182.512,182.186,182.499,7865.0
2026-03-05 10:00:00,182.496,182.501,182.105,182.424,9247.0
2026-03-05 11:00:00,182.421,182.724,182.401,182.656,13055.0
2026-03-05 12:00:00,182.66,182.763,182.555,182.631,7471.0
2026-03-05 13:00:00,182.631,182.707,182.582,182.704,6646.0
2026-03-05 14:00:00,182.71,182.978,182.678,182.956,7205.0
2026-03-05 15:00:00,182.953,183.09,182.854,182.963,9149.0
2026-03-05 16:00:00,182.962,183.022,182.742,182.816,10914.0
2026-03-05 17:00:00,182.825,182.827,182.48,182.572,11533.0
2026-03-05 18:00:00,182.569,182.574,182.358,182.542,11172.0
2026-03-05 19:00:00,182.542,182.8,182.492,182.729,10787.0
2026-03-05 20:00:00,182.729,182.881,182.569,182.747,10010.0
2026-03-05 21:00:00,182.747,182.766,182.609,182.634,7419.0
2026-03-05 22:00:00,182.634,182.852,182.626,182.841,9985.0
2026-03-05 23:00:00,182.841,182.891,182.781,182.877,3916.0
2026-03-06 00:00:00,182.676,182.921,182.672,182.775,1496.0
2026-03-06 01:00:00,182.774,182.95,182.751,182.882,3198.0
2026-03-06 02:00:00,182.882,182.951,182.724,182.83,6284.0
2026-03-06 03:00:00,182.829,182.979,182.8,182.917,7567.0
2026-03-06 04:00:00,182.916,183.033,182.914,182.961,4531.0
2026-03-06 05:00:00,182.961,183.01,182.947,183.008,3542.0
2026-03-06 06:00:00,183.008,183.13,182.995,183.106,3297.0
2026-03-06 07:00:00,183.106,183.248,183.093,183.199,5249.0
2026-03-06 08:00:00,183.199,183.265,183.13,183.15,5575.0
2026-03-06 09:00:00,183.151,183.179,182.962,182.975,5660.0
2026-03-06 10:00:00,182.974,182.992,182.789,182.927,7115.0
2026-03-06 11:00:00,182.927,182.945,182.685,182.713,8699.0
2026-03-06 12:00:00,182.713,182.842,182.708,182.799,6726.0
2026-03-06 13:00:00,182.799,182.823,182.624,182.636,7953.0
2026-03-06 14:00:00,182.635,182.722,182.501,182.573,8049.0
2026-03-06 15:00:00,182.569,182.637,182.342,182.425,13767.0
2026-03-06 16:00:00,182.425,182.675,182.387,182.454,14711.0
2026-03-06 17:00:00,182.454,182.764,182.372,182.481,14112.0
2026-03-06 18:00:00,182.479,182.951,182.475,182.951,12128.0
2026-03-06 19:00:00,182.952,183.08,182.838,182.985,10859.0
2026-03-06 20:00:00,182.983,183.172,182.983,183.037,10048.0
2026-03-09 00:00:00,182.466,182.653,182.46,182.499,1379.0
2026-03-09 01:00:00,182.519,182.839,182.418,182.634,8483.0
2026-03-09 02:00:00,182.635,182.668,182.401,182.555,9340.0
2026-03-09 03:00:00,182.55,182.76,182.465,182.72,9157.0
2026-03-09 04:00:00,182.727,182.763,182.567,182.646,10041.0
2026-03-09 05:00:00,182.646,182.957,182.646,182.907,9206.0
2026-03-09 06:00:00,182.908,183.043,182.834,182.955,7014.0
2026-03-09 07:00:00,182.955,183.101,182.886,182.94,5827.0
2026-03-09 08:00:00,182.939,183.251,182.932,183.199,10596.0
2026-03-09 09:00:00,183.199,183.323,183.076,183.127,9774.0
2026-03-09 10:00:00,183.132,183.258,182.984,183.236,10566.0
2026-03-09 11:00:00,183.238,183.254,182.654,182.977,12405.0
2026-03-09 12:00:00,182.978,183.193,182.868,183.057,12241.0
2026-03-09 13:00:00,183.058,183.266,183.004,183.189,10617.0
2026-03-09 14:00:00,183.19,183.237,183.133,183.211,9462.0
2026-03-09 15:00:00,183.212,183.275,183.076,183.205,9297.0
2026-03-09 16:00:00,183.208,183.4,183.113,183.271,12646.0
2026-03-09 17:00:00,183.27,183.345,183.046,183.301,14088.0
2026-03-09 18:00:00,183.299,183.376,183.13,183.244,10733.0
2026-03-09 19:00:00,183.244,183.362,183.198,183.244,8701.0
2026-03-09 20:00:00,183.246,183.441,183.221,183.34,6769.0
2026-03-09 21:00:00,183.339,183.41,183.288,183.369,5981.0
2026-03-09 22:00:00,183.37,183.477,183.171,183.255,13139.0
2026-03-09 23:00:00,183.256,183.461,183.216,183.44,5862.0
2026-03-10 00:00:00,183.438,183.493,183.311,183.462,1146.0
2026-03-10 01:00:00,183.462,183.635,183.38,183.533,6480.0
2026-03-10 02:00:00,183.533,183.535,183.367,183.398,5284.0
2026-03-10 03:00:00,183.398,183.478,183.171,183.22,9205.0
2026-03-10 04:00:00,183.221,183.284,183.057,183.163,8777.0
2026-03-10 05:00:00,183.163,183.28,183.122,183.272,6630.0
2026-03-10 06:00:00,183.273,183.372,183.248,183.3,5397.0
2026-03-10 07:00:00,183.3,183.329,183.197,183.206,4137.0
2026-03-10 08:00:00,183.207,183.246,183.117,183.183,5036.0
2026-03-10 09:00:00,183.183,183.324,183.152,183.268,5541.0
2026-03-10 10:00:00,183.272,183.441,183.22,183.42,8877.0
2026-03-10 11:00:00,183.416,183.698,183.347,183.651,9144.0
2026-03-10 12:00:00,183.651,183.739,183.624,183.696,7299.0
2026-03-10 13:00:00,183.699,183.765,183.466,183.634,8041.0
2026-03-10 14:00:00,183.634,183.765,183.624,183.654,8258.0
2026-03-10 15:00:00,183.654,183.706,183.496,183.601,9571.0
2026-03-10 16:00:00,183.601,183.695,183.547,183.602,10619.0
2026-03-10 17:00:00,183.609,183.706,183.561,183.684,9759.0
2026-03-10 18:00:00,183.682,183.722,183.564,183.564,8320.0
2026-03-10 19:00:00,183.565,183.629,183.508,183.595,7319.0
2026-03-10 20:00:00,183.595,183.666,183.514,183.532,9413.0
2026-03-10 21:00:00,183.532,183.64,183.446,183.517,13047.0
2026-03-10 22:00:00,183.517,183.632,183.487,183.548,9320.0
2026-03-10 23:00:00,183.549,183.562,183.467,183.475,3645.0
2026-03-11 00:00:00,183.491,183.529,183.402,183.517,1266.0
2026-03-11 01:00:00,183.517,183.576,183.432,183.554,1977.0
2026-03-11 02:00:00,183.553,183.616,183.526,183.579,2759.0
2026-03-11 03:00:00,183.58,183.861,183.531,183.788,6660.0
2026-03-11 04:00:00,183.789,184.054,183.788,184.027,6635.0
2026-03-11 05:00:00,184.027,184.078,183.991,184.033,4714.0
2026-03-11 06:00:00,184.033,184.054,183.966,183.989,3855.0
2026-03-11 07:00:00,183.989,184.075,183.918,183.937,3323.0
2026-03-11 08:00:00,183.936,184.02,183.888,183.997,4390.0
2026-03-11 09:00:00,183.997,184.005,183.726,183.809,5443.0
2026-03-11 10:00:00,183.805,183.992,183.732,183.809,8150.0
2026-03-11 11:00:00,183.805,183.941,183.782,183.941,8051.0
2026-03-11 12:00:00,183.943,183.974,183.632,183.707,8376.0
2026-03-11 13:00:00,183.709,183.847,183.673,183.728,6646.0
2026-03-11 14:00:00,183.728,183.902,183.66,183.774,7496.0
2026-03-11 15:00:00,183.772,183.813,183.638,183.711,10641.0
2026-03-11 16:00:00,183.714,183.761,183.592,183.702,10404.0
2026-03-11 17:00:00,183.7,183.89,183.685,183.793,13596.0
2026-03-11 18:00:00,183.792,183.823,183.703,183.71,8384.0
2026-03-11 19:00:00,183.711,183.807,183.673,183.787,7574.0
2026-03-11 20:00:00,183.786,183.939,183.764,183.81,7654.0
2026-03-11 21:00:00,183.807,183.919,183.793,183.901,5690.0
2026-03-11 22:00:00,183.901,183.971,183.879,183.953,3676.0
2026-03-11 23:00:00,183.953,183.957,183.827,183.856,2427.0
2026-03-12 00:00:00,183.765,183.848,183.716,183.832,1034.0
2026-03-12 01:00:00,183.83,183.857,183.63,183.632,3310.0
2026-03-12 02:00:00,183.632,183.745,183.585,183.63,3658.0
2026-03-12 03:00:00,183.63,183.729,183.54,183.55,6108.0
2026-03-12 04:00:00,183.55,183.579,183.472,183.496,5502.0
2026-03-12 05:00:00,183.497,183.557,183.441,183.535,4543.0
2026-03-12 06:00:00,183.534,183.536,183.431,183.492,3663.0
2026-03-12 07:00:00,183.492,183.559,183.483,183.52,2796.0
2026-03-12 08:00:00,183.52,183.621,183.47,183.611,4975.0
2026-03-12 09:00:00,183.609,183.684,183.483,183.5,5012.0
2026-03-12 10:00:00,183.502,183.61,183.366,183.434,5745.0
2026-03-12 11:00:00,183.434,183.521,183.341,183.471,6552.0
2026-03-12 12:00:00,183.472,183.588,183.446,183.515,5756.0
2026-03-12 13:00:00,183.517,183.552,183.368,183.444,5590.0
2026-03-12 14:00:00,183.441,183.467,183.337,183.388,5755.0
2026-03-12 15:00:00,183.39,183.434,183.24,183.352,7424.0
2026-03-12 16:00:00,183.352,183.466,183.216,183.261,10449.0
2026-03-12 17:00:00,183.263,183.441,183.232,183.385,10411.0
2026-03-12 18:00:00,183.385,183.472,183.32,183.444,11068.0
2026-03-12 19:00:00,183.444,183.523,183.394,183.438,9901.0
2026-03-12 20:00:00,183.437,183.615,183.433,183.558,7455.0
2026-03-12 21:00:00,183.557,183.614,183.483,183.504,5728.0
2026-03-12 22:00:00,183.504,183.604,183.481,183.518,5317.0
2026-03-12 23:00:00,183.521,183.548,183.403,183.412,3063.0
2026-03-13 00:00:00,183.422,183.447,183.097,183.365,955.0
2026-03-13 01:00:00,183.382,183.578,183.381,183.465,4562.0
2026-03-13 02:00:00,183.464,183.531,183.403,183.46,3391.0
2026-03-13 03:00:00,183.461,183.461,183.283,183.33,6044.0
2026-03-13 04:00:00,183.331,183.436,183.324,183.424,5399.0
2026-03-13 05:00:00,183.425,183.512,183.376,183.393,5417.0
2026-03-13 06:00:00,183.392,183.457,183.356,183.406,4150.0
2026-03-13 07:00:00,183.407,183.646,183.365,183.484,4922.0
2026-03-13 08:00:00,183.485,183.487,183.298,183.358,4246.0
2026-03-13 09:00:00,183.359,183.364,183.053,183.068,6062.0
2026-03-13 10:00:00,183.069,183.077,182.596,182.681,8208.0
2026-03-13 11:00:00,182.678,182.678,182.297,182.353,9203.0
2026-03-13 12:00:00,182.354,182.696,182.329,182.655,7257.0
2026-03-13 13:00:00,182.655,182.795,182.613,182.649,6456.0
2026-03-13 14:00:00,182.643,182.84,182.617,182.681,7610.0
2026-03-13 15:00:00,182.677,182.916,182.658,182.883,9242.0
2026-03-13 16:00:00,182.888,182.922,182.613,182.613,9332.0
2026-03-13 17:00:00,182.63,182.768,182.569,182.594,10049.0
2026-03-13 18:00:00,182.595,182.678,182.472,182.565,9905.0
2026-03-13 19:00:00,182.565,182.65,182.524,182.632,8772.0
2026-03-13 20:00:00,182.631,182.689,182.563,182.588,6471.0
2026-03-16 00:00:00,182.166,182.37,182.15,182.318,1292.0
2026-03-16 01:00:00,182.307,182.485,182.248,182.339,4984.0
2026-03-16 02:00:00,182.339,182.475,182.287,182.465,4353.0
2026-03-16 03:00:00,182.464,182.554,182.383,182.473,6193.0
2026-03-16 04:00:00,182.473,182.556,182.409,182.527,6256.0
2026-03-16 05:00:00,182.527,182.723,182.512,182.699,4808.0
2026-03-16 06:00:00,182.699,182.729,182.617,182.637,3576.0
2026-03-16 07:00:00,182.637,182.705,182.56,182.561,3307.0
2026-03-16 08:00:00,182.562,182.584,182.201,182.201,4185.0
2026-03-16 09:00:00,182.201,182.213,182.026,182.097,4949.0
2026-03-16 10:00:00,182.097,182.101,181.867,182.003,6427.0
2026-03-16 11:00:00,182.002,182.377,181.987,182.375,7800.0
2026-03-16 12:00:00,182.375,182.435,182.336,182.425,6232.0
2026-03-16 13:00:00,182.424,182.772,182.393,182.712,6414.0
2026-03-16 14:00:00,182.712,182.775,182.637,182.664,5977.0
2026-03-16 15:00:00,182.666,182.684,182.492,182.587,6974.0
2026-03-16 16:00:00,182.587,182.813,182.571,182.778,7410.0
2026-03-16 17:00:00,182.778,182.845,182.665,182.836,8423.0
2026-03-16 18:00:00,182.835,183.016,182.835,182.974,6668.0
2026-03-16 19:00:00,182.975,183.071,182.86,183.049,7617.0
2026-03-16 20:00:00,183.052,183.134,183.017,183.039,6592.0
2026-03-16 21:00:00,183.04,183.174,183.033,183.105,5979.0
2026-03-16 22:00:00,183.105,183.175,183.103,183.149,5822.0
2026-03-16 23:00:00,183.15,183.176,182.978,182.987,2827.0
2026-03-17 00:00:00,182.96,183.073,182.833,182.993,2271.0
2026-03-17 01:00:00,182.994,183.038,182.915,182.97,2659.0
2026-03-17 02:00:00,182.969,183.043,182.934,182.975,2358.0
2026-03-17 03:00:00,182.977,183.091,182.928,183.091,4645.0
2026-03-17 04:00:00,183.09,183.209,183.055,183.173,4828.0
2026-03-17 05:00:00,183.169,183.226,183.152,183.191,2697.0
2026-03-17 06:00:00,183.192,183.24,183.103,183.126,3505.0
2026-03-17 07:00:00,183.126,183.15,183.067,183.069,2462.0
2026-03-17 08:00:00,183.069,183.135,183.0,183.026,3684.0
2026-03-17 09:00:00,183.028,183.05,182.817,182.964,4929.0
2026-03-17 10:00:00,182.964,183.107,182.948,183.039,5161.0
2026-03-17 11:00:00,183.038,183.224,182.857,183.136,6862.0
2026-03-17 12:00:00,183.136,183.329,183.129,183.265,5444.0
2026-03-17 13:00:00,183.267,183.273,183.065,183.088,5220.0
2026-03-17 14:00:00,183.089,183.144,183.036,183.087,5516.0
2026-03-17 15:00:00,183.09,183.293,183.066,183.271,6740.0
2026-03-17 16:00:00,183.272,183.383,183.138,183.193,9404.0
2026-03-17 17:00:00,183.194,183.307,183.163,183.301,8213.0
2026-03-17 18:00:00,183.3,183.365,183.241,183.282,8947.0
2026-03-17 19:00:00,183.282,183.326,183.174,183.23,7179.0
2026-03-17 20:00:00,183.229,183.453,183.227,183.444,4263.0
2026-03-17 21:00:00,183.444,183.53,183.444,183.522,3915.0
2026-03-17 22:00:00,183.523,183.547,183.429,183.463,3282.0
2026-03-17 23:00:00,183.462,183.518,183.451,183.483,1751.0
2026-03-18 00:00:00,183.458,183.515,183.246,183.409,1852.0
2026-03-18 01:00:00,183.389,183.517,183.377,183.484,3083.0
2026-03-18 02:00:00,183.484,183.499,183.36,183.388,5159.0
2026-03-18 03:00:00,183.39,183.578,183.291,183.473,7889.0
2026-03-18 04:00:00,183.472,183.525,183.402,183.433,4213.0
2026-03-18 05:00:00,183.432,183.46,183.252,183.29,3280.0
2026-03-18 06:00:00,183.291,183.398,183.284,183.369,2563.0
2026-03-18 07:00:00,183.371,183.402,183.262,183.321,2769.0
2026-03-18 08:00:00,183.319,183.325,183.169,183.249,3216.0
2026-03-18 09:00:00,183.249,183.275,183.131,183.251,4237.0
2026-03-18 10:00:00,183.254,183.357,182.98,183.014,5005.0
2026-03-18 11:00:00,183.018,183.365,183.018,183.335,5607.0
2026-03-18 12:00:00,183.334,183.426,183.32,183.394,4372.0
2026-03-18 13:00:00,183.395,183.554,183.391,183.525,4107.0
2026-03-18 14:00:00,183.524,183.643,183.472,183.591,7370.0
2026-03-18 15:00:00,183.592,183.627,183.443,183.505,11155.0
2026-03-18 16:00:00,183.506,183.681,183.38,183.681,11123.0
2026-03-18 17:00:00,183.686,183.827,183.526,183.623,10096.0
2026-03-18 18:00:00,183.624,183.802,183.6,183.638,9091.0
2026-03-18 19:00:00,183.637,183.718,183.557,183.584,7206.0
2026-03-18 20:00:00,183.584,183.61,183.502,183.553,6144.0
2026-03-18 21:00:00,183.554,183.624,183.334,183.355,12220.0
2026-03-18 22:00:00,183.354,183.413,183.298,183.337,8370.0
2026-03-18 23:00:00,183.336,183.352,183.069,183.091,4578.0
2026-03-19 00:00:00,183.045,183.236,182.928,183.09,2040.0
2026-03-19 01:00:00,183.104,183.172,183.035,183.057,3494.0
2026-03-19 02:00:00,183.057,183.216,183.053,183.209,3929.0
2026-03-19 03:00:00,183.208,183.347,183.172,183.339,5984.0
2026-03-19 04:00:00,183.339,183.423,183.223,183.24,5024.0
2026-03-19 05:00:00,183.24,183.431,183.152,183.331,5140.0
2026-03-19 06:00:00,183.331,183.355,183.165,183.18,2882.0
2026-03-19 07:00:00,183.181,183.185,183.08,183.117,3170.0
2026-03-19 08:00:00,183.117,183.193,183.105,183.131,3339.0
2026-03-19 09:00:00,183.131,183.254,182.999,183.091,5889.0
2026-03-19 10:00:00,183.088,183.104,182.324,182.371,10527.0
2026-03-19 11:00:00,182.371,182.566,182.054,182.29,10286.0
2026-03-19 12:00:00,182.29,182.782,182.286,182.719,11416.0
2026-03-19 13:00:00,182.72,182.72,182.513,182.583,7140.0
2026-03-19 14:00:00,182.583,182.678,182.428,182.609,6936.0
2026-03-19 15:00:00,182.608,182.754,182.479,182.545,12213.0
2026-03-19 16:00:00,182.545,182.606,182.064,182.241,15866.0
2026-03-19 17:00:00,182.244,182.393,182.073,182.39,14559.0
2026-03-19 18:00:00,182.39,182.571,182.05,182.154,12412.0
2026-03-19 19:00:00,182.154,182.406,182.093,182.33,12019.0
2026-03-19 20:00:00,182.33,182.545,182.326,182.443,8653.0
2026-03-19 21:00:00,182.442,182.702,182.372,182.674,8411.0
2026-03-19 22:00:00,182.672,182.994,182.526,182.636,13371.0
2026-03-19 23:00:00,182.636,182.767,182.606,182.76,3865.0
2026-03-20 00:00:00,182.755,182.807,182.543,182.72,1318.0
2026-03-20 01:00:00,182.719,182.893,182.719,182.796,2719.0
2026-03-20 02:00:00,182.796,182.9,182.767,182.831,2850.0
2026-03-20 03:00:00,182.83,182.867,182.655,182.7,4785.0
2026-03-20 04:00:00,182.7,182.894,182.594,182.853,5979.0
2026-03-20 05:00:00,182.853,183.098,182.853,183.062,3862.0
2026-03-20 06:00:00,183.062,183.084,182.968,183.048,3523.0
2026-03-20 07:00:00,183.048,183.088,183.017,183.017,2421.0
2026-03-20 08:00:00,183.017,183.086,183.013,183.026,2979.0
2026-03-20 09:00:00,183.027,183.186,183.026,183.11,4102.0
2026-03-20 10:00:00,183.11,183.299,183.092,183.197,6659.0
2026-03-20 11:00:00,183.197,183.425,183.177,183.339,6495.0
2026-03-20 12:00:00,183.338,183.512,183.278,183.431,7467.0
2026-03-20 13:00:00,183.432,183.486,183.265,183.477,7890.0
2026-03-20 14:00:00,183.477,183.609,183.394,183.5,7279.0
2026-03-20 15:00:00,183.5,183.607,183.481,183.528,9381.0
2026-03-20 16:00:00,183.528,183.62,183.455,183.529,10625.0
2026-03-20 17:00:00,183.529,183.62,183.436,183.553,11891.0
2026-03-20 18:00:00,183.552,183.859,183.54,183.814,11715.0
2026-03-20 19:00:00,183.813,184.133,183.804,184.105,8365.0
2026-03-20 20:00:00,184.107,184.153,184.021,184.029,8905.0
2026-03-23 00:00:00,183.684,183.912,183.493,183.696,1695.0
2026-03-23 01:00:00,183.721,184.209,183.721,184.118,4146.0
2026-03-23 02:00:00,184.119,184.128,183.956,184.01,4424.0
2026-03-23 03:00:00,184.007,184.13,183.826,184.129,8623.0
2026-03-23 04:00:00,184.13,184.339,184.102,184.275,8559.0
2026-03-23 05:00:00,184.275,184.281,184.131,184.2,5615.0
2026-03-23 06:00:00,184.199,184.28,184.01,184.128,4682.0
2026-03-23 07:00:00,184.127,184.159,184.022,184.114,4088.0
2026-03-23 08:00:00,184.114,184.149,184.009,184.045,4646.0
2026-03-23 09:00:00,184.046,184.066,183.846,183.879,7590.0
2026-03-23 10:00:00,183.879,184.056,183.805,183.957,9004.0
2026-03-23 11:00:00,183.958,184.124,183.745,183.824,10317.0
2026-03-23 12:00:00,183.839,183.855,183.382,183.395,8854.0
2026-03-23 13:00:00,183.395,183.437,183.283,183.338,7783.0
2026-03-23 14:00:00,183.341,184.235,183.182,183.669,22852.0
2026-03-23 15:00:00,183.667,184.088,183.612,184.073,17735.0
2026-03-23 16:00:00,184.08,184.094,183.768,183.804,16564.0
2026-03-23 17:00:00,183.806,184.243,183.651,184.025,15905.0
2026-03-23 18:00:00,184.024,184.127,183.836,183.872,14715.0
2026-03-23 19:00:00,183.873,183.996,183.774,183.936,13191.0
2026-03-23 20:00:00,183.939,183.97,183.803,183.827,9946.0
2026-03-23 21:00:00,183.829,183.956,183.729,183.92,9649.0
2026-03-23 22:00:00,183.918,183.985,183.834,183.972,5998.0
2026-03-23 23:00:00,183.969,184.025,183.9,183.926,2852.0
2026-03-24 00:00:00,183.634,183.951,183.634,183.933,1567.0
2026-03-24 01:00:00,183.969,183.969,183.843,183.898,2441.0
2026-03-24 02:00:00,183.899,183.979,183.824,183.971,3945.0
2026-03-24 03:00:00,183.971,183.986,183.634,183.762,9306.0
2026-03-24 04:00:00,183.761,183.792,183.626,183.714,9181.0
2026-03-24 05:00:00,183.713,183.85,183.7,183.828,6992.0
2026-03-24 06:00:00,183.828,183.871,183.726,183.856,4833.0
2026-03-24 07:00:00,183.856,183.873,183.777,183.839,4341.0
2026-03-24 08:00:00,183.839,183.858,183.745,183.75,6297.0
2026-03-24 09:00:00,183.751,183.867,183.732,183.85,7164.0
2026-03-24 10:00:00,183.848,184.057,183.825,183.994,9683.0
2026-03-24 11:00:00,183.994,183.994,183.672,183.855,10040.0
2026-03-24 12:00:00,183.867,183.985,183.75,183.933,7938.0
2026-03-24 13:00:00,183.936,184.011,183.884,183.956,7073.0
2026-03-24 14:00:00,183.953,184.014,183.864,183.997,7938.0
2026-03-24 15:00:00,184.003,184.111,183.925,183.986,8910.0
2026-03-24 16:00:00,183.986,184.05,183.817,183.86,12192.0
2026-03-24 17:00:00,183.86,184.064,183.847,183.954,12267.0
2026-03-24 18:00:00,183.953,183.987,183.88,183.971,11081.0
2026-03-24 19:00:00,183.971,184.123,183.957,184.072,8489.0
2026-03-24 20:00:00,184.068,184.193,183.868,184.144,12021.0
2026-03-24 21:00:00,184.144,184.17,184.086,184.123,9570.0
2026-03-24 22:00:00,184.124,184.229,184.119,184.194,6450.0
2026-03-24 23:00:00,184.197,184.256,184.075,184.204,9410.0
2026-03-25 00:00:00,184.093,184.2,183.926,184.151,1532.0
2026-03-25 01:00:00,184.147,184.33,184.133,184.299,4016.0
2026-03-25 02:00:00,184.299,184.362,184.246,184.321,4016.0
2026-03-25 03:00:00,184.321,184.557,184.276,184.399,7989.0
2026-03-25 04:00:00,184.397,184.433,184.301,184.305,6920.0
2026-03-25 05:00:00,184.307,184.349,184.212,184.28,4668.0
2026-03-25 06:00:00,184.28,184.306,184.219,184.272,3381.0
2026-03-25 07:00:00,184.271,184.392,184.243,184.269,3316.0
2026-03-25 08:00:00,184.269,184.357,184.237,184.304,4265.0
2026-03-25 09:00:00,184.304,184.416,184.261,184.39,4862.0
2026-03-25 10:00:00,184.386,184.602,184.364,184.56,6278.0
2026-03-25 11:00:00,184.559,184.575,184.188,184.223,9466.0
2026-03-25 12:00:00,184.222,184.338,184.198,184.294,6650.0
2026-03-25 13:00:00,184.294,184.439,184.294,184.385,5630.0
2026-03-25 14:00:00,184.386,184.431,184.282,184.351,5912.0
2026-03-25 15:00:00,184.352,184.409,184.266,184.33,9784.0
2026-03-25 16:00:00,184.33,184.389,184.298,184.348,1125.0
2026-03-25 17:00:00,184.252,184.298,184.206,184.277,2841.0
2026-03-25 18:00:00,184.278,184.322,184.04,184.197,9452.0
2026-03-25 19:00:00,184.197,184.248,184.033,184.212,8446.0
2026-03-25 20:00:00,184.213,184.414,184.205,184.387,6492.0
2026-03-25 21:00:00,184.387,184.453,184.332,184.384,5598.0
2026-03-25 22:00:00,184.381,184.445,184.352,184.386,4997.0
2026-03-25 23:00:00,184.386,184.39,184.282,184.322,2493.0
2026-03-26 00:00:00,184.314,184.326,184.137,184.238,1594.0
2026-03-26 01:00:00,184.238,184.327,184.237,184.278,2414.0
2026-03-26 02:00:00,184.277,184.313,184.238,184.279,2128.0
2026-03-26 03:00:00,184.279,184.374,184.217,184.317,4656.0
2026-03-26 04:00:00,184.316,184.454,184.308,184.426,4830.0
2026-03-26 05:00:00,184.425,184.446,184.312,184.386,3440.0
2026-03-26 06:00:00,184.387,184.475,184.335,184.464,3377.0
2026-03-26 07:00:00,184.463,184.475,184.405,184.449,2747.0
2026-03-26 08:00:00,184.451,184.458,184.312,184.33,4018.0
2026-03-26 09:00:00,184.33,184.345,184.179,184.265,4881.0
2026-03-26 10:00:00,184.265,184.294,184.163,184.278,5571.0
2026-03-26 11:00:00,184.281,184.36,184.197,184.342,7070.0
2026-03-26 12:00:00,184.341,184.412,184.233,184.366,4965.0
2026-03-26 13:00:00,184.367,184.451,184.304,184.327,4691.0
2026-03-26 14:00:00,184.317,184.341,183.969,183.991,4693.0
2026-03-26 15:00:00,183.992,184.155,183.981,184.139,5689.0
2026-03-26 16:00:00,184.143,184.26,184.118,184.128,7163.0
2026-03-26 17:00:00,184.128,184.286,184.114,184.246,8154.0
2026-03-26 18:00:00,184.245,184.312,184.147,184.266,7457.0
2026-03-26 19:00:00,184.266,184.291,184.142,184.178,5603.0
2026-03-26 20:00:00,184.176,184.22,184.118,184.136,4743.0
2026-03-26 21:00:00,184.136,184.263,184.126,184.239,3952.0
2026-03-26 22:00:00,184.239,184.243,184.145,184.146,3731.0
2026-03-26 23:00:00,184.146,184.282,184.114,184.161,5973.0
2026-03-27 00:00:00,184.164,184.223,183.967,184.117,1579.0
2026-03-27 01:00:00,184.092,184.262,184.085,184.22,2247.0
2026-03-27 02:00:00,184.218,184.24,184.186,184.234,1879.0
2026-03-27 03:00:00,184.224,184.24,183.866,183.981,4907.0
2026-03-27 04:00:00,183.982,184.139,183.936,184.037,4214.0
2026-03-27 05:00:00,184.043,184.152,184.031,184.07,3114.0
2026-03-27 06:00:00,184.071,184.188,184.019,184.183,2750.0
2026-03-27 07:00:00,184.183,184.246,184.116,184.245,2411.0
2026-03-27 08:00:00,184.245,184.278,184.18,184.222,3389.0
2026-03-27 09:00:00,184.221,184.281,184.153,184.262,3396.0
2026-03-27 10:00:00,184.263,184.344,184.212,184.236,5199.0
2026-03-27 11:00:00,184.237,184.24,184.106,184.147,5502.0
2026-03-27 12:00:00,184.133,184.211,184.085,184.156,4978.0
2026-03-27 13:00:00,184.156,184.226,184.073,184.082,4380.0
2026-03-27 14:00:00,184.091,184.095,183.928,183.959,4387.0
2026-03-27 15:00:00,183.956,184.133,183.865,184.096,5443.0
2026-03-27 16:00:00,184.098,184.396,184.098,184.25,6949.0
2026-03-27 17:00:00,184.249,184.398,184.233,184.344,7143.0
2026-03-27 18:00:00,184.344,184.511,184.291,184.501,7942.0
2026-03-27 19:00:00,184.501,184.658,184.392,184.472,6879.0
2026-03-27 20:00:00,184.472,184.615,184.453,184.591,5437.0
2026-03-30 00:00:00,184.191,184.411,184.072,184.126,1283.0
2026-03-30 01:00:00,184.152,184.507,184.152,184.288,3428.0
2026-03-30 02:00:00,184.288,184.366,184.123,184.135,3258.0
2026-03-30 03:00:00,184.136,184.154,183.966,183.969,6765.0
2026-03-30 04:00:00,183.98,184.075,183.953,184.0,4817.0
2026-03-30 05:00:00,184.0,184.058,183.887,184.003,4129.0
2026-03-30 06:00:00,184.003,184.032,183.926,184.009,3104.0
2026-03-30 07:00:00,183.998,184.025,183.89,183.975,2857.0
2026-03-30 08:00:00,183.975,183.988,183.827,183.939,3619.0
2026-03-30 09:00:00,183.939,184.019,183.809,183.981,4562.0
2026-03-30 10:00:00,183.973,183.978,183.541,183.711,5446.0
2026-03-30 11:00:00,183.71,183.723,183.473,183.576,5097.0
2026-03-30 12:00:00,183.576,183.601,183.341,183.446,4988.0
2026-03-30 13:00:00,183.447,183.447,183.331,183.377,3967.0
2026-03-30 14:00:00,183.377,183.387,183.193,183.205,5686.0
2026-03-30 15:00:00,183.205,183.205,182.978,182.999,5698.0
2026-03-30 16:00:00,182.997,183.076,182.834,182.884,6568.0
2026-03-30 17:00:00,182.884,182.975,182.794,182.902,7070.0
2026-03-30 18:00:00,182.903,182.923,182.607,182.667,6058.0
2026-03-30 19:00:00,182.667,182.734,182.592,182.718,4081.0
2026-03-30 20:00:00,182.719,182.881,182.709,182.827,3897.0
2026-03-30 21:00:00,182.826,182.977,182.787,182.945,3565.0
2026-03-30 22:00:00,182.942,183.013,182.901,183.001,3190.0
2026-03-30 23:00:00,182.999,183.084,182.972,183.077,2122.0
2026-03-31 00:00:00,183.024,183.133,182.883,183.079,1599.0
2026-03-31 01:00:00,183.075,183.154,183.075,183.128,2418.0
2026-03-31 02:00:00,183.127,183.134,183.041,183.126,2150.0
2026-03-31 03:00:00,183.115,183.465,183.04,183.458,6709.0
2026-03-31 04:00:00,183.459,183.578,183.308,183.329,6643.0
2026-03-31 05:00:00,183.33,183.347,183.14,183.161,4325.0
2026-03-31 06:00:00,183.16,183.211,183.137,183.2,3199.0
2026-03-31 07:00:00,183.2,183.225,183.067,183.071,2601.0
2026-03-31 08:00:00,183.07,183.095,182.823,182.984,3783.0
2026-03-31 09:00:00,182.985,183.261,182.931,183.238,4984.0
2026-03-31 10:00:00,183.233,183.261,183.078,183.148,5317.0
2026-03-31 11:00:00,183.144,183.18,182.975,182.992,4811.0
2026-03-31 12:00:00,182.983,183.115,182.883,183.09,4488.0
2026-03-31 13:00:00,183.092,183.161,183.031,183.036,3814.0
2026-03-31 14:00:00,183.035,183.199,183.013,183.191,6593.0
2026-03-31 15:00:00,183.189,183.427,183.188,183.321,7048.0
2026-03-31 16:00:00,183.322,183.499,183.253,183.456,6618.0
2026-03-31 17:00:00,183.4,183.652,183.228,183.283,8623.0
2026-03-31 18:00:00,183.298,183.357,183.072,183.217,8368.0
2026-03-31 19:00:00,183.218,183.61,183.21,183.439,8544.0
2026-03-31 20:00:00,183.438,183.555,183.412,183.422,8434.0
2026-03-31 21:00:00,183.419,183.467,183.315,183.412,5678.0
2026-03-31 22:00:00,183.422,183.494,183.385,183.449,4699.0
2026-03-31 23:00:00,183.45,183.485,183.354,183.366,3089.0
2026-04-01 01:00:00,183.401,183.417,183.392,183.409,458.0
2026-04-01 02:00:00,183.409,183.487,183.346,183.481,2612.0
2026-04-01 03:00:00,183.481,183.778,183.361,183.722,4821.0
2026-04-01 04:00:00,183.722,183.792,183.46,183.49,5428.0
2026-04-01 05:00:00,183.491,183.583,183.471,183.563,3527.0
2026-04-01 06:00:00,183.562,183.593,183.379,183.592,3115.0
2026-04-01 07:00:00,183.603,183.698,183.566,183.573,2821.0
2026-04-01 08:00:00,183.573,183.749,183.485,183.488,3009.0
2026-04-01 09:00:00,183.489,183.587,183.348,183.441,7175.0
2026-04-01 10:00:00,183.441,183.852,183.35,183.836,7839.0
2026-04-01 11:00:00,183.842,183.989,183.769,183.83,6790.0
2026-04-01 12:00:00,183.831,184.008,183.638,183.971,6113.0
2026-04-01 13:00:00,183.97,184.014,183.79,183.815,5186.0
2026-04-01 14:00:00,183.815,183.879,183.736,183.738,4525.0
2026-04-01 15:00:00,183.739,183.987,183.653,183.907,7256.0
2026-04-01 16:00:00,183.907,184.226,183.869,184.107,8183.0
2026-04-01 17:00:00,184.081,184.246,184.023,184.139,8380.0
2026-04-01 18:00:00,184.139,184.195,184.037,184.167,6177.0
2026-04-01 19:00:00,184.168,184.187,184.09,184.163,4843.0
2026-04-01 20:00:00,184.163,184.165,183.93,183.942,4665.0
2026-04-01 21:00:00,183.941,183.974,183.805,183.867,5179.0
2026-04-01 22:00:00,183.868,184.054,183.857,183.996,3636.0
2026-04-01 23:00:00,183.996,184.036,183.94,183.975,2196.0
2026-04-02 00:00:00,183.93,183.991,183.673,183.893,2292.0
2026-04-02 01:00:00,183.891,183.971,183.789,183.811,2116.0
2026-04-02 02:00:00,183.816,183.921,183.784,183.915,2393.0
2026-04-02 03:00:00,183.915,184.032,183.834,183.954,5253.0
2026-04-02 04:00:00,183.954,184.057,183.78,183.984,10707.0
2026-04-02 05:00:00,183.983,184.102,183.91,184.051,6272.0
2026-04-02 06:00:00,184.052,184.072,183.864,183.877,4027.0
2026-04-02 07:00:00,183.879,183.899,183.781,183.805,3788.0
2026-04-02 08:00:00,183.805,183.86,183.691,183.729,4360.0
2026-04-02 09:00:00,183.724,183.84,183.491,183.808,5938.0
2026-04-02 10:00:00,183.809,184.151,183.8,184.002,6509.0
2026-04-02 11:00:00,184.006,184.077,183.941,184.006,4746.0
2026-04-02 12:00:00,184.007,184.057,183.889,183.889,4208.0
2026-04-02 13:00:00,183.89,183.896,183.769,183.803,4377.0
2026-04-02 14:00:00,183.803,183.956,183.77,183.908,4779.0
2026-04-02 15:00:00,183.913,184.0,183.901,183.936,6027.0
2026-04-02 16:00:00,183.939,183.999,183.815,183.851,7100.0
2026-04-02 17:00:00,183.853,184.165,183.781,184.052,9326.0
2026-04-02 18:00:00,184.057,184.093,183.911,183.933,7612.0
2026-04-02 19:00:00,183.932,184.099,183.881,184.034,5721.0
2026-04-02 20:00:00,184.034,184.205,184.02,184.101,4079.0
2026-04-02 21:00:00,184.102,184.194,184.093,184.125,3743.0
2026-04-02 22:00:00,184.123,184.16,184.059,184.131,3392.0
2026-04-02 23:00:00,184.132,184.136,184.058,184.1,1763.0
2026-04-03 00:00:00,184.03,184.096,183.997,184.07,1412.0
2026-04-03 01:00:00,184.088,184.132,184.039,184.086,1512.0
2026-04-03 02:00:00,184.086,184.099,184.06,184.065,1391.0
2026-04-03 03:00:00,184.067,184.168,183.994,184.128,2491.0
2026-04-03 04:00:00,184.128,184.179,184.095,184.136,1913.0
2026-04-03 05:00:00,184.135,184.193,184.119,184.184,2248.0
2026-04-03 06:00:00,184.185,184.2,184.068,184.077,1235.0
2026-04-03 07:00:00,184.077,184.108,184.006,184.089,1687.0
2026-04-03 08:00:00,184.089,184.194,184.029,184.189,2089.0
2026-04-03 09:00:00,184.186,184.205,184.13,184.196,1627.0
2026-04-03 10:00:00,184.196,184.227,184.173,184.192,1578.0
2026-04-03 11:00:00,184.192,184.252,184.178,184.222,2156.0
2026-04-03 12:00:00,184.222,184.248,184.166,184.202,1820.0
2026-04-03 13:00:00,184.201,184.269,184.195,184.233,1957.0
2026-04-03 14:00:00,184.233,184.244,184.133,184.183,3282.0
2026-04-03 15:00:00,184.183,184.206,183.826,184.041,4697.0
2026-04-03 16:00:00,184.042,184.088,183.898,183.985,2757.0
2026-04-03 17:00:00,183.985,184.011,183.855,183.857,2168.0
2026-04-03 18:00:00,183.857,183.942,183.852,183.921,3001.0
2026-04-03 19:00:00,183.915,183.928,183.862,183.87,2555.0
2026-04-03 20:00:00,183.868,183.924,183.859,183.887,2415.0
2026-04-06 00:00:00,183.812,183.985,183.672,183.772,321.0
2026-04-06 01:00:00,183.788,183.947,183.633,183.868,5459.0
2026-04-06 02:00:00,183.867,183.953,183.79,183.893,3627.0
2026-04-06 03:00:00,183.898,183.998,183.817,183.895,4323.0
2026-04-06 04:00:00,183.895,183.895,183.702,183.757,3727.0
2026-04-06 05:00:00,183.757,183.923,183.741,183.818,4634.0
2026-04-06 06:00:00,183.818,183.885,183.769,183.873,3110.0
2026-04-06 07:00:00,183.874,183.895,183.813,183.894,2879.0
2026-04-06 08:00:00,183.893,183.955,183.874,183.912,2819.0
2026-04-06 09:00:00,183.914,184.112,183.851,184.079,3822.0
2026-04-06 10:00:00,184.08,184.435,184.033,184.322,5161.0
2026-04-06 11:00:00,184.318,184.378,184.165,184.176,4924.0
2026-04-06 12:00:00,184.177,184.242,184.122,184.148,4084.0
2026-04-06 13:00:00,184.148,184.2,184.091,184.147,3895.0
2026-04-06 14:00:00,184.146,184.24,184.145,184.221,3800.0
2026-04-06 15:00:00,184.221,184.237,184.13,184.166,4385.0
2026-04-06 16:00:00,184.167,184.377,184.139,184.344,5020.0
2026-04-06 17:00:00,184.314,184.461,184.294,184.351,8121.0
2026-04-06 18:00:00,184.349,184.408,184.314,184.373,5828.0
2026-04-06 19:00:00,184.374,184.384,184.308,184.346,4279.0
2026-04-06 20:00:00,184.345,184.45,184.301,184.403,5099.0
2026-04-06 21:00:00,184.403,184.445,184.341,184.369,5121.0
2026-04-06 22:00:00,184.368,184.38,184.304,184.328,2661.0
2026-04-06 23:00:00,184.33,184.359,184.305,184.313,1778.0
2026-04-07 00:00:00,184.199,184.34,184.194,184.247,1707.0
2026-04-07 01:00:00,184.249,184.315,184.229,184.303,2480.0
2026-04-07 02:00:00,184.303,184.32,184.265,184.302,1619.0
2026-04-07 03:00:00,184.3,184.412,184.291,184.401,4327.0
2026-04-07 04:00:00,184.4,184.431,184.316,184.347,4215.0
2026-04-07 05:00:00,184.349,184.366,184.284,184.328,2723.0
2026-04-07 06:00:00,184.329,184.373,184.319,184.358,1967.0
2026-04-07 07:00:00,184.359,184.366,184.268,184.306,2443.0
2026-04-07 08:00:00,184.308,184.355,184.259,184.303,3159.0
2026-04-07 09:00:00,184.31,184.472,184.277,184.466,4162.0
2026-04-07 10:00:00,184.467,184.545,184.411,184.529,4263.0
2026-04-07 11:00:00,184.523,184.651,184.49,184.588,6942.0
2026-04-07 12:00:00,184.588,184.634,184.546,184.585,4849.0
2026-04-07 13:00:00,184.584,184.62,184.439,184.62,6505.0
2026-04-07 14:00:00,184.62,184.768,184.549,184.765,4627.0
2026-04-07 15:00:00,184.775,184.816,184.699,184.713,5478.0
2026-04-07 16:00:00,184.716,184.897,184.689,184.891,6276.0
2026-04-07 17:00:00,184.891,185.14,184.849,185.098,7263.0
2026-04-07 18:00:00,185.096,185.15,185.015,185.019,6389.0
2026-04-07 19:00:00,185.018,185.056,184.965,185.035,5471.0
2026-04-07 20:00:00,185.036,185.041,184.921,184.991,4650.0
2026-04-07 21:00:00,184.991,185.011,184.945,185.008,3868.0
2026-04-07 22:00:00,185.009,185.113,184.998,185.036,6373.0
2026-04-07 23:00:00,185.034,185.169,185.005,185.062,4336.0
2026-04-08 00:00:00,184.965,185.113,184.784,185.021,1923.0
2026-04-08 01:00:00,185.021,185.431,184.976,185.427,7340.0
2026-04-08 02:00:00,185.429,185.553,185.263,185.485,9042.0
2026-04-08 03:00:00,185.487,185.491,185.046,185.216,9452.0
2026-04-08 04:00:00,185.217,185.266,184.94,184.951,7471.0
2026-04-08 05:00:00,184.949,185.072,184.875,184.953,5716.0
2026-04-08 06:00:00,184.952,184.971,184.804,184.913,4565.0
2026-04-08 07:00:00,184.909,185.028,184.88,184.895,4366.0
2026-04-08 08:00:00,184.901,185.183,184.863,185.051,5952.0
2026-04-08 09:00:00,185.048,185.107,184.894,185.033,7349.0
2026-04-08 10:00:00,185.033,185.073,184.944,185.045,7010.0
2026-04-08 11:00:00,185.046,185.082,184.875,185.0,6445.0
2026-04-08 12:00:00,184.998,185.139,184.939,185.11,5853.0
2026-04-08 13:00:00,185.109,185.21,185.09,185.208,4577.0
2026-04-08 14:00:00,185.203,185.318,185.131,185.158,5931.0
2026-04-08 15:00:00,185.163,185.197,184.997,185.101,7596.0
2026-04-08 16:00:00,185.099,185.122,184.966,185.096,8394.0
2026-04-08 17:00:00,185.092,185.203,185.058,185.098,8552.0
2026-04-08 18:00:00,185.098,185.216,185.055,185.092,6682.0
2026-04-08 19:00:00,185.092,185.12,185.019,185.066,5558.0
2026-04-08 20:00:00,185.066,185.101,184.956,184.993,4925.0
2026-04-08 21:00:00,184.995,185.061,184.903,184.933,6340.0
2026-04-08 22:00:00,184.933,184.997,184.868,184.978,5474.0
2026-04-08 23:00:00,184.976,185.009,184.892,184.893,2567.0
2026-04-09 00:00:00,184.855,185.035,184.773,184.904,1961.0
2026-04-09 01:00:00,184.907,184.976,184.876,184.927,2320.0
2026-04-09 02:00:00,184.927,185.004,184.917,184.973,1828.0
2026-04-09 03:00:00,184.973,185.185,184.916,185.179,4401.0
2026-04-09 04:00:00,185.18,185.232,185.132,185.221,3967.0
2026-04-09 05:00:00,185.221,185.246,185.147,185.148,2891.0
2026-04-09 06:00:00,185.147,185.197,185.1,185.147,2958.0
2026-04-09 07:00:00,185.148,185.219,185.107,185.189,2576.0
2026-04-09 08:00:00,185.189,185.253,185.149,185.225,3093.0
2026-04-09 09:00:00,185.224,185.271,185.128,185.213,4534.0
2026-04-09 10:00:00,185.213,185.404,185.213,185.403,5144.0
2026-04-09 11:00:00,185.404,185.613,185.369,185.591,4687.0
2026-04-09 12:00:00,185.591,185.68,185.57,185.612,4306.0
2026-04-09 13:00:00,185.613,185.723,185.604,185.666,3844.0
2026-04-09 14:00:00,185.666,185.726,185.639,185.72,4240.0
2026-04-09 15:00:00,185.72,185.877,185.665,185.808,5408.0
2026-04-09 16:00:00,185.808,185.885,185.738,185.837,5591.0
2026-04-09 17:00:00,185.837,186.034,185.787,186.002,6497.0
2026-04-09 18:00:00,186.005,186.219,185.915,185.967,7570.0
2026-04-09 19:00:00,185.966,185.967,185.783,185.92,5716.0
2026-04-09 20:00:00,185.921,186.088,185.91,185.984,4243.0
2026-04-09 21:00:00,185.983,186.046,185.94,186.026,4826.0
2026-04-09 22:00:00,186.027,186.23,186.022,186.145,3785.0
2026-04-09 23:00:00,186.145,186.159,185.978,185.991,2018.0
2026-04-10 00:00:00,185.92,186.012,185.878,185.997,625.0
2026-04-10 01:00:00,185.998,186.067,185.987,186.04,2060.0
2026-04-10 02:00:00,186.04,186.063,185.996,186.0,1889.0
2026-04-10 03:00:00,186.0,186.109,185.991,186.051,3459.0
2026-04-10 04:00:00,186.051,186.105,185.94,185.946,3069.0
2026-04-10 05:00:00,185.946,186.085,185.939,186.068,2688.0
2026-04-10 06:00:00,186.068,186.151,186.045,186.121,1977.0
2026-04-10 07:00:00,186.121,186.165,186.098,186.121,2086.0
2026-04-10 08:00:00,186.121,186.182,186.107,186.168,2360.0
2026-04-10 09:00:00,186.169,186.206,186.093,186.112,3304.0
2026-04-10 10:00:00,186.111,186.181,186.067,186.103,3940.0
2026-04-10 11:00:00,186.103,186.188,186.062,186.179,3466.0
2026-04-10 12:00:00,186.185,186.516,186.135,186.48,4978.0
2026-04-10 13:00:00,186.48,186.547,186.456,186.468,3604.0
2026-04-10 14:00:00,186.468,186.554,186.426,186.46,3390.0
2026-04-10 15:00:00,186.46,186.551,186.25,186.543,5695.0
2026-04-10 16:00:00,186.542,186.717,186.517,186.677,6097.0
2026-04-10 17:00:00,186.675,186.791,186.621,186.622,6510.0
2026-04-10 18:00:00,186.621,186.726,186.531,186.652,5745.0
2026-04-10 19:00:00,186.652,186.738,186.621,186.667,4467.0
2026-04-10 20:00:00,186.668,186.75,186.667,186.748,3515.0
2026-04-13 00:00:00,186.286,186.36,186.075,186.22,861.0
2026-04-13 01:00:00,186.22,186.575,186.22,186.535,5442.0
2026-04-13 02:00:00,186.535,186.57,186.35,186.421,3234.0
2026-04-13 03:00:00,186.423,186.778,186.396,186.654,4606.0
2026-04-13 04:00:00,186.653,186.688,186.578,186.613,3764.0
2026-04-13 05:00:00,186.614,186.703,186.595,186.677,2427.0
2026-04-13 06:00:00,186.679,186.695,186.629,186.636,2167.0
2026-04-13 07:00:00,186.636,186.722,186.62,186.655,2496.0
2026-04-13 08:00:00,186.655,186.684,186.612,186.63,2871.0
2026-04-13 09:00:00,186.631,186.666,186.482,186.592,4572.0
2026-04-13 10:00:00,186.592,186.786,186.59,186.695,4522.0
2026-04-13 11:00:00,186.695,186.708,186.581,186.64,4246.0
2026-04-13 12:00:00,186.64,186.724,186.617,186.672,3635.0
2026-04-13 13:00:00,186.67,186.749,186.595,186.732,3284.0
2026-04-13 14:00:00,186.733,186.848,186.704,186.726,4357.0
2026-04-13 15:00:00,186.726,186.876,186.708,186.875,5146.0
2026-04-13 16:00:00,186.873,186.954,186.756,186.761,5910.0
2026-04-13 17:00:00,186.76,186.987,186.732,186.862,6448.0
2026-04-13 18:00:00,186.862,187.081,186.851,187.056,5474.0
2026-04-13 19:00:00,187.056,187.104,187.01,187.046,6236.0
2026-04-13 20:00:00,187.046,187.092,186.994,187.042,4331.0
2026-04-13 21:00:00,187.043,187.455,186.997,187.439,5118.0
2026-04-13 22:00:00,187.438,187.452,187.291,187.436,3748.0
2026-04-13 23:00:00,187.437,187.51,187.435,187.48,2301.0
2026-04-14 00:00:00,187.472,187.472,187.283,187.289,982.0
2026-04-14 01:00:00,187.288,187.525,187.288,187.441,1779.0
2026-04-14 02:00:00,187.442,187.445,187.315,187.351,2210.0
2026-04-14 03:00:00,187.351,187.416,187.25,187.276,3647.0
2026-04-14 04:00:00,187.275,187.344,187.158,187.235,3832.0
2026-04-14 05:00:00,187.234,187.277,187.123,187.161,2458.0
2026-04-14 06:00:00,187.159,187.216,187.119,187.204,2302.0
2026-04-14 07:00:00,187.203,187.231,187.12,187.122,1993.0
2026-04-14 08:00:00,187.122,187.234,187.081,187.204,2946.0
2026-04-14 09:00:00,187.207,187.474,187.175,187.459,4508.0
2026-04-14 10:00:00,187.462,187.543,187.373,187.381,5861.0
2026-04-14 11:00:00,187.381,187.469,187.327,187.425,4580.0
2026-04-14 12:00:00,187.424,187.52,187.256,187.409,4272.0
2026-04-14 13:00:00,187.408,187.466,187.298,187.361,4369.0
2026-04-14 14:00:00,187.361,187.396,187.302,187.342,4310.0
2026-04-14 15:00:00,187.348,187.395,187.263,187.357,5815.0
2026-04-14 16:00:00,187.357,187.464,187.305,187.445,6054.0
2026-04-14 17:00:00,187.445,187.461,187.186,187.46,6159.0
2026-04-14 18:00:00,187.459,187.474,187.257,187.367,6017.0
2026-04-14 19:00:00,187.367,187.386,187.313,187.33,3557.0
2026-04-14 20:00:00,187.33,187.38,187.229,187.239,3053.0
2026-04-14 21:00:00,187.239,187.308,187.189,187.284,3601.0
2026-04-14 22:00:00,187.289,187.365,187.277,187.326,2558.0
2026-04-14 23:00:00,187.325,187.372,187.296,187.296,1560.0
2026-04-15 00:00:00,187.262,187.267,187.184,187.214,3471.0
2026-04-15 01:00:00,187.221,187.356,187.221,187.353,1840.0
2026-04-15 02:00:00,187.353,187.406,187.351,187.362,2091.0
2026-04-15 03:00:00,187.363,187.375,187.222,187.305,3728.0
2026-04-15 04:00:00,187.304,187.451,187.304,187.368,3903.0
2026-04-15 05:00:00,187.383,187.415,187.295,187.405,2920.0
2026-04-15 06:00:00,187.404,187.45,187.34,187.398,2491.0
2026-04-15 07:00:00,187.397,187.443,187.378,187.42,1786.0
2026-04-15 08:00:00,187.421,187.492,187.379,187.446,3192.0
2026-04-15 09:00:00,187.447,187.463,187.341,187.398,4210.0
2026-04-15 10:00:00,187.398,187.416,187.26,187.309,4685.0
2026-04-15 11:00:00,187.31,187.323,187.103,187.184,4660.0
2026-04-15 12:00:00,187.185,187.266,187.103,187.208,5391.0
2026-04-15 13:00:00,187.209,187.285,187.15,187.225,5465.0
2026-04-15 14:00:00,187.228,187.401,187.182,187.383,4648.0
2026-04-15 15:00:00,187.383,187.593,187.382,187.556,4833.0
2026-04-15 16:00:00,187.555,187.595,187.432,187.461,5796.0
2026-04-15 17:00:00,187.461,187.579,187.428,187.551,6247.0
2026-04-15 18:00:00,187.554,187.641,187.506,187.622,5637.0
2026-04-15 19:00:00,187.618,187.635,187.331,187.494,4541.0
2026-04-15 20:00:00,187.494,187.667,187.489,187.66,3582.0
2026-04-15 21:00:00,187.662,187.695,187.617,187.652,4310.0
2026-04-15 22:00:00,187.649,187.67,187.577,187.586,2866.0
2026-04-15 23:00:00,187.586,187.604,187.509,187.556,2261.0
2026-04-16 00:00:00,187.527,187.589,187.383,187.483,1534.0
2026-04-16 01:00:00,187.48,187.552,187.463,187.504,1567.0
2026-04-16 02:00:00,187.504,187.534,187.442,187.511,1938.0
2026-04-16 03:00:00,187.512,187.514,187.386,187.416,3489.0
2026-04-16 04:00:00,187.411,187.429,187.318,187.365,3814.0
2026-04-16 05:00:00,187.365,187.532,187.311,187.315,3537.0
2026-04-16 06:00:00,187.315,187.442,187.097,187.438,4506.0
2026-04-16 07:00:00,187.438,187.485,187.399,187.431,2710.0
2026-04-16 08:00:00,187.43,187.532,187.37,187.506,3251.0
2026-04-16 09:00:00,187.511,187.538,187.362,187.424,4360.0
2026-04-16 10:00:00,187.424,187.446,187.293,187.328,5034.0
2026-04-16 11:00:00,187.328,187.39,187.292,187.383,5196.0
2026-04-16 12:00:00,187.383,187.404,187.295,187.34,4110.0
2026-04-16 13:00:00,187.34,187.355,187.282,187.326,3640.0
2026-04-16 14:00:00,187.325,187.362,187.264,187.319,4274.0
2026-04-16 15:00:00,187.319,187.472,187.265,187.461,4999.0
2026-04-16 16:00:00,187.462,187.471,187.298,187.437,5375.0
2026-04-16 17:00:00,187.439,187.52,187.355,187.476,7004.0
2026-04-16 18:00:00,187.475,187.52,187.396,187.425,5893.0
2026-04-16 19:00:00,187.424,187.467,187.403,187.432,5054.0
2026-04-16 20:00:00,187.434,187.529,187.406,187.498,3589.0
2026-04-16 21:00:00,187.498,187.568,187.464,187.552,3875.0
2026-04-16 22:00:00,187.551,187.572,187.465,187.517,2937.0
2026-04-16 23:00:00,187.519,187.556,187.482,187.496,1811.0
2026-04-17 00:00:00,187.409,187.504,187.336,187.428,622.0
2026-04-17 01:00:00,187.426,187.546,187.391,187.52,1410.0
2026-04-17 02:00:00,187.519,187.582,187.498,187.559,1556.0
2026-04-17 03:00:00,187.558,187.713,187.519,187.672,3466.0
2026-04-17 04:00:00,187.675,187.742,187.608,187.665,3379.0
2026-04-17 05:00:00,187.665,187.735,187.657,187.7,2260.0
2026-04-17 06:00:00,187.699,187.832,187.68,187.815,2132.0
2026-04-17 07:00:00,187.814,187.905,187.796,187.895,2035.0
2026-04-17 08:00:00,187.896,187.95,187.869,187.877,2834.0
2026-04-17 09:00:00,187.877,187.917,187.669,187.696,4202.0
2026-04-17 10:00:00,187.698,187.758,187.63,187.665,4706.0
2026-04-17 11:00:00,187.665,187.734,187.575,187.688,4546.0
2026-04-17 12:00:00,187.688,187.764,187.519,187.567,4316.0
2026-04-17 13:00:00,187.566,187.732,187.541,187.73,3778.0
2026-04-17 14:00:00,187.73,187.824,187.703,187.724,3568.0
2026-04-17 15:00:00,187.724,187.746,187.451,187.488,7361.0
2026-04-17 16:00:00,187.486,187.546,187.136,187.199,10601.0
2026-04-17 17:00:00,187.198,187.228,186.317,186.481,8992.0
2026-04-17 18:00:00,186.479,186.683,186.452,186.573,8073.0
2026-04-17 19:00:00,186.571,186.59,186.428,186.468,5013.0
2026-04-17 20:00:00,186.468,186.611,186.458,186.563,5622.0
2026-04-20 00:00:00,186.311,186.415,186.282,186.378,550.0
2026-04-20 01:00:00,186.378,186.686,186.375,186.678,3766.0
2026-04-20 02:00:00,186.678,186.871,186.639,186.832,3674.0
2026-04-20 03:00:00,186.832,187.05,186.779,186.899,5301.0
2026-04-20 04:00:00,186.902,186.919,186.767,186.768,4686.0
2026-04-20 05:00:00,186.768,186.832,186.742,186.794,3171.0
2026-04-20 06:00:00,186.793,186.863,186.747,186.848,2704.0
2026-04-20 07:00:00,186.849,186.902,186.812,186.845,2493.0
2026-04-20 08:00:00,186.845,186.922,186.783,186.818,3575.0
2026-04-20 09:00:00,186.816,186.979,186.752,186.91,5345.0
2026-04-20 10:00:00,186.908,186.977,186.801,186.931,6028.0
2026-04-20 11:00:00,186.931,187.078,186.909,186.98,4987.0
2026-04-20 12:00:00,186.975,187.025,186.851,186.976,4566.0
2026-04-20 13:00:00,186.977,187.076,186.914,187.046,3955.0
2026-04-20 14:00:00,187.046,187.093,186.881,186.903,4239.0
2026-04-20 15:00:00,186.903,186.976,186.841,186.921,4826.0
2026-04-20 16:00:00,186.921,186.956,186.758,186.794,6554.0
2026-04-20 17:00:00,186.793,186.919,186.763,186.847,6867.0
2026-04-20 18:00:00,186.84,187.012,186.83,186.979,6544.0
2026-04-20 19:00:00,186.98,187.042,186.94,186.986,4010.0
2026-04-20 20:00:00,186.987,187.076,186.98,187.076,3551.0
2026-04-20 21:00:00,187.075,187.209,187.041,187.193,4114.0
2026-04-20 22:00:00,187.186,187.234,187.142,187.208,2839.0
2026-04-20 23:00:00,187.212,187.281,187.176,187.194,2268.0
2026-04-21 00:00:00,187.163,187.163,187.001,187.092,1068.0
2026-04-21 01:00:00,187.09,187.206,187.066,187.199,3256.0
2026-04-21 02:00:00,187.198,187.213,187.163,187.193,1685.0
2026-04-21 03:00:00,187.194,187.33,187.18,187.287,3603.0
2026-04-21 04:00:00,187.288,187.323,187.24,187.25,3210.0
2026-04-21 05:00:00,187.25,187.296,187.189,187.237,2413.0
2026-04-21 06:00:00,187.24,187.24,187.167,187.214,2489.0
2026-04-21 07:00:00,187.213,187.227,187.164,187.181,1938.0
2026-04-21 08:00:00,187.181,187.205,187.136,187.159,3017.0
2026-04-21 09:00:00,187.158,187.183,186.995,186.996,4283.0
2026-04-21 10:00:00,186.997,187.161,186.99,187.069,5334.0
2026-04-21 11:00:00,187.069,187.305,187.056,187.272,5558.0
2026-04-21 12:00:00,187.271,187.301,187.131,187.211,4150.0
2026-04-21 13:00:00,187.212,187.255,187.175,187.227,3517.0
2026-04-21 14:00:00,187.227,187.308,187.142,187.148,4305.0
2026-04-21 15:00:00,187.147,187.233,187.093,187.185,5529.0
2026-04-21 16:00:00,187.186,187.234,187.137,187.182,5324.0
2026-04-21 17:00:00,187.193,187.33,187.178,187.302,6732.0
2026-04-21 18:00:00,187.303,187.351,187.184,187.313,6556.0
2026-04-21 19:00:00,187.313,187.364,187.225,187.237,4769.0
2026-04-21 20:00:00,187.236,187.262,187.058,187.092,6891.0
2026-04-21 21:00:00,187.092,187.137,187.049,187.108,5136.0
2026-04-21 22:00:00,187.109,187.177,187.027,187.151,6655.0
2026-04-21 23:00:00,187.15,187.292,187.128,187.175,4781.0
2026-04-22 00:00:00,187.083,187.193,187.024,187.121,1131.0
2026-04-22 01:00:00,187.129,187.181,187.096,187.137,2510.0
2026-04-22 02:00:00,187.136,187.212,187.121,187.177,2201.0
2026-04-22 03:00:00,187.176,187.197,186.989,187.07,4784.0
2026-04-22 04:00:00,187.073,187.078,187.014,187.036,4045.0
2026-04-22 05:00:00,187.036,187.118,187.036,187.093,2876.0
2026-04-22 06:00:00,187.093,187.155,187.081,187.107,2845.0
2026-04-22 07:00:00,187.106,187.118,187.036,187.062,2200.0
2026-04-22 08:00:00,187.062,187.156,187.045,187.103,4487.0
2026-04-22 09:00:00,187.104,187.126,187.014,187.034,3398.0
2026-04-22 10:00:00,187.026,187.202,186.998,187.173,4098.0
2026-04-22 11:00:00,187.172,187.308,187.125,187.304,4775.0
2026-04-22 12:00:00,187.304,187.325,187.175,187.189,4160.0
2026-04-22 13:00:00,187.188,187.223,187.103,187.119,3915.0
2026-04-22 14:00:00,187.119,187.119,186.851,186.876,4943.0
2026-04-22 15:00:00,186.877,186.912,186.76,186.895,4903.0
2026-04-22 16:00:00,186.895,186.904,186.729,186.884,6581.0
2026-04-22 17:00:00,186.885,186.892,186.762,186.785,6468.0
2026-04-22 18:00:00,186.784,186.907,186.754,186.823,5667.0
2026-04-22 19:00:00,186.823,186.848,186.783,186.826,4202.0
2026-04-22 20:00:00,186.825,186.837,186.709,186.709,3779.0
2026-04-22 21:00:00,186.71,186.767,186.695,186.736,2920.0
2026-04-22 22:00:00,186.736,186.76,186.705,186.756,2943.0
2026-04-22 23:00:00,186.755,186.768,186.651,186.665,2558.0
2026-04-23 00:00:00,186.615,186.657,186.546,186.652,1042.0
2026-04-23 01:00:00,186.631,186.704,186.629,186.683,1229.0
2026-04-23 02:00:00,186.683,186.709,186.638,186.692,1695.0
2026-04-23 03:00:00,186.693,186.749,186.56,186.602,6867.0
2026-04-23 04:00:00,186.597,186.679,186.579,186.622,4768.0
2026-04-23 05:00:00,186.623,186.702,186.61,186.615,4506.0
2026-04-23 06:00:00,186.615,186.639,186.568,186.596,3953.0
2026-04-23 07:00:00,186.597,186.701,186.593,186.671,2937.0
2026-04-23 08:00:00,186.671,186.778,186.662,186.769,3052.0
2026-04-23 09:00:00,186.769,186.911,186.744,186.856,4080.0
2026-04-23 10:00:00,186.862,186.964,186.711,186.773,5122.0
2026-04-23 11:00:00,186.78,186.883,186.767,186.863,4598.0
2026-04-23 12:00:00,186.863,186.877,186.725,186.786,4819.0
2026-04-23 13:00:00,186.786,186.825,186.555,186.581,4993.0
2026-04-23 14:00:00,186.584,186.614,186.513,186.529,5298.0
2026-04-23 15:00:00,186.531,186.58,186.431,186.495,6536.0
2026-04-23 16:00:00,186.494,186.632,186.452,186.558,6373.0
2026-04-23 17:00:00,186.559,186.75,186.513,186.667,6675.0
2026-04-23 18:00:00,186.667,186.693,186.583,186.602,5716.0
2026-04-23 19:00:00,186.601,186.635,186.524,186.597,4483.0
2026-04-23 20:00:00,186.597,186.661,186.517,186.568,8622.0
2026-04-23 21:00:00,186.569,186.599,186.542,186.594,6303.0
2026-04-23 22:00:00,186.592,186.639,186.571,186.628,4824.0
2026-04-23 23:00:00,186.631,186.651,186.583,186.609,2952.0
2026-04-24 00:00:00,186.49,186.597,186.325,186.525,1238.0
2026-04-24 01:00:00,186.523,186.655,186.523,186.633,1343.0
2026-04-24 02:00:00,186.633,186.684,186.598,186.652,1748.0
2026-04-24 03:00:00,186.652,186.729,186.62,186.724,4143.0
2026-04-24 04:00:00,186.725,186.741,186.671,186.731,3704.0
2026-04-24 05:00:00,186.732,186.749,186.58,186.596,2805.0
2026-04-24 06:00:00,186.595,186.631,186.575,186.607,3109.0
2026-04-24 07:00:00,186.606,186.625,186.539,186.605,2830.0
2026-04-24 08:00:00,186.606,186.649,186.584,186.643,2980.0
2026-04-24 09:00:00,186.643,186.648,186.464,186.489,4177.0
2026-04-24 10:00:00,186.49,186.707,186.438,186.665,3920.0
2026-04-24 11:00:00,186.668,186.766,186.595,186.71,5063.0
2026-04-24 12:00:00,186.713,186.72,186.639,186.685,3968.0
2026-04-24 13:00:00,186.684,186.863,186.675,186.842,3636.0
2026-04-24 14:00:00,186.841,186.879,186.688,186.762,6938.0
2026-04-24 15:00:00,186.77,186.845,186.712,186.814,5619.0
2026-04-24 16:00:00,186.805,186.852,186.732,186.81,6101.0
2026-04-24 17:00:00,186.807,186.852,186.674,186.726,7131.0
2026-04-24 18:00:00,186.724,186.788,186.686,186.727,6152.0
2026-04-24 19:00:00,186.727,186.773,186.685,186.751,4886.0
2026-04-24 20:00:00,186.75,186.771,186.705,186.728,4201.0
2026-04-27 00:00:00,186.565,186.785,186.516,186.751,480.0
2026-04-27 01:00:00,186.776,186.85,186.747,186.804,2196.0
2026-04-27 02:00:00,186.802,186.84,186.77,186.81,2188.0
2026-04-27 03:00:00,186.813,186.869,186.769,186.854,3346.0
2026-04-27 04:00:00,186.856,186.891,186.754,186.812,5219.0
2026-04-27 05:00:00,186.813,186.842,186.761,186.813,3440.0
2026-04-27 06:00:00,186.813,186.831,186.751,186.773,3164.0
2026-04-27 07:00:00,186.771,186.771,186.694,186.741,2771.0
2026-04-27 08:00:00,186.741,186.89,186.724,186.879,3249.0
2026-04-27 09:00:00,186.879,186.903,186.77,186.821,4286.0
2026-04-27 10:00:00,186.82,187.011,186.759,187.002,4860.0
2026-04-27 11:00:00,187.001,187.028,186.892,186.985,5135.0
2026-04-27 12:00:00,186.985,187.004,186.901,186.974,4053.0
2026-04-27 13:00:00,186.973,187.001,186.883,186.944,3760.0
2026-04-27 14:00:00,186.945,186.961,186.86,186.926,3875.0
2026-04-27 15:00:00,186.927,187.079,186.909,187.011,5210.0
2026-04-27 16:00:00,187.01,187.106,186.938,186.975,6041.0
2026-04-27 17:00:00,186.976,186.995,186.801,186.869,5750.0
2026-04-27 18:00:00,186.867,186.918,186.837,186.872,4908.0
2026-04-27 19:00:00,186.87,186.965,186.855,186.902,3429.0
2026-04-27 20:00:00,186.902,186.933,186.85,186.863,3474.0
2026-04-27 21:00:00,186.863,186.902,186.845,186.876,2705.0
2026-04-27 22:00:00,186.876,186.899,186.848,186.856,2539.0
2026-04-27 23:00:00,186.861,186.892,186.839,186.85,1603.0
2026-04-28 00:00:00,186.806,186.823,186.724,186.757,537.0
2026-04-28 01:00:00,186.767,186.868,186.767,186.835,1824.0
2026-04-28 02:00:00,186.835,186.88,186.77,186.796,1645.0
2026-04-28 03:00:00,186.797,186.859,186.74,186.845,3799.0
2026-04-28 04:00:00,186.844,186.875,186.79,186.847,3747.0
2026-04-28 05:00:00,186.855,186.863,186.728,186.738,2781.0
2026-04-28 06:00:00,186.739,186.791,186.247,186.296,4522.0
2026-04-28 07:00:00,186.296,186.319,186.201,186.292,3039.0
2026-04-28 08:00:00,186.292,186.346,186.26,186.327,3315.0
2026-04-28 09:00:00,186.327,186.34,186.068,186.214,5283.0
2026-04-28 10:00:00,186.213,186.606,186.166,186.572,5463.0
2026-04-28 11:00:00,186.586,186.818,186.584,186.59,5736.0
2026-04-28 12:00:00,186.589,186.638,186.464,186.547,4734.0
2026-04-28 13:00:00,186.548,186.649,186.508,186.63,4253.0
2026-04-28 14:00:00,186.63,186.776,186.611,186.613,5384.0
2026-04-28 15:00:00,186.614,186.676,186.445,186.488,6363.0
2026-04-28 16:00:00,186.49,186.676,186.458,186.561,6719.0
2026-04-28 17:00:00,186.56,186.857,186.527,186.855,7364.0
2026-04-28 18:00:00,186.854,186.912,186.808,186.851,6286.0
2026-04-28 19:00:00,186.85,186.884,186.779,186.823,4343.0
2026-04-28 20:00:00,186.822,186.882,186.799,186.851,3907.0
2026-04-28 21:00:00,186.853,186.945,186.844,186.911,3423.0
2026-04-28 22:00:00,186.909,186.933,186.868,186.922,3009.0
2026-04-28 23:00:00,186.92,186.941,186.889,186.911,1805.0
2026-04-29 00:00:00,186.891,186.893,186.723,186.783,410.0
2026-04-29 01:00:00,186.803,186.94,186.803,186.876,1512.0
2026-04-29 02:00:00,186.876,186.911,186.85,186.893,1641.0
2026-04-29 03:00:00,186.893,186.926,186.822,186.852,3102.0
2026-04-29 04:00:00,186.853,186.9,186.821,186.866,4549.0
2026-04-29 05:00:00,186.865,186.908,186.8,186.812,3108.0
2026-04-29 06:00:00,186.811,186.844,186.768,186.775,2365.0
2026-04-29 07:00:00,186.777,186.825,186.767,186.793,1856.0
2026-04-29 08:00:00,186.792,186.818,186.717,186.797,2791.0
2026-04-29 09:00:00,186.797,186.833,186.676,186.724,3872.0
2026-04-29 10:00:00,186.724,186.873,186.695,186.834,5064.0
2026-04-29 11:00:00,186.833,186.888,186.7,186.877,5349.0
2026-04-29 12:00:00,186.877,186.957,186.832,186.895,4305.0
2026-04-29 13:00:00,186.895,186.992,186.847,186.99,3664.0
2026-04-29 14:00:00,186.989,187.044,186.95,186.961,4011.0
2026-04-29 15:00:00,186.962,187.086,186.945,187.086,5533.0
2026-04-29 16:00:00,187.083,187.17,186.984,187.165,7154.0
2026-04-29 17:00:00,187.163,187.273,187.072,187.263,6790.0
2026-04-29 18:00:00,187.262,187.416,187.23,187.316,6617.0
2026-04-29 19:00:00,187.316,187.323,187.216,187.246,5181.0
2026-04-29 20:00:00,187.247,187.265,187.075,187.075,5059.0
2026-04-29 21:00:00,187.093,187.197,187.003,187.094,8327.0
2026-04-29 22:00:00,187.093,187.225,187.051,187.197,5643.0
2026-04-29 23:00:00,187.198,187.25,187.152,187.241,3902.0
2026-04-30 00:00:00,187.161,187.243,187.045,187.194,2219.0
2026-04-30 01:00:00,187.181,187.321,187.181,187.24,2425.0
2026-04-30 02:00:00,187.24,187.259,187.165,187.2,2830.0
2026-04-30 03:00:00,187.201,187.279,187.103,187.232,5413.0
2026-04-30 04:00:00,187.232,187.245,187.067,187.076,5255.0
2026-04-30 05:00:00,187.078,187.147,187.043,187.087,4717.0
2026-04-30 06:00:00,187.085,187.183,187.085,187.167,3920.0
2026-04-30 07:00:00,187.168,187.219,187.071,187.202,4781.0
2026-04-30 08:00:00,187.201,187.33,187.172,187.33,4335.0
2026-04-30 09:00:00,187.331,187.464,187.279,187.458,5750.0
2026-04-30 10:00:00,187.456,187.557,186.735,187.048,6116.0
2026-04-30 11:00:00,187.05,187.225,186.231,186.413,9196.0
2026-04-30 12:00:00,186.369,186.472,186.073,186.361,8521.0
2026-04-30 13:00:00,186.361,186.371,183.865,184.131,11204.0
2026-04-30 14:00:00,184.132,184.352,182.263,183.052,12842.0
2026-04-30 15:00:00,183.052,183.678,182.934,183.383,9841.0
2026-04-30 16:00:00,183.385,183.532,182.753,183.466,9584.0
2026-04-30 17:00:00,183.462,183.872,183.318,183.766,10006.0
2026-04-30 18:00:00,183.763,183.923,183.725,183.759,7905.0
2026-04-30 19:00:00,183.759,183.802,183.583,183.613,5371.0
2026-04-30 20:00:00,183.613,183.753,183.496,183.496,4990.0
2026-04-30 21:00:00,183.496,183.642,183.414,183.588,5056.0
2026-04-30 22:00:00,183.587,183.757,183.536,183.723,4952.0
2026-04-30 23:00:00,183.72,183.762,183.682,183.739,3282.0
2026-05-01 00:00:00,183.664,183.767,183.518,183.684,670.0
2026-05-01 01:00:00,183.687,183.885,183.686,183.811,2000.0
2026-05-01 02:00:00,183.813,184.209,183.799,184.158,3208.0
2026-05-01 03:00:00,184.155,184.5,184.14,184.248,6466.0
2026-05-01 04:00:00,184.248,184.47,184.19,184.436,4769.0
2026-05-01 05:00:00,184.436,184.58,184.368,184.525,3848.0
2026-05-01 06:00:00,184.524,184.587,184.274,184.423,3451.0
2026-05-01 07:00:00,184.424,184.47,184.32,184.42,3210.0
2026-05-01 08:00:00,184.419,184.452,184.341,184.399,3173.0
2026-05-01 09:00:00,184.4,184.411,182.639,183.054,6496.0
2026-05-01 10:00:00,183.056,183.894,182.925,183.815,8016.0
2026-05-01 11:00:00,183.816,183.888,183.561,183.776,5696.0
2026-05-01 12:00:00,183.776,183.964,183.651,183.714,4379.0
2026-05-01 13:00:00,183.713,183.946,183.707,183.938,3906.0
2026-05-01 14:00:00,183.946,184.04,183.909,184.028,4291.0
2026-05-01 15:00:00,184.044,184.179,183.996,184.144,6433.0
2026-05-01 16:00:00,184.143,184.222,183.782,184.047,6757.0
2026-05-01 17:00:00,184.051,184.451,184.026,184.348,8285.0
2026-05-01 18:00:00,184.348,184.449,184.297,184.298,6702.0
2026-05-01 19:00:00,184.296,184.321,184.19,184.248,5508.0
2026-05-01 20:00:00,184.248,184.252,184.126,184.153,3794.0
2026-05-04 00:00:00,184.038,184.145,183.851,183.895,604.0
2026-05-04 01:00:00,183.894,184.083,183.894,184.028,2661.0
2026-05-04 02:00:00,184.028,184.038,183.936,183.992,2043.0
2026-05-04 03:00:00,183.993,184.063,183.978,184.026,4356.0
2026-05-04 04:00:00,184.025,184.174,183.704,184.145,4913.0
2026-05-04 05:00:00,184.145,184.35,184.136,184.285,3931.0
2026-05-04 06:00:00,184.287,184.405,182.802,183.364,5800.0
2026-05-04 07:00:00,183.364,183.907,183.296,183.846,4509.0
2026-05-04 08:00:00,183.846,183.959,183.648,183.935,4182.0
2026-05-04 09:00:00,183.935,184.074,183.891,184.065,5049.0
2026-05-04 10:00:00,184.068,184.107,183.797,183.859,5060.0
2026-05-04 11:00:00,183.859,184.004,183.801,183.949,4799.0
2026-05-04 12:00:00,183.955,184.023,183.892,183.942,4229.0
2026-05-04 13:00:00,183.942,183.988,183.752,183.92,7895.0
2026-05-04 14:00:00,183.919,183.928,183.798,183.805,5674.0
2026-05-04 15:00:00,183.806,184.032,183.784,184.013,5733.0
2026-05-04 16:00:00,184.012,184.015,183.863,183.967,6814.0
2026-05-04 17:00:00,183.967,184.026,183.839,183.93,6583.0
2026-05-04 18:00:00,183.924,184.001,183.826,183.899,8153.0
2026-05-04 19:00:00,183.901,183.951,183.737,183.743,7250.0
2026-05-04 20:00:00,183.742,183.903,183.742,183.872,5102.0
2026-05-04 21:00:00,183.872,183.903,183.164,183.334,4267.0
2026-05-04 22:00:00,183.342,183.815,183.342,183.74,5031.0
2026-05-04 23:00:00,183.739,183.858,183.718,183.849,2716.0
2026-05-05 00:00:00,183.758,183.807,183.625,183.67,546.0
2026-05-05 01:00:00,183.672,183.854,183.672,183.81,1569.0
2026-05-05 02:00:00,183.81,183.837,183.77,183.816,1492.0
2026-05-05 03:00:00,183.816,183.847,183.718,183.734,3263.0
2026-05-05 04:00:00,183.734,183.79,183.682,183.734,3256.0
2026-05-05 05:00:00,183.734,183.812,183.721,183.763,2324.0
2026-05-05 06:00:00,183.76,183.78,183.726,183.752,1824.0
2026-05-05 07:00:00,183.752,183.804,183.676,183.678,2403.0
2026-05-05 08:00:00,183.68,183.758,183.662,183.756,3182.0
2026-05-05 09:00:00,183.756,183.816,183.708,183.743,4436.0
2026-05-05 10:00:00,183.743,183.821,183.695,183.803,5138.0
2026-05-05 11:00:00,183.803,183.948,183.779,183.849,4438.0
2026-05-05 12:00:00,183.848,184.446,183.692,184.142,5914.0
2026-05-05 13:00:00,184.142,184.307,184.119,184.256,3896.0
2026-05-05 14:00:00,184.255,184.423,184.241,184.399,4783.0
2026-05-05 15:00:00,184.397,184.516,184.288,184.475,5992.0
2026-05-05 16:00:00,184.476,184.61,184.464,184.566,5714.0
2026-05-05 17:00:00,184.564,184.652,184.483,184.581,6985.0
2026-05-05 18:00:00,184.583,184.673,184.533,184.598,5623.0
2026-05-05 19:00:00,184.594,184.652,184.519,184.608,3742.0
2026-05-05 20:00:00,184.608,184.716,184.604,184.677,3347.0
2026-05-05 21:00:00,184.677,184.759,184.665,184.716,2497.0
2026-05-05 22:00:00,184.716,184.732,184.622,184.65,2326.0
2026-05-05 23:00:00,184.649,184.662,184.606,184.613,1971.0
2026-05-06 00:00:00,184.581,184.581,184.39,184.577,291.0
2026-05-06 01:00:00,184.627,184.698,184.51,184.628,2275.0
2026-05-06 02:00:00,184.628,184.801,184.566,184.715,3756.0
2026-05-06 03:00:00,184.716,184.73,184.627,184.704,5381.0
2026-05-06 04:00:00,184.705,184.854,184.696,184.836,4663.0
2026-05-06 05:00:00,184.836,184.931,184.82,184.917,3407.0
2026-05-06 06:00:00,184.916,185.037,184.85,184.874,3223.0
2026-05-06 07:00:00,184.876,184.936,182.047,183.019,9197.0
2026-05-06 08:00:00,183.018,183.464,182.823,183.41,7009.0
2026-05-06 09:00:00,183.404,183.56,183.382,183.497,5463.0
2026-05-06 10:00:00,183.497,183.614,182.752,182.883,6113.0
2026-05-06 11:00:00,182.895,183.57,182.846,183.469,7633.0
2026-05-06 12:00:00,183.469,183.68,183.43,183.615,7090.0
2026-05-06 13:00:00,183.609,183.722,183.477,183.621,7193.0
2026-05-06 14:00:00,183.62,183.854,183.559,183.716,7957.0
2026-05-06 15:00:00,183.716,183.755,183.561,183.685,7857.0
2026-05-06 16:00:00,183.685,183.715,183.411,183.463,7617.0
2026-05-06 17:00:00,183.463,183.746,183.438,183.716,7580.0
2026-05-06 18:00:00,183.71,183.875,183.676,183.86,6074.0
2026-05-06 19:00:00,183.859,183.904,183.672,183.71,4774.0
2026-05-06 20:00:00,183.708,183.87,183.686,183.844,3943.0
2026-05-06 21:00:00,183.845,183.853,183.718,183.76,3670.0
2026-05-06 22:00:00,183.76,183.831,183.736,183.751,3818.0
2026-05-06 23:00:00,183.75,183.78,183.65,183.687,3028.0
2026-05-07 00:00:00,183.597,183.666,183.455,183.526,635.0
2026-05-07 01:00:00,183.526,183.743,183.526,183.709,1850.0
2026-05-07 02:00:00,183.709,183.879,183.648,183.878,2049.0
2026-05-07 03:00:00,183.878,183.882,183.615,183.657,5599.0
2026-05-07 04:00:00,183.657,183.707,183.496,183.697,5478.0
2026-05-07 05:00:00,183.697,183.81,183.632,183.794,3725.0
2026-05-07 06:00:00,183.794,183.799,183.7,183.77,3162.0
2026-05-07 07:00:00,183.767,183.783,183.688,183.73,2812.0
2026-05-07 08:00:00,183.729,183.8,183.698,183.766,3244.0
2026-05-07 09:00:00,183.766,183.787,183.515,183.608,4746.0
2026-05-07 10:00:00,183.608,183.878,183.53,183.873,6501.0
2026-05-07 11:00:00,183.872,184.029,183.806,184.022,5199.0
2026-05-07 12:00:00,184.022,184.13,184.003,184.055,4631.0
2026-05-07 13:00:00,184.053,184.163,184.001,184.029,4391.0
2026-05-07 14:00:00,184.029,184.084,183.931,184.082,4670.0
2026-05-07 15:00:00,184.084,184.092,183.98,183.994,5330.0
2026-05-07 16:00:00,183.992,184.104,183.99,183.99,6312.0
2026-05-07 17:00:00,183.991,184.125,183.913,183.996,6192.0
2026-05-07 18:00:00,183.996,184.163,183.995,184.082,6114.0
2026-05-07 19:00:00,184.081,184.224,184.076,184.208,5883.0
2026-05-07 20:00:00,184.208,184.236,184.038,184.069,5906.0
2026-05-07 21:00:00,184.069,184.217,184.032,184.17,5571.0
2026-05-07 22:00:00,184.17,184.194,184.055,184.07,5687.0
2026-05-07 23:00:00,184.066,184.143,183.947,183.953,3998.0
2026-05-08 00:00:00,183.878,183.949,183.754,183.856,1424.0
2026-05-08 01:00:00,183.836,184.038,183.836,183.954,2541.0
2026-05-08 02:00:00,183.954,184.022,183.94,183.991,1643.0
2026-05-08 03:00:00,183.991,184.116,183.975,184.08,4669.0
2026-05-08 04:00:00,184.082,184.125,184.015,184.088,3801.0
2026-05-08 05:00:00,184.089,184.12,183.988,183.993,3221.0
2026-05-08 06:00:00,183.993,184.001,183.927,183.942,2813.0
2026-05-08 07:00:00,183.942,184.097,183.94,184.058,2786.0
2026-05-08 08:00:00,184.058,184.102,184.041,184.072,3064.0
2026-05-08 09:00:00,184.073,184.194,184.052,184.19,4484.0
2026-05-08 10:00:00,184.19,184.204,184.118,184.171,4433.0
2026-05-08 11:00:00,184.171,184.34,184.162,184.339,4633.0
2026-05-08 12:00:00,184.339,184.426,184.32,184.399,4235.0
2026-05-08 13:00:00,184.4,184.491,184.386,184.42,3324.0
2026-05-08 14:00:00,184.42,184.495,184.399,184.419,3825.0
2026-05-08 15:00:00,184.418,184.451,184.255,184.427,6413.0
2026-05-08 16:00:00,184.425,184.442,184.275,184.371,6462.0
2026-05-08 17:00:00,184.369,184.44,184.324,184.418,6418.0
2026-05-08 18:00:00,184.418,184.495,184.31,184.408,5542.0
2026-05-08 19:00:00,184.411,184.484,184.39,184.45,3552.0
2026-05-08 20:00:00,184.45,184.492,184.4,184.454,2853.0
2026-05-11 00:00:00,183.762,184.333,183.762,184.242,850.0
2026-05-11 01:00:00,184.251,184.585,184.251,184.575,2652.0
2026-05-11 02:00:00,184.575,184.627,184.544,184.584,1836.0
2026-05-11 03:00:00,184.583,184.8,184.578,184.712,3406.0
2026-05-11 04:00:00,184.71,184.798,184.677,184.788,3883.0
2026-05-11 05:00:00,184.789,184.868,184.753,184.788,2592.0
2026-05-11 06:00:00,184.788,184.798,184.72,184.76,2116.0
2026-05-11 07:00:00,184.759,184.764,184.604,184.628,1681.0
2026-05-11 08:00:00,184.63,184.655,184.598,184.628,2175.0
2026-05-11 09:00:00,184.628,184.766,184.618,184.743,3376.0
2026-05-11 10:00:00,184.75,184.965,184.726,184.961,3400.0
2026-05-11 11:00:00,184.962,185.015,184.862,184.91,3559.0
2026-05-11 12:00:00,184.91,184.97,184.878,184.92,3138.0
2026-05-11 13:00:00,184.919,184.963,184.84,184.938,3374.0
2026-05-11 14:00:00,184.939,184.983,184.843,184.903,3551.0
2026-05-11 15:00:00,184.906,184.997,184.843,184.996,4490.0
2026-05-11 16:00:00,184.998,185.124,184.989,185.071,4879.0
2026-05-11 17:00:00,185.07,185.114,184.92,184.934,5174.0
2026-05-11 18:00:00,184.928,185.038,184.926,185.0,4743.0
2026-05-11 19:00:00,184.997,185.067,184.968,185.022,3421.0
2026-05-11 20:00:00,185.023,185.094,185.011,185.046,3356.0
2026-05-11 21:00:00,185.049,185.125,185.039,185.106,2738.0
2026-05-11 22:00:00,185.105,185.214,185.1,185.186,2752.0
2026-05-11 23:00:00,185.185,185.254,185.161,185.237,2040.0
2026-05-12 00:00:00,185.078,185.21,184.963,185.156,718.0
2026-05-12 01:00:00,185.143,185.297,185.143,185.257,1361.0
2026-05-12 02:00:00,185.257,185.266,185.185,185.202,1578.0
2026-05-12 03:00:00,185.202,185.251,185.173,185.233,3550.0
2026-05-12 04:00:00,185.234,185.335,185.203,185.288,4947.0
2026-05-12 05:00:00,185.287,185.394,185.28,185.364,2851.0
2026-05-12 06:00:00,185.365,185.368,185.251,185.291,2202.0
2026-05-12 07:00:00,185.292,185.348,185.242,185.276,2512.0
2026-05-12 08:00:00,185.277,185.459,184.439,185.034,3891.0
2026-05-12 09:00:00,185.035,185.147,184.783,185.084,6668.0
2026-05-12 10:00:00,185.085,185.126,184.934,185.034,5571.0
2026-05-12 11:00:00,185.035,185.172,184.973,185.12,5184.0
2026-05-12 12:00:00,185.119,185.199,185.084,185.098,4415.0
2026-05-12 13:00:00,185.098,185.156,184.979,184.984,3617.0
2026-05-12 14:00:00,184.984,185.073,184.931,185.05,4517.0
2026-05-12 15:00:00,185.051,185.113,184.854,185.09,5581.0
2026-05-12 16:00:00,185.088,185.128,184.895,184.925,6199.0
2026-05-12 17:00:00,184.922,184.997,184.872,184.986,6248.0
2026-05-12 18:00:00,184.986,185.051,184.898,185.038,5639.0
2026-05-12 19:00:00,185.04,185.111,185.01,185.016,4137.0
2026-05-12 20:00:00,185.016,185.035,184.975,185.025,3531.0
2026-05-12 21:00:00,185.026,185.049,184.951,185.022,3714.0
2026-05-12 22:00:00,185.022,185.065,185.002,185.064,3231.0
2026-05-12 23:00:00,185.044,185.072,185.002,185.037,1847.0
2026-05-13 00:00:00,184.832,184.996,184.813,184.932,623.0
2026-05-13 01:00:00,184.926,185.029,184.917,185.013,1042.0
2026-05-13 02:00:00,185.013,185.047,184.963,185.026,1299.0
2026-05-13 03:00:00,185.027,185.149,185.003,185.117,3480.0
2026-05-13 04:00:00,185.121,185.152,184.987,185.062,4064.0
2026-05-13 05:00:00,185.063,185.13,185.011,185.044,2433.0
2026-05-13 06:00:00,185.044,185.05,184.987,185.027,2392.0
2026-05-13 07:00:00,185.027,185.09,185.022,185.075,1690.0
2026-05-13 08:00:00,185.076,185.12,185.023,185.026,2241.0
2026-05-13 09:00:00,185.027,185.057,184.851,184.904,3489.0
2026-05-13 10:00:00,184.905,184.913,184.74,184.776,4178.0
2026-05-13 11:00:00,184.776,184.785,184.622,184.681,4077.0
2026-05-13 12:00:00,184.679,184.781,184.643,184.761,3655.0
2026-05-13 13:00:00,184.762,184.878,184.667,184.841,4049.0
2026-05-13 14:00:00,184.841,184.88,184.767,184.777,3183.0
2026-05-13 15:00:00,184.778,184.836,184.643,184.709,4957.0
2026-05-13 16:00:00,184.71,184.786,184.693,184.758,5173.0
2026-05-13 17:00:00,184.757,184.855,184.723,184.82,5411.0
2026-05-13 18:00:00,184.82,184.891,184.813,184.844,4635.0
2026-05-13 19:00:00,184.843,184.871,184.811,184.829,3966.0
2026-05-13 20:00:00,184.829,184.855,184.813,184.834,2673.0
2026-05-13 21:00:00,184.834,184.868,184.816,184.853,3276.0
2026-05-13 22:00:00,184.854,184.902,184.838,184.858,3386.0
2026-05-13 23:00:00,184.857,184.944,184.846,184.936,2248.0
2026-05-14 00:00:00,184.76,184.915,184.61,184.845,765.0
2026-05-14 01:00:00,184.851,184.935,184.849,184.917,1422.0
2026-05-14 02:00:00,184.916,184.945,184.869,184.944,1343.0
2026-05-14 03:00:00,184.944,184.977,184.889,184.954,3251.0
2026-05-14 04:00:00,184.953,185.009,184.936,184.973,3440.0
2026-05-14 05:00:00,184.973,185.013,184.958,184.965,2862.0
2026-05-14 06:00:00,184.965,185.05,184.963,185.02,2944.0
2026-05-14 07:00:00,185.019,185.021,184.574,184.932,3319.0
2026-05-14 08:00:00,184.932,184.994,184.89,184.912,3479.0
2026-05-14 09:00:00,184.91,185.013,184.84,184.968,4217.0
2026-05-14 10:00:00,184.966,185.014,184.862,184.875,4708.0
2026-05-14 11:00:00,184.869,184.936,184.852,184.92,4209.0
2026-05-14 12:00:00,184.92,184.95,184.839,184.871,3461.0
2026-05-14 13:00:00,184.872,184.921,184.858,184.916,3988.0
2026-05-14 14:00:00,184.918,184.922,184.786,184.822,4454.0
2026-05-14 15:00:00,184.82,184.872,184.758,184.785,4812.0
2026-05-14 16:00:00,184.785,184.857,184.038,184.594,7275.0
2026-05-14 17:00:00,184.593,184.745,184.533,184.705,7036.0
2026-05-14 18:00:00,184.7,184.726,184.587,184.602,6154.0
2026-05-14 19:00:00,184.603,184.701,184.587,184.683,4713.0
2026-05-14 20:00:00,184.684,184.762,184.679,184.737,3857.0
2026-05-14 21:00:00,184.74,184.743,184.679,184.72,3224.0
2026-05-14 22:00:00,184.722,184.837,184.706,184.814,3500.0
2026-05-14 23:00:00,184.817,184.833,184.762,184.818,2328.0
2026-05-15 00:00:00,184.755,184.782,184.654,184.759,551.0
2026-05-15 01:00:00,184.717,184.848,184.717,184.82,1585.0
2026-05-15 02:00:00,184.82,184.821,184.642,184.702,1980.0
2026-05-15 03:00:00,184.704,184.734,184.623,184.703,4574.0
2026-05-15 04:00:00,184.702,184.729,184.569,184.634,5274.0
2026-05-15 05:00:00,184.635,184.744,184.631,184.738,3737.0
2026-05-15 06:00:00,184.738,184.742,184.644,184.671,3041.0
2026-05-15 07:00:00,184.672,184.691,184.598,184.631,2449.0
2026-05-15 08:00:00,184.632,184.679,184.484,184.506,4630.0
2026-05-15 09:00:00,184.506,184.691,184.333,184.336,6106.0
2026-05-15 10:00:00,184.337,184.493,184.322,184.374,5547.0
2026-05-15 11:00:00,184.379,184.459,184.266,184.454,5388.0
2026-05-15 12:00:00,184.449,184.465,184.173,184.32,6024.0
2026-05-15 13:00:00,184.323,184.555,184.313,184.485,6114.0
2026-05-15 14:00:00,184.481,184.543,184.411,184.447,5015.0
2026-05-15 15:00:00,184.446,184.45,184.248,184.365,5388.0
2026-05-15 16:00:00,184.365,184.503,184.309,184.449,6380.0
2026-05-15 17:00:00,184.453,184.603,184.427,184.433,6775.0
2026-05-15 18:00:00,184.434,184.52,184.392,184.508,5702.0
2026-05-15 19:00:00,184.508,184.587,184.466,184.565,4202.0
2026-05-15 20:00:00,184.572,184.602,184.535,184.552,3636.0
2026-05-18 00:00:00,184.309,184.433,184.189,184.358,734.0
2026-05-18 01:00:00,184.353,184.602,184.346,184.565,2626.0
2026-05-18 02:00:00,184.565,184.576,184.477,184.484,2655.0
2026-05-18 03:00:00,184.484,184.593,184.453,184.548,5525.0
2026-05-18 04:00:00,184.547,184.646,184.477,184.635,5347.0
2026-05-18 05:00:00,184.636,184.641,184.549,184.586,3583.0
2026-05-18 06:00:00,184.587,184.838,184.583,184.826,2891.0
2026-05-18 07:00:00,184.826,184.881,184.628,184.749,3412.0
2026-05-18 08:00:00,184.751,184.76,184.669,184.746,3962.0
2026-05-18 09:00:00,184.741,184.889,184.692,184.882,4393.0
2026-05-18 10:00:00,184.883,184.942,184.813,184.856,5044.0
2026-05-18 11:00:00,184.855,184.928,184.81,184.9,4686.0
2026-05-18 12:00:00,184.9,184.944,184.872,184.917,3567.0
2026-05-18 13:00:00,184.917,184.945,184.776,184.784,3319.0
2026-05-18 14:00:00,184.782,184.973,184.777,184.909,5759.0
2026-05-18 15:00:00,184.913,185.038,184.892,184.892,6400.0
2026-05-18 16:00:00,184.891,184.973,184.856,184.955,6868.0
2026-05-18 17:00:00,184.956,185.043,184.92,184.92,7042.0
2026-05-18 18:00:00,184.918,185.057,184.888,185.015,6651.0
2026-05-18 19:00:00,185.014,185.215,184.955,185.18,5221.0
2026-05-18 20:00:00,185.176,185.196,185.108,185.108,3541.0
2026-05-18 21:00:00,185.109,185.129,184.977,184.988,3970.0
2026-05-18 22:00:00,184.99,185.141,184.99,185.118,5948.0
2026-05-18 23:00:00,185.118,185.197,185.063,185.158,2966.0
2026-05-19 00:00:00,185.096,185.102,184.897,185.086,602.0
2026-05-19 01:00:00,185.065,185.171,185.061,185.16,1476.0
2026-05-19 02:00:00,185.16,185.177,185.116,185.157,1551.0
2026-05-19 03:00:00,185.159,185.21,185.097,185.158,4441.0
2026-05-19 04:00:00,185.159,185.168,185.107,185.155,3954.0
2026-05-19 05:00:00,185.154,185.156,185.074,185.087,3456.0
2026-05-19 06:00:00,185.088,185.101,185.044,185.045,2848.0
2026-05-19 07:00:00,185.044,185.052,184.982,185.009,2697.0
2026-05-19 08:00:00,185.009,185.143,184.96,185.116,3076.0
2026-05-19 09:00:00,185.117,185.184,185.073,185.108,4257.0
2026-05-19 10:00:00,185.106,185.163,184.998,185.044,4552.0
2026-05-19 11:00:00,185.045,185.05,184.919,184.974,4792.0
2026-05-19 12:00:00,184.972,184.981,184.813,184.862,4489.0
2026-05-19 13:00:00,184.862,184.945,184.808,184.9,4671.0
2026-05-19 14:00:00,184.9,184.926,184.854,184.856,4898.0
2026-05-19 15:00:00,184.856,184.94,184.327,184.787,6149.0
2026-05-19 16:00:00,184.779,184.869,184.545,184.714,7730.0
2026-05-19 17:00:00,184.713,184.782,184.419,184.448,8353.0
2026-05-19 18:00:00,184.449,184.638,184.353,184.606,6453.0
2026-05-19 19:00:00,184.606,184.608,184.202,184.344,5906.0
2026-05-19 20:00:00,184.345,184.461,184.336,184.447,4072.0
2026-05-19 21:00:00,184.449,184.615,184.448,184.54,4599.0
2026-05-19 22:00:00,184.55,184.602,184.538,184.601,3670.0
2026-05-19 23:00:00,184.603,184.638,184.574,184.627,2176.0
2026-05-20 00:00:00,184.556,184.641,184.405,184.616,632.0
2026-05-20 01:00:00,184.645,184.686,184.611,184.655,1361.0
2026-05-20 02:00:00,184.654,184.658,184.592,184.597,1814.0
2026-05-20 03:00:00,184.596,184.645,184.445,184.453,5076.0
2026-05-20 04:00:00,184.454,184.499,184.387,184.437,5035.0
2026-05-20 05:00:00,184.439,184.467,184.286,184.319,4255.0
2026-05-20 06:00:00,184.319,184.38,184.286,184.328,3647.0
2026-05-20 07:00:00,184.327,184.414,184.311,184.37,2978.0
2026-05-20 08:00:00,184.371,184.412,184.268,184.336,3426.0
2026-05-20 09:00:00,184.336,184.412,184.303,184.356,4676.0
2026-05-20 10:00:00,184.357,184.413,184.336,184.398,4622.0
2026-05-20 11:00:00,184.404,184.41,184.272,184.341,4709.0
2026-05-20 12:00:00,184.341,184.399,184.316,184.333,3434.0
2026-05-20 13:00:00,184.334,184.472,184.322,184.45,3539.0
2026-05-20 14:00:00,184.453,184.504,184.39,184.495,4304.0
2026-05-20 15:00:00,184.494,184.525,184.365,184.382,4666.0
2026-05-20 16:00:00,184.382,184.438,184.339,184.417,5695.0
2026-05-20 17:00:00,184.416,184.692,184.352,184.578,9109.0
2026-05-20 18:00:00,184.578,184.694,184.511,184.563,8447.0
2026-05-20 19:00:00,184.563,184.687,184.558,184.653,5948.0
2026-05-20 20:00:00,184.654,184.721,184.603,184.641,5108.0
2026-05-20 21:00:00,184.637,184.788,184.637,184.745,4509.0
2026-05-20 22:00:00,184.744,184.78,184.705,184.713,3708.0
2026-05-20 23:00:00,184.707,184.761,184.695,184.755,3065.0
2026-05-21 00:00:00,184.642,184.672,184.567,184.613,575.0
2026-05-21 01:00:00,184.631,184.712,184.631,184.687,1476.0
2026-05-21 02:00:00,184.688,184.721,184.666,184.703,1535.0
2026-05-21 03:00:00,184.704,184.752,184.689,184.733,3909.0
2026-05-21 04:00:00,184.733,184.812,184.675,184.72,4135.0
2026-05-21 05:00:00,184.725,184.745,184.626,184.691,3394.0
2026-05-21 06:00:00,184.692,184.734,184.658,184.706,2533.0
2026-05-21 07:00:00,184.704,184.796,184.697,184.785,2200.0
2026-05-21 08:00:00,184.786,184.821,184.754,184.798,3129.0
2026-05-21 09:00:00,184.797,184.889,184.766,184.835,4108.0
2026-05-21 10:00:00,184.837,184.841,184.405,184.594,5997.0
2026-05-21 11:00:00,184.595,184.936,184.53,184.793,6190.0
2026-05-21 12:00:00,184.794,184.888,184.753,184.847,4209.0
2026-05-21 13:00:00,184.846,184.908,184.566,184.703,5995.0
2026-05-21 14:00:00,184.704,184.751,184.56,184.604,5370.0
2026-05-21 15:00:00,184.603,184.699,184.53,184.585,6025.0
2026-05-21 16:00:00,184.586,184.637,184.396,184.586,7374.0
2026-05-21 17:00:00,184.585,184.638,184.45,184.516,7598.0
2026-05-21 18:00:00,184.516,184.561,184.39,184.45,6844.0
2026-05-21 19:00:00,184.45,184.553,184.401,184.529,4635.0
2026-05-21 20:00:00,184.529,184.752,184.499,184.701,7474.0
2026-05-21 21:00:00,184.695,184.773,184.645,184.71,5930.0
2026-05-21 22:00:00,184.711,184.745,184.65,184.683,4594.0
2026-05-21 23:00:00,184.683,184.718,184.657,184.696,2499.0
2026-05-22 00:00:00,184.664,184.707,184.481,184.653,604.0
2026-05-22 01:00:00,184.655,184.739,184.655,184.721,1179.0
2026-05-22 02:00:00,184.722,184.762,184.698,184.753,1278.0
2026-05-22 03:00:00,184.754,184.794,184.704,184.772,3238.0
2026-05-22 04:00:00,184.774,184.81,184.709,184.714,2962.0
2026-05-22 05:00:00,184.715,184.729,184.64,184.665,2371.0
2026-05-22 06:00:00,184.663,184.678,184.628,184.674,1959.0
2026-05-22 07:00:00,184.673,184.764,184.65,184.762,1735.0
2026-05-22 08:00:00,184.759,184.8,184.702,184.732,2507.0
2026-05-22 09:00:00,184.732,184.782,184.648,184.718,3906.0
2026-05-22 10:00:00,184.718,184.736,184.627,184.726,3711.0
2026-05-22 11:00:00,184.725,184.755,184.634,184.665,4538.0
2026-05-22 12:00:00,184.665,184.68,184.543,184.623,3747.0
2026-05-22 13:00:00,184.622,184.668,184.511,184.544,3238.0
2026-05-22 14:00:00,184.544,184.622,184.493,184.544,3822.0
2026-05-22 15:00:00,184.543,184.646,184.523,184.598,5395.0
2026-05-22 16:00:00,184.597,184.734,184.585,184.61,6518.0
2026-05-22 17:00:00,184.552,184.626,184.449,184.523,6840.0
2026-05-22 18:00:00,184.522,184.757,184.51,184.718,5560.0
2026-05-22 19:00:00,184.718,184.824,184.684,184.817,4107.0
2026-05-22 20:00:00,184.817,184.859,184.754,184.803,4874.0
2026-05-25 00:00:00,184.723,184.833,184.694,184.743,758.0
2026-05-25 01:00:00,184.742,184.988,184.742,184.985,3481.0
2026-05-25 02:00:00,184.985,185.064,184.973,185.051,2372.0
2026-05-25 03:00:00,185.05,185.058,184.896,184.901,3597.0
2026-05-25 04:00:00,184.899,184.939,184.838,184.918,3675.0
2026-05-25 05:00:00,184.92,184.946,184.853,184.859,2176.0
2026-05-25 06:00:00,184.86,184.907,184.844,184.897,2485.0
2026-05-25 07:00:00,184.899,184.971,184.874,184.944,1897.0
2026-05-25 08:00:00,184.944,184.99,184.917,184.97,2271.0
2026-05-25 09:00:00,184.97,185.049,184.932,184.976,3150.0
2026-05-25 10:00:00,184.976,185.022,184.946,185.004,3838.0
2026-05-25 11:00:00,185.003,185.079,184.95,185.031,3306.0
2026-05-25 12:00:00,185.03,185.062,185.004,185.012,2088.0
2026-05-25 13:00:00,185.012,185.067,185.009,185.053,1961.0
2026-05-25 14:00:00,185.057,185.121,185.026,185.062,3404.0
2026-05-25 15:00:00,185.063,185.14,185.027,185.09,3957.0
2026-05-25 16:00:00,185.091,185.114,184.956,184.963,3643.0
2026-05-25 17:00:00,184.963,185.068,184.951,185.015,3538.0
2026-05-25 18:00:00,185.016,185.091,184.986,184.992,3577.0
2026-05-25 19:00:00,184.985,185.006,184.919,184.974,2337.0
2026-05-25 20:00:00,184.975,185.024,184.961,185.009,1326.0
2026-05-25 21:00:00,185.01,185.024,184.985,185.012,1200.0
2026-05-25 22:00:00,185.012,185.018,184.99,185.002,829.0
2026-05-25 23:00:00,185.003,185.038,184.999,185.029,1581.0
2026-05-26 00:00:00,184.88,184.93,184.798,184.881,1077.0
2026-05-26 01:00:00,184.978,185.026,184.965,185.003,1444.0
2026-05-26 02:00:00,185.002,185.048,184.94,184.961,1580.0
2026-05-26 03:00:00,184.961,185.037,184.94,185.017,3831.0
2026-05-26 04:00:00,185.016,185.034,184.894,184.942,3643.0
2026-05-26 05:00:00,184.941,184.947,184.891,184.915,2491.0
2026-05-26 06:00:00,184.915,184.941,184.894,184.936,1718.0
2026-05-26 07:00:00,184.935,184.94,184.886,184.91,1733.0
2026-05-26 08:00:00,184.909,184.927,184.876,184.914,2465.0
2026-05-26 09:00:00,184.914,185.15,184.901,185.109,3328.0
2026-05-26 10:00:00,185.109,185.281,185.021,185.26,4197.0
2026-05-26 11:00:00,185.261,185.36,185.238,185.264,3712.0
2026-05-26 12:00:00,185.264,185.345,185.189,185.305,3315.0
2026-05-26 13:00:00,185.305,185.319,185.185,185.27,3590.0
2026-05-26 14:00:00,185.27,185.32,185.204,185.216,4280.0
2026-05-26 15:00:00,185.21,185.252,185.189,185.209,4157.0
2026-05-26 16:00:00,185.209,185.252,185.06,185.164,5428.0
2026-05-26 17:00:00,185.167,185.219,185.09,185.213,5846.0
2026-05-26 18:00:00,185.213,185.223,185.122,185.17,5089.0
2026-05-26 19:00:00,185.171,185.254,185.157,185.179,2686.0
2026-05-26 20:00:00,185.182,185.247,185.151,185.242,2770.0
2026-05-26 21:00:00,185.244,185.294,185.229,185.292,2567.0
2026-05-26 22:00:00,185.291,185.317,185.266,185.315,2342.0
2026-05-26 23:00:00,185.313,185.322,185.274,185.29,1807.0
2026-05-27 00:00:00,185.047,185.274,185.047,185.204,963.0
2026-05-27 01:00:00,185.25,185.308,185.25,185.271,1358.0
2026-05-27 02:00:00,185.272,185.323,185.267,185.312,1322.0
2026-05-27 03:00:00,185.311,185.416,185.272,185.369,3556.0
2026-05-27 04:00:00,185.367,185.379,185.286,185.327,3405.0
2026-05-27 05:00:00,185.325,185.372,185.283,185.309,3160.0
2026-05-27 06:00:00,185.31,185.339,185.274,185.294,2230.0
2026-05-27 07:00:00,185.293,185.388,185.289,185.376,1903.0
2026-05-27 08:00:00,185.376,185.495,185.37,185.472,2482.0
2026-05-27 09:00:00,185.472,185.585,185.451,185.574,3370.0
2026-05-27 10:00:00,185.576,185.62,185.496,185.501,3760.0
2026-05-27 11:00:00,185.499,185.7,185.461,185.613,3758.0
2026-05-27 12:00:00,185.611,185.615,185.522,185.565,3094.0
2026-05-27 13:00:00,185.563,185.564,185.454,185.507,3205.0
2026-05-27 14:00:00,185.506,185.572,185.479,185.542,4353.0
2026-05-27 15:00:00,185.539,185.784,185.509,185.622,7382.0
2026-05-27 16:00:00,185.621,185.671,185.495,185.542,7004.0
2026-05-27 17:00:00,185.54,185.748,185.419,185.436,7609.0
2026-05-27 18:00:00,185.438,185.537,185.405,185.469,5857.0
2026-05-27 19:00:00,185.464,185.537,185.428,185.529,3684.0
2026-05-27 20:00:00,185.53,185.548,185.429,185.484,3302.0
2026-05-27 21:00:00,185.485,185.514,185.431,185.492,2823.0
2026-05-27 22:00:00,185.492,185.553,185.488,185.523,2369.0
2026-05-27 23:00:00,185.523,185.535,185.44,185.443,1893.0
2026-05-28 00:00:00,185.378,185.432,185.316,185.422,797.0
2026-05-28 01:00:00,185.464,185.499,185.436,185.438,1282.0
2026-05-28 02:00:00,185.439,185.475,185.353,185.38,1885.0
2026-05-28 03:00:00,185.381,185.455,185.37,185.412,3425.0
2026-05-28 04:00:00,185.414,185.42,185.272,185.283,3227.0
2026-05-28 05:00:00,185.283,185.314,185.262,185.288,2616.0
2026-05-28 06:00:00,185.289,185.298,184.949,184.95,4172.0
2026-05-28 07:00:00,184.95,185.001,184.895,184.976,3381.0
2026-05-28 08:00:00,184.977,185.105,184.91,185.073,3339.0
2026-05-28 09:00:00,185.073,185.192,185.069,185.173,3772.0
2026-05-28 10:00:00,185.174,185.261,185.161,185.184,3996.0
2026-05-28 11:00:00,185.184,185.238,185.152,185.217,3683.0
2026-05-28 12:00:00,185.216,185.238,185.127,185.132,3575.0
2026-05-28 13:00:00,185.132,185.137,185.036,185.039,3653.0
2026-05-28 14:00:00,185.039,185.328,185.026,185.247,4237.0
2026-05-28 15:00:00,185.245,185.449,185.219,185.448,5656.0
2026-05-28 16:00:00,185.446,185.532,185.399,185.455,5601.0
2026-05-28 17:00:00,185.456,185.657,185.42,185.46,8488.0
2026-05-28 18:00:00,185.463,185.613,185.46,185.544,5800.0
2026-05-28 19:00:00,185.544,185.619,185.498,185.537,4794.0
2026-05-28 20:00:00,185.537,185.544,185.491,185.522,3231.0
2026-05-28 21:00:00,185.522,185.536,185.483,185.504,3765.0
2026-05-28 22:00:00,185.499,185.528,185.468,185.482,3074.0
2026-05-28 23:00:00,185.481,185.519,185.447,185.506,2062.0
2026-05-29 00:00:00,185.52,185.52,185.3,185.506,803.0
2026-05-29 01:00:00,185.546,185.574,185.512,185.547,1403.0
2026-05-29 02:00:00,185.546,185.593,185.513,185.593,1427.0
2026-05-29 03:00:00,185.591,185.645,185.548,185.551,3447.0
2026-05-29 04:00:00,185.55,185.645,185.5,185.515,3572.0
2026-05-29 05:00:00,185.519,185.559,185.487,185.517,2165.0
2026-05-29 06:00:00,185.518,185.522,185.412,185.451,2592.0
2026-05-29 07:00:00,185.45,185.492,185.39,185.412,2108.0
2026-05-29 08:00:00,185.413,185.49,185.396,185.471,2240.0
2026-05-29 09:00:00,185.471,185.572,185.47,185.533,3612.0
2026-05-29 10:00:00,185.535,185.555,185.393,185.413,4195.0
2026-05-29 11:00:00,185.386,185.397,185.181,185.226,4248.0
2026-05-29 12:00:00,185.226,185.451,185.201,185.448,4089.0
2026-05-29 13:00:00,185.449,185.488,185.396,185.454,3561.0
2026-05-29 14:00:00,185.453,185.504,185.392,185.49,3870.0
2026-05-29 15:00:00,185.492,185.523,185.435,185.521,3917.0
2026-05-29 16:00:00,185.521,185.597,185.477,185.541,4501.0
2026-05-29 17:00:00,185.541,185.835,185.49,185.75,6541.0
2026-05-29 18:00:00,185.746,185.983,185.712,185.953,6612.0
2026-05-29 19:00:00,185.953,185.956,185.776,185.817,4163.0
2026-05-29 20:00:00,185.817,185.83,185.732,185.758,3259.0
2026-06-01 00:00:00,185.685,185.775,185.674,185.756,256.0
2026-06-01 01:00:00,185.803,185.811,185.709,185.759,3551.0
2026-06-01 02:00:00,185.758,185.764,185.626,185.635,2760.0
2026-06-01 03:00:00,185.635,185.76,185.635,185.725,4691.0
2026-06-01 04:00:00,185.725,185.739,185.678,185.721,3109.0
2026-06-01 05:00:00,185.721,185.731,185.684,185.713,2024.0
2026-06-01 06:00:00,185.715,185.744,185.656,185.694,2268.0
2026-06-01 07:00:00,185.695,185.75,185.683,185.735,1594.0
2026-06-01 08:00:00,185.736,185.837,185.735,185.788,2112.0
2026-06-01 09:00:00,185.788,185.979,185.787,185.965,4784.0
2026-06-01 10:00:00,185.96,185.96,185.816,185.886,4744.0
2026-06-01 11:00:00,185.887,185.916,185.823,185.886,4189.0
2026-06-01 12:00:00,185.885,185.923,185.748,185.78,4402.0
2026-06-01 13:00:00,185.781,185.787,185.698,185.723,3650.0
2026-06-01 14:00:00,185.724,185.768,185.65,185.742,3155.0
2026-06-01 15:00:00,185.742,185.784,185.711,185.758,4311.0
2026-06-01 16:00:00,185.758,185.786,185.445,185.446,7900.0
2026-06-01 17:00:00,185.427,185.57,185.389,185.555,6509.0
2026-06-01 18:00:00,185.556,185.604,185.467,185.573,5358.0
2026-06-01 19:00:00,185.573,185.622,185.513,185.613,4531.0
2026-06-01 20:00:00,185.611,185.761,185.58,185.731,4616.0
2026-06-01 21:00:00,185.731,185.816,185.707,185.813,2696.0
2026-06-01 22:00:00,185.809,185.809,185.693,185.746,3014.0
2026-06-01 23:00:00,185.743,185.764,185.702,185.72,2212.0
2026-06-02 00:00:00,185.583,185.701,185.566,185.668,1047.0
2026-06-02 01:00:00,185.737,185.778,185.704,185.745,1413.0
2026-06-02 02:00:00,185.745,185.765,185.705,185.753,1285.0
2026-06-02 03:00:00,185.753,185.79,185.693,185.708,3211.0
2026-06-02 04:00:00,185.707,185.776,185.7,185.748,3434.0
2026-06-02 05:00:00,185.749,185.788,185.736,185.758,2150.0
2026-06-02 06:00:00,185.758,185.832,185.757,185.819,2052.0
2026-06-02 07:00:00,185.819,185.896,185.818,185.885,1682.0
2026-06-02 08:00:00,185.885,185.909,185.868,185.892,1844.0
2026-06-02 09:00:00,185.893,186.1,185.883,186.063,4861.0
2026-06-02 10:00:00,186.063,186.072,185.981,186.021,4623.0
2026-06-02 11:00:00,186.021,186.052,185.963,185.996,4530.0
2026-06-02 12:00:00,185.997,186.002,185.926,185.99,3718.0
2026-06-02 13:00:00,185.989,186.014,185.911,185.984,3562.0
2026-06-02 14:00:00,185.983,186.136,185.977,186.093,2898.0
2026-06-02 15:00:00,186.096,186.203,186.07,186.153,3765.0
2026-06-02 16:00:00,186.155,186.185,186.028,186.078,4687.0
2026-06-02 17:00:00,186.089,186.181,186.0,186.138,4803.0
2026-06-02 18:00:00,186.138,186.172,186.043,186.107,4040.0
2026-06-02 19:00:00,186.1,186.101,185.932,185.945,2875.0
2026-06-02 20:00:00,185.946,185.968,185.881,185.902,2732.0
2026-06-02 21:00:00,185.904,185.97,185.797,185.944,2646.0
2026-06-02 22:00:00,185.949,186.049,185.949,186.029,2106.0
2026-06-02 23:00:00,186.029,186.066,185.989,186.012,1775.0
2026-06-03 00:00:00,185.973,185.997,185.813,185.941,712.0
2026-06-03 01:00:00,185.975,185.991,185.944,185.974,1447.0
2026-06-03 02:00:00,185.976,185.986,185.902,185.918,2071.0
2026-06-03 03:00:00,185.919,186.005,185.899,185.985,2909.0
2026-06-03 04:00:00,185.985,185.986,185.889,185.904,3184.0
2026-06-03 05:00:00,185.906,185.927,185.848,185.901,2128.0
2026-06-03 06:00:00,185.901,185.946,185.886,185.907,1905.0
2026-06-03 07:00:00,185.907,185.909,185.855,185.88,1660.0
2026-06-03 08:00:00,185.88,185.9,185.808,185.81,2333.0
2026-06-03 09:00:00,185.81,185.85,185.734,185.835,4703.0
2026-06-03 10:00:00,185.834,185.839,185.446,185.51,5980.0
2026-06-03 11:00:00,185.51,185.554,185.116,185.447,6174.0
2026-06-03 12:00:00,185.448,185.662,185.448,185.569,4239.0
2026-06-03 13:00:00,185.569,185.691,185.546,185.62,4743.0
2026-06-03 14:00:00,185.62,185.741,185.606,185.694,3211.0
2026-06-03 15:00:00,185.693,185.708,185.454,185.512,4823.0
2026-06-03 16:00:00,185.508,185.633,185.484,185.617,5443.0
2026-06-03 17:00:00,185.611,185.745,185.501,185.73,6273.0
2026-06-03 18:00:00,185.732,185.737,185.631,185.639,5310.0
2026-06-03 19:00:00,185.642,185.65,185.539,185.583,4507.0
2026-06-03 20:00:00,185.588,185.632,185.556,185.628,2852.0
2026-06-03 21:00:00,185.628,185.631,185.578,185.606,2481.0
2026-06-03 22:00:00,185.606,185.659,185.587,185.653,2681.0
2026-06-03 23:00:00,185.653,185.687,185.645,185.667,2083.0
2026-06-04 00:00:00,185.6,185.626,185.482,185.564,689.0
2026-06-04 01:00:00,185.61,185.636,185.559,185.593,2060.0
2026-06-04 02:00:00,185.596,185.699,185.582,185.686,2361.0
2026-06-04 03:00:00,185.683,185.698,185.596,185.597,3651.0
2026-06-04 04:00:00,185.596,185.625,185.566,185.619,3716.0
2026-06-04 05:00:00,185.62,185.657,185.584,185.642,2483.0
2026-06-04 06:00:00,185.641,185.663,185.591,185.662,2055.0
2026-06-04 07:00:00,185.662,185.679,185.342,185.604,2656.0
2026-06-04 08:00:00,185.604,185.637,185.586,185.622,2565.0
2026-06-04 09:00:00,185.623,185.676,185.586,185.657,4691.0
2026-06-04 10:00:00,185.659,185.663,185.475,185.547,4805.0
2026-06-04 11:00:00,185.552,185.679,185.545,185.662,4944.0
2026-06-04 12:00:00,185.661,185.882,185.66,185.842,5208.0
2026-06-04 13:00:00,185.844,185.993,185.837,185.943,4625.0
2026-06-04 14:00:00,185.943,186.091,185.935,185.998,4695.0
2026-06-04 15:00:00,185.996,186.102,185.989,186.034,4736.0
2026-06-04 16:00:00,186.034,186.103,186.003,186.08,4862.0
2026-06-04 17:00:00,186.08,186.111,186.024,186.067,4368.0
2026-06-04 18:00:00,186.068,186.105,185.956,186.019,3906.0
2026-06-04 19:00:00,186.019,186.033,185.927,185.938,2718.0
2026-06-04 20:00:00,185.948,185.959,185.899,185.922,2209.0
2026-06-04 21:00:00,185.92,185.933,185.838,185.868,2225.0
2026-06-04 22:00:00,185.868,185.878,185.791,185.813,2095.0
2026-06-04 23:00:00,185.813,185.826,185.776,185.793,1727.0
2026-06-05 00:00:00,185.707,185.844,185.661,185.725,663.0
2026-06-05 01:00:00,185.789,185.818,185.781,185.793,1021.0
2026-06-05 02:00:00,185.799,185.814,185.776,185.792,1121.0
2026-06-05 03:00:00,185.793,185.81,185.717,185.754,3156.0
2026-06-05 04:00:00,185.753,185.788,185.698,185.772,3860.0
2026-06-05 05:00:00,185.772,185.825,185.759,185.79,2336.0
2026-06-05 06:00:00,185.79,185.821,185.757,185.789,2198.0
2026-06-05 07:00:00,185.788,185.818,185.771,185.808,1967.0
2026-06-05 08:00:00,185.807,185.828,185.764,185.805,2099.0
2026-06-05 09:00:00,185.805,185.897,185.758,185.886,4039.0
2026-06-05 10:00:00,185.883,186.093,185.873,186.055,4417.0
2026-06-05 11:00:00,186.056,186.161,186.053,186.124,4200.0
2026-06-05 12:00:00,186.123,186.206,186.098,186.152,4164.0
2026-06-05 13:00:00,186.149,186.203,186.114,186.139,3443.0
2026-06-05 14:00:00,186.136,186.144,186.004,186.082,3312.0
2026-06-05 15:00:00,186.082,186.115,185.629,185.632,6837.0
2026-06-05 16:00:00,185.636,185.698,185.246,185.321,8599.0
2026-06-05 17:00:00,185.32,185.379,185.098,185.255,7409.0
2026-06-05 18:00:00,185.256,185.264,184.767,184.822,5940.0
2026-06-05 19:00:00,184.821,184.835,184.712,184.834,5289.0
2026-06-05 20:00:00,184.837,184.854,184.695,184.755,4364.0
2026-06-08 00:00:00,184.344,184.447,184.334,184.447,436.0
2026-06-08 01:00:00,184.501,184.683,184.501,184.594,3445.0
2026-06-08 02:00:00,184.595,184.744,184.573,184.736,2596.0
2026-06-08 03:00:00,184.736,184.91,184.653,184.909,3988.0
2026-06-08 04:00:00,184.909,184.94,184.585,184.804,6176.0
2026-06-08 05:00:00,184.804,184.928,184.741,184.891,3700.0
2026-06-08 06:00:00,184.892,184.916,184.856,184.908,2570.0
2026-06-08 07:00:00,184.907,184.92,184.846,184.898,2573.0
2026-06-08 08:00:00,184.901,184.992,184.587,184.608,4003.0
2026-06-08 09:00:00,184.61,184.769,184.536,184.548,5772.0
2026-06-08 10:00:00,184.548,184.696,184.523,184.524,5880.0
2026-06-08 11:00:00,184.525,184.583,183.981,184.161,6092.0
2026-06-08 12:00:00,184.16,184.242,184.03,184.207,6308.0
2026-06-08 13:00:00,184.208,184.429,184.169,184.394,5352.0
2026-06-08 14:00:00,184.395,184.621,184.372,184.55,5473.0
2026-06-08 15:00:00,184.551,184.641,184.522,184.623,4929.0
2026-06-08 16:00:00,184.624,184.811,184.614,184.703,6160.0
2026-06-08 17:00:00,184.702,184.783,184.687,184.766,5611.0
2026-06-08 18:00:00,184.769,184.866,184.736,184.845,5033.0
2026-06-08 19:00:00,184.846,184.858,184.778,184.809,3744.0
2026-06-08 20:00:00,184.809,184.848,184.787,184.801,3960.0
2026-06-08 21:00:00,184.802,184.845,184.74,184.746,3074.0
2026-06-08 22:00:00,184.743,184.806,184.726,184.735,3376.0
2026-06-08 23:00:00,184.734,184.758,184.694,184.707,2274.0
2026-06-09 00:00:00,184.662,184.759,184.467,184.71,583.0
2026-06-09 01:00:00,184.752,184.752,184.685,184.737,1636.0
2026-06-09 02:00:00,184.736,184.755,184.65,184.654,1704.0
2026-06-09 03:00:00,184.655,184.786,184.604,184.775,4300.0
2026-06-09 04:00:00,184.775,184.857,184.76,184.856,4095.0
2026-06-09 05:00:00,184.855,184.868,184.828,184.856,2668.0
2026-06-09 06:00:00,184.855,184.898,184.82,184.896,2732.0
2026-06-09 07:00:00,184.897,184.989,184.881,184.951,2297.0
2026-06-09 08:00:00,184.951,184.953,184.839,184.893,3415.0
2026-06-09 09:00:00,184.893,184.975,184.828,184.897,5111.0
2026-06-09 10:00:00,184.904,184.932,184.815,184.855,5323.0
2026-06-09 11:00:00,184.856,185.043,184.819,185.013,4809.0
2026-06-09 12:00:00,185.013,185.214,185.013,185.203,3945.0
2026-06-09 13:00:00,185.202,185.291,185.19,185.24,3716.0
2026-06-09 14:00:00,185.24,185.369,185.239,185.342,2796.0
2026-06-09 15:00:00,185.343,185.416,185.312,185.397,3528.0
2026-06-09 16:00:00,185.397,185.465,185.258,185.294,4827.0
2026-06-09 17:00:00,185.294,185.376,185.172,185.288,6474.0
2026-06-09 18:00:00,185.288,185.363,185.073,185.146,5746.0
2026-06-09 19:00:00,185.146,185.177,184.964,185.118,6962.0
2026-06-09 20:00:00,185.12,185.192,185.089,185.179,5324.0
2026-06-09 21:00:00,185.179,185.258,185.166,185.21,4039.0
2026-06-09 22:00:00,185.21,185.217,185.09,185.137,3635.0
2026-06-09 23:00:00,185.136,185.169,185.098,185.113,1713.0
2026-06-10 00:00:00,185.044,185.071,184.965,184.971,473.0
2026-06-10 01:00:00,185.027,185.079,185.022,185.049,1628.0
2026-06-10 02:00:00,185.049,185.091,184.98,185.005,1948.0
2026-06-10 03:00:00,185.005,185.124,184.97,185.118,4287.0
2026-06-10 04:00:00,185.118,185.123,184.953,185.045,4510.0
2026-06-10 05:00:00,185.046,185.114,185.016,185.104,3031.0
2026-06-10 06:00:00,185.103,185.238,185.1,185.217,2613.0
2026-06-10 07:00:00,185.218,185.22,185.122,185.169,2460.0
2026-06-10 08:00:00,185.169,185.295,185.145,185.268,3047.0
2026-06-10 09:00:00,185.267,185.35,185.213,185.222,4840.0
2026-06-10 10:00:00,185.216,185.349,185.189,185.311,4552.0
2026-06-10 11:00:00,185.31,185.343,185.237,185.343,4977.0
2026-06-10 12:00:00,185.344,185.469,185.292,185.438,4532.0
2026-06-10 13:00:00,185.44,185.473,185.353,185.371,3920.0
2026-06-10 14:00:00,185.371,185.373,185.145,185.162,5426.0
2026-06-10 15:00:00,185.162,185.436,185.15,185.282,6208.0
2026-06-10 16:00:00,185.281,185.57,185.27,185.448,5871.0
2026-06-10 17:00:00,185.447,185.509,185.316,185.392,6571.0
2026-06-10 18:00:00,185.392,185.445,185.167,185.336,6614.0
2026-06-10 19:00:00,185.336,185.504,185.324,185.422,4658.0
2026-06-10 20:00:00,185.423,185.439,185.32,185.422,4598.0
2026-06-10 21:00:00,185.421,185.48,185.311,185.345,4384.0
2026-06-10 22:00:00,185.35,185.351,185.272,185.282,3565.0
2026-06-10 23:00:00,185.281,185.282,185.198,185.206,2377.0
2026-06-11 00:00:00,185.168,185.192,185.018,185.13,433.0
2026-06-11 01:00:00,185.13,185.186,185.057,185.107,2395.0
2026-06-11 02:00:00,185.104,185.211,185.05,185.178,3226.0
2026-06-11 03:00:00,185.177,185.292,185.164,185.272,4842.0
2026-06-11 04:00:00,185.273,185.439,185.273,185.429,4019.0
2026-06-11 05:00:00,185.43,185.432,185.329,185.362,3330.0
2026-06-11 06:00:00,185.363,185.382,185.316,185.318,2882.0
2026-06-11 07:00:00,185.317,185.388,185.288,185.354,2460.0
2026-06-11 08:00:00,185.354,185.405,185.328,185.382,2894.0
2026-06-11 09:00:00,185.382,185.401,185.294,185.31,4303.0
2026-06-11 10:00:00,185.309,185.472,185.295,185.307,4769.0
2026-06-11 11:00:00,185.305,185.308,185.106,185.127,4860.0
2026-06-11 12:00:00,185.129,185.215,185.099,185.152,4173.0
2026-06-11 13:00:00,185.149,185.164,185.001,185.105,4182.0
2026-06-11 14:00:00,185.105,185.255,185.104,185.23,3463.0
2026-06-11 15:00:00,185.235,185.299,184.935,185.251,6718.0
2026-06-11 16:00:00,185.259,185.27,184.923,185.034,6246.0
2026-06-11 17:00:00,185.035,185.048,184.817,184.89,5849.0
2026-06-11 18:00:00,184.891,184.937,184.793,184.818,5237.0
2026-06-11 19:00:00,184.818,184.841,184.738,184.752,3917.0
2026-06-11 20:00:00,184.752,185.206,184.658,184.961,7731.0
2026-06-11 21:00:00,184.962,185.039,184.936,185.014,6936.0
2026-06-11 22:00:00,185.015,185.123,184.904,185.02,6662.0
2026-06-11 23:00:00,185.02,185.221,185.019,185.221,3503.0
2026-06-12 00:00:00,185.091,185.197,184.982,185.143,705.0
2026-06-12 01:00:00,185.167,185.381,185.167,185.379,2583.0
2026-06-12 02:00:00,185.38,185.386,185.276,185.362,2613.0
2026-06-12 03:00:00,185.365,185.38,185.26,185.306,4568.0
2026-06-12 04:00:00,185.306,185.322,185.165,185.318,4185.0
2026-06-12 05:00:00,185.318,185.425,185.308,185.401,3081.0
2026-06-12 06:00:00,185.401,185.448,185.379,185.423,3350.0
2026-06-12 07:00:00,185.424,185.471,185.407,185.438,2629.0
2026-06-12 08:00:00,185.438,185.458,185.317,185.321,3587.0
2026-06-12 09:00:00,185.322,185.556,185.322,185.534,5217.0
2026-06-12 10:00:00,185.538,185.543,185.325,185.395,5534.0
2026-06-12 11:00:00,185.393,185.468,185.289,185.332,7014.0
2026-06-12 12:00:00,185.332,185.45,185.278,185.418,5925.0
2026-06-12 13:00:00,185.419,185.435,185.282,185.291,5601.0
2026-06-12 14:00:00,185.291,185.403,185.29,185.34,4096.0
2026-06-12 15:00:00,185.341,185.366,185.252,185.311,4679.0
2026-06-12 16:00:00,185.31,185.504,185.298,185.437,6162.0
2026-06-12 17:00:00,185.429,185.501,185.394,185.447,6903.0
2026-06-12 18:00:00,185.445,185.546,185.425,185.454,5987.0
2026-06-12 19:00:00,185.453,185.473,185.37,185.458,4848.0
2026-06-12 20:00:00,185.458,185.47,185.404,185.425,3423.0
2026-06-15 00:00:00,185.318,185.473,185.177,185.447,743.0
2026-06-15 01:00:00,185.44,185.695,185.414,185.671,4762.0
2026-06-15 02:00:00,185.668,185.67,185.564,185.598,2534.0
2026-06-15 03:00:00,185.598,185.753,185.584,185.707,4296.0
2026-06-15 04:00:00,185.706,185.852,185.672,185.806,3295.0
2026-06-15 05:00:00,185.805,185.839,185.724,185.757,2309.0
2026-06-15 06:00:00,185.757,185.762,185.695,185.736,2094.0
2026-06-15 07:00:00,185.737,185.865,185.736,185.859,1917.0
2026-06-15 08:00:00,185.861,185.954,185.848,185.928,2630.0
2026-06-15 09:00:00,185.928,185.946,185.789,185.849,4609.0
2026-06-15 10:00:00,185.851,185.856,185.767,185.827,5093.0
2026-06-15 11:00:00,185.827,185.884,185.719,185.78,4524.0
2026-06-15 12:00:00,185.78,185.903,185.77,185.849,2476.0
2026-06-15 13:00:00,185.852,185.955,185.815,185.915,3854.0
2026-06-15 14:00:00,185.915,186.013,185.887,185.961,3542.0
2026-06-15 15:00:00,185.96,186.055,185.874,186.005,4191.0
2026-06-15 16:00:00,186.005,186.021,185.915,185.954,4511.0
2026-06-15 17:00:00,185.953,185.955,185.798,185.88,5114.0
2026-06-15 18:00:00,185.882,185.884,185.755,185.809,3646.0
2026-06-15 19:00:00,185.81,185.936,185.794,185.907,3175.0
2026-06-15 20:00:00,185.907,185.922,185.866,185.903,2531.0
2026-06-15 21:00:00,185.904,185.947,185.835,185.871,3071.0
2026-06-15 22:00:00,185.873,185.883,185.799,185.811,3091.0
2026-06-15 23:00:00,185.811,185.837,185.786,185.825,2296.0
2026-06-16 00:00:00,185.8,185.887,185.694,185.809,527.0
2026-06-16 01:00:00,185.848,185.86,185.748,185.795,1605.0
2026-06-16 02:00:00,185.795,185.81,185.73,185.743,1559.0
2026-06-16 03:00:00,185.738,185.768,185.646,185.715,2886.0
2026-06-16 04:00:00,185.715,185.739,185.58,185.592,3204.0
2026-06-16 05:00:00,185.592,185.6,185.519,185.562,2229.0
2026-06-16 06:00:00,185.564,185.673,185.451,185.623,3207.0
2026-06-16 07:00:00,185.624,185.65,185.512,185.553,3195.0
2026-06-16 08:00:00,185.554,185.627,185.534,185.55,2729.0
2026-06-16 09:00:00,185.547,185.641,185.491,185.64,4876.0
2026-06-16 10:00:00,185.641,185.875,185.615,185.801,5097.0
2026-06-16 11:00:00,185.801,186.075,185.781,186.063,4665.0
2026-06-16 12:00:00,186.061,186.123,185.966,186.009,4238.0
2026-06-16 13:00:00,186.009,186.163,185.996,186.129,4381.0
2026-06-16 14:00:00,186.129,186.139,185.955,185.997,3401.0
2026-06-16 15:00:00,185.997,186.006,185.891,185.969,3788.0
2026-06-16 16:00:00,185.971,186.072,185.921,185.942,4788.0
2026-06-16 17:00:00,185.943,186.201,185.893,186.174,5215.0
2026-06-16 18:00:00,186.176,186.303,186.125,186.276,4824.0
2026-06-16 19:00:00,186.277,186.319,186.25,186.272,4066.0
2026-06-16 20:00:00,186.272,186.306,186.255,186.291,2809.0
2026-06-16 21:00:00,186.291,186.312,186.228,186.272,2793.0
2026-06-16 22:00:00,186.271,186.298,186.226,186.271,2648.0
2026-06-16 23:00:00,186.27,186.292,186.248,186.261,1763.0
2026-06-17 00:00:00,186.178,186.242,186.106,186.187,838.0
2026-06-17 01:00:00,186.224,186.316,186.224,186.267,2080.0
2026-06-17 02:00:00,186.266,186.303,186.246,186.246,1985.0
2026-06-17 03:00:00,186.248,186.314,186.217,186.239,2602.0
2026-06-17 04:00:00,186.238,186.266,186.16,186.204,2265.0
2026-06-17 05:00:00,186.203,186.214,186.129,186.13,1459.0
2026-06-17 06:00:00,186.128,186.175,186.113,186.139,1580.0
2026-06-17 07:00:00,186.14,186.147,186.087,186.105,1585.0
2026-06-17 08:00:00,186.105,186.174,186.099,186.169,1867.0
2026-06-17 09:00:00,186.168,186.199,185.986,186.018,3831.0
2026-06-17 10:00:00,186.017,186.145,185.939,185.952,4210.0
2026-06-17 11:00:00,185.949,185.95,185.766,185.874,4813.0
2026-06-17 12:00:00,185.874,185.907,185.838,185.875,3812.0
2026-06-17 13:00:00,185.875,185.904,185.776,185.826,3486.0
2026-06-17 14:00:00,185.825,185.837,185.717,185.82,3183.0
2026-06-17 15:00:00,185.822,185.929,185.811,185.922,3427.0
2026-06-17 16:00:00,185.92,185.95,185.778,185.781,4505.0
2026-06-17 17:00:00,185.78,185.824,185.685,185.801,5161.0
2026-06-17 18:00:00,185.8,185.822,185.705,185.739,4335.0
2026-06-17 19:00:00,185.739,185.741,185.665,185.695,2827.0
2026-06-17 20:00:00,185.696,185.793,185.674,185.756,3403.0
2026-06-17 21:00:00,185.605,185.622,185.133,185.19,11522.0
2026-06-17 22:00:00,185.183,185.211,184.541,184.747,11236.0
2026-06-17 23:00:00,184.744,184.862,184.652,184.785,4458.0
2026-06-18 00:00:00,184.736,184.75,184.594,184.622,737.0
2026-06-18 01:00:00,184.739,184.796,184.714,184.774,2680.0
2026-06-18 02:00:00,184.775,184.814,184.739,184.803,2106.0
2026-06-18 03:00:00,184.803,185.08,184.794,185.049,4692.0
2026-06-18 04:00:00,185.048,185.128,184.994,184.998,3566.0
2026-06-18 05:00:00,184.999,185.032,184.942,184.955,2579.0
2026-06-18 06:00:00,184.954,185.052,184.951,185.047,2541.0
2026-06-18 07:00:00,185.047,185.092,185.005,185.056,2906.0
2026-06-18 08:00:00,185.056,185.081,184.904,184.91,2820.0
2026-06-18 09:00:00,184.909,185.199,184.907,185.039,5381.0
2026-06-18 10:00:00,185.037,185.073,184.835,184.887,5776.0
2026-06-18 11:00:00,184.887,184.913,184.569,184.607,6038.0
2026-06-18 12:00:00,184.61,184.621,184.292,184.532,6564.0
2026-06-18 13:00:00,184.531,184.557,184.393,184.428,6073.0
2026-06-18 14:00:00,184.431,184.52,184.351,184.382,5472.0
2026-06-18 15:00:00,184.382,184.66,184.332,184.511,6044.0
2026-06-18 16:00:00,184.509,184.686,184.431,184.575,6828.0
2026-06-18 17:00:00,184.576,184.765,184.516,184.764,6128.0
2026-06-18 18:00:00,184.768,185.079,184.66,185.067,6033.0
2026-06-18 19:00:00,185.077,185.085,184.922,185.082,5568.0
2026-06-18 20:00:00,185.086,185.18,185.041,185.057,4207.0
2026-06-18 21:00:00,185.058,185.28,185.029,185.272,4213.0
2026-06-18 22:00:00,185.277,185.37,184.344,184.959,6556.0
2026-06-18 23:00:00,184.964,185.003,184.897,184.916,2771.0
2026-06-19 00:00:00,184.886,184.956,184.736,184.893,659.0
2026-06-19 01:00:00,184.912,185.024,184.732,184.876,2382.0
2026-06-19 02:00:00,184.876,184.92,184.803,184.816,1982.0
2026-06-19 03:00:00,184.819,184.888,184.58,184.655,4357.0
2026-06-19 04:00:00,184.657,184.714,184.543,184.621,4107.0
2026-06-19 05:00:00,184.621,184.697,184.577,184.681,2853.0
2026-06-19 06:00:00,184.684,184.696,184.516,184.615,3136.0
2026-06-19 07:00:00,184.617,184.656,184.408,184.433,3394.0
2026-06-19 08:00:00,184.431,184.486,184.296,184.424,4863.0
2026-06-19 09:00:00,184.424,184.582,184.408,184.532,5327.0
2026-06-19 10:00:00,184.532,184.684,184.523,184.653,5452.0
2026-06-19 11:00:00,184.653,184.93,184.646,184.901,4986.0
2026-06-19 12:00:00,184.899,184.924,184.793,184.8,4545.0
2026-06-19 13:00:00,184.799,184.885,184.731,184.86,4326.0
2026-06-19 14:00:00,184.862,184.942,184.765,184.816,3357.0
2026-06-19 15:00:00,184.818,184.948,184.818,184.877,4165.0
2026-06-19 16:00:00,184.877,184.91,184.767,184.889,4595.0
2026-06-19 17:00:00,184.888,184.938,184.785,184.826,4133.0
2026-06-19 18:00:00,184.828,184.971,184.824,184.93,2831.0
2026-06-19 19:00:00,184.929,185.029,184.91,185.027,1801.0
2026-06-19 20:00:00,185.034,185.111,185.009,185.058,2208.0
