open_time,open,high,low,close,volume
2024-06-21 06:00:00,1.0717,1.0717,1.07138,1.07164,1207.0
2024-06-21 07:00:00,1.07164,1.07187,1.07154,1.07185,1132.0
2024-06-21 08:00:00,1.07185,1.07199,1.07151,1.0718,2133.0
2024-06-21 09:00:00,1.0718,1.07206,1.07086,1.071,3658.0
2024-06-21 10:00:00,1.071,1.07103,1.06711,1.0678,5470.0
2024-06-21 11:00:00,1.06779,1.06956,1.06761,1.06911,4638.0
2024-06-21 12:00:00,1.0691,1.06983,1.06835,1.06979,4281.0
2024-06-21 13:00:00,1.06979,1.06982,1.06767,1.06811,3895.0
2024-06-21 14:00:00,1.0681,1.06902,1.06798,1.0689,4239.0
2024-06-21 15:00:00,1.0689,1.06953,1.06848,1.06948,4086.0
2024-06-21 16:00:00,1.06948,1.06978,1.06781,1.06827,5082.0
2024-06-21 17:00:00,1.06827,1.06978,1.06797,1.06816,5813.0
2024-06-21 18:00:00,1.06816,1.06946,1.06807,1.06938,3948.0
2024-06-21 19:00:00,1.06938,1.06961,1.06898,1.06924,2467.0
2024-06-21 20:00:00,1.06924,1.06943,1.06908,1.06933,2248.0
2024-06-24 00:00:00,1.06827,1.0691,1.06806,1.0689,735.0
2024-06-24 01:00:00,1.0689,1.06939,1.0689,1.06939,724.0
2024-06-24 02:00:00,1.06939,1.06956,1.06875,1.06879,1007.0
2024-06-24 03:00:00,1.06879,1.06938,1.0685,1.06919,1955.0
2024-06-24 04:00:00,1.06919,1.06928,1.06839,1.06909,3085.0
2024-06-24 05:00:00,1.06909,1.06936,1.06881,1.06894,1937.0
2024-06-24 06:00:00,1.06894,1.06936,1.06892,1.06918,2213.0
2024-06-24 07:00:00,1.06918,1.06947,1.06913,1.06947,1656.0
2024-06-24 08:00:00,1.06947,1.06997,1.06947,1.06988,2001.0
2024-06-24 09:00:00,1.06988,1.0707200000000001,1.06975,1.07035,3441.0
2024-06-24 10:00:00,1.07034,1.0715,1.07024,1.07128,3735.0
2024-06-24 11:00:00,1.07128,1.0718,1.07088,1.07137,3623.0
2024-06-24 12:00:00,1.07135,1.0729,1.07132,1.07228,3741.0
2024-06-24 13:00:00,1.07228,1.07309,1.07197,1.07302,4116.0
2024-06-24 14:00:00,1.07302,1.07359,1.07267,1.07359,3366.0
2024-06-24 15:00:00,1.07359,1.07359,1.07264,1.07347,4090.0
2024-06-24 16:00:00,1.07347,1.07436,1.07346,1.07428,4472.0
2024-06-24 17:00:00,1.07428,1.07465,1.07272,1.07301,5043.0
2024-06-24 18:00:00,1.07301,1.07333,1.07235,1.07272,3117.0
2024-06-24 19:00:00,1.07272,1.07315,1.07262,1.07278,2327.0
2024-06-24 20:00:00,1.07278,1.07278,1.07221,1.0725,2257.0
2024-06-24 21:00:00,1.0725,1.0737700000000001,1.07244,1.07356,3148.0
2024-06-24 22:00:00,1.07356,1.07384,1.07343,1.07362,1863.0
2024-06-24 23:00:00,1.07358,1.07375,1.07335,1.07343,749.0
2024-06-25 00:00:00,1.0729,1.07339,1.07284,1.07329,668.0
2024-06-25 01:00:00,1.07332,1.07346,1.07317,1.07329,509.0
2024-06-25 02:00:00,1.07329,1.07331,1.07309,1.07323,1232.0
2024-06-25 03:00:00,1.07323,1.07358,1.07321,1.07342,2100.0
2024-06-25 04:00:00,1.07342,1.07361,1.07323,1.07347,2585.0
2024-06-25 05:00:00,1.07347,1.07371,1.0734,1.0737,1650.0
2024-06-25 06:00:00,1.0737,1.07396,1.0735999999999999,1.07386,2018.0
2024-06-25 07:00:00,1.07387,1.074,1.07366,1.07396,1561.0
2024-06-25 08:00:00,1.07396,1.07443,1.07396,1.07417,2072.0
2024-06-25 09:00:00,1.07417,1.07418,1.07315,1.0732,3046.0
2024-06-25 10:00:00,1.0732,1.0733,1.0721,1.0727,4400.0
2024-06-25 11:00:00,1.0727,1.07359,1.0725500000000001,1.07343,3598.0
2024-06-25 12:00:00,1.07343,1.07353,1.07233,1.07246,3049.0
2024-06-25 13:00:00,1.07246,1.07303,1.07213,1.07234,3184.0
2024-06-25 14:00:00,1.07234,1.07245,1.07092,1.07095,3124.0
2024-06-25 15:00:00,1.07095,1.0715,1.07023,1.07051,3862.0
2024-06-25 16:00:00,1.07051,1.07132,1.07002,1.07025,4129.0
2024-06-25 17:00:00,1.07026,1.07035,1.06908,1.07008,4545.0
2024-06-25 18:00:00,1.07008,1.07095,1.07007,1.07041,3027.0
2024-06-25 19:00:00,1.07041,1.07088,1.07023,1.07047,2749.0
2024-06-25 20:00:00,1.07047,1.07146,1.07044,1.07136,2428.0
2024-06-25 21:00:00,1.07136,1.07175,1.07123,1.07161,1904.0
2024-06-25 22:00:00,1.07161,1.07176,1.0714,1.0716,1955.0
2024-06-25 23:00:00,1.0716,1.0716,1.07113,1.07141,674.0
2024-06-26 00:00:00,1.0714,1.07145,1.0707200000000001,1.07129,812.0
2024-06-26 01:00:00,1.07129,1.07152,1.07124,1.07124,568.0
2024-06-26 02:00:00,1.07124,1.07125,1.0709,1.07092,820.0
2024-06-26 03:00:00,1.07092,1.07126,1.07063,1.07114,2019.0
2024-06-26 04:00:00,1.07114,1.07165,1.07109,1.07159,2922.0
2024-06-26 05:00:00,1.07159,1.07181,1.07088,1.07101,1780.0
2024-06-26 06:00:00,1.07101,1.07127,1.07095,1.0711,1426.0
2024-06-26 07:00:00,1.0711,1.07118,1.07076,1.07106,1481.0
2024-06-26 08:00:00,1.07106,1.07114,1.07023,1.07039,1889.0
2024-06-26 09:00:00,1.07039,1.07056,1.06939,1.06949,3092.0
2024-06-26 10:00:00,1.06949,1.0695999999999999,1.06854,1.06939,4034.0
2024-06-26 11:00:00,1.0694,1.06999,1.06902,1.06949,3530.0
2024-06-26 12:00:00,1.06949,1.06996,1.06883,1.0688900000000001,3327.0
2024-06-26 13:00:00,1.0688900000000001,1.06892,1.06821,1.06849,3150.0
2024-06-26 14:00:00,1.06849,1.06948,1.06797,1.06942,3648.0
2024-06-26 15:00:00,1.06943,1.06946,1.06771,1.06773,4716.0
2024-06-26 16:00:00,1.06773,1.06823,1.06661,1.06749,5638.0
2024-06-26 17:00:00,1.06749,1.06959,1.06746,1.06803,6245.0
2024-06-26 18:00:00,1.06802,1.06874,1.06745,1.06821,4715.0
2024-06-26 19:00:00,1.06821,1.06878,1.0679400000000001,1.06822,3190.0
2024-06-26 20:00:00,1.06822,1.06909,1.06816,1.06858,3447.0
2024-06-26 21:00:00,1.06858,1.06858,1.06784,1.068,2312.0
2024-06-26 22:00:00,1.068,1.06817,1.06752,1.06811,1918.0
2024-06-26 23:00:00,1.06811,1.06816,1.0677699999999999,1.068,893.0
2024-06-27 00:00:00,1.06804,1.06809,1.06782,1.06797,392.0
2024-06-27 01:00:00,1.06797,1.06821,1.06797,1.06806,899.0
2024-06-27 02:00:00,1.06806,1.06816,1.06778,1.06799,1258.0
2024-06-27 03:00:00,1.06799,1.06819,1.06772,1.06783,2549.0
2024-06-27 04:00:00,1.06783,1.06896,1.06779,1.06887,2461.0
2024-06-27 05:00:00,1.06887,1.06916,1.06882,1.06894,2199.0
2024-06-27 06:00:00,1.06894,1.06925,1.06882,1.06908,1616.0
2024-06-27 07:00:00,1.06908,1.06949,1.06907,1.06944,1520.0
2024-06-27 08:00:00,1.06944,1.06973,1.06922,1.06959,1688.0
2024-06-27 09:00:00,1.06959,1.0699,1.06911,1.06932,3585.0
2024-06-27 10:00:00,1.0693,1.0698,1.06883,1.06903,4322.0
2024-06-27 11:00:00,1.06903,1.06915,1.06805,1.06881,3805.0
2024-06-27 12:00:00,1.06881,1.0701100000000001,1.06874,1.06972,3506.0
2024-06-27 13:00:00,1.06973,1.07045,1.06907,1.07038,3364.0
2024-06-27 14:00:00,1.07038,1.07043,1.06927,1.06928,3192.0
2024-06-27 15:00:00,1.06928,1.07223,1.06928,1.07196,5576.0
2024-06-27 16:00:00,1.07196,1.07266,1.07172,1.07205,5073.0
2024-06-27 17:00:00,1.07205,1.0725500000000001,1.07079,1.07126,4867.0
2024-06-27 18:00:00,1.07126,1.07131,1.07004,1.0707200000000001,3869.0
2024-06-27 19:00:00,1.0707200000000001,1.07103,1.07032,1.07068,3239.0
2024-06-27 20:00:00,1.07067,1.07085,1.07045,1.07053,3067.0
2024-06-27 21:00:00,1.07054,1.07079,1.0702099999999999,1.07057,2268.0
2024-06-27 22:00:00,1.07057,1.07074,1.07014,1.0703,2234.0
2024-06-27 23:00:00,1.07029,1.07052,1.07028,1.07037,805.0
2024-06-28 00:00:00,1.07034,1.07058,1.07022,1.07049,674.0
2024-06-28 01:00:00,1.07049,1.07056,1.07032,1.0704,630.0
2024-06-28 02:00:00,1.0704,1.07095,1.07036,1.07077,1120.0
2024-06-28 03:00:00,1.07077,1.0711,1.06976,1.06978,1970.0
2024-06-28 04:00:00,1.06978,1.06991,1.06855,1.06912,3492.0
2024-06-28 05:00:00,1.06912,1.06973,1.0688,1.06941,2995.0
2024-06-28 06:00:00,1.06941,1.06951,1.06901,1.06922,1763.0
2024-06-28 07:00:00,1.06922,1.06923,1.06857,1.06868,1624.0
2024-06-28 08:00:00,1.06868,1.06925,1.06863,1.06904,1445.0
2024-06-28 09:00:00,1.06904,1.06984,1.06901,1.06971,3124.0
2024-06-28 10:00:00,1.06971,1.07041,1.06918,1.0697,4159.0
2024-06-28 11:00:00,1.0697,1.07001,1.06924,1.06978,3853.0
2024-06-28 12:00:00,1.06979,1.07095,1.06936,1.07093,3330.0
2024-06-28 13:00:00,1.07093,1.07104,1.07044,1.07095,3106.0
2024-06-28 14:00:00,1.07095,1.07118,1.06922,1.06973,3032.0
2024-06-28 15:00:00,1.06973,1.07195,1.0697,1.07049,6163.0
2024-06-28 16:00:00,1.07048,1.0708,1.06929,1.06985,5845.0
2024-06-28 17:00:00,1.06985,1.07223,1.06927,1.07185,7855.0
2024-06-28 18:00:00,1.07185,1.07185,1.07096,1.07113,5677.0
2024-06-28 19:00:00,1.07113,1.07218,1.07098,1.07161,4006.0
2024-06-28 20:00:00,1.07161,1.07249,1.07139,1.07145,3166.0
2024-07-01 00:00:00,1.07441,1.07448,1.07321,1.07381,1181.0
2024-07-01 01:00:00,1.0738,1.07414,1.07325,1.07368,1641.0
2024-07-01 02:00:00,1.07368,1.07396,1.0734,1.0735,1042.0
2024-07-01 03:00:00,1.0735,1.07498,1.07349,1.07458,3052.0
2024-07-01 04:00:00,1.07458,1.07616,1.07429,1.07484,3773.0
2024-07-01 05:00:00,1.07484,1.07553,1.0747,1.07551,2889.0
2024-07-01 06:00:00,1.07551,1.07567,1.07517,1.07528,1765.0
2024-07-01 07:00:00,1.07528,1.07587,1.07524,1.07548,1913.0
2024-07-01 08:00:00,1.07548,1.07622,1.0754299999999999,1.07558,1998.0
2024-07-01 09:00:00,1.07558,1.07765,1.07554,1.077,4651.0
2024-07-01 10:00:00,1.077,1.07727,1.07515,1.07546,4495.0
2024-07-01 11:00:00,1.07546,1.07721,1.07496,1.07684,3606.0
2024-07-01 12:00:00,1.07684,1.07688,1.07562,1.07573,2845.0
2024-07-01 13:00:00,1.07573,1.07573,1.07474,1.07489,2610.0
2024-07-01 14:00:00,1.07488,1.07524,1.07426,1.07493,2465.0
2024-07-01 15:00:00,1.07493,1.07501,1.07401,1.07483,4562.0
2024-07-01 16:00:00,1.07483,1.07594,1.07483,1.07548,4215.0
2024-07-01 17:00:00,1.07572,1.07698,1.07287,1.07302,6840.0
2024-07-01 18:00:00,1.07302,1.07306,1.07198,1.0727,4388.0
2024-07-01 19:00:00,1.0727,1.07333,1.07244,1.0731600000000001,2822.0
2024-07-01 20:00:00,1.0731600000000001,1.07336,1.07282,1.07294,2120.0
2024-07-01 21:00:00,1.07294,1.07302,1.07244,1.07297,2342.0
2024-07-01 22:00:00,1.07297,1.07393,1.07295,1.07385,2537.0
2024-07-01 23:00:00,1.07386,1.07426,1.07385,1.074,1022.0
2024-07-02 00:00:00,1.07402,1.07403,1.07298,1.07388,899.0
2024-07-02 01:00:00,1.07388,1.07413,1.07372,1.07373,601.0
2024-07-02 02:00:00,1.07373,1.0737700000000001,1.07358,1.07366,1228.0
2024-07-02 03:00:00,1.07366,1.07386,1.07332,1.07348,2505.0
2024-07-02 04:00:00,1.07348,1.07365,1.07321,1.07345,1996.0
2024-07-02 05:00:00,1.07345,1.07361,1.07322,1.07352,1775.0
2024-07-02 06:00:00,1.07352,1.07356,1.07309,1.07324,1411.0
2024-07-02 07:00:00,1.07325,1.07334,1.07284,1.07296,1571.0
2024-07-02 08:00:00,1.07296,1.0733,1.0727,1.0732,1734.0
2024-07-02 09:00:00,1.0732,1.07359,1.0725,1.07251,2946.0
2024-07-02 10:00:00,1.07251,1.07282,1.07122,1.07183,4243.0
2024-07-02 11:00:00,1.07183,1.07241,1.07144,1.07209,3795.0
2024-07-02 12:00:00,1.07209,1.07228,1.07107,1.0711,3379.0
2024-07-02 13:00:00,1.0711,1.0719,1.071,1.07174,2901.0
2024-07-02 14:00:00,1.07174,1.07248,1.07151,1.07241,3028.0
2024-07-02 15:00:00,1.07241,1.07337,1.07241,1.07319,4028.0
2024-07-02 16:00:00,1.07319,1.07469,1.07301,1.07424,5724.0
2024-07-02 17:00:00,1.07424,1.07456,1.07243,1.07433,7272.0
2024-07-02 18:00:00,1.07433,1.07447,1.07333,1.07365,3814.0
2024-07-02 19:00:00,1.07364,1.07368,1.07308,1.07322,2340.0
2024-07-02 20:00:00,1.07321,1.07408,1.07317,1.07385,2458.0
2024-07-02 21:00:00,1.07385,1.07429,1.07383,1.07423,1959.0
2024-07-02 22:00:00,1.07423,1.07466,1.07417,1.07463,1950.0
2024-07-02 23:00:00,1.07463,1.07472,1.07452,1.07453,796.0
2024-07-03 00:00:00,1.07437,1.07455,1.07368,1.07447,761.0
2024-07-03 01:00:00,1.07447,1.07492,1.07444,1.0749,682.0
2024-07-03 02:00:00,1.0749,1.07493,1.07469,1.0748199999999999,1173.0
2024-07-03 03:00:00,1.0748199999999999,1.07545,1.07474,1.07481,2224.0
2024-07-03 04:00:00,1.07481,1.07481,1.07405,1.0742099999999999,1343.0
2024-07-03 05:00:00,1.0742099999999999,1.0747,1.07419,1.0744,1183.0
2024-07-03 06:00:00,1.0744,1.07453,1.07431,1.07437,1066.0
2024-07-03 07:00:00,1.07437,1.07447,1.0742099999999999,1.07425,795.0
2024-07-03 08:00:00,1.07425,1.07425,1.07364,1.07387,1288.0
2024-07-03 09:00:00,1.07387,1.07483,1.07369,1.07471,3167.0
2024-07-03 10:00:00,1.07471,1.07619,1.0747,1.07597,4097.0
2024-07-03 11:00:00,1.07597,1.07637,1.07556,1.07583,3365.0
2024-07-03 12:00:00,1.07583,1.07624,1.07545,1.07554,3697.0
2024-07-03 13:00:00,1.07553,1.0763,1.07526,1.07586,3101.0
2024-07-03 14:00:00,1.07586,1.07624,1.07564,1.07578,3074.0
2024-07-03 15:00:00,1.07578,1.07785,1.07551,1.07748,4184.0
2024-07-03 16:00:00,1.07747,1.07924,1.0772,1.07893,4044.0
2024-07-03 17:00:00,1.07894,1.08169,1.07894,1.0806,7677.0
2024-07-03 18:00:00,1.0806,1.08092,1.07972,1.07989,4961.0
2024-07-03 19:00:00,1.07989,1.08004,1.07921,1.07958,2958.0
2024-07-03 20:00:00,1.07959,1.0796000000000001,1.07821,1.07836,1997.0
2024-07-03 21:00:00,1.07837,1.0784799999999999,1.07782,1.07804,1771.0
2024-07-03 22:00:00,1.07803,1.07879,1.07798,1.0785,1325.0
2024-07-03 23:00:00,1.0785,1.07886,1.07842,1.07868,798.0
2024-07-04 00:00:00,1.07834,1.07873,1.0777700000000001,1.07853,654.0
2024-07-04 01:00:00,1.07853,1.07903,1.07853,1.07897,408.0
2024-07-04 02:00:00,1.07897,1.07918,1.07883,1.07912,1059.0
2024-07-04 03:00:00,1.07912,1.07938,1.07888,1.07926,1952.0
2024-07-04 04:00:00,1.07926,1.07951,1.07885,1.07908,2211.0
2024-07-04 05:00:00,1.0790899999999999,1.07917,1.07864,1.07865,1334.0
2024-07-04 06:00:00,1.07865,1.07875,1.07837,1.07853,1161.0
2024-07-04 07:00:00,1.07853,1.07873,1.0785,1.07866,1117.0
2024-07-04 08:00:00,1.07866,1.0791,1.0785,1.07903,1803.0
2024-07-04 09:00:00,1.07902,1.07936,1.0785,1.07927,3422.0
2024-07-04 10:00:00,1.07926,1.07967,1.07891,1.07946,3630.0
2024-07-04 11:00:00,1.07946,1.08032,1.0794,1.0802,3567.0
2024-07-04 12:00:00,1.0802,1.08032,1.07954,1.07978,3226.0
2024-07-04 13:00:00,1.07978,1.08016,1.07941,1.08011,1911.0
2024-07-04 14:00:00,1.08011,1.08022,1.07963,1.07972,2161.0
2024-07-04 15:00:00,1.07972,1.08024,1.07961,1.07972,2879.0
2024-07-04 16:00:00,1.07972,1.08017,1.07949,1.08011,2319.0
2024-07-04 17:00:00,1.08012,1.08093,1.07994,1.08084,2503.0
2024-07-04 18:00:00,1.08084,1.08139,1.08072,1.08109,1567.0
2024-07-04 19:00:00,1.08109,1.08138,1.08098,1.08123,738.0
2024-07-04 20:00:00,1.08123,1.0813,1.08108,1.08117,493.0
2024-07-04 21:00:00,1.08117,1.08127,1.08115,1.08122,425.0
2024-07-04 22:00:00,1.08122,1.08132,1.08121,1.08131,694.0
2024-07-04 23:00:00,1.08131,1.08137,1.08109,1.08113,317.0
2024-07-05 00:00:00,1.08106,1.08117,1.08089,1.08115,756.0
2024-07-05 01:00:00,1.08115,1.08139,1.08103,1.08117,564.0
2024-07-05 02:00:00,1.08117,1.08119,1.08094,1.08105,880.0
2024-07-05 03:00:00,1.08106,1.08181,1.08103,1.08149,1813.0
2024-07-05 04:00:00,1.08149,1.08181,1.0814,1.0816,2287.0
2024-07-05 05:00:00,1.0816,1.08182,1.08144,1.08181,1278.0
2024-07-05 06:00:00,1.08181,1.08246,1.0818,1.08219,1686.0
2024-07-05 07:00:00,1.08219,1.08228,1.08199,1.08221,1550.0
2024-07-05 08:00:00,1.08221,1.08226,1.08193,1.08215,1528.0
2024-07-05 09:00:00,1.08215,1.0826,1.0819,1.08194,2002.0
2024-07-05 10:00:00,1.08194,1.08304,1.08166,1.08292,3318.0
2024-07-05 11:00:00,1.08292,1.08308,1.08229,1.08282,2370.0
2024-07-05 12:00:00,1.08282,1.0830899999999999,1.08258,1.08266,2061.0
2024-07-05 13:00:00,1.08266,1.08321,1.08223,1.0824799999999999,2227.0
2024-07-05 14:00:00,1.0824799999999999,1.08253,1.08185,1.08191,1991.0
2024-07-05 15:00:00,1.08191,1.08421,1.08,1.08297,6899.0
2024-07-05 16:00:00,1.08298,1.08343,1.0814300000000001,1.08193,6945.0
2024-07-05 17:00:00,1.08193,1.08263,1.08107,1.08242,5460.0
2024-07-05 18:00:00,1.08242,1.08308,1.08193,1.08278,4089.0
2024-07-05 19:00:00,1.08278,1.08305,1.08234,1.08257,2333.0
2024-07-05 20:00:00,1.08257,1.08305,1.0825,1.08279,2052.0
2024-07-08 00:00:00,1.08013,1.08201,1.08012,1.08169,1011.0
2024-07-08 01:00:00,1.0817,1.08331,1.08167,1.08245,1559.0
2024-07-08 02:00:00,1.08245,1.0828,1.08219,1.08258,1813.0
2024-07-08 03:00:00,1.08258,1.08295,1.08191,1.08218,2235.0
2024-07-08 04:00:00,1.08218,1.08298,1.08202,1.08293,2740.0
2024-07-08 05:00:00,1.08293,1.08301,1.08252,1.08262,2092.0
2024-07-08 06:00:00,1.08262,1.08363,1.0826,1.08315,1937.0
2024-07-08 07:00:00,1.08315,1.08318,1.08274,1.08288,1222.0
2024-07-08 08:00:00,1.08288,1.08301,1.0821,1.08226,1863.0
2024-07-08 09:00:00,1.08225,1.08294,1.08148,1.08219,3268.0
2024-07-08 10:00:00,1.08218,1.08382,1.0821,1.0836999999999999,4354.0
2024-07-08 11:00:00,1.0836999999999999,1.0843099999999999,1.08348,1.08385,3425.0
2024-07-08 12:00:00,1.08385,1.0842,1.08355,1.08383,2808.0
2024-07-08 13:00:00,1.08383,1.08397,1.08237,1.08299,2689.0
2024-07-08 14:00:00,1.08299,1.08336,1.08269,1.08335,2712.0
2024-07-08 15:00:00,1.08335,1.08447,1.08324,1.08439,3356.0
2024-07-08 16:00:00,1.08439,1.08451,1.08385,1.08412,3630.0
2024-07-08 17:00:00,1.08412,1.08449,1.08323,1.08348,3660.0
2024-07-08 18:00:00,1.08348,1.08363,1.08313,1.08348,2452.0
2024-07-08 19:00:00,1.08347,1.08362,1.08286,1.08325,2134.0
2024-07-08 20:00:00,1.08325,1.08338,1.08296,1.08321,1879.0
2024-07-08 21:00:00,1.08321,1.08321,1.08235,1.08261,1932.0
2024-07-08 22:00:00,1.08261,1.08266,1.08224,1.08251,1487.0
2024-07-08 23:00:00,1.08251,1.08252,1.08228,1.08245,843.0
2024-07-09 00:00:00,1.08236,1.08252,1.08236,1.08247,144.0
2024-07-09 01:00:00,1.08247,1.0826,1.08244,1.08258,474.0
2024-07-09 02:00:00,1.08259,1.08315,1.08257,1.08307,1411.0
2024-07-09 03:00:00,1.08307,1.08335,1.08262,1.08271,1507.0
2024-07-09 04:00:00,1.08271,1.08298,1.08227,1.08237,1976.0
2024-07-09 05:00:00,1.08237,1.08276,1.08194,1.0826500000000001,1531.0
2024-07-09 06:00:00,1.0826500000000001,1.083,1.08259,1.08283,1125.0
2024-07-09 07:00:00,1.08283,1.08313,1.0828,1.08297,984.0
2024-07-09 08:00:00,1.08297,1.08308,1.0826500000000001,1.08288,1488.0
2024-07-09 09:00:00,1.08289,1.08303,1.0824,1.0825,2227.0
2024-07-09 10:00:00,1.08249,1.083,1.08172,1.08176,3381.0
2024-07-09 11:00:00,1.08176,1.08243,1.08153,1.08226,2732.0
2024-07-09 12:00:00,1.08226,1.08261,1.08189,1.08228,2377.0
2024-07-09 13:00:00,1.08228,1.08285,1.08202,1.08223,2596.0
2024-07-09 14:00:00,1.08223,1.08242,1.08122,1.08138,2993.0
2024-07-09 15:00:00,1.08138,1.08179,1.08128,1.08158,3142.0
2024-07-09 16:00:00,1.08158,1.08263,1.08158,1.0822,3430.0
2024-07-09 17:00:00,1.0822,1.08283,1.08096,1.08157,6490.0
2024-07-09 18:00:00,1.08157,1.08194,1.08056,1.08128,4347.0
2024-07-09 19:00:00,1.08128,1.08164,1.0806,1.08101,2912.0
2024-07-09 20:00:00,1.08101,1.0814,1.08066,1.08093,2381.0
2024-07-09 21:00:00,1.08093,1.08142,1.08083,1.08135,1803.0
2024-07-09 22:00:00,1.08135,1.0816,1.0811,1.08144,1700.0
2024-07-09 23:00:00,1.08144,1.08166,1.08136,1.08137,621.0
2024-07-10 00:00:00,1.08134,1.08152,1.08092,1.08144,786.0
2024-07-10 01:00:00,1.08144,1.08154,1.08138,1.08145,394.0
2024-07-10 02:00:00,1.08145,1.08162,1.08141,1.08144,658.0
2024-07-10 03:00:00,1.08144,1.08168,1.08113,1.08122,1882.0
2024-07-10 04:00:00,1.08122,1.08154,1.0811,1.08148,1887.0
2024-07-10 05:00:00,1.08148,1.0817,1.0812,1.0817,1754.0
2024-07-10 06:00:00,1.0817,1.08212,1.08166,1.08202,1078.0
2024-07-10 07:00:00,1.08202,1.08207,1.08177,1.0818699999999999,1312.0
2024-07-10 08:00:00,1.0818699999999999,1.08213,1.0816,1.08178,1770.0
2024-07-10 09:00:00,1.08177,1.08235,1.08149,1.08222,2624.0
2024-07-10 10:00:00,1.08221,1.0825,1.08152,1.08163,3194.0
2024-07-10 11:00:00,1.08163,1.08202,1.0812,1.08155,3089.0
2024-07-10 12:00:00,1.08155,1.08253,1.08147,1.08189,2658.0
2024-07-10 13:00:00,1.08189,1.08241,1.08136,1.08217,2556.0
2024-07-10 14:00:00,1.08217,1.0827,1.082,1.08258,2059.0
2024-07-10 15:00:00,1.08258,1.08283,1.08235,1.08271,3122.0
2024-07-10 16:00:00,1.08271,1.0829,1.08203,1.08227,3893.0
2024-07-10 17:00:00,1.08228,1.08287,1.08201,1.08233,3833.0
2024-07-10 18:00:00,1.08234,1.08277,1.0821,1.08225,2738.0
2024-07-10 19:00:00,1.08225,1.08278,1.08218,1.08271,2732.0
2024-07-10 20:00:00,1.08271,1.08287,1.08209,1.08222,2769.0
2024-07-10 21:00:00,1.08222,1.08253,1.08175,1.08251,1537.0
2024-07-10 22:00:00,1.08251,1.08297,1.08239,1.08289,1867.0
2024-07-10 23:00:00,1.08289,1.08307,1.08275,1.08301,672.0
2024-07-11 00:00:00,1.08296,1.083,1.0824799999999999,1.08291,180.0
2024-07-11 01:00:00,1.08291,1.08333,1.08291,1.08329,519.0
2024-07-11 02:00:00,1.0833,1.08367,1.08312,1.08334,991.0
2024-07-11 03:00:00,1.08334,1.08369,1.0832600000000001,1.08353,1601.0
2024-07-11 04:00:00,1.08353,1.08401,1.0832600000000001,1.08394,1596.0
2024-07-11 05:00:00,1.08394,1.08401,1.08369,1.08372,1350.0
2024-07-11 06:00:00,1.08372,1.08389,1.08357,1.08381,1619.0
2024-07-11 07:00:00,1.08381,1.08388,1.08356,1.08365,1329.0
2024-07-11 08:00:00,1.08365,1.08378,1.08345,1.08345,1506.0
2024-07-11 09:00:00,1.08345,1.08398,1.08324,1.08342,2776.0
2024-07-11 10:00:00,1.08341,1.08401,1.08325,1.08396,2620.0
2024-07-11 11:00:00,1.08396,1.0848,1.08383,1.08475,2315.0
2024-07-11 12:00:00,1.08475,1.08528,1.08433,1.0847,3012.0
2024-07-11 13:00:00,1.08469,1.08525,1.08456,1.08489,2197.0
2024-07-11 14:00:00,1.08489,1.08578,1.08488,1.08548,2244.0
2024-07-11 15:00:00,1.08548,1.09,1.08448,1.0887,7882.0
2024-07-11 16:00:00,1.08869,1.08992,1.08686,1.08868,9677.0
2024-07-11 17:00:00,1.08867,1.08899,1.08707,1.08786,6406.0
2024-07-11 18:00:00,1.08786,1.08809,1.08666,1.08698,5171.0
2024-07-11 19:00:00,1.08699,1.08707,1.08642,1.0867,3166.0
2024-07-11 20:00:00,1.0867,1.0867499999999999,1.08599,1.0861,3933.0
2024-07-11 21:00:00,1.0861,1.08692,1.0860400000000001,1.08681,2794.0
2024-07-11 22:00:00,1.0868,1.08701,1.08643,1.08648,2536.0
2024-07-11 23:00:00,1.08647,1.0868,1.08643,1.08678,774.0
2024-07-12 00:00:00,1.08679,1.08679,1.08598,1.0866,797.0
2024-07-12 01:00:00,1.0866,1.08683,1.08641,1.08664,820.0
2024-07-12 02:00:00,1.08664,1.08744,1.0865,1.08742,3566.0
2024-07-12 03:00:00,1.08742,1.08746,1.08679,1.08699,3024.0
2024-07-12 04:00:00,1.08699,1.08723,1.0864,1.08648,2242.0
2024-07-12 05:00:00,1.08648,1.08676,1.08636,1.08659,2182.0
2024-07-12 06:00:00,1.08659,1.0871,1.08647,1.0869,1623.0
2024-07-12 07:00:00,1.0869,1.08711,1.08683,1.08699,1575.0
2024-07-12 08:00:00,1.08699,1.0872600000000001,1.08678,1.08696,1704.0
2024-07-12 09:00:00,1.08696,1.08724,1.08633,1.08651,2759.0
2024-07-12 10:00:00,1.08651,1.08763,1.08618,1.08756,3126.0
2024-07-12 11:00:00,1.08756,1.08873,1.08755,1.08868,3016.0
2024-07-12 12:00:00,1.08868,1.08894,1.08815,1.08853,3055.0
2024-07-12 13:00:00,1.08853,1.0892,1.08847,1.08901,3149.0
2024-07-12 14:00:00,1.089,1.08924,1.08866,1.08877,3027.0
2024-07-12 15:00:00,1.08877,1.08931,1.0873599999999999,1.08906,7184.0
2024-07-12 16:00:00,1.08906,1.08981,1.08869,1.08968,6469.0
2024-07-12 17:00:00,1.08967,1.09095,1.08935,1.09093,5777.0
2024-07-12 18:00:00,1.09093,1.0911,1.09012,1.0901399999999999,3608.0
2024-07-12 19:00:00,1.0901399999999999,1.09054,1.09006,1.09047,3194.0
2024-07-12 20:00:00,1.09047,1.09076,1.09012,1.09067,2120.0
2024-07-15 00:00:00,1.08845,1.08935,1.08825,1.0888,1354.0
2024-07-15 01:00:00,1.0888,1.08923,1.0884800000000001,1.0887,1989.0
2024-07-15 02:00:00,1.08871,1.08883,1.08833,1.08859,1603.0
2024-07-15 03:00:00,1.08859,1.0889,1.08835,1.08884,2310.0
2024-07-15 04:00:00,1.08884,1.08901,1.08862,1.08899,2176.0
2024-07-15 05:00:00,1.08899,1.0892,1.08865,1.08918,1820.0
2024-07-15 06:00:00,1.08918,1.08958,1.08908,1.08942,1361.0
2024-07-15 07:00:00,1.08942,1.08948,1.08926,1.08937,1089.0
2024-07-15 08:00:00,1.08937,1.08961,1.08927,1.08944,1370.0
2024-07-15 09:00:00,1.08944,1.08962,1.08863,1.08896,3453.0
2024-07-15 10:00:00,1.08896,1.08965,1.08839,1.08958,3709.0
2024-07-15 11:00:00,1.08958,1.09094,1.08957,1.09085,2921.0
2024-07-15 12:00:00,1.09085,1.09152,1.0907,1.0913,2912.0
2024-07-15 13:00:00,1.0913,1.09204,1.0905,1.09099,3294.0
2024-07-15 14:00:00,1.09099,1.0915,1.09051,1.09056,3279.0
2024-07-15 15:00:00,1.09056,1.09089,1.09022,1.0907499999999999,3721.0
2024-07-15 16:00:00,1.09074,1.09167,1.09069,1.0915300000000001,3455.0
2024-07-15 17:00:00,1.0915300000000001,1.09178,1.09077,1.09172,3992.0
2024-07-15 18:00:00,1.09172,1.09225,1.091,1.09121,3574.0
2024-07-15 19:00:00,1.09121,1.09174,1.09,1.09064,4459.0
2024-07-15 20:00:00,1.09063,1.09064,1.08934,1.08949,4602.0
2024-07-15 21:00:00,1.08949,1.09019,1.08936,1.09017,2969.0
2024-07-15 22:00:00,1.09015,1.09015,1.08964,1.08989,2632.0
2024-07-15 23:00:00,1.08989,1.08993,1.08943,1.08944,838.0
2024-07-16 00:00:00,1.08935,1.08967,1.08884,1.08941,602.0
2024-07-16 01:00:00,1.0895,1.08967,1.08943,1.08945,637.0
2024-07-16 02:00:00,1.08945,1.08988,1.08944,1.08984,1137.0
2024-07-16 03:00:00,1.08983,1.08984,1.0891,1.08914,1942.0
2024-07-16 04:00:00,1.08914,1.08935,1.08904,1.0893,2305.0
2024-07-16 05:00:00,1.0893,1.08937,1.08888,1.0891,1973.0
2024-07-16 06:00:00,1.0891,1.08941,1.0890900000000001,1.08932,1138.0
2024-07-16 07:00:00,1.08932,1.08947,1.0892,1.08925,1413.0
2024-07-16 08:00:00,1.08925,1.08927,1.08871,1.08886,1584.0
2024-07-16 09:00:00,1.08886,1.0890900000000001,1.08836,1.08887,2808.0
2024-07-16 10:00:00,1.08887,1.09005,1.08887,1.08994,3584.0
2024-07-16 11:00:00,1.08994,1.09029,1.0894,1.09004,3286.0
2024-07-16 12:00:00,1.09004,1.09043,1.08939,1.08981,3548.0
2024-07-16 13:00:00,1.08981,1.0903100000000001,1.08961,1.0899,2986.0
2024-07-16 14:00:00,1.0899,1.0904,1.08946,1.09022,2806.0
2024-07-16 15:00:00,1.09022,1.09056,1.08757,1.08808,5532.0
2024-07-16 16:00:00,1.08807,1.08833,1.08716,1.08832,4261.0
2024-07-16 17:00:00,1.08832,1.08849,1.08733,1.08786,4373.0
2024-07-16 18:00:00,1.08786,1.08863,1.08784,1.08847,3441.0
2024-07-16 19:00:00,1.08847,1.0889199999999999,1.08814,1.08889,3226.0
2024-07-16 20:00:00,1.08889,1.08924,1.08878,1.08922,2150.0
2024-07-16 21:00:00,1.08922,1.08975,1.08906,1.08961,2350.0
2024-07-16 22:00:00,1.0896,1.0903,1.08954,1.09018,2364.0
2024-07-16 23:00:00,1.09018,1.09028,1.08982,1.08986,805.0
2024-07-17 00:00:00,1.08981,1.08996,1.08942,1.0899,703.0
2024-07-17 01:00:00,1.0899,1.09022,1.08977,1.09022,792.0
2024-07-17 02:00:00,1.09022,1.0903100000000001,1.09003,1.09021,1726.0
2024-07-17 03:00:00,1.09021,1.0903100000000001,1.08959,1.08977,2192.0
2024-07-17 04:00:00,1.08977,1.0903100000000001,1.08957,1.09025,1976.0
2024-07-17 05:00:00,1.09025,1.0907,1.09011,1.09044,1421.0
2024-07-17 06:00:00,1.09044,1.09065,1.09006,1.09064,1618.0
2024-07-17 07:00:00,1.09064,1.09069,1.09021,1.0903100000000001,1493.0
2024-07-17 08:00:00,1.0903100000000001,1.0907,1.09011,1.09048,1928.0
2024-07-17 09:00:00,1.09045,1.09056,1.08976,1.08976,3969.0
2024-07-17 10:00:00,1.08977,1.09135,1.0895299999999999,1.09085,4775.0
2024-07-17 11:00:00,1.09086,1.09439,1.09077,1.0942,5203.0
2024-07-17 12:00:00,1.0942,1.09451,1.0936,1.09439,4667.0
2024-07-17 13:00:00,1.0944,1.09449,1.09304,1.0930900000000001,3491.0
2024-07-17 14:00:00,1.0930900000000001,1.09422,1.0929,1.09348,3865.0
2024-07-17 15:00:00,1.09348,1.09442,1.09322,1.09426,4653.0
2024-07-17 16:00:00,1.09426,1.09482,1.09356,1.09388,5105.0
2024-07-17 17:00:00,1.09388,1.09388,1.09316,1.09326,5704.0
2024-07-17 18:00:00,1.09326,1.09362,1.09277,1.09326,3902.0
2024-07-17 19:00:00,1.09326,1.09338,1.09237,1.09298,3691.0
2024-07-17 20:00:00,1.09298,1.09366,1.09283,1.09314,3020.0
2024-07-17 21:00:00,1.09314,1.09396,1.09305,1.09369,2450.0
2024-07-17 22:00:00,1.09369,1.09398,1.09349,1.09363,2034.0
2024-07-17 23:00:00,1.09363,1.094,1.09353,1.09396,694.0
2024-07-18 00:00:00,1.0937999999999999,1.09398,1.09359,1.09382,279.0
2024-07-18 01:00:00,1.09382,1.09399,1.09381,1.09398,640.0
2024-07-18 02:00:00,1.09398,1.09411,1.09388,1.09404,1522.0
2024-07-18 03:00:00,1.09404,1.09409,1.09367,1.09372,2241.0
2024-07-18 04:00:00,1.09372,1.09392,1.09342,1.09344,3088.0
2024-07-18 05:00:00,1.09344,1.0936,1.09323,1.09352,2277.0
2024-07-18 06:00:00,1.09352,1.09367,1.09323,1.09329,2193.0
2024-07-18 07:00:00,1.09329,1.09365,1.09317,1.09337,1729.0
2024-07-18 08:00:00,1.09337,1.09383,1.09328,1.09371,2375.0
2024-07-18 09:00:00,1.09371,1.09374,1.09277,1.09312,3112.0
2024-07-18 10:00:00,1.09312,1.09352,1.09263,1.09315,4674.0
2024-07-18 11:00:00,1.09315,1.09389,1.0929,1.09308,3413.0
2024-07-18 12:00:00,1.09308,1.0931899999999999,1.09273,1.0931,2187.0
2024-07-18 13:00:00,1.0931,1.09363,1.09287,1.09332,2335.0
2024-07-18 14:00:00,1.09332,1.09333,1.09263,1.09277,2202.0
2024-07-18 15:00:00,1.09277,1.0937000000000001,1.09239,1.09286,4778.0
2024-07-18 16:00:00,1.09286,1.09292,1.0907499999999999,1.09115,5399.0
2024-07-18 17:00:00,1.09115,1.09168,1.09051,1.09149,4476.0
2024-07-18 18:00:00,1.09149,1.09184,1.09051,1.09124,4529.0
2024-07-18 19:00:00,1.09123,1.09164,1.09111,1.09162,3781.0
2024-07-18 20:00:00,1.09162,1.09165,1.09069,1.09071,2908.0
2024-07-18 21:00:00,1.09071,1.09076,1.08958,1.08991,2736.0
2024-07-18 22:00:00,1.08991,1.09,1.08937,1.08973,4081.0
2024-07-18 23:00:00,1.08973,1.0899,1.08949,1.08959,756.0
2024-07-19 00:00:00,1.0895299999999999,1.08985,1.08936,1.08974,636.0
2024-07-19 01:00:00,1.08977,1.09002,1.08959,1.08976,841.0
2024-07-19 02:00:00,1.08976,1.09019,1.08968,1.09005,1063.0
2024-07-19 03:00:00,1.09005,1.09005,1.0890900000000001,1.08922,2681.0
2024-07-19 04:00:00,1.08922,1.08949,1.08864,1.08877,3280.0
2024-07-19 05:00:00,1.08877,1.08924,1.08873,1.08921,2182.0
2024-07-19 06:00:00,1.08921,1.08923,1.08878,1.08885,1405.0
2024-07-19 07:00:00,1.08885,1.08898,1.08862,1.08872,1353.0
2024-07-19 08:00:00,1.08872,1.08905,1.08847,1.08891,2097.0
2024-07-19 09:00:00,1.08891,1.08898,1.08835,1.08852,3599.0
2024-07-19 10:00:00,1.08852,1.08906,1.08819,1.0888,4514.0
2024-07-19 11:00:00,1.0888,1.0888,1.08762,1.08792,4274.0
2024-07-19 12:00:00,1.08792,1.08847,1.08776,1.08805,2837.0
2024-07-19 13:00:00,1.08805,1.08865,1.08776,1.08842,2938.0
2024-07-19 14:00:00,1.08842,1.08933,1.0883099999999999,1.08932,2802.0
2024-07-19 15:00:00,1.08932,1.08942,1.08846,1.08891,3592.0
2024-07-19 16:00:00,1.08891,1.08898,1.08816,1.08816,4390.0
2024-07-19 17:00:00,1.08816,1.08901,1.08794,1.08898,4730.0
2024-07-19 18:00:00,1.08898,1.08902,1.08837,1.08881,2969.0
2024-07-19 19:00:00,1.08881,1.08913,1.08841,1.08851,2439.0
2024-07-19 20:00:00,1.08851,1.08855,1.08809,1.0884,3111.0
2024-07-22 00:00:00,1.08854,1.08861,1.0882,1.08846,692.0
2024-07-22 01:00:00,1.08846,1.09001,1.08846,1.08998,1203.0
2024-07-22 02:00:00,1.08998,1.09028,1.08983,1.08989,1911.0
2024-07-22 03:00:00,1.08989,1.08999,1.08925,1.0894,2217.0
2024-07-22 04:00:00,1.0894,1.08951,1.08849,1.08868,2438.0
2024-07-22 05:00:00,1.08868,1.08954,1.0884800000000001,1.08928,2511.0
2024-07-22 06:00:00,1.08928,1.08939,1.0890900000000001,1.08917,1783.0
2024-07-22 07:00:00,1.08917,1.08929,1.08871,1.08877,2103.0
2024-07-22 08:00:00,1.08877,1.08878,1.08826,1.08847,2214.0
2024-07-22 09:00:00,1.0884800000000001,1.08903,1.08789,1.0881,4195.0
2024-07-22 10:00:00,1.08811,1.08882,1.08806,1.08873,4465.0
2024-07-22 11:00:00,1.08873,1.08926,1.0885,1.08882,3085.0
2024-07-22 12:00:00,1.08882,1.08955,1.08872,1.0892,2434.0
2024-07-22 13:00:00,1.0892,1.08929,1.08854,1.08895,3048.0
2024-07-22 14:00:00,1.08895,1.08913,1.0884,1.08858,2835.0
2024-07-22 15:00:00,1.08859,1.08887,1.08752,1.08782,4347.0
2024-07-22 16:00:00,1.08781,1.08864,1.08755,1.08806,4003.0
2024-07-22 17:00:00,1.08806,1.08858,1.08732,1.08846,4293.0
2024-07-22 18:00:00,1.08846,1.08863,1.08767,1.088,3650.0
2024-07-22 19:00:00,1.088,1.08869,1.0879,1.08865,2615.0
2024-07-22 20:00:00,1.08865,1.08919,1.08865,1.08903,2708.0
2024-07-22 21:00:00,1.08903,1.08906,1.08878,1.08896,1840.0
2024-07-22 22:00:00,1.08896,1.08896,1.0886,1.08873,1800.0
2024-07-22 23:00:00,1.08872,1.08914,1.08863,1.08905,773.0
2024-07-23 00:00:00,1.08906,1.08929,1.08844,1.08899,1063.0
2024-07-23 01:00:00,1.08899,1.08925,1.08899,1.0891,569.0
2024-07-23 02:00:00,1.0891,1.08916,1.0889,1.08891,886.0
2024-07-23 03:00:00,1.08891,1.08926,1.08872,1.08898,2300.0
2024-07-23 04:00:00,1.08898,1.08941,1.08876,1.08888,2595.0
2024-07-23 05:00:00,1.08888,1.08938,1.08884,1.08919,2082.0
2024-07-23 06:00:00,1.08922,1.08968,1.08921,1.08944,1801.0
2024-07-23 07:00:00,1.08943,1.08949,1.08907,1.0890900000000001,1531.0
2024-07-23 08:00:00,1.0890900000000001,1.08914,1.08883,1.08902,1256.0
2024-07-23 09:00:00,1.08902,1.08904,1.08794,1.0885,2688.0
2024-07-23 10:00:00,1.0885,1.08887,1.08741,1.08763,4186.0
2024-07-23 11:00:00,1.08763,1.08825,1.08681,1.08779,3532.0
2024-07-23 12:00:00,1.08779,1.08783,1.08661,1.08674,2868.0
2024-07-23 13:00:00,1.08674,1.08691,1.08566,1.08616,3283.0
2024-07-23 14:00:00,1.08616,1.08685,1.08562,1.08572,2808.0
2024-07-23 15:00:00,1.08572,1.08636,1.08549,1.08561,3428.0
2024-07-23 16:00:00,1.08561,1.08563,1.08459,1.0849199999999999,3576.0
2024-07-23 17:00:00,1.08493,1.08554,1.0844,1.08448,3385.0
2024-07-23 18:00:00,1.08448,1.08579,1.08448,1.08544,3089.0
2024-07-23 19:00:00,1.08544,1.0858,1.0852,1.08535,2829.0
2024-07-23 20:00:00,1.08535,1.08566,1.08507,1.08532,3027.0
2024-07-23 21:00:00,1.08532,1.08556,1.08514,1.08523,2146.0
2024-07-23 22:00:00,1.08523,1.08526,1.08493,1.08509,1756.0
2024-07-23 23:00:00,1.08509,1.08562,1.08496,1.0853,877.0
2024-07-24 00:00:00,1.08534,1.0854300000000001,1.0848200000000001,1.08538,376.0
2024-07-24 01:00:00,1.08541,1.08544,1.08496,1.0851,993.0
2024-07-24 02:00:00,1.0851,1.08522,1.08487,1.08498,987.0
2024-07-24 03:00:00,1.08498,1.08503,1.08458,1.08468,1432.0
2024-07-24 04:00:00,1.08468,1.08504,1.08459,1.08484,2901.0
2024-07-24 05:00:00,1.08484,1.08484,1.08418,1.0843,1600.0
2024-07-24 06:00:00,1.0843,1.08458,1.08427,1.08453,1968.0
2024-07-24 07:00:00,1.08453,1.08478,1.08435,1.08469,2641.0
2024-07-24 08:00:00,1.08469,1.08534,1.08467,1.08528,2210.0
2024-07-24 09:00:00,1.08528,1.08528,1.08426,1.08434,3446.0
2024-07-24 10:00:00,1.08434,1.0854,1.08258,1.08293,4810.0
2024-07-24 11:00:00,1.08294,1.08377,1.08259,1.08351,3751.0
2024-07-24 12:00:00,1.08351,1.08414,1.08324,1.08408,3203.0
2024-07-24 13:00:00,1.08408,1.08464,1.08403,1.08427,2434.0
2024-07-24 14:00:00,1.08428,1.0849,1.0838700000000001,1.08463,3272.0
2024-07-24 15:00:00,1.08463,1.08594,1.08457,1.08583,4069.0
2024-07-24 16:00:00,1.08583,1.0863,1.08517,1.08545,5327.0
2024-07-24 17:00:00,1.08545,1.08667,1.08506,1.08538,5480.0
2024-07-24 18:00:00,1.08539,1.08578,1.08517,1.08529,3679.0
2024-07-24 19:00:00,1.08529,1.0853,1.08476,1.0851,2726.0
2024-07-24 20:00:00,1.0851,1.08551,1.0846,1.08464,2228.0
2024-07-24 21:00:00,1.08464,1.08464,1.08368,1.08377,2698.0
2024-07-24 22:00:00,1.08377,1.08427,1.0836,1.08389,2137.0
2024-07-24 23:00:00,1.08389,1.08403,1.08378,1.08392,953.0
2024-07-25 00:00:00,1.08396,1.08405,1.08362,1.08401,335.0
2024-07-25 01:00:00,1.08401,1.08422,1.08379,1.08394,1004.0
2024-07-25 02:00:00,1.08394,1.08402,1.08376,1.08381,1423.0
2024-07-25 03:00:00,1.08381,1.08415,1.0835,1.08396,3528.0
2024-07-25 04:00:00,1.08396,1.0843,1.08375,1.08382,3064.0
2024-07-25 05:00:00,1.08382,1.08416,1.08364,1.08396,2678.0
2024-07-25 06:00:00,1.08397,1.08441,1.0839,1.08429,2371.0
2024-07-25 07:00:00,1.08429,1.08436,1.08378,1.08401,2074.0
2024-07-25 08:00:00,1.08401,1.08456,1.08384,1.08453,2339.0
2024-07-25 09:00:00,1.08452,1.08453,1.08335,1.08348,3348.0
2024-07-25 10:00:00,1.08349,1.08532,1.08284,1.08493,5033.0
2024-07-25 11:00:00,1.08493,1.08578,1.08434,1.08463,5114.0
2024-07-25 12:00:00,1.08462,1.08561,1.0844,1.08516,3837.0
2024-07-25 13:00:00,1.08516,1.0859,1.08481,1.08515,3613.0
2024-07-25 14:00:00,1.08515,1.08539,1.08438,1.08458,2880.0
2024-07-25 15:00:00,1.08458,1.08551,1.08364,1.08498,6020.0
2024-07-25 16:00:00,1.08499,1.08508,1.08303,1.08391,6265.0
2024-07-25 17:00:00,1.08391,1.0857,1.08363,1.08547,6209.0
2024-07-25 18:00:00,1.08547,1.08648,1.08545,1.08601,4727.0
2024-07-25 19:00:00,1.08601,1.08636,1.08566,1.08621,3901.0
2024-07-25 20:00:00,1.08622,1.08701,1.0854,1.08545,4033.0
2024-07-25 21:00:00,1.08544,1.0855,1.08479,1.08479,3384.0
2024-07-25 22:00:00,1.08479,1.08538,1.08456,1.0846,3070.0
2024-07-25 23:00:00,1.0846,1.08466,1.08435,1.08449,1091.0
2024-07-26 00:00:00,1.08456,1.08468,1.08421,1.08452,275.0
2024-07-26 01:00:00,1.08448,1.08487,1.08437,1.08472,882.0
2024-07-26 02:00:00,1.08472,1.08516,1.0847,1.08515,1982.0
2024-07-26 03:00:00,1.08515,1.08557,1.08514,1.0854,2672.0
2024-07-26 04:00:00,1.0854,1.08596,1.08521,1.08582,3093.0
2024-07-26 05:00:00,1.08582,1.08606,1.08548,1.08554,2284.0
2024-07-26 06:00:00,1.08554,1.08586,1.08541,1.08584,2118.0
2024-07-26 07:00:00,1.08584,1.08599,1.08569,1.08585,1837.0
2024-07-26 08:00:00,1.08584,1.08609,1.08567,1.08574,2022.0
2024-07-26 09:00:00,1.08574,1.08574,1.08506,1.08524,2932.0
2024-07-26 10:00:00,1.08524,1.08556,1.08449,1.08493,3481.0
2024-07-26 11:00:00,1.08493,1.08532,1.08422,1.08516,3679.0
2024-07-26 12:00:00,1.08516,1.08567,1.08501,1.08541,2580.0
2024-07-26 13:00:00,1.08541,1.08588,1.0851,1.08564,2523.0
2024-07-26 14:00:00,1.08564,1.08615,1.08523,1.08612,2383.0
2024-07-26 15:00:00,1.08612,1.08655,1.08485,1.08607,4353.0
2024-07-26 16:00:00,1.08607,1.08674,1.08592,1.08654,4025.0
2024-07-26 17:00:00,1.08654,1.08683,1.08516,1.08559,5215.0
2024-07-26 18:00:00,1.08559,1.08602,1.08527,1.08579,3489.0
2024-07-26 19:00:00,1.08581,1.0867,1.08565,1.08655,2530.0
2024-07-26 20:00:00,1.08654,1.08656,1.08581,1.08607,2536.0
2024-07-29 00:00:00,1.08541,1.08648,1.08541,1.08561,842.0
2024-07-29 01:00:00,1.0856,1.08601,1.08552,1.08561,1210.0
2024-07-29 02:00:00,1.08561,1.08568,1.08529,1.08529,1397.0
2024-07-29 03:00:00,1.08529,1.08666,1.0851,1.08635,2764.0
2024-07-29 04:00:00,1.08635,1.08682,1.08608,1.08659,3365.0
2024-07-29 05:00:00,1.08659,1.08701,1.08644,1.08644,2552.0
2024-07-29 06:00:00,1.08644,1.08659,1.08618,1.08624,1863.0
2024-07-29 07:00:00,1.08624,1.0864,1.08584,1.08591,1848.0
2024-07-29 08:00:00,1.08591,1.08631,1.08575,1.08591,2269.0
2024-07-29 09:00:00,1.08592,1.08624,1.08551,1.08581,3120.0
2024-07-29 10:00:00,1.08581,1.08599,1.08435,1.08446,4543.0
2024-07-29 11:00:00,1.08446,1.08446,1.08318,1.08323,3522.0
2024-07-29 12:00:00,1.08323,1.08415,1.08267,1.08373,2555.0
2024-07-29 13:00:00,1.08373,1.08421,1.0833,1.0836,2960.0
2024-07-29 14:00:00,1.08359,1.0836,1.08168,1.08179,2402.0
2024-07-29 15:00:00,1.08179,1.08217,1.08151,1.08162,2739.0
2024-07-29 16:00:00,1.08162,1.08175,1.08111,1.08119,2878.0
2024-07-29 17:00:00,1.08119,1.08162,1.08029,1.08155,3686.0
2024-07-29 18:00:00,1.08155,1.08239,1.08155,1.0819,2857.0
2024-07-29 19:00:00,1.0819,1.08239,1.08151,1.08216,2338.0
2024-07-29 20:00:00,1.08216,1.08261,1.08196,1.08251,2106.0
2024-07-29 21:00:00,1.08251,1.08252,1.08196,1.08216,2341.0
2024-07-29 22:00:00,1.08217,1.08257,1.08217,1.08238,2928.0
2024-07-29 23:00:00,1.08238,1.08238,1.08197,1.08212,1175.0
2024-07-30 00:00:00,1.08212,1.08235,1.08166,1.08227,381.0
2024-07-30 01:00:00,1.08227,1.08238,1.08219,1.08224,592.0
2024-07-30 02:00:00,1.08224,1.08224,1.08184,1.08193,1134.0
2024-07-30 03:00:00,1.08192,1.08202,1.08155,1.08172,2894.0
2024-07-30 04:00:00,1.08172,1.08202,1.08144,1.08176,2365.0
2024-07-30 05:00:00,1.08175,1.08188,1.08148,1.08181,1918.0
2024-07-30 06:00:00,1.08181,1.08225,1.08176,1.08221,1361.0
2024-07-30 07:00:00,1.08221,1.08253,1.0822,1.08242,1710.0
2024-07-30 08:00:00,1.08242,1.08251,1.08191,1.08206,1508.0
2024-07-30 09:00:00,1.08206,1.08247,1.08178,1.08228,2966.0
2024-07-30 10:00:00,1.08227,1.0827,1.08166,1.0818699999999999,3515.0
2024-07-30 11:00:00,1.08186,1.08347,1.08162,1.08288,3895.0
2024-07-30 12:00:00,1.08288,1.08352,1.08279,1.08319,3071.0
2024-07-30 13:00:00,1.08319,1.08358,1.08318,1.08335,2627.0
2024-07-30 14:00:00,1.08335,1.08336,1.0824,1.08244,2103.0
2024-07-30 15:00:00,1.08244,1.08261,1.08018,1.0802,3538.0
2024-07-30 16:00:00,1.0802,1.08153,1.08018,1.08106,4159.0
2024-07-30 17:00:00,1.08107,1.08107,1.07983,1.08052,4989.0
2024-07-30 18:00:00,1.08052,1.08111,1.07991,1.08089,4333.0
2024-07-30 19:00:00,1.08089,1.08168,1.08069,1.08139,3421.0
2024-07-30 20:00:00,1.08139,1.08177,1.08099,1.08144,3412.0
2024-07-30 21:00:00,1.08145,1.08162,1.08103,1.08112,2733.0
2024-07-30 22:00:00,1.08112,1.08137,1.08094,1.08108,2374.0
2024-07-30 23:00:00,1.08108,1.08155,1.08086,1.0814300000000001,1241.0
2024-07-31 00:00:00,1.08144,1.08149,1.08081,1.08131,426.0
2024-07-31 01:00:00,1.08131,1.08168,1.08125,1.08148,1314.0
2024-07-31 02:00:00,1.08148,1.08179,1.0814300000000001,1.08158,1952.0
2024-07-31 03:00:00,1.08158,1.08201,1.08128,1.082,2829.0
2024-07-31 04:00:00,1.082,1.08245,1.08166,1.08222,3614.0
2024-07-31 05:00:00,1.08222,1.08285,1.08202,1.08267,2907.0
2024-07-31 06:00:00,1.08267,1.08303,1.08221,1.08222,2476.0
2024-07-31 07:00:00,1.08222,1.08262,1.08215,1.08256,2996.0
2024-07-31 08:00:00,1.08256,1.0827,1.08203,1.08249,2515.0
2024-07-31 09:00:00,1.08252,1.08256,1.08158,1.08254,5030.0
2024-07-31 10:00:00,1.08254,1.08254,1.08117,1.08182,5275.0
2024-07-31 11:00:00,1.08182,1.08277,1.08066,1.0823,5004.0
2024-07-31 12:00:00,1.0823,1.08278,1.08221,1.08261,3151.0
2024-07-31 13:00:00,1.0826,1.08354,1.08251,1.08333,2349.0
2024-07-31 14:00:00,1.08333,1.08402,1.0827,1.08284,2259.0
2024-07-31 15:00:00,1.08284,1.08481,1.08253,1.0841,4927.0
2024-07-31 16:00:00,1.0841,1.08495,1.08386,1.0843099999999999,4903.0
2024-07-31 17:00:00,1.0843099999999999,1.08469,1.08174,1.08216,5766.0
2024-07-31 18:00:00,1.08217,1.08279,1.0819,1.08232,4343.0
2024-07-31 19:00:00,1.08229,1.08232,1.08044,1.08094,3066.0
2024-07-31 20:00:00,1.08094,1.08173,1.08059,1.08163,3206.0
2024-07-31 21:00:00,1.08167,1.08294,1.0802,1.08269,7046.0
2024-07-31 22:00:00,1.0826500000000001,1.0833,1.08194,1.08229,5660.0
2024-07-31 23:00:00,1.08229,1.08283,1.08171,1.08259,1785.0
2024-08-01 00:00:00,1.08252,1.08273,1.08212,1.08266,460.0
2024-08-01 01:00:00,1.0826500000000001,1.08311,1.08242,1.08244,627.0
2024-08-01 02:00:00,1.08244,1.08257,1.08219,1.0824,1786.0
2024-08-01 03:00:00,1.08239,1.08302,1.08234,1.08278,3514.0
2024-08-01 04:00:00,1.08278,1.08338,1.0827,1.08279,3819.0
2024-08-01 05:00:00,1.08277,1.08308,1.08243,1.08263,3874.0
2024-08-01 06:00:00,1.08263,1.08347,1.08256,1.08329,2302.0
2024-08-01 07:00:00,1.08329,1.08355,1.0826500000000001,1.0827,2417.0
2024-08-01 08:00:00,1.0827,1.08298,1.08255,1.08274,2544.0
2024-08-01 09:00:00,1.08274,1.08279,1.08111,1.08163,4000.0
2024-08-01 10:00:00,1.08163,1.08201,1.07993,1.08012,4699.0
2024-08-01 11:00:00,1.08011,1.08022,1.07814,1.07845,4044.0
2024-08-01 12:00:00,1.07845,1.07863,1.07776,1.07779,3129.0
2024-08-01 13:00:00,1.07779,1.07898,1.07779,1.07844,2304.0
2024-08-01 14:00:00,1.07844,1.07959,1.07807,1.07919,3671.0
2024-08-01 15:00:00,1.07919,1.08086,1.07871,1.07966,5208.0
2024-08-01 16:00:00,1.07966,1.08062,1.07872,1.08033,4974.0
2024-08-01 17:00:00,1.08033,1.08184,1.07874,1.07922,7101.0
2024-08-01 18:00:00,1.07922,1.07947,1.0783800000000001,1.07888,5214.0
2024-08-01 19:00:00,1.07889,1.07968,1.07804,1.07863,4853.0
2024-08-01 20:00:00,1.07863,1.07921,1.07851,1.07917,4092.0
2024-08-01 21:00:00,1.07917,1.0792,1.0783,1.0783800000000001,3812.0
2024-08-01 22:00:00,1.07839,1.07956,1.07827,1.07898,4385.0
2024-08-01 23:00:00,1.07898,1.07917,1.07866,1.07913,1451.0
2024-08-02 00:00:00,1.07911,1.07926,1.07863,1.07913,840.0
2024-08-02 01:00:00,1.07915,1.07935,1.07876,1.07886,1429.0
2024-08-02 02:00:00,1.07886,1.07919,1.07861,1.07865,1913.0
2024-08-02 03:00:00,1.07864,1.07927,1.07818,1.07911,3237.0
2024-08-02 04:00:00,1.07911,1.07939,1.0788,1.0790899999999999,2923.0
2024-08-02 05:00:00,1.0791,1.07918,1.07846,1.07904,3692.0
2024-08-02 06:00:00,1.07903,1.07953,1.07902,1.07932,2626.0
2024-08-02 07:00:00,1.07932,1.07988,1.07925,1.07977,2347.0
2024-08-02 08:00:00,1.07977,1.08044,1.07956,1.08044,2694.0
2024-08-02 09:00:00,1.08043,1.08089,1.0793,1.07964,4718.0
2024-08-02 10:00:00,1.07964,1.08044,1.07863,1.08042,6118.0
2024-08-02 11:00:00,1.08041,1.08153,1.08033,1.08146,5405.0
2024-08-02 12:00:00,1.08146,1.08249,1.08145,1.0820400000000001,4019.0
2024-08-02 13:00:00,1.0820400000000001,1.08246,1.08158,1.08232,4235.0
2024-08-02 14:00:00,1.08231,1.08374,1.08231,1.08314,4296.0
2024-08-02 15:00:00,1.08314,1.08971,1.08293,1.08912,8333.0
2024-08-02 16:00:00,1.08912,1.09066,1.08845,1.09057,8356.0
2024-08-02 17:00:00,1.09057,1.09267,1.09003,1.09225,7955.0
2024-08-02 18:00:00,1.09225,1.0925,1.09123,1.09134,5963.0
2024-08-02 19:00:00,1.09134,1.09149,1.09034,1.09121,6502.0
2024-08-02 20:00:00,1.09121,1.09156,1.09073,1.09113,5039.0
2024-08-05 00:00:00,1.0924,1.09353,1.09158,1.09193,638.0
2024-08-05 01:00:00,1.09196,1.0921,1.09029,1.09064,2170.0
2024-08-05 02:00:00,1.09064,1.09116,1.09044,1.09105,4117.0
2024-08-05 03:00:00,1.09105,1.09226,1.09069,1.09168,6952.0
2024-08-05 04:00:00,1.09168,1.09218,1.0912,1.09189,7148.0
2024-08-05 05:00:00,1.0919,1.0924,1.09131,1.09219,4831.0
2024-08-05 06:00:00,1.09219,1.09313,1.0921,1.09306,4297.0
2024-08-05 07:00:00,1.09307,1.09398,1.09278,1.09326,5902.0
2024-08-05 08:00:00,1.09326,1.09387,1.09121,1.09124,7800.0
2024-08-05 09:00:00,1.09124,1.09179,1.08928,1.09055,12627.0
2024-08-05 10:00:00,1.09053,1.09671,1.09035,1.0949,10222.0
2024-08-05 11:00:00,1.09491,1.09751,1.09466,1.09511,7361.0
2024-08-05 12:00:00,1.0951,1.0961,1.0945,1.09515,6560.0
2024-08-05 13:00:00,1.09515,1.09515,1.0933,1.09485,5880.0
2024-08-05 14:00:00,1.09486,1.09649,1.09436,1.09631,6316.0
2024-08-05 15:00:00,1.09629,1.10089,1.09618,1.09912,8842.0
2024-08-05 16:00:00,1.09912,1.10034,1.09756,1.09794,11285.0
2024-08-05 17:00:00,1.09794,1.09801,1.09566,1.09795,10467.0
2024-08-05 18:00:00,1.09795,1.09864,1.0956,1.09564,8377.0
2024-08-05 19:00:00,1.09564,1.09612,1.09478,1.09601,7956.0
2024-08-05 20:00:00,1.096,1.09645,1.09473,1.09534,7420.0
2024-08-05 21:00:00,1.09534,1.09576,1.0949200000000001,1.09512,6324.0
2024-08-05 22:00:00,1.09512,1.0959,1.09497,1.0959,3893.0
2024-08-05 23:00:00,1.0959,1.09603,1.09493,1.09512,2282.0
2024-08-06 00:00:00,1.09517,1.09535,1.09395,1.09527,587.0
2024-08-06 01:00:00,1.09529,1.09622,1.09526,1.09549,2062.0
2024-08-06 02:00:00,1.09549,1.09578,1.09499,1.09506,3806.0
2024-08-06 03:00:00,1.09506,1.09632,1.09438,1.09628,7058.0
2024-08-06 04:00:00,1.09628,1.09631,1.09501,1.09549,5773.0
2024-08-06 05:00:00,1.09549,1.09577,1.09518,1.0952,4683.0
2024-08-06 06:00:00,1.0952,1.09563,1.09515,1.09542,3303.0
2024-08-06 07:00:00,1.09542,1.09559,1.09497,1.09521,3328.0
2024-08-06 08:00:00,1.09521,1.0955,1.09448,1.09466,4929.0
2024-08-06 09:00:00,1.09466,1.09486,1.09346,1.09392,7363.0
2024-08-06 10:00:00,1.09392,1.0941,1.09221,1.09269,7931.0
2024-08-06 11:00:00,1.09269,1.09351,1.09186,1.09278,5999.0
2024-08-06 12:00:00,1.09279,1.09279,1.09077,1.09118,5969.0
2024-08-06 13:00:00,1.09117,1.09145,1.09042,1.09085,4983.0
2024-08-06 14:00:00,1.09085,1.09175,1.09038,1.09168,4517.0
2024-08-06 15:00:00,1.09167,1.0918,1.09047,1.09053,5448.0
2024-08-06 16:00:00,1.09053,1.09247,1.09053,1.09185,6859.0
2024-08-06 17:00:00,1.09187,1.09349,1.0915300000000001,1.09338,7109.0
2024-08-06 18:00:00,1.09339,1.09342,1.09224,1.09254,5652.0
2024-08-06 19:00:00,1.09254,1.09323,1.09208,1.09279,4803.0
2024-08-06 20:00:00,1.09278,1.09311,1.09228,1.0926,4559.0
2024-08-06 21:00:00,1.0926,1.09338,1.09251,1.09286,3191.0
2024-08-06 22:00:00,1.09287,1.09306,1.09228,1.093,4521.0
2024-08-06 23:00:00,1.093,1.09321,1.09276,1.09313,2460.0
2024-08-07 00:00:00,1.09284,1.0931,1.09219,1.09286,1134.0
2024-08-07 01:00:00,1.09277,1.09317,1.09275,1.09296,1724.0
2024-08-07 02:00:00,1.09296,1.09304,1.09239,1.09259,1909.0
2024-08-07 03:00:00,1.09259,1.09304,1.09233,1.09298,3819.0
2024-08-07 04:00:00,1.09298,1.09305,1.0911,1.09183,5428.0
2024-08-07 05:00:00,1.09184,1.09195,1.09123,1.09164,4821.0
2024-08-07 06:00:00,1.09164,1.09177,1.09119,1.09159,2905.0
2024-08-07 07:00:00,1.09159,1.0917,1.09117,1.09117,3425.0
2024-08-07 08:00:00,1.09116,1.09131,1.0907,1.09104,4059.0
2024-08-07 09:00:00,1.09104,1.09154,1.09055,1.09152,4894.0
2024-08-07 10:00:00,1.09152,1.09281,1.09129,1.09224,5521.0
2024-08-07 11:00:00,1.09224,1.0928,1.09185,1.09189,5066.0
2024-08-07 12:00:00,1.09189,1.0919699999999999,1.09086,1.09137,4294.0
2024-08-07 13:00:00,1.09137,1.09234,1.09097,1.09181,3640.0
2024-08-07 14:00:00,1.0918,1.09267,1.09179,1.09234,3492.0
2024-08-07 15:00:00,1.09234,1.09259,1.09135,1.0922,4351.0
2024-08-07 16:00:00,1.09221,1.09266,1.09126,1.09188,4189.0
2024-08-07 17:00:00,1.09188,1.09342,1.09188,1.0931899999999999,4720.0
2024-08-07 18:00:00,1.0931899999999999,1.09367,1.09241,1.09247,3765.0
2024-08-07 19:00:00,1.09247,1.09271,1.09212,1.09223,3401.0
2024-08-07 20:00:00,1.09223,1.09272,1.09177,1.09223,4442.0
2024-08-07 21:00:00,1.09223,1.0924,1.09176,1.09223,4028.0
2024-08-07 22:00:00,1.09223,1.09269,1.09214,1.09234,4057.0
2024-08-07 23:00:00,1.09234,1.09235,1.09201,1.09235,1934.0
2024-08-08 00:00:00,1.0921,1.09238,1.0918,1.09233,663.0
2024-08-08 01:00:00,1.09236,1.09271,1.09226,1.09269,1002.0
2024-08-08 02:00:00,1.09269,1.0934,1.09267,1.09275,1929.0
2024-08-08 03:00:00,1.09275,1.09326,1.0926,1.09283,4268.0
2024-08-08 04:00:00,1.09283,1.0931,1.09236,1.09278,3580.0
2024-08-08 05:00:00,1.09278,1.09352,1.09267,1.09338,3338.0
2024-08-08 06:00:00,1.09338,1.09356,1.093,1.09351,2671.0
2024-08-08 07:00:00,1.09351,1.09378,1.0931,1.09317,3217.0
2024-08-08 08:00:00,1.09317,1.0936,1.093,1.09359,3412.0
2024-08-08 09:00:00,1.09358,1.09448,1.09337,1.09429,4727.0
2024-08-08 10:00:00,1.09429,1.09452,1.0934,1.094,5818.0
2024-08-08 11:00:00,1.09401,1.09445,1.09356,1.09371,3636.0
2024-08-08 12:00:00,1.09371,1.09398,1.09262,1.0927,3448.0
2024-08-08 13:00:00,1.0927,1.09288,1.09211,1.09254,2886.0
2024-08-08 14:00:00,1.09254,1.09335,1.09233,1.09305,3703.0
2024-08-08 15:00:00,1.09305,1.09326,1.08917,1.08976,5875.0
2024-08-08 16:00:00,1.08977,1.09064,1.08816,1.08929,6323.0
2024-08-08 17:00:00,1.08929,1.09079,1.08914,1.09065,5886.0
2024-08-08 18:00:00,1.09065,1.09146,1.09056,1.09131,5239.0
2024-08-08 19:00:00,1.09131,1.09147,1.09052,1.09088,3912.0
2024-08-08 20:00:00,1.09088,1.09164,1.0907499999999999,1.09128,3806.0
2024-08-08 21:00:00,1.09128,1.09189,1.09111,1.09185,2544.0
2024-08-08 22:00:00,1.09184,1.09184,1.09135,1.09161,3244.0
2024-08-08 23:00:00,1.09161,1.09191,1.09161,1.09188,829.0
2024-08-09 00:00:00,1.09185,1.09185,1.09097,1.09166,373.0
2024-08-09 01:00:00,1.09166,1.09191,1.09158,1.09186,1057.0
2024-08-09 02:00:00,1.09187,1.09196,1.09146,1.09151,2021.0
2024-08-09 03:00:00,1.09151,1.09162,1.09116,1.09131,4175.0
2024-08-09 04:00:00,1.09131,1.0919,1.09119,1.0918,2969.0
2024-08-09 05:00:00,1.0918,1.09246,1.09159,1.09215,2826.0
2024-08-09 06:00:00,1.09215,1.09242,1.09205,1.0923,2153.0
2024-08-09 07:00:00,1.0923,1.09242,1.09201,1.09202,2487.0
2024-08-09 08:00:00,1.09202,1.09215,1.09183,1.09195,2567.0
2024-08-09 09:00:00,1.09195,1.09282,1.09177,1.09275,3032.0
2024-08-09 10:00:00,1.09275,1.09292,1.09204,1.09219,3701.0
2024-08-09 11:00:00,1.09219,1.09226,1.09131,1.09177,4120.0
2024-08-09 12:00:00,1.09178,1.0926,1.09174,1.0919699999999999,3189.0
2024-08-09 13:00:00,1.0919699999999999,1.09233,1.09167,1.09176,3159.0
2024-08-09 14:00:00,1.09176,1.09207,1.09114,1.09162,3488.0
2024-08-09 15:00:00,1.09162,1.0919699999999999,1.0909200000000001,1.09119,4216.0
2024-08-09 16:00:00,1.09119,1.09241,1.09099,1.09225,3690.0
2024-08-09 17:00:00,1.09225,1.09314,1.09214,1.09233,3749.0
2024-08-09 18:00:00,1.09233,1.09278,1.09218,1.09243,3819.0
2024-08-09 19:00:00,1.09242,1.09247,1.09179,1.09188,2780.0
2024-08-09 20:00:00,1.09188,1.09236,1.0915300000000001,1.09207,2587.0
2024-08-12 00:00:00,1.09145,1.09184,1.09144,1.09178,283.0
2024-08-12 01:00:00,1.09172,1.09185,1.09101,1.0913,1161.0
2024-08-12 02:00:00,1.09131,1.0915,1.09126,1.09128,1288.0
2024-08-12 03:00:00,1.09128,1.09198,1.09119,1.09184,1608.0
2024-08-12 04:00:00,1.09184,1.09232,1.09181,1.09208,1924.0
2024-08-12 05:00:00,1.09209,1.0922,1.09179,1.0918,1969.0
2024-08-12 06:00:00,1.09181,1.0919,1.09128,1.09141,1933.0
2024-08-12 07:00:00,1.09142,1.09216,1.09137,1.09191,2075.0
2024-08-12 08:00:00,1.09191,1.09212,1.09176,1.09187,1788.0
2024-08-12 09:00:00,1.09187,1.09237,1.09159,1.09213,2994.0
2024-08-12 10:00:00,1.09213,1.09286,1.09196,1.09223,3342.0
2024-08-12 11:00:00,1.09225,1.09254,1.09161,1.09209,3404.0
2024-08-12 12:00:00,1.09209,1.0928,1.09178,1.09269,2876.0
2024-08-12 13:00:00,1.09269,1.093,1.09217,1.09266,2404.0
2024-08-12 14:00:00,1.09266,1.09292,1.09198,1.0926,2411.0
2024-08-12 15:00:00,1.0926,1.09289,1.09177,1.092,3255.0
2024-08-12 16:00:00,1.092,1.09335,1.092,1.09253,3886.0
2024-08-12 17:00:00,1.09253,1.09334,1.0915300000000001,1.09314,3971.0
2024-08-12 18:00:00,1.09314,1.09395,1.09275,1.09281,4047.0
2024-08-12 19:00:00,1.09281,1.09295,1.0922,1.0923,2924.0
2024-08-12 20:00:00,1.0923,1.09336,1.09222,1.09332,2880.0
2024-08-12 21:00:00,1.09332,1.09351,1.09284,1.09305,2277.0
2024-08-12 22:00:00,1.09305,1.09334,1.09299,1.09317,2421.0
2024-08-12 23:00:00,1.09317,1.09323,1.09274,1.09321,1011.0
2024-08-13 00:00:00,1.09314,1.09333,1.09241,1.09318,719.0
2024-08-13 01:00:00,1.09318,1.09331,1.09311,1.09326,888.0
2024-08-13 02:00:00,1.09326,1.09365,1.09313,1.09362,793.0
2024-08-13 03:00:00,1.09362,1.09363,1.09294,1.09301,3008.0
2024-08-13 04:00:00,1.09301,1.09355,1.09294,1.0935,2570.0
2024-08-13 05:00:00,1.0935,1.09377,1.09341,1.09355,1742.0
2024-08-13 06:00:00,1.09355,1.09385,1.09352,1.0937000000000001,1494.0
2024-08-13 07:00:00,1.09371,1.09394,1.09359,1.09393,1682.0
2024-08-13 08:00:00,1.09393,1.09413,1.09375,1.09399,1882.0
2024-08-13 09:00:00,1.09399,1.09411,1.09326,1.09335,3246.0
2024-08-13 10:00:00,1.09335,1.09349,1.09265,1.09303,3256.0
2024-08-13 11:00:00,1.09302,1.09302,1.09207,1.09235,2751.0
2024-08-13 12:00:00,1.09235,1.09271,1.09139,1.09198,2864.0
2024-08-13 13:00:00,1.09198,1.09252,1.09181,1.09232,2770.0
2024-08-13 14:00:00,1.09232,1.09322,1.09226,1.09304,2627.0
2024-08-13 15:00:00,1.09304,1.09467,1.09256,1.0941,4584.0
2024-08-13 16:00:00,1.0941,1.09626,1.09382,1.09588,5259.0
2024-08-13 17:00:00,1.09588,1.09619,1.09504,1.09559,4833.0
2024-08-13 18:00:00,1.09561,1.09588,1.09482,1.09535,3466.0
2024-08-13 19:00:00,1.09535,1.09741,1.0953,1.09724,2955.0
2024-08-13 20:00:00,1.09724,1.09786,1.09698,1.09768,2949.0
2024-08-13 21:00:00,1.09769,1.09995,1.09769,1.09993,3402.0
2024-08-13 22:00:00,1.09993,1.09997,1.09941,1.09961,2613.0
2024-08-13 23:00:00,1.09961,1.09989,1.09926,1.09928,1312.0
2024-08-14 00:00:00,1.09927,1.09929,1.09822,1.09924,1434.0
2024-08-14 01:00:00,1.09924,1.09974,1.09923,1.09966,794.0
2024-08-14 02:00:00,1.09967,1.09985,1.09944,1.0996,1103.0
2024-08-14 03:00:00,1.0996,1.09972,1.09918,1.0992,2181.0
2024-08-14 04:00:00,1.0992,1.09967,1.09906,1.0991900000000001,2277.0
2024-08-14 05:00:00,1.0991900000000001,1.09942,1.09901,1.09916,2924.0
2024-08-14 06:00:00,1.09916,1.09918,1.09888,1.0990199999999999,2554.0
2024-08-14 07:00:00,1.0990199999999999,1.09933,1.09896,1.09929,1833.0
2024-08-14 08:00:00,1.09929,1.09948,1.09896,1.09909,1505.0
2024-08-14 09:00:00,1.09909,1.10019,1.09864,1.1,3850.0
2024-08-14 10:00:00,1.1,1.10079,1.0996299999999999,1.10059,3366.0
2024-08-14 11:00:00,1.10059,1.102,1.10027,1.10194,3382.0
2024-08-14 12:00:00,1.10194,1.10287,1.10154,1.10257,2494.0
2024-08-14 13:00:00,1.10257,1.10257,1.10182,1.10222,2662.0
2024-08-14 14:00:00,1.10222,1.10253,1.102,1.10225,2477.0
2024-08-14 15:00:00,1.10225,1.10354,1.10041,1.1017,6334.0
2024-08-14 16:00:00,1.10169,1.10425,1.10162,1.10377,5543.0
2024-08-14 17:00:00,1.10378,1.10474,1.10273,1.10356,4868.0
2024-08-14 18:00:00,1.10356,1.10362,1.10213,1.10233,2848.0
2024-08-14 19:00:00,1.10233,1.10243,1.10156,1.10184,3323.0
2024-08-14 20:00:00,1.10184,1.10185,1.10132,1.10143,2322.0
2024-08-14 21:00:00,1.10143,1.10171,1.1011,1.10162,1563.0
2024-08-14 22:00:00,1.10161,1.10166,1.10115,1.10131,1877.0
2024-08-14 23:00:00,1.10131,1.10145,1.10108,1.10123,1349.0
2024-08-15 00:00:00,1.10124,1.10137,1.1007,1.10123,313.0
2024-08-15 01:00:00,1.10123,1.10159,1.10118,1.10134,647.0
2024-08-15 02:00:00,1.10134,1.10141,1.10098,1.10117,1135.0
2024-08-15 03:00:00,1.10118,1.10144,1.10093,1.10098,1999.0
2024-08-15 04:00:00,1.10098,1.101,1.10033,1.1007,2692.0
2024-08-15 05:00:00,1.1007,1.10114,1.10057,1.10087,2170.0
2024-08-15 06:00:00,1.10088,1.10109,1.10076,1.10082,1053.0
2024-08-15 07:00:00,1.10082,1.10123,1.10081,1.10118,1257.0
2024-08-15 08:00:00,1.10118,1.10131,1.10087,1.10098,1783.0
2024-08-15 09:00:00,1.10098,1.10155,1.10081,1.1014599999999999,2396.0
2024-08-15 10:00:00,1.1014599999999999,1.10156,1.10077,1.10135,2402.0
2024-08-15 11:00:00,1.10135,1.1013600000000001,1.10053,1.10063,2682.0
2024-08-15 12:00:00,1.10063,1.1013,1.10034,1.1012,2339.0
2024-08-15 13:00:00,1.1012,1.10143,1.10082,1.10103,1870.0
2024-08-15 14:00:00,1.10103,1.10138,1.101,1.10134,2387.0
2024-08-15 15:00:00,1.10134,1.10144,1.09518,1.09567,5375.0
2024-08-15 16:00:00,1.09567,1.09699,1.09497,1.09687,5659.0
2024-08-15 17:00:00,1.09687,1.09863,1.09652,1.09831,4652.0
2024-08-15 18:00:00,1.09831,1.09896,1.09817,1.09854,3449.0
2024-08-15 19:00:00,1.09857,1.09894,1.09776,1.09781,2261.0
2024-08-15 20:00:00,1.09781,1.09798,1.09718,1.09744,1806.0
2024-08-15 21:00:00,1.09745,1.09795,1.09738,1.09784,2324.0
2024-08-15 22:00:00,1.09784,1.09801,1.09726,1.09742,1781.0
2024-08-15 23:00:00,1.09742,1.09743,1.09705,1.09712,1006.0
2024-08-16 00:00:00,1.09725,1.09726,1.09662,1.09722,419.0
2024-08-16 01:00:00,1.09723,1.09745,1.09709,1.09714,773.0
2024-08-16 02:00:00,1.09714,1.0975,1.09714,1.09724,901.0
2024-08-16 03:00:00,1.09725,1.09772,1.0971899999999999,1.09759,2639.0
2024-08-16 04:00:00,1.09759,1.09814,1.09745,1.09811,2515.0
2024-08-16 05:00:00,1.0981,1.09828,1.09784,1.09814,1619.0
2024-08-16 06:00:00,1.09815,1.09819,1.09768,1.09772,1834.0
2024-08-16 07:00:00,1.09773,1.09826,1.09763,1.09822,1424.0
2024-08-16 08:00:00,1.09822,1.09862,1.09815,1.0985800000000001,1707.0
2024-08-16 09:00:00,1.0985800000000001,1.09868,1.09808,1.09816,2396.0
2024-08-16 10:00:00,1.09816,1.09862,1.09769,1.09851,2999.0
2024-08-16 11:00:00,1.0985,1.09899,1.098,1.0981,2553.0
2024-08-16 12:00:00,1.09811,1.09901,1.0979,1.09899,2286.0
2024-08-16 13:00:00,1.09899,1.0995,1.09853,1.0994,2297.0
2024-08-16 14:00:00,1.0994,1.0995,1.09891,1.09923,3228.0
2024-08-16 15:00:00,1.09924,1.09948,1.09855,1.0994,3348.0
2024-08-16 16:00:00,1.0994,1.10047,1.0992,1.10029,3917.0
2024-08-16 17:00:00,1.1002399999999999,1.1002399999999999,1.09827,1.09906,3885.0
2024-08-16 18:00:00,1.09906,1.09977,1.09905,1.0996299999999999,3157.0
2024-08-16 19:00:00,1.0996299999999999,1.10044,1.09958,1.10039,1930.0
2024-08-16 20:00:00,1.10038,1.1013,1.10038,1.1013,2184.0
2024-08-19 00:00:00,1.10277,1.10277,1.10219,1.10245,331.0
2024-08-19 01:00:00,1.10245,1.10343,1.10244,1.10252,1496.0
2024-08-19 02:00:00,1.10252,1.10262,1.10228,1.10249,1326.0
2024-08-19 03:00:00,1.10248,1.10362,1.10232,1.10304,2297.0
2024-08-19 04:00:00,1.10304,1.10336,1.10276,1.10311,2542.0
2024-08-19 05:00:00,1.10311,1.1032,1.10289,1.10309,1428.0
2024-08-19 06:00:00,1.10309,1.10405,1.10303,1.10391,2179.0
2024-08-19 07:00:00,1.10391,1.10419,1.10367,1.10398,1912.0
2024-08-19 08:00:00,1.10398,1.10492,1.10398,1.10476,2028.0
2024-08-19 09:00:00,1.10476,1.1050200000000001,1.1041,1.10422,3357.0
2024-08-19 10:00:00,1.10422,1.10472,1.10404,1.10428,3558.0
2024-08-19 11:00:00,1.10428,1.10506,1.10357,1.10373,2939.0
2024-08-19 12:00:00,1.10373,1.10414,1.10346,1.10352,2727.0
2024-08-19 13:00:00,1.10352,1.10384,1.10311,1.1037,2517.0
2024-08-19 14:00:00,1.1037,1.10439,1.10328,1.1042399999999999,2183.0
2024-08-19 15:00:00,1.1042399999999999,1.10446,1.10346,1.1039,3131.0
2024-08-19 16:00:00,1.10389,1.10446,1.10303,1.10446,3417.0
2024-08-19 17:00:00,1.10445,1.10736,1.10431,1.10657,4740.0
2024-08-19 18:00:00,1.10656,1.10721,1.10599,1.10693,3602.0
2024-08-19 19:00:00,1.10693,1.10742,1.10673,1.10737,2119.0
2024-08-19 20:00:00,1.10737,1.1077,1.10706,1.1077,1589.0
2024-08-19 21:00:00,1.1077,1.1085099999999999,1.10766,1.10817,2008.0
2024-08-19 22:00:00,1.10817,1.10866,1.1078999999999999,1.10837,2035.0
2024-08-19 23:00:00,1.10837,1.1086,1.10817,1.1085099999999999,1139.0
2024-08-20 00:00:00,1.10847,1.10855,1.10777,1.10836,575.0
2024-08-20 01:00:00,1.10836,1.10875,1.10836,1.10854,589.0
2024-08-20 02:00:00,1.10854,1.10868,1.10833,1.10857,2051.0
2024-08-20 03:00:00,1.10857,1.10873,1.10801,1.10821,3038.0
2024-08-20 04:00:00,1.10821,1.10873,1.10817,1.10855,2415.0
2024-08-20 05:00:00,1.10855,1.10871,1.10752,1.10764,2398.0
2024-08-20 06:00:00,1.10764,1.10793,1.10752,1.10757,1759.0
2024-08-20 07:00:00,1.10757,1.10792,1.1075,1.10772,1873.0
2024-08-20 08:00:00,1.10771,1.10779,1.1072899999999999,1.10766,1869.0
2024-08-20 09:00:00,1.10766,1.10823,1.10745,1.10812,2704.0
2024-08-20 10:00:00,1.10813,1.10871,1.1072,1.10869,3353.0
2024-08-20 11:00:00,1.10869,1.1089,1.10778,1.10798,3614.0
2024-08-20 12:00:00,1.10798,1.1082,1.10751,1.10758,2786.0
2024-08-20 13:00:00,1.10758,1.10829,1.10753,1.10821,2388.0
2024-08-20 14:00:00,1.10821,1.10866,1.10767,1.1081,2547.0
2024-08-20 15:00:00,1.10809,1.10987,1.10805,1.10984,3153.0
2024-08-20 16:00:00,1.10984,1.11053,1.10927,1.11022,4878.0
2024-08-20 17:00:00,1.11022,1.1117,1.10936,1.11119,5450.0
2024-08-20 18:00:00,1.11119,1.11122,1.10997,1.11053,4454.0
2024-08-20 19:00:00,1.11052,1.11192,1.11042,1.1115,3251.0
2024-08-20 20:00:00,1.1115,1.11169,1.11089,1.11162,3055.0
2024-08-20 21:00:00,1.11162,1.11227,1.11158,1.11208,2747.0
2024-08-20 22:00:00,1.11208,1.11276,1.11195,1.11247,2077.0
2024-08-20 23:00:00,1.11247,1.11305,1.1124,1.113,1462.0
2024-08-21 00:00:00,1.11295,1.11295,1.11166,1.11287,1186.0
2024-08-21 01:00:00,1.11287,1.11297,1.11263,1.11286,1131.0
2024-08-21 02:00:00,1.11286,1.11318,1.11269,1.11277,1253.0
2024-08-21 03:00:00,1.11276,1.11328,1.11255,1.11279,2013.0
2024-08-21 04:00:00,1.11279,1.11282,1.11192,1.11217,2422.0
2024-08-21 05:00:00,1.11217,1.11254,1.11204,1.11218,1519.0
2024-08-21 06:00:00,1.11218,1.11226,1.11173,1.11211,1483.0
2024-08-21 07:00:00,1.11211,1.11214,1.11167,1.11192,1668.0
2024-08-21 08:00:00,1.11193,1.11212,1.11163,1.11179,1640.0
2024-08-21 09:00:00,1.11179,1.11199,1.11133,1.1118,2755.0
2024-08-21 10:00:00,1.1118,1.11289,1.11105,1.11144,3687.0
2024-08-21 11:00:00,1.11144,1.11225,1.11111,1.11186,2566.0
2024-08-21 12:00:00,1.11186,1.11256,1.11136,1.11171,2224.0
2024-08-21 13:00:00,1.11171,1.11261,1.11158,1.11249,1955.0
2024-08-21 14:00:00,1.11249,1.11249,1.11101,1.11148,2313.0
2024-08-21 15:00:00,1.11148,1.11301,1.11135,1.1125,3170.0
2024-08-21 16:00:00,1.1125,1.11278,1.11115,1.1114600000000001,4204.0
2024-08-21 17:00:00,1.1114600000000001,1.11299,1.1099,1.11248,10093.0
2024-08-21 18:00:00,1.11248,1.11479,1.11246,1.11423,5466.0
2024-08-21 19:00:00,1.11422,1.11483,1.11417,1.11465,3427.0
2024-08-21 20:00:00,1.11464,1.11586,1.11457,1.11557,3039.0
2024-08-21 21:00:00,1.11554,1.11741,1.11549,1.11618,4085.0
2024-08-21 22:00:00,1.11618,1.11618,1.11515,1.11518,2388.0
2024-08-21 23:00:00,1.11517,1.11525,1.11472,1.11499,914.0
2024-08-22 00:00:00,1.11494,1.11516,1.11438,1.11477,1068.0
2024-08-22 01:00:00,1.11477,1.11564,1.11477,1.11564,780.0
2024-08-22 02:00:00,1.11564,1.11583,1.11532,1.11552,1069.0
2024-08-22 03:00:00,1.11552,1.11569,1.11455,1.11477,2962.0
2024-08-22 04:00:00,1.11477,1.11492,1.11427,1.11433,3104.0
2024-08-22 05:00:00,1.11433,1.11446,1.11406,1.11433,1758.0
2024-08-22 06:00:00,1.11433,1.11457,1.11428,1.11448,880.0
2024-08-22 07:00:00,1.11448,1.11457,1.11408,1.1143399999999999,1143.0
2024-08-22 08:00:00,1.1143399999999999,1.11446,1.11404,1.11432,1552.0
2024-08-22 09:00:00,1.11432,1.11497,1.1141,1.1149499999999999,2576.0
2024-08-22 10:00:00,1.11496,1.1165,1.11274,1.11371,4618.0
2024-08-22 11:00:00,1.11371,1.1151,1.1137,1.11426,3975.0
2024-08-22 12:00:00,1.11426,1.11428,1.11334,1.11398,3151.0
2024-08-22 13:00:00,1.11398,1.11462,1.11326,1.11454,2370.0
2024-08-22 14:00:00,1.11454,1.11454,1.11322,1.11368,2838.0
2024-08-22 15:00:00,1.11369,1.11433,1.11254,1.11402,4246.0
2024-08-22 16:00:00,1.11403,1.11416,1.11124,1.11193,5067.0
2024-08-22 17:00:00,1.11192,1.11198,1.10983,1.1115,4932.0
2024-08-22 18:00:00,1.1115,1.11152,1.11052,1.11132,3737.0
2024-08-22 19:00:00,1.11132,1.11177,1.11079,1.11106,3404.0
2024-08-22 20:00:00,1.11106,1.11109,1.10988,1.11028,2850.0
2024-08-22 21:00:00,1.11028,1.11111,1.11028,1.11104,2231.0
2024-08-22 22:00:00,1.11104,1.11135,1.11048,1.11086,2243.0
2024-08-22 23:00:00,1.11086,1.11131,1.11077,1.11113,773.0
2024-08-23 00:00:00,1.1112,1.11121,1.11036,1.11114,715.0
2024-08-23 01:00:00,1.11114,1.11164,1.11107,1.11137,742.0
2024-08-23 02:00:00,1.11137,1.11179,1.11137,1.11161,840.0
2024-08-23 03:00:00,1.11161,1.11225,1.1113,1.11198,2333.0
2024-08-23 04:00:00,1.11198,1.11284,1.11182,1.11276,2753.0
2024-08-23 05:00:00,1.11276,1.11288,1.11231,1.11252,2110.0
2024-08-23 06:00:00,1.11252,1.11275,1.11233,1.11249,1088.0
2024-08-23 07:00:00,1.11249,1.11285,1.11247,1.11278,1297.0
2024-08-23 08:00:00,1.11278,1.1129,1.11247,1.11261,1342.0
2024-08-23 09:00:00,1.11261,1.11306,1.11203,1.11285,2240.0
2024-08-23 10:00:00,1.11285,1.1132,1.11126,1.11194,3625.0
2024-08-23 11:00:00,1.11194,1.11239,1.11174,1.1123,3076.0
2024-08-23 12:00:00,1.1123,1.11273,1.11168,1.11173,2692.0
2024-08-23 13:00:00,1.11173,1.11234,1.11153,1.11197,2149.0
2024-08-23 14:00:00,1.11197,1.11211,1.11111,1.11191,2495.0
2024-08-23 15:00:00,1.11191,1.11229,1.11113,1.11142,3281.0
2024-08-23 16:00:00,1.11142,1.11149,1.11056,1.11149,3345.0
2024-08-23 17:00:00,1.11142,1.11848,1.11141,1.11749,10758.0
2024-08-23 18:00:00,1.11749,1.11961,1.11737,1.11754,5674.0
2024-08-23 19:00:00,1.11754,1.1179000000000001,1.11644,1.11741,4264.0
2024-08-23 20:00:00,1.11741,1.11977,1.11732,1.11927,3440.0
2024-08-26 00:00:00,1.11868,1.11942,1.11827,1.11905,694.0
2024-08-26 01:00:00,1.11902,1.11941,1.11868,1.11911,1458.0
2024-08-26 02:00:00,1.1191200000000001,1.11925,1.11865,1.11895,2176.0
2024-08-26 03:00:00,1.11895,1.12018,1.11871,1.1194,3450.0
2024-08-26 04:00:00,1.11938,1.12004,1.11874,1.11896,3608.0
2024-08-26 05:00:00,1.11896,1.11949,1.11859,1.1187,2110.0
2024-08-26 06:00:00,1.11869,1.11889,1.11818,1.11835,1851.0
2024-08-26 07:00:00,1.11835,1.11863,1.11823,1.11834,1457.0
2024-08-26 08:00:00,1.11835,1.11853,1.11777,1.11793,1573.0
2024-08-26 09:00:00,1.11793,1.11894,1.11793,1.11814,3297.0
2024-08-26 10:00:00,1.11814,1.11847,1.11759,1.1181,3201.0
2024-08-26 11:00:00,1.1181,1.11849,1.11764,1.11807,3141.0
2024-08-26 12:00:00,1.11806,1.11828,1.11716,1.11744,2392.0
2024-08-26 13:00:00,1.11744,1.11769,1.11693,1.11716,2037.0
2024-08-26 14:00:00,1.11717,1.11735,1.11632,1.11653,2827.0
2024-08-26 15:00:00,1.11653,1.11687,1.11586,1.11615,4187.0
2024-08-26 16:00:00,1.11614,1.11627,1.11503,1.11598,5169.0
2024-08-26 17:00:00,1.11598,1.11791,1.1154,1.11768,4770.0
2024-08-26 18:00:00,1.11767,1.1177,1.11636,1.11638,3454.0
2024-08-26 19:00:00,1.11638,1.11722,1.11599,1.11713,2926.0
2024-08-26 20:00:00,1.11713,1.11755,1.1167799999999999,1.11698,2787.0
2024-08-26 21:00:00,1.11698,1.11714,1.11596,1.11637,2983.0
2024-08-26 22:00:00,1.11637,1.11657,1.11588,1.11596,2236.0
2024-08-26 23:00:00,1.11596,1.11615,1.11587,1.1161,862.0
2024-08-27 00:00:00,1.11609,1.11629,1.11524,1.11599,836.0
2024-08-27 01:00:00,1.11599,1.1164,1.11595,1.1163,817.0
2024-08-27 02:00:00,1.1163,1.1167,1.1163,1.11645,989.0
2024-08-27 03:00:00,1.11645,1.11658,1.11597,1.11611,2584.0
2024-08-27 04:00:00,1.11612,1.11708,1.11598,1.11694,2065.0
2024-08-27 05:00:00,1.11694,1.11705,1.11643,1.11682,1316.0
2024-08-27 06:00:00,1.11682,1.11691,1.11652,1.11669,953.0
2024-08-27 07:00:00,1.11669,1.11696,1.11669,1.11686,972.0
2024-08-27 08:00:00,1.11686,1.11725,1.11649,1.11669,1535.0
2024-08-27 09:00:00,1.11669,1.11716,1.11615,1.11619,2515.0
2024-08-27 10:00:00,1.11619,1.11728,1.11618,1.11642,3958.0
2024-08-27 11:00:00,1.11642,1.11741,1.11622,1.1166800000000001,3026.0
2024-08-27 12:00:00,1.1166800000000001,1.11788,1.11663,1.11683,3131.0
2024-08-27 13:00:00,1.11684,1.11701,1.1162,1.11662,3106.0
2024-08-27 14:00:00,1.11662,1.117,1.1160700000000001,1.1160700000000001,2934.0
2024-08-27 15:00:00,1.1160700000000001,1.11648,1.11506,1.11587,3801.0
2024-08-27 16:00:00,1.11587,1.11699,1.11528,1.11683,4134.0
2024-08-27 17:00:00,1.11684,1.11719,1.11629,1.11662,5386.0
2024-08-27 18:00:00,1.11662,1.11701,1.11588,1.11599,3681.0
2024-08-27 19:00:00,1.11599,1.11679,1.11597,1.11659,2423.0
2024-08-27 20:00:00,1.11659,1.11827,1.11646,1.11815,2429.0
2024-08-27 21:00:00,1.11815,1.11907,1.11803,1.1186,2417.0
2024-08-27 22:00:00,1.1186,1.1186,1.11815,1.11844,1547.0
2024-08-27 23:00:00,1.11844,1.11859,1.11828,1.11842,859.0
2024-08-28 00:00:00,1.11835,1.11843,1.11757,1.11831,437.0
2024-08-28 01:00:00,1.1183,1.11853,1.11826,1.1184,577.0
2024-08-28 02:00:00,1.1184,1.11848,1.11748,1.11772,1236.0
2024-08-28 03:00:00,1.11772,1.11801,1.11746,1.11799,1680.0
2024-08-28 04:00:00,1.11799,1.1179999999999999,1.11722,1.1174,2637.0
2024-08-28 05:00:00,1.1174,1.11778,1.11667,1.11667,2247.0
2024-08-28 06:00:00,1.11667,1.11693,1.11627,1.11659,1231.0
2024-08-28 07:00:00,1.11659,1.1168,1.11583,1.11596,1404.0
2024-08-28 08:00:00,1.11596,1.11608,1.11397,1.11439,2470.0
2024-08-28 09:00:00,1.11439,1.11515,1.11352,1.11479,3110.0
2024-08-28 10:00:00,1.1148,1.11592,1.1148,1.11564,3516.0
2024-08-28 11:00:00,1.11564,1.11595,1.11391,1.11414,3165.0
2024-08-28 12:00:00,1.11414,1.11457,1.11332,1.11359,3579.0
2024-08-28 13:00:00,1.11359,1.11377,1.11221,1.11253,3127.0
2024-08-28 14:00:00,1.11253,1.11311,1.11175,1.1120700000000001,2999.0
2024-08-28 15:00:00,1.1120700000000001,1.11231,1.11051,1.1112,4039.0
2024-08-28 16:00:00,1.1112,1.11221,1.11107,1.11113,4786.0
2024-08-28 17:00:00,1.11113,1.11377,1.11109,1.11302,5211.0
2024-08-28 18:00:00,1.11303,1.1131199999999999,1.11213,1.11263,4425.0
2024-08-28 19:00:00,1.11263,1.11263,1.11103,1.11149,3175.0
2024-08-28 20:00:00,1.11149,1.11174,1.11054,1.11068,2753.0
2024-08-28 21:00:00,1.11069,1.11163,1.11057,1.11158,2807.0
2024-08-28 22:00:00,1.11159,1.1118,1.11132,1.11133,2276.0
2024-08-28 23:00:00,1.11133,1.112,1.11125,1.11199,1181.0
2024-08-29 00:00:00,1.11195,1.11199,1.1107,1.11196,125.0
2024-08-29 01:00:00,1.11196,1.11244,1.11184,1.11242,891.0
2024-08-29 02:00:00,1.11242,1.11263,1.11228,1.11246,1030.0
2024-08-29 03:00:00,1.11246,1.11326,1.11243,1.11315,2499.0
2024-08-29 04:00:00,1.11315,1.1134,1.11286,1.11291,2165.0
2024-08-29 05:00:00,1.11291,1.11323,1.11274,1.11316,1737.0
2024-08-29 06:00:00,1.11316,1.11358,1.11301,1.11358,1155.0
2024-08-29 07:00:00,1.11358,1.11372,1.11334,1.11355,1691.0
2024-08-29 08:00:00,1.11355,1.1138,1.11322,1.11357,1934.0
2024-08-29 09:00:00,1.11357,1.11401,1.11257,1.11283,2900.0
2024-08-29 10:00:00,1.11284,1.11316,1.11164,1.11301,4261.0
2024-08-29 11:00:00,1.11302,1.11302,1.1072,1.10849,5901.0
2024-08-29 12:00:00,1.10849,1.10992,1.10834,1.1094,3623.0
2024-08-29 13:00:00,1.1094,1.11,1.10875,1.10975,2777.0
2024-08-29 14:00:00,1.10975,1.10999,1.10915,1.10961,2719.0
2024-08-29 15:00:00,1.10962,1.10978,1.1073,1.10843,6582.0
2024-08-29 16:00:00,1.10843,1.10896,1.10728,1.10823,5717.0
2024-08-29 17:00:00,1.10823,1.10833,1.10557,1.10699,5517.0
2024-08-29 18:00:00,1.10699,1.10855,1.1067,1.1085,4313.0
2024-08-29 19:00:00,1.1085,1.1088,1.10784,1.10818,3615.0
2024-08-29 20:00:00,1.10818,1.10854,1.10785,1.10838,3448.0
2024-08-29 21:00:00,1.10838,1.10847,1.10754,1.10793,3206.0
2024-08-29 22:00:00,1.10792,1.10814,1.10748,1.10759,2677.0
2024-08-29 23:00:00,1.10759,1.10792,1.1075,1.1078000000000001,916.0
2024-08-30 00:00:00,1.10772,1.10796,1.10711,1.10776,434.0
2024-08-30 01:00:00,1.10776,1.10803,1.10774,1.10802,599.0
2024-08-30 02:00:00,1.10802,1.10833,1.10789,1.10802,1389.0
2024-08-30 03:00:00,1.10802,1.1083,1.10789,1.10807,2255.0
2024-08-30 04:00:00,1.10807,1.10822,1.10715,1.10716,2372.0
2024-08-30 05:00:00,1.10716,1.10736,1.10699,1.10721,1580.0
2024-08-30 06:00:00,1.10721,1.10766,1.10713,1.10738,1650.0
2024-08-30 07:00:00,1.10738,1.10775,1.10719,1.10741,1831.0
2024-08-30 08:00:00,1.10742,1.1078000000000001,1.10735,1.10772,1851.0
2024-08-30 09:00:00,1.10772,1.10856,1.10745,1.1085,2901.0
2024-08-30 10:00:00,1.1085,1.1089,1.10753,1.10842,3670.0
2024-08-30 11:00:00,1.10842,1.10952,1.10737,1.10751,3860.0
2024-08-30 12:00:00,1.10751,1.10856,1.1075,1.10829,3546.0
2024-08-30 13:00:00,1.1083,1.10844,1.10747,1.10794,3384.0
2024-08-30 14:00:00,1.10794,1.10884,1.10783,1.10815,3109.0
2024-08-30 15:00:00,1.10816,1.10884,1.10578,1.10681,5357.0
2024-08-30 16:00:00,1.10681,1.10759,1.10539,1.10723,5756.0
2024-08-30 17:00:00,1.10722,1.10802,1.10619,1.10689,7015.0
2024-08-30 18:00:00,1.10687,1.1072,1.10532,1.10599,4864.0
2024-08-30 19:00:00,1.10599,1.10599,1.1044,1.10496,3801.0
2024-08-30 20:00:00,1.10496,1.10568,1.10484,1.10526,3205.0
2024-09-02 00:00:00,1.10471,1.10486,1.1043,1.10477,217.0
2024-09-02 01:00:00,1.10476,1.10496,1.10443,1.10458,758.0
2024-09-02 02:00:00,1.10458,1.10473,1.10443,1.10447,1277.0
2024-09-02 03:00:00,1.10447,1.10559,1.1042,1.10536,1980.0
2024-09-02 04:00:00,1.10536,1.10557,1.10503,1.10516,2479.0
2024-09-02 05:00:00,1.10516,1.10537,1.10459,1.10516,1732.0
2024-09-02 06:00:00,1.10516,1.10556,1.10486,1.10486,1743.0
2024-09-02 07:00:00,1.10486,1.10487,1.1044,1.10486,1405.0
2024-09-02 08:00:00,1.10486,1.10565,1.10455,1.10553,1457.0
2024-09-02 09:00:00,1.10553,1.10704,1.1055,1.10659,2492.0
2024-09-02 10:00:00,1.10659,1.10687,1.10561,1.1066799999999999,3789.0
2024-09-02 11:00:00,1.1066799999999999,1.10775,1.10642,1.10676,3414.0
2024-09-02 12:00:00,1.10676,1.1072899999999999,1.10636,1.10693,3243.0
2024-09-02 13:00:00,1.10693,1.10706,1.10615,1.10666,2762.0
2024-09-02 14:00:00,1.10666,1.1069,1.10597,1.10598,2704.0
2024-09-02 15:00:00,1.10598,1.10714,1.10585,1.10681,2844.0
2024-09-02 16:00:00,1.10681,1.10721,1.10663,1.1068,2851.0
2024-09-02 17:00:00,1.1068,1.10717,1.10601,1.10692,2671.0
2024-09-02 18:00:00,1.1069,1.10711,1.10638,1.1068,1516.0
2024-09-02 19:00:00,1.1068,1.10684,1.10626,1.10659,937.0
2024-09-02 20:00:00,1.10659,1.10689,1.10659,1.10689,321.0
2024-09-02 21:00:00,1.10689,1.10716,1.10686,1.10709,337.0
2024-09-02 22:00:00,1.1071,1.1072899999999999,1.10708,1.10722,297.0
2024-09-02 23:00:00,1.10724,1.10726,1.10706,1.10723,339.0
2024-09-03 00:00:00,1.10711,1.10722,1.10618,1.10707,632.0
2024-09-03 01:00:00,1.10707,1.1072899999999999,1.10667,1.10667,463.0
2024-09-03 02:00:00,1.10667,1.10683,1.10647,1.10673,621.0
2024-09-03 03:00:00,1.10673,1.10689,1.10591,1.1060699999999999,2448.0
2024-09-03 04:00:00,1.1060699999999999,1.10684,1.10602,1.1067,2320.0
2024-09-03 05:00:00,1.1067,1.10704,1.10631,1.10638,1857.0
2024-09-03 06:00:00,1.10638,1.10638,1.10576,1.10582,2080.0
2024-09-03 07:00:00,1.10582,1.10588,1.10541,1.10543,2162.0
2024-09-03 08:00:00,1.10543,1.106,1.10541,1.10597,1926.0
2024-09-03 09:00:00,1.10597,1.10617,1.10512,1.10617,2952.0
2024-09-03 10:00:00,1.10617,1.10678,1.10557,1.10561,3899.0
2024-09-03 11:00:00,1.10561,1.10598,1.10481,1.10486,4106.0
2024-09-03 12:00:00,1.10486,1.10507,1.10343,1.10402,3850.0
2024-09-03 13:00:00,1.10402,1.10419,1.10333,1.10359,3443.0
2024-09-03 14:00:00,1.10358,1.10429,1.10339,1.10364,3451.0
2024-09-03 15:00:00,1.10364,1.10526,1.10337,1.1048,3637.0
2024-09-03 16:00:00,1.1048,1.10635,1.1048,1.10615,5952.0
2024-09-03 17:00:00,1.10608,1.10689,1.10372,1.10422,7588.0
2024-09-03 18:00:00,1.10423,1.10446,1.10361,1.1042399999999999,4306.0
2024-09-03 19:00:00,1.1042399999999999,1.10472,1.10382,1.10394,2891.0
2024-09-03 20:00:00,1.10393,1.10402,1.10265,1.10281,2329.0
2024-09-03 21:00:00,1.10281,1.10393,1.10266,1.10382,2939.0
2024-09-03 22:00:00,1.10382,1.10422,1.10375,1.10419,2078.0
2024-09-03 23:00:00,1.10419,1.10444,1.10398,1.10435,1198.0
2024-09-04 00:00:00,1.10431,1.10452,1.10357,1.1045,1422.0
2024-09-04 01:00:00,1.1045,1.10469,1.10397,1.10458,1057.0
2024-09-04 02:00:00,1.10458,1.10507,1.10452,1.10486,1506.0
2024-09-04 03:00:00,1.10486,1.10515,1.10465,1.10483,3618.0
2024-09-04 04:00:00,1.10483,1.1056300000000001,1.10476,1.10532,2850.0
2024-09-04 05:00:00,1.10533,1.10564,1.10496,1.10527,2042.0
2024-09-04 06:00:00,1.10527,1.10554,1.10503,1.10541,1732.0
2024-09-04 07:00:00,1.1054,1.10572,1.10536,1.10564,1180.0
2024-09-04 08:00:00,1.10564,1.106,1.1054599999999999,1.1058,1648.0
2024-09-04 09:00:00,1.1058,1.10581,1.10475,1.10534,3218.0
2024-09-04 10:00:00,1.10534,1.10629,1.10469,1.10561,4241.0
2024-09-04 11:00:00,1.10561,1.1059,1.10497,1.10518,3587.0
2024-09-04 12:00:00,1.10517,1.10587,1.10503,1.10534,2737.0
2024-09-04 13:00:00,1.10533,1.10559,1.10501,1.10532,2718.0
2024-09-04 14:00:00,1.10531,1.1054,1.10429,1.10505,3326.0
2024-09-04 15:00:00,1.10504,1.10527,1.10401,1.10526,4226.0
2024-09-04 16:00:00,1.10526,1.10593,1.105,1.10573,4423.0
2024-09-04 17:00:00,1.10577,1.10952,1.10573,1.10899,7276.0
2024-09-04 18:00:00,1.10899,1.10918,1.10766,1.1081,4023.0
2024-09-04 19:00:00,1.10809,1.10868,1.1076,1.10846,3154.0
2024-09-04 20:00:00,1.10845,1.10862,1.1066,1.10663,3394.0
2024-09-04 21:00:00,1.10663,1.10769,1.10655,1.10762,3253.0
2024-09-04 22:00:00,1.10761,1.10827,1.1075,1.10783,2531.0
2024-09-04 23:00:00,1.10783,1.10836,1.10756,1.1083,1228.0
2024-09-05 00:00:00,1.10819,1.10836,1.10786,1.10824,648.0
2024-09-05 01:00:00,1.10824,1.10866,1.10823,1.1085,693.0
2024-09-05 02:00:00,1.1085099999999999,1.10854,1.10792,1.10802,1596.0
2024-09-05 03:00:00,1.10802,1.1082,1.10758,1.10793,2840.0
2024-09-05 04:00:00,1.10793,1.10856,1.10776,1.1078999999999999,2844.0
2024-09-05 05:00:00,1.1078999999999999,1.10835,1.10784,1.10799,1951.0
2024-09-05 06:00:00,1.10799,1.10799,1.10763,1.10771,1504.0
2024-09-05 07:00:00,1.10772,1.1078000000000001,1.10748,1.10771,1415.0
2024-09-05 08:00:00,1.10771,1.10808,1.10767,1.10803,1670.0
2024-09-05 09:00:00,1.10804,1.10884,1.10799,1.10838,3183.0
2024-09-05 10:00:00,1.10838,1.10904,1.10799,1.10873,4324.0
2024-09-05 11:00:00,1.10873,1.11003,1.1084100000000001,1.10991,3698.0
2024-09-05 12:00:00,1.10991,1.11007,1.10928,1.10948,3256.0
2024-09-05 13:00:00,1.10948,1.10997,1.10923,1.10991,2587.0
2024-09-05 14:00:00,1.10991,1.11083,1.10931,1.10951,3151.0
2024-09-05 15:00:00,1.10951,1.11198,1.10873,1.10925,6539.0
2024-09-05 16:00:00,1.10924,1.11083,1.10906,1.11056,5509.0
2024-09-05 17:00:00,1.11055,1.11055,1.10764,1.10798,6535.0
2024-09-05 18:00:00,1.10797,1.10959,1.10782,1.10955,4075.0
2024-09-05 19:00:00,1.10954,1.11055,1.10954,1.1101,3241.0
2024-09-05 20:00:00,1.1101,1.11074,1.10996,1.11067,3058.0
2024-09-05 21:00:00,1.11068,1.11134,1.11025,1.11043,2377.0
2024-09-05 22:00:00,1.11043,1.11079,1.11029,1.11039,2754.0
2024-09-05 23:00:00,1.11038,1.11113,1.11038,1.11106,1107.0
2024-09-06 00:00:00,1.11102,1.11115,1.11,1.11091,524.0
2024-09-06 01:00:00,1.11091,1.11111,1.11086,1.11097,608.0
2024-09-06 02:00:00,1.11097,1.11125,1.11086,1.11112,903.0
2024-09-06 03:00:00,1.11112,1.11147,1.11097,1.11134,2493.0
2024-09-06 04:00:00,1.11134,1.11141,1.111,1.11108,1882.0
2024-09-06 05:00:00,1.11108,1.11128,1.11093,1.11112,1912.0
2024-09-06 06:00:00,1.11112,1.11163,1.1111,1.11153,1459.0
2024-09-06 07:00:00,1.11153,1.11177,1.11138,1.1116,1583.0
2024-09-06 08:00:00,1.1116,1.11187,1.11141,1.11171,2245.0
2024-09-06 09:00:00,1.11172,1.1121,1.11142,1.11208,2775.0
2024-09-06 10:00:00,1.11208,1.11208,1.1111,1.1116,3809.0
2024-09-06 11:00:00,1.1116,1.11209,1.1113,1.11175,3472.0
2024-09-06 12:00:00,1.11175,1.11175,1.11076,1.11135,3398.0
2024-09-06 13:00:00,1.11135,1.11138,1.1107,1.11076,3049.0
2024-09-06 14:00:00,1.11076,1.11099,1.11027,1.11072,3437.0
2024-09-06 15:00:00,1.11072,1.11555,1.10801,1.11211,8988.0
2024-09-06 16:00:00,1.11211,1.11257,1.10657,1.10834,9448.0
2024-09-06 17:00:00,1.10835,1.11132,1.10733,1.1102,9118.0
2024-09-06 18:00:00,1.11022,1.11352,1.10832,1.10862,9311.0
2024-09-06 19:00:00,1.10855,1.10857,1.10698,1.10769,5202.0
2024-09-06 20:00:00,1.10769,1.10894,1.10697,1.10847,4165.0
2024-09-09 00:00:00,1.10785,1.1084100000000001,1.10766,1.10831,472.0
2024-09-09 01:00:00,1.10827,1.10905,1.10824,1.10869,1471.0
2024-09-09 02:00:00,1.10869,1.10911,1.10866,1.10868,2105.0
2024-09-09 03:00:00,1.10868,1.1091199999999999,1.10825,1.10833,2037.0
2024-09-09 04:00:00,1.10834,1.10911,1.10813,1.10822,2565.0
2024-09-09 05:00:00,1.10822,1.10833,1.10806,1.10808,1684.0
2024-09-09 06:00:00,1.10808,1.10819,1.10788,1.108,1384.0
2024-09-09 07:00:00,1.10799,1.10803,1.10747,1.10758,1605.0
2024-09-09 08:00:00,1.10758,1.1076,1.1069,1.10691,1439.0
2024-09-09 09:00:00,1.10691,1.1072,1.1060699999999999,1.10646,2753.0
2024-09-09 10:00:00,1.10646,1.10663,1.10551,1.10594,4126.0
2024-09-09 11:00:00,1.10594,1.10626,1.10457,1.10477,3459.0
2024-09-09 12:00:00,1.10477,1.10592,1.10457,1.10562,2911.0
2024-09-09 13:00:00,1.10562,1.10568,1.1037,1.10403,2989.0
2024-09-09 14:00:00,1.10403,1.1045,1.10359,1.10449,2278.0
2024-09-09 15:00:00,1.10449,1.10491,1.10383,1.10398,3491.0
2024-09-09 16:00:00,1.10398,1.10523,1.10395,1.1047,3625.0
2024-09-09 17:00:00,1.1047,1.10473,1.10342,1.10421,3910.0
2024-09-09 18:00:00,1.10421,1.10449,1.10356,1.10416,3249.0
2024-09-09 19:00:00,1.10416,1.10509,1.10416,1.10488,2336.0
2024-09-09 20:00:00,1.10489,1.10538,1.10436,1.10437,2384.0
2024-09-09 21:00:00,1.10437,1.10464,1.10416,1.1043,2033.0
2024-09-09 22:00:00,1.1043,1.10431,1.10376,1.10383,1869.0
2024-09-09 23:00:00,1.10383,1.10394,1.10338,1.10349,1322.0
2024-09-10 00:00:00,1.10344,1.10376,1.10309,1.10368,696.0
2024-09-10 01:00:00,1.10365,1.10398,1.10351,1.10377,649.0
2024-09-10 02:00:00,1.10377,1.10384,1.10346,1.10354,585.0
2024-09-10 03:00:00,1.10355,1.10355,1.10284,1.10309,2117.0
2024-09-10 04:00:00,1.10309,1.10355,1.10307,1.1035,1719.0
2024-09-10 05:00:00,1.1035,1.1036299999999999,1.10327,1.10349,1112.0
2024-09-10 06:00:00,1.1035,1.10392,1.1035,1.10385,944.0
2024-09-10 07:00:00,1.10385,1.10407,1.10361,1.10402,600.0
2024-09-10 08:00:00,1.10402,1.10428,1.10383,1.10396,934.0
2024-09-10 09:00:00,1.10396,1.10498,1.10339,1.10498,3088.0
2024-09-10 10:00:00,1.10498,1.10498,1.10371,1.10372,3610.0
2024-09-10 11:00:00,1.10372,1.10402,1.10337,1.10379,2656.0
2024-09-10 12:00:00,1.10379,1.10423,1.10325,1.10386,2357.0
2024-09-10 13:00:00,1.10387,1.10419,1.10339,1.10405,2129.0
2024-09-10 14:00:00,1.10405,1.1044,1.1026799999999999,1.10314,2740.0
2024-09-10 15:00:00,1.10313,1.1037,1.10267,1.103,3899.0
2024-09-10 16:00:00,1.103,1.10349,1.10175,1.1019700000000001,4213.0
2024-09-10 17:00:00,1.1019700000000001,1.10235,1.10153,1.10187,4499.0
2024-09-10 18:00:00,1.10187,1.10274,1.10175,1.10252,3416.0
2024-09-10 19:00:00,1.10252,1.1029,1.10227,1.10269,2487.0
2024-09-10 20:00:00,1.10269,1.1028,1.10227,1.10232,2314.0
2024-09-10 21:00:00,1.10231,1.10272,1.10206,1.10246,1917.0
2024-09-10 22:00:00,1.10246,1.10277,1.10223,1.1027,2142.0
2024-09-10 23:00:00,1.1027,1.10272,1.10183,1.10191,1119.0
2024-09-11 00:00:00,1.10194,1.10194,1.10144,1.10192,94.0
2024-09-11 01:00:00,1.10192,1.10216,1.10192,1.102,592.0
2024-09-11 02:00:00,1.102,1.10238,1.10195,1.10204,826.0
2024-09-11 03:00:00,1.10202,1.10229,1.10168,1.10202,2245.0
2024-09-11 04:00:00,1.10202,1.10401,1.10184,1.10368,3133.0
2024-09-11 05:00:00,1.10369,1.10445,1.10329,1.10333,2046.0
2024-09-11 06:00:00,1.10333,1.10426,1.10317,1.10386,1790.0
2024-09-11 07:00:00,1.10386,1.10472,1.10381,1.10468,2020.0
2024-09-11 08:00:00,1.10468,1.10514,1.10427,1.10439,2263.0
2024-09-11 09:00:00,1.10439,1.10492,1.10408,1.10453,3193.0
2024-09-11 10:00:00,1.10451,1.10521,1.10405,1.10414,3455.0
2024-09-11 11:00:00,1.10413,1.1048,1.10367,1.10439,3106.0
2024-09-11 12:00:00,1.10438,1.10491,1.1042,1.10422,2576.0
2024-09-11 13:00:00,1.10422,1.1049,1.10387,1.10488,2110.0
2024-09-11 14:00:00,1.10488,1.10549,1.10428,1.10437,2850.0
2024-09-11 15:00:00,1.10437,1.1049,1.10035,1.10165,7597.0
2024-09-11 16:00:00,1.10164,1.10263,1.10099,1.1013,6471.0
2024-09-11 17:00:00,1.1013,1.10153,1.10021,1.10104,6628.0
2024-09-11 18:00:00,1.10105,1.1017,1.10077,1.10122,4782.0
2024-09-11 19:00:00,1.10122,1.10178,1.10099,1.10159,3214.0
2024-09-11 20:00:00,1.10159,1.1021,1.10152,1.10187,3364.0
2024-09-11 21:00:00,1.10187,1.10228,1.10182,1.10183,3036.0
2024-09-11 22:00:00,1.10183,1.10267,1.10161,1.10176,2658.0
2024-09-11 23:00:00,1.10176,1.10182,1.10108,1.10111,1078.0
2024-09-12 00:00:00,1.10118,1.10139,1.10064,1.10119,342.0
2024-09-12 01:00:00,1.10119,1.10155,1.10114,1.10124,534.0
2024-09-12 02:00:00,1.10124,1.10131,1.10104,1.10104,777.0
2024-09-12 03:00:00,1.10104,1.1012,1.1006,1.10068,1810.0
2024-09-12 04:00:00,1.10069,1.1013,1.10066,1.10113,2055.0
2024-09-12 05:00:00,1.10114,1.10125,1.10078,1.10099,1220.0
2024-09-12 06:00:00,1.10099,1.10142,1.10098,1.10137,947.0
2024-09-12 07:00:00,1.10137,1.1017,1.10137,1.10165,878.0
2024-09-12 08:00:00,1.10165,1.10221,1.10153,1.10221,1581.0
2024-09-12 09:00:00,1.10221,1.1024,1.10078,1.10084,2301.0
2024-09-12 10:00:00,1.10084,1.10159,1.10061,1.10078,3448.0
2024-09-12 11:00:00,1.10078,1.1022,1.10056,1.10156,3017.0
2024-09-12 12:00:00,1.10156,1.10202,1.10129,1.1014599999999999,2615.0
2024-09-12 13:00:00,1.1014599999999999,1.10236,1.1014599999999999,1.1022,2594.0
2024-09-12 14:00:00,1.1022,1.10234,1.1013,1.10139,2506.0
2024-09-12 15:00:00,1.10138,1.10327,1.10095,1.10251,6630.0
2024-09-12 16:00:00,1.10252,1.10409,1.10248,1.10371,5831.0
2024-09-12 17:00:00,1.10369,1.10472,1.10299,1.104,5136.0
2024-09-12 18:00:00,1.104,1.10428,1.10309,1.10403,3621.0
2024-09-12 19:00:00,1.10403,1.10481,1.10371,1.10462,2818.0
2024-09-12 20:00:00,1.10463,1.10569,1.10426,1.10565,3530.0
2024-09-12 21:00:00,1.10565,1.10625,1.10513,1.10609,3686.0
2024-09-12 22:00:00,1.10609,1.10718,1.10601,1.10705,2957.0
2024-09-12 23:00:00,1.10705,1.10752,1.10686,1.10746,1978.0
2024-09-13 00:00:00,1.10741,1.10742,1.10674,1.10736,237.0
2024-09-13 01:00:00,1.10737,1.1076,1.10704,1.10719,823.0
2024-09-13 02:00:00,1.10719,1.10793,1.10718,1.10791,1149.0
2024-09-13 03:00:00,1.10791,1.10875,1.10776,1.10872,2166.0
2024-09-13 04:00:00,1.10872,1.10891,1.10804,1.10818,2387.0
2024-09-13 05:00:00,1.10818,1.109,1.10794,1.10869,2021.0
2024-09-13 06:00:00,1.10869,1.10903,1.10842,1.1087,1760.0
2024-09-13 07:00:00,1.1087,1.10884,1.1084100000000001,1.10845,1485.0
2024-09-13 08:00:00,1.10845,1.10864,1.10817,1.10828,1359.0
2024-09-13 09:00:00,1.10827,1.10847,1.10747,1.1078999999999999,2874.0
2024-09-13 10:00:00,1.1078999999999999,1.10941,1.10732,1.10926,3690.0
2024-09-13 11:00:00,1.10926,1.1094,1.10861,1.10929,3105.0
2024-09-13 12:00:00,1.10928,1.1101,1.10883,1.10921,3408.0
2024-09-13 13:00:00,1.1092,1.10975,1.10869,1.10906,2907.0
2024-09-13 14:00:00,1.10906,1.10932,1.10813,1.10843,3460.0
2024-09-13 15:00:00,1.10844,1.10936,1.10793,1.10931,4531.0
2024-09-13 16:00:00,1.10931,1.11019,1.10881,1.10946,5579.0
2024-09-13 17:00:00,1.10946,1.10954,1.10846,1.10891,6152.0
2024-09-13 18:00:00,1.10891,1.1092,1.10821,1.10846,4164.0
2024-09-13 19:00:00,1.10845,1.10852,1.1077,1.1084,3863.0
2024-09-13 20:00:00,1.1084,1.1086,1.10803,1.10817,2435.0
2024-09-16 00:00:00,1.1077,1.10781,1.1074,1.10758,787.0
2024-09-16 01:00:00,1.10757,1.10875,1.10757,1.10869,1196.0
2024-09-16 02:00:00,1.10869,1.10895,1.1085,1.10875,1063.0
2024-09-16 03:00:00,1.10875,1.10925,1.10871,1.10895,1351.0
2024-09-16 04:00:00,1.10895,1.10926,1.10876,1.1088,1497.0
2024-09-16 05:00:00,1.1088,1.1091199999999999,1.10868,1.10892,1383.0
2024-09-16 06:00:00,1.10892,1.11048,1.10881,1.11041,2070.0
2024-09-16 07:00:00,1.11041,1.11049,1.1097,1.10972,1445.0
2024-09-16 08:00:00,1.10972,1.10996,1.10958,1.10984,1216.0
2024-09-16 09:00:00,1.10984,1.11159,1.10977,1.11147,2744.0
2024-09-16 10:00:00,1.11147,1.112,1.11097,1.11151,3339.0
2024-09-16 11:00:00,1.1115,1.11262,1.1114,1.11229,3223.0
2024-09-16 12:00:00,1.11229,1.11292,1.11182,1.11206,2908.0
2024-09-16 13:00:00,1.11206,1.11282,1.11202,1.11221,2760.0
2024-09-16 14:00:00,1.11222,1.11258,1.11161,1.11238,2592.0
2024-09-16 15:00:00,1.11238,1.11328,1.11166,1.1125099999999999,4204.0
2024-09-16 16:00:00,1.1125,1.11377,1.11228,1.11296,4411.0
2024-09-16 17:00:00,1.11296,1.11307,1.11182,1.11239,4382.0
2024-09-16 18:00:00,1.11239,1.11245,1.11167,1.11228,3321.0
2024-09-16 19:00:00,1.11227,1.11301,1.11196,1.11291,2600.0
2024-09-16 20:00:00,1.11291,1.113,1.11163,1.11234,2190.0
2024-09-16 21:00:00,1.11235,1.11245,1.11199,1.11209,2401.0
2024-09-16 22:00:00,1.1121,1.11299,1.11188,1.1129,2178.0
2024-09-16 23:00:00,1.11291,1.11333,1.11281,1.11326,1118.0
2024-09-17 00:00:00,1.11325,1.11325,1.11293,1.11306,376.0
2024-09-17 01:00:00,1.11306,1.11314,1.1126800000000001,1.11274,689.0
2024-09-17 02:00:00,1.11274,1.113,1.11234,1.11293,1088.0
2024-09-17 03:00:00,1.11293,1.11313,1.11219,1.11231,1954.0
2024-09-17 04:00:00,1.1123,1.11296,1.11228,1.11279,2175.0
2024-09-17 05:00:00,1.11279,1.11298,1.11249,1.11272,1297.0
2024-09-17 06:00:00,1.11273,1.11284,1.11228,1.1124,1425.0
2024-09-17 07:00:00,1.1124,1.11247,1.11219,1.11245,1084.0
2024-09-17 08:00:00,1.11245,1.1129,1.11221,1.11269,1200.0
2024-09-17 09:00:00,1.11269,1.11335,1.11211,1.11211,2597.0
2024-09-17 10:00:00,1.11211,1.1138,1.11159,1.11363,3381.0
2024-09-17 11:00:00,1.11364,1.11463,1.11332,1.11446,3131.0
2024-09-17 12:00:00,1.11448,1.11449,1.11348,1.11381,3050.0
2024-09-17 13:00:00,1.11381,1.11399,1.11319,1.11344,2468.0
2024-09-17 14:00:00,1.11344,1.11429,1.11302,1.11387,2782.0
2024-09-17 15:00:00,1.11386,1.11439,1.11178,1.11249,6554.0
2024-09-17 16:00:00,1.1125,1.11279,1.11119,1.11131,5870.0
2024-09-17 17:00:00,1.11131,1.11283,1.11131,1.11247,5505.0
2024-09-17 18:00:00,1.11247,1.11264,1.11153,1.11175,4025.0
2024-09-17 19:00:00,1.11175,1.11218,1.11152,1.11195,3642.0
2024-09-17 20:00:00,1.11195,1.11209,1.11112,1.11163,3642.0
2024-09-17 21:00:00,1.11163,1.11227,1.11155,1.11224,3478.0
2024-09-17 22:00:00,1.11224,1.11236,1.11149,1.11159,2768.0
2024-09-17 23:00:00,1.11159,1.11169,1.11126,1.1114,1170.0
2024-09-18 00:00:00,1.11135,1.11157,1.11113,1.11131,504.0
2024-09-18 01:00:00,1.11131,1.11188,1.11131,1.11183,605.0
2024-09-18 02:00:00,1.11183,1.1124,1.11182,1.11223,1072.0
2024-09-18 03:00:00,1.11223,1.11288,1.11217,1.11271,1642.0
2024-09-18 04:00:00,1.11271,1.11305,1.11253,1.1128,1900.0
2024-09-18 05:00:00,1.1128,1.11288,1.11249,1.11281,1424.0
2024-09-18 06:00:00,1.11281,1.11287,1.11255,1.11264,893.0
2024-09-18 07:00:00,1.11264,1.11265,1.11201,1.11202,767.0
2024-09-18 08:00:00,1.11202,1.11217,1.11177,1.11208,926.0
2024-09-18 09:00:00,1.11208,1.11262,1.11155,1.11188,2795.0
2024-09-18 10:00:00,1.11188,1.11315,1.11175,1.11313,3495.0
2024-09-18 11:00:00,1.11313,1.11333,1.11279,1.11297,3248.0
2024-09-18 12:00:00,1.11297,1.114,1.1127,1.11383,2566.0
2024-09-18 13:00:00,1.11382,1.11388,1.11299,1.11301,1934.0
2024-09-18 14:00:00,1.11301,1.11303,1.11226,1.11245,2215.0
2024-09-18 15:00:00,1.11245,1.11287,1.1118,1.11223,3044.0
2024-09-18 16:00:00,1.11223,1.11399,1.11223,1.11354,3307.0
2024-09-18 17:00:00,1.11354,1.11364,1.11083,1.11181,3964.0
2024-09-18 18:00:00,1.11181,1.11221,1.11119,1.1116,2852.0
2024-09-18 19:00:00,1.11159,1.11263,1.11156,1.11243,2120.0
2024-09-18 20:00:00,1.11243,1.11306,1.11172,1.11243,2708.0
2024-09-18 21:00:00,1.11239,1.11889,1.11239,1.11496,12353.0
2024-09-18 22:00:00,1.11492,1.11492,1.10968,1.11059,9671.0
2024-09-18 23:00:00,1.11056,1.11205,1.11046,1.11176,2589.0
2024-09-19 00:00:00,1.11186,1.11186,1.11078,1.11161,537.0
2024-09-19 01:00:00,1.11162,1.11241,1.11151,1.11218,1003.0
2024-09-19 02:00:00,1.11218,1.11219,1.11112,1.1114,1353.0
2024-09-19 03:00:00,1.1114,1.11168,1.10791,1.10816,3898.0
2024-09-19 04:00:00,1.10817,1.10858,1.10687,1.10835,3457.0
2024-09-19 05:00:00,1.10833,1.11038,1.10833,1.11019,3061.0
2024-09-19 06:00:00,1.11019,1.11194,1.10995,1.11187,2354.0
2024-09-19 07:00:00,1.11187,1.11214,1.11151,1.11202,1945.0
2024-09-19 08:00:00,1.11202,1.1131199999999999,1.11202,1.11311,2293.0
2024-09-19 09:00:00,1.11311,1.11453,1.11289,1.11453,3717.0
2024-09-19 10:00:00,1.11453,1.11532,1.11403,1.1146,4859.0
2024-09-19 11:00:00,1.1146,1.11692,1.1145,1.11628,3631.0
2024-09-19 12:00:00,1.11628,1.11789,1.11624,1.11779,3377.0
2024-09-19 13:00:00,1.11779,1.11789,1.11687,1.11704,3064.0
2024-09-19 14:00:00,1.11704,1.11763,1.11521,1.11581,4345.0
2024-09-19 15:00:00,1.11581,1.11583,1.11258,1.1126,6176.0
2024-09-19 16:00:00,1.1126,1.11407,1.11176,1.1122,6450.0
2024-09-19 17:00:00,1.11221,1.11332,1.11166,1.11293,6076.0
2024-09-19 18:00:00,1.11293,1.11489,1.11258,1.11469,4142.0
2024-09-19 19:00:00,1.11469,1.11584,1.11453,1.1155599999999999,3315.0
2024-09-19 20:00:00,1.1155599999999999,1.11615,1.11525,1.11606,2812.0
2024-09-19 21:00:00,1.11606,1.1168,1.11606,1.11656,2309.0
2024-09-19 22:00:00,1.11656,1.1166800000000001,1.1159,1.11622,2667.0
2024-09-19 23:00:00,1.11622,1.11644,1.11605,1.11615,1166.0
2024-09-20 00:00:00,1.11613,1.11616,1.1158,1.11615,170.0
2024-09-20 01:00:00,1.11615,1.11626,1.11605,1.11609,449.0
2024-09-20 02:00:00,1.1161,1.11611,1.11585,1.11594,1156.0
2024-09-20 03:00:00,1.11594,1.11618,1.11573,1.11605,2137.0
2024-09-20 04:00:00,1.11605,1.1164,1.11584,1.11592,2191.0
2024-09-20 05:00:00,1.11592,1.11635,1.11574,1.11615,1595.0
2024-09-20 06:00:00,1.11615,1.11694,1.11614,1.11658,2226.0
2024-09-20 07:00:00,1.11658,1.1168,1.11639,1.11651,1236.0
2024-09-20 08:00:00,1.11651,1.11666,1.11612,1.1164,1702.0
2024-09-20 09:00:00,1.11641,1.11785,1.11641,1.11766,3926.0
2024-09-20 10:00:00,1.11765,1.11819,1.11595,1.11628,4302.0
2024-09-20 11:00:00,1.11628,1.11692,1.11525,1.11645,3692.0
2024-09-20 12:00:00,1.11645,1.11662,1.11572,1.11609,2669.0
2024-09-20 13:00:00,1.11609,1.11629,1.11552,1.11593,2126.0
2024-09-20 14:00:00,1.11593,1.11624,1.11542,1.11616,2502.0
2024-09-20 15:00:00,1.11616,1.1177,1.11616,1.11745,3547.0
2024-09-20 16:00:00,1.11745,1.11762,1.1154,1.11548,4455.0
2024-09-20 17:00:00,1.11548,1.11548,1.11382,1.11438,4727.0
2024-09-20 18:00:00,1.11439,1.11595,1.11362,1.11589,5795.0
2024-09-20 19:00:00,1.11589,1.11759,1.11589,1.11738,4557.0
2024-09-20 20:00:00,1.1173899999999999,1.11744,1.11584,1.11595,2888.0
2024-09-23 00:00:00,1.11599,1.11711,1.11542,1.11608,345.0
2024-09-23 01:00:00,1.11609,1.11648,1.11598,1.11622,627.0
2024-09-23 02:00:00,1.11622,1.1164,1.11592,1.11592,978.0
2024-09-23 03:00:00,1.11592,1.11609,1.11562,1.1159,1910.0
2024-09-23 04:00:00,1.1159,1.1161699999999999,1.11558,1.11591,1835.0
2024-09-23 05:00:00,1.11591,1.11637,1.11566,1.11623,1286.0
2024-09-23 06:00:00,1.11623,1.1165,1.11611,1.1161699999999999,904.0
2024-09-23 07:00:00,1.1161699999999999,1.11651,1.11601,1.11636,709.0
2024-09-23 08:00:00,1.11636,1.11673,1.11616,1.11633,917.0
2024-09-23 09:00:00,1.11633,1.11644,1.11553,1.11588,2497.0
2024-09-23 10:00:00,1.11588,1.11596,1.1098,1.11015,5858.0
2024-09-23 11:00:00,1.11015,1.11021,1.10833,1.10926,4499.0
2024-09-23 12:00:00,1.10926,1.11124,1.10923,1.1106,2833.0
2024-09-23 13:00:00,1.1106,1.11194,1.11055,1.11132,2606.0
2024-09-23 14:00:00,1.11131,1.11259,1.11126,1.11199,2715.0
2024-09-23 15:00:00,1.11199,1.11239,1.11086,1.11225,3768.0
2024-09-23 16:00:00,1.11225,1.11395,1.11203,1.11294,5035.0
2024-09-23 17:00:00,1.11294,1.11435,1.11154,1.11325,5138.0
2024-09-23 18:00:00,1.11325,1.11372,1.11237,1.11304,3781.0
2024-09-23 19:00:00,1.11304,1.11304,1.11214,1.11253,3763.0
2024-09-23 20:00:00,1.11253,1.11286,1.11203,1.1120700000000001,2595.0
2024-09-23 21:00:00,1.1120700000000001,1.1124,1.11161,1.11169,2011.0
2024-09-23 22:00:00,1.11169,1.11178,1.1112,1.11148,2009.0
2024-09-23 23:00:00,1.11148,1.1115,1.11097,1.11107,1050.0
2024-09-24 00:00:00,1.11109,1.11152,1.11066,1.11115,286.0
2024-09-24 01:00:00,1.11122,1.11143,1.1111,1.11111,609.0
2024-09-24 02:00:00,1.11111,1.11118,1.11076,1.1111,741.0
2024-09-24 03:00:00,1.1111,1.11139,1.11044,1.11059,2122.0
2024-09-24 04:00:00,1.11059,1.11113,1.11045,1.11076,2229.0
2024-09-24 05:00:00,1.11076,1.1108500000000001,1.11035,1.11056,1401.0
2024-09-24 06:00:00,1.11056,1.11137,1.11056,1.11127,1322.0
2024-09-24 07:00:00,1.11127,1.11178,1.11094,1.11169,1311.0
2024-09-24 08:00:00,1.11169,1.11197,1.1114,1.11165,2184.0
2024-09-24 09:00:00,1.11165,1.11192,1.11045,1.11151,3289.0
2024-09-24 10:00:00,1.11152,1.11324,1.11127,1.11276,3665.0
2024-09-24 11:00:00,1.11272,1.11449,1.11267,1.11402,3359.0
2024-09-24 12:00:00,1.11403,1.11461,1.11317,1.11357,2563.0
2024-09-24 13:00:00,1.11357,1.11413,1.11271,1.11282,2651.0
2024-09-24 14:00:00,1.11282,1.113,1.11222,1.11292,2476.0
2024-09-24 15:00:00,1.11291,1.11479,1.11291,1.11409,3536.0
2024-09-24 16:00:00,1.11409,1.11445,1.11326,1.11394,4394.0
2024-09-24 17:00:00,1.11395,1.11636,1.1139000000000001,1.11509,6078.0
2024-09-24 18:00:00,1.11509,1.11563,1.11469,1.11499,3780.0
2024-09-24 19:00:00,1.11499,1.11621,1.1149499999999999,1.11586,2892.0
2024-09-24 20:00:00,1.11586,1.11639,1.11548,1.11627,2163.0
2024-09-24 21:00:00,1.11628,1.11671,1.11599,1.11664,2016.0
2024-09-24 22:00:00,1.11664,1.11768,1.11651,1.11767,1806.0
2024-09-24 23:00:00,1.11768,1.11809,1.11751,1.11797,1102.0
2024-09-25 00:00:00,1.11793,1.11801,1.11726,1.11789,265.0
2024-09-25 01:00:00,1.11792,1.1189,1.11787,1.11888,659.0
2024-09-25 02:00:00,1.11888,1.1191200000000001,1.11833,1.11911,1073.0
2024-09-25 03:00:00,1.11911,1.1194,1.11875,1.11933,2248.0
2024-09-25 04:00:00,1.11933,1.11938,1.11853,1.11882,2308.0
2024-09-25 05:00:00,1.11882,1.11963,1.11878,1.11949,1731.0
2024-09-25 06:00:00,1.11949,1.11988,1.11919,1.11983,1241.0
2024-09-25 07:00:00,1.11983,1.11988,1.11938,1.11959,1142.0
2024-09-25 08:00:00,1.11959,1.11961,1.11924,1.11957,1433.0
2024-09-25 09:00:00,1.11957,1.11959,1.11871,1.11907,2326.0
2024-09-25 10:00:00,1.11907,1.11965,1.11859,1.11919,3524.0
2024-09-25 11:00:00,1.11919,1.1195599999999999,1.11823,1.1185,2961.0
2024-09-25 12:00:00,1.1185,1.11879,1.11783,1.11834,2739.0
2024-09-25 13:00:00,1.11834,1.1189,1.1181,1.11872,2709.0
2024-09-25 14:00:00,1.11873,1.11975,1.11833,1.11959,2592.0
2024-09-25 15:00:00,1.11959,1.1208,1.11919,1.11978,4115.0
2024-09-25 16:00:00,1.11978,1.12141,1.11953,1.11953,4930.0
2024-09-25 17:00:00,1.11953,1.1195599999999999,1.11655,1.11726,4687.0
2024-09-25 18:00:00,1.11728,1.11754,1.11419,1.11432,4429.0
2024-09-25 19:00:00,1.11432,1.11478,1.1133,1.11345,3448.0
2024-09-25 20:00:00,1.11345,1.11381,1.11217,1.11371,2782.0
2024-09-25 21:00:00,1.11371,1.1139000000000001,1.11328,1.11344,2480.0
2024-09-25 22:00:00,1.11344,1.1136,1.11255,1.11262,1982.0
2024-09-25 23:00:00,1.11262,1.11328,1.1125099999999999,1.11325,1196.0
2024-09-26 00:00:00,1.11327,1.11333,1.11277,1.11328,937.0
2024-09-26 01:00:00,1.11328,1.11332,1.11303,1.1132,660.0
2024-09-26 02:00:00,1.1132,1.11324,1.11296,1.11298,729.0
2024-09-26 03:00:00,1.11298,1.11371,1.11291,1.11366,1583.0
2024-09-26 04:00:00,1.11366,1.11414,1.11317,1.11395,1704.0
2024-09-26 05:00:00,1.11395,1.1142,1.11372,1.11411,1295.0
2024-09-26 06:00:00,1.11411,1.11454,1.1138,1.11405,1037.0
2024-09-26 07:00:00,1.11405,1.11436,1.11379,1.11418,1041.0
2024-09-26 08:00:00,1.11418,1.1152,1.11407,1.11499,1722.0
2024-09-26 09:00:00,1.11499,1.11566,1.11471,1.11537,2551.0
2024-09-26 10:00:00,1.11537,1.1158,1.11337,1.1135,3995.0
2024-09-26 11:00:00,1.1135,1.11436,1.11259,1.11415,4116.0
2024-09-26 12:00:00,1.11415,1.11524,1.11415,1.11439,2745.0
2024-09-26 13:00:00,1.11439,1.11552,1.11398,1.1154,3103.0
2024-09-26 14:00:00,1.1154,1.1161699999999999,1.11482,1.11541,3213.0
2024-09-26 15:00:00,1.11541,1.11655,1.11376,1.11513,5761.0
2024-09-26 16:00:00,1.11513,1.11599,1.11348,1.11401,6104.0
2024-09-26 17:00:00,1.11401,1.11747,1.11259,1.11651,6196.0
2024-09-26 18:00:00,1.1165,1.11894,1.11644,1.11829,4156.0
2024-09-26 19:00:00,1.11829,1.11829,1.11663,1.11694,3587.0
2024-09-26 20:00:00,1.11694,1.11801,1.11684,1.11797,3149.0
2024-09-26 21:00:00,1.11797,1.11825,1.11734,1.11797,2704.0
2024-09-26 22:00:00,1.11797,1.11842,1.11764,1.11778,1941.0
2024-09-26 23:00:00,1.11779,1.11788,1.11744,1.11766,1547.0
2024-09-27 00:00:00,1.11767,1.11776,1.11724,1.11752,737.0
2024-09-27 01:00:00,1.11754,1.11775,1.1175,1.11763,1560.0
2024-09-27 02:00:00,1.11763,1.11774,1.11738,1.1177,917.0
2024-09-27 03:00:00,1.1177,1.11777,1.11681,1.11693,2225.0
2024-09-27 04:00:00,1.11693,1.11722,1.11626,1.11644,2531.0
2024-09-27 05:00:00,1.11644,1.11698,1.11626,1.11692,2015.0
2024-09-27 06:00:00,1.11692,1.11733,1.11689,1.11693,1529.0
2024-09-27 07:00:00,1.11693,1.11698,1.11639,1.11647,1303.0
2024-09-27 08:00:00,1.11647,1.11685,1.11585,1.11641,3142.0
2024-09-27 09:00:00,1.1164,1.11761,1.11405,1.1151200000000001,5246.0
2024-09-27 10:00:00,1.11509,1.11509,1.11248,1.11331,5239.0
2024-09-27 11:00:00,1.11331,1.11454,1.11265,1.11446,3716.0
2024-09-27 12:00:00,1.11446,1.11599,1.1137299999999999,1.11595,2972.0
2024-09-27 13:00:00,1.11595,1.11711,1.11558,1.11635,2753.0
2024-09-27 14:00:00,1.11635,1.1167799999999999,1.11591,1.11626,3293.0
2024-09-27 15:00:00,1.11626,1.12019,1.11542,1.11999,5783.0
2024-09-27 16:00:00,1.11999,1.1203,1.11796,1.11854,5604.0
2024-09-27 17:00:00,1.11857,1.11921,1.11693,1.11785,5541.0
2024-09-27 18:00:00,1.11785,1.11785,1.11541,1.11586,4227.0
2024-09-27 19:00:00,1.11585,1.11601,1.11464,1.11518,3695.0
2024-09-27 20:00:00,1.11518,1.11659,1.11505,1.11637,3445.0
2024-09-30 00:00:00,1.11568,1.11605,1.11519,1.11587,972.0
2024-09-30 01:00:00,1.1159,1.11725,1.1159,1.11709,1005.0
2024-09-30 02:00:00,1.11709,1.11716,1.11677,1.1169,995.0
2024-09-30 03:00:00,1.11691,1.1174,1.11685,1.11709,2201.0
2024-09-30 04:00:00,1.11709,1.11728,1.11606,1.1160700000000001,2463.0
2024-09-30 05:00:00,1.1160700000000001,1.11625,1.11565,1.11605,1887.0
2024-09-30 06:00:00,1.11606,1.11618,1.11564,1.11583,1331.0
2024-09-30 07:00:00,1.11583,1.11622,1.11583,1.1161699999999999,1142.0
2024-09-30 08:00:00,1.1161699999999999,1.11694,1.11614,1.11667,1831.0
2024-09-30 09:00:00,1.11667,1.1169,1.11562,1.11682,2508.0
2024-09-30 10:00:00,1.11682,1.11756,1.11595,1.11722,3090.0
2024-09-30 11:00:00,1.11722,1.12089,1.11721,1.12056,4069.0
2024-09-30 12:00:00,1.12058,1.12059,1.11886,1.11896,3449.0
2024-09-30 13:00:00,1.11896,1.1191200000000001,1.11833,1.11901,2431.0
2024-09-30 14:00:00,1.11901,1.1203,1.1189,1.11977,2646.0
2024-09-30 15:00:00,1.11977,1.12014,1.11865,1.119,3008.0
2024-09-30 16:00:00,1.11899,1.11913,1.1166800000000001,1.11686,4531.0
2024-09-30 17:00:00,1.11686,1.11687,1.1141,1.11584,5477.0
2024-09-30 18:00:00,1.11582,1.11643,1.11351,1.11443,4148.0
2024-09-30 19:00:00,1.11443,1.115,1.114,1.11485,3538.0
2024-09-30 20:00:00,1.11485,1.11622,1.11482,1.11531,2402.0
2024-09-30 21:00:00,1.11531,1.11548,1.11139,1.11323,6478.0
2024-09-30 22:00:00,1.11324,1.11363,1.11217,1.11325,2747.0
2024-09-30 23:00:00,1.11328,1.11366,1.11304,1.11349,1296.0
2024-10-01 00:00:00,1.11346,1.1136,1.11236,1.11353,734.0
2024-10-01 01:00:00,1.11356,1.1142,1.11347,1.11416,595.0
2024-10-01 02:00:00,1.11416,1.11427,1.11357,1.11367,932.0
2024-10-01 03:00:00,1.11367,1.11374,1.11273,1.11323,2389.0
2024-10-01 04:00:00,1.11323,1.11435,1.11314,1.11432,2148.0
2024-10-01 05:00:00,1.11432,1.11435,1.11361,1.1139000000000001,1206.0
2024-10-01 06:00:00,1.1139000000000001,1.11401,1.11355,1.11378,1395.0
2024-10-01 07:00:00,1.11378,1.11414,1.11348,1.11407,1202.0
2024-10-01 08:00:00,1.11407,1.11442,1.11364,1.11376,1764.0
2024-10-01 09:00:00,1.11376,1.11412,1.1131,1.11346,2802.0
2024-10-01 10:00:00,1.11346,1.11371,1.11117,1.11151,5394.0
2024-10-01 11:00:00,1.11156,1.11202,1.10981,1.11031,4022.0
2024-10-01 12:00:00,1.11031,1.11147,1.10922,1.10952,3445.0
2024-10-01 13:00:00,1.10952,1.10977,1.1084,1.10871,3016.0
2024-10-01 14:00:00,1.10871,1.11,1.10787,1.10847,3499.0
2024-10-01 15:00:00,1.10847,1.10888,1.10702,1.10712,4247.0
2024-10-01 16:00:00,1.10712,1.10831,1.10587,1.10712,6005.0
2024-10-01 17:00:00,1.10717,1.10869,1.10574,1.10766,7524.0
2024-10-01 18:00:00,1.10766,1.10779,1.106,1.10664,4642.0
2024-10-01 19:00:00,1.10664,1.10717,1.10483,1.10545,4277.0
2024-10-01 20:00:00,1.10545,1.10651,1.10459,1.10623,4712.0
2024-10-01 21:00:00,1.10623,1.10724,1.10623,1.10717,2943.0
2024-10-01 22:00:00,1.10718,1.10774,1.10663,1.10677,2842.0
2024-10-01 23:00:00,1.10677,1.10728,1.10656,1.10676,1622.0
2024-10-02 00:00:00,1.10676,1.10711,1.10605,1.10687,506.0
2024-10-02 01:00:00,1.10687,1.10708,1.10672,1.10673,462.0
2024-10-02 02:00:00,1.10673,1.10674,1.10636,1.10646,786.0
2024-10-02 03:00:00,1.10647,1.1072,1.10635,1.10657,1596.0
2024-10-02 04:00:00,1.10657,1.10741,1.10657,1.10721,2126.0
2024-10-02 05:00:00,1.10721,1.10733,1.10635,1.10667,1623.0
2024-10-02 06:00:00,1.10666,1.10714,1.10641,1.10709,1650.0
2024-10-02 07:00:00,1.10709,1.10738,1.10605,1.10631,1461.0
2024-10-02 08:00:00,1.10631,1.10637,1.10542,1.1062400000000001,2689.0
2024-10-02 09:00:00,1.10623,1.10703,1.106,1.10665,2791.0
2024-10-02 10:00:00,1.10669,1.10728,1.10633,1.10667,3702.0
2024-10-02 11:00:00,1.10667,1.1083,1.10641,1.10724,3282.0
2024-10-02 12:00:00,1.10725,1.10725,1.10614,1.10716,2600.0
2024-10-02 13:00:00,1.10716,1.10766,1.10666,1.1066799999999999,2952.0
2024-10-02 14:00:00,1.1066799999999999,1.10769,1.10647,1.10757,2692.0
2024-10-02 15:00:00,1.10757,1.10775,1.10511,1.10535,4290.0
2024-10-02 16:00:00,1.10536,1.10659,1.10471,1.10513,4083.0
2024-10-02 17:00:00,1.10513,1.10564,1.10355,1.1036299999999999,5095.0
2024-10-02 18:00:00,1.1036299999999999,1.10505,1.10327,1.10496,3771.0
2024-10-02 19:00:00,1.10496,1.1055,1.10438,1.10468,2691.0
2024-10-02 20:00:00,1.10468,1.10501,1.10447,1.10473,2191.0
2024-10-02 21:00:00,1.10473,1.1048499999999999,1.10378,1.10384,1942.0
2024-10-02 22:00:00,1.10384,1.10536,1.10369,1.1049,1572.0
2024-10-02 23:00:00,1.1049,1.10527,1.10442,1.10453,1741.0
2024-10-03 00:00:00,1.10438,1.10484,1.10416,1.10477,669.0
2024-10-03 01:00:00,1.10479,1.10495,1.10457,1.10463,686.0
2024-10-03 02:00:00,1.10463,1.10479,1.10437,1.1046,820.0
2024-10-03 03:00:00,1.1046,1.10467,1.10372,1.10392,2123.0
2024-10-03 04:00:00,1.10392,1.10407,1.10352,1.10393,2186.0
2024-10-03 05:00:00,1.10393,1.10395,1.10352,1.10359,1809.0
2024-10-03 06:00:00,1.10359,1.10369,1.1032,1.10357,1412.0
2024-10-03 07:00:00,1.10357,1.10357,1.10323,1.10329,1263.0
2024-10-03 08:00:00,1.10329,1.10348,1.10249,1.10286,2570.0
2024-10-03 09:00:00,1.10286,1.10422,1.10266,1.10378,3226.0
2024-10-03 10:00:00,1.10379,1.10399,1.10276,1.10331,4098.0
2024-10-03 11:00:00,1.10331,1.10461,1.10294,1.10376,3803.0
2024-10-03 12:00:00,1.10376,1.10466,1.10347,1.10359,2894.0
2024-10-03 13:00:00,1.10359,1.10439,1.10343,1.10427,2735.0
2024-10-03 14:00:00,1.10427,1.10461,1.10381,1.10428,2942.0
2024-10-03 15:00:00,1.10428,1.10472,1.10282,1.10321,5035.0
2024-10-03 16:00:00,1.10321,1.10438,1.10284,1.10376,5006.0
2024-10-03 17:00:00,1.10375,1.10388,1.10083,1.1017,7752.0
2024-10-03 18:00:00,1.1017,1.10241,1.10121,1.1014599999999999,4645.0
2024-10-03 19:00:00,1.1014599999999999,1.10339,1.10141,1.10303,3260.0
2024-10-03 20:00:00,1.10304,1.10362,1.10301,1.10329,2588.0
2024-10-03 21:00:00,1.10329,1.10347,1.1025800000000001,1.1026,2219.0
2024-10-03 22:00:00,1.1026,1.1031900000000001,1.10251,1.10284,1906.0
2024-10-03 23:00:00,1.10284,1.103,1.10261,1.10297,1131.0
2024-10-04 00:00:00,1.10302,1.10338,1.10287,1.10318,798.0
2024-10-04 01:00:00,1.10318,1.10353,1.10299,1.10343,603.0
2024-10-04 02:00:00,1.10343,1.10372,1.10333,1.10352,638.0
2024-10-04 03:00:00,1.10352,1.10397,1.10332,1.10347,1800.0
2024-10-04 04:00:00,1.10347,1.10362,1.10287,1.103,2809.0
2024-10-04 05:00:00,1.103,1.10346,1.1028,1.10305,2008.0
2024-10-04 06:00:00,1.10305,1.10315,1.10254,1.10271,1492.0
2024-10-04 07:00:00,1.10271,1.103,1.10253,1.10278,1361.0
2024-10-04 08:00:00,1.10278,1.10353,1.10265,1.10334,1486.0
2024-10-04 09:00:00,1.10334,1.10348,1.10273,1.1032,2605.0
2024-10-04 10:00:00,1.10321,1.10356,1.10255,1.1028,3572.0
2024-10-04 11:00:00,1.1028,1.10301,1.10212,1.10256,2999.0
2024-10-04 12:00:00,1.10256,1.1028,1.102,1.10271,2858.0
2024-10-04 13:00:00,1.10271,1.10336,1.10261,1.10276,2277.0
2024-10-04 14:00:00,1.10276,1.10369,1.10272,1.10325,2296.0
2024-10-04 15:00:00,1.10324,1.10332,1.09591,1.0961,7182.0
2024-10-04 16:00:00,1.0961,1.09792,1.09588,1.09733,6454.0
2024-10-04 17:00:00,1.09733,1.09818,1.0967,1.09695,5177.0
2024-10-04 18:00:00,1.09694,1.09741,1.0955,1.09606,4373.0
2024-10-04 19:00:00,1.09606,1.0962,1.09513,1.0959699999999999,3097.0
2024-10-04 20:00:00,1.0959699999999999,1.09695,1.09578,1.0968,2237.0
2024-10-07 00:00:00,1.09637,1.0971,1.09628,1.09677,1013.0
2024-10-07 01:00:00,1.09685,1.0971899999999999,1.09633,1.09695,1237.0
2024-10-07 02:00:00,1.09695,1.09718,1.09679,1.09705,1190.0
2024-10-07 03:00:00,1.09705,1.09755,1.09682,1.09699,1902.0
2024-10-07 04:00:00,1.09699,1.09777,1.09695,1.09734,2620.0
2024-10-07 05:00:00,1.09734,1.09775,1.09713,1.09714,1816.0
2024-10-07 06:00:00,1.09714,1.09734,1.09698,1.09721,1360.0
2024-10-07 07:00:00,1.09721,1.09737,1.09683,1.09685,879.0
2024-10-07 08:00:00,1.09685,1.09704,1.09644,1.09694,1210.0
2024-10-07 09:00:00,1.09694,1.09724,1.09635,1.09712,2825.0
2024-10-07 10:00:00,1.09712,1.09727,1.09582,1.09695,3829.0
2024-10-07 11:00:00,1.09695,1.09789,1.09654,1.09701,3219.0
2024-10-07 12:00:00,1.09701,1.09702,1.09543,1.09588,3175.0
2024-10-07 13:00:00,1.09587,1.09698,1.09582,1.09653,2756.0
2024-10-07 14:00:00,1.09653,1.09807,1.09622,1.09768,3091.0
2024-10-07 15:00:00,1.09768,1.09837,1.09717,1.09774,3277.0
2024-10-07 16:00:00,1.09773,1.0983,1.09722,1.09799,4371.0
2024-10-07 17:00:00,1.09799,1.09848,1.09697,1.09748,4575.0
2024-10-07 18:00:00,1.09747,1.09792,1.09731,1.0976,3401.0
2024-10-07 19:00:00,1.0976,1.09848,1.09754,1.0984,2406.0
2024-10-07 20:00:00,1.09838,1.0987,1.09812,1.09823,1811.0
2024-10-07 21:00:00,1.09823,1.09825,1.09683,1.09692,1850.0
2024-10-07 22:00:00,1.09691,1.09728,1.0965799999999999,1.09725,2334.0
2024-10-07 23:00:00,1.09725,1.09751,1.09711,1.09742,1316.0
2024-10-08 00:00:00,1.0973,1.09758,1.09695,1.09737,1340.0
2024-10-08 01:00:00,1.09737,1.09791,1.09734,1.09779,516.0
2024-10-08 02:00:00,1.09783,1.09792,1.09743,1.09744,851.0
2024-10-08 03:00:00,1.09744,1.0984,1.09737,1.09818,1709.0
2024-10-08 04:00:00,1.09818,1.0985,1.09806,1.09837,2383.0
2024-10-08 05:00:00,1.09837,1.09846,1.09728,1.09818,3143.0
2024-10-08 06:00:00,1.09818,1.09868,1.09817,1.09833,2003.0
2024-10-08 07:00:00,1.09833,1.09868,1.09833,1.09855,1075.0
2024-10-08 08:00:00,1.09855,1.0987,1.09816,1.09832,2116.0
2024-10-08 09:00:00,1.09832,1.09889,1.09814,1.09837,2675.0
2024-10-08 10:00:00,1.09837,1.09957,1.09786,1.09953,3783.0
2024-10-08 11:00:00,1.09954,1.09972,1.09831,1.09939,2989.0
2024-10-08 12:00:00,1.09939,1.09948,1.09857,1.09876,2518.0
2024-10-08 13:00:00,1.09876,1.0992,1.09823,1.09853,2328.0
2024-10-08 14:00:00,1.09852,1.09897,1.09787,1.09877,2186.0
2024-10-08 15:00:00,1.09877,1.09898,1.09715,1.0976,3140.0
2024-10-08 16:00:00,1.0976,1.0984,1.09746,1.09779,3968.0
2024-10-08 17:00:00,1.09779,1.09805,1.09664,1.09711,3657.0
2024-10-08 18:00:00,1.0971,1.09722,1.0961,1.09698,2990.0
2024-10-08 19:00:00,1.09698,1.09779,1.09688,1.09758,2040.0
2024-10-08 20:00:00,1.09757,1.09757,1.0965799999999999,1.09745,2291.0
2024-10-08 21:00:00,1.09744,1.09764,1.09686,1.09723,1605.0
2024-10-08 22:00:00,1.09724,1.09782,1.09696,1.09778,1565.0
2024-10-08 23:00:00,1.09778,1.09806,1.09767,1.09804,961.0
2024-10-09 00:00:00,1.09758,1.09791,1.09686,1.0979,1373.0
2024-10-09 01:00:00,1.09795,1.09809,1.09784,1.09809,510.0
2024-10-09 02:00:00,1.09809,1.09811,1.09752,1.09755,621.0
2024-10-09 03:00:00,1.09755,1.09788,1.09738,1.09755,1201.0
2024-10-09 04:00:00,1.09755,1.09774,1.09687,1.0973600000000001,2499.0
2024-10-09 05:00:00,1.09738,1.09743,1.09687,1.09707,1918.0
2024-10-09 06:00:00,1.09707,1.09712,1.09669,1.09678,1568.0
2024-10-09 07:00:00,1.09678,1.09686,1.09622,1.09633,985.0
2024-10-09 08:00:00,1.09633,1.09762,1.09633,1.09732,3549.0
2024-10-09 09:00:00,1.09732,1.09732,1.09622,1.0963,2412.0
2024-10-09 10:00:00,1.0963,1.0967,1.09512,1.09603,3550.0
2024-10-09 11:00:00,1.09603,1.09643,1.09533,1.09579,2662.0
2024-10-09 12:00:00,1.09579,1.09676,1.09571,1.09667,2449.0
2024-10-09 13:00:00,1.09667,1.09708,1.09634,1.09657,1934.0
2024-10-09 14:00:00,1.09657,1.09669,1.0954,1.09541,2002.0
2024-10-09 15:00:00,1.09541,1.09593,1.09528,1.09568,2581.0
2024-10-09 16:00:00,1.09568,1.09585,1.09464,1.09532,3147.0
2024-10-09 17:00:00,1.09532,1.09598,1.09396,1.0948,3789.0
2024-10-09 18:00:00,1.0948,1.09563,1.0947,1.09508,3086.0
2024-10-09 19:00:00,1.09508,1.09508,1.09402,1.09415,2189.0
2024-10-09 20:00:00,1.09415,1.09424,1.09371,1.09391,1977.0
2024-10-09 21:00:00,1.09392,1.09427,1.09363,1.09366,1870.0
2024-10-09 22:00:00,1.09366,1.09414,1.09366,1.09386,1470.0
2024-10-09 23:00:00,1.09386,1.09409,1.09368,1.09399,988.0
2024-10-10 00:00:00,1.09388,1.09421,1.09374,1.09409,1137.0
2024-10-10 01:00:00,1.09416,1.09429,1.09381,1.09408,674.0
2024-10-10 02:00:00,1.09408,1.09423,1.0939,1.09416,640.0
2024-10-10 03:00:00,1.09416,1.0943,1.09393,1.09406,1475.0
2024-10-10 04:00:00,1.09406,1.09462,1.09398,1.0943,2246.0
2024-10-10 05:00:00,1.09429,1.09455,1.09389,1.0942,2090.0
2024-10-10 06:00:00,1.0942,1.0946,1.09415,1.09437,1342.0
2024-10-10 07:00:00,1.09436,1.09447,1.09384,1.0941,948.0
2024-10-10 08:00:00,1.0941,1.09425,1.09371,1.09392,1448.0
2024-10-10 09:00:00,1.09392,1.09432,1.09365,1.09369,2218.0
2024-10-10 10:00:00,1.09369,1.09432,1.09332,1.09374,2667.0
2024-10-10 11:00:00,1.09376,1.09393,1.09283,1.09331,2230.0
2024-10-10 12:00:00,1.09331,1.0934,1.09279,1.09337,1858.0
2024-10-10 13:00:00,1.09337,1.09398,1.0930900000000001,1.09392,1834.0
2024-10-10 14:00:00,1.09391,1.09396,1.09273,1.0931,2415.0
2024-10-10 15:00:00,1.0931,1.0955,1.09084,1.0944099999999999,7319.0
2024-10-10 16:00:00,1.0944099999999999,1.09498,1.09341,1.09374,6319.0
2024-10-10 17:00:00,1.09374,1.09423,1.09137,1.09223,5713.0
2024-10-10 18:00:00,1.09223,1.09299,1.09166,1.09249,3675.0
2024-10-10 19:00:00,1.09249,1.09283,1.09032,1.09061,3424.0
2024-10-10 20:00:00,1.09061,1.09207,1.09002,1.09191,3486.0
2024-10-10 21:00:00,1.09191,1.09267,1.09182,1.09221,2008.0
2024-10-10 22:00:00,1.09221,1.09347,1.09212,1.09344,1951.0
2024-10-10 23:00:00,1.09344,1.09378,1.09338,1.09372,914.0
2024-10-11 00:00:00,1.09262,1.0937000000000001,1.09238,1.09352,701.0
2024-10-11 01:00:00,1.09354,1.09363,1.0933,1.09341,519.0
2024-10-11 02:00:00,1.09341,1.09345,1.09325,1.09337,594.0
2024-10-11 03:00:00,1.09337,1.09379,1.09321,1.09374,1297.0
2024-10-11 04:00:00,1.09374,1.09379,1.09296,1.0932,1434.0
2024-10-11 05:00:00,1.0932,1.09377,1.0930900000000001,1.09369,1038.0
2024-10-11 06:00:00,1.09369,1.09406,1.09363,1.09396,903.0
2024-10-11 07:00:00,1.09396,1.09406,1.09354,1.09357,772.0
2024-10-11 08:00:00,1.09357,1.09378,1.09326,1.09355,823.0
2024-10-11 09:00:00,1.09356,1.09407,1.09325,1.09402,2038.0
2024-10-11 10:00:00,1.09402,1.09454,1.09323,1.09446,2305.0
2024-10-11 11:00:00,1.09446,1.09538,1.09416,1.09496,2044.0
2024-10-11 12:00:00,1.09496,1.09511,1.09381,1.09389,1757.0
2024-10-11 13:00:00,1.09389,1.09394,1.09311,1.09351,1729.0
2024-10-11 14:00:00,1.09351,1.09362,1.09273,1.0930900000000001,1960.0
2024-10-11 15:00:00,1.0930900000000001,1.09507,1.09261,1.09331,4375.0
2024-10-11 16:00:00,1.09331,1.09406,1.09281,1.09386,3766.0
2024-10-11 17:00:00,1.09388,1.09493,1.09337,1.09429,4522.0
2024-10-11 18:00:00,1.09429,1.09525,1.09412,1.09414,2542.0
2024-10-11 19:00:00,1.09413,1.09476,1.09404,1.09449,1587.0
2024-10-11 20:00:00,1.09449,1.09475,1.09427,1.09435,1373.0
2024-10-14 00:00:00,1.0930900000000001,1.09315,1.09287,1.0930900000000001,535.0
2024-10-14 01:00:00,1.09307,1.09336,1.09271,1.09272,806.0
2024-10-14 02:00:00,1.09272,1.09285,1.09222,1.09231,767.0
2024-10-14 03:00:00,1.09231,1.09245,1.0915300000000001,1.09216,1420.0
2024-10-14 04:00:00,1.09215,1.09256,1.0918,1.09234,2184.0
2024-10-14 05:00:00,1.09234,1.09269,1.09185,1.09247,1671.0
2024-10-14 06:00:00,1.09247,1.09293,1.09236,1.09256,851.0
2024-10-14 07:00:00,1.09256,1.0925799999999999,1.09233,1.09237,470.0
2024-10-14 08:00:00,1.09237,1.09264,1.09224,1.09261,913.0
2024-10-14 09:00:00,1.09261,1.09304,1.09249,1.09251,1636.0
2024-10-14 10:00:00,1.09251,1.09312,1.09238,1.09284,2307.0
2024-10-14 11:00:00,1.09284,1.09317,1.09237,1.0927,2357.0
2024-10-14 12:00:00,1.0927,1.09367,1.09269,1.0929,1691.0
2024-10-14 13:00:00,1.0929,1.09302,1.09221,1.09228,1575.0
2024-10-14 14:00:00,1.09228,1.09246,1.0909200000000001,1.09128,2220.0
2024-10-14 15:00:00,1.09128,1.09169,1.09073,1.09099,2678.0
2024-10-14 16:00:00,1.09095,1.09273,1.09048,1.09192,3517.0
2024-10-14 17:00:00,1.09192,1.09192,1.09051,1.09149,3540.0
2024-10-14 18:00:00,1.09149,1.09165,1.09049,1.09069,2123.0
2024-10-14 19:00:00,1.09069,1.09086,1.09008,1.09016,1272.0
2024-10-14 20:00:00,1.09016,1.09043,1.08974,1.09041,997.0
2024-10-14 21:00:00,1.09041,1.0905,1.0895,1.08972,902.0
2024-10-14 22:00:00,1.08972,1.0906,1.08883,1.09039,2077.0
2024-10-14 23:00:00,1.09039,1.09091,1.09029,1.09088,925.0
2024-10-15 00:00:00,1.09085,1.09085,1.0898,1.09082,464.0
2024-10-15 01:00:00,1.09082,1.09096,1.09049,1.09087,494.0
2024-10-15 02:00:00,1.09087,1.09105,1.09067,1.0909,682.0
2024-10-15 03:00:00,1.0909,1.09098,1.09041,1.09074,1568.0
2024-10-15 04:00:00,1.09074,1.09087,1.09048,1.09073,1230.0
2024-10-15 05:00:00,1.09072,1.09089,1.09004,1.09022,1353.0
2024-10-15 06:00:00,1.09022,1.0903,1.08958,1.08965,1348.0
2024-10-15 07:00:00,1.08965,1.08965,1.08916,1.0893,1071.0
2024-10-15 08:00:00,1.0893,1.0893,1.08882,1.08917,1574.0
2024-10-15 09:00:00,1.08917,1.08958,1.08851,1.08926,2640.0
2024-10-15 10:00:00,1.08926,1.08987,1.08851,1.08986,3094.0
2024-10-15 11:00:00,1.08986,1.09163,1.08972,1.09104,2669.0
2024-10-15 12:00:00,1.09104,1.09146,1.09061,1.09137,2417.0
2024-10-15 13:00:00,1.09137,1.09151,1.09027,1.09028,2128.0
2024-10-15 14:00:00,1.09028,1.0909200000000001,1.08972,1.09011,2621.0
2024-10-15 15:00:00,1.09011,1.09126,1.08996,1.09101,3425.0
2024-10-15 16:00:00,1.091,1.09167,1.09083,1.09099,3680.0
2024-10-15 17:00:00,1.09099,1.09117,1.08989,1.09027,3931.0
2024-10-15 18:00:00,1.09028,1.09072,1.08986,1.0899,2948.0
2024-10-15 19:00:00,1.0899,1.09025,1.08894,1.08895,1732.0
2024-10-15 20:00:00,1.08896,1.08904,1.08819,1.08851,1769.0
2024-10-15 21:00:00,1.08851,1.08905,1.0884,1.08873,1532.0
2024-10-15 22:00:00,1.08873,1.08903,1.0886,1.08869,1868.0
2024-10-15 23:00:00,1.0887,1.08926,1.08858,1.08914,1055.0
2024-10-16 00:00:00,1.089,1.08926,1.08872,1.08922,295.0
2024-10-16 01:00:00,1.08933,1.08933,1.08877,1.08897,445.0
2024-10-16 02:00:00,1.08897,1.08902,1.0883099999999999,1.08833,753.0
2024-10-16 03:00:00,1.08833,1.08868,1.08821,1.08854,1523.0
2024-10-16 04:00:00,1.08854,1.08921,1.08844,1.08918,2080.0
2024-10-16 05:00:00,1.08918,1.08933,1.08886,1.08927,1469.0
2024-10-16 06:00:00,1.08927,1.08957,1.08907,1.0891,1319.0
2024-10-16 07:00:00,1.0891,1.08932,1.08877,1.08894,729.0
2024-10-16 08:00:00,1.08894,1.08903,1.08865,1.0888,1258.0
2024-10-16 09:00:00,1.0888,1.08893,1.08762,1.08777,3631.0
2024-10-16 10:00:00,1.08777,1.08854,1.08753,1.08822,3219.0
2024-10-16 11:00:00,1.08822,1.08844,1.08779,1.08832,2556.0
2024-10-16 12:00:00,1.08833,1.08972,1.08826,1.08947,2664.0
2024-10-16 13:00:00,1.08947,1.08955,1.08894,1.08901,1721.0
2024-10-16 14:00:00,1.08901,1.08958,1.08869,1.08945,2120.0
2024-10-16 15:00:00,1.08945,1.09015,1.08865,1.08889,2786.0
2024-10-16 16:00:00,1.08889,1.08976,1.08851,1.08901,3330.0
2024-10-16 17:00:00,1.08901,1.08908,1.08715,1.08798,3598.0
2024-10-16 18:00:00,1.08798,1.08802,1.08661,1.08725,2795.0
2024-10-16 19:00:00,1.08725,1.08767,1.0867,1.08682,1705.0
2024-10-16 20:00:00,1.08682,1.08684,1.08616,1.08622,1208.0
2024-10-16 21:00:00,1.08622,1.0863,1.08554,1.08558,1512.0
2024-10-16 22:00:00,1.08558,1.0860400000000001,1.08533,1.08579,1340.0
2024-10-16 23:00:00,1.08579,1.08626,1.08574,1.08621,1245.0
2024-10-17 00:00:00,1.08617,1.08686,1.0853,1.08623,1191.0
2024-10-17 01:00:00,1.08623,1.0864,1.08576,1.08587,565.0
2024-10-17 02:00:00,1.08587,1.08596,1.08564,1.08589,801.0
2024-10-17 03:00:00,1.08589,1.08643,1.08578,1.08633,1941.0
2024-10-17 04:00:00,1.08633,1.08639,1.08591,1.08626,1792.0
2024-10-17 05:00:00,1.08626,1.08652,1.08591,1.0862,1744.0
2024-10-17 06:00:00,1.0862,1.08621,1.08513,1.08531,1107.0
2024-10-17 07:00:00,1.08531,1.08556,1.08525,1.08534,884.0
2024-10-17 08:00:00,1.08534,1.08555,1.08525,1.08545,1349.0
2024-10-17 09:00:00,1.08545,1.08584,1.08498,1.08508,1812.0
2024-10-17 10:00:00,1.08508,1.08576,1.08491,1.08547,2722.0
2024-10-17 11:00:00,1.08547,1.08567,1.0849,1.08518,2173.0
2024-10-17 12:00:00,1.08516,1.08641,1.08503,1.08588,2126.0
2024-10-17 13:00:00,1.08588,1.08649,1.08581,1.08642,1805.0
2024-10-17 14:00:00,1.08642,1.08674,1.08631,1.08632,1570.0
2024-10-17 15:00:00,1.08632,1.08739,1.08335,1.08429,5736.0
2024-10-17 16:00:00,1.08429,1.08448,1.08111,1.08332,5960.0
2024-10-17 17:00:00,1.08332,1.08351,1.0814,1.08287,4991.0
2024-10-17 18:00:00,1.08287,1.08408,1.08244,1.08366,3148.0
2024-10-17 19:00:00,1.08366,1.0836999999999999,1.08224,1.0824799999999999,2178.0
2024-10-17 20:00:00,1.0824799999999999,1.08282,1.0821,1.08256,1284.0
2024-10-17 21:00:00,1.08256,1.08321,1.08245,1.0825,1555.0
2024-10-17 22:00:00,1.0825,1.08286,1.08235,1.0828,1508.0
2024-10-17 23:00:00,1.08281,1.08311,1.08269,1.08306,1018.0
2024-10-18 00:00:00,1.08311,1.08321,1.08247,1.08321,691.0
2024-10-18 01:00:00,1.08321,1.08333,1.08291,1.08291,532.0
2024-10-18 02:00:00,1.0829,1.08301,1.08254,1.08292,575.0
2024-10-18 03:00:00,1.08292,1.08324,1.08274,1.08289,1645.0
2024-10-18 04:00:00,1.08289,1.08363,1.08276,1.08352,1892.0
2024-10-18 05:00:00,1.08352,1.08398,1.08333,1.0839,1522.0
2024-10-18 06:00:00,1.0839,1.08397,1.08371,1.08386,1113.0
2024-10-18 07:00:00,1.08386,1.08406,1.08383,1.08406,659.0
2024-10-18 08:00:00,1.08406,1.08442,1.08385,1.08435,1272.0
2024-10-18 09:00:00,1.08433,1.08487,1.08383,1.08444,2830.0
2024-10-18 10:00:00,1.08444,1.08444,1.08371,1.08411,2773.0
2024-10-18 11:00:00,1.08411,1.08469,1.08347,1.08378,2110.0
2024-10-18 12:00:00,1.08379,1.08456,1.08342,1.08443,2066.0
2024-10-18 13:00:00,1.08443,1.08489,1.08381,1.08451,1967.0
2024-10-18 14:00:00,1.08452,1.0852,1.08419,1.08483,1979.0
2024-10-18 15:00:00,1.08483,1.08602,1.08467,1.08594,2836.0
2024-10-18 16:00:00,1.08594,1.08633,1.08513,1.0857,2632.0
2024-10-18 17:00:00,1.0857,1.08645,1.0855,1.08573,2987.0
2024-10-18 18:00:00,1.08573,1.08602,1.08531,1.08536,2301.0
2024-10-18 19:00:00,1.08536,1.08683,1.0853,1.08668,1694.0
2024-10-18 20:00:00,1.08668,1.08668,1.08591,1.0862,1311.0
2024-10-21 00:00:00,1.08605,1.08652,1.08596,1.0865,451.0
2024-10-21 01:00:00,1.08664,1.08717,1.0865,1.08692,833.0
2024-10-21 02:00:00,1.08692,1.08699,1.08654,1.08683,982.0
2024-10-21 03:00:00,1.08683,1.08691,1.0864,1.0865,1519.0
2024-10-21 04:00:00,1.0865,1.08682,1.08638,1.08652,1842.0
2024-10-21 05:00:00,1.08652,1.08674,1.08641,1.08645,1375.0
2024-10-21 06:00:00,1.08645,1.08679,1.08644,1.08663,941.0
2024-10-21 07:00:00,1.08663,1.08663,1.08585,1.08588,799.0
2024-10-21 08:00:00,1.08588,1.08635,1.08587,1.08599,1370.0
2024-10-21 09:00:00,1.08599,1.08599,1.08496,1.08523,1860.0
2024-10-21 10:00:00,1.08523,1.08573,1.08463,1.0848200000000001,2238.0
2024-10-21 11:00:00,1.0848200000000001,1.08579,1.0848200000000001,1.0855299999999999,1997.0
2024-10-21 12:00:00,1.0855299999999999,1.08583,1.08465,1.08467,1877.0
2024-10-21 13:00:00,1.08467,1.08495,1.08447,1.08475,1825.0
2024-10-21 14:00:00,1.08475,1.08563,1.08467,1.08558,1722.0
2024-10-21 15:00:00,1.08558,1.08591,1.08513,1.08574,2404.0
2024-10-21 16:00:00,1.08574,1.0858,1.08439,1.08474,2665.0
2024-10-21 17:00:00,1.08474,1.08488,1.08333,1.08349,2839.0
2024-10-21 18:00:00,1.08349,1.08351,1.082,1.082,2613.0
2024-10-21 19:00:00,1.082,1.0823,1.08172,1.0818699999999999,1742.0
2024-10-21 20:00:00,1.0818699999999999,1.0823,1.08155,1.08162,1601.0
2024-10-21 21:00:00,1.08162,1.08173,1.08112,1.08114,1300.0
2024-10-21 22:00:00,1.08117,1.08154,1.08112,1.08154,1079.0
2024-10-21 23:00:00,1.08154,1.08169,1.08123,1.08146,1368.0
2024-10-22 00:00:00,1.0815,1.08176,1.08117,1.08154,719.0
2024-10-22 01:00:00,1.08155,1.08178,1.08154,1.08156,588.0
2024-10-22 02:00:00,1.08156,1.08167,1.08141,1.08155,694.0
2024-10-22 03:00:00,1.08155,1.08185,1.08144,1.08162,1453.0
2024-10-22 04:00:00,1.08162,1.08208,1.08162,1.0819,1691.0
2024-10-22 05:00:00,1.0819,1.08214,1.08152,1.08157,1312.0
2024-10-22 06:00:00,1.08157,1.08193,1.08151,1.08193,1303.0
2024-10-22 07:00:00,1.08193,1.08209,1.08182,1.08203,952.0
2024-10-22 08:00:00,1.08203,1.08237,1.08193,1.08193,1331.0
2024-10-22 09:00:00,1.08193,1.08289,1.08182,1.08256,1904.0
2024-10-22 10:00:00,1.08256,1.08382,1.08208,1.08367,2757.0
2024-10-22 11:00:00,1.08367,1.08371,1.08261,1.0827,2002.0
2024-10-22 12:00:00,1.08271,1.08307,1.08147,1.08159,2129.0
2024-10-22 13:00:00,1.08159,1.08294,1.08144,1.08287,2310.0
2024-10-22 14:00:00,1.08287,1.08291,1.08151,1.08177,2015.0
2024-10-22 15:00:00,1.08177,1.08218,1.0811,1.08118,2806.0
2024-10-22 16:00:00,1.08118,1.08185,1.08015,1.08074,4184.0
2024-10-22 17:00:00,1.08074,1.08134,1.0801,1.08096,3695.0
2024-10-22 18:00:00,1.08096,1.08155,1.08041,1.08046,2432.0
2024-10-22 19:00:00,1.08046,1.08144,1.08032,1.08076,1809.0
2024-10-22 20:00:00,1.08077,1.08088,1.08014,1.08029,1710.0
2024-10-22 21:00:00,1.08029,1.08042,1.07999,1.08,1099.0
2024-10-22 22:00:00,1.08,1.08019,1.0794,1.07949,1268.0
2024-10-22 23:00:00,1.07949,1.0799,1.07926,1.07986,1079.0
2024-10-23 00:00:00,1.07978,1.07988,1.07955,1.07986,572.0
2024-10-23 01:00:00,1.07979,1.08009,1.07969,1.07984,568.0
2024-10-23 02:00:00,1.07984,1.07985,1.07963,1.07964,586.0
2024-10-23 03:00:00,1.07964,1.08008,1.07922,1.07952,1296.0
2024-10-23 04:00:00,1.07952,1.07984,1.07938,1.0795,1748.0
2024-10-23 05:00:00,1.0795,1.08054,1.07948,1.08047,1690.0
2024-10-23 06:00:00,1.08047,1.08053,1.07988,1.08023,1190.0
2024-10-23 07:00:00,1.08023,1.08028,1.07997,1.08022,1197.0
2024-10-23 08:00:00,1.08022,1.08067,1.08022,1.08067,1494.0
2024-10-23 09:00:00,1.08067,1.08067,1.07925,1.07926,2245.0
2024-10-23 10:00:00,1.07926,1.07926,1.07807,1.07818,2758.0
2024-10-23 11:00:00,1.07818,1.07916,1.07794,1.07883,2445.0
2024-10-23 12:00:00,1.07883,1.07894,1.07814,1.07824,2352.0
2024-10-23 13:00:00,1.07824,1.07834,1.07775,1.07775,1913.0
2024-10-23 14:00:00,1.07776,1.078,1.07631,1.07633,2268.0
2024-10-23 15:00:00,1.07633,1.0775,1.07613,1.07744,3068.0
2024-10-23 16:00:00,1.07744,1.07832,1.07696,1.07752,3008.0
2024-10-23 17:00:00,1.0775,1.07824,1.07709,1.07746,3427.0
2024-10-23 18:00:00,1.07746,1.07863,1.07741,1.07788,2620.0
2024-10-23 19:00:00,1.07788,1.07791,1.07707,1.07731,2256.0
2024-10-23 20:00:00,1.07731,1.07747,1.07674,1.07689,1911.0
2024-10-23 21:00:00,1.07689,1.07825,1.07684,1.07805,2309.0
2024-10-23 22:00:00,1.07805,1.07866,1.07801,1.07858,1529.0
2024-10-23 23:00:00,1.07858,1.07865,1.0782,1.07822,1705.0
2024-10-24 00:00:00,1.07812,1.07839,1.07769,1.07825,320.0
2024-10-24 01:00:00,1.07827,1.07834,1.07801,1.07823,572.0
2024-10-24 02:00:00,1.07823,1.07847,1.07794,1.07805,718.0
2024-10-24 03:00:00,1.07805,1.0789900000000001,1.07799,1.07888,1891.0
2024-10-24 04:00:00,1.07888,1.07894,1.07821,1.07831,2013.0
2024-10-24 05:00:00,1.07831,1.0789,1.07812,1.07876,1525.0
2024-10-24 06:00:00,1.07876,1.07891,1.07853,1.07871,1003.0
2024-10-24 07:00:00,1.07871,1.07937,1.07869,1.07931,1062.0
2024-10-24 08:00:00,1.07931,1.07932,1.07886,1.07889,1356.0
2024-10-24 09:00:00,1.07889,1.07908,1.07817,1.07835,2402.0
2024-10-24 10:00:00,1.07834,1.07988,1.07707,1.07957,4610.0
2024-10-24 11:00:00,1.07956,1.0808200000000001,1.07956,1.08032,3642.0
2024-10-24 12:00:00,1.08032,1.08053,1.07955,1.0796999999999999,2222.0
2024-10-24 13:00:00,1.0796999999999999,1.08043,1.07962,1.0799,2000.0
2024-10-24 14:00:00,1.0799,1.0803,1.07921,1.07951,2064.0
2024-10-24 15:00:00,1.07952,1.08041,1.07888,1.07966,4198.0
2024-10-24 16:00:00,1.07966,1.08113,1.07952,1.08,3917.0
2024-10-24 17:00:00,1.08001,1.08109,1.0796999999999999,1.0798,4109.0
2024-10-24 18:00:00,1.07979,1.08056,1.07964,1.0805,2721.0
2024-10-24 19:00:00,1.0805,1.08111,1.08027,1.08108,2144.0
2024-10-24 20:00:00,1.08108,1.08244,1.08107,1.08207,1761.0
2024-10-24 21:00:00,1.08207,1.0826,1.08178,1.08229,1651.0
2024-10-24 22:00:00,1.08229,1.0829,1.08211,1.0829,1417.0
2024-10-24 23:00:00,1.08291,1.08299,1.08271,1.0828,909.0
2024-10-25 00:00:00,1.08272,1.08283,1.08223,1.08281,529.0
2024-10-25 01:00:00,1.08285,1.08288,1.08244,1.08244,483.0
2024-10-25 02:00:00,1.08244,1.08247,1.08228,1.08239,687.0
2024-10-25 03:00:00,1.08239,1.08251,1.08201,1.08218,1622.0
2024-10-25 04:00:00,1.08218,1.08249,1.08201,1.08236,1472.0
2024-10-25 05:00:00,1.08236,1.08276,1.08229,1.0826,1178.0
2024-10-25 06:00:00,1.0826,1.0826,1.08202,1.08218,997.0
2024-10-25 07:00:00,1.08218,1.08232,1.08206,1.0822,968.0
2024-10-25 08:00:00,1.0822,1.08256,1.08209,1.08216,1266.0
2024-10-25 09:00:00,1.08216,1.08227,1.08145,1.08157,1808.0
2024-10-25 10:00:00,1.08157,1.08274,1.08137,1.08244,2671.0
2024-10-25 11:00:00,1.08244,1.08373,1.08216,1.08238,2847.0
2024-10-25 12:00:00,1.08238,1.08273,1.08222,1.08227,1783.0
2024-10-25 13:00:00,1.08227,1.08278,1.08224,1.08242,1366.0
2024-10-25 14:00:00,1.08242,1.08291,1.08214,1.08215,1792.0
2024-10-25 15:00:00,1.08215,1.08394,1.08211,1.08385,2790.0
2024-10-25 16:00:00,1.08385,1.0838700000000001,1.08257,1.08343,2910.0
2024-10-25 17:00:00,1.08343,1.08376,1.08269,1.08308,3683.0
2024-10-25 18:00:00,1.08308,1.08348,1.08108,1.08122,2719.0
2024-10-25 19:00:00,1.08122,1.08122,1.08025,1.08051,1990.0
2024-10-25 20:00:00,1.08051,1.08066,1.08022,1.08032,1681.0
2024-10-28 00:00:00,1.07931,1.07942,1.07869,1.07933,809.0
2024-10-28 01:00:00,1.07937,1.07985,1.07867,1.07959,1356.0
2024-10-28 02:00:00,1.07959,1.08017,1.07939,1.07962,1407.0
2024-10-28 03:00:00,1.07962,1.08013,1.0794,1.07942,2004.0
2024-10-28 04:00:00,1.07942,1.0796000000000001,1.07903,1.07911,2114.0
2024-10-28 05:00:00,1.07911,1.07957,1.07859,1.07885,1572.0
2024-10-28 06:00:00,1.07885,1.0789900000000001,1.07822,1.0783,1138.0
2024-10-28 07:00:00,1.0783,1.07891,1.07828,1.07878,1022.0
2024-10-28 08:00:00,1.07878,1.07885,1.07821,1.07879,1210.0
2024-10-28 09:00:00,1.07879,1.07967,1.07864,1.07942,1789.0
2024-10-28 10:00:00,1.07942,1.08056,1.07933,1.08042,2069.0
2024-10-28 11:00:00,1.08042,1.08214,1.0801,1.08191,3079.0
2024-10-28 12:00:00,1.08191,1.08201,1.08085,1.08131,2316.0
2024-10-28 13:00:00,1.08131,1.08195,1.08111,1.08167,2244.0
2024-10-28 14:00:00,1.08167,1.08201,1.08152,1.08196,1679.0
2024-10-28 15:00:00,1.08196,1.08263,1.08132,1.08155,2692.0
2024-10-28 16:00:00,1.08156,1.08224,1.08141,1.0820400000000001,2962.0
2024-10-28 17:00:00,1.0820400000000001,1.08277,1.08153,1.08243,2666.0
2024-10-28 18:00:00,1.08243,1.08254,1.08138,1.08189,2744.0
2024-10-28 19:00:00,1.08188,1.08263,1.08146,1.08156,2318.0
2024-10-28 20:00:00,1.08156,1.08181,1.0813,1.08138,1843.0
2024-10-28 21:00:00,1.08138,1.0815,1.081,1.0812,1735.0
2024-10-28 22:00:00,1.08121,1.08191,1.08112,1.08152,1521.0
2024-10-28 23:00:00,1.08153,1.08174,1.08115,1.08117,960.0
2024-10-29 00:00:00,1.0812,1.0814,1.08096,1.08138,647.0
2024-10-29 01:00:00,1.0814300000000001,1.08151,1.08112,1.0812599999999999,543.0
2024-10-29 02:00:00,1.0812599999999999,1.08178,1.08109,1.08177,679.0
2024-10-29 03:00:00,1.08177,1.08194,1.08131,1.08158,1438.0
2024-10-29 04:00:00,1.08158,1.0817,1.08116,1.08158,1910.0
2024-10-29 05:00:00,1.08158,1.08181,1.08115,1.08124,1434.0
2024-10-29 06:00:00,1.08124,1.08135,1.08062,1.08081,1262.0
2024-10-29 07:00:00,1.08081,1.08091,1.08067,1.08088,835.0
2024-10-29 08:00:00,1.08088,1.08135,1.08087,1.08112,1174.0
2024-10-29 09:00:00,1.08112,1.08139,1.08068,1.08115,1330.0
2024-10-29 10:00:00,1.08115,1.08162,1.08056,1.08096,1876.0
2024-10-29 11:00:00,1.08096,1.08205,1.08095,1.08185,3305.0
2024-10-29 12:00:00,1.08185,1.08263,1.08132,1.08179,2435.0
2024-10-29 13:00:00,1.08179,1.0821,1.08035,1.08057,2577.0
2024-10-29 14:00:00,1.08056,1.0806,1.07967,1.07992,2528.0
2024-10-29 15:00:00,1.07992,1.07996,1.07721,1.07775,3757.0
2024-10-29 16:00:00,1.07775,1.07912,1.07689,1.07882,4101.0
2024-10-29 17:00:00,1.07882,1.08122,1.07882,1.08006,6354.0
2024-10-29 18:00:00,1.08006,1.08013,1.07853,1.07976,4445.0
2024-10-29 19:00:00,1.07976,1.08076,1.07923,1.0799,3097.0
2024-10-29 20:00:00,1.0799,1.08112,1.0798,1.08057,2962.0
2024-10-29 21:00:00,1.08057,1.08163,1.08032,1.08134,1941.0
2024-10-29 22:00:00,1.08134,1.08153,1.08108,1.0814,1697.0
2024-10-29 23:00:00,1.0814,1.08183,1.0813,1.08181,1281.0
2024-10-30 00:00:00,1.08179,1.08179,1.08112,1.08148,666.0
2024-10-30 01:00:00,1.08152,1.08217,1.08148,1.08201,572.0
2024-10-30 02:00:00,1.08201,1.08219,1.0818,1.08198,680.0
2024-10-30 03:00:00,1.08198,1.08261,1.08197,1.08219,1628.0
2024-10-30 04:00:00,1.08219,1.08258,1.08201,1.08217,1686.0
2024-10-30 05:00:00,1.08216,1.08216,1.08173,1.08182,1317.0
2024-10-30 06:00:00,1.08182,1.08182,1.08137,1.08142,1221.0
2024-10-30 07:00:00,1.08142,1.08179,1.08132,1.08167,979.0
2024-10-30 08:00:00,1.08167,1.08169,1.08141,1.08157,1055.0
2024-10-30 09:00:00,1.08157,1.08264,1.08156,1.08236,1531.0
2024-10-30 10:00:00,1.08236,1.08241,1.08158,1.08191,1764.0
2024-10-30 11:00:00,1.08192,1.08447,1.08192,1.08345,3739.0
2024-10-30 12:00:00,1.08346,1.08594,1.08328,1.08399,3923.0
2024-10-30 13:00:00,1.08399,1.08439,1.08312,1.08344,2583.0
2024-10-30 14:00:00,1.08344,1.08355,1.08217,1.08243,2053.0
2024-10-30 15:00:00,1.08243,1.08295,1.08081,1.0814,5249.0
2024-10-30 16:00:00,1.08141,1.08444,1.08114,1.08434,4893.0
2024-10-30 17:00:00,1.08435,1.08579,1.08422,1.0849,5711.0
2024-10-30 18:00:00,1.08491,1.08669,1.08418,1.08639,4311.0
2024-10-30 19:00:00,1.08638,1.08657,1.0857,1.08611,2744.0
2024-10-30 20:00:00,1.08612,1.08688,1.08537,1.08661,2335.0
2024-10-30 21:00:00,1.08661,1.08713,1.08652,1.08693,1586.0
2024-10-30 22:00:00,1.08693,1.08694,1.08563,1.08605,2094.0
2024-10-30 23:00:00,1.08605,1.08619,1.0855,1.08566,1349.0
2024-10-31 00:00:00,1.08558,1.08587,1.08514,1.08574,802.0
2024-10-31 01:00:00,1.08574,1.086,1.08545,1.08586,828.0
2024-10-31 02:00:00,1.08586,1.08601,1.08579,1.08582,673.0
2024-10-31 03:00:00,1.08582,1.08593,1.0853,1.08534,1207.0
2024-10-31 04:00:00,1.08534,1.08582,1.08442,1.08448,1762.0
2024-10-31 05:00:00,1.08448,1.08512,1.08443,1.08491,1611.0
2024-10-31 06:00:00,1.08491,1.08535,1.08487,1.08499,1276.0
2024-10-31 07:00:00,1.08499,1.08499,1.08452,1.08479,1296.0
2024-10-31 08:00:00,1.08479,1.08522,1.08467,1.08514,1091.0
2024-10-31 09:00:00,1.08514,1.08558,1.0848,1.08518,1982.0
2024-10-31 10:00:00,1.08518,1.08636,1.08477,1.0859,2771.0
2024-10-31 11:00:00,1.08592,1.08611,1.08512,1.08563,3154.0
2024-10-31 12:00:00,1.08563,1.0867499999999999,1.0854300000000001,1.08666,2605.0
2024-10-31 13:00:00,1.08668,1.08755,1.08648,1.0867,2618.0
2024-10-31 14:00:00,1.08671,1.08699,1.08592,1.08682,2347.0
2024-10-31 15:00:00,1.08682,1.08868,1.08641,1.08798,5262.0
2024-10-31 16:00:00,1.08798,1.08883,1.08561,1.08595,4799.0
2024-10-31 17:00:00,1.08595,1.08768,1.08517,1.08656,5463.0
2024-10-31 18:00:00,1.08655,1.08655,1.08463,1.08555,5366.0
2024-10-31 19:00:00,1.08555,1.0863,1.08537,1.08582,4075.0
2024-10-31 20:00:00,1.08582,1.08645,1.08554,1.08616,2463.0
2024-10-31 21:00:00,1.08616,1.08731,1.08607,1.08705,2771.0
2024-10-31 22:00:00,1.08706,1.08783,1.0868,1.08773,2689.0
2024-10-31 23:00:00,1.08773,1.0885,1.08772,1.08838,1528.0
2024-11-01 00:00:00,1.08832,1.0885,1.08798,1.08822,273.0
2024-11-01 01:00:00,1.08822,1.08863,1.08813,1.0886,558.0
2024-11-01 02:00:00,1.0886,1.08865,1.08835,1.08841,1071.0
2024-11-01 03:00:00,1.08841,1.08875,1.08806,1.08866,1432.0
2024-11-01 04:00:00,1.08866,1.08887,1.08786,1.088,2119.0
2024-11-01 05:00:00,1.088,1.08812,1.08767,1.08783,1639.0
2024-11-01 06:00:00,1.08783,1.08791,1.08752,1.08764,1082.0
2024-11-01 07:00:00,1.08764,1.0879,1.08759,1.08772,908.0
2024-11-01 08:00:00,1.08772,1.08781,1.08709,1.08716,1187.0
2024-11-01 09:00:00,1.08716,1.0875,1.0871,1.08731,1522.0
2024-11-01 10:00:00,1.08731,1.08776,1.08683,1.08683,2054.0
2024-11-01 11:00:00,1.08681,1.08681,1.08574,1.08625,2710.0
2024-11-01 12:00:00,1.08625,1.08685,1.08581,1.08585,2076.0
2024-11-01 13:00:00,1.08585,1.08612,1.08525,1.08607,2084.0
2024-11-01 14:00:00,1.08607,1.08695,1.08589,1.0868,1916.0
2024-11-01 15:00:00,1.0868,1.09058,1.08629,1.08862,6201.0
2024-11-01 16:00:00,1.08864,1.08897,1.08655,1.08698,5831.0
2024-11-01 17:00:00,1.087,1.08741,1.085,1.08544,5800.0
2024-11-01 18:00:00,1.08544,1.08587,1.08473,1.08486,3709.0
2024-11-01 19:00:00,1.08486,1.08545,1.08464,1.08526,2516.0
2024-11-01 20:00:00,1.08526,1.0853,1.08342,1.08361,2140.0
2024-11-04 00:00:00,1.08785,1.08815,1.08722,1.08802,792.0
2024-11-04 01:00:00,1.08814,1.08814,1.08721,1.08728,1952.0
2024-11-04 02:00:00,1.08728,1.08793,1.08699,1.08772,1628.0
2024-11-04 03:00:00,1.08772,1.08914,1.08768,1.08884,2449.0
2024-11-04 04:00:00,1.08884,1.08943,1.08849,1.08943,2008.0
2024-11-04 05:00:00,1.08943,1.0905,1.08943,1.09016,2116.0
2024-11-04 06:00:00,1.09016,1.09029,1.08969,1.08975,1351.0
2024-11-04 07:00:00,1.08975,1.09001,1.08943,1.0899,1710.0
2024-11-04 08:00:00,1.0899,1.0902,1.08913,1.08916,1998.0
2024-11-04 09:00:00,1.08916,1.08957,1.08872,1.08914,2537.0
2024-11-04 10:00:00,1.08914,1.09008,1.08894,1.08929,3073.0
2024-11-04 11:00:00,1.08929,1.09022,1.08912,1.08962,2662.0
2024-11-04 12:00:00,1.08962,1.09029,1.08937,1.09016,2041.0
2024-11-04 13:00:00,1.09016,1.09141,1.08997,1.09135,2109.0
2024-11-04 14:00:00,1.09135,1.09147,1.09016,1.09046,2232.0
2024-11-04 15:00:00,1.09046,1.09093,1.08934,1.09053,3210.0
2024-11-04 16:00:00,1.09052,1.09098,1.08956,1.08998,3813.0
2024-11-04 17:00:00,1.08998,1.09083,1.08961,1.08994,4422.0
2024-11-04 18:00:00,1.08993,1.09011,1.08804,1.08842,2872.0
2024-11-04 19:00:00,1.08842,1.08939,1.088,1.08888,2280.0
2024-11-04 20:00:00,1.08888,1.0889199999999999,1.08782,1.08852,2209.0
2024-11-04 21:00:00,1.08852,1.08857,1.08777,1.08789,1739.0
2024-11-04 22:00:00,1.08789,1.08815,1.08755,1.08756,1446.0
2024-11-04 23:00:00,1.08756,1.08777,1.0874,1.0877,929.0
2024-11-05 00:00:00,1.08761,1.08794,1.08712,1.08788,423.0
2024-11-05 01:00:00,1.08788,1.08795,1.08735,1.08737,499.0
2024-11-05 02:00:00,1.08737,1.08766,1.0872600000000001,1.08758,919.0
2024-11-05 03:00:00,1.08758,1.08782,1.08731,1.08776,1485.0
2024-11-05 04:00:00,1.08776,1.08799,1.08754,1.08774,1180.0
2024-11-05 05:00:00,1.08774,1.08796,1.08754,1.08758,1035.0
2024-11-05 06:00:00,1.08758,1.08784,1.08744,1.08754,1032.0
2024-11-05 07:00:00,1.08754,1.08801,1.0875,1.0878700000000001,790.0
2024-11-05 08:00:00,1.0878700000000001,1.08823,1.08771,1.08809,1108.0
2024-11-05 09:00:00,1.08809,1.0890900000000001,1.08809,1.08887,1824.0
2024-11-05 10:00:00,1.08887,1.08942,1.08843,1.08919,2160.0
2024-11-05 11:00:00,1.08919,1.08977,1.08902,1.08919,1745.0
2024-11-05 12:00:00,1.08919,1.08946,1.0890900000000001,1.0894,1451.0
2024-11-05 13:00:00,1.0894,1.09018,1.08928,1.08995,1534.0
2024-11-05 14:00:00,1.08995,1.09015,1.0894,1.08957,1452.0
2024-11-05 15:00:00,1.08957,1.08988,1.08896,1.08927,2162.0
2024-11-05 16:00:00,1.08927,1.09112,1.08925,1.09064,3303.0
2024-11-05 17:00:00,1.09063,1.09123,1.0889,1.0902,4665.0
2024-11-05 18:00:00,1.0902,1.09207,1.09011,1.09201,2740.0
2024-11-05 19:00:00,1.09201,1.09306,1.09181,1.09302,1780.0
2024-11-05 20:00:00,1.09302,1.09366,1.09289,1.09304,2288.0
2024-11-05 21:00:00,1.09304,1.09341,1.0927,1.0931,1948.0
2024-11-05 22:00:00,1.0931,1.0931,1.09241,1.09251,1454.0
2024-11-05 23:00:00,1.09251,1.09297,1.09242,1.09296,1028.0
2024-11-06 00:00:00,1.09286,1.09292,1.09233,1.09233,350.0
2024-11-06 01:00:00,1.09233,1.09373,1.09119,1.09341,2051.0
2024-11-06 02:00:00,1.09341,1.09341,1.08322,1.08364,8535.0
2024-11-06 03:00:00,1.0836999999999999,1.08575,1.08216,1.08364,7819.0
2024-11-06 04:00:00,1.08364,1.08393,1.07615,1.07624,8844.0
2024-11-06 05:00:00,1.07624,1.07797,1.07191,1.07467,8442.0
2024-11-06 06:00:00,1.07468,1.07883,1.07396,1.07778,6223.0
2024-11-06 07:00:00,1.07778,1.07947,1.07508,1.07599,7323.0
2024-11-06 08:00:00,1.07601,1.07617,1.07031,1.07254,6833.0
2024-11-06 09:00:00,1.07254,1.07525,1.07254,1.07343,7341.0
2024-11-06 10:00:00,1.07343,1.07815,1.07318,1.07731,6135.0
2024-11-06 11:00:00,1.07732,1.07742,1.07501,1.07553,4983.0
2024-11-06 12:00:00,1.07553,1.07618,1.07417,1.07465,3728.0
2024-11-06 13:00:00,1.07465,1.07467,1.07012,1.07083,5585.0
2024-11-06 14:00:00,1.07084,1.0719,1.06825,1.06886,5883.0
2024-11-06 15:00:00,1.06886,1.07192,1.06826,1.071,5880.0
2024-11-06 16:00:00,1.07101,1.07201,1.06985,1.07158,6085.0
2024-11-06 17:00:00,1.07157,1.07398,1.07142,1.07384,7323.0
2024-11-06 18:00:00,1.07384,1.07454,1.07262,1.07314,4954.0
2024-11-06 19:00:00,1.07314,1.07448,1.07257,1.07274,3858.0
2024-11-06 20:00:00,1.07274,1.07582,1.07262,1.0753,4237.0
2024-11-06 21:00:00,1.0753,1.07534,1.0729899999999999,1.07353,3643.0
2024-11-06 22:00:00,1.07353,1.07385,1.07329,1.07352,3042.0
2024-11-06 23:00:00,1.07352,1.07359,1.07283,1.07289,1247.0
2024-11-07 00:00:00,1.07249,1.07318,1.0722,1.07291,686.0
2024-11-07 01:00:00,1.07291,1.07345,1.07291,1.07317,840.0
2024-11-07 02:00:00,1.07317,1.07374,1.07206,1.07212,1860.0
2024-11-07 03:00:00,1.07212,1.07287,1.07129,1.07178,2759.0
2024-11-07 04:00:00,1.07178,1.07369,1.07175,1.07368,2268.0
2024-11-07 05:00:00,1.07368,1.07415,1.07321,1.07398,1869.0
2024-11-07 06:00:00,1.07398,1.07456,1.07343,1.0738,1573.0
2024-11-07 07:00:00,1.07379,1.07479,1.07375,1.07463,1749.0
2024-11-07 08:00:00,1.07463,1.07506,1.07411,1.07501,2054.0
2024-11-07 09:00:00,1.07501,1.07701,1.07453,1.0752,3964.0
2024-11-07 10:00:00,1.07523,1.07717,1.07492,1.0769,4033.0
2024-11-07 11:00:00,1.0769,1.07691,1.0746,1.07465,3139.0
2024-11-07 12:00:00,1.07465,1.07667,1.07464,1.0756000000000001,2545.0
2024-11-07 13:00:00,1.0756000000000001,1.07625,1.07521,1.0759,2006.0
2024-11-07 14:00:00,1.0759,1.0777700000000001,1.07566,1.07754,4035.0
2024-11-07 15:00:00,1.07754,1.07947,1.07736,1.07923,5927.0
2024-11-07 16:00:00,1.07923,1.08169,1.07813,1.08094,5138.0
2024-11-07 17:00:00,1.08094,1.08247,1.0805,1.0811,4993.0
2024-11-07 18:00:00,1.0811,1.08148,1.07847,1.07915,4263.0
2024-11-07 19:00:00,1.07915,1.08063,1.07874,1.08048,2457.0
2024-11-07 20:00:00,1.08048,1.08067,1.07928,1.07972,2119.0
2024-11-07 21:00:00,1.07972,1.08036,1.07671,1.07818,8418.0
2024-11-07 22:00:00,1.07817,1.08096,1.07799,1.08025,5457.0
2024-11-07 23:00:00,1.08025,1.08036,1.07993,1.08031,1097.0
2024-11-08 00:00:00,1.08038,1.08053,1.08023,1.0804,842.0
2024-11-08 01:00:00,1.0804,1.08047,1.07942,1.07955,973.0
2024-11-08 02:00:00,1.07955,1.07976,1.07883,1.07906,1927.0
2024-11-08 03:00:00,1.07906,1.07915,1.07791,1.0787,2513.0
2024-11-08 04:00:00,1.0787,1.07898,1.07797,1.0781,2337.0
2024-11-08 05:00:00,1.0781,1.07889,1.07769,1.07781,1807.0
2024-11-08 06:00:00,1.07781,1.07839,1.07765,1.07829,1362.0
2024-11-08 07:00:00,1.07829,1.07865,1.078,1.07818,1536.0
2024-11-08 08:00:00,1.07818,1.07839,1.07728,1.07775,2294.0
2024-11-08 09:00:00,1.07775,1.07839,1.07751,1.07797,2918.0
2024-11-08 10:00:00,1.07797,1.07828,1.0761,1.07789,5670.0
2024-11-08 11:00:00,1.07789,1.07894,1.07722,1.07791,3524.0
2024-11-08 12:00:00,1.07791,1.07796,1.07672,1.07785,2928.0
2024-11-08 13:00:00,1.07785,1.07976,1.07785,1.0783,2612.0
2024-11-08 14:00:00,1.0783,1.07843,1.07667,1.07719,3429.0
2024-11-08 15:00:00,1.07719,1.0772599999999999,1.07445,1.0753,4518.0
2024-11-08 16:00:00,1.0753,1.07658,1.07497,1.07516,4357.0
2024-11-08 17:00:00,1.07519,1.07526,1.07402,1.07484,5017.0
2024-11-08 18:00:00,1.07484,1.07504,1.07092,1.07097,3938.0
2024-11-08 19:00:00,1.07097,1.0713300000000001,1.06869,1.07092,4286.0
2024-11-08 20:00:00,1.07092,1.07189,1.07,1.07068,2541.0
2024-11-11 00:00:00,1.0702,1.07121,1.0702,1.07085,1612.0
2024-11-11 01:00:00,1.07087,1.07171,1.07083,1.07134,1232.0
2024-11-11 02:00:00,1.07134,1.07187,1.07086,1.07169,1902.0
2024-11-11 03:00:00,1.07169,1.0728,1.07158,1.07203,2406.0
2024-11-11 04:00:00,1.07203,1.07254,1.07195,1.07228,1888.0
2024-11-11 05:00:00,1.07228,1.07271,1.07152,1.07169,1278.0
2024-11-11 06:00:00,1.07169,1.0717,1.07079,1.0714,1227.0
2024-11-11 07:00:00,1.0714,1.07188,1.07114,1.07175,1248.0
2024-11-11 08:00:00,1.07175,1.07215,1.07125,1.0721,1615.0
2024-11-11 09:00:00,1.0721,1.07221,1.06858,1.06901,3670.0
2024-11-11 10:00:00,1.06901,1.06945,1.06786,1.06874,3581.0
2024-11-11 11:00:00,1.06874,1.06898,1.0668,1.06816,3269.0
2024-11-11 12:00:00,1.06815,1.06886,1.06709,1.06719,2578.0
2024-11-11 13:00:00,1.06719,1.06719,1.06557,1.06627,3015.0
2024-11-11 14:00:00,1.06627,1.06647,1.06521,1.06523,2474.0
2024-11-11 15:00:00,1.06523,1.06554,1.06368,1.06481,3563.0
2024-11-11 16:00:00,1.06481,1.06576,1.06287,1.06427,3902.0
2024-11-11 17:00:00,1.06427,1.06506,1.06365,1.06474,3464.0
2024-11-11 18:00:00,1.06474,1.06543,1.06449,1.0652,2362.0
2024-11-11 19:00:00,1.0652,1.06564,1.06451,1.06491,1688.0
2024-11-11 20:00:00,1.06491,1.06519,1.0646,1.06505,1607.0
2024-11-11 21:00:00,1.06505,1.06573,1.06495,1.06512,1157.0
2024-11-11 22:00:00,1.06512,1.06564,1.06512,1.06557,1112.0
2024-11-11 23:00:00,1.06557,1.06579,1.06553,1.06557,776.0
2024-11-12 00:00:00,1.06502,1.06573,1.06479,1.06558,646.0
2024-11-12 01:00:00,1.06558,1.06631,1.06543,1.06631,667.0
2024-11-12 02:00:00,1.06631,1.06632,1.06542,1.06579,1390.0
2024-11-12 03:00:00,1.06579,1.06598,1.06478,1.06483,2460.0
2024-11-12 04:00:00,1.06483,1.06521,1.06421,1.06435,2253.0
2024-11-12 05:00:00,1.06435,1.06495,1.0638,1.06384,1645.0
2024-11-12 06:00:00,1.06384,1.06458,1.06379,1.06443,1546.0
2024-11-12 07:00:00,1.06443,1.06459,1.06394,1.06399,1771.0
2024-11-12 08:00:00,1.06399,1.06399,1.06295,1.06343,2491.0
2024-11-12 09:00:00,1.06343,1.06372,1.06218,1.06322,3518.0
2024-11-12 10:00:00,1.06322,1.06342,1.0617,1.06318,3660.0
2024-11-12 11:00:00,1.06318,1.06323,1.06165,1.06261,2666.0
2024-11-12 12:00:00,1.06261,1.06261,1.06111,1.06179,3180.0
2024-11-12 13:00:00,1.06179,1.06298,1.06174,1.06188,2630.0
2024-11-12 14:00:00,1.06188,1.06215,1.06063,1.06197,3368.0
2024-11-12 15:00:00,1.06197,1.06273,1.06144,1.0623,3893.0
2024-11-12 16:00:00,1.0623,1.06261,1.06138,1.06175,3951.0
2024-11-12 17:00:00,1.06175,1.06179,1.06018,1.06091,4489.0
2024-11-12 18:00:00,1.0609,1.06159,1.0596,1.05981,3937.0
2024-11-12 19:00:00,1.05981,1.06083,1.0594999999999999,1.06069,3966.0
2024-11-12 20:00:00,1.06069,1.06172,1.06066,1.06162,2362.0
2024-11-12 21:00:00,1.06162,1.06187,1.06123,1.06124,1756.0
2024-11-12 22:00:00,1.06124,1.06237,1.06094,1.06223,1757.0
2024-11-12 23:00:00,1.06223,1.06268,1.06223,1.06237,1161.0
2024-11-13 00:00:00,1.06207,1.06228,1.06165,1.06196,1501.0
2024-11-13 01:00:00,1.06196,1.06211,1.06139,1.06166,894.0
2024-11-13 02:00:00,1.06166,1.06172,1.0611,1.06127,1486.0
2024-11-13 03:00:00,1.06127,1.06292,1.06119,1.0628,2965.0
2024-11-13 04:00:00,1.0628,1.06294,1.06217,1.06261,1916.0
2024-11-13 05:00:00,1.06261,1.06282,1.06177,1.06191,1222.0
2024-11-13 06:00:00,1.06191,1.06226,1.06176,1.06179,952.0
2024-11-13 07:00:00,1.06179,1.06185,1.06096,1.06131,1361.0
2024-11-13 08:00:00,1.06131,1.0617,1.06074,1.06135,2170.0
2024-11-13 09:00:00,1.06135,1.06145,1.06025,1.06031,2004.0
2024-11-13 10:00:00,1.0603,1.06132,1.05933,1.06122,2861.0
2024-11-13 11:00:00,1.06122,1.06299,1.06081,1.0627,2743.0
2024-11-13 12:00:00,1.0627,1.06284,1.06116,1.0615,2266.0
2024-11-13 13:00:00,1.0615,1.06383,1.06101,1.06376,2279.0
2024-11-13 14:00:00,1.06376,1.06435,1.06244,1.06314,2903.0
2024-11-13 15:00:00,1.06311,1.06542,1.06236,1.06366,7367.0
2024-11-13 16:00:00,1.06366,1.06381,1.05762,1.05856,7383.0
2024-11-13 17:00:00,1.05856,1.05937,1.05556,1.05886,8110.0
2024-11-13 18:00:00,1.05886,1.0592,1.05623,1.05661,4923.0
2024-11-13 19:00:00,1.05661,1.05776,1.05616,1.05689,3493.0
2024-11-13 20:00:00,1.05689,1.05695,1.05564,1.0559,2755.0
2024-11-13 21:00:00,1.05589,1.0576,1.05567,1.05655,2509.0
2024-11-13 22:00:00,1.05655,1.05688,1.05589,1.05621,2216.0
2024-11-13 23:00:00,1.05621,1.0567,1.05618,1.05642,1188.0
2024-11-14 00:00:00,1.05625,1.05636,1.05575,1.05625,958.0
2024-11-14 01:00:00,1.05625,1.05657,1.05615,1.05657,708.0
2024-11-14 02:00:00,1.05657,1.05686,1.05625,1.05653,1464.0
2024-11-14 03:00:00,1.05653,1.05653,1.05511,1.0556,2587.0
2024-11-14 04:00:00,1.0556,1.05578,1.05473,1.05494,2127.0
2024-11-14 05:00:00,1.05494,1.05558,1.05454,1.05477,1682.0
2024-11-14 06:00:00,1.05477,1.05501,1.05452,1.05486,1229.0
2024-11-14 07:00:00,1.05486,1.05486,1.05342,1.05472,1828.0
2024-11-14 08:00:00,1.05472,1.05542,1.05424,1.05451,2256.0
2024-11-14 09:00:00,1.05451,1.05549,1.05407,1.05513,2978.0
2024-11-14 10:00:00,1.05512,1.05582,1.0532,1.05361,3447.0
2024-11-14 11:00:00,1.05361,1.05422,1.05177,1.05205,3357.0
2024-11-14 12:00:00,1.05205,1.05211,1.05019,1.05114,3464.0
2024-11-14 13:00:00,1.05114,1.0534,1.04964,1.05289,3727.0
2024-11-14 14:00:00,1.05289,1.05452,1.05232,1.05358,3358.0
2024-11-14 15:00:00,1.05358,1.05436,1.05134,1.05305,6751.0
2024-11-14 16:00:00,1.05305,1.05689,1.05296,1.05527,5867.0
2024-11-14 17:00:00,1.05527,1.05778,1.05527,1.05749,5536.0
2024-11-14 18:00:00,1.05749,1.05825,1.05607,1.05618,4090.0
2024-11-14 19:00:00,1.05618,1.05637,1.0555,1.05593,3129.0
2024-11-14 20:00:00,1.05593,1.05606,1.0546,1.05471,2204.0
2024-11-14 21:00:00,1.05471,1.05517,1.05433,1.05479,2018.0
2024-11-14 22:00:00,1.05477,1.05486,1.05121,1.05204,6931.0
2024-11-14 23:00:00,1.05205,1.053,1.05189,1.05298,1848.0
2024-11-15 00:00:00,1.053,1.05331,1.05261,1.05309,905.0
2024-11-15 01:00:00,1.0531,1.0532,1.05258,1.05296,861.0
2024-11-15 02:00:00,1.05296,1.05337,1.05236,1.05307,1853.0
2024-11-15 03:00:00,1.05307,1.05416,1.05282,1.05319,2576.0
2024-11-15 04:00:00,1.05319,1.05428,1.05318,1.05411,2048.0
2024-11-15 05:00:00,1.05411,1.05461,1.05392,1.05403,1428.0
2024-11-15 06:00:00,1.05403,1.0546,1.05392,1.05426,1173.0
2024-11-15 07:00:00,1.05426,1.05429,1.05392,1.05402,1356.0
2024-11-15 08:00:00,1.05402,1.05614,1.05336,1.05541,2262.0
2024-11-15 09:00:00,1.05541,1.0564,1.05508,1.05566,2727.0
2024-11-15 10:00:00,1.05566,1.05719,1.05523,1.05699,3417.0
2024-11-15 11:00:00,1.05699,1.05801,1.05606,1.05622,3037.0
2024-11-15 12:00:00,1.05623,1.05778,1.05586,1.05746,3045.0
2024-11-15 13:00:00,1.05745,1.058,1.05705,1.05772,2403.0
2024-11-15 14:00:00,1.05772,1.05791,1.0564,1.0576,2392.0
2024-11-15 15:00:00,1.0576,1.0593,1.05539,1.05585,6703.0
2024-11-15 16:00:00,1.05585,1.05634,1.05232,1.05318,6383.0
2024-11-15 17:00:00,1.05318,1.05423,1.05247,1.05354,6396.0
2024-11-15 18:00:00,1.05354,1.05516,1.05333,1.05513,5125.0
2024-11-15 19:00:00,1.05513,1.056,1.05472,1.05486,3966.0
2024-11-15 20:00:00,1.05487,1.05547,1.05386,1.05515,2919.0
2024-11-18 00:00:00,1.05301,1.05347,1.05292,1.05312,858.0
2024-11-18 01:00:00,1.05312,1.05389,1.05305,1.05363,1127.0
2024-11-18 02:00:00,1.05363,1.05499,1.0533,1.05488,2327.0
2024-11-18 03:00:00,1.05488,1.05506,1.05387,1.05422,3585.0
2024-11-18 04:00:00,1.05422,1.05466,1.05378,1.05414,2241.0
2024-11-18 05:00:00,1.05414,1.05448,1.05303,1.05342,1650.0
2024-11-18 06:00:00,1.05342,1.05425,1.05335,1.05408,1275.0
2024-11-18 07:00:00,1.05408,1.05441,1.05356,1.05381,1577.0
2024-11-18 08:00:00,1.05381,1.05475,1.05363,1.05428,1873.0
2024-11-18 09:00:00,1.05428,1.05484,1.0538,1.05473,2357.0
2024-11-18 10:00:00,1.05473,1.05563,1.05418,1.05469,3423.0
2024-11-18 11:00:00,1.05469,1.05713,1.05432,1.05664,3381.0
2024-11-18 12:00:00,1.05661,1.05673,1.05459,1.05481,2591.0
2024-11-18 13:00:00,1.05481,1.05481,1.05326,1.05424,2466.0
2024-11-18 14:00:00,1.05425,1.05488,1.05346,1.05472,2618.0
2024-11-18 15:00:00,1.05472,1.05686,1.05455,1.05679,3442.0
2024-11-18 16:00:00,1.05679,1.05745,1.05605,1.05687,3681.0
2024-11-18 17:00:00,1.05687,1.05754,1.05607,1.05735,3575.0
2024-11-18 18:00:00,1.05735,1.05859,1.05653,1.05859,2940.0
2024-11-18 19:00:00,1.05859,1.05926,1.05799,1.05912,2613.0
2024-11-18 20:00:00,1.05912,1.0598,1.05873,1.05974,1934.0
2024-11-18 21:00:00,1.05973,1.06072,1.05888,1.05909,2091.0
2024-11-18 22:00:00,1.05909,1.05964,1.05891,1.05924,1491.0
2024-11-18 23:00:00,1.05924,1.06005,1.0590600000000001,1.05982,980.0
2024-11-19 00:00:00,1.05981,1.05989,1.05958,1.05987,511.0
2024-11-19 01:00:00,1.05989,1.05989,1.05931,1.05946,669.0
2024-11-19 02:00:00,1.05946,1.05946,1.05871,1.05898,1455.0
2024-11-19 03:00:00,1.05898,1.05961,1.0588899999999999,1.05932,2001.0
2024-11-19 04:00:00,1.05932,1.05964,1.0588899999999999,1.05919,1800.0
2024-11-19 05:00:00,1.05919,1.06008,1.05916,1.0596700000000001,1463.0
2024-11-19 06:00:00,1.0596700000000001,1.06007,1.05865,1.05871,1227.0
2024-11-19 07:00:00,1.05871,1.05886,1.05827,1.05836,1272.0
2024-11-19 08:00:00,1.05836,1.05963,1.05833,1.05928,1562.0
2024-11-19 09:00:00,1.05928,1.05949,1.05744,1.05776,2909.0
2024-11-19 10:00:00,1.05775,1.05882,1.05625,1.05717,5337.0
2024-11-19 11:00:00,1.05717,1.0578,1.05237,1.05497,6803.0
2024-11-19 12:00:00,1.05498,1.05692,1.05435,1.05611,3911.0
2024-11-19 13:00:00,1.05611,1.05648,1.05495,1.0562,2971.0
2024-11-19 14:00:00,1.0562,1.05724,1.05595,1.05722,2881.0
2024-11-19 15:00:00,1.05722,1.0597,1.05719,1.05769,5147.0
2024-11-19 16:00:00,1.05769,1.05956,1.05699,1.05726,6687.0
2024-11-19 17:00:00,1.05726,1.06006,1.05656,1.05867,4902.0
2024-11-19 18:00:00,1.05867,1.05929,1.0571,1.05775,3723.0
2024-11-19 19:00:00,1.05775,1.0589,1.05766,1.05803,2710.0
2024-11-19 20:00:00,1.05803,1.05903,1.05711,1.05899,2525.0
2024-11-19 21:00:00,1.05899,1.05954,1.05837,1.05938,2495.0
2024-11-19 22:00:00,1.05938,1.0598,1.05915,1.05937,1774.0
2024-11-19 23:00:00,1.05937,1.05976,1.05928,1.0596,845.0
2024-11-20 00:00:00,1.05941,1.05956,1.05898,1.05953,1247.0
2024-11-20 01:00:00,1.05959,1.0608,1.05941,1.06072,876.0
2024-11-20 02:00:00,1.06072,1.06098,1.05991,1.05993,1099.0
2024-11-20 03:00:00,1.05993,1.0604,1.05958,1.06002,1946.0
2024-11-20 04:00:00,1.06002,1.06034,1.05957,1.05959,1538.0
2024-11-20 05:00:00,1.05959,1.05989,1.05884,1.05898,1130.0
2024-11-20 06:00:00,1.05898,1.05945,1.05878,1.05931,943.0
2024-11-20 07:00:00,1.05931,1.05943,1.05867,1.05872,1220.0
2024-11-20 08:00:00,1.05872,1.05957,1.0583,1.05874,1788.0
2024-11-20 09:00:00,1.05874,1.05948,1.05766,1.0578400000000001,3372.0
2024-11-20 10:00:00,1.0578400000000001,1.05791,1.05603,1.05643,3104.0
2024-11-20 11:00:00,1.05643,1.0569,1.05532,1.05556,3039.0
2024-11-20 12:00:00,1.05556,1.05616,1.05454,1.05488,2988.0
2024-11-20 13:00:00,1.05488,1.05563,1.05421,1.05545,2566.0
2024-11-20 14:00:00,1.05545,1.05679,1.05517,1.05584,2669.0
2024-11-20 15:00:00,1.05585,1.05633,1.05516,1.05567,2854.0
2024-11-20 16:00:00,1.05567,1.0557,1.05225,1.0525,4241.0
2024-11-20 17:00:00,1.0525,1.0538,1.05158,1.05217,4641.0
2024-11-20 18:00:00,1.05216,1.0525,1.05068,1.05203,3846.0
2024-11-20 19:00:00,1.05203,1.05363,1.05162,1.0532,2212.0
2024-11-20 20:00:00,1.0532,1.05363,1.05255,1.05361,2386.0
2024-11-20 21:00:00,1.05361,1.05425,1.05359,1.05395,1619.0
2024-11-20 22:00:00,1.05395,1.05401,1.05363,1.05392,1366.0
2024-11-20 23:00:00,1.05392,1.05443,1.05379,1.05435,1053.0
2024-11-21 00:00:00,1.05432,1.05432,1.05364,1.05422,1114.0
2024-11-21 01:00:00,1.05428,1.05459,1.0542,1.05457,524.0
2024-11-21 02:00:00,1.05457,1.05473,1.05423,1.05456,1100.0
2024-11-21 03:00:00,1.05456,1.05497,1.0545,1.05459,1470.0
2024-11-21 04:00:00,1.05459,1.05502,1.05458,1.05495,1128.0
2024-11-21 05:00:00,1.05495,1.05532,1.05475,1.05532,903.0
2024-11-21 06:00:00,1.05532,1.0555,1.05489,1.05514,853.0
2024-11-21 07:00:00,1.05514,1.05515,1.05463,1.05466,1004.0
2024-11-21 08:00:00,1.05466,1.05545,1.05421,1.05454,2072.0
2024-11-21 09:00:00,1.05454,1.05473,1.05297,1.05364,3219.0
2024-11-21 10:00:00,1.05364,1.05434,1.05241,1.05408,3653.0
2024-11-21 11:00:00,1.05408,1.05409,1.05138,1.0517,4248.0
2024-11-21 12:00:00,1.0517,1.05285,1.0514000000000001,1.0521,2495.0
2024-11-21 13:00:00,1.0521,1.05313,1.0516,1.05202,2487.0
2024-11-21 14:00:00,1.05202,1.05358,1.05176,1.05276,2631.0
2024-11-21 15:00:00,1.05276,1.05392,1.05139,1.0533,4708.0
2024-11-21 16:00:00,1.0533,1.05358,1.0521,1.05353,4795.0
2024-11-21 17:00:00,1.05354,1.05448,1.0509,1.05104,5010.0
2024-11-21 18:00:00,1.05105,1.05148,1.04714,1.04744,6903.0
2024-11-21 19:00:00,1.04744,1.04879,1.04622,1.04875,4109.0
2024-11-21 20:00:00,1.04875,1.04893,1.04781,1.04861,2392.0
2024-11-21 21:00:00,1.04862,1.04873,1.04731,1.04845,1983.0
2024-11-21 22:00:00,1.04844,1.0487,1.0478,1.04791,1511.0
2024-11-21 23:00:00,1.04791,1.04807,1.04718,1.04736,980.0
2024-11-22 00:00:00,1.04741,1.04776,1.04666,1.04749,450.0
2024-11-22 01:00:00,1.04749,1.04771,1.04677,1.04691,866.0
2024-11-22 02:00:00,1.0469,1.04757,1.04664,1.04756,1683.0
2024-11-22 03:00:00,1.04756,1.04779,1.04695,1.04717,1803.0
2024-11-22 04:00:00,1.04717,1.04734,1.0467,1.04729,1517.0
2024-11-22 05:00:00,1.04729,1.04783,1.04723,1.04749,1365.0
2024-11-22 06:00:00,1.04749,1.04762,1.04696,1.04747,1006.0
2024-11-22 07:00:00,1.04747,1.04747,1.04616,1.04646,1525.0
2024-11-22 08:00:00,1.04646,1.04705,1.04637,1.04693,1856.0
2024-11-22 09:00:00,1.04693,1.04893,1.04624,1.04862,3102.0
2024-11-22 10:00:00,1.04861,1.04979,1.04413,1.04437,5885.0
2024-11-22 11:00:00,1.04438,1.04443,1.03334,1.04019,8474.0
2024-11-22 12:00:00,1.0402,1.0437400000000001,1.0385,1.04297,4940.0
2024-11-22 13:00:00,1.04297,1.04298,1.04081,1.04167,3212.0
2024-11-22 14:00:00,1.04167,1.04198,1.03979,1.04073,3526.0
2024-11-22 15:00:00,1.04075,1.04344,1.04065,1.04295,4462.0
2024-11-22 16:00:00,1.04295,1.04348,1.04024,1.04048,5586.0
2024-11-22 17:00:00,1.04045,1.04202,1.03951,1.04107,6873.0
2024-11-22 18:00:00,1.04107,1.04119,1.0392,1.03984,3708.0
2024-11-22 19:00:00,1.03984,1.04205,1.03983,1.0419100000000001,2416.0
2024-11-22 20:00:00,1.0419,1.04254,1.04149,1.04167,2288.0
2024-11-25 00:00:00,1.04811,1.04817,1.04624,1.04811,2021.0
2024-11-25 01:00:00,1.04811,1.05012,1.04638,1.04795,3377.0
2024-11-25 02:00:00,1.04795,1.0485,1.04737,1.04813,2874.0
2024-11-25 03:00:00,1.04812,1.04901,1.04741,1.04779,2967.0
2024-11-25 04:00:00,1.04779,1.04894,1.04745,1.04871,2116.0
2024-11-25 05:00:00,1.04871,1.04883,1.04757,1.04779,1911.0
2024-11-25 06:00:00,1.04779,1.04811,1.04746,1.04793,1267.0
2024-11-25 07:00:00,1.04793,1.04831,1.04753,1.04793,1506.0
2024-11-25 08:00:00,1.04791,1.04896,1.04749,1.04836,2272.0
2024-11-25 09:00:00,1.04836,1.04838,1.04498,1.04506,3261.0
2024-11-25 10:00:00,1.04506,1.04672,1.04489,1.04655,4441.0
2024-11-25 11:00:00,1.04655,1.04972,1.04632,1.04896,4570.0
2024-11-25 12:00:00,1.04895,1.04969,1.04836,1.04861,3237.0
2024-11-25 13:00:00,1.0486,1.04905,1.04751,1.04795,2433.0
2024-11-25 14:00:00,1.04794,1.04934,1.04741,1.04887,2975.0
2024-11-25 15:00:00,1.04887,1.05303,1.04885,1.05285,5622.0
2024-11-25 16:00:00,1.05285,1.05303,1.05045,1.0508,5875.0
2024-11-25 17:00:00,1.05081,1.05192,1.04862,1.04887,5104.0
2024-11-25 18:00:00,1.04886,1.04947,1.04668,1.04777,4306.0
2024-11-25 19:00:00,1.04777,1.04873,1.0469,1.04862,2616.0
2024-11-25 20:00:00,1.04862,1.0508,1.0486,1.05075,2471.0
2024-11-25 21:00:00,1.05075,1.05107,1.05014,1.05056,1685.0
2024-11-25 22:00:00,1.05056,1.05094,1.04919,1.04924,1628.0
2024-11-25 23:00:00,1.04924,1.04972,1.0492,1.04959,1259.0
2024-11-26 00:00:00,1.04932,1.04962,1.04779,1.04951,805.0
2024-11-26 01:00:00,1.04951,1.05008,1.0443,1.04438,2879.0
2024-11-26 02:00:00,1.04438,1.04574,1.04251,1.0435,5212.0
2024-11-26 03:00:00,1.0435,1.04647,1.04304,1.04542,4351.0
2024-11-26 04:00:00,1.04541,1.04649,1.04512,1.04609,2397.0
2024-11-26 05:00:00,1.04609,1.04802,1.04586,1.0478,1920.0
2024-11-26 06:00:00,1.0478,1.04906,1.04768,1.04798,1477.0
2024-11-26 07:00:00,1.04798,1.04815,1.04742,1.04754,1361.0
2024-11-26 08:00:00,1.04754,1.04836,1.04742,1.0476,1981.0
2024-11-26 09:00:00,1.0476,1.04856,1.0472,1.04721,3757.0
2024-11-26 10:00:00,1.04721,1.04965,1.04701,1.04914,4491.0
2024-11-26 11:00:00,1.04914,1.05191,1.0491,1.05073,4524.0
2024-11-26 12:00:00,1.05073,1.05208,1.05057,1.05169,3021.0
2024-11-26 13:00:00,1.05169,1.05208,1.0505,1.05132,2766.0
2024-11-26 14:00:00,1.05132,1.05448,1.05101,1.0524,5063.0
2024-11-26 15:00:00,1.05237,1.05267,1.05003,1.05037,5415.0
2024-11-26 16:00:00,1.05037,1.05061,1.04897,1.05028,4993.0
2024-11-26 17:00:00,1.05028,1.051,1.04786,1.04796,5751.0
2024-11-26 18:00:00,1.04797,1.04863,1.04638,1.048,4559.0
2024-11-26 19:00:00,1.048,1.04809,1.04643,1.04705,2911.0
2024-11-26 20:00:00,1.04705,1.04746,1.04573,1.04651,2402.0
2024-11-26 21:00:00,1.04657,1.04808,1.04582,1.04729,3846.0
2024-11-26 22:00:00,1.04729,1.04822,1.04718,1.04811,2275.0
2024-11-26 23:00:00,1.04811,1.04903,1.04811,1.04893,1303.0
2024-11-27 00:00:00,1.0483,1.04876,1.04742,1.04872,1237.0
2024-11-27 01:00:00,1.04872,1.04919,1.04862,1.04918,729.0
2024-11-27 02:00:00,1.04918,1.04966,1.04887,1.04893,1625.0
2024-11-27 03:00:00,1.04893,1.04929,1.04846,1.0487,2622.0
2024-11-27 04:00:00,1.04869,1.04882,1.04814,1.04855,1624.0
2024-11-27 05:00:00,1.04855,1.04859,1.04778,1.04829,1470.0
2024-11-27 06:00:00,1.04829,1.04839,1.04773,1.04786,998.0
2024-11-27 07:00:00,1.04786,1.04801,1.04745,1.04769,1243.0
2024-11-27 08:00:00,1.04769,1.04864,1.04753,1.04799,1760.0
2024-11-27 09:00:00,1.04798,1.05055,1.04797,1.04982,3301.0
2024-11-27 10:00:00,1.04982,1.05405,1.04962,1.05143,6724.0
2024-11-27 11:00:00,1.05143,1.05186,1.05093,1.05164,3500.0
2024-11-27 12:00:00,1.05165,1.05307,1.05126,1.05278,3342.0
2024-11-27 13:00:00,1.05278,1.05307,1.05104,1.0526200000000001,2697.0
2024-11-27 14:00:00,1.0526200000000001,1.05379,1.0520100000000001,1.0528,3374.0
2024-11-27 15:00:00,1.0528,1.05738,1.05271,1.05726,5992.0
2024-11-27 16:00:00,1.05728,1.05787,1.05482,1.05554,5709.0
2024-11-27 17:00:00,1.05565,1.05798,1.05331,1.0570599999999999,6375.0
2024-11-27 18:00:00,1.0570599999999999,1.05847,1.0555,1.05742,5111.0
2024-11-27 19:00:00,1.05742,1.05877,1.05713,1.05765,3391.0
2024-11-27 20:00:00,1.05764,1.05786,1.05655,1.05663,1929.0
2024-11-27 21:00:00,1.05663,1.05711,1.05605,1.05629,1987.0
2024-11-27 22:00:00,1.05629,1.05668,1.05594,1.05656,2028.0
2024-11-27 23:00:00,1.05656,1.05685,1.05628,1.05665,1224.0
2024-11-28 00:00:00,1.05658,1.05694,1.05609,1.05673,703.0
2024-11-28 01:00:00,1.05673,1.05698,1.0561,1.0562,783.0
2024-11-28 02:00:00,1.0562,1.05625,1.05511,1.0552,1675.0
2024-11-28 03:00:00,1.0552,1.05629,1.05475,1.05573,2572.0
2024-11-28 04:00:00,1.05573,1.05612,1.05514,1.05572,1567.0
2024-11-28 05:00:00,1.05572,1.05579,1.05502,1.05524,1214.0
2024-11-28 06:00:00,1.05524,1.05574,1.05489,1.05548,1153.0
2024-11-28 07:00:00,1.05548,1.05582,1.05496,1.055,997.0
2024-11-28 08:00:00,1.055,1.0552,1.05429,1.05484,1535.0
2024-11-28 09:00:00,1.05484,1.05553,1.0532,1.05415,2842.0
2024-11-28 10:00:00,1.05414,1.05496,1.05275,1.05444,4359.0
2024-11-28 11:00:00,1.05444,1.05565,1.05311,1.0532,4656.0
2024-11-28 12:00:00,1.0532,1.05507,1.053,1.05507,2749.0
2024-11-28 13:00:00,1.05507,1.05565,1.05456,1.055,2016.0
2024-11-28 14:00:00,1.055,1.0554,1.0544,1.05452,2078.0
2024-11-28 15:00:00,1.05451,1.05479,1.05304,1.0534,3221.0
2024-11-28 16:00:00,1.05341,1.05496,1.05315,1.05494,2836.0
2024-11-28 17:00:00,1.05493,1.05571,1.05418,1.05525,2974.0
2024-11-28 18:00:00,1.05525,1.05548,1.05476,1.0554,1659.0
2024-11-28 19:00:00,1.0554,1.05554,1.05504,1.05528,920.0
2024-11-28 20:00:00,1.05528,1.05569,1.0552,1.05555,498.0
2024-11-28 21:00:00,1.05555,1.05569,1.0554,1.05567,306.0
2024-11-28 22:00:00,1.05567,1.05572,1.05537,1.05547,328.0
2024-11-28 23:00:00,1.05548,1.05568,1.05528,1.05538,447.0
2024-11-29 00:00:00,1.05489,1.05557,1.0542,1.05525,820.0
2024-11-29 01:00:00,1.05525,1.05622,1.05518,1.05603,877.0
2024-11-29 02:00:00,1.05603,1.05718,1.05588,1.05626,1868.0
2024-11-29 03:00:00,1.05625,1.05751,1.05567,1.056,3289.0
2024-11-29 04:00:00,1.056,1.05742,1.05591,1.05711,1877.0
2024-11-29 05:00:00,1.05711,1.05758,1.0566,1.05737,1526.0
2024-11-29 06:00:00,1.05737,1.05769,1.05684,1.05701,1275.0
2024-11-29 07:00:00,1.05701,1.05742,1.05664,1.05681,1657.0
2024-11-29 08:00:00,1.05681,1.05806,1.05653,1.05804,1777.0
2024-11-29 09:00:00,1.05803,1.05973,1.05754,1.05795,4390.0
2024-11-29 10:00:00,1.05797,1.05821,1.0564,1.05701,3718.0
2024-11-29 11:00:00,1.05701,1.05813,1.0552,1.05579,4256.0
2024-11-29 12:00:00,1.0558,1.05734,1.05565,1.05648,3958.0
2024-11-29 13:00:00,1.05647,1.05678,1.05551,1.05627,3161.0
2024-11-29 14:00:00,1.05627,1.05657,1.05482,1.05646,3689.0
2024-11-29 15:00:00,1.05644,1.05685,1.05555,1.05629,3510.0
2024-11-29 16:00:00,1.05629,1.05645,1.05454,1.05533,3740.0
2024-11-29 17:00:00,1.05533,1.05677,1.0546,1.05613,5460.0
2024-11-29 18:00:00,1.05614,1.05631,1.05416,1.05466,4660.0
2024-11-29 19:00:00,1.05466,1.05678,1.05436,1.05673,3469.0
2024-11-29 20:00:00,1.05674,1.05782,1.05674,1.05753,2505.0
2024-12-02 00:00:00,1.05615,1.05704,1.05605,1.05629,1605.0
2024-12-02 01:00:00,1.05629,1.05665,1.05336,1.05442,2463.0
2024-12-02 02:00:00,1.05441,1.05465,1.05313,1.05363,2523.0
2024-12-02 03:00:00,1.05363,1.05393,1.0528,1.05305,3121.0
2024-12-02 04:00:00,1.05305,1.0532,1.052,1.05254,2434.0
2024-12-02 05:00:00,1.05254,1.05271,1.0520100000000001,1.05235,1788.0
2024-12-02 06:00:00,1.05235,1.05292,1.05189,1.05234,1440.0
2024-12-02 07:00:00,1.05234,1.05285,1.05152,1.0522,2098.0
2024-12-02 08:00:00,1.0522,1.05362,1.05214,1.0533,2789.0
2024-12-02 09:00:00,1.0533,1.05372,1.05019,1.05028,5171.0
2024-12-02 10:00:00,1.05028,1.05126,1.04959,1.05023,4992.0
2024-12-02 11:00:00,1.05022,1.05192,1.05022,1.05135,3574.0
2024-12-02 12:00:00,1.05135,1.0524,1.05061,1.05219,3809.0
2024-12-02 13:00:00,1.05219,1.05289,1.05204,1.0523,2734.0
2024-12-02 14:00:00,1.0523,1.05382,1.0495,1.05009,4245.0
2024-12-02 15:00:00,1.05009,1.05144,1.04961,1.05058,4842.0
2024-12-02 16:00:00,1.05058,1.05148,1.04725,1.04739,5579.0
2024-12-02 17:00:00,1.04737,1.0481,1.04622,1.04692,6842.0
2024-12-02 18:00:00,1.04692,1.04978,1.04606,1.04835,5716.0
2024-12-02 19:00:00,1.04836,1.0499,1.04803,1.04876,3233.0
2024-12-02 20:00:00,1.04876,1.04931,1.04847,1.04899,2131.0
2024-12-02 21:00:00,1.04899,1.04944,1.04874,1.04904,2061.0
2024-12-02 22:00:00,1.04904,1.05161,1.04888,1.05,3697.0
2024-12-02 23:00:00,1.05,1.05031,1.0497,1.04977,1181.0
2024-12-03 00:00:00,1.04974,1.05004,1.04932,1.04962,599.0
2024-12-03 01:00:00,1.04964,1.05016,1.04964,1.05008,785.0
2024-12-03 02:00:00,1.05008,1.05014,1.04886,1.04911,1821.0
2024-12-03 03:00:00,1.04912,1.04971,1.04842,1.04878,2673.0
2024-12-03 04:00:00,1.04878,1.04922,1.04824,1.04893,1999.0
2024-12-03 05:00:00,1.04893,1.04944,1.04869,1.04904,1556.0
2024-12-03 06:00:00,1.04904,1.04914,1.04845,1.04856,1268.0
2024-12-03 07:00:00,1.04856,1.04924,1.04808,1.04915,1386.0
2024-12-03 08:00:00,1.04915,1.04948,1.04835,1.04879,1715.0
2024-12-03 09:00:00,1.04879,1.05117,1.04864,1.04978,3205.0
2024-12-03 10:00:00,1.04981,1.05279,1.04972,1.05253,4724.0
2024-12-03 11:00:00,1.05253,1.05308,1.05164,1.05203,3492.0
2024-12-03 12:00:00,1.05203,1.05298,1.05121,1.05148,2737.0
2024-12-03 13:00:00,1.05148,1.05275,1.05139,1.05226,2812.0
2024-12-03 14:00:00,1.05226,1.0524499999999999,1.05071,1.05076,3022.0
2024-12-03 15:00:00,1.05076,1.0527,1.05063,1.0524,3751.0
2024-12-03 16:00:00,1.0524,1.05291,1.05171,1.05196,5156.0
2024-12-03 17:00:00,1.05197,1.05197,1.04921,1.05166,6216.0
2024-12-03 18:00:00,1.05166,1.05195,1.05032,1.05177,3847.0
2024-12-03 19:00:00,1.05177,1.05304,1.05083,1.05285,3253.0
2024-12-03 20:00:00,1.05282,1.05351,1.05249,1.05279,2708.0
2024-12-03 21:00:00,1.05279,1.05291,1.05046,1.05046,2147.0
2024-12-03 22:00:00,1.05046,1.05127,1.05028,1.0509,1871.0
2024-12-03 23:00:00,1.0509,1.05119,1.05071,1.05094,1135.0
2024-12-04 00:00:00,1.05074,1.0509,1.0502,1.05083,622.0
2024-12-04 01:00:00,1.05083,1.05111,1.0506,1.05101,696.0
2024-12-04 02:00:00,1.05101,1.05122,1.04974,1.04993,1942.0
2024-12-04 03:00:00,1.04992,1.05128,1.04973,1.05061,2625.0
2024-12-04 04:00:00,1.0506,1.05085,1.04978,1.05004,2334.0
2024-12-04 05:00:00,1.05004,1.05007,1.0488,1.04939,2017.0
2024-12-04 06:00:00,1.04939,1.05137,1.04909,1.05109,1903.0
2024-12-04 07:00:00,1.05109,1.05203,1.05096,1.05151,1588.0
2024-12-04 08:00:00,1.05151,1.05292,1.05103,1.05229,2068.0
2024-12-04 09:00:00,1.05229,1.05265,1.05075,1.05092,3035.0
2024-12-04 10:00:00,1.05089,1.05151,1.04905,1.04913,3809.0
2024-12-04 11:00:00,1.04913,1.0506199999999999,1.04825,1.05029,4190.0
2024-12-04 12:00:00,1.05029,1.05094,1.04958,1.04994,3114.0
2024-12-04 13:00:00,1.04994,1.05125,1.04974,1.0505,2537.0
2024-12-04 14:00:00,1.05051,1.05051,1.04879,1.04912,2677.0
2024-12-04 15:00:00,1.04912,1.04974,1.04793,1.04835,4871.0
2024-12-04 16:00:00,1.04836,1.04987,1.04723,1.04952,4321.0
2024-12-04 17:00:00,1.04952,1.05442,1.04952,1.05293,8230.0
2024-12-04 18:00:00,1.05295,1.05368,1.05202,1.05269,4180.0
2024-12-04 19:00:00,1.05269,1.05426,1.05251,1.05373,2888.0
2024-12-04 20:00:00,1.05373,1.05389,1.05153,1.05161,2531.0
2024-12-04 21:00:00,1.05162,1.05293,1.05072,1.0514000000000001,4271.0
2024-12-04 22:00:00,1.0514000000000001,1.05175,1.0505,1.0513,2227.0
2024-12-04 23:00:00,1.0513,1.05158,1.0507900000000001,1.051,1133.0
2024-12-05 00:00:00,1.05076,1.05126,1.05039,1.05102,945.0
2024-12-05 01:00:00,1.05101,1.05157,1.0507900000000001,1.05125,789.0
2024-12-05 02:00:00,1.05125,1.05159,1.05083,1.05141,1582.0
2024-12-05 03:00:00,1.05141,1.05159,1.05091,1.05122,1888.0
2024-12-05 04:00:00,1.05122,1.05227,1.05105,1.05199,1550.0
2024-12-05 05:00:00,1.05199,1.05232,1.05159,1.0523,1047.0
2024-12-05 06:00:00,1.0523,1.05257,1.05172,1.05182,855.0
2024-12-05 07:00:00,1.05182,1.05289,1.05173,1.05266,1607.0
2024-12-05 08:00:00,1.05266,1.05299,1.0523,1.05257,1549.0
2024-12-05 09:00:00,1.05256,1.05387,1.05249,1.05355,2507.0
2024-12-05 10:00:00,1.05355,1.05465,1.05292,1.05302,3370.0
2024-12-05 11:00:00,1.05302,1.05347,1.05214,1.05288,2778.0
2024-12-05 12:00:00,1.05288,1.05353,1.05251,1.05261,2669.0
2024-12-05 13:00:00,1.05261,1.05381,1.05233,1.05365,2233.0
2024-12-05 14:00:00,1.05365,1.05387,1.05239,1.05368,2858.0
2024-12-05 15:00:00,1.05368,1.05684,1.05332,1.05671,5983.0
2024-12-05 16:00:00,1.05671,1.05896,1.05658,1.05755,5494.0
2024-12-05 17:00:00,1.05755,1.05799,1.0551,1.05724,4863.0
2024-12-05 18:00:00,1.0572300000000001,1.0578400000000001,1.05649,1.05705,3648.0
2024-12-05 19:00:00,1.05704,1.05747,1.05575,1.05674,2602.0
2024-12-05 20:00:00,1.05677,1.05698,1.05572,1.05681,2125.0
2024-12-05 21:00:00,1.05681,1.05886,1.05681,1.05873,2480.0
2024-12-05 22:00:00,1.05873,1.05881,1.0581,1.05844,1710.0
2024-12-05 23:00:00,1.0584,1.05884,1.0582,1.05874,941.0
2024-12-06 00:00:00,1.05835,1.05883,1.05793,1.05867,807.0
2024-12-06 01:00:00,1.05868,1.0588,1.05838,1.05865,736.0
2024-12-06 02:00:00,1.05865,1.05865,1.05765,1.05772,1442.0
2024-12-06 03:00:00,1.05772,1.05782,1.0566,1.05687,1840.0
2024-12-06 04:00:00,1.05687,1.05783,1.05684,1.05771,1689.0
2024-12-06 05:00:00,1.05771,1.05804,1.0573,1.05761,1361.0
2024-12-06 06:00:00,1.05761,1.05772,1.05726,1.05754,964.0
2024-12-06 07:00:00,1.05754,1.05754,1.05689,1.0572300000000001,1131.0
2024-12-06 08:00:00,1.0572300000000001,1.0578,1.05694,1.05743,1421.0
2024-12-06 09:00:00,1.05743,1.0584500000000001,1.05675,1.05837,2734.0
2024-12-06 10:00:00,1.05837,1.05941,1.05764,1.05821,3023.0
2024-12-06 11:00:00,1.05821,1.05835,1.05713,1.05773,2602.0
2024-12-06 12:00:00,1.05773,1.05848,1.05714,1.05825,2230.0
2024-12-06 13:00:00,1.05825,1.0588899999999999,1.05768,1.0587,1942.0
2024-12-06 14:00:00,1.05869,1.05886,1.05805,1.05813,2610.0
2024-12-06 15:00:00,1.05813,1.06298,1.05792,1.06044,7331.0
2024-12-06 16:00:00,1.06045,1.06072,1.0568,1.0579,8001.0
2024-12-06 17:00:00,1.05791,1.05791,1.05441,1.05635,5653.0
2024-12-06 18:00:00,1.05635,1.05756,1.0554,1.05621,3986.0
2024-12-06 19:00:00,1.05625,1.05625,1.0547,1.05512,3129.0
2024-12-06 20:00:00,1.05512,1.05612,1.05462,1.05495,2096.0
2024-12-09 00:00:00,1.05555,1.05632,1.05548,1.05618,940.0
2024-12-09 01:00:00,1.05626,1.05694,1.05597,1.05657,1071.0
2024-12-09 02:00:00,1.05657,1.0566,1.05555,1.05594,1534.0
2024-12-09 03:00:00,1.05594,1.0561,1.05513,1.05519,1798.0
2024-12-09 04:00:00,1.05519,1.05562,1.05505,1.05549,1572.0
2024-12-09 05:00:00,1.05549,1.05565,1.05365,1.05373,1488.0
2024-12-09 06:00:00,1.05373,1.054,1.05322,1.05349,1447.0
2024-12-09 07:00:00,1.05349,1.05383,1.05337,1.05373,1203.0
2024-12-09 08:00:00,1.05373,1.0545,1.05367,1.05443,1745.0
2024-12-09 09:00:00,1.05443,1.05666,1.05412,1.05643,3749.0
2024-12-09 10:00:00,1.05642,1.05705,1.05565,1.05675,4292.0
2024-12-09 11:00:00,1.05674,1.05752,1.05617,1.05662,3255.0
2024-12-09 12:00:00,1.05662,1.05853,1.05662,1.05805,2913.0
2024-12-09 13:00:00,1.05805,1.0585,1.05676,1.05689,2172.0
2024-12-09 14:00:00,1.05689,1.05713,1.0558,1.05658,2365.0
2024-12-09 15:00:00,1.05658,1.05778,1.05582,1.05762,3924.0
2024-12-09 16:00:00,1.05762,1.05847,1.05715,1.05782,4063.0
2024-12-09 17:00:00,1.05782,1.05929,1.05719,1.05912,4096.0
2024-12-09 18:00:00,1.05912,1.05943,1.05681,1.05704,2723.0
2024-12-09 19:00:00,1.05704,1.05746,1.05667,1.05669,1833.0
2024-12-09 20:00:00,1.05669,1.05676,1.05605,1.05638,1681.0
2024-12-09 21:00:00,1.05637,1.05646,1.05517,1.05553,1630.0
2024-12-09 22:00:00,1.05553,1.05577,1.05472,1.05501,1717.0
2024-12-09 23:00:00,1.05501,1.05551,1.05501,1.05536,1073.0
2024-12-10 00:00:00,1.05531,1.05552,1.05509,1.05545,1388.0
2024-12-10 01:00:00,1.05545,1.0557,1.05528,1.05542,705.0
2024-12-10 02:00:00,1.05542,1.05544,1.05491,1.05532,1368.0
2024-12-10 03:00:00,1.05532,1.05537,1.05454,1.0553,1862.0
2024-12-10 04:00:00,1.0553,1.05615,1.05517,1.05534,1934.0
2024-12-10 05:00:00,1.05534,1.05577,1.05489,1.05565,1891.0
2024-12-10 06:00:00,1.05565,1.05602,1.05562,1.05576,1379.0
2024-12-10 07:00:00,1.05576,1.05628,1.05542,1.05621,1459.0
2024-12-10 08:00:00,1.05621,1.05683,1.05609,1.05668,1604.0
2024-12-10 09:00:00,1.05668,1.05668,1.0547,1.05486,2430.0
2024-12-10 10:00:00,1.05488,1.05517,1.05378,1.05378,2980.0
2024-12-10 11:00:00,1.05378,1.05383,1.05232,1.05312,3358.0
2024-12-10 12:00:00,1.05312,1.0538,1.05261,1.05282,2578.0
2024-12-10 13:00:00,1.05282,1.05331,1.0524,1.05315,2294.0
2024-12-10 14:00:00,1.05315,1.05339,1.05203,1.05308,2746.0
2024-12-10 15:00:00,1.05308,1.0532,1.05158,1.0523,3472.0
2024-12-10 16:00:00,1.0523,1.05313,1.05196,1.05197,3589.0
2024-12-10 17:00:00,1.05197,1.05257,1.04985,1.05038,4873.0
2024-12-10 18:00:00,1.05039,1.05126,1.04997,1.05117,3278.0
2024-12-10 19:00:00,1.05117,1.05168,1.05046,1.05097,2119.0
2024-12-10 20:00:00,1.05097,1.05268,1.05087,1.05255,2099.0
2024-12-10 21:00:00,1.05255,1.05312,1.05243,1.05268,1652.0
2024-12-10 22:00:00,1.05268,1.05307,1.0524,1.05265,1611.0
2024-12-10 23:00:00,1.05265,1.05288,1.05237,1.05272,1006.0
2024-12-11 00:00:00,1.05271,1.05287,1.05186,1.05283,373.0
2024-12-11 01:00:00,1.05287,1.05319,1.05277,1.05311,510.0
2024-12-11 02:00:00,1.05311,1.05323,1.05276,1.05289,1059.0
2024-12-11 03:00:00,1.05289,1.05356,1.05282,1.05347,1781.0
2024-12-11 04:00:00,1.05347,1.05393,1.05329,1.05369,1443.0
2024-12-11 05:00:00,1.05369,1.05378,1.05278,1.05282,1268.0
2024-12-11 06:00:00,1.05282,1.05305,1.05205,1.05247,1036.0
2024-12-11 07:00:00,1.05247,1.0527,1.05211,1.05241,936.0
2024-12-11 08:00:00,1.05241,1.05282,1.05225,1.05261,1275.0
2024-12-11 09:00:00,1.05261,1.05285,1.04882,1.04901,5209.0
2024-12-11 10:00:00,1.04901,1.05127,1.04898,1.05056,3221.0
2024-12-11 11:00:00,1.05056,1.05099,1.04964,1.05005,3966.0
2024-12-11 12:00:00,1.05005,1.05015,1.04871,1.04951,3134.0
2024-12-11 13:00:00,1.04951,1.05053,1.04902,1.05035,2629.0
2024-12-11 14:00:00,1.05034,1.05182,1.0500099999999999,1.0503,3221.0
2024-12-11 15:00:00,1.0503,1.05375,1.05027,1.05242,6460.0
2024-12-11 16:00:00,1.05238,1.05292,1.04942,1.05011,6421.0
2024-12-11 17:00:00,1.0501,1.05083,1.04802,1.04907,5905.0
2024-12-11 18:00:00,1.04907,1.0512,1.04854,1.0507900000000001,3657.0
2024-12-11 19:00:00,1.0507900000000001,1.05118,1.04863,1.04878,2565.0
2024-12-11 20:00:00,1.04878,1.0500099999999999,1.04832,1.04845,3176.0
2024-12-11 21:00:00,1.04845,1.04942,1.04815,1.04913,2340.0
2024-12-11 22:00:00,1.04913,1.04953,1.04884,1.04925,1762.0
2024-12-11 23:00:00,1.04928,1.04974,1.04925,1.0495700000000001,1124.0
2024-12-12 00:00:00,1.04931,1.04974,1.04903,1.04964,678.0
2024-12-12 01:00:00,1.04964,1.05065,1.04964,1.05055,694.0
2024-12-12 02:00:00,1.05055,1.05086,1.05023,1.05057,1927.0
2024-12-12 03:00:00,1.05058,1.05089,1.05034,1.0506199999999999,1901.0
2024-12-12 04:00:00,1.0506199999999999,1.05074,1.0502,1.05036,1347.0
2024-12-12 05:00:00,1.05036,1.05086,1.05009,1.05054,1191.0
2024-12-12 06:00:00,1.05055,1.05091,1.05044,1.0509,949.0
2024-12-12 07:00:00,1.05091,1.05095,1.05033,1.05065,1507.0
2024-12-12 08:00:00,1.05065,1.05143,1.05044,1.05141,1347.0
2024-12-12 09:00:00,1.05142,1.05309,1.05127,1.05164,3509.0
2024-12-12 10:00:00,1.05164,1.05207,1.05047,1.05092,3887.0
2024-12-12 11:00:00,1.05091,1.05174,1.05055,1.051,3011.0
2024-12-12 12:00:00,1.051,1.05143,1.04954,1.04967,2601.0
2024-12-12 13:00:00,1.04968,1.0507900000000001,1.04944,1.05025,3005.0
2024-12-12 14:00:00,1.05025,1.0504,1.04888,1.04891,2877.0
2024-12-12 15:00:00,1.04891,1.05022,1.04696,1.04848,7424.0
2024-12-12 16:00:00,1.04848,1.05203,1.0472,1.05192,8100.0
2024-12-12 17:00:00,1.05193,1.05211,1.04638,1.04732,7118.0
2024-12-12 18:00:00,1.0473,1.05158,1.04719,1.05133,4435.0
2024-12-12 19:00:00,1.05132,1.05174,1.04952,1.05007,3326.0
2024-12-12 20:00:00,1.05008,1.05024,1.04819,1.04825,3425.0
2024-12-12 21:00:00,1.04825,1.04854,1.04724,1.04727,2462.0
2024-12-12 22:00:00,1.04727,1.04748,1.04647,1.04673,1706.0
2024-12-12 23:00:00,1.04673,1.04722,1.04643,1.04663,1130.0
2024-12-13 00:00:00,1.04664,1.04707,1.04639,1.04697,1378.0
2024-12-13 01:00:00,1.04697,1.04742,1.04648,1.04738,767.0
2024-12-13 02:00:00,1.04738,1.04804,1.047,1.04795,1572.0
2024-12-13 03:00:00,1.04795,1.04807,1.04635,1.04654,2201.0
2024-12-13 04:00:00,1.04654,1.04669,1.04603,1.04607,1935.0
2024-12-13 05:00:00,1.04607,1.04653,1.04598,1.04603,1263.0
2024-12-13 06:00:00,1.04603,1.04638,1.04564,1.04638,1016.0
2024-12-13 07:00:00,1.04638,1.04659,1.04604,1.04654,987.0
2024-12-13 08:00:00,1.04654,1.04662,1.04568,1.04658,1612.0
2024-12-13 09:00:00,1.04658,1.04658,1.04531,1.04595,3565.0
2024-12-13 10:00:00,1.04595,1.04719,1.04565,1.04688,3172.0
2024-12-13 11:00:00,1.04688,1.0493999999999999,1.04663,1.04866,3024.0
2024-12-13 12:00:00,1.04872,1.04958,1.04834,1.04871,3719.0
2024-12-13 13:00:00,1.04871,1.04945,1.04862,1.04889,2515.0
2024-12-13 14:00:00,1.04889,1.05194,1.0488,1.0516,3701.0
2024-12-13 15:00:00,1.0516,1.05243,1.05088,1.05103,4070.0
2024-12-13 16:00:00,1.05103,1.05104,1.04886,1.04907,3688.0
2024-12-13 17:00:00,1.04907,1.0495700000000001,1.04823,1.04892,4065.0
2024-12-13 18:00:00,1.04892,1.0506199999999999,1.04869,1.04978,3548.0
2024-12-13 19:00:00,1.04979,1.05043,1.04912,1.04964,2824.0
2024-12-13 20:00:00,1.04964,1.04987,1.04891,1.04959,2269.0
2024-12-16 00:00:00,1.0485,1.05006,1.04797,1.04929,1832.0
2024-12-16 01:00:00,1.04981,1.05109,1.04977,1.05096,989.0
2024-12-16 02:00:00,1.05096,1.05189,1.05093,1.05145,1698.0
2024-12-16 03:00:00,1.05145,1.05213,1.05125,1.0519,1883.0
2024-12-16 04:00:00,1.05191,1.0523,1.05098,1.05127,1682.0
2024-12-16 05:00:00,1.05127,1.05152,1.05098,1.05119,1072.0
2024-12-16 06:00:00,1.05119,1.05165,1.05119,1.05159,1014.0
2024-12-16 07:00:00,1.05159,1.05214,1.05158,1.05196,1115.0
2024-12-16 08:00:00,1.05196,1.05207,1.05116,1.05137,1479.0
2024-12-16 09:00:00,1.05137,1.0521,1.05044,1.05049,2374.0
2024-12-16 10:00:00,1.05049,1.05248,1.05003,1.05088,4208.0
2024-12-16 11:00:00,1.05089,1.0521,1.05035,1.05051,3177.0
2024-12-16 12:00:00,1.05051,1.05064,1.04886,1.04891,2319.0
2024-12-16 13:00:00,1.04891,1.04926,1.04833,1.04907,1857.0
2024-12-16 14:00:00,1.04906,1.05,1.04898,1.04907,2462.0
2024-12-16 15:00:00,1.04906,1.05084,1.04905,1.05078,3014.0
2024-12-16 16:00:00,1.05075,1.05081,1.04746,1.04826,4302.0
2024-12-16 17:00:00,1.04826,1.05128,1.04826,1.05066,4319.0
2024-12-16 18:00:00,1.05066,1.05133,1.04953,1.05114,3742.0
2024-12-16 19:00:00,1.05114,1.05207,1.05056,1.05112,3038.0
2024-12-16 20:00:00,1.05112,1.05217,1.05059,1.05204,1924.0
2024-12-16 21:00:00,1.05204,1.05225,1.05066,1.051,1844.0
2024-12-16 22:00:00,1.05101,1.05113,1.05067,1.05081,1392.0
2024-12-16 23:00:00,1.05081,1.05154,1.05068,1.05114,858.0
2024-12-17 00:00:00,1.05105,1.05117,1.05068,1.051,995.0
2024-12-17 01:00:00,1.05105,1.05186,1.05087,1.05169,692.0
2024-12-17 02:00:00,1.05169,1.05343,1.05151,1.05288,1606.0
2024-12-17 03:00:00,1.05288,1.05298,1.05189,1.05214,1808.0
2024-12-17 04:00:00,1.05214,1.0527,1.05169,1.05172,1527.0
2024-12-17 05:00:00,1.05172,1.05194,1.05114,1.05124,1049.0
2024-12-17 06:00:00,1.05124,1.05125,1.0508,1.05083,828.0
2024-12-17 07:00:00,1.05083,1.05102,1.05027,1.05048,1224.0
2024-12-17 08:00:00,1.05048,1.0508,1.04976,1.05029,1878.0
2024-12-17 09:00:00,1.05029,1.05093,1.04956,1.04975,2779.0
2024-12-17 10:00:00,1.04975,1.05,1.04852,1.04892,3370.0
2024-12-17 11:00:00,1.04893,1.04893,1.04806,1.04855,2934.0
2024-12-17 12:00:00,1.0486,1.04898,1.04793,1.0488,2762.0
2024-12-17 13:00:00,1.0488,1.04941,1.04838,1.04914,2297.0
2024-12-17 14:00:00,1.04913,1.05015,1.04882,1.05013,2646.0
2024-12-17 15:00:00,1.05013,1.05067,1.04916,1.05049,4259.0
2024-12-17 16:00:00,1.05049,1.05116,1.04978,1.05047,4503.0
2024-12-17 17:00:00,1.05052,1.05094,1.04958,1.04988,4458.0
2024-12-17 18:00:00,1.04988,1.0506199999999999,1.04944,1.05051,3509.0
2024-12-17 19:00:00,1.05051,1.0516,1.04982,1.04998,3150.0
2024-12-17 20:00:00,1.04998,1.05043,1.04902,1.04936,2396.0
2024-12-17 21:00:00,1.04936,1.04955,1.04881,1.04885,1672.0
2024-12-17 22:00:00,1.04886,1.04907,1.04853,1.04883,1520.0
2024-12-17 23:00:00,1.04883,1.0493,1.04868,1.04915,748.0
2024-12-18 00:00:00,1.04907,1.04943,1.04864,1.04926,353.0
2024-12-18 01:00:00,1.04934,1.04954,1.04919,1.04946,583.0
2024-12-18 02:00:00,1.04946,1.05029,1.04929,1.04993,1434.0
2024-12-18 03:00:00,1.04993,1.05028,1.04955,1.05022,1730.0
2024-12-18 04:00:00,1.05022,1.05036,1.04962,1.0501,1501.0
2024-12-18 05:00:00,1.0501,1.05028,1.04989,1.04992,1260.0
2024-12-18 06:00:00,1.04992,1.05058,1.04961,1.05031,1168.0
2024-12-18 07:00:00,1.05031,1.05048,1.05002,1.05024,1094.0
2024-12-18 08:00:00,1.05024,1.05118,1.05017,1.05112,1437.0
2024-12-18 09:00:00,1.05112,1.05128,1.04936,1.04971,2707.0
2024-12-18 10:00:00,1.0497,1.04989,1.04876,1.04935,3145.0
2024-12-18 11:00:00,1.04935,1.04985,1.04912,1.04943,2339.0
2024-12-18 12:00:00,1.04944,1.05003,1.0489,1.04986,2393.0
2024-12-18 13:00:00,1.04986,1.05036,1.04946,1.04966,2304.0
2024-12-18 14:00:00,1.04966,1.05021,1.04858,1.04905,2433.0
2024-12-18 15:00:00,1.04906,1.04985,1.04826,1.0492,3563.0
2024-12-18 16:00:00,1.0492,1.05033,1.04874,1.04965,4139.0
2024-12-18 17:00:00,1.04965,1.04988,1.04702,1.04739,3725.0
2024-12-18 18:00:00,1.04739,1.04809,1.04672,1.04691,2947.0
2024-12-18 19:00:00,1.04691,1.04801,1.0469,1.04753,2335.0
2024-12-18 20:00:00,1.04753,1.04925,1.04738,1.04869,2264.0
2024-12-18 21:00:00,1.04864,1.04864,1.03735,1.03771,10438.0
2024-12-18 22:00:00,1.03774,1.03804,1.03437,1.03651,8166.0
2024-12-18 23:00:00,1.03651,1.03761,1.03484,1.03495,3742.0
2024-12-19 00:00:00,1.03514,1.0354,1.0344,1.03502,1299.0
2024-12-19 01:00:00,1.035,1.0360800000000001,1.03475,1.03507,2029.0
2024-12-19 02:00:00,1.03506,1.038,1.03506,1.03731,3253.0
2024-12-19 03:00:00,1.03731,1.038,1.03711,1.0378,2804.0
2024-12-19 04:00:00,1.0378,1.03905,1.03724,1.03902,2703.0
2024-12-19 05:00:00,1.03902,1.03909,1.03746,1.03784,2175.0
2024-12-19 06:00:00,1.03784,1.03822,1.03747,1.0379,1591.0
2024-12-19 07:00:00,1.0379,1.03855,1.03762,1.0382,1893.0
2024-12-19 08:00:00,1.0382,1.03882,1.03774,1.03853,3204.0
2024-12-19 09:00:00,1.03853,1.04094,1.03852,1.03949,4772.0
2024-12-19 10:00:00,1.0395,1.04095,1.03905,1.04085,5198.0
2024-12-19 11:00:00,1.04085,1.04224,1.04081,1.04125,4863.0
2024-12-19 12:00:00,1.04125,1.04159,1.04041,1.04052,3561.0
2024-12-19 13:00:00,1.04052,1.04155,1.04,1.04033,3091.0
2024-12-19 14:00:00,1.04033,1.04103,1.03909,1.03937,4621.0
2024-12-19 15:00:00,1.03937,1.04141,1.03858,1.03992,5973.0
2024-12-19 16:00:00,1.0399,1.04072,1.03939,1.03958,5213.0
2024-12-19 17:00:00,1.03959,1.04019,1.0377,1.03801,5321.0
2024-12-19 18:00:00,1.03801,1.03846,1.03561,1.03568,5119.0
2024-12-19 19:00:00,1.03568,1.03764,1.0354700000000001,1.03616,4113.0
2024-12-19 20:00:00,1.03615,1.03756,1.03553,1.03741,3480.0
2024-12-19 21:00:00,1.03741,1.03773,1.03614,1.03614,2875.0
2024-12-19 22:00:00,1.03615,1.03692,1.03587,1.03681,2316.0
2024-12-19 23:00:00,1.03681,1.03681,1.03609,1.03629,1152.0
2024-12-20 00:00:00,1.0365,1.03658,1.03612,1.03653,904.0
2024-12-20 01:00:00,1.03656,1.03659,1.03612,1.03647,897.0
2024-12-20 02:00:00,1.03647,1.03692,1.03617,1.0365199999999999,1939.0
2024-12-20 03:00:00,1.0365199999999999,1.03676,1.03588,1.03636,2420.0
2024-12-20 04:00:00,1.03636,1.03648,1.03601,1.03636,1994.0
2024-12-20 05:00:00,1.03636,1.03657,1.0359099999999999,1.0362,1745.0
2024-12-20 06:00:00,1.0362,1.0363,1.03585,1.03588,1308.0
2024-12-20 07:00:00,1.03588,1.03667,1.03567,1.03663,1290.0
2024-12-20 08:00:00,1.03663,1.03775,1.03431,1.03749,3477.0
2024-12-20 09:00:00,1.03748,1.03853,1.03726,1.03828,3781.0
2024-12-20 10:00:00,1.03828,1.03985,1.0378,1.03922,3842.0
2024-12-20 11:00:00,1.03922,1.03923,1.0376,1.03828,3382.0
2024-12-20 12:00:00,1.03828,1.03933,1.03814,1.03919,2652.0
2024-12-20 13:00:00,1.03919,1.03976,1.03796,1.03915,2815.0
2024-12-20 14:00:00,1.03916,1.04003,1.03879,1.03897,2732.0
2024-12-20 15:00:00,1.03897,1.0419100000000001,1.03877,1.04075,5181.0
2024-12-20 16:00:00,1.04075,1.04089,1.03861,1.03935,5400.0
2024-12-20 17:00:00,1.03938,1.04074,1.03912,1.03969,6277.0
2024-12-20 18:00:00,1.03969,1.04353,1.0396,1.04281,5065.0
2024-12-20 19:00:00,1.04281,1.04449,1.04256,1.04285,4473.0
2024-12-20 20:00:00,1.04285,1.0443,1.04222,1.04368,2657.0
2024-12-23 00:00:00,1.04307,1.04449,1.04256,1.04338,1144.0
2024-12-23 01:00:00,1.04338,1.04441,1.04304,1.04338,1332.0
2024-12-23 02:00:00,1.04338,1.04369,1.04307,1.04319,1360.0
2024-12-23 03:00:00,1.04319,1.04383,1.04268,1.04361,1581.0
2024-12-23 04:00:00,1.04361,1.04432,1.0436,1.04406,1401.0
2024-12-23 05:00:00,1.04406,1.04427,1.04384,1.04395,924.0
2024-12-23 06:00:00,1.04395,1.04455,1.04389,1.04431,897.0
2024-12-23 07:00:00,1.04431,1.04444,1.04396,1.04403,954.0
2024-12-23 08:00:00,1.04403,1.04421,1.04331,1.0434,1253.0
2024-12-23 09:00:00,1.0434,1.04369,1.04114,1.04128,2262.0
2024-12-23 10:00:00,1.04128,1.0419,1.04073,1.04181,2616.0
2024-12-23 11:00:00,1.04181,1.04196,1.04074,1.04078,2137.0
2024-12-23 12:00:00,1.04078,1.04099,1.03867,1.039,2357.0
2024-12-23 13:00:00,1.039,1.04011,1.03874,1.04001,2038.0
2024-12-23 14:00:00,1.04001,1.04015,1.03857,1.03955,2694.0
2024-12-23 15:00:00,1.03955,1.04029,1.03882,1.03993,3114.0
2024-12-23 16:00:00,1.03996,1.04085,1.03914,1.03939,3549.0
2024-12-23 17:00:00,1.03939,1.03967,1.03842,1.03909,3941.0
2024-12-23 18:00:00,1.03909,1.04102,1.03894,1.04079,2789.0
2024-12-23 19:00:00,1.04079,1.04179,1.03964,1.03976,2282.0
2024-12-23 20:00:00,1.03975,1.04125,1.03974,1.04088,1740.0
2024-12-23 21:00:00,1.04088,1.04124,1.03992,1.0411299999999999,1646.0
2024-12-23 22:00:00,1.0411299999999999,1.04141,1.04032,1.04059,1530.0
2024-12-23 23:00:00,1.04059,1.04083,1.04042,1.04062,788.0
2024-12-24 00:00:00,1.0405,1.04071,1.04014,1.04046,754.0
2024-12-24 01:00:00,1.04046,1.04085,1.04035,1.04041,609.0
2024-12-24 02:00:00,1.04041,1.04046,1.03982,1.04004,890.0
2024-12-24 03:00:00,1.04004,1.04047,1.03998,1.04028,953.0
2024-12-24 04:00:00,1.04028,1.04088,1.03966,1.03997,1124.0
2024-12-24 05:00:00,1.03997,1.04005,1.03887,1.0391,1090.0
2024-12-24 06:00:00,1.0391,1.03972,1.0391,1.03966,844.0
2024-12-24 07:00:00,1.03966,1.03977,1.03938,1.0397,800.0
2024-12-24 08:00:00,1.0397,1.03986,1.03926,1.03962,994.0
2024-12-24 09:00:00,1.03962,1.03985,1.03903,1.03905,1338.0
2024-12-24 10:00:00,1.03905,1.04056,1.03902,1.03955,1674.0
2024-12-24 11:00:00,1.03954,1.03988,1.03904,1.0392,1566.0
2024-12-24 12:00:00,1.0392,1.03976,1.03892,1.03967,1280.0
2024-12-24 13:00:00,1.03967,1.04036,1.03916,1.03948,1474.0
2024-12-24 14:00:00,1.03948,1.04036,1.03891,1.03916,2024.0
2024-12-24 15:00:00,1.03912,1.04035,1.03896,1.04025,2024.0
2024-12-24 16:00:00,1.04025,1.04102,1.03954,1.0405,2567.0
2024-12-24 17:00:00,1.0405,1.0408,1.03907,1.03917,2752.0
2024-12-24 18:00:00,1.03917,1.03964,1.03874,1.03876,1875.0
2024-12-24 19:00:00,1.03876,1.03939,1.03836,1.03886,1587.0
2024-12-24 20:00:00,1.03886,1.03932,1.03869,1.03921,795.0
2024-12-24 21:00:00,1.03921,1.03977,1.0391,1.0393,976.0
2024-12-24 22:00:00,1.0393,1.04028,1.03908,1.0399,1440.0
2024-12-24 23:00:00,1.0399,1.04042,1.03884,1.03925,1124.0
2024-12-26 00:00:00,1.0398,1.04048,1.0398,1.04008,764.0
2024-12-26 01:00:00,1.04008,1.04032,1.03956,1.03992,1047.0
2024-12-26 02:00:00,1.03992,1.04012,1.0393,1.03967,1149.0
2024-12-26 03:00:00,1.03967,1.04002,1.03944,1.03973,1427.0
2024-12-26 04:00:00,1.03973,1.04,1.03967,1.0399,989.0
2024-12-26 05:00:00,1.03989,1.04043,1.03984,1.04008,780.0
2024-12-26 06:00:00,1.04008,1.04016,1.03978,1.0398,844.0
2024-12-26 07:00:00,1.0398,1.04028,1.03972,1.03979,790.0
2024-12-26 08:00:00,1.03979,1.04005,1.03968,1.03984,737.0
2024-12-26 09:00:00,1.03983,1.04001,1.03904,1.03976,1203.0
2024-12-26 10:00:00,1.03976,1.03987,1.03925,1.03949,1283.0
2024-12-26 11:00:00,1.03949,1.04002,1.03914,1.03992,1332.0
2024-12-26 12:00:00,1.03992,1.04031,1.03983,1.04017,884.0
2024-12-26 13:00:00,1.04017,1.04022,1.03993,1.04013,837.0
2024-12-26 14:00:00,1.04014,1.04015,1.03928,1.03996,1391.0
2024-12-26 15:00:00,1.03996,1.04059,1.03976,1.04027,1915.0
2024-12-26 16:00:00,1.04027,1.04045,1.0395,1.04024,2613.0
2024-12-26 17:00:00,1.04024,1.0415,1.03981,1.04089,2975.0
2024-12-26 18:00:00,1.04089,1.04228,1.04083,1.04221,2022.0
2024-12-26 19:00:00,1.04221,1.04227,1.04065,1.04122,1884.0
2024-12-26 20:00:00,1.04118,1.043,1.04118,1.04211,2270.0
2024-12-26 21:00:00,1.04211,1.04237,1.04144,1.04177,1701.0
2024-12-26 22:00:00,1.04177,1.04215,1.04157,1.04201,1355.0
2024-12-26 23:00:00,1.04201,1.04232,1.0419,1.04229,832.0
2024-12-27 00:00:00,1.0413000000000001,1.04233,1.04089,1.04231,1092.0
2024-12-27 01:00:00,1.04231,1.04243,1.04209,1.04219,829.0
2024-12-27 02:00:00,1.04219,1.0424,1.04177,1.04181,1404.0
2024-12-27 03:00:00,1.04181,1.04184,1.04121,1.04132,1479.0
2024-12-27 04:00:00,1.04132,1.04142,1.04079,1.04095,1392.0
2024-12-27 05:00:00,1.04095,1.0413000000000001,1.04068,1.04127,828.0
2024-12-27 06:00:00,1.04127,1.04134,1.0408,1.04092,777.0
2024-12-27 07:00:00,1.04092,1.04114,1.04075,1.04093,986.0
2024-12-27 08:00:00,1.04093,1.04125,1.04076,1.04122,985.0
2024-12-27 09:00:00,1.04122,1.04249,1.04051,1.04219,2128.0
2024-12-27 10:00:00,1.04219,1.04257,1.04106,1.04124,2145.0
2024-12-27 11:00:00,1.04124,1.04181,1.04091,1.0417,1567.0
2024-12-27 12:00:00,1.0417,1.04214,1.04117,1.04187,1409.0
2024-12-27 13:00:00,1.04187,1.04408,1.04187,1.04387,1913.0
2024-12-27 14:00:00,1.04387,1.04441,1.04282,1.04326,1763.0
2024-12-27 15:00:00,1.04326,1.04385,1.04287,1.04385,2626.0
2024-12-27 16:00:00,1.04385,1.04398,1.04246,1.04263,3429.0
2024-12-27 17:00:00,1.04265,1.0436,1.04158,1.04221,3635.0
2024-12-27 18:00:00,1.0422,1.04327,1.04209,1.04223,2707.0
2024-12-27 19:00:00,1.04223,1.04227,1.04146,1.04215,2546.0
2024-12-27 20:00:00,1.04215,1.04289,1.04209,1.04265,1901.0
2024-12-30 00:00:00,1.04163,1.04318,1.04163,1.04307,839.0
2024-12-30 01:00:00,1.04307,1.04341,1.04269,1.04295,874.0
2024-12-30 02:00:00,1.04295,1.0431300000000001,1.04257,1.04275,921.0
2024-12-30 03:00:00,1.04275,1.04309,1.0425,1.04254,959.0
2024-12-30 04:00:00,1.04254,1.04276,1.0424,1.04257,772.0
2024-12-30 05:00:00,1.04257,1.04258,1.04209,1.04247,749.0
2024-12-30 06:00:00,1.04247,1.04262,1.04243,1.04254,626.0
2024-12-30 07:00:00,1.04254,1.04269,1.04229,1.04253,718.0
2024-12-30 08:00:00,1.04253,1.04316,1.0425200000000001,1.04288,1065.0
2024-12-30 09:00:00,1.04288,1.04295,1.0421,1.04268,1947.0
2024-12-30 10:00:00,1.04268,1.04299,1.04094,1.04129,2513.0
2024-12-30 11:00:00,1.04129,1.04394,1.04109,1.04339,2475.0
2024-12-30 12:00:00,1.04339,1.04442,1.04326,1.04381,2536.0
2024-12-30 13:00:00,1.04381,1.04522,1.04368,1.0448,2140.0
2024-12-30 14:00:00,1.0448,1.04584,1.04391,1.04495,2605.0
2024-12-30 15:00:00,1.04495,1.04521,1.03853,1.03879,4285.0
2024-12-30 16:00:00,1.03882,1.04089,1.038,1.04052,5146.0
2024-12-30 17:00:00,1.04054,1.04058,1.03718,1.03804,4953.0
2024-12-30 18:00:00,1.03805,1.03913,1.03748,1.03859,3743.0
2024-12-30 19:00:00,1.03859,1.03955,1.03846,1.03942,2626.0
2024-12-30 20:00:00,1.03942,1.04073,1.03938,1.04045,2030.0
2024-12-30 21:00:00,1.04045,1.04054,1.03961,1.03966,1787.0
2024-12-30 22:00:00,1.03967,1.04052,1.03953,1.03988,1810.0
2024-12-30 23:00:00,1.03988,1.04068,1.03984,1.04064,851.0
2024-12-31 00:00:00,1.04068,1.04068,1.0394,1.04041,1059.0
2024-12-31 01:00:00,1.04041,1.04061,1.0399,1.04057,740.0
2024-12-31 02:00:00,1.04057,1.0406,1.03971,1.04036,996.0
2024-12-31 03:00:00,1.04036,1.04134,1.04023,1.0412,1716.0
2024-12-31 04:00:00,1.0412,1.04149,1.04079,1.04126,1332.0
2024-12-31 05:00:00,1.04126,1.04133,1.04073,1.04086,1070.0
2024-12-31 06:00:00,1.04086,1.04092,1.04038,1.04043,793.0
2024-12-31 07:00:00,1.04043,1.04077,1.04024,1.04039,820.0
2024-12-31 08:00:00,1.04039,1.0406,1.03997,1.04038,1107.0
2024-12-31 09:00:00,1.04038,1.04131,1.04024,1.04119,1880.0
2024-12-31 10:00:00,1.04119,1.04201,1.04058,1.04183,2516.0
2024-12-31 11:00:00,1.04184,1.04245,1.04117,1.04186,2627.0
2024-12-31 12:00:00,1.04186,1.04201,1.04052,1.04129,2915.0
2024-12-31 13:00:00,1.04129,1.04194,1.04052,1.04104,1979.0
2024-12-31 14:00:00,1.04104,1.04145,1.03913,1.03928,2543.0
2024-12-31 15:00:00,1.03929,1.03973,1.03836,1.0393,3171.0
2024-12-31 16:00:00,1.03931,1.03943,1.03748,1.03759,4073.0
2024-12-31 17:00:00,1.03759,1.03893,1.03527,1.03548,5531.0
2024-12-31 18:00:00,1.03548,1.03614,1.0346899999999999,1.03504,3918.0
2024-12-31 19:00:00,1.03504,1.03551,1.03442,1.03493,3279.0
2024-12-31 20:00:00,1.0348600000000001,1.03569,1.03455,1.0352999999999999,2693.0
2024-12-31 21:00:00,1.0352999999999999,1.03647,1.03516,1.03548,1840.0
2024-12-31 22:00:00,1.03549,1.03633,1.03546,1.03586,1192.0
2024-12-31 23:00:00,1.03586,1.0361,1.03527,1.03527,975.0
2025-01-02 00:00:00,1.03515,1.03579,1.03487,1.03556,1349.0
2025-01-02 01:00:00,1.03556,1.03567,1.03466,1.03509,1206.0
2025-01-02 02:00:00,1.03509,1.03566,1.03474,1.03522,1246.0
2025-01-02 03:00:00,1.03522,1.03609,1.03443,1.03579,2311.0
2025-01-02 04:00:00,1.03579,1.03713,1.03578,1.03709,1317.0
2025-01-02 05:00:00,1.03709,1.03743,1.03683,1.03716,944.0
2025-01-02 06:00:00,1.03718,1.03756,1.03665,1.03694,986.0
2025-01-02 07:00:00,1.03694,1.03708,1.03618,1.03638,1060.0
2025-01-02 08:00:00,1.03638,1.0365,1.036,1.03638,1421.0
2025-01-02 09:00:00,1.03638,1.03725,1.03624,1.03629,2432.0
2025-01-02 10:00:00,1.03629,1.0371,1.03464,1.03629,4144.0
2025-01-02 11:00:00,1.0363,1.03706,1.03496,1.03517,3008.0
2025-01-02 12:00:00,1.03517,1.03569,1.03138,1.03168,4116.0
2025-01-02 13:00:00,1.03168,1.03344,1.03149,1.03322,3298.0
2025-01-02 14:00:00,1.03322,1.03344,1.03149,1.03183,3377.0
2025-01-02 15:00:00,1.03183,1.03297,1.03115,1.03134,4955.0
2025-01-02 16:00:00,1.03134,1.03239,1.03023,1.0306,4742.0
2025-01-02 17:00:00,1.03036,1.03089,1.02727,1.02742,6197.0
2025-01-02 18:00:00,1.02742,1.02763,1.02243,1.02613,7214.0
2025-01-02 19:00:00,1.02613,1.02681,1.02513,1.0265,4004.0
2025-01-02 20:00:00,1.0265,1.02663,1.02558,1.02565,2585.0
2025-01-02 21:00:00,1.02565,1.02596,1.0248,1.02512,1991.0
2025-01-02 22:00:00,1.02511,1.02645,1.02508,1.02615,1305.0
2025-01-02 23:00:00,1.02615,1.02687,1.02614,1.0267,898.0
2025-01-03 00:00:00,1.02572,1.02668,1.02529,1.02646,2184.0
2025-01-03 01:00:00,1.02652,1.02682,1.02644,1.02678,818.0
2025-01-03 02:00:00,1.02678,1.02736,1.02659,1.0273,1048.0
2025-01-03 03:00:00,1.0273,1.02731,1.02665,1.02676,1166.0
2025-01-03 04:00:00,1.02676,1.02747,1.02668,1.02724,1101.0
2025-01-03 05:00:00,1.02724,1.02745,1.02688,1.02708,903.0
2025-01-03 06:00:00,1.02708,1.0271,1.02672,1.02697,736.0
2025-01-03 07:00:00,1.02697,1.02736,1.02647,1.02718,986.0
2025-01-03 08:00:00,1.02718,1.02794,1.02716,1.02793,1045.0
2025-01-03 09:00:00,1.02793,1.02847,1.02688,1.02808,3546.0
2025-01-03 10:00:00,1.02809,1.02881,1.02728,1.02804,3128.0
2025-01-03 11:00:00,1.02804,1.03,1.02802,1.0290300000000001,2823.0
2025-01-03 12:00:00,1.0290300000000001,1.02939,1.02792,1.02814,2177.0
2025-01-03 13:00:00,1.02814,1.03029,1.02814,1.02973,2253.0
2025-01-03 14:00:00,1.02973,1.03009,1.02942,1.02956,2333.0
2025-01-03 15:00:00,1.02956,1.03002,1.02914,1.02932,2542.0
2025-01-03 16:00:00,1.02932,1.03024,1.0288,1.03004,2954.0
2025-01-03 17:00:00,1.03004,1.03058,1.02731,1.02893,5323.0
2025-01-03 18:00:00,1.02893,1.03,1.02836,1.02909,2912.0
2025-01-03 19:00:00,1.02909,1.03057,1.02909,1.0298,2550.0
2025-01-03 20:00:00,1.0298,1.03021,1.02924,1.02973,1823.0
2025-01-06 00:00:00,1.03021,1.03063,1.02957,1.03011,701.0
2025-01-06 01:00:00,1.03011,1.0308,1.03011,1.03052,841.0
2025-01-06 02:00:00,1.03052,1.03053,1.02955,1.0303,1776.0
2025-01-06 03:00:00,1.0303,1.03137,1.03013,1.03123,1828.0
2025-01-06 04:00:00,1.03123,1.03177,1.03109,1.0316,1676.0
2025-01-06 05:00:00,1.0316,1.03183,1.03131,1.03165,1143.0
2025-01-06 06:00:00,1.03165,1.03176,1.03129,1.03153,755.0
2025-01-06 07:00:00,1.03153,1.03182,1.03086,1.03089,1063.0
2025-01-06 08:00:00,1.03089,1.03166,1.03078,1.03127,1538.0
2025-01-06 09:00:00,1.03127,1.03284,1.03099,1.03273,2113.0
2025-01-06 10:00:00,1.03273,1.03525,1.03266,1.03503,3534.0
2025-01-06 11:00:00,1.03503,1.03689,1.03402,1.03556,4944.0
2025-01-06 12:00:00,1.03556,1.0358,1.03351,1.03351,2781.0
2025-01-06 13:00:00,1.03351,1.0433,1.03287,1.04219,8701.0
2025-01-06 14:00:00,1.04219,1.04308,1.03921,1.04109,5373.0
2025-01-06 15:00:00,1.04111,1.04369,1.04045,1.04169,6106.0
2025-01-06 16:00:00,1.04168,1.04239,1.03526,1.03926,8577.0
2025-01-06 17:00:00,1.03926,1.03989,1.03714,1.03935,7342.0
2025-01-06 18:00:00,1.03937,1.04029,1.03854,1.03969,4357.0
2025-01-06 19:00:00,1.03969,1.03969,1.03793,1.03875,2830.0
2025-01-06 20:00:00,1.03875,1.03893,1.03771,1.0382,2508.0
2025-01-06 21:00:00,1.0382,1.03919,1.0379,1.03884,2313.0
2025-01-06 22:00:00,1.03885,1.03922,1.03858,1.03879,1864.0
2025-01-06 23:00:00,1.03879,1.03923,1.03862,1.03897,1158.0
2025-01-07 00:00:00,1.03896,1.03915,1.0378,1.03893,1163.0
2025-01-07 01:00:00,1.03896,1.03901,1.03817,1.03834,641.0
2025-01-07 02:00:00,1.03833,1.03854,1.03772,1.03844,1603.0
2025-01-07 03:00:00,1.03844,1.03849,1.03763,1.03812,1888.0
2025-01-07 04:00:00,1.03812,1.03854,1.038,1.03824,1479.0
2025-01-07 05:00:00,1.03824,1.0393,1.03802,1.03929,994.0
2025-01-07 06:00:00,1.03929,1.03945,1.03905,1.03918,914.0
2025-01-07 07:00:00,1.03918,1.04033,1.0391,1.03968,1398.0
2025-01-07 08:00:00,1.03968,1.04042,1.03963,1.03975,1674.0
2025-01-07 09:00:00,1.03975,1.04246,1.03975,1.04147,3617.0
2025-01-07 10:00:00,1.04148,1.04253,1.04031,1.04253,4041.0
2025-01-07 11:00:00,1.04253,1.04344,1.04242,1.04277,3115.0
2025-01-07 12:00:00,1.04277,1.04345,1.04168,1.0428,3323.0
2025-01-07 13:00:00,1.0428,1.04285,1.04052,1.04135,2846.0
2025-01-07 14:00:00,1.04135,1.04171,1.03873,1.03893,3469.0
2025-01-07 15:00:00,1.03894,1.04052,1.03867,1.03966,3523.0
2025-01-07 16:00:00,1.03967,1.03977,1.03893,1.03932,3924.0
2025-01-07 17:00:00,1.03932,1.03932,1.03552,1.03729,7387.0
2025-01-07 18:00:00,1.03731,1.03815,1.03627,1.03685,5462.0
2025-01-07 19:00:00,1.03685,1.03739,1.0354,1.03671,3789.0
2025-01-07 20:00:00,1.03671,1.03695,1.03495,1.03544,2780.0
2025-01-07 21:00:00,1.03544,1.03598,1.03523,1.03554,1904.0
2025-01-07 22:00:00,1.03552,1.03559,1.03442,1.03444,1679.0
2025-01-07 23:00:00,1.03444,1.03444,1.03396,1.03398,926.0
2025-01-08 00:00:00,1.03401,1.03427,1.0338,1.03417,774.0
2025-01-08 01:00:00,1.03418,1.0345,1.03392,1.03416,680.0
2025-01-08 02:00:00,1.03416,1.03494,1.03416,1.03468,1291.0
2025-01-08 03:00:00,1.03468,1.03531,1.03453,1.0352999999999999,1268.0
2025-01-08 04:00:00,1.0352999999999999,1.03549,1.03515,1.03542,838.0
2025-01-08 05:00:00,1.03542,1.03542,1.03464,1.03478,920.0
2025-01-08 06:00:00,1.03478,1.03521,1.03474,1.03513,819.0
2025-01-08 07:00:00,1.03513,1.03558,1.03495,1.0355,933.0
2025-01-08 08:00:00,1.0355,1.03577,1.03462,1.03516,1195.0
2025-01-08 09:00:00,1.03515,1.03517,1.03285,1.03325,3394.0
2025-01-08 10:00:00,1.03325,1.03397,1.03181,1.03189,4124.0
2025-01-08 11:00:00,1.03189,1.03265,1.03153,1.03197,3266.0
2025-01-08 12:00:00,1.03197,1.03214,1.03102,1.03191,2922.0
2025-01-08 13:00:00,1.03191,1.03199,1.02732,1.02978,5993.0
2025-01-08 14:00:00,1.02978,1.03002,1.02808,1.02827,4568.0
2025-01-08 15:00:00,1.02827,1.03045,1.02809,1.03034,7300.0
2025-01-08 16:00:00,1.03035,1.03075,1.02891,1.02916,5500.0
2025-01-08 17:00:00,1.02916,1.03098,1.02916,1.03017,5002.0
2025-01-08 18:00:00,1.03017,1.03146,1.02946,1.03125,4025.0
2025-01-08 19:00:00,1.03125,1.03133,1.02981,1.03054,3233.0
2025-01-08 20:00:00,1.03054,1.03159,1.03054,1.03126,2701.0
2025-01-08 21:00:00,1.03126,1.03243,1.03083,1.03091,2789.0
2025-01-08 22:00:00,1.03091,1.03168,1.0308,1.03162,1718.0
2025-01-08 23:00:00,1.03162,1.03196,1.03145,1.03191,1005.0
2025-01-09 00:00:00,1.03181,1.03183,1.03081,1.03175,371.0
2025-01-09 01:00:00,1.03179,1.03187,1.03133,1.03133,573.0
2025-01-09 02:00:00,1.03133,1.03149,1.03048,1.03131,1555.0
2025-01-09 03:00:00,1.03131,1.03174,1.03115,1.03143,1426.0
2025-01-09 04:00:00,1.03143,1.032,1.03142,1.03166,958.0
2025-01-09 05:00:00,1.03166,1.03216,1.03109,1.0311,1130.0
2025-01-09 06:00:00,1.0311,1.03123,1.03057,1.03092,959.0
2025-01-09 07:00:00,1.03092,1.03125,1.03054,1.03067,1144.0
2025-01-09 08:00:00,1.03067,1.03082,1.0297,1.03001,2033.0
2025-01-09 09:00:00,1.03001,1.03083,1.02877,1.0291,3827.0
2025-01-09 10:00:00,1.0291,1.03079,1.02836,1.03079,4213.0
2025-01-09 11:00:00,1.03079,1.03177,1.03032,1.03058,3407.0
2025-01-09 12:00:00,1.03058,1.03126,1.02997,1.0303,3262.0
2025-01-09 13:00:00,1.0303,1.03045,1.02969,1.03012,2829.0
2025-01-09 14:00:00,1.03012,1.0305,1.02959,1.03033,2300.0
2025-01-09 15:00:00,1.03033,1.03191,1.0301,1.0308,3261.0
2025-01-09 16:00:00,1.0308,1.03148,1.03053,1.03076,3018.0
2025-01-09 17:00:00,1.03076,1.03096,1.02948,1.02994,2750.0
2025-01-09 18:00:00,1.02993,1.03012,1.02911,1.02973,2261.0
2025-01-09 19:00:00,1.02973,1.03019,1.02938,1.02975,1849.0
2025-01-09 20:00:00,1.02975,1.03025,1.02941,1.03002,1075.0
2025-01-09 21:00:00,1.03002,1.03021,1.02978,1.02981,755.0
2025-01-09 22:00:00,1.02981,1.03038,1.02981,1.03012,654.0
2025-01-09 23:00:00,1.03012,1.03013,1.02989,1.02994,500.0
2025-01-10 00:00:00,1.02989,1.03025,1.0294,1.03009,565.0
2025-01-10 01:00:00,1.03009,1.0302,1.02957,1.02966,619.0
2025-01-10 02:00:00,1.02966,1.03004,1.02922,1.02956,1237.0
2025-01-10 03:00:00,1.02956,1.03045,1.02937,1.0302,1408.0
2025-01-10 04:00:00,1.0302,1.03038,1.02983,1.03019,843.0
2025-01-10 05:00:00,1.03016,1.03034,1.02977,1.02985,637.0
2025-01-10 06:00:00,1.02985,1.02999,1.02936,1.02951,761.0
2025-01-10 07:00:00,1.02951,1.02975,1.02847,1.02856,1035.0
2025-01-10 08:00:00,1.02856,1.02884,1.02812,1.02818,1536.0
2025-01-10 09:00:00,1.02818,1.02973,1.02813,1.02971,2119.0
2025-01-10 10:00:00,1.02972,1.03119,1.02927,1.03027,3268.0
2025-01-10 11:00:00,1.03027,1.03059,1.02991,1.03,2802.0
2025-01-10 12:00:00,1.03,1.03059,1.02998,1.03022,2374.0
2025-01-10 13:00:00,1.03022,1.03054,1.02988,1.03018,2221.0
2025-01-10 14:00:00,1.03018,1.03094,1.02992,1.03055,2493.0
2025-01-10 15:00:00,1.03055,1.03117,1.02134,1.02565,8034.0
2025-01-10 16:00:00,1.02565,1.02728,1.02445,1.02533,8773.0
2025-01-10 17:00:00,1.02528,1.02788,1.02362,1.02505,7869.0
2025-01-10 18:00:00,1.02505,1.02515,1.02276,1.02375,5755.0
2025-01-10 19:00:00,1.02375,1.02507,1.0233,1.02446,4103.0
2025-01-10 20:00:00,1.02446,1.02461,1.02359,1.02415,2940.0
2025-01-13 00:00:00,1.02236,1.0246,1.02236,1.02459,1170.0
2025-01-13 01:00:00,1.02465,1.02469,1.0239,1.02431,885.0
2025-01-13 02:00:00,1.02431,1.02451,1.02365,1.02424,1483.0
2025-01-13 03:00:00,1.02424,1.02499,1.02394,1.02418,2219.0
2025-01-13 04:00:00,1.02418,1.02453,1.02385,1.02402,1442.0
2025-01-13 05:00:00,1.02402,1.02405,1.02128,1.02155,1981.0
2025-01-13 06:00:00,1.02155,1.02201,1.02077,1.02118,1479.0
2025-01-13 07:00:00,1.02118,1.02205,1.02104,1.02196,1350.0
2025-01-13 08:00:00,1.02196,1.02251,1.02144,1.02176,1950.0
2025-01-13 09:00:00,1.02176,1.02238,1.02075,1.02153,3550.0
2025-01-13 10:00:00,1.02153,1.02314,1.02138,1.02216,4716.0
2025-01-13 11:00:00,1.02216,1.02241,1.01773,1.01934,5850.0
2025-01-13 12:00:00,1.01934,1.02075,1.0193,1.0202,3376.0
2025-01-13 13:00:00,1.0202,1.02041,1.01862,1.0196,3290.0
2025-01-13 14:00:00,1.0196,1.02062,1.0188,1.02029,3678.0
2025-01-13 15:00:00,1.02029,1.02207,1.01965,1.02084,4478.0
2025-01-13 16:00:00,1.02084,1.02127,1.02004,1.02082,4362.0
2025-01-13 17:00:00,1.02082,1.0209,1.01958,1.0197,4792.0
2025-01-13 18:00:00,1.0197,1.02174,1.01918,1.02082,3479.0
2025-01-13 19:00:00,1.02082,1.02195,1.0207,1.0218,2963.0
2025-01-13 20:00:00,1.0218,1.02215,1.02123,1.02161,2066.0
2025-01-13 21:00:00,1.02161,1.02163,1.02072,1.02073,1833.0
2025-01-13 22:00:00,1.02073,1.02176,1.0207,1.02167,1444.0
2025-01-13 23:00:00,1.02168,1.02469,1.02164,1.02424,2124.0
2025-01-14 00:00:00,1.02443,1.0273,1.02379,1.02584,1865.0
2025-01-14 01:00:00,1.02584,1.02775,1.0251,1.0264,2163.0
2025-01-14 02:00:00,1.02638,1.02639,1.02458,1.02481,1926.0
2025-01-14 03:00:00,1.02481,1.02505,1.02413,1.02492,2473.0
2025-01-14 04:00:00,1.02492,1.02504,1.02384,1.02449,1568.0
2025-01-14 05:00:00,1.02449,1.02553,1.0244,1.02486,1276.0
2025-01-14 06:00:00,1.02486,1.02553,1.02452,1.02504,794.0
2025-01-14 07:00:00,1.02504,1.02518,1.02423,1.02449,1264.0
2025-01-14 08:00:00,1.02449,1.02534,1.02449,1.02528,1910.0
2025-01-14 09:00:00,1.02528,1.02663,1.02499,1.02544,4117.0
2025-01-14 10:00:00,1.02544,1.02749,1.0253,1.02615,4593.0
2025-01-14 11:00:00,1.02615,1.02665,1.02535,1.02595,3831.0
2025-01-14 12:00:00,1.02595,1.02637,1.02519,1.02601,2957.0
2025-01-14 13:00:00,1.02601,1.02632,1.02525,1.02541,2226.0
2025-01-14 14:00:00,1.02541,1.02552,1.02396,1.02479,3025.0
2025-01-14 15:00:00,1.02481,1.0273,1.02414,1.02532,6687.0
2025-01-14 16:00:00,1.02533,1.02746,1.02436,1.02681,5700.0
2025-01-14 17:00:00,1.02681,1.02958,1.0263,1.0295,5852.0
2025-01-14 18:00:00,1.02949,1.03043,1.02829,1.02915,4801.0
2025-01-14 19:00:00,1.02915,1.02915,1.0279,1.02883,2754.0
2025-01-14 20:00:00,1.02883,1.03003,1.02868,1.02992,1919.0
2025-01-14 21:00:00,1.02992,1.03056,1.02963,1.02981,1531.0
2025-01-14 22:00:00,1.02981,1.03084,1.02964,1.03018,1792.0
2025-01-14 23:00:00,1.03018,1.03083,1.03007,1.03077,1142.0
2025-01-15 00:00:00,1.03047,1.0308,1.03001,1.03065,596.0
2025-01-15 01:00:00,1.03067,1.03083,1.03025,1.03062,707.0
2025-01-15 02:00:00,1.03062,1.03062,1.02998,1.03012,1283.0
2025-01-15 03:00:00,1.03012,1.03049,1.0298,1.03001,1325.0
2025-01-15 04:00:00,1.03001,1.03014,1.02953,1.02971,1078.0
2025-01-15 05:00:00,1.02971,1.03022,1.02964,1.03019,936.0
2025-01-15 06:00:00,1.03019,1.03026,1.02976,1.03025,889.0
2025-01-15 07:00:00,1.03025,1.03053,1.02927,1.02932,1336.0
2025-01-15 08:00:00,1.02932,1.02988,1.02918,1.02963,1299.0
2025-01-15 09:00:00,1.02963,1.03083,1.02867,1.0306,3971.0
2025-01-15 10:00:00,1.03059,1.03174,1.02942,1.02965,3791.0
2025-01-15 11:00:00,1.02965,1.03131,1.02962,1.03098,3044.0
2025-01-15 12:00:00,1.03098,1.03141,1.03008,1.03076,2491.0
2025-01-15 13:00:00,1.03077,1.03124,1.02996,1.03013,2433.0
2025-01-15 14:00:00,1.03013,1.03066,1.02935,1.02999,2770.0
2025-01-15 15:00:00,1.02999,1.03544,1.02962,1.03446,7181.0
2025-01-15 16:00:00,1.03445,1.03456,1.03252,1.03272,6485.0
2025-01-15 17:00:00,1.03272,1.0331,1.02989,1.03062,5601.0
2025-01-15 18:00:00,1.03062,1.03079,1.02593,1.02812,5205.0
2025-01-15 19:00:00,1.02812,1.02932,1.02811,1.02857,2946.0
2025-01-15 20:00:00,1.02856,1.0293,1.02844,1.02922,2060.0
2025-01-15 21:00:00,1.02922,1.02946,1.02892,1.02933,1455.0
2025-01-15 22:00:00,1.02933,1.02989,1.02904,1.02958,1473.0
2025-01-15 23:00:00,1.0296,1.02963,1.02881,1.02902,896.0
2025-01-16 00:00:00,1.02884,1.02939,1.02841,1.02922,1485.0
2025-01-16 01:00:00,1.02922,1.02957,1.02907,1.02953,800.0
2025-01-16 02:00:00,1.02953,1.02999,1.02848,1.0299,2002.0
2025-01-16 03:00:00,1.0299,1.02997,1.02877,1.0289,2719.0
2025-01-16 04:00:00,1.02897,1.02932,1.02848,1.0287,2299.0
2025-01-16 05:00:00,1.0287,1.02891,1.02847,1.0289,1168.0
2025-01-16 06:00:00,1.0289,1.02939,1.02855,1.02871,1093.0
2025-01-16 07:00:00,1.0287,1.02873,1.02809,1.02825,1212.0
2025-01-16 08:00:00,1.02825,1.02897,1.02823,1.0289,1880.0
2025-01-16 09:00:00,1.0289,1.03015,1.02861,1.02976,3143.0
2025-01-16 10:00:00,1.02976,1.02998,1.02879,1.0296,3217.0
2025-01-16 11:00:00,1.0296,1.0299,1.02817,1.02862,2977.0
2025-01-16 12:00:00,1.02862,1.02962,1.02829,1.02855,2257.0
2025-01-16 13:00:00,1.02856,1.0292,1.0284,1.02902,2193.0
2025-01-16 14:00:00,1.02902,1.02902,1.02641,1.02719,3174.0
2025-01-16 15:00:00,1.02719,1.02851,1.02608,1.02815,5547.0
2025-01-16 16:00:00,1.02815,1.0284,1.0268,1.02793,4634.0
2025-01-16 17:00:00,1.02793,1.03057,1.02743,1.03009,6968.0
2025-01-16 18:00:00,1.03009,1.03117,1.02861,1.03023,5460.0
2025-01-16 19:00:00,1.03023,1.03152,1.02944,1.02966,3726.0
2025-01-16 20:00:00,1.02966,1.03029,1.02935,1.03003,2136.0
2025-01-16 21:00:00,1.03003,1.03078,1.02976,1.03018,2214.0
2025-01-16 22:00:00,1.03018,1.03038,1.02972,1.03002,1506.0
2025-01-16 23:00:00,1.03002,1.03035,1.02968,1.03019,1161.0
2025-01-17 00:00:00,1.02956,1.03027,1.02932,1.03011,612.0
2025-01-17 01:00:00,1.03015,1.03043,1.03001,1.03015,566.0
2025-01-17 02:00:00,1.03015,1.03067,1.02981,1.03048,1457.0
2025-01-17 03:00:00,1.03048,1.03095,1.03015,1.03051,1548.0
2025-01-17 04:00:00,1.03051,1.03093,1.03031,1.03033,1503.0
2025-01-17 05:00:00,1.03033,1.03049,1.02999,1.03006,876.0
2025-01-17 06:00:00,1.03006,1.0301,1.02919,1.02937,904.0
2025-01-17 07:00:00,1.02937,1.02951,1.02875,1.02933,1068.0
2025-01-17 08:00:00,1.02933,1.02939,1.02853,1.02904,1139.0
2025-01-17 09:00:00,1.02904,1.02911,1.02775,1.02845,3214.0
2025-01-17 10:00:00,1.02845,1.02989,1.02845,1.0297,2982.0
2025-01-17 11:00:00,1.0297,1.0304,1.02894,1.02967,3141.0
2025-01-17 12:00:00,1.02967,1.03061,1.02966,1.03039,2340.0
2025-01-17 13:00:00,1.03038,1.031,1.0299,1.03046,2557.0
2025-01-17 14:00:00,1.03046,1.03066,1.02904,1.02929,3193.0
2025-01-17 15:00:00,1.02929,1.02997,1.02855,1.02902,4328.0
2025-01-17 16:00:00,1.02902,1.03024,1.02653,1.02985,6147.0
2025-01-17 17:00:00,1.02985,1.03307,1.02954,1.0299,6792.0
2025-01-17 18:00:00,1.0299,1.03003,1.02818,1.02862,3923.0
2025-01-17 19:00:00,1.02862,1.02912,1.02789,1.0281,2883.0
2025-01-17 20:00:00,1.0281,1.02922,1.02791,1.02811,2120.0
2025-01-20 00:00:00,1.0275,1.02804,1.02723,1.02775,1056.0
2025-01-20 01:00:00,1.02771,1.02807,1.02663,1.02806,1127.0
2025-01-20 02:00:00,1.02806,1.02902,1.02782,1.02863,1639.0
2025-01-20 03:00:00,1.02863,1.02929,1.02792,1.02909,1784.0
2025-01-20 04:00:00,1.02909,1.02923,1.0287,1.02911,1450.0
2025-01-20 05:00:00,1.02911,1.03065,1.02909,1.03062,1425.0
2025-01-20 06:00:00,1.03062,1.03072,1.03019,1.03045,1036.0
2025-01-20 07:00:00,1.03045,1.03065,1.03018,1.03025,888.0
2025-01-20 08:00:00,1.03025,1.03189,1.02994,1.03104,1857.0
2025-01-20 09:00:00,1.03104,1.03185,1.03059,1.03165,2698.0
2025-01-20 10:00:00,1.03168,1.03176,1.03069,1.03099,3532.0
2025-01-20 11:00:00,1.03099,1.0317,1.0305,1.03063,3257.0
2025-01-20 12:00:00,1.03063,1.03223,1.03063,1.0315,2350.0
2025-01-20 13:00:00,1.0315,1.03265,1.03131,1.0326,2218.0
2025-01-20 14:00:00,1.0326,1.03265,1.03151,1.03203,2285.0
2025-01-20 15:00:00,1.03203,1.04002,1.0308,1.03981,8240.0
2025-01-20 16:00:00,1.03981,1.04303,1.03795,1.0415,8231.0
2025-01-20 17:00:00,1.0415,1.043,1.03848,1.04005,6348.0
2025-01-20 18:00:00,1.04005,1.04057,1.03906,1.03985,3180.0
2025-01-20 19:00:00,1.03985,1.04025,1.03534,1.03856,5002.0
2025-01-20 20:00:00,1.03856,1.03967,1.03834,1.03967,1372.0
2025-01-20 21:00:00,1.03967,1.0423499999999999,1.03907,1.04207,1515.0
2025-01-20 22:00:00,1.04207,1.04343,1.04119,1.04162,2254.0
2025-01-20 23:00:00,1.04162,1.04195,1.04101,1.04168,1647.0
2025-01-21 00:00:00,1.04156,1.04176,1.04094,1.0412,668.0
2025-01-21 01:00:00,1.0412,1.04257,1.04111,1.04209,2297.0
2025-01-21 02:00:00,1.04209,1.04345,1.03527,1.03624,5943.0
2025-01-21 03:00:00,1.03624,1.03977,1.03558,1.03702,7111.0
2025-01-21 04:00:00,1.03702,1.03904,1.03691,1.03876,3376.0
2025-01-21 05:00:00,1.03876,1.04012,1.03855,1.03876,2714.0
2025-01-21 06:00:00,1.03876,1.03991,1.03851,1.039,1705.0
2025-01-21 07:00:00,1.039,1.03923,1.03775,1.03789,1548.0
2025-01-21 08:00:00,1.03789,1.03815,1.03665,1.0369,2434.0
2025-01-21 09:00:00,1.03689,1.03862,1.03651,1.03735,3356.0
2025-01-21 10:00:00,1.03735,1.03735,1.03502,1.0360800000000001,3846.0
2025-01-21 11:00:00,1.0360800000000001,1.03638,1.0342,1.03535,4388.0
2025-01-21 12:00:00,1.03536,1.03595,1.03432,1.03529,3764.0
2025-01-21 13:00:00,1.03529,1.03581,1.03429,1.03533,3069.0
2025-01-21 14:00:00,1.03534,1.03582,1.03458,1.03542,4040.0
2025-01-21 15:00:00,1.03542,1.0378,1.03528,1.03779,4293.0
2025-01-21 16:00:00,1.03779,1.03985,1.03728,1.03882,5471.0
2025-01-21 17:00:00,1.0387,1.04104,1.03787,1.04007,6021.0
2025-01-21 18:00:00,1.04007,1.04229,1.03983,1.04225,4063.0
2025-01-21 19:00:00,1.04225,1.043,1.04212,1.04212,3050.0
2025-01-21 20:00:00,1.04212,1.04354,1.04198,1.04291,2152.0
2025-01-21 21:00:00,1.04291,1.04305,1.04162,1.0418,1836.0
2025-01-21 22:00:00,1.0418,1.04217,1.04158,1.04202,1474.0
2025-01-21 23:00:00,1.04202,1.04298,1.0419,1.04234,1220.0
2025-01-22 00:00:00,1.04247,1.04329,1.04231,1.04266,1085.0
2025-01-22 01:00:00,1.04266,1.04276,1.03924,1.04057,2947.0
2025-01-22 02:00:00,1.04058,1.04244,1.04057,1.04232,1932.0
2025-01-22 03:00:00,1.04231,1.04232,1.04077,1.04097,1946.0
2025-01-22 04:00:00,1.04097,1.04164,1.04063,1.04138,1468.0
2025-01-22 05:00:00,1.04138,1.04158,1.04102,1.0412,932.0
2025-01-22 06:00:00,1.0412,1.04214,1.0411299999999999,1.04173,825.0
2025-01-22 07:00:00,1.04172,1.04181,1.04085,1.04157,1122.0
2025-01-22 08:00:00,1.04157,1.04186,1.03998,1.04039,1961.0
2025-01-22 09:00:00,1.04039,1.04198,1.04035,1.04118,2801.0
2025-01-22 10:00:00,1.04118,1.04241,1.04097,1.04231,4044.0
2025-01-22 11:00:00,1.04231,1.04474,1.04201,1.04466,3959.0
2025-01-22 12:00:00,1.04466,1.04573,1.04426,1.045,3091.0
2025-01-22 13:00:00,1.045,1.04565,1.04405,1.0443,2147.0
2025-01-22 14:00:00,1.0443,1.0443,1.04312,1.04381,2700.0
2025-01-22 15:00:00,1.04381,1.04458,1.04223,1.04317,3832.0
2025-01-22 16:00:00,1.04317,1.04321,1.04144,1.04246,4584.0
2025-01-22 17:00:00,1.04246,1.04251,1.04147,1.04201,4334.0
2025-01-22 18:00:00,1.04201,1.04229,1.04123,1.04196,2979.0
2025-01-22 19:00:00,1.04196,1.04206,1.04121,1.04171,2225.0
2025-01-22 20:00:00,1.04171,1.04214,1.04119,1.04161,1735.0
2025-01-22 21:00:00,1.04161,1.04229,1.04157,1.04202,1429.0
2025-01-22 22:00:00,1.04202,1.0423,1.04112,1.04121,1529.0
2025-01-22 23:00:00,1.04121,1.04132,1.04078,1.04093,1057.0
2025-01-23 00:00:00,1.04083,1.04109,1.0405,1.04079,492.0
2025-01-23 01:00:00,1.04085,1.04096,1.04056,1.0408,710.0
2025-01-23 02:00:00,1.0408,1.04119,1.0407,1.04104,1128.0
2025-01-23 03:00:00,1.04104,1.0416,1.0402,1.04036,2289.0
2025-01-23 04:00:00,1.04036,1.04063,1.03969,1.04039,1747.0
2025-01-23 05:00:00,1.04039,1.04092,1.04032,1.04089,1038.0
2025-01-23 06:00:00,1.04089,1.04128,1.04089,1.04108,1005.0
2025-01-23 07:00:00,1.04108,1.04116,1.04043,1.04053,1299.0
2025-01-23 08:00:00,1.04053,1.04121,1.0403,1.04034,1470.0
2025-01-23 09:00:00,1.04034,1.04056,1.03901,1.04003,3303.0
2025-01-23 10:00:00,1.04003,1.04024,1.03903,1.03941,3051.0
2025-01-23 11:00:00,1.03941,1.04148,1.03936,1.04117,3029.0
2025-01-23 12:00:00,1.04117,1.04203,1.041,1.04112,2367.0
2025-01-23 13:00:00,1.04112,1.0414,1.04012,1.04034,2603.0
2025-01-23 14:00:00,1.04034,1.04062,1.03941,1.04037,2592.0
2025-01-23 15:00:00,1.04037,1.0415,1.03973,1.04105,4373.0
2025-01-23 16:00:00,1.04107,1.0418,1.04058,1.04089,3617.0
2025-01-23 17:00:00,1.04089,1.04098,1.03868,1.03973,4242.0
2025-01-23 18:00:00,1.03975,1.04292,1.0372,1.04196,7794.0
2025-01-23 19:00:00,1.04196,1.04381,1.04139,1.04354,3314.0
2025-01-23 20:00:00,1.04354,1.0437,1.0422,1.04239,2090.0
2025-01-23 21:00:00,1.04239,1.04268,1.042,1.0423,2246.0
2025-01-23 22:00:00,1.0423,1.04292,1.04159,1.04176,2230.0
2025-01-23 23:00:00,1.04176,1.04194,1.04128,1.04151,917.0
2025-01-24 00:00:00,1.0415,1.0417,1.04122,1.04158,598.0
2025-01-24 01:00:00,1.04158,1.04178,1.04145,1.04157,590.0
2025-01-24 02:00:00,1.04157,1.04232,1.04134,1.04192,1595.0
2025-01-24 03:00:00,1.04192,1.04203,1.04115,1.04159,1509.0
2025-01-24 04:00:00,1.04159,1.04492,1.04159,1.04489,4037.0
2025-01-24 05:00:00,1.04487,1.0454,1.04367,1.04461,3138.0
2025-01-24 06:00:00,1.04461,1.04514,1.0443500000000001,1.04474,1721.0
2025-01-24 07:00:00,1.04474,1.04539,1.04436,1.04515,1594.0
2025-01-24 08:00:00,1.04515,1.04706,1.04494,1.04573,3613.0
2025-01-24 09:00:00,1.04573,1.0465,1.04473,1.04612,4086.0
2025-01-24 10:00:00,1.04611,1.04953,1.04579,1.04935,5432.0
2025-01-24 11:00:00,1.04935,1.05152,1.0491,1.04945,4801.0
2025-01-24 12:00:00,1.04944,1.04979,1.0486,1.04892,2967.0
2025-01-24 13:00:00,1.04892,1.04933,1.04811,1.0486,2456.0
2025-01-24 14:00:00,1.0486,1.04877,1.04734,1.04737,2367.0
2025-01-24 15:00:00,1.04737,1.048,1.04638,1.04686,3347.0
2025-01-24 16:00:00,1.04687,1.04941,1.04673,1.04916,4507.0
2025-01-24 17:00:00,1.04916,1.05208,1.04897,1.05164,5813.0
2025-01-24 18:00:00,1.05161,1.05204,1.05058,1.05147,3801.0
2025-01-24 19:00:00,1.05145,1.05215,1.051,1.05111,2571.0
2025-01-24 20:00:00,1.05111,1.05119,1.04941,1.04952,1936.0
2025-01-27 00:00:00,1.04597,1.04841,1.04597,1.04824,687.0
2025-01-27 01:00:00,1.04824,1.04853,1.04651,1.04674,1552.0
2025-01-27 02:00:00,1.04674,1.04761,1.04653,1.04728,1757.0
2025-01-27 03:00:00,1.04728,1.04788,1.04613,1.04628,2762.0
2025-01-27 04:00:00,1.04628,1.04667,1.0459,1.0466,1785.0
2025-01-27 05:00:00,1.0466,1.04777,1.04633,1.04685,2234.0
2025-01-27 06:00:00,1.04685,1.04689,1.04598,1.04634,1573.0
2025-01-27 07:00:00,1.04634,1.04646,1.04559,1.04629,1472.0
2025-01-27 08:00:00,1.04629,1.04652,1.04569,1.04592,1917.0
2025-01-27 09:00:00,1.04592,1.04713,1.04538,1.04572,3442.0
2025-01-27 10:00:00,1.04572,1.04888,1.04544,1.04879,4608.0
2025-01-27 11:00:00,1.04878,1.04938,1.04753,1.04888,5128.0
2025-01-27 12:00:00,1.04888,1.05091,1.04888,1.05055,5104.0
2025-01-27 13:00:00,1.05054,1.05183,1.05045,1.05131,4252.0
2025-01-27 14:00:00,1.05131,1.05281,1.05091,1.05212,3721.0
2025-01-27 15:00:00,1.05212,1.05331,1.05098,1.05199,5387.0
2025-01-27 16:00:00,1.05199,1.0524499999999999,1.05078,1.05091,5068.0
2025-01-27 17:00:00,1.05091,1.05098,1.04939,1.04992,4724.0
2025-01-27 18:00:00,1.04992,1.05077,1.04893,1.04909,4101.0
2025-01-27 19:00:00,1.04909,1.04947,1.04849,1.04888,3221.0
2025-01-27 20:00:00,1.04888,1.04943,1.04818,1.04849,2974.0
2025-01-27 21:00:00,1.04849,1.04928,1.04792,1.04927,2556.0
2025-01-27 22:00:00,1.04927,1.04943,1.04874,1.04881,2017.0
2025-01-27 23:00:00,1.04881,1.0492,1.04859,1.04914,884.0
2025-01-28 00:00:00,1.04915,1.04933,1.04862,1.04882,541.0
2025-01-28 01:00:00,1.04882,1.04894,1.04286,1.04371,4556.0
2025-01-28 02:00:00,1.04371,1.04518,1.04323,1.04454,3269.0
2025-01-28 03:00:00,1.04454,1.04567,1.04301,1.04378,2747.0
2025-01-28 04:00:00,1.04378,1.04417,1.04244,1.04337,3359.0
2025-01-28 05:00:00,1.04337,1.04396,1.0429,1.04291,1793.0
2025-01-28 06:00:00,1.04292,1.04347,1.04256,1.04337,1265.0
2025-01-28 07:00:00,1.04338,1.0439,1.04335,1.04364,1268.0
2025-01-28 08:00:00,1.04364,1.04442,1.04338,1.04375,1359.0
2025-01-28 09:00:00,1.04375,1.04431,1.04282,1.04342,3488.0
2025-01-28 10:00:00,1.04344,1.04358,1.04193,1.0425200000000001,4475.0
2025-01-28 11:00:00,1.0425200000000001,1.04443,1.04224,1.04353,3841.0
2025-01-28 12:00:00,1.04352,1.0437400000000001,1.04248,1.04249,2868.0
2025-01-28 13:00:00,1.04249,1.04327,1.04228,1.04233,2552.0
2025-01-28 14:00:00,1.04234,1.04256,1.04138,1.04203,3485.0
2025-01-28 15:00:00,1.04203,1.04314,1.0417399999999999,1.04249,3866.0
2025-01-28 16:00:00,1.04248,1.04414,1.04242,1.04317,4223.0
2025-01-28 17:00:00,1.04316,1.04397,1.0421,1.04242,4371.0
2025-01-28 18:00:00,1.04242,1.04329,1.04226,1.04262,3836.0
2025-01-28 19:00:00,1.04262,1.04347,1.04247,1.04279,2338.0
2025-01-28 20:00:00,1.0428,1.04383,1.04233,1.04265,2759.0
2025-01-28 21:00:00,1.04265,1.04367,1.04226,1.0435,2023.0
2025-01-28 22:00:00,1.0435,1.04354,1.04295,1.04316,1939.0
2025-01-28 23:00:00,1.04316,1.04341,1.043,1.04305,724.0
2025-01-29 00:00:00,1.043,1.043,1.0424,1.0428,434.0
2025-01-29 01:00:00,1.0428,1.04301,1.04266,1.04273,424.0
2025-01-29 02:00:00,1.04273,1.04344,1.0427,1.04302,1483.0
2025-01-29 03:00:00,1.04302,1.04341,1.04272,1.04273,1309.0
2025-01-29 04:00:00,1.04273,1.04358,1.04259,1.0434,1273.0
2025-01-29 05:00:00,1.0434,1.04391,1.0431300000000001,1.04375,1293.0
2025-01-29 06:00:00,1.04375,1.04426,1.04375,1.04387,1104.0
2025-01-29 07:00:00,1.04387,1.0441,1.04354,1.04404,1074.0
2025-01-29 08:00:00,1.04404,1.04437,1.04366,1.04373,1636.0
2025-01-29 09:00:00,1.04373,1.04379,1.04132,1.0416,3051.0
2025-01-29 10:00:00,1.04161,1.04305,1.0416,1.04242,3378.0
2025-01-29 11:00:00,1.04242,1.04247,1.0402,1.04038,3409.0
2025-01-29 12:00:00,1.04038,1.04085,1.03948,1.04037,3219.0
2025-01-29 13:00:00,1.04037,1.04083,1.03972,1.04015,2595.0
2025-01-29 14:00:00,1.04015,1.04049,1.03936,1.04041,3077.0
2025-01-29 15:00:00,1.04041,1.04058,1.03824,1.03877,4516.0
2025-01-29 16:00:00,1.03877,1.04016,1.03863,1.04011,4129.0
2025-01-29 17:00:00,1.04013,1.04272,1.03947,1.04195,4985.0
2025-01-29 18:00:00,1.04195,1.0424,1.0411299999999999,1.04158,4196.0
2025-01-29 19:00:00,1.04158,1.04286,1.04152,1.04213,3537.0
2025-01-29 20:00:00,1.04213,1.04246,1.04153,1.04199,2392.0
2025-01-29 21:00:00,1.04195,1.04287,1.03882,1.04162,9046.0
2025-01-29 22:00:00,1.04158,1.04256,1.04055,1.04105,5040.0
2025-01-29 23:00:00,1.04104,1.04216,1.04089,1.04196,1308.0
2025-01-30 00:00:00,1.04207,1.04213,1.04124,1.04204,605.0
2025-01-30 01:00:00,1.04204,1.04274,1.04185,1.04246,1080.0
2025-01-30 02:00:00,1.04246,1.0429,1.0424,1.04261,1265.0
2025-01-30 03:00:00,1.04261,1.04262,1.04189,1.04201,1481.0
2025-01-30 04:00:00,1.04201,1.04268,1.04199,1.0423,1308.0
2025-01-30 05:00:00,1.0423,1.04264,1.04223,1.0425200000000001,1103.0
2025-01-30 06:00:00,1.0425200000000001,1.04277,1.04177,1.0419100000000001,1262.0
2025-01-30 07:00:00,1.0419100000000001,1.04221,1.04176,1.0422,1162.0
2025-01-30 08:00:00,1.0422,1.04227,1.04109,1.0414,1650.0
2025-01-30 09:00:00,1.0414,1.0424,1.04095,1.0424,2456.0
2025-01-30 10:00:00,1.04239,1.04291,1.04162,1.04218,3385.0
2025-01-30 11:00:00,1.04218,1.04226,1.04021,1.04076,3936.0
2025-01-30 12:00:00,1.04077,1.04123,1.03959,1.04008,3130.0
2025-01-30 13:00:00,1.04008,1.04008,1.03914,1.03918,2644.0
2025-01-30 14:00:00,1.03918,1.04059,1.03903,1.04034,3009.0
2025-01-30 15:00:00,1.04034,1.04598,1.04013,1.04568,6364.0
2025-01-30 16:00:00,1.04562,1.04677,1.04194,1.04282,6851.0
2025-01-30 17:00:00,1.04283,1.04421,1.0427,1.04314,4933.0
2025-01-30 18:00:00,1.04314,1.04348,1.0417,1.04198,3457.0
2025-01-30 19:00:00,1.04198,1.04236,1.04095,1.0417,2956.0
2025-01-30 20:00:00,1.04173,1.04256,1.04157,1.04251,1833.0
2025-01-30 21:00:00,1.04251,1.043,1.04231,1.0428,1364.0
2025-01-30 22:00:00,1.04281,1.04323,1.03862,1.04077,4823.0
2025-01-30 23:00:00,1.04074,1.04141,1.03872,1.03919,3080.0
2025-01-31 00:00:00,1.03882,1.03946,1.03814,1.03868,540.0
2025-01-31 01:00:00,1.03868,1.03984,1.03851,1.0397,1106.0
2025-01-31 02:00:00,1.0397,1.04025,1.03851,1.03868,1433.0
2025-01-31 03:00:00,1.03868,1.03925,1.03774,1.03886,2401.0
2025-01-31 04:00:00,1.03888,1.03951,1.03868,1.03898,1613.0
2025-01-31 05:00:00,1.03898,1.03914,1.03838,1.03851,1250.0
2025-01-31 06:00:00,1.03851,1.03899,1.03828,1.03876,1074.0
2025-01-31 07:00:00,1.03876,1.03908,1.03847,1.03889,1262.0
2025-01-31 08:00:00,1.03889,1.03954,1.03875,1.03946,1430.0
2025-01-31 09:00:00,1.03946,1.04129,1.03913,1.04041,3464.0
2025-01-31 10:00:00,1.04041,1.04068,1.03808,1.03844,3721.0
2025-01-31 11:00:00,1.03843,1.03852,1.03653,1.03836,4847.0
2025-01-31 12:00:00,1.03837,1.0384,1.03737,1.03764,3336.0
2025-01-31 13:00:00,1.03764,1.03801,1.03721,1.03758,2621.0
2025-01-31 14:00:00,1.03758,1.03857,1.03746,1.03825,2534.0
2025-01-31 15:00:00,1.03824,1.03954,1.03768,1.03823,4842.0
2025-01-31 16:00:00,1.03823,1.03827,1.03666,1.03687,4741.0
2025-01-31 17:00:00,1.03687,1.04007,1.03603,1.03965,5075.0
2025-01-31 18:00:00,1.03965,1.04077,1.03862,1.03998,4262.0
2025-01-31 19:00:00,1.03998,1.0434,1.03909,1.04201,6512.0
2025-01-31 20:00:00,1.04201,1.04218,1.03619,1.037,7224.0
2025-02-03 00:00:00,1.02357,1.02559,1.02328,1.02495,1028.0
2025-02-03 01:00:00,1.02495,1.02707,1.02344,1.02472,5703.0
2025-02-03 02:00:00,1.02472,1.02674,1.02107,1.02321,7009.0
2025-02-03 03:00:00,1.0232,1.02523,1.02221,1.02378,5020.0
2025-02-03 04:00:00,1.02379,1.02379,1.02209,1.02238,4405.0
2025-02-03 05:00:00,1.02238,1.02249,1.02123,1.02216,2727.0
2025-02-03 06:00:00,1.02216,1.02399,1.02206,1.02266,4071.0
2025-02-03 07:00:00,1.02266,1.02434,1.02258,1.02405,2448.0
2025-02-03 08:00:00,1.02405,1.02518,1.02396,1.02432,3111.0
2025-02-03 09:00:00,1.02432,1.02495,1.02221,1.02247,4797.0
2025-02-03 10:00:00,1.0225,1.02513,1.02129,1.02437,5555.0
2025-02-03 11:00:00,1.02437,1.02543,1.02257,1.02305,3940.0
2025-02-03 12:00:00,1.02305,1.02446,1.023,1.02437,3548.0
2025-02-03 13:00:00,1.02437,1.0256,1.02364,1.02523,3265.0
2025-02-03 14:00:00,1.02523,1.0278100000000001,1.02512,1.0258,4602.0
2025-02-03 15:00:00,1.02578,1.02878,1.02578,1.02639,5347.0
2025-02-03 16:00:00,1.0264,1.02661,1.02473,1.02511,5906.0
2025-02-03 17:00:00,1.02517,1.03358,1.0244,1.03162,11523.0
2025-02-03 18:00:00,1.03164,1.03216,1.02728,1.02762,8572.0
2025-02-03 19:00:00,1.0276,1.03024,1.02714,1.02798,6037.0
2025-02-03 20:00:00,1.02798,1.02878,1.02704,1.02786,4467.0
2025-02-03 21:00:00,1.02786,1.0297,1.02784,1.02846,2604.0
2025-02-03 22:00:00,1.02846,1.02993,1.02829,1.02955,2486.0
2025-02-03 23:00:00,1.02956,1.03499,1.0293,1.03426,4510.0
2025-02-04 00:00:00,1.03436,1.03459,1.03315,1.03422,1067.0
2025-02-04 01:00:00,1.03422,1.03518,1.03265,1.03282,2387.0
2025-02-04 02:00:00,1.03282,1.0331,1.03163,1.03179,2070.0
2025-02-04 03:00:00,1.03179,1.03227,1.03085,1.03221,2913.0
2025-02-04 04:00:00,1.03221,1.03241,1.03165,1.03222,1943.0
2025-02-04 05:00:00,1.03222,1.03241,1.03118,1.03147,1741.0
2025-02-04 06:00:00,1.03147,1.03151,1.03058,1.0306,1591.0
2025-02-04 07:00:00,1.0306,1.0306,1.02723,1.02932,5366.0
2025-02-04 08:00:00,1.02932,1.03077,1.02923,1.03068,2735.0
2025-02-04 09:00:00,1.03068,1.03172,1.03,1.03116,3291.0
2025-02-04 10:00:00,1.03116,1.03353,1.03091,1.03344,5132.0
2025-02-04 11:00:00,1.03344,1.03495,1.03323,1.03387,3412.0
2025-02-04 12:00:00,1.03387,1.03433,1.03255,1.0335,2598.0
2025-02-04 13:00:00,1.0335,1.03353,1.03221,1.03222,2235.0
2025-02-04 14:00:00,1.03222,1.03286,1.03204,1.03254,2850.0
2025-02-04 15:00:00,1.03254,1.03407,1.03241,1.03403,3327.0
2025-02-04 16:00:00,1.03406,1.03664,1.03403,1.03601,4996.0
2025-02-04 17:00:00,1.03601,1.03859,1.03577,1.03802,6954.0
2025-02-04 18:00:00,1.03801,1.03875,1.03734,1.03784,4177.0
2025-02-04 19:00:00,1.03784,1.03788,1.03658,1.03767,3968.0
2025-02-04 20:00:00,1.03767,1.03863,1.03745,1.03812,2245.0
2025-02-04 21:00:00,1.03812,1.03858,1.03773,1.03818,2301.0
2025-02-04 22:00:00,1.03819,1.03859,1.03794,1.03855,2007.0
2025-02-04 23:00:00,1.03854,1.03877,1.03778,1.03789,1101.0
2025-02-05 00:00:00,1.03785,1.03796,1.03728,1.03774,903.0
2025-02-05 01:00:00,1.03774,1.03805,1.03709,1.03715,1112.0
2025-02-05 02:00:00,1.03715,1.03821,1.03696,1.03788,1808.0
2025-02-05 03:00:00,1.03789,1.03868,1.03725,1.03734,2850.0
2025-02-05 04:00:00,1.03734,1.03851,1.0373,1.03846,2404.0
2025-02-05 05:00:00,1.03846,1.03862,1.03793,1.03795,1476.0
2025-02-05 06:00:00,1.03795,1.03824,1.03764,1.03788,1274.0
2025-02-05 07:00:00,1.03788,1.03788,1.03733,1.03779,1609.0
2025-02-05 08:00:00,1.03779,1.03941,1.03743,1.03851,2129.0
2025-02-05 09:00:00,1.03851,1.04096,1.03821,1.04026,3706.0
2025-02-05 10:00:00,1.04026,1.04088,1.03902,1.04041,4680.0
2025-02-05 11:00:00,1.04042,1.04178,1.04016,1.0404,4033.0
2025-02-05 12:00:00,1.0404,1.04306,1.04018,1.0425200000000001,3424.0
2025-02-05 13:00:00,1.0425200000000001,1.04254,1.04118,1.04148,2598.0
2025-02-05 14:00:00,1.04148,1.04221,1.04109,1.04192,2661.0
2025-02-05 15:00:00,1.04192,1.04258,1.04015,1.04078,4795.0
2025-02-05 16:00:00,1.04078,1.04263,1.04063,1.04219,4588.0
2025-02-05 17:00:00,1.0422,1.04427,1.04152,1.04224,6777.0
2025-02-05 18:00:00,1.04224,1.04248,1.04104,1.0418,3820.0
2025-02-05 19:00:00,1.04181,1.0424,1.04104,1.04199,2621.0
2025-02-05 20:00:00,1.04199,1.04217,1.04143,1.04156,1918.0
2025-02-05 21:00:00,1.04156,1.0417,1.04048,1.04072,2275.0
2025-02-05 22:00:00,1.04072,1.04072,1.04012,1.04049,1961.0
2025-02-05 23:00:00,1.04048,1.04068,1.03969,1.04025,1184.0
2025-02-06 00:00:00,1.0402,1.04038,1.03995,1.0403,433.0
2025-02-06 01:00:00,1.0403,1.04055,1.03974,1.03987,866.0
2025-02-06 02:00:00,1.03987,1.04024,1.03949,1.03975,1562.0
2025-02-06 03:00:00,1.03975,1.04047,1.03954,1.04026,2192.0
2025-02-06 04:00:00,1.04024,1.04056,1.0391,1.03951,1916.0
2025-02-06 05:00:00,1.03951,1.03964,1.03896,1.03921,1405.0
2025-02-06 06:00:00,1.03921,1.03939,1.03852,1.03872,1227.0
2025-02-06 07:00:00,1.03872,1.03904,1.0386,1.03864,1343.0
2025-02-06 08:00:00,1.03864,1.03925,1.03857,1.03903,1547.0
2025-02-06 09:00:00,1.03903,1.03916,1.0378,1.03802,2828.0
2025-02-06 10:00:00,1.03801,1.0381,1.03563,1.03651,3864.0
2025-02-06 11:00:00,1.03651,1.03679,1.03563,1.03593,2969.0
2025-02-06 12:00:00,1.03593,1.03665,1.03558,1.03626,2668.0
2025-02-06 13:00:00,1.03626,1.03677,1.03581,1.03621,2764.0
2025-02-06 14:00:00,1.03618,1.03637,1.03526,1.0362,4515.0
2025-02-06 15:00:00,1.0362,1.03673,1.03536,1.03605,4518.0
2025-02-06 16:00:00,1.03604,1.03748,1.03598,1.03623,3831.0
2025-02-06 17:00:00,1.03623,1.03765,1.03613,1.03695,4802.0
2025-02-06 18:00:00,1.03695,1.03766,1.03668,1.0367,3176.0
2025-02-06 19:00:00,1.0367,1.03806,1.03658,1.03792,2126.0
2025-02-06 20:00:00,1.03793,1.03967,1.03741,1.03895,3264.0
2025-02-06 21:00:00,1.03895,1.03914,1.03804,1.03848,2146.0
2025-02-06 22:00:00,1.03848,1.03909,1.03839,1.03891,1649.0
2025-02-06 23:00:00,1.03886,1.03894,1.03825,1.03828,869.0
2025-02-07 00:00:00,1.03831,1.03848,1.03807,1.03826,460.0
2025-02-07 01:00:00,1.03826,1.03869,1.03826,1.03852,849.0
2025-02-07 02:00:00,1.03852,1.03911,1.03773,1.03777,1464.0
2025-02-07 03:00:00,1.03777,1.03868,1.03745,1.03839,2125.0
2025-02-07 04:00:00,1.03839,1.03861,1.0381,1.03842,1737.0
2025-02-07 05:00:00,1.03842,1.0385,1.03773,1.03799,1261.0
2025-02-07 06:00:00,1.03799,1.03835,1.03758,1.03811,1268.0
2025-02-07 07:00:00,1.03812,1.03816,1.0374,1.03752,1395.0
2025-02-07 08:00:00,1.03752,1.03774,1.03728,1.03762,1767.0
2025-02-07 09:00:00,1.03762,1.03903,1.03743,1.03892,2232.0
2025-02-07 10:00:00,1.03892,1.04,1.03854,1.03978,2682.0
2025-02-07 11:00:00,1.03978,1.03992,1.03899,1.03912,2363.0
2025-02-07 12:00:00,1.03912,1.03915,1.03792,1.03815,2106.0
2025-02-07 13:00:00,1.03815,1.03842,1.03774,1.03825,1860.0
2025-02-07 14:00:00,1.03825,1.03825,1.03684,1.03744,2241.0
2025-02-07 15:00:00,1.03744,1.04094,1.03495,1.03638,6989.0
2025-02-07 16:00:00,1.03638,1.03888,1.03609,1.0386,5364.0
2025-02-07 17:00:00,1.03856,1.03877,1.03274,1.0355,6995.0
2025-02-07 18:00:00,1.03554,1.03554,1.03219,1.03281,7733.0
2025-02-07 19:00:00,1.0328,1.03611,1.03053,1.03218,6733.0
2025-02-07 20:00:00,1.03218,1.0336,1.03211,1.03253,2275.0
2025-02-10 00:00:00,1.02889,1.03015,1.02814,1.029,1223.0
2025-02-10 01:00:00,1.02904,1.03136,1.02904,1.03096,1918.0
2025-02-10 02:00:00,1.03096,1.03185,1.03094,1.03103,2076.0
2025-02-10 03:00:00,1.03103,1.03148,1.03002,1.03033,2523.0
2025-02-10 04:00:00,1.03033,1.0307,1.02987,1.02998,1569.0
2025-02-10 05:00:00,1.02998,1.03117,1.02997,1.03116,1313.0
2025-02-10 06:00:00,1.03116,1.03159,1.03113,1.03133,1050.0
2025-02-10 07:00:00,1.03133,1.03217,1.03132,1.03162,1238.0
2025-02-10 08:00:00,1.03162,1.03202,1.03122,1.03191,1632.0
2025-02-10 09:00:00,1.03191,1.03256,1.031,1.03129,2974.0
2025-02-10 10:00:00,1.03129,1.03231,1.03067,1.03222,3961.0
2025-02-10 11:00:00,1.03222,1.03348,1.03211,1.03267,3202.0
2025-02-10 12:00:00,1.03267,1.03337,1.03235,1.03299,2175.0
2025-02-10 13:00:00,1.03299,1.0336400000000001,1.03202,1.03207,2444.0
2025-02-10 14:00:00,1.03207,1.0322,1.03087,1.03138,2857.0
2025-02-10 15:00:00,1.03138,1.03265,1.03138,1.03216,2909.0
2025-02-10 16:00:00,1.03216,1.03238,1.03043,1.03113,3724.0
2025-02-10 17:00:00,1.03113,1.03199,1.03107,1.03153,3337.0
2025-02-10 18:00:00,1.03153,1.0318,1.03046,1.03116,2892.0
2025-02-10 19:00:00,1.03116,1.03149,1.03068,1.03125,2049.0
2025-02-10 20:00:00,1.03125,1.03162,1.0306,1.03073,1803.0
2025-02-10 21:00:00,1.03073,1.0311,1.03053,1.03069,1480.0
2025-02-10 22:00:00,1.03069,1.03085,1.03051,1.03069,1046.0
2025-02-10 23:00:00,1.03069,1.03085,1.03051,1.03066,554.0
2025-02-11 00:00:00,1.03065,1.03084,1.03026,1.03057,896.0
2025-02-11 01:00:00,1.03057,1.03078,1.02983,1.03007,1365.0
2025-02-11 02:00:00,1.03007,1.03068,1.02997,1.03048,931.0
2025-02-11 03:00:00,1.03048,1.03049,1.03001,1.03021,1548.0
2025-02-11 04:00:00,1.03021,1.03029,1.02923,1.0293,1596.0
2025-02-11 05:00:00,1.0293,1.03007,1.02923,1.02982,1363.0
2025-02-11 06:00:00,1.02982,1.03044,1.02976,1.03044,1331.0
2025-02-11 07:00:00,1.03044,1.0306,1.03021,1.03047,908.0
2025-02-11 08:00:00,1.03047,1.03106,1.03042,1.03053,1743.0
2025-02-11 09:00:00,1.03053,1.03079,1.0301,1.03033,2359.0
2025-02-11 10:00:00,1.03032,1.03199,1.02999,1.03183,2951.0
2025-02-11 11:00:00,1.03183,1.03221,1.03126,1.0318,2791.0
2025-02-11 12:00:00,1.03181,1.03251,1.03145,1.03161,2314.0
2025-02-11 13:00:00,1.03161,1.03228,1.03158,1.03219,1820.0
2025-02-11 14:00:00,1.0322,1.03286,1.03207,1.0322,2273.0
2025-02-11 15:00:00,1.0322,1.0326,1.03167,1.03225,2853.0
2025-02-11 16:00:00,1.03225,1.03371,1.03219,1.03324,3295.0
2025-02-11 17:00:00,1.03327,1.03433,1.03281,1.034,4043.0
2025-02-11 18:00:00,1.03399,1.03513,1.03391,1.03457,3328.0
2025-02-11 19:00:00,1.03457,1.0348600000000001,1.03435,1.03454,1947.0
2025-02-11 20:00:00,1.03454,1.03513,1.03445,1.03456,1665.0
2025-02-11 21:00:00,1.03456,1.03816,1.03422,1.03584,2697.0
2025-02-11 22:00:00,1.03584,1.03676,1.03576,1.03631,2486.0
2025-02-11 23:00:00,1.0363,1.03641,1.03588,1.03612,969.0
2025-02-12 00:00:00,1.03609,1.03635,1.03579,1.03611,379.0
2025-02-12 01:00:00,1.03611,1.03677,1.03598,1.03634,875.0
2025-02-12 02:00:00,1.03634,1.03644,1.03564,1.03575,1343.0
2025-02-12 03:00:00,1.03575,1.03642,1.0354,1.03607,2119.0
2025-02-12 04:00:00,1.03607,1.03679,1.03605,1.03625,1791.0
2025-02-12 05:00:00,1.03626,1.03656,1.03588,1.03621,1726.0
2025-02-12 06:00:00,1.03621,1.03637,1.03561,1.03562,1323.0
2025-02-12 07:00:00,1.03562,1.03594,1.03549,1.03585,1371.0
2025-02-12 08:00:00,1.03585,1.03603,1.03569,1.0359,1593.0
2025-02-12 09:00:00,1.0359,1.03793,1.03589,1.03757,2773.0
2025-02-12 10:00:00,1.03759,1.03799,1.0368,1.03711,3367.0
2025-02-12 11:00:00,1.03711,1.03741,1.03648,1.03736,2387.0
2025-02-12 12:00:00,1.03736,1.03773,1.037,1.03757,2423.0
2025-02-12 13:00:00,1.03757,1.03857,1.03739,1.03752,2450.0
2025-02-12 14:00:00,1.03752,1.03788,1.03721,1.0373,2462.0
2025-02-12 15:00:00,1.0373,1.03761,1.0317,1.03331,6970.0
2025-02-12 16:00:00,1.03332,1.03538,1.03252,1.03501,5645.0
2025-02-12 17:00:00,1.03501,1.03828,1.03381,1.03746,7249.0
2025-02-12 18:00:00,1.03746,1.03957,1.03505,1.03915,5252.0
2025-02-12 19:00:00,1.03913,1.04275,1.03908,1.04262,6204.0
2025-02-12 20:00:00,1.04263,1.04298,1.03874,1.03894,4158.0
2025-02-12 21:00:00,1.03894,1.03934,1.03847,1.03911,2468.0
2025-02-12 22:00:00,1.03911,1.03976,1.03881,1.03917,2049.0
2025-02-12 23:00:00,1.03917,1.03923,1.03807,1.03832,1434.0
2025-02-13 00:00:00,1.03823,1.03857,1.03776,1.03833,784.0
2025-02-13 01:00:00,1.03833,1.03924,1.03833,1.03924,1083.0
2025-02-13 02:00:00,1.03924,1.04006,1.03882,1.03897,1460.0
2025-02-13 03:00:00,1.03897,1.04019,1.03873,1.03997,2289.0
2025-02-13 04:00:00,1.03997,1.04078,1.03966,1.04039,2022.0
2025-02-13 05:00:00,1.04039,1.04219,1.04034,1.04192,1970.0
2025-02-13 06:00:00,1.04192,1.04355,1.04189,1.04347,2320.0
2025-02-13 07:00:00,1.04347,1.04384,1.04307,1.0435,2169.0
2025-02-13 08:00:00,1.0435,1.04401,1.04286,1.04309,2688.0
2025-02-13 09:00:00,1.04309,1.04366,1.04225,1.04256,3737.0
2025-02-13 10:00:00,1.04256,1.04265,1.04102,1.04137,3899.0
2025-02-13 11:00:00,1.04137,1.04264,1.0411,1.04231,3107.0
2025-02-13 12:00:00,1.04231,1.04291,1.04136,1.04158,2589.0
2025-02-13 13:00:00,1.04158,1.04275,1.03926,1.04033,3790.0
2025-02-13 14:00:00,1.04033,1.04036,1.03858,1.03899,3554.0
2025-02-13 15:00:00,1.03899,1.04071,1.0375,1.03927,5826.0
2025-02-13 16:00:00,1.03927,1.04014,1.03824,1.03997,4918.0
2025-02-13 17:00:00,1.03997,1.04382,1.03997,1.04333,7138.0
2025-02-13 18:00:00,1.04334,1.04454,1.04245,1.04276,3665.0
2025-02-13 19:00:00,1.04274,1.04391,1.0425,1.04253,2794.0
2025-02-13 20:00:00,1.04254,1.04318,1.03732,1.04096,6453.0
2025-02-13 21:00:00,1.04096,1.04428,1.04086,1.04373,4080.0
2025-02-13 22:00:00,1.04373,1.0466,1.04356,1.04615,2544.0
2025-02-13 23:00:00,1.04615,1.04665,1.04571,1.04654,1194.0
2025-02-14 00:00:00,1.04636,1.04681,1.04599,1.04657,624.0
2025-02-14 01:00:00,1.04657,1.04675,1.0456,1.04615,1463.0
2025-02-14 02:00:00,1.04615,1.04671,1.04578,1.04609,1949.0
2025-02-14 03:00:00,1.04609,1.0467,1.04583,1.04592,2480.0
2025-02-14 04:00:00,1.04593,1.04611,1.04552,1.04568,1697.0
2025-02-14 05:00:00,1.04568,1.04616,1.0454,1.04589,1496.0
2025-02-14 06:00:00,1.04589,1.04639,1.04547,1.04547,1172.0
2025-02-14 07:00:00,1.04547,1.04558,1.04474,1.04527,1589.0
2025-02-14 08:00:00,1.04529,1.0461,1.04519,1.04585,2144.0
2025-02-14 09:00:00,1.04586,1.04723,1.04585,1.04649,3412.0
2025-02-14 10:00:00,1.04649,1.04864,1.04635,1.04769,3963.0
2025-02-14 11:00:00,1.04769,1.04878,1.04759,1.04814,3074.0
2025-02-14 12:00:00,1.04814,1.0483,1.04646,1.04671,2645.0
2025-02-14 13:00:00,1.04672,1.04695,1.04631,1.04675,2514.0
2025-02-14 14:00:00,1.04675,1.04749,1.04571,1.04717,2929.0
2025-02-14 15:00:00,1.04718,1.04978,1.04713,1.04883,5330.0
2025-02-14 16:00:00,1.04883,1.05144,1.04874,1.05087,4406.0
2025-02-14 17:00:00,1.05087,1.05128,1.04911,1.05084,4795.0
2025-02-14 18:00:00,1.05084,1.05102,1.04969,1.04975,3231.0
2025-02-14 19:00:00,1.04975,1.05088,1.04941,1.05073,2350.0
2025-02-14 20:00:00,1.05073,1.05082,1.04996,1.05045,1673.0
2025-02-17 00:00:00,1.04843,1.04894,1.04843,1.04887,538.0
2025-02-17 01:00:00,1.04887,1.04946,1.04851,1.04888,1786.0
2025-02-17 02:00:00,1.04888,1.04935,1.04857,1.04924,1590.0
2025-02-17 03:00:00,1.04924,1.05065,1.04897,1.05053,2039.0
2025-02-17 04:00:00,1.05053,1.05056,1.0496,1.05013,1854.0
2025-02-17 05:00:00,1.05013,1.05037,1.04943,1.04948,1558.0
2025-02-17 06:00:00,1.04948,1.04973,1.04894,1.04955,1254.0
2025-02-17 07:00:00,1.04955,1.04984,1.04849,1.04899,1996.0
2025-02-17 08:00:00,1.04899,1.04933,1.04881,1.04918,2015.0
2025-02-17 09:00:00,1.04918,1.04954,1.04805,1.04826,2911.0
2025-02-17 10:00:00,1.04826,1.04849,1.04711,1.04743,3482.0
2025-02-17 11:00:00,1.04743,1.04815,1.04713,1.04743,2562.0
2025-02-17 12:00:00,1.04742,1.04892,1.04734,1.04889,2394.0
2025-02-17 13:00:00,1.04889,1.04893,1.04777,1.0482,1913.0
2025-02-17 14:00:00,1.0482,1.04851,1.04686,1.04722,2264.0
2025-02-17 15:00:00,1.04722,1.04766,1.04672,1.04745,1856.0
2025-02-17 16:00:00,1.04743,1.04795,1.04714,1.04784,1674.0
2025-02-17 17:00:00,1.04784,1.04844,1.04741,1.04797,1965.0
2025-02-17 18:00:00,1.04796,1.04832,1.04768,1.04787,1429.0
2025-02-17 19:00:00,1.04787,1.04846,1.04779,1.04825,859.0
2025-02-17 20:00:00,1.04825,1.04825,1.04793,1.04821,425.0
2025-02-17 21:00:00,1.04821,1.04839,1.04797,1.04817,523.0
2025-02-17 22:00:00,1.04817,1.04838,1.04808,1.04834,431.0
2025-02-17 23:00:00,1.04834,1.04851,1.04826,1.04831,466.0
2025-02-18 00:00:00,1.04836,1.0484,1.04744,1.048,872.0
2025-02-18 01:00:00,1.048,1.04859,1.04764,1.04851,716.0
2025-02-18 02:00:00,1.04851,1.04863,1.04729,1.0475,1431.0
2025-02-18 03:00:00,1.0475,1.04756,1.04625,1.04662,2161.0
2025-02-18 04:00:00,1.04662,1.04709,1.04657,1.04676,1811.0
2025-02-18 05:00:00,1.04676,1.04726,1.0462,1.0463,1996.0
2025-02-18 06:00:00,1.0463,1.0464,1.04553,1.04573,1535.0
2025-02-18 07:00:00,1.04573,1.04593,1.04523,1.04552,1723.0
2025-02-18 08:00:00,1.04552,1.04635,1.04547,1.04615,1912.0
2025-02-18 09:00:00,1.04615,1.0469,1.04586,1.04635,2819.0
2025-02-18 10:00:00,1.04635,1.04692,1.04548,1.04569,3587.0
2025-02-18 11:00:00,1.04569,1.04651,1.04559,1.0464,2727.0
2025-02-18 12:00:00,1.0464,1.04672,1.0459,1.04624,2465.0
2025-02-18 13:00:00,1.04623,1.04649,1.04612,1.0463,1896.0
2025-02-18 14:00:00,1.04629,1.04671,1.04529,1.04552,2598.0
2025-02-18 15:00:00,1.04552,1.0457,1.04417,1.04448,3327.0
2025-02-18 16:00:00,1.04448,1.0455,1.04417,1.04523,3531.0
2025-02-18 17:00:00,1.04524,1.04671,1.04516,1.04663,3921.0
2025-02-18 18:00:00,1.04663,1.04694,1.04539,1.04567,2746.0
2025-02-18 19:00:00,1.04567,1.04568,1.04392,1.0446,2232.0
2025-02-18 20:00:00,1.0446,1.04479,1.04352,1.04442,2067.0
2025-02-18 21:00:00,1.04442,1.04498,1.04407,1.04452,1525.0
2025-02-18 22:00:00,1.04452,1.04478,1.04412,1.04477,1473.0
2025-02-18 23:00:00,1.04477,1.04495,1.04446,1.04454,1161.0
2025-02-19 00:00:00,1.04454,1.04508,1.04391,1.04502,1288.0
2025-02-19 01:00:00,1.04502,1.04502,1.04454,1.04482,878.0
2025-02-19 02:00:00,1.04482,1.04494,1.0444,1.04458,1483.0
2025-02-19 03:00:00,1.04458,1.0448,1.0441,1.04465,2590.0
2025-02-19 04:00:00,1.04465,1.04523,1.04448,1.04519,2380.0
2025-02-19 05:00:00,1.04519,1.04521,1.04476,1.04515,1410.0
2025-02-19 06:00:00,1.04515,1.04533,1.04483,1.04524,1240.0
2025-02-19 07:00:00,1.04524,1.04563,1.04488,1.04563,1331.0
2025-02-19 08:00:00,1.04563,1.04614,1.04545,1.04551,1955.0
2025-02-19 09:00:00,1.04553,1.04594,1.04487,1.04513,2639.0
2025-02-19 10:00:00,1.04513,1.04562,1.04385,1.04405,3063.0
2025-02-19 11:00:00,1.04405,1.04437,1.04284,1.0429,2946.0
2025-02-19 12:00:00,1.0429,1.04299,1.04189,1.04241,2906.0
2025-02-19 13:00:00,1.04241,1.04333,1.04202,1.04248,3607.0
2025-02-19 14:00:00,1.04248,1.04319,1.04218,1.04281,2886.0
2025-02-19 15:00:00,1.04284,1.04353,1.0425200000000001,1.0434,2960.0
2025-02-19 16:00:00,1.0434,1.04378,1.04276,1.04336,3529.0
2025-02-19 17:00:00,1.04342,1.04414,1.04216,1.04242,4737.0
2025-02-19 18:00:00,1.04242,1.04249,1.04043,1.04048,3634.0
2025-02-19 19:00:00,1.04048,1.04133,1.04009,1.04099,2132.0
2025-02-19 20:00:00,1.04099,1.04219,1.04086,1.04194,1677.0
2025-02-19 21:00:00,1.04194,1.04326,1.0418,1.04259,2478.0
2025-02-19 22:00:00,1.04259,1.04265,1.04208,1.04255,1395.0
2025-02-19 23:00:00,1.04255,1.04264,1.04219,1.04219,683.0
2025-02-20 00:00:00,1.04225,1.04258,1.04168,1.0424,601.0
2025-02-20 01:00:00,1.0424,1.04258,1.04201,1.04209,793.0
2025-02-20 02:00:00,1.04209,1.04302,1.04197,1.04294,2081.0
2025-02-20 03:00:00,1.04294,1.04328,1.04186,1.04213,2600.0
2025-02-20 04:00:00,1.04213,1.04376,1.04202,1.04356,2842.0
2025-02-20 05:00:00,1.04356,1.04361,1.04266,1.04311,1822.0
2025-02-20 06:00:00,1.04311,1.04319,1.04241,1.04304,1419.0
2025-02-20 07:00:00,1.04304,1.04344,1.0427,1.04276,1755.0
2025-02-20 08:00:00,1.04276,1.04344,1.04245,1.0425,1990.0
2025-02-20 09:00:00,1.0425,1.04336,1.04236,1.04317,2416.0
2025-02-20 10:00:00,1.04316,1.04422,1.04295,1.04334,2838.0
2025-02-20 11:00:00,1.04334,1.04384,1.04288,1.0437,2349.0
2025-02-20 12:00:00,1.0437,1.04439,1.04342,1.04424,2244.0
2025-02-20 13:00:00,1.04424,1.04465,1.04309,1.04385,2169.0
2025-02-20 14:00:00,1.04385,1.04438,1.04333,1.04356,2880.0
2025-02-20 15:00:00,1.04356,1.04549,1.04349,1.04484,3308.0
2025-02-20 16:00:00,1.04484,1.04604,1.04422,1.04468,4059.0
2025-02-20 17:00:00,1.04468,1.04752,1.04419,1.0474,4509.0
2025-02-20 18:00:00,1.0474,1.04785,1.04643,1.0475,3011.0
2025-02-20 19:00:00,1.0475,1.04947,1.04712,1.04893,2617.0
2025-02-20 20:00:00,1.04892,1.04986,1.04853,1.04979,1906.0
2025-02-20 21:00:00,1.04979,1.05034,1.04893,1.05016,1827.0
2025-02-20 22:00:00,1.05016,1.05033,1.04954,1.05028,1287.0
2025-02-20 23:00:00,1.05028,1.05035,1.0500099999999999,1.05012,689.0
2025-02-21 00:00:00,1.05008,1.05008,1.0493999999999999,1.04974,732.0
2025-02-21 01:00:00,1.04974,1.05057,1.04973,1.05003,1002.0
2025-02-21 02:00:00,1.05003,1.05003,1.04891,1.04903,1650.0
2025-02-21 03:00:00,1.04903,1.04934,1.04844,1.0487,2199.0
2025-02-21 04:00:00,1.0487,1.05033,1.04865,1.05027,2667.0
2025-02-21 05:00:00,1.05027,1.05047,1.04997,1.05028,1841.0
2025-02-21 06:00:00,1.05028,1.0505,1.04975,1.04991,1305.0
2025-02-21 07:00:00,1.04991,1.05008,1.04916,1.04929,2064.0
2025-02-21 08:00:00,1.04929,1.04942,1.04878,1.04885,2149.0
2025-02-21 09:00:00,1.04885,1.04997,1.04885,1.04922,2727.0
2025-02-21 10:00:00,1.04923,1.04941,1.04681,1.04766,3930.0
2025-02-21 11:00:00,1.04766,1.04812,1.04668,1.04693,2829.0
2025-02-21 12:00:00,1.04693,1.04722,1.04648,1.04652,2155.0
2025-02-21 13:00:00,1.04652,1.04741,1.04633,1.04692,1750.0
2025-02-21 14:00:00,1.04692,1.04711,1.04593,1.0462,1916.0
2025-02-21 15:00:00,1.0462,1.04779,1.04614,1.04752,2552.0
2025-02-21 16:00:00,1.04752,1.04927,1.04703,1.0482,4247.0
2025-02-21 17:00:00,1.04808,1.04861,1.04527,1.04542,4773.0
2025-02-21 18:00:00,1.04542,1.04578,1.04494,1.04547,2682.0
2025-02-21 19:00:00,1.04547,1.04644,1.0452,1.04632,2268.0
2025-02-21 20:00:00,1.04632,1.0468,1.0451,1.04599,3172.0
2025-02-24 00:00:00,1.04693,1.04795,1.04596,1.04744,1393.0
2025-02-24 01:00:00,1.04744,1.04847,1.04713,1.0474,1663.0
2025-02-24 02:00:00,1.0474,1.05072,1.04717,1.05043,3082.0
2025-02-24 03:00:00,1.05043,1.05208,1.05022,1.05181,4380.0
2025-02-24 04:00:00,1.0518,1.05283,1.05155,1.05229,3800.0
2025-02-24 05:00:00,1.05229,1.05258,1.05165,1.05194,2541.0
2025-02-24 06:00:00,1.05194,1.05207,1.05113,1.05156,1786.0
2025-02-24 07:00:00,1.05156,1.05197,1.05102,1.05165,2502.0
2025-02-24 08:00:00,1.05165,1.05165,1.05012,1.0509,2202.0
2025-02-24 09:00:00,1.0509,1.05148,1.04869,1.04911,3937.0
2025-02-24 10:00:00,1.04911,1.04926,1.04697,1.04801,4023.0
2025-02-24 11:00:00,1.048,1.04849,1.04689,1.04723,3479.0
2025-02-24 12:00:00,1.04723,1.04806,1.04671,1.04804,2773.0
2025-02-24 13:00:00,1.04804,1.04814,1.04638,1.04683,2056.0
2025-02-24 14:00:00,1.04683,1.04727,1.04602,1.0469,2228.0
2025-02-24 15:00:00,1.0469,1.04756,1.04649,1.04668,2591.0
2025-02-24 16:00:00,1.04669,1.04697,1.04528,1.04606,3604.0
2025-02-24 17:00:00,1.04606,1.04707,1.04603,1.04691,4578.0
2025-02-24 18:00:00,1.04691,1.048,1.04656,1.04778,2974.0
2025-02-24 19:00:00,1.04778,1.04837,1.04682,1.04724,2789.0
2025-02-24 20:00:00,1.04724,1.04859,1.04707,1.04805,1977.0
2025-02-24 21:00:00,1.04805,1.04842,1.0473,1.04753,2372.0
2025-02-24 22:00:00,1.04753,1.04795,1.04647,1.04652,2941.0
2025-02-24 23:00:00,1.04652,1.0468,1.0462,1.04677,1139.0
2025-02-25 00:00:00,1.04673,1.04696,1.04626,1.04683,527.0
2025-02-25 01:00:00,1.04683,1.04692,1.04603,1.04612,866.0
2025-02-25 02:00:00,1.04612,1.04643,1.04598,1.04632,1793.0
2025-02-25 03:00:00,1.04632,1.04656,1.04607,1.04653,2618.0
2025-02-25 04:00:00,1.04653,1.0475,1.04651,1.04747,2528.0
2025-02-25 05:00:00,1.04747,1.04764,1.04713,1.04732,2021.0
2025-02-25 06:00:00,1.04732,1.04772,1.04725,1.04731,1389.0
2025-02-25 07:00:00,1.04731,1.04783,1.04722,1.04774,1603.0
2025-02-25 08:00:00,1.04774,1.04803,1.04726,1.04771,2107.0
2025-02-25 09:00:00,1.04771,1.04778,1.04635,1.04642,3627.0
2025-02-25 10:00:00,1.04644,1.04787,1.04564,1.04701,4281.0
2025-02-25 11:00:00,1.04701,1.04788,1.04685,1.04732,3277.0
2025-02-25 12:00:00,1.04732,1.04743,1.04653,1.04727,2445.0
2025-02-25 13:00:00,1.04727,1.04898,1.04716,1.04895,2626.0
2025-02-25 14:00:00,1.04895,1.05003,1.04883,1.04937,3436.0
2025-02-25 15:00:00,1.04937,1.05096,1.04937,1.0500099999999999,3240.0
2025-02-25 16:00:00,1.05002,1.05051,1.04918,1.05024,3875.0
2025-02-25 17:00:00,1.05024,1.05193,1.0495,1.04985,5426.0
2025-02-25 18:00:00,1.04985,1.05061,1.04948,1.04976,4165.0
2025-02-25 19:00:00,1.04977,1.05024,1.0484,1.05023,2977.0
2025-02-25 20:00:00,1.05023,1.05182,1.05023,1.05086,2664.0
2025-02-25 21:00:00,1.05086,1.05129,1.05046,1.05105,2309.0
2025-02-25 22:00:00,1.05105,1.05191,1.05091,1.05163,2340.0
2025-02-25 23:00:00,1.05163,1.05178,1.0513,1.05148,1314.0
2025-02-26 00:00:00,1.0513,1.0514000000000001,1.05088,1.05135,656.0
2025-02-26 01:00:00,1.05135,1.05229,1.05111,1.05205,1353.0
2025-02-26 02:00:00,1.05205,1.05249,1.05198,1.05228,1775.0
2025-02-26 03:00:00,1.05228,1.05238,1.0514000000000001,1.05154,2797.0
2025-02-26 04:00:00,1.05154,1.05171,1.05043,1.05066,2484.0
2025-02-26 05:00:00,1.05066,1.05088,1.05013,1.05047,1582.0
2025-02-26 06:00:00,1.05047,1.05053,1.04968,1.04972,1129.0
2025-02-26 07:00:00,1.04972,1.04982,1.04906,1.04914,1828.0
2025-02-26 08:00:00,1.04914,1.04965,1.04872,1.04946,1927.0
2025-02-26 09:00:00,1.04946,1.05014,1.04926,1.04939,3167.0
2025-02-26 10:00:00,1.04939,1.05117,1.04916,1.05026,3507.0
2025-02-26 11:00:00,1.05026,1.05032,1.04948,1.04971,2576.0
2025-02-26 12:00:00,1.04971,1.0501,1.04912,1.04976,2650.0
2025-02-26 13:00:00,1.04976,1.05021,1.04867,1.04917,2260.0
2025-02-26 14:00:00,1.04917,1.04951,1.04751,1.04769,2561.0
2025-02-26 15:00:00,1.04769,1.04947,1.04767,1.04842,3379.0
2025-02-26 16:00:00,1.04843,1.04928,1.04824,1.04899,4234.0
2025-02-26 17:00:00,1.04898,1.05093,1.04795,1.0506,5038.0
2025-02-26 18:00:00,1.0506,1.05156,1.05021,1.05137,3821.0
2025-02-26 19:00:00,1.05138,1.05288,1.04831,1.04924,5998.0
2025-02-26 20:00:00,1.04924,1.05004,1.0485,1.04882,3715.0
2025-02-26 21:00:00,1.04882,1.04935,1.04821,1.04912,3031.0
2025-02-26 22:00:00,1.04912,1.04912,1.04807,1.04862,1881.0
2025-02-26 23:00:00,1.04862,1.0488,1.04786,1.04848,1264.0
2025-02-27 00:00:00,1.04841,1.04878,1.04794,1.04871,453.0
2025-02-27 01:00:00,1.04871,1.04926,1.04853,1.0488,766.0
2025-02-27 02:00:00,1.0488,1.0488,1.04769,1.04774,1866.0
2025-02-27 03:00:00,1.04774,1.04835,1.04731,1.04784,2728.0
2025-02-27 04:00:00,1.04784,1.04806,1.04705,1.04711,2524.0
2025-02-27 05:00:00,1.04711,1.04745,1.04648,1.04657,1675.0
2025-02-27 06:00:00,1.04657,1.04696,1.04591,1.04631,2200.0
2025-02-27 07:00:00,1.04631,1.04654,1.04618,1.04652,1705.0
2025-02-27 08:00:00,1.04652,1.04728,1.0464,1.04717,1961.0
2025-02-27 09:00:00,1.04717,1.04802,1.04686,1.04753,2821.0
2025-02-27 10:00:00,1.04753,1.04803,1.04704,1.04785,3367.0
2025-02-27 11:00:00,1.04785,1.04852,1.04753,1.04841,2592.0
2025-02-27 12:00:00,1.04842,1.04842,1.04738,1.04815,2674.0
2025-02-27 13:00:00,1.04817,1.04873,1.0476,1.0476,2179.0
2025-02-27 14:00:00,1.0476,1.0484,1.04733,1.04767,2560.0
2025-02-27 15:00:00,1.04767,1.04886,1.04197,1.04236,6568.0
2025-02-27 16:00:00,1.0423499999999999,1.04417,1.0414,1.04203,6421.0
2025-02-27 17:00:00,1.04203,1.04279,1.04097,1.04151,5494.0
2025-02-27 18:00:00,1.04151,1.04161,1.04034,1.04138,3673.0
2025-02-27 19:00:00,1.04138,1.04183,1.04005,1.04074,2876.0
2025-02-27 20:00:00,1.04074,1.04176,1.04074,1.04171,2244.0
2025-02-27 21:00:00,1.04171,1.04177,1.04033,1.04046,2219.0
2025-02-27 22:00:00,1.04046,1.04085,1.04015,1.04054,2426.0
2025-02-27 23:00:00,1.04053,1.04055,1.03965,1.03979,1336.0
2025-02-28 00:00:00,1.03976,1.03983,1.0388,1.03935,517.0
2025-02-28 01:00:00,1.03935,1.04005,1.03915,1.0394,1002.0
2025-02-28 02:00:00,1.0394,1.04029,1.03939,1.04025,2058.0
2025-02-28 03:00:00,1.04025,1.04042,1.03845,1.03851,3091.0
2025-02-28 04:00:00,1.03851,1.03917,1.03807,1.03824,2850.0
2025-02-28 05:00:00,1.03824,1.03896,1.03812,1.03884,1970.0
2025-02-28 06:00:00,1.03884,1.0391,1.03861,1.03865,1559.0
2025-02-28 07:00:00,1.03865,1.03903,1.03842,1.0389,1724.0
2025-02-28 08:00:00,1.0389,1.03893,1.03828,1.03878,2342.0
2025-02-28 09:00:00,1.03878,1.04007,1.03857,1.03962,3298.0
2025-02-28 10:00:00,1.03962,1.04044,1.03951,1.04013,3244.0
2025-02-28 11:00:00,1.04013,1.04079,1.03946,1.03954,3092.0
2025-02-28 12:00:00,1.03954,1.04059,1.03924,1.03992,2128.0
2025-02-28 13:00:00,1.03992,1.04013,1.03934,1.03986,1997.0
2025-02-28 14:00:00,1.03986,1.04079,1.0398,1.04072,2636.0
2025-02-28 15:00:00,1.04072,1.04162,1.04053,1.04069,4173.0
2025-02-28 16:00:00,1.04069,1.04143,1.04008,1.04099,4055.0
2025-02-28 17:00:00,1.04098,1.042,1.03934,1.04001,5076.0
2025-02-28 18:00:00,1.04001,1.04116,1.0398,1.04017,4926.0
2025-02-28 19:00:00,1.04017,1.04101,1.039,1.03965,3739.0
2025-02-28 20:00:00,1.03965,1.03982,1.03627,1.03637,5327.0
2025-03-03 00:00:00,1.03925,1.04033,1.03907,1.04027,277.0
2025-03-03 01:00:00,1.04027,1.04211,1.03997,1.04123,2154.0
2025-03-03 02:00:00,1.04123,1.04199,1.04024,1.04094,2934.0
2025-03-03 03:00:00,1.04094,1.04232,1.04075,1.04199,3292.0
2025-03-03 04:00:00,1.04199,1.04234,1.04149,1.04199,2343.0
2025-03-03 05:00:00,1.04199,1.042,1.041,1.04171,2640.0
2025-03-03 06:00:00,1.04171,1.04206,1.04167,1.04179,1367.0
2025-03-03 07:00:00,1.04179,1.04195,1.04124,1.04144,1478.0
2025-03-03 08:00:00,1.04144,1.04165,1.04068,1.04084,2326.0
2025-03-03 09:00:00,1.04084,1.04103,1.04018,1.04056,3279.0
2025-03-03 10:00:00,1.04057,1.04068,1.03887,1.04013,3565.0
2025-03-03 11:00:00,1.04013,1.0429,1.04013,1.04273,2882.0
2025-03-03 12:00:00,1.04275,1.04448,1.04273,1.0442,4177.0
2025-03-03 13:00:00,1.0442,1.04578,1.04405,1.04526,3397.0
2025-03-03 14:00:00,1.04526,1.04762,1.04526,1.04705,4234.0
2025-03-03 15:00:00,1.04705,1.04764,1.04596,1.04721,3350.0
2025-03-03 16:00:00,1.04721,1.04908,1.04688,1.04812,4114.0
2025-03-03 17:00:00,1.0481,1.05038,1.04736,1.04846,6070.0
2025-03-03 18:00:00,1.04846,1.05015,1.04841,1.04961,3687.0
2025-03-03 19:00:00,1.04961,1.04969,1.04867,1.04904,2513.0
2025-03-03 20:00:00,1.04904,1.05037,1.04822,1.04872,3111.0
2025-03-03 21:00:00,1.04872,1.04937,1.04724,1.0473,3260.0
2025-03-03 22:00:00,1.0473,1.04851,1.04668,1.04824,5753.0
2025-03-03 23:00:00,1.04824,1.04926,1.04805,1.04878,2056.0
2025-03-04 00:00:00,1.0486,1.04882,1.04803,1.04873,656.0
2025-03-04 01:00:00,1.04873,1.04925,1.04767,1.04857,1459.0
2025-03-04 02:00:00,1.04857,1.04888,1.04768,1.04881,3089.0
2025-03-04 03:00:00,1.04881,1.04961,1.04824,1.04884,4263.0
2025-03-04 04:00:00,1.04884,1.04899,1.04801,1.04808,2737.0
2025-03-04 05:00:00,1.04808,1.04839,1.04749,1.04774,3056.0
2025-03-04 06:00:00,1.04773,1.04806,1.04714,1.04782,2300.0
2025-03-04 07:00:00,1.04782,1.04865,1.04712,1.04834,3232.0
2025-03-04 08:00:00,1.04834,1.04898,1.0479,1.04861,2468.0
2025-03-04 09:00:00,1.04861,1.05006,1.04811,1.0493,4432.0
2025-03-04 10:00:00,1.04931,1.05242,1.04864,1.05189,5475.0
2025-03-04 11:00:00,1.05189,1.05275,1.05114,1.05122,2943.0
2025-03-04 12:00:00,1.0512,1.05195,1.05026,1.05114,3759.0
2025-03-04 13:00:00,1.05114,1.05447,1.05098,1.05444,3567.0
2025-03-04 14:00:00,1.05444,1.05568,1.05361,1.05531,4370.0
2025-03-04 15:00:00,1.05531,1.05596,1.05308,1.05389,5438.0
2025-03-04 16:00:00,1.05391,1.05487,1.05206,1.05215,5858.0
2025-03-04 17:00:00,1.05215,1.05282,1.04965,1.05264,5890.0
2025-03-04 18:00:00,1.05264,1.05395,1.05154,1.05337,5178.0
2025-03-04 19:00:00,1.05337,1.05441,1.05306,1.05418,4993.0
2025-03-04 20:00:00,1.05418,1.05912,1.05378,1.0590600000000001,5652.0
2025-03-04 21:00:00,1.0590600000000001,1.06022,1.05865,1.06008,3754.0
2025-03-04 22:00:00,1.06008,1.0624,1.06008,1.06085,4222.0
2025-03-04 23:00:00,1.06085,1.0627,1.06083,1.06251,3666.0
2025-03-05 00:00:00,1.06253,1.06253,1.06156,1.06193,821.0
2025-03-05 01:00:00,1.06193,1.06371,1.0619,1.06232,2082.0
2025-03-05 02:00:00,1.06232,1.06274,1.06109,1.06211,3155.0
2025-03-05 03:00:00,1.06211,1.06274,1.06086,1.06125,5132.0
2025-03-05 04:00:00,1.06125,1.06158,1.06039,1.06042,3570.0
2025-03-05 05:00:00,1.06041,1.06205,1.06021,1.06182,3828.0
2025-03-05 06:00:00,1.06183,1.06259,1.06156,1.0619,2572.0
2025-03-05 07:00:00,1.0619,1.06325,1.06189,1.0631599999999999,2106.0
2025-03-05 08:00:00,1.0631599999999999,1.06392,1.06244,1.06325,3034.0
2025-03-05 09:00:00,1.06325,1.06765,1.06298,1.06747,5877.0
2025-03-05 10:00:00,1.06743,1.06998,1.06588,1.06981,6446.0
2025-03-05 11:00:00,1.06981,1.07221,1.06956,1.07119,5683.0
2025-03-05 12:00:00,1.07119,1.07152,1.06837,1.06972,4012.0
2025-03-05 13:00:00,1.06972,1.06986,1.06765,1.06788,3399.0
2025-03-05 14:00:00,1.06788,1.0714,1.06788,1.06958,4567.0
2025-03-05 15:00:00,1.06959,1.07224,1.06868,1.07158,6916.0
2025-03-05 16:00:00,1.07158,1.0777,1.07139,1.07686,7597.0
2025-03-05 17:00:00,1.07684,1.07695,1.07412,1.07653,8048.0
2025-03-05 18:00:00,1.07652,1.0787,1.07613,1.0767,6771.0
2025-03-05 19:00:00,1.07668,1.0788,1.07625,1.07851,5489.0
2025-03-05 20:00:00,1.07851,1.07889,1.0764,1.07738,5323.0
2025-03-05 21:00:00,1.07738,1.0790899999999999,1.07702,1.07903,3249.0
2025-03-05 22:00:00,1.07903,1.07968,1.07878,1.07923,2421.0
2025-03-05 23:00:00,1.07922,1.07928,1.07857,1.07892,1742.0
2025-03-06 00:00:00,1.07866,1.07921,1.07852,1.07897,473.0
2025-03-06 01:00:00,1.07897,1.07952,1.07873,1.07943,1248.0
2025-03-06 02:00:00,1.07943,1.08031,1.07874,1.07944,2561.0
2025-03-06 03:00:00,1.07944,1.0820400000000001,1.07896,1.08152,3241.0
2025-03-06 04:00:00,1.08152,1.08193,1.07979,1.08052,3275.0
2025-03-06 05:00:00,1.08052,1.08055,1.07882,1.07896,2350.0
2025-03-06 06:00:00,1.07896,1.08043,1.07842,1.08036,2097.0
2025-03-06 07:00:00,1.08036,1.08119,1.08002,1.08103,2668.0
2025-03-06 08:00:00,1.08103,1.08202,1.07992,1.08029,3284.0
2025-03-06 09:00:00,1.08029,1.08223,1.0792,1.07993,6037.0
2025-03-06 10:00:00,1.07992,1.08169,1.07933,1.08013,7212.0
2025-03-06 11:00:00,1.08013,1.08069,1.07803,1.07999,5525.0
2025-03-06 12:00:00,1.07999,1.08033,1.07831,1.07921,4214.0
2025-03-06 13:00:00,1.07921,1.08009,1.07832,1.07992,3537.0
2025-03-06 14:00:00,1.07992,1.08072,1.07881,1.08002,3557.0
2025-03-06 15:00:00,1.08002,1.08451,1.0787,1.08263,7112.0
2025-03-06 16:00:00,1.08262,1.08413,1.08113,1.08372,8589.0
2025-03-06 17:00:00,1.08372,1.08534,1.08115,1.08173,7541.0
2025-03-06 18:00:00,1.08173,1.08377,1.08154,1.08175,6334.0
2025-03-06 19:00:00,1.08176,1.08224,1.07916,1.07973,5200.0
2025-03-06 20:00:00,1.07973,1.08017,1.07656,1.07839,3993.0
2025-03-06 21:00:00,1.07839,1.08115,1.07829,1.08016,3432.0
2025-03-06 22:00:00,1.08017,1.08034,1.07856,1.07865,3045.0
2025-03-06 23:00:00,1.07868,1.07905,1.0775,1.0783800000000001,1550.0
2025-03-07 00:00:00,1.07823,1.07905,1.07789,1.07882,1009.0
2025-03-07 01:00:00,1.07882,1.07965,1.0784799999999999,1.07874,1400.0
2025-03-07 02:00:00,1.07874,1.07953,1.0787,1.07876,2410.0
2025-03-07 03:00:00,1.07876,1.07928,1.07813,1.079,3165.0
2025-03-07 04:00:00,1.079,1.07995,1.07847,1.07993,2674.0
2025-03-07 05:00:00,1.07992,1.08148,1.07964,1.08058,2293.0
2025-03-07 06:00:00,1.08058,1.08133,1.0803,1.08131,1907.0
2025-03-07 07:00:00,1.08131,1.08177,1.08076,1.08134,1797.0
2025-03-07 08:00:00,1.08134,1.08253,1.08081,1.08237,2787.0
2025-03-07 09:00:00,1.08237,1.08408,1.082,1.08298,4020.0
2025-03-07 10:00:00,1.08298,1.08552,1.08262,1.08509,4741.0
2025-03-07 11:00:00,1.08509,1.08714,1.08445,1.08615,4551.0
2025-03-07 12:00:00,1.08615,1.08672,1.08573,1.08608,3795.0
2025-03-07 13:00:00,1.08608,1.08608,1.08446,1.08494,3342.0
2025-03-07 14:00:00,1.08495,1.08573,1.08413,1.08545,4340.0
2025-03-07 15:00:00,1.08545,1.08889,1.08432,1.08449,8187.0
2025-03-07 16:00:00,1.08446,1.08822,1.08442,1.08537,8104.0
2025-03-07 17:00:00,1.08538,1.08859,1.08355,1.08699,7094.0
2025-03-07 18:00:00,1.087,1.08728,1.08376,1.08588,4913.0
2025-03-07 19:00:00,1.08588,1.08644,1.0832,1.08434,5459.0
2025-03-07 20:00:00,1.08434,1.08445,1.08257,1.08401,3614.0
2025-03-10 00:00:00,1.08325,1.08394,1.08195,1.08393,401.0
2025-03-10 01:00:00,1.08393,1.08597,1.0838700000000001,1.08496,2338.0
2025-03-10 02:00:00,1.08496,1.08656,1.08485,1.08602,2147.0
2025-03-10 03:00:00,1.08602,1.08674,1.08529,1.08642,2899.0
2025-03-10 04:00:00,1.08642,1.08713,1.08528,1.0853,3247.0
2025-03-10 05:00:00,1.08531,1.0856,1.08359,1.0836999999999999,2604.0
2025-03-10 06:00:00,1.08371,1.08386,1.08303,1.08316,2207.0
2025-03-10 07:00:00,1.08316,1.08378,1.08304,1.08308,1530.0
2025-03-10 08:00:00,1.08308,1.08357,1.08279,1.08352,2225.0
2025-03-10 09:00:00,1.08352,1.08449,1.08346,1.08373,2878.0
2025-03-10 10:00:00,1.08373,1.08442,1.08111,1.08223,4386.0
2025-03-10 11:00:00,1.08227,1.08243,1.0805,1.08101,5656.0
2025-03-10 12:00:00,1.08101,1.08568,1.08088,1.08512,5057.0
2025-03-10 13:00:00,1.08512,1.08747,1.08507,1.08612,4586.0
2025-03-10 14:00:00,1.08612,1.08647,1.08125,1.08507,5334.0
2025-03-10 15:00:00,1.08507,1.08601,1.08421,1.08441,4182.0
2025-03-10 16:00:00,1.08441,1.08508,1.08335,1.08352,4148.0
2025-03-10 17:00:00,1.08352,1.08468,1.08315,1.08453,4738.0
2025-03-10 18:00:00,1.08453,1.0848200000000001,1.08208,1.08372,4518.0
2025-03-10 19:00:00,1.0836999999999999,1.0842,1.08281,1.08305,3714.0
2025-03-10 20:00:00,1.08304,1.08458,1.08258,1.08299,3084.0
2025-03-10 21:00:00,1.08299,1.08352,1.08177,1.08297,3055.0
2025-03-10 22:00:00,1.08297,1.08329,1.08176,1.08318,2365.0
2025-03-10 23:00:00,1.08318,1.08363,1.08258,1.08354,1462.0
2025-03-11 00:00:00,1.0833,1.08354,1.0826,1.08344,286.0
2025-03-11 01:00:00,1.08344,1.08417,1.08332,1.08348,923.0
2025-03-11 02:00:00,1.08348,1.08437,1.08348,1.08394,1432.0
2025-03-11 03:00:00,1.08394,1.08536,1.08391,1.08516,2637.0
2025-03-11 04:00:00,1.08516,1.08589,1.08437,1.08581,3220.0
2025-03-11 05:00:00,1.08581,1.08606,1.08502,1.0856,2703.0
2025-03-11 06:00:00,1.0856,1.08599,1.0849,1.08545,2068.0
2025-03-11 07:00:00,1.08545,1.08616,1.08505,1.08545,1477.0
2025-03-11 08:00:00,1.08545,1.08558,1.08356,1.08385,2136.0
2025-03-11 09:00:00,1.08385,1.08761,1.08367,1.08565,3798.0
2025-03-11 10:00:00,1.08565,1.09016,1.0855299999999999,1.08907,5351.0
2025-03-11 11:00:00,1.08907,1.09193,1.08849,1.09172,5531.0
2025-03-11 12:00:00,1.09172,1.09211,1.08962,1.09085,4407.0
2025-03-11 13:00:00,1.09086,1.09086,1.08824,1.08906,3529.0
2025-03-11 14:00:00,1.08906,1.09048,1.08812,1.09046,3080.0
2025-03-11 15:00:00,1.09046,1.09206,1.09026,1.09182,4296.0
2025-03-11 16:00:00,1.09182,1.09308,1.09115,1.09193,4656.0
2025-03-11 17:00:00,1.09193,1.09205,1.0895,1.09192,7305.0
2025-03-11 18:00:00,1.09194,1.09288,1.09122,1.09273,4939.0
2025-03-11 19:00:00,1.09273,1.09294,1.09181,1.09252,3409.0
2025-03-11 20:00:00,1.09252,1.09351,1.09241,1.09343,3021.0
2025-03-11 21:00:00,1.09343,1.09474,1.09252,1.09311,4550.0
2025-03-11 22:00:00,1.09311,1.09339,1.0919699999999999,1.092,2900.0
2025-03-11 23:00:00,1.092,1.09211,1.09102,1.09193,1435.0
2025-03-12 00:00:00,1.0918,1.09189,1.09068,1.09101,637.0
2025-03-12 01:00:00,1.09101,1.09184,1.09101,1.09158,1102.0
2025-03-12 02:00:00,1.09158,1.09178,1.09133,1.09142,973.0
2025-03-12 03:00:00,1.09142,1.09158,1.09057,1.0909,2133.0
2025-03-12 04:00:00,1.0909,1.09155,1.09061,1.09065,2833.0
2025-03-12 05:00:00,1.09065,1.09116,1.09036,1.09038,2737.0
2025-03-12 06:00:00,1.09038,1.09048,1.08961,1.08973,1706.0
2025-03-12 07:00:00,1.08973,1.09027,1.08959,1.08989,1778.0
2025-03-12 08:00:00,1.08989,1.09045,1.0895299999999999,1.09036,2396.0
2025-03-12 09:00:00,1.09036,1.09089,1.0892,1.08923,3013.0
2025-03-12 10:00:00,1.08922,1.09032,1.08875,1.09018,4030.0
2025-03-12 11:00:00,1.09018,1.09217,1.08978,1.09215,5169.0
2025-03-12 12:00:00,1.09215,1.09262,1.09135,1.09145,4365.0
2025-03-12 13:00:00,1.09145,1.09211,1.09046,1.09063,2955.0
2025-03-12 14:00:00,1.09063,1.09129,1.08994,1.0901,3311.0
2025-03-12 15:00:00,1.0901,1.09301,1.08762,1.08781,7672.0
2025-03-12 16:00:00,1.08781,1.08964,1.08757,1.08823,6977.0
2025-03-12 17:00:00,1.08823,1.09138,1.08812,1.09129,5209.0
2025-03-12 18:00:00,1.09129,1.09244,1.09101,1.09244,4389.0
2025-03-12 19:00:00,1.09244,1.0928,1.09058,1.09059,3634.0
2025-03-12 20:00:00,1.09059,1.09143,1.09034,1.0907,2946.0
2025-03-12 21:00:00,1.0907,1.09096,1.08797,1.08847,2650.0
2025-03-12 22:00:00,1.08847,1.08975,1.0883099999999999,1.08902,2340.0
2025-03-12 23:00:00,1.08903,1.08937,1.08863,1.08871,1202.0
2025-03-13 00:00:00,1.0887,1.0889199999999999,1.08834,1.08861,354.0
2025-03-13 01:00:00,1.08861,1.089,1.08861,1.08893,655.0
2025-03-13 02:00:00,1.08893,1.089,1.08833,1.08854,764.0
2025-03-13 03:00:00,1.08854,1.08919,1.08827,1.08916,1416.0
2025-03-13 04:00:00,1.08917,1.08934,1.08864,1.0889199999999999,2230.0
2025-03-13 05:00:00,1.0889199999999999,1.08973,1.08889,1.08956,1783.0
2025-03-13 06:00:00,1.08956,1.08957,1.08851,1.08852,1375.0
2025-03-13 07:00:00,1.08852,1.08935,1.08817,1.08934,1544.0
2025-03-13 08:00:00,1.08934,1.08934,1.08793,1.08854,1844.0
2025-03-13 09:00:00,1.08854,1.08857,1.08694,1.08747,2693.0
2025-03-13 10:00:00,1.08747,1.08851,1.08599,1.08655,3726.0
2025-03-13 11:00:00,1.08654,1.0884,1.08591,1.08733,5006.0
2025-03-13 12:00:00,1.08733,1.08855,1.08687,1.08795,3552.0
2025-03-13 13:00:00,1.08795,1.08829,1.08624,1.08702,3116.0
2025-03-13 14:00:00,1.08702,1.08739,1.08447,1.08562,4386.0
2025-03-13 15:00:00,1.08562,1.08758,1.08263,1.08349,6752.0
2025-03-13 16:00:00,1.0835,1.08532,1.08225,1.08474,5305.0
2025-03-13 17:00:00,1.08474,1.08698,1.0846,1.08651,4998.0
2025-03-13 18:00:00,1.08651,1.08719,1.0854300000000001,1.08585,5368.0
2025-03-13 19:00:00,1.08585,1.08782,1.08554,1.0872600000000001,3990.0
2025-03-13 20:00:00,1.0872600000000001,1.08735,1.08544,1.08548,3438.0
2025-03-13 21:00:00,1.08548,1.08581,1.08521,1.08538,2744.0
2025-03-13 22:00:00,1.08538,1.0857,1.08477,1.08484,2025.0
2025-03-13 23:00:00,1.08483,1.08555,1.08465,1.08514,1074.0
2025-03-14 00:00:00,1.08503,1.0855,1.08452,1.08511,501.0
2025-03-14 01:00:00,1.08511,1.08556,1.08511,1.08525,722.0
2025-03-14 02:00:00,1.08525,1.0855299999999999,1.08502,1.0855,874.0
2025-03-14 03:00:00,1.0855,1.08588,1.08483,1.08491,1744.0
2025-03-14 04:00:00,1.08491,1.08493,1.08407,1.08409,2355.0
2025-03-14 05:00:00,1.08409,1.08432,1.08343,1.08402,1824.0
2025-03-14 06:00:00,1.08402,1.0846,1.08379,1.08456,2010.0
2025-03-14 07:00:00,1.08457,1.08463,1.08377,1.08411,1699.0
2025-03-14 08:00:00,1.08411,1.08515,1.08409,1.08508,1839.0
2025-03-14 09:00:00,1.08508,1.08508,1.08351,1.08386,2335.0
2025-03-14 10:00:00,1.08385,1.08473,1.08307,1.08393,4370.0
2025-03-14 11:00:00,1.08393,1.08568,1.08355,1.08539,3943.0
2025-03-14 12:00:00,1.08539,1.08622,1.08469,1.08524,3502.0
2025-03-14 13:00:00,1.08524,1.09128,1.08516,1.08949,6357.0
2025-03-14 14:00:00,1.08949,1.09094,1.08875,1.08968,6414.0
2025-03-14 15:00:00,1.08968,1.09115,1.08901,1.08948,4164.0
2025-03-14 16:00:00,1.08948,1.08981,1.08703,1.08738,4616.0
2025-03-14 17:00:00,1.0874,1.08866,1.08655,1.08779,5280.0
2025-03-14 18:00:00,1.08779,1.08868,1.08669,1.08715,4804.0
2025-03-14 19:00:00,1.08715,1.08899,1.08706,1.08832,3029.0
2025-03-14 20:00:00,1.0883099999999999,1.08881,1.08791,1.08823,2142.0
2025-03-17 00:00:00,1.08771,1.08819,1.08706,1.088,404.0
2025-03-17 01:00:00,1.088,1.08854,1.08748,1.08815,1489.0
2025-03-17 02:00:00,1.08815,1.08855,1.08793,1.08796,1076.0
2025-03-17 03:00:00,1.08796,1.08829,1.08755,1.08795,1539.0
2025-03-17 04:00:00,1.08795,1.08903,1.08742,1.0883,2401.0
2025-03-17 05:00:00,1.0883,1.08859,1.08795,1.08813,1694.0
2025-03-17 06:00:00,1.08813,1.08863,1.0877,1.08836,1178.0
2025-03-17 07:00:00,1.08836,1.0894,1.08778,1.08822,1714.0
2025-03-17 08:00:00,1.08822,1.08824,1.08738,1.08775,1513.0
2025-03-17 09:00:00,1.08775,1.08844,1.08733,1.08779,1665.0
2025-03-17 10:00:00,1.08779,1.08846,1.08686,1.08763,3305.0
2025-03-17 11:00:00,1.08763,1.08869,1.08707,1.08838,3948.0
2025-03-17 12:00:00,1.08838,1.09005,1.08771,1.08999,3458.0
2025-03-17 13:00:00,1.08999,1.091,1.08965,1.09078,2499.0
2025-03-17 14:00:00,1.09078,1.09119,1.08962,1.09021,2347.0
2025-03-17 15:00:00,1.09021,1.09074,1.08875,1.09018,4777.0
2025-03-17 16:00:00,1.09018,1.09065,1.08972,1.0905,4275.0
2025-03-17 17:00:00,1.0905,1.09185,1.09022,1.09161,3819.0
2025-03-17 18:00:00,1.09161,1.09297,1.09157,1.09215,3229.0
2025-03-17 19:00:00,1.09215,1.09262,1.09144,1.09212,2388.0
2025-03-17 20:00:00,1.09212,1.09239,1.09117,1.09142,2078.0
2025-03-17 21:00:00,1.09142,1.09264,1.09128,1.09253,2016.0
2025-03-17 22:00:00,1.09253,1.09254,1.09185,1.09207,1444.0
2025-03-17 23:00:00,1.09207,1.09278,1.09204,1.09214,1123.0
2025-03-18 00:00:00,1.09218,1.09222,1.0915,1.09215,496.0
2025-03-18 01:00:00,1.09215,1.0923,1.09193,1.09213,696.0
2025-03-18 02:00:00,1.09213,1.09219,1.0918,1.09181,751.0
2025-03-18 03:00:00,1.09181,1.09212,1.09151,1.0916,1793.0
2025-03-18 04:00:00,1.0916,1.09191,1.09123,1.09135,1802.0
2025-03-18 05:00:00,1.09135,1.09162,1.0908,1.09087,1634.0
2025-03-18 06:00:00,1.09087,1.09111,1.09063,1.09084,1112.0
2025-03-18 07:00:00,1.09084,1.09116,1.0908,1.0911,980.0
2025-03-18 08:00:00,1.0911,1.09134,1.09074,1.09079,995.0
2025-03-18 09:00:00,1.09079,1.09214,1.09036,1.09208,1958.0
2025-03-18 10:00:00,1.09208,1.09366,1.09163,1.09351,2770.0
2025-03-18 11:00:00,1.09351,1.09547,1.09329,1.09515,3430.0
2025-03-18 12:00:00,1.09517,1.09532,1.09396,1.09504,2873.0
2025-03-18 13:00:00,1.09505,1.09525,1.09317,1.09342,3458.0
2025-03-18 14:00:00,1.09342,1.09373,1.09141,1.09164,2925.0
2025-03-18 15:00:00,1.09164,1.09239,1.08925,1.09116,3584.0
2025-03-18 16:00:00,1.09116,1.09209,1.09016,1.09126,3811.0
2025-03-18 17:00:00,1.09126,1.09196,1.09071,1.09167,3782.0
2025-03-18 18:00:00,1.09167,1.09342,1.08968,1.09266,4823.0
2025-03-18 19:00:00,1.09266,1.09401,1.09236,1.09387,3129.0
2025-03-18 20:00:00,1.09387,1.09519,1.09387,1.095,2714.0
2025-03-18 21:00:00,1.0950199999999999,1.09514,1.09408,1.0944,1660.0
2025-03-18 22:00:00,1.09442,1.09498,1.09416,1.09464,1571.0
2025-03-18 23:00:00,1.09464,1.09489,1.09429,1.09447,957.0
2025-03-19 00:00:00,1.09439,1.09457,1.09404,1.09437,574.0
2025-03-19 01:00:00,1.09437,1.09461,1.09405,1.09422,861.0
2025-03-19 02:00:00,1.09422,1.09439,1.09377,1.09386,710.0
2025-03-19 03:00:00,1.09386,1.09389,1.0931899999999999,1.09347,1356.0
2025-03-19 04:00:00,1.09347,1.09374,1.09337,1.09372,1111.0
2025-03-19 05:00:00,1.09372,1.09452,1.09358,1.0941,1129.0
2025-03-19 06:00:00,1.0941,1.09438,1.0933,1.09383,1022.0
2025-03-19 07:00:00,1.09383,1.09383,1.09281,1.093,975.0
2025-03-19 08:00:00,1.093,1.09363,1.09299,1.09312,1184.0
2025-03-19 09:00:00,1.09312,1.09325,1.09206,1.09208,1832.0
2025-03-19 10:00:00,1.09208,1.09232,1.08732,1.08928,4772.0
2025-03-19 11:00:00,1.08928,1.09105,1.08922,1.09073,3668.0
2025-03-19 12:00:00,1.09073,1.09103,1.08956,1.09025,2733.0
2025-03-19 13:00:00,1.09025,1.09044,1.08915,1.08999,2217.0
2025-03-19 14:00:00,1.08999,1.09132,1.08938,1.09084,2368.0
2025-03-19 15:00:00,1.09084,1.09177,1.08993,1.09013,3582.0
2025-03-19 16:00:00,1.09013,1.09039,1.08928,1.08945,3407.0
2025-03-19 17:00:00,1.08944,1.09007,1.08818,1.0884,2934.0
2025-03-19 18:00:00,1.0884,1.0888,1.08754,1.0877,2698.0
2025-03-19 19:00:00,1.0877,1.08864,1.08761,1.08853,2112.0
2025-03-19 20:00:00,1.08852,1.08855,1.08606,1.08687,2798.0
2025-03-19 21:00:00,1.08685,1.09134,1.08615,1.09082,7586.0
2025-03-19 22:00:00,1.0907499999999999,1.0913,1.08851,1.08991,5091.0
2025-03-19 23:00:00,1.08991,1.09061,1.08959,1.09025,1130.0
2025-03-20 00:00:00,1.0901,1.09047,1.08975,1.09047,238.0
2025-03-20 01:00:00,1.09047,1.09132,1.09036,1.09084,918.0
2025-03-20 02:00:00,1.09084,1.0912,1.09051,1.09117,849.0
2025-03-20 03:00:00,1.09117,1.09167,1.09038,1.09125,2174.0
2025-03-20 04:00:00,1.09125,1.09132,1.09037,1.0906,2265.0
2025-03-20 05:00:00,1.0906,1.09176,1.09055,1.09091,2146.0
2025-03-20 06:00:00,1.09091,1.09143,1.09071,1.09098,1627.0
2025-03-20 07:00:00,1.09098,1.09106,1.09004,1.09034,1271.0
2025-03-20 08:00:00,1.09034,1.09034,1.08908,1.08957,1234.0
2025-03-20 09:00:00,1.08957,1.0899,1.08898,1.08935,1977.0
2025-03-20 10:00:00,1.08935,1.08944,1.08647,1.08794,3358.0
2025-03-20 11:00:00,1.08794,1.08859,1.08632,1.08655,3887.0
2025-03-20 12:00:00,1.08654,1.08685,1.08385,1.08523,4252.0
2025-03-20 13:00:00,1.08523,1.08548,1.08334,1.08459,3874.0
2025-03-20 14:00:00,1.08459,1.08519,1.08394,1.08494,2633.0
2025-03-20 15:00:00,1.08494,1.08557,1.0830899999999999,1.08339,3777.0
2025-03-20 16:00:00,1.08339,1.08392,1.08147,1.08259,4087.0
2025-03-20 17:00:00,1.08256,1.08388,1.08228,1.08296,3644.0
2025-03-20 18:00:00,1.08296,1.08494,1.08234,1.08474,3189.0
2025-03-20 19:00:00,1.08474,1.08525,1.08423,1.08489,2628.0
2025-03-20 20:00:00,1.08489,1.08519,1.08391,1.08446,1866.0
2025-03-20 21:00:00,1.08447,1.08497,1.0842,1.08484,1625.0
2025-03-20 22:00:00,1.08484,1.0854300000000001,1.08472,1.08532,1220.0
2025-03-20 23:00:00,1.08532,1.08591,1.08517,1.08533,754.0
2025-03-21 00:00:00,1.08494,1.08544,1.0843,1.08534,301.0
2025-03-21 01:00:00,1.08534,1.08588,1.08533,1.08573,670.0
2025-03-21 02:00:00,1.08573,1.08578,1.08533,1.08533,716.0
2025-03-21 03:00:00,1.08533,1.08588,1.08507,1.08532,1482.0
2025-03-21 04:00:00,1.08532,1.08557,1.08485,1.08524,1856.0
2025-03-21 05:00:00,1.08524,1.08551,1.08423,1.08443,1531.0
2025-03-21 06:00:00,1.08443,1.08465,1.08334,1.08347,1313.0
2025-03-21 07:00:00,1.08347,1.08366,1.08276,1.08303,1135.0
2025-03-21 08:00:00,1.08303,1.08303,1.08201,1.08287,1762.0
2025-03-21 09:00:00,1.08287,1.08375,1.08244,1.08343,1868.0
2025-03-21 10:00:00,1.08343,1.08418,1.0827,1.08392,2601.0
2025-03-21 11:00:00,1.08392,1.08457,1.08241,1.08362,3192.0
2025-03-21 12:00:00,1.08362,1.08391,1.0824799999999999,1.08258,2163.0
2025-03-21 13:00:00,1.08258,1.08389,1.08258,1.08371,2300.0
2025-03-21 14:00:00,1.08371,1.08513,1.08352,1.08508,2423.0
2025-03-21 15:00:00,1.0851,1.08613,1.08297,1.08323,3801.0
2025-03-21 16:00:00,1.08322,1.0836,1.08252,1.08322,3885.0
2025-03-21 17:00:00,1.08322,1.08357,1.08188,1.08238,3664.0
2025-03-21 18:00:00,1.08238,1.08294,1.07973,1.08063,3708.0
2025-03-21 19:00:00,1.08063,1.08251,1.08046,1.08184,3613.0
2025-03-21 20:00:00,1.08184,1.08257,1.08053,1.08227,2388.0
2025-03-24 00:00:00,1.08127,1.08171,1.08104,1.08169,373.0
2025-03-24 01:00:00,1.08169,1.08302,1.08167,1.082,1377.0
2025-03-24 02:00:00,1.082,1.08372,1.08191,1.0836,1230.0
2025-03-24 03:00:00,1.0836,1.084,1.08325,1.08374,1814.0
2025-03-24 04:00:00,1.08373,1.08376,1.08229,1.08262,2339.0
2025-03-24 05:00:00,1.08262,1.08322,1.08245,1.08251,1866.0
2025-03-24 06:00:00,1.0825,1.08295,1.08201,1.08205,1583.0
2025-03-24 07:00:00,1.08205,1.08246,1.08171,1.08229,1386.0
2025-03-24 08:00:00,1.08229,1.08307,1.08182,1.08292,1788.0
2025-03-24 09:00:00,1.08292,1.08449,1.08281,1.08398,2252.0
2025-03-24 10:00:00,1.08398,1.085,1.08331,1.08381,2948.0
2025-03-24 11:00:00,1.08383,1.08584,1.08376,1.08429,4509.0
2025-03-24 12:00:00,1.0843099999999999,1.0845,1.08285,1.08394,3379.0
2025-03-24 13:00:00,1.08394,1.08549,1.08366,1.08481,2686.0
2025-03-24 14:00:00,1.08481,1.08495,1.08323,1.0832600000000001,2405.0
2025-03-24 15:00:00,1.0832600000000001,1.08346,1.08217,1.08298,2913.0
2025-03-24 16:00:00,1.08298,1.08307,1.07926,1.07937,4082.0
2025-03-24 17:00:00,1.07933,1.08203,1.07904,1.07996,4599.0
2025-03-24 18:00:00,1.07996,1.08055,1.07906,1.07939,3782.0
2025-03-24 19:00:00,1.07941,1.08074,1.07817,1.07918,3178.0
2025-03-24 20:00:00,1.07918,1.07964,1.07849,1.07878,2472.0
2025-03-24 21:00:00,1.07877,1.08133,1.07841,1.08053,2799.0
2025-03-24 22:00:00,1.08053,1.08072,1.07976,1.08023,1259.0
2025-03-24 23:00:00,1.08022,1.08063,1.07994,1.08008,914.0
2025-03-25 00:00:00,1.08003,1.08012,1.07956,1.07995,679.0
2025-03-25 01:00:00,1.07995,1.0803,1.07952,1.08025,662.0
2025-03-25 02:00:00,1.08025,1.08038,1.08006,1.08025,583.0
2025-03-25 03:00:00,1.08025,1.08026,1.07961,1.08003,1384.0
2025-03-25 04:00:00,1.08003,1.08083,1.08,1.08024,1802.0
2025-03-25 05:00:00,1.08024,1.08052,1.07942,1.07968,1643.0
2025-03-25 06:00:00,1.07968,1.08037,1.07961,1.0803,1399.0
2025-03-25 07:00:00,1.08032,1.0809,1.08028,1.08034,1320.0
2025-03-25 08:00:00,1.08034,1.08071,1.08014,1.08032,1229.0
2025-03-25 09:00:00,1.08032,1.08047,1.07929,1.07947,1813.0
2025-03-25 10:00:00,1.07948,1.08022,1.07852,1.07874,2831.0
2025-03-25 11:00:00,1.07874,1.07923,1.07771,1.07907,3320.0
2025-03-25 12:00:00,1.07906,1.08041,1.07875,1.08007,3196.0
2025-03-25 13:00:00,1.08007,1.08246,1.08,1.08203,3302.0
2025-03-25 14:00:00,1.08203,1.08277,1.0811,1.08179,2851.0
2025-03-25 15:00:00,1.08179,1.08302,1.08158,1.08252,2983.0
2025-03-25 16:00:00,1.08253,1.08279,1.0814,1.08148,3698.0
2025-03-25 17:00:00,1.08155,1.08219,1.08019,1.0812599999999999,4543.0
2025-03-25 18:00:00,1.0812599999999999,1.08198,1.07973,1.08033,3763.0
2025-03-25 19:00:00,1.08033,1.08132,1.0802,1.08066,2780.0
2025-03-25 20:00:00,1.08066,1.08171,1.0806,1.08099,2111.0
2025-03-25 21:00:00,1.08096,1.08096,1.07972,1.07985,1921.0
2025-03-25 22:00:00,1.07985,1.08019,1.07908,1.07955,2187.0
2025-03-25 23:00:00,1.07955,1.07959,1.079,1.07913,1102.0
2025-03-26 00:00:00,1.07901,1.07914,1.07872,1.07908,296.0
2025-03-26 01:00:00,1.07908,1.07933,1.0788,1.07886,893.0
2025-03-26 02:00:00,1.07886,1.0789,1.07856,1.0789,780.0
2025-03-26 03:00:00,1.0789,1.07924,1.07836,1.07844,1622.0
2025-03-26 04:00:00,1.07844,1.07956,1.0778,1.07937,2444.0
2025-03-26 05:00:00,1.07937,1.07973,1.07902,1.07952,1430.0
2025-03-26 06:00:00,1.07952,1.07963,1.0784,1.07862,1363.0
2025-03-26 07:00:00,1.07862,1.0788,1.07812,1.07843,1016.0
2025-03-26 08:00:00,1.07843,1.07871,1.07779,1.07854,1512.0
2025-03-26 09:00:00,1.07854,1.07885,1.07823,1.0787,1674.0
2025-03-26 10:00:00,1.0787,1.07915,1.07812,1.07861,3258.0
2025-03-26 11:00:00,1.07861,1.07998,1.07855,1.07993,3901.0
2025-03-26 12:00:00,1.07993,1.08028,1.07928,1.07959,2788.0
2025-03-26 13:00:00,1.07959,1.08018,1.07868,1.07919,2571.0
2025-03-26 14:00:00,1.07919,1.07978,1.07888,1.07923,2328.0
2025-03-26 15:00:00,1.07923,1.07937,1.07818,1.07843,3902.0
2025-03-26 16:00:00,1.07843,1.07907,1.07676,1.07748,4121.0
2025-03-26 17:00:00,1.07748,1.07954,1.07732,1.07907,4698.0
2025-03-26 18:00:00,1.07907,1.07944,1.07676,1.07808,3465.0
2025-03-26 19:00:00,1.07808,1.07917,1.0777,1.07877,3515.0
2025-03-26 20:00:00,1.07877,1.07894,1.07519,1.07567,4641.0
2025-03-26 21:00:00,1.07566,1.07614,1.07533,1.07553,2632.0
2025-03-26 22:00:00,1.07553,1.07558,1.07435,1.07514,1894.0
2025-03-26 23:00:00,1.07515,1.07567,1.07504,1.07525,1000.0
2025-03-27 00:00:00,1.07539,1.07558,1.07348,1.07364,575.0
2025-03-27 01:00:00,1.07364,1.07445,1.0733,1.07373,2010.0
2025-03-27 02:00:00,1.07371,1.07444,1.07356,1.0741,1510.0
2025-03-27 03:00:00,1.0741,1.07576,1.07408,1.07556,1721.0
2025-03-27 04:00:00,1.07555,1.07688,1.07552,1.07652,1973.0
2025-03-27 05:00:00,1.07652,1.07802,1.07651,1.07759,1420.0
2025-03-27 06:00:00,1.07759,1.07797,1.07731,1.07782,818.0
2025-03-27 07:00:00,1.07782,1.0787,1.07771,1.07803,969.0
2025-03-27 08:00:00,1.07803,1.07812,1.07639,1.07692,1169.0
2025-03-27 09:00:00,1.07691,1.07826,1.07682,1.07731,2074.0
2025-03-27 10:00:00,1.07731,1.07744,1.07541,1.07648,3998.0
2025-03-27 11:00:00,1.07648,1.07768,1.07557,1.07759,4562.0
2025-03-27 12:00:00,1.07759,1.0779,1.07611,1.07709,3283.0
2025-03-27 13:00:00,1.07709,1.07817,1.07666,1.07817,2986.0
2025-03-27 14:00:00,1.07817,1.07996,1.0778699999999999,1.0787,3083.0
2025-03-27 15:00:00,1.0787,1.07983,1.07833,1.07871,3367.0
2025-03-27 16:00:00,1.07871,1.07973,1.07765,1.07801,4134.0
2025-03-27 17:00:00,1.07803,1.07947,1.07773,1.07892,3900.0
2025-03-27 18:00:00,1.07892,1.08212,1.07856,1.07997,5026.0
2025-03-27 19:00:00,1.07997,1.07999,1.07917,1.07988,3627.0
2025-03-27 20:00:00,1.07991,1.08087,1.07896,1.07897,2748.0
2025-03-27 21:00:00,1.07897,1.07984,1.07892,1.07908,1940.0
2025-03-27 22:00:00,1.07908,1.07997,1.07883,1.07949,1512.0
2025-03-27 23:00:00,1.07949,1.08024,1.07938,1.08018,753.0
2025-03-28 00:00:00,1.08011,1.08011,1.07948,1.07975,136.0
2025-03-28 01:00:00,1.07975,1.07987,1.07954,1.07962,436.0
2025-03-28 02:00:00,1.07962,1.08015,1.07961,1.08008,643.0
2025-03-28 03:00:00,1.08008,1.08008,1.07882,1.07949,1447.0
2025-03-28 04:00:00,1.07949,1.07989,1.07916,1.07937,1616.0
2025-03-28 05:00:00,1.07937,1.07968,1.07904,1.07947,1283.0
2025-03-28 06:00:00,1.07947,1.07969,1.0790899999999999,1.0792,982.0
2025-03-28 07:00:00,1.0792,1.07931,1.07846,1.07885,956.0
2025-03-28 08:00:00,1.07885,1.0793,1.07865,1.0790899999999999,999.0
2025-03-28 09:00:00,1.0790899999999999,1.07922,1.07827,1.07852,1128.0
2025-03-28 10:00:00,1.07851,1.07999,1.07818,1.07874,2646.0
2025-03-28 11:00:00,1.07874,1.07965,1.07753,1.07783,3248.0
2025-03-28 12:00:00,1.07783,1.07806,1.07689,1.07737,2625.0
2025-03-28 13:00:00,1.07737,1.0778699999999999,1.07678,1.07687,2242.0
2025-03-28 14:00:00,1.07687,1.07748,1.07645,1.07719,1788.0
2025-03-28 15:00:00,1.07719,1.0792,1.07656,1.07891,3472.0
2025-03-28 16:00:00,1.07891,1.08168,1.07849,1.08108,5115.0
2025-03-28 17:00:00,1.08108,1.08315,1.08095,1.08232,5223.0
2025-03-28 18:00:00,1.08232,1.08448,1.08192,1.08251,4372.0
2025-03-28 19:00:00,1.08251,1.08332,1.082,1.08217,3003.0
2025-03-28 20:00:00,1.08217,1.08287,1.0812,1.08195,2461.0
2025-03-31 00:00:00,1.08225,1.08281,1.08146,1.08162,262.0
2025-03-31 01:00:00,1.08162,1.08225,1.08054,1.0821,1316.0
2025-03-31 02:00:00,1.0821,1.08294,1.0811,1.08236,1846.0
2025-03-31 03:00:00,1.08236,1.08416,1.08232,1.08416,2083.0
2025-03-31 04:00:00,1.08416,1.08454,1.08312,1.0832600000000001,2095.0
2025-03-31 05:00:00,1.0832600000000001,1.08458,1.08291,1.08405,1420.0
2025-03-31 06:00:00,1.08405,1.08415,1.08325,1.0833,1335.0
2025-03-31 07:00:00,1.0833,1.08359,1.08313,1.08342,1002.0
2025-03-31 08:00:00,1.08342,1.08428,1.08312,1.08345,1407.0
2025-03-31 09:00:00,1.08345,1.08448,1.0825,1.08374,3297.0
2025-03-31 10:00:00,1.08374,1.08494,1.08208,1.08318,4896.0
2025-03-31 11:00:00,1.08318,1.08342,1.08117,1.08274,3827.0
2025-03-31 12:00:00,1.08274,1.08305,1.08147,1.08162,2657.0
2025-03-31 13:00:00,1.08161,1.0821,1.08055,1.08184,2597.0
2025-03-31 14:00:00,1.08184,1.08293,1.08153,1.08197,2830.0
2025-03-31 15:00:00,1.08197,1.08211,1.0801,1.08037,2899.0
2025-03-31 16:00:00,1.08036,1.08214,1.08027,1.08083,3759.0
2025-03-31 17:00:00,1.08081,1.08088,1.0784,1.0802100000000001,4551.0
2025-03-31 18:00:00,1.0802100000000001,1.08167,1.07906,1.07941,4894.0
2025-03-31 19:00:00,1.07941,1.0816,1.0785,1.08118,3151.0
2025-03-31 20:00:00,1.08118,1.08176,1.08079,1.08148,1759.0
2025-03-31 21:00:00,1.08148,1.08178,1.08071,1.08147,2106.0
2025-03-31 22:00:00,1.08147,1.08199,1.08119,1.08142,1889.0
2025-03-31 23:00:00,1.08142,1.08189,1.08096,1.08149,908.0
2025-04-01 00:00:00,1.08152,1.08194,1.08152,1.08189,234.0
2025-04-01 01:00:00,1.082,1.082,1.08161,1.08186,751.0
2025-04-01 02:00:00,1.08185,1.08196,1.08141,1.08176,817.0
2025-04-01 03:00:00,1.08176,1.08266,1.08176,1.08252,1571.0
2025-04-01 04:00:00,1.08252,1.08268,1.08169,1.08206,1761.0
2025-04-01 05:00:00,1.08206,1.08283,1.08201,1.08242,1469.0
2025-04-01 06:00:00,1.08241,1.08279,1.08213,1.0827,1310.0
2025-04-01 07:00:00,1.0827,1.08301,1.0825,1.08251,1076.0
2025-04-01 08:00:00,1.08251,1.08252,1.08067,1.08072,1933.0
2025-04-01 09:00:00,1.08072,1.08106,1.07991,1.08083,3061.0
2025-04-01 10:00:00,1.08083,1.08125,1.07992,1.08018,3807.0
2025-04-01 11:00:00,1.08018,1.08181,1.08006,1.08177,2541.0
2025-04-01 12:00:00,1.08177,1.08293,1.08148,1.08173,2857.0
2025-04-01 13:00:00,1.08173,1.08186,1.07903,1.07983,3952.0
2025-04-01 14:00:00,1.07983,1.07984,1.07783,1.07811,3774.0
2025-04-01 15:00:00,1.07811,1.07952,1.07811,1.07873,3259.0
2025-04-01 16:00:00,1.07873,1.07954,1.07793,1.07871,3998.0
2025-04-01 17:00:00,1.07872,1.08124,1.07845,1.08075,5886.0
2025-04-01 18:00:00,1.08075,1.08124,1.07988,1.07994,4606.0
2025-04-01 19:00:00,1.07994,1.08031,1.07927,1.07997,3093.0
2025-04-01 20:00:00,1.07997,1.08047,1.07913,1.0793,2068.0
2025-04-01 21:00:00,1.0793,1.07949,1.07852,1.0787,2319.0
2025-04-01 22:00:00,1.0787,1.07908,1.07855,1.079,1585.0
2025-04-01 23:00:00,1.0789900000000001,1.08019,1.07887,1.07924,1172.0
2025-04-02 00:00:00,1.07933,1.07945,1.07882,1.07929,240.0
2025-04-02 01:00:00,1.07929,1.08081,1.07927,1.0799,1045.0
2025-04-02 02:00:00,1.0799,1.07997,1.07942,1.07943,893.0
2025-04-02 03:00:00,1.07943,1.0795,1.07891,1.07904,1676.0
2025-04-02 04:00:00,1.07904,1.0795,1.07872,1.07948,1321.0
2025-04-02 05:00:00,1.07948,1.08018,1.07941,1.07944,1281.0
2025-04-02 06:00:00,1.07944,1.08,1.07938,1.07958,945.0
2025-04-02 07:00:00,1.07958,1.07975,1.07925,1.07926,757.0
2025-04-02 08:00:00,1.07926,1.07926,1.07862,1.07896,1218.0
2025-04-02 09:00:00,1.07896,1.07964,1.07875,1.07928,2307.0
2025-04-02 10:00:00,1.07928,1.07948,1.07802,1.07917,2973.0
2025-04-02 11:00:00,1.07917,1.08018,1.07906,1.07975,2628.0
2025-04-02 12:00:00,1.07975,1.08083,1.07959,1.08061,2242.0
2025-04-02 13:00:00,1.08061,1.08069,1.0786,1.07949,2827.0
2025-04-02 14:00:00,1.07949,1.08063,1.07912,1.08025,2687.0
2025-04-02 15:00:00,1.08025,1.08196,1.07964,1.08192,3400.0
2025-04-02 16:00:00,1.08192,1.08293,1.08148,1.0826500000000001,4162.0
2025-04-02 17:00:00,1.0826500000000001,1.08617,1.08191,1.08585,5129.0
2025-04-02 18:00:00,1.08585,1.0873,1.0851,1.08674,4498.0
2025-04-02 19:00:00,1.08674,1.08676,1.08469,1.08523,3339.0
2025-04-02 20:00:00,1.08523,1.08596,1.085,1.08518,2227.0
2025-04-02 21:00:00,1.08518,1.08592,1.0848,1.08542,2203.0
2025-04-02 22:00:00,1.08542,1.08561,1.08469,1.085,2374.0
2025-04-02 23:00:00,1.085,1.09241,1.08105,1.08603,10708.0
2025-04-03 00:00:00,1.0851,1.08551,1.08102,1.08275,550.0
2025-04-03 01:00:00,1.08271,1.08395,1.08052,1.08389,4135.0
2025-04-03 02:00:00,1.08389,1.09114,1.08377,1.09043,7039.0
2025-04-03 03:00:00,1.09043,1.09072,1.08798,1.08908,6289.0
2025-04-03 04:00:00,1.08908,1.0923,1.08864,1.09132,4942.0
2025-04-03 05:00:00,1.09133,1.09245,1.09093,1.09122,3466.0
2025-04-03 06:00:00,1.09122,1.09211,1.09077,1.0915,2941.0
2025-04-03 07:00:00,1.0915,1.09166,1.09057,1.09068,2666.0
2025-04-03 08:00:00,1.09068,1.09517,1.09064,1.09443,3596.0
2025-04-03 09:00:00,1.09443,1.09899,1.09348,1.09896,6797.0
2025-04-03 10:00:00,1.09895,1.09901,1.09427,1.09707,6581.0
2025-04-03 11:00:00,1.09708,1.10206,1.09706,1.10093,5266.0
2025-04-03 12:00:00,1.10093,1.10474,1.10039,1.10305,5550.0
2025-04-03 13:00:00,1.10305,1.11459,1.10279,1.10519,8680.0
2025-04-03 14:00:00,1.10526,1.1101,1.10388,1.10875,6422.0
2025-04-03 15:00:00,1.10875,1.11096,1.1073,1.10817,7340.0
2025-04-03 16:00:00,1.10818,1.1135,1.107,1.10795,8678.0
2025-04-03 17:00:00,1.10794,1.11276,1.10794,1.11183,8180.0
2025-04-03 18:00:00,1.11184,1.11189,1.10411,1.10505,7273.0
2025-04-03 19:00:00,1.10505,1.10559,1.10327,1.10389,6109.0
2025-04-03 20:00:00,1.10385,1.10395,1.1018,1.10245,4476.0
2025-04-03 21:00:00,1.10245,1.10408,1.10194,1.10373,3417.0
2025-04-03 22:00:00,1.10374,1.10374,1.1016,1.10274,2621.0
2025-04-03 23:00:00,1.10273,1.10528,1.10221,1.10511,1992.0
2025-04-04 00:00:00,1.10518,1.1052,1.10433,1.10518,211.0
2025-04-04 01:00:00,1.10518,1.10715,1.10496,1.10643,2130.0
2025-04-04 02:00:00,1.10643,1.10647,1.10422,1.10452,2708.0
2025-04-04 03:00:00,1.10452,1.10642,1.10368,1.10606,3836.0
2025-04-04 04:00:00,1.10606,1.10732,1.10573,1.10676,3783.0
2025-04-04 05:00:00,1.10676,1.10795,1.1060699999999999,1.10633,3048.0
2025-04-04 06:00:00,1.10633,1.10986,1.10576,1.10937,3842.0
2025-04-04 07:00:00,1.10935,1.10983,1.10821,1.10874,3351.0
2025-04-04 08:00:00,1.10874,1.11078,1.10785,1.10842,3876.0
2025-04-04 09:00:00,1.10842,1.10859,1.105,1.10506,5114.0
2025-04-04 10:00:00,1.10506,1.10671,1.09998,1.10042,6816.0
2025-04-04 11:00:00,1.10038,1.10097,1.09753,1.0996299999999999,7476.0
2025-04-04 12:00:00,1.09964,1.09976,1.09714,1.09845,6270.0
2025-04-04 13:00:00,1.09845,1.10496,1.09646,1.10309,9798.0
2025-04-04 14:00:00,1.10304,1.10799,1.10221,1.10601,10691.0
2025-04-04 15:00:00,1.10602,1.1089,1.10076,1.1019700000000001,12223.0
2025-04-04 16:00:00,1.10199,1.10481,1.10051,1.10064,11579.0
2025-04-04 17:00:00,1.10058,1.10147,1.09601,1.09862,11083.0
2025-04-04 18:00:00,1.09862,1.10169,1.09674,1.10138,12523.0
2025-04-04 19:00:00,1.10139,1.10198,1.09617,1.09713,8321.0
2025-04-04 20:00:00,1.09714,1.09769,1.09246,1.09472,8540.0
2025-04-07 00:00:00,1.08936,1.09224,1.088,1.09149,893.0
2025-04-07 01:00:00,1.09149,1.09944,1.09149,1.09824,6058.0
2025-04-07 02:00:00,1.09824,1.10011,1.09813,1.09831,7725.0
2025-04-07 03:00:00,1.09832,1.09837,1.09464,1.09669,7215.0
2025-04-07 04:00:00,1.09669,1.09801,1.0954,1.09679,7244.0
2025-04-07 05:00:00,1.0968,1.0968,1.0919699999999999,1.09352,4887.0
2025-04-07 06:00:00,1.09352,1.09545,1.09299,1.0950199999999999,2852.0
2025-04-07 07:00:00,1.09503,1.09875,1.0948,1.09849,2861.0
2025-04-07 08:00:00,1.09849,1.10205,1.09779,1.10185,5644.0
2025-04-07 09:00:00,1.10182,1.10231,1.0994,1.10029,8617.0
2025-04-07 10:00:00,1.10029,1.105,1.09978,1.10007,10305.0
2025-04-07 11:00:00,1.10007,1.10218,1.09679,1.0991900000000001,9325.0
2025-04-07 12:00:00,1.0992,1.09966,1.09499,1.09624,7887.0
2025-04-07 13:00:00,1.09625,1.09907,1.09578,1.09588,7742.0
2025-04-07 14:00:00,1.09588,1.09694,1.09353,1.09694,8081.0
2025-04-07 15:00:00,1.09695,1.09914,1.09395,1.0973600000000001,9180.0
2025-04-07 16:00:00,1.0973600000000001,1.09771,1.09373,1.09414,9655.0
2025-04-07 17:00:00,1.09414,1.09825,1.09167,1.0922,13391.0
2025-04-07 18:00:00,1.0922,1.09363,1.09004,1.09114,10844.0
2025-04-07 19:00:00,1.09113,1.09328,1.0904,1.09322,6772.0
2025-04-07 20:00:00,1.09324,1.09501,1.09293,1.09387,6292.0
2025-04-07 21:00:00,1.09388,1.09523,1.09235,1.09335,4967.0
2025-04-07 22:00:00,1.09337,1.09482,1.09135,1.09161,5094.0
2025-04-07 23:00:00,1.09161,1.0919699999999999,1.09019,1.09053,2765.0
2025-04-08 00:00:00,1.09066,1.09114,1.09013,1.09111,110.0
2025-04-08 01:00:00,1.09119,1.09206,1.09083,1.09169,1005.0
2025-04-08 02:00:00,1.09168,1.09189,1.09078,1.09148,2213.0
2025-04-08 03:00:00,1.09148,1.09501,1.09148,1.09399,4461.0
2025-04-08 04:00:00,1.09399,1.09617,1.09377,1.09598,4880.0
2025-04-08 05:00:00,1.09598,1.09802,1.0959699999999999,1.09712,3101.0
2025-04-08 06:00:00,1.09712,1.0971899999999999,1.09609,1.09634,2279.0
2025-04-08 07:00:00,1.09634,1.0979700000000001,1.09621,1.0976,2575.0
2025-04-08 08:00:00,1.0976,1.0976,1.09539,1.09682,3633.0
2025-04-08 09:00:00,1.09682,1.09918,1.09613,1.09766,5798.0
2025-04-08 10:00:00,1.09768,1.09803,1.09215,1.09235,7515.0
2025-04-08 11:00:00,1.09235,1.09488,1.09229,1.09366,5757.0
2025-04-08 12:00:00,1.09366,1.09374,1.09111,1.0919699999999999,5701.0
2025-04-08 13:00:00,1.0919699999999999,1.09392,1.09135,1.09276,4851.0
2025-04-08 14:00:00,1.09276,1.09447,1.09249,1.09341,5821.0
2025-04-08 15:00:00,1.09341,1.09685,1.09341,1.09486,5777.0
2025-04-08 16:00:00,1.09486,1.09558,1.09271,1.09347,8117.0
2025-04-08 17:00:00,1.09358,1.0936,1.08883,1.09101,8583.0
2025-04-08 18:00:00,1.09101,1.09194,1.08958,1.09118,7014.0
2025-04-08 19:00:00,1.09118,1.09325,1.08985,1.09296,7112.0
2025-04-08 20:00:00,1.09295,1.09486,1.09262,1.09338,8121.0
2025-04-08 21:00:00,1.09339,1.09691,1.09297,1.09522,6620.0
2025-04-08 22:00:00,1.09522,1.09779,1.0951,1.09542,6247.0
2025-04-08 23:00:00,1.09541,1.09629,1.0939,1.09578,2417.0
2025-04-09 00:00:00,1.09527,1.09581,1.09443,1.09577,263.0
2025-04-09 01:00:00,1.09577,1.09776,1.09556,1.09681,1574.0
2025-04-09 02:00:00,1.09681,1.09851,1.09663,1.09775,3834.0
2025-04-09 03:00:00,1.09775,1.10166,1.09713,1.10148,7294.0
2025-04-09 04:00:00,1.10148,1.10398,1.10139,1.10201,7114.0
2025-04-09 05:00:00,1.10201,1.10289,1.10094,1.10196,6448.0
2025-04-09 06:00:00,1.10196,1.10357,1.10128,1.10195,5342.0
2025-04-09 07:00:00,1.10195,1.10688,1.10189,1.10686,6858.0
2025-04-09 08:00:00,1.10683,1.10683,1.10291,1.10615,7242.0
2025-04-09 09:00:00,1.10615,1.10896,1.10425,1.10736,10017.0
2025-04-09 10:00:00,1.10728,1.10795,1.10093,1.10154,10956.0
2025-04-09 11:00:00,1.10154,1.10351,1.09979,1.10274,8532.0
2025-04-09 12:00:00,1.10274,1.1050200000000001,1.10093,1.1044100000000001,6771.0
2025-04-09 13:00:00,1.1044,1.10579,1.10254,1.10332,6039.0
2025-04-09 14:00:00,1.1033,1.10569,1.10218,1.10353,9940.0
2025-04-09 15:00:00,1.10353,1.10951,1.10347,1.10755,8748.0
2025-04-09 16:00:00,1.10755,1.10818,1.1033,1.1045,9242.0
2025-04-09 17:00:00,1.10449,1.10512,1.10261,1.10408,7616.0
2025-04-09 18:00:00,1.10407,1.10693,1.10365,1.10382,6164.0
2025-04-09 19:00:00,1.10382,1.10425,1.1013600000000001,1.10202,4765.0
2025-04-09 20:00:00,1.10202,1.10636,1.09459,1.09761,12614.0
2025-04-09 21:00:00,1.09761,1.0983,1.09132,1.09642,10856.0
2025-04-09 22:00:00,1.0964,1.09767,1.09325,1.09345,7406.0
2025-04-09 23:00:00,1.09359,1.0962,1.09287,1.09474,5006.0
2025-04-10 00:00:00,1.09483,1.09539,1.09482,1.09495,138.0
2025-04-10 01:00:00,1.09504,1.09628,1.09495,1.09603,2930.0
2025-04-10 02:00:00,1.09603,1.0961,1.09429,1.09511,3272.0
2025-04-10 03:00:00,1.09511,1.09865,1.09504,1.09861,4491.0
2025-04-10 04:00:00,1.09861,1.09873,1.09695,1.09718,4684.0
2025-04-10 05:00:00,1.09718,1.09791,1.0961400000000001,1.09718,4405.0
2025-04-10 06:00:00,1.09718,1.09892,1.09705,1.09819,3885.0
2025-04-10 07:00:00,1.09816,1.09849,1.09775,1.09828,3260.0
2025-04-10 08:00:00,1.09828,1.09955,1.09778,1.0985800000000001,3225.0
2025-04-10 09:00:00,1.0985800000000001,1.09889,1.09626,1.09831,5588.0
2025-04-10 10:00:00,1.09831,1.10308,1.09674,1.10262,7880.0
2025-04-10 11:00:00,1.10262,1.10479,1.10161,1.10375,6525.0
2025-04-10 12:00:00,1.10375,1.10599,1.10335,1.10592,5961.0
2025-04-10 13:00:00,1.10592,1.10811,1.10549,1.10795,6122.0
2025-04-10 14:00:00,1.10796,1.10887,1.10671,1.10704,5890.0
2025-04-10 15:00:00,1.10704,1.1132,1.1068,1.10972,8164.0
2025-04-10 16:00:00,1.1097299999999999,1.11344,1.1091,1.11269,7489.0
2025-04-10 17:00:00,1.1127,1.11865,1.11246,1.11856,8000.0
2025-04-10 18:00:00,1.11856,1.12288,1.11535,1.11903,10014.0
2025-04-10 19:00:00,1.11909,1.12102,1.11775,1.11967,8777.0
2025-04-10 20:00:00,1.11967,1.1211,1.11742,1.12099,7156.0
2025-04-10 21:00:00,1.12099,1.12416,1.12012,1.12155,6574.0
2025-04-10 22:00:00,1.12155,1.12197,1.11588,1.12074,6478.0
2025-04-10 23:00:00,1.12046,1.12051,1.11815,1.1201699999999999,3913.0
2025-04-11 00:00:00,1.11929,1.11991,1.11818,1.11833,239.0
2025-04-11 01:00:00,1.11833,1.12349,1.11821,1.12345,2867.0
2025-04-11 02:00:00,1.12345,1.12625,1.12135,1.12574,5367.0
2025-04-11 03:00:00,1.12577,1.13841,1.12514,1.131,9893.0
2025-04-11 04:00:00,1.13101,1.13227,1.12757,1.13056,9262.0
2025-04-11 05:00:00,1.13056,1.13226,1.1295,1.13026,6401.0
2025-04-11 06:00:00,1.13026,1.13544,1.13023,1.13409,5207.0
2025-04-11 07:00:00,1.1341,1.1341,1.13101,1.13225,3794.0
2025-04-11 08:00:00,1.13224,1.13236,1.12709,1.12851,4903.0
2025-04-11 09:00:00,1.12855,1.12904,1.12469,1.1287,7293.0
2025-04-11 10:00:00,1.12867,1.13689,1.1284,1.13643,9340.0
2025-04-11 11:00:00,1.13642,1.14736,1.13492,1.1427,11210.0
2025-04-11 12:00:00,1.1427,1.1427,1.13848,1.13855,8427.0
2025-04-11 13:00:00,1.13855,1.13855,1.13203,1.13371,8059.0
2025-04-11 14:00:00,1.13368,1.13712,1.1323699999999999,1.13288,7048.0
2025-04-11 15:00:00,1.13288,1.13989,1.13247,1.13954,9667.0
2025-04-11 16:00:00,1.13954,1.14121,1.1323699999999999,1.13606,11214.0
2025-04-11 17:00:00,1.13609,1.13817,1.1327099999999999,1.13401,11436.0
2025-04-11 18:00:00,1.134,1.13499,1.13125,1.13251,8446.0
2025-04-11 19:00:00,1.13246,1.13273,1.12767,1.1306,7678.0
2025-04-11 20:00:00,1.13059,1.13269,1.12825,1.12853,5788.0
2025-04-14 00:00:00,1.1314,1.13202,1.13073,1.13177,255.0
2025-04-14 01:00:00,1.13177,1.13547,1.13177,1.13338,3597.0
2025-04-14 02:00:00,1.13338,1.13489,1.13239,1.13422,4072.0
2025-04-14 03:00:00,1.13422,1.13706,1.1341,1.13653,5460.0
2025-04-14 04:00:00,1.13653,1.1409,1.13644,1.13855,5687.0
2025-04-14 05:00:00,1.13855,1.14013,1.1371,1.1372,4195.0
2025-04-14 06:00:00,1.1372,1.13839,1.13578,1.13715,3494.0
2025-04-14 07:00:00,1.13715,1.13849,1.13655,1.13676,2510.0
2025-04-14 08:00:00,1.13676,1.13878,1.13529,1.13852,3431.0
2025-04-14 09:00:00,1.13852,1.14239,1.13765,1.1417,6576.0
2025-04-14 10:00:00,1.1417,1.14246,1.13835,1.13897,7002.0
2025-04-14 11:00:00,1.13897,1.14097,1.13789,1.13876,6129.0
2025-04-14 12:00:00,1.13876,1.14077,1.13868,1.13868,5494.0
2025-04-14 13:00:00,1.13868,1.13922,1.13716,1.13874,4228.0
2025-04-14 14:00:00,1.13874,1.14059,1.13726,1.13839,3866.0
2025-04-14 15:00:00,1.13839,1.13885,1.13345,1.13389,5580.0
2025-04-14 16:00:00,1.13387,1.13415,1.1296,1.13272,7798.0
2025-04-14 17:00:00,1.13272,1.1368,1.13198,1.13677,5956.0
2025-04-14 18:00:00,1.13676,1.13819,1.13529,1.13573,6193.0
2025-04-14 19:00:00,1.13573,1.13702,1.13301,1.13308,5002.0
2025-04-14 20:00:00,1.13309,1.13479,1.13285,1.13385,3849.0
2025-04-14 21:00:00,1.13385,1.13572,1.1338,1.13545,3032.0
2025-04-14 22:00:00,1.13545,1.1369799999999999,1.13499,1.1355,2776.0
2025-04-14 23:00:00,1.1354899999999999,1.13585,1.13431,1.13496,2272.0
2025-04-15 00:00:00,1.135,1.1354,1.13424,1.13512,300.0
2025-04-15 01:00:00,1.13525,1.13615,1.1345399999999999,1.13536,1770.0
2025-04-15 02:00:00,1.13536,1.1354,1.13336,1.13363,2179.0
2025-04-15 03:00:00,1.13363,1.13389,1.13172,1.13287,3761.0
2025-04-15 04:00:00,1.13287,1.13351,1.1316,1.13242,2885.0
2025-04-15 05:00:00,1.13244,1.13523,1.13244,1.13497,2562.0
2025-04-15 06:00:00,1.13496,1.13531,1.13434,1.13475,1844.0
2025-04-15 07:00:00,1.13475,1.13633,1.13448,1.1357,2128.0
2025-04-15 08:00:00,1.1357,1.13679,1.13491,1.13507,2580.0
2025-04-15 09:00:00,1.13507,1.13645,1.13281,1.1332200000000001,4708.0
2025-04-15 10:00:00,1.1332200000000001,1.13598,1.13207,1.13572,5030.0
2025-04-15 11:00:00,1.13572,1.13789,1.13436,1.13467,5111.0
2025-04-15 12:00:00,1.13465,1.13562,1.13331,1.13388,4065.0
2025-04-15 13:00:00,1.13388,1.13493,1.13324,1.13446,3369.0
2025-04-15 14:00:00,1.13446,1.13446,1.13141,1.13265,3831.0
2025-04-15 15:00:00,1.13266,1.13415,1.1308799999999999,1.13129,5835.0
2025-04-15 16:00:00,1.13129,1.13285,1.13051,1.13175,6335.0
2025-04-15 17:00:00,1.13175,1.1329500000000001,1.12856,1.13289,7529.0
2025-04-15 18:00:00,1.13289,1.13291,1.12821,1.12888,5584.0
2025-04-15 19:00:00,1.12888,1.12919,1.12642,1.12743,4792.0
2025-04-15 20:00:00,1.12743,1.12826,1.12669,1.12724,3733.0
2025-04-15 21:00:00,1.12729,1.12766,1.12664,1.12736,3071.0
2025-04-15 22:00:00,1.12736,1.12875,1.12715,1.12824,2214.0
2025-04-15 23:00:00,1.12823,1.12897,1.12796,1.12813,1380.0
2025-04-16 00:00:00,1.12781,1.12852,1.12781,1.12807,197.0
2025-04-16 01:00:00,1.12807,1.12994,1.12807,1.12955,1281.0
2025-04-16 02:00:00,1.1295600000000001,1.12987,1.12833,1.12935,2496.0
2025-04-16 03:00:00,1.12935,1.13217,1.12929,1.13169,4783.0
2025-04-16 04:00:00,1.13169,1.13309,1.13164,1.13235,3944.0
2025-04-16 05:00:00,1.13235,1.13319,1.13181,1.13276,3055.0
2025-04-16 06:00:00,1.13276,1.13433,1.13244,1.13432,2347.0
2025-04-16 07:00:00,1.13432,1.13479,1.13329,1.13462,2405.0
2025-04-16 08:00:00,1.13462,1.13853,1.13414,1.1381000000000001,3728.0
2025-04-16 09:00:00,1.13809,1.13827,1.13606,1.13607,4804.0
2025-04-16 10:00:00,1.13607,1.13921,1.13593,1.13871,5346.0
2025-04-16 11:00:00,1.13871,1.13882,1.13384,1.13696,7074.0
2025-04-16 12:00:00,1.13697,1.13777,1.1356,1.13601,5877.0
2025-04-16 13:00:00,1.13601,1.13741,1.13523,1.13582,4679.0
2025-04-16 14:00:00,1.13578,1.13739,1.1354899999999999,1.13632,4518.0
2025-04-16 15:00:00,1.13632,1.13655,1.13408,1.13519,6624.0
2025-04-16 16:00:00,1.13516,1.13739,1.13498,1.13669,7020.0
2025-04-16 17:00:00,1.13676,1.13843,1.13541,1.13839,6671.0
2025-04-16 18:00:00,1.13839,1.13866,1.13571,1.13816,5147.0
2025-04-16 19:00:00,1.13816,1.13871,1.13702,1.1375,4575.0
2025-04-16 20:00:00,1.13751,1.13898,1.13593,1.1375,6106.0
2025-04-16 21:00:00,1.13751,1.13885,1.13651,1.13865,4986.0
2025-04-16 22:00:00,1.13865,1.14128,1.13849,1.13867,5167.0
2025-04-16 23:00:00,1.13866,1.13997,1.13818,1.13985,2642.0
2025-04-17 00:00:00,1.13986,1.13996,1.139,1.13962,429.0
2025-04-17 01:00:00,1.13962,1.14002,1.1395,1.13996,948.0
2025-04-17 02:00:00,1.13996,1.14093,1.13941,1.13955,2554.0
2025-04-17 03:00:00,1.13955,1.13968,1.1365,1.13679,4798.0
2025-04-17 04:00:00,1.13679,1.13694,1.13552,1.13655,4785.0
2025-04-17 05:00:00,1.13655,1.13817,1.13651,1.1378300000000001,2997.0
2025-04-17 06:00:00,1.1378300000000001,1.13808,1.1364,1.13642,2592.0
2025-04-17 07:00:00,1.13642,1.13699,1.13603,1.13623,1982.0
2025-04-17 08:00:00,1.13623,1.13711,1.13442,1.13524,2504.0
2025-04-17 09:00:00,1.13524,1.1371,1.13434,1.13589,4567.0
2025-04-17 10:00:00,1.13589,1.1379,1.13531,1.13767,5246.0
2025-04-17 11:00:00,1.13767,1.13886,1.13683,1.13786,4347.0
2025-04-17 12:00:00,1.13786,1.13809,1.13702,1.13725,3898.0
2025-04-17 13:00:00,1.13726,1.13767,1.13575,1.13596,4807.0
2025-04-17 14:00:00,1.13595,1.137,1.13559,1.13565,3505.0
2025-04-17 15:00:00,1.13565,1.13678,1.13353,1.13565,8068.0
2025-04-17 16:00:00,1.13565,1.13776,1.13512,1.13611,8137.0
2025-04-17 17:00:00,1.13611,1.13858,1.13388,1.13494,6745.0
2025-04-17 18:00:00,1.13495,1.13766,1.1347800000000001,1.13633,5401.0
2025-04-17 19:00:00,1.13633,1.1371,1.134,1.13507,5249.0
2025-04-17 20:00:00,1.13506,1.1353900000000001,1.13411,1.13511,3138.0
2025-04-17 21:00:00,1.13511,1.13754,1.13432,1.13733,3501.0
2025-04-17 22:00:00,1.13733,1.1376,1.13685,1.1373199999999999,2353.0
2025-04-17 23:00:00,1.1373199999999999,1.13766,1.13622,1.13634,1557.0
2025-04-18 00:00:00,1.13616,1.13678,1.13586,1.13676,273.0
2025-04-18 01:00:00,1.13676,1.13695,1.1366,1.1367099999999999,2082.0
2025-04-18 02:00:00,1.1367099999999999,1.13748,1.1366100000000001,1.13721,1021.0
2025-04-18 03:00:00,1.13723,1.13864,1.13621,1.13742,4013.0
2025-04-18 04:00:00,1.13743,1.13763,1.13677,1.13709,4985.0
2025-04-18 05:00:00,1.13709,1.13787,1.13666,1.1372,4178.0
2025-04-18 06:00:00,1.1372,1.13757,1.1369,1.1373,4238.0
2025-04-18 07:00:00,1.1373,1.13744,1.13686,1.13693,4623.0
2025-04-18 08:00:00,1.13693,1.13741,1.13632,1.13706,4341.0
2025-04-18 09:00:00,1.13706,1.13765,1.13615,1.13617,5008.0
2025-04-18 10:00:00,1.13617,1.13758,1.13591,1.13692,5411.0
2025-04-18 11:00:00,1.13693,1.13718,1.13668,1.13707,5280.0
2025-04-18 12:00:00,1.13707,1.13727,1.13669,1.13692,4907.0
2025-04-18 13:00:00,1.13692,1.13745,1.13687,1.13737,5572.0
2025-04-18 14:00:00,1.13737,1.13833,1.1372,1.13805,5918.0
2025-04-18 15:00:00,1.13805,1.13865,1.13802,1.13819,5665.0
2025-04-18 16:00:00,1.13818,1.13828,1.13773,1.13794,2923.0
2025-04-18 17:00:00,1.13794,1.13975,1.1378,1.13961,3325.0
2025-04-18 18:00:00,1.13963,1.1396600000000001,1.13873,1.13919,4202.0
2025-04-18 19:00:00,1.13919,1.13945,1.13874,1.1394,3502.0
2025-04-18 20:00:00,1.1394,1.13944,1.13897,1.13918,2922.0
2025-04-21 00:00:00,1.13928,1.14236,1.1385399999999999,1.14026,664.0
2025-04-21 01:00:00,1.14026,1.14381,1.13799,1.14329,2633.0
2025-04-21 02:00:00,1.14329,1.14584,1.14329,1.1449,4061.0
2025-04-21 03:00:00,1.14491,1.1486399999999999,1.1449,1.14662,6496.0
2025-04-21 04:00:00,1.14662,1.14787,1.14651,1.14768,4479.0
2025-04-21 05:00:00,1.14768,1.15313,1.1472,1.15045,4481.0
2025-04-21 06:00:00,1.15045,1.1525,1.15043,1.15152,2360.0
2025-04-21 07:00:00,1.15152,1.15175,1.1499,1.15175,2857.0
2025-04-21 08:00:00,1.15175,1.15346,1.15149,1.15314,3538.0
2025-04-21 09:00:00,1.15314,1.15347,1.15049,1.15164,4001.0
2025-04-21 10:00:00,1.15154,1.15676,1.15097,1.15557,4932.0
2025-04-21 11:00:00,1.15557,1.15646,1.15377,1.15583,4955.0
2025-04-21 12:00:00,1.15583,1.15733,1.1545,1.15472,4525.0
2025-04-21 13:00:00,1.15471,1.15486,1.15215,1.15235,3717.0
2025-04-21 14:00:00,1.15235,1.15476,1.1513200000000001,1.15429,4377.0
2025-04-21 15:00:00,1.15429,1.15499,1.15216,1.15425,4709.0
2025-04-21 16:00:00,1.15425,1.15428,1.15015,1.1519,5777.0
2025-04-21 17:00:00,1.15191,1.15248,1.14898,1.14977,6262.0
2025-04-21 18:00:00,1.14977,1.15078,1.14816,1.1507100000000001,4933.0
2025-04-21 19:00:00,1.1507100000000001,1.15133,1.15004,1.15093,3585.0
2025-04-21 20:00:00,1.15093,1.15145,1.14936,1.15138,2992.0
2025-04-21 21:00:00,1.15138,1.15253,1.15122,1.15223,3022.0
2025-04-21 22:00:00,1.15223,1.1527,1.15125,1.15126,2833.0
2025-04-21 23:00:00,1.15126,1.15162,1.1505,1.15129,1724.0
2025-04-22 00:00:00,1.15139,1.15141,1.15064,1.15068,207.0
2025-04-22 01:00:00,1.15068,1.15252,1.15067,1.15232,821.0
2025-04-22 02:00:00,1.15232,1.15239,1.15077,1.1514,2599.0
2025-04-22 03:00:00,1.1514,1.1514199999999999,1.14821,1.14904,4620.0
2025-04-22 04:00:00,1.14906,1.14985,1.14857,1.14945,4566.0
2025-04-22 05:00:00,1.14945,1.15207,1.1494,1.15207,3069.0
2025-04-22 06:00:00,1.15205,1.1540300000000001,1.15191,1.15347,4200.0
2025-04-22 07:00:00,1.15347,1.15402,1.15274,1.15303,2495.0
2025-04-22 08:00:00,1.15303,1.1547399999999999,1.15184,1.15422,4695.0
2025-04-22 09:00:00,1.15422,1.15459,1.14962,1.15009,6476.0
2025-04-22 10:00:00,1.15009,1.15091,1.14835,1.15056,6242.0
2025-04-22 11:00:00,1.15056,1.15152,1.14947,1.14999,5624.0
2025-04-22 12:00:00,1.14999,1.15077,1.14879,1.14907,4739.0
2025-04-22 13:00:00,1.14907,1.15005,1.14881,1.1488800000000001,4437.0
2025-04-22 14:00:00,1.14886,1.15006,1.1484,1.14862,3566.0
2025-04-22 15:00:00,1.14858,1.14905,1.14617,1.147,5759.0
2025-04-22 16:00:00,1.14703,1.14851,1.14561,1.1474199999999999,6051.0
2025-04-22 17:00:00,1.14744,1.14923,1.14611,1.1478,5644.0
2025-04-22 18:00:00,1.1478,1.14857,1.14638,1.14649,5124.0
2025-04-22 19:00:00,1.14649,1.14688,1.1433200000000001,1.14339,5861.0
2025-04-22 20:00:00,1.14339,1.14539,1.1431,1.14502,4873.0
2025-04-22 21:00:00,1.14502,1.14503,1.14226,1.1427100000000001,3413.0
2025-04-22 22:00:00,1.1427100000000001,1.14341,1.14199,1.14208,2843.0
2025-04-22 23:00:00,1.14209,1.14303,1.14175,1.14206,1636.0
2025-04-23 00:00:00,1.14207,1.14262,1.13618,1.1362,891.0
2025-04-23 01:00:00,1.13621,1.1369799999999999,1.13081,1.13373,4771.0
2025-04-23 02:00:00,1.13376,1.13625,1.1329799999999999,1.13507,5458.0
2025-04-23 03:00:00,1.13507,1.13982,1.13494,1.13975,6086.0
2025-04-23 04:00:00,1.13975,1.14152,1.13843,1.14072,5315.0
2025-04-23 05:00:00,1.14072,1.14107,1.13902,1.14047,4189.0
2025-04-23 06:00:00,1.14047,1.14052,1.1373,1.1379299999999999,2966.0
2025-04-23 07:00:00,1.13792,1.13917,1.1371,1.13899,2905.0
2025-04-23 08:00:00,1.13899,1.13997,1.13713,1.13769,4148.0
2025-04-23 09:00:00,1.1377,1.13965,1.1374900000000001,1.13849,6266.0
2025-04-23 10:00:00,1.13851,1.1408800000000001,1.13785,1.13858,6956.0
2025-04-23 11:00:00,1.13858,1.14153,1.13799,1.14131,5481.0
2025-04-23 12:00:00,1.14129,1.14399,1.14128,1.1418300000000001,4516.0
2025-04-23 13:00:00,1.14182,1.1419,1.139,1.14021,3582.0
2025-04-23 14:00:00,1.14021,1.14161,1.13862,1.1411,4088.0
2025-04-23 15:00:00,1.1411,1.14197,1.14021,1.14057,4272.0
2025-04-23 16:00:00,1.14054,1.1412200000000001,1.1333,1.1333199999999999,8457.0
2025-04-23 17:00:00,1.13334,1.13813,1.13281,1.13533,10615.0
2025-04-23 18:00:00,1.13534,1.13834,1.13441,1.1348799999999999,8586.0
2025-04-23 19:00:00,1.1348799999999999,1.13658,1.13367,1.13399,5872.0
2025-04-23 20:00:00,1.13399,1.1344,1.13252,1.1329500000000001,3887.0
2025-04-23 21:00:00,1.1329500000000001,1.13301,1.13154,1.13238,3685.0
2025-04-23 22:00:00,1.13238,1.13319,1.13183,1.13274,3214.0
2025-04-23 23:00:00,1.13274,1.13284,1.13105,1.13145,1925.0
2025-04-24 00:00:00,1.13114,1.13213,1.13095,1.13178,285.0
2025-04-24 01:00:00,1.13178,1.13473,1.13178,1.1332200000000001,1432.0
2025-04-24 02:00:00,1.1332200000000001,1.13384,1.13262,1.13294,2512.0
2025-04-24 03:00:00,1.1329500000000001,1.13467,1.13216,1.13437,4258.0
2025-04-24 04:00:00,1.13437,1.1357599999999999,1.134,1.13497,5267.0
2025-04-24 05:00:00,1.13497,1.13572,1.13463,1.13552,3361.0
2025-04-24 06:00:00,1.13552,1.13561,1.13366,1.13382,1966.0
2025-04-24 07:00:00,1.13382,1.13423,1.13324,1.13392,1890.0
2025-04-24 08:00:00,1.13392,1.13457,1.13308,1.13364,3145.0
2025-04-24 09:00:00,1.13364,1.13544,1.1336,1.13523,3967.0
2025-04-24 10:00:00,1.13523,1.13805,1.13517,1.13799,4766.0
2025-04-24 11:00:00,1.138,1.1393,1.13631,1.13806,5056.0
2025-04-24 12:00:00,1.13806,1.13912,1.13751,1.13845,3602.0
2025-04-24 13:00:00,1.13845,1.13947,1.13762,1.13794,3231.0
2025-04-24 14:00:00,1.13794,1.13903,1.13686,1.13729,4089.0
2025-04-24 15:00:00,1.13729,1.13788,1.1358,1.13767,5200.0
2025-04-24 16:00:00,1.13767,1.1384,1.13635,1.13761,5063.0
2025-04-24 17:00:00,1.13762,1.13874,1.13632,1.13727,5926.0
2025-04-24 18:00:00,1.13727,1.1375899999999999,1.13475,1.13609,4918.0
2025-04-24 19:00:00,1.13609,1.13807,1.13577,1.13801,3656.0
2025-04-24 20:00:00,1.13801,1.13856,1.13674,1.13692,2566.0
2025-04-24 21:00:00,1.13692,1.13796,1.13638,1.13781,2174.0
2025-04-24 22:00:00,1.13781,1.13977,1.13777,1.13845,2421.0
2025-04-24 23:00:00,1.13845,1.13979,1.1381999999999999,1.13888,1693.0
2025-04-25 00:00:00,1.13852,1.13912,1.1383,1.13865,891.0
2025-04-25 01:00:00,1.1387,1.13914,1.13843,1.13865,853.0
2025-04-25 02:00:00,1.13865,1.13882,1.13706,1.13726,1480.0
2025-04-25 03:00:00,1.13726,1.13726,1.13469,1.13473,3205.0
2025-04-25 04:00:00,1.13473,1.1355,1.13424,1.13439,3308.0
2025-04-25 05:00:00,1.13439,1.13517,1.13413,1.13479,2220.0
2025-04-25 06:00:00,1.13479,1.13592,1.13251,1.1326,3656.0
2025-04-25 07:00:00,1.1326,1.13361,1.1316,1.1335,2900.0
2025-04-25 08:00:00,1.1335,1.13418,1.13255,1.13314,3021.0
2025-04-25 09:00:00,1.13313,1.13574,1.13217,1.13418,4331.0
2025-04-25 10:00:00,1.13418,1.13682,1.13418,1.13599,5401.0
2025-04-25 11:00:00,1.13598,1.13645,1.13399,1.1350500000000001,3261.0
2025-04-25 12:00:00,1.13506,1.13609,1.1345,1.13462,3145.0
2025-04-25 13:00:00,1.13462,1.13595,1.13342,1.1356,3936.0
2025-04-25 14:00:00,1.1356,1.13667,1.1346,1.13494,2861.0
2025-04-25 15:00:00,1.13494,1.1360000000000001,1.13492,1.13524,2994.0
2025-04-25 16:00:00,1.13524,1.1355,1.1333,1.13533,4722.0
2025-04-25 17:00:00,1.13533,1.13807,1.13527,1.13684,5168.0
2025-04-25 18:00:00,1.13684,1.13823,1.13579,1.13803,3235.0
2025-04-25 19:00:00,1.13803,1.13888,1.13682,1.13686,2522.0
2025-04-25 20:00:00,1.13686,1.13828,1.1365,1.13769,2607.0
2025-04-28 00:00:00,1.13721,1.13721,1.13592,1.1360000000000001,100.0
2025-04-28 01:00:00,1.1360000000000001,1.13651,1.134,1.135,1146.0
2025-04-28 02:00:00,1.135,1.13548,1.13413,1.1345,1176.0
2025-04-28 03:00:00,1.1345,1.13646,1.13447,1.13639,2892.0
2025-04-28 04:00:00,1.13639,1.13665,1.13494,1.13512,2502.0
2025-04-28 05:00:00,1.13513,1.13572,1.13434,1.13535,1897.0
2025-04-28 06:00:00,1.13535,1.13601,1.13511,1.13563,1497.0
2025-04-28 07:00:00,1.13563,1.13726,1.13525,1.13723,1721.0
2025-04-28 08:00:00,1.13723,1.13808,1.13717,1.13745,2002.0
2025-04-28 09:00:00,1.13745,1.13745,1.13294,1.13317,4007.0
2025-04-28 10:00:00,1.13315,1.13617,1.13309,1.13483,3789.0
2025-04-28 11:00:00,1.13483,1.13517,1.13353,1.13438,3328.0
2025-04-28 12:00:00,1.13438,1.13587,1.13422,1.13499,3632.0
2025-04-28 13:00:00,1.13499,1.13604,1.1346,1.1350500000000001,2647.0
2025-04-28 14:00:00,1.1350500000000001,1.13562,1.13411,1.13516,2634.0
2025-04-28 15:00:00,1.13516,1.13729,1.13503,1.13511,3757.0
2025-04-28 16:00:00,1.13511,1.13742,1.13395,1.13649,4989.0
2025-04-28 17:00:00,1.13649,1.14138,1.13574,1.13786,6136.0
2025-04-28 18:00:00,1.13786,1.13927,1.1371,1.13863,4660.0
2025-04-28 19:00:00,1.13863,1.14224,1.13852,1.14116,4030.0
2025-04-28 20:00:00,1.14116,1.14195,1.1400299999999999,1.14011,3660.0
2025-04-28 21:00:00,1.14011,1.14141,1.1400299999999999,1.14135,2602.0
2025-04-28 22:00:00,1.14135,1.14249,1.14133,1.14219,1995.0
2025-04-28 23:00:00,1.14219,1.14249,1.14196,1.14216,1423.0
2025-04-29 00:00:00,1.14197,1.14203,1.14152,1.142,231.0
2025-04-29 01:00:00,1.1421000000000001,1.14218,1.14118,1.14128,972.0
2025-04-29 02:00:00,1.14128,1.14218,1.14008,1.14078,1876.0
2025-04-29 03:00:00,1.14078,1.14162,1.13992,1.13997,2481.0
2025-04-29 04:00:00,1.13997,1.14089,1.13874,1.13925,2483.0
2025-04-29 05:00:00,1.13925,1.142,1.13922,1.13984,2762.0
2025-04-29 06:00:00,1.13984,1.1400000000000001,1.13865,1.13907,2201.0
2025-04-29 07:00:00,1.13907,1.13938,1.13742,1.13781,1763.0
2025-04-29 08:00:00,1.13781,1.1388099999999999,1.13761,1.1387,2263.0
2025-04-29 09:00:00,1.1387,1.13994,1.13831,1.13895,3488.0
2025-04-29 10:00:00,1.13896,1.1412200000000001,1.13875,1.14036,4630.0
2025-04-29 11:00:00,1.1403699999999999,1.14083,1.13816,1.13853,3922.0
2025-04-29 12:00:00,1.13853,1.13974,1.13806,1.13806,3180.0
2025-04-29 13:00:00,1.13805,1.13853,1.1373,1.13781,2995.0
2025-04-29 14:00:00,1.13781,1.13869,1.13711,1.13745,2963.0
2025-04-29 15:00:00,1.13745,1.14146,1.13702,1.14107,4701.0
2025-04-29 16:00:00,1.14108,1.1417,1.13904,1.14009,5546.0
2025-04-29 17:00:00,1.1397,1.14176,1.1379,1.13832,6622.0
2025-04-29 18:00:00,1.13832,1.14046,1.13824,1.13961,4249.0
2025-04-29 19:00:00,1.13961,1.14191,1.13954,1.14035,3494.0
2025-04-29 20:00:00,1.14033,1.14048,1.13838,1.1386,2663.0
2025-04-29 21:00:00,1.1386,1.13933,1.13762,1.13825,2418.0
2025-04-29 22:00:00,1.13825,1.13886,1.13762,1.13818,1794.0
2025-04-29 23:00:00,1.13817,1.13922,1.13808,1.13828,1226.0
2025-04-30 00:00:00,1.1384,1.13873,1.13789,1.13838,1063.0
2025-04-30 01:00:00,1.13838,1.13959,1.13833,1.13921,934.0
2025-04-30 02:00:00,1.13921,1.13935,1.13861,1.13904,986.0
2025-04-30 03:00:00,1.13904,1.13954,1.13769,1.13827,2366.0
2025-04-30 04:00:00,1.13827,1.13866,1.1357,1.13587,2629.0
2025-04-30 05:00:00,1.13587,1.13726,1.1355,1.13706,2248.0
2025-04-30 06:00:00,1.13706,1.13798,1.13668,1.13687,1696.0
2025-04-30 07:00:00,1.1368800000000001,1.13781,1.13664,1.13734,1652.0
2025-04-30 08:00:00,1.13735,1.1384400000000001,1.13718,1.13829,1645.0
2025-04-30 09:00:00,1.13829,1.13996,1.13659,1.13903,3384.0
2025-04-30 10:00:00,1.13902,1.13904,1.13736,1.13786,3848.0
2025-04-30 11:00:00,1.13785,1.1385399999999999,1.13623,1.13716,3824.0
2025-04-30 12:00:00,1.13719,1.13796,1.13603,1.13623,3013.0
2025-04-30 13:00:00,1.13623,1.137,1.13609,1.13621,2650.0
2025-04-30 14:00:00,1.13621,1.13806,1.1356,1.13736,3186.0
2025-04-30 15:00:00,1.13736,1.13888,1.13649,1.13741,6199.0
2025-04-30 16:00:00,1.13734,1.13776,1.13615,1.1369,5405.0
2025-04-30 17:00:00,1.1368800000000001,1.1379299999999999,1.13498,1.1367099999999999,6623.0
2025-04-30 18:00:00,1.1367,1.13751,1.1323400000000001,1.13482,6993.0
2025-04-30 19:00:00,1.13482,1.13592,1.1345,1.13555,3533.0
2025-04-30 20:00:00,1.13555,1.13649,1.13452,1.13458,2622.0
2025-04-30 21:00:00,1.13458,1.13586,1.13431,1.13489,3198.0
2025-04-30 22:00:00,1.13489,1.13534,1.13281,1.1329799999999999,2347.0
2025-04-30 23:00:00,1.13299,1.13312,1.1317300000000001,1.13292,2391.0
2025-05-01 00:00:00,1.13279,1.13314,1.1323699999999999,1.13253,212.0
2025-05-01 01:00:00,1.13253,1.13305,1.13224,1.13257,1319.0
2025-05-01 02:00:00,1.13257,1.13263,1.13189,1.13222,1133.0
2025-05-01 03:00:00,1.13222,1.13297,1.13208,1.13218,2214.0
2025-05-01 04:00:00,1.13218,1.13221,1.1303,1.13083,1882.0
2025-05-01 05:00:00,1.13083,1.13162,1.13061,1.13154,1463.0
2025-05-01 06:00:00,1.13154,1.13186,1.12997,1.13123,2600.0
2025-05-01 07:00:00,1.13123,1.13145,1.13024,1.1302699999999999,1661.0
2025-05-01 08:00:00,1.1302699999999999,1.13065,1.12881,1.13001,2586.0
2025-05-01 09:00:00,1.13001,1.13126,1.12984,1.13026,3438.0
2025-05-01 10:00:00,1.13026,1.13108,1.12876,1.13101,3779.0
2025-05-01 11:00:00,1.13101,1.1331,1.13099,1.13198,2983.0
2025-05-01 12:00:00,1.13198,1.1325,1.13136,1.13143,2447.0
2025-05-01 13:00:00,1.13144,1.13342,1.1312,1.13321,2466.0
2025-05-01 14:00:00,1.13321,1.13411,1.13163,1.13203,3091.0
2025-05-01 15:00:00,1.13203,1.13391,1.13083,1.13154,4879.0
2025-05-01 16:00:00,1.13151,1.13278,1.13114,1.13193,4648.0
2025-05-01 17:00:00,1.13193,1.13193,1.12704,1.12817,6554.0
2025-05-01 18:00:00,1.12817,1.12903,1.12659,1.12793,4507.0
2025-05-01 19:00:00,1.12793,1.1292200000000001,1.1273,1.12908,3105.0
2025-05-01 20:00:00,1.12908,1.12914,1.12798,1.12831,2056.0
2025-05-01 21:00:00,1.12831,1.12935,1.12753,1.12857,2790.0
2025-05-01 22:00:00,1.12857,1.1292200000000001,1.12812,1.12885,2054.0
2025-05-01 23:00:00,1.12885,1.12941,1.12847,1.129,1431.0
2025-05-02 00:00:00,1.12888,1.1289,1.12855,1.12865,186.0
2025-05-02 01:00:00,1.12865,1.12994,1.12865,1.12949,1005.0
2025-05-02 02:00:00,1.12949,1.12977,1.12912,1.12958,1368.0
2025-05-02 03:00:00,1.12958,1.12995,1.12743,1.12823,3439.0
2025-05-02 04:00:00,1.12823,1.12958,1.12786,1.12958,2993.0
2025-05-02 05:00:00,1.12958,1.13034,1.1293,1.1294,1969.0
2025-05-02 06:00:00,1.1294,1.13157,1.12939,1.13128,1954.0
2025-05-02 07:00:00,1.13128,1.13141,1.13012,1.1304400000000001,2540.0
2025-05-02 08:00:00,1.1304400000000001,1.1314,1.13025,1.13079,2145.0
2025-05-02 09:00:00,1.13079,1.13292,1.1306,1.13258,3799.0
2025-05-02 10:00:00,1.13258,1.13379,1.13179,1.13283,3774.0
2025-05-02 11:00:00,1.13283,1.13349,1.13162,1.13324,3590.0
2025-05-02 12:00:00,1.1333,1.13551,1.13259,1.13502,4029.0
2025-05-02 13:00:00,1.13503,1.13519,1.13277,1.13312,3005.0
2025-05-02 14:00:00,1.13312,1.13503,1.13243,1.13466,3596.0
2025-05-02 15:00:00,1.13466,1.13474,1.13047,1.1319,7188.0
2025-05-02 16:00:00,1.1319,1.138,1.1314899999999999,1.13728,7689.0
2025-05-02 17:00:00,1.13728,1.1381000000000001,1.13577,1.13686,6607.0
2025-05-02 18:00:00,1.13686,1.13686,1.13206,1.13291,5153.0
2025-05-02 19:00:00,1.13291,1.13392,1.13172,1.13199,4863.0
2025-05-02 20:00:00,1.13199,1.13204,1.12986,1.13042,3569.0
2025-05-05 00:00:00,1.13037,1.1308,1.12929,1.12979,300.0
2025-05-05 01:00:00,1.12979,1.13148,1.12979,1.13059,1719.0
2025-05-05 02:00:00,1.13059,1.13279,1.13024,1.13212,1658.0
2025-05-05 03:00:00,1.13212,1.13239,1.13145,1.13226,2570.0
2025-05-05 04:00:00,1.13227,1.13401,1.13227,1.13349,3456.0
2025-05-05 05:00:00,1.13349,1.13469,1.13317,1.13423,2297.0
2025-05-05 06:00:00,1.13423,1.13425,1.13284,1.1332200000000001,1651.0
2025-05-05 07:00:00,1.1332200000000001,1.13392,1.13287,1.13374,1685.0
2025-05-05 08:00:00,1.13374,1.13475,1.13303,1.13334,2818.0
2025-05-05 09:00:00,1.13333,1.13372,1.13182,1.1326,3996.0
2025-05-05 10:00:00,1.13262,1.13311,1.13132,1.13132,3686.0
2025-05-05 11:00:00,1.13131,1.13329,1.13116,1.1326,3803.0
2025-05-05 12:00:00,1.13265,1.13441,1.13265,1.13414,3659.0
2025-05-05 13:00:00,1.13414,1.13456,1.1333199999999999,1.13448,3000.0
2025-05-05 14:00:00,1.13448,1.13577,1.13401,1.13426,3173.0
2025-05-05 15:00:00,1.13426,1.13635,1.13403,1.13599,4354.0
2025-05-05 16:00:00,1.13599,1.13649,1.13521,1.13535,3919.0
2025-05-05 17:00:00,1.1353900000000001,1.1353900000000001,1.13308,1.13389,5767.0
2025-05-05 18:00:00,1.13386,1.13413,1.13127,1.13144,3814.0
2025-05-05 19:00:00,1.13144,1.13145,1.1299299999999999,1.13024,2903.0
2025-05-05 20:00:00,1.13024,1.13113,1.12976,1.13001,1903.0
2025-05-05 21:00:00,1.13001,1.13155,1.12973,1.13131,1953.0
2025-05-05 22:00:00,1.13131,1.1320999999999999,1.13109,1.1314899999999999,1837.0
2025-05-05 23:00:00,1.1314899999999999,1.13203,1.13121,1.13144,978.0
2025-05-06 00:00:00,1.13141,1.13179,1.1314,1.13156,209.0
2025-05-06 01:00:00,1.13156,1.13202,1.13134,1.13145,742.0
2025-05-06 02:00:00,1.13145,1.13164,1.131,1.13122,642.0
2025-05-06 03:00:00,1.13123,1.13123,1.1280999999999999,1.12862,2846.0
2025-05-06 04:00:00,1.12862,1.12968,1.1280000000000001,1.12936,3608.0
2025-05-06 05:00:00,1.12936,1.1314,1.1293,1.13072,2770.0
2025-05-06 06:00:00,1.13072,1.13174,1.13036,1.13151,1997.0
2025-05-06 07:00:00,1.13151,1.13275,1.13146,1.13246,1404.0
2025-05-06 08:00:00,1.13246,1.13256,1.13135,1.13183,1608.0
2025-05-06 09:00:00,1.13183,1.13357,1.13142,1.13262,3254.0
2025-05-06 10:00:00,1.1326100000000001,1.1348,1.13223,1.13391,4750.0
2025-05-06 11:00:00,1.13391,1.13497,1.13224,1.13273,4851.0
2025-05-06 12:00:00,1.13273,1.13299,1.1305399999999999,1.13117,3840.0
2025-05-06 13:00:00,1.13117,1.13276,1.13097,1.1326,3327.0
2025-05-06 14:00:00,1.1326,1.1335,1.13226,1.13272,3541.0
2025-05-06 15:00:00,1.13272,1.13438,1.13169,1.13405,3860.0
2025-05-06 16:00:00,1.13405,1.1357599999999999,1.13263,1.13533,4451.0
2025-05-06 17:00:00,1.13534,1.13699,1.1341,1.13413,5312.0
2025-05-06 18:00:00,1.1341,1.13499,1.13354,1.13437,3654.0
2025-05-06 19:00:00,1.13437,1.13558,1.13308,1.1348799999999999,3401.0
2025-05-06 20:00:00,1.1348799999999999,1.13705,1.1348799999999999,1.13644,2781.0
2025-05-06 21:00:00,1.13645,1.13724,1.13547,1.13717,2117.0
2025-05-06 22:00:00,1.13717,1.13812,1.13669,1.13728,1827.0
2025-05-06 23:00:00,1.13727,1.13797,1.13658,1.13685,1672.0
2025-05-07 00:00:00,1.13691,1.13727,1.13624,1.1371,435.0
2025-05-07 01:00:00,1.13717,1.13746,1.1326,1.13427,3893.0
2025-05-07 02:00:00,1.13427,1.13456,1.13333,1.13401,2537.0
2025-05-07 03:00:00,1.13401,1.13517,1.13254,1.13411,4632.0
2025-05-07 04:00:00,1.13411,1.13517,1.13263,1.13449,4692.0
2025-05-07 05:00:00,1.13448,1.13496,1.1335600000000001,1.13411,3372.0
2025-05-07 06:00:00,1.13411,1.13474,1.13367,1.1346,1962.0
2025-05-07 07:00:00,1.1346,1.13516,1.13429,1.13437,1653.0
2025-05-07 08:00:00,1.13437,1.13672,1.1343,1.13654,2352.0
2025-05-07 09:00:00,1.13654,1.13782,1.13596,1.13739,3492.0
2025-05-07 10:00:00,1.1374,1.1374,1.1355,1.13626,3977.0
2025-05-07 11:00:00,1.13625,1.13738,1.13542,1.13583,3801.0
2025-05-07 12:00:00,1.13583,1.13619,1.13472,1.13569,3308.0
2025-05-07 13:00:00,1.13568,1.1367,1.13561,1.13655,2910.0
2025-05-07 14:00:00,1.13655,1.13729,1.13564,1.13575,2782.0
2025-05-07 15:00:00,1.13575,1.13666,1.13559,1.13591,3502.0
2025-05-07 16:00:00,1.13591,1.13683,1.1353,1.13669,3857.0
2025-05-07 17:00:00,1.13669,1.1371,1.13546,1.1367099999999999,3756.0
2025-05-07 18:00:00,1.1367099999999999,1.13696,1.13418,1.13472,3983.0
2025-05-07 19:00:00,1.13472,1.13542,1.1337,1.13491,2691.0
2025-05-07 20:00:00,1.13489,1.13496,1.13349,1.13404,2365.0
2025-05-07 21:00:00,1.13402,1.13651,1.13201,1.13339,7715.0
2025-05-07 22:00:00,1.13339,1.13345,1.13009,1.13068,6370.0
2025-05-07 23:00:00,1.13068,1.13081,1.12917,1.1301,1962.0
2025-05-08 00:00:00,1.12978,1.13142,1.12963,1.13113,363.0
2025-05-08 01:00:00,1.13113,1.13113,1.13,1.13012,1503.0
2025-05-08 02:00:00,1.13012,1.13103,1.13012,1.1303,1024.0
2025-05-08 03:00:00,1.1303,1.13225,1.13022,1.13101,2729.0
2025-05-08 04:00:00,1.13101,1.13328,1.13083,1.13318,4052.0
2025-05-08 05:00:00,1.13318,1.1335600000000001,1.13225,1.13228,2788.0
2025-05-08 06:00:00,1.13228,1.13364,1.13227,1.13276,2144.0
2025-05-08 07:00:00,1.13276,1.1331,1.1318,1.13181,1503.0
2025-05-08 08:00:00,1.13181,1.13184,1.1297,1.13039,2888.0
2025-05-08 09:00:00,1.13039,1.13076,1.12766,1.12823,4710.0
2025-05-08 10:00:00,1.12823,1.12977,1.12704,1.12973,4398.0
2025-05-08 11:00:00,1.12973,1.13032,1.12836,1.1288,4241.0
2025-05-08 12:00:00,1.1288,1.1298,1.12831,1.12848,3239.0
2025-05-08 13:00:00,1.12848,1.12997,1.12754,1.12876,3115.0
2025-05-08 14:00:00,1.12876,1.1305,1.12855,1.12961,4047.0
2025-05-08 15:00:00,1.12961,1.13202,1.1293,1.12998,4671.0
2025-05-08 16:00:00,1.12997,1.13118,1.12954,1.13061,5109.0
2025-05-08 17:00:00,1.13063,1.13164,1.12759,1.12782,5630.0
2025-05-08 18:00:00,1.12782,1.12898,1.12345,1.12485,7126.0
2025-05-08 19:00:00,1.12481,1.12496,1.12206,1.12262,5068.0
2025-05-08 20:00:00,1.12262,1.12299,1.12127,1.12267,3189.0
2025-05-08 21:00:00,1.12267,1.12308,1.12197,1.12247,2273.0
2025-05-08 22:00:00,1.12247,1.12284,1.1212,1.12262,2824.0
2025-05-08 23:00:00,1.12262,1.12298,1.12199,1.12279,1572.0
2025-05-09 00:00:00,1.12235,1.12269,1.12223,1.12269,236.0
2025-05-09 01:00:00,1.12269,1.12331,1.12257,1.12318,928.0
2025-05-09 02:00:00,1.12318,1.12325,1.12222,1.1227,1268.0
2025-05-09 03:00:00,1.1227,1.12334,1.12131,1.12271,2794.0
2025-05-09 04:00:00,1.12271,1.12293,1.12108,1.12123,3401.0
2025-05-09 05:00:00,1.12123,1.12194,1.11968,1.12185,2939.0
2025-05-09 06:00:00,1.12185,1.1227800000000001,1.12184,1.12228,2991.0
2025-05-09 07:00:00,1.12228,1.123,1.12228,1.12279,1920.0
2025-05-09 08:00:00,1.12279,1.12367,1.12185,1.12359,2187.0
2025-05-09 09:00:00,1.12359,1.12476,1.12323,1.12405,3100.0
2025-05-09 10:00:00,1.12405,1.12584,1.1237,1.12513,3766.0
2025-05-09 11:00:00,1.12513,1.1259299999999999,1.12423,1.12565,3277.0
2025-05-09 12:00:00,1.12565,1.12597,1.12451,1.12463,2793.0
2025-05-09 13:00:00,1.12463,1.12514,1.12425,1.12458,2834.0
2025-05-09 14:00:00,1.12457,1.12606,1.12437,1.12545,3502.0
2025-05-09 15:00:00,1.12545,1.12568,1.12472,1.12541,3058.0
2025-05-09 16:00:00,1.12541,1.12676,1.1253199999999999,1.12585,3371.0
2025-05-09 17:00:00,1.12585,1.12929,1.12558,1.1267800000000001,4585.0
2025-05-09 18:00:00,1.1267800000000001,1.12731,1.12603,1.12698,3684.0
2025-05-09 19:00:00,1.12698,1.12754,1.12576,1.12586,2546.0
2025-05-09 20:00:00,1.12586,1.12652,1.1252900000000001,1.12621,1694.0
2025-05-12 00:00:00,1.1191,1.12234,1.11843,1.12116,465.0
2025-05-12 01:00:00,1.1211,1.12317,1.12083,1.12254,2455.0
2025-05-12 02:00:00,1.12254,1.12365,1.12232,1.12281,2095.0
2025-05-12 03:00:00,1.12281,1.12394,1.12249,1.12389,3416.0
2025-05-12 04:00:00,1.12389,1.12429,1.12223,1.1226,3965.0
2025-05-12 05:00:00,1.1226,1.12379,1.12252,1.12284,2393.0
2025-05-12 06:00:00,1.12284,1.12343,1.12252,1.12331,2369.0
2025-05-12 07:00:00,1.12331,1.12346,1.12263,1.12276,1344.0
2025-05-12 08:00:00,1.12276,1.12301,1.12138,1.12222,2320.0
2025-05-12 09:00:00,1.12222,1.12358,1.12162,1.12181,3592.0
2025-05-12 10:00:00,1.12181,1.12186,1.10977,1.1105,10655.0
2025-05-12 11:00:00,1.1105,1.11453,1.10826,1.11376,7602.0
2025-05-12 12:00:00,1.11376,1.11419,1.11147,1.11188,4891.0
2025-05-12 13:00:00,1.11186,1.11186,1.10721,1.10797,5547.0
2025-05-12 14:00:00,1.10797,1.11176,1.10772,1.11114,5296.0
2025-05-12 15:00:00,1.11114,1.11266,1.11007,1.11135,4705.0
2025-05-12 16:00:00,1.11135,1.11345,1.11102,1.11189,5515.0
2025-05-12 17:00:00,1.1118999999999999,1.11343,1.11074,1.11117,6580.0
2025-05-12 18:00:00,1.11116,1.11238,1.11005,1.11051,4461.0
2025-05-12 19:00:00,1.11052,1.11111,1.10838,1.10847,3567.0
2025-05-12 20:00:00,1.10847,1.10885,1.10726,1.10792,2657.0
2025-05-12 21:00:00,1.10792,1.10915,1.10655,1.10896,2842.0
2025-05-12 22:00:00,1.10896,1.10968,1.10825,1.10923,2223.0
2025-05-12 23:00:00,1.10923,1.10947,1.10844,1.10859,1268.0
2025-05-13 00:00:00,1.10843,1.10904,1.10821,1.10882,404.0
2025-05-13 01:00:00,1.10882,1.10946,1.10882,1.10934,1121.0
2025-05-13 02:00:00,1.10935,1.11001,1.10894,1.1096,1674.0
2025-05-13 03:00:00,1.1096,1.11068,1.10952,1.11047,2851.0
2025-05-13 04:00:00,1.11047,1.11093,1.10999,1.11066,3632.0
2025-05-13 05:00:00,1.11066,1.11116,1.10993,1.1103,2193.0
2025-05-13 06:00:00,1.1103,1.1117,1.10992,1.11165,1779.0
2025-05-13 07:00:00,1.11165,1.11172,1.1109,1.11167,1700.0
2025-05-13 08:00:00,1.11167,1.11195,1.11089,1.11105,2205.0
2025-05-13 09:00:00,1.11105,1.11186,1.11016,1.11115,3766.0
2025-05-13 10:00:00,1.11115,1.11245,1.11028,1.1116,4495.0
2025-05-13 11:00:00,1.1116,1.11178,1.11029,1.11114,3629.0
2025-05-13 12:00:00,1.11118,1.11153,1.11026,1.11071,3009.0
2025-05-13 13:00:00,1.11071,1.11096,1.1097,1.11049,2763.0
2025-05-13 14:00:00,1.11048,1.11121,1.1103399999999999,1.1107,2389.0
2025-05-13 15:00:00,1.1107,1.11313,1.11069,1.11308,5205.0
2025-05-13 16:00:00,1.11308,1.11487,1.11276,1.11356,5738.0
2025-05-13 17:00:00,1.11356,1.11646,1.11304,1.11615,5680.0
2025-05-13 18:00:00,1.11615,1.11778,1.11569,1.1175,4541.0
2025-05-13 19:00:00,1.1175,1.11826,1.11647,1.1176,2985.0
2025-05-13 20:00:00,1.1176,1.11799,1.1167799999999999,1.11772,2093.0
2025-05-13 21:00:00,1.11772,1.1186099999999999,1.11753,1.1185100000000001,2023.0
2025-05-13 22:00:00,1.1185100000000001,1.11919,1.11828,1.11898,1768.0
2025-05-13 23:00:00,1.11899,1.11948,1.11837,1.11849,1241.0
2025-05-14 00:00:00,1.11847,1.11867,1.11825,1.11855,199.0
2025-05-14 01:00:00,1.11855,1.1197300000000001,1.11855,1.1197300000000001,932.0
2025-05-14 02:00:00,1.1197300000000001,1.1197300000000001,1.11849,1.11859,1206.0
2025-05-14 03:00:00,1.11859,1.11967,1.11824,1.11923,2550.0
2025-05-14 04:00:00,1.11923,1.1198,1.11837,1.11883,3992.0
2025-05-14 05:00:00,1.11884,1.11926,1.1183,1.11889,2514.0
2025-05-14 06:00:00,1.11889,1.11961,1.11844,1.11954,2064.0
2025-05-14 07:00:00,1.11955,1.1201,1.11879,1.11887,2075.0
2025-05-14 08:00:00,1.11887,1.11926,1.11847,1.11864,1904.0
2025-05-14 09:00:00,1.11864,1.11985,1.11802,1.11881,3315.0
2025-05-14 10:00:00,1.11881,1.12167,1.11817,1.1215,4309.0
2025-05-14 11:00:00,1.1215,1.12523,1.12127,1.12388,6597.0
2025-05-14 12:00:00,1.12388,1.12659,1.12311,1.12522,5448.0
2025-05-14 13:00:00,1.12522,1.1253,1.12273,1.12311,3451.0
2025-05-14 14:00:00,1.12311,1.1235,1.12136,1.12175,3438.0
2025-05-14 15:00:00,1.12174,1.12355,1.12096,1.12253,4493.0
2025-05-14 16:00:00,1.12253,1.12349,1.12103,1.12201,5146.0
2025-05-14 17:00:00,1.12201,1.12236,1.12027,1.12123,5642.0
2025-05-14 18:00:00,1.1212,1.12151,1.11976,1.12054,4635.0
2025-05-14 19:00:00,1.12054,1.12134,1.11756,1.11891,4433.0
2025-05-14 20:00:00,1.11891,1.1197,1.11814,1.11894,2935.0
2025-05-14 21:00:00,1.11894,1.11899,1.11722,1.11784,2552.0
2025-05-14 22:00:00,1.11784,1.11784,1.11657,1.11674,2092.0
2025-05-14 23:00:00,1.11674,1.11753,1.11646,1.11714,1177.0
2025-05-15 00:00:00,1.117,1.11789,1.1166800000000001,1.11765,288.0
2025-05-15 01:00:00,1.11765,1.11844,1.11765,1.11827,915.0
2025-05-15 02:00:00,1.11827,1.11881,1.11804,1.11814,1276.0
2025-05-15 03:00:00,1.11814,1.11947,1.11761,1.11914,2719.0
2025-05-15 04:00:00,1.11916,1.11998,1.11908,1.11936,2811.0
2025-05-15 05:00:00,1.11936,1.11965,1.1189,1.11948,1942.0
2025-05-15 06:00:00,1.11948,1.12014,1.11924,1.11968,1817.0
2025-05-15 07:00:00,1.11968,1.11999,1.11919,1.11929,1439.0
2025-05-15 08:00:00,1.11929,1.11993,1.11855,1.11934,2217.0
2025-05-15 09:00:00,1.11934,1.12277,1.11897,1.12274,3734.0
2025-05-15 10:00:00,1.12272,1.1228,1.11916,1.1197300000000001,4155.0
2025-05-15 11:00:00,1.1197300000000001,1.12115,1.11924,1.12101,3300.0
2025-05-15 12:00:00,1.12102,1.12131,1.12008,1.12024,2648.0
2025-05-15 13:00:00,1.12024,1.12114,1.11982,1.12001,2597.0
2025-05-15 14:00:00,1.12004,1.12031,1.11795,1.11831,3049.0
2025-05-15 15:00:00,1.11831,1.1213899999999999,1.11824,1.12099,5046.0
2025-05-15 16:00:00,1.12099,1.12239,1.11951,1.12009,5711.0
2025-05-15 17:00:00,1.12008,1.12109,1.11758,1.11864,5451.0
2025-05-15 18:00:00,1.11864,1.1197,1.1172900000000001,1.1188,3910.0
2025-05-15 19:00:00,1.1188,1.11907,1.11727,1.11809,2662.0
2025-05-15 20:00:00,1.1181,1.11891,1.11704,1.11712,2280.0
2025-05-15 21:00:00,1.11713,1.11797,1.1171,1.11772,2006.0
2025-05-15 22:00:00,1.11772,1.11864,1.11727,1.11837,1845.0
2025-05-15 23:00:00,1.11837,1.11876,1.11821,1.11835,1035.0
2025-05-16 00:00:00,1.11866,1.11896,1.11794,1.11881,445.0
2025-05-16 01:00:00,1.11881,1.11931,1.11857,1.11922,1050.0
2025-05-16 02:00:00,1.11922,1.1194,1.11897,1.1192,1049.0
2025-05-16 03:00:00,1.1192,1.12083,1.11905,1.12049,3085.0
2025-05-16 04:00:00,1.12049,1.12087,1.11984,1.12035,2359.0
2025-05-16 05:00:00,1.12035,1.12087,1.11996,1.12022,2111.0
2025-05-16 06:00:00,1.12022,1.12059,1.11991,1.12005,1852.0
2025-05-16 07:00:00,1.12005,1.12045,1.11964,1.12032,1615.0
2025-05-16 08:00:00,1.12032,1.12189,1.12012,1.12158,2041.0
2025-05-16 09:00:00,1.12158,1.12197,1.12074,1.12124,2867.0
2025-05-16 10:00:00,1.12124,1.12174,1.12062,1.12089,3507.0
2025-05-16 11:00:00,1.12089,1.12094,1.1197300000000001,1.11991,3220.0
2025-05-16 12:00:00,1.11991,1.12088,1.11917,1.11945,2754.0
2025-05-16 13:00:00,1.11945,1.12002,1.11882,1.11998,2747.0
2025-05-16 14:00:00,1.11998,1.12082,1.11904,1.11944,2776.0
2025-05-16 15:00:00,1.11944,1.11989,1.11911,1.11972,2951.0
2025-05-16 16:00:00,1.11972,1.12058,1.11882,1.12003,3499.0
2025-05-16 17:00:00,1.12003,1.12024,1.11519,1.11548,5923.0
2025-05-16 18:00:00,1.11548,1.11588,1.11402,1.11403,3526.0
2025-05-16 19:00:00,1.11403,1.11477,1.1131199999999999,1.1145100000000001,2897.0
2025-05-16 20:00:00,1.1145100000000001,1.11479,1.11396,1.1145,1851.0
2025-05-19 00:00:00,1.11755,1.11831,1.11694,1.11701,354.0
2025-05-19 01:00:00,1.11701,1.11943,1.11696,1.11903,1867.0
2025-05-19 02:00:00,1.11903,1.11942,1.11819,1.1189,1565.0
2025-05-19 03:00:00,1.1189,1.11987,1.11803,1.1197300000000001,3525.0
2025-05-19 04:00:00,1.1197300000000001,1.1199,1.11732,1.11763,3342.0
2025-05-19 05:00:00,1.11763,1.11885,1.11725,1.11823,2836.0
2025-05-19 06:00:00,1.11823,1.11856,1.11787,1.11812,2086.0
2025-05-19 07:00:00,1.11812,1.11874,1.11773,1.11839,1613.0
2025-05-19 08:00:00,1.11838,1.11884,1.11765,1.1185,1967.0
2025-05-19 09:00:00,1.1185,1.12124,1.11819,1.12092,3627.0
2025-05-19 10:00:00,1.12093,1.1245,1.12058,1.1238299999999999,5240.0
2025-05-19 11:00:00,1.1238299999999999,1.1259299999999999,1.1236,1.12574,4271.0
2025-05-19 12:00:00,1.12574,1.12806,1.1255,1.12799,4550.0
2025-05-19 13:00:00,1.12799,1.12884,1.1268799999999999,1.12784,3824.0
2025-05-19 14:00:00,1.12784,1.12799,1.12621,1.12732,3421.0
2025-05-19 15:00:00,1.12732,1.12736,1.12567,1.12568,3487.0
2025-05-19 16:00:00,1.1257,1.12653,1.12472,1.12513,5039.0
2025-05-19 17:00:00,1.12515,1.12578,1.12417,1.12538,4429.0
2025-05-19 18:00:00,1.12538,1.12599,1.12335,1.12363,3796.0
2025-05-19 19:00:00,1.12363,1.12397,1.12295,1.12353,2635.0
2025-05-19 20:00:00,1.12353,1.12388,1.12243,1.12303,2194.0
2025-05-19 21:00:00,1.12303,1.1237,1.12247,1.12351,1761.0
2025-05-19 22:00:00,1.12351,1.12419,1.1233,1.12402,1235.0
2025-05-19 23:00:00,1.12402,1.12448,1.12392,1.124,1419.0
2025-05-20 00:00:00,1.12358,1.12433,1.12324,1.1242,294.0
2025-05-20 01:00:00,1.1242,1.12438,1.12351,1.12353,821.0
2025-05-20 02:00:00,1.12353,1.12363,1.12316,1.12324,785.0
2025-05-20 03:00:00,1.12324,1.12325,1.12181,1.1228,2415.0
2025-05-20 04:00:00,1.1228,1.12514,1.1228,1.12384,3152.0
2025-05-20 05:00:00,1.12384,1.12463,1.1226099999999999,1.12323,1933.0
2025-05-20 06:00:00,1.12323,1.12476,1.12295,1.12451,2210.0
2025-05-20 07:00:00,1.12451,1.1250499999999999,1.12404,1.12424,2038.0
2025-05-20 08:00:00,1.12424,1.12585,1.12419,1.12547,3279.0
2025-05-20 09:00:00,1.12547,1.12625,1.12509,1.12577,3672.0
2025-05-20 10:00:00,1.12577,1.12778,1.1253,1.12764,4045.0
2025-05-20 11:00:00,1.12764,1.12764,1.12476,1.12585,3565.0
2025-05-20 12:00:00,1.12585,1.12672,1.125,1.12554,3043.0
2025-05-20 13:00:00,1.12554,1.12579,1.12431,1.12446,2449.0
2025-05-20 14:00:00,1.12446,1.12518,1.1244,1.12459,2712.0
2025-05-20 15:00:00,1.12459,1.12473,1.12238,1.12344,3637.0
2025-05-20 16:00:00,1.12345,1.12496,1.12248,1.12459,4547.0
2025-05-20 17:00:00,1.12459,1.12692,1.12458,1.12686,5434.0
2025-05-20 18:00:00,1.12686,1.12699,1.12497,1.1253199999999999,3373.0
2025-05-20 19:00:00,1.1253199999999999,1.12579,1.12453,1.12568,2520.0
2025-05-20 20:00:00,1.12568,1.12776,1.12548,1.1274,2235.0
2025-05-20 21:00:00,1.1274,1.12804,1.1271200000000001,1.12725,2378.0
2025-05-20 22:00:00,1.12725,1.12826,1.1272,1.12805,1586.0
2025-05-20 23:00:00,1.12805,1.12857,1.12784,1.1284399999999999,1081.0
2025-05-21 00:00:00,1.12821,1.12843,1.12798,1.12817,296.0
2025-05-21 01:00:00,1.12817,1.12869,1.12805,1.1280999999999999,1424.0
2025-05-21 02:00:00,1.1280999999999999,1.12901,1.12806,1.12884,923.0
2025-05-21 03:00:00,1.12884,1.13015,1.12878,1.1295600000000001,2638.0
2025-05-21 04:00:00,1.1295600000000001,1.13028,1.12867,1.12985,2793.0
2025-05-21 05:00:00,1.12985,1.13262,1.12974,1.1322,3450.0
2025-05-21 06:00:00,1.1322,1.134,1.13193,1.13342,2608.0
2025-05-21 07:00:00,1.13342,1.13368,1.13257,1.13291,1955.0
2025-05-21 08:00:00,1.13291,1.1338,1.13266,1.1332,2552.0
2025-05-21 09:00:00,1.1332,1.13532,1.13223,1.13329,4820.0
2025-05-21 10:00:00,1.13329,1.1334,1.13143,1.1323400000000001,4547.0
2025-05-21 11:00:00,1.1323400000000001,1.1334,1.13123,1.13226,3441.0
2025-05-21 12:00:00,1.13226,1.1335,1.13148,1.13349,2793.0
2025-05-21 13:00:00,1.13349,1.1362,1.13316,1.13389,4274.0
2025-05-21 14:00:00,1.13389,1.13448,1.1319,1.13235,3261.0
2025-05-21 15:00:00,1.1324,1.13349,1.13175,1.13346,4349.0
2025-05-21 16:00:00,1.13347,1.1339,1.13235,1.13369,4686.0
2025-05-21 17:00:00,1.13369,1.13545,1.13324,1.13409,5260.0
2025-05-21 18:00:00,1.13409,1.13486,1.13326,1.13427,3929.0
2025-05-21 19:00:00,1.13427,1.13522,1.13391,1.13405,2332.0
2025-05-21 20:00:00,1.13405,1.13629,1.13377,1.13484,4554.0
2025-05-21 21:00:00,1.13483,1.13489,1.13318,1.13333,2621.0
2025-05-21 22:00:00,1.13333,1.1339299999999999,1.13185,1.1319,2678.0
2025-05-21 23:00:00,1.1319,1.13318,1.13157,1.1331,1279.0
2025-05-22 00:00:00,1.1325,1.13292,1.13241,1.13279,132.0
2025-05-22 01:00:00,1.13279,1.13305,1.13152,1.13152,1979.0
2025-05-22 02:00:00,1.13152,1.13326,1.13112,1.1332200000000001,1803.0
2025-05-22 03:00:00,1.1332200000000001,1.13437,1.13262,1.13273,4086.0
2025-05-22 04:00:00,1.13273,1.13408,1.13174,1.13379,3610.0
2025-05-22 05:00:00,1.13379,1.13449,1.13286,1.1339,2861.0
2025-05-22 06:00:00,1.13389,1.13423,1.13308,1.1333199999999999,2131.0
2025-05-22 07:00:00,1.1333199999999999,1.13344,1.13248,1.13331,1600.0
2025-05-22 08:00:00,1.13331,1.13354,1.13251,1.13335,2253.0
2025-05-22 09:00:00,1.13335,1.13421,1.13177,1.13227,3857.0
2025-05-22 10:00:00,1.13226,1.13248,1.12953,1.13209,5079.0
2025-05-22 11:00:00,1.13211,1.13349,1.13014,1.13019,4935.0
2025-05-22 12:00:00,1.13019,1.13035,1.1291,1.12943,4054.0
2025-05-22 13:00:00,1.12943,1.12997,1.12903,1.12921,2853.0
2025-05-22 14:00:00,1.12921,1.13131,1.12921,1.13087,3509.0
2025-05-22 15:00:00,1.13087,1.13151,1.1285,1.1295,4550.0
2025-05-22 16:00:00,1.1295,1.1309,1.12818,1.12835,5451.0
2025-05-22 17:00:00,1.12833,1.1298,1.1275,1.1277300000000001,5587.0
2025-05-22 18:00:00,1.12774,1.12885,1.1266,1.12806,4382.0
2025-05-22 19:00:00,1.12804,1.12879,1.12685,1.12694,2961.0
2025-05-22 20:00:00,1.12696,1.12711,1.12559,1.12681,3022.0
2025-05-22 21:00:00,1.1268,1.12808,1.12674,1.12781,1819.0
2025-05-22 22:00:00,1.12781,1.12857,1.1278,1.12787,1616.0
2025-05-22 23:00:00,1.12787,1.12836,1.12776,1.12786,1208.0
2025-05-23 00:00:00,1.12788,1.12809,1.12763,1.12798,202.0
2025-05-23 01:00:00,1.12798,1.12874,1.12798,1.12865,1130.0
2025-05-23 02:00:00,1.12865,1.12892,1.12811,1.12824,975.0
2025-05-23 03:00:00,1.12823,1.13,1.1279,1.12971,2606.0
2025-05-23 04:00:00,1.12971,1.13189,1.12951,1.13141,2810.0
2025-05-23 05:00:00,1.13141,1.1318,1.13084,1.1314899999999999,1908.0
2025-05-23 06:00:00,1.1314899999999999,1.13175,1.13113,1.13116,1335.0
2025-05-23 07:00:00,1.13116,1.1320999999999999,1.13079,1.13179,1549.0
2025-05-23 08:00:00,1.13179,1.13259,1.13083,1.13228,1927.0
2025-05-23 09:00:00,1.13226,1.13269,1.13103,1.13123,3179.0
2025-05-23 10:00:00,1.13123,1.13442,1.13095,1.13396,3695.0
2025-05-23 11:00:00,1.13396,1.13447,1.13329,1.1342,2804.0
2025-05-23 12:00:00,1.1342,1.13541,1.13385,1.13492,2925.0
2025-05-23 13:00:00,1.13492,1.13578,1.13445,1.1349,2874.0
2025-05-23 14:00:00,1.1349,1.13755,1.12987,1.13215,7539.0
2025-05-23 15:00:00,1.13215,1.13502,1.12976,1.13336,8210.0
2025-05-23 16:00:00,1.13336,1.1338,1.13133,1.13148,5786.0
2025-05-23 17:00:00,1.1314899999999999,1.13463,1.1311,1.13451,4848.0
2025-05-23 18:00:00,1.1345,1.13595,1.13317,1.13493,3887.0
2025-05-23 19:00:00,1.13497,1.13598,1.1341,1.13583,2743.0
2025-05-23 20:00:00,1.13583,1.13673,1.13519,1.13609,1886.0
2025-05-26 00:00:00,1.13626,1.13679,1.13601,1.13674,335.0
2025-05-26 01:00:00,1.13674,1.13796,1.13625,1.13741,2820.0
2025-05-26 02:00:00,1.13741,1.13819,1.137,1.1375,1823.0
2025-05-26 03:00:00,1.1375,1.13978,1.13747,1.1397,3224.0
2025-05-26 04:00:00,1.13969,1.14158,1.1388099999999999,1.14126,3388.0
2025-05-26 05:00:00,1.14126,1.14188,1.14081,1.14097,2567.0
2025-05-26 06:00:00,1.14097,1.1412499999999999,1.14051,1.14116,1921.0
2025-05-26 07:00:00,1.14116,1.14133,1.14034,1.14095,1739.0
2025-05-26 08:00:00,1.14095,1.14185,1.14006,1.14172,2234.0
2025-05-26 09:00:00,1.14172,1.14184,1.1408,1.14091,3215.0
2025-05-26 10:00:00,1.1409,1.1412200000000001,1.13886,1.13892,3539.0
2025-05-26 11:00:00,1.13892,1.13956,1.13831,1.13846,2687.0
2025-05-26 12:00:00,1.13848,1.13859,1.13761,1.13791,2121.0
2025-05-26 13:00:00,1.13791,1.13864,1.13765,1.13843,1808.0
2025-05-26 14:00:00,1.13843,1.13869,1.13742,1.13771,1580.0
2025-05-26 15:00:00,1.13771,1.13824,1.1369,1.13752,1873.0
2025-05-26 16:00:00,1.13752,1.13835,1.1373199999999999,1.13817,1679.0
2025-05-26 17:00:00,1.13817,1.1385,1.13767,1.1384400000000001,2012.0
2025-05-26 18:00:00,1.1384400000000001,1.1385399999999999,1.13774,1.13815,1464.0
2025-05-26 19:00:00,1.13815,1.13834,1.13761,1.13833,883.0
2025-05-26 20:00:00,1.13833,1.13839,1.13786,1.13808,499.0
2025-05-26 21:00:00,1.13808,1.13833,1.138,1.13809,441.0
2025-05-26 22:00:00,1.13809,1.13856,1.13804,1.1385399999999999,322.0
2025-05-26 23:00:00,1.1385399999999999,1.13882,1.13841,1.13868,497.0
2025-05-27 00:00:00,1.13828,1.13856,1.13805,1.13835,287.0
2025-05-27 01:00:00,1.1384400000000001,1.13947,1.1384400000000001,1.13904,1197.0
2025-05-27 02:00:00,1.13904,1.13913,1.13871,1.13886,970.0
2025-05-27 03:00:00,1.13886,1.1403,1.1388,1.1400000000000001,2363.0
2025-05-27 04:00:00,1.1400000000000001,1.14073,1.13912,1.13953,2378.0
2025-05-27 05:00:00,1.13952,1.14031,1.13909,1.13928,1804.0
2025-05-27 06:00:00,1.13928,1.1401,1.13903,1.13938,1391.0
2025-05-27 07:00:00,1.13938,1.1398,1.13777,1.13784,1965.0
2025-05-27 08:00:00,1.13784,1.13794,1.1367099999999999,1.13789,3441.0
2025-05-27 09:00:00,1.13787,1.1393,1.13643,1.13652,4073.0
2025-05-27 10:00:00,1.13651,1.13712,1.13373,1.13409,4766.0
2025-05-27 11:00:00,1.13409,1.13578,1.13389,1.13489,3407.0
2025-05-27 12:00:00,1.13487,1.13581,1.13448,1.13484,3215.0
2025-05-27 13:00:00,1.13484,1.13519,1.13407,1.13439,3130.0
2025-05-27 14:00:00,1.13439,1.13544,1.13413,1.13512,2717.0
2025-05-27 15:00:00,1.13512,1.13679,1.1351,1.13669,3130.0
2025-05-27 16:00:00,1.13669,1.13755,1.13557,1.13584,3866.0
2025-05-27 17:00:00,1.13585,1.13614,1.13382,1.13412,5006.0
2025-05-27 18:00:00,1.13412,1.13413,1.13233,1.13255,3643.0
2025-05-27 19:00:00,1.13254,1.13354,1.13236,1.13318,2200.0
2025-05-27 20:00:00,1.13318,1.1337,1.13303,1.13329,1710.0
2025-05-27 21:00:00,1.13329,1.13388,1.13285,1.13372,1642.0
2025-05-27 22:00:00,1.13372,1.13388,1.13301,1.13309,1551.0
2025-05-27 23:00:00,1.13309,1.13328,1.13264,1.1327,1282.0
2025-05-28 00:00:00,1.13254,1.13304,1.13225,1.13268,614.0
2025-05-28 01:00:00,1.13268,1.13373,1.13262,1.13368,739.0
2025-05-28 02:00:00,1.13368,1.13381,1.13315,1.1337,1012.0
2025-05-28 03:00:00,1.1337,1.13451,1.13341,1.13344,2024.0
2025-05-28 04:00:00,1.13344,1.13392,1.13154,1.13175,3703.0
2025-05-28 05:00:00,1.13175,1.13256,1.13008,1.13053,2961.0
2025-05-28 06:00:00,1.13056,1.13131,1.13007,1.13075,2571.0
2025-05-28 07:00:00,1.13075,1.13106,1.1302699999999999,1.13063,1964.0
2025-05-28 08:00:00,1.13063,1.1314899999999999,1.1295600000000001,1.13148,2494.0
2025-05-28 09:00:00,1.13148,1.1317,1.13038,1.1304400000000001,3288.0
2025-05-28 10:00:00,1.1304400000000001,1.13312,1.1303,1.13267,3444.0
2025-05-28 11:00:00,1.13267,1.13344,1.13182,1.13323,2895.0
2025-05-28 12:00:00,1.13323,1.13405,1.13282,1.13336,2851.0
2025-05-28 13:00:00,1.13336,1.13407,1.13242,1.13258,2754.0
2025-05-28 14:00:00,1.13258,1.13286,1.13166,1.13178,2791.0
2025-05-28 15:00:00,1.13178,1.13245,1.13076,1.13111,3460.0
2025-05-28 16:00:00,1.13111,1.13137,1.12971,1.1308799999999999,4602.0
2025-05-28 17:00:00,1.13087,1.13248,1.13011,1.13023,5443.0
2025-05-28 18:00:00,1.13023,1.13087,1.12839,1.12847,4013.0
2025-05-28 19:00:00,1.12847,1.12968,1.12842,1.12941,2322.0
2025-05-28 20:00:00,1.12941,1.13008,1.12907,1.12915,2103.0
2025-05-28 21:00:00,1.12913,1.12981,1.1284399999999999,1.12935,2318.0
2025-05-28 22:00:00,1.12936,1.12957,1.12878,1.12897,1763.0
2025-05-28 23:00:00,1.12896,1.12957,1.12891,1.12894,1432.0
2025-05-29 00:00:00,1.129,1.12949,1.12875,1.12934,452.0
2025-05-29 01:00:00,1.12934,1.12973,1.12907,1.12919,1052.0
2025-05-29 02:00:00,1.12918,1.12924,1.12107,1.12297,5685.0
2025-05-29 03:00:00,1.12297,1.12508,1.12235,1.12349,6111.0
2025-05-29 04:00:00,1.12348,1.12534,1.12237,1.12519,4449.0
2025-05-29 05:00:00,1.12519,1.12571,1.12418,1.1246,2932.0
2025-05-29 06:00:00,1.1246,1.12565,1.12428,1.12486,2193.0
2025-05-29 07:00:00,1.12486,1.12549,1.12441,1.12479,1680.0
2025-05-29 08:00:00,1.12479,1.12507,1.12311,1.12438,2712.0
2025-05-29 09:00:00,1.12439,1.12738,1.12424,1.12714,4395.0
2025-05-29 10:00:00,1.12714,1.12828,1.12713,1.12758,4146.0
2025-05-29 11:00:00,1.12757,1.12791,1.1262,1.12719,3075.0
2025-05-29 12:00:00,1.1272,1.1284,1.12716,1.1278,2561.0
2025-05-29 13:00:00,1.1278,1.12915,1.12766,1.12866,2752.0
2025-05-29 14:00:00,1.12866,1.12908,1.1268,1.1271,2908.0
2025-05-29 15:00:00,1.1271,1.13499,1.1271,1.13493,6270.0
2025-05-29 16:00:00,1.13493,1.13601,1.1339299999999999,1.13513,5970.0
2025-05-29 17:00:00,1.13516,1.13695,1.1343,1.13501,5192.0
2025-05-29 18:00:00,1.13501,1.13708,1.1348799999999999,1.13701,3965.0
2025-05-29 19:00:00,1.1369799999999999,1.13799,1.13672,1.13716,2824.0
2025-05-29 20:00:00,1.13716,1.1384400000000001,1.13618,1.13771,2382.0
2025-05-29 21:00:00,1.13772,1.13845,1.13744,1.13752,2092.0
2025-05-29 22:00:00,1.13752,1.1378300000000001,1.13663,1.13668,2016.0
2025-05-29 23:00:00,1.13669,1.13701,1.1360999999999999,1.13648,1208.0
2025-05-30 00:00:00,1.13644,1.13715,1.1363,1.13657,970.0
2025-05-30 01:00:00,1.13657,1.13771,1.13654,1.13713,1638.0
2025-05-30 02:00:00,1.13713,1.13794,1.13695,1.1377,1439.0
2025-05-30 03:00:00,1.1377,1.13851,1.13645,1.13725,3253.0
2025-05-30 04:00:00,1.13725,1.13899,1.13524,1.13548,4107.0
2025-05-30 05:00:00,1.13548,1.13592,1.13484,1.13496,2684.0
2025-05-30 06:00:00,1.13496,1.13572,1.13459,1.13497,1920.0
2025-05-30 07:00:00,1.13497,1.13538,1.13457,1.13461,2131.0
2025-05-30 08:00:00,1.13461,1.13547,1.13432,1.13513,2206.0
2025-05-30 09:00:00,1.13513,1.13521,1.13361,1.13466,3445.0
2025-05-30 10:00:00,1.13467,1.13482,1.13279,1.13378,4449.0
2025-05-30 11:00:00,1.13378,1.13448,1.13235,1.1324,3574.0
2025-05-30 12:00:00,1.1324,1.13323,1.13232,1.13256,3087.0
2025-05-30 13:00:00,1.13256,1.13348,1.13248,1.13276,2606.0
2025-05-30 14:00:00,1.13276,1.13388,1.13233,1.13381,2849.0
2025-05-30 15:00:00,1.13381,1.13587,1.13348,1.13462,5830.0
2025-05-30 16:00:00,1.13462,1.1348,1.13127,1.13177,4997.0
2025-05-30 17:00:00,1.13177,1.13546,1.1313900000000001,1.13521,6616.0
2025-05-30 18:00:00,1.13522,1.13583,1.13436,1.13464,5017.0
2025-05-30 19:00:00,1.13465,1.13552,1.13436,1.13504,3422.0
2025-05-30 20:00:00,1.13504,1.13672,1.13499,1.13573,2423.0
2025-06-02 00:00:00,1.13463,1.13523,1.13382,1.13463,471.0
2025-06-02 01:00:00,1.13463,1.13578,1.13426,1.13553,2084.0
2025-06-02 02:00:00,1.13552,1.13604,1.1351,1.13531,1665.0
2025-06-02 03:00:00,1.13531,1.13748,1.13527,1.13687,3063.0
2025-06-02 04:00:00,1.13687,1.13822,1.13678,1.13702,3283.0
2025-06-02 05:00:00,1.13702,1.13736,1.13619,1.13646,2175.0
2025-06-02 06:00:00,1.13644,1.1366,1.13544,1.13621,1839.0
2025-06-02 07:00:00,1.13621,1.1367,1.13601,1.13656,1537.0
2025-06-02 08:00:00,1.13656,1.13806,1.1364,1.13796,2079.0
2025-06-02 09:00:00,1.13796,1.14069,1.13786,1.14013,3280.0
2025-06-02 10:00:00,1.14014,1.14369,1.13989,1.14238,4343.0
2025-06-02 11:00:00,1.14238,1.14277,1.14128,1.14203,3899.0
2025-06-02 12:00:00,1.14203,1.1437,1.14194,1.14234,4013.0
2025-06-02 13:00:00,1.14234,1.1428099999999999,1.14132,1.14153,3088.0
2025-06-02 14:00:00,1.14153,1.14265,1.14092,1.14143,3187.0
2025-06-02 15:00:00,1.14143,1.14291,1.14113,1.14185,3535.0
2025-06-02 16:00:00,1.14185,1.1423,1.14045,1.14195,4360.0
2025-06-02 17:00:00,1.14194,1.1449799999999999,1.14194,1.14348,6052.0
2025-06-02 18:00:00,1.14349,1.14389,1.14241,1.14307,4083.0
2025-06-02 19:00:00,1.14307,1.1432,1.14118,1.14187,2900.0
2025-06-02 20:00:00,1.14186,1.14261,1.14161,1.14226,2176.0
2025-06-02 21:00:00,1.14226,1.14426,1.14189,1.14415,2363.0
2025-06-02 22:00:00,1.14415,1.14457,1.14336,1.14452,1985.0
2025-06-02 23:00:00,1.14453,1.1446399999999999,1.14399,1.14432,876.0
2025-06-03 00:00:00,1.1439,1.14408,1.14335,1.14389,654.0
2025-06-03 01:00:00,1.14389,1.1446,1.14373,1.14453,850.0
2025-06-03 02:00:00,1.14452,1.1454,1.14447,1.14531,1020.0
2025-06-03 03:00:00,1.14531,1.14547,1.14389,1.14433,2423.0
2025-06-03 04:00:00,1.14433,1.14434,1.14269,1.14278,3123.0
2025-06-03 05:00:00,1.14278,1.14306,1.14187,1.14256,2121.0
2025-06-03 06:00:00,1.14256,1.14274,1.14161,1.14199,2271.0
2025-06-03 07:00:00,1.14199,1.14258,1.14172,1.14256,1732.0
2025-06-03 08:00:00,1.14256,1.14276,1.14121,1.14221,2172.0
2025-06-03 09:00:00,1.14221,1.14313,1.14155,1.14291,3120.0
2025-06-03 10:00:00,1.14289,1.14325,1.14144,1.1415899999999999,3755.0
2025-06-03 11:00:00,1.1416,1.14186,1.14056,1.14118,3475.0
2025-06-03 12:00:00,1.14117,1.14182,1.14017,1.14119,3176.0
2025-06-03 13:00:00,1.14119,1.14126,1.13964,1.13979,2778.0
2025-06-03 14:00:00,1.13979,1.13992,1.13865,1.13906,2992.0
2025-06-03 15:00:00,1.13906,1.13941,1.13772,1.1381999999999999,3309.0
2025-06-03 16:00:00,1.1381999999999999,1.13951,1.13773,1.13877,4292.0
2025-06-03 17:00:00,1.13875,1.13934,1.13642,1.1392,5517.0
2025-06-03 18:00:00,1.1392,1.13931,1.13709,1.1372200000000001,3631.0
2025-06-03 19:00:00,1.1372200000000001,1.13835,1.13676,1.13735,2391.0
2025-06-03 20:00:00,1.13734,1.13818,1.1373,1.1378,1705.0
2025-06-03 21:00:00,1.1378,1.1378,1.13693,1.1374900000000001,1497.0
2025-06-03 22:00:00,1.1374900000000001,1.13762,1.13677,1.13689,1297.0
2025-06-03 23:00:00,1.13689,1.13741,1.13684,1.13703,813.0
2025-06-04 00:00:00,1.13699,1.13754,1.13679,1.13747,693.0
2025-06-04 01:00:00,1.13747,1.13753,1.13704,1.13743,773.0
2025-06-04 02:00:00,1.13743,1.13862,1.13742,1.13843,970.0
2025-06-04 03:00:00,1.13841,1.13891,1.13784,1.13827,2723.0
2025-06-04 04:00:00,1.13827,1.13935,1.13716,1.13857,3350.0
2025-06-04 05:00:00,1.13857,1.1388,1.13736,1.13761,2006.0
2025-06-04 06:00:00,1.13761,1.1381000000000001,1.13657,1.13678,1883.0
2025-06-04 07:00:00,1.13678,1.13792,1.13649,1.13668,2032.0
2025-06-04 08:00:00,1.13668,1.13718,1.1357,1.13625,2419.0
2025-06-04 09:00:00,1.13625,1.13784,1.13575,1.1378,3566.0
2025-06-04 10:00:00,1.13778,1.13969,1.13758,1.13867,3561.0
2025-06-04 11:00:00,1.13867,1.1404,1.13829,1.13995,3095.0
2025-06-04 12:00:00,1.13995,1.13995,1.13816,1.1383,2826.0
2025-06-04 13:00:00,1.1383,1.13857,1.1374900000000001,1.13824,2682.0
2025-06-04 14:00:00,1.13824,1.13875,1.13772,1.13794,2238.0
2025-06-04 15:00:00,1.13794,1.1411,1.13794,1.14093,5271.0
2025-06-04 16:00:00,1.14095,1.14138,1.13929,1.13979,4216.0
2025-06-04 17:00:00,1.13992,1.14345,1.13992,1.14329,5845.0
2025-06-04 18:00:00,1.14327,1.14339,1.14171,1.14236,3793.0
2025-06-04 19:00:00,1.14236,1.14346,1.14198,1.14331,2684.0
2025-06-04 20:00:00,1.14331,1.14336,1.14236,1.14249,1982.0
2025-06-04 21:00:00,1.14249,1.14284,1.14202,1.14205,1791.0
2025-06-04 22:00:00,1.14205,1.14218,1.1412200000000001,1.1412200000000001,1441.0
2025-06-04 23:00:00,1.1412200000000001,1.14224,1.14101,1.1414900000000001,1180.0
2025-06-05 00:00:00,1.14132,1.14186,1.14105,1.14138,467.0
2025-06-05 01:00:00,1.14138,1.1423,1.14136,1.14199,984.0
2025-06-05 02:00:00,1.14199,1.14288,1.14187,1.1421000000000001,1241.0
2025-06-05 03:00:00,1.1421000000000001,1.14294,1.14163,1.14292,2865.0
2025-06-05 04:00:00,1.14292,1.1435,1.14136,1.14166,2967.0
2025-06-05 05:00:00,1.14166,1.14196,1.14105,1.14178,1995.0
2025-06-05 06:00:00,1.14178,1.14228,1.1409,1.14107,2354.0
2025-06-05 07:00:00,1.14107,1.14145,1.1408,1.14105,1917.0
2025-06-05 08:00:00,1.14105,1.14137,1.14046,1.14063,2103.0
2025-06-05 09:00:00,1.14063,1.14172,1.14054,1.14091,2818.0
2025-06-05 10:00:00,1.14091,1.14251,1.1407,1.14119,2970.0
2025-06-05 11:00:00,1.14119,1.14195,1.14091,1.14131,2764.0
2025-06-05 12:00:00,1.14131,1.14218,1.14097,1.14188,2836.0
2025-06-05 13:00:00,1.14188,1.14328,1.14178,1.14242,2766.0
2025-06-05 14:00:00,1.14242,1.14284,1.14162,1.14265,2641.0
2025-06-05 15:00:00,1.14261,1.1449,1.14134,1.14296,6616.0
2025-06-05 16:00:00,1.14297,1.14951,1.14185,1.14806,8384.0
2025-06-05 17:00:00,1.14806,1.14822,1.14544,1.14581,6537.0
2025-06-05 18:00:00,1.14579,1.1459,1.14352,1.1439300000000001,4893.0
2025-06-05 19:00:00,1.14394,1.1448,1.14316,1.1448,3313.0
2025-06-05 20:00:00,1.1448,1.14483,1.14319,1.14431,2019.0
2025-06-05 21:00:00,1.14431,1.14443,1.14312,1.14423,2103.0
2025-06-05 22:00:00,1.14423,1.14481,1.14338,1.14381,3102.0
2025-06-05 23:00:00,1.14381,1.14452,1.14354,1.1444,1213.0
2025-06-06 00:00:00,1.1443699999999999,1.14467,1.1438,1.14396,320.0
2025-06-06 01:00:00,1.14396,1.14519,1.14394,1.14518,924.0
2025-06-06 02:00:00,1.14518,1.14541,1.14468,1.14536,996.0
2025-06-06 03:00:00,1.14536,1.14575,1.14499,1.14502,2154.0
2025-06-06 04:00:00,1.14502,1.14524,1.14413,1.14425,2258.0
2025-06-06 05:00:00,1.14425,1.14435,1.1433200000000001,1.14379,2057.0
2025-06-06 06:00:00,1.14379,1.14439,1.14362,1.14402,1613.0
2025-06-06 07:00:00,1.14402,1.14424,1.14373,1.144,1116.0
2025-06-06 08:00:00,1.144,1.14404,1.14309,1.14359,1840.0
2025-06-06 09:00:00,1.14359,1.14425,1.1425,1.14356,2861.0
2025-06-06 10:00:00,1.14356,1.14369,1.14214,1.1427100000000001,3256.0
2025-06-06 11:00:00,1.1427100000000001,1.14294,1.14117,1.14146,2958.0
2025-06-06 12:00:00,1.14147,1.14214,1.14111,1.14195,2533.0
2025-06-06 13:00:00,1.14195,1.14245,1.14174,1.14229,2162.0
2025-06-06 14:00:00,1.14229,1.1429,1.14171,1.1418,2463.0
2025-06-06 15:00:00,1.1418,1.1431499999999999,1.13858,1.13968,6881.0
2025-06-06 16:00:00,1.13968,1.14025,1.13717,1.13903,6700.0
2025-06-06 17:00:00,1.13906,1.14164,1.1381000000000001,1.13895,5936.0
2025-06-06 18:00:00,1.13895,1.14024,1.13812,1.1396600000000001,4533.0
2025-06-06 19:00:00,1.1396600000000001,1.14016,1.13861,1.13873,3081.0
2025-06-06 20:00:00,1.13873,1.1398,1.13847,1.13932,2136.0
2025-06-09 00:00:00,1.13989,1.13989,1.13885,1.13925,282.0
2025-06-09 01:00:00,1.13925,1.14071,1.13925,1.14067,1065.0
2025-06-09 02:00:00,1.14067,1.14115,1.14038,1.14066,932.0
2025-06-09 03:00:00,1.14066,1.14091,1.13929,1.13938,1859.0
2025-06-09 04:00:00,1.13938,1.14173,1.13938,1.14154,2110.0
2025-06-09 05:00:00,1.14155,1.14253,1.14143,1.14172,1902.0
2025-06-09 06:00:00,1.14172,1.14211,1.1412,1.14121,1377.0
2025-06-09 07:00:00,1.14121,1.14191,1.14111,1.14185,1082.0
2025-06-09 08:00:00,1.14185,1.1424400000000001,1.14121,1.1421999999999999,1390.0
2025-06-09 09:00:00,1.1421999999999999,1.14298,1.1418,1.14275,2191.0
2025-06-09 10:00:00,1.14275,1.14287,1.14197,1.14225,2459.0
2025-06-09 11:00:00,1.14225,1.14363,1.14187,1.14284,2850.0
2025-06-09 12:00:00,1.14284,1.1439300000000001,1.14259,1.14261,2116.0
2025-06-09 13:00:00,1.14261,1.1429,1.14161,1.14195,1915.0
2025-06-09 14:00:00,1.14195,1.14232,1.14058,1.14176,2780.0
2025-06-09 15:00:00,1.14176,1.1418300000000001,1.13946,1.14004,2891.0
2025-06-09 16:00:00,1.14005,1.14045,1.13866,1.14021,3461.0
2025-06-09 17:00:00,1.14021,1.1409,1.13937,1.1408,3452.0
2025-06-09 18:00:00,1.1408,1.14256,1.14077,1.14243,2352.0
2025-06-09 19:00:00,1.14243,1.14257,1.14153,1.14247,1562.0
2025-06-09 20:00:00,1.14246,1.14263,1.14195,1.14221,1352.0
2025-06-09 21:00:00,1.14221,1.1431,1.14193,1.14279,1567.0
2025-06-09 22:00:00,1.14279,1.14295,1.14226,1.1423,1388.0
2025-06-09 23:00:00,1.1423,1.1427100000000001,1.14184,1.14199,742.0
2025-06-10 00:00:00,1.1417,1.14213,1.14146,1.14194,305.0
2025-06-10 01:00:00,1.14194,1.14238,1.1419,1.14231,754.0
2025-06-10 02:00:00,1.14231,1.14284,1.14203,1.14264,756.0
2025-06-10 03:00:00,1.14264,1.14356,1.14219,1.14243,2506.0
2025-06-10 04:00:00,1.14243,1.14284,1.13952,1.13969,3181.0
2025-06-10 05:00:00,1.13968,1.14007,1.13862,1.1399,2942.0
2025-06-10 06:00:00,1.1399,1.14052,1.13917,1.14031,1937.0
2025-06-10 07:00:00,1.14031,1.14042,1.13916,1.13996,1606.0
2025-06-10 08:00:00,1.13996,1.14137,1.1398,1.14052,3214.0
2025-06-10 09:00:00,1.14051,1.1414900000000001,1.13921,1.13947,3991.0
2025-06-10 10:00:00,1.13946,1.13998,1.1373,1.13922,4046.0
2025-06-10 11:00:00,1.13922,1.14113,1.13916,1.14083,3230.0
2025-06-10 12:00:00,1.14083,1.14184,1.14034,1.14166,2672.0
2025-06-10 13:00:00,1.14166,1.14251,1.14116,1.14237,2395.0
2025-06-10 14:00:00,1.14237,1.1434199999999999,1.14194,1.14292,2913.0
2025-06-10 15:00:00,1.14292,1.14404,1.1425,1.14323,3099.0
2025-06-10 16:00:00,1.14323,1.14477,1.14307,1.14429,3928.0
2025-06-10 17:00:00,1.14428,1.1445,1.14205,1.14258,3414.0
2025-06-10 18:00:00,1.14258,1.14279,1.14157,1.14227,2914.0
2025-06-10 19:00:00,1.14227,1.14268,1.14162,1.14236,1906.0
2025-06-10 20:00:00,1.14236,1.14288,1.14172,1.14229,1453.0
2025-06-10 21:00:00,1.14229,1.14252,1.14166,1.14202,1560.0
2025-06-10 22:00:00,1.14202,1.1436600000000001,1.14192,1.14262,1582.0
2025-06-10 23:00:00,1.14262,1.14299,1.14189,1.14248,992.0
2025-06-11 00:00:00,1.14227,1.14264,1.1419,1.14239,1038.0
2025-06-11 01:00:00,1.14239,1.14295,1.142,1.14289,840.0
2025-06-11 02:00:00,1.14289,1.14396,1.14221,1.14375,1904.0
2025-06-11 03:00:00,1.14375,1.14389,1.14204,1.14211,3282.0
2025-06-11 04:00:00,1.14211,1.14269,1.14062,1.14087,2406.0
2025-06-11 05:00:00,1.14087,1.14179,1.14074,1.14155,1838.0
2025-06-11 06:00:00,1.14155,1.14176,1.14115,1.14163,1337.0
2025-06-11 07:00:00,1.14163,1.1418,1.1412,1.14157,1165.0
2025-06-11 08:00:00,1.14157,1.14232,1.14136,1.14224,1521.0
2025-06-11 09:00:00,1.14224,1.14236,1.14072,1.14101,2637.0
2025-06-11 10:00:00,1.14101,1.14239,1.14054,1.14195,3106.0
2025-06-11 11:00:00,1.14195,1.14386,1.14184,1.14308,2760.0
2025-06-11 12:00:00,1.14308,1.14458,1.14299,1.14349,3025.0
2025-06-11 13:00:00,1.14349,1.1442700000000001,1.14333,1.14383,2141.0
2025-06-11 14:00:00,1.14383,1.14405,1.14267,1.14328,2581.0
2025-06-11 15:00:00,1.14328,1.14895,1.14283,1.14606,6761.0
2025-06-11 16:00:00,1.14606,1.14737,1.1453,1.14704,5539.0
2025-06-11 17:00:00,1.14704,1.14868,1.14672,1.14818,4355.0
2025-06-11 18:00:00,1.14818,1.14903,1.14748,1.14894,3654.0
2025-06-11 19:00:00,1.14894,1.14962,1.1482,1.14896,2495.0
2025-06-11 20:00:00,1.14896,1.14989,1.14883,1.14974,1828.0
2025-06-11 21:00:00,1.14974,1.14995,1.14836,1.14862,2885.0
2025-06-11 22:00:00,1.14862,1.14868,1.1479300000000001,1.1482700000000001,1902.0
2025-06-11 23:00:00,1.14832,1.14893,1.14804,1.14884,1425.0
2025-06-12 00:00:00,1.14871,1.14879,1.14815,1.14876,381.0
2025-06-12 01:00:00,1.14875,1.15089,1.14875,1.15058,1011.0
2025-06-12 02:00:00,1.15058,1.15131,1.15046,1.15102,1722.0
2025-06-12 03:00:00,1.15102,1.15267,1.15018,1.15214,3262.0
2025-06-12 04:00:00,1.15214,1.15292,1.15147,1.15187,3283.0
2025-06-12 05:00:00,1.15187,1.1519,1.15066,1.15114,2296.0
2025-06-12 06:00:00,1.15114,1.15222,1.15105,1.15198,2154.0
2025-06-12 07:00:00,1.15198,1.15198,1.15122,1.15154,1743.0
2025-06-12 08:00:00,1.15154,1.15327,1.15109,1.1528,2110.0
2025-06-12 09:00:00,1.15278,1.15316,1.15114,1.15222,3735.0
2025-06-12 10:00:00,1.15222,1.15279,1.15058,1.1526399999999999,4105.0
2025-06-12 11:00:00,1.1526399999999999,1.1547399999999999,1.15231,1.15442,3983.0
2025-06-12 12:00:00,1.15443,1.15888,1.15404,1.15721,4193.0
2025-06-12 13:00:00,1.15721,1.16103,1.15668,1.15929,5316.0
2025-06-12 14:00:00,1.15929,1.16068,1.15842,1.15896,4299.0
2025-06-12 15:00:00,1.15896,1.16315,1.15883,1.16098,5791.0
2025-06-12 16:00:00,1.16098,1.16172,1.15794,1.1585,5202.0
2025-06-12 17:00:00,1.15849,1.15902,1.15791,1.15821,4497.0
2025-06-12 18:00:00,1.15821,1.15851,1.15675,1.1577,4787.0
2025-06-12 19:00:00,1.1577,1.15797,1.15669,1.15761,3323.0
2025-06-12 20:00:00,1.15761,1.15782,1.15638,1.1575199999999999,2219.0
2025-06-12 21:00:00,1.15751,1.15809,1.15702,1.15777,1675.0
2025-06-12 22:00:00,1.15777,1.15808,1.15748,1.15762,1599.0
2025-06-12 23:00:00,1.15762,1.15872,1.15758,1.15845,1140.0
2025-06-13 00:00:00,1.1581,1.1588,1.15765,1.15877,626.0
2025-06-13 01:00:00,1.15881,1.15929,1.15868,1.15899,835.0
2025-06-13 02:00:00,1.15899,1.16095,1.15868,1.16092,1219.0
2025-06-13 03:00:00,1.16088,1.16146,1.15396,1.1559,8369.0
2025-06-13 04:00:00,1.1559,1.15602,1.15373,1.15485,5660.0
2025-06-13 05:00:00,1.15484,1.15585,1.15371,1.15454,3776.0
2025-06-13 06:00:00,1.15454,1.15466,1.15277,1.15374,3763.0
2025-06-13 07:00:00,1.15374,1.15409,1.1514199999999999,1.15253,2788.0
2025-06-13 08:00:00,1.15253,1.15372,1.1512,1.15294,3346.0
2025-06-13 09:00:00,1.15294,1.15465,1.1524,1.15424,5247.0
2025-06-13 10:00:00,1.15425,1.15605,1.15354,1.15355,4935.0
2025-06-13 11:00:00,1.15355,1.15472,1.15256,1.15288,3550.0
2025-06-13 12:00:00,1.15288,1.15358,1.15185,1.15235,4180.0
2025-06-13 13:00:00,1.15235,1.15297,1.14889,1.15048,4435.0
2025-06-13 14:00:00,1.15048,1.15109,1.14905,1.15102,4211.0
2025-06-13 15:00:00,1.15102,1.15227,1.15066,1.15164,3362.0
2025-06-13 16:00:00,1.15161,1.15276,1.15013,1.15233,4133.0
2025-06-13 17:00:00,1.1522999999999999,1.15463,1.15211,1.15445,4394.0
2025-06-13 18:00:00,1.15446,1.15696,1.15381,1.15565,3811.0
2025-06-13 19:00:00,1.15564,1.15661,1.15524,1.15545,2593.0
2025-06-13 20:00:00,1.15545,1.15555,1.15373,1.15492,2218.0
2025-06-16 00:00:00,1.1525,1.1535,1.15211,1.15282,745.0
2025-06-16 01:00:00,1.15282,1.1548,1.15247,1.1541299999999999,4729.0
2025-06-16 02:00:00,1.1541299999999999,1.15421,1.15277,1.15379,2461.0
2025-06-16 03:00:00,1.15379,1.15468,1.15309,1.15348,3064.0
2025-06-16 04:00:00,1.15343,1.15444,1.1532,1.15323,3177.0
2025-06-16 05:00:00,1.15323,1.15364,1.1526399999999999,1.15304,2860.0
2025-06-16 06:00:00,1.15304,1.1535,1.15237,1.15274,2255.0
2025-06-16 07:00:00,1.15274,1.15371,1.15272,1.15359,1923.0
2025-06-16 08:00:00,1.1536,1.15626,1.15358,1.1556899999999999,2837.0
2025-06-16 09:00:00,1.1556899999999999,1.15761,1.15399,1.15737,4058.0
2025-06-16 10:00:00,1.15736,1.15865,1.1567,1.15782,4336.0
2025-06-16 11:00:00,1.15782,1.15848,1.1575199999999999,1.1578,3342.0
2025-06-16 12:00:00,1.1578,1.15848,1.15761,1.15846,3125.0
2025-06-16 13:00:00,1.15846,1.15859,1.15724,1.15753,2693.0
2025-06-16 14:00:00,1.15753,1.15839,1.15697,1.15733,2724.0
2025-06-16 15:00:00,1.15733,1.15849,1.1571,1.15842,3410.0
2025-06-16 16:00:00,1.15842,1.16051,1.15842,1.16011,4986.0
2025-06-16 17:00:00,1.16013,1.16148,1.15894,1.15914,5380.0
2025-06-16 18:00:00,1.15914,1.1595,1.15791,1.158,3726.0
2025-06-16 19:00:00,1.158,1.15861,1.15785,1.15841,2319.0
2025-06-16 20:00:00,1.1584,1.1585,1.15727,1.15783,1876.0
2025-06-16 21:00:00,1.15779,1.15815,1.15738,1.15802,2291.0
2025-06-16 22:00:00,1.15802,1.15802,1.15551,1.15558,1949.0
2025-06-16 23:00:00,1.15557,1.15634,1.15544,1.15592,1094.0
2025-06-17 00:00:00,1.1558,1.15648,1.15566,1.15595,1009.0
2025-06-17 01:00:00,1.15595,1.15623,1.15533,1.15557,1897.0
2025-06-17 02:00:00,1.15556,1.15621,1.15491,1.15539,1631.0
2025-06-17 03:00:00,1.15539,1.15544,1.15425,1.15501,3001.0
2025-06-17 04:00:00,1.15501,1.15605,1.15499,1.15548,2175.0
2025-06-17 05:00:00,1.15548,1.1561,1.15455,1.15586,2402.0
2025-06-17 06:00:00,1.15586,1.1564,1.1555,1.15622,2578.0
2025-06-17 07:00:00,1.15622,1.15674,1.15595,1.15609,1781.0
2025-06-17 08:00:00,1.15609,1.15655,1.15526,1.15575,2223.0
2025-06-17 09:00:00,1.15575,1.15726,1.15526,1.15624,3251.0
2025-06-17 10:00:00,1.15624,1.15637,1.15454,1.15584,3866.0
2025-06-17 11:00:00,1.15584,1.15598,1.15501,1.15511,3150.0
2025-06-17 12:00:00,1.15515,1.15609,1.15503,1.15566,3169.0
2025-06-17 13:00:00,1.15566,1.15688,1.15552,1.1568100000000001,2568.0
2025-06-17 14:00:00,1.1568100000000001,1.15738,1.15574,1.15617,2950.0
2025-06-17 15:00:00,1.15617,1.158,1.15478,1.15503,4627.0
2025-06-17 16:00:00,1.15503,1.15696,1.15503,1.15589,4490.0
2025-06-17 17:00:00,1.15589,1.1561,1.1510799999999999,1.15267,5751.0
2025-06-17 18:00:00,1.15267,1.15357,1.15187,1.15341,3972.0
2025-06-17 19:00:00,1.15341,1.15392,1.14987,1.15026,3686.0
2025-06-17 20:00:00,1.15028,1.15088,1.14784,1.14866,4431.0
2025-06-17 21:00:00,1.14866,1.14905,1.1475,1.14796,3385.0
2025-06-17 22:00:00,1.14797,1.14889,1.14772,1.14847,2355.0
2025-06-17 23:00:00,1.14847,1.14855,1.14747,1.14799,1758.0
2025-06-18 00:00:00,1.14795,1.1486399999999999,1.14738,1.14813,701.0
2025-06-18 01:00:00,1.14813,1.14837,1.14747,1.14751,999.0
2025-06-18 02:00:00,1.14751,1.1482700000000001,1.14751,1.14819,1144.0
2025-06-18 03:00:00,1.14819,1.1497,1.14807,1.14922,3633.0
2025-06-18 04:00:00,1.14922,1.15009,1.14893,1.1497,2814.0
2025-06-18 05:00:00,1.1497,1.15013,1.14933,1.14979,1998.0
2025-06-18 06:00:00,1.14979,1.15052,1.14962,1.15,1928.0
2025-06-18 07:00:00,1.15,1.1508099999999999,1.14965,1.15056,1702.0
2025-06-18 08:00:00,1.15055,1.15073,1.15004,1.15046,1881.0
2025-06-18 09:00:00,1.15046,1.15154,1.15007,1.15103,3529.0
2025-06-18 10:00:00,1.15103,1.15234,1.15091,1.15133,3253.0
2025-06-18 11:00:00,1.15133,1.15162,1.14985,1.15022,2748.0
2025-06-18 12:00:00,1.15022,1.15107,1.14972,1.15038,2976.0
2025-06-18 13:00:00,1.15038,1.15109,1.14918,1.14936,2615.0
2025-06-18 14:00:00,1.14934,1.15086,1.14922,1.15074,2755.0
2025-06-18 15:00:00,1.15074,1.15165,1.1501000000000001,1.15062,3581.0
2025-06-18 16:00:00,1.15062,1.15088,1.14883,1.1488800000000001,4056.0
2025-06-18 17:00:00,1.1488800000000001,1.15228,1.14844,1.15074,6435.0
2025-06-18 18:00:00,1.15074,1.15303,1.15059,1.15202,3752.0
2025-06-18 19:00:00,1.15202,1.15252,1.15015,1.15031,2638.0
2025-06-18 20:00:00,1.15031,1.15092,1.14881,1.14961,2072.0
2025-06-18 21:00:00,1.14957,1.15293,1.14743,1.14747,8623.0
2025-06-18 22:00:00,1.14753,1.14877,1.1461000000000001,1.14745,5745.0
2025-06-18 23:00:00,1.14745,1.14841,1.14722,1.14832,1922.0
2025-06-19 00:00:00,1.14771,1.14819,1.14705,1.14808,831.0
2025-06-19 01:00:00,1.14808,1.1489,1.1475,1.1480299999999999,1178.0
2025-06-19 02:00:00,1.1480299999999999,1.14817,1.14711,1.14761,1486.0
2025-06-19 03:00:00,1.14761,1.14839,1.1474199999999999,1.14811,2726.0
2025-06-19 04:00:00,1.14811,1.14822,1.14522,1.14532,3576.0
2025-06-19 05:00:00,1.14532,1.14583,1.14506,1.14553,2417.0
2025-06-19 06:00:00,1.14553,1.14683,1.14536,1.14658,1758.0
2025-06-19 07:00:00,1.14658,1.14694,1.14635,1.14694,1783.0
2025-06-19 08:00:00,1.14694,1.14695,1.1451,1.14569,2412.0
2025-06-19 09:00:00,1.14569,1.14677,1.14463,1.14668,3339.0
2025-06-19 10:00:00,1.14668,1.1476899999999999,1.14602,1.14618,4171.0
2025-06-19 11:00:00,1.14618,1.14794,1.14564,1.1476600000000001,4186.0
2025-06-19 12:00:00,1.1476600000000001,1.14799,1.14696,1.14756,3195.0
2025-06-19 13:00:00,1.14756,1.1479300000000001,1.14695,1.14736,2823.0
2025-06-19 14:00:00,1.14737,1.14875,1.14676,1.14809,2924.0
2025-06-19 15:00:00,1.14809,1.14862,1.14694,1.14775,2935.0
2025-06-19 16:00:00,1.14776,1.14846,1.14714,1.14728,3199.0
2025-06-19 17:00:00,1.14728,1.14807,1.14619,1.14684,3513.0
2025-06-19 18:00:00,1.14684,1.14723,1.14587,1.14602,2256.0
2025-06-19 19:00:00,1.14597,1.14617,1.14546,1.14567,1430.0
2025-06-19 20:00:00,1.14567,1.14831,1.14556,1.14791,1422.0
2025-06-19 21:00:00,1.14791,1.14873,1.14774,1.14851,927.0
2025-06-19 22:00:00,1.14851,1.15003,1.14845,1.14981,1127.0
2025-06-19 23:00:00,1.14981,1.14994,1.14924,1.14965,880.0
2025-06-20 00:00:00,1.14918,1.14969,1.14882,1.14928,478.0
2025-06-20 01:00:00,1.14928,1.15005,1.14913,1.14977,1488.0
2025-06-20 02:00:00,1.14977,1.15127,1.14971,1.1512,1584.0
2025-06-20 03:00:00,1.1512,1.15241,1.1510799999999999,1.15228,2716.0
2025-06-20 04:00:00,1.15228,1.15233,1.15131,1.15133,2787.0
2025-06-20 05:00:00,1.15133,1.15219,1.1511,1.15179,2749.0
2025-06-20 06:00:00,1.15179,1.15304,1.15153,1.15295,2650.0
2025-06-20 07:00:00,1.15295,1.15323,1.15245,1.15271,1795.0
2025-06-20 08:00:00,1.15271,1.15292,1.15191,1.15275,2158.0
2025-06-20 09:00:00,1.15275,1.15298,1.15139,1.15166,3816.0
2025-06-20 10:00:00,1.15166,1.15195,1.15101,1.15165,2931.0
2025-06-20 11:00:00,1.15165,1.15266,1.15115,1.15225,3126.0
2025-06-20 12:00:00,1.15225,1.15285,1.15196,1.15269,2722.0
2025-06-20 13:00:00,1.15269,1.15349,1.15224,1.15242,2109.0
2025-06-20 14:00:00,1.15242,1.1526,1.15119,1.15212,2767.0
2025-06-20 15:00:00,1.15212,1.15269,1.15059,1.15129,4322.0
2025-06-20 16:00:00,1.1513,1.15214,1.15091,1.15185,3794.0
2025-06-20 17:00:00,1.15183,1.15192,1.14951,1.15135,4635.0
2025-06-20 18:00:00,1.15134,1.15289,1.1511,1.15196,4324.0
2025-06-20 19:00:00,1.15196,1.15374,1.1519300000000001,1.1536,2742.0
2025-06-20 20:00:00,1.1536,1.15441,1.15318,1.15323,2056.0
2025-06-23 00:00:00,1.14562,1.14738,1.14507,1.14686,1109.0
2025-06-23 01:00:00,1.14686,1.1495,1.14686,1.14885,3609.0
2025-06-23 02:00:00,1.14886,1.15073,1.14863,1.14997,2218.0
2025-06-23 03:00:00,1.14997,1.15059,1.14809,1.14892,3944.0
2025-06-23 04:00:00,1.14894,1.14929,1.14723,1.14924,3622.0
2025-06-23 05:00:00,1.14924,1.15069,1.14924,1.14994,3269.0
2025-06-23 06:00:00,1.14996,1.15034,1.14923,1.1494,3046.0
2025-06-23 07:00:00,1.1494,1.14964,1.14851,1.14906,2485.0
2025-06-23 08:00:00,1.14906,1.15146,1.14906,1.15131,3049.0
2025-06-23 09:00:00,1.15131,1.15212,1.15036,1.1507,4190.0
2025-06-23 10:00:00,1.1507,1.15163,1.14912,1.14987,4269.0
2025-06-23 11:00:00,1.1498599999999999,1.1502,1.1480299999999999,1.14818,3745.0
2025-06-23 12:00:00,1.14818,1.1482999999999999,1.14537,1.14719,4598.0
2025-06-23 13:00:00,1.14719,1.14819,1.14595,1.14626,3397.0
2025-06-23 14:00:00,1.14626,1.14746,1.14605,1.14727,3470.0
2025-06-23 15:00:00,1.14727,1.1478,1.1457,1.14676,3738.0
2025-06-23 16:00:00,1.14676,1.14941,1.14649,1.14898,4802.0
2025-06-23 17:00:00,1.14897,1.15407,1.14893,1.15309,7645.0
2025-06-23 18:00:00,1.15309,1.15523,1.15289,1.15373,4998.0
2025-06-23 19:00:00,1.15373,1.15576,1.15179,1.15448,4823.0
2025-06-23 20:00:00,1.15448,1.15735,1.15406,1.15693,4628.0
2025-06-23 21:00:00,1.15693,1.1578,1.15661,1.15743,3462.0
2025-06-23 22:00:00,1.15743,1.15789,1.15704,1.15785,2195.0
2025-06-23 23:00:00,1.15785,1.15817,1.15748,1.15783,1242.0
2025-06-24 00:00:00,1.1574200000000001,1.1579,1.15719,1.15772,371.0
2025-06-24 01:00:00,1.15772,1.16025,1.15725,1.15927,2481.0
2025-06-24 02:00:00,1.15927,1.16084,1.15868,1.15981,2539.0
2025-06-24 03:00:00,1.15981,1.16089,1.15896,1.15991,4519.0
2025-06-24 04:00:00,1.15991,1.1605699999999999,1.15901,1.15909,3704.0
2025-06-24 05:00:00,1.15909,1.16015,1.1586400000000001,1.16003,2794.0
2025-06-24 06:00:00,1.16003,1.16099,1.16,1.16058,2232.0
2025-06-24 07:00:00,1.16058,1.16143,1.16025,1.16063,1870.0
2025-06-24 08:00:00,1.16063,1.16138,1.16012,1.16107,2467.0
2025-06-24 09:00:00,1.16107,1.16225,1.16015,1.16052,5009.0
2025-06-24 10:00:00,1.16052,1.16106,1.15801,1.15923,5397.0
2025-06-24 11:00:00,1.15915,1.1599599999999999,1.15855,1.15927,4524.0
2025-06-24 12:00:00,1.15927,1.16182,1.15919,1.16096,3960.0
2025-06-24 13:00:00,1.16096,1.16096,1.15944,1.15966,2542.0
2025-06-24 14:00:00,1.15967,1.1615199999999999,1.15966,1.16085,3016.0
2025-06-24 15:00:00,1.16084,1.16114,1.1593499999999999,1.16007,3783.0
2025-06-24 16:00:00,1.16007,1.16032,1.15823,1.1592,4570.0
2025-06-24 17:00:00,1.1592,1.16416,1.15907,1.1616900000000001,7276.0
2025-06-24 18:00:00,1.1616900000000001,1.16365,1.16065,1.16071,4872.0
2025-06-24 19:00:00,1.16071,1.1625,1.16053,1.1623999999999999,3046.0
2025-06-24 20:00:00,1.1623999999999999,1.1632500000000001,1.16224,1.1626,2208.0
2025-06-24 21:00:00,1.1626,1.16291,1.162,1.16236,2138.0
2025-06-24 22:00:00,1.16236,1.16251,1.16121,1.16126,1549.0
2025-06-24 23:00:00,1.16127,1.16156,1.1608,1.16084,1325.0
2025-06-25 00:00:00,1.1609,1.1609,1.1597,1.16035,542.0
2025-06-25 01:00:00,1.16035,1.16111,1.16022,1.16079,933.0
2025-06-25 02:00:00,1.16079,1.16155,1.16077,1.16122,1092.0
2025-06-25 03:00:00,1.16122,1.16267,1.16111,1.16251,2891.0
2025-06-25 04:00:00,1.16251,1.16315,1.16176,1.16287,3157.0
2025-06-25 05:00:00,1.16287,1.16297,1.16177,1.16207,2315.0
2025-06-25 06:00:00,1.16207,1.16233,1.16114,1.16119,1789.0
2025-06-25 07:00:00,1.16119,1.16181,1.16117,1.16139,1637.0
2025-06-25 08:00:00,1.16139,1.16205,1.16093,1.16194,1866.0
2025-06-25 09:00:00,1.16194,1.16227,1.16037,1.16072,3085.0
2025-06-25 10:00:00,1.16072,1.16093,1.15899,1.15988,3680.0
2025-06-25 11:00:00,1.15989,1.16114,1.15931,1.16101,3229.0
2025-06-25 12:00:00,1.16101,1.16113,1.15921,1.16007,3072.0
2025-06-25 13:00:00,1.16007,1.1608100000000001,1.15972,1.16036,2383.0
2025-06-25 14:00:00,1.16036,1.16135,1.15967,1.15993,2922.0
2025-06-25 15:00:00,1.15993,1.16053,1.159,1.15928,3463.0
2025-06-25 16:00:00,1.15928,1.16076,1.15902,1.16012,3764.0
2025-06-25 17:00:00,1.1601,1.16236,1.1601,1.16209,4630.0
2025-06-25 18:00:00,1.16209,1.16297,1.16168,1.16199,3454.0
2025-06-25 19:00:00,1.16198,1.1635900000000001,1.16197,1.16308,2613.0
2025-06-25 20:00:00,1.16308,1.16444,1.1627,1.16426,2463.0
2025-06-25 21:00:00,1.16426,1.16615,1.16419,1.16611,2194.0
2025-06-25 22:00:00,1.16611,1.16651,1.16564,1.16583,1798.0
2025-06-25 23:00:00,1.16584,1.1661,1.16512,1.16596,1371.0
2025-06-26 00:00:00,1.16584,1.16584,1.16519,1.16556,417.0
2025-06-26 01:00:00,1.16556,1.16602,1.16555,1.16596,1055.0
2025-06-26 02:00:00,1.16596,1.16849,1.16595,1.16835,2110.0
2025-06-26 03:00:00,1.16835,1.16892,1.16802,1.1682299999999999,2201.0
2025-06-26 04:00:00,1.1682299999999999,1.16879,1.16672,1.16862,2632.0
2025-06-26 05:00:00,1.16862,1.16953,1.16822,1.16907,2483.0
2025-06-26 06:00:00,1.16907,1.17173,1.16888,1.16946,2944.0
2025-06-26 07:00:00,1.16946,1.16949,1.1678600000000001,1.168,1680.0
2025-06-26 08:00:00,1.168,1.1686,1.16756,1.16855,2200.0
2025-06-26 09:00:00,1.16854,1.17005,1.16719,1.16997,3951.0
2025-06-26 10:00:00,1.16996,1.17135,1.16915,1.17103,4431.0
2025-06-26 11:00:00,1.17103,1.17449,1.17069,1.17276,4982.0
2025-06-26 12:00:00,1.17276,1.17288,1.17124,1.17251,3901.0
2025-06-26 13:00:00,1.17251,1.1731,1.17135,1.17149,3028.0
2025-06-26 14:00:00,1.17149,1.17156,1.16939,1.16948,3702.0
2025-06-26 15:00:00,1.16948,1.17129,1.16901,1.17066,5468.0
2025-06-26 16:00:00,1.17066,1.17209,1.16944,1.17171,5628.0
2025-06-26 17:00:00,1.17171,1.17192,1.17063,1.17085,5992.0
2025-06-26 18:00:00,1.17085,1.17175,1.16903,1.17167,4373.0
2025-06-26 19:00:00,1.17167,1.17403,1.1710099999999999,1.17295,3200.0
2025-06-26 20:00:00,1.17296,1.17321,1.17209,1.17249,2512.0
2025-06-26 21:00:00,1.17249,1.17286,1.17179,1.17205,2181.0
2025-06-26 22:00:00,1.17205,1.17206,1.17041,1.17045,1964.0
2025-06-26 23:00:00,1.17045,1.17086,1.16939,1.17013,1528.0
2025-06-27 00:00:00,1.17,1.17,1.1683,1.16944,999.0
2025-06-27 01:00:00,1.16944,1.16973,1.16806,1.16833,1359.0
2025-06-27 02:00:00,1.16833,1.16983,1.16833,1.16929,1401.0
2025-06-27 03:00:00,1.16933,1.1697899999999999,1.1688399999999999,1.16924,2984.0
2025-06-27 04:00:00,1.16919,1.17043,1.16859,1.17016,2770.0
2025-06-27 05:00:00,1.17016,1.17057,1.16859,1.16998,2071.0
2025-06-27 06:00:00,1.16998,1.17096,1.16954,1.16957,2030.0
2025-06-27 07:00:00,1.16956,1.16983,1.16851,1.16851,1869.0
2025-06-27 08:00:00,1.16851,1.16936,1.16846,1.16893,2104.0
2025-06-27 09:00:00,1.16893,1.17187,1.16835,1.17187,3519.0
2025-06-27 10:00:00,1.17187,1.1727,1.17072,1.17146,3413.0
2025-06-27 11:00:00,1.17146,1.17263,1.17087,1.17095,2893.0
2025-06-27 12:00:00,1.17097,1.17113,1.17016,1.17095,2341.0
2025-06-27 13:00:00,1.17095,1.17156,1.17014,1.17138,2428.0
2025-06-27 14:00:00,1.17141,1.17201,1.17109,1.17142,2499.0
2025-06-27 15:00:00,1.17141,1.17497,1.17028,1.1747,5526.0
2025-06-27 16:00:00,1.1747,1.17541,1.17156,1.17282,5579.0
2025-06-27 17:00:00,1.17271,1.17383,1.17056,1.17184,5135.0
2025-06-27 18:00:00,1.17184,1.17303,1.17117,1.17235,3683.0
2025-06-27 19:00:00,1.17237,1.17323,1.17175,1.1722299999999999,3215.0
2025-06-27 20:00:00,1.1722299999999999,1.1724,1.16954,1.17021,3913.0
2025-06-30 00:00:00,1.17279,1.17301,1.17173,1.173,537.0
2025-06-30 01:00:00,1.173,1.1733,1.1722,1.17302,1570.0
2025-06-30 02:00:00,1.17302,1.17387,1.1726,1.17267,1438.0
2025-06-30 03:00:00,1.17267,1.17286,1.17158,1.17182,2617.0
2025-06-30 04:00:00,1.17181,1.17348,1.1715200000000001,1.17205,2732.0
2025-06-30 05:00:00,1.17205,1.17314,1.1718,1.1719,2526.0
2025-06-30 06:00:00,1.1719,1.17221,1.17118,1.17121,1974.0
2025-06-30 07:00:00,1.17121,1.17321,1.17121,1.17303,1946.0
2025-06-30 08:00:00,1.17303,1.17385,1.17233,1.17264,2927.0
2025-06-30 09:00:00,1.17264,1.17507,1.17208,1.17433,3699.0
2025-06-30 10:00:00,1.17433,1.17433,1.17244,1.1724700000000001,3847.0
2025-06-30 11:00:00,1.17248,1.17303,1.17136,1.17295,4052.0
2025-06-30 12:00:00,1.17295,1.17327,1.17173,1.17195,3266.0
2025-06-30 13:00:00,1.17195,1.1724999999999999,1.17166,1.1724700000000001,2485.0
2025-06-30 14:00:00,1.1724700000000001,1.17317,1.17229,1.17232,2551.0
2025-06-30 15:00:00,1.17232,1.17253,1.17077,1.17133,3221.0
2025-06-30 16:00:00,1.17133,1.17216,1.17122,1.1721300000000001,3419.0
2025-06-30 17:00:00,1.17215,1.17509,1.17108,1.17387,5574.0
2025-06-30 18:00:00,1.17386,1.17719,1.1733500000000001,1.17698,4747.0
2025-06-30 19:00:00,1.17698,1.177,1.1749,1.17628,3640.0
2025-06-30 20:00:00,1.17628,1.17707,1.17605,1.17659,2632.0
2025-06-30 21:00:00,1.17659,1.17798,1.17646,1.17759,2649.0
2025-06-30 22:00:00,1.17759,1.17807,1.17726,1.17797,2132.0
2025-06-30 23:00:00,1.17797,1.1788,1.17774,1.17877,1496.0
2025-07-01 00:00:00,1.17868,1.17868,1.1767,1.17798,1036.0
2025-07-01 01:00:00,1.17798,1.17914,1.17781,1.17858,1488.0
2025-07-01 02:00:00,1.17858,1.17877,1.17835,1.17864,780.0
2025-07-01 03:00:00,1.17864,1.17981,1.17863,1.17977,2325.0
2025-07-01 04:00:00,1.17977,1.18076,1.17798,1.17803,2881.0
2025-07-01 05:00:00,1.17802,1.1789399999999999,1.17779,1.17883,1777.0
2025-07-01 06:00:00,1.17882,1.17941,1.1786699999999999,1.17895,1357.0
2025-07-01 07:00:00,1.17896,1.17941,1.17829,1.17863,1381.0
2025-07-01 08:00:00,1.17863,1.17897,1.17802,1.17864,1590.0
2025-07-01 09:00:00,1.17864,1.17869,1.17761,1.17792,2810.0
2025-07-01 10:00:00,1.17792,1.17879,1.17673,1.17862,3867.0
2025-07-01 11:00:00,1.17861,1.18174,1.1774499999999999,1.18047,4397.0
2025-07-01 12:00:00,1.18034,1.18298,1.17966,1.18136,4251.0
2025-07-01 13:00:00,1.18136,1.18235,1.18109,1.18117,3090.0
2025-07-01 14:00:00,1.18117,1.18193,1.18058,1.18139,3011.0
2025-07-01 15:00:00,1.18139,1.18174,1.18023,1.18038,3909.0
2025-07-01 16:00:00,1.18038,1.18119,1.17929,1.17986,4411.0
2025-07-01 17:00:00,1.17994,1.18022,1.17753,1.17797,6654.0
2025-07-01 18:00:00,1.1779600000000001,1.1779600000000001,1.17689,1.17758,4466.0
2025-07-01 19:00:00,1.17758,1.17758,1.17615,1.17654,3144.0
2025-07-01 20:00:00,1.17654,1.17837,1.17654,1.17828,2428.0
2025-07-01 21:00:00,1.17828,1.17836,1.1775,1.17809,1791.0
2025-07-01 22:00:00,1.17809,1.17914,1.17794,1.17912,1881.0
2025-07-01 23:00:00,1.17912,1.18066,1.17909,1.18052,1313.0
2025-07-02 00:00:00,1.18056,1.18056,1.17985,1.18033,665.0
2025-07-02 01:00:00,1.18033,1.18065,1.18022,1.18028,826.0
2025-07-02 02:00:00,1.18028,1.18069,1.17991,1.18054,852.0
2025-07-02 03:00:00,1.18054,1.18081,1.17992,1.1807699999999999,2306.0
2025-07-02 04:00:00,1.18076,1.1810100000000001,1.17921,1.17936,2339.0
2025-07-02 05:00:00,1.17936,1.1802,1.17882,1.18003,2045.0
2025-07-02 06:00:00,1.18003,1.18031,1.17961,1.18003,1507.0
2025-07-02 07:00:00,1.18002,1.18012,1.17958,1.17964,1205.0
2025-07-02 08:00:00,1.17964,1.17982,1.17845,1.17873,1871.0
2025-07-02 09:00:00,1.17874,1.17937,1.1773500000000001,1.17816,2876.0
2025-07-02 10:00:00,1.17816,1.17836,1.17712,1.17742,3123.0
2025-07-02 11:00:00,1.17742,1.17816,1.177,1.17757,2819.0
2025-07-02 12:00:00,1.17757,1.17778,1.17671,1.17703,2599.0
2025-07-02 13:00:00,1.17703,1.17809,1.1764999999999999,1.1767400000000001,2376.0
2025-07-02 14:00:00,1.1767400000000001,1.17712,1.1747,1.17497,3227.0
2025-07-02 15:00:00,1.17497,1.17884,1.17473,1.17567,6998.0
2025-07-02 16:00:00,1.17566,1.17775,1.1755,1.176,5441.0
2025-07-02 17:00:00,1.176,1.17708,1.17506,1.17675,4867.0
2025-07-02 18:00:00,1.17675,1.17897,1.17662,1.1789399999999999,3788.0
2025-07-02 19:00:00,1.1789399999999999,1.17941,1.17855,1.17886,2774.0
2025-07-02 20:00:00,1.17886,1.18001,1.17885,1.1795499999999999,2003.0
2025-07-02 21:00:00,1.1795499999999999,1.18,1.17935,1.17996,1781.0
2025-07-02 22:00:00,1.17996,1.18033,1.17956,1.18023,1422.0
2025-07-02 23:00:00,1.18023,1.18025,1.17956,1.17982,1017.0
2025-07-03 00:00:00,1.17983,1.17983,1.17869,1.1795200000000001,735.0
2025-07-03 01:00:00,1.1795200000000001,1.18001,1.17937,1.17984,644.0
2025-07-03 02:00:00,1.17984,1.18021,1.17972,1.17988,568.0
2025-07-03 03:00:00,1.17988,1.18088,1.17981,1.18066,2263.0
2025-07-03 04:00:00,1.18066,1.1810100000000001,1.18041,1.18045,1651.0
2025-07-03 05:00:00,1.18045,1.18048,1.17946,1.17977,1669.0
2025-07-03 06:00:00,1.17977,1.17996,1.17893,1.1791800000000001,1533.0
2025-07-03 07:00:00,1.1791800000000001,1.17933,1.17874,1.17893,1203.0
2025-07-03 08:00:00,1.17893,1.17961,1.1786699999999999,1.17961,1407.0
2025-07-03 09:00:00,1.17961,1.18029,1.17916,1.18023,2391.0
2025-07-03 10:00:00,1.18023,1.181,1.17945,1.1801300000000001,2937.0
2025-07-03 11:00:00,1.1801300000000001,1.18086,1.17956,1.1797900000000001,2644.0
2025-07-03 12:00:00,1.1797900000000001,1.17982,1.17886,1.17924,2409.0
2025-07-03 13:00:00,1.17924,1.18001,1.1787,1.17934,1992.0
2025-07-03 14:00:00,1.17933,1.17969,1.17831,1.17849,2446.0
2025-07-03 15:00:00,1.17847,1.17896,1.17172,1.17382,7202.0
2025-07-03 16:00:00,1.17382,1.17794,1.17339,1.1773,6166.0
2025-07-03 17:00:00,1.17738,1.17898,1.17513,1.17533,5443.0
2025-07-03 18:00:00,1.17532,1.17664,1.17493,1.1757,3914.0
2025-07-03 19:00:00,1.17571,1.17581,1.17399,1.17524,2768.0
2025-07-03 20:00:00,1.17524,1.17584,1.17504,1.1754,1272.0
2025-07-03 21:00:00,1.1754,1.17566,1.17482,1.17489,1099.0
2025-07-03 22:00:00,1.17489,1.17524,1.17444,1.17478,1023.0
2025-07-03 23:00:00,1.17478,1.17595,1.17465,1.17573,998.0
2025-07-04 00:00:00,1.1756199999999999,1.17586,1.17502,1.17567,529.0
2025-07-04 01:00:00,1.17567,1.17595,1.17538,1.17595,746.0
2025-07-04 02:00:00,1.17595,1.17715,1.1756,1.17692,1026.0
2025-07-04 03:00:00,1.17692,1.17708,1.17637,1.1767,2347.0
2025-07-04 04:00:00,1.1767,1.17696,1.1756,1.17596,2478.0
2025-07-04 05:00:00,1.17596,1.17708,1.17596,1.17654,1799.0
2025-07-04 06:00:00,1.17654,1.17726,1.17644,1.17703,1530.0
2025-07-04 07:00:00,1.17703,1.17803,1.17692,1.17802,1573.0
2025-07-04 08:00:00,1.17802,1.17856,1.17799,1.17841,1803.0
2025-07-04 09:00:00,1.17842,1.17851,1.17744,1.1781,2551.0
2025-07-04 10:00:00,1.17811,1.17826,1.17677,1.17697,3496.0
2025-07-04 11:00:00,1.17697,1.17776,1.17683,1.17746,2801.0
2025-07-04 12:00:00,1.17746,1.17822,1.17722,1.17783,2460.0
2025-07-04 13:00:00,1.17783,1.17809,1.1775,1.17777,2407.0
2025-07-04 14:00:00,1.17777,1.1782,1.17685,1.17691,2315.0
2025-07-04 15:00:00,1.17692,1.17719,1.17639,1.17666,2204.0
2025-07-04 16:00:00,1.17666,1.1781,1.17664,1.1779600000000001,2065.0
2025-07-04 17:00:00,1.17798,1.17876,1.17752,1.17785,2382.0
2025-07-04 18:00:00,1.17782,1.17847,1.1776,1.17787,1783.0
2025-07-04 19:00:00,1.17787,1.17819,1.17737,1.17743,1489.0
2025-07-04 20:00:00,1.17743,1.17779,1.17724,1.17757,3771.0
2025-07-07 00:00:00,1.17771,1.17823,1.17742,1.1778,367.0
2025-07-07 01:00:00,1.1778,1.17818,1.17733,1.17799,1168.0
2025-07-07 02:00:00,1.17799,1.17823,1.17752,1.17803,942.0
2025-07-07 03:00:00,1.17803,1.17903,1.17787,1.17797,2329.0
2025-07-07 04:00:00,1.17797,1.17808,1.1770100000000001,1.1772,2309.0
2025-07-07 05:00:00,1.1772,1.17753,1.17647,1.17675,2404.0
2025-07-07 06:00:00,1.17675,1.17746,1.17665,1.1769,1789.0
2025-07-07 07:00:00,1.1769,1.17724,1.17642,1.17662,1815.0
2025-07-07 08:00:00,1.17662,1.17737,1.17635,1.17714,2208.0
2025-07-07 09:00:00,1.17714,1.17736,1.1750099999999999,1.17561,3009.0
2025-07-07 10:00:00,1.17561,1.17587,1.17453,1.17456,3411.0
2025-07-07 11:00:00,1.17456,1.17476,1.17233,1.17244,3373.0
2025-07-07 12:00:00,1.17244,1.17348,1.17222,1.17342,3058.0
2025-07-07 13:00:00,1.17342,1.17362,1.17231,1.17276,2384.0
2025-07-07 14:00:00,1.17276,1.17342,1.1724999999999999,1.17296,2252.0
2025-07-07 15:00:00,1.17295,1.1731,1.17183,1.17224,2862.0
2025-07-07 16:00:00,1.17224,1.17407,1.1722,1.17351,3406.0
2025-07-07 17:00:00,1.17351,1.17454,1.17328,1.17389,2835.0
2025-07-07 18:00:00,1.17388,1.1740599999999999,1.17303,1.17328,2728.0
2025-07-07 19:00:00,1.17333,1.17399,1.16875,1.16942,4570.0
2025-07-07 20:00:00,1.16942,1.17141,1.16868,1.17069,3960.0
2025-07-07 21:00:00,1.17069,1.17196,1.16999,1.1719,2557.0
2025-07-07 22:00:00,1.1719,1.17238,1.17163,1.17195,1665.0
2025-07-07 23:00:00,1.17195,1.17214,1.17063,1.17083,1190.0
2025-07-08 00:00:00,1.17076,1.17087,1.1706,1.17073,530.0
2025-07-08 01:00:00,1.17071,1.17374,1.17071,1.17353,1171.0
2025-07-08 02:00:00,1.17353,1.17387,1.17314,1.17368,1401.0
2025-07-08 03:00:00,1.17368,1.17479,1.17368,1.17433,2912.0
2025-07-08 04:00:00,1.17433,1.17442,1.17309,1.17381,2653.0
2025-07-08 05:00:00,1.17381,1.17489,1.1736,1.17386,1912.0
2025-07-08 06:00:00,1.17386,1.17489,1.1737,1.17469,1768.0
2025-07-08 07:00:00,1.17469,1.175,1.17407,1.17414,2126.0
2025-07-08 08:00:00,1.17414,1.17448,1.17337,1.17346,2549.0
2025-07-08 09:00:00,1.17346,1.17449,1.17318,1.17418,3293.0
2025-07-08 10:00:00,1.17418,1.17654,1.17418,1.176,3266.0
2025-07-08 11:00:00,1.176,1.17603,1.17475,1.17488,3089.0
2025-07-08 12:00:00,1.17487,1.17507,1.17389,1.17421,2717.0
2025-07-08 13:00:00,1.17421,1.17424,1.17233,1.1728399999999999,2591.0
2025-07-08 14:00:00,1.17283,1.17386,1.17215,1.17217,2918.0
2025-07-08 15:00:00,1.17218,1.1724700000000001,1.1714,1.17209,3306.0
2025-07-08 16:00:00,1.17209,1.17224,1.16937,1.17051,4515.0
2025-07-08 17:00:00,1.17051,1.17066,1.16826,1.16922,4816.0
2025-07-08 18:00:00,1.16922,1.17127,1.16897,1.17068,3692.0
2025-07-08 19:00:00,1.1706699999999999,1.17131,1.16962,1.17089,3834.0
2025-07-08 20:00:00,1.17088,1.1726,1.17076,1.17244,3373.0
2025-07-08 21:00:00,1.17244,1.17287,1.17182,1.17252,2543.0
2025-07-08 22:00:00,1.17252,1.17298,1.17194,1.17244,1995.0
2025-07-08 23:00:00,1.17242,1.17288,1.17226,1.1724999999999999,1248.0
2025-07-09 00:00:00,1.17243,1.17243,1.17075,1.17174,585.0
2025-07-09 01:00:00,1.17174,1.17294,1.17174,1.17287,722.0
2025-07-09 02:00:00,1.17287,1.17289,1.17218,1.17234,1078.0
2025-07-09 03:00:00,1.17234,1.1726,1.17177,1.1724700000000001,2355.0
2025-07-09 04:00:00,1.1724700000000001,1.1726,1.17171,1.17206,2432.0
2025-07-09 05:00:00,1.17206,1.17255,1.17047,1.17115,2555.0
2025-07-09 06:00:00,1.17115,1.17117,1.17029,1.17038,2073.0
2025-07-09 07:00:00,1.17038,1.17139,1.17013,1.17126,1991.0
2025-07-09 08:00:00,1.17126,1.17215,1.17109,1.17167,2370.0
2025-07-09 09:00:00,1.17167,1.17286,1.17123,1.17259,2946.0
2025-07-09 10:00:00,1.17259,1.17285,1.17045,1.17076,3627.0
2025-07-09 11:00:00,1.17076,1.17201,1.17023,1.17132,3382.0
2025-07-09 12:00:00,1.17132,1.17198,1.17074,1.17134,2738.0
2025-07-09 13:00:00,1.17134,1.17177,1.17017,1.1702,2512.0
2025-07-09 14:00:00,1.1702,1.1706699999999999,1.16896,1.16913,2589.0
2025-07-09 15:00:00,1.16913,1.17171,1.16913,1.17155,4010.0
2025-07-09 16:00:00,1.17155,1.17226,1.17004,1.17035,4190.0
2025-07-09 17:00:00,1.17035,1.17245,1.17029,1.17148,4231.0
2025-07-09 18:00:00,1.17148,1.17163,1.17051,1.17061,2657.0
2025-07-09 19:00:00,1.17061,1.17092,1.17005,1.17051,1924.0
2025-07-09 20:00:00,1.17051,1.17111,1.17038,1.17082,2072.0
2025-07-09 21:00:00,1.17097,1.17179,1.1705,1.17134,2358.0
2025-07-09 22:00:00,1.17133,1.17233,1.17129,1.1719,1603.0
2025-07-09 23:00:00,1.1719,1.17232,1.17117,1.17222,1403.0
2025-07-10 00:00:00,1.17173,1.1722,1.17094,1.17181,520.0
2025-07-10 01:00:00,1.17218,1.17251,1.17178,1.1724700000000001,867.0
2025-07-10 02:00:00,1.1724700000000001,1.17399,1.1723,1.17381,966.0
2025-07-10 03:00:00,1.17381,1.17497,1.17358,1.17437,2827.0
2025-07-10 04:00:00,1.17437,1.17444,1.17379,1.17408,1948.0
2025-07-10 05:00:00,1.17408,1.17444,1.17373,1.17391,1756.0
2025-07-10 06:00:00,1.17391,1.17399,1.17338,1.17339,1404.0
2025-07-10 07:00:00,1.17341,1.1736,1.17305,1.17351,1316.0
2025-07-10 08:00:00,1.17351,1.17409,1.17349,1.17392,1620.0
2025-07-10 09:00:00,1.1739,1.17436,1.17294,1.17327,2772.0
2025-07-10 10:00:00,1.17328,1.1738,1.17262,1.17332,2921.0
2025-07-10 11:00:00,1.17333,1.17342,1.17261,1.17279,2144.0
2025-07-10 12:00:00,1.17279,1.17344,1.17279,1.17309,1896.0
2025-07-10 13:00:00,1.17309,1.1734,1.17276,1.17285,1707.0
2025-07-10 14:00:00,1.17285,1.17296,1.17082,1.17117,2486.0
2025-07-10 15:00:00,1.1712,1.17141,1.17017,1.17065,3392.0
2025-07-10 16:00:00,1.17065,1.17147,1.16866,1.16927,4260.0
2025-07-10 17:00:00,1.16927,1.16938,1.16626,1.16801,6014.0
2025-07-10 18:00:00,1.16801,1.16885,1.16739,1.1687400000000001,3730.0
2025-07-10 19:00:00,1.1687400000000001,1.16901,1.16821,1.16853,2539.0
2025-07-10 20:00:00,1.16854,1.16914,1.16816,1.16893,2064.0
2025-07-10 21:00:00,1.16893,1.16949,1.16879,1.16923,2006.0
2025-07-10 22:00:00,1.16923,1.16991,1.169,1.16957,1949.0
2025-07-10 23:00:00,1.16957,1.17002,1.1694499999999999,1.17,1398.0
2025-07-11 00:00:00,1.16999,1.17025,1.16948,1.17025,766.0
2025-07-11 01:00:00,1.17025,1.17074,1.17016,1.17059,921.0
2025-07-11 02:00:00,1.17059,1.17063,1.16997,1.17018,796.0
2025-07-11 03:00:00,1.17018,1.1705,1.16647,1.16749,5114.0
2025-07-11 04:00:00,1.16748,1.16862,1.16685,1.16753,3806.0
2025-07-11 05:00:00,1.16753,1.16782,1.16707,1.1671,2389.0
2025-07-11 06:00:00,1.1671,1.16846,1.16703,1.16817,1999.0
2025-07-11 07:00:00,1.16817,1.1683,1.1669100000000001,1.16765,2181.0
2025-07-11 08:00:00,1.16765,1.16842,1.1675200000000001,1.1678,2138.0
2025-07-11 09:00:00,1.1678,1.16851,1.16703,1.16749,3358.0
2025-07-11 10:00:00,1.16749,1.16958,1.16749,1.1689,3572.0
2025-07-11 11:00:00,1.1689,1.16924,1.16795,1.16824,3052.0
2025-07-11 12:00:00,1.1682299999999999,1.16955,1.16814,1.16952,2688.0
2025-07-11 13:00:00,1.16952,1.16968,1.1687400000000001,1.16925,2727.0
2025-07-11 14:00:00,1.16925,1.17013,1.16863,1.16879,3132.0
2025-07-11 15:00:00,1.16879,1.17001,1.16824,1.1688399999999999,3241.0
2025-07-11 16:00:00,1.1688399999999999,1.17141,1.16865,1.16887,4435.0
2025-07-11 17:00:00,1.16887,1.16942,1.1674,1.16921,4667.0
2025-07-11 18:00:00,1.16921,1.17042,1.16892,1.16962,3305.0
2025-07-11 19:00:00,1.16962,1.1698,1.16887,1.16915,2793.0
2025-07-11 20:00:00,1.16915,1.16949,1.16864,1.16934,1687.0
2025-07-14 00:00:00,1.1658,1.16719,1.1658,1.16688,842.0
2025-07-14 01:00:00,1.16688,1.1684700000000001,1.16628,1.16647,2794.0
2025-07-14 02:00:00,1.16647,1.1683,1.16635,1.16826,2007.0
2025-07-14 03:00:00,1.16826,1.1694,1.16817,1.1693500000000001,2483.0
2025-07-14 04:00:00,1.1693500000000001,1.16977,1.16842,1.16846,2619.0
2025-07-14 05:00:00,1.16846,1.16905,1.16727,1.16742,2217.0
2025-07-14 06:00:00,1.16744,1.1685,1.16732,1.16812,1798.0
2025-07-14 07:00:00,1.16812,1.16819,1.16747,1.16748,1846.0
2025-07-14 08:00:00,1.16748,1.16787,1.16649,1.16697,2193.0
2025-07-14 09:00:00,1.16697,1.16703,1.16543,1.16637,2975.0
2025-07-14 10:00:00,1.16637,1.1687400000000001,1.16629,1.1685699999999999,3468.0
2025-07-14 11:00:00,1.1685699999999999,1.1689,1.16801,1.16827,2455.0
2025-07-14 12:00:00,1.16827,1.16922,1.16794,1.16915,2507.0
2025-07-14 13:00:00,1.16913,1.16951,1.16879,1.16947,1944.0
2025-07-14 14:00:00,1.16947,1.16971,1.16862,1.16887,2466.0
2025-07-14 15:00:00,1.16887,1.16919,1.168,1.16858,2703.0
2025-07-14 16:00:00,1.16858,1.16867,1.16746,1.16821,3302.0
2025-07-14 17:00:00,1.16821,1.16943,1.1678600000000001,1.16835,3600.0
2025-07-14 18:00:00,1.16835,1.16959,1.16673,1.16715,3787.0
2025-07-14 19:00:00,1.16714,1.16756,1.16601,1.16624,3159.0
2025-07-14 20:00:00,1.16624,1.16669,1.16592,1.16628,1697.0
2025-07-14 21:00:00,1.16628,1.1673,1.16627,1.16704,1878.0
2025-07-14 22:00:00,1.16704,1.16718,1.16646,1.16683,1066.0
2025-07-14 23:00:00,1.16683,1.16692,1.16631,1.16653,1052.0
2025-07-15 00:00:00,1.16642,1.16659,1.16611,1.16635,386.0
2025-07-15 01:00:00,1.16635,1.16679,1.16634,1.16667,775.0
2025-07-15 02:00:00,1.16667,1.16671,1.16605,1.16654,882.0
2025-07-15 03:00:00,1.16654,1.16773,1.16647,1.16722,2373.0
2025-07-15 04:00:00,1.16722,1.16748,1.1666,1.1669100000000001,2150.0
2025-07-15 05:00:00,1.1669100000000001,1.1675,1.16653,1.16745,1908.0
2025-07-15 06:00:00,1.16745,1.16778,1.1673,1.16759,1298.0
2025-07-15 07:00:00,1.16759,1.168,1.16739,1.16759,1261.0
2025-07-15 08:00:00,1.16759,1.16863,1.16758,1.16859,1607.0
2025-07-15 09:00:00,1.16859,1.16881,1.16745,1.16778,2252.0
2025-07-15 10:00:00,1.16779,1.16928,1.16719,1.16905,2993.0
2025-07-15 11:00:00,1.16905,1.16914,1.16819,1.16869,2010.0
2025-07-15 12:00:00,1.16869,1.1691,1.16814,1.1685,2206.0
2025-07-15 13:00:00,1.1685,1.16875,1.16763,1.16838,1870.0
2025-07-15 14:00:00,1.16838,1.16842,1.16675,1.16697,2270.0
2025-07-15 15:00:00,1.16697,1.1690800000000001,1.16622,1.1678,5437.0
2025-07-15 16:00:00,1.1678,1.16794,1.16394,1.16433,6412.0
2025-07-15 17:00:00,1.16433,1.16442,1.16155,1.16186,6518.0
2025-07-15 18:00:00,1.16186,1.16186,1.16007,1.16181,4439.0
2025-07-15 19:00:00,1.16181,1.16204,1.15937,1.15961,3296.0
2025-07-15 20:00:00,1.15961,1.16012,1.15929,1.15968,2151.0
2025-07-15 21:00:00,1.15968,1.16054,1.15955,1.1602999999999999,1971.0
2025-07-15 22:00:00,1.1602999999999999,1.16035,1.15992,1.1601,1438.0
2025-07-15 23:00:00,1.1601,1.16038,1.15993,1.16022,1169.0
2025-07-16 00:00:00,1.16005,1.16006,1.15955,1.15987,280.0
2025-07-16 01:00:00,1.15987,1.16045,1.15977,1.16044,1000.0
2025-07-16 02:00:00,1.16044,1.16079,1.16029,1.16073,803.0
2025-07-16 03:00:00,1.16073,1.16136,1.16024,1.16079,2534.0
2025-07-16 04:00:00,1.16079,1.16155,1.16065,1.16138,2307.0
2025-07-16 05:00:00,1.16138,1.16138,1.16072,1.16105,1465.0
2025-07-16 06:00:00,1.16104,1.16155,1.16059,1.16111,1507.0
2025-07-16 07:00:00,1.16111,1.162,1.16104,1.16198,1465.0
2025-07-16 08:00:00,1.16198,1.16207,1.16144,1.16207,1981.0
2025-07-16 09:00:00,1.16207,1.1628,1.16187,1.16277,2792.0
2025-07-16 10:00:00,1.16277,1.16285,1.16125,1.16188,2872.0
2025-07-16 11:00:00,1.16188,1.16258,1.1618,1.16253,2759.0
2025-07-16 12:00:00,1.16253,1.16263,1.16131,1.16158,2881.0
2025-07-16 13:00:00,1.16158,1.16191,1.1609,1.16173,2078.0
2025-07-16 14:00:00,1.16173,1.1621,1.16009,1.16035,2716.0
2025-07-16 15:00:00,1.16036,1.16139,1.15923,1.1598600000000001,5061.0
2025-07-16 16:00:00,1.1598600000000001,1.16033,1.15629,1.15725,5300.0
2025-07-16 17:00:00,1.15726,1.16056,1.15624,1.15929,5253.0
2025-07-16 18:00:00,1.15929,1.17215,1.15923,1.16296,13059.0
2025-07-16 19:00:00,1.16293,1.16562,1.16155,1.16391,7829.0
2025-07-16 20:00:00,1.1639,1.16584,1.16364,1.16414,4494.0
2025-07-16 21:00:00,1.16414,1.16446,1.16275,1.16282,2615.0
2025-07-16 22:00:00,1.16282,1.16372,1.16205,1.1635900000000001,2340.0
2025-07-16 23:00:00,1.1635900000000001,1.16424,1.1633499999999999,1.16398,1641.0
2025-07-17 00:00:00,1.16368,1.16408,1.16224,1.16339,650.0
2025-07-17 01:00:00,1.16341,1.16425,1.16323,1.16363,1039.0
2025-07-17 02:00:00,1.16363,1.164,1.16333,1.16355,958.0
2025-07-17 03:00:00,1.16355,1.16363,1.16171,1.16239,2479.0
2025-07-17 04:00:00,1.16239,1.16291,1.16134,1.16279,2613.0
2025-07-17 05:00:00,1.16279,1.16279,1.16168,1.16183,2131.0
2025-07-17 06:00:00,1.16183,1.16196,1.16141,1.16193,1758.0
2025-07-17 07:00:00,1.16191,1.16247,1.1616,1.16245,1318.0
2025-07-17 08:00:00,1.16245,1.1627399999999999,1.16167,1.1616900000000001,1752.0
2025-07-17 09:00:00,1.16168,1.16176,1.15734,1.15832,4522.0
2025-07-17 10:00:00,1.15832,1.15966,1.1574200000000001,1.15907,3748.0
2025-07-17 11:00:00,1.15907,1.16052,1.15896,1.16017,2566.0
2025-07-17 12:00:00,1.16017,1.16048,1.15886,1.1590799999999999,2127.0
2025-07-17 13:00:00,1.1590799999999999,1.15912,1.15833,1.1586,1831.0
2025-07-17 14:00:00,1.1586,1.159,1.15703,1.15745,2202.0
2025-07-17 15:00:00,1.15745,1.1592500000000001,1.15562,1.15871,4551.0
2025-07-17 16:00:00,1.15871,1.1598600000000001,1.15801,1.15863,4582.0
2025-07-17 17:00:00,1.15863,1.15928,1.1578,1.15878,3808.0
2025-07-17 18:00:00,1.15878,1.16027,1.15854,1.15964,3292.0
2025-07-17 19:00:00,1.15965,1.16019,1.15834,1.15862,2565.0
2025-07-17 20:00:00,1.15862,1.15907,1.15823,1.15851,2023.0
2025-07-17 21:00:00,1.15851,1.1588,1.15798,1.15844,1635.0
2025-07-17 22:00:00,1.15844,1.15998,1.15843,1.15977,1723.0
2025-07-17 23:00:00,1.15976,1.16003,1.15943,1.15975,1345.0
2025-07-18 00:00:00,1.1595,1.15974,1.15819,1.15955,492.0
2025-07-18 01:00:00,1.15955,1.16192,1.15955,1.16168,1464.0
2025-07-18 02:00:00,1.16168,1.16197,1.16145,1.16149,1143.0
2025-07-18 03:00:00,1.16149,1.16278,1.16144,1.16246,2735.0
2025-07-18 04:00:00,1.16246,1.16343,1.162,1.1629,2302.0
2025-07-18 05:00:00,1.1629,1.16312,1.16241,1.16293,1940.0
2025-07-18 06:00:00,1.16293,1.16317,1.16219,1.16238,1992.0
2025-07-18 07:00:00,1.16238,1.1623999999999999,1.16182,1.16193,1240.0
2025-07-18 08:00:00,1.16193,1.16206,1.16122,1.16173,1756.0
2025-07-18 09:00:00,1.16172,1.16226,1.1612,1.16204,2539.0
2025-07-18 10:00:00,1.16204,1.16313,1.162,1.1629,2599.0
2025-07-18 11:00:00,1.1629,1.16456,1.16281,1.16357,2956.0
2025-07-18 12:00:00,1.16357,1.16431,1.16331,1.1633499999999999,2435.0
2025-07-18 13:00:00,1.1633499999999999,1.16421,1.1632,1.164,2217.0
2025-07-18 14:00:00,1.164,1.16482,1.1639599999999999,1.16444,2458.0
2025-07-18 15:00:00,1.16444,1.16584,1.16432,1.16564,3504.0
2025-07-18 16:00:00,1.16564,1.16677,1.1648,1.16657,3901.0
2025-07-18 17:00:00,1.16657,1.16719,1.16445,1.16479,4716.0
2025-07-18 18:00:00,1.1648,1.16578,1.16427,1.16446,3354.0
2025-07-18 19:00:00,1.16446,1.16489,1.1626400000000001,1.16286,3054.0
2025-07-18 20:00:00,1.16286,1.16299,1.16178,1.16271,1998.0
2025-07-21 00:00:00,1.16248,1.1633499999999999,1.16178,1.16303,841.0
2025-07-21 01:00:00,1.16303,1.16326,1.16225,1.16265,2561.0
2025-07-21 02:00:00,1.1626400000000001,1.16316,1.16248,1.16296,1130.0
2025-07-21 03:00:00,1.16296,1.16364,1.1619,1.16192,2220.0
2025-07-21 04:00:00,1.16192,1.16255,1.1616,1.16175,2080.0
2025-07-21 05:00:00,1.16175,1.16243,1.16145,1.16221,1737.0
2025-07-21 06:00:00,1.16221,1.16258,1.16197,1.16254,1408.0
2025-07-21 07:00:00,1.16254,1.1630099999999999,1.16229,1.16294,1165.0
2025-07-21 08:00:00,1.16294,1.16355,1.16279,1.16337,1602.0
2025-07-21 09:00:00,1.16337,1.16428,1.16291,1.16414,2898.0
2025-07-21 10:00:00,1.16414,1.16475,1.16355,1.16437,2913.0
2025-07-21 11:00:00,1.16437,1.16522,1.16365,1.16424,2850.0
2025-07-21 12:00:00,1.16424,1.16485,1.16384,1.16444,2185.0
2025-07-21 13:00:00,1.16448,1.16462,1.16336,1.16456,2338.0
2025-07-21 14:00:00,1.16456,1.16699,1.16446,1.16677,3134.0
2025-07-21 15:00:00,1.16677,1.16732,1.16626,1.16651,2870.0
2025-07-21 16:00:00,1.16652,1.16655,1.16578,1.16649,2848.0
2025-07-21 17:00:00,1.16649,1.16985,1.16639,1.16965,4719.0
2025-07-21 18:00:00,1.16964,1.17168,1.16955,1.17046,4103.0
2025-07-21 19:00:00,1.17047,1.17058,1.16955,1.17001,2534.0
2025-07-21 20:00:00,1.17001,1.17014,1.16859,1.16909,2005.0
2025-07-21 21:00:00,1.16909,1.16954,1.16869,1.1694,1676.0
2025-07-21 22:00:00,1.1694,1.16961,1.16894,1.16897,1360.0
2025-07-21 23:00:00,1.16897,1.16962,1.16881,1.1695,1443.0
2025-07-22 00:00:00,1.16894,1.16942,1.16862,1.16914,505.0
2025-07-22 01:00:00,1.16914,1.16949,1.16912,1.16948,627.0
2025-07-22 02:00:00,1.16948,1.16959,1.16905,1.16949,698.0
2025-07-22 03:00:00,1.16949,1.16954,1.16836,1.16885,2143.0
2025-07-22 04:00:00,1.16885,1.16903,1.16825,1.16883,1894.0
2025-07-22 05:00:00,1.16883,1.16958,1.16881,1.1690800000000001,1442.0
2025-07-22 06:00:00,1.1690800000000001,1.16912,1.16851,1.16872,1232.0
2025-07-22 07:00:00,1.16872,1.16947,1.16863,1.1688399999999999,1271.0
2025-07-22 08:00:00,1.1688399999999999,1.16923,1.16831,1.16873,1662.0
2025-07-22 09:00:00,1.16873,1.16922,1.16842,1.16909,2180.0
2025-07-22 10:00:00,1.16909,1.16923,1.16818,1.1686,2480.0
2025-07-22 11:00:00,1.1686,1.17034,1.1684,1.16985,2679.0
2025-07-22 12:00:00,1.16985,1.1707,1.16932,1.17056,2317.0
2025-07-22 13:00:00,1.17056,1.17095,1.16997,1.17019,2020.0
2025-07-22 14:00:00,1.17017,1.17038,1.16944,1.17015,2575.0
2025-07-22 15:00:00,1.17015,1.1705,1.16832,1.16906,3218.0
2025-07-22 16:00:00,1.16906,1.17045,1.1679,1.17044,4188.0
2025-07-22 17:00:00,1.17044,1.17266,1.16909,1.1722299999999999,5188.0
2025-07-22 18:00:00,1.1722,1.1749,1.17146,1.17481,4946.0
2025-07-22 19:00:00,1.17481,1.17605,1.17448,1.17551,3199.0
2025-07-22 20:00:00,1.17551,1.17554,1.17431,1.17459,2023.0
2025-07-22 21:00:00,1.17459,1.17484,1.17419,1.1748,1391.0
2025-07-22 22:00:00,1.1748,1.17529,1.1745,1.17517,1295.0
2025-07-22 23:00:00,1.17517,1.17546,1.17453,1.17541,1397.0
2025-07-23 00:00:00,1.17538,1.17538,1.17418,1.1746,499.0
2025-07-23 01:00:00,1.1746,1.1750099999999999,1.1740599999999999,1.17481,1212.0
2025-07-23 02:00:00,1.17481,1.1756199999999999,1.17362,1.17381,1832.0
2025-07-23 03:00:00,1.17381,1.17478,1.17334,1.17472,3400.0
2025-07-23 04:00:00,1.17472,1.17487,1.17306,1.1737,3183.0
2025-07-23 05:00:00,1.1737,1.17418,1.17327,1.17348,2945.0
2025-07-23 06:00:00,1.17348,1.17462,1.1734,1.17391,2062.0
2025-07-23 07:00:00,1.17391,1.17398,1.17322,1.1735,1508.0
2025-07-23 08:00:00,1.1735,1.1738,1.17273,1.17305,2164.0
2025-07-23 09:00:00,1.17305,1.17427,1.17303,1.17423,2997.0
2025-07-23 10:00:00,1.17423,1.17529,1.17338,1.17421,3311.0
2025-07-23 11:00:00,1.17421,1.17481,1.17309,1.17329,3080.0
2025-07-23 12:00:00,1.17329,1.1739600000000001,1.17304,1.1736,2701.0
2025-07-23 13:00:00,1.1736,1.17366,1.17231,1.17261,2721.0
2025-07-23 14:00:00,1.17261,1.17315,1.17236,1.17256,2771.0
2025-07-23 15:00:00,1.17256,1.17333,1.17201,1.17251,2836.0
2025-07-23 16:00:00,1.17251,1.17304,1.17109,1.17262,4039.0
2025-07-23 17:00:00,1.17263,1.17378,1.17233,1.17337,4062.0
2025-07-23 18:00:00,1.17337,1.1754,1.17217,1.17468,3756.0
2025-07-23 19:00:00,1.17468,1.17609,1.17432,1.17511,4922.0
2025-07-23 20:00:00,1.17512,1.17651,1.17458,1.17597,3444.0
2025-07-23 21:00:00,1.17597,1.17739,1.17595,1.17714,2610.0
2025-07-23 22:00:00,1.17714,1.17749,1.1768,1.17733,1913.0
2025-07-23 23:00:00,1.17732,1.17751,1.17663,1.17729,2183.0
2025-07-24 00:00:00,1.1767,1.1773500000000001,1.17632,1.17664,569.0
2025-07-24 01:00:00,1.17664,1.17749,1.17664,1.1773500000000001,1118.0
2025-07-24 02:00:00,1.1773500000000001,1.17788,1.1773,1.17732,916.0
2025-07-24 03:00:00,1.17732,1.17737,1.17619,1.1767,2330.0
2025-07-24 04:00:00,1.1767,1.17797,1.17668,1.17751,3182.0
2025-07-24 05:00:00,1.17751,1.17787,1.17709,1.17768,2250.0
2025-07-24 06:00:00,1.17768,1.17802,1.17738,1.17752,1749.0
2025-07-24 07:00:00,1.17752,1.17779,1.17729,1.17741,1312.0
2025-07-24 08:00:00,1.17741,1.17784,1.17704,1.17709,2026.0
2025-07-24 09:00:00,1.17709,1.1773,1.1757,1.1757,2981.0
2025-07-24 10:00:00,1.1757,1.17698,1.1755,1.17616,3434.0
2025-07-24 11:00:00,1.17615,1.17682,1.17555,1.17582,2949.0
2025-07-24 12:00:00,1.17582,1.17594,1.1746699999999999,1.17525,2619.0
2025-07-24 13:00:00,1.17525,1.17548,1.17434,1.1749,2147.0
2025-07-24 14:00:00,1.1749,1.17564,1.17456,1.1756,2482.0
2025-07-24 15:00:00,1.1756,1.17588,1.17319,1.1736,4098.0
2025-07-24 16:00:00,1.1736,1.17769,1.17304,1.17715,6593.0
2025-07-24 17:00:00,1.17713,1.17887,1.17615,1.17661,5605.0
2025-07-24 18:00:00,1.17661,1.17784,1.1755200000000001,1.17647,4203.0
2025-07-24 19:00:00,1.17647,1.17727,1.17568,1.17625,3079.0
2025-07-24 20:00:00,1.17626,1.1778,1.17602,1.17698,2048.0
2025-07-24 21:00:00,1.17698,1.17709,1.17622,1.17659,1767.0
2025-07-24 22:00:00,1.17659,1.17702,1.17581,1.17583,1900.0
2025-07-24 23:00:00,1.17582,1.176,1.17436,1.17489,1951.0
2025-07-25 00:00:00,1.17442,1.1749,1.17295,1.17451,761.0
2025-07-25 01:00:00,1.17451,1.17533,1.17439,1.1751800000000001,1318.0
2025-07-25 02:00:00,1.1751800000000001,1.17573,1.17498,1.17547,1049.0
2025-07-25 03:00:00,1.17547,1.17588,1.17486,1.17544,2420.0
2025-07-25 04:00:00,1.17544,1.17587,1.17391,1.1743000000000001,2511.0
2025-07-25 05:00:00,1.1743000000000001,1.17438,1.17341,1.17394,1660.0
2025-07-25 06:00:00,1.17394,1.17453,1.1736900000000001,1.17425,1763.0
2025-07-25 07:00:00,1.17425,1.17464,1.17341,1.17401,1695.0
2025-07-25 08:00:00,1.17401,1.1749100000000001,1.17372,1.17468,2164.0
2025-07-25 09:00:00,1.17468,1.17608,1.17418,1.17479,3386.0
2025-07-25 10:00:00,1.17479,1.17595,1.17479,1.17529,3825.0
2025-07-25 11:00:00,1.17529,1.17581,1.17416,1.17432,3819.0
2025-07-25 12:00:00,1.17431,1.17437,1.1733,1.17351,2866.0
2025-07-25 13:00:00,1.17351,1.17373,1.17248,1.17283,2176.0
2025-07-25 14:00:00,1.17283,1.1731,1.17116,1.1721,3155.0
2025-07-25 15:00:00,1.1721,1.17273,1.17116,1.17183,3322.0
2025-07-25 16:00:00,1.17183,1.17299,1.17029,1.17218,6704.0
2025-07-25 17:00:00,1.17218,1.17358,1.17218,1.17295,4480.0
2025-07-25 18:00:00,1.17295,1.17386,1.17222,1.17291,3382.0
2025-07-25 19:00:00,1.17291,1.1730800000000001,1.17203,1.17289,2872.0
2025-07-25 20:00:00,1.17289,1.17397,1.17288,1.17365,1736.0
2025-07-28 00:00:00,1.1755200000000001,1.17624,1.17483,1.17596,1377.0
2025-07-28 01:00:00,1.17596,1.17689,1.17514,1.17551,2054.0
2025-07-28 02:00:00,1.17551,1.17607,1.17538,1.17554,1413.0
2025-07-28 03:00:00,1.17554,1.17704,1.17547,1.17639,3325.0
2025-07-28 04:00:00,1.17639,1.17699,1.17474,1.17524,3387.0
2025-07-28 05:00:00,1.17524,1.17575,1.17463,1.17548,2100.0
2025-07-28 06:00:00,1.17548,1.17572,1.1751,1.17567,1726.0
2025-07-28 07:00:00,1.17567,1.17582,1.1745700000000001,1.17474,1482.0
2025-07-28 08:00:00,1.17474,1.17476,1.17398,1.17408,1767.0
2025-07-28 09:00:00,1.17408,1.17446,1.1711,1.1721300000000001,4152.0
2025-07-28 10:00:00,1.1721300000000001,1.17239,1.16705,1.1675,5055.0
2025-07-28 11:00:00,1.1675,1.16903,1.16709,1.16791,4387.0
2025-07-28 12:00:00,1.16791,1.16844,1.16583,1.1667,3549.0
2025-07-28 13:00:00,1.1667,1.1672,1.16551,1.16582,3383.0
2025-07-28 14:00:00,1.16582,1.16588,1.16438,1.16512,4287.0
2025-07-28 15:00:00,1.16511,1.16652,1.16482,1.1657899999999999,4917.0
2025-07-28 16:00:00,1.1658,1.16622,1.16257,1.16341,5284.0
2025-07-28 17:00:00,1.16333,1.16473,1.16306,1.16373,4987.0
2025-07-28 18:00:00,1.16373,1.16393,1.1608,1.16089,4241.0
2025-07-28 19:00:00,1.16089,1.16109,1.15984,1.15991,2831.0
2025-07-28 20:00:00,1.15991,1.16018,1.15893,1.15922,2238.0
2025-07-28 21:00:00,1.15922,1.15948,1.15853,1.15947,2085.0
2025-07-28 22:00:00,1.15947,1.15961,1.15892,1.15916,1451.0
2025-07-28 23:00:00,1.15916,1.15943,1.15838,1.15885,1361.0
2025-07-29 00:00:00,1.15875,1.15903,1.15859,1.15901,447.0
2025-07-29 01:00:00,1.15901,1.15944,1.15877,1.15938,977.0
2025-07-29 02:00:00,1.15938,1.15968,1.15891,1.15965,806.0
2025-07-29 03:00:00,1.15965,1.15977,1.15843,1.1585,2430.0
2025-07-29 04:00:00,1.1585,1.15983,1.15848,1.15911,2697.0
2025-07-29 05:00:00,1.15911,1.15994,1.15911,1.15971,1852.0
2025-07-29 06:00:00,1.15971,1.1598600000000001,1.15814,1.15829,1796.0
2025-07-29 07:00:00,1.15829,1.15887,1.15747,1.15885,1896.0
2025-07-29 08:00:00,1.15885,1.15904,1.15769,1.15788,1901.0
2025-07-29 09:00:00,1.15789,1.1586,1.15319,1.15338,5045.0
2025-07-29 10:00:00,1.15338,1.15549,1.15266,1.15549,5717.0
2025-07-29 11:00:00,1.15549,1.15695,1.15525,1.1569099999999999,3983.0
2025-07-29 12:00:00,1.15693,1.15849,1.15631,1.15767,3724.0
2025-07-29 13:00:00,1.15768,1.15882,1.1573,1.1574,2875.0
2025-07-29 14:00:00,1.1574,1.15749,1.15374,1.1540300000000001,4071.0
2025-07-29 15:00:00,1.1540300000000001,1.15421,1.15247,1.15247,3987.0
2025-07-29 16:00:00,1.15248,1.15469,1.15189,1.1544699999999999,5099.0
2025-07-29 17:00:00,1.15454,1.15521,1.15217,1.15229,6680.0
2025-07-29 18:00:00,1.15229,1.15411,1.15219,1.15333,4179.0
2025-07-29 19:00:00,1.15333,1.15496,1.15333,1.15415,2854.0
2025-07-29 20:00:00,1.15415,1.15605,1.154,1.15416,3266.0
2025-07-29 21:00:00,1.15416,1.15506,1.15375,1.15502,2040.0
2025-07-29 22:00:00,1.15503,1.15576,1.15489,1.15499,1878.0
2025-07-29 23:00:00,1.15499,1.15526,1.1543700000000001,1.15452,1130.0
2025-07-30 00:00:00,1.15461,1.15479,1.1543,1.15478,296.0
2025-07-30 01:00:00,1.15478,1.15507,1.15456,1.15497,663.0
2025-07-30 02:00:00,1.15497,1.15509,1.15467,1.15509,739.0
2025-07-30 03:00:00,1.15509,1.15678,1.1550799999999999,1.15671,2370.0
2025-07-30 04:00:00,1.1567,1.15728,1.15605,1.15644,2950.0
2025-07-30 05:00:00,1.15643,1.15686,1.15605,1.15638,1650.0
2025-07-30 06:00:00,1.15638,1.15708,1.15582,1.15618,1899.0
2025-07-30 07:00:00,1.15618,1.15621,1.15503,1.15511,1585.0
2025-07-30 08:00:00,1.15511,1.15597,1.15482,1.15502,2303.0
2025-07-30 09:00:00,1.15502,1.15608,1.15402,1.15566,3363.0
2025-07-30 10:00:00,1.15565,1.15686,1.15511,1.1553499999999999,3430.0
2025-07-30 11:00:00,1.1553499999999999,1.15595,1.15486,1.1556899999999999,2975.0
2025-07-30 12:00:00,1.1556899999999999,1.15606,1.15449,1.15521,2995.0
2025-07-30 13:00:00,1.15518,1.15551,1.15321,1.15395,2741.0
2025-07-30 14:00:00,1.15395,1.15408,1.1522000000000001,1.15313,3041.0
2025-07-30 15:00:00,1.15313,1.15348,1.14691,1.14731,6685.0
2025-07-30 16:00:00,1.1473,1.14809,1.14581,1.14693,6212.0
2025-07-30 17:00:00,1.14693,1.1482,1.14651,1.14805,4497.0
2025-07-30 18:00:00,1.14805,1.14851,1.14636,1.14687,3532.0
2025-07-30 19:00:00,1.14687,1.14744,1.1464699999999999,1.14737,2445.0
2025-07-30 20:00:00,1.14738,1.1482,1.14737,1.14786,2382.0
2025-07-30 21:00:00,1.14786,1.15035,1.1424400000000001,1.14245,8847.0
2025-07-30 22:00:00,1.14245,1.14361,1.14139,1.1424,5765.0
2025-07-30 23:00:00,1.1424,1.14294,1.14002,1.14031,2685.0
2025-07-31 00:00:00,1.14033,1.14089,1.13991,1.14035,1079.0
2025-07-31 01:00:00,1.14035,1.1424400000000001,1.1403,1.1423,1408.0
2025-07-31 02:00:00,1.1423,1.1430500000000001,1.14195,1.14284,1206.0
2025-07-31 03:00:00,1.14283,1.14373,1.1428099999999999,1.14343,2783.0
2025-07-31 04:00:00,1.14343,1.1438,1.14235,1.14309,2795.0
2025-07-31 05:00:00,1.14309,1.14319,1.14213,1.14293,2523.0
2025-07-31 06:00:00,1.14293,1.14344,1.14074,1.14233,2610.0
2025-07-31 07:00:00,1.14233,1.14365,1.14194,1.14359,2050.0
2025-07-31 08:00:00,1.14358,1.14431,1.1431,1.14368,2260.0
2025-07-31 09:00:00,1.14367,1.1461000000000001,1.14354,1.14584,4145.0
2025-07-31 10:00:00,1.14584,1.14584,1.1433200000000001,1.14491,4276.0
2025-07-31 11:00:00,1.14491,1.14551,1.14382,1.14501,3566.0
2025-07-31 12:00:00,1.14501,1.14509,1.14325,1.14334,2720.0
2025-07-31 13:00:00,1.14333,1.14413,1.14208,1.14397,3068.0
2025-07-31 14:00:00,1.14397,1.14509,1.14361,1.14491,3484.0
2025-07-31 15:00:00,1.14492,1.1451,1.14249,1.14286,4926.0
2025-07-31 16:00:00,1.14286,1.14298,1.1406100000000001,1.14114,4769.0
2025-07-31 17:00:00,1.14114,1.14497,1.14074,1.14447,5546.0
2025-07-31 18:00:00,1.14447,1.14499,1.1428099999999999,1.14301,4576.0
2025-07-31 19:00:00,1.14301,1.14329,1.14216,1.14226,3452.0
2025-07-31 20:00:00,1.14226,1.14246,1.1415,1.14196,2475.0
2025-07-31 21:00:00,1.14196,1.1433,1.14155,1.14266,1829.0
2025-07-31 22:00:00,1.14266,1.14319,1.1412200000000001,1.1412499999999999,2362.0
2025-07-31 23:00:00,1.1412499999999999,1.1418300000000001,1.14093,1.14135,2192.0
2025-08-01 00:00:00,1.14118,1.14186,1.14089,1.14166,417.0
2025-08-01 01:00:00,1.14166,1.14231,1.1414,1.1418,1398.0
2025-08-01 02:00:00,1.1418,1.14262,1.14118,1.14219,1933.0
2025-08-01 03:00:00,1.1421999999999999,1.1429,1.14156,1.14243,3145.0
2025-08-01 04:00:00,1.14243,1.14285,1.1405,1.14073,3334.0
2025-08-01 05:00:00,1.14073,1.1415,1.14059,1.14115,3020.0
2025-08-01 06:00:00,1.14114,1.14223,1.14103,1.14181,2056.0
2025-08-01 07:00:00,1.14181,1.14216,1.14156,1.14192,1427.0
2025-08-01 08:00:00,1.14192,1.14348,1.14161,1.14308,2139.0
2025-08-01 09:00:00,1.14308,1.1438,1.14261,1.14293,2870.0
2025-08-01 10:00:00,1.14293,1.1434,1.1412499999999999,1.14187,3408.0
2025-08-01 11:00:00,1.14187,1.14206,1.14053,1.14066,2764.0
2025-08-01 12:00:00,1.14066,1.14128,1.13931,1.14009,2950.0
2025-08-01 13:00:00,1.14013,1.14176,1.14012,1.14121,2921.0
2025-08-01 14:00:00,1.14121,1.14225,1.14043,1.14046,2896.0
2025-08-01 15:00:00,1.14046,1.15584,1.13917,1.15456,9903.0
2025-08-01 16:00:00,1.15455,1.15832,1.15368,1.15616,11416.0
2025-08-01 17:00:00,1.15617,1.15883,1.15511,1.15562,10621.0
2025-08-01 18:00:00,1.15562,1.15652,1.1536,1.15544,5847.0
2025-08-01 19:00:00,1.15544,1.15647,1.15379,1.15394,3714.0
2025-08-01 20:00:00,1.15393,1.15393,1.15165,1.15267,4171.0
2025-08-04 00:00:00,1.15852,1.15957,1.1584,1.15869,847.0
2025-08-04 01:00:00,1.15869,1.1595900000000001,1.15784,1.1584,2511.0
2025-08-04 02:00:00,1.1584,1.15901,1.15782,1.15876,1931.0
2025-08-04 03:00:00,1.15876,1.1589,1.1555900000000001,1.15579,4147.0
2025-08-04 04:00:00,1.15579,1.15724,1.15503,1.15713,3817.0
2025-08-04 05:00:00,1.15713,1.15782,1.15675,1.15758,2796.0
2025-08-04 06:00:00,1.15758,1.15861,1.15758,1.15793,2271.0
2025-08-04 07:00:00,1.15793,1.15855,1.15743,1.15744,2019.0
2025-08-04 08:00:00,1.15743,1.15821,1.15673,1.15703,2539.0
2025-08-04 09:00:00,1.15703,1.15833,1.15633,1.1571,4178.0
2025-08-04 10:00:00,1.1571799999999999,1.15786,1.15505,1.15637,4592.0
2025-08-04 11:00:00,1.15637,1.1565400000000001,1.15497,1.15581,4166.0
2025-08-04 12:00:00,1.15581,1.1577600000000001,1.15554,1.15644,3596.0
2025-08-04 13:00:00,1.15644,1.15774,1.15552,1.15739,3528.0
2025-08-04 14:00:00,1.15739,1.15863,1.15646,1.15668,4153.0
2025-08-04 15:00:00,1.15668,1.15884,1.15607,1.1575199999999999,4884.0
2025-08-04 16:00:00,1.15753,1.15883,1.1573,1.15753,5188.0
2025-08-04 17:00:00,1.15761,1.1587399999999999,1.15568,1.15641,5962.0
2025-08-04 18:00:00,1.15641,1.15766,1.15611,1.15671,4552.0
2025-08-04 19:00:00,1.15671,1.15754,1.15568,1.15722,3247.0
2025-08-04 20:00:00,1.15722,1.1574200000000001,1.15644,1.1573,2585.0
2025-08-04 21:00:00,1.1573,1.15775,1.15642,1.1565400000000001,2638.0
2025-08-04 22:00:00,1.1565400000000001,1.15727,1.1562999999999999,1.15682,2151.0
2025-08-04 23:00:00,1.1568100000000001,1.15762,1.15655,1.15723,1604.0
2025-08-05 00:00:00,1.15674,1.15701,1.15563,1.15686,440.0
2025-08-05 01:00:00,1.15686,1.15814,1.15685,1.15793,1335.0
2025-08-05 02:00:00,1.15793,1.15855,1.15779,1.15841,1184.0
2025-08-05 03:00:00,1.15841,1.15878,1.15707,1.1571799999999999,2571.0
2025-08-05 04:00:00,1.15719,1.15739,1.15595,1.1564,2939.0
2025-08-05 05:00:00,1.1564,1.15645,1.15556,1.15605,2411.0
2025-08-05 06:00:00,1.15605,1.15616,1.15543,1.15556,1605.0
2025-08-05 07:00:00,1.15556,1.15604,1.15541,1.15583,1643.0
2025-08-05 08:00:00,1.15583,1.15583,1.15443,1.15481,2340.0
2025-08-05 09:00:00,1.1548,1.15614,1.15428,1.15509,3018.0
2025-08-05 10:00:00,1.15507,1.15623,1.15332,1.15462,3857.0
2025-08-05 11:00:00,1.15462,1.15491,1.15313,1.15367,3893.0
2025-08-05 12:00:00,1.15368,1.15464,1.153,1.15422,3052.0
2025-08-05 13:00:00,1.15422,1.15458,1.1534200000000001,1.15442,2813.0
2025-08-05 14:00:00,1.15442,1.15479,1.15277,1.15397,3330.0
2025-08-05 15:00:00,1.15397,1.15486,1.15302,1.15372,4646.0
2025-08-05 16:00:00,1.15372,1.15544,1.15322,1.15337,4438.0
2025-08-05 17:00:00,1.15333,1.15662,1.15333,1.15652,7395.0
2025-08-05 18:00:00,1.15652,1.15848,1.15629,1.15796,4441.0
2025-08-05 19:00:00,1.15796,1.1586,1.15772,1.15828,2821.0
2025-08-05 20:00:00,1.15828,1.15832,1.15755,1.15782,2164.0
2025-08-05 21:00:00,1.15782,1.15796,1.15703,1.15735,2298.0
2025-08-05 22:00:00,1.15735,1.1575,1.15663,1.15727,2082.0
2025-08-05 23:00:00,1.15727,1.15772,1.1571500000000001,1.15749,1457.0
2025-08-06 00:00:00,1.15749,1.15755,1.156,1.15732,414.0
2025-08-06 01:00:00,1.15732,1.15779,1.1571,1.15762,971.0
2025-08-06 02:00:00,1.15762,1.1581299999999999,1.15731,1.15785,910.0
2025-08-06 03:00:00,1.15785,1.15853,1.15727,1.15736,2329.0
2025-08-06 04:00:00,1.15736,1.15737,1.15648,1.15669,2325.0
2025-08-06 05:00:00,1.15669,1.1571799999999999,1.15641,1.15694,1949.0
2025-08-06 06:00:00,1.15694,1.1582,1.15694,1.1580300000000001,1781.0
2025-08-06 07:00:00,1.1580300000000001,1.15862,1.1577600000000001,1.15828,1760.0
2025-08-06 08:00:00,1.15828,1.15835,1.15745,1.15788,2071.0
2025-08-06 09:00:00,1.15787,1.15881,1.15765,1.15786,2856.0
2025-08-06 10:00:00,1.15786,1.15821,1.15713,1.15811,3111.0
2025-08-06 11:00:00,1.15811,1.15836,1.15704,1.1575,3073.0
2025-08-06 12:00:00,1.1575,1.1588,1.1574200000000001,1.15851,2513.0
2025-08-06 13:00:00,1.15851,1.16107,1.15843,1.1607,3554.0
2025-08-06 14:00:00,1.1607,1.1615,1.15977,1.16041,3117.0
2025-08-06 15:00:00,1.16041,1.16287,1.16004,1.16236,3762.0
2025-08-06 16:00:00,1.16236,1.1635900000000001,1.16174,1.16358,4694.0
2025-08-06 17:00:00,1.16358,1.16375,1.16222,1.1627399999999999,4858.0
2025-08-06 18:00:00,1.1627399999999999,1.16469,1.16228,1.16463,5080.0
2025-08-06 19:00:00,1.16461,1.1648399999999999,1.16307,1.16348,3668.0
2025-08-06 20:00:00,1.16348,1.16551,1.16331,1.1649,3108.0
2025-08-06 21:00:00,1.16493,1.16687,1.1648100000000001,1.16626,2670.0
2025-08-06 22:00:00,1.16626,1.1663999999999999,1.16526,1.16566,1664.0
2025-08-06 23:00:00,1.16566,1.1660300000000001,1.16506,1.16599,2149.0
2025-08-07 00:00:00,1.16589,1.16589,1.16432,1.16568,635.0
2025-08-07 01:00:00,1.16568,1.1666,1.16562,1.16638,1325.0
2025-08-07 02:00:00,1.16638,1.16642,1.16594,1.16632,1011.0
2025-08-07 03:00:00,1.16631,1.1663999999999999,1.16509,1.16524,2356.0
2025-08-07 04:00:00,1.16524,1.16629,1.16495,1.16577,2487.0
2025-08-07 05:00:00,1.16577,1.16652,1.16561,1.16576,1849.0
2025-08-07 06:00:00,1.16576,1.16655,1.16532,1.16647,1723.0
2025-08-07 07:00:00,1.16647,1.16764,1.16632,1.16714,1833.0
2025-08-07 08:00:00,1.16714,1.16765,1.16684,1.1675200000000001,2023.0
2025-08-07 09:00:00,1.1675200000000001,1.16798,1.16681,1.16761,2881.0
2025-08-07 10:00:00,1.1676,1.16913,1.16732,1.16895,3577.0
2025-08-07 11:00:00,1.16895,1.16989,1.16755,1.16828,4212.0
2025-08-07 12:00:00,1.16828,1.16849,1.16704,1.16706,2832.0
2025-08-07 13:00:00,1.16706,1.16718,1.16614,1.16703,2887.0
2025-08-07 14:00:00,1.16703,1.16766,1.16342,1.16446,5193.0
2025-08-07 15:00:00,1.16442,1.16625,1.16374,1.16512,5200.0
2025-08-07 16:00:00,1.16512,1.16586,1.16378,1.16428,5387.0
2025-08-07 17:00:00,1.16428,1.16499,1.16141,1.16244,6699.0
2025-08-07 18:00:00,1.16244,1.1642000000000001,1.1611,1.164,4273.0
2025-08-07 19:00:00,1.16399,1.1644700000000001,1.16351,1.16382,2561.0
2025-08-07 20:00:00,1.16382,1.1639599999999999,1.16322,1.16331,2580.0
2025-08-07 21:00:00,1.16331,1.16372,1.16215,1.16221,2218.0
2025-08-07 22:00:00,1.16221,1.16567,1.16193,1.16545,3603.0
2025-08-07 23:00:00,1.16545,1.16713,1.16545,1.16641,2207.0
2025-08-08 00:00:00,1.16644,1.1667,1.16574,1.16641,1191.0
2025-08-08 01:00:00,1.16641,1.16747,1.1663999999999999,1.1672500000000001,1476.0
2025-08-08 02:00:00,1.1672500000000001,1.16783,1.1670099999999999,1.1677,1510.0
2025-08-08 03:00:00,1.1677,1.16794,1.16672,1.1672500000000001,2817.0
2025-08-08 04:00:00,1.1672500000000001,1.16737,1.16551,1.16573,2757.0
2025-08-08 05:00:00,1.16573,1.16652,1.16572,1.16609,1807.0
2025-08-08 06:00:00,1.16609,1.16611,1.16549,1.16598,1686.0
2025-08-08 07:00:00,1.16598,1.16634,1.16576,1.16583,1518.0
2025-08-08 08:00:00,1.16583,1.16599,1.16388,1.16411,2426.0
2025-08-08 09:00:00,1.16411,1.16529,1.16407,1.16501,2641.0
2025-08-08 10:00:00,1.16501,1.16645,1.16488,1.16592,3450.0
2025-08-08 11:00:00,1.16592,1.1663000000000001,1.16345,1.16372,3477.0
2025-08-08 12:00:00,1.16371,1.1644,1.163,1.16416,3792.0
2025-08-08 13:00:00,1.16416,1.16475,1.16287,1.16358,2942.0
2025-08-08 14:00:00,1.16358,1.16494,1.16352,1.16439,2947.0
2025-08-08 15:00:00,1.16439,1.1654200000000001,1.16377,1.16418,3920.0
2025-08-08 16:00:00,1.16418,1.16553,1.16414,1.16487,4102.0
2025-08-08 17:00:00,1.16487,1.1663000000000001,1.16465,1.16561,4599.0
2025-08-08 18:00:00,1.16561,1.16676,1.16543,1.16597,3453.0
2025-08-08 19:00:00,1.16598,1.16631,1.16497,1.16566,2609.0
2025-08-08 20:00:00,1.16566,1.16668,1.16536,1.16587,2280.0
2025-08-11 00:00:00,1.16412,1.16468,1.16394,1.1643,388.0
2025-08-11 01:00:00,1.1643,1.16509,1.16407,1.16469,1267.0
2025-08-11 02:00:00,1.16469,1.16509,1.16446,1.16477,1063.0
2025-08-11 03:00:00,1.16477,1.16486,1.16419,1.16475,2245.0
2025-08-11 04:00:00,1.16474,1.1659,1.16453,1.16588,2302.0
2025-08-11 05:00:00,1.16588,1.16685,1.16588,1.16659,1730.0
2025-08-11 06:00:00,1.16659,1.16756,1.16648,1.16712,1784.0
2025-08-11 07:00:00,1.16712,1.16756,1.16708,1.16721,1342.0
2025-08-11 08:00:00,1.16721,1.16726,1.16673,1.16694,1961.0
2025-08-11 09:00:00,1.16694,1.16738,1.16632,1.16644,2406.0
2025-08-11 10:00:00,1.16644,1.16661,1.16459,1.16472,3141.0
2025-08-11 11:00:00,1.16472,1.16604,1.16441,1.16554,2854.0
2025-08-11 12:00:00,1.16548,1.16581,1.16383,1.16413,2709.0
2025-08-11 13:00:00,1.16413,1.16479,1.16406,1.1647,2090.0
2025-08-11 14:00:00,1.1647,1.16471,1.1623,1.16288,3131.0
2025-08-11 15:00:00,1.16288,1.16312,1.1614,1.1620300000000001,3429.0
2025-08-11 16:00:00,1.1620300000000001,1.16277,1.1616,1.16195,3650.0
2025-08-11 17:00:00,1.16195,1.16205,1.15904,1.1595900000000001,4274.0
2025-08-11 18:00:00,1.1595900000000001,1.16071,1.159,1.16055,3374.0
2025-08-11 19:00:00,1.16055,1.16119,1.16019,1.16076,2222.0
2025-08-11 20:00:00,1.16076,1.16124,1.1598600000000001,1.1611,1944.0
2025-08-11 21:00:00,1.1611,1.16143,1.16072,1.16123,1841.0
2025-08-11 22:00:00,1.16123,1.16129,1.16021,1.1605,1540.0
2025-08-11 23:00:00,1.1605,1.16193,1.16043,1.16158,1347.0
2025-08-12 00:00:00,1.16145,1.16149,1.16043,1.16138,666.0
2025-08-12 01:00:00,1.16138,1.16181,1.16103,1.16129,990.0
2025-08-12 02:00:00,1.16129,1.16177,1.16125,1.16164,885.0
2025-08-12 03:00:00,1.16164,1.16199,1.16119,1.16153,2791.0
2025-08-12 04:00:00,1.16153,1.16256,1.16145,1.16192,2598.0
2025-08-12 05:00:00,1.16192,1.16255,1.16174,1.16228,1964.0
2025-08-12 06:00:00,1.16227,1.16245,1.16184,1.16206,1999.0
2025-08-12 07:00:00,1.16206,1.16278,1.16156,1.16276,2087.0
2025-08-12 08:00:00,1.16276,1.1629,1.16132,1.16139,2986.0
2025-08-12 09:00:00,1.16139,1.16186,1.16082,1.16092,3642.0
2025-08-12 10:00:00,1.16093,1.16239,1.1608,1.1620300000000001,3817.0
2025-08-12 11:00:00,1.1620300000000001,1.16225,1.1611799999999999,1.1615,3027.0
2025-08-12 12:00:00,1.16149,1.16183,1.16003,1.16068,2845.0
2025-08-12 13:00:00,1.16064,1.16132,1.1605699999999999,1.16104,2445.0
2025-08-12 14:00:00,1.16104,1.16112,1.15985,1.16054,2775.0
2025-08-12 15:00:00,1.16054,1.16558,1.15993,1.16426,8033.0
2025-08-12 16:00:00,1.16425,1.16679,1.16175,1.16523,9086.0
2025-08-12 17:00:00,1.16524,1.16628,1.16417,1.1658,6314.0
2025-08-12 18:00:00,1.1658,1.16973,1.16563,1.16723,5613.0
2025-08-12 19:00:00,1.16723,1.16861,1.16657,1.1679599999999999,4032.0
2025-08-12 20:00:00,1.16797,1.16804,1.16711,1.16731,2706.0
2025-08-12 21:00:00,1.16732,1.16787,1.16646,1.16689,2472.0
2025-08-12 22:00:00,1.16689,1.16757,1.16645,1.16748,1930.0
2025-08-12 23:00:00,1.16748,1.16768,1.16715,1.1673,1405.0
2025-08-13 00:00:00,1.1674,1.16741,1.16656,1.16719,684.0
2025-08-13 01:00:00,1.1672,1.16775,1.16716,1.16768,1112.0
2025-08-13 02:00:00,1.16768,1.16794,1.16754,1.16776,748.0
2025-08-13 03:00:00,1.16776,1.16808,1.16708,1.16799,1953.0
2025-08-13 04:00:00,1.16799,1.16866,1.16759,1.1677,2595.0
2025-08-13 05:00:00,1.1677,1.16859,1.16704,1.1682,1899.0
2025-08-13 06:00:00,1.1682,1.16876,1.16795,1.16838,1761.0
2025-08-13 07:00:00,1.16838,1.16862,1.16816,1.16842,1450.0
2025-08-13 08:00:00,1.16842,1.16854,1.16765,1.16791,1831.0
2025-08-13 09:00:00,1.16792,1.16971,1.16789,1.16923,3569.0
2025-08-13 10:00:00,1.16923,1.1712799999999999,1.16919,1.17082,3962.0
2025-08-13 11:00:00,1.1708,1.17206,1.1707,1.1714,3727.0
2025-08-13 12:00:00,1.1714,1.17303,1.17139,1.17293,2920.0
2025-08-13 13:00:00,1.17293,1.17302,1.17163,1.17165,2647.0
2025-08-13 14:00:00,1.17165,1.17192,1.17079,1.17191,2703.0
2025-08-13 15:00:00,1.17191,1.17217,1.16972,1.16991,3360.0
2025-08-13 16:00:00,1.16991,1.17071,1.16929,1.17048,3968.0
2025-08-13 17:00:00,1.17045,1.17236,1.17029,1.172,4945.0
2025-08-13 18:00:00,1.172,1.17227,1.17081,1.17137,3800.0
2025-08-13 19:00:00,1.17136,1.1715,1.17064,1.1706699999999999,2386.0
2025-08-13 20:00:00,1.1706699999999999,1.17108,1.17028,1.1703999999999999,2038.0
2025-08-13 21:00:00,1.17041,1.17045,1.16959,1.1700599999999999,1751.0
2025-08-13 22:00:00,1.1700599999999999,1.17042,1.16974,1.16995,1414.0
2025-08-13 23:00:00,1.16995,1.1706699999999999,1.16993,1.17044,1117.0
2025-08-14 00:00:00,1.17051,1.17054,1.16952,1.17045,664.0
2025-08-14 01:00:00,1.17045,1.17082,1.17037,1.17082,1036.0
2025-08-14 02:00:00,1.17082,1.1712500000000001,1.17076,1.17123,793.0
2025-08-14 03:00:00,1.17123,1.17149,1.1709100000000001,1.17112,2333.0
2025-08-14 04:00:00,1.17112,1.1715200000000001,1.1709,1.17131,2405.0
2025-08-14 05:00:00,1.17131,1.17131,1.16989,1.17048,2166.0
2025-08-14 06:00:00,1.17048,1.17053,1.16995,1.17037,1537.0
2025-08-14 07:00:00,1.17037,1.17068,1.17014,1.1703999999999999,1335.0
2025-08-14 08:00:00,1.1703999999999999,1.1703999999999999,1.1696900000000001,1.17014,1890.0
2025-08-14 09:00:00,1.17015,1.17066,1.16848,1.1685,3665.0
2025-08-14 10:00:00,1.16851,1.16929,1.16779,1.16797,4018.0
2025-08-14 11:00:00,1.16797,1.16854,1.16679,1.16685,3088.0
2025-08-14 12:00:00,1.16685,1.16869,1.16684,1.16819,3020.0
2025-08-14 13:00:00,1.16819,1.16975,1.16814,1.16955,3344.0
2025-08-14 14:00:00,1.16955,1.16965,1.16827,1.16878,2736.0
2025-08-14 15:00:00,1.16885,1.16926,1.16492,1.16639,6503.0
2025-08-14 16:00:00,1.16639,1.16714,1.1649,1.16504,5861.0
2025-08-14 17:00:00,1.16503,1.16665,1.16377,1.1661,4818.0
2025-08-14 18:00:00,1.1661,1.16622,1.16376,1.16431,4297.0
2025-08-14 19:00:00,1.16431,1.16455,1.1631,1.16345,3216.0
2025-08-14 20:00:00,1.16345,1.16437,1.16314,1.16368,2363.0
2025-08-14 21:00:00,1.16367,1.16425,1.1633,1.16416,1992.0
2025-08-14 22:00:00,1.16416,1.16505,1.16415,1.16482,1710.0
2025-08-14 23:00:00,1.16482,1.16503,1.16446,1.16482,1141.0
2025-08-15 00:00:00,1.16469,1.16498,1.16422,1.16496,318.0
2025-08-15 01:00:00,1.16496,1.16532,1.16478,1.165,933.0
2025-08-15 02:00:00,1.165,1.1653,1.1646,1.16504,758.0
2025-08-15 03:00:00,1.16504,1.16534,1.16469,1.16523,1833.0
2025-08-15 04:00:00,1.16523,1.16581,1.1648399999999999,1.1653,1904.0
2025-08-15 05:00:00,1.1653,1.16578,1.16495,1.16568,1786.0
2025-08-15 06:00:00,1.16568,1.16648,1.16566,1.16601,1534.0
2025-08-15 07:00:00,1.16601,1.16638,1.1659,1.16629,1175.0
2025-08-15 08:00:00,1.16629,1.16712,1.16614,1.1671,1431.0
2025-08-15 09:00:00,1.1671,1.16748,1.1665,1.16719,2462.0
2025-08-15 10:00:00,1.16719,1.16843,1.16719,1.16829,3000.0
2025-08-15 11:00:00,1.16829,1.16851,1.16766,1.16822,2853.0
2025-08-15 12:00:00,1.16822,1.16898,1.16801,1.16877,2393.0
2025-08-15 13:00:00,1.16877,1.16914,1.16805,1.16858,1978.0
2025-08-15 14:00:00,1.16858,1.16919,1.16817,1.16878,2011.0
2025-08-15 15:00:00,1.16878,1.17001,1.16731,1.16941,4498.0
2025-08-15 16:00:00,1.16941,1.1708,1.16817,1.17033,4820.0
2025-08-15 17:00:00,1.17033,1.17153,1.16997,1.17118,4770.0
2025-08-15 18:00:00,1.17118,1.1715,1.17032,1.1707,3285.0
2025-08-15 19:00:00,1.17069,1.17083,1.16996,1.17038,2173.0
2025-08-15 20:00:00,1.17038,1.1706,1.16994,1.17045,1830.0
2025-08-18 00:00:00,1.17065,1.17138,1.17054,1.17126,439.0
2025-08-18 01:00:00,1.17126,1.17144,1.1709100000000001,1.17136,1965.0
2025-08-18 02:00:00,1.17141,1.17145,1.17036,1.17062,1690.0
2025-08-18 03:00:00,1.17063,1.17106,1.17001,1.17019,2406.0
2025-08-18 04:00:00,1.17017,1.17048,1.1693500000000001,1.17032,2457.0
2025-08-18 05:00:00,1.17033,1.17055,1.16973,1.17013,1635.0
2025-08-18 06:00:00,1.17012,1.17049,1.16996,1.17038,1648.0
2025-08-18 07:00:00,1.17038,1.17103,1.17027,1.17086,1575.0
2025-08-18 08:00:00,1.17086,1.1709100000000001,1.17012,1.17061,1537.0
2025-08-18 09:00:00,1.17058,1.1708,1.1693500000000001,1.16965,2638.0
2025-08-18 10:00:00,1.16967,1.17035,1.16804,1.16815,3405.0
2025-08-18 11:00:00,1.16815,1.16875,1.1671,1.1682,3330.0
2025-08-18 12:00:00,1.16819,1.1686,1.16732,1.16805,2760.0
2025-08-18 13:00:00,1.16798,1.16831,1.16775,1.16809,2333.0
2025-08-18 14:00:00,1.1681,1.16886,1.16716,1.1675,2427.0
2025-08-18 15:00:00,1.16758,1.16791,1.16662,1.16764,3139.0
2025-08-18 16:00:00,1.16764,1.16779,1.16699,1.16778,3322.0
2025-08-18 17:00:00,1.16777,1.16846,1.16602,1.16643,4110.0
2025-08-18 18:00:00,1.16642,1.16747,1.16609,1.16672,2990.0
2025-08-18 19:00:00,1.16671,1.16675,1.1656,1.16578,2530.0
2025-08-18 20:00:00,1.16578,1.16668,1.16568,1.16628,2037.0
2025-08-18 21:00:00,1.16628,1.1668,1.16586,1.16602,1659.0
2025-08-18 22:00:00,1.16602,1.16704,1.166,1.16672,1441.0
2025-08-18 23:00:00,1.16672,1.16693,1.16601,1.16609,1372.0
2025-08-19 00:00:00,1.16601,1.16606,1.16468,1.16599,285.0
2025-08-19 01:00:00,1.16601,1.16749,1.16593,1.16696,1593.0
2025-08-19 02:00:00,1.16697,1.16697,1.16622,1.1668,1005.0
2025-08-19 03:00:00,1.1668,1.16703,1.16557,1.16584,2088.0
2025-08-19 04:00:00,1.16584,1.16624,1.1639,1.16496,3160.0
2025-08-19 05:00:00,1.16493,1.16562,1.16472,1.16527,2080.0
2025-08-19 06:00:00,1.1653,1.1659,1.16504,1.1655,2110.0
2025-08-19 07:00:00,1.1655,1.16619,1.16535,1.16608,1659.0
2025-08-19 08:00:00,1.16607,1.16659,1.16541,1.16555,2378.0
2025-08-19 09:00:00,1.16556,1.16748,1.1651,1.16745,2934.0
2025-08-19 10:00:00,1.16746,1.16844,1.16737,1.16837,3340.0
2025-08-19 11:00:00,1.16837,1.16844,1.16716,1.16749,2884.0
2025-08-19 12:00:00,1.16749,1.1682299999999999,1.16727,1.16803,2498.0
2025-08-19 13:00:00,1.16802,1.16923,1.16791,1.16888,2334.0
2025-08-19 14:00:00,1.16887,1.16929,1.168,1.16858,2225.0
2025-08-19 15:00:00,1.16858,1.16881,1.1673,1.16755,3422.0
2025-08-19 16:00:00,1.16754,1.16784,1.16681,1.16764,3798.0
2025-08-19 17:00:00,1.1676199999999999,1.16774,1.16638,1.16722,3653.0
2025-08-19 18:00:00,1.16721,1.16755,1.16575,1.16586,3261.0
2025-08-19 19:00:00,1.1659,1.16631,1.16544,1.16564,2675.0
2025-08-19 20:00:00,1.16563,1.16609,1.1653,1.16548,1948.0
2025-08-19 21:00:00,1.16547,1.16548,1.1642299999999999,1.16474,1979.0
2025-08-19 22:00:00,1.16474,1.16483,1.16427,1.16465,1522.0
2025-08-19 23:00:00,1.16464,1.1648,1.16446,1.16465,1085.0
2025-08-20 00:00:00,1.16443,1.16483,1.16375,1.16441,844.0
2025-08-20 01:00:00,1.16436,1.16491,1.16433,1.16485,1266.0
2025-08-20 02:00:00,1.16485,1.16486,1.1641,1.16415,919.0
2025-08-20 03:00:00,1.16415,1.16426,1.16314,1.16388,2274.0
2025-08-20 04:00:00,1.16388,1.1642299999999999,1.16271,1.16276,2700.0
2025-08-20 05:00:00,1.16276,1.16296,1.16222,1.16266,2956.0
2025-08-20 06:00:00,1.16266,1.16365,1.16265,1.1633,2095.0
2025-08-20 07:00:00,1.1633,1.16382,1.16324,1.16344,1485.0
2025-08-20 08:00:00,1.16345,1.16402,1.16322,1.16393,1632.0
2025-08-20 09:00:00,1.16393,1.16422,1.16232,1.16336,3668.0
2025-08-20 10:00:00,1.1633499999999999,1.16467,1.16334,1.1645,3538.0
2025-08-20 11:00:00,1.16449,1.16466,1.16317,1.16379,3034.0
2025-08-20 12:00:00,1.16379,1.16462,1.16349,1.1645,2353.0
2025-08-20 13:00:00,1.1645,1.16575,1.16436,1.16469,2659.0
2025-08-20 14:00:00,1.1647,1.16501,1.16402,1.1642000000000001,2249.0
2025-08-20 15:00:00,1.1642299999999999,1.16737,1.1642299999999999,1.1671,4151.0
2025-08-20 16:00:00,1.1671,1.16719,1.16559,1.16589,4124.0
2025-08-20 17:00:00,1.16589,1.1669,1.1648399999999999,1.16631,4889.0
2025-08-20 18:00:00,1.16631,1.16632,1.16463,1.16482,3349.0
2025-08-20 19:00:00,1.16482,1.16619,1.16479,1.16598,2384.0
2025-08-20 20:00:00,1.16598,1.1672500000000001,1.16592,1.16717,2214.0
2025-08-20 21:00:00,1.16715,1.16715,1.16548,1.16549,2555.0
2025-08-20 22:00:00,1.16549,1.16586,1.16524,1.16529,1570.0
2025-08-20 23:00:00,1.1653,1.16531,1.16469,1.16502,1330.0
2025-08-21 00:00:00,1.16499,1.16521,1.16463,1.16487,648.0
2025-08-21 01:00:00,1.16485,1.1655,1.16459,1.16527,1136.0
2025-08-21 02:00:00,1.16527,1.16537,1.16483,1.1651,941.0
2025-08-21 03:00:00,1.16509,1.16517,1.16411,1.16469,2620.0
2025-08-21 04:00:00,1.1647,1.16507,1.16413,1.1646,2693.0
2025-08-21 05:00:00,1.16459,1.16498,1.16435,1.16467,2357.0
2025-08-21 06:00:00,1.16467,1.16489,1.16417,1.16462,1650.0
2025-08-21 07:00:00,1.16462,1.1648399999999999,1.16429,1.16454,1333.0
2025-08-21 08:00:00,1.16456,1.16496,1.16418,1.16494,1765.0
2025-08-21 09:00:00,1.16495,1.16498,1.16258,1.163,2951.0
2025-08-21 10:00:00,1.1630099999999999,1.16612,1.1625,1.16588,3838.0
2025-08-21 11:00:00,1.16581,1.16596,1.16501,1.1655,2946.0
2025-08-21 12:00:00,1.1655,1.1663000000000001,1.16536,1.16548,2678.0
2025-08-21 13:00:00,1.16547,1.16567,1.16482,1.16494,2510.0
2025-08-21 14:00:00,1.16494,1.16574,1.16395,1.16406,3132.0
2025-08-21 15:00:00,1.16407,1.16564,1.16367,1.16465,4150.0
2025-08-21 16:00:00,1.16465,1.165,1.16155,1.16212,5158.0
2025-08-21 17:00:00,1.16212,1.16296,1.1606,1.16158,5224.0
2025-08-21 18:00:00,1.16157,1.1626,1.16011,1.16044,5074.0
2025-08-21 19:00:00,1.16044,1.16119,1.16015,1.16113,2609.0
2025-08-21 20:00:00,1.16112,1.16187,1.16112,1.16151,2126.0
2025-08-21 21:00:00,1.16151,1.1617,1.16069,1.16098,1915.0
2025-08-21 22:00:00,1.16098,1.16102,1.16038,1.16051,1414.0
2025-08-21 23:00:00,1.16051,1.16084,1.16035,1.16059,1100.0
2025-08-22 00:00:00,1.16051,1.16088,1.15916,1.16037,1171.0
2025-08-22 01:00:00,1.16037,1.16136,1.16035,1.16133,983.0
2025-08-22 02:00:00,1.16133,1.16148,1.16093,1.16125,833.0
2025-08-22 03:00:00,1.16125,1.16167,1.16105,1.16149,1787.0
2025-08-22 04:00:00,1.16149,1.16158,1.1604,1.1608100000000001,2108.0
2025-08-22 05:00:00,1.1608,1.16143,1.16049,1.16087,1803.0
2025-08-22 06:00:00,1.16087,1.1609,1.15888,1.1589800000000001,2058.0
2025-08-22 07:00:00,1.1589800000000001,1.15942,1.15831,1.15846,1683.0
2025-08-22 08:00:00,1.15846,1.15891,1.15835,1.15871,1591.0
2025-08-22 09:00:00,1.15866,1.15953,1.15833,1.15887,2798.0
2025-08-22 10:00:00,1.15888,1.1599,1.15885,1.15945,2528.0
2025-08-22 11:00:00,1.15945,1.1599599999999999,1.1591,1.15995,2293.0
2025-08-22 12:00:00,1.15995,1.16025,1.15953,1.15965,2261.0
2025-08-22 13:00:00,1.15964,1.16001,1.15934,1.1596,1940.0
2025-08-22 14:00:00,1.15961,1.16064,1.15949,1.16045,2724.0
2025-08-22 15:00:00,1.16046,1.16138,1.16046,1.16088,2875.0
2025-08-22 16:00:00,1.16088,1.16192,1.15976,1.15998,3455.0
2025-08-22 17:00:00,1.16001,1.17201,1.16001,1.17183,11677.0
2025-08-22 18:00:00,1.17183,1.17323,1.17123,1.17123,6186.0
2025-08-22 19:00:00,1.17123,1.17265,1.1712,1.1722,3977.0
2025-08-22 20:00:00,1.17221,1.17426,1.17221,1.1736900000000001,3561.0
2025-08-25 00:00:00,1.17185,1.17257,1.17165,1.17216,367.0
2025-08-25 01:00:00,1.17216,1.17235,1.17107,1.17127,2182.0
2025-08-25 02:00:00,1.17127,1.17146,1.17074,1.17082,1569.0
2025-08-25 03:00:00,1.17082,1.17082,1.16954,1.1697899999999999,2051.0
2025-08-25 04:00:00,1.1697899999999999,1.17038,1.16934,1.16961,2179.0
2025-08-25 05:00:00,1.16961,1.17002,1.16938,1.1696900000000001,1496.0
2025-08-25 06:00:00,1.1696900000000001,1.17077,1.1696900000000001,1.17068,1300.0
2025-08-25 07:00:00,1.17068,1.17079,1.17035,1.1706,1235.0
2025-08-25 08:00:00,1.1706,1.1706,1.16983,1.17007,1231.0
2025-08-25 09:00:00,1.17007,1.17205,1.17007,1.17146,2752.0
2025-08-25 10:00:00,1.17146,1.1718,1.16943,1.16977,2718.0
2025-08-25 11:00:00,1.16977,1.17108,1.1697,1.17042,2335.0
2025-08-25 12:00:00,1.17042,1.17047,1.16899,1.16934,2015.0
2025-08-25 13:00:00,1.16934,1.16974,1.16852,1.16878,2077.0
2025-08-25 14:00:00,1.16878,1.17032,1.16876,1.17028,2207.0
2025-08-25 15:00:00,1.17029,1.17036,1.16938,1.16999,2302.0
2025-08-25 16:00:00,1.16998,1.1709100000000001,1.16948,1.17031,2878.0
2025-08-25 17:00:00,1.17031,1.17057,1.1689,1.16901,3618.0
2025-08-25 18:00:00,1.16902,1.16916,1.16655,1.16693,3957.0
2025-08-25 19:00:00,1.16693,1.16695,1.16513,1.1655,2947.0
2025-08-25 20:00:00,1.1655,1.1656,1.16408,1.16469,2647.0
2025-08-25 21:00:00,1.16469,1.16485,1.1619,1.16206,2723.0
2025-08-25 22:00:00,1.16206,1.16214,1.16028,1.16096,2629.0
2025-08-25 23:00:00,1.16095,1.16252,1.16094,1.16193,1469.0
2025-08-26 00:00:00,1.16155,1.16194,1.16122,1.16192,765.0
2025-08-26 01:00:00,1.16192,1.16227,1.16173,1.16206,1303.0
2025-08-26 02:00:00,1.16206,1.16215,1.16125,1.16144,873.0
2025-08-26 03:00:00,1.16145,1.16601,1.161,1.16479,6521.0
2025-08-26 04:00:00,1.16478,1.16502,1.16349,1.16419,3413.0
2025-08-26 05:00:00,1.16419,1.16475,1.1632500000000001,1.16367,2569.0
2025-08-26 06:00:00,1.16367,1.16368,1.1623999999999999,1.16258,1955.0
2025-08-26 07:00:00,1.16257,1.16324,1.16238,1.16321,1784.0
2025-08-26 08:00:00,1.1632,1.1644700000000001,1.16296,1.16412,2157.0
2025-08-26 09:00:00,1.16408,1.16411,1.16136,1.16222,4135.0
2025-08-26 10:00:00,1.16221,1.16287,1.16022,1.16218,4783.0
2025-08-26 11:00:00,1.16218,1.16251,1.16059,1.1618,3674.0
2025-08-26 12:00:00,1.1617899999999999,1.16437,1.16175,1.16427,3214.0
2025-08-26 13:00:00,1.16427,1.16475,1.16371,1.16449,2528.0
2025-08-26 14:00:00,1.16449,1.16606,1.16414,1.16539,2952.0
2025-08-26 15:00:00,1.16539,1.16599,1.16449,1.16464,3781.0
2025-08-26 16:00:00,1.16462,1.16566,1.16374,1.16517,4466.0
2025-08-26 17:00:00,1.16515,1.16654,1.16435,1.16548,4647.0
2025-08-26 18:00:00,1.16548,1.16638,1.16487,1.16558,3541.0
2025-08-26 19:00:00,1.16562,1.16616,1.16486,1.16489,2514.0
2025-08-26 20:00:00,1.16488,1.16528,1.16376,1.16379,1942.0
2025-08-26 21:00:00,1.16378,1.16476,1.16337,1.16436,1932.0
2025-08-26 22:00:00,1.16437,1.16488,1.16397,1.16408,1691.0
2025-08-26 23:00:00,1.16408,1.1643,1.1633499999999999,1.16404,1125.0
2025-08-27 00:00:00,1.16416,1.16465,1.16351,1.1644,1151.0
2025-08-27 01:00:00,1.1644,1.16477,1.16411,1.16432,1051.0
2025-08-27 02:00:00,1.16432,1.1644,1.16369,1.16372,639.0
2025-08-27 03:00:00,1.16371,1.16419,1.16337,1.16369,1780.0
2025-08-27 04:00:00,1.16369,1.16409,1.16306,1.16338,2146.0
2025-08-27 05:00:00,1.16338,1.16342,1.16248,1.16314,1618.0
2025-08-27 06:00:00,1.16314,1.1633,1.16217,1.16252,1359.0
2025-08-27 07:00:00,1.16252,1.16256,1.16122,1.1614200000000001,1429.0
2025-08-27 08:00:00,1.16143,1.16204,1.16136,1.1620300000000001,1545.0
2025-08-27 09:00:00,1.16201,1.16239,1.16145,1.16209,2477.0
2025-08-27 10:00:00,1.1621,1.1622,1.15962,1.16034,3162.0
2025-08-27 11:00:00,1.16034,1.16037,1.1577,1.15889,3518.0
2025-08-27 12:00:00,1.15889,1.1595,1.15865,1.15901,2643.0
2025-08-27 13:00:00,1.15902,1.15927,1.15787,1.15796,2213.0
2025-08-27 14:00:00,1.15796,1.15899,1.1574,1.15862,2581.0
2025-08-27 15:00:00,1.15861,1.15983,1.15846,1.15865,3687.0
2025-08-27 16:00:00,1.15865,1.16038,1.15845,1.1598,3945.0
2025-08-27 17:00:00,1.15977,1.16029,1.15822,1.15924,4299.0
2025-08-27 18:00:00,1.15924,1.16123,1.15922,1.16106,3741.0
2025-08-27 19:00:00,1.16107,1.16408,1.16104,1.16383,3019.0
2025-08-27 20:00:00,1.16383,1.16429,1.16326,1.16377,2423.0
2025-08-27 21:00:00,1.16377,1.16382,1.1628,1.16306,1890.0
2025-08-27 22:00:00,1.16307,1.16352,1.16291,1.16338,1564.0
2025-08-27 23:00:00,1.16337,1.16381,1.16315,1.16371,1361.0
2025-08-28 00:00:00,1.16351,1.16381,1.16138,1.16353,472.0
2025-08-28 01:00:00,1.16353,1.16442,1.16353,1.16436,1691.0
2025-08-28 02:00:00,1.16437,1.16477,1.16422,1.16476,944.0
2025-08-28 03:00:00,1.16476,1.16493,1.16425,1.16456,1875.0
2025-08-28 04:00:00,1.16456,1.16505,1.16414,1.16454,2268.0
2025-08-28 05:00:00,1.16455,1.16548,1.16448,1.16525,1957.0
2025-08-28 06:00:00,1.16527,1.16545,1.1642299999999999,1.16431,1492.0
2025-08-28 07:00:00,1.16431,1.16441,1.16387,1.16399,1355.0
2025-08-28 08:00:00,1.16399,1.16409,1.1635900000000001,1.16375,1629.0
2025-08-28 09:00:00,1.16375,1.16452,1.16339,1.16429,2500.0
2025-08-28 10:00:00,1.16428,1.16497,1.16341,1.16438,3195.0
2025-08-28 11:00:00,1.16438,1.1645699999999999,1.1629,1.16426,2990.0
2025-08-28 12:00:00,1.16427,1.16547,1.16426,1.16488,2598.0
2025-08-28 13:00:00,1.16487,1.16748,1.16482,1.16714,2774.0
2025-08-28 14:00:00,1.16711,1.16737,1.16594,1.16666,2680.0
2025-08-28 15:00:00,1.16668,1.1687,1.16623,1.16695,5459.0
2025-08-28 16:00:00,1.16696,1.16774,1.16585,1.16721,4860.0
2025-08-28 17:00:00,1.16722,1.1686,1.1666,1.16703,4785.0
2025-08-28 18:00:00,1.16705,1.16754,1.16612,1.1672,3524.0
2025-08-28 19:00:00,1.16721,1.16902,1.16719,1.16893,2172.0
2025-08-28 20:00:00,1.16893,1.16974,1.16869,1.1688,2273.0
2025-08-28 21:00:00,1.1688,1.16902,1.16848,1.16891,1529.0
2025-08-28 22:00:00,1.16891,1.16903,1.16822,1.16826,1306.0
2025-08-28 23:00:00,1.16826,1.16834,1.16774,1.16821,1054.0
2025-08-29 00:00:00,1.16826,1.16826,1.16751,1.16772,758.0
2025-08-29 01:00:00,1.16773,1.16807,1.16737,1.16741,1982.0
2025-08-29 02:00:00,1.16742,1.16821,1.16738,1.16785,879.0
2025-08-29 03:00:00,1.1678600000000001,1.16821,1.16728,1.16749,1846.0
2025-08-29 04:00:00,1.16749,1.16766,1.16563,1.1659,2570.0
2025-08-29 05:00:00,1.1659,1.16652,1.1659,1.1662,1827.0
2025-08-29 06:00:00,1.16621,1.16648,1.16601,1.16626,1219.0
2025-08-29 07:00:00,1.16626,1.16648,1.16585,1.16647,1335.0
2025-08-29 08:00:00,1.16647,1.16703,1.16615,1.1670099999999999,1608.0
2025-08-29 09:00:00,1.167,1.16707,1.16612,1.1667,2617.0
2025-08-29 10:00:00,1.16665,1.16772,1.16628,1.1676199999999999,3244.0
2025-08-29 11:00:00,1.16761,1.16901,1.16694,1.16757,3454.0
2025-08-29 12:00:00,1.16757,1.16827,1.16688,1.16729,2787.0
2025-08-29 13:00:00,1.16729,1.16746,1.1665,1.16679,2345.0
2025-08-29 14:00:00,1.16678,1.16683,1.1661,1.16629,2076.0
2025-08-29 15:00:00,1.16628,1.16642,1.1651,1.16586,4381.0
2025-08-29 16:00:00,1.16588,1.16733,1.16537,1.16687,4188.0
2025-08-29 17:00:00,1.1670099999999999,1.17053,1.16681,1.17043,5907.0
2025-08-29 18:00:00,1.17043,1.17089,1.1694499999999999,1.1694499999999999,4015.0
2025-08-29 19:00:00,1.1694499999999999,1.17073,1.16937,1.17017,2717.0
2025-08-29 20:00:00,1.17017,1.17032,1.16961,1.16964,1638.0
2025-09-01 00:00:00,1.16943,1.1694499999999999,1.16853,1.1687400000000001,502.0
2025-09-01 01:00:00,1.1687400000000001,1.1690800000000001,1.16858,1.16887,1313.0
2025-09-01 02:00:00,1.16888,1.16906,1.16868,1.16903,1059.0
2025-09-01 03:00:00,1.16903,1.16981,1.16898,1.16973,1522.0
2025-09-01 04:00:00,1.16973,1.16975,1.1688,1.1695,1931.0
2025-09-01 05:00:00,1.1695,1.17138,1.16948,1.17119,2470.0
2025-09-01 06:00:00,1.17118,1.17145,1.17046,1.17082,1522.0
2025-09-01 07:00:00,1.17081,1.17102,1.17047,1.17083,1349.0
2025-09-01 08:00:00,1.17083,1.17155,1.17082,1.17144,1673.0
2025-09-01 09:00:00,1.17141,1.17336,1.17133,1.17254,3205.0
2025-09-01 10:00:00,1.17253,1.17279,1.17151,1.17254,3096.0
2025-09-01 11:00:00,1.17248,1.17363,1.1716,1.17353,2925.0
2025-09-01 12:00:00,1.17353,1.17361,1.17187,1.17195,2834.0
2025-09-01 13:00:00,1.17195,1.17264,1.17181,1.17195,2127.0
2025-09-01 14:00:00,1.17195,1.17293,1.17129,1.17146,2685.0
2025-09-01 15:00:00,1.17146,1.17181,1.17066,1.17076,2603.0
2025-09-01 16:00:00,1.17077,1.17164,1.17051,1.17079,2733.0
2025-09-01 17:00:00,1.17079,1.17144,1.17056,1.17109,2802.0
2025-09-01 18:00:00,1.17106,1.17114,1.16995,1.16998,2137.0
2025-09-01 19:00:00,1.16998,1.17049,1.16966,1.17049,1324.0
2025-09-01 20:00:00,1.17049,1.17054,1.17012,1.17044,557.0
2025-09-01 21:00:00,1.17044,1.17076,1.17039,1.17075,618.0
2025-09-01 22:00:00,1.17076,1.17137,1.17076,1.17129,779.0
2025-09-01 23:00:00,1.17122,1.17136,1.17104,1.17109,654.0
2025-09-02 00:00:00,1.17106,1.17106,1.16983,1.17064,658.0
2025-09-02 01:00:00,1.17065,1.17133,1.1705,1.1711,946.0
2025-09-02 02:00:00,1.17111,1.17185,1.17109,1.17148,743.0
2025-09-02 03:00:00,1.17148,1.17156,1.17031,1.17044,2088.0
2025-09-02 04:00:00,1.17043,1.17071,1.16993,1.17038,2765.0
2025-09-02 05:00:00,1.17038,1.17043,1.16921,1.16984,2079.0
2025-09-02 06:00:00,1.16984,1.16995,1.1693,1.16953,1587.0
2025-09-02 07:00:00,1.16951,1.1696,1.169,1.1693500000000001,1344.0
2025-09-02 08:00:00,1.1693500000000001,1.16972,1.16871,1.16943,1610.0
2025-09-02 09:00:00,1.16944,1.17065,1.16944,1.17031,2631.0
2025-09-02 10:00:00,1.17031,1.17066,1.16428,1.16458,6362.0
2025-09-02 11:00:00,1.16465,1.16559,1.16337,1.16452,5656.0
2025-09-02 12:00:00,1.16452,1.1648399999999999,1.16239,1.16377,4649.0
2025-09-02 13:00:00,1.16377,1.16421,1.16268,1.16318,3853.0
2025-09-02 14:00:00,1.16318,1.16495,1.1628,1.16467,4140.0
2025-09-02 15:00:00,1.16468,1.1653,1.16129,1.16173,5547.0
2025-09-02 16:00:00,1.16174,1.16513,1.1615,1.165,5665.0
2025-09-02 17:00:00,1.16499,1.16826,1.16499,1.16624,6915.0
2025-09-02 18:00:00,1.16624,1.16686,1.16496,1.16526,4359.0
2025-09-02 19:00:00,1.16527,1.16548,1.1643,1.16442,2663.0
2025-09-02 20:00:00,1.16442,1.1648399999999999,1.16415,1.16424,1900.0
2025-09-02 21:00:00,1.1642299999999999,1.16435,1.16297,1.16334,2206.0
2025-09-02 22:00:00,1.16337,1.16413,1.16321,1.16413,1549.0
2025-09-02 23:00:00,1.16417,1.16431,1.16388,1.16411,1203.0
2025-09-03 00:00:00,1.16358,1.16419,1.16236,1.16406,546.0
2025-09-03 01:00:00,1.16404,1.16441,1.16366,1.1637,797.0
2025-09-03 02:00:00,1.16372,1.16379,1.16328,1.16328,793.0
2025-09-03 03:00:00,1.16329,1.1636199999999999,1.16289,1.16331,1874.0
2025-09-03 04:00:00,1.1633,1.16353,1.1626400000000001,1.16305,2504.0
2025-09-03 05:00:00,1.16305,1.16356,1.16249,1.1627399999999999,1771.0
2025-09-03 06:00:00,1.1627399999999999,1.16304,1.16229,1.16235,1447.0
2025-09-03 07:00:00,1.16235,1.16319,1.1622,1.16319,1578.0
2025-09-03 08:00:00,1.16319,1.16347,1.16261,1.163,1571.0
2025-09-03 09:00:00,1.163,1.1643,1.16284,1.16334,2536.0
2025-09-03 10:00:00,1.1633,1.16361,1.1608,1.16358,4479.0
2025-09-03 11:00:00,1.16358,1.16576,1.16355,1.16565,4044.0
2025-09-03 12:00:00,1.16565,1.16646,1.1652,1.16564,3270.0
2025-09-03 13:00:00,1.16563,1.16577,1.16397,1.16435,2783.0
2025-09-03 14:00:00,1.16435,1.16547,1.16398,1.16517,2705.0
2025-09-03 15:00:00,1.16514,1.1659,1.16446,1.16483,3687.0
2025-09-03 16:00:00,1.16483,1.16541,1.16384,1.16478,4661.0
2025-09-03 17:00:00,1.16478,1.16803,1.16467,1.16637,6337.0
2025-09-03 18:00:00,1.16637,1.16822,1.16631,1.1675,4056.0
2025-09-03 19:00:00,1.1675,1.16776,1.1666400000000001,1.16753,2474.0
2025-09-03 20:00:00,1.16753,1.16771,1.16589,1.16611,2107.0
2025-09-03 21:00:00,1.16611,1.16679,1.16581,1.16619,2167.0
2025-09-03 22:00:00,1.16619,1.16629,1.16559,1.16583,1480.0
2025-09-03 23:00:00,1.16582,1.16647,1.16556,1.16606,1052.0
2025-09-04 00:00:00,1.1656900000000001,1.16623,1.1648100000000001,1.166,1148.0
2025-09-04 01:00:00,1.166,1.16633,1.16598,1.16605,947.0
2025-09-04 02:00:00,1.16605,1.16624,1.16568,1.16612,621.0
2025-09-04 03:00:00,1.1661299999999999,1.16624,1.16547,1.16589,2311.0
2025-09-04 04:00:00,1.16589,1.16694,1.16524,1.16584,2746.0
2025-09-04 05:00:00,1.16582,1.16589,1.1651,1.16529,2116.0
2025-09-04 06:00:00,1.16529,1.1656,1.16505,1.16531,1574.0
2025-09-04 07:00:00,1.16531,1.16551,1.16504,1.16516,1082.0
2025-09-04 08:00:00,1.16516,1.16554,1.16482,1.16553,1603.0
2025-09-04 09:00:00,1.16554,1.1661299999999999,1.165,1.1651799999999999,2720.0
2025-09-04 10:00:00,1.16517,1.16586,1.16442,1.16506,3067.0
2025-09-04 11:00:00,1.16501,1.16593,1.16482,1.16578,3007.0
2025-09-04 12:00:00,1.16578,1.16599,1.16397,1.16433,2971.0
2025-09-04 13:00:00,1.16433,1.16597,1.1643,1.16528,2737.0
2025-09-04 14:00:00,1.16526,1.16528,1.16393,1.1643,2629.0
2025-09-04 15:00:00,1.1643,1.16576,1.163,1.1646,5182.0
2025-09-04 16:00:00,1.1646,1.16557,1.16376,1.16494,4811.0
2025-09-04 17:00:00,1.16389,1.16517,1.16317,1.16347,5704.0
2025-09-04 18:00:00,1.16349,1.16499,1.16314,1.16477,3165.0
2025-09-04 19:00:00,1.16478,1.16483,1.16338,1.1639599999999999,2154.0
2025-09-04 20:00:00,1.1639599999999999,1.16401,1.16344,1.16376,1536.0
2025-09-04 21:00:00,1.16376,1.16478,1.16366,1.16439,1616.0
2025-09-04 22:00:00,1.16439,1.1652,1.16437,1.16509,1329.0
2025-09-04 23:00:00,1.1651,1.16525,1.16485,1.1650800000000001,772.0
2025-09-05 00:00:00,1.16488,1.16494,1.1633,1.16489,565.0
2025-09-05 01:00:00,1.16489,1.16536,1.16478,1.16489,932.0
2025-09-05 02:00:00,1.16489,1.16578,1.16486,1.16568,915.0
2025-09-05 03:00:00,1.16568,1.16607,1.16524,1.16595,2116.0
2025-09-05 04:00:00,1.16596,1.16721,1.16594,1.16706,2117.0
2025-09-05 05:00:00,1.16706,1.16747,1.16683,1.16686,1746.0
2025-09-05 06:00:00,1.16682,1.16733,1.16659,1.16714,1292.0
2025-09-05 07:00:00,1.16714,1.16718,1.16648,1.16669,1004.0
2025-09-05 08:00:00,1.16669,1.16778,1.16665,1.16769,1373.0
2025-09-05 09:00:00,1.1677,1.16775,1.16651,1.16692,3009.0
2025-09-05 10:00:00,1.16692,1.16789,1.1666400000000001,1.16777,3056.0
2025-09-05 11:00:00,1.1677,1.16844,1.1675200000000001,1.16834,2484.0
2025-09-05 12:00:00,1.16835,1.16923,1.1681300000000001,1.16881,2342.0
2025-09-05 13:00:00,1.16881,1.16966,1.16868,1.16914,2108.0
2025-09-05 14:00:00,1.16914,1.16917,1.16777,1.16873,2710.0
2025-09-05 15:00:00,1.16873,1.17497,1.16862,1.17343,8614.0
2025-09-05 16:00:00,1.17342,1.17503,1.1714,1.1749,8133.0
2025-09-05 17:00:00,1.17494,1.17594,1.1723,1.17367,7106.0
2025-09-05 18:00:00,1.17367,1.17592,1.17349,1.17585,4804.0
2025-09-05 19:00:00,1.17582,1.17596,1.17366,1.17389,3237.0
2025-09-05 20:00:00,1.1739,1.17394,1.17248,1.1726,3014.0
2025-09-08 00:00:00,1.17113,1.1717,1.17085,1.17154,300.0
2025-09-08 01:00:00,1.17153,1.17184,1.17036,1.1706,2857.0
2025-09-08 02:00:00,1.17063,1.1716,1.17058,1.17124,1839.0
2025-09-08 03:00:00,1.1712500000000001,1.17133,1.1705,1.1713,2705.0
2025-09-08 04:00:00,1.17131,1.17174,1.17075,1.17129,2978.0
2025-09-08 05:00:00,1.1713,1.17165,1.17106,1.1715,2548.0
2025-09-08 06:00:00,1.1715,1.17159,1.17081,1.17095,1902.0
2025-09-08 07:00:00,1.17095,1.17143,1.1706,1.17131,1479.0
2025-09-08 08:00:00,1.17132,1.17209,1.17122,1.1715200000000001,1763.0
2025-09-08 09:00:00,1.17154,1.17278,1.17119,1.17268,3412.0
2025-09-08 10:00:00,1.17269,1.1734,1.17204,1.17329,3442.0
2025-09-08 11:00:00,1.17327,1.17429,1.17259,1.17314,3324.0
2025-09-08 12:00:00,1.17315,1.17316,1.17209,1.17237,2609.0
2025-09-08 13:00:00,1.17238,1.17288,1.17202,1.17259,2376.0
2025-09-08 14:00:00,1.17257,1.17319,1.17246,1.17291,2449.0
2025-09-08 15:00:00,1.17288,1.17415,1.17228,1.17377,3581.0
2025-09-08 16:00:00,1.17378,1.17564,1.17364,1.17511,4045.0
2025-09-08 17:00:00,1.17512,1.17545,1.17399,1.17455,4203.0
2025-09-08 18:00:00,1.17455,1.17523,1.17432,1.17503,3085.0
2025-09-08 19:00:00,1.17503,1.1751800000000001,1.1735,1.17408,2078.0
2025-09-08 20:00:00,1.17408,1.17471,1.1735,1.17398,1952.0
2025-09-08 21:00:00,1.17398,1.17627,1.1739600000000001,1.17611,2022.0
2025-09-08 22:00:00,1.17612,1.17656,1.17595,1.17627,1705.0
2025-09-08 23:00:00,1.17625,1.17638,1.17594,1.17627,1250.0
2025-09-09 00:00:00,1.17628,1.17628,1.1753,1.17601,698.0
2025-09-09 01:00:00,1.17599,1.1764999999999999,1.17599,1.1762,1335.0
2025-09-09 02:00:00,1.17622,1.17729,1.17622,1.17686,1202.0
2025-09-09 03:00:00,1.17687,1.1774499999999999,1.17656,1.17715,2053.0
2025-09-09 04:00:00,1.17715,1.1778,1.1766,1.17752,2333.0
2025-09-09 05:00:00,1.17752,1.1777,1.17677,1.17689,2135.0
2025-09-09 06:00:00,1.17689,1.1770100000000001,1.17633,1.1764000000000001,1464.0
2025-09-09 07:00:00,1.1764000000000001,1.17759,1.17637,1.17729,1370.0
2025-09-09 08:00:00,1.17728,1.17801,1.17712,1.17788,2012.0
2025-09-09 09:00:00,1.17791,1.17799,1.17563,1.17648,3365.0
2025-09-09 10:00:00,1.17648,1.17685,1.17478,1.17526,3707.0
2025-09-09 11:00:00,1.17526,1.17622,1.17443,1.17595,4652.0
2025-09-09 12:00:00,1.17595,1.17723,1.17594,1.17676,3384.0
2025-09-09 13:00:00,1.17676,1.17714,1.17526,1.17541,2771.0
2025-09-09 14:00:00,1.17541,1.17546,1.17412,1.17421,2664.0
2025-09-09 15:00:00,1.17421,1.17452,1.17276,1.17373,3570.0
2025-09-09 16:00:00,1.17374,1.1749,1.1734,1.17422,4338.0
2025-09-09 17:00:00,1.17428,1.17627,1.17228,1.17307,7741.0
2025-09-09 18:00:00,1.17307,1.17317,1.17157,1.17221,4162.0
2025-09-09 19:00:00,1.17222,1.17298,1.17187,1.17188,2511.0
2025-09-09 20:00:00,1.1718899999999999,1.17236,1.17084,1.17092,2618.0
2025-09-09 21:00:00,1.17093,1.17147,1.17042,1.17065,2253.0
2025-09-09 22:00:00,1.17065,1.1709100000000001,1.17037,1.1706699999999999,1393.0
2025-09-09 23:00:00,1.1706699999999999,1.17112,1.17045,1.17097,1052.0
2025-09-10 00:00:00,1.17071,1.17109,1.16996,1.17109,967.0
2025-09-10 01:00:00,1.1711,1.17139,1.17072,1.1712,862.0
2025-09-10 02:00:00,1.17118,1.1712,1.16975,1.17026,1092.0
2025-09-10 03:00:00,1.17025,1.17026,1.1696,1.16971,2056.0
2025-09-10 04:00:00,1.1697,1.17029,1.16895,1.16994,2971.0
2025-09-10 05:00:00,1.16995,1.17085,1.16994,1.17075,2102.0
2025-09-10 06:00:00,1.17075,1.17102,1.17069,1.17081,1471.0
2025-09-10 07:00:00,1.17082,1.17156,1.17074,1.1715,1463.0
2025-09-10 08:00:00,1.17149,1.17161,1.1705,1.17084,1826.0
2025-09-10 09:00:00,1.17085,1.17184,1.16915,1.16976,3559.0
2025-09-10 10:00:00,1.16976,1.17079,1.16824,1.17028,4091.0
2025-09-10 11:00:00,1.17029,1.17037,1.16909,1.17,3215.0
2025-09-10 12:00:00,1.17,1.17171,1.16985,1.17133,2906.0
2025-09-10 13:00:00,1.17133,1.17147,1.16963,1.17004,2561.0
2025-09-10 14:00:00,1.17004,1.17068,1.16953,1.17046,2671.0
2025-09-10 15:00:00,1.17047,1.17275,1.16912,1.17003,6453.0
2025-09-10 16:00:00,1.17004,1.17246,1.16958,1.17201,5724.0
2025-09-10 17:00:00,1.17201,1.17306,1.1715,1.17278,4871.0
2025-09-10 18:00:00,1.17277,1.17301,1.1713,1.17145,3139.0
2025-09-10 19:00:00,1.17146,1.1716,1.17026,1.17057,2108.0
2025-09-10 20:00:00,1.17057,1.17112,1.17018,1.1706,1872.0
2025-09-10 21:00:00,1.17059,1.17121,1.17025,1.17046,1990.0
2025-09-10 22:00:00,1.17046,1.17046,1.16933,1.17003,1518.0
2025-09-10 23:00:00,1.17002,1.17014,1.1693500000000001,1.16946,1127.0
2025-09-11 00:00:00,1.16941,1.1699,1.1682299999999999,1.16976,982.0
2025-09-11 01:00:00,1.16975,1.17036,1.16967,1.17034,1109.0
2025-09-11 02:00:00,1.17034,1.17069,1.17014,1.17026,668.0
2025-09-11 03:00:00,1.17027,1.17027,1.16937,1.1694,1583.0
2025-09-11 04:00:00,1.1694,1.17029,1.16931,1.16973,1765.0
2025-09-11 05:00:00,1.16973,1.16987,1.1693500000000001,1.16964,1264.0
2025-09-11 06:00:00,1.16964,1.17002,1.16948,1.1696,1145.0
2025-09-11 07:00:00,1.1696,1.16995,1.1694,1.16995,931.0
2025-09-11 08:00:00,1.16995,1.16995,1.1689,1.16901,1479.0
2025-09-11 09:00:00,1.16901,1.16968,1.16838,1.16906,3141.0
2025-09-11 10:00:00,1.16906,1.16963,1.16868,1.16927,3486.0
2025-09-11 11:00:00,1.16927,1.16952,1.16886,1.1692,2753.0
2025-09-11 12:00:00,1.16919,1.16931,1.16772,1.1685699999999999,2787.0
2025-09-11 13:00:00,1.1685699999999999,1.16883,1.168,1.16831,2363.0
2025-09-11 14:00:00,1.16831,1.16911,1.16782,1.16837,2896.0
2025-09-11 15:00:00,1.16837,1.17209,1.16606,1.1715,8444.0
2025-09-11 16:00:00,1.17157,1.1741,1.17139,1.17393,7960.0
2025-09-11 17:00:00,1.17392,1.17444,1.17256,1.1728,5602.0
2025-09-11 18:00:00,1.17279,1.17461,1.17261,1.17315,3769.0
2025-09-11 19:00:00,1.17315,1.174,1.17307,1.17365,2823.0
2025-09-11 20:00:00,1.17365,1.17389,1.17277,1.17318,2689.0
2025-09-11 21:00:00,1.17317,1.17384,1.17307,1.17355,1953.0
2025-09-11 22:00:00,1.17356,1.17391,1.17339,1.1736900000000001,1445.0
2025-09-11 23:00:00,1.17368,1.17394,1.17356,1.17357,1429.0
2025-09-12 00:00:00,1.17334,1.17354,1.17206,1.17338,903.0
2025-09-12 01:00:00,1.17338,1.17407,1.17334,1.17391,1184.0
2025-09-12 02:00:00,1.17392,1.17402,1.17329,1.17333,891.0
2025-09-12 03:00:00,1.17331,1.17344,1.17271,1.1733,2241.0
2025-09-12 04:00:00,1.1733,1.1734499999999999,1.17252,1.17256,1821.0
2025-09-12 05:00:00,1.17256,1.17292,1.17237,1.17268,1430.0
2025-09-12 06:00:00,1.17268,1.17272,1.17227,1.17252,1274.0
2025-09-12 07:00:00,1.17251,1.1727,1.17209,1.17256,1412.0
2025-09-12 08:00:00,1.17258,1.17334,1.17241,1.17304,1517.0
2025-09-12 09:00:00,1.17309,1.17404,1.1722,1.17395,2784.0
2025-09-12 10:00:00,1.1739600000000001,1.17478,1.1737,1.17407,3278.0
2025-09-12 11:00:00,1.1740599999999999,1.17411,1.17157,1.17175,3630.0
2025-09-12 12:00:00,1.17175,1.17253,1.1712500000000001,1.17222,2984.0
2025-09-12 13:00:00,1.17224,1.17348,1.1722,1.17339,2455.0
2025-09-12 14:00:00,1.17339,1.17356,1.17207,1.17212,2602.0
2025-09-12 15:00:00,1.1721300000000001,1.1723,1.17012,1.17124,4063.0
2025-09-12 16:00:00,1.17124,1.17165,1.17033,1.17133,3769.0
2025-09-12 17:00:00,1.1713,1.17283,1.17126,1.1724999999999999,4526.0
2025-09-12 18:00:00,1.1724999999999999,1.17276,1.17133,1.1714,2911.0
2025-09-12 19:00:00,1.1714,1.17318,1.171,1.1727,2146.0
2025-09-12 20:00:00,1.17273,1.17379,1.17269,1.17322,1838.0
2025-09-15 00:00:00,1.17256,1.17307,1.1724,1.17301,244.0
2025-09-15 01:00:00,1.17301,1.1735,1.17278,1.17285,1430.0
2025-09-15 02:00:00,1.17285,1.17312,1.17251,1.17256,1138.0
2025-09-15 03:00:00,1.17256,1.17278,1.17219,1.17268,1453.0
2025-09-15 04:00:00,1.17268,1.17295,1.17229,1.17275,1827.0
2025-09-15 05:00:00,1.17276,1.17294,1.1724700000000001,1.17277,1124.0
2025-09-15 06:00:00,1.17278,1.17344,1.17273,1.17313,1028.0
2025-09-15 07:00:00,1.17313,1.17357,1.17307,1.17341,920.0
2025-09-15 08:00:00,1.17344,1.17344,1.17278,1.17282,944.0
2025-09-15 09:00:00,1.17282,1.173,1.17161,1.1724999999999999,2537.0
2025-09-15 10:00:00,1.1724999999999999,1.17443,1.17242,1.1733500000000001,3080.0
2025-09-15 11:00:00,1.1733500000000001,1.17437,1.17299,1.17372,2703.0
2025-09-15 12:00:00,1.17372,1.1751800000000001,1.17363,1.17463,2489.0
2025-09-15 13:00:00,1.17461,1.17628,1.1746,1.1752799999999999,2651.0
2025-09-15 14:00:00,1.1753,1.17633,1.17527,1.17611,2451.0
2025-09-15 15:00:00,1.17612,1.17708,1.17612,1.17696,3316.0
2025-09-15 16:00:00,1.17696,1.17733,1.17576,1.17588,3498.0
2025-09-15 17:00:00,1.17586,1.17605,1.17509,1.1758,3504.0
2025-09-15 18:00:00,1.17578,1.17722,1.17565,1.17715,2714.0
2025-09-15 19:00:00,1.17714,1.1774499999999999,1.1756199999999999,1.17585,2226.0
2025-09-15 20:00:00,1.17584,1.1773,1.17582,1.1771,1741.0
2025-09-15 21:00:00,1.1771099999999999,1.17723,1.17663,1.17694,1718.0
2025-09-15 22:00:00,1.17694,1.17721,1.17645,1.17658,1429.0
2025-09-15 23:00:00,1.17656,1.17687,1.17599,1.17608,998.0
2025-09-16 00:00:00,1.1758899999999999,1.17654,1.17588,1.17651,765.0
2025-09-16 01:00:00,1.17651,1.1766,1.17619,1.17631,1037.0
2025-09-16 02:00:00,1.17634,1.17661,1.1763,1.17631,740.0
2025-09-16 03:00:00,1.17629,1.17661,1.17575,1.1762,1730.0
2025-09-16 04:00:00,1.17621,1.17693,1.1757900000000001,1.17676,1958.0
2025-09-16 05:00:00,1.17676,1.17775,1.17673,1.17766,2055.0
2025-09-16 06:00:00,1.17766,1.1787,1.17742,1.17802,1855.0
2025-09-16 07:00:00,1.17802,1.17804,1.1774,1.17769,1669.0
2025-09-16 08:00:00,1.17769,1.17803,1.17736,1.17782,1925.0
2025-09-16 09:00:00,1.17783,1.17911,1.17777,1.17874,3283.0
2025-09-16 10:00:00,1.17874,1.18018,1.17863,1.17944,3559.0
2025-09-16 11:00:00,1.17944,1.18038,1.17901,1.1795,3141.0
2025-09-16 12:00:00,1.1795,1.18181,1.1795,1.18142,3666.0
2025-09-16 13:00:00,1.18141,1.18155,1.18041,1.18083,2645.0
2025-09-16 14:00:00,1.18083,1.18212,1.1801300000000001,1.18142,2715.0
2025-09-16 15:00:00,1.18143,1.18154,1.17886,1.18046,4423.0
2025-09-16 16:00:00,1.18048,1.1827,1.18043,1.18241,4177.0
2025-09-16 17:00:00,1.1824,1.18532,1.18213,1.18519,5285.0
2025-09-16 18:00:00,1.18519,1.18533,1.18352,1.18472,3132.0
2025-09-16 19:00:00,1.18472,1.1871800000000001,1.18464,1.18646,2821.0
2025-09-16 20:00:00,1.18644,1.18785,1.18635,1.18661,2522.0
2025-09-16 21:00:00,1.18661,1.18711,1.18614,1.18668,1676.0
2025-09-16 22:00:00,1.18666,1.18689,1.18582,1.18605,1509.0
2025-09-16 23:00:00,1.18602,1.18685,1.18583,1.1867,1481.0
2025-09-17 00:00:00,1.18652,1.18667,1.18493,1.18609,528.0
2025-09-17 01:00:00,1.18609,1.18686,1.18606,1.18661,971.0
2025-09-17 02:00:00,1.18663,1.1873,1.1865999999999999,1.18711,704.0
2025-09-17 03:00:00,1.18711,1.1873,1.1858,1.18584,1635.0
2025-09-17 04:00:00,1.18584,1.18594,1.18522,1.18561,1711.0
2025-09-17 05:00:00,1.1856,1.18579,1.18513,1.18555,1165.0
2025-09-17 06:00:00,1.18555,1.18577,1.18516,1.18522,794.0
2025-09-17 07:00:00,1.18522,1.18554,1.18513,1.18541,841.0
2025-09-17 08:00:00,1.18542,1.18597,1.18541,1.18582,997.0
2025-09-17 09:00:00,1.18588,1.18591,1.18515,1.1856,1988.0
2025-09-17 10:00:00,1.1856,1.1856200000000001,1.18383,1.18405,2328.0
2025-09-17 11:00:00,1.18405,1.18512,1.18397,1.18483,1800.0
2025-09-17 12:00:00,1.18484,1.18499,1.18412,1.18456,1734.0
2025-09-17 13:00:00,1.18456,1.18468,1.18327,1.18363,1773.0
2025-09-17 14:00:00,1.18363,1.1846,1.1835,1.18392,2023.0
2025-09-17 15:00:00,1.18392,1.1844999999999999,1.18342,1.18435,1983.0
2025-09-17 16:00:00,1.18436,1.18529,1.18423,1.185,2520.0
2025-09-17 17:00:00,1.185,1.18592,1.1846,1.18497,2812.0
2025-09-17 18:00:00,1.18496,1.18526,1.18436,1.18447,2032.0
2025-09-17 19:00:00,1.18447,1.18564,1.18424,1.18532,1868.0
2025-09-17 20:00:00,1.18532,1.18553,1.18469,1.18493,1783.0
2025-09-17 21:00:00,1.18497,1.19189,1.18191,1.18344,13272.0
2025-09-17 22:00:00,1.18347,1.18569,1.1820599999999999,1.18244,7914.0
2025-09-17 23:00:00,1.18246,1.18274,1.1808,1.18131,2168.0
2025-09-18 00:00:00,1.18123,1.18146,1.18093,1.1813,447.0
2025-09-18 01:00:00,1.18129,1.18222,1.18123,1.18192,1529.0
2025-09-18 02:00:00,1.18193,1.18287,1.1818,1.18251,1191.0
2025-09-18 03:00:00,1.18251,1.18283,1.1815,1.18254,2470.0
2025-09-18 04:00:00,1.18254,1.18287,1.18076,1.18139,2771.0
2025-09-18 05:00:00,1.18139,1.18225,1.18128,1.18195,1332.0
2025-09-18 06:00:00,1.18195,1.18226,1.18119,1.18122,975.0
2025-09-18 07:00:00,1.18122,1.18137,1.17938,1.17951,1207.0
2025-09-18 08:00:00,1.17951,1.18003,1.17854,1.17909,1654.0
2025-09-18 09:00:00,1.17911,1.17994,1.17805,1.17944,3085.0
2025-09-18 10:00:00,1.17942,1.18388,1.17938,1.18319,3864.0
2025-09-18 11:00:00,1.1831800000000001,1.18342,1.1821,1.18278,3302.0
2025-09-18 12:00:00,1.18278,1.18482,1.18271,1.1838,3150.0
2025-09-18 13:00:00,1.1837900000000001,1.18402,1.1831,1.18369,2579.0
2025-09-18 14:00:00,1.18369,1.18374,1.18199,1.18253,3689.0
2025-09-18 15:00:00,1.18254,1.18261,1.17953,1.17956,5104.0
2025-09-18 16:00:00,1.17954,1.17963,1.1750099999999999,1.17672,6632.0
2025-09-18 17:00:00,1.17675,1.17816,1.17628,1.17755,6258.0
2025-09-18 18:00:00,1.17756,1.17877,1.17694,1.1779600000000001,4406.0
2025-09-18 19:00:00,1.1779600000000001,1.1788,1.17723,1.17872,3129.0
2025-09-18 20:00:00,1.17871,1.17937,1.1785700000000001,1.17878,2292.0
2025-09-18 21:00:00,1.17875,1.17896,1.17819,1.17878,1928.0
2025-09-18 22:00:00,1.17878,1.17912,1.17826,1.17848,1644.0
2025-09-18 23:00:00,1.1785,1.17859,1.17814,1.17859,1381.0
2025-09-19 00:00:00,1.17789,1.17876,1.17785,1.17862,714.0
2025-09-19 01:00:00,1.17862,1.17899,1.17846,1.17871,1811.0
2025-09-19 02:00:00,1.17871,1.17907,1.17866,1.1789,698.0
2025-09-19 03:00:00,1.1789100000000001,1.17906,1.17755,1.17866,2136.0
2025-09-19 04:00:00,1.17866,1.1787,1.1774499999999999,1.17755,2302.0
2025-09-19 05:00:00,1.17754,1.17809,1.17721,1.17798,1757.0
2025-09-19 06:00:00,1.17798,1.17927,1.17797,1.17816,2909.0
2025-09-19 07:00:00,1.17817,1.17898,1.17702,1.1774,2801.0
2025-09-19 08:00:00,1.1774,1.1778,1.1771,1.17731,2074.0
2025-09-19 09:00:00,1.1773,1.17774,1.17633,1.17665,4574.0
2025-09-19 10:00:00,1.17668,1.17785,1.17574,1.17702,4389.0
2025-09-19 11:00:00,1.1770100000000001,1.1771,1.17512,1.1761,3448.0
2025-09-19 12:00:00,1.1761,1.17687,1.17563,1.17599,2815.0
2025-09-19 13:00:00,1.17599,1.17652,1.17585,1.17612,2383.0
2025-09-19 14:00:00,1.17612,1.1762299999999999,1.17351,1.17368,3073.0
2025-09-19 15:00:00,1.1736900000000001,1.17434,1.17288,1.17362,3983.0
2025-09-19 16:00:00,1.17362,1.17638,1.17355,1.17583,4682.0
2025-09-19 17:00:00,1.17582,1.17679,1.17561,1.17572,4490.0
2025-09-19 18:00:00,1.17572,1.17591,1.17374,1.17524,3778.0
2025-09-19 19:00:00,1.17524,1.1755200000000001,1.17409,1.17532,2255.0
2025-09-19 20:00:00,1.17532,1.1755200000000001,1.17487,1.17508,1788.0
2025-09-22 00:00:00,1.17403,1.17455,1.173,1.17448,359.0
2025-09-22 01:00:00,1.17448,1.17479,1.17391,1.17409,1767.0
2025-09-22 02:00:00,1.17409,1.17418,1.17356,1.17365,1479.0
2025-09-22 03:00:00,1.17363,1.1738,1.17261,1.17346,2222.0
2025-09-22 04:00:00,1.17346,1.17409,1.17318,1.17325,2551.0
2025-09-22 05:00:00,1.17325,1.17337,1.17272,1.17281,1878.0
2025-09-22 06:00:00,1.17281,1.17352,1.17277,1.17326,1696.0
2025-09-22 07:00:00,1.17326,1.17326,1.17264,1.1730800000000001,1291.0
2025-09-22 08:00:00,1.1730800000000001,1.17388,1.17299,1.17386,1382.0
2025-09-22 09:00:00,1.17384,1.17484,1.1736,1.17433,2791.0
2025-09-22 10:00:00,1.17435,1.17545,1.17393,1.17485,3328.0
2025-09-22 11:00:00,1.17484,1.17692,1.17468,1.17625,3249.0
2025-09-22 12:00:00,1.17624,1.17761,1.17616,1.1776,2430.0
2025-09-22 13:00:00,1.1776,1.17859,1.17737,1.17742,2455.0
2025-09-22 14:00:00,1.17742,1.17821,1.17692,1.17782,2143.0
2025-09-22 15:00:00,1.17784,1.17873,1.17733,1.17832,3364.0
2025-09-22 16:00:00,1.17836,1.17876,1.17687,1.17768,4026.0
2025-09-22 17:00:00,1.17766,1.1777199999999999,1.17628,1.17698,3353.0
2025-09-22 18:00:00,1.17697,1.17757,1.17642,1.17724,2682.0
2025-09-22 19:00:00,1.17724,1.17903,1.17713,1.17881,2505.0
2025-09-22 20:00:00,1.17882,1.1797,1.1785700000000001,1.17966,1533.0
2025-09-22 21:00:00,1.17966,1.1799,1.17923,1.17963,1399.0
2025-09-22 22:00:00,1.17963,1.18022,1.17954,1.17999,1262.0
2025-09-22 23:00:00,1.17998,1.18026,1.1797900000000001,1.18021,1045.0
2025-09-23 00:00:00,1.18029,1.18029,1.17902,1.17978,1222.0
2025-09-23 01:00:00,1.17978,1.18037,1.17973,1.1801,1261.0
2025-09-23 02:00:00,1.18012,1.18029,1.17994,1.18006,750.0
2025-09-23 03:00:00,1.18006,1.1807400000000001,1.17969,1.18063,1602.0
2025-09-23 04:00:00,1.18062,1.18198,1.18041,1.1815,2394.0
2025-09-23 05:00:00,1.1815,1.18167,1.18014,1.18043,2045.0
2025-09-23 06:00:00,1.18043,1.18064,1.17966,1.18058,1544.0
2025-09-23 07:00:00,1.18058,1.18079,1.17975,1.17976,1360.0
2025-09-23 08:00:00,1.17971,1.18049,1.1795,1.17985,1697.0
2025-09-23 09:00:00,1.17984,1.18045,1.17899,1.17949,3106.0
2025-09-23 10:00:00,1.17948,1.18002,1.17775,1.17908,4997.0
2025-09-23 11:00:00,1.17909,1.18054,1.17842,1.18028,4255.0
2025-09-23 12:00:00,1.18029,1.18125,1.18004,1.18022,2837.0
2025-09-23 13:00:00,1.18022,1.18067,1.17909,1.17961,2614.0
2025-09-23 14:00:00,1.17962,1.17998,1.17915,1.1791800000000001,2305.0
2025-09-23 15:00:00,1.1792,1.17986,1.17843,1.17968,2806.0
2025-09-23 16:00:00,1.17968,1.18046,1.17843,1.17995,4618.0
2025-09-23 17:00:00,1.17994,1.18052,1.17925,1.17954,4609.0
2025-09-23 18:00:00,1.17954,1.17992,1.17881,1.17984,2849.0
2025-09-23 19:00:00,1.17984,1.18093,1.17917,1.1804999999999999,3324.0
2025-09-23 20:00:00,1.18049,1.18179,1.1803,1.18118,2923.0
2025-09-23 21:00:00,1.18119,1.18169,1.18083,1.18112,2182.0
2025-09-23 22:00:00,1.1811099999999999,1.1818,1.18071,1.1816200000000001,1848.0
2025-09-23 23:00:00,1.18163,1.18183,1.18117,1.18143,916.0
2025-09-24 00:00:00,1.18133,1.18146,1.18047,1.18131,716.0
2025-09-24 01:00:00,1.18131,1.18191,1.18131,1.18147,1971.0
2025-09-24 02:00:00,1.18148,1.18174,1.18127,1.18154,809.0
2025-09-24 03:00:00,1.18153,1.18165,1.18034,1.1804000000000001,2318.0
2025-09-24 04:00:00,1.18039,1.18055,1.17977,1.18002,2593.0
2025-09-24 05:00:00,1.18001,1.1804000000000001,1.17961,1.1797,1887.0
2025-09-24 06:00:00,1.17968,1.18,1.17951,1.17974,1510.0
2025-09-24 07:00:00,1.17975,1.18045,1.1795499999999999,1.18031,1437.0
2025-09-24 08:00:00,1.18029,1.18049,1.17921,1.1797900000000001,1715.0
2025-09-24 09:00:00,1.17977,1.18028,1.17862,1.17875,2580.0
2025-09-24 10:00:00,1.17874,1.17948,1.17844,1.17888,3160.0
2025-09-24 11:00:00,1.17888,1.17888,1.17664,1.17721,3202.0
2025-09-24 12:00:00,1.17721,1.17749,1.1762299999999999,1.17678,2344.0
2025-09-24 13:00:00,1.17676,1.177,1.17509,1.1752,2413.0
2025-09-24 14:00:00,1.1752,1.17556,1.17466,1.17492,2516.0
2025-09-24 15:00:00,1.17492,1.17581,1.17393,1.17427,4201.0
2025-09-24 16:00:00,1.17427,1.17438,1.17303,1.17385,4898.0
2025-09-24 17:00:00,1.17388,1.17464,1.17282,1.17431,5313.0
2025-09-24 18:00:00,1.1743000000000001,1.17458,1.17371,1.17417,4143.0
2025-09-24 19:00:00,1.17417,1.17437,1.17302,1.17327,2925.0
2025-09-24 20:00:00,1.17327,1.1740599999999999,1.17318,1.17376,1849.0
2025-09-24 21:00:00,1.17377,1.17387,1.17326,1.17368,1925.0
2025-09-24 22:00:00,1.17368,1.17392,1.17321,1.17379,1705.0
2025-09-24 23:00:00,1.1738,1.17393,1.17351,1.17376,1152.0
2025-09-25 00:00:00,1.17374,1.17398,1.17354,1.17383,440.0
2025-09-25 01:00:00,1.17383,1.17453,1.17383,1.17447,1136.0
2025-09-25 02:00:00,1.17448,1.17462,1.17421,1.17422,865.0
2025-09-25 03:00:00,1.17422,1.17483,1.1740599999999999,1.17474,2107.0
2025-09-25 04:00:00,1.17474,1.17495,1.17405,1.17444,2133.0
2025-09-25 05:00:00,1.17444,1.1751800000000001,1.17434,1.17497,1690.0
2025-09-25 06:00:00,1.17497,1.17538,1.17476,1.17523,1201.0
2025-09-25 07:00:00,1.17523,1.17534,1.17487,1.1752,1141.0
2025-09-25 08:00:00,1.1752,1.17523,1.17405,1.17423,1474.0
2025-09-25 09:00:00,1.17423,1.17524,1.17381,1.1745700000000001,2814.0
2025-09-25 10:00:00,1.17459,1.17481,1.17315,1.17333,3508.0
2025-09-25 11:00:00,1.1733500000000001,1.17445,1.17306,1.17428,2952.0
2025-09-25 12:00:00,1.1743000000000001,1.1751800000000001,1.17388,1.1745,2472.0
2025-09-25 13:00:00,1.17453,1.1754,1.17445,1.17466,2188.0
2025-09-25 14:00:00,1.17468,1.17471,1.1734499999999999,1.17402,2758.0
2025-09-25 15:00:00,1.17402,1.17456,1.16875,1.16982,6111.0
2025-09-25 16:00:00,1.16982,1.17104,1.16831,1.1686,6094.0
2025-09-25 17:00:00,1.16859,1.16947,1.16737,1.16763,5763.0
2025-09-25 18:00:00,1.16763,1.16808,1.16666,1.16723,4036.0
2025-09-25 19:00:00,1.16722,1.16834,1.16687,1.16708,2957.0
2025-09-25 20:00:00,1.16706,1.16721,1.16521,1.16576,2785.0
2025-09-25 21:00:00,1.16578,1.166,1.1645699999999999,1.16524,2848.0
2025-09-25 22:00:00,1.16524,1.1663000000000001,1.1651799999999999,1.16607,2042.0
2025-09-25 23:00:00,1.16606,1.16688,1.16593,1.16652,1351.0
2025-09-26 00:00:00,1.16652,1.16653,1.16545,1.16597,3131.0
2025-09-26 01:00:00,1.16597,1.1669,1.16597,1.16684,1159.0
2025-09-26 02:00:00,1.16684,1.16684,1.16597,1.16618,1054.0
2025-09-26 03:00:00,1.16618,1.16714,1.16581,1.16713,2126.0
2025-09-26 04:00:00,1.16714,1.16737,1.16657,1.16678,2016.0
2025-09-26 05:00:00,1.16678,1.1679599999999999,1.16676,1.1677,1528.0
2025-09-26 06:00:00,1.1677,1.16789,1.16749,1.16783,1159.0
2025-09-26 07:00:00,1.16783,1.16821,1.16743,1.168,1342.0
2025-09-26 08:00:00,1.168,1.1682,1.16764,1.16772,1446.0
2025-09-26 09:00:00,1.16772,1.1684,1.16717,1.16799,2731.0
2025-09-26 10:00:00,1.16795,1.16831,1.16684,1.16731,3058.0
2025-09-26 11:00:00,1.16731,1.16878,1.16707,1.16806,2814.0
2025-09-26 12:00:00,1.16806,1.16844,1.16759,1.16785,2377.0
2025-09-26 13:00:00,1.16783,1.16812,1.16614,1.16631,2205.0
2025-09-26 14:00:00,1.16631,1.16761,1.16626,1.16677,2419.0
2025-09-26 15:00:00,1.16677,1.16863,1.16667,1.16831,4710.0
2025-09-26 16:00:00,1.16835,1.16944,1.16781,1.1684,5235.0
2025-09-26 17:00:00,1.16842,1.17046,1.1684,1.16913,5558.0
2025-09-26 18:00:00,1.16912,1.17,1.1687,1.16913,3529.0
2025-09-26 19:00:00,1.16913,1.1697,1.16866,1.1693,2281.0
2025-09-26 20:00:00,1.1693,1.17019,1.16909,1.16999,1934.0
2025-09-29 00:00:00,1.16984,1.17051,1.16946,1.17035,1241.0
2025-09-29 01:00:00,1.17035,1.17064,1.17028,1.17046,1631.0
2025-09-29 02:00:00,1.17045,1.171,1.1703999999999999,1.17049,1136.0
2025-09-29 03:00:00,1.17049,1.17233,1.17044,1.17216,1912.0
2025-09-29 04:00:00,1.17215,1.17255,1.17144,1.17232,2147.0
2025-09-29 05:00:00,1.17232,1.1728399999999999,1.17225,1.17261,1706.0
2025-09-29 06:00:00,1.17261,1.17294,1.17248,1.1724999999999999,1269.0
2025-09-29 07:00:00,1.1724999999999999,1.17331,1.17228,1.17271,1230.0
2025-09-29 08:00:00,1.17271,1.17334,1.17239,1.17285,2175.0
2025-09-29 09:00:00,1.17281,1.17288,1.17181,1.17199,2583.0
2025-09-29 10:00:00,1.17195,1.1733,1.17174,1.17269,2887.0
2025-09-29 11:00:00,1.17271,1.17289,1.17077,1.17238,2783.0
2025-09-29 12:00:00,1.17237,1.17262,1.17169,1.17175,2176.0
2025-09-29 13:00:00,1.17175,1.17217,1.17156,1.17199,1829.0
2025-09-29 14:00:00,1.172,1.1730800000000001,1.17092,1.1729,2673.0
2025-09-29 15:00:00,1.17291,1.17511,1.17185,1.17499,4578.0
2025-09-29 16:00:00,1.17497,1.17546,1.17373,1.1741,4444.0
2025-09-29 17:00:00,1.17407,1.17446,1.17293,1.17304,3898.0
2025-09-29 18:00:00,1.17304,1.17342,1.17228,1.17291,3363.0
2025-09-29 19:00:00,1.17292,1.17333,1.17255,1.17294,1660.0
2025-09-29 20:00:00,1.17293,1.17316,1.17214,1.17216,1571.0
2025-09-29 21:00:00,1.17217,1.17329,1.17202,1.17314,1409.0
2025-09-29 22:00:00,1.17314,1.17317,1.1726,1.17276,1160.0
2025-09-29 23:00:00,1.1727400000000001,1.17277,1.17234,1.17269,867.0
2025-09-30 00:00:00,1.17262,1.17267,1.17145,1.17256,918.0
2025-09-30 01:00:00,1.17254,1.17279,1.17243,1.17276,773.0
2025-09-30 02:00:00,1.17276,1.17325,1.17272,1.17307,618.0
2025-09-30 03:00:00,1.1730800000000001,1.17317,1.17127,1.17209,2372.0
2025-09-30 04:00:00,1.17211,1.17259,1.17136,1.17141,2469.0
2025-09-30 05:00:00,1.17141,1.17239,1.17122,1.17224,1413.0
2025-09-30 06:00:00,1.17224,1.17264,1.17205,1.17237,1362.0
2025-09-30 07:00:00,1.17238,1.17287,1.1718600000000001,1.17286,1681.0
2025-09-30 08:00:00,1.17287,1.1737,1.17281,1.17334,1974.0
2025-09-30 09:00:00,1.17333,1.17439,1.17309,1.17375,2796.0
2025-09-30 10:00:00,1.17373,1.17484,1.17365,1.1742,3295.0
2025-09-30 11:00:00,1.17432,1.1761300000000001,1.17432,1.17556,3409.0
2025-09-30 12:00:00,1.17556,1.17585,1.17452,1.17483,2362.0
2025-09-30 13:00:00,1.17483,1.17514,1.17404,1.17456,2142.0
2025-09-30 14:00:00,1.1745700000000001,1.17486,1.17365,1.17423,2124.0
2025-09-30 15:00:00,1.17422,1.17477,1.17331,1.17372,2903.0
2025-09-30 16:00:00,1.17373,1.17393,1.17165,1.17305,4195.0
2025-09-30 17:00:00,1.17305,1.17525,1.17226,1.17498,5771.0
2025-09-30 18:00:00,1.17497,1.17505,1.17257,1.17343,4299.0
2025-09-30 19:00:00,1.17344,1.1759,1.17338,1.17565,2631.0
2025-09-30 20:00:00,1.17567,1.17615,1.17469,1.17494,2039.0
2025-09-30 21:00:00,1.17494,1.17495,1.17356,1.17409,1777.0
2025-09-30 22:00:00,1.17409,1.17412,1.17363,1.17398,1600.0
2025-09-30 23:00:00,1.17402,1.17403,1.17328,1.17333,933.0
2025-10-01 00:00:00,1.17328,1.17352,1.1731,1.17339,803.0
2025-10-01 01:00:00,1.17339,1.17422,1.17332,1.1734499999999999,1152.0
2025-10-01 02:00:00,1.1734499999999999,1.17426,1.17336,1.1734499999999999,902.0
2025-10-01 03:00:00,1.17344,1.17383,1.17296,1.1736,1728.0
2025-10-01 04:00:00,1.1736,1.17409,1.17303,1.17393,1274.0
2025-10-01 05:00:00,1.17393,1.17397,1.17324,1.17379,1369.0
2025-10-01 06:00:00,1.17378,1.1739,1.1734,1.17379,1087.0
2025-10-01 07:00:00,1.17379,1.17587,1.17379,1.17583,1478.0
2025-10-01 08:00:00,1.17583,1.1767,1.17522,1.17524,2156.0
2025-10-01 09:00:00,1.17525,1.17746,1.17506,1.17678,3734.0
2025-10-01 10:00:00,1.17677,1.17787,1.1742,1.175,5875.0
2025-10-01 11:00:00,1.17503,1.17659,1.17495,1.17498,4164.0
2025-10-01 12:00:00,1.175,1.17542,1.1730800000000001,1.1733,3056.0
2025-10-01 13:00:00,1.1733,1.17337,1.1716,1.17254,3382.0
2025-10-01 14:00:00,1.17255,1.174,1.17253,1.17343,2690.0
2025-10-01 15:00:00,1.17343,1.17687,1.17222,1.1749,7656.0
2025-10-01 16:00:00,1.1749,1.17616,1.17462,1.17547,5190.0
2025-10-01 17:00:00,1.17525,1.17635,1.17309,1.17466,6834.0
2025-10-01 18:00:00,1.17461,1.17493,1.1721300000000001,1.17229,4841.0
2025-10-01 19:00:00,1.17228,1.17268,1.17155,1.17229,2959.0
2025-10-01 20:00:00,1.17231,1.17324,1.17229,1.17238,1934.0
2025-10-01 21:00:00,1.17242,1.17419,1.17217,1.17347,2010.0
2025-10-01 22:00:00,1.17347,1.1737,1.17298,1.17305,1616.0
2025-10-01 23:00:00,1.17305,1.17309,1.1726,1.17302,1160.0
2025-10-02 00:00:00,1.17248,1.17325,1.17228,1.17306,1822.0
2025-10-02 01:00:00,1.17306,1.17373,1.17295,1.1734,922.0
2025-10-02 02:00:00,1.17341,1.17371,1.17328,1.17328,587.0
2025-10-02 03:00:00,1.17327,1.1735,1.1724700000000001,1.17299,1664.0
2025-10-02 04:00:00,1.17298,1.17391,1.17237,1.17389,1939.0
2025-10-02 05:00:00,1.17389,1.17421,1.17366,1.1737,1123.0
2025-10-02 06:00:00,1.1737,1.17387,1.17326,1.17348,942.0
2025-10-02 07:00:00,1.17348,1.17359,1.173,1.17344,1029.0
2025-10-02 08:00:00,1.17344,1.17372,1.17295,1.17357,1375.0
2025-10-02 09:00:00,1.17358,1.17449,1.1734,1.17428,2836.0
2025-10-02 10:00:00,1.1743000000000001,1.17568,1.1741,1.175,2991.0
2025-10-02 11:00:00,1.175,1.17568,1.1745,1.17538,2843.0
2025-10-02 12:00:00,1.17538,1.17583,1.17506,1.1755,2649.0
2025-10-02 13:00:00,1.17549,1.17549,1.17462,1.17519,2234.0
2025-10-02 14:00:00,1.1752,1.17564,1.17472,1.17505,2446.0
2025-10-02 15:00:00,1.17503,1.17583,1.17344,1.17375,3191.0
2025-10-02 16:00:00,1.17376,1.17439,1.17135,1.17225,4847.0
2025-10-02 17:00:00,1.17225,1.17225,1.1705,1.17134,5173.0
2025-10-02 18:00:00,1.17131,1.17133,1.16831,1.16967,4330.0
2025-10-02 19:00:00,1.16966,1.1715,1.16951,1.17149,2681.0
2025-10-02 20:00:00,1.17147,1.17204,1.17123,1.17137,1975.0
2025-10-02 21:00:00,1.17136,1.1722299999999999,1.17126,1.17211,1547.0
2025-10-02 22:00:00,1.17211,1.17266,1.17175,1.17188,1231.0
2025-10-02 23:00:00,1.17188,1.17244,1.17145,1.1716,1234.0
2025-10-03 00:00:00,1.17116,1.17188,1.17075,1.17168,806.0
2025-10-03 01:00:00,1.17168,1.17209,1.17154,1.17192,832.0
2025-10-03 02:00:00,1.17193,1.1726,1.1718600000000001,1.1724700000000001,734.0
2025-10-03 03:00:00,1.1724700000000001,1.1724700000000001,1.1718899999999999,1.17243,1462.0
2025-10-03 04:00:00,1.17244,1.17293,1.17163,1.17267,2451.0
2025-10-03 05:00:00,1.17268,1.17277,1.17207,1.1724700000000001,1334.0
2025-10-03 06:00:00,1.1724700000000001,1.17269,1.17198,1.17262,1215.0
2025-10-03 07:00:00,1.17262,1.17283,1.17179,1.17181,1061.0
2025-10-03 08:00:00,1.17181,1.17215,1.17149,1.17171,1872.0
2025-10-03 09:00:00,1.17172,1.17291,1.17164,1.17203,2077.0
2025-10-03 10:00:00,1.17208,1.17341,1.17208,1.17323,2344.0
2025-10-03 11:00:00,1.17324,1.17446,1.17312,1.17402,2829.0
2025-10-03 12:00:00,1.17401,1.17407,1.17313,1.17372,2023.0
2025-10-03 13:00:00,1.17372,1.17398,1.17338,1.17365,1627.0
2025-10-03 14:00:00,1.17364,1.17429,1.17311,1.1734,2266.0
2025-10-03 15:00:00,1.17346,1.17408,1.1727400000000001,1.17395,3195.0
2025-10-03 16:00:00,1.1739600000000001,1.17445,1.17328,1.17384,3816.0
2025-10-03 17:00:00,1.17425,1.17591,1.17343,1.17409,6368.0
2025-10-03 18:00:00,1.17411,1.17488,1.17367,1.17462,3101.0
2025-10-03 19:00:00,1.17462,1.17485,1.17378,1.17398,1686.0
2025-10-03 20:00:00,1.17398,1.17417,1.17321,1.17339,1706.0
2025-10-06 00:00:00,1.1718,1.17254,1.17141,1.17235,616.0
2025-10-06 01:00:00,1.17235,1.17269,1.17156,1.17161,3601.0
2025-10-06 02:00:00,1.17161,1.17165,1.17064,1.1712,3663.0
2025-10-06 03:00:00,1.1712500000000001,1.17192,1.1710099999999999,1.17161,3060.0
2025-10-06 04:00:00,1.17167,1.17251,1.171,1.17242,2385.0
2025-10-06 05:00:00,1.17242,1.17309,1.17239,1.1727,1515.0
2025-10-06 06:00:00,1.1727,1.17303,1.17233,1.17245,1189.0
2025-10-06 07:00:00,1.17245,1.17275,1.17196,1.17202,1722.0
2025-10-06 08:00:00,1.17202,1.17253,1.1714,1.17172,1582.0
2025-10-06 09:00:00,1.17174,1.17196,1.169,1.16937,3675.0
2025-10-06 10:00:00,1.16936,1.17121,1.16622,1.16626,5916.0
2025-10-06 11:00:00,1.16623,1.16793,1.16519,1.16677,4740.0
2025-10-06 12:00:00,1.16668,1.16697,1.16573,1.16663,3177.0
2025-10-06 13:00:00,1.16663,1.16669,1.16525,1.16634,2820.0
2025-10-06 14:00:00,1.16634,1.16789,1.16575,1.16754,2776.0
2025-10-06 15:00:00,1.16753,1.16898,1.16729,1.16891,4349.0
2025-10-06 16:00:00,1.16893,1.17031,1.16837,1.16993,4115.0
2025-10-06 17:00:00,1.16994,1.17177,1.16951,1.17166,4322.0
2025-10-06 18:00:00,1.17165,1.17208,1.17028,1.17066,3242.0
2025-10-06 19:00:00,1.17066,1.17123,1.1703000000000001,1.17123,1886.0
2025-10-06 20:00:00,1.17122,1.17159,1.17097,1.17103,1601.0
2025-10-06 21:00:00,1.17103,1.17156,1.17095,1.17126,1425.0
2025-10-06 22:00:00,1.17126,1.17169,1.1710099999999999,1.17106,1262.0
2025-10-06 23:00:00,1.17105,1.17141,1.17084,1.17121,991.0
2025-10-07 00:00:00,1.17044,1.17127,1.16947,1.1709100000000001,922.0
2025-10-07 01:00:00,1.1709100000000001,1.17149,1.17086,1.17098,2194.0
2025-10-07 02:00:00,1.17098,1.17143,1.17083,1.17093,1087.0
2025-10-07 03:00:00,1.17097,1.17111,1.17042,1.17089,1823.0
2025-10-07 04:00:00,1.17089,1.17089,1.16965,1.16968,1537.0
2025-10-07 05:00:00,1.16968,1.17059,1.16967,1.17018,1209.0
2025-10-07 06:00:00,1.17018,1.17073,1.16997,1.17033,1003.0
2025-10-07 07:00:00,1.17033,1.17074,1.16944,1.16983,1191.0
2025-10-07 08:00:00,1.16983,1.17,1.1687400000000001,1.1692,1695.0
2025-10-07 09:00:00,1.1692,1.1692,1.16832,1.16869,2926.0
2025-10-07 10:00:00,1.16868,1.16881,1.16703,1.16765,2993.0
2025-10-07 11:00:00,1.16764,1.16827,1.16651,1.1666,2491.0
2025-10-07 12:00:00,1.16659,1.16712,1.16606,1.16666,2428.0
2025-10-07 13:00:00,1.16666,1.16759,1.16631,1.1674,2357.0
2025-10-07 14:00:00,1.1674,1.16741,1.16539,1.16626,2714.0
2025-10-07 15:00:00,1.16626,1.16671,1.16543,1.1667,3450.0
2025-10-07 16:00:00,1.1667,1.16703,1.16596,1.16604,4209.0
2025-10-07 17:00:00,1.1660300000000001,1.16662,1.16547,1.16631,4496.0
2025-10-07 18:00:00,1.1663000000000001,1.16799,1.16616,1.16731,4141.0
2025-10-07 19:00:00,1.16731,1.16812,1.16698,1.167,3171.0
2025-10-07 20:00:00,1.167,1.16794,1.16665,1.16672,2545.0
2025-10-07 21:00:00,1.16672,1.16678,1.16566,1.1657899999999999,2479.0
2025-10-07 22:00:00,1.1657899999999999,1.16583,1.16476,1.16505,2062.0
2025-10-07 23:00:00,1.16505,1.16582,1.16491,1.16573,1061.0
2025-10-08 00:00:00,1.16565,1.16581,1.16446,1.16566,855.0
2025-10-08 01:00:00,1.16566,1.16614,1.16565,1.16592,800.0
2025-10-08 02:00:00,1.16593,1.16593,1.16525,1.16527,1007.0
2025-10-08 03:00:00,1.16527,1.1653,1.16455,1.16474,2144.0
2025-10-08 04:00:00,1.16473,1.16473,1.16261,1.16267,3823.0
2025-10-08 05:00:00,1.16268,1.1627399999999999,1.16171,1.16241,2502.0
2025-10-08 06:00:00,1.1623999999999999,1.16247,1.16175,1.16241,1612.0
2025-10-08 07:00:00,1.16241,1.16254,1.1616,1.16195,1525.0
2025-10-08 08:00:00,1.16194,1.16194,1.16121,1.16173,1900.0
2025-10-08 09:00:00,1.16174,1.16205,1.16071,1.16165,3563.0
2025-10-08 10:00:00,1.1616900000000001,1.16343,1.16117,1.16311,4357.0
2025-10-08 11:00:00,1.16312,1.16355,1.16106,1.16146,3507.0
2025-10-08 12:00:00,1.16147,1.16205,1.16061,1.16113,3627.0
2025-10-08 13:00:00,1.16112,1.16365,1.1609099999999999,1.16337,2846.0
2025-10-08 14:00:00,1.16336,1.16346,1.16251,1.16263,3089.0
2025-10-08 15:00:00,1.16262,1.16379,1.16247,1.16326,3346.0
2025-10-08 16:00:00,1.16326,1.1644700000000001,1.16275,1.16319,4560.0
2025-10-08 17:00:00,1.16319,1.16364,1.16204,1.16218,4317.0
2025-10-08 18:00:00,1.16218,1.16222,1.16031,1.16059,4107.0
2025-10-08 19:00:00,1.16061,1.1607,1.15985,1.16053,2719.0
2025-10-08 20:00:00,1.16054,1.16095,1.16025,1.16078,1737.0
2025-10-08 21:00:00,1.16078,1.16223,1.15995,1.162,3706.0
2025-10-08 22:00:00,1.16202,1.16284,1.16202,1.1628,1999.0
2025-10-08 23:00:00,1.1628,1.1632500000000001,1.16266,1.16284,1371.0
2025-10-09 00:00:00,1.16131,1.16289,1.16114,1.16281,1798.0
2025-10-09 01:00:00,1.16282,1.16353,1.16272,1.16336,1111.0
2025-10-09 02:00:00,1.16338,1.16338,1.16281,1.16293,1147.0
2025-10-09 03:00:00,1.16291,1.16412,1.16281,1.16373,1992.0
2025-10-09 04:00:00,1.16373,1.16456,1.16367,1.16402,2592.0
2025-10-09 05:00:00,1.16402,1.16478,1.16391,1.16439,1472.0
2025-10-09 06:00:00,1.16438,1.16467,1.16405,1.16449,1154.0
2025-10-09 07:00:00,1.16449,1.16473,1.1642000000000001,1.16456,915.0
2025-10-09 08:00:00,1.16456,1.16483,1.16384,1.1638600000000001,1418.0
2025-10-09 09:00:00,1.1638600000000001,1.16388,1.16116,1.16157,4388.0
2025-10-09 10:00:00,1.16159,1.16234,1.16064,1.16111,3921.0
2025-10-09 11:00:00,1.16111,1.16146,1.16032,1.16124,3819.0
2025-10-09 12:00:00,1.16126,1.1627399999999999,1.1610800000000001,1.16258,4023.0
2025-10-09 13:00:00,1.1626400000000001,1.16275,1.16133,1.16186,2698.0
2025-10-09 14:00:00,1.16186,1.16222,1.16093,1.16123,2927.0
2025-10-09 15:00:00,1.16123,1.16163,1.1605,1.16151,4080.0
2025-10-09 16:00:00,1.16151,1.16235,1.15915,1.16027,6646.0
2025-10-09 17:00:00,1.16027,1.16029,1.15766,1.15811,6622.0
2025-10-09 18:00:00,1.15809,1.15819,1.15472,1.1559,5779.0
2025-10-09 19:00:00,1.15591,1.15636,1.15525,1.1558,3627.0
2025-10-09 20:00:00,1.15579,1.15665,1.15541,1.15599,3551.0
2025-10-09 21:00:00,1.15599,1.15606,1.15421,1.15465,2548.0
2025-10-09 22:00:00,1.1547399999999999,1.15616,1.15468,1.15597,2441.0
2025-10-09 23:00:00,1.1559300000000001,1.15671,1.15589,1.15644,1428.0
2025-10-10 00:00:00,1.15642,1.15652,1.15504,1.15639,624.0
2025-10-10 01:00:00,1.15639,1.15666,1.1562000000000001,1.15648,664.0
2025-10-10 02:00:00,1.15647,1.15664,1.1557,1.15655,1402.0
2025-10-10 03:00:00,1.15655,1.15706,1.15609,1.15676,2081.0
2025-10-10 04:00:00,1.15676,1.15714,1.15627,1.15629,2054.0
2025-10-10 05:00:00,1.1562999999999999,1.15729,1.15626,1.15698,1580.0
2025-10-10 06:00:00,1.15698,1.1574200000000001,1.15674,1.1573,1253.0
2025-10-10 07:00:00,1.1573,1.15738,1.15675,1.15736,1125.0
2025-10-10 08:00:00,1.15736,1.15781,1.15696,1.157,1530.0
2025-10-10 09:00:00,1.15699,1.1575,1.1561,1.15706,4217.0
2025-10-10 10:00:00,1.15706,1.15801,1.15638,1.1578,3978.0
2025-10-10 11:00:00,1.1578,1.15895,1.15754,1.15789,3467.0
2025-10-10 12:00:00,1.15788,1.15801,1.15688,1.15746,2725.0
2025-10-10 13:00:00,1.15746,1.15835,1.15705,1.15716,2712.0
2025-10-10 14:00:00,1.15716,1.1575,1.15606,1.1561,3256.0
2025-10-10 15:00:00,1.15609,1.15761,1.15595,1.1572,3611.0
2025-10-10 16:00:00,1.1572,1.15736,1.15619,1.15693,3774.0
2025-10-10 17:00:00,1.15692,1.15825,1.15646,1.15787,4758.0
2025-10-10 18:00:00,1.15787,1.16309,1.15782,1.16125,9816.0
2025-10-10 19:00:00,1.16124,1.16259,1.16041,1.16059,5179.0
2025-10-10 20:00:00,1.16058,1.16095,1.15971,1.16013,2898.0
2025-10-13 00:00:00,1.16101,1.16147,1.16052,1.1611799999999999,560.0
2025-10-13 01:00:00,1.1611799999999999,1.1611799999999999,1.15919,1.16033,3446.0
2025-10-13 02:00:00,1.16035,1.16101,1.16004,1.16015,2423.0
2025-10-13 03:00:00,1.16016,1.1616,1.16,1.16158,3257.0
2025-10-13 04:00:00,1.16163,1.1621299999999999,1.16098,1.16199,3080.0
2025-10-13 05:00:00,1.162,1.16277,1.16168,1.16196,1987.0
2025-10-13 06:00:00,1.16196,1.1622,1.16162,1.16208,1351.0
2025-10-13 07:00:00,1.16208,1.16253,1.1617899999999999,1.16205,1030.0
2025-10-13 08:00:00,1.16205,1.16241,1.16132,1.16149,1751.0
2025-10-13 09:00:00,1.1615,1.16299,1.16107,1.16141,3788.0
2025-10-13 10:00:00,1.16141,1.16158,1.15976,1.16,4582.0
2025-10-13 11:00:00,1.15999,1.16049,1.15816,1.15856,3892.0
2025-10-13 12:00:00,1.15855,1.15983,1.15845,1.15942,2445.0
2025-10-13 13:00:00,1.15941,1.1596,1.15814,1.1583700000000001,2703.0
2025-10-13 14:00:00,1.1583700000000001,1.15943,1.15656,1.15685,4196.0
2025-10-13 15:00:00,1.15689,1.15767,1.15616,1.15687,3638.0
2025-10-13 16:00:00,1.15687,1.1577600000000001,1.15646,1.1575199999999999,4084.0
2025-10-13 17:00:00,1.1575199999999999,1.15753,1.15576,1.15613,4248.0
2025-10-13 18:00:00,1.15612,1.15756,1.15601,1.1574,2859.0
2025-10-13 19:00:00,1.1574,1.15791,1.15697,1.15755,2308.0
2025-10-13 20:00:00,1.15755,1.15771,1.157,1.15732,1801.0
2025-10-13 21:00:00,1.15732,1.15777,1.15659,1.15686,1783.0
2025-10-13 22:00:00,1.15686,1.15737,1.1566,1.15662,1407.0
2025-10-13 23:00:00,1.15662,1.15705,1.15652,1.15702,1154.0
2025-10-14 00:00:00,1.15678,1.15717,1.15573,1.15704,356.0
2025-10-14 01:00:00,1.15704,1.1574,1.15678,1.15678,792.0
2025-10-14 02:00:00,1.15678,1.15699,1.15636,1.15656,1226.0
2025-10-14 03:00:00,1.15652,1.15673,1.15551,1.15612,2623.0
2025-10-14 04:00:00,1.15616,1.15734,1.15609,1.15708,2556.0
2025-10-14 05:00:00,1.15708,1.15763,1.15703,1.15738,1365.0
2025-10-14 06:00:00,1.15738,1.1582,1.15713,1.15786,1611.0
2025-10-14 07:00:00,1.15786,1.15927,1.15783,1.1592,2769.0
2025-10-14 08:00:00,1.15922,1.15936,1.15825,1.15845,3049.0
2025-10-14 09:00:00,1.15845,1.15897,1.15631,1.15702,5163.0
2025-10-14 10:00:00,1.15701,1.15746,1.15428,1.15495,5914.0
2025-10-14 11:00:00,1.15495,1.15609,1.15456,1.15591,3915.0
2025-10-14 12:00:00,1.15591,1.15634,1.15516,1.15551,3327.0
2025-10-14 13:00:00,1.15546,1.1559599999999999,1.15513,1.1553499999999999,3587.0
2025-10-14 14:00:00,1.15534,1.15585,1.15463,1.15522,3690.0
2025-10-14 15:00:00,1.15523,1.15651,1.1548,1.15558,4335.0
2025-10-14 16:00:00,1.15557,1.15831,1.15545,1.15741,6084.0
2025-10-14 17:00:00,1.1574,1.15973,1.15692,1.15943,5786.0
2025-10-14 18:00:00,1.15944,1.16083,1.15866,1.16074,5000.0
2025-10-14 19:00:00,1.16074,1.1615,1.16012,1.16094,5037.0
2025-10-14 20:00:00,1.1609,1.16122,1.16017,1.16095,3076.0
2025-10-14 21:00:00,1.16094,1.16119,1.16035,1.16051,2520.0
2025-10-14 22:00:00,1.1605,1.16113,1.16045,1.16055,2842.0
2025-10-14 23:00:00,1.16055,1.16077,1.15998,1.16075,1206.0
2025-10-15 00:00:00,1.16058,1.16067,1.15995,1.16061,218.0
2025-10-15 01:00:00,1.16061,1.16094,1.16035,1.16036,1012.0
2025-10-15 02:00:00,1.16036,1.16058,1.16019,1.16033,1036.0
2025-10-15 03:00:00,1.16031,1.1614200000000001,1.16019,1.16106,2493.0
2025-10-15 04:00:00,1.16106,1.1623,1.16071,1.16192,2857.0
2025-10-15 05:00:00,1.16193,1.1626,1.1617899999999999,1.1623,2017.0
2025-10-15 06:00:00,1.16229,1.16243,1.16184,1.16224,1768.0
2025-10-15 07:00:00,1.16226,1.16243,1.1616900000000001,1.16184,1381.0
2025-10-15 08:00:00,1.16186,1.16266,1.16185,1.16195,1772.0
2025-10-15 09:00:00,1.16197,1.16385,1.16177,1.16343,3699.0
2025-10-15 10:00:00,1.16351,1.16444,1.16293,1.16357,3891.0
2025-10-15 11:00:00,1.16355,1.16453,1.16316,1.16327,3548.0
2025-10-15 12:00:00,1.16326,1.16392,1.1628,1.16347,3386.0
2025-10-15 13:00:00,1.16345,1.16349,1.1620300000000001,1.16245,2528.0
2025-10-15 14:00:00,1.16244,1.16324,1.16197,1.162,2773.0
2025-10-15 15:00:00,1.162,1.16276,1.16139,1.16177,4274.0
2025-10-15 16:00:00,1.16177,1.1632,1.16105,1.1627399999999999,5558.0
2025-10-15 17:00:00,1.1627399999999999,1.1630099999999999,1.16196,1.16246,3992.0
2025-10-15 18:00:00,1.16246,1.16473,1.16186,1.16371,4686.0
2025-10-15 19:00:00,1.16371,1.16409,1.16285,1.16402,3681.0
2025-10-15 20:00:00,1.16401,1.16404,1.16271,1.16294,3765.0
2025-10-15 21:00:00,1.16294,1.16376,1.16281,1.16332,2076.0
2025-10-15 22:00:00,1.16332,1.16448,1.1633,1.16444,1721.0
2025-10-15 23:00:00,1.16444,1.16478,1.16425,1.1647,1510.0
2025-10-16 00:00:00,1.16465,1.16465,1.16366,1.16433,437.0
2025-10-16 01:00:00,1.16433,1.1652,1.16431,1.16464,1042.0
2025-10-16 02:00:00,1.16467,1.16473,1.16448,1.16461,1081.0
2025-10-16 03:00:00,1.1646,1.16671,1.16429,1.1663000000000001,3415.0
2025-10-16 04:00:00,1.16634,1.16754,1.16611,1.167,3555.0
2025-10-16 05:00:00,1.16703,1.16748,1.16643,1.16662,2266.0
2025-10-16 06:00:00,1.16661,1.16672,1.16616,1.16621,1534.0
2025-10-16 07:00:00,1.16621,1.16623,1.16559,1.16563,1209.0
2025-10-16 08:00:00,1.16561,1.16615,1.16541,1.16602,2113.0
2025-10-16 09:00:00,1.16602,1.1668,1.16521,1.16539,3925.0
2025-10-16 10:00:00,1.16539,1.1656900000000001,1.16431,1.16521,4533.0
2025-10-16 11:00:00,1.1651799999999999,1.16599,1.16487,1.16591,3948.0
2025-10-16 12:00:00,1.16591,1.16639,1.16526,1.16583,3079.0
2025-10-16 13:00:00,1.16585,1.16631,1.1653,1.16555,2851.0
2025-10-16 14:00:00,1.16555,1.16565,1.16464,1.1654,3298.0
2025-10-16 15:00:00,1.1654,1.16617,1.16491,1.16606,4156.0
2025-10-16 16:00:00,1.16606,1.16643,1.16501,1.16574,5100.0
2025-10-16 17:00:00,1.16574,1.16781,1.16536,1.16771,4973.0
2025-10-16 18:00:00,1.16771,1.16782,1.1661299999999999,1.16646,3947.0
2025-10-16 19:00:00,1.16646,1.1679,1.16642,1.16771,4608.0
2025-10-16 20:00:00,1.16771,1.16937,1.16769,1.16882,4071.0
2025-10-16 21:00:00,1.16882,1.16934,1.16805,1.16894,2920.0
2025-10-16 22:00:00,1.16896,1.16944,1.16871,1.16889,2448.0
2025-10-16 23:00:00,1.16889,1.16914,1.16849,1.16875,1155.0
2025-10-17 00:00:00,1.1687400000000001,1.1688399999999999,1.16803,1.16865,409.0
2025-10-17 01:00:00,1.16865,1.16961,1.16862,1.16946,1533.0
2025-10-17 02:00:00,1.16946,1.16998,1.16933,1.16992,1118.0
2025-10-17 03:00:00,1.16992,1.17114,1.16953,1.17068,2085.0
2025-10-17 04:00:00,1.1706699999999999,1.17098,1.17,1.1701,2902.0
2025-10-17 05:00:00,1.1701,1.17115,1.16953,1.17053,2011.0
2025-10-17 06:00:00,1.17053,1.1712500000000001,1.17047,1.17094,1674.0
2025-10-17 07:00:00,1.17094,1.17123,1.17064,1.17099,1285.0
2025-10-17 08:00:00,1.17099,1.17285,1.17098,1.17233,1811.0
2025-10-17 09:00:00,1.17233,1.17266,1.17085,1.17108,4317.0
2025-10-17 10:00:00,1.17105,1.17151,1.16934,1.17117,6074.0
2025-10-17 11:00:00,1.17118,1.17163,1.16916,1.16975,3931.0
2025-10-17 12:00:00,1.16975,1.17079,1.16966,1.17014,2551.0
2025-10-17 13:00:00,1.17011,1.17028,1.1687400000000001,1.16896,2816.0
2025-10-17 14:00:00,1.16896,1.16971,1.16806,1.1685,4146.0
2025-10-17 15:00:00,1.16853,1.16863,1.16669,1.16764,4895.0
2025-10-17 16:00:00,1.16764,1.16814,1.1669,1.16707,4970.0
2025-10-17 17:00:00,1.16705,1.16733,1.16566,1.1667,5609.0
2025-10-17 18:00:00,1.16668,1.16733,1.16608,1.16733,3988.0
2025-10-17 19:00:00,1.16734,1.16794,1.16698,1.16709,2762.0
2025-10-17 20:00:00,1.16709,1.16759,1.16671,1.16679,2506.0
2025-10-20 00:00:00,1.1662,1.16657,1.16544,1.16558,761.0
2025-10-20 01:00:00,1.16558,1.1657899999999999,1.16519,1.16563,1411.0
2025-10-20 02:00:00,1.16561,1.16617,1.16545,1.1658,1106.0
2025-10-20 03:00:00,1.1658,1.16665,1.1657899999999999,1.16665,2246.0
2025-10-20 04:00:00,1.16665,1.16675,1.16566,1.166,2038.0
2025-10-20 05:00:00,1.16601,1.16707,1.16601,1.16657,1515.0
2025-10-20 06:00:00,1.16658,1.16688,1.16649,1.16683,1144.0
2025-10-20 07:00:00,1.16684,1.16739,1.16657,1.16716,1280.0
2025-10-20 08:00:00,1.16716,1.16757,1.167,1.16737,1361.0
2025-10-20 09:00:00,1.16737,1.16737,1.16567,1.16585,3258.0
2025-10-20 10:00:00,1.16586,1.16682,1.16538,1.16624,3270.0
2025-10-20 11:00:00,1.16624,1.16665,1.1658,1.16635,3027.0
2025-10-20 12:00:00,1.16636,1.16677,1.16592,1.16621,3420.0
2025-10-20 13:00:00,1.16621,1.1663000000000001,1.16512,1.16535,2651.0
2025-10-20 14:00:00,1.16535,1.16565,1.16445,1.16565,2661.0
2025-10-20 15:00:00,1.16565,1.16605,1.16502,1.16535,3353.0
2025-10-20 16:00:00,1.16535,1.16546,1.16464,1.16491,3436.0
2025-10-20 17:00:00,1.16491,1.16644,1.16476,1.16538,3239.0
2025-10-20 18:00:00,1.16538,1.16645,1.16525,1.16551,2939.0
2025-10-20 19:00:00,1.1655,1.16582,1.16494,1.16498,1867.0
2025-10-20 20:00:00,1.16495,1.16529,1.16414,1.16434,1589.0
2025-10-20 21:00:00,1.16434,1.16485,1.16384,1.16464,1409.0
2025-10-20 22:00:00,1.16464,1.16493,1.164,1.16409,1160.0
2025-10-20 23:00:00,1.1641,1.16445,1.16403,1.16409,957.0
2025-10-21 00:00:00,1.16411,1.16446,1.1630099999999999,1.16439,620.0
2025-10-21 01:00:00,1.16439,1.16456,1.16429,1.16432,714.0
2025-10-21 02:00:00,1.16432,1.16451,1.16426,1.16444,653.0
2025-10-21 03:00:00,1.16441,1.16553,1.16433,1.16532,1891.0
2025-10-21 04:00:00,1.16532,1.16532,1.1642000000000001,1.16448,2225.0
2025-10-21 05:00:00,1.16452,1.16453,1.16328,1.16343,2242.0
2025-10-21 06:00:00,1.16342,1.16361,1.1633,1.16348,1126.0
2025-10-21 07:00:00,1.16348,1.16368,1.1632,1.1636,1543.0
2025-10-21 08:00:00,1.1636,1.16378,1.16244,1.16254,2174.0
2025-10-21 09:00:00,1.16252,1.16341,1.16187,1.16319,2716.0
2025-10-21 10:00:00,1.16319,1.16355,1.16218,1.16254,3698.0
2025-10-21 11:00:00,1.16253,1.16276,1.1613,1.1621299999999999,3535.0
2025-10-21 12:00:00,1.16212,1.1627399999999999,1.16161,1.16207,2745.0
2025-10-21 13:00:00,1.16207,1.16235,1.16066,1.1618,3142.0
2025-10-21 14:00:00,1.1618,1.1626,1.16092,1.16129,3099.0
2025-10-21 15:00:00,1.16128,1.16168,1.16019,1.16112,4485.0
2025-10-21 16:00:00,1.16112,1.1617,1.16025,1.16126,4968.0
2025-10-21 17:00:00,1.16126,1.16182,1.15977,1.16045,4660.0
2025-10-21 18:00:00,1.16044,1.16165,1.16042,1.16151,3055.0
2025-10-21 19:00:00,1.1615199999999999,1.16247,1.16078,1.1609,3533.0
2025-10-21 20:00:00,1.1609,1.16101,1.16015,1.1604,2102.0
2025-10-21 21:00:00,1.1604,1.16086,1.16035,1.16051,1428.0
2025-10-21 22:00:00,1.16051,1.16077,1.16,1.16007,1421.0
2025-10-21 23:00:00,1.16009,1.16027,1.15987,1.15993,811.0
2025-10-22 00:00:00,1.15992,1.1604,1.15875,1.16028,525.0
2025-10-22 01:00:00,1.16028,1.16028,1.1599599999999999,1.16002,810.0
2025-10-22 02:00:00,1.16002,1.16018,1.15991,1.15995,556.0
2025-10-22 03:00:00,1.15995,1.16079,1.15995,1.1604700000000001,1935.0
2025-10-22 04:00:00,1.16046,1.16095,1.16015,1.16049,1519.0
2025-10-22 05:00:00,1.16048,1.1611,1.16048,1.16085,1011.0
2025-10-22 06:00:00,1.16085,1.1609099999999999,1.16048,1.16071,888.0
2025-10-22 07:00:00,1.16071,1.16095,1.16048,1.16092,895.0
2025-10-22 08:00:00,1.16092,1.16157,1.1609099999999999,1.16136,1261.0
2025-10-22 09:00:00,1.16136,1.1615,1.16043,1.16095,3357.0
2025-10-22 10:00:00,1.16096,1.16129,1.1599599999999999,1.16008,3172.0
2025-10-22 11:00:00,1.16008,1.16008,1.159,1.15977,3556.0
2025-10-22 12:00:00,1.15977,1.16021,1.15926,1.15949,2118.0
2025-10-22 13:00:00,1.15946,1.1597,1.15828,1.15858,2398.0
2025-10-22 14:00:00,1.15857,1.15892,1.15824,1.15827,2830.0
2025-10-22 15:00:00,1.15827,1.15909,1.15769,1.15831,3466.0
2025-10-22 16:00:00,1.15831,1.15978,1.15818,1.15949,3532.0
2025-10-22 17:00:00,1.15949,1.16116,1.15924,1.16112,3608.0
2025-10-22 18:00:00,1.16112,1.1617,1.16086,1.16113,3750.0
2025-10-22 19:00:00,1.16113,1.16227,1.16104,1.16195,3206.0
2025-10-22 20:00:00,1.16195,1.16206,1.16127,1.16147,2163.0
2025-10-22 21:00:00,1.16147,1.16156,1.16078,1.16092,1607.0
2025-10-22 22:00:00,1.16092,1.16112,1.16049,1.16059,1239.0
2025-10-22 23:00:00,1.1606,1.1611,1.16058,1.16093,763.0
2025-10-23 00:00:00,1.16099,1.1611799999999999,1.16041,1.16114,459.0
2025-10-23 01:00:00,1.16114,1.16145,1.16096,1.16122,670.0
2025-10-23 02:00:00,1.16125,1.16128,1.16067,1.16072,753.0
2025-10-23 03:00:00,1.1607,1.16077,1.15977,1.16041,1691.0
2025-10-23 04:00:00,1.16042,1.16056,1.15976,1.15979,1583.0
2025-10-23 05:00:00,1.15979,1.15995,1.15952,1.15965,1100.0
2025-10-23 06:00:00,1.15965,1.15987,1.15921,1.15929,821.0
2025-10-23 07:00:00,1.15929,1.15994,1.15906,1.1599,877.0
2025-10-23 08:00:00,1.1599,1.16042,1.1596899999999999,1.16015,958.0
2025-10-23 09:00:00,1.16014,1.16038,1.1590799999999999,1.15945,2413.0
2025-10-23 10:00:00,1.15945,1.16015,1.15909,1.16001,2592.0
2025-10-23 11:00:00,1.16001,1.16064,1.1593,1.15962,2135.0
2025-10-23 12:00:00,1.15962,1.16003,1.15932,1.15937,1732.0
2025-10-23 13:00:00,1.15937,1.15949,1.15856,1.1588,1665.0
2025-10-23 14:00:00,1.1588,1.15931,1.15855,1.15871,2160.0
2025-10-23 15:00:00,1.15875,1.16062,1.15866,1.16007,2735.0
2025-10-23 16:00:00,1.16007,1.16106,1.15982,1.16069,3416.0
2025-10-23 17:00:00,1.16069,1.16199,1.1605699999999999,1.16132,3529.0
2025-10-23 18:00:00,1.16132,1.1616,1.16064,1.16117,2355.0
2025-10-23 19:00:00,1.1611799999999999,1.16163,1.16065,1.16069,1959.0
2025-10-23 20:00:00,1.16069,1.16123,1.16044,1.1611799999999999,1617.0
2025-10-23 21:00:00,1.16117,1.1617899999999999,1.16098,1.16176,1483.0
2025-10-23 22:00:00,1.16176,1.16202,1.16154,1.16166,975.0
2025-10-23 23:00:00,1.16166,1.16194,1.16136,1.16181,946.0
2025-10-24 00:00:00,1.16183,1.16183,1.16129,1.16171,566.0
2025-10-24 01:00:00,1.16171,1.1621299999999999,1.16165,1.1618,719.0
2025-10-24 02:00:00,1.1618,1.1619,1.16149,1.1617,492.0
2025-10-24 03:00:00,1.1617,1.16216,1.1616900000000001,1.1618,1174.0
2025-10-24 04:00:00,1.1618,1.16189,1.16089,1.16094,1214.0
2025-10-24 05:00:00,1.16095,1.16127,1.16077,1.16079,1054.0
2025-10-24 06:00:00,1.16079,1.1611799999999999,1.1607,1.1609099999999999,666.0
2025-10-24 07:00:00,1.1609099999999999,1.16092,1.16058,1.16077,831.0
2025-10-24 08:00:00,1.16077,1.1608100000000001,1.1602000000000001,1.16055,919.0
2025-10-24 09:00:00,1.16056,1.1614,1.16009,1.16139,2196.0
2025-10-24 10:00:00,1.16136,1.1628,1.16019,1.16181,3558.0
2025-10-24 11:00:00,1.16181,1.16236,1.16064,1.16104,3214.0
2025-10-24 12:00:00,1.16097,1.16127,1.16054,1.16119,1936.0
2025-10-24 13:00:00,1.1612,1.16168,1.1611,1.16129,1687.0
2025-10-24 14:00:00,1.16128,1.16158,1.16071,1.16151,2119.0
2025-10-24 15:00:00,1.16154,1.16477,1.16088,1.16342,5975.0
2025-10-24 16:00:00,1.16342,1.16435,1.16206,1.16268,5117.0
2025-10-24 17:00:00,1.16265,1.1636,1.16182,1.16261,4282.0
2025-10-24 18:00:00,1.16261,1.16357,1.1621299999999999,1.16254,3273.0
2025-10-24 19:00:00,1.16254,1.16277,1.1621299999999999,1.16256,1770.0
2025-10-24 20:00:00,1.16256,1.1632,1.16245,1.16275,1356.0
2025-10-27 00:00:00,1.16332,1.16353,1.16208,1.16284,823.0
2025-10-27 01:00:00,1.16284,1.16356,1.16246,1.16286,2035.0
2025-10-27 02:00:00,1.16285,1.1633,1.16258,1.16312,1040.0
2025-10-27 03:00:00,1.16312,1.16377,1.16279,1.16349,1713.0
2025-10-27 04:00:00,1.16349,1.16478,1.1633499999999999,1.16391,1964.0
2025-10-27 05:00:00,1.16391,1.16397,1.16303,1.16309,1047.0
2025-10-27 06:00:00,1.16309,1.16324,1.16271,1.16277,810.0
2025-10-27 07:00:00,1.16277,1.16278,1.16207,1.16246,977.0
2025-10-27 08:00:00,1.16246,1.16272,1.1621,1.16262,1120.0
2025-10-27 09:00:00,1.16263,1.16324,1.16248,1.16263,1988.0
2025-10-27 10:00:00,1.16266,1.16279,1.16199,1.16199,2209.0
2025-10-27 11:00:00,1.16199,1.16332,1.16178,1.16283,2951.0
2025-10-27 12:00:00,1.16283,1.164,1.16261,1.16378,2856.0
2025-10-27 13:00:00,1.16379,1.1644700000000001,1.16354,1.16417,2015.0
2025-10-27 14:00:00,1.16417,1.16474,1.16361,1.16461,2323.0
2025-10-27 15:00:00,1.16461,1.16516,1.16377,1.16414,2704.0
2025-10-27 16:00:00,1.16414,1.1643,1.16316,1.16357,3141.0
2025-10-27 17:00:00,1.16357,1.16425,1.1632500000000001,1.16409,2734.0
2025-10-27 18:00:00,1.16409,1.16418,1.16329,1.16352,2656.0
2025-10-27 19:00:00,1.16353,1.16411,1.16326,1.16388,2248.0
2025-10-27 20:00:00,1.16388,1.16416,1.16357,1.1638,1338.0
2025-10-27 21:00:00,1.16381,1.16523,1.16352,1.16504,1580.0
2025-10-27 22:00:00,1.16504,1.16506,1.16441,1.16477,1219.0
2025-10-27 23:00:00,1.16477,1.16489,1.16432,1.1644,886.0
2025-10-28 00:00:00,1.16443,1.1645699999999999,1.16401,1.16448,509.0
2025-10-28 01:00:00,1.16448,1.16507,1.16442,1.16498,858.0
2025-10-28 02:00:00,1.16498,1.16547,1.16496,1.16509,787.0
2025-10-28 03:00:00,1.16509,1.1659,1.16465,1.16557,1620.0
2025-10-28 04:00:00,1.16557,1.16639,1.16552,1.16575,1825.0
2025-10-28 05:00:00,1.16575,1.16631,1.16541,1.16545,1290.0
2025-10-28 06:00:00,1.16545,1.16631,1.16543,1.166,1212.0
2025-10-28 07:00:00,1.166,1.16677,1.16589,1.16663,1385.0
2025-10-28 08:00:00,1.16663,1.16681,1.16628,1.16638,1321.0
2025-10-28 09:00:00,1.16638,1.16672,1.1655,1.16559,1724.0
2025-10-28 10:00:00,1.16558,1.16616,1.16511,1.16551,2302.0
2025-10-28 11:00:00,1.16552,1.16628,1.16486,1.16522,3439.0
2025-10-28 12:00:00,1.16521,1.16588,1.16451,1.1656900000000001,2371.0
2025-10-28 13:00:00,1.1656900000000001,1.16649,1.1655,1.16642,1958.0
2025-10-28 14:00:00,1.16642,1.16642,1.1655,1.16592,1946.0
2025-10-28 15:00:00,1.16591,1.166,1.1635,1.16402,3331.0
2025-10-28 16:00:00,1.16403,1.16404,1.16257,1.16395,3782.0
2025-10-28 17:00:00,1.16395,1.16636,1.16372,1.16606,3702.0
2025-10-28 18:00:00,1.16606,1.16672,1.1655,1.1659,3242.0
2025-10-28 19:00:00,1.1659,1.16679,1.16529,1.16678,3098.0
2025-10-28 20:00:00,1.16679,1.16687,1.16594,1.16631,2142.0
2025-10-28 21:00:00,1.16632,1.16638,1.16562,1.16622,1286.0
2025-10-28 22:00:00,1.16623,1.16651,1.1651799999999999,1.16524,1356.0
2025-10-28 23:00:00,1.16524,1.16573,1.1651,1.16521,993.0
2025-10-29 00:00:00,1.16503,1.16522,1.1648100000000001,1.16507,556.0
2025-10-29 01:00:00,1.16507,1.16543,1.16498,1.16507,995.0
2025-10-29 02:00:00,1.16507,1.16575,1.16485,1.16573,663.0
2025-10-29 03:00:00,1.16573,1.1661,1.16532,1.16544,2990.0
2025-10-29 04:00:00,1.16544,1.1656,1.16464,1.16473,2165.0
2025-10-29 05:00:00,1.16474,1.1648,1.16416,1.16464,1396.0
2025-10-29 06:00:00,1.16465,1.16467,1.16369,1.16372,992.0
2025-10-29 07:00:00,1.16373,1.16376,1.16314,1.16342,1178.0
2025-10-29 08:00:00,1.16344,1.16356,1.16273,1.16315,1538.0
2025-10-29 09:00:00,1.16316,1.16327,1.16252,1.16299,1708.0
2025-10-29 10:00:00,1.1629800000000001,1.16379,1.16284,1.16329,2762.0
2025-10-29 11:00:00,1.16327,1.16341,1.16233,1.16233,2505.0
2025-10-29 12:00:00,1.16233,1.16472,1.16189,1.16412,2814.0
2025-10-29 13:00:00,1.16412,1.16489,1.1637,1.16473,2135.0
2025-10-29 14:00:00,1.16473,1.16487,1.1633,1.16398,2386.0
2025-10-29 15:00:00,1.16398,1.16451,1.1627399999999999,1.1634,2865.0
2025-10-29 16:00:00,1.16341,1.16459,1.16336,1.16367,3842.0
2025-10-29 17:00:00,1.16367,1.16515,1.16314,1.16505,3055.0
2025-10-29 18:00:00,1.16505,1.16647,1.16451,1.16637,3444.0
2025-10-29 19:00:00,1.16638,1.16661,1.16553,1.16573,2375.0
2025-10-29 20:00:00,1.16572,1.1659,1.16456,1.16456,1980.0
2025-10-29 21:00:00,1.16451,1.16509,1.15841,1.15944,9447.0
2025-10-29 22:00:00,1.15944,1.16001,1.15777,1.15994,6775.0
2025-10-29 23:00:00,1.15993,1.16074,1.15907,1.16006,2025.0
2025-10-30 00:00:00,1.16001,1.16038,1.15987,1.16022,545.0
2025-10-30 01:00:00,1.16021,1.16055,1.16012,1.16039,950.0
2025-10-30 02:00:00,1.1604,1.16054,1.16015,1.16031,692.0
2025-10-30 03:00:00,1.16031,1.16155,1.1597,1.1612,2001.0
2025-10-30 04:00:00,1.1612,1.16153,1.16087,1.16139,2182.0
2025-10-30 05:00:00,1.16138,1.16198,1.16124,1.16173,1425.0
2025-10-30 06:00:00,1.16173,1.16199,1.1607,1.16155,2286.0
2025-10-30 07:00:00,1.16156,1.16375,1.16136,1.16321,3579.0
2025-10-30 08:00:00,1.16321,1.16342,1.16236,1.1623999999999999,1821.0
2025-10-30 09:00:00,1.1623999999999999,1.16299,1.16181,1.16197,2696.0
2025-10-30 10:00:00,1.16196,1.1623,1.16095,1.16184,3304.0
2025-10-30 11:00:00,1.16191,1.16204,1.16067,1.16171,3350.0
2025-10-30 12:00:00,1.16172,1.16284,1.16144,1.16166,2931.0
2025-10-30 13:00:00,1.16171,1.16199,1.1606,1.16067,2360.0
2025-10-30 14:00:00,1.16068,1.16112,1.15963,1.15978,2664.0
2025-10-30 15:00:00,1.15978,1.15992,1.1553200000000001,1.15549,4389.0
2025-10-30 16:00:00,1.1555,1.15792,1.15469,1.15792,5739.0
2025-10-30 17:00:00,1.15798,1.1586400000000001,1.15678,1.15732,5211.0
2025-10-30 18:00:00,1.15735,1.15774,1.15607,1.15636,3184.0
2025-10-30 19:00:00,1.15636,1.15714,1.15594,1.15693,2243.0
2025-10-30 20:00:00,1.15694,1.15699,1.15603,1.15665,1759.0
2025-10-30 21:00:00,1.15665,1.15704,1.15643,1.15679,1517.0
2025-10-30 22:00:00,1.15678,1.15716,1.15619,1.15642,1447.0
2025-10-30 23:00:00,1.15642,1.15724,1.15637,1.1565,900.0
2025-10-31 00:00:00,1.15651,1.15698,1.15615,1.1569,915.0
2025-10-31 01:00:00,1.1569,1.15699,1.15656,1.1568100000000001,694.0
2025-10-31 02:00:00,1.1568100000000001,1.15733,1.15659,1.15717,691.0
2025-10-31 03:00:00,1.15716,1.15771,1.15702,1.15738,1474.0
2025-10-31 04:00:00,1.15738,1.1577600000000001,1.15666,1.15676,1727.0
2025-10-31 05:00:00,1.15677,1.15747,1.1565,1.1568,1365.0
2025-10-31 06:00:00,1.1568100000000001,1.15711,1.1566,1.15673,1050.0
2025-10-31 07:00:00,1.15673,1.15734,1.15664,1.1572,878.0
2025-10-31 08:00:00,1.1572,1.15721,1.15663,1.15682,1250.0
2025-10-31 09:00:00,1.15682,1.15735,1.15607,1.15614,1530.0
2025-10-31 10:00:00,1.15615,1.15659,1.15551,1.15649,2432.0
2025-10-31 11:00:00,1.15649,1.15713,1.15598,1.15704,2101.0
2025-10-31 12:00:00,1.15706,1.15769,1.15655,1.15763,2179.0
2025-10-31 13:00:00,1.15762,1.15763,1.15673,1.1571,1716.0
2025-10-31 14:00:00,1.1571,1.15743,1.15581,1.15668,1904.0
2025-10-31 15:00:00,1.15667,1.15667,1.15533,1.1556,3125.0
2025-10-31 16:00:00,1.1555900000000001,1.15563,1.153,1.15389,3893.0
2025-10-31 17:00:00,1.15388,1.15428,1.15221,1.1534200000000001,4041.0
2025-10-31 18:00:00,1.1534200000000001,1.1543,1.15238,1.15409,4410.0
2025-10-31 19:00:00,1.15409,1.15435,1.15282,1.15302,3095.0
2025-10-31 20:00:00,1.15304,1.15312,1.15221,1.15241,1859.0
2025-11-03 00:00:00,1.1528,1.15324,1.1528,1.15303,1595.0
2025-11-03 01:00:00,1.15302,1.15379,1.15256,1.15274,2378.0
2025-11-03 02:00:00,1.15274,1.1531,1.15242,1.15259,1675.0
2025-11-03 03:00:00,1.15259,1.15292,1.15216,1.15271,1614.0
2025-11-03 04:00:00,1.15273,1.1534200000000001,1.15265,1.15316,1333.0
2025-11-03 05:00:00,1.15316,1.15345,1.15302,1.15337,1003.0
2025-11-03 06:00:00,1.15337,1.15373,1.1532,1.1534200000000001,961.0
2025-11-03 07:00:00,1.15341,1.15378,1.15323,1.1535,1125.0
2025-11-03 08:00:00,1.1535,1.15414,1.15343,1.15379,1302.0
2025-11-03 09:00:00,1.15378,1.15411,1.15336,1.15398,2028.0
2025-11-03 10:00:00,1.15399,1.15402,1.15096,1.15135,2945.0
2025-11-03 11:00:00,1.15136,1.15209,1.15111,1.15144,2326.0
2025-11-03 12:00:00,1.15144,1.15201,1.1508,1.15153,2312.0
2025-11-03 13:00:00,1.15152,1.152,1.15126,1.15155,1826.0
2025-11-03 14:00:00,1.15155,1.15224,1.1514199999999999,1.15174,1911.0
2025-11-03 15:00:00,1.15171,1.1518,1.15059,1.15111,2778.0
2025-11-03 16:00:00,1.15111,1.15129,1.15051,1.15103,3109.0
2025-11-03 17:00:00,1.15126,1.15253,1.15061,1.15252,4373.0
2025-11-03 18:00:00,1.15252,1.15319,1.15215,1.1531,2577.0
2025-11-03 19:00:00,1.1531,1.15379,1.15267,1.15272,1881.0
2025-11-03 20:00:00,1.15272,1.1531,1.15207,1.15233,1495.0
2025-11-03 21:00:00,1.15233,1.15248,1.15168,1.15196,1405.0
2025-11-03 22:00:00,1.15197,1.15233,1.1518,1.15196,1002.0
2025-11-03 23:00:00,1.15195,1.15201,1.15161,1.15186,649.0
2025-11-04 00:00:00,1.1519,1.15201,1.15127,1.152,431.0
2025-11-04 01:00:00,1.152,1.15212,1.15185,1.15186,879.0
2025-11-04 02:00:00,1.15186,1.15186,1.15057,1.15083,1811.0
2025-11-04 03:00:00,1.15083,1.15101,1.14983,1.15101,1983.0
2025-11-04 04:00:00,1.15101,1.15111,1.1505,1.1511,1500.0
2025-11-04 05:00:00,1.15111,1.15178,1.15106,1.15134,1485.0
2025-11-04 06:00:00,1.15134,1.15177,1.15094,1.15096,999.0
2025-11-04 07:00:00,1.15095,1.15143,1.15075,1.15127,1556.0
2025-11-04 08:00:00,1.15127,1.15267,1.15115,1.15234,2148.0
2025-11-04 09:00:00,1.15235,1.15336,1.15227,1.15272,2537.0
2025-11-04 10:00:00,1.15271,1.15289,1.15136,1.1514,3155.0
2025-11-04 11:00:00,1.1514,1.15171,1.15001,1.15011,2736.0
2025-11-04 12:00:00,1.15011,1.15099,1.1499,1.15039,2160.0
2025-11-04 13:00:00,1.1503700000000001,1.15057,1.14894,1.14901,2099.0
2025-11-04 14:00:00,1.14902,1.14932,1.14771,1.14893,3039.0
2025-11-04 15:00:00,1.14893,1.1497,1.14883,1.14921,2526.0
2025-11-04 16:00:00,1.1492,1.14948,1.1473200000000001,1.14809,3315.0
2025-11-04 17:00:00,1.14807,1.14929,1.14745,1.14916,3202.0
2025-11-04 18:00:00,1.14916,1.14967,1.14874,1.14897,2704.0
2025-11-04 19:00:00,1.14899,1.14902,1.14836,1.1484,1339.0
2025-11-04 20:00:00,1.1484,1.14867,1.14812,1.14841,1116.0
2025-11-04 21:00:00,1.1484,1.14873,1.14788,1.1479300000000001,1298.0
2025-11-04 22:00:00,1.1479300000000001,1.14834,1.14751,1.14799,1190.0
2025-11-04 23:00:00,1.14799,1.14828,1.14791,1.14822,1043.0
2025-11-05 00:00:00,1.14815,1.14844,1.14791,1.14826,835.0
2025-11-05 01:00:00,1.14826,1.14859,1.14824,1.14853,554.0
2025-11-05 02:00:00,1.14853,1.14856,1.14807,1.1484,1519.0
2025-11-05 03:00:00,1.1484,1.14981,1.14797,1.14894,2635.0
2025-11-05 04:00:00,1.14894,1.14923,1.14851,1.14887,1547.0
2025-11-05 05:00:00,1.14885,1.1492499999999999,1.14859,1.1489,1496.0
2025-11-05 06:00:00,1.1489,1.14919,1.14877,1.14909,646.0
2025-11-05 07:00:00,1.14909,1.14944,1.14895,1.14918,886.0
2025-11-05 08:00:00,1.14918,1.14944,1.14869,1.1488,1103.0
2025-11-05 09:00:00,1.1488,1.1491,1.14834,1.14869,1673.0
2025-11-05 10:00:00,1.14872,1.14955,1.14858,1.14889,2135.0
2025-11-05 11:00:00,1.14885,1.14927,1.14817,1.14845,1796.0
2025-11-05 12:00:00,1.14845,1.14852,1.14761,1.14833,1637.0
2025-11-05 13:00:00,1.14834,1.14892,1.14788,1.14882,1437.0
2025-11-05 14:00:00,1.14882,1.14926,1.14871,1.1491,1845.0
2025-11-05 15:00:00,1.14909,1.14936,1.14729,1.14736,3096.0
2025-11-05 16:00:00,1.14736,1.14932,1.14687,1.14872,3109.0
2025-11-05 17:00:00,1.14792,1.14874,1.14701,1.14791,5226.0
2025-11-05 18:00:00,1.1479300000000001,1.14856,1.14702,1.14839,3117.0
2025-11-05 19:00:00,1.1484,1.14861,1.14764,1.14805,1603.0
2025-11-05 20:00:00,1.14805,1.14836,1.14788,1.14816,1165.0
2025-11-05 21:00:00,1.14816,1.14876,1.14805,1.14862,853.0
2025-11-05 22:00:00,1.14863,1.14918,1.14863,1.14883,805.0
2025-11-05 23:00:00,1.14887,1.1494,1.14875,1.14924,726.0
2025-11-06 00:00:00,1.14918,1.14923,1.1476899999999999,1.14918,598.0
2025-11-06 01:00:00,1.14918,1.14969,1.14907,1.14959,742.0
2025-11-06 02:00:00,1.14958,1.1502,1.14933,1.15008,1210.0
2025-11-06 03:00:00,1.1501000000000001,1.1509,1.1501000000000001,1.15073,1278.0
2025-11-06 04:00:00,1.15073,1.15088,1.15031,1.15054,929.0
2025-11-06 05:00:00,1.15054,1.15079,1.15033,1.1507100000000001,736.0
2025-11-06 06:00:00,1.1507100000000001,1.15084,1.15038,1.1507100000000001,595.0
2025-11-06 07:00:00,1.1507100000000001,1.1511,1.1503700000000001,1.15102,911.0
2025-11-06 08:00:00,1.15102,1.15136,1.15054,1.15073,1206.0
2025-11-06 09:00:00,1.15073,1.15134,1.1507,1.15083,1762.0
2025-11-06 10:00:00,1.15085,1.15236,1.15061,1.15213,2634.0
2025-11-06 11:00:00,1.15214,1.15238,1.15112,1.15135,2055.0
2025-11-06 12:00:00,1.15135,1.15175,1.15102,1.15106,1516.0
2025-11-06 13:00:00,1.15105,1.1521,1.15103,1.1520299999999999,1628.0
2025-11-06 14:00:00,1.1520299999999999,1.15328,1.15141,1.15308,3106.0
2025-11-06 15:00:00,1.15308,1.15442,1.1529099999999999,1.15357,3263.0
2025-11-06 16:00:00,1.15357,1.15375,1.152,1.15204,3208.0
2025-11-06 17:00:00,1.15204,1.15429,1.15191,1.15395,3970.0
2025-11-06 18:00:00,1.15395,1.15418,1.15316,1.15379,3360.0
2025-11-06 19:00:00,1.15379,1.15428,1.15298,1.15408,2580.0
2025-11-06 20:00:00,1.15408,1.15501,1.15393,1.15471,1722.0
2025-11-06 21:00:00,1.15471,1.15524,1.15419,1.15444,1507.0
2025-11-06 22:00:00,1.15444,1.1549,1.15429,1.15476,1138.0
2025-11-06 23:00:00,1.15477,1.15489,1.1544699999999999,1.15471,971.0
2025-11-07 00:00:00,1.1547,1.15478,1.15297,1.1541299999999999,2356.0
2025-11-07 01:00:00,1.15418,1.15515,1.15418,1.15487,638.0
2025-11-07 02:00:00,1.1549,1.15492,1.15377,1.15396,1493.0
2025-11-07 03:00:00,1.15395,1.1541299999999999,1.15362,1.15382,2111.0
2025-11-07 04:00:00,1.15382,1.1543,1.15382,1.15401,1222.0
2025-11-07 05:00:00,1.15404,1.15412,1.1535,1.15382,969.0
2025-11-07 06:00:00,1.15382,1.15382,1.1532499999999999,1.15366,934.0
2025-11-07 07:00:00,1.15366,1.15387,1.15326,1.15341,859.0
2025-11-07 08:00:00,1.15344,1.15359,1.15296,1.1531,1466.0
2025-11-07 09:00:00,1.1531,1.15362,1.15308,1.15328,1753.0
2025-11-07 10:00:00,1.15328,1.15404,1.15297,1.1535,2288.0
2025-11-07 11:00:00,1.15349,1.15423,1.15345,1.15383,1763.0
2025-11-07 12:00:00,1.15382,1.1552,1.15375,1.15501,1783.0
2025-11-07 13:00:00,1.15501,1.15611,1.15494,1.15582,2069.0
2025-11-07 14:00:00,1.15581,1.15653,1.15538,1.15557,2426.0
2025-11-07 15:00:00,1.1556,1.15698,1.15558,1.15676,3343.0
2025-11-07 16:00:00,1.15676,1.15789,1.15655,1.15738,3401.0
2025-11-07 17:00:00,1.15734,1.15912,1.15713,1.1571799999999999,3993.0
2025-11-07 18:00:00,1.1571799999999999,1.15824,1.15713,1.15778,2263.0
2025-11-07 19:00:00,1.15777,1.15823,1.1571500000000001,1.15805,1637.0
2025-11-07 20:00:00,1.15805,1.15836,1.15677,1.15683,1228.0
2025-11-10 00:00:00,1.15547,1.15574,1.15541,1.15551,342.0
2025-11-10 01:00:00,1.15551,1.1557,1.15415,1.15434,1969.0
2025-11-10 02:00:00,1.15434,1.15598,1.15432,1.15545,2716.0
2025-11-10 03:00:00,1.15545,1.15605,1.15466,1.15582,2306.0
2025-11-10 04:00:00,1.15583,1.15608,1.15549,1.15578,1304.0
2025-11-10 05:00:00,1.15579,1.15586,1.15513,1.15546,1323.0
2025-11-10 06:00:00,1.15547,1.15626,1.15547,1.15611,1010.0
2025-11-10 07:00:00,1.15611,1.15666,1.15578,1.15619,1267.0
2025-11-10 08:00:00,1.15619,1.15649,1.15515,1.1554,1585.0
2025-11-10 09:00:00,1.1554,1.1572,1.15534,1.15678,2282.0
2025-11-10 10:00:00,1.15677,1.15831,1.15653,1.15723,2691.0
2025-11-10 11:00:00,1.15723,1.15739,1.15641,1.15683,2154.0
2025-11-10 12:00:00,1.15683,1.15714,1.15613,1.15627,1906.0
2025-11-10 13:00:00,1.15626,1.15643,1.15541,1.15634,1620.0
2025-11-10 14:00:00,1.15634,1.15757,1.15629,1.1568100000000001,2081.0
2025-11-10 15:00:00,1.1568100000000001,1.1578,1.15669,1.15679,2572.0
2025-11-10 16:00:00,1.15679,1.15685,1.15594,1.15646,2760.0
2025-11-10 17:00:00,1.15645,1.1567,1.15452,1.15454,3063.0
2025-11-10 18:00:00,1.15455,1.1555,1.1543,1.15449,2613.0
2025-11-10 19:00:00,1.15449,1.15613,1.15412,1.15607,2145.0
2025-11-10 20:00:00,1.15607,1.1565,1.1558,1.15585,1225.0
2025-11-10 21:00:00,1.15585,1.15631,1.1558,1.1561,1102.0
2025-11-10 22:00:00,1.1561,1.15646,1.15605,1.1564,827.0
2025-11-10 23:00:00,1.1564,1.15641,1.15551,1.1557,690.0
2025-11-11 00:00:00,1.15555,1.1558,1.15455,1.15561,965.0
2025-11-11 01:00:00,1.15561,1.15604,1.15553,1.15567,723.0
2025-11-11 02:00:00,1.1556899999999999,1.1559599999999999,1.15519,1.15523,1320.0
2025-11-11 03:00:00,1.15523,1.15548,1.15472,1.15547,1485.0
2025-11-11 04:00:00,1.15547,1.15571,1.15519,1.15534,990.0
2025-11-11 05:00:00,1.15534,1.15582,1.15534,1.15565,864.0
2025-11-11 06:00:00,1.15564,1.15594,1.15554,1.1558,799.0
2025-11-11 07:00:00,1.1558,1.15652,1.15577,1.15617,1186.0
2025-11-11 08:00:00,1.15617,1.15631,1.15504,1.15522,1392.0
2025-11-11 09:00:00,1.15525,1.15608,1.15497,1.15599,2480.0
2025-11-11 10:00:00,1.15601,1.15683,1.15545,1.15545,2246.0
2025-11-11 11:00:00,1.15545,1.15686,1.1553499999999999,1.15648,1944.0
2025-11-11 12:00:00,1.15647,1.15747,1.15625,1.1573,1690.0
2025-11-11 13:00:00,1.1573,1.15778,1.15701,1.15719,1545.0
2025-11-11 14:00:00,1.1572,1.15772,1.15686,1.15704,1749.0
2025-11-11 15:00:00,1.15704,1.16056,1.15704,1.1601,4265.0
2025-11-11 16:00:00,1.16011,1.1605,1.15934,1.16006,3008.0
2025-11-11 17:00:00,1.16006,1.16032,1.15915,1.1595,3072.0
2025-11-11 18:00:00,1.15951,1.16,1.15907,1.15933,2178.0
2025-11-11 19:00:00,1.15933,1.15993,1.15907,1.15952,1259.0
2025-11-11 20:00:00,1.15949,1.15956,1.15913,1.15926,891.0
2025-11-11 21:00:00,1.15926,1.1593,1.15835,1.15843,1292.0
2025-11-11 22:00:00,1.15843,1.15892,1.15834,1.15834,984.0
2025-11-11 23:00:00,1.15834,1.15856,1.15808,1.1582,858.0
2025-11-12 00:00:00,1.1582,1.15854,1.15779,1.15845,653.0
2025-11-12 01:00:00,1.15845,1.15873,1.15817,1.15869,660.0
2025-11-12 02:00:00,1.15869,1.15869,1.1579,1.15794,1402.0
2025-11-12 03:00:00,1.15794,1.15822,1.15746,1.15754,1446.0
2025-11-12 04:00:00,1.15754,1.15798,1.15753,1.1579,910.0
2025-11-12 05:00:00,1.1579,1.15815,1.15755,1.15775,838.0
2025-11-12 06:00:00,1.15775,1.15786,1.15701,1.15722,1045.0
2025-11-12 07:00:00,1.15722,1.15787,1.15712,1.15762,1397.0
2025-11-12 08:00:00,1.15762,1.15824,1.1575199999999999,1.15822,1086.0
2025-11-12 09:00:00,1.15824,1.15884,1.1581299999999999,1.15835,1925.0
2025-11-12 10:00:00,1.15838,1.15878,1.1577,1.15773,2562.0
2025-11-12 11:00:00,1.15774,1.15805,1.15684,1.15703,2324.0
2025-11-12 12:00:00,1.15703,1.15755,1.15651,1.15702,1956.0
2025-11-12 13:00:00,1.15701,1.1578,1.15656,1.1578,1933.0
2025-11-12 14:00:00,1.1578,1.1580300000000001,1.15717,1.15769,2357.0
2025-11-12 15:00:00,1.15769,1.15798,1.15663,1.15722,2546.0
2025-11-12 16:00:00,1.15722,1.15757,1.15631,1.15756,3073.0
2025-11-12 17:00:00,1.15755,1.1595900000000001,1.15729,1.15941,3350.0
2025-11-12 18:00:00,1.1594,1.15978,1.15884,1.15912,2436.0
2025-11-12 19:00:00,1.15913,1.15972,1.15912,1.15932,1496.0
2025-11-12 20:00:00,1.15932,1.15943,1.15889,1.15896,1140.0
2025-11-12 21:00:00,1.15896,1.15903,1.1584,1.15866,1142.0
2025-11-12 22:00:00,1.15866,1.1590799999999999,1.15855,1.15892,830.0
2025-11-12 23:00:00,1.15894,1.15928,1.1585,1.15921,875.0
2025-11-13 00:00:00,1.15926,1.15926,1.15867,1.15888,1252.0
2025-11-13 01:00:00,1.15888,1.15942,1.15868,1.15915,557.0
2025-11-13 02:00:00,1.15917,1.15919,1.1580300000000001,1.15804,1682.0
2025-11-13 03:00:00,1.1580300000000001,1.1589800000000001,1.15789,1.15895,1869.0
2025-11-13 04:00:00,1.15895,1.15932,1.15853,1.15895,1196.0
2025-11-13 05:00:00,1.15895,1.15916,1.15868,1.1589800000000001,901.0
2025-11-13 06:00:00,1.1589800000000001,1.15918,1.1587399999999999,1.15901,803.0
2025-11-13 07:00:00,1.15901,1.1591,1.1580300000000001,1.1582,919.0
2025-11-13 08:00:00,1.15818,1.15859,1.15812,1.15857,1254.0
2025-11-13 09:00:00,1.15857,1.16124,1.15831,1.16115,2467.0
2025-11-13 10:00:00,1.16115,1.16294,1.16102,1.1628,2900.0
2025-11-13 11:00:00,1.1628,1.16349,1.16109,1.16166,3402.0
2025-11-13 12:00:00,1.16167,1.16236,1.16114,1.16159,2081.0
2025-11-13 13:00:00,1.16158,1.16205,1.16046,1.16063,2332.0
2025-11-13 14:00:00,1.16063,1.16231,1.1605699999999999,1.16229,2615.0
2025-11-13 15:00:00,1.16231,1.1625,1.1611799999999999,1.16205,2881.0
2025-11-13 16:00:00,1.16205,1.16311,1.1617,1.16279,3628.0
2025-11-13 17:00:00,1.16279,1.16432,1.16231,1.16392,4093.0
2025-11-13 18:00:00,1.16392,1.16489,1.16366,1.16488,3519.0
2025-11-13 19:00:00,1.16488,1.1656,1.16459,1.16512,2738.0
2025-11-13 20:00:00,1.16512,1.1651799999999999,1.16367,1.16383,2598.0
2025-11-13 21:00:00,1.16383,1.16414,1.16351,1.16357,1528.0
2025-11-13 22:00:00,1.16354,1.16393,1.16326,1.16331,1174.0
2025-11-13 23:00:00,1.16331,1.16375,1.16309,1.16339,897.0
2025-11-14 00:00:00,1.16321,1.16368,1.16207,1.16347,573.0
2025-11-14 01:00:00,1.16347,1.1635,1.16234,1.16303,1193.0
2025-11-14 02:00:00,1.16303,1.16338,1.16271,1.16329,2112.0
2025-11-14 03:00:00,1.16329,1.16392,1.16303,1.16334,2104.0
2025-11-14 04:00:00,1.16332,1.16375,1.1629800000000001,1.16358,1459.0
2025-11-14 05:00:00,1.16357,1.1645,1.16355,1.16383,1254.0
2025-11-14 06:00:00,1.16383,1.1643,1.16379,1.16421,969.0
2025-11-14 07:00:00,1.16421,1.16482,1.16394,1.16478,1381.0
2025-11-14 08:00:00,1.16478,1.16487,1.1633499999999999,1.16377,1853.0
2025-11-14 09:00:00,1.16377,1.16466,1.1632,1.1633,2667.0
2025-11-14 10:00:00,1.1633,1.16369,1.16204,1.16297,4519.0
2025-11-14 11:00:00,1.16297,1.16313,1.1620300000000001,1.16221,2698.0
2025-11-14 12:00:00,1.16215,1.16219,1.16125,1.16136,2390.0
2025-11-14 13:00:00,1.16135,1.162,1.16089,1.16196,2429.0
2025-11-14 14:00:00,1.16197,1.16529,1.16168,1.16527,3775.0
2025-11-14 15:00:00,1.16528,1.16538,1.16338,1.16378,4422.0
2025-11-14 16:00:00,1.16378,1.16385,1.16212,1.16233,4768.0
2025-11-14 17:00:00,1.16233,1.16253,1.16062,1.16132,4126.0
2025-11-14 18:00:00,1.16132,1.16227,1.16099,1.1616900000000001,2889.0
2025-11-14 19:00:00,1.1616900000000001,1.1618,1.16079,1.1614,2007.0
2025-11-14 20:00:00,1.16141,1.1618,1.16097,1.16164,1858.0
2025-11-17 00:00:00,1.16143,1.1623,1.16072,1.16202,744.0
2025-11-17 01:00:00,1.16202,1.16247,1.16115,1.16147,922.0
2025-11-17 02:00:00,1.16147,1.16148,1.1605,1.16063,1800.0
2025-11-17 03:00:00,1.16063,1.16101,1.16053,1.16066,1432.0
2025-11-17 04:00:00,1.16066,1.16066,1.16014,1.16021,998.0
2025-11-17 05:00:00,1.16021,1.16021,1.15964,1.15988,921.0
2025-11-17 06:00:00,1.15988,1.16034,1.15976,1.16029,656.0
2025-11-17 07:00:00,1.16029,1.16052,1.15991,1.16003,842.0
2025-11-17 08:00:00,1.16003,1.16087,1.15951,1.16076,1259.0
2025-11-17 09:00:00,1.16075,1.1615,1.16066,1.16133,1847.0
2025-11-17 10:00:00,1.16133,1.16149,1.15994,1.16032,2365.0
2025-11-17 11:00:00,1.16032,1.1604700000000001,1.1597,1.16015,2188.0
2025-11-17 12:00:00,1.16015,1.1608100000000001,1.15961,1.15966,1975.0
2025-11-17 13:00:00,1.15965,1.16031,1.1595,1.16012,1933.0
2025-11-17 14:00:00,1.16012,1.1604700000000001,1.15958,1.15988,1914.0
2025-11-17 15:00:00,1.15989,1.15995,1.15887,1.15912,2773.0
2025-11-17 16:00:00,1.15912,1.15952,1.15832,1.15859,2861.0
2025-11-17 17:00:00,1.15859,1.15982,1.15821,1.15975,3180.0
2025-11-17 18:00:00,1.15976,1.1602000000000001,1.15937,1.15972,2051.0
2025-11-17 19:00:00,1.15973,1.15993,1.15913,1.15938,1330.0
2025-11-17 20:00:00,1.15938,1.15947,1.15882,1.1591,1525.0
2025-11-17 21:00:00,1.1590799999999999,1.15952,1.15836,1.1584,1821.0
2025-11-17 22:00:00,1.1584,1.1590799999999999,1.15826,1.15886,1464.0
2025-11-17 23:00:00,1.15887,1.15922,1.15872,1.1592,784.0
2025-11-18 00:00:00,1.15912,1.15919,1.15795,1.15896,590.0
2025-11-18 01:00:00,1.15896,1.15943,1.15869,1.15901,642.0
2025-11-18 02:00:00,1.15901,1.15901,1.1585,1.1587,1278.0
2025-11-18 03:00:00,1.1587,1.15933,1.1584699999999999,1.1590799999999999,1537.0
2025-11-18 04:00:00,1.15909,1.15939,1.15881,1.1593,1094.0
2025-11-18 05:00:00,1.15931,1.1595900000000001,1.15912,1.15924,1238.0
2025-11-18 06:00:00,1.1592500000000001,1.16038,1.1589,1.15995,2144.0
2025-11-18 07:00:00,1.15995,1.16005,1.15954,1.15979,1264.0
2025-11-18 08:00:00,1.15979,1.16011,1.15932,1.15944,1582.0
2025-11-18 09:00:00,1.15944,1.15999,1.15911,1.15911,2873.0
2025-11-18 10:00:00,1.15911,1.16064,1.15899,1.15919,3215.0
2025-11-18 11:00:00,1.15919,1.15957,1.15875,1.15894,2311.0
2025-11-18 12:00:00,1.15893,1.15909,1.15796,1.15821,1948.0
2025-11-18 13:00:00,1.15821,1.15887,1.15801,1.15848,1734.0
2025-11-18 14:00:00,1.15848,1.15928,1.15831,1.15923,2209.0
2025-11-18 15:00:00,1.1592,1.16021,1.15884,1.1596899999999999,3796.0
2025-11-18 16:00:00,1.15968,1.16023,1.15929,1.16001,3126.0
2025-11-18 17:00:00,1.16001,1.16078,1.15817,1.15819,3910.0
2025-11-18 18:00:00,1.1582,1.1584,1.15726,1.15789,3577.0
2025-11-18 19:00:00,1.15789,1.15807,1.1571500000000001,1.15756,1932.0
2025-11-18 20:00:00,1.15757,1.15858,1.1575199999999999,1.15821,1617.0
2025-11-18 21:00:00,1.15821,1.15871,1.15804,1.15855,1317.0
2025-11-18 22:00:00,1.15855,1.15871,1.15788,1.15807,1165.0
2025-11-18 23:00:00,1.15807,1.15835,1.15777,1.1580300000000001,837.0
2025-11-19 00:00:00,1.1580300000000001,1.15815,1.15688,1.15753,1262.0
2025-11-19 01:00:00,1.15753,1.15818,1.15743,1.15802,764.0
2025-11-19 02:00:00,1.15802,1.15841,1.15786,1.15824,1681.0
2025-11-19 03:00:00,1.15824,1.15851,1.15759,1.15767,1930.0
2025-11-19 04:00:00,1.15767,1.15819,1.15725,1.15788,1454.0
2025-11-19 05:00:00,1.15789,1.1584,1.1577,1.15838,1392.0
2025-11-19 06:00:00,1.15838,1.15843,1.15775,1.15843,1218.0
2025-11-19 07:00:00,1.15843,1.1590799999999999,1.15834,1.1589,1515.0
2025-11-19 08:00:00,1.15891,1.15916,1.15866,1.15869,1451.0
2025-11-19 09:00:00,1.15868,1.15973,1.15774,1.1581299999999999,2664.0
2025-11-19 10:00:00,1.1581299999999999,1.1589,1.15712,1.15738,2710.0
2025-11-19 11:00:00,1.15737,1.15806,1.15656,1.15733,2760.0
2025-11-19 12:00:00,1.15732,1.1577600000000001,1.15675,1.15692,2696.0
2025-11-19 13:00:00,1.1569099999999999,1.15875,1.15685,1.1586400000000001,2747.0
2025-11-19 14:00:00,1.15866,1.15893,1.1576,1.15783,2173.0
2025-11-19 15:00:00,1.15783,1.15909,1.1571,1.15729,2551.0
2025-11-19 16:00:00,1.15729,1.15739,1.15549,1.15554,3697.0
2025-11-19 17:00:00,1.15553,1.15563,1.15404,1.15468,3783.0
2025-11-19 18:00:00,1.15467,1.15476,1.15348,1.15397,3034.0
2025-11-19 19:00:00,1.15397,1.15424,1.1526,1.15331,3047.0
2025-11-19 20:00:00,1.15333,1.15375,1.15292,1.15299,2101.0
2025-11-19 21:00:00,1.15297,1.15311,1.15181,1.15211,3087.0
2025-11-19 22:00:00,1.1521,1.15287,1.15202,1.1526399999999999,1518.0
2025-11-19 23:00:00,1.15263,1.15385,1.15232,1.15383,1342.0
2025-11-20 00:00:00,1.15365,1.15383,1.15295,1.15375,341.0
2025-11-20 01:00:00,1.15375,1.15421,1.15365,1.15394,1010.0
2025-11-20 02:00:00,1.15394,1.15394,1.15288,1.15343,1955.0
2025-11-20 03:00:00,1.15343,1.15354,1.15223,1.15228,1948.0
2025-11-20 04:00:00,1.15228,1.15235,1.15151,1.15202,1679.0
2025-11-20 05:00:00,1.15202,1.15225,1.151,1.1514199999999999,1621.0
2025-11-20 06:00:00,1.1514199999999999,1.15205,1.1513200000000001,1.15196,1049.0
2025-11-20 07:00:00,1.15196,1.15198,1.15141,1.15158,1281.0
2025-11-20 08:00:00,1.15157,1.15232,1.15136,1.15199,1639.0
2025-11-20 09:00:00,1.15197,1.15229,1.15151,1.15199,2490.0
2025-11-20 10:00:00,1.15199,1.15234,1.15115,1.15211,2857.0
2025-11-20 11:00:00,1.1521,1.15278,1.15172,1.15277,2186.0
2025-11-20 12:00:00,1.15275,1.15295,1.15244,1.15273,2064.0
2025-11-20 13:00:00,1.15273,1.15273,1.15131,1.15144,1968.0
2025-11-20 14:00:00,1.15145,1.15168,1.15072,1.15109,1944.0
2025-11-20 15:00:00,1.15109,1.15398,1.14994,1.15278,6444.0
2025-11-20 16:00:00,1.15277,1.155,1.15232,1.1535,5837.0
2025-11-20 17:00:00,1.15349,1.15368,1.15201,1.15276,3915.0
2025-11-20 18:00:00,1.15276,1.15412,1.15276,1.15336,3936.0
2025-11-20 19:00:00,1.15338,1.15382,1.15251,1.15288,3754.0
2025-11-20 20:00:00,1.15288,1.15367,1.15269,1.15366,2149.0
2025-11-20 21:00:00,1.15366,1.15406,1.15355,1.1538,1662.0
2025-11-20 22:00:00,1.1538,1.15385,1.1526,1.15261,1258.0
2025-11-20 23:00:00,1.15262,1.15284,1.1524,1.15284,972.0
2025-11-21 00:00:00,1.15274,1.15292,1.1514199999999999,1.15274,1536.0
2025-11-21 01:00:00,1.15274,1.15346,1.15236,1.15336,1081.0
2025-11-21 02:00:00,1.15336,1.1536,1.15283,1.15353,1553.0
2025-11-21 03:00:00,1.1535199999999999,1.15384,1.1532499999999999,1.15326,1943.0
2025-11-21 04:00:00,1.15326,1.1539,1.15324,1.15358,1624.0
2025-11-21 05:00:00,1.15358,1.15379,1.15336,1.15363,1229.0
2025-11-21 06:00:00,1.15363,1.15421,1.15362,1.15387,1359.0
2025-11-21 07:00:00,1.15388,1.15419,1.15346,1.1535199999999999,1260.0
2025-11-21 08:00:00,1.1535199999999999,1.15468,1.15351,1.15415,1992.0
2025-11-21 09:00:00,1.15415,1.15479,1.15389,1.1541299999999999,2822.0
2025-11-21 10:00:00,1.15414,1.15526,1.1534200000000001,1.15411,3883.0
2025-11-21 11:00:00,1.15412,1.15428,1.1525,1.15252,3165.0
2025-11-21 12:00:00,1.15253,1.1527,1.15123,1.15199,3218.0
2025-11-21 13:00:00,1.15199,1.15228,1.15046,1.15061,2428.0
2025-11-21 14:00:00,1.1506,1.1526,1.14965,1.15248,4607.0
2025-11-21 15:00:00,1.15246,1.1527,1.15157,1.15208,3202.0
2025-11-21 16:00:00,1.15207,1.15234,1.15054,1.15138,3965.0
2025-11-21 17:00:00,1.1514,1.15235,1.14991,1.15029,4793.0
2025-11-21 18:00:00,1.1503,1.15055,1.14912,1.15051,3302.0
2025-11-21 19:00:00,1.15051,1.15129,1.15006,1.15072,2698.0
2025-11-21 20:00:00,1.1507100000000001,1.15084,1.15021,1.15042,1941.0
2025-11-24 00:00:00,1.15088,1.15135,1.15085,1.15131,419.0
2025-11-24 01:00:00,1.1513,1.15147,1.15061,1.1507100000000001,1130.0
2025-11-24 02:00:00,1.15072,1.15083,1.1502,1.1507,999.0
2025-11-24 03:00:00,1.1507100000000001,1.15131,1.15049,1.15105,1449.0
2025-11-24 04:00:00,1.15105,1.15183,1.15104,1.1516,1299.0
2025-11-24 05:00:00,1.1516,1.15191,1.15133,1.15161,1169.0
2025-11-24 06:00:00,1.15161,1.15217,1.15157,1.15208,793.0
2025-11-24 07:00:00,1.15208,1.15285,1.15207,1.15226,1349.0
2025-11-24 08:00:00,1.15226,1.15271,1.15201,1.15208,1300.0
2025-11-24 09:00:00,1.15207,1.15225,1.15113,1.1512,2176.0
2025-11-24 10:00:00,1.15121,1.15344,1.1509800000000001,1.15279,2826.0
2025-11-24 11:00:00,1.15277,1.15344,1.15246,1.15298,2498.0
2025-11-24 12:00:00,1.15297,1.15422,1.15297,1.15409,2220.0
2025-11-24 13:00:00,1.15409,1.15471,1.15363,1.15454,1556.0
2025-11-24 14:00:00,1.15454,1.15506,1.15363,1.15475,2133.0
2025-11-24 15:00:00,1.15475,1.155,1.15373,1.15384,2390.0
2025-11-24 16:00:00,1.15384,1.15412,1.15263,1.15269,3114.0
2025-11-24 17:00:00,1.15268,1.15301,1.15168,1.1529,3125.0
2025-11-24 18:00:00,1.1529,1.15309,1.15173,1.15179,1899.0
2025-11-24 19:00:00,1.15179,1.15198,1.15116,1.1518,1623.0
2025-11-24 20:00:00,1.1518,1.15284,1.15173,1.15278,1194.0
2025-11-24 21:00:00,1.15278,1.1529099999999999,1.15231,1.15277,1076.0
2025-11-24 22:00:00,1.15278,1.15284,1.15222,1.15224,1141.0
2025-11-24 23:00:00,1.15224,1.15234,1.15194,1.1521,576.0
2025-11-25 00:00:00,1.15204,1.1525,1.15144,1.15236,578.0
2025-11-25 01:00:00,1.15236,1.15253,1.15188,1.1520299999999999,772.0
2025-11-25 02:00:00,1.15204,1.15235,1.15188,1.15233,1096.0
2025-11-25 03:00:00,1.15231,1.153,1.1522000000000001,1.15258,1694.0
2025-11-25 04:00:00,1.15259,1.15286,1.15224,1.15284,1154.0
2025-11-25 05:00:00,1.15284,1.15303,1.15172,1.1518,1169.0
2025-11-25 06:00:00,1.1518,1.1518,1.15144,1.1515,722.0
2025-11-25 07:00:00,1.1515,1.15183,1.15116,1.1516899999999999,832.0
2025-11-25 08:00:00,1.1516899999999999,1.15217,1.15148,1.15184,1212.0
2025-11-25 09:00:00,1.15184,1.15304,1.15177,1.15228,2102.0
2025-11-25 10:00:00,1.15228,1.15337,1.15207,1.15286,2543.0
2025-11-25 11:00:00,1.15286,1.15367,1.15274,1.1534,2168.0
2025-11-25 12:00:00,1.15339,1.15411,1.15323,1.1539,1989.0
2025-11-25 13:00:00,1.15389,1.15389,1.15247,1.15269,1911.0
2025-11-25 14:00:00,1.15269,1.15565,1.15255,1.1544699999999999,3273.0
2025-11-25 15:00:00,1.15452,1.15623,1.15426,1.15583,4679.0
2025-11-25 16:00:00,1.15584,1.1572,1.15522,1.15667,4446.0
2025-11-25 17:00:00,1.15667,1.15841,1.15617,1.15625,4094.0
2025-11-25 18:00:00,1.15625,1.15719,1.15499,1.1553,2705.0
2025-11-25 19:00:00,1.15528,1.15839,1.15522,1.15824,4075.0
2025-11-25 20:00:00,1.15824,1.1586,1.15766,1.15796,2699.0
2025-11-25 21:00:00,1.15796,1.15856,1.15741,1.15839,1704.0
2025-11-25 22:00:00,1.15838,1.15845,1.15582,1.15652,1938.0
2025-11-25 23:00:00,1.1565,1.15724,1.15644,1.15694,886.0
2025-11-26 00:00:00,1.15695,1.15695,1.15655,1.15683,450.0
2025-11-26 01:00:00,1.15683,1.15732,1.15644,1.15649,772.0
2025-11-26 02:00:00,1.15649,1.15723,1.15633,1.15683,2114.0
2025-11-26 03:00:00,1.15682,1.15832,1.15653,1.15772,3195.0
2025-11-26 04:00:00,1.15772,1.15868,1.15749,1.15816,2417.0
2025-11-26 05:00:00,1.15816,1.15916,1.15809,1.15907,1890.0
2025-11-26 06:00:00,1.15907,1.15917,1.15824,1.1583700000000001,1439.0
2025-11-26 07:00:00,1.15838,1.15915,1.15826,1.15911,1387.0
2025-11-26 08:00:00,1.15911,1.1596,1.15838,1.15863,1857.0
2025-11-26 09:00:00,1.15863,1.15922,1.1575199999999999,1.15793,2615.0
2025-11-26 10:00:00,1.15794,1.1581,1.15659,1.15721,2907.0
2025-11-26 11:00:00,1.15723,1.15799,1.15684,1.1571799999999999,2345.0
2025-11-26 12:00:00,1.15719,1.1578,1.15683,1.15737,2106.0
2025-11-26 13:00:00,1.15737,1.15808,1.1568,1.15744,3064.0
2025-11-26 14:00:00,1.15743,1.158,1.1569099999999999,1.15722,4271.0
2025-11-26 15:00:00,1.15723,1.15841,1.15486,1.15524,5794.0
2025-11-26 16:00:00,1.15524,1.15819,1.15471,1.15788,3918.0
2025-11-26 17:00:00,1.15788,1.15948,1.15781,1.15895,4264.0
2025-11-26 18:00:00,1.15896,1.16008,1.15888,1.15904,3158.0
2025-11-26 19:00:00,1.15904,1.15939,1.15854,1.1593,2416.0
2025-11-26 20:00:00,1.15929,1.15965,1.15893,1.15933,1451.0
2025-11-26 21:00:00,1.15933,1.15965,1.15906,1.15938,1275.0
2025-11-26 22:00:00,1.15939,1.15975,1.15923,1.15944,1099.0
2025-11-26 23:00:00,1.15943,1.1597,1.15937,1.15968,847.0
2025-11-27 00:00:00,1.15909,1.15965,1.15878,1.15931,601.0
2025-11-27 01:00:00,1.15924,1.16023,1.15916,1.16019,892.0
2025-11-27 02:00:00,1.1602000000000001,1.16051,1.15999,1.16022,1227.0
2025-11-27 03:00:00,1.16022,1.16127,1.16008,1.16092,2055.0
2025-11-27 04:00:00,1.16093,1.16136,1.16006,1.16038,1610.0
2025-11-27 05:00:00,1.16038,1.16066,1.16,1.16021,1313.0
2025-11-27 06:00:00,1.16021,1.16054,1.16003,1.16009,1183.0
2025-11-27 07:00:00,1.16011,1.16066,1.16009,1.16021,1522.0
2025-11-27 08:00:00,1.16024,1.16054,1.15913,1.1592500000000001,1709.0
2025-11-27 09:00:00,1.1592500000000001,1.15938,1.15859,1.15917,1851.0
2025-11-27 10:00:00,1.15918,1.15957,1.15868,1.15929,2285.0
2025-11-27 11:00:00,1.15929,1.15938,1.15766,1.1577600000000001,2414.0
2025-11-27 12:00:00,1.1577600000000001,1.15851,1.15773,1.1584,1739.0
2025-11-27 13:00:00,1.1584,1.15877,1.15788,1.15861,1850.0
2025-11-27 14:00:00,1.15861,1.15904,1.15821,1.15833,1479.0
2025-11-27 15:00:00,1.15832,1.1597,1.15832,1.15948,1844.0
2025-11-27 16:00:00,1.15948,1.15979,1.15904,1.1595,1735.0
2025-11-27 17:00:00,1.15949,1.15997,1.15922,1.15943,1638.0
2025-11-27 18:00:00,1.15943,1.16003,1.15923,1.15995,986.0
2025-11-27 19:00:00,1.15995,1.16014,1.15918,1.1595,775.0
2025-11-27 20:00:00,1.1595,1.15955,1.15912,1.15918,401.0
2025-11-27 21:00:00,1.15918,1.15961,1.15918,1.15953,329.0
2025-11-27 22:00:00,1.15953,1.15963,1.15944,1.15949,410.0
2025-11-27 23:00:00,1.1595,1.15968,1.1595,1.15957,292.0
2025-11-28 00:00:00,1.15951,1.15963,1.15878,1.15947,492.0
2025-11-28 01:00:00,1.15947,1.16016,1.15937,1.15998,612.0
2025-11-28 02:00:00,1.15998,1.16021,1.15922,1.15942,2040.0
2025-11-28 03:00:00,1.15942,1.15988,1.15817,1.15832,1852.0
2025-11-28 04:00:00,1.15833,1.15881,1.15814,1.15844,2908.0
2025-11-28 05:00:00,1.15844,1.15906,1.15825,1.15873,3611.0
2025-11-28 06:00:00,1.15871,1.15919,1.15857,1.1589800000000001,1781.0
2025-11-28 07:00:00,1.1589800000000001,1.1593,1.15822,1.15888,5455.0
2025-11-28 08:00:00,1.15888,1.15899,1.15812,1.15845,6227.0
2025-11-28 09:00:00,1.15846,1.15905,1.15778,1.15802,6326.0
2025-11-28 10:00:00,1.15802,1.15825,1.15664,1.15701,5838.0
2025-11-28 11:00:00,1.15704,1.15798,1.15672,1.15684,8092.0
2025-11-28 12:00:00,1.15688,1.15708,1.15552,1.15595,4686.0
2025-11-28 13:00:00,1.15595,1.1569,1.15558,1.15677,4314.0
2025-11-28 14:00:00,1.15679,1.15728,1.15619,1.15663,4742.0
2025-11-28 15:00:00,1.15662,1.15785,1.15627,1.15747,6645.0
2025-11-28 16:00:00,1.15747,1.1585,1.15711,1.15845,3947.0
2025-11-28 17:00:00,1.15845,1.16075,1.15796,1.16074,4407.0
2025-11-28 18:00:00,1.16076,1.16076,1.15927,1.1599,3168.0
2025-11-28 19:00:00,1.1599,1.16043,1.15934,1.16028,1697.0
2025-11-28 20:00:00,1.1602999999999999,1.16045,1.1595900000000001,1.16013,1365.0
2025-12-01 00:00:00,1.15936,1.1598600000000001,1.15871,1.15965,761.0
2025-12-01 01:00:00,1.15971,1.16078,1.15955,1.1601,1488.0
2025-12-01 02:00:00,1.1601,1.16072,1.15977,1.16032,2174.0
2025-12-01 03:00:00,1.16032,1.16158,1.16002,1.16052,3239.0
2025-12-01 04:00:00,1.16052,1.16058,1.15928,1.1595,1986.0
2025-12-01 05:00:00,1.1595,1.15974,1.15895,1.1597,1215.0
2025-12-01 06:00:00,1.1597,1.16025,1.15947,1.15987,1098.0
2025-12-01 07:00:00,1.15987,1.16014,1.15948,1.1598,1660.0
2025-12-01 08:00:00,1.15978,1.15991,1.15905,1.15963,2046.0
2025-12-01 09:00:00,1.15964,1.16129,1.15955,1.16071,2577.0
2025-12-01 10:00:00,1.16071,1.16218,1.16041,1.16134,3710.0
2025-12-01 11:00:00,1.16134,1.16236,1.16134,1.16222,2952.0
2025-12-01 12:00:00,1.16222,1.16285,1.16191,1.16276,2596.0
2025-12-01 13:00:00,1.16276,1.16322,1.16242,1.16279,2343.0
2025-12-01 14:00:00,1.16279,1.1649,1.16266,1.16488,2996.0
2025-12-01 15:00:00,1.16488,1.16519,1.16395,1.1645,3558.0
2025-12-01 16:00:00,1.1645,1.16451,1.16303,1.1632,4013.0
2025-12-01 17:00:00,1.16348,1.16405,1.16228,1.16288,4361.0
2025-12-01 18:00:00,1.16288,1.16342,1.16211,1.16229,2890.0
2025-12-01 19:00:00,1.16229,1.16289,1.1617899999999999,1.16207,2132.0
2025-12-01 20:00:00,1.16208,1.16235,1.16117,1.16119,1625.0
2025-12-01 21:00:00,1.16119,1.16123,1.16072,1.16086,1326.0
2025-12-01 22:00:00,1.16085,1.161,1.16067,1.16096,979.0
2025-12-01 23:00:00,1.16095,1.16109,1.16077,1.16087,511.0
2025-12-02 00:00:00,1.16092,1.16092,1.16011,1.16072,176.0
2025-12-02 01:00:00,1.16072,1.16103,1.16065,1.16067,543.0
2025-12-02 02:00:00,1.16067,1.16095,1.16038,1.16059,1005.0
2025-12-02 03:00:00,1.16058,1.16111,1.16037,1.16093,1453.0
2025-12-02 04:00:00,1.16092,1.16119,1.16088,1.1611799999999999,775.0
2025-12-02 05:00:00,1.1611799999999999,1.16127,1.16087,1.16122,883.0
2025-12-02 06:00:00,1.16122,1.1614200000000001,1.1609,1.1609099999999999,780.0
2025-12-02 07:00:00,1.1609099999999999,1.16113,1.16072,1.16101,776.0
2025-12-02 08:00:00,1.16099,1.16111,1.16049,1.16098,1047.0
2025-12-02 09:00:00,1.16097,1.16164,1.16089,1.16127,1851.0
2025-12-02 10:00:00,1.16128,1.16163,1.1609,1.16106,2074.0
2025-12-02 11:00:00,1.16107,1.16143,1.16023,1.16103,2098.0
2025-12-02 12:00:00,1.16103,1.16123,1.15984,1.16065,2412.0
2025-12-02 13:00:00,1.16065,1.16128,1.16036,1.1611799999999999,1882.0
2025-12-02 14:00:00,1.1611799999999999,1.16193,1.16074,1.16177,2038.0
2025-12-02 15:00:00,1.1618,1.16195,1.16112,1.16176,2188.0
2025-12-02 16:00:00,1.16176,1.16233,1.16132,1.16177,3456.0
2025-12-02 17:00:00,1.16177,1.16187,1.15932,1.16063,4385.0
2025-12-02 18:00:00,1.16062,1.16098,1.15912,1.15954,3120.0
2025-12-02 19:00:00,1.15954,1.16079,1.15928,1.16072,2229.0
2025-12-02 20:00:00,1.16072,1.16133,1.16055,1.16086,1606.0
2025-12-02 21:00:00,1.16087,1.16247,1.16087,1.16207,1690.0
2025-12-02 22:00:00,1.16206,1.16261,1.16197,1.16246,1608.0
2025-12-02 23:00:00,1.16246,1.16255,1.16211,1.16249,918.0
2025-12-03 00:00:00,1.16215,1.16238,1.16086,1.16228,264.0
2025-12-03 01:00:00,1.16228,1.16292,1.16227,1.16283,728.0
2025-12-03 02:00:00,1.16283,1.16331,1.16279,1.16309,1478.0
2025-12-03 03:00:00,1.16309,1.16375,1.16306,1.16369,1559.0
2025-12-03 04:00:00,1.16369,1.16387,1.16354,1.16381,1006.0
2025-12-03 05:00:00,1.16381,1.16389,1.1637,1.16378,767.0
2025-12-03 06:00:00,1.16378,1.1642000000000001,1.1636199999999999,1.16412,719.0
2025-12-03 07:00:00,1.16412,1.16437,1.16408,1.16427,944.0
2025-12-03 08:00:00,1.16427,1.16477,1.16416,1.16429,1383.0
2025-12-03 09:00:00,1.16429,1.16527,1.16395,1.16413,2506.0
2025-12-03 10:00:00,1.16414,1.16458,1.16358,1.1644,2383.0
2025-12-03 11:00:00,1.16441,1.16479,1.16399,1.1645699999999999,2429.0
2025-12-03 12:00:00,1.1645699999999999,1.16637,1.1645,1.16607,2938.0
2025-12-03 13:00:00,1.16606,1.16659,1.1655,1.16656,1919.0
2025-12-03 14:00:00,1.16656,1.16694,1.16622,1.1663000000000001,2033.0
2025-12-03 15:00:00,1.1663000000000001,1.16754,1.16619,1.16663,3411.0
2025-12-03 16:00:00,1.16663,1.16669,1.16557,1.16626,3710.0
2025-12-03 17:00:00,1.1661,1.16681,1.16545,1.16597,4602.0
2025-12-03 18:00:00,1.16597,1.16663,1.16586,1.16596,2903.0
2025-12-03 19:00:00,1.16596,1.16708,1.16577,1.16686,1766.0
2025-12-03 20:00:00,1.16687,1.16756,1.16684,1.16718,1650.0
2025-12-03 21:00:00,1.16719,1.16776,1.16713,1.16727,1178.0
2025-12-03 22:00:00,1.16723,1.1673,1.16651,1.16657,933.0
2025-12-03 23:00:00,1.16657,1.16715,1.16642,1.16707,734.0
2025-12-04 00:00:00,1.16706,1.1673,1.16577,1.16692,329.0
2025-12-04 01:00:00,1.16692,1.16723,1.16636,1.16665,763.0
2025-12-04 02:00:00,1.16665,1.16673,1.16595,1.16629,1222.0
2025-12-04 03:00:00,1.16629,1.16648,1.16589,1.16633,1417.0
2025-12-04 04:00:00,1.16633,1.1663999999999999,1.16592,1.16604,1005.0
2025-12-04 05:00:00,1.16604,1.16604,1.16534,1.1656,929.0
2025-12-04 06:00:00,1.1656,1.16584,1.16553,1.16573,769.0
2025-12-04 07:00:00,1.16573,1.16621,1.16563,1.16597,1363.0
2025-12-04 08:00:00,1.16597,1.16599,1.16531,1.16582,1358.0
2025-12-04 09:00:00,1.16581,1.16653,1.16553,1.16652,1758.0
2025-12-04 10:00:00,1.16652,1.16819,1.16634,1.16767,3418.0
2025-12-04 11:00:00,1.16767,1.16803,1.16734,1.16777,2446.0
2025-12-04 12:00:00,1.16777,1.16798,1.16637,1.16665,2062.0
2025-12-04 13:00:00,1.16666,1.16807,1.16652,1.16802,2388.0
2025-12-04 14:00:00,1.16802,1.16808,1.16655,1.167,2320.0
2025-12-04 15:00:00,1.16703,1.16712,1.16522,1.16649,3458.0
2025-12-04 16:00:00,1.16649,1.16767,1.16641,1.16699,3831.0
2025-12-04 17:00:00,1.16698,1.16747,1.16581,1.16734,3386.0
2025-12-04 18:00:00,1.16733,1.1673499999999999,1.16535,1.1659,2634.0
2025-12-04 19:00:00,1.1659,1.16598,1.16531,1.16562,1587.0
2025-12-04 20:00:00,1.16562,1.16599,1.16537,1.16544,1344.0
2025-12-04 21:00:00,1.16544,1.16557,1.16503,1.16528,1281.0
2025-12-04 22:00:00,1.16525,1.16525,1.16413,1.16443,1540.0
2025-12-04 23:00:00,1.16443,1.1645699999999999,1.16411,1.16446,737.0
2025-12-05 00:00:00,1.1644,1.1644,1.1635900000000001,1.16431,148.0
2025-12-05 01:00:00,1.16431,1.16446,1.1641,1.16434,549.0
2025-12-05 02:00:00,1.16433,1.16503,1.16433,1.165,1100.0
2025-12-05 03:00:00,1.165,1.16538,1.16497,1.16535,1277.0
2025-12-05 04:00:00,1.16535,1.16544,1.16512,1.16519,832.0
2025-12-05 05:00:00,1.1652,1.1652,1.16466,1.16489,710.0
2025-12-05 06:00:00,1.16489,1.1654200000000001,1.16488,1.16535,925.0
2025-12-05 07:00:00,1.16535,1.16593,1.16532,1.16591,1138.0
2025-12-05 08:00:00,1.16591,1.16616,1.16554,1.16594,1168.0
2025-12-05 09:00:00,1.16594,1.16717,1.16586,1.16629,2328.0
2025-12-05 10:00:00,1.16631,1.16641,1.16524,1.16538,2542.0
2025-12-05 11:00:00,1.16538,1.16553,1.16482,1.16544,1934.0
2025-12-05 12:00:00,1.16545,1.1656900000000001,1.16479,1.16511,1755.0
2025-12-05 13:00:00,1.16511,1.16524,1.16416,1.16465,1754.0
2025-12-05 14:00:00,1.16465,1.16533,1.16436,1.16517,2224.0
2025-12-05 15:00:00,1.16517,1.16539,1.16436,1.1651799999999999,2629.0
2025-12-05 16:00:00,1.1651799999999999,1.16601,1.16456,1.16503,3440.0
2025-12-05 17:00:00,1.16502,1.1659,1.16436,1.16482,4343.0
2025-12-05 18:00:00,1.16482,1.1649,1.1628,1.16341,4472.0
2025-12-05 19:00:00,1.16341,1.16442,1.1632500000000001,1.16441,2432.0
2025-12-05 20:00:00,1.1644,1.16487,1.16421,1.16429,1844.0
2025-12-08 00:00:00,1.16334,1.1645,1.16306,1.16433,578.0
2025-12-08 01:00:00,1.16433,1.16459,1.16394,1.16406,1653.0
2025-12-08 02:00:00,1.16406,1.16513,1.16394,1.16512,2025.0
2025-12-08 03:00:00,1.16511,1.16534,1.1645699999999999,1.16516,2559.0
2025-12-08 04:00:00,1.16519,1.16544,1.16487,1.16539,1819.0
2025-12-08 05:00:00,1.16539,1.16553,1.16499,1.16501,1295.0
2025-12-08 06:00:00,1.16501,1.16555,1.16497,1.16546,1167.0
2025-12-08 07:00:00,1.16546,1.16564,1.16525,1.16561,1396.0
2025-12-08 08:00:00,1.16561,1.16721,1.1656,1.1661,2843.0
2025-12-08 09:00:00,1.16612,1.1668,1.16549,1.16582,2736.0
2025-12-08 10:00:00,1.16583,1.16623,1.16482,1.16561,2946.0
2025-12-08 11:00:00,1.1656,1.16576,1.16477,1.16488,2587.0
2025-12-08 12:00:00,1.16488,1.16557,1.16477,1.1651,2162.0
2025-12-08 13:00:00,1.1651,1.16536,1.16469,1.16503,2317.0
2025-12-08 14:00:00,1.16502,1.16539,1.16475,1.16532,2398.0
2025-12-08 15:00:00,1.16534,1.16574,1.16458,1.16485,3195.0
2025-12-08 16:00:00,1.16485,1.16547,1.16377,1.16401,3984.0
2025-12-08 17:00:00,1.16401,1.16401,1.16171,1.16253,4843.0
2025-12-08 18:00:00,1.16252,1.16287,1.16164,1.16249,3332.0
2025-12-08 19:00:00,1.16249,1.16391,1.16201,1.16391,2682.0
2025-12-08 20:00:00,1.16392,1.1642000000000001,1.16343,1.16372,1987.0
2025-12-08 21:00:00,1.16373,1.16417,1.16363,1.16393,1531.0
2025-12-08 22:00:00,1.16393,1.16419,1.16374,1.16382,1308.0
2025-12-08 23:00:00,1.16383,1.16388,1.16352,1.16367,800.0
2025-12-09 00:00:00,1.1636199999999999,1.16371,1.1623,1.16343,1267.0
2025-12-09 01:00:00,1.16342,1.16409,1.1634,1.16409,785.0
2025-12-09 02:00:00,1.16409,1.1643,1.16367,1.1638600000000001,1226.0
2025-12-09 03:00:00,1.1638600000000001,1.16477,1.1636,1.16473,1750.0
2025-12-09 04:00:00,1.16471,1.1648399999999999,1.16436,1.1645699999999999,1240.0
2025-12-09 05:00:00,1.1645699999999999,1.16488,1.16437,1.1645699999999999,1500.0
2025-12-09 06:00:00,1.1645699999999999,1.16472,1.16436,1.16469,1301.0
2025-12-09 07:00:00,1.1647,1.16502,1.16441,1.16487,1430.0
2025-12-09 08:00:00,1.16488,1.16491,1.16419,1.16438,1787.0
2025-12-09 09:00:00,1.16438,1.16462,1.16381,1.164,2042.0
2025-12-09 10:00:00,1.164,1.16498,1.16336,1.16449,3108.0
2025-12-09 11:00:00,1.16449,1.16573,1.16435,1.16524,3037.0
2025-12-09 12:00:00,1.16524,1.1654200000000001,1.16405,1.1644700000000001,2322.0
2025-12-09 13:00:00,1.16449,1.16477,1.16382,1.16435,2202.0
2025-12-09 14:00:00,1.16435,1.16444,1.16343,1.16376,2507.0
2025-12-09 15:00:00,1.16377,1.164,1.1629,1.16345,3264.0
2025-12-09 16:00:00,1.16345,1.16387,1.16282,1.16377,3982.0
2025-12-09 17:00:00,1.16355,1.16375,1.16151,1.16287,5346.0
2025-12-09 18:00:00,1.16287,1.16412,1.16287,1.16382,2907.0
2025-12-09 19:00:00,1.16382,1.16398,1.16221,1.16242,1965.0
2025-12-09 20:00:00,1.16242,1.16249,1.1616900000000001,1.16243,1616.0
2025-12-09 21:00:00,1.16244,1.16299,1.16219,1.16287,1413.0
2025-12-09 22:00:00,1.16287,1.16321,1.16265,1.16267,1114.0
2025-12-09 23:00:00,1.16268,1.16291,1.1623,1.16263,798.0
2025-12-10 00:00:00,1.16255,1.1628,1.16226,1.16253,1159.0
2025-12-10 01:00:00,1.16253,1.16285,1.16241,1.16279,567.0
2025-12-10 02:00:00,1.16279,1.16289,1.16243,1.16262,1306.0
2025-12-10 03:00:00,1.16262,1.16286,1.16224,1.16238,1310.0
2025-12-10 04:00:00,1.16238,1.16285,1.16231,1.16238,1175.0
2025-12-10 05:00:00,1.16238,1.1627399999999999,1.16217,1.16266,1150.0
2025-12-10 06:00:00,1.16266,1.1629,1.16251,1.1627399999999999,787.0
2025-12-10 07:00:00,1.16272,1.16311,1.16265,1.16299,961.0
2025-12-10 08:00:00,1.16299,1.16356,1.16285,1.16353,1306.0
2025-12-10 09:00:00,1.16353,1.16493,1.16344,1.16485,2440.0
2025-12-10 10:00:00,1.16482,1.16577,1.16437,1.16525,3047.0
2025-12-10 11:00:00,1.16525,1.16531,1.16356,1.16365,2462.0
2025-12-10 12:00:00,1.16366,1.1639599999999999,1.16276,1.16347,2413.0
2025-12-10 13:00:00,1.16346,1.16383,1.16299,1.16354,2086.0
2025-12-10 14:00:00,1.16354,1.1642299999999999,1.16327,1.16394,1973.0
2025-12-10 15:00:00,1.16393,1.16419,1.16275,1.16402,3008.0
2025-12-10 16:00:00,1.16401,1.1645,1.16338,1.16433,3720.0
2025-12-10 17:00:00,1.16433,1.16512,1.16346,1.1642000000000001,3514.0
2025-12-10 18:00:00,1.16419,1.165,1.16375,1.165,2512.0
2025-12-10 19:00:00,1.16501,1.1660300000000001,1.16456,1.16587,2003.0
2025-12-10 20:00:00,1.16586,1.16609,1.16538,1.16546,1766.0
2025-12-10 21:00:00,1.16545,1.1681,1.16389,1.16783,9992.0
2025-12-10 22:00:00,1.16781,1.16998,1.16737,1.1694,5498.0
2025-12-10 23:00:00,1.1694,1.16953,1.16894,1.16953,1389.0
2025-12-11 00:00:00,1.16949,1.16949,1.1682299999999999,1.1694,1560.0
2025-12-11 01:00:00,1.1694,1.17028,1.1694,1.17015,984.0
2025-12-11 02:00:00,1.17015,1.1705,1.16971,1.1702,2034.0
2025-12-11 03:00:00,1.1702,1.17075,1.17002,1.17017,2069.0
2025-12-11 04:00:00,1.17017,1.17061,1.16934,1.16939,2149.0
2025-12-11 05:00:00,1.16939,1.16976,1.169,1.16909,1935.0
2025-12-11 06:00:00,1.16909,1.16917,1.16855,1.16905,1360.0
2025-12-11 07:00:00,1.16905,1.16922,1.16845,1.16853,1398.0
2025-12-11 08:00:00,1.16853,1.16899,1.16822,1.16892,1630.0
2025-12-11 09:00:00,1.16891,1.17011,1.16875,1.16936,2597.0
2025-12-11 10:00:00,1.16936,1.1706699999999999,1.16936,1.1697,3073.0
2025-12-11 11:00:00,1.16972,1.17034,1.16873,1.17023,2925.0
2025-12-11 12:00:00,1.17024,1.17078,1.16988,1.17071,2459.0
2025-12-11 13:00:00,1.17071,1.17179,1.17061,1.1713,2695.0
2025-12-11 14:00:00,1.1713,1.17193,1.17099,1.17169,2432.0
2025-12-11 15:00:00,1.17169,1.17365,1.17134,1.17309,4484.0
2025-12-11 16:00:00,1.1731,1.17485,1.17304,1.17377,4722.0
2025-12-11 17:00:00,1.17377,1.17571,1.17316,1.17563,4599.0
2025-12-11 18:00:00,1.17565,1.17595,1.17463,1.17554,3640.0
2025-12-11 19:00:00,1.17553,1.17628,1.17497,1.1755200000000001,2723.0
2025-12-11 20:00:00,1.17551,1.17594,1.17512,1.17538,1795.0
2025-12-11 21:00:00,1.17537,1.17538,1.1740599999999999,1.17412,1567.0
2025-12-11 22:00:00,1.17412,1.1745700000000001,1.17364,1.1741,1605.0
2025-12-11 23:00:00,1.1741,1.17433,1.17368,1.17382,984.0
2025-12-12 00:00:00,1.17372,1.17391,1.17291,1.17376,689.0
2025-12-12 01:00:00,1.17376,1.17419,1.17371,1.17408,815.0
2025-12-12 02:00:00,1.17408,1.17445,1.1739,1.17405,1997.0
2025-12-12 03:00:00,1.17405,1.17464,1.17327,1.1735,1856.0
2025-12-12 04:00:00,1.1735,1.17379,1.17312,1.17362,1462.0
2025-12-12 05:00:00,1.17362,1.17376,1.17331,1.17344,1020.0
2025-12-12 06:00:00,1.17344,1.17356,1.17313,1.17319,931.0
2025-12-12 07:00:00,1.17318,1.17394,1.17317,1.17386,1146.0
2025-12-12 08:00:00,1.17387,1.17419,1.17339,1.1739,1746.0
2025-12-12 09:00:00,1.17391,1.17435,1.17359,1.1738,2286.0
2025-12-12 10:00:00,1.17379,1.17422,1.1728,1.17283,3072.0
2025-12-12 11:00:00,1.17282,1.17349,1.17268,1.17328,2239.0
2025-12-12 12:00:00,1.17328,1.17332,1.17244,1.1727400000000001,2114.0
2025-12-12 13:00:00,1.1727400000000001,1.17292,1.1722299999999999,1.17268,1632.0
2025-12-12 14:00:00,1.17268,1.17279,1.17196,1.1724999999999999,2163.0
2025-12-12 15:00:00,1.1724999999999999,1.17351,1.1724,1.1727400000000001,2886.0
2025-12-12 16:00:00,1.17273,1.17435,1.1723,1.1742,3589.0
2025-12-12 17:00:00,1.1742,1.17449,1.17296,1.17382,4017.0
2025-12-12 18:00:00,1.17381,1.17434,1.17262,1.17312,3315.0
2025-12-12 19:00:00,1.17312,1.17482,1.17302,1.17478,2323.0
2025-12-12 20:00:00,1.17478,1.17499,1.1740599999999999,1.17415,1753.0
2025-12-15 00:00:00,1.17365,1.17374,1.17241,1.17356,795.0
2025-12-15 01:00:00,1.17355,1.17407,1.17349,1.17371,819.0
2025-12-15 02:00:00,1.17371,1.17372,1.17285,1.17332,1464.0
2025-12-15 03:00:00,1.17333,1.17424,1.17295,1.17414,1933.0
2025-12-15 04:00:00,1.17414,1.17448,1.17371,1.17413,2098.0
2025-12-15 05:00:00,1.17413,1.17449,1.17316,1.17343,1544.0
2025-12-15 06:00:00,1.17343,1.17358,1.1732,1.17323,1194.0
2025-12-15 07:00:00,1.17323,1.17359,1.17321,1.17346,1242.0
2025-12-15 08:00:00,1.1734499999999999,1.17365,1.17287,1.17353,1839.0
2025-12-15 09:00:00,1.17353,1.17382,1.17279,1.17285,2366.0
2025-12-15 10:00:00,1.17283,1.17388,1.17264,1.17312,2701.0
2025-12-15 11:00:00,1.17312,1.17436,1.17305,1.17434,2390.0
2025-12-15 12:00:00,1.17434,1.1746699999999999,1.17391,1.17427,1979.0
2025-12-15 13:00:00,1.17426,1.17499,1.17413,1.17489,1717.0
2025-12-15 14:00:00,1.17489,1.17594,1.17486,1.17529,2014.0
2025-12-15 15:00:00,1.1752799999999999,1.17597,1.17471,1.17474,2704.0
2025-12-15 16:00:00,1.17472,1.17642,1.1743999999999999,1.17636,3816.0
2025-12-15 17:00:00,1.17637,1.17689,1.17547,1.17629,4728.0
2025-12-15 18:00:00,1.17629,1.17648,1.17523,1.17556,3083.0
2025-12-15 19:00:00,1.17555,1.17559,1.17451,1.1746,1861.0
2025-12-15 20:00:00,1.1746,1.17481,1.17392,1.17433,1610.0
2025-12-15 21:00:00,1.17433,1.17499,1.17384,1.17488,1234.0
2025-12-15 22:00:00,1.17488,1.17517,1.17474,1.17511,1067.0
2025-12-15 23:00:00,1.17509,1.17536,1.1749100000000001,1.17534,807.0
2025-12-16 00:00:00,1.1752,1.17525,1.17395,1.1750099999999999,775.0
2025-12-16 01:00:00,1.1750099999999999,1.17557,1.1750099999999999,1.17536,735.0
2025-12-16 02:00:00,1.17536,1.1758,1.17482,1.17498,1583.0
2025-12-16 03:00:00,1.17498,1.17553,1.17465,1.1752,2516.0
2025-12-16 04:00:00,1.17521,1.17565,1.17503,1.17555,1446.0
2025-12-16 05:00:00,1.17555,1.17591,1.1750099999999999,1.17519,1537.0
2025-12-16 06:00:00,1.17519,1.17538,1.17499,1.1751,1023.0
2025-12-16 07:00:00,1.1751,1.17543,1.17492,1.17506,1348.0
2025-12-16 08:00:00,1.17506,1.17538,1.17464,1.17525,1565.0
2025-12-16 09:00:00,1.17525,1.17542,1.17444,1.17522,2170.0
2025-12-16 10:00:00,1.17525,1.17641,1.17466,1.17545,3059.0
2025-12-16 11:00:00,1.17543,1.17621,1.17503,1.17563,2450.0
2025-12-16 12:00:00,1.17563,1.17618,1.17538,1.17574,2212.0
2025-12-16 13:00:00,1.17574,1.17632,1.17517,1.17632,1630.0
2025-12-16 14:00:00,1.17632,1.17785,1.17606,1.17779,2563.0
2025-12-16 15:00:00,1.17779,1.17947,1.17569,1.17757,7112.0
2025-12-16 16:00:00,1.17758,1.18001,1.17688,1.17998,5806.0
2025-12-16 17:00:00,1.17998,1.1804000000000001,1.17672,1.1770100000000001,5255.0
2025-12-16 18:00:00,1.1770100000000001,1.17759,1.17612,1.17692,3375.0
2025-12-16 19:00:00,1.17692,1.1778,1.17625,1.17639,2230.0
2025-12-16 20:00:00,1.17638,1.17638,1.17452,1.17531,2322.0
2025-12-16 21:00:00,1.17531,1.17624,1.17344,1.17577,2697.0
2025-12-16 22:00:00,1.17577,1.17631,1.17464,1.17478,1967.0
2025-12-16 23:00:00,1.17479,1.17514,1.17453,1.1746699999999999,1075.0
2025-12-17 00:00:00,1.17445,1.1748,1.17404,1.17464,666.0
2025-12-17 01:00:00,1.17465,1.17514,1.17465,1.17493,653.0
2025-12-17 02:00:00,1.17493,1.1751800000000001,1.17454,1.17504,1321.0
2025-12-17 03:00:00,1.17504,1.17523,1.17451,1.17474,1745.0
2025-12-17 04:00:00,1.17474,1.17481,1.17373,1.174,1828.0
2025-12-17 05:00:00,1.174,1.1740599999999999,1.1736900000000001,1.17393,1184.0
2025-12-17 06:00:00,1.17393,1.17399,1.17278,1.17298,1369.0
2025-12-17 07:00:00,1.17298,1.1730800000000001,1.1724700000000001,1.17292,1642.0
2025-12-17 08:00:00,1.17292,1.17306,1.1706699999999999,1.171,2357.0
2025-12-17 09:00:00,1.171,1.17135,1.1703000000000001,1.17131,3804.0
2025-12-17 10:00:00,1.1713,1.17212,1.17059,1.17187,2749.0
2025-12-17 11:00:00,1.17187,1.17208,1.17117,1.1716,2718.0
2025-12-17 12:00:00,1.17159,1.17253,1.17127,1.17252,2466.0
2025-12-17 13:00:00,1.17253,1.17275,1.17077,1.17093,2524.0
2025-12-17 14:00:00,1.17093,1.17276,1.17085,1.17266,2688.0
2025-12-17 15:00:00,1.17267,1.17332,1.17199,1.17318,3877.0
2025-12-17 16:00:00,1.17317,1.17443,1.17283,1.17411,3872.0
2025-12-17 17:00:00,1.17411,1.1758,1.17404,1.17529,4632.0
2025-12-17 18:00:00,1.1752799999999999,1.17563,1.17456,1.1747,3300.0
2025-12-17 19:00:00,1.17471,1.17548,1.17456,1.17494,2059.0
2025-12-17 20:00:00,1.17494,1.17556,1.17426,1.17443,1855.0
2025-12-17 21:00:00,1.17443,1.17475,1.17414,1.1745,1549.0
2025-12-17 22:00:00,1.1745,1.17463,1.17387,1.17397,1168.0
2025-12-17 23:00:00,1.1739600000000001,1.17414,1.17387,1.17403,875.0
2025-12-18 00:00:00,1.174,1.17433,1.1736,1.17391,508.0
2025-12-18 01:00:00,1.17391,1.17434,1.17377,1.17417,571.0
2025-12-18 02:00:00,1.17417,1.17459,1.17403,1.17443,1382.0
2025-12-18 03:00:00,1.17443,1.17455,1.1735,1.17384,1885.0
2025-12-18 04:00:00,1.17384,1.17427,1.17368,1.1741,1554.0
2025-12-18 05:00:00,1.1741,1.1742,1.17374,1.17393,1110.0
2025-12-18 06:00:00,1.17392,1.17432,1.17383,1.17431,895.0
2025-12-18 07:00:00,1.17431,1.17469,1.17413,1.17458,1223.0
2025-12-18 08:00:00,1.17458,1.17474,1.17387,1.17442,1393.0
2025-12-18 09:00:00,1.17441,1.17496,1.17336,1.17337,2357.0
2025-12-18 10:00:00,1.17336,1.17372,1.17281,1.17323,2543.0
2025-12-18 11:00:00,1.17323,1.17327,1.17172,1.17221,2542.0
2025-12-18 12:00:00,1.17217,1.17269,1.17177,1.17249,1902.0
2025-12-18 13:00:00,1.17249,1.17276,1.17203,1.17207,1645.0
2025-12-18 14:00:00,1.17207,1.17233,1.1712500000000001,1.17139,2766.0
2025-12-18 15:00:00,1.17139,1.17629,1.17133,1.17469,6982.0
2025-12-18 16:00:00,1.1746699999999999,1.17557,1.17325,1.17346,6339.0
2025-12-18 17:00:00,1.17346,1.17403,1.17159,1.17272,4927.0
2025-12-18 18:00:00,1.17271,1.17461,1.17258,1.17282,3482.0
2025-12-18 19:00:00,1.17282,1.17289,1.17153,1.17185,2721.0
2025-12-18 20:00:00,1.17191,1.1724999999999999,1.17154,1.17196,1642.0
2025-12-18 21:00:00,1.17196,1.17277,1.17179,1.17252,1620.0
2025-12-18 22:00:00,1.17252,1.17277,1.17204,1.1722299999999999,1383.0
2025-12-18 23:00:00,1.17222,1.17252,1.17218,1.17234,725.0
2025-12-19 00:00:00,1.17211,1.17248,1.1716199999999999,1.17228,1780.0
2025-12-19 01:00:00,1.17228,1.1727400000000001,1.17228,1.17248,720.0
2025-12-19 02:00:00,1.17248,1.17268,1.17217,1.17264,1297.0
2025-12-19 03:00:00,1.17264,1.17289,1.17205,1.17245,1543.0
2025-12-19 04:00:00,1.17244,1.17286,1.1721300000000001,1.17227,1097.0
2025-12-19 05:00:00,1.17228,1.17259,1.17183,1.17212,1807.0
2025-12-19 06:00:00,1.17212,1.17227,1.17154,1.1718,1095.0
2025-12-19 07:00:00,1.1718,1.17208,1.17178,1.17199,995.0
2025-12-19 08:00:00,1.17199,1.17217,1.17118,1.17198,2309.0
2025-12-19 09:00:00,1.17198,1.17206,1.17032,1.17078,2948.0
2025-12-19 10:00:00,1.17078,1.17164,1.17064,1.17126,2811.0
2025-12-19 11:00:00,1.17126,1.17179,1.17087,1.17121,2631.0
2025-12-19 12:00:00,1.17121,1.17178,1.17089,1.17164,2225.0
2025-12-19 13:00:00,1.17165,1.17178,1.17074,1.17113,1965.0
2025-12-19 14:00:00,1.17113,1.17153,1.17076,1.1710099999999999,1991.0
2025-12-19 15:00:00,1.1710099999999999,1.17195,1.17029,1.17194,3381.0
2025-12-19 16:00:00,1.17195,1.17378,1.17191,1.17268,4528.0
2025-12-19 17:00:00,1.17266,1.17283,1.17094,1.17097,3774.0
2025-12-19 18:00:00,1.17097,1.1721,1.17085,1.17209,2744.0
2025-12-19 19:00:00,1.1721,1.1721,1.17135,1.17193,1633.0
2025-12-19 20:00:00,1.17193,1.17272,1.17182,1.17198,1749.0
2025-12-22 00:00:00,1.17144,1.1717,1.1709100000000001,1.17107,1320.0
2025-12-22 01:00:00,1.17107,1.17148,1.1706,1.17102,1869.0
2025-12-22 02:00:00,1.1710099999999999,1.1716199999999999,1.17096,1.17159,2193.0
2025-12-22 03:00:00,1.17159,1.17194,1.17136,1.17173,1567.0
2025-12-22 04:00:00,1.17173,1.17194,1.17151,1.17164,998.0
2025-12-22 05:00:00,1.17165,1.17184,1.17136,1.17176,1061.0
2025-12-22 06:00:00,1.17177,1.17219,1.17163,1.17203,763.0
2025-12-22 07:00:00,1.17203,1.17222,1.17154,1.17173,1038.0
2025-12-22 08:00:00,1.17173,1.17191,1.1713,1.17159,1313.0
2025-12-22 09:00:00,1.17159,1.1731,1.1715,1.1729,2118.0
2025-12-22 10:00:00,1.1729,1.17382,1.1723,1.17359,2789.0
2025-12-22 11:00:00,1.17359,1.17365,1.17276,1.17301,2269.0
2025-12-22 12:00:00,1.17301,1.1738,1.1729,1.1733,2145.0
2025-12-22 13:00:00,1.17329,1.17366,1.17287,1.1733500000000001,1703.0
2025-12-22 14:00:00,1.1733500000000001,1.17434,1.17333,1.17417,2697.0
2025-12-22 15:00:00,1.17418,1.17545,1.17416,1.17507,3301.0
2025-12-22 16:00:00,1.17506,1.17664,1.1745,1.17602,3348.0
2025-12-22 17:00:00,1.17602,1.17693,1.17576,1.17639,3068.0
2025-12-22 18:00:00,1.1764000000000001,1.1764000000000001,1.17482,1.17498,2264.0
2025-12-22 19:00:00,1.17496,1.17646,1.17494,1.17583,1773.0
2025-12-22 20:00:00,1.17583,1.17585,1.17494,1.17531,1381.0
2025-12-22 21:00:00,1.17531,1.17559,1.17489,1.17553,1159.0
2025-12-22 22:00:00,1.17553,1.1759,1.17523,1.17554,1023.0
2025-12-22 23:00:00,1.17554,1.17621,1.17546,1.17616,625.0
2025-12-23 00:00:00,1.17593,1.17606,1.17473,1.17576,2648.0
2025-12-23 01:00:00,1.17576,1.17656,1.17576,1.17637,1115.0
2025-12-23 02:00:00,1.17637,1.17703,1.17628,1.17689,1386.0
2025-12-23 03:00:00,1.17689,1.1776200000000001,1.17659,1.17731,1712.0
2025-12-23 04:00:00,1.1773,1.17805,1.17724,1.17777,1631.0
2025-12-23 05:00:00,1.17777,1.17793,1.17733,1.17765,1245.0
2025-12-23 06:00:00,1.17765,1.17791,1.17738,1.17755,1447.0
2025-12-23 07:00:00,1.17755,1.17799,1.17743,1.17751,1388.0
2025-12-23 08:00:00,1.17751,1.17765,1.17686,1.17714,1408.0
2025-12-23 09:00:00,1.17713,1.17813,1.17694,1.17787,2325.0
2025-12-23 10:00:00,1.17787,1.17845,1.17752,1.17845,2680.0
2025-12-23 11:00:00,1.17846,1.17929,1.17818,1.17926,3192.0
2025-12-23 12:00:00,1.17927,1.18003,1.1791800000000001,1.1799,2823.0
2025-12-23 13:00:00,1.17988,1.17998,1.17923,1.17958,2713.0
2025-12-23 14:00:00,1.17961,1.1802,1.17889,1.17897,3609.0
2025-12-23 15:00:00,1.17895,1.17937,1.17741,1.17747,5710.0
2025-12-23 16:00:00,1.17748,1.17794,1.1768399999999999,1.17696,5617.0
2025-12-23 17:00:00,1.17696,1.17791,1.17638,1.17746,5971.0
2025-12-23 18:00:00,1.17744,1.17804,1.17731,1.17757,3387.0
2025-12-23 19:00:00,1.17756,1.17787,1.1769,1.17706,2315.0
2025-12-23 20:00:00,1.17706,1.1783,1.17695,1.17828,2444.0
2025-12-23 21:00:00,1.17829,1.17914,1.17822,1.17901,2379.0
2025-12-23 22:00:00,1.17901,1.17937,1.17869,1.17895,2012.0
2025-12-23 23:00:00,1.17896,1.17967,1.17883,1.17927,1364.0
2025-12-24 00:00:00,1.17932,1.17947,1.17785,1.17939,1262.0
2025-12-24 01:00:00,1.17939,1.17972,1.17909,1.17949,1519.0
2025-12-24 02:00:00,1.1795,1.17991,1.17903,1.1798899999999999,2550.0
2025-12-24 03:00:00,1.1799,1.18065,1.17968,1.18054,3020.0
2025-12-24 04:00:00,1.18054,1.18081,1.17982,1.17983,2051.0
2025-12-24 05:00:00,1.17984,1.17984,1.17869,1.17877,1973.0
2025-12-24 06:00:00,1.17877,1.17936,1.17859,1.17914,1882.0
2025-12-24 07:00:00,1.17914,1.18022,1.17907,1.17991,1674.0
2025-12-24 08:00:00,1.1798899999999999,1.18041,1.17976,1.17999,2331.0
2025-12-24 09:00:00,1.17999,1.1801599999999999,1.17864,1.17893,3656.0
2025-12-24 10:00:00,1.1789100000000001,1.17995,1.17797,1.17994,4622.0
2025-12-24 11:00:00,1.17994,1.18009,1.17944,1.17997,2882.0
2025-12-24 12:00:00,1.17997,1.18,1.17908,1.17965,1894.0
2025-12-24 13:00:00,1.17966,1.17987,1.1791,1.17927,1802.0
2025-12-24 14:00:00,1.17927,1.17932,1.1784,1.17843,1983.0
2025-12-24 15:00:00,1.17843,1.17909,1.17838,1.17853,2783.0
2025-12-24 16:00:00,1.17849,1.17869,1.17773,1.17807,2690.0
2025-12-24 17:00:00,1.17804,1.17825,1.17754,1.17781,2834.0
2025-12-24 18:00:00,1.17781,1.1781,1.17732,1.17795,2354.0
2025-12-24 19:00:00,1.17794,1.17832,1.17726,1.17766,1424.0
2025-12-24 20:00:00,1.17764,1.17798,1.17744,1.17788,1105.0
2025-12-24 21:00:00,1.17788,1.1782,1.17787,1.17817,654.0
2025-12-24 22:00:00,1.17817,1.17819,1.1779,1.1779600000000001,608.0
2025-12-24 23:00:00,1.1779600000000001,1.17797,1.17761,1.17768,1165.0
2025-12-26 00:00:00,1.17773,1.17834,1.17759,1.17791,826.0
2025-12-26 01:00:00,1.17791,1.17847,1.17758,1.17832,3416.0
2025-12-26 02:00:00,1.17841,1.1791800000000001,1.1777199999999999,1.1786,3224.0
2025-12-26 03:00:00,1.1786,1.17917,1.17829,1.17874,2480.0
2025-12-26 04:00:00,1.17874,1.17935,1.17836,1.17925,1612.0
2025-12-26 05:00:00,1.17925,1.1792799999999999,1.1783299999999999,1.17843,1491.0
2025-12-26 06:00:00,1.17843,1.17872,1.17801,1.17831,1309.0
2025-12-26 07:00:00,1.17831,1.17872,1.17801,1.17862,1303.0
2025-12-26 08:00:00,1.17862,1.17879,1.17717,1.17766,2043.0
2025-12-26 09:00:00,1.17767,1.17779,1.1770100000000001,1.1773,2185.0
2025-12-26 10:00:00,1.17733,1.17776,1.17664,1.17771,2054.0
2025-12-26 11:00:00,1.17769,1.17778,1.17683,1.17703,1636.0
2025-12-26 12:00:00,1.17703,1.17795,1.17691,1.17732,1773.0
2025-12-26 13:00:00,1.17732,1.17824,1.17732,1.17773,1495.0
2025-12-26 14:00:00,1.17774,1.17823,1.17727,1.17815,1517.0
2025-12-26 15:00:00,1.17818,1.17968,1.17817,1.17915,2985.0
2025-12-26 16:00:00,1.1791800000000001,1.17945,1.17814,1.17839,2662.0
2025-12-26 17:00:00,1.17839,1.17925,1.17715,1.17773,2828.0
2025-12-26 18:00:00,1.1777199999999999,1.1779600000000001,1.17622,1.17653,3381.0
2025-12-26 19:00:00,1.17653,1.17703,1.17615,1.17702,2906.0
2025-12-26 20:00:00,1.17702,1.17737,1.1769,1.1772,2544.0
2025-12-29 00:00:00,1.1759,1.17685,1.1759,1.17654,385.0
2025-12-29 01:00:00,1.17654,1.1778,1.17653,1.17726,1655.0
2025-12-29 02:00:00,1.17726,1.1784,1.17717,1.17798,2006.0
2025-12-29 03:00:00,1.17798,1.17862,1.17788,1.17842,1446.0
2025-12-29 04:00:00,1.17842,1.17853,1.17755,1.17758,1537.0
2025-12-29 05:00:00,1.17758,1.17761,1.1771099999999999,1.17734,1216.0
2025-12-29 06:00:00,1.17734,1.17734,1.17637,1.17644,1104.0
2025-12-29 07:00:00,1.17644,1.17644,1.17539,1.17561,1554.0
2025-12-29 08:00:00,1.17563,1.17696,1.17544,1.17696,1660.0
2025-12-29 09:00:00,1.17697,1.17793,1.17654,1.1777199999999999,2654.0
2025-12-29 10:00:00,1.1777199999999999,1.17887,1.1771099999999999,1.17841,2825.0
2025-12-29 11:00:00,1.17841,1.1789,1.17716,1.17764,2988.0
2025-12-29 12:00:00,1.17763,1.17801,1.17653,1.17658,2360.0
2025-12-29 13:00:00,1.17658,1.1771099999999999,1.17576,1.17658,2449.0
2025-12-29 14:00:00,1.17658,1.17691,1.17557,1.17619,2369.0
2025-12-29 15:00:00,1.17618,1.17737,1.17604,1.17699,2951.0
2025-12-29 16:00:00,1.17699,1.17887,1.1767,1.1783,3608.0
2025-12-29 17:00:00,1.1783,1.17865,1.17665,1.1768,4591.0
2025-12-29 18:00:00,1.17677,1.1768,1.17525,1.1756199999999999,3747.0
2025-12-29 19:00:00,1.1756199999999999,1.1757,1.17494,1.17521,1811.0
2025-12-29 20:00:00,1.1752,1.1758899999999999,1.17507,1.17575,1345.0
2025-12-29 21:00:00,1.17575,1.17682,1.17568,1.17673,1132.0
2025-12-29 22:00:00,1.17673,1.17705,1.17643,1.17704,1279.0
2025-12-29 23:00:00,1.17703,1.1774499999999999,1.17702,1.1772,816.0
2025-12-30 00:00:00,1.17721,1.17721,1.17627,1.17651,1157.0
2025-12-30 01:00:00,1.17652,1.17744,1.17652,1.17723,833.0
2025-12-30 02:00:00,1.17723,1.17751,1.17716,1.1773,1309.0
2025-12-30 03:00:00,1.1773,1.17751,1.17699,1.1775,1281.0
2025-12-30 04:00:00,1.17751,1.17764,1.17715,1.17733,1230.0
2025-12-30 05:00:00,1.17733,1.17761,1.17705,1.17724,820.0
2025-12-30 06:00:00,1.17724,1.17778,1.17715,1.17771,887.0
2025-12-30 07:00:00,1.17771,1.1779,1.17728,1.17751,1098.0
2025-12-30 08:00:00,1.17751,1.17799,1.1774,1.17786,1302.0
2025-12-30 09:00:00,1.17785,1.17785,1.17661,1.1770100000000001,1631.0
2025-12-30 10:00:00,1.1770100000000001,1.17753,1.17659,1.17672,2309.0
2025-12-30 11:00:00,1.17672,1.1778,1.17643,1.17688,2316.0
2025-12-30 12:00:00,1.17688,1.17774,1.17687,1.17739,2044.0
2025-12-30 13:00:00,1.1774,1.17767,1.1766,1.17666,1732.0
2025-12-30 14:00:00,1.17666,1.1768,1.17607,1.17617,2022.0
2025-12-30 15:00:00,1.17615,1.17679,1.17553,1.17634,3622.0
2025-12-30 16:00:00,1.17634,1.17643,1.1756199999999999,1.17635,2913.0
2025-12-30 17:00:00,1.17635,1.17663,1.17453,1.17598,3728.0
2025-12-30 18:00:00,1.17597,1.17665,1.17545,1.17649,2684.0
2025-12-30 19:00:00,1.17651,1.17666,1.17551,1.17561,1276.0
2025-12-30 20:00:00,1.1756199999999999,1.17595,1.17482,1.17504,1179.0
2025-12-30 21:00:00,1.17503,1.17529,1.17452,1.17468,1265.0
2025-12-30 22:00:00,1.17472,1.17502,1.17433,1.1743999999999999,1232.0
2025-12-30 23:00:00,1.1743999999999999,1.17482,1.17438,1.17476,532.0
2025-12-31 00:00:00,1.17472,1.1748,1.17431,1.17458,290.0
2025-12-31 01:00:00,1.1745700000000001,1.1749100000000001,1.17435,1.1745700000000001,672.0
2025-12-31 02:00:00,1.1745700000000001,1.17478,1.17445,1.17472,809.0
2025-12-31 03:00:00,1.17473,1.1749,1.17419,1.17427,1210.0
2025-12-31 04:00:00,1.17427,1.17427,1.17388,1.17402,1353.0
2025-12-31 05:00:00,1.17403,1.17435,1.1739600000000001,1.17426,766.0
2025-12-31 06:00:00,1.17425,1.17426,1.1733,1.1734499999999999,810.0
2025-12-31 07:00:00,1.1734499999999999,1.17395,1.17343,1.17386,980.0
2025-12-31 08:00:00,1.17386,1.17397,1.17331,1.17375,1112.0
2025-12-31 09:00:00,1.17374,1.17386,1.17299,1.1736900000000001,1817.0
2025-12-31 10:00:00,1.1737,1.17397,1.17201,1.17232,2424.0
2025-12-31 11:00:00,1.17232,1.1739,1.17201,1.1735,2508.0
2025-12-31 12:00:00,1.17351,1.17438,1.17286,1.17391,2095.0
2025-12-31 13:00:00,1.17391,1.17477,1.17363,1.17472,2189.0
2025-12-31 14:00:00,1.17472,1.17591,1.17469,1.17554,2638.0
2025-12-31 15:00:00,1.17555,1.17594,1.17415,1.1742,3200.0
2025-12-31 16:00:00,1.1742,1.17427,1.17272,1.17304,3504.0
2025-12-31 17:00:00,1.17302,1.17461,1.17202,1.17441,4373.0
2025-12-31 18:00:00,1.17443,1.17487,1.17288,1.17349,3511.0
2025-12-31 19:00:00,1.17349,1.1739,1.17316,1.1736,2138.0
2025-12-31 20:00:00,1.1736,1.17387,1.17304,1.17358,2025.0
2025-12-31 21:00:00,1.17359,1.17432,1.17359,1.1740599999999999,1439.0
2025-12-31 22:00:00,1.1740599999999999,1.17531,1.174,1.17522,1364.0
2025-12-31 23:00:00,1.17522,1.1753,1.17445,1.17456,779.0
2026-01-02 00:00:00,1.1746,1.17498,1.17383,1.1745700000000001,353.0
2026-01-02 01:00:00,1.1745700000000001,1.17508,1.17446,1.17508,695.0
2026-01-02 02:00:00,1.17508,1.17566,1.175,1.17563,997.0
2026-01-02 03:00:00,1.17564,1.17628,1.17564,1.1761,1645.0
2026-01-02 04:00:00,1.1761,1.17637,1.17582,1.17593,1128.0
2026-01-02 05:00:00,1.17593,1.17649,1.17592,1.17644,880.0
2026-01-02 06:00:00,1.17644,1.17648,1.1755200000000001,1.17555,894.0
2026-01-02 07:00:00,1.17555,1.17578,1.17506,1.17514,880.0
2026-01-02 08:00:00,1.17513,1.17515,1.17408,1.17439,1250.0
2026-01-02 09:00:00,1.17435,1.17472,1.17322,1.17348,2242.0
2026-01-02 10:00:00,1.17347,1.17385,1.17239,1.17287,3189.0
2026-01-02 11:00:00,1.17287,1.17374,1.17207,1.17215,2536.0
2026-01-02 12:00:00,1.17216,1.17237,1.17132,1.17211,2271.0
2026-01-02 13:00:00,1.17211,1.17226,1.17151,1.17219,1722.0
2026-01-02 14:00:00,1.17219,1.17273,1.17205,1.17237,1840.0
2026-01-02 15:00:00,1.17238,1.17291,1.17182,1.17217,2654.0
2026-01-02 16:00:00,1.17218,1.17305,1.17158,1.17286,2895.0
2026-01-02 17:00:00,1.17285,1.17522,1.17282,1.17507,4178.0
2026-01-02 18:00:00,1.17508,1.17544,1.17342,1.17375,3159.0
2026-01-02 19:00:00,1.17375,1.17378,1.17285,1.17307,1979.0
2026-01-02 20:00:00,1.17307,1.17312,1.17154,1.17192,1832.0
2026-01-05 00:00:00,1.1718600000000001,1.17203,1.1709100000000001,1.1710099999999999,476.0
2026-01-05 01:00:00,1.1710099999999999,1.17129,1.17002,1.17053,1804.0
2026-01-05 02:00:00,1.17053,1.17112,1.17035,1.1705,2441.0
2026-01-05 03:00:00,1.1705,1.17072,1.16998,1.17003,2584.0
2026-01-05 04:00:00,1.17003,1.17017,1.1684,1.16888,2474.0
2026-01-05 05:00:00,1.16888,1.16909,1.16723,1.16753,2063.0
2026-01-05 06:00:00,1.16753,1.1683,1.16733,1.16819,1702.0
2026-01-05 07:00:00,1.16819,1.16861,1.16802,1.16854,1278.0
2026-01-05 08:00:00,1.16854,1.16919,1.16782,1.16909,1946.0
2026-01-05 09:00:00,1.1690800000000001,1.16921,1.16835,1.16863,2653.0
2026-01-05 10:00:00,1.16864,1.16947,1.16812,1.16835,3106.0
2026-01-05 11:00:00,1.16835,1.16875,1.16738,1.16824,2477.0
2026-01-05 12:00:00,1.16825,1.16901,1.16797,1.16901,2463.0
2026-01-05 13:00:00,1.169,1.1691,1.16802,1.16815,2569.0
2026-01-05 14:00:00,1.16815,1.16851,1.16699,1.16707,2432.0
2026-01-05 15:00:00,1.16708,1.1675200000000001,1.16591,1.16744,4041.0
2026-01-05 16:00:00,1.16745,1.16875,1.16733,1.1685699999999999,3955.0
2026-01-05 17:00:00,1.16859,1.17046,1.16855,1.17044,4790.0
2026-01-05 18:00:00,1.17045,1.17187,1.17041,1.17149,3861.0
2026-01-05 19:00:00,1.17149,1.17197,1.1710099999999999,1.17146,2702.0
2026-01-05 20:00:00,1.17146,1.17253,1.17133,1.1724999999999999,1751.0
2026-01-05 21:00:00,1.17251,1.17287,1.17221,1.17272,2013.0
2026-01-05 22:00:00,1.17272,1.17288,1.17237,1.17248,1233.0
2026-01-05 23:00:00,1.17249,1.17264,1.17193,1.1721300000000001,947.0
2026-01-06 00:00:00,1.17202,1.1722,1.17078,1.17178,298.0
2026-01-06 01:00:00,1.17178,1.1721,1.17127,1.17147,834.0
2026-01-06 02:00:00,1.17147,1.17172,1.17107,1.1717,1600.0
2026-01-06 03:00:00,1.1717,1.17254,1.17123,1.17254,2384.0
2026-01-06 04:00:00,1.17253,1.1738,1.17221,1.17376,1780.0
2026-01-06 05:00:00,1.17373,1.17383,1.17324,1.17346,1493.0
2026-01-06 06:00:00,1.17346,1.17357,1.17315,1.17337,1203.0
2026-01-06 07:00:00,1.17337,1.1736900000000001,1.17273,1.17289,1504.0
2026-01-06 08:00:00,1.1729,1.1736900000000001,1.17286,1.17362,1579.0
2026-01-06 09:00:00,1.17362,1.17429,1.17259,1.17291,2418.0
2026-01-06 10:00:00,1.1729,1.17389,1.1726,1.17286,2993.0
2026-01-06 11:00:00,1.17285,1.1729,1.17079,1.17134,2992.0
2026-01-06 12:00:00,1.17132,1.17172,1.17082,1.17127,2200.0
2026-01-06 13:00:00,1.17127,1.1713,1.17048,1.17061,2128.0
2026-01-06 14:00:00,1.17061,1.17122,1.16971,1.17015,2599.0
2026-01-06 15:00:00,1.17014,1.17137,1.16974,1.1711,3365.0
2026-01-06 16:00:00,1.1711,1.17175,1.16993,1.17093,3959.0
2026-01-06 17:00:00,1.17092,1.17092,1.16839,1.16954,4726.0
2026-01-06 18:00:00,1.16954,1.16982,1.1685699999999999,1.16881,2828.0
2026-01-06 19:00:00,1.16881,1.17008,1.16869,1.17007,2009.0
2026-01-06 20:00:00,1.1700599999999999,1.17022,1.16869,1.16883,2019.0
2026-01-06 21:00:00,1.16883,1.16911,1.16838,1.16897,1767.0
2026-01-06 22:00:00,1.16898,1.16932,1.16864,1.16869,1264.0
2026-01-06 23:00:00,1.16869,1.16888,1.1684700000000001,1.1688399999999999,732.0
2026-01-07 00:00:00,1.16883,1.16883,1.16748,1.16881,361.0
2026-01-07 01:00:00,1.16881,1.16906,1.16864,1.16872,796.0
2026-01-07 02:00:00,1.16872,1.16943,1.16855,1.16917,2036.0
2026-01-07 03:00:00,1.16917,1.1700599999999999,1.169,1.16958,2138.0
2026-01-07 04:00:00,1.16958,1.17028,1.16952,1.16963,1658.0
2026-01-07 05:00:00,1.16963,1.17002,1.1696,1.16986,1237.0
2026-01-07 06:00:00,1.16986,1.17022,1.16909,1.16911,1520.0
2026-01-07 07:00:00,1.16911,1.16944,1.16907,1.16932,1383.0
2026-01-07 08:00:00,1.16932,1.16998,1.16923,1.16977,1336.0
2026-01-07 09:00:00,1.16976,1.16989,1.16785,1.16826,2749.0
2026-01-07 10:00:00,1.16824,1.1687400000000001,1.16727,1.1685699999999999,3022.0
2026-01-07 11:00:00,1.16856,1.1687,1.1681300000000001,1.16843,2032.0
2026-01-07 12:00:00,1.16842,1.16939,1.16835,1.16885,2331.0
2026-01-07 13:00:00,1.16883,1.16925,1.1685,1.16892,1783.0
2026-01-07 14:00:00,1.16893,1.16913,1.16811,1.16879,1988.0
2026-01-07 15:00:00,1.16879,1.16949,1.1682,1.16917,3148.0
2026-01-07 16:00:00,1.16916,1.16984,1.1687,1.16972,3494.0
2026-01-07 17:00:00,1.16959,1.16988,1.16799,1.16902,5812.0
2026-01-07 18:00:00,1.16901,1.16931,1.16822,1.16892,2737.0
2026-01-07 19:00:00,1.16892,1.16948,1.16863,1.16879,1999.0
2026-01-07 20:00:00,1.1688,1.16903,1.1682299999999999,1.16828,1550.0
2026-01-07 21:00:00,1.16832,1.16854,1.1678600000000001,1.16825,1495.0
2026-01-07 22:00:00,1.16825,1.16839,1.16791,1.16793,1221.0
2026-01-07 23:00:00,1.16789,1.16791,1.1673499999999999,1.16755,710.0
2026-01-08 00:00:00,1.16723,1.16772,1.16712,1.16763,259.0
2026-01-08 01:00:00,1.16763,1.16775,1.1675,1.16768,595.0
2026-01-08 02:00:00,1.16768,1.16781,1.16759,1.16759,1088.0
2026-01-08 03:00:00,1.16759,1.16781,1.16728,1.16748,1386.0
2026-01-08 04:00:00,1.16748,1.16808,1.16726,1.16802,1508.0
2026-01-08 05:00:00,1.16802,1.16828,1.16788,1.168,1272.0
2026-01-08 06:00:00,1.168,1.16811,1.16779,1.16803,984.0
2026-01-08 07:00:00,1.16802,1.1683,1.16775,1.16825,1406.0
2026-01-08 08:00:00,1.16825,1.1683,1.16747,1.16816,2179.0
2026-01-08 09:00:00,1.16815,1.16829,1.1677,1.1678,2119.0
2026-01-08 10:00:00,1.16779,1.16789,1.16689,1.16713,2662.0
2026-01-08 11:00:00,1.16712,1.1677,1.16693,1.16768,2286.0
2026-01-08 12:00:00,1.16767,1.16818,1.16758,1.16799,2067.0
2026-01-08 13:00:00,1.168,1.16802,1.16751,1.16776,1659.0
2026-01-08 14:00:00,1.16776,1.16779,1.16699,1.16734,1922.0
2026-01-08 15:00:00,1.16733,1.16779,1.16582,1.16629,3373.0
2026-01-08 16:00:00,1.16628,1.16666,1.16561,1.16646,3555.0
2026-01-08 17:00:00,1.16646,1.16739,1.16609,1.1666400000000001,3535.0
2026-01-08 18:00:00,1.16665,1.16677,1.16525,1.16544,2800.0
2026-01-08 19:00:00,1.16544,1.16557,1.16437,1.16507,2151.0
2026-01-08 20:00:00,1.16507,1.16533,1.1644700000000001,1.16452,1531.0
2026-01-08 21:00:00,1.16452,1.1650800000000001,1.16427,1.16501,1541.0
2026-01-08 22:00:00,1.16501,1.16546,1.16498,1.16514,1452.0
2026-01-08 23:00:00,1.16513,1.16623,1.1650800000000001,1.16582,1173.0
2026-01-09 00:00:00,1.1659,1.16591,1.16445,1.16575,383.0
2026-01-09 01:00:00,1.16575,1.16624,1.16566,1.16581,675.0
2026-01-09 02:00:00,1.16581,1.16581,1.16534,1.16536,1179.0
2026-01-09 03:00:00,1.16536,1.16573,1.1648100000000001,1.16492,1793.0
2026-01-09 04:00:00,1.16492,1.16548,1.1646,1.16544,1420.0
2026-01-09 05:00:00,1.16544,1.16593,1.16538,1.16563,1246.0
2026-01-09 06:00:00,1.16563,1.1657,1.16519,1.16543,1137.0
2026-01-09 07:00:00,1.16543,1.16562,1.165,1.16511,1241.0
2026-01-09 08:00:00,1.16511,1.16529,1.16483,1.1649,1559.0
2026-01-09 09:00:00,1.16489,1.1650800000000001,1.16401,1.1650800000000001,2228.0
2026-01-09 10:00:00,1.1650800000000001,1.1653,1.16411,1.16489,2615.0
2026-01-09 11:00:00,1.16492,1.16502,1.16422,1.16424,1767.0
2026-01-09 12:00:00,1.16424,1.16469,1.16367,1.16469,1667.0
2026-01-09 13:00:00,1.1647,1.1647,1.16415,1.1646,1618.0
2026-01-09 14:00:00,1.1646,1.16462,1.16398,1.16415,1981.0
2026-01-09 15:00:00,1.16416,1.16606,1.16233,1.16452,6197.0
2026-01-09 16:00:00,1.16448,1.16525,1.16299,1.16367,6210.0
2026-01-09 17:00:00,1.1636199999999999,1.1641,1.1618,1.16405,5353.0
2026-01-09 18:00:00,1.16404,1.16434,1.16282,1.16333,3054.0
2026-01-09 19:00:00,1.16333,1.16345,1.16275,1.16318,2153.0
2026-01-09 20:00:00,1.16319,1.164,1.16312,1.1634,1673.0
2026-01-12 00:00:00,1.16258,1.16311,1.16258,1.16284,453.0
2026-01-12 01:00:00,1.16284,1.16331,1.16232,1.16238,1001.0
2026-01-12 02:00:00,1.16238,1.16651,1.16217,1.16648,3936.0
2026-01-12 03:00:00,1.16648,1.16714,1.16555,1.16563,3420.0
2026-01-12 04:00:00,1.16562,1.16642,1.16539,1.16548,1998.0
2026-01-12 05:00:00,1.16548,1.16592,1.16548,1.16552,1304.0
2026-01-12 06:00:00,1.16552,1.16585,1.16529,1.16557,1031.0
2026-01-12 07:00:00,1.16557,1.1671,1.16557,1.16692,1782.0
2026-01-12 08:00:00,1.16692,1.1673,1.1663999999999999,1.16698,1780.0
2026-01-12 09:00:00,1.16696,1.16876,1.16685,1.16849,3389.0
2026-01-12 10:00:00,1.16849,1.16919,1.16759,1.16882,3537.0
2026-01-12 11:00:00,1.16882,1.16959,1.16812,1.16819,2935.0
2026-01-12 12:00:00,1.16818,1.16855,1.16759,1.16854,2197.0
2026-01-12 13:00:00,1.16854,1.16894,1.16755,1.1678600000000001,2136.0
2026-01-12 14:00:00,1.1678600000000001,1.16876,1.16772,1.1681300000000001,2427.0
2026-01-12 15:00:00,1.1681300000000001,1.16985,1.16779,1.1693,3479.0
2026-01-12 16:00:00,1.16928,1.16929,1.16739,1.16769,3924.0
2026-01-12 17:00:00,1.16771,1.16861,1.16728,1.16814,3124.0
2026-01-12 18:00:00,1.16814,1.16821,1.16712,1.16719,2409.0
2026-01-12 19:00:00,1.16718,1.16758,1.16662,1.16687,2126.0
2026-01-12 20:00:00,1.16687,1.16717,1.16652,1.1669,1281.0
2026-01-12 21:00:00,1.1669,1.16739,1.16678,1.16721,1068.0
2026-01-12 22:00:00,1.16721,1.16732,1.16631,1.16652,1174.0
2026-01-12 23:00:00,1.16649,1.16685,1.16642,1.16662,698.0
2026-01-13 00:00:00,1.16656,1.16692,1.16625,1.16675,963.0
2026-01-13 01:00:00,1.16675,1.16709,1.16644,1.16675,1038.0
2026-01-13 02:00:00,1.16675,1.16676,1.16608,1.16637,1499.0
2026-01-13 03:00:00,1.16638,1.16647,1.16562,1.16586,1605.0
2026-01-13 04:00:00,1.16585,1.16614,1.16567,1.1659,1427.0
2026-01-13 05:00:00,1.1659,1.16638,1.16564,1.16588,1094.0
2026-01-13 06:00:00,1.16588,1.1666,1.16585,1.16656,1451.0
2026-01-13 07:00:00,1.16657,1.16676,1.16616,1.16627,1396.0
2026-01-13 08:00:00,1.16628,1.16629,1.16538,1.16589,1891.0
2026-01-13 09:00:00,1.16588,1.16649,1.1656,1.16642,2156.0
2026-01-13 10:00:00,1.16641,1.16693,1.16586,1.16693,2553.0
2026-01-13 11:00:00,1.16693,1.16726,1.16634,1.16719,2063.0
2026-01-13 12:00:00,1.16718,1.16744,1.16651,1.16663,1821.0
2026-01-13 13:00:00,1.16661,1.16705,1.16647,1.16687,1374.0
2026-01-13 14:00:00,1.16687,1.16692,1.16529,1.16552,1998.0
2026-01-13 15:00:00,1.16551,1.16776,1.165,1.16684,5647.0
2026-01-13 16:00:00,1.16684,1.16732,1.16573,1.1663999999999999,4656.0
2026-01-13 17:00:00,1.16638,1.16649,1.16441,1.16521,4350.0
2026-01-13 18:00:00,1.16521,1.16545,1.1634,1.16458,3257.0
2026-01-13 19:00:00,1.16458,1.16486,1.16413,1.1646,1982.0
2026-01-13 20:00:00,1.16461,1.16545,1.16413,1.16532,1681.0
2026-01-13 21:00:00,1.16532,1.16535,1.1646,1.16493,1559.0
2026-01-13 22:00:00,1.16493,1.16499,1.16453,1.16456,1234.0
2026-01-13 23:00:00,1.16455,1.16466,1.16418,1.16426,731.0
2026-01-14 00:00:00,1.16412,1.16439,1.16333,1.16426,451.0
2026-01-14 01:00:00,1.16426,1.16456,1.1641,1.1642000000000001,1168.0
2026-01-14 02:00:00,1.1642000000000001,1.16438,1.16379,1.16428,1311.0
2026-01-14 03:00:00,1.16428,1.16432,1.16369,1.16381,1496.0
2026-01-14 04:00:00,1.16381,1.16443,1.1636199999999999,1.16436,1294.0
2026-01-14 05:00:00,1.16436,1.1649,1.16435,1.1647,1134.0
2026-01-14 06:00:00,1.16469,1.1648,1.16434,1.16441,839.0
2026-01-14 07:00:00,1.16441,1.16452,1.16417,1.16422,936.0
2026-01-14 08:00:00,1.16422,1.16501,1.16415,1.16492,1272.0
2026-01-14 09:00:00,1.16492,1.16521,1.16443,1.16462,1644.0
2026-01-14 10:00:00,1.16462,1.16504,1.16408,1.16476,2774.0
2026-01-14 11:00:00,1.16475,1.16538,1.16459,1.16519,1979.0
2026-01-14 12:00:00,1.16519,1.16578,1.16468,1.16551,2070.0
2026-01-14 13:00:00,1.16551,1.16551,1.16439,1.1647,1908.0
2026-01-14 14:00:00,1.1647,1.166,1.16449,1.16596,2473.0
2026-01-14 15:00:00,1.16596,1.16597,1.16449,1.165,2819.0
2026-01-14 16:00:00,1.165,1.16599,1.16488,1.16559,3857.0
2026-01-14 17:00:00,1.16558,1.16607,1.16494,1.16599,3681.0
2026-01-14 18:00:00,1.166,1.16617,1.16526,1.16546,2352.0
2026-01-14 19:00:00,1.16546,1.16559,1.16456,1.16469,1803.0
2026-01-14 20:00:00,1.16467,1.16478,1.16379,1.1638,1497.0
2026-01-14 21:00:00,1.1638,1.16393,1.16354,1.1636199999999999,1167.0
2026-01-14 22:00:00,1.16364,1.16474,1.16364,1.16432,1697.0
2026-01-14 23:00:00,1.16433,1.16463,1.1642299999999999,1.16452,792.0
2026-01-15 00:00:00,1.1644,1.16461,1.16292,1.16436,395.0
2026-01-15 01:00:00,1.16436,1.1647,1.16421,1.1645,847.0
2026-01-15 02:00:00,1.16451,1.16456,1.16357,1.16377,1239.0
2026-01-15 03:00:00,1.16377,1.16417,1.16331,1.16387,2151.0
2026-01-15 04:00:00,1.16387,1.16409,1.1636199999999999,1.16403,1206.0
2026-01-15 05:00:00,1.16403,1.16415,1.16369,1.16389,1172.0
2026-01-15 06:00:00,1.16389,1.16395,1.16342,1.16346,840.0
2026-01-15 07:00:00,1.16345,1.16379,1.16334,1.16352,1035.0
2026-01-15 08:00:00,1.16352,1.16383,1.16299,1.16329,1590.0
2026-01-15 09:00:00,1.1633,1.16367,1.16259,1.16288,2016.0
2026-01-15 10:00:00,1.16286,1.16354,1.16268,1.16309,1965.0
2026-01-15 11:00:00,1.16309,1.16399,1.16302,1.1635900000000001,2240.0
2026-01-15 12:00:00,1.16358,1.1641,1.16328,1.16358,1772.0
2026-01-15 13:00:00,1.1635900000000001,1.1638,1.1630099999999999,1.16308,1423.0
2026-01-15 14:00:00,1.16308,1.1635,1.1620300000000001,1.16227,1665.0
2026-01-15 15:00:00,1.16227,1.16252,1.15988,1.16015,3859.0
2026-01-15 16:00:00,1.16016,1.1610800000000001,1.1593,1.16012,4034.0
2026-01-15 17:00:00,1.16012,1.16094,1.15972,1.16023,3531.0
2026-01-15 18:00:00,1.16024,1.16111,1.15985,1.1604700000000001,2603.0
2026-01-15 19:00:00,1.1604700000000001,1.16137,1.16037,1.1609,1878.0
2026-01-15 20:00:00,1.1609,1.1615199999999999,1.16089,1.16148,1364.0
2026-01-15 21:00:00,1.16148,1.16175,1.16112,1.16137,1529.0
2026-01-15 22:00:00,1.16137,1.16155,1.16028,1.16043,1251.0
2026-01-15 23:00:00,1.16042,1.16107,1.16034,1.16094,754.0
2026-01-16 00:00:00,1.16073,1.16083,1.16014,1.16069,562.0
2026-01-16 01:00:00,1.16069,1.16103,1.1605699999999999,1.1609099999999999,639.0
2026-01-16 02:00:00,1.1609099999999999,1.16096,1.16026,1.1604,1200.0
2026-01-16 03:00:00,1.1604,1.16087,1.16023,1.16071,1419.0
2026-01-16 04:00:00,1.16071,1.16143,1.16062,1.16096,1651.0
2026-01-16 05:00:00,1.16096,1.16126,1.16069,1.16121,1158.0
2026-01-16 06:00:00,1.16121,1.16137,1.16101,1.1611,811.0
2026-01-16 07:00:00,1.16109,1.16112,1.1606,1.16067,1030.0
2026-01-16 08:00:00,1.16067,1.16099,1.16044,1.16097,1057.0
2026-01-16 09:00:00,1.16096,1.16148,1.16082,1.16121,2071.0
2026-01-16 10:00:00,1.16122,1.16147,1.16085,1.16093,1964.0
2026-01-16 11:00:00,1.16093,1.1615199999999999,1.1608,1.16084,1624.0
2026-01-16 12:00:00,1.16083,1.16177,1.1608100000000001,1.16132,1756.0
2026-01-16 13:00:00,1.16132,1.16234,1.16129,1.16192,1830.0
2026-01-16 14:00:00,1.16192,1.16223,1.16136,1.16191,1946.0
2026-01-16 15:00:00,1.1619,1.16211,1.16116,1.16186,2492.0
2026-01-16 16:00:00,1.16186,1.16206,1.16126,1.16182,2602.0
2026-01-16 17:00:00,1.16182,1.1627399999999999,1.15845,1.1593499999999999,5886.0
2026-01-16 18:00:00,1.15934,1.1606,1.15934,1.15984,3594.0
2026-01-16 19:00:00,1.15984,1.16029,1.15948,1.15958,1912.0
2026-01-16 20:00:00,1.15956,1.15994,1.15893,1.15956,1591.0
2026-01-19 00:00:00,1.15817,1.1586,1.15772,1.15839,1200.0
2026-01-19 01:00:00,1.15839,1.1627,1.15778,1.16246,3795.0
2026-01-19 02:00:00,1.16246,1.16378,1.16046,1.16321,4127.0
2026-01-19 03:00:00,1.16321,1.16343,1.16221,1.16226,2736.0
2026-01-19 04:00:00,1.16228,1.1623999999999999,1.16157,1.16177,1729.0
2026-01-19 05:00:00,1.16177,1.16262,1.16162,1.16246,1375.0
2026-01-19 06:00:00,1.16246,1.16337,1.16244,1.16331,1419.0
2026-01-19 07:00:00,1.16332,1.16377,1.16268,1.16276,1719.0
2026-01-19 08:00:00,1.16275,1.16326,1.16249,1.1628,1533.0
2026-01-19 09:00:00,1.16281,1.16414,1.1623,1.16262,2583.0
2026-01-19 10:00:00,1.16262,1.1628,1.16183,1.16252,2335.0
2026-01-19 11:00:00,1.16252,1.1629800000000001,1.16111,1.16243,2549.0
2026-01-19 12:00:00,1.16245,1.16287,1.1622,1.1623999999999999,1711.0
2026-01-19 13:00:00,1.16241,1.1629,1.1620300000000001,1.1628,1417.0
2026-01-19 14:00:00,1.1628,1.16333,1.1625,1.16256,1662.0
2026-01-19 15:00:00,1.16257,1.16355,1.16257,1.1632,1911.0
2026-01-19 16:00:00,1.16318,1.16426,1.16303,1.16399,2132.0
2026-01-19 17:00:00,1.16399,1.16434,1.16317,1.16399,2409.0
2026-01-19 18:00:00,1.16399,1.16474,1.16378,1.16419,1598.0
2026-01-19 19:00:00,1.16419,1.16466,1.16398,1.1645699999999999,918.0
2026-01-19 20:00:00,1.16458,1.16487,1.16431,1.16433,689.0
2026-01-19 21:00:00,1.16433,1.16468,1.16426,1.16432,484.0
2026-01-19 22:00:00,1.16432,1.16454,1.16418,1.16454,393.0
2026-01-19 23:00:00,1.16454,1.16462,1.1643,1.16454,407.0
2026-01-20 00:00:00,1.16448,1.16458,1.16395,1.16441,257.0
2026-01-20 01:00:00,1.16443,1.16461,1.16383,1.16394,713.0
2026-01-20 02:00:00,1.16394,1.1641,1.16326,1.16403,1424.0
2026-01-20 03:00:00,1.16403,1.1644,1.16388,1.16439,1885.0
2026-01-20 04:00:00,1.16439,1.16465,1.16405,1.16445,1454.0
2026-01-20 05:00:00,1.16445,1.16587,1.16441,1.16566,1995.0
2026-01-20 06:00:00,1.16566,1.16665,1.16561,1.16657,1708.0
2026-01-20 07:00:00,1.16657,1.1672500000000001,1.16631,1.16632,1662.0
2026-01-20 08:00:00,1.16632,1.16692,1.1662,1.16687,2352.0
2026-01-20 09:00:00,1.16686,1.16938,1.16641,1.16887,3918.0
2026-01-20 10:00:00,1.16887,1.17217,1.16873,1.17163,5357.0
2026-01-20 11:00:00,1.1716199999999999,1.17328,1.17158,1.17264,4396.0
2026-01-20 12:00:00,1.17263,1.17321,1.1715200000000001,1.17311,3636.0
2026-01-20 13:00:00,1.17313,1.1739,1.17225,1.1735,3156.0
2026-01-20 14:00:00,1.1735,1.17437,1.17256,1.17258,3378.0
2026-01-20 15:00:00,1.17259,1.1769,1.17185,1.17333,6118.0
2026-01-20 16:00:00,1.17334,1.1737,1.1715200000000001,1.17194,6394.0
2026-01-20 17:00:00,1.17194,1.17371,1.17161,1.17271,5302.0
2026-01-20 18:00:00,1.17271,1.17394,1.1727,1.1739,3297.0
2026-01-20 19:00:00,1.1739,1.17428,1.17298,1.17315,2431.0
2026-01-20 20:00:00,1.17315,1.17341,1.17266,1.17267,1652.0
2026-01-20 21:00:00,1.17267,1.17281,1.17116,1.17123,2068.0
2026-01-20 22:00:00,1.17123,1.17204,1.17108,1.17196,2100.0
2026-01-20 23:00:00,1.17194,1.17267,1.17176,1.17262,794.0
2026-01-21 00:00:00,1.17241,1.17253,1.1718899999999999,1.17201,772.0
2026-01-21 01:00:00,1.17201,1.17289,1.17195,1.17272,897.0
2026-01-21 02:00:00,1.17268,1.17268,1.17165,1.17236,1421.0
2026-01-21 03:00:00,1.17236,1.17343,1.17226,1.1729,2179.0
2026-01-21 04:00:00,1.17291,1.17317,1.17243,1.17265,1283.0
2026-01-21 05:00:00,1.17265,1.17288,1.17109,1.1718899999999999,1676.0
2026-01-21 06:00:00,1.1718899999999999,1.17206,1.17141,1.17182,1156.0
2026-01-21 07:00:00,1.17181,1.17217,1.17154,1.17174,1262.0
2026-01-21 08:00:00,1.17174,1.17251,1.17156,1.1724,1534.0
2026-01-21 09:00:00,1.17237,1.17254,1.171,1.17171,2962.0
2026-01-21 10:00:00,1.17171,1.17187,1.1705,1.17103,2709.0
2026-01-21 11:00:00,1.17103,1.17127,1.17012,1.17035,2316.0
2026-01-21 12:00:00,1.17035,1.17085,1.17014,1.1707,2188.0
2026-01-21 13:00:00,1.1707,1.17203,1.17039,1.17142,2488.0
2026-01-21 14:00:00,1.17142,1.17358,1.17121,1.17349,2673.0
2026-01-21 15:00:00,1.1735,1.1743000000000001,1.17286,1.1739600000000001,3335.0
2026-01-21 16:00:00,1.1739600000000001,1.17408,1.1715200000000001,1.1724700000000001,7084.0
2026-01-21 17:00:00,1.1724700000000001,1.17285,1.1700599999999999,1.17021,5275.0
2026-01-21 18:00:00,1.1702,1.17107,1.16948,1.17033,4212.0
2026-01-21 19:00:00,1.17033,1.17117,1.16971,1.17028,3456.0
2026-01-21 20:00:00,1.17028,1.17034,1.16937,1.1697,1999.0
2026-01-21 21:00:00,1.1697,1.17055,1.16769,1.16914,4473.0
2026-01-21 22:00:00,1.16915,1.1692,1.1676199999999999,1.16869,2666.0
2026-01-21 23:00:00,1.16869,1.16895,1.1684,1.16872,879.0
2026-01-22 00:00:00,1.16818,1.1686,1.16797,1.16845,634.0
2026-01-22 01:00:00,1.16845,1.16855,1.167,1.1673,1099.0
2026-01-22 02:00:00,1.1673,1.16899,1.16729,1.16873,1980.0
2026-01-22 03:00:00,1.1687400000000001,1.16902,1.16811,1.16888,1969.0
2026-01-22 04:00:00,1.16888,1.16936,1.16832,1.1685699999999999,1440.0
2026-01-22 05:00:00,1.1685699999999999,1.16904,1.16849,1.1689,1127.0
2026-01-22 06:00:00,1.1689,1.16972,1.16889,1.16916,1117.0
2026-01-22 07:00:00,1.16916,1.1692,1.16842,1.16883,1243.0
2026-01-22 08:00:00,1.16883,1.16919,1.16843,1.16886,1535.0
2026-01-22 09:00:00,1.16885,1.16962,1.1684700000000001,1.1690800000000001,2271.0
2026-01-22 10:00:00,1.16906,1.1695,1.16841,1.16889,2775.0
2026-01-22 11:00:00,1.16895,1.16975,1.16877,1.16927,2430.0
2026-01-22 12:00:00,1.16928,1.16955,1.16868,1.16955,1905.0
2026-01-22 13:00:00,1.16955,1.17041,1.16904,1.17026,3067.0
2026-01-22 14:00:00,1.17023,1.17092,1.16999,1.17039,2234.0
2026-01-22 15:00:00,1.17039,1.1718600000000001,1.17029,1.17139,3638.0
2026-01-22 16:00:00,1.17139,1.17255,1.17109,1.17198,3618.0
2026-01-22 17:00:00,1.172,1.1734,1.17187,1.17339,3861.0
2026-01-22 18:00:00,1.17339,1.17505,1.1733500000000001,1.17388,3459.0
2026-01-22 19:00:00,1.17386,1.17479,1.17268,1.1746699999999999,2532.0
2026-01-22 20:00:00,1.17465,1.17487,1.17433,1.17476,1349.0
2026-01-22 21:00:00,1.17475,1.17481,1.17414,1.1743999999999999,1182.0
2026-01-22 22:00:00,1.1743999999999999,1.17527,1.17422,1.17488,1293.0
2026-01-22 23:00:00,1.17484,1.17561,1.17472,1.17549,907.0
2026-01-23 00:00:00,1.17543,1.17556,1.17444,1.1755200000000001,678.0
2026-01-23 01:00:00,1.1755200000000001,1.17594,1.17533,1.17539,1060.0
2026-01-23 02:00:00,1.17539,1.17539,1.17479,1.17481,1394.0
2026-01-23 03:00:00,1.17481,1.17539,1.17472,1.17494,2086.0
2026-01-23 04:00:00,1.17493,1.175,1.17438,1.17453,1518.0
2026-01-23 05:00:00,1.17453,1.17488,1.17436,1.17437,1231.0
2026-01-23 06:00:00,1.17437,1.17511,1.17431,1.1750099999999999,1018.0
2026-01-23 07:00:00,1.1750099999999999,1.1754,1.17499,1.1751,1234.0
2026-01-23 08:00:00,1.17509,1.17531,1.17414,1.17421,2212.0
2026-01-23 09:00:00,1.1742,1.17473,1.17349,1.1736,3819.0
2026-01-23 10:00:00,1.17359,1.17452,1.17282,1.174,3724.0
2026-01-23 11:00:00,1.17401,1.1745,1.17351,1.17354,2670.0
2026-01-23 12:00:00,1.17354,1.17361,1.17301,1.17344,1879.0
2026-01-23 13:00:00,1.17346,1.1740599999999999,1.17307,1.17374,2022.0
2026-01-23 14:00:00,1.17375,1.17445,1.17366,1.17424,1840.0
2026-01-23 15:00:00,1.17424,1.17473,1.17329,1.17341,2321.0
2026-01-23 16:00:00,1.17341,1.17481,1.17318,1.17466,2776.0
2026-01-23 17:00:00,1.17464,1.17614,1.17458,1.1758,2986.0
2026-01-23 18:00:00,1.17583,1.17751,1.17464,1.17707,3974.0
2026-01-23 19:00:00,1.17707,1.17988,1.17691,1.17945,5849.0
2026-01-23 20:00:00,1.17945,1.17956,1.1777199999999999,1.17922,3947.0
2026-01-26 00:00:00,1.18637,1.18915,1.18491,1.18886,1826.0
2026-01-26 01:00:00,1.18886,1.18976,1.18544,1.18602,4371.0
2026-01-26 02:00:00,1.18602,1.18632,1.18445,1.18612,4120.0
2026-01-26 03:00:00,1.18616,1.18692,1.18547,1.18579,4061.0
2026-01-26 04:00:00,1.18579,1.18765,1.18558,1.18676,3496.0
2026-01-26 05:00:00,1.18676,1.18677,1.18582,1.18625,2284.0
2026-01-26 06:00:00,1.18625,1.18691,1.18555,1.18591,2504.0
2026-01-26 07:00:00,1.18591,1.18698,1.18579,1.1865,2028.0
2026-01-26 08:00:00,1.1865,1.1865700000000001,1.18507,1.18517,2892.0
2026-01-26 09:00:00,1.18517,1.18628,1.18366,1.1838899999999999,3821.0
2026-01-26 10:00:00,1.1838899999999999,1.18597,1.18382,1.18536,4383.0
2026-01-26 11:00:00,1.18536,1.18675,1.18418,1.18637,3980.0
2026-01-26 12:00:00,1.18641,1.18653,1.18536,1.18607,2755.0
2026-01-26 13:00:00,1.18607,1.18607,1.18486,1.1856,2563.0
2026-01-26 14:00:00,1.1856,1.18574,1.18402,1.18424,2461.0
2026-01-26 15:00:00,1.18422,1.1857,1.18349,1.1856,3369.0
2026-01-26 16:00:00,1.1856,1.18795,1.18525,1.18789,4276.0
2026-01-26 17:00:00,1.1879,1.18969,1.18706,1.18954,4617.0
2026-01-26 18:00:00,1.18952,1.19069,1.188,1.18861,4312.0
2026-01-26 19:00:00,1.18861,1.18915,1.18747,1.18788,2796.0
2026-01-26 20:00:00,1.18788,1.18903,1.18781,1.18789,2547.0
2026-01-26 21:00:00,1.1879,1.1881599999999999,1.18705,1.18792,2819.0
2026-01-26 22:00:00,1.18793,1.18835,1.18774,1.18825,1833.0
2026-01-26 23:00:00,1.18825,1.18864,1.18738,1.18797,1134.0
2026-01-27 00:00:00,1.18794,1.18801,1.18717,1.18749,521.0
2026-01-27 01:00:00,1.18749,1.18813,1.18716,1.18739,905.0
2026-01-27 02:00:00,1.18739,1.18829,1.18726,1.18772,2294.0
2026-01-27 03:00:00,1.18769,1.18813,1.18733,1.18787,2023.0
2026-01-27 04:00:00,1.18787,1.18994,1.18762,1.18936,2307.0
2026-01-27 05:00:00,1.18934,1.18934,1.18792,1.18798,1804.0
2026-01-27 06:00:00,1.18798,1.18825,1.187,1.18734,1515.0
2026-01-27 07:00:00,1.18734,1.18787,1.1872,1.18768,1495.0
2026-01-27 08:00:00,1.18768,1.18813,1.18708,1.18719,1840.0
2026-01-27 09:00:00,1.1871800000000001,1.18756,1.1861,1.18636,2826.0
2026-01-27 10:00:00,1.18637,1.18672,1.18503,1.18607,3106.0
2026-01-27 11:00:00,1.18606,1.18898,1.18589,1.1889,3023.0
2026-01-27 12:00:00,1.1889,1.18898,1.18742,1.18889,3765.0
2026-01-27 13:00:00,1.18888,1.1897199999999999,1.18854,1.18954,2615.0
2026-01-27 14:00:00,1.18954,1.19344,1.18942,1.19281,5495.0
2026-01-27 15:00:00,1.19285,1.19387,1.19142,1.19234,5552.0
2026-01-27 16:00:00,1.19235,1.19551,1.19184,1.1944,5931.0
2026-01-27 17:00:00,1.19445,1.19725,1.19442,1.19507,6497.0
2026-01-27 18:00:00,1.19507,1.19902,1.19497,1.19792,5006.0
2026-01-27 19:00:00,1.19793,1.19836,1.19588,1.198,4348.0
2026-01-27 20:00:00,1.198,1.19874,1.19718,1.19778,3277.0
2026-01-27 21:00:00,1.19778,1.19809,1.19711,1.19774,2252.0
2026-01-27 22:00:00,1.19772,1.20821,1.19719,1.20298,6139.0
2026-01-27 23:00:00,1.20295,1.20497,1.20231,1.20393,4973.0
2026-01-28 00:00:00,1.2037200000000001,1.20425,1.20281,1.20417,911.0
2026-01-28 01:00:00,1.20417,1.20447,1.20163,1.20229,2342.0
2026-01-28 02:00:00,1.20229,1.20235,1.20079,1.20151,3520.0
2026-01-28 03:00:00,1.2015,1.20161,1.19926,1.19928,3145.0
2026-01-28 04:00:00,1.19928,1.1999900000000001,1.19871,1.19975,2315.0
2026-01-28 05:00:00,1.19975,1.20051,1.19953,1.1997,1728.0
2026-01-28 06:00:00,1.1997,1.20017,1.19915,1.20002,1593.0
2026-01-28 07:00:00,1.20002,1.2000899999999999,1.19749,1.19969,3230.0
2026-01-28 08:00:00,1.1997,1.20072,1.199,1.19952,2567.0
2026-01-28 09:00:00,1.19955,1.20258,1.19844,1.19913,4058.0
2026-01-28 10:00:00,1.19919,1.20048,1.19703,1.19805,4844.0
2026-01-28 11:00:00,1.19805,1.19928,1.19751,1.19868,3605.0
2026-01-28 12:00:00,1.19868,1.1994799999999999,1.19725,1.1989,3364.0
2026-01-28 13:00:00,1.19893,1.19897,1.19617,1.1968,3179.0
2026-01-28 14:00:00,1.1968,1.19834,1.19661,1.19798,3024.0
2026-01-28 15:00:00,1.19797,1.19809,1.19518,1.19576,3950.0
2026-01-28 16:00:00,1.19578,1.19775,1.19526,1.19626,4247.0
2026-01-28 17:00:00,1.19626,1.19703,1.1923,1.19436,10027.0
2026-01-28 18:00:00,1.19437,1.19525,1.19189,1.19406,5095.0
2026-01-28 19:00:00,1.19407,1.19433,1.1928,1.19411,2619.0
2026-01-28 20:00:00,1.19412,1.1942300000000001,1.19143,1.1921599999999999,2793.0
2026-01-28 21:00:00,1.1921599999999999,1.19417,1.18957,1.19404,7826.0
2026-01-28 22:00:00,1.19403,1.19502,1.1929400000000001,1.19457,3727.0
2026-01-28 23:00:00,1.19456,1.19538,1.19417,1.19533,1355.0
2026-01-29 00:00:00,1.19535,1.19558,1.19447,1.19549,393.0
2026-01-29 01:00:00,1.19549,1.19809,1.19524,1.19809,2421.0
2026-01-29 02:00:00,1.19806,1.19853,1.19692,1.19737,3167.0
2026-01-29 03:00:00,1.19736,1.19736,1.19567,1.19614,3196.0
2026-01-29 04:00:00,1.19614,1.19756,1.19532,1.19732,2845.0
2026-01-29 05:00:00,1.19731,1.19867,1.19705,1.19864,2439.0
2026-01-29 06:00:00,1.19864,1.19907,1.19754,1.199,2444.0
2026-01-29 07:00:00,1.19899,1.19937,1.19806,1.19811,2035.0
2026-01-29 08:00:00,1.19811,1.19892,1.19753,1.19847,2550.0
2026-01-29 09:00:00,1.19846,1.19966,1.19673,1.19742,3359.0
2026-01-29 10:00:00,1.19742,1.19857,1.19615,1.19683,4346.0
2026-01-29 11:00:00,1.19684,1.19742,1.19515,1.19558,3505.0
2026-01-29 12:00:00,1.19558,1.1958,1.19388,1.1942300000000001,3318.0
2026-01-29 13:00:00,1.19425,1.1953,1.1938,1.19471,2927.0
2026-01-29 14:00:00,1.19471,1.19622,1.19421,1.19613,2710.0
2026-01-29 15:00:00,1.19612,1.1971,1.19401,1.19563,5413.0
2026-01-29 16:00:00,1.19565,1.19715,1.1952099999999999,1.19703,6256.0
2026-01-29 17:00:00,1.1970399999999999,1.19725,1.19062,1.1929400000000001,11855.0
2026-01-29 18:00:00,1.19296,1.19529,1.19273,1.19425,7005.0
2026-01-29 19:00:00,1.19424,1.19616,1.19424,1.19562,5071.0
2026-01-29 20:00:00,1.19558,1.19649,1.19483,1.19579,3519.0
2026-01-29 21:00:00,1.19579,1.1960600000000001,1.19502,1.19514,2506.0
2026-01-29 22:00:00,1.19514,1.19683,1.19456,1.19648,2120.0
2026-01-29 23:00:00,1.1965,1.19712,1.1962,1.19702,1393.0
2026-01-30 00:00:00,1.1970399999999999,1.1970399999999999,1.19544,1.19692,585.0
2026-01-30 01:00:00,1.19692,1.19746,1.19649,1.19676,1304.0
2026-01-30 02:00:00,1.19675,1.1973,1.193,1.1932,3988.0
2026-01-30 03:00:00,1.19319,1.19398,1.19141,1.1917,5236.0
2026-01-30 04:00:00,1.1917,1.19265,1.18948,1.19185,6482.0
2026-01-30 05:00:00,1.1919,1.19232,1.19131,1.192,3272.0
2026-01-30 06:00:00,1.19198,1.19345,1.19192,1.19244,2282.0
2026-01-30 07:00:00,1.19245,1.19351,1.19146,1.19248,2721.0
2026-01-30 08:00:00,1.19248,1.19332,1.1914,1.19191,4205.0
2026-01-30 09:00:00,1.1919,1.1942599999999999,1.19148,1.19377,5339.0
2026-01-30 10:00:00,1.1939,1.19432,1.19234,1.19339,4654.0
2026-01-30 11:00:00,1.1933799999999999,1.19379,1.18983,1.19087,5143.0
2026-01-30 12:00:00,1.19081,1.19252,1.19048,1.19212,3581.0
2026-01-30 13:00:00,1.19212,1.19504,1.1920600000000001,1.1949,3705.0
2026-01-30 14:00:00,1.19491,1.19546,1.19152,1.19196,3833.0
2026-01-30 15:00:00,1.19195,1.19244,1.19018,1.19123,5668.0
2026-01-30 16:00:00,1.19127,1.19212,1.1901,1.19067,5593.0
2026-01-30 17:00:00,1.19064,1.19064,1.18833,1.18951,7922.0
2026-01-30 18:00:00,1.18951,1.18976,1.18717,1.1886,5589.0
2026-01-30 19:00:00,1.1886,1.18875,1.18666,1.18724,5214.0
2026-01-30 20:00:00,1.18723,1.1884299999999999,1.18546,1.18784,6382.0
2026-02-02 00:00:00,1.18496,1.18522,1.18438,1.18483,705.0
2026-02-02 01:00:00,1.18485,1.18569,1.18397,1.18461,3670.0
2026-02-02 02:00:00,1.18463,1.18748,1.18462,1.18666,4572.0
2026-02-02 03:00:00,1.18666,1.18725,1.1852800000000001,1.18706,5135.0
2026-02-02 04:00:00,1.18706,1.18748,1.18631,1.18632,3793.0
2026-02-02 05:00:00,1.18632,1.1871800000000001,1.18631,1.18641,2830.0
2026-02-02 06:00:00,1.18641,1.18725,1.18578,1.18632,2808.0
2026-02-02 07:00:00,1.18632,1.18638,1.1841,1.18506,2880.0
2026-02-02 08:00:00,1.18506,1.18545,1.1843,1.1853799999999999,4622.0
2026-02-02 09:00:00,1.1853799999999999,1.18634,1.18516,1.18536,4117.0
2026-02-02 10:00:00,1.18536,1.18666,1.18436,1.18508,4537.0
2026-02-02 11:00:00,1.18507,1.18651,1.18446,1.1862300000000001,4047.0
2026-02-02 12:00:00,1.18622,1.18702,1.18586,1.18646,3688.0
2026-02-02 13:00:00,1.18646,1.18714,1.18606,1.18646,3952.0
2026-02-02 14:00:00,1.18647,1.18698,1.18429,1.18498,3940.0
2026-02-02 15:00:00,1.18498,1.18503,1.18179,1.18208,5960.0
2026-02-02 16:00:00,1.18207,1.18297,1.18052,1.18204,6431.0
2026-02-02 17:00:00,1.18053,1.18168,1.17904,1.17923,8218.0
2026-02-02 18:00:00,1.17923,1.18078,1.17904,1.18063,5254.0
2026-02-02 19:00:00,1.18064,1.18124,1.1795,1.18,4205.0
2026-02-02 20:00:00,1.18,1.18012,1.17776,1.17797,3566.0
2026-02-02 21:00:00,1.17799,1.17914,1.1776,1.17888,3000.0
2026-02-02 22:00:00,1.17888,1.17923,1.17803,1.17914,2653.0
2026-02-02 23:00:00,1.17914,1.17944,1.17883,1.179,1153.0
2026-02-03 00:00:00,1.179,1.17921,1.17793,1.17893,1344.0
2026-02-03 01:00:00,1.17893,1.1799,1.17875,1.1799,1591.0
2026-02-03 02:00:00,1.1799,1.18071,1.17981,1.18064,2337.0
2026-02-03 03:00:00,1.18064,1.18147,1.1801599999999999,1.18139,2184.0
2026-02-03 04:00:00,1.18139,1.18144,1.18008,1.18015,1576.0
2026-02-03 05:00:00,1.18015,1.18127,1.18009,1.18095,2248.0
2026-02-03 06:00:00,1.18095,1.18166,1.18088,1.18092,1889.0
2026-02-03 07:00:00,1.18092,1.18132,1.18049,1.18088,1585.0
2026-02-03 08:00:00,1.18088,1.18164,1.18078,1.18138,2133.0
2026-02-03 09:00:00,1.18137,1.18245,1.18099,1.18153,4082.0
2026-02-03 10:00:00,1.18153,1.18195,1.18037,1.18129,3894.0
2026-02-03 11:00:00,1.18127,1.18161,1.17922,1.17922,4043.0
2026-02-03 12:00:00,1.17923,1.17999,1.17868,1.17871,3188.0
2026-02-03 13:00:00,1.17871,1.17949,1.17826,1.1787,2957.0
2026-02-03 14:00:00,1.1787,1.17999,1.1786699999999999,1.17966,2922.0
2026-02-03 15:00:00,1.17966,1.18067,1.17926,1.1796,3903.0
2026-02-03 16:00:00,1.1796,1.18012,1.17799,1.17911,5106.0
2026-02-03 17:00:00,1.17911,1.18137,1.17861,1.1813,5793.0
2026-02-03 18:00:00,1.18133,1.18213,1.1810100000000001,1.18178,4547.0
2026-02-03 19:00:00,1.18178,1.18289,1.18138,1.18163,4390.0
2026-02-03 20:00:00,1.18163,1.18225,1.18089,1.18089,3844.0
2026-02-03 21:00:00,1.18088,1.1817,1.18057,1.18134,3085.0
2026-02-03 22:00:00,1.18138,1.18219,1.18094,1.18211,2275.0
2026-02-03 23:00:00,1.1821,1.18254,1.18176,1.18185,1099.0
2026-02-04 00:00:00,1.18164,1.182,1.18119,1.1817199999999999,1439.0
2026-02-04 01:00:00,1.1817199999999999,1.18207,1.18122,1.18157,1205.0
2026-02-04 02:00:00,1.18157,1.18175,1.18088,1.18143,2054.0
2026-02-04 03:00:00,1.18142,1.1832,1.18124,1.1826,3266.0
2026-02-04 04:00:00,1.1826,1.18317,1.18189,1.18222,2299.0
2026-02-04 05:00:00,1.18222,1.18282,1.18208,1.1827,2392.0
2026-02-04 06:00:00,1.1827,1.18357,1.18254,1.1835499999999999,1457.0
2026-02-04 07:00:00,1.1835499999999999,1.18362,1.18307,1.18329,1313.0
2026-02-04 08:00:00,1.18329,1.1836,1.18289,1.18296,1986.0
2026-02-04 09:00:00,1.18296,1.1834,1.1824,1.1832,2403.0
2026-02-04 10:00:00,1.18313,1.1837900000000001,1.18236,1.18287,3549.0
2026-02-04 11:00:00,1.18288,1.18326,1.1811099999999999,1.18139,3106.0
2026-02-04 12:00:00,1.18138,1.18179,1.18047,1.18134,2999.0
2026-02-04 13:00:00,1.18134,1.18154,1.18058,1.18103,3179.0
2026-02-04 14:00:00,1.18104,1.18247,1.18095,1.18215,2665.0
2026-02-04 15:00:00,1.18218,1.18269,1.18113,1.18224,4500.0
2026-02-04 16:00:00,1.18225,1.18256,1.18024,1.18145,5694.0
2026-02-04 17:00:00,1.18129,1.18221,1.17931,1.17963,6107.0
2026-02-04 18:00:00,1.17964,1.18057,1.17905,1.18023,4967.0
2026-02-04 19:00:00,1.18025,1.1815,1.17943,1.17976,5149.0
2026-02-04 20:00:00,1.17976,1.18017,1.17949,1.18009,3277.0
2026-02-04 21:00:00,1.18009,1.18095,1.17945,1.18091,2980.0
2026-02-04 22:00:00,1.18091,1.18097,1.1801599999999999,1.18037,2020.0
2026-02-04 23:00:00,1.1804000000000001,1.1808,1.18025,1.18052,1343.0
2026-02-05 00:00:00,1.18065,1.18065,1.17942,1.18036,616.0
2026-02-05 01:00:00,1.18035,1.18076,1.18003,1.18015,1372.0
2026-02-05 02:00:00,1.18015,1.18047,1.17995,1.18044,2159.0
2026-02-05 03:00:00,1.18046,1.18083,1.18021,1.18037,1878.0
2026-02-05 04:00:00,1.18037,1.18053,1.17847,1.17856,3458.0
2026-02-05 05:00:00,1.17858,1.1791,1.17828,1.17892,3875.0
2026-02-05 06:00:00,1.17893,1.1791,1.17866,1.17876,1448.0
2026-02-05 07:00:00,1.17877,1.17902,1.17843,1.179,1362.0
2026-02-05 08:00:00,1.179,1.17917,1.17846,1.17905,2106.0
2026-02-05 09:00:00,1.17904,1.18036,1.17904,1.17988,3140.0
2026-02-05 10:00:00,1.17987,1.18088,1.1795499999999999,1.18029,3665.0
2026-02-05 11:00:00,1.18028,1.18028,1.17803,1.17807,3604.0
2026-02-05 12:00:00,1.1780599999999999,1.1791800000000001,1.17803,1.17877,2509.0
2026-02-05 13:00:00,1.17877,1.17953,1.17861,1.17936,2302.0
2026-02-05 14:00:00,1.17938,1.18036,1.17855,1.17996,6029.0
2026-02-05 15:00:00,1.17996,1.18154,1.17909,1.18117,6805.0
2026-02-05 16:00:00,1.18114,1.18218,1.1795499999999999,1.17981,7137.0
2026-02-05 17:00:00,1.17981,1.18117,1.17817,1.17913,7547.0
2026-02-05 18:00:00,1.17916,1.18035,1.17851,1.18012,5195.0
2026-02-05 19:00:00,1.18014,1.18043,1.1796,1.18009,3496.0
2026-02-05 20:00:00,1.18009,1.18029,1.1792,1.17935,2393.0
2026-02-05 21:00:00,1.17934,1.17975,1.17926,1.17942,1749.0
2026-02-05 22:00:00,1.17942,1.17947,1.17797,1.17809,1862.0
2026-02-05 23:00:00,1.17807,1.17844,1.17747,1.17789,1693.0
2026-02-06 00:00:00,1.1776200000000001,1.17816,1.1776200000000001,1.17805,597.0
2026-02-06 01:00:00,1.17805,1.17808,1.17752,1.17766,1703.0
2026-02-06 02:00:00,1.17765,1.1783299999999999,1.17656,1.17829,3415.0
2026-02-06 03:00:00,1.17829,1.17883,1.17786,1.1785,3316.0
2026-02-06 04:00:00,1.17852,1.17917,1.17847,1.17876,1740.0
2026-02-06 05:00:00,1.17876,1.17905,1.1785700000000001,1.17877,1451.0
2026-02-06 06:00:00,1.17878,1.17964,1.17873,1.17953,1202.0
2026-02-06 07:00:00,1.17953,1.1801300000000001,1.17948,1.17984,1770.0
2026-02-06 08:00:00,1.17983,1.18017,1.17944,1.17971,2010.0
2026-02-06 09:00:00,1.17973,1.17977,1.17887,1.17914,2377.0
2026-02-06 10:00:00,1.17914,1.17958,1.1785700000000001,1.17924,3449.0
2026-02-06 11:00:00,1.17924,1.17981,1.17901,1.17921,3072.0
2026-02-06 12:00:00,1.17921,1.17998,1.17898,1.17921,2468.0
2026-02-06 13:00:00,1.17921,1.17933,1.17856,1.17903,2613.0
2026-02-06 14:00:00,1.17903,1.17931,1.17883,1.17926,2353.0
2026-02-06 15:00:00,1.17927,1.18112,1.17923,1.18104,3132.0
2026-02-06 16:00:00,1.18103,1.18261,1.18099,1.18212,4095.0
2026-02-06 17:00:00,1.18212,1.1824,1.18052,1.18193,5096.0
2026-02-06 18:00:00,1.18191,1.18217,1.1810100000000001,1.18123,3507.0
2026-02-06 19:00:00,1.18122,1.18207,1.18103,1.1818,2449.0
2026-02-06 20:00:00,1.1818,1.18227,1.18176,1.18191,1695.0
2026-02-09 00:00:00,1.18104,1.18149,1.18089,1.18141,709.0
2026-02-09 01:00:00,1.18141,1.18278,1.18098,1.18268,2626.0
2026-02-09 02:00:00,1.18268,1.18336,1.18239,1.18307,3026.0
2026-02-09 03:00:00,1.18308,1.18336,1.18247,1.18255,2923.0
2026-02-09 04:00:00,1.18255,1.18258,1.1816,1.1819600000000001,2278.0
2026-02-09 05:00:00,1.1819600000000001,1.1825,1.18182,1.18188,1542.0
2026-02-09 06:00:00,1.18189,1.18268,1.18188,1.18266,1236.0
2026-02-09 07:00:00,1.18266,1.18363,1.1825700000000001,1.18334,1370.0
2026-02-09 08:00:00,1.18333,1.18578,1.18329,1.18519,3497.0
2026-02-09 09:00:00,1.18518,1.1859899999999999,1.1847,1.18558,3615.0
2026-02-09 10:00:00,1.18558,1.18646,1.18516,1.18643,3100.0
2026-02-09 11:00:00,1.18642,1.18698,1.18601,1.18622,2542.0
2026-02-09 12:00:00,1.18622,1.18697,1.18552,1.186,3324.0
2026-02-09 13:00:00,1.18598,1.1872099999999999,1.18556,1.18691,3588.0
2026-02-09 14:00:00,1.18692,1.1883,1.18691,1.18814,2801.0
2026-02-09 15:00:00,1.18814,1.19056,1.18814,1.19037,5365.0
2026-02-09 16:00:00,1.19036,1.19185,1.19029,1.19185,6008.0
2026-02-09 17:00:00,1.19185,1.19266,1.19034,1.1912,5055.0
2026-02-09 18:00:00,1.1912,1.19175,1.18929,1.18974,3664.0
2026-02-09 19:00:00,1.18974,1.19109,1.18973,1.19085,2169.0
2026-02-09 20:00:00,1.19085,1.19171,1.19034,1.19159,2457.0
2026-02-09 21:00:00,1.19159,1.19222,1.19124,1.19202,2397.0
2026-02-09 22:00:00,1.19201,1.19212,1.19141,1.19147,1347.0
2026-02-09 23:00:00,1.19146,1.19154,1.19109,1.19148,1156.0
2026-02-10 00:00:00,1.19108,1.19134,1.19081,1.19106,733.0
2026-02-10 01:00:00,1.19107,1.1914500000000001,1.19017,1.19038,1078.0
2026-02-10 02:00:00,1.19037,1.19056,1.18985,1.19018,1674.0
2026-02-10 03:00:00,1.19018,1.19104,1.18966,1.19057,2462.0
2026-02-10 04:00:00,1.19058,1.19142,1.19057,1.19137,2033.0
2026-02-10 05:00:00,1.19137,1.19171,1.191,1.19114,1734.0
2026-02-10 06:00:00,1.19114,1.19128,1.19058,1.19069,1325.0
2026-02-10 07:00:00,1.19068,1.19105,1.19036,1.19074,1266.0
2026-02-10 08:00:00,1.19074,1.19132,1.19012,1.19031,1891.0
2026-02-10 09:00:00,1.19032,1.19104,1.18994,1.19085,2517.0
2026-02-10 10:00:00,1.19085,1.19151,1.18997,1.19092,3016.0
2026-02-10 11:00:00,1.19092,1.19198,1.19081,1.19144,2966.0
2026-02-10 12:00:00,1.19144,1.19175,1.19092,1.19101,2408.0
2026-02-10 13:00:00,1.191,1.19106,1.1901,1.19039,1550.0
2026-02-10 14:00:00,1.19041,1.19086,1.1891,1.18929,3111.0
2026-02-10 15:00:00,1.18929,1.19133,1.18885,1.19053,5166.0
2026-02-10 16:00:00,1.19055,1.19286,1.1903,1.19148,5785.0
2026-02-10 17:00:00,1.19143,1.19191,1.18966,1.1914,6021.0
2026-02-10 18:00:00,1.19141,1.19148,1.18965,1.18976,4387.0
2026-02-10 19:00:00,1.18978,1.19052,1.18932,1.18957,2728.0
2026-02-10 20:00:00,1.18957,1.18982,1.18904,1.18923,2036.0
2026-02-10 21:00:00,1.18923,1.19024,1.18868,1.1902300000000001,1732.0
2026-02-10 22:00:00,1.19022,1.19034,1.18946,1.18951,1417.0
2026-02-10 23:00:00,1.18953,1.18967,1.18926,1.18937,1024.0
2026-02-11 00:00:00,1.18944,1.18947,1.18845,1.189,1051.0
2026-02-11 01:00:00,1.189,1.18917,1.1886700000000001,1.18879,1110.0
2026-02-11 02:00:00,1.18879,1.19004,1.18864,1.18968,1759.0
2026-02-11 03:00:00,1.18969,1.19021,1.18937,1.18977,2120.0
2026-02-11 04:00:00,1.18977,1.19128,1.18977,1.19083,2040.0
2026-02-11 05:00:00,1.1908400000000001,1.19137,1.19034,1.19116,1218.0
2026-02-11 06:00:00,1.19114,1.1915,1.19074,1.19081,1304.0
2026-02-11 07:00:00,1.19081,1.19192,1.19067,1.19184,1658.0
2026-02-11 08:00:00,1.19184,1.19257,1.19126,1.19152,2257.0
2026-02-11 09:00:00,1.19152,1.1918199999999999,1.19101,1.19178,2742.0
2026-02-11 10:00:00,1.19178,1.192,1.19132,1.19184,2663.0
2026-02-11 11:00:00,1.19184,1.19197,1.19102,1.1918,2647.0
2026-02-11 12:00:00,1.1918,1.19272,1.19162,1.19218,2394.0
2026-02-11 13:00:00,1.19217,1.19217,1.19051,1.19082,2553.0
2026-02-11 14:00:00,1.19082,1.19093,1.18985,1.19003,3072.0
2026-02-11 15:00:00,1.19004,1.19045,1.1833,1.1862,9011.0
2026-02-11 16:00:00,1.18618,1.18825,1.18526,1.18603,8803.0
2026-02-11 17:00:00,1.18602,1.1871800000000001,1.1851,1.18594,7299.0
2026-02-11 18:00:00,1.18594,1.18833,1.18532,1.1883,4492.0
2026-02-11 19:00:00,1.18829,1.18935,1.18772,1.18858,3706.0
2026-02-11 20:00:00,1.18858,1.18908,1.18788,1.18823,2829.0
2026-02-11 21:00:00,1.18822,1.18846,1.18778,1.18797,2411.0
2026-02-11 22:00:00,1.18797,1.1881,1.18699,1.18707,1824.0
2026-02-11 23:00:00,1.18708,1.18744,1.18686,1.18712,1094.0
2026-02-12 00:00:00,1.18706,1.18759,1.18652,1.18712,596.0
2026-02-12 01:00:00,1.18712,1.18762,1.18687,1.18748,1382.0
2026-02-12 02:00:00,1.18748,1.1878199999999999,1.1867,1.18768,2278.0
2026-02-12 03:00:00,1.18769,1.18826,1.18736,1.18808,2853.0
2026-02-12 04:00:00,1.18808,1.18845,1.18749,1.1879,1690.0
2026-02-12 05:00:00,1.1879,1.18811,1.18653,1.18696,1810.0
2026-02-12 06:00:00,1.18696,1.18726,1.18602,1.18619,1513.0
2026-02-12 07:00:00,1.1862,1.18658,1.18583,1.18647,1730.0
2026-02-12 08:00:00,1.18647,1.18675,1.18523,1.18606,3346.0
2026-02-12 09:00:00,1.18605,1.18752,1.18595,1.1873,2885.0
2026-02-12 10:00:00,1.1873,1.1881,1.18713,1.18801,3028.0
2026-02-12 11:00:00,1.188,1.18879,1.18795,1.18871,2557.0
2026-02-12 12:00:00,1.18871,1.18874,1.18747,1.18772,2578.0
2026-02-12 13:00:00,1.18772,1.18845,1.18751,1.18844,1983.0
2026-02-12 14:00:00,1.18845,1.18862,1.1867,1.1873,3125.0
2026-02-12 15:00:00,1.1873,1.18853,1.18712,1.18849,3856.0
2026-02-12 16:00:00,1.18849,1.18875,1.18748,1.18834,5044.0
2026-02-12 17:00:00,1.18833,1.18885,1.18783,1.18858,4967.0
2026-02-12 18:00:00,1.18858,1.189,1.18619,1.18706,8157.0
2026-02-12 19:00:00,1.18707,1.1877,1.186,1.18652,5267.0
2026-02-12 20:00:00,1.18654,1.18693,1.1856200000000001,1.18635,3748.0
2026-02-12 21:00:00,1.18635,1.18716,1.1861,1.18701,2313.0
2026-02-12 22:00:00,1.187,1.18705,1.18636,1.18696,1631.0
2026-02-12 23:00:00,1.18697,1.18726,1.18683,1.18707,951.0
2026-02-13 00:00:00,1.18698,1.18708,1.18583,1.18708,369.0
2026-02-13 01:00:00,1.18708,1.18717,1.18671,1.18693,1319.0
2026-02-13 02:00:00,1.18693,1.18725,1.18665,1.18725,1968.0
2026-02-13 03:00:00,1.18724,1.18734,1.18632,1.1867,2507.0
2026-02-13 04:00:00,1.18672,1.18712,1.18629,1.18693,1576.0
2026-02-13 05:00:00,1.18693,1.18703,1.18656,1.18669,1366.0
2026-02-13 06:00:00,1.1867,1.18678,1.1859899999999999,1.18632,947.0
2026-02-13 07:00:00,1.18632,1.18648,1.18579,1.18594,1592.0
2026-02-13 08:00:00,1.18594,1.18617,1.18534,1.18561,1961.0
2026-02-13 09:00:00,1.1856,1.186,1.18471,1.18586,3122.0
2026-02-13 10:00:00,1.18582,1.18628,1.1856,1.18626,2977.0
2026-02-13 11:00:00,1.18626,1.18665,1.18604,1.18606,2629.0
2026-02-13 12:00:00,1.18605,1.1861,1.18529,1.18573,2208.0
2026-02-13 13:00:00,1.18573,1.18612,1.18549,1.18586,2328.0
2026-02-13 14:00:00,1.18586,1.18637,1.18554,1.18619,2493.0
2026-02-13 15:00:00,1.18622,1.18851,1.1856200000000001,1.18744,6136.0
2026-02-13 16:00:00,1.18743,1.18749,1.1857,1.18591,5914.0
2026-02-13 17:00:00,1.18593,1.18708,1.18475,1.18483,5570.0
2026-02-13 18:00:00,1.18484,1.18746,1.18482,1.18688,3956.0
2026-02-13 19:00:00,1.18688,1.18828,1.1868400000000001,1.18749,2947.0
2026-02-13 20:00:00,1.18751,1.18807,1.18723,1.18736,2244.0
2026-02-16 00:00:00,1.18643,1.1874500000000001,1.18642,1.18678,493.0
2026-02-16 01:00:00,1.18678,1.18699,1.18632,1.18669,1149.0
2026-02-16 02:00:00,1.18669,1.18673,1.18605,1.18613,1513.0
2026-02-16 03:00:00,1.18613,1.18664,1.18591,1.18653,1911.0
2026-02-16 04:00:00,1.18653,1.18671,1.18618,1.18654,1511.0
2026-02-16 05:00:00,1.18654,1.1869,1.18637,1.18674,1048.0
2026-02-16 06:00:00,1.18674,1.18681,1.18612,1.18624,1068.0
2026-02-16 07:00:00,1.1862300000000001,1.18664,1.18609,1.18649,851.0
2026-02-16 08:00:00,1.18649,1.18702,1.18639,1.18662,1065.0
2026-02-16 09:00:00,1.18661,1.18663,1.18603,1.18628,1548.0
2026-02-16 10:00:00,1.18628,1.18704,1.1857199999999999,1.18651,2806.0
2026-02-16 11:00:00,1.1865,1.18692,1.18622,1.18645,2186.0
2026-02-16 12:00:00,1.18644,1.18676,1.1862,1.18671,1805.0
2026-02-16 13:00:00,1.1867,1.1867,1.18601,1.18614,1512.0
2026-02-16 14:00:00,1.18613,1.18631,1.185,1.18532,1506.0
2026-02-16 15:00:00,1.18532,1.18577,1.1849,1.18547,1925.0
2026-02-16 16:00:00,1.18547,1.18635,1.18531,1.18563,1903.0
2026-02-16 17:00:00,1.1856200000000001,1.18571,1.18504,1.1854,1861.0
2026-02-16 18:00:00,1.18541,1.18567,1.18463,1.18519,1733.0
2026-02-16 19:00:00,1.18519,1.18536,1.18464,1.18481,890.0
2026-02-16 20:00:00,1.18481,1.1851099999999999,1.1848,1.18495,528.0
2026-02-16 21:00:00,1.18495,1.18542,1.1849,1.18541,410.0
2026-02-16 22:00:00,1.1854,1.1855,1.18526,1.18536,368.0
2026-02-16 23:00:00,1.18536,1.18542,1.18502,1.18514,396.0
2026-02-17 00:00:00,1.18505,1.18512,1.18456,1.18495,267.0
2026-02-17 01:00:00,1.18495,1.18513,1.18466,1.18505,1061.0
2026-02-17 02:00:00,1.18505,1.1852,1.1842,1.18437,2046.0
2026-02-17 03:00:00,1.18437,1.18447,1.18407,1.18445,2101.0
2026-02-17 04:00:00,1.18444,1.18474,1.18405,1.1842,1544.0
2026-02-17 05:00:00,1.1842,1.18423,1.1838,1.18417,1225.0
2026-02-17 06:00:00,1.18417,1.18425,1.18394,1.18411,1180.0
2026-02-17 07:00:00,1.18411,1.18419,1.18357,1.18414,1778.0
2026-02-17 08:00:00,1.18414,1.18457,1.18414,1.1844000000000001,1685.0
2026-02-17 09:00:00,1.18439,1.18446,1.18287,1.1832799999999999,2884.0
2026-02-17 10:00:00,1.1832799999999999,1.18439,1.183,1.18409,2889.0
2026-02-17 11:00:00,1.18409,1.18499,1.18398,1.18466,2215.0
2026-02-17 12:00:00,1.18465,1.18471,1.18413,1.18428,2082.0
2026-02-17 13:00:00,1.18427,1.18444,1.18241,1.1831,2338.0
2026-02-17 14:00:00,1.18309,1.18358,1.1827,1.18277,2525.0
2026-02-17 15:00:00,1.18275,1.18304,1.18159,1.18221,3820.0
2026-02-17 16:00:00,1.18221,1.18281,1.18163,1.18237,5103.0
2026-02-17 17:00:00,1.18237,1.18239,1.18049,1.18109,4910.0
2026-02-17 18:00:00,1.18108,1.18352,1.18107,1.18307,3938.0
2026-02-17 19:00:00,1.18306,1.18423,1.1829399999999999,1.18393,3223.0
2026-02-17 20:00:00,1.18393,1.18531,1.18387,1.18483,2514.0
2026-02-17 21:00:00,1.18482,1.18504,1.18433,1.1848,1814.0
2026-02-17 22:00:00,1.18478,1.18525,1.1847,1.18509,1161.0
2026-02-17 23:00:00,1.1851,1.18546,1.185,1.18534,745.0
2026-02-18 00:00:00,1.18546,1.18546,1.1846,1.18514,550.0
2026-02-18 01:00:00,1.18514,1.18575,1.18496,1.18508,1099.0
2026-02-18 02:00:00,1.18508,1.18537,1.1847,1.18473,1731.0
2026-02-18 03:00:00,1.18473,1.18478,1.18425,1.18464,1535.0
2026-02-18 04:00:00,1.18464,1.18474,1.1841599999999999,1.18447,1486.0
2026-02-18 05:00:00,1.18447,1.18468,1.1841,1.18413,1197.0
2026-02-18 06:00:00,1.18413,1.18438,1.18394,1.18419,793.0
2026-02-18 07:00:00,1.18419,1.18458,1.18417,1.18458,581.0
2026-02-18 08:00:00,1.18458,1.18464,1.18404,1.18448,1094.0
2026-02-18 09:00:00,1.18449,1.18464,1.18329,1.18348,1944.0
2026-02-18 10:00:00,1.18348,1.18382,1.18285,1.18312,2777.0
2026-02-18 11:00:00,1.18312,1.18385,1.18285,1.18361,2336.0
2026-02-18 12:00:00,1.18362,1.18408,1.18308,1.18322,1832.0
2026-02-18 13:00:00,1.18322,1.1837900000000001,1.18306,1.18346,1682.0
2026-02-18 14:00:00,1.18346,1.18471,1.18334,1.184,2260.0
2026-02-18 15:00:00,1.184,1.18485,1.18236,1.18237,2951.0
2026-02-18 16:00:00,1.18238,1.18277,1.1812,1.18152,4531.0
2026-02-18 17:00:00,1.18152,1.1826699999999999,1.1813500000000001,1.18226,4052.0
2026-02-18 18:00:00,1.18226,1.18262,1.18093,1.18095,3063.0
2026-02-18 19:00:00,1.18094,1.18142,1.18022,1.18061,2090.0
2026-02-18 20:00:00,1.18061,1.1807400000000001,1.17875,1.17908,2442.0
2026-02-18 21:00:00,1.17909,1.17951,1.17836,1.17872,2883.0
2026-02-18 22:00:00,1.17871,1.17904,1.17821,1.17837,1512.0
2026-02-18 23:00:00,1.17836,1.17873,1.17821,1.1783299999999999,1048.0
2026-02-19 00:00:00,1.17827,1.17873,1.17816,1.17846,373.0
2026-02-19 01:00:00,1.17846,1.17896,1.17839,1.17885,959.0
2026-02-19 02:00:00,1.17885,1.17917,1.17853,1.17901,1464.0
2026-02-19 03:00:00,1.17901,1.1795200000000001,1.1789399999999999,1.17946,1587.0
2026-02-19 04:00:00,1.17947,1.17956,1.17905,1.17909,1128.0
2026-02-19 05:00:00,1.17909,1.17929,1.17877,1.17907,1320.0
2026-02-19 06:00:00,1.17907,1.17917,1.17848,1.1789399999999999,1285.0
2026-02-19 07:00:00,1.1789399999999999,1.17929,1.17866,1.17915,1256.0
2026-02-19 08:00:00,1.17915,1.18009,1.17898,1.17983,1474.0
2026-02-19 09:00:00,1.17982,1.18035,1.17926,1.18008,2014.0
2026-02-19 10:00:00,1.18006,1.18052,1.17973,1.1801300000000001,2354.0
2026-02-19 11:00:00,1.1801300000000001,1.18076,1.17987,1.17999,2062.0
2026-02-19 12:00:00,1.17999,1.18031,1.17875,1.1789100000000001,2408.0
2026-02-19 13:00:00,1.17892,1.17903,1.17766,1.17807,2130.0
2026-02-19 14:00:00,1.17807,1.17809,1.1767,1.17694,2842.0
2026-02-19 15:00:00,1.17694,1.17698,1.17515,1.17654,4438.0
2026-02-19 16:00:00,1.17655,1.17663,1.17419,1.1751800000000001,5194.0
2026-02-19 17:00:00,1.1752,1.17754,1.17483,1.17631,6709.0
2026-02-19 18:00:00,1.17631,1.17706,1.17581,1.17612,3676.0
2026-02-19 19:00:00,1.17612,1.1768,1.1756199999999999,1.1766,3035.0
2026-02-19 20:00:00,1.1766,1.17742,1.17646,1.17683,1955.0
2026-02-19 21:00:00,1.17685,1.17718,1.1758899999999999,1.17638,2133.0
2026-02-19 22:00:00,1.17638,1.17689,1.17633,1.17688,1853.0
2026-02-19 23:00:00,1.17687,1.17779,1.17679,1.1771099999999999,1475.0
2026-02-20 00:00:00,1.17729,1.17732,1.17581,1.17709,495.0
2026-02-20 01:00:00,1.17709,1.17761,1.17682,1.17683,1172.0
2026-02-20 02:00:00,1.1768399999999999,1.17723,1.17667,1.17706,1412.0
2026-02-20 03:00:00,1.17704,1.17717,1.17551,1.1758899999999999,2377.0
2026-02-20 04:00:00,1.1758899999999999,1.17599,1.17536,1.17545,1945.0
2026-02-20 05:00:00,1.17546,1.1759,1.17544,1.17569,968.0
2026-02-20 06:00:00,1.17569,1.17597,1.17524,1.17532,1044.0
2026-02-20 07:00:00,1.17532,1.1757,1.17502,1.17553,1330.0
2026-02-20 08:00:00,1.17554,1.17567,1.17516,1.1755,1466.0
2026-02-20 09:00:00,1.17551,1.17625,1.17496,1.17512,2581.0
2026-02-20 10:00:00,1.17512,1.17636,1.17434,1.17611,3327.0
2026-02-20 11:00:00,1.17611,1.1768,1.17584,1.17667,2619.0
2026-02-20 12:00:00,1.17667,1.17687,1.17573,1.17636,2455.0
2026-02-20 13:00:00,1.17635,1.17691,1.17599,1.17675,1896.0
2026-02-20 14:00:00,1.1767400000000001,1.17708,1.17632,1.17657,2393.0
2026-02-20 15:00:00,1.17656,1.17823,1.17569,1.17692,4925.0
2026-02-20 16:00:00,1.17692,1.17705,1.1756,1.17677,4359.0
2026-02-20 17:00:00,1.17676,1.18075,1.17554,1.17882,11590.0
2026-02-20 18:00:00,1.17882,1.17983,1.17738,1.17801,5359.0
2026-02-20 19:00:00,1.17801,1.17851,1.17657,1.17801,4468.0
2026-02-20 20:00:00,1.17801,1.1798899999999999,1.17769,1.17858,5891.0
2026-02-23 00:00:00,1.17904,1.17969,1.17858,1.17938,753.0
2026-02-23 01:00:00,1.17938,1.18347,1.17925,1.18333,3268.0
2026-02-23 02:00:00,1.18334,1.18346,1.18227,1.18309,3919.0
2026-02-23 03:00:00,1.1831,1.18333,1.18207,1.18263,4061.0
2026-02-23 04:00:00,1.18263,1.1831,1.18234,1.18276,2715.0
2026-02-23 05:00:00,1.18277,1.18281,1.18167,1.18234,1717.0
2026-02-23 06:00:00,1.18234,1.1824,1.1818,1.18209,1442.0
2026-02-23 07:00:00,1.18209,1.18215,1.18151,1.18197,1193.0
2026-02-23 08:00:00,1.18198,1.18339,1.18166,1.18245,1983.0
2026-02-23 09:00:00,1.18246,1.18275,1.18186,1.18234,2842.0
2026-02-23 10:00:00,1.18234,1.1825,1.18071,1.18104,3565.0
2026-02-23 11:00:00,1.18105,1.18126,1.18001,1.18009,2546.0
2026-02-23 12:00:00,1.18008,1.18014,1.17951,1.17987,2174.0
2026-02-23 13:00:00,1.17987,1.1798899999999999,1.1780599999999999,1.17859,2703.0
2026-02-23 14:00:00,1.17859,1.17865,1.17744,1.17818,2721.0
2026-02-23 15:00:00,1.17816,1.17978,1.17782,1.17958,3363.0
2026-02-23 16:00:00,1.17958,1.18091,1.1794,1.18056,4404.0
2026-02-23 17:00:00,1.18056,1.18098,1.1792,1.17948,4884.0
2026-02-23 18:00:00,1.17944,1.18063,1.17881,1.18038,3719.0
2026-02-23 19:00:00,1.18038,1.18089,1.17906,1.17987,2978.0
2026-02-23 20:00:00,1.17987,1.18009,1.17947,1.17983,1819.0
2026-02-23 21:00:00,1.17981,1.18006,1.17882,1.17915,1869.0
2026-02-23 22:00:00,1.17916,1.17939,1.17876,1.17889,1358.0
2026-02-23 23:00:00,1.1789100000000001,1.17925,1.17839,1.17845,1225.0
2026-02-24 00:00:00,1.17843,1.17895,1.17781,1.17866,807.0
2026-02-24 01:00:00,1.17866,1.17953,1.17854,1.1793,1292.0
2026-02-24 02:00:00,1.1793,1.17963,1.17874,1.1788,1421.0
2026-02-24 03:00:00,1.1788,1.1788,1.17715,1.17818,2998.0
2026-02-24 04:00:00,1.17818,1.17845,1.17783,1.17839,1775.0
2026-02-24 05:00:00,1.17838,1.17854,1.17749,1.17751,1331.0
2026-02-24 06:00:00,1.17751,1.17768,1.17679,1.17697,1440.0
2026-02-24 07:00:00,1.17697,1.1780599999999999,1.17685,1.178,1115.0
2026-02-24 08:00:00,1.178,1.17823,1.17773,1.17804,1518.0
2026-02-24 09:00:00,1.17803,1.17824,1.17716,1.17791,3772.0
2026-02-24 10:00:00,1.17792,1.17899,1.17734,1.17837,3494.0
2026-02-24 11:00:00,1.17838,1.1793,1.17831,1.17876,2368.0
2026-02-24 12:00:00,1.17877,1.17911,1.17821,1.17855,2315.0
2026-02-24 13:00:00,1.17855,1.17861,1.17792,1.1780599999999999,1934.0
2026-02-24 14:00:00,1.17805,1.17835,1.17726,1.17814,2344.0
2026-02-24 15:00:00,1.17813,1.17813,1.17679,1.17722,3274.0
2026-02-24 16:00:00,1.17722,1.17786,1.17673,1.17737,4130.0
2026-02-24 17:00:00,1.1773,1.1781,1.1766,1.17727,4894.0
2026-02-24 18:00:00,1.17727,1.179,1.17719,1.1788,2920.0
2026-02-24 19:00:00,1.1788,1.17888,1.17818,1.17856,1652.0
2026-02-24 20:00:00,1.17856,1.1786699999999999,1.1777199999999999,1.17785,1538.0
2026-02-24 21:00:00,1.17784,1.17841,1.17764,1.17787,1162.0
2026-02-24 22:00:00,1.17787,1.17834,1.17751,1.17753,1183.0
2026-02-24 23:00:00,1.17753,1.17769,1.17731,1.17736,729.0
2026-02-25 00:00:00,1.1771,1.17766,1.17633,1.17731,505.0
2026-02-25 01:00:00,1.17731,1.17761,1.17723,1.17739,594.0
2026-02-25 02:00:00,1.17739,1.17797,1.17733,1.17779,1515.0
2026-02-25 03:00:00,1.17779,1.17821,1.1776,1.17784,1648.0
2026-02-25 04:00:00,1.17785,1.17934,1.17782,1.17923,1940.0
2026-02-25 05:00:00,1.17923,1.17942,1.17858,1.17895,2342.0
2026-02-25 06:00:00,1.17896,1.17962,1.17877,1.17949,1428.0
2026-02-25 07:00:00,1.17948,1.18055,1.17941,1.18009,1491.0
2026-02-25 08:00:00,1.18009,1.18063,1.1797,1.18054,2053.0
2026-02-25 09:00:00,1.18053,1.1808,1.17969,1.1797,2174.0
2026-02-25 10:00:00,1.1797,1.18,1.1789399999999999,1.179,3007.0
2026-02-25 11:00:00,1.179,1.1793,1.17855,1.17878,2938.0
2026-02-25 12:00:00,1.17878,1.17883,1.17791,1.17798,2397.0
2026-02-25 13:00:00,1.17798,1.1781,1.1771,1.17749,2019.0
2026-02-25 14:00:00,1.17749,1.1786699999999999,1.1774,1.17859,2186.0
2026-02-25 15:00:00,1.17859,1.179,1.17729,1.1773500000000001,2949.0
2026-02-25 16:00:00,1.17736,1.1789100000000001,1.1773,1.17861,3385.0
2026-02-25 17:00:00,1.17862,1.18024,1.17848,1.18012,4772.0
2026-02-25 18:00:00,1.18012,1.18072,1.17985,1.18041,2946.0
2026-02-25 19:00:00,1.18041,1.18143,1.18026,1.18075,2309.0
2026-02-25 20:00:00,1.18075,1.18109,1.18041,1.18046,1287.0
2026-02-25 21:00:00,1.18047,1.18094,1.18028,1.18055,1069.0
2026-02-25 22:00:00,1.18055,1.18088,1.18046,1.1806,1384.0
2026-02-25 23:00:00,1.1806,1.18126,1.18034,1.181,989.0
2026-02-26 00:00:00,1.18092,1.18121,1.17999,1.18097,515.0
2026-02-26 01:00:00,1.18097,1.18164,1.18089,1.18151,1320.0
2026-02-26 02:00:00,1.18151,1.18193,1.18119,1.18192,1915.0
2026-02-26 03:00:00,1.18191,1.18289,1.18179,1.18274,2561.0
2026-02-26 04:00:00,1.18274,1.18289,1.18132,1.18174,2002.0
2026-02-26 05:00:00,1.18175,1.18222,1.18158,1.1817,1571.0
2026-02-26 06:00:00,1.1817,1.18186,1.18125,1.18183,1324.0
2026-02-26 07:00:00,1.18183,1.18226,1.18161,1.18197,1605.0
2026-02-26 08:00:00,1.18197,1.18222,1.18147,1.18189,1650.0
2026-02-26 09:00:00,1.18188,1.18188,1.18087,1.18156,2240.0
2026-02-26 10:00:00,1.18156,1.18158,1.18021,1.18026,3050.0
2026-02-26 11:00:00,1.18025,1.1806,1.17966,1.17972,2478.0
2026-02-26 12:00:00,1.17972,1.17997,1.17933,1.17984,1692.0
2026-02-26 13:00:00,1.17984,1.18048,1.1798,1.18003,1845.0
2026-02-26 14:00:00,1.18003,1.18097,1.17999,1.18091,1894.0
2026-02-26 15:00:00,1.18091,1.18168,1.18027,1.18068,3494.0
2026-02-26 16:00:00,1.18069,1.18158,1.1802,1.18128,3603.0
2026-02-26 17:00:00,1.18129,1.18143,1.17809,1.1799,6287.0
2026-02-26 18:00:00,1.1799,1.17993,1.1786,1.17919,3771.0
2026-02-26 19:00:00,1.17919,1.17934,1.17739,1.17761,3016.0
2026-02-26 20:00:00,1.1776,1.17873,1.1774,1.17843,3170.0
2026-02-26 21:00:00,1.17846,1.17978,1.17824,1.17967,1581.0
2026-02-26 22:00:00,1.17967,1.18032,1.17957,1.1801300000000001,1346.0
2026-02-26 23:00:00,1.18015,1.18037,1.17971,1.17974,1058.0
2026-02-27 00:00:00,1.17958,1.17991,1.17873,1.17965,837.0
2026-02-27 01:00:00,1.17965,1.18033,1.17943,1.18033,974.0
2026-02-27 02:00:00,1.18033,1.18056,1.1796,1.17963,2284.0
2026-02-27 03:00:00,1.17963,1.18024,1.17889,1.17901,2753.0
2026-02-27 04:00:00,1.17903,1.1801300000000001,1.17902,1.18006,1579.0
2026-02-27 05:00:00,1.18005,1.18058,1.18003,1.18036,1239.0
2026-02-27 06:00:00,1.18035,1.18132,1.18021,1.18113,1240.0
2026-02-27 07:00:00,1.1811099999999999,1.18119,1.18062,1.18086,1411.0
2026-02-27 08:00:00,1.18086,1.1811,1.18022,1.18043,2237.0
2026-02-27 09:00:00,1.18043,1.18194,1.17972,1.18153,2789.0
2026-02-27 10:00:00,1.18154,1.18217,1.18081,1.18098,2832.0
2026-02-27 11:00:00,1.18097,1.18114,1.1792799999999999,1.17953,2759.0
2026-02-27 12:00:00,1.17953,1.18037,1.17948,1.1798899999999999,2154.0
2026-02-27 13:00:00,1.1798899999999999,1.18039,1.17962,1.18002,1869.0
2026-02-27 14:00:00,1.18002,1.18083,1.17987,1.18023,2246.0
2026-02-27 15:00:00,1.18023,1.18065,1.17904,1.17924,5493.0
2026-02-27 16:00:00,1.17926,1.18154,1.17908,1.1797,5057.0
2026-02-27 17:00:00,1.17971,1.1817,1.17964,1.18073,5528.0
2026-02-27 18:00:00,1.18072,1.18252,1.18057,1.1822,4492.0
2026-02-27 19:00:00,1.1822,1.18268,1.18154,1.18165,2887.0
2026-02-27 20:00:00,1.18165,1.1819,1.18112,1.1818,1944.0
2026-03-02 00:00:00,1.17723,1.17763,1.17563,1.17727,1529.0
2026-03-02 01:00:00,1.17727,1.17878,1.17571,1.17593,5316.0
2026-03-02 02:00:00,1.1759,1.17781,1.1756199999999999,1.17774,4172.0
2026-03-02 03:00:00,1.17774,1.17941,1.17753,1.17919,4012.0
2026-03-02 04:00:00,1.17919,1.17934,1.17809,1.17888,2363.0
2026-03-02 05:00:00,1.17887,1.17959,1.17883,1.17888,1685.0
2026-03-02 06:00:00,1.17888,1.17903,1.17818,1.17865,1295.0
2026-03-02 07:00:00,1.17865,1.17865,1.17662,1.17663,2284.0
2026-03-02 08:00:00,1.17664,1.17666,1.17302,1.17323,5252.0
2026-03-02 09:00:00,1.17324,1.17344,1.17035,1.17164,5995.0
2026-03-02 10:00:00,1.17161,1.17237,1.16981,1.17227,5389.0
2026-03-02 11:00:00,1.17224,1.17437,1.17212,1.17331,4606.0
2026-03-02 12:00:00,1.17329,1.17474,1.17329,1.17386,3516.0
2026-03-02 13:00:00,1.17386,1.17413,1.17263,1.17333,3469.0
2026-03-02 14:00:00,1.17333,1.17339,1.17021,1.17037,4524.0
2026-03-02 15:00:00,1.17037,1.17183,1.16953,1.16984,5650.0
2026-03-02 16:00:00,1.16983,1.17239,1.16949,1.17177,6719.0
2026-03-02 17:00:00,1.17135,1.1716199999999999,1.16799,1.16802,6903.0
2026-03-02 18:00:00,1.168,1.16944,1.16717,1.16895,5755.0
2026-03-02 19:00:00,1.16896,1.17078,1.16867,1.17072,3775.0
2026-03-02 20:00:00,1.17072,1.17074,1.16868,1.16944,2808.0
2026-03-02 21:00:00,1.1694499999999999,1.17134,1.16938,1.17111,2861.0
2026-03-02 22:00:00,1.17112,1.17133,1.16785,1.16902,5354.0
2026-03-02 23:00:00,1.16902,1.16952,1.16891,1.16899,1206.0
2026-03-03 00:00:00,1.16859,1.16909,1.16798,1.16864,1003.0
2026-03-03 01:00:00,1.16864,1.16982,1.16855,1.16947,1516.0
2026-03-03 02:00:00,1.16948,1.16957,1.16864,1.16953,1895.0
2026-03-03 03:00:00,1.16953,1.17069,1.16924,1.1697,3138.0
2026-03-03 04:00:00,1.16967,1.16991,1.16858,1.16943,3207.0
2026-03-03 05:00:00,1.1694499999999999,1.16976,1.16863,1.16904,1930.0
2026-03-03 06:00:00,1.16904,1.1693500000000001,1.16792,1.1681,1845.0
2026-03-03 07:00:00,1.16811,1.16849,1.1665,1.16666,3291.0
2026-03-03 08:00:00,1.16666,1.16716,1.16619,1.16692,3544.0
2026-03-03 09:00:00,1.16692,1.16693,1.16426,1.16436,4753.0
2026-03-03 10:00:00,1.16436,1.16462,1.1617899999999999,1.16229,6894.0
2026-03-03 11:00:00,1.16229,1.1629,1.1598600000000001,1.16056,6361.0
2026-03-03 12:00:00,1.1605699999999999,1.16129,1.15891,1.1592,5812.0
2026-03-03 13:00:00,1.15919,1.16036,1.1582,1.15974,6720.0
2026-03-03 14:00:00,1.15974,1.16154,1.15902,1.16129,5676.0
2026-03-03 15:00:00,1.16128,1.1615,1.15902,1.15906,5776.0
2026-03-03 16:00:00,1.15905,1.15995,1.15648,1.15674,7846.0
2026-03-03 17:00:00,1.15675,1.15849,1.15302,1.15727,10738.0
2026-03-03 18:00:00,1.15729,1.1606,1.15693,1.1602999999999999,9510.0
2026-03-03 19:00:00,1.16031,1.16035,1.15868,1.15904,6879.0
2026-03-03 20:00:00,1.15904,1.16221,1.15899,1.16156,5595.0
2026-03-03 21:00:00,1.16156,1.16258,1.15998,1.16125,6476.0
2026-03-03 22:00:00,1.16125,1.16246,1.16113,1.16175,4626.0
2026-03-03 23:00:00,1.16175,1.16183,1.16098,1.16119,1988.0
2026-03-04 00:00:00,1.16116,1.16147,1.16022,1.1611799999999999,1413.0
2026-03-04 01:00:00,1.1611799999999999,1.1620300000000001,1.16088,1.16107,1937.0
2026-03-04 02:00:00,1.1610800000000001,1.16111,1.15922,1.15929,3790.0
2026-03-04 03:00:00,1.1593,1.15976,1.15747,1.15939,5386.0
2026-03-04 04:00:00,1.15939,1.16043,1.15913,1.15981,4021.0
2026-03-04 05:00:00,1.15981,1.16093,1.15953,1.16085,3198.0
2026-03-04 06:00:00,1.16085,1.16103,1.15902,1.1593,2990.0
2026-03-04 07:00:00,1.1593,1.1599,1.1587,1.15952,4023.0
2026-03-04 08:00:00,1.15951,1.16178,1.15897,1.1610800000000001,3550.0
2026-03-04 09:00:00,1.16107,1.1628,1.16107,1.16159,4329.0
2026-03-04 10:00:00,1.16159,1.1617,1.1595,1.1599599999999999,5786.0
2026-03-04 11:00:00,1.1599599999999999,1.162,1.15921,1.16087,5052.0
2026-03-04 12:00:00,1.16087,1.16472,1.16084,1.16343,6820.0
2026-03-04 13:00:00,1.16343,1.16547,1.16308,1.16351,4516.0
2026-03-04 14:00:00,1.16351,1.16488,1.16261,1.16303,4147.0
2026-03-04 15:00:00,1.16303,1.1652,1.1630099999999999,1.1631,5791.0
2026-03-04 16:00:00,1.16305,1.16413,1.16206,1.16251,7572.0
2026-03-04 17:00:00,1.16237,1.16406,1.16166,1.16403,6822.0
2026-03-04 18:00:00,1.16403,1.16461,1.16286,1.16372,4347.0
2026-03-04 19:00:00,1.16373,1.16436,1.16265,1.1633,3200.0
2026-03-04 20:00:00,1.16331,1.1633499999999999,1.16233,1.16244,2779.0
2026-03-04 21:00:00,1.16244,1.16412,1.16243,1.16397,2536.0
2026-03-04 22:00:00,1.16398,1.16437,1.16382,1.16402,2286.0
2026-03-04 23:00:00,1.16402,1.16417,1.16338,1.16353,1214.0
2026-03-05 00:00:00,1.16319,1.16337,1.16245,1.16336,590.0
2026-03-05 01:00:00,1.16336,1.16384,1.16334,1.16349,1262.0
2026-03-05 02:00:00,1.16348,1.16454,1.16322,1.1645,2069.0
2026-03-05 03:00:00,1.16451,1.16474,1.16271,1.16282,4595.0
2026-03-05 04:00:00,1.16282,1.16318,1.16224,1.16257,3326.0
2026-03-05 05:00:00,1.16257,1.16276,1.16099,1.16131,3348.0
2026-03-05 06:00:00,1.1613,1.16147,1.16055,1.16085,2223.0
2026-03-05 07:00:00,1.16085,1.16139,1.15941,1.15946,2766.0
2026-03-05 08:00:00,1.15947,1.16165,1.15876,1.16069,4540.0
2026-03-05 09:00:00,1.16069,1.16162,1.15991,1.16048,4746.0
2026-03-05 10:00:00,1.16049,1.16049,1.15814,1.15988,5864.0
2026-03-05 11:00:00,1.15987,1.16445,1.15965,1.16227,8244.0
2026-03-05 12:00:00,1.16227,1.16318,1.16062,1.16109,4316.0
2026-03-05 13:00:00,1.1611,1.16173,1.16038,1.16113,3085.0
2026-03-05 14:00:00,1.16113,1.16249,1.16075,1.16205,3643.0
2026-03-05 15:00:00,1.1620300000000001,1.16245,1.15897,1.15973,5311.0
2026-03-05 16:00:00,1.15973,1.16089,1.15923,1.16025,6316.0
2026-03-05 17:00:00,1.16033,1.16092,1.15692,1.15831,7710.0
2026-03-05 18:00:00,1.15829,1.15867,1.15588,1.15838,6891.0
2026-03-05 19:00:00,1.15838,1.1592,1.15725,1.15879,7072.0
2026-03-05 20:00:00,1.15878,1.15916,1.15711,1.1586,5923.0
2026-03-05 21:00:00,1.15859,1.1588,1.15701,1.15729,4291.0
2026-03-05 22:00:00,1.1573,1.16103,1.15703,1.1604700000000001,6163.0
2026-03-05 23:00:00,1.16045,1.16104,1.16018,1.1608100000000001,1949.0
2026-03-06 00:00:00,1.1608,1.1609099999999999,1.16042,1.16075,655.0
2026-03-06 01:00:00,1.16075,1.16103,1.16033,1.16066,1657.0
2026-03-06 02:00:00,1.16067,1.16144,1.16054,1.1611,2741.0
2026-03-06 03:00:00,1.1611,1.16202,1.1607,1.16151,3954.0
2026-03-06 04:00:00,1.1615,1.16206,1.16143,1.16164,2508.0
2026-03-06 05:00:00,1.16164,1.16207,1.16161,1.16201,1902.0
2026-03-06 06:00:00,1.162,1.16212,1.1613,1.16135,1197.0
2026-03-06 07:00:00,1.16135,1.16167,1.1605699999999999,1.16064,2132.0
2026-03-06 08:00:00,1.16064,1.16119,1.16017,1.16116,2471.0
2026-03-06 09:00:00,1.16116,1.16182,1.16065,1.16145,3321.0
2026-03-06 10:00:00,1.16147,1.16147,1.16015,1.16031,4143.0
2026-03-06 11:00:00,1.16031,1.16031,1.15717,1.1574200000000001,5099.0
2026-03-06 12:00:00,1.1574200000000001,1.15848,1.15728,1.15784,3783.0
2026-03-06 13:00:00,1.15784,1.1581299999999999,1.15611,1.15625,4646.0
2026-03-06 14:00:00,1.15625,1.15688,1.15522,1.15549,4817.0
2026-03-06 15:00:00,1.15547,1.15927,1.15504,1.1555,9123.0
2026-03-06 16:00:00,1.15549,1.15747,1.15458,1.15721,9568.0
2026-03-06 17:00:00,1.15721,1.15928,1.15705,1.15797,9330.0
2026-03-06 18:00:00,1.15796,1.16131,1.1579,1.1605699999999999,7164.0
2026-03-06 19:00:00,1.16056,1.16093,1.15948,1.15957,6745.0
2026-03-06 20:00:00,1.15957,1.16214,1.15929,1.15985,5894.0
2026-03-09 00:00:00,1.15464,1.15645,1.15438,1.1546,1165.0
2026-03-09 01:00:00,1.1546,1.15515,1.15253,1.15358,6346.0
2026-03-09 02:00:00,1.1536,1.15401,1.15213,1.15246,5897.0
2026-03-09 03:00:00,1.15245,1.1531500000000001,1.1516,1.15174,5733.0
2026-03-09 04:00:00,1.15172,1.15239,1.15072,1.15093,6575.0
2026-03-09 05:00:00,1.15093,1.1528100000000001,1.15083,1.15249,6163.0
2026-03-09 06:00:00,1.15248,1.15289,1.15126,1.15166,4464.0
2026-03-09 07:00:00,1.15168,1.15296,1.1516,1.15259,3418.0
2026-03-09 08:00:00,1.15259,1.1571500000000001,1.15238,1.15675,6775.0
2026-03-09 09:00:00,1.15674,1.1569099999999999,1.1544699999999999,1.15448,6179.0
2026-03-09 10:00:00,1.15448,1.15652,1.15354,1.15634,6838.0
2026-03-09 11:00:00,1.15638,1.15651,1.15152,1.15346,8427.0
2026-03-09 12:00:00,1.15348,1.15729,1.15311,1.1554,7561.0
2026-03-09 13:00:00,1.1554,1.15649,1.15468,1.15604,7138.0
2026-03-09 14:00:00,1.15604,1.15678,1.1555,1.15613,6183.0
2026-03-09 15:00:00,1.15615,1.15686,1.15501,1.15533,5541.0
2026-03-09 16:00:00,1.15539,1.15879,1.15524,1.15758,8432.0
2026-03-09 17:00:00,1.15758,1.15781,1.1547399999999999,1.1573,10604.0
2026-03-09 18:00:00,1.15731,1.15937,1.15724,1.15914,6894.0
2026-03-09 19:00:00,1.15915,1.15993,1.15853,1.15877,5302.0
2026-03-09 20:00:00,1.15876,1.15895,1.15785,1.15786,4428.0
2026-03-09 21:00:00,1.15786,1.15843,1.15758,1.15764,3605.0
2026-03-09 22:00:00,1.15765,1.16337,1.15753,1.16089,9106.0
2026-03-09 23:00:00,1.16089,1.1637,1.16086,1.16358,3362.0
2026-03-10 00:00:00,1.16354,1.16363,1.16314,1.1636,656.0
2026-03-10 01:00:00,1.1636,1.16456,1.16227,1.16297,2811.0
2026-03-10 02:00:00,1.1629800000000001,1.16313,1.16147,1.16165,2665.0
2026-03-10 03:00:00,1.16165,1.16357,1.16117,1.16263,5140.0
2026-03-10 04:00:00,1.16263,1.16296,1.1611799999999999,1.16199,4777.0
2026-03-10 05:00:00,1.16199,1.16269,1.1611799999999999,1.16132,3099.0
2026-03-10 06:00:00,1.16132,1.16157,1.16079,1.16095,2528.0
2026-03-10 07:00:00,1.16095,1.16144,1.16069,1.1611799999999999,1914.0
2026-03-10 08:00:00,1.16117,1.1620300000000001,1.16115,1.1620300000000001,2728.0
2026-03-10 09:00:00,1.1620300000000001,1.16376,1.1620300000000001,1.1632500000000001,3219.0
2026-03-10 10:00:00,1.1632500000000001,1.16635,1.16277,1.16606,5507.0
2026-03-10 11:00:00,1.166,1.16618,1.16431,1.16458,5661.0
2026-03-10 12:00:00,1.16458,1.1659,1.16439,1.16512,4081.0
2026-03-10 13:00:00,1.16513,1.16517,1.1620300000000001,1.16395,4965.0
2026-03-10 14:00:00,1.16395,1.16531,1.16363,1.16385,5349.0
2026-03-10 15:00:00,1.16387,1.1641,1.16214,1.16345,6002.0
2026-03-10 16:00:00,1.16344,1.16489,1.16291,1.16323,6913.0
2026-03-10 17:00:00,1.16324,1.16503,1.1627,1.16483,6219.0
2026-03-10 18:00:00,1.16482,1.16551,1.16397,1.16475,5124.0
2026-03-10 19:00:00,1.16475,1.16545,1.16391,1.16517,4058.0
2026-03-10 20:00:00,1.16517,1.16673,1.16414,1.16452,6143.0
2026-03-10 21:00:00,1.16452,1.16459,1.1614,1.16245,9202.0
2026-03-10 22:00:00,1.16245,1.16285,1.16059,1.16144,6255.0
2026-03-10 23:00:00,1.16145,1.16154,1.16075,1.16083,1916.0
2026-03-11 00:00:00,1.16105,1.16105,1.16053,1.16084,928.0
2026-03-11 01:00:00,1.16084,1.16128,1.16029,1.1605,1163.0
2026-03-11 02:00:00,1.1605,1.1612,1.16048,1.16114,1113.0
2026-03-11 03:00:00,1.16114,1.16249,1.1605699999999999,1.16181,3563.0
2026-03-11 04:00:00,1.1617899999999999,1.16281,1.16125,1.16268,3250.0
2026-03-11 05:00:00,1.16268,1.16294,1.16187,1.16259,2583.0
2026-03-11 06:00:00,1.16259,1.16318,1.1625,1.16303,1473.0
2026-03-11 07:00:00,1.16303,1.16352,1.1628,1.16338,1499.0
2026-03-11 08:00:00,1.16336,1.16361,1.1630099999999999,1.16328,2133.0
2026-03-11 09:00:00,1.16328,1.1641,1.16299,1.16336,2924.0
2026-03-11 10:00:00,1.16332,1.16454,1.16136,1.1617,5039.0
2026-03-11 11:00:00,1.1616900000000001,1.16214,1.16034,1.16126,5550.0
2026-03-11 12:00:00,1.16125,1.16139,1.15901,1.15921,6042.0
2026-03-11 13:00:00,1.15921,1.16116,1.15911,1.1607,4236.0
2026-03-11 14:00:00,1.1607,1.16106,1.15943,1.15945,4845.0
2026-03-11 15:00:00,1.15945,1.16042,1.15774,1.15825,7196.0
2026-03-11 16:00:00,1.15825,1.15931,1.15779,1.15917,6719.0
2026-03-11 17:00:00,1.15916,1.16127,1.1581,1.15819,9581.0
2026-03-11 18:00:00,1.15818,1.15842,1.15655,1.15663,4967.0
2026-03-11 19:00:00,1.15662,1.15766,1.1562999999999999,1.15709,4779.0
2026-03-11 20:00:00,1.1571,1.15764,1.15608,1.15712,4634.0
2026-03-11 21:00:00,1.15712,1.15743,1.15641,1.15716,3779.0
2026-03-11 22:00:00,1.15716,1.15763,1.1568100000000001,1.15732,1952.0
2026-03-11 23:00:00,1.15732,1.15736,1.15646,1.15666,1297.0
2026-03-12 00:00:00,1.15666,1.15731,1.15646,1.15724,639.0
2026-03-12 01:00:00,1.15724,1.15741,1.15495,1.15502,2164.0
2026-03-12 02:00:00,1.15502,1.15537,1.15397,1.15428,2087.0
2026-03-12 03:00:00,1.15426,1.155,1.1534,1.15458,3269.0
2026-03-12 04:00:00,1.15458,1.15555,1.15455,1.15507,2885.0
2026-03-12 05:00:00,1.15507,1.15543,1.15323,1.15389,2672.0
2026-03-12 06:00:00,1.15389,1.15404,1.15331,1.15384,1828.0
2026-03-12 07:00:00,1.15383,1.154,1.15318,1.15329,1339.0
2026-03-12 08:00:00,1.1533,1.15453,1.15326,1.15395,2600.0
2026-03-12 09:00:00,1.15394,1.15515,1.15392,1.15478,2766.0
2026-03-12 10:00:00,1.15477,1.15528,1.15415,1.15512,3001.0
2026-03-12 11:00:00,1.15512,1.1556,1.15433,1.15473,3136.0
2026-03-12 12:00:00,1.15472,1.15612,1.1544699999999999,1.15597,2611.0
2026-03-12 13:00:00,1.15595,1.15629,1.15491,1.15578,2602.0
2026-03-12 14:00:00,1.15578,1.15663,1.15525,1.15562,3030.0
2026-03-12 15:00:00,1.15565,1.15574,1.1532499999999999,1.15392,4287.0
2026-03-12 16:00:00,1.15393,1.15504,1.15201,1.15261,6704.0
2026-03-12 17:00:00,1.15262,1.15332,1.15155,1.15205,7035.0
2026-03-12 18:00:00,1.15204,1.15284,1.15109,1.15221,7482.0
2026-03-12 19:00:00,1.1522000000000001,1.1532499999999999,1.15136,1.15219,6134.0
2026-03-12 20:00:00,1.15219,1.15319,1.15192,1.15219,4796.0
2026-03-12 21:00:00,1.15218,1.15243,1.15112,1.15121,3630.0
2026-03-12 22:00:00,1.15122,1.15185,1.15107,1.15152,3039.0
2026-03-12 23:00:00,1.15153,1.15163,1.15096,1.15102,1571.0
2026-03-13 00:00:00,1.15113,1.1512,1.15086,1.1511,512.0
2026-03-13 01:00:00,1.1511,1.15215,1.15103,1.15191,1541.0
2026-03-13 02:00:00,1.15191,1.15233,1.15149,1.15209,1298.0
2026-03-13 03:00:00,1.15209,1.15284,1.15202,1.15234,2266.0
2026-03-13 04:00:00,1.15234,1.15297,1.15146,1.15164,2516.0
2026-03-13 05:00:00,1.15165,1.15223,1.15111,1.15136,1864.0
2026-03-13 06:00:00,1.15136,1.15157,1.1504699999999999,1.15091,1652.0
2026-03-13 07:00:00,1.15089,1.15093,1.15,1.15032,1583.0
2026-03-13 08:00:00,1.15033,1.15065,1.15001,1.15007,1527.0
2026-03-13 09:00:00,1.15008,1.15034,1.14824,1.14828,2825.0
2026-03-13 10:00:00,1.14829,1.14836,1.14542,1.14579,4488.0
2026-03-13 11:00:00,1.14579,1.14591,1.14329,1.1445,5786.0
2026-03-13 12:00:00,1.14451,1.14616,1.14451,1.14533,4054.0
2026-03-13 13:00:00,1.14532,1.1472,1.14518,1.14584,3448.0
2026-03-13 14:00:00,1.14583,1.14709,1.14554,1.14685,4649.0
2026-03-13 15:00:00,1.14684,1.14886,1.1461000000000001,1.14778,6106.0
2026-03-13 16:00:00,1.14779,1.14901,1.14737,1.14786,5563.0
2026-03-13 17:00:00,1.14784,1.14848,1.14555,1.14572,6641.0
2026-03-13 18:00:00,1.14572,1.14612,1.14345,1.14431,6333.0
2026-03-13 19:00:00,1.14431,1.14505,1.14362,1.14421,5289.0
2026-03-13 20:00:00,1.14421,1.1446,1.14337,1.14422,3820.0
2026-03-16 00:00:00,1.14184,1.14287,1.14173,1.14252,989.0
2026-03-16 01:00:00,1.14252,1.14352,1.1419,1.143,3219.0
2026-03-16 02:00:00,1.14301,1.14357,1.14259,1.14355,2321.0
2026-03-16 03:00:00,1.14355,1.14555,1.14351,1.1454900000000001,2843.0
2026-03-16 04:00:00,1.1455,1.14566,1.14396,1.14493,3275.0
2026-03-16 05:00:00,1.14494,1.14516,1.14449,1.1448,2355.0
2026-03-16 06:00:00,1.1448,1.1454,1.14458,1.14506,1616.0
2026-03-16 07:00:00,1.14506,1.14516,1.14415,1.14415,1218.0
2026-03-16 08:00:00,1.14415,1.14434,1.1433200000000001,1.14348,1651.0
2026-03-16 09:00:00,1.14346,1.1436600000000001,1.1424,1.14317,2357.0
2026-03-16 10:00:00,1.14316,1.14348,1.14143,1.14258,3108.0
2026-03-16 11:00:00,1.14259,1.14453,1.14259,1.14449,3978.0
2026-03-16 12:00:00,1.14449,1.14526,1.1441,1.145,3364.0
2026-03-16 13:00:00,1.145,1.14779,1.14476,1.14754,3731.0
2026-03-16 14:00:00,1.14754,1.14872,1.1470799999999999,1.14791,3218.0
2026-03-16 15:00:00,1.1479300000000001,1.14878,1.14723,1.14738,3993.0
2026-03-16 16:00:00,1.1474,1.15009,1.1474,1.15003,3976.0
2026-03-16 17:00:00,1.15002,1.15021,1.14804,1.14886,5456.0
2026-03-16 18:00:00,1.1488800000000001,1.15003,1.1480299999999999,1.14869,3969.0
2026-03-16 19:00:00,1.14869,1.14993,1.14777,1.14935,3880.0
2026-03-16 20:00:00,1.14938,1.15039,1.14906,1.14923,3632.0
2026-03-16 21:00:00,1.14922,1.15237,1.14921,1.15186,3134.0
2026-03-16 22:00:00,1.15187,1.15248,1.1506,1.15078,3364.0
2026-03-16 23:00:00,1.15079,1.15105,1.15032,1.15057,1426.0
2026-03-17 00:00:00,1.15046,1.15113,1.15023,1.15059,679.0
2026-03-17 01:00:00,1.15059,1.15059,1.14979,1.14989,1301.0
2026-03-17 02:00:00,1.14989,1.14999,1.14948,1.14983,1227.0
2026-03-17 03:00:00,1.14984,1.14984,1.1489099999999999,1.1492499999999999,2297.0
2026-03-17 04:00:00,1.1492499999999999,1.14957,1.14865,1.1493,2512.0
2026-03-17 05:00:00,1.1493,1.1498599999999999,1.14911,1.1495,1165.0
2026-03-17 06:00:00,1.1495,1.1503,1.14919,1.1492,1874.0
2026-03-17 07:00:00,1.1492,1.14999,1.14893,1.1497,953.0
2026-03-17 08:00:00,1.1497,1.14992,1.14781,1.14795,1940.0
2026-03-17 09:00:00,1.14795,1.14817,1.1466,1.14817,3227.0
2026-03-17 10:00:00,1.14817,1.15002,1.14797,1.1494900000000001,2798.0
2026-03-17 11:00:00,1.1494900000000001,1.15181,1.14876,1.15104,3921.0
2026-03-17 12:00:00,1.15106,1.15248,1.15083,1.15167,3436.0
2026-03-17 13:00:00,1.15168,1.15168,1.15039,1.15062,2925.0
2026-03-17 14:00:00,1.15063,1.15187,1.15048,1.15075,2946.0
2026-03-17 15:00:00,1.15076,1.15246,1.15045,1.15241,3840.0
2026-03-17 16:00:00,1.15241,1.15436,1.15241,1.15306,5401.0
2026-03-17 17:00:00,1.15306,1.15388,1.15207,1.15333,4688.0
2026-03-17 18:00:00,1.15333,1.15388,1.15207,1.15248,5235.0
2026-03-17 19:00:00,1.15248,1.1533,1.15181,1.1528,4043.0
2026-03-17 20:00:00,1.1528,1.15399,1.1526399999999999,1.15397,2240.0
2026-03-17 21:00:00,1.15398,1.15472,1.15385,1.15391,1969.0
2026-03-17 22:00:00,1.15392,1.1541299999999999,1.15339,1.15356,1324.0
2026-03-17 23:00:00,1.15356,1.15418,1.15351,1.154,785.0
2026-03-18 00:00:00,1.15391,1.15391,1.15302,1.15358,760.0
2026-03-18 01:00:00,1.15358,1.15439,1.15355,1.15401,1300.0
2026-03-18 02:00:00,1.15401,1.1541,1.15374,1.15387,2303.0
2026-03-18 03:00:00,1.15388,1.15441,1.1532,1.15327,2730.0
2026-03-18 04:00:00,1.1532499999999999,1.15402,1.15321,1.1534,1802.0
2026-03-18 05:00:00,1.1534,1.15381,1.15321,1.15326,1263.0
2026-03-18 06:00:00,1.15326,1.15368,1.15322,1.15361,936.0
2026-03-18 07:00:00,1.15361,1.15425,1.1536,1.15415,799.0
2026-03-18 08:00:00,1.15416,1.15468,1.15401,1.15455,1135.0
2026-03-18 09:00:00,1.15454,1.15491,1.15396,1.15422,1919.0
2026-03-18 10:00:00,1.15422,1.15456,1.15233,1.1526399999999999,2118.0
2026-03-18 11:00:00,1.1526399999999999,1.15343,1.15176,1.1532499999999999,3072.0
2026-03-18 12:00:00,1.15324,1.15395,1.15253,1.15388,1911.0
2026-03-18 13:00:00,1.15388,1.15439,1.15338,1.15399,2028.0
2026-03-18 14:00:00,1.15399,1.15553,1.15301,1.15466,3982.0
2026-03-18 15:00:00,1.15467,1.15481,1.15056,1.15073,6588.0
2026-03-18 16:00:00,1.15074,1.15155,1.14907,1.15144,6636.0
2026-03-18 17:00:00,1.15149,1.15274,1.15042,1.15165,5843.0
2026-03-18 18:00:00,1.15165,1.15297,1.15115,1.1513,4744.0
2026-03-18 19:00:00,1.15129,1.15222,1.15067,1.15107,3880.0
2026-03-18 20:00:00,1.15105,1.15166,1.15026,1.15151,3396.0
2026-03-18 21:00:00,1.15151,1.15252,1.14771,1.14773,7082.0
2026-03-18 22:00:00,1.14772,1.14826,1.14685,1.14697,4664.0
2026-03-18 23:00:00,1.14696,1.14705,1.1449799999999999,1.14504,2523.0
2026-03-19 00:00:00,1.14508,1.14689,1.145,1.14628,1396.0
2026-03-19 01:00:00,1.14628,1.14654,1.14512,1.14568,1871.0
2026-03-19 02:00:00,1.14568,1.14659,1.14554,1.14634,1784.0
2026-03-19 03:00:00,1.1463,1.14744,1.14621,1.14741,2715.0
2026-03-19 04:00:00,1.1474199999999999,1.14837,1.14734,1.14762,2606.0
2026-03-19 05:00:00,1.14761,1.14913,1.14718,1.1482,3361.0
2026-03-19 06:00:00,1.1482,1.14834,1.14747,1.14749,1680.0
2026-03-19 07:00:00,1.14746,1.1475,1.14669,1.14689,1496.0
2026-03-19 08:00:00,1.14689,1.1471,1.14636,1.14658,1385.0
2026-03-19 09:00:00,1.14658,1.14768,1.14611,1.14653,2951.0
2026-03-19 10:00:00,1.14653,1.14752,1.14508,1.1452499999999999,5661.0
2026-03-19 11:00:00,1.1452499999999999,1.14592,1.1443,1.1451,5941.0
2026-03-19 12:00:00,1.1451,1.1488,1.1451,1.14801,7571.0
2026-03-19 13:00:00,1.14797,1.14797,1.14666,1.14739,4034.0
2026-03-19 14:00:00,1.14739,1.14814,1.14658,1.14797,3659.0
2026-03-19 15:00:00,1.14797,1.14899,1.14628,1.14872,7589.0
2026-03-19 16:00:00,1.14872,1.15272,1.14695,1.15176,10739.0
2026-03-19 17:00:00,1.15178,1.15282,1.15008,1.15165,9878.0
2026-03-19 18:00:00,1.15165,1.15389,1.14985,1.1514199999999999,7977.0
2026-03-19 19:00:00,1.1514,1.1537600000000001,1.15119,1.15359,7385.0
2026-03-19 20:00:00,1.15358,1.15675,1.15358,1.15602,4678.0
2026-03-19 21:00:00,1.15602,1.15842,1.15509,1.15833,4282.0
2026-03-19 22:00:00,1.15835,1.16162,1.15772,1.15846,9068.0
2026-03-19 23:00:00,1.15846,1.15897,1.15804,1.15885,1798.0
2026-03-20 00:00:00,1.15876,1.15879,1.15788,1.1581,575.0
2026-03-20 01:00:00,1.1581,1.1595,1.1577600000000001,1.15783,1596.0
2026-03-20 02:00:00,1.15783,1.15816,1.15746,1.15766,1439.0
2026-03-20 03:00:00,1.15766,1.15802,1.1571,1.15739,1962.0
2026-03-20 04:00:00,1.15739,1.1577,1.15635,1.15651,2573.0
2026-03-20 05:00:00,1.15653,1.1568,1.15618,1.15636,1774.0
2026-03-20 06:00:00,1.15637,1.15637,1.15562,1.15568,1499.0
2026-03-20 07:00:00,1.15568,1.15597,1.15551,1.15556,973.0
2026-03-20 08:00:00,1.15556,1.15612,1.15523,1.15526,1535.0
2026-03-20 09:00:00,1.15526,1.15662,1.15525,1.15591,1887.0
2026-03-20 10:00:00,1.15591,1.15753,1.15557,1.15731,3908.0
2026-03-20 11:00:00,1.15736,1.15809,1.15677,1.15677,3906.0
2026-03-20 12:00:00,1.15678,1.15729,1.15478,1.15486,4319.0
2026-03-20 13:00:00,1.15487,1.15625,1.15351,1.156,4725.0
2026-03-20 14:00:00,1.156,1.158,1.15573,1.1571500000000001,3738.0
2026-03-20 15:00:00,1.1571500000000001,1.15798,1.15621,1.15644,5911.0
2026-03-20 16:00:00,1.15645,1.1566,1.15399,1.1541299999999999,6190.0
2026-03-20 17:00:00,1.15412,1.15439,1.15246,1.15349,7561.0
2026-03-20 18:00:00,1.15348,1.15579,1.15348,1.15421,7484.0
2026-03-20 19:00:00,1.15421,1.15665,1.15414,1.1559300000000001,4926.0
2026-03-20 20:00:00,1.1559599999999999,1.15706,1.15496,1.15577,5221.0
2026-03-23 00:00:00,1.15361,1.15418,1.15338,1.15348,497.0
2026-03-23 01:00:00,1.15348,1.15627,1.15348,1.15582,3380.0
2026-03-23 02:00:00,1.15582,1.15648,1.15572,1.15621,2604.0
2026-03-23 03:00:00,1.15622,1.15644,1.1538599999999999,1.15444,4724.0
2026-03-23 04:00:00,1.15442,1.15618,1.15442,1.15544,5186.0
2026-03-23 05:00:00,1.15545,1.15574,1.1543,1.15467,3386.0
2026-03-23 06:00:00,1.15467,1.15504,1.15426,1.1547,2210.0
2026-03-23 07:00:00,1.15471,1.15515,1.15457,1.15505,1816.0
2026-03-23 08:00:00,1.15505,1.15525,1.15341,1.15341,2653.0
2026-03-23 09:00:00,1.15341,1.1534200000000001,1.15204,1.15305,4408.0
2026-03-23 10:00:00,1.15305,1.1540300000000001,1.15236,1.1527,4881.0
2026-03-23 11:00:00,1.1527,1.15462,1.1526,1.15297,6070.0
2026-03-23 12:00:00,1.15307,1.15338,1.14911,1.14948,5562.0
2026-03-23 13:00:00,1.14948,1.15013,1.14844,1.14856,5177.0
2026-03-23 14:00:00,1.14858,1.16191,1.14858,1.15565,16362.0
2026-03-23 15:00:00,1.1555900000000001,1.16145,1.15462,1.16126,12794.0
2026-03-23 16:00:00,1.16135,1.16153,1.158,1.15997,12140.0
2026-03-23 17:00:00,1.15997,1.164,1.1593,1.16154,11286.0
2026-03-23 18:00:00,1.16153,1.16312,1.15823,1.1586,10465.0
2026-03-23 19:00:00,1.15858,1.16007,1.15764,1.15911,8672.0
2026-03-23 20:00:00,1.15911,1.16096,1.15866,1.16018,6853.0
2026-03-23 21:00:00,1.16017,1.16374,1.15918,1.16351,5621.0
2026-03-23 22:00:00,1.1635,1.16353,1.16125,1.16134,3260.0
2026-03-23 23:00:00,1.16133,1.1615199999999999,1.16087,1.16103,1387.0
2026-03-24 00:00:00,1.16097,1.16141,1.16025,1.16139,488.0
2026-03-24 01:00:00,1.16139,1.16177,1.16085,1.16147,1476.0
2026-03-24 02:00:00,1.16147,1.1616,1.16059,1.16083,1630.0
2026-03-24 03:00:00,1.16083,1.16087,1.1581,1.15884,5140.0
2026-03-24 04:00:00,1.15884,1.1596,1.15783,1.15846,4371.0
2026-03-24 05:00:00,1.15845,1.15923,1.15829,1.1586,3544.0
2026-03-24 06:00:00,1.15859,1.15893,1.15814,1.15831,2364.0
2026-03-24 07:00:00,1.15831,1.15834,1.15757,1.15801,1791.0
2026-03-24 08:00:00,1.15801,1.15892,1.15757,1.15836,3642.0
2026-03-24 09:00:00,1.15836,1.15924,1.1579,1.15918,3769.0
2026-03-24 10:00:00,1.15913,1.16177,1.15893,1.16087,5503.0
2026-03-24 11:00:00,1.16087,1.16093,1.15816,1.15884,6015.0
2026-03-24 12:00:00,1.1589,1.1597,1.15786,1.15948,4793.0
2026-03-24 13:00:00,1.15949,1.15963,1.15832,1.15922,4022.0
2026-03-24 14:00:00,1.15922,1.16004,1.15789,1.15893,4516.0
2026-03-24 15:00:00,1.15895,1.15993,1.15812,1.1584699999999999,5121.0
2026-03-24 16:00:00,1.1584699999999999,1.15907,1.1567,1.1577600000000001,8198.0
2026-03-24 17:00:00,1.1577600000000001,1.16069,1.15775,1.15894,8524.0
2026-03-24 18:00:00,1.15892,1.15972,1.15758,1.15778,7741.0
2026-03-24 19:00:00,1.15778,1.1592500000000001,1.15741,1.15827,5034.0
2026-03-24 20:00:00,1.15826,1.15839,1.1557,1.1576,7498.0
2026-03-24 21:00:00,1.15761,1.1592500000000001,1.15676,1.15822,6428.0
2026-03-24 22:00:00,1.15822,1.15928,1.15821,1.15856,3153.0
2026-03-24 23:00:00,1.15854,1.16283,1.15828,1.16069,5720.0
2026-03-25 00:00:00,1.16064,1.16113,1.1595900000000001,1.16099,1085.0
2026-03-25 01:00:00,1.16096,1.16191,1.16045,1.1614200000000001,2014.0
2026-03-25 02:00:00,1.1614200000000001,1.16182,1.16087,1.16137,1864.0
2026-03-25 03:00:00,1.16137,1.16307,1.16125,1.16233,3950.0
2026-03-25 04:00:00,1.16232,1.16244,1.16119,1.16121,3657.0
2026-03-25 05:00:00,1.16122,1.16132,1.16012,1.16041,2388.0
2026-03-25 06:00:00,1.16041,1.1605699999999999,1.16007,1.16037,1561.0
2026-03-25 07:00:00,1.16037,1.16041,1.15973,1.15978,1549.0
2026-03-25 08:00:00,1.15978,1.15981,1.15889,1.15922,2240.0
2026-03-25 09:00:00,1.15921,1.15998,1.1587,1.15964,2347.0
2026-03-25 10:00:00,1.1596,1.16052,1.15885,1.15975,3791.0
2026-03-25 11:00:00,1.15977,1.16166,1.15906,1.16028,5400.0
2026-03-25 12:00:00,1.16028,1.16094,1.15913,1.15991,3828.0
2026-03-25 13:00:00,1.1599,1.16056,1.1595900000000001,1.16044,3172.0
2026-03-25 14:00:00,1.16045,1.16114,1.15941,1.16056,3677.0
2026-03-25 15:00:00,1.1605699999999999,1.16137,1.15863,1.15913,6465.0
2026-03-25 16:00:00,1.15913,1.15988,1.15717,1.15728,636.0
2026-03-25 17:00:00,1.15729,1.15878,1.15664,1.15859,1947.0
2026-03-25 18:00:00,1.15859,1.15893,1.15629,1.15699,6522.0
2026-03-25 19:00:00,1.157,1.15765,1.15553,1.15677,5326.0
2026-03-25 20:00:00,1.15677,1.15836,1.15647,1.15784,4010.0
2026-03-25 21:00:00,1.15783,1.1581,1.1561,1.15664,3140.0
2026-03-25 22:00:00,1.15664,1.15664,1.15592,1.15633,3140.0
2026-03-25 23:00:00,1.15633,1.15635,1.15557,1.15587,1287.0
2026-03-26 00:00:00,1.15581,1.1561,1.15556,1.15601,432.0
2026-03-26 01:00:00,1.15601,1.15626,1.1556,1.15604,1176.0
2026-03-26 02:00:00,1.15604,1.1562000000000001,1.15589,1.15614,727.0
2026-03-26 03:00:00,1.15614,1.15647,1.15539,1.15583,2056.0
2026-03-26 04:00:00,1.15582,1.15669,1.1558,1.15643,1740.0
2026-03-26 05:00:00,1.15642,1.1565699999999999,1.15547,1.15588,1650.0
2026-03-26 06:00:00,1.15587,1.15694,1.15579,1.15687,1356.0
2026-03-26 07:00:00,1.15686,1.15723,1.15674,1.15693,905.0
2026-03-26 08:00:00,1.15693,1.15698,1.15577,1.15579,1945.0
2026-03-26 09:00:00,1.15578,1.1567,1.15518,1.15666,2601.0
2026-03-26 10:00:00,1.15667,1.15667,1.15505,1.15538,2940.0
2026-03-26 11:00:00,1.15539,1.1561,1.1547399999999999,1.15597,4153.0
2026-03-26 12:00:00,1.15597,1.15649,1.15526,1.1559599999999999,3098.0
2026-03-26 13:00:00,1.15597,1.15651,1.15546,1.15572,2876.0
2026-03-26 14:00:00,1.15573,1.15587,1.15233,1.15242,2898.0
2026-03-26 15:00:00,1.15242,1.15354,1.15223,1.1535,3806.0
2026-03-26 16:00:00,1.15349,1.15525,1.15349,1.15424,4850.0
2026-03-26 17:00:00,1.15425,1.1555,1.15369,1.15476,6344.0
2026-03-26 18:00:00,1.15476,1.15511,1.15313,1.15414,5687.0
2026-03-26 19:00:00,1.15414,1.15431,1.15311,1.15356,3678.0
2026-03-26 20:00:00,1.15355,1.15375,1.1525400000000001,1.15258,2918.0
2026-03-26 21:00:00,1.15258,1.15339,1.15252,1.15339,2150.0
2026-03-26 22:00:00,1.15339,1.15344,1.15216,1.15219,2483.0
2026-03-26 23:00:00,1.15217,1.15589,1.15196,1.15293,3981.0
2026-03-27 00:00:00,1.15253,1.15356,1.15231,1.1532499999999999,1141.0
2026-03-27 01:00:00,1.1532499999999999,1.15402,1.15308,1.15385,1734.0
2026-03-27 02:00:00,1.15384,1.15398,1.1534,1.15343,1041.0
2026-03-27 03:00:00,1.15343,1.1538,1.15243,1.15306,3089.0
2026-03-27 04:00:00,1.15306,1.15409,1.15298,1.15399,2288.0
2026-03-27 05:00:00,1.15405,1.15427,1.15361,1.15384,1999.0
2026-03-27 06:00:00,1.15384,1.1540300000000001,1.15338,1.1539,1806.0
2026-03-27 07:00:00,1.1539,1.1543700000000001,1.15371,1.15429,1222.0
2026-03-27 08:00:00,1.15428,1.15461,1.15373,1.1541,1924.0
2026-03-27 09:00:00,1.1541,1.15438,1.1534,1.15345,1523.0
2026-03-27 10:00:00,1.15344,1.15349,1.15168,1.15187,2789.0
2026-03-27 11:00:00,1.15187,1.15251,1.1515900000000001,1.15208,3715.0
2026-03-27 12:00:00,1.15202,1.15261,1.15143,1.15192,3219.0
2026-03-27 13:00:00,1.15191,1.15261,1.15101,1.1510799999999999,2865.0
2026-03-27 14:00:00,1.1511,1.15141,1.15048,1.15077,2943.0
2026-03-27 15:00:00,1.15074,1.15181,1.15017,1.1515,3065.0
2026-03-27 16:00:00,1.15151,1.15328,1.1514199999999999,1.1524,5023.0
2026-03-27 17:00:00,1.15236,1.15356,1.15232,1.15288,5331.0
2026-03-27 18:00:00,1.15288,1.15478,1.15178,1.15194,5671.0
2026-03-27 19:00:00,1.15194,1.15273,1.15148,1.15191,4321.0
2026-03-27 20:00:00,1.15191,1.1529099999999999,1.15062,1.15125,3128.0
2026-03-30 00:00:00,1.15017,1.15027,1.14981,1.14989,256.0
2026-03-30 01:00:00,1.14989,1.15027,1.1488,1.14886,2569.0
2026-03-30 02:00:00,1.14886,1.14944,1.14876,1.14917,1803.0
2026-03-30 03:00:00,1.14921,1.15127,1.14896,1.15068,3729.0
2026-03-30 04:00:00,1.15068,1.1511,1.15029,1.1505,2548.0
2026-03-30 05:00:00,1.1505,1.15152,1.15013,1.15113,1950.0
2026-03-30 06:00:00,1.15112,1.15187,1.15102,1.15158,1430.0
2026-03-30 07:00:00,1.15158,1.15212,1.15136,1.15136,931.0
2026-03-30 08:00:00,1.15136,1.15182,1.15095,1.15158,1413.0
2026-03-30 09:00:00,1.15158,1.15201,1.15116,1.15127,2108.0
2026-03-30 10:00:00,1.1512,1.15128,1.1494,1.14978,2711.0
2026-03-30 11:00:00,1.14977,1.14987,1.14907,1.1496,2422.0
2026-03-30 12:00:00,1.1496,1.14982,1.14837,1.14944,2247.0
2026-03-30 13:00:00,1.14943,1.14973,1.1488,1.14892,2167.0
2026-03-30 14:00:00,1.14892,1.15001,1.1484,1.14849,3444.0
2026-03-30 15:00:00,1.14851,1.14887,1.1473,1.14826,3284.0
2026-03-30 16:00:00,1.14826,1.14879,1.14622,1.14641,4345.0
2026-03-30 17:00:00,1.1464,1.14704,1.14548,1.14649,5222.0
2026-03-30 18:00:00,1.14651,1.14657,1.14431,1.14538,4450.0
2026-03-30 19:00:00,1.14538,1.14612,1.14475,1.146,3034.0
2026-03-30 20:00:00,1.146,1.14652,1.14557,1.14575,2553.0
2026-03-30 21:00:00,1.14575,1.14662,1.14569,1.14613,2010.0
2026-03-30 22:00:00,1.1461000000000001,1.14623,1.14539,1.14597,2115.0
2026-03-30 23:00:00,1.14596,1.14628,1.1457,1.14615,953.0
2026-03-31 00:00:00,1.14646,1.14673,1.14495,1.1461000000000001,896.0
2026-03-31 01:00:00,1.1461000000000001,1.14657,1.14595,1.14595,1025.0
2026-03-31 02:00:00,1.14595,1.14595,1.14524,1.14566,1251.0
2026-03-31 03:00:00,1.14566,1.14762,1.14472,1.14748,4754.0
2026-03-31 04:00:00,1.14748,1.1491,1.14734,1.1476,4214.0
2026-03-31 05:00:00,1.1476,1.14797,1.14731,1.1476,2685.0
2026-03-31 06:00:00,1.14759,1.14764,1.14663,1.14698,1843.0
2026-03-31 07:00:00,1.14698,1.14728,1.14689,1.14691,1383.0
2026-03-31 08:00:00,1.14691,1.14715,1.14622,1.14644,2307.0
2026-03-31 09:00:00,1.14644,1.14743,1.14609,1.14721,3102.0
2026-03-31 10:00:00,1.14719,1.1474199999999999,1.14629,1.14723,3494.0
2026-03-31 11:00:00,1.14724,1.14756,1.14642,1.1467100000000001,2973.0
2026-03-31 12:00:00,1.1467100000000001,1.14733,1.14621,1.14682,3077.0
2026-03-31 13:00:00,1.14683,1.147,1.1458,1.1459,2348.0
2026-03-31 14:00:00,1.1459,1.14911,1.14575,1.1491,4452.0
2026-03-31 15:00:00,1.1491,1.1509800000000001,1.1487,1.1503,5093.0
2026-03-31 16:00:00,1.15031,1.15326,1.15006,1.15323,4488.0
2026-03-31 17:00:00,1.15322,1.15407,1.15111,1.1520299999999999,6808.0
2026-03-31 18:00:00,1.15214,1.15329,1.15117,1.15173,6780.0
2026-03-31 19:00:00,1.15173,1.15597,1.1514,1.15406,7420.0
2026-03-31 20:00:00,1.15406,1.15566,1.15388,1.15397,7546.0
2026-03-31 21:00:00,1.15398,1.1550799999999999,1.15384,1.15446,4567.0
2026-03-31 22:00:00,1.15445,1.15597,1.15388,1.15589,3363.0
2026-03-31 23:00:00,1.15591,1.15635,1.15523,1.15529,2139.0
2026-04-01 01:00:00,1.15584,1.1559300000000001,1.15576,1.15587,113.0
2026-04-01 02:00:00,1.15587,1.15745,1.1557,1.15739,1191.0
2026-04-01 03:00:00,1.15739,1.15789,1.15694,1.15744,2277.0
2026-04-01 04:00:00,1.15744,1.15755,1.1555,1.15618,3234.0
2026-04-01 05:00:00,1.15618,1.1571,1.15606,1.15687,1929.0
2026-04-01 06:00:00,1.15685,1.15685,1.1559,1.15608,1305.0
2026-04-01 07:00:00,1.15608,1.15665,1.15595,1.1565400000000001,1227.0
2026-04-01 08:00:00,1.15653,1.15764,1.15648,1.15678,1456.0
2026-04-01 09:00:00,1.15678,1.15928,1.1562000000000001,1.15914,5339.0
2026-04-01 10:00:00,1.15913,1.1598600000000001,1.15771,1.15823,5315.0
2026-04-01 11:00:00,1.15819,1.16107,1.15775,1.15963,4890.0
2026-04-01 12:00:00,1.15964,1.16026,1.15808,1.15953,4522.0
2026-04-01 13:00:00,1.15955,1.16036,1.15934,1.1599599999999999,3876.0
2026-04-01 14:00:00,1.15995,1.161,1.1598,1.16075,3103.0
2026-04-01 15:00:00,1.16075,1.16233,1.15938,1.16045,5630.0
2026-04-01 16:00:00,1.1604700000000001,1.16236,1.15987,1.16122,6380.0
2026-04-01 17:00:00,1.16071,1.16271,1.16045,1.16225,6314.0
2026-04-01 18:00:00,1.16228,1.16271,1.16052,1.16138,3795.0
2026-04-01 19:00:00,1.16138,1.16191,1.16046,1.16191,3126.0
2026-04-01 20:00:00,1.1619,1.16235,1.15938,1.1594,2854.0
2026-04-01 21:00:00,1.15939,1.15943,1.1577,1.15788,3761.0
2026-04-01 22:00:00,1.15789,1.15871,1.15764,1.1583700000000001,2620.0
2026-04-01 23:00:00,1.1583700000000001,1.15916,1.15836,1.15902,1187.0
2026-04-02 00:00:00,1.15877,1.15907,1.15806,1.15895,1210.0
2026-04-02 01:00:00,1.15894,1.15943,1.15894,1.15911,764.0
2026-04-02 02:00:00,1.15913,1.15947,1.1589,1.15899,896.0
2026-04-02 03:00:00,1.15899,1.15979,1.1587,1.15956,2653.0
2026-04-02 04:00:00,1.15957,1.1605699999999999,1.15455,1.15526,9499.0
2026-04-02 05:00:00,1.15524,1.15603,1.15439,1.15468,4585.0
2026-04-02 06:00:00,1.15468,1.15491,1.1537600000000001,1.15398,2617.0
2026-04-02 07:00:00,1.15399,1.15419,1.15321,1.1537,2371.0
2026-04-02 08:00:00,1.1537,1.1539,1.15249,1.1525400000000001,2755.0
2026-04-02 09:00:00,1.15255,1.15355,1.15152,1.15344,3617.0
2026-04-02 10:00:00,1.15344,1.15378,1.15188,1.1532499999999999,4148.0
2026-04-02 11:00:00,1.15329,1.15358,1.15243,1.1525400000000001,2800.0
2026-04-02 12:00:00,1.1525400000000001,1.15319,1.15216,1.15263,2621.0
2026-04-02 13:00:00,1.15262,1.15268,1.15111,1.15123,2846.0
2026-04-02 14:00:00,1.15123,1.15194,1.15091,1.15176,2854.0
2026-04-02 15:00:00,1.15181,1.15314,1.15171,1.15244,4167.0
2026-04-02 16:00:00,1.1525,1.1532499999999999,1.1520299999999999,1.15312,5467.0
2026-04-02 17:00:00,1.15312,1.15638,1.15267,1.15512,7692.0
2026-04-02 18:00:00,1.15514,1.15587,1.15417,1.1545,6342.0
2026-04-02 19:00:00,1.1545,1.15479,1.1539,1.15393,4237.0
2026-04-02 20:00:00,1.15393,1.15493,1.15363,1.15377,2971.0
2026-04-02 21:00:00,1.15378,1.15401,1.1533,1.15362,2648.0
2026-04-02 22:00:00,1.15366,1.15436,1.15334,1.15346,2504.0
2026-04-02 23:00:00,1.15346,1.15394,1.15321,1.15387,1089.0
2026-04-03 00:00:00,1.15383,1.15421,1.15322,1.1540300000000001,585.0
2026-04-03 01:00:00,1.1540300000000001,1.1542,1.15375,1.154,597.0
2026-04-03 02:00:00,1.15399,1.1543,1.15395,1.15415,391.0
2026-04-03 03:00:00,1.15415,1.15452,1.15381,1.15382,944.0
2026-04-03 04:00:00,1.15382,1.154,1.15339,1.1535,1051.0
2026-04-03 05:00:00,1.1535,1.15384,1.15321,1.15361,751.0
2026-04-03 06:00:00,1.15361,1.1537600000000001,1.15343,1.15363,472.0
2026-04-03 07:00:00,1.15363,1.15364,1.15339,1.15339,634.0
2026-04-03 08:00:00,1.15339,1.15382,1.15292,1.15381,790.0
2026-04-03 09:00:00,1.15381,1.15407,1.15351,1.15397,760.0
2026-04-03 10:00:00,1.15397,1.15464,1.15394,1.15428,1012.0
2026-04-03 11:00:00,1.15425,1.15454,1.1540300000000001,1.15432,875.0
2026-04-03 12:00:00,1.15431,1.15456,1.15406,1.15432,957.0
2026-04-03 13:00:00,1.15432,1.1549,1.15419,1.15449,668.0
2026-04-03 14:00:00,1.1544699999999999,1.15466,1.15408,1.15444,1128.0
2026-04-03 15:00:00,1.15444,1.15461,1.15155,1.15309,2499.0
2026-04-03 16:00:00,1.1531,1.1538599999999999,1.1528,1.15349,1677.0
2026-04-03 17:00:00,1.15349,1.15365,1.15209,1.15212,1485.0
2026-04-03 18:00:00,1.15212,1.15277,1.15201,1.15221,2680.0
2026-04-03 19:00:00,1.15222,1.15224,1.15189,1.15192,1999.0
2026-04-03 20:00:00,1.15191,1.1522000000000001,1.15184,1.1520299999999999,1865.0
2026-04-06 00:00:00,1.15201,1.15225,1.15184,1.15194,211.0
2026-04-06 01:00:00,1.15196,1.15205,1.15053,1.1515,2819.0
2026-04-06 02:00:00,1.1515,1.15168,1.15086,1.15097,1702.0
2026-04-06 03:00:00,1.15096,1.15184,1.15093,1.15118,2609.0
2026-04-06 04:00:00,1.1512,1.15145,1.15064,1.15069,2048.0
2026-04-06 05:00:00,1.15069,1.15288,1.15069,1.15207,3022.0
2026-04-06 06:00:00,1.15207,1.15232,1.15172,1.15191,2029.0
2026-04-06 07:00:00,1.1519,1.15251,1.15185,1.15244,1635.0
2026-04-06 08:00:00,1.15244,1.15297,1.1522999999999999,1.1525400000000001,1707.0
2026-04-06 09:00:00,1.1525400000000001,1.15374,1.1522000000000001,1.15332,2239.0
2026-04-06 10:00:00,1.15332,1.15688,1.1525400000000001,1.15643,3333.0
2026-04-06 11:00:00,1.15643,1.15685,1.15538,1.15553,2855.0
2026-04-06 12:00:00,1.15554,1.15604,1.1547399999999999,1.15503,2633.0
2026-04-06 13:00:00,1.15504,1.15543,1.1537600000000001,1.1548,2766.0
2026-04-06 14:00:00,1.1548,1.155,1.1540300000000001,1.15457,2381.0
2026-04-06 15:00:00,1.15455,1.15546,1.15426,1.15534,2538.0
2026-04-06 16:00:00,1.15534,1.15612,1.15494,1.15602,3398.0
2026-04-06 17:00:00,1.15616,1.15716,1.15425,1.15431,6766.0
2026-04-06 18:00:00,1.1543,1.15444,1.15354,1.15442,4051.0
2026-04-06 19:00:00,1.15442,1.15482,1.15423,1.15451,2443.0
2026-04-06 20:00:00,1.1545,1.15487,1.1534200000000001,1.15415,3957.0
2026-04-06 21:00:00,1.15415,1.15527,1.15397,1.15458,3632.0
2026-04-06 22:00:00,1.15458,1.15468,1.15407,1.15428,1902.0
2026-04-06 23:00:00,1.15429,1.15445,1.15408,1.15428,1209.0
2026-04-07 00:00:00,1.1540300000000001,1.1544,1.15379,1.15423,721.0
2026-04-07 01:00:00,1.15424,1.1548,1.15414,1.15427,1046.0
2026-04-07 02:00:00,1.15426,1.15434,1.15388,1.15409,641.0
2026-04-07 03:00:00,1.15409,1.1544,1.15366,1.1537600000000001,2395.0
2026-04-07 04:00:00,1.1537600000000001,1.15402,1.15273,1.15301,2895.0
2026-04-07 05:00:00,1.15301,1.1532,1.15243,1.15298,1594.0
2026-04-07 06:00:00,1.15298,1.15348,1.15288,1.15344,997.0
2026-04-07 07:00:00,1.15344,1.15388,1.1533,1.15383,1084.0
2026-04-07 08:00:00,1.15383,1.15397,1.15302,1.15354,1723.0
2026-04-07 09:00:00,1.15354,1.15454,1.15326,1.1544699999999999,2825.0
2026-04-07 10:00:00,1.1544699999999999,1.1546,1.15368,1.15427,2340.0
2026-04-07 11:00:00,1.15422,1.15756,1.15418,1.15735,5507.0
2026-04-07 12:00:00,1.15735,1.15755,1.15623,1.15629,3378.0
2026-04-07 13:00:00,1.15629,1.15638,1.15457,1.15541,5141.0
2026-04-07 14:00:00,1.15543,1.15621,1.15481,1.15601,3029.0
2026-04-07 15:00:00,1.15601,1.15696,1.15538,1.15605,3822.0
2026-04-07 16:00:00,1.15605,1.15651,1.1555900000000001,1.15636,4223.0
2026-04-07 17:00:00,1.15636,1.1583,1.15584,1.15721,5274.0
2026-04-07 18:00:00,1.15719,1.15782,1.1566,1.1571,4818.0
2026-04-07 19:00:00,1.1571,1.15796,1.15696,1.15714,4036.0
2026-04-07 20:00:00,1.1571500000000001,1.15795,1.15664,1.1577600000000001,3582.0
2026-04-07 21:00:00,1.1577600000000001,1.1583,1.15714,1.15747,2836.0
2026-04-07 22:00:00,1.15746,1.16017,1.15729,1.15951,4890.0
2026-04-07 23:00:00,1.1595,1.16051,1.1592500000000001,1.15973,3184.0
2026-04-08 00:00:00,1.15939,1.16012,1.15868,1.15965,984.0
2026-04-08 01:00:00,1.15962,1.16698,1.15889,1.16678,6505.0
2026-04-08 02:00:00,1.1668,1.16903,1.1661299999999999,1.16863,8198.0
2026-04-08 03:00:00,1.16862,1.1696900000000001,1.1666,1.16718,7087.0
2026-04-08 04:00:00,1.16717,1.1688399999999999,1.16711,1.16756,5325.0
2026-04-08 05:00:00,1.16755,1.1682299999999999,1.16688,1.16737,3053.0
2026-04-08 06:00:00,1.16737,1.16758,1.16662,1.16706,2938.0
2026-04-08 07:00:00,1.16708,1.16811,1.16708,1.16763,2865.0
2026-04-08 08:00:00,1.16767,1.17086,1.1672,1.16917,4054.0
2026-04-08 09:00:00,1.16915,1.17084,1.16846,1.16963,4781.0
2026-04-08 10:00:00,1.16962,1.17,1.1679,1.16955,4501.0
2026-04-08 11:00:00,1.16954,1.16993,1.16688,1.16811,4475.0
2026-04-08 12:00:00,1.16811,1.16895,1.1678,1.1679599999999999,3830.0
2026-04-08 13:00:00,1.16795,1.16924,1.16775,1.16902,2975.0
2026-04-08 14:00:00,1.16902,1.1710099999999999,1.16853,1.17001,4512.0
2026-04-08 15:00:00,1.17007,1.1718,1.1688399999999999,1.17141,5404.0
2026-04-08 16:00:00,1.17141,1.17218,1.1687,1.16946,6247.0
2026-04-08 17:00:00,1.16944,1.17034,1.16895,1.16942,6870.0
2026-04-08 18:00:00,1.16942,1.16965,1.16844,1.16863,5096.0
2026-04-08 19:00:00,1.16863,1.16886,1.1677,1.16818,4045.0
2026-04-08 20:00:00,1.16818,1.16852,1.16689,1.16747,3406.0
2026-04-08 21:00:00,1.16748,1.16802,1.16497,1.16504,5323.0
2026-04-08 22:00:00,1.16503,1.16704,1.16434,1.16679,4190.0
2026-04-08 23:00:00,1.16678,1.16694,1.16605,1.16621,1680.0
2026-04-09 00:00:00,1.16619,1.16658,1.16495,1.16645,682.0
2026-04-09 01:00:00,1.16645,1.16677,1.16601,1.16622,1217.0
2026-04-09 02:00:00,1.16622,1.16631,1.16573,1.16591,786.0
2026-04-09 03:00:00,1.16591,1.16609,1.16528,1.16571,2703.0
2026-04-09 04:00:00,1.16572,1.16636,1.16505,1.16618,2745.0
2026-04-09 05:00:00,1.16618,1.1667399999999999,1.16592,1.16654,1973.0
2026-04-09 06:00:00,1.16652,1.16669,1.16607,1.16623,1672.0
2026-04-09 07:00:00,1.16623,1.16711,1.1662,1.16665,1267.0
2026-04-09 08:00:00,1.1666400000000001,1.16677,1.16592,1.1661,2116.0
2026-04-09 09:00:00,1.1661,1.16643,1.1654200000000001,1.16643,2421.0
2026-04-09 10:00:00,1.16646,1.16692,1.16555,1.1663000000000001,2860.0
2026-04-09 11:00:00,1.1663000000000001,1.16749,1.16597,1.16721,2469.0
2026-04-09 12:00:00,1.16719,1.16793,1.16684,1.16745,2958.0
2026-04-09 13:00:00,1.16746,1.16795,1.16711,1.16711,2352.0
2026-04-09 14:00:00,1.16712,1.16895,1.16696,1.1688399999999999,2433.0
2026-04-09 15:00:00,1.16883,1.16899,1.16791,1.1686,3071.0
2026-04-09 16:00:00,1.16864,1.16953,1.16812,1.16819,3852.0
2026-04-09 17:00:00,1.16818,1.1688,1.16743,1.1684700000000001,4416.0
2026-04-09 18:00:00,1.1684700000000001,1.17071,1.16776,1.17055,6196.0
2026-04-09 19:00:00,1.17054,1.17141,1.17023,1.17106,4134.0
2026-04-09 20:00:00,1.17106,1.17234,1.1710099999999999,1.17141,2742.0
2026-04-09 21:00:00,1.17142,1.17148,1.16974,1.16992,4169.0
2026-04-09 22:00:00,1.16992,1.17085,1.1697899999999999,1.1700599999999999,2983.0
2026-04-09 23:00:00,1.17007,1.17009,1.16951,1.16982,1143.0
2026-04-10 00:00:00,1.16984,1.17008,1.16939,1.16997,352.0
2026-04-10 01:00:00,1.16996,1.17026,1.16926,1.16941,1537.0
2026-04-10 02:00:00,1.16941,1.16961,1.16902,1.16916,927.0
2026-04-10 03:00:00,1.16916,1.16916,1.16855,1.1688,1905.0
2026-04-10 04:00:00,1.16881,1.16946,1.16862,1.16921,1540.0
2026-04-10 05:00:00,1.16922,1.16941,1.16867,1.16909,1076.0
2026-04-10 06:00:00,1.16909,1.16968,1.16898,1.16957,874.0
2026-04-10 07:00:00,1.16957,1.16966,1.16911,1.16919,879.0
2026-04-10 08:00:00,1.16919,1.16927,1.16876,1.169,1092.0
2026-04-10 09:00:00,1.169,1.1693500000000001,1.16834,1.1684700000000001,2204.0
2026-04-10 10:00:00,1.16844,1.16897,1.1679,1.1679599999999999,2557.0
2026-04-10 11:00:00,1.1679599999999999,1.16898,1.16774,1.16859,2688.0
2026-04-10 12:00:00,1.16864,1.1711,1.16848,1.17103,4298.0
2026-04-10 13:00:00,1.17104,1.17158,1.17059,1.17129,2555.0
2026-04-10 14:00:00,1.1712799999999999,1.17188,1.17108,1.1714,2212.0
2026-04-10 15:00:00,1.17141,1.17256,1.17095,1.17208,4292.0
2026-04-10 16:00:00,1.17208,1.17347,1.17187,1.17277,4520.0
2026-04-10 17:00:00,1.17277,1.17382,1.17201,1.17278,5213.0
2026-04-10 18:00:00,1.17276,1.17392,1.17217,1.1722299999999999,3866.0
2026-04-10 19:00:00,1.17222,1.17254,1.17136,1.17205,3131.0
2026-04-10 20:00:00,1.17205,1.1726,1.1718899999999999,1.17233,2123.0
2026-04-13 00:00:00,1.16698,1.16791,1.16644,1.16678,839.0
2026-04-13 01:00:00,1.16678,1.1678600000000001,1.16658,1.1672500000000001,3534.0
2026-04-13 02:00:00,1.1672500000000001,1.16754,1.16641,1.16749,2211.0
2026-04-13 03:00:00,1.16749,1.16877,1.16711,1.16876,2819.0
2026-04-13 04:00:00,1.16878,1.16897,1.16804,1.16863,2450.0
2026-04-13 05:00:00,1.16863,1.16901,1.16852,1.16885,1486.0
2026-04-13 06:00:00,1.16885,1.16893,1.16858,1.16881,1294.0
2026-04-13 07:00:00,1.16881,1.16902,1.16858,1.16862,1243.0
2026-04-13 08:00:00,1.16862,1.16892,1.16833,1.1688,1666.0
2026-04-13 09:00:00,1.1688,1.16949,1.1678,1.16856,3014.0
2026-04-13 10:00:00,1.16855,1.17001,1.16855,1.16971,2768.0
2026-04-13 11:00:00,1.16971,1.16972,1.16835,1.1686,2781.0
2026-04-13 12:00:00,1.1686,1.16924,1.16837,1.16863,2489.0
2026-04-13 13:00:00,1.16863,1.16951,1.16825,1.1693500000000001,1890.0
2026-04-13 14:00:00,1.1693500000000001,1.16997,1.16809,1.16818,2526.0
2026-04-13 15:00:00,1.16818,1.16992,1.16806,1.16984,3391.0
2026-04-13 16:00:00,1.16983,1.17122,1.16964,1.17054,4424.0
2026-04-13 17:00:00,1.17053,1.17204,1.17004,1.17103,5084.0
2026-04-13 18:00:00,1.17103,1.17124,1.17026,1.17097,3801.0
2026-04-13 19:00:00,1.17097,1.17314,1.1707,1.1724999999999999,4959.0
2026-04-13 20:00:00,1.1724999999999999,1.17378,1.17248,1.17336,2995.0
2026-04-13 21:00:00,1.17337,1.17655,1.17336,1.17645,3256.0
2026-04-13 22:00:00,1.17644,1.1764999999999999,1.1754,1.17602,2217.0
2026-04-13 23:00:00,1.17603,1.17631,1.17564,1.17587,1054.0
2026-04-14 00:00:00,1.17578,1.17578,1.17494,1.17531,410.0
2026-04-14 01:00:00,1.17531,1.17648,1.1752799999999999,1.17615,1241.0
2026-04-14 02:00:00,1.17615,1.17668,1.1761,1.17667,1076.0
2026-04-14 03:00:00,1.17667,1.17677,1.1761,1.17664,1811.0
2026-04-14 04:00:00,1.17664,1.17678,1.17594,1.176,1580.0
2026-04-14 05:00:00,1.17601,1.17622,1.17563,1.17607,1015.0
2026-04-14 06:00:00,1.17607,1.17682,1.1759,1.17669,1008.0
2026-04-14 07:00:00,1.17668,1.17699,1.17646,1.17668,696.0
2026-04-14 08:00:00,1.17668,1.17696,1.17596,1.17643,1649.0
2026-04-14 09:00:00,1.17643,1.17783,1.17581,1.1778,2957.0
2026-04-14 10:00:00,1.17781,1.17968,1.1777199999999999,1.178,4056.0
2026-04-14 11:00:00,1.1779600000000001,1.17843,1.17751,1.17826,2775.0
2026-04-14 12:00:00,1.17826,1.17925,1.17819,1.17889,2287.0
2026-04-14 13:00:00,1.17887,1.17988,1.17882,1.17965,2435.0
2026-04-14 14:00:00,1.17965,1.18061,1.17954,1.17994,2638.0
2026-04-14 15:00:00,1.17998,1.18057,1.17927,1.18045,4126.0
2026-04-14 16:00:00,1.18046,1.1807699999999999,1.17935,1.17993,4405.0
2026-04-14 17:00:00,1.17992,1.1811099999999999,1.17933,1.18087,4502.0
2026-04-14 18:00:00,1.18087,1.18087,1.17875,1.17904,4300.0
2026-04-14 19:00:00,1.17904,1.1797,1.17883,1.17941,2349.0
2026-04-14 20:00:00,1.17941,1.17995,1.1791800000000001,1.17957,1685.0
2026-04-14 21:00:00,1.17957,1.17969,1.17905,1.17929,2306.0
2026-04-14 22:00:00,1.17929,1.17954,1.17906,1.17919,1480.0
2026-04-14 23:00:00,1.17919,1.1795499999999999,1.17913,1.17945,996.0
2026-04-15 00:00:00,1.17931,1.17938,1.1786699999999999,1.1789100000000001,186.0
2026-04-15 01:00:00,1.1789100000000001,1.17995,1.17883,1.1795200000000001,979.0
2026-04-15 02:00:00,1.1795200000000001,1.18019,1.17945,1.17984,1289.0
2026-04-15 03:00:00,1.17984,1.17987,1.1789399999999999,1.17941,2404.0
2026-04-15 04:00:00,1.17941,1.17967,1.17898,1.17909,2278.0
2026-04-15 05:00:00,1.17909,1.1791,1.17789,1.17835,1785.0
2026-04-15 06:00:00,1.17835,1.17893,1.17803,1.17872,1208.0
2026-04-15 07:00:00,1.17872,1.17896,1.17863,1.17886,902.0
2026-04-15 08:00:00,1.17886,1.17983,1.17884,1.17922,2074.0
2026-04-15 09:00:00,1.17921,1.17994,1.17839,1.17843,2808.0
2026-04-15 10:00:00,1.17841,1.17905,1.17828,1.1785700000000001,3407.0
2026-04-15 11:00:00,1.17856,1.17953,1.17854,1.1789399999999999,2900.0
2026-04-15 12:00:00,1.1789399999999999,1.17914,1.17754,1.17816,3645.0
2026-04-15 13:00:00,1.17816,1.17866,1.1772,1.17768,3977.0
2026-04-15 14:00:00,1.17769,1.17843,1.17732,1.1783,3228.0
2026-04-15 15:00:00,1.1783,1.1792799999999999,1.17771,1.17882,3467.0
2026-04-15 16:00:00,1.17881,1.17973,1.17841,1.1788,4141.0
2026-04-15 17:00:00,1.1788,1.18003,1.17843,1.17966,4266.0
2026-04-15 18:00:00,1.17966,1.1808,1.17946,1.17981,3707.0
2026-04-15 19:00:00,1.17981,1.18026,1.17975,1.18008,2615.0
2026-04-15 20:00:00,1.18008,1.1802,1.17927,1.17949,2101.0
2026-04-15 21:00:00,1.17949,1.18019,1.17937,1.18004,2832.0
2026-04-15 22:00:00,1.18002,1.18046,1.17984,1.17998,2056.0
2026-04-15 23:00:00,1.17999,1.18009,1.17953,1.17992,1272.0
2026-04-16 00:00:00,1.1798,1.18015,1.17921,1.17956,435.0
2026-04-16 01:00:00,1.17959,1.18033,1.17959,1.18024,723.0
2026-04-16 02:00:00,1.18024,1.18078,1.18024,1.18067,741.0
2026-04-16 03:00:00,1.18067,1.18085,1.18028,1.1807400000000001,1566.0
2026-04-16 04:00:00,1.1807400000000001,1.18092,1.17969,1.18025,1852.0
2026-04-16 05:00:00,1.18025,1.18176,1.1802,1.18171,1798.0
2026-04-16 06:00:00,1.18171,1.18239,1.18122,1.18128,1915.0
2026-04-16 07:00:00,1.18129,1.18131,1.18082,1.18094,984.0
2026-04-16 08:00:00,1.18094,1.181,1.1803,1.18043,1736.0
2026-04-16 09:00:00,1.18044,1.18069,1.17935,1.18033,2728.0
2026-04-16 10:00:00,1.18033,1.18048,1.1791,1.17915,3424.0
2026-04-16 11:00:00,1.17916,1.17939,1.17765,1.17863,3233.0
2026-04-16 12:00:00,1.17863,1.17876,1.17769,1.1779600000000001,2661.0
2026-04-16 13:00:00,1.17795,1.17803,1.17725,1.17798,2015.0
2026-04-16 14:00:00,1.17798,1.17887,1.17798,1.1784,2613.0
2026-04-16 15:00:00,1.1784,1.17846,1.1776,1.17814,3186.0
2026-04-16 16:00:00,1.17815,1.17835,1.17669,1.17724,4183.0
2026-04-16 17:00:00,1.17724,1.17821,1.17689,1.17717,5080.0
2026-04-16 18:00:00,1.17717,1.17821,1.177,1.1782,4444.0
2026-04-16 19:00:00,1.1782,1.17872,1.17689,1.17748,3341.0
2026-04-16 20:00:00,1.17749,1.17756,1.17682,1.1773500000000001,2820.0
2026-04-16 21:00:00,1.17736,1.1781,1.17733,1.1779600000000001,2268.0
2026-04-16 22:00:00,1.1779600000000001,1.17858,1.1779600000000001,1.17811,2113.0
2026-04-16 23:00:00,1.17812,1.17832,1.17786,1.17819,1007.0
2026-04-17 00:00:00,1.17786,1.17797,1.17731,1.17778,146.0
2026-04-17 01:00:00,1.17778,1.17876,1.17778,1.17852,802.0
2026-04-17 02:00:00,1.17852,1.17864,1.17808,1.17811,669.0
2026-04-17 03:00:00,1.1780599999999999,1.1783,1.17771,1.1779,1669.0
2026-04-17 04:00:00,1.1779,1.17799,1.17746,1.17759,1586.0
2026-04-17 05:00:00,1.1776,1.17779,1.17731,1.17771,1092.0
2026-04-17 06:00:00,1.17771,1.17853,1.17754,1.1783299999999999,943.0
2026-04-17 07:00:00,1.1783299999999999,1.17843,1.17815,1.17826,846.0
2026-04-17 08:00:00,1.17827,1.17845,1.17799,1.17807,1572.0
2026-04-17 09:00:00,1.1780599999999999,1.17831,1.17722,1.17749,2255.0
2026-04-17 10:00:00,1.17751,1.17831,1.1775,1.17824,2609.0
2026-04-17 11:00:00,1.17823,1.1795499999999999,1.17808,1.17938,2099.0
2026-04-17 12:00:00,1.1794,1.17993,1.1791,1.17934,2447.0
2026-04-17 13:00:00,1.17935,1.17959,1.17913,1.17945,2041.0
2026-04-17 14:00:00,1.17945,1.17994,1.1792,1.17938,2050.0
2026-04-17 15:00:00,1.17937,1.18373,1.17934,1.18352,5462.0
2026-04-17 16:00:00,1.1835499999999999,1.18492,1.18243,1.18338,8219.0
2026-04-17 17:00:00,1.18336,1.18359,1.18131,1.18137,5986.0
2026-04-17 18:00:00,1.18136,1.18166,1.17998,1.18008,5655.0
2026-04-17 19:00:00,1.18008,1.18047,1.1792,1.17988,3215.0
2026-04-17 20:00:00,1.17988,1.17988,1.1785,1.17954,3851.0
2026-04-20 00:00:00,1.17356,1.17411,1.1729,1.17293,472.0
2026-04-20 01:00:00,1.17293,1.17401,1.1729,1.17398,3024.0
2026-04-20 02:00:00,1.17399,1.17455,1.17364,1.17389,2072.0
2026-04-20 03:00:00,1.1739,1.17569,1.17371,1.17546,2921.0
2026-04-20 04:00:00,1.17545,1.17599,1.17507,1.17568,2660.0
2026-04-20 05:00:00,1.17568,1.17617,1.17546,1.17569,1620.0
2026-04-20 06:00:00,1.17569,1.17625,1.17545,1.17602,1254.0
2026-04-20 07:00:00,1.17602,1.1762,1.17563,1.17592,1181.0
2026-04-20 08:00:00,1.17592,1.17609,1.17471,1.17533,2130.0
2026-04-20 09:00:00,1.17533,1.17657,1.17476,1.1764999999999999,3301.0
2026-04-20 10:00:00,1.17653,1.17718,1.17537,1.17593,3964.0
2026-04-20 11:00:00,1.17593,1.17647,1.17568,1.17611,3319.0
2026-04-20 12:00:00,1.1761,1.17657,1.17553,1.17654,2791.0
2026-04-20 13:00:00,1.17656,1.17713,1.17622,1.17706,2599.0
2026-04-20 14:00:00,1.17706,1.17753,1.17653,1.1767,2446.0
2026-04-20 15:00:00,1.17671,1.17681,1.17559,1.17651,3487.0
2026-04-20 16:00:00,1.17651,1.17816,1.17611,1.17752,5040.0
2026-04-20 17:00:00,1.17752,1.17781,1.17624,1.1772,5530.0
2026-04-20 18:00:00,1.1772,1.1789399999999999,1.1768399999999999,1.17839,4849.0
2026-04-20 19:00:00,1.17841,1.17882,1.1782,1.1785700000000001,2629.0
2026-04-20 20:00:00,1.1785700000000001,1.17902,1.17815,1.17836,2188.0
2026-04-20 21:00:00,1.17839,1.17897,1.17787,1.17803,2857.0
2026-04-20 22:00:00,1.178,1.17888,1.17797,1.1786,1753.0
2026-04-20 23:00:00,1.17862,1.17888,1.17836,1.1786699999999999,1184.0
2026-04-21 00:00:00,1.17809,1.17848,1.17809,1.17848,193.0
2026-04-21 01:00:00,1.17848,1.17904,1.17848,1.17904,1032.0
2026-04-21 02:00:00,1.17904,1.17909,1.17831,1.17841,790.0
2026-04-21 03:00:00,1.17842,1.17856,1.17808,1.17829,2247.0
2026-04-21 04:00:00,1.17829,1.17862,1.1779600000000001,1.17804,1674.0
2026-04-21 05:00:00,1.17805,1.17823,1.17769,1.17793,1420.0
2026-04-21 06:00:00,1.17793,1.1779600000000001,1.17733,1.17756,1231.0
2026-04-21 07:00:00,1.17756,1.17767,1.17741,1.17755,874.0
2026-04-21 08:00:00,1.17755,1.17823,1.17752,1.17782,2090.0
2026-04-21 09:00:00,1.17783,1.17802,1.1772,1.17746,2516.0
2026-04-21 10:00:00,1.17743,1.17769,1.17635,1.17642,2847.0
2026-04-21 11:00:00,1.17642,1.17669,1.1757,1.17653,3091.0
2026-04-21 12:00:00,1.17652,1.17652,1.17565,1.17595,2328.0
2026-04-21 13:00:00,1.17595,1.17615,1.17564,1.1761,1948.0
2026-04-21 14:00:00,1.1761,1.1768399999999999,1.1756,1.17671,2907.0
2026-04-21 15:00:00,1.17671,1.17683,1.17542,1.17593,4047.0
2026-04-21 16:00:00,1.17593,1.17713,1.17578,1.17656,3634.0
2026-04-21 17:00:00,1.17656,1.17759,1.1751800000000001,1.17524,4788.0
2026-04-21 18:00:00,1.17524,1.17597,1.17411,1.17515,5143.0
2026-04-21 19:00:00,1.17515,1.17555,1.17405,1.17416,3300.0
2026-04-21 20:00:00,1.17415,1.17636,1.17203,1.17428,5427.0
2026-04-21 21:00:00,1.17429,1.17472,1.17293,1.1740599999999999,4284.0
2026-04-21 22:00:00,1.17408,1.17522,1.17193,1.17256,5846.0
2026-04-21 23:00:00,1.17255,1.17533,1.17235,1.17431,3789.0
2026-04-22 00:00:00,1.17404,1.17477,1.17303,1.17395,627.0
2026-04-22 01:00:00,1.17394,1.17439,1.17387,1.17389,1252.0
2026-04-22 02:00:00,1.17389,1.17443,1.17373,1.17441,871.0
2026-04-22 03:00:00,1.1743999999999999,1.17514,1.17432,1.17438,2255.0
2026-04-22 04:00:00,1.17438,1.1747,1.17385,1.17446,1873.0
2026-04-22 05:00:00,1.17446,1.17484,1.17398,1.1740599999999999,1241.0
2026-04-22 06:00:00,1.1740599999999999,1.17425,1.17375,1.17385,1092.0
2026-04-22 07:00:00,1.17384,1.17425,1.17383,1.17395,1050.0
2026-04-22 08:00:00,1.17395,1.17626,1.17391,1.17506,2611.0
2026-04-22 09:00:00,1.17508,1.1755,1.17448,1.175,2288.0
2026-04-22 10:00:00,1.17508,1.17564,1.17461,1.17554,2485.0
2026-04-22 11:00:00,1.17554,1.17591,1.17475,1.17538,2515.0
2026-04-22 12:00:00,1.17538,1.17574,1.17464,1.17476,2391.0
2026-04-22 13:00:00,1.17476,1.17533,1.17437,1.17516,2250.0
2026-04-22 14:00:00,1.17516,1.17516,1.1732,1.17347,2972.0
2026-04-22 15:00:00,1.1734499999999999,1.17377,1.17248,1.17277,3429.0
2026-04-22 16:00:00,1.17277,1.17433,1.17238,1.17408,4507.0
2026-04-22 17:00:00,1.17408,1.1743000000000001,1.17183,1.1718600000000001,4343.0
2026-04-22 18:00:00,1.1718600000000001,1.1724,1.17124,1.17133,4099.0
2026-04-22 19:00:00,1.17134,1.17156,1.171,1.17127,2739.0
2026-04-22 20:00:00,1.17127,1.17168,1.171,1.17104,2323.0
2026-04-22 21:00:00,1.17104,1.17129,1.17076,1.17089,1854.0
2026-04-22 22:00:00,1.17089,1.17112,1.1705,1.17057,1664.0
2026-04-22 23:00:00,1.17056,1.17076,1.1703000000000001,1.17062,1315.0
2026-04-23 00:00:00,1.17042,1.17077,1.1700599999999999,1.1707,246.0
2026-04-23 01:00:00,1.1707,1.1709,1.17052,1.17062,870.0
2026-04-23 02:00:00,1.17062,1.17072,1.17047,1.17057,531.0
2026-04-23 03:00:00,1.17057,1.17137,1.16923,1.17116,4470.0
2026-04-23 04:00:00,1.17116,1.17131,1.17078,1.17092,2445.0
2026-04-23 05:00:00,1.1709100000000001,1.17105,1.1696,1.16973,2450.0
2026-04-23 06:00:00,1.16974,1.17017,1.16949,1.16956,2227.0
2026-04-23 07:00:00,1.16956,1.17007,1.16952,1.17002,1539.0
2026-04-23 08:00:00,1.17001,1.1707,1.16996,1.1707,1734.0
2026-04-23 09:00:00,1.1707,1.17092,1.17018,1.17036,2363.0
2026-04-23 10:00:00,1.17037,1.1712,1.16954,1.17023,3365.0
2026-04-23 11:00:00,1.17028,1.17053,1.16965,1.17016,2836.0
2026-04-23 12:00:00,1.17016,1.17023,1.16904,1.16937,3234.0
2026-04-23 13:00:00,1.16936,1.16962,1.16801,1.1682299999999999,3209.0
2026-04-23 14:00:00,1.16824,1.16978,1.1679,1.16906,3242.0
2026-04-23 15:00:00,1.16906,1.16982,1.16863,1.16921,4608.0
2026-04-23 16:00:00,1.16921,1.16967,1.16824,1.16911,4330.0
2026-04-23 17:00:00,1.16911,1.17165,1.1687400000000001,1.17108,4681.0
2026-04-23 18:00:00,1.17106,1.17155,1.1700599999999999,1.17034,4011.0
2026-04-23 19:00:00,1.17034,1.17056,1.16983,1.17022,2860.0
2026-04-23 20:00:00,1.17023,1.17028,1.1669,1.16929,7351.0
2026-04-23 21:00:00,1.16933,1.16998,1.1688,1.16893,5029.0
2026-04-23 22:00:00,1.16893,1.16903,1.16804,1.16865,3220.0
2026-04-23 23:00:00,1.16866,1.16869,1.16806,1.16824,1344.0
2026-04-24 00:00:00,1.16826,1.16865,1.16758,1.16827,674.0
2026-04-24 01:00:00,1.16827,1.16867,1.16827,1.16861,655.0
2026-04-24 02:00:00,1.16861,1.16861,1.1682,1.16835,589.0
2026-04-24 03:00:00,1.16835,1.16885,1.16819,1.16854,1894.0
2026-04-24 04:00:00,1.16854,1.16887,1.16822,1.16886,1918.0
2026-04-24 05:00:00,1.16885,1.16894,1.1678,1.16791,1473.0
2026-04-24 06:00:00,1.1679,1.16801,1.16728,1.16779,1533.0
2026-04-24 07:00:00,1.16779,1.16817,1.16765,1.1679,1387.0
2026-04-24 08:00:00,1.16792,1.16832,1.16765,1.16821,1597.0
2026-04-24 09:00:00,1.16821,1.16837,1.16774,1.16785,2128.0
2026-04-24 10:00:00,1.16784,1.16939,1.16761,1.1691,1979.0
2026-04-24 11:00:00,1.16905,1.16959,1.16839,1.16897,2609.0
2026-04-24 12:00:00,1.16899,1.16909,1.16841,1.16864,2467.0
2026-04-24 13:00:00,1.16864,1.17036,1.16855,1.17032,1928.0
2026-04-24 14:00:00,1.17033,1.17185,1.17028,1.17146,4875.0
2026-04-24 15:00:00,1.17153,1.17175,1.17027,1.17088,3304.0
2026-04-24 16:00:00,1.17089,1.1712500000000001,1.16986,1.17066,3831.0
2026-04-24 17:00:00,1.17064,1.17171,1.17003,1.17063,4619.0
2026-04-24 18:00:00,1.17063,1.17197,1.17009,1.17176,4364.0
2026-04-24 19:00:00,1.17176,1.17198,1.17131,1.17192,3298.0
2026-04-24 20:00:00,1.17191,1.1721,1.17121,1.17136,2581.0
2026-04-27 00:00:00,1.16922,1.1706699999999999,1.16912,1.17049,262.0
2026-04-27 01:00:00,1.17049,1.1712500000000001,1.17047,1.1708,1176.0
2026-04-27 02:00:00,1.17079,1.17096,1.17054,1.17056,806.0
2026-04-27 03:00:00,1.17058,1.1717,1.17058,1.1716,1884.0
2026-04-27 04:00:00,1.17163,1.17269,1.17163,1.17245,2648.0
2026-04-27 05:00:00,1.17245,1.17283,1.17197,1.17266,1455.0
2026-04-27 06:00:00,1.17264,1.17326,1.17263,1.17294,1373.0
2026-04-27 07:00:00,1.17294,1.17315,1.1724999999999999,1.17266,1166.0
2026-04-27 08:00:00,1.17266,1.17279,1.17221,1.17224,1409.0
2026-04-27 09:00:00,1.17224,1.17296,1.17167,1.17296,2351.0
2026-04-27 10:00:00,1.17296,1.17451,1.17291,1.17439,2791.0
2026-04-27 11:00:00,1.17439,1.17509,1.17393,1.17485,3096.0
2026-04-27 12:00:00,1.17485,1.17509,1.1741,1.17423,2040.0
2026-04-27 13:00:00,1.17422,1.17478,1.17389,1.1746,1635.0
2026-04-27 14:00:00,1.17459,1.1747,1.17379,1.17413,2213.0
2026-04-27 15:00:00,1.17414,1.17549,1.17407,1.17444,3169.0
2026-04-27 16:00:00,1.17444,1.1754,1.17357,1.17399,3646.0
2026-04-27 17:00:00,1.17397,1.17481,1.17334,1.17361,3503.0
2026-04-27 18:00:00,1.1736,1.17368,1.17293,1.17307,2953.0
2026-04-27 19:00:00,1.17307,1.17339,1.17251,1.17259,1765.0
2026-04-27 20:00:00,1.1726,1.173,1.17201,1.17233,2256.0
2026-04-27 21:00:00,1.17233,1.17248,1.17188,1.172,1759.0
2026-04-27 22:00:00,1.172,1.17259,1.17192,1.17205,1750.0
2026-04-27 23:00:00,1.17208,1.17231,1.17195,1.172,899.0
2026-04-28 00:00:00,1.17179,1.17215,1.17173,1.1718,198.0
2026-04-28 01:00:00,1.1718,1.17232,1.17178,1.1722299999999999,982.0
2026-04-28 02:00:00,1.1722299999999999,1.17231,1.1721300000000001,1.17231,537.0
2026-04-28 03:00:00,1.1723,1.17271,1.17171,1.17188,1957.0
2026-04-28 04:00:00,1.1718600000000001,1.17188,1.17122,1.1712799999999999,1920.0
2026-04-28 05:00:00,1.17126,1.17136,1.17078,1.17085,1572.0
2026-04-28 06:00:00,1.17085,1.17179,1.17081,1.17134,1687.0
2026-04-28 07:00:00,1.17134,1.17164,1.17117,1.17126,1141.0
2026-04-28 08:00:00,1.17126,1.17133,1.17053,1.1706,1610.0
2026-04-28 09:00:00,1.1706,1.17081,1.1687,1.16876,3042.0
2026-04-28 10:00:00,1.1687400000000001,1.17008,1.16861,1.16966,3242.0
2026-04-28 11:00:00,1.16981,1.17077,1.16949,1.17022,3501.0
2026-04-28 12:00:00,1.17022,1.17022,1.16864,1.16923,2975.0
2026-04-28 13:00:00,1.16923,1.16957,1.16904,1.16933,2700.0
2026-04-28 14:00:00,1.16933,1.16993,1.16821,1.1683,3612.0
2026-04-28 15:00:00,1.16829,1.16999,1.16773,1.1697,4617.0
2026-04-28 16:00:00,1.16968,1.17037,1.16886,1.16975,4546.0
2026-04-28 17:00:00,1.16974,1.17034,1.16906,1.17009,5333.0
2026-04-28 18:00:00,1.17008,1.17157,1.17008,1.17136,4158.0
2026-04-28 19:00:00,1.17136,1.1717,1.17054,1.17105,2695.0
2026-04-28 20:00:00,1.17104,1.17177,1.17065,1.17136,2596.0
2026-04-28 21:00:00,1.17136,1.1716199999999999,1.17113,1.17118,1986.0
2026-04-28 22:00:00,1.17116,1.17153,1.17068,1.17097,1862.0
2026-04-28 23:00:00,1.17096,1.17148,1.17092,1.17126,1014.0
2026-04-29 00:00:00,1.17016,1.17142,1.17016,1.17107,182.0
2026-04-29 01:00:00,1.17116,1.1718600000000001,1.17116,1.17157,749.0
2026-04-29 02:00:00,1.17157,1.17177,1.17153,1.17177,473.0
2026-04-29 03:00:00,1.17177,1.17207,1.17145,1.17157,1510.0
2026-04-29 04:00:00,1.17158,1.17161,1.17071,1.17121,2630.0
2026-04-29 05:00:00,1.17121,1.17168,1.17071,1.17076,1846.0
2026-04-29 06:00:00,1.17076,1.17108,1.17049,1.17057,1054.0
2026-04-29 07:00:00,1.1706,1.17077,1.17044,1.17056,918.0
2026-04-29 08:00:00,1.17056,1.17058,1.1698,1.17008,1586.0
2026-04-29 09:00:00,1.17008,1.17041,1.16963,1.16998,2511.0
2026-04-29 10:00:00,1.16998,1.17082,1.16982,1.17056,2519.0
2026-04-29 11:00:00,1.17056,1.17057,1.16937,1.17002,2826.0
2026-04-29 12:00:00,1.17002,1.17045,1.1696,1.16975,2259.0
2026-04-29 13:00:00,1.16975,1.17092,1.16964,1.1709100000000001,2107.0
2026-04-29 14:00:00,1.17092,1.17096,1.17,1.17009,2169.0
2026-04-29 15:00:00,1.1701,1.17082,1.1693500000000001,1.1699,3707.0
2026-04-29 16:00:00,1.1699,1.17032,1.16824,1.16889,4716.0
2026-04-29 17:00:00,1.16888,1.1703000000000001,1.16838,1.1701,4343.0
2026-04-29 18:00:00,1.1701,1.1703999999999999,1.16875,1.16947,4775.0
2026-04-29 19:00:00,1.16948,1.16987,1.16836,1.1684700000000001,3724.0
2026-04-29 20:00:00,1.16848,1.1689,1.16799,1.1686,3298.0
2026-04-29 21:00:00,1.16849,1.16906,1.1661299999999999,1.1672,6052.0
2026-04-29 22:00:00,1.1672,1.16805,1.1667,1.1676199999999999,3789.0
2026-04-29 23:00:00,1.1676199999999999,1.16774,1.16709,1.1675,1964.0
2026-04-30 00:00:00,1.16758,1.1679,1.16647,1.16697,992.0
2026-04-30 01:00:00,1.16697,1.1678600000000001,1.16697,1.16779,1221.0
2026-04-30 02:00:00,1.16779,1.16865,1.1676,1.16845,892.0
2026-04-30 03:00:00,1.16845,1.16892,1.16792,1.16793,2564.0
2026-04-30 04:00:00,1.16793,1.16818,1.16732,1.16746,2381.0
2026-04-30 05:00:00,1.16744,1.16766,1.16625,1.16669,2825.0
2026-04-30 06:00:00,1.16669,1.1671,1.16647,1.16658,2014.0
2026-04-30 07:00:00,1.16658,1.1666,1.16551,1.16601,2327.0
2026-04-30 08:00:00,1.166,1.16646,1.16589,1.16594,2367.0
2026-04-30 09:00:00,1.16593,1.16705,1.16578,1.16703,3435.0
2026-04-30 10:00:00,1.16702,1.16839,1.16698,1.1679599999999999,3346.0
2026-04-30 11:00:00,1.1679599999999999,1.16975,1.16745,1.168,5125.0
2026-04-30 12:00:00,1.16794,1.16972,1.16732,1.16944,5130.0
2026-04-30 13:00:00,1.16944,1.17153,1.1689,1.17149,6741.0
2026-04-30 14:00:00,1.17149,1.17195,1.17031,1.17048,7241.0
2026-04-30 15:00:00,1.17048,1.17055,1.16894,1.16927,6948.0
2026-04-30 16:00:00,1.16926,1.17009,1.16818,1.16904,7232.0
2026-04-30 17:00:00,1.169,1.17332,1.16877,1.17278,7698.0
2026-04-30 18:00:00,1.17277,1.17358,1.17229,1.17285,5934.0
2026-04-30 19:00:00,1.17285,1.17355,1.17229,1.17254,3588.0
2026-04-30 20:00:00,1.17254,1.17324,1.17221,1.1724999999999999,2954.0
2026-04-30 21:00:00,1.17253,1.174,1.17252,1.17364,3275.0
2026-04-30 22:00:00,1.17363,1.17416,1.17323,1.1733500000000001,3016.0
2026-04-30 23:00:00,1.1733500000000001,1.17365,1.17295,1.17304,1998.0
2026-05-01 00:00:00,1.17297,1.1733,1.17257,1.17292,364.0
2026-05-01 01:00:00,1.17292,1.17347,1.1728,1.17314,795.0
2026-05-01 02:00:00,1.17313,1.17332,1.1728399999999999,1.17288,1227.0
2026-05-01 03:00:00,1.17291,1.17298,1.17242,1.17278,2507.0
2026-05-01 04:00:00,1.17278,1.1733,1.17252,1.17311,1553.0
2026-05-01 05:00:00,1.17311,1.17341,1.17294,1.17338,1333.0
2026-05-01 06:00:00,1.17338,1.17364,1.17306,1.17311,1418.0
2026-05-01 07:00:00,1.17312,1.17324,1.17259,1.17267,1281.0
2026-05-01 08:00:00,1.17267,1.17272,1.17218,1.17224,1499.0
2026-05-01 09:00:00,1.17224,1.1745,1.1718899999999999,1.17355,3387.0
2026-05-01 10:00:00,1.17355,1.17421,1.17315,1.1734499999999999,4286.0
2026-05-01 11:00:00,1.17348,1.1748,1.17319,1.17435,3193.0
2026-05-01 12:00:00,1.17435,1.17439,1.1730800000000001,1.17314,2390.0
2026-05-01 13:00:00,1.17314,1.17458,1.17309,1.17447,2322.0
2026-05-01 14:00:00,1.17447,1.17582,1.1743999999999999,1.17514,2623.0
2026-05-01 15:00:00,1.17517,1.17689,1.17483,1.17575,3816.0
2026-05-01 16:00:00,1.17573,1.17636,1.1743999999999999,1.17621,4578.0
2026-05-01 17:00:00,1.17619,1.17852,1.17595,1.1767400000000001,5742.0
2026-05-01 18:00:00,1.1767400000000001,1.17708,1.17533,1.17551,4398.0
2026-05-01 19:00:00,1.17551,1.17572,1.17377,1.17382,3536.0
2026-05-01 20:00:00,1.17382,1.17404,1.17293,1.17331,2987.0
2026-05-04 00:00:00,1.17445,1.17486,1.17321,1.1736900000000001,666.0
2026-05-04 01:00:00,1.1736900000000001,1.17422,1.17268,1.17333,1807.0
2026-05-04 02:00:00,1.17333,1.17334,1.17251,1.17259,1201.0
2026-05-04 03:00:00,1.17259,1.17288,1.17215,1.17271,3003.0
2026-05-04 04:00:00,1.17268,1.17293,1.17201,1.17251,2724.0
2026-05-04 05:00:00,1.17251,1.17287,1.17225,1.17276,2215.0
2026-05-04 06:00:00,1.17271,1.17389,1.17246,1.17375,2993.0
2026-05-04 07:00:00,1.17375,1.17383,1.17276,1.17292,1686.0
2026-05-04 08:00:00,1.17291,1.17321,1.17258,1.17306,2188.0
2026-05-04 09:00:00,1.17305,1.17373,1.17214,1.17286,2921.0
2026-05-04 10:00:00,1.17287,1.1729,1.1715200000000001,1.17179,2872.0
2026-05-04 11:00:00,1.17179,1.17229,1.17113,1.17192,2704.0
2026-05-04 12:00:00,1.17191,1.17237,1.17159,1.17173,2494.0
2026-05-04 13:00:00,1.17172,1.17173,1.16887,1.1705,6579.0
2026-05-04 14:00:00,1.17051,1.17085,1.16928,1.16931,3819.0
2026-05-04 15:00:00,1.16931,1.17123,1.16921,1.1709100000000001,3848.0
2026-05-04 16:00:00,1.17093,1.17178,1.17021,1.1715,4317.0
2026-05-04 17:00:00,1.1715,1.17163,1.17043,1.17072,4232.0
2026-05-04 18:00:00,1.17072,1.17157,1.1694,1.16975,6004.0
2026-05-04 19:00:00,1.16974,1.17009,1.1681,1.1682299999999999,5300.0
2026-05-04 20:00:00,1.16824,1.16973,1.16818,1.1693500000000001,3245.0
2026-05-04 21:00:00,1.16932,1.16978,1.16887,1.16973,2855.0
2026-05-04 22:00:00,1.16972,1.17021,1.1693500000000001,1.1695,3026.0
2026-05-04 23:00:00,1.16949,1.16949,1.16871,1.16915,1326.0
2026-05-05 00:00:00,1.16876,1.16909,1.16864,1.16895,165.0
2026-05-05 01:00:00,1.16893,1.1691799999999999,1.16891,1.16902,642.0
2026-05-05 02:00:00,1.16902,1.16928,1.16898,1.16917,407.0
2026-05-05 03:00:00,1.16917,1.16938,1.16851,1.16863,1386.0
2026-05-05 04:00:00,1.16863,1.16883,1.16798,1.16868,1843.0
2026-05-05 05:00:00,1.16868,1.16915,1.16863,1.16875,1356.0
2026-05-05 06:00:00,1.16872,1.16881,1.16835,1.16839,852.0
2026-05-05 07:00:00,1.16839,1.1687400000000001,1.16769,1.16777,1390.0
2026-05-05 08:00:00,1.16778,1.16845,1.16765,1.16832,2028.0
2026-05-05 09:00:00,1.16831,1.16895,1.16794,1.1686,2808.0
2026-05-05 10:00:00,1.16859,1.16965,1.16858,1.16889,3404.0
2026-05-05 11:00:00,1.16889,1.16965,1.1685,1.16887,3093.0
2026-05-05 12:00:00,1.16888,1.16929,1.16811,1.16903,3210.0
2026-05-05 13:00:00,1.16902,1.16975,1.1687,1.16895,2409.0
2026-05-05 14:00:00,1.16894,1.16946,1.16833,1.16892,3126.0
2026-05-05 15:00:00,1.16889,1.16977,1.16852,1.16925,4108.0
2026-05-05 16:00:00,1.16924,1.17047,1.16921,1.16977,3728.0
2026-05-05 17:00:00,1.16976,1.17059,1.16914,1.17056,5446.0
2026-05-05 18:00:00,1.17058,1.17135,1.17011,1.1706699999999999,3326.0
2026-05-05 19:00:00,1.1706699999999999,1.17088,1.1698,1.16993,2273.0
2026-05-05 20:00:00,1.16994,1.1703999999999999,1.16962,1.16987,2478.0
2026-05-05 21:00:00,1.16987,1.1701,1.1697,1.16998,1723.0
2026-05-05 22:00:00,1.16998,1.17012,1.16942,1.16953,1551.0
2026-05-05 23:00:00,1.16952,1.1696900000000001,1.1692,1.16925,1037.0
2026-05-06 00:00:00,1.16916,1.16932,1.16845,1.16916,153.0
2026-05-06 01:00:00,1.16927,1.17094,1.1691799999999999,1.17057,1262.0
2026-05-06 02:00:00,1.17057,1.17255,1.17053,1.17148,1998.0
2026-05-06 03:00:00,1.17148,1.17216,1.17112,1.17203,2894.0
2026-05-06 04:00:00,1.17202,1.1726,1.17176,1.1721300000000001,2549.0
2026-05-06 05:00:00,1.17212,1.17249,1.17156,1.17174,1639.0
2026-05-06 06:00:00,1.17174,1.17229,1.17164,1.17178,1532.0
2026-05-06 07:00:00,1.17177,1.17429,1.17163,1.1737,4199.0
2026-05-06 08:00:00,1.1736900000000001,1.17382,1.173,1.1733,2953.0
2026-05-06 09:00:00,1.1733,1.17356,1.17283,1.17333,3122.0
2026-05-06 10:00:00,1.17333,1.17382,1.17243,1.17376,3596.0
2026-05-06 11:00:00,1.17375,1.17707,1.1733,1.17629,4502.0
2026-05-06 12:00:00,1.17625,1.1777199999999999,1.1756199999999999,1.17755,4106.0
2026-05-06 13:00:00,1.17753,1.17968,1.17667,1.1789100000000001,4596.0
2026-05-06 14:00:00,1.1789100000000001,1.17917,1.17682,1.1770100000000001,4922.0
2026-05-06 15:00:00,1.1770100000000001,1.1770100000000001,1.1751800000000001,1.17536,5916.0
2026-05-06 16:00:00,1.17535,1.17592,1.17464,1.17517,5831.0
2026-05-06 17:00:00,1.17516,1.17629,1.1745,1.1755200000000001,5114.0
2026-05-06 18:00:00,1.1755,1.17582,1.17487,1.1752799999999999,3313.0
2026-05-06 19:00:00,1.17527,1.17535,1.17418,1.17443,2545.0
2026-05-06 20:00:00,1.17442,1.17556,1.17427,1.17482,2630.0
2026-05-06 21:00:00,1.17482,1.17517,1.17447,1.17494,2292.0
2026-05-06 22:00:00,1.17493,1.17556,1.17476,1.17477,2370.0
2026-05-06 23:00:00,1.17476,1.17505,1.17446,1.1748,1080.0
2026-05-07 00:00:00,1.17454,1.17497,1.17431,1.17482,237.0
2026-05-07 01:00:00,1.17482,1.17515,1.17481,1.17505,611.0
2026-05-07 02:00:00,1.17505,1.17519,1.17464,1.1748,607.0
2026-05-07 03:00:00,1.1748,1.17542,1.17468,1.17485,2952.0
2026-05-07 04:00:00,1.17486,1.17634,1.17464,1.17591,2820.0
2026-05-07 05:00:00,1.1759,1.17609,1.17547,1.17564,1777.0
2026-05-07 06:00:00,1.17564,1.17566,1.17486,1.17488,1818.0
2026-05-07 07:00:00,1.17488,1.17536,1.17478,1.1751,1401.0
2026-05-07 08:00:00,1.1751,1.17537,1.17499,1.1751800000000001,1609.0
2026-05-07 09:00:00,1.17519,1.17567,1.17449,1.17481,3360.0
2026-05-07 10:00:00,1.17481,1.17686,1.17479,1.17669,5124.0
2026-05-07 11:00:00,1.1767,1.17742,1.1763,1.17717,3202.0
2026-05-07 12:00:00,1.17718,1.17783,1.17658,1.17704,3273.0
2026-05-07 13:00:00,1.17702,1.1776,1.1764999999999999,1.17671,3270.0
2026-05-07 14:00:00,1.17671,1.17703,1.17622,1.177,2639.0
2026-05-07 15:00:00,1.17705,1.1778,1.17673,1.17728,3136.0
2026-05-07 16:00:00,1.17728,1.1777,1.17666,1.1768399999999999,4876.0
2026-05-07 17:00:00,1.17685,1.17773,1.1764000000000001,1.17759,4638.0
2026-05-07 18:00:00,1.17759,1.17779,1.1763,1.17637,4216.0
2026-05-07 19:00:00,1.17637,1.1766,1.17564,1.17605,3695.0
2026-05-07 20:00:00,1.17604,1.17609,1.17357,1.1749100000000001,4284.0
2026-05-07 21:00:00,1.1749,1.1752,1.17401,1.1750099999999999,4112.0
2026-05-07 22:00:00,1.17502,1.17542,1.17334,1.17338,4397.0
2026-05-07 23:00:00,1.17336,1.17447,1.1722,1.17229,2701.0
2026-05-08 00:00:00,1.17201,1.17276,1.17201,1.1724999999999999,384.0
2026-05-08 01:00:00,1.17237,1.17316,1.17225,1.17253,1641.0
2026-05-08 02:00:00,1.17253,1.17316,1.17246,1.17307,887.0
2026-05-08 03:00:00,1.17309,1.17348,1.17265,1.17269,2897.0
2026-05-08 04:00:00,1.1727,1.17337,1.1727,1.17325,2287.0
2026-05-08 05:00:00,1.17325,1.17328,1.17246,1.17275,2253.0
2026-05-08 06:00:00,1.17275,1.17338,1.17269,1.17285,1575.0
2026-05-08 07:00:00,1.17285,1.17359,1.1727,1.17353,1449.0
2026-05-08 08:00:00,1.17352,1.17388,1.1733,1.17371,1990.0
2026-05-08 09:00:00,1.17372,1.17482,1.1737,1.17444,2686.0
2026-05-08 10:00:00,1.17444,1.1748,1.17418,1.17431,2831.0
2026-05-08 11:00:00,1.17431,1.17657,1.1742,1.17639,3540.0
2026-05-08 12:00:00,1.17638,1.1773500000000001,1.17633,1.17691,2556.0
2026-05-08 13:00:00,1.1769,1.17725,1.17614,1.1764000000000001,2256.0
2026-05-08 14:00:00,1.1764000000000001,1.17688,1.1762,1.17653,2273.0
2026-05-08 15:00:00,1.17654,1.17787,1.17563,1.17741,4751.0
2026-05-08 16:00:00,1.17739,1.1787,1.17665,1.1779,4697.0
2026-05-08 17:00:00,1.17789,1.1779600000000001,1.17672,1.17744,4794.0
2026-05-08 18:00:00,1.1774499999999999,1.17785,1.17669,1.17728,4001.0
2026-05-08 19:00:00,1.17728,1.17785,1.17708,1.17713,2173.0
2026-05-08 20:00:00,1.1771099999999999,1.17763,1.17706,1.17722,2087.0
2026-05-11 00:00:00,1.17472,1.1767,1.17445,1.17566,458.0
2026-05-11 01:00:00,1.17566,1.17646,1.17566,1.17639,1615.0
2026-05-11 02:00:00,1.17639,1.177,1.17638,1.17672,937.0
2026-05-11 03:00:00,1.17672,1.17721,1.17656,1.177,2239.0
2026-05-11 04:00:00,1.17699,1.17712,1.17618,1.17629,2298.0
2026-05-11 05:00:00,1.1763,1.17664,1.1758899999999999,1.17593,1547.0
2026-05-11 06:00:00,1.17593,1.17594,1.1756199999999999,1.17567,1317.0
2026-05-11 07:00:00,1.17566,1.17574,1.17502,1.17506,954.0
2026-05-11 08:00:00,1.17506,1.17547,1.17488,1.175,1315.0
2026-05-11 09:00:00,1.175,1.1768,1.175,1.17675,2217.0
2026-05-11 10:00:00,1.1768399999999999,1.17746,1.17648,1.1772,2353.0
2026-05-11 11:00:00,1.1772,1.17822,1.17713,1.17714,2352.0
2026-05-11 12:00:00,1.17714,1.1774499999999999,1.17673,1.17675,2125.0
2026-05-11 13:00:00,1.1767400000000001,1.17741,1.17647,1.1769,2160.0
2026-05-11 14:00:00,1.17692,1.17746,1.17635,1.17683,2729.0
2026-05-11 15:00:00,1.17686,1.1774499999999999,1.17643,1.1774499999999999,3338.0
2026-05-11 16:00:00,1.17744,1.17878,1.17743,1.17854,3843.0
2026-05-11 17:00:00,1.17854,1.17878,1.1779,1.17795,4666.0
2026-05-11 18:00:00,1.17792,1.17854,1.17767,1.17799,3847.0
2026-05-11 19:00:00,1.17799,1.17805,1.17723,1.17733,2464.0
2026-05-11 20:00:00,1.17733,1.17787,1.17709,1.1778,1778.0
2026-05-11 21:00:00,1.1778,1.17804,1.1774499999999999,1.1775,1492.0
2026-05-11 22:00:00,1.17747,1.1778,1.17744,1.17774,1599.0
2026-05-11 23:00:00,1.17774,1.1783,1.17739,1.17819,963.0
2026-05-12 00:00:00,1.17793,1.17837,1.17759,1.17837,278.0
2026-05-12 01:00:00,1.17847,1.17879,1.17845,1.17853,563.0
2026-05-12 02:00:00,1.17853,1.17855,1.17773,1.17785,661.0
2026-05-12 03:00:00,1.17785,1.17786,1.17662,1.1767,1812.0
2026-05-12 04:00:00,1.17671,1.1769,1.17575,1.17615,3455.0
2026-05-12 05:00:00,1.17615,1.17646,1.17594,1.17625,1659.0
2026-05-12 06:00:00,1.17626,1.17632,1.17546,1.17564,1130.0
2026-05-12 07:00:00,1.17564,1.17598,1.17554,1.17571,1380.0
2026-05-12 08:00:00,1.17571,1.1768,1.17523,1.1762299999999999,2083.0
2026-05-12 09:00:00,1.17624,1.17653,1.17498,1.17503,3339.0
2026-05-12 10:00:00,1.17503,1.17532,1.17434,1.17478,3874.0
2026-05-12 11:00:00,1.17481,1.17505,1.17394,1.17447,3490.0
2026-05-12 12:00:00,1.17446,1.17516,1.17433,1.17475,3093.0
2026-05-12 13:00:00,1.17474,1.1749,1.17405,1.17408,2367.0
2026-05-12 14:00:00,1.17408,1.17483,1.17349,1.17438,3014.0
2026-05-12 15:00:00,1.17439,1.17499,1.17359,1.17478,4281.0
2026-05-12 16:00:00,1.17476,1.175,1.1727,1.173,5174.0
2026-05-12 17:00:00,1.17302,1.17361,1.17279,1.1736,5396.0
2026-05-12 18:00:00,1.17359,1.17366,1.17217,1.17327,4314.0
2026-05-12 19:00:00,1.17327,1.17386,1.17278,1.17283,3040.0
2026-05-12 20:00:00,1.1728399999999999,1.17337,1.17273,1.17334,2703.0
2026-05-12 21:00:00,1.17334,1.17411,1.17288,1.17405,2703.0
2026-05-12 22:00:00,1.17404,1.17468,1.17398,1.17402,1957.0
2026-05-12 23:00:00,1.17403,1.1741,1.17374,1.17401,984.0
2026-05-13 00:00:00,1.17354,1.17398,1.17315,1.17367,336.0
2026-05-13 01:00:00,1.17364,1.17402,1.17364,1.17394,653.0
2026-05-13 02:00:00,1.17394,1.17413,1.17346,1.17351,684.0
2026-05-13 03:00:00,1.1735,1.17386,1.17328,1.17381,2065.0
2026-05-13 04:00:00,1.17381,1.17418,1.17319,1.17389,2118.0
2026-05-13 05:00:00,1.17389,1.17417,1.17362,1.17371,1293.0
2026-05-13 06:00:00,1.17371,1.17378,1.17326,1.17344,1436.0
2026-05-13 07:00:00,1.17344,1.17353,1.17322,1.17346,904.0
2026-05-13 08:00:00,1.17346,1.1737,1.17325,1.17342,1254.0
2026-05-13 09:00:00,1.17342,1.17343,1.1718,1.172,2399.0
2026-05-13 10:00:00,1.172,1.17232,1.1707,1.17071,2874.0
2026-05-13 11:00:00,1.1707,1.17116,1.17003,1.17017,2880.0
2026-05-13 12:00:00,1.17017,1.17068,1.16955,1.17062,2894.0
2026-05-13 13:00:00,1.17061,1.17145,1.1702,1.17127,2988.0
2026-05-13 14:00:00,1.17127,1.17173,1.17113,1.17122,2272.0
2026-05-13 15:00:00,1.17121,1.1716,1.16959,1.17018,3814.0
2026-05-13 16:00:00,1.17019,1.17123,1.1701,1.1710099999999999,4171.0
2026-05-13 17:00:00,1.1710099999999999,1.17126,1.1703000000000001,1.17077,4152.0
2026-05-13 18:00:00,1.17077,1.1716199999999999,1.17074,1.1711,3344.0
2026-05-13 19:00:00,1.17111,1.17179,1.17079,1.17086,2868.0
2026-05-13 20:00:00,1.17086,1.17108,1.17041,1.17043,1745.0
2026-05-13 21:00:00,1.17043,1.17106,1.1703999999999999,1.17078,1983.0
2026-05-13 22:00:00,1.17077,1.17131,1.17076,1.17096,1707.0
2026-05-13 23:00:00,1.17096,1.17135,1.17089,1.17134,1034.0
2026-05-14 00:00:00,1.17057,1.17157,1.17026,1.1712799999999999,190.0
2026-05-14 01:00:00,1.1713,1.17188,1.17129,1.17176,602.0
2026-05-14 02:00:00,1.17177,1.17183,1.17153,1.17159,647.0
2026-05-14 03:00:00,1.17159,1.1718600000000001,1.17141,1.1717,2167.0
2026-05-14 04:00:00,1.1717,1.17176,1.17126,1.17139,2080.0
2026-05-14 05:00:00,1.17138,1.17153,1.17116,1.17123,1550.0
2026-05-14 06:00:00,1.17123,1.1715200000000001,1.17097,1.17123,1707.0
2026-05-14 07:00:00,1.17123,1.17173,1.17116,1.17143,1423.0
2026-05-14 08:00:00,1.17146,1.1716,1.1710099999999999,1.17103,1955.0
2026-05-14 09:00:00,1.17102,1.17215,1.17068,1.17184,2834.0
2026-05-14 10:00:00,1.17182,1.17185,1.1706,1.17075,2821.0
2026-05-14 11:00:00,1.17068,1.17138,1.17048,1.17111,2634.0
2026-05-14 12:00:00,1.17111,1.17131,1.17057,1.17075,2575.0
2026-05-14 13:00:00,1.17074,1.1712799999999999,1.17049,1.17087,2734.0
2026-05-14 14:00:00,1.17087,1.17089,1.16995,1.16997,2335.0
2026-05-14 15:00:00,1.16997,1.17055,1.16962,1.16972,3012.0
2026-05-14 16:00:00,1.16971,1.16995,1.16855,1.16898,4509.0
2026-05-14 17:00:00,1.16892,1.17,1.16785,1.16787,4782.0
2026-05-14 18:00:00,1.16782,1.1681,1.16716,1.16773,3752.0
2026-05-14 19:00:00,1.16775,1.16815,1.16708,1.16764,3406.0
2026-05-14 20:00:00,1.16764,1.16807,1.16758,1.16778,2925.0
2026-05-14 21:00:00,1.16779,1.16785,1.16738,1.16774,2002.0
2026-05-14 22:00:00,1.16775,1.1679,1.16686,1.16708,1770.0
2026-05-14 23:00:00,1.16708,1.16722,1.16657,1.1669,1122.0
2026-05-15 00:00:00,1.16672,1.1672,1.16651,1.16686,309.0
2026-05-15 01:00:00,1.16686,1.16712,1.16686,1.16697,643.0
2026-05-15 02:00:00,1.16697,1.16697,1.1661299999999999,1.16619,1030.0
2026-05-15 03:00:00,1.16619,1.16634,1.16522,1.16554,2465.0
2026-05-15 04:00:00,1.16554,1.16565,1.16459,1.16469,3283.0
2026-05-15 05:00:00,1.16469,1.16576,1.1645699999999999,1.16535,1909.0
2026-05-15 06:00:00,1.16535,1.16551,1.165,1.1652,1818.0
2026-05-15 07:00:00,1.1652,1.16527,1.16465,1.16473,1433.0
2026-05-15 08:00:00,1.16474,1.1648,1.16326,1.16327,2962.0
2026-05-15 09:00:00,1.16327,1.16435,1.16324,1.1635,4273.0
2026-05-15 10:00:00,1.16348,1.16489,1.16318,1.16363,3896.0
2026-05-15 11:00:00,1.16372,1.16384,1.16304,1.16329,3184.0
2026-05-15 12:00:00,1.16331,1.16336,1.16172,1.16279,4229.0
2026-05-15 13:00:00,1.16283,1.16554,1.16272,1.16492,4606.0
2026-05-15 14:00:00,1.16492,1.16501,1.16293,1.16317,3696.0
2026-05-15 15:00:00,1.16316,1.16321,1.16189,1.16263,3788.0
2026-05-15 16:00:00,1.1626400000000001,1.16322,1.16191,1.16234,4865.0
2026-05-15 17:00:00,1.16235,1.16378,1.16215,1.16295,5058.0
2026-05-15 18:00:00,1.16295,1.16311,1.16206,1.1626400000000001,4192.0
2026-05-15 19:00:00,1.16265,1.16313,1.1623,1.1630099999999999,2772.0
2026-05-15 20:00:00,1.16299,1.16356,1.16267,1.16268,2624.0
2026-05-18 00:00:00,1.16164,1.1621299999999999,1.1612,1.16193,214.0
2026-05-18 01:00:00,1.16193,1.16246,1.16187,1.1623,1283.0
2026-05-18 02:00:00,1.1623,1.16236,1.16119,1.16136,1639.0
2026-05-18 03:00:00,1.16136,1.1621,1.16083,1.16117,3797.0
2026-05-18 04:00:00,1.16116,1.16189,1.16084,1.16174,3611.0
2026-05-18 05:00:00,1.16175,1.16197,1.16132,1.16156,2101.0
2026-05-18 06:00:00,1.16156,1.16227,1.16154,1.16219,1703.0
2026-05-18 07:00:00,1.16219,1.16262,1.16191,1.16207,1575.0
2026-05-18 08:00:00,1.16208,1.16233,1.16166,1.16232,2387.0
2026-05-18 09:00:00,1.16232,1.16366,1.1622,1.16357,2908.0
2026-05-18 10:00:00,1.16357,1.16402,1.16314,1.1632,3139.0
2026-05-18 11:00:00,1.1632,1.16451,1.1629,1.16416,3195.0
2026-05-18 12:00:00,1.16416,1.16427,1.1635,1.16351,2380.0
2026-05-18 13:00:00,1.1635,1.16368,1.16263,1.16269,2257.0
2026-05-18 14:00:00,1.16269,1.16496,1.16266,1.16417,4007.0
2026-05-18 15:00:00,1.16418,1.16573,1.1641,1.16513,4819.0
2026-05-18 16:00:00,1.16513,1.1656,1.16439,1.1651,5224.0
2026-05-18 17:00:00,1.1651,1.16533,1.16414,1.16419,4708.0
2026-05-18 18:00:00,1.1642000000000001,1.1653,1.16334,1.1648399999999999,4649.0
2026-05-18 19:00:00,1.1648399999999999,1.16562,1.16439,1.16515,3732.0
2026-05-18 20:00:00,1.16512,1.16535,1.1648,1.1648100000000001,2524.0
2026-05-18 21:00:00,1.16483,1.16489,1.16286,1.16292,2944.0
2026-05-18 22:00:00,1.16293,1.1656,1.16291,1.1651,4497.0
2026-05-18 23:00:00,1.16511,1.16607,1.16511,1.16561,1309.0
2026-05-19 00:00:00,1.1655,1.16598,1.16493,1.16588,375.0
2026-05-19 01:00:00,1.16594,1.16621,1.16577,1.16578,626.0
2026-05-19 02:00:00,1.16578,1.16585,1.16545,1.16548,991.0
2026-05-19 03:00:00,1.16548,1.16559,1.16438,1.16444,2789.0
2026-05-19 04:00:00,1.16445,1.16528,1.1643,1.16464,2838.0
2026-05-19 05:00:00,1.16464,1.16471,1.16409,1.16432,2438.0
2026-05-19 06:00:00,1.16432,1.1645699999999999,1.16407,1.16411,2064.0
2026-05-19 07:00:00,1.16414,1.16431,1.16352,1.16365,1641.0
2026-05-19 08:00:00,1.16365,1.16432,1.16336,1.16421,2153.0
2026-05-19 09:00:00,1.16419,1.16458,1.1635900000000001,1.16366,3055.0
2026-05-19 10:00:00,1.1636199999999999,1.16375,1.163,1.16349,3550.0
2026-05-19 11:00:00,1.1635,1.16361,1.16221,1.16233,3603.0
2026-05-19 12:00:00,1.16234,1.16234,1.16149,1.16194,3362.0
2026-05-19 13:00:00,1.16194,1.16266,1.16111,1.1622,3427.0
2026-05-19 14:00:00,1.16221,1.16226,1.16164,1.16167,3311.0
2026-05-19 15:00:00,1.16161,1.16239,1.1615199999999999,1.16172,3932.0
2026-05-19 16:00:00,1.16167,1.1618,1.16016,1.16138,5713.0
2026-05-19 17:00:00,1.16136,1.16166,1.15949,1.15956,6406.0
2026-05-19 18:00:00,1.15956,1.1602999999999999,1.15922,1.16019,4629.0
2026-05-19 19:00:00,1.16019,1.16094,1.15958,1.1607,3888.0
2026-05-19 20:00:00,1.1607,1.16122,1.16067,1.16106,2380.0
2026-05-19 21:00:00,1.16107,1.16147,1.16027,1.16033,2478.0
2026-05-19 22:00:00,1.1602999999999999,1.1608,1.16027,1.16063,2346.0
2026-05-19 23:00:00,1.16064,1.16068,1.16033,1.16061,890.0
2026-05-20 00:00:00,1.16039,1.16076,1.15915,1.16061,278.0
2026-05-20 01:00:00,1.16061,1.16089,1.16058,1.16088,717.0
2026-05-20 02:00:00,1.16088,1.16129,1.16063,1.16068,996.0
2026-05-20 03:00:00,1.16066,1.16106,1.16009,1.16014,3096.0
2026-05-20 04:00:00,1.16013,1.16027,1.15936,1.15972,3521.0
2026-05-20 05:00:00,1.15972,1.1602999999999999,1.15945,1.15977,3036.0
2026-05-20 06:00:00,1.15978,1.16055,1.15954,1.16022,2248.0
2026-05-20 07:00:00,1.16022,1.16067,1.1597,1.15973,1853.0
2026-05-20 08:00:00,1.15973,1.16014,1.15917,1.15955,2667.0
2026-05-20 09:00:00,1.15956,1.16059,1.15932,1.15966,3196.0
2026-05-20 10:00:00,1.15965,1.16014,1.1592,1.15932,3345.0
2026-05-20 11:00:00,1.15931,1.15951,1.15836,1.15903,3548.0
2026-05-20 12:00:00,1.15899,1.15945,1.1588,1.15881,2089.0
2026-05-20 13:00:00,1.15881,1.16029,1.1587399999999999,1.1601,2291.0
2026-05-20 14:00:00,1.1601,1.16056,1.15962,1.16009,2715.0
2026-05-20 15:00:00,1.16009,1.16043,1.15938,1.15953,3430.0
2026-05-20 16:00:00,1.15953,1.1597,1.15891,1.1591,4113.0
2026-05-20 17:00:00,1.15911,1.1623999999999999,1.15827,1.16181,7522.0
2026-05-20 18:00:00,1.16182,1.16451,1.16129,1.16192,6771.0
2026-05-20 19:00:00,1.16191,1.16308,1.16186,1.16254,4496.0
2026-05-20 20:00:00,1.16255,1.16271,1.16183,1.16184,3785.0
2026-05-20 21:00:00,1.16193,1.16357,1.1616,1.1631,3096.0
2026-05-20 22:00:00,1.16309,1.16354,1.16275,1.16279,2533.0
2026-05-20 23:00:00,1.16279,1.16284,1.1623,1.1625,1476.0
2026-05-21 00:00:00,1.16211,1.16243,1.16132,1.16217,254.0
2026-05-21 01:00:00,1.16217,1.1628,1.16217,1.16263,919.0
2026-05-21 02:00:00,1.16263,1.16276,1.1623,1.16248,852.0
2026-05-21 03:00:00,1.16248,1.1629,1.16221,1.16285,2197.0
2026-05-21 04:00:00,1.16285,1.16354,1.16228,1.16261,2721.0
2026-05-21 05:00:00,1.16261,1.16285,1.16158,1.16177,2352.0
2026-05-21 06:00:00,1.16176,1.16226,1.16175,1.1619,1816.0
2026-05-21 07:00:00,1.16189,1.16236,1.16183,1.16222,1109.0
2026-05-21 08:00:00,1.16222,1.16235,1.1618,1.16218,1898.0
2026-05-21 09:00:00,1.16218,1.16266,1.16157,1.16202,3099.0
2026-05-21 10:00:00,1.1620300000000001,1.1621,1.15941,1.16076,4678.0
2026-05-21 11:00:00,1.16076,1.16353,1.16063,1.16236,4675.0
2026-05-21 12:00:00,1.16234,1.1633499999999999,1.16207,1.16273,3223.0
2026-05-21 13:00:00,1.1627399999999999,1.16303,1.15998,1.16074,4900.0
2026-05-21 14:00:00,1.16074,1.1616,1.15958,1.15989,3801.0
2026-05-21 15:00:00,1.15991,1.1609,1.1593,1.15972,4068.0
2026-05-21 16:00:00,1.15972,1.1601,1.15759,1.15946,5137.0
2026-05-21 17:00:00,1.15947,1.15965,1.15842,1.15928,5414.0
2026-05-21 18:00:00,1.15929,1.15938,1.15821,1.15884,4885.0
2026-05-21 19:00:00,1.15884,1.15963,1.15846,1.15954,3089.0
2026-05-21 20:00:00,1.15954,1.163,1.15928,1.16248,6213.0
2026-05-21 21:00:00,1.16239,1.1630099999999999,1.16072,1.16114,4655.0
2026-05-21 22:00:00,1.16114,1.16243,1.16097,1.16212,3437.0
2026-05-21 23:00:00,1.16217,1.16229,1.16157,1.16171,1343.0
2026-05-22 00:00:00,1.16167,1.16196,1.16088,1.16167,211.0
2026-05-22 01:00:00,1.16163,1.16195,1.1615199999999999,1.16175,667.0
2026-05-22 02:00:00,1.16175,1.1619,1.1616,1.16178,594.0
2026-05-22 03:00:00,1.16178,1.1618,1.16124,1.16144,1791.0
2026-05-22 04:00:00,1.1614,1.16158,1.16098,1.16099,1855.0
2026-05-22 05:00:00,1.16099,1.16144,1.16097,1.1611799999999999,1372.0
2026-05-22 06:00:00,1.1611799999999999,1.1613,1.16087,1.1612,1224.0
2026-05-22 07:00:00,1.1612,1.16155,1.16113,1.16153,603.0
2026-05-22 08:00:00,1.1615,1.1616900000000001,1.16072,1.1609099999999999,1196.0
2026-05-22 09:00:00,1.1609099999999999,1.16144,1.16052,1.16099,2723.0
2026-05-22 10:00:00,1.16099,1.16099,1.16014,1.16085,2815.0
2026-05-22 11:00:00,1.16084,1.16158,1.16032,1.16078,3496.0
2026-05-22 12:00:00,1.16077,1.1608100000000001,1.1596,1.16042,2734.0
2026-05-22 13:00:00,1.16043,1.16079,1.15952,1.15974,2314.0
2026-05-22 14:00:00,1.15974,1.16022,1.15934,1.15965,2595.0
2026-05-22 15:00:00,1.15965,1.1607,1.15943,1.16045,3878.0
2026-05-22 16:00:00,1.16044,1.16184,1.15995,1.16039,4732.0
2026-05-22 17:00:00,1.16039,1.16039,1.15881,1.15978,4648.0
2026-05-22 18:00:00,1.15978,1.16054,1.15957,1.16028,3679.0
2026-05-22 19:00:00,1.16028,1.16112,1.15995,1.16111,2826.0
2026-05-22 20:00:00,1.16112,1.16191,1.16087,1.16134,3346.0
2026-05-25 00:00:00,1.1638,1.1638,1.16272,1.163,702.0
2026-05-25 01:00:00,1.163,1.1645,1.163,1.16432,2003.0
2026-05-25 02:00:00,1.16432,1.16461,1.16414,1.16418,1498.0
2026-05-25 03:00:00,1.16418,1.16489,1.16352,1.16367,2359.0
2026-05-25 04:00:00,1.16367,1.1647,1.16355,1.1639,2745.0
2026-05-25 05:00:00,1.16391,1.16426,1.16367,1.16377,1528.0
2026-05-25 06:00:00,1.16377,1.16397,1.1636,1.16372,1475.0
2026-05-25 07:00:00,1.16373,1.16438,1.16356,1.1642000000000001,1131.0
2026-05-25 08:00:00,1.1642000000000001,1.16453,1.1638,1.16392,1592.0
2026-05-25 09:00:00,1.16391,1.1644700000000001,1.16375,1.16409,2123.0
2026-05-25 10:00:00,1.16408,1.1642000000000001,1.16296,1.16375,3219.0
2026-05-25 11:00:00,1.16374,1.16443,1.1633,1.16437,2222.0
2026-05-25 12:00:00,1.16437,1.16453,1.16402,1.16415,1649.0
2026-05-25 13:00:00,1.16415,1.16444,1.16412,1.16429,1283.0
2026-05-25 14:00:00,1.16429,1.16507,1.16402,1.16439,1957.0
2026-05-25 15:00:00,1.1644,1.16528,1.16427,1.16483,2254.0
2026-05-25 16:00:00,1.16483,1.16497,1.16388,1.16388,2049.0
2026-05-25 17:00:00,1.16388,1.16464,1.16384,1.1642000000000001,1993.0
2026-05-25 18:00:00,1.16419,1.16482,1.1639599999999999,1.16422,2320.0
2026-05-25 19:00:00,1.16422,1.16427,1.16367,1.16412,1589.0
2026-05-25 20:00:00,1.16412,1.16441,1.16403,1.16434,896.0
2026-05-25 21:00:00,1.16434,1.16439,1.16416,1.16434,685.0
2026-05-25 22:00:00,1.16434,1.16438,1.16418,1.16421,619.0
2026-05-25 23:00:00,1.16422,1.16435,1.16411,1.1643,655.0
2026-05-26 00:00:00,1.16408,1.16418,1.1633,1.16377,337.0
2026-05-26 01:00:00,1.16397,1.16429,1.16384,1.16408,1278.0
2026-05-26 02:00:00,1.16408,1.16432,1.16357,1.1635900000000001,917.0
2026-05-26 03:00:00,1.1636,1.16399,1.16339,1.16387,2286.0
2026-05-26 04:00:00,1.16387,1.16399,1.16303,1.16339,2103.0
2026-05-26 05:00:00,1.16338,1.16353,1.16312,1.16339,1689.0
2026-05-26 06:00:00,1.16339,1.16373,1.16336,1.1636,976.0
2026-05-26 07:00:00,1.1636,1.16361,1.16293,1.16297,1001.0
2026-05-26 08:00:00,1.16296,1.16307,1.16273,1.1628,1232.0
2026-05-26 09:00:00,1.16279,1.16375,1.16271,1.16351,2201.0
2026-05-26 10:00:00,1.16351,1.16403,1.16239,1.1637,2865.0
2026-05-26 11:00:00,1.1637,1.16421,1.16345,1.16364,2815.0
2026-05-26 12:00:00,1.16364,1.1644,1.16326,1.16427,2201.0
2026-05-26 13:00:00,1.16427,1.1645,1.16377,1.16414,2371.0
2026-05-26 14:00:00,1.16415,1.16449,1.1633499999999999,1.16347,2415.0
2026-05-26 15:00:00,1.16347,1.16366,1.1631,1.1632,2781.0
2026-05-26 16:00:00,1.16318,1.1633,1.16173,1.16254,4105.0
2026-05-26 17:00:00,1.16254,1.1629800000000001,1.1621299999999999,1.1625,4000.0
2026-05-26 18:00:00,1.1625,1.16258,1.16171,1.16194,3325.0
2026-05-26 19:00:00,1.16194,1.16295,1.16194,1.1623999999999999,1850.0
2026-05-26 20:00:00,1.1623999999999999,1.16277,1.1621299999999999,1.1623999999999999,1917.0
2026-05-26 21:00:00,1.16241,1.16309,1.16234,1.16295,1526.0
2026-05-26 22:00:00,1.16295,1.16326,1.1627399999999999,1.1632,1199.0
2026-05-26 23:00:00,1.16319,1.1633,1.16303,1.16315,737.0
2026-05-27 00:00:00,1.16287,1.1631,1.16155,1.16292,661.0
2026-05-27 01:00:00,1.16316,1.1633499999999999,1.16313,1.16334,586.0
2026-05-27 02:00:00,1.16334,1.16399,1.16331,1.16365,714.0
2026-05-27 03:00:00,1.16364,1.16406,1.1636,1.1638,2005.0
2026-05-27 04:00:00,1.1638,1.16394,1.16327,1.1634,1820.0
2026-05-27 05:00:00,1.1634,1.1638600000000001,1.16338,1.16383,1595.0
2026-05-27 06:00:00,1.16384,1.16424,1.16368,1.16387,1199.0
2026-05-27 07:00:00,1.16387,1.16424,1.16383,1.16413,945.0
2026-05-27 08:00:00,1.16413,1.16445,1.16387,1.16395,1489.0
2026-05-27 09:00:00,1.1639599999999999,1.16493,1.16373,1.16455,2468.0
2026-05-27 10:00:00,1.16458,1.16488,1.16402,1.16408,2803.0
2026-05-27 11:00:00,1.16405,1.16472,1.16382,1.16448,2420.0
2026-05-27 12:00:00,1.16448,1.16486,1.16425,1.1644700000000001,2222.0
2026-05-27 13:00:00,1.16445,1.1644700000000001,1.1635900000000001,1.16391,2596.0
2026-05-27 14:00:00,1.16391,1.16419,1.16329,1.16377,2769.0
2026-05-27 15:00:00,1.16377,1.16611,1.16346,1.16439,5939.0
2026-05-27 16:00:00,1.16436,1.1648,1.16376,1.16413,5751.0
2026-05-27 17:00:00,1.16413,1.16522,1.1625,1.16255,5996.0
2026-05-27 18:00:00,1.16256,1.16364,1.16226,1.16302,4382.0
2026-05-27 19:00:00,1.16303,1.16329,1.16242,1.16322,2871.0
2026-05-27 20:00:00,1.16323,1.1633,1.16221,1.1627399999999999,2747.0
2026-05-27 21:00:00,1.1627399999999999,1.16304,1.16226,1.16295,2229.0
2026-05-27 22:00:00,1.16295,1.1632,1.16268,1.16289,1672.0
2026-05-27 23:00:00,1.16288,1.16307,1.16253,1.16256,947.0
2026-05-28 00:00:00,1.16232,1.1630099999999999,1.1622,1.16267,536.0
2026-05-28 01:00:00,1.16267,1.16304,1.16259,1.1626,790.0
2026-05-28 02:00:00,1.1626,1.16287,1.1616,1.16176,1170.0
2026-05-28 03:00:00,1.16172,1.16234,1.16166,1.16207,1932.0
2026-05-28 04:00:00,1.16206,1.16212,1.16092,1.16099,2337.0
2026-05-28 05:00:00,1.16099,1.16153,1.16095,1.16126,1925.0
2026-05-28 06:00:00,1.16126,1.16138,1.15871,1.15871,3005.0
2026-05-28 07:00:00,1.15871,1.15927,1.15862,1.15918,2110.0
2026-05-28 08:00:00,1.15918,1.16021,1.1589,1.15991,2418.0
2026-05-28 09:00:00,1.15991,1.16121,1.15984,1.16102,2486.0
2026-05-28 10:00:00,1.16107,1.16176,1.16101,1.1611799999999999,2584.0
2026-05-28 11:00:00,1.16123,1.1616900000000001,1.16067,1.16156,2543.0
2026-05-28 12:00:00,1.16155,1.16191,1.16129,1.1613,2160.0
2026-05-28 13:00:00,1.1613,1.16155,1.16036,1.16036,2791.0
2026-05-28 14:00:00,1.16036,1.16227,1.16034,1.1616900000000001,2718.0
2026-05-28 15:00:00,1.1616900000000001,1.16383,1.16156,1.16364,3848.0
2026-05-28 16:00:00,1.16364,1.16431,1.1629,1.16306,3843.0
2026-05-28 17:00:00,1.16306,1.1658,1.16269,1.16476,7139.0
2026-05-28 18:00:00,1.16478,1.16568,1.16477,1.1648100000000001,3597.0
2026-05-28 19:00:00,1.1648100000000001,1.16609,1.16456,1.16568,3908.0
2026-05-28 20:00:00,1.1656900000000001,1.16574,1.1650800000000001,1.16533,2580.0
2026-05-28 21:00:00,1.16533,1.16553,1.16466,1.16479,2776.0
2026-05-28 22:00:00,1.16476,1.16516,1.16464,1.16476,2119.0
2026-05-28 23:00:00,1.16475,1.16496,1.16449,1.16493,986.0
2026-05-29 00:00:00,1.1650800000000001,1.16521,1.16381,1.16497,327.0
2026-05-29 01:00:00,1.1651,1.16522,1.16501,1.16503,724.0
2026-05-29 02:00:00,1.16503,1.16532,1.16502,1.16524,856.0
2026-05-29 03:00:00,1.16525,1.16556,1.16474,1.16487,1978.0
2026-05-29 04:00:00,1.16487,1.16565,1.16433,1.1644700000000001,2539.0
2026-05-29 05:00:00,1.16446,1.16493,1.16435,1.16448,1687.0
2026-05-29 06:00:00,1.16448,1.1645,1.1636,1.16372,1829.0
2026-05-29 07:00:00,1.16372,1.16393,1.16343,1.16391,1527.0
2026-05-29 08:00:00,1.16391,1.16436,1.16382,1.16421,1391.0
2026-05-29 09:00:00,1.16422,1.16545,1.16422,1.16534,2458.0
2026-05-29 10:00:00,1.16534,1.16534,1.16379,1.16422,3151.0
2026-05-29 11:00:00,1.16405,1.16405,1.1625,1.1628,3326.0
2026-05-29 12:00:00,1.16281,1.16427,1.16266,1.16416,3006.0
2026-05-29 13:00:00,1.16417,1.16452,1.16379,1.1643,2103.0
2026-05-29 14:00:00,1.1643,1.1648399999999999,1.16399,1.16478,2810.0
2026-05-29 15:00:00,1.16479,1.16491,1.16414,1.1649,3151.0
2026-05-29 16:00:00,1.1649,1.16531,1.16449,1.16473,3576.0
2026-05-29 17:00:00,1.16474,1.16745,1.16405,1.16686,5638.0
2026-05-29 18:00:00,1.16686,1.16858,1.1667399999999999,1.16781,5703.0
2026-05-29 19:00:00,1.16781,1.16792,1.16667,1.16722,2700.0
2026-05-29 20:00:00,1.16722,1.16733,1.16621,1.16623,2310.0
2026-06-01 00:00:00,1.16527,1.16604,1.16515,1.16577,185.0
2026-06-01 01:00:00,1.16577,1.16601,1.16511,1.16544,1495.0
2026-06-01 02:00:00,1.16544,1.16558,1.1648399999999999,1.16485,1800.0
2026-06-01 03:00:00,1.16486,1.16535,1.16449,1.16478,2694.0
2026-06-01 04:00:00,1.16478,1.16482,1.16419,1.16449,2060.0
2026-06-01 05:00:00,1.16449,1.16469,1.16435,1.16465,1436.0
2026-06-01 06:00:00,1.16465,1.16491,1.16416,1.16438,1607.0
2026-06-01 07:00:00,1.16437,1.16485,1.16434,1.1648100000000001,1090.0
2026-06-01 08:00:00,1.16482,1.16534,1.16479,1.16513,1802.0
2026-06-01 09:00:00,1.16513,1.16648,1.16502,1.16646,3119.0
2026-06-01 10:00:00,1.16644,1.16648,1.16516,1.16567,2793.0
2026-06-01 11:00:00,1.16574,1.1660300000000001,1.16533,1.1658,2374.0
2026-06-01 12:00:00,1.1658,1.16607,1.1648100000000001,1.1650800000000001,2825.0
2026-06-01 13:00:00,1.1650800000000001,1.16511,1.16461,1.16475,1969.0
2026-06-01 14:00:00,1.16475,1.16482,1.16417,1.16462,2642.0
2026-06-01 15:00:00,1.16462,1.16505,1.1645,1.16473,2906.0
2026-06-01 16:00:00,1.16473,1.16482,1.16099,1.16101,6831.0
2026-06-01 17:00:00,1.16083,1.16184,1.16067,1.16175,5607.0
2026-06-01 18:00:00,1.16175,1.16288,1.1615199999999999,1.16231,4644.0
2026-06-01 19:00:00,1.16231,1.16304,1.16163,1.1629800000000001,3642.0
2026-06-01 20:00:00,1.163,1.16379,1.16251,1.16347,3191.0
2026-06-01 21:00:00,1.16347,1.16354,1.16306,1.1631,1531.0
2026-06-01 22:00:00,1.16308,1.16338,1.16266,1.16317,1632.0
2026-06-01 23:00:00,1.16312,1.16338,1.16304,1.1632,842.0
2026-06-02 00:00:00,1.16279,1.16351,1.16251,1.16313,504.0
2026-06-02 01:00:00,1.16312,1.16343,1.16312,1.16339,740.0
2026-06-02 02:00:00,1.16339,1.16363,1.16329,1.16353,836.0
2026-06-02 03:00:00,1.16353,1.16355,1.16293,1.16314,2224.0
2026-06-02 04:00:00,1.16315,1.16369,1.16285,1.16307,2493.0
2026-06-02 05:00:00,1.16306,1.16345,1.16302,1.16307,1391.0
2026-06-02 06:00:00,1.16307,1.16352,1.16306,1.16343,1202.0
2026-06-02 07:00:00,1.16341,1.16388,1.16341,1.16378,1079.0
2026-06-02 08:00:00,1.16378,1.16397,1.1636199999999999,1.16371,993.0
2026-06-02 09:00:00,1.16371,1.16522,1.16371,1.16506,2758.0
2026-06-02 10:00:00,1.16505,1.1650800000000001,1.16448,1.16486,2374.0
2026-06-02 11:00:00,1.16486,1.16526,1.16421,1.16436,2559.0
2026-06-02 12:00:00,1.16436,1.16449,1.16403,1.16433,2274.0
2026-06-02 13:00:00,1.16432,1.16462,1.16384,1.16436,1991.0
2026-06-02 14:00:00,1.16436,1.16528,1.16435,1.16494,1998.0
2026-06-02 15:00:00,1.16494,1.16556,1.16474,1.16504,3011.0
2026-06-02 16:00:00,1.16505,1.16523,1.16395,1.16437,4075.0
2026-06-02 17:00:00,1.16436,1.16499,1.16361,1.16435,3753.0
2026-06-02 18:00:00,1.16436,1.16451,1.16354,1.16405,3533.0
2026-06-02 19:00:00,1.16405,1.16411,1.16268,1.16284,2447.0
2026-06-02 20:00:00,1.16285,1.1629800000000001,1.16201,1.16215,1999.0
2026-06-02 21:00:00,1.16215,1.16299,1.16135,1.16284,2005.0
2026-06-02 22:00:00,1.16287,1.1633,1.16287,1.16323,1199.0
2026-06-02 23:00:00,1.16322,1.16347,1.163,1.1631,1002.0
2026-06-03 00:00:00,1.16315,1.16315,1.16262,1.16273,140.0
2026-06-03 01:00:00,1.16289,1.16303,1.1626400000000001,1.16266,960.0
2026-06-03 02:00:00,1.16267,1.16273,1.16197,1.16212,1398.0
2026-06-03 03:00:00,1.1621,1.16307,1.16205,1.16287,1646.0
2026-06-03 04:00:00,1.16288,1.16334,1.16262,1.16295,2376.0
2026-06-03 05:00:00,1.16296,1.16319,1.16249,1.16281,1743.0
2026-06-03 06:00:00,1.16281,1.16296,1.16263,1.1627399999999999,1115.0
2026-06-03 07:00:00,1.16275,1.1628,1.16243,1.16256,869.0
2026-06-03 08:00:00,1.16256,1.16271,1.16187,1.16187,1560.0
2026-06-03 09:00:00,1.16187,1.16224,1.16123,1.16164,2614.0
2026-06-03 10:00:00,1.16163,1.16244,1.16128,1.16162,3382.0
2026-06-03 11:00:00,1.16162,1.16168,1.16051,1.16082,3363.0
2026-06-03 12:00:00,1.16082,1.1616,1.1608,1.16136,2609.0
2026-06-03 13:00:00,1.16137,1.16228,1.16128,1.16161,2900.0
2026-06-03 14:00:00,1.16161,1.16226,1.16154,1.1617899999999999,2480.0
2026-06-03 15:00:00,1.16178,1.16185,1.15968,1.16003,3846.0
2026-06-03 16:00:00,1.16004,1.16064,1.15973,1.16029,4080.0
2026-06-03 17:00:00,1.16028,1.16124,1.15949,1.16124,5183.0
2026-06-03 18:00:00,1.16125,1.1613,1.16025,1.16048,4405.0
2026-06-03 19:00:00,1.16048,1.16049,1.15951,1.16002,3203.0
2026-06-03 20:00:00,1.16005,1.16034,1.15968,1.15983,1558.0
2026-06-03 21:00:00,1.15983,1.15999,1.15954,1.15983,1641.0
2026-06-03 22:00:00,1.15983,1.16009,1.15972,1.1598,1875.0
2026-06-03 23:00:00,1.15981,1.16004,1.15968,1.15981,1110.0
2026-06-04 00:00:00,1.15965,1.15992,1.15953,1.15968,243.0
2026-06-04 01:00:00,1.1596899999999999,1.16123,1.15945,1.1605699999999999,1454.0
2026-06-04 02:00:00,1.16058,1.1610800000000001,1.16015,1.1609,1177.0
2026-06-04 03:00:00,1.1609,1.16125,1.16055,1.16068,2265.0
2026-06-04 04:00:00,1.16068,1.16101,1.16038,1.16096,2507.0
2026-06-04 05:00:00,1.16096,1.16112,1.16063,1.16101,1706.0
2026-06-04 06:00:00,1.161,1.16101,1.16025,1.16061,1422.0
2026-06-04 07:00:00,1.16061,1.16129,1.16039,1.16098,1450.0
2026-06-04 08:00:00,1.16098,1.16105,1.16052,1.16098,1595.0
2026-06-04 09:00:00,1.16098,1.1615,1.16071,1.16107,2326.0
2026-06-04 10:00:00,1.16106,1.16126,1.15985,1.1604,2619.0
2026-06-04 11:00:00,1.16039,1.1614,1.16036,1.16129,3139.0
2026-06-04 12:00:00,1.16129,1.16283,1.16129,1.16257,3147.0
2026-06-04 13:00:00,1.16257,1.16342,1.16251,1.16304,2745.0
2026-06-04 14:00:00,1.16305,1.1645,1.16302,1.16418,3997.0
2026-06-04 15:00:00,1.16417,1.1645,1.16344,1.16369,3653.0
2026-06-04 16:00:00,1.1637,1.164,1.16339,1.1636,3570.0
2026-06-04 17:00:00,1.1635900000000001,1.16399,1.16292,1.16306,3149.0
2026-06-04 18:00:00,1.16304,1.16315,1.16224,1.16282,3523.0
2026-06-04 19:00:00,1.16282,1.16296,1.16231,1.16234,2130.0
2026-06-04 20:00:00,1.16234,1.16239,1.16195,1.16208,1607.0
2026-06-04 21:00:00,1.16207,1.16225,1.16132,1.16149,1402.0
2026-06-04 22:00:00,1.1615,1.16161,1.16105,1.16124,1557.0
2026-06-04 23:00:00,1.16126,1.16135,1.1608,1.16107,836.0
2026-06-05 00:00:00,1.16098,1.16149,1.16066,1.16115,537.0
2026-06-05 01:00:00,1.16136,1.16136,1.1610800000000001,1.1612,564.0
2026-06-05 02:00:00,1.1612,1.16138,1.16119,1.16123,645.0
2026-06-05 03:00:00,1.16123,1.1614200000000001,1.16109,1.16127,2040.0
2026-06-05 04:00:00,1.16127,1.16149,1.16097,1.16136,2962.0
2026-06-05 05:00:00,1.16136,1.16167,1.16125,1.1614,1890.0
2026-06-05 06:00:00,1.1614,1.16157,1.16135,1.16148,1653.0
2026-06-05 07:00:00,1.16148,1.1617,1.16137,1.16161,1613.0
2026-06-05 08:00:00,1.16161,1.16194,1.16149,1.16156,1592.0
2026-06-05 09:00:00,1.16156,1.16228,1.16129,1.16223,2421.0
2026-06-05 10:00:00,1.16222,1.16372,1.16216,1.16319,2668.0
2026-06-05 11:00:00,1.16319,1.164,1.16317,1.16367,2694.0
2026-06-05 12:00:00,1.16366,1.16443,1.16346,1.16387,2331.0
2026-06-05 13:00:00,1.16387,1.16442,1.16384,1.16404,1920.0
2026-06-05 14:00:00,1.16402,1.16419,1.16344,1.16415,2270.0
2026-06-05 15:00:00,1.16416,1.16429,1.15863,1.1586400000000001,5760.0
2026-06-05 16:00:00,1.15862,1.15995,1.15717,1.15719,7373.0
2026-06-05 17:00:00,1.15717,1.15806,1.15494,1.1559,6461.0
2026-06-05 18:00:00,1.1559,1.156,1.1531500000000001,1.1532499999999999,5027.0
2026-06-05 19:00:00,1.1532499999999999,1.1533,1.15224,1.15322,4264.0
2026-06-05 20:00:00,1.15322,1.1533,1.1519300000000001,1.15243,3776.0
2026-06-08 00:00:00,1.15105,1.15109,1.15063,1.15097,163.0
2026-06-08 01:00:00,1.15097,1.15189,1.15089,1.15131,2229.0
2026-06-08 02:00:00,1.15131,1.15228,1.15131,1.15219,1882.0
2026-06-08 03:00:00,1.15219,1.15336,1.15209,1.15335,2350.0
2026-06-08 04:00:00,1.15335,1.15348,1.15118,1.15263,4409.0
2026-06-08 05:00:00,1.15263,1.15316,1.15205,1.15286,2334.0
2026-06-08 06:00:00,1.15286,1.1532499999999999,1.15259,1.15324,1740.0
2026-06-08 07:00:00,1.15323,1.15339,1.15299,1.15314,1980.0
2026-06-08 08:00:00,1.1531500000000001,1.15398,1.15176,1.15192,2947.0
2026-06-08 09:00:00,1.15192,1.15249,1.15136,1.15152,3612.0
2026-06-08 10:00:00,1.15156,1.1527,1.15144,1.15165,4179.0
2026-06-08 11:00:00,1.15165,1.15232,1.1508,1.15084,3563.0
2026-06-08 12:00:00,1.15083,1.15145,1.14995,1.15125,3913.0
2026-06-08 13:00:00,1.15125,1.15324,1.151,1.15245,3528.0
2026-06-08 14:00:00,1.15245,1.15439,1.15234,1.15365,4631.0
2026-06-08 15:00:00,1.15365,1.1543700000000001,1.15351,1.1542,3667.0
2026-06-08 16:00:00,1.15421,1.15547,1.1541299999999999,1.15415,5018.0
2026-06-08 17:00:00,1.15414,1.15445,1.15318,1.15426,5043.0
2026-06-08 18:00:00,1.15429,1.15478,1.15365,1.15442,3903.0
2026-06-08 19:00:00,1.15442,1.1546,1.1539,1.1539,2973.0
2026-06-08 20:00:00,1.15389,1.15416,1.15356,1.15381,2974.0
2026-06-08 21:00:00,1.1538,1.15421,1.15277,1.15283,2597.0
2026-06-08 22:00:00,1.15282,1.15343,1.1528100000000001,1.15308,2972.0
2026-06-08 23:00:00,1.15307,1.15337,1.15304,1.15316,874.0
2026-06-09 00:00:00,1.15324,1.15381,1.15241,1.15348,333.0
2026-06-09 01:00:00,1.15361,1.15361,1.1532499999999999,1.15336,826.0
2026-06-09 02:00:00,1.15336,1.1534200000000001,1.15279,1.15282,904.0
2026-06-09 03:00:00,1.15274,1.15317,1.1527,1.15313,2424.0
2026-06-09 04:00:00,1.15313,1.15397,1.15306,1.15396,2930.0
2026-06-09 05:00:00,1.15397,1.15404,1.15367,1.15375,1842.0
2026-06-09 06:00:00,1.15375,1.154,1.15348,1.1538,1996.0
2026-06-09 07:00:00,1.1538,1.15482,1.15369,1.15455,1337.0
2026-06-09 08:00:00,1.15455,1.15476,1.15395,1.1544699999999999,2226.0
2026-06-09 09:00:00,1.1544699999999999,1.1553499999999999,1.15433,1.1544,2921.0
2026-06-09 10:00:00,1.1544,1.1547,1.15373,1.15393,2889.0
2026-06-09 11:00:00,1.15393,1.15527,1.15364,1.15507,3054.0
2026-06-09 12:00:00,1.15507,1.15638,1.15503,1.15614,2517.0
2026-06-09 13:00:00,1.15613,1.15692,1.15601,1.15652,2090.0
2026-06-09 14:00:00,1.15653,1.1574200000000001,1.15651,1.15725,2327.0
2026-06-09 15:00:00,1.15726,1.15749,1.15693,1.15736,2614.0
2026-06-09 16:00:00,1.15736,1.15781,1.15637,1.15664,4073.0
2026-06-09 17:00:00,1.15664,1.15735,1.15582,1.15624,5612.0
2026-06-09 18:00:00,1.15624,1.15675,1.15457,1.15551,5047.0
2026-06-09 19:00:00,1.15551,1.15574,1.15285,1.15409,6197.0
2026-06-09 20:00:00,1.15409,1.15531,1.1540300000000001,1.15481,4672.0
2026-06-09 21:00:00,1.15483,1.15531,1.15463,1.1549800000000001,3185.0
2026-06-09 22:00:00,1.1549800000000001,1.15504,1.15396,1.15415,2848.0
2026-06-09 23:00:00,1.15416,1.15455,1.15407,1.15434,888.0
2026-06-10 00:00:00,1.15424,1.15431,1.15351,1.15358,255.0
2026-06-10 01:00:00,1.15382,1.15405,1.1536,1.15366,1832.0
2026-06-10 02:00:00,1.15366,1.15392,1.15332,1.1535,1356.0
2026-06-10 03:00:00,1.15351,1.15434,1.15333,1.15423,3410.0
2026-06-10 04:00:00,1.15423,1.15429,1.15353,1.15378,3907.0
2026-06-10 05:00:00,1.15378,1.15449,1.1537,1.15425,2315.0
2026-06-10 06:00:00,1.15425,1.15522,1.15421,1.15502,1937.0
2026-06-10 07:00:00,1.15502,1.15506,1.15445,1.15464,1845.0
2026-06-10 08:00:00,1.15464,1.15556,1.15453,1.15544,2608.0
2026-06-10 09:00:00,1.15542,1.15583,1.15483,1.15489,3603.0
2026-06-10 10:00:00,1.15486,1.15587,1.15467,1.15538,2694.0
2026-06-10 11:00:00,1.15538,1.15541,1.15481,1.15536,3471.0
2026-06-10 12:00:00,1.15536,1.15597,1.15506,1.15578,3023.0
2026-06-10 13:00:00,1.15578,1.1559300000000001,1.15503,1.15521,2724.0
2026-06-10 14:00:00,1.15521,1.15525,1.15355,1.15366,4589.0
2026-06-10 15:00:00,1.15365,1.15647,1.15361,1.15484,5439.0
2026-06-10 16:00:00,1.15484,1.15731,1.15473,1.15626,5455.0
2026-06-10 17:00:00,1.15626,1.15671,1.15501,1.15522,5932.0
2026-06-10 18:00:00,1.15523,1.15568,1.15348,1.15493,6076.0
2026-06-10 19:00:00,1.15494,1.15594,1.15489,1.15538,4196.0
2026-06-10 20:00:00,1.15539,1.15567,1.15446,1.15524,3716.0
2026-06-10 21:00:00,1.15525,1.15577,1.15482,1.15483,4011.0
2026-06-10 22:00:00,1.15482,1.15488,1.1541,1.15414,2687.0
2026-06-10 23:00:00,1.15414,1.15415,1.15347,1.15355,1329.0
2026-06-11 00:00:00,1.1535,1.1538599999999999,1.15338,1.15344,201.0
2026-06-11 01:00:00,1.15356,1.15368,1.15284,1.15299,2104.0
2026-06-11 02:00:00,1.15299,1.15378,1.15255,1.15353,2725.0
2026-06-11 03:00:00,1.15353,1.15429,1.15353,1.15424,3996.0
2026-06-11 04:00:00,1.15425,1.15561,1.15416,1.15539,3396.0
2026-06-11 05:00:00,1.1554,1.15543,1.1546,1.15481,2562.0
2026-06-11 06:00:00,1.1548,1.15492,1.15443,1.15452,2684.0
2026-06-11 07:00:00,1.15452,1.15503,1.15425,1.15483,2034.0
2026-06-11 08:00:00,1.15482,1.15514,1.15454,1.15473,2729.0
2026-06-11 09:00:00,1.15473,1.15475,1.1540300000000001,1.15417,2703.0
2026-06-11 10:00:00,1.15418,1.15555,1.1541299999999999,1.1545,2651.0
2026-06-11 11:00:00,1.1545,1.15455,1.15307,1.15321,2532.0
2026-06-11 12:00:00,1.15322,1.15372,1.15299,1.15341,2157.0
2026-06-11 13:00:00,1.15338,1.15345,1.15232,1.15312,2798.0
2026-06-11 14:00:00,1.15312,1.15417,1.15311,1.15382,2384.0
2026-06-11 15:00:00,1.15385,1.15434,1.15164,1.15398,5077.0
2026-06-11 16:00:00,1.15398,1.15404,1.15175,1.15296,5281.0
2026-06-11 17:00:00,1.15296,1.15306,1.15147,1.15192,4152.0
2026-06-11 18:00:00,1.15192,1.15243,1.1514,1.15145,4267.0
2026-06-11 19:00:00,1.15145,1.15161,1.1507,1.15091,3220.0
2026-06-11 20:00:00,1.15087,1.15664,1.15029,1.1551,6697.0
2026-06-11 21:00:00,1.1551,1.15665,1.15414,1.15579,5735.0
2026-06-11 22:00:00,1.15579,1.15894,1.15579,1.15787,5046.0
2026-06-11 23:00:00,1.15786,1.15834,1.15762,1.15787,2074.0
2026-06-12 00:00:00,1.15783,1.15798,1.15738,1.15756,194.0
2026-06-12 01:00:00,1.15769,1.15852,1.1573,1.1585,1771.0
2026-06-12 02:00:00,1.15851,1.15866,1.15744,1.15755,1826.0
2026-06-12 03:00:00,1.15756,1.15765,1.1566,1.15696,2830.0
2026-06-12 04:00:00,1.15697,1.15702,1.15615,1.15633,2649.0
2026-06-12 05:00:00,1.15633,1.15703,1.15627,1.15668,2101.0
2026-06-12 06:00:00,1.15668,1.1575199999999999,1.15651,1.15721,2514.0
2026-06-12 07:00:00,1.15721,1.1575199999999999,1.15687,1.15716,1884.0
2026-06-12 08:00:00,1.1571500000000001,1.15738,1.15574,1.15576,1984.0
2026-06-12 09:00:00,1.15577,1.1574200000000001,1.15577,1.1573,3215.0
2026-06-12 10:00:00,1.15734,1.15734,1.1557,1.15666,3143.0
2026-06-12 11:00:00,1.15665,1.15855,1.1565400000000001,1.15768,4274.0
2026-06-12 12:00:00,1.15768,1.15895,1.15734,1.15839,3341.0
2026-06-12 13:00:00,1.15838,1.15856,1.1569099999999999,1.1574,2754.0
2026-06-12 14:00:00,1.1574,1.15793,1.15705,1.1571500000000001,2659.0
2026-06-12 15:00:00,1.15714,1.15724,1.15602,1.15635,3363.0
2026-06-12 16:00:00,1.15636,1.15791,1.15618,1.15694,4489.0
2026-06-12 17:00:00,1.15692,1.15788,1.15661,1.15732,4765.0
2026-06-12 18:00:00,1.15733,1.15836,1.15716,1.1573,4424.0
2026-06-12 19:00:00,1.1573,1.15778,1.15695,1.15747,3731.0
2026-06-12 20:00:00,1.15747,1.1577600000000001,1.1571799999999999,1.15745,2743.0
2026-06-15 00:00:00,1.15748,1.16059,1.15649,1.16048,815.0
2026-06-15 01:00:00,1.16032,1.16176,1.16023,1.16087,3566.0
2026-06-15 02:00:00,1.16086,1.16095,1.16021,1.1602999999999999,1997.0
2026-06-15 03:00:00,1.16028,1.16117,1.1598,1.15989,3185.0
2026-06-15 04:00:00,1.15989,1.16016,1.15944,1.15981,2037.0
2026-06-15 05:00:00,1.15981,1.16014,1.15942,1.15995,1234.0
2026-06-15 06:00:00,1.15994,1.16052,1.15984,1.16044,969.0
2026-06-15 07:00:00,1.16043,1.16134,1.16033,1.16127,1023.0
2026-06-15 08:00:00,1.16128,1.16219,1.16125,1.1616900000000001,1381.0
2026-06-15 09:00:00,1.16168,1.1617899999999999,1.16007,1.16062,2063.0
2026-06-15 10:00:00,1.16063,1.16105,1.16015,1.16061,2626.0
2026-06-15 11:00:00,1.16061,1.16102,1.15971,1.16015,2820.0
2026-06-15 12:00:00,1.16017,1.1610800000000001,1.16006,1.16068,1219.0
2026-06-15 13:00:00,1.16069,1.16144,1.16032,1.16105,1952.0
2026-06-15 14:00:00,1.16105,1.1614200000000001,1.1605699999999999,1.1609,1934.0
2026-06-15 15:00:00,1.1609,1.16196,1.16046,1.16154,2378.0
2026-06-15 16:00:00,1.16154,1.16205,1.16121,1.1616900000000001,3076.0
2026-06-15 17:00:00,1.16168,1.16187,1.16056,1.16078,3786.0
2026-06-15 18:00:00,1.16078,1.16078,1.15966,1.15985,2631.0
2026-06-15 19:00:00,1.15985,1.16051,1.15973,1.16036,2039.0
2026-06-15 20:00:00,1.16036,1.16041,1.1598,1.15994,1235.0
2026-06-15 21:00:00,1.15994,1.1602999999999999,1.1594,1.15947,1733.0
2026-06-15 22:00:00,1.15946,1.15962,1.15844,1.15852,2225.0
2026-06-15 23:00:00,1.15852,1.159,1.1583700000000001,1.15892,1112.0
2026-06-16 00:00:00,1.15895,1.1592500000000001,1.1585,1.15886,328.0
2026-06-16 01:00:00,1.15905,1.15911,1.15855,1.15885,1063.0
2026-06-16 02:00:00,1.15885,1.15937,1.15884,1.15912,659.0
2026-06-16 03:00:00,1.15913,1.15936,1.15878,1.1593,1663.0
2026-06-16 04:00:00,1.1593,1.15951,1.1587,1.15879,1633.0
2026-06-16 05:00:00,1.15878,1.15893,1.15827,1.15878,1131.0
2026-06-16 06:00:00,1.15878,1.15887,1.1584,1.15865,1391.0
2026-06-16 07:00:00,1.15865,1.1587,1.15757,1.1579,1470.0
2026-06-16 08:00:00,1.1579,1.1581,1.15753,1.15757,1629.0
2026-06-16 09:00:00,1.15754,1.15876,1.15749,1.1587399999999999,2127.0
2026-06-16 10:00:00,1.1587399999999999,1.15955,1.15851,1.15954,2343.0
2026-06-16 11:00:00,1.15958,1.16065,1.15932,1.16056,1948.0
2026-06-16 12:00:00,1.16054,1.16094,1.15999,1.1601,1940.0
2026-06-16 13:00:00,1.1601,1.1613,1.16006,1.1611799999999999,1676.0
2026-06-16 14:00:00,1.1611799999999999,1.1611799999999999,1.15972,1.15991,1999.0
2026-06-16 15:00:00,1.15991,1.16018,1.15912,1.15995,2172.0
2026-06-16 16:00:00,1.15993,1.16034,1.15912,1.15926,2871.0
2026-06-16 17:00:00,1.15928,1.16084,1.15879,1.16069,3855.0
2026-06-16 18:00:00,1.16071,1.16187,1.15998,1.16141,3458.0
2026-06-16 19:00:00,1.16141,1.16197,1.16116,1.16132,2654.0
2026-06-16 20:00:00,1.16132,1.16138,1.16107,1.16113,1443.0
2026-06-16 21:00:00,1.16113,1.1614,1.16063,1.16105,1789.0
2026-06-16 22:00:00,1.16105,1.16139,1.16058,1.16082,2253.0
2026-06-16 23:00:00,1.1608100000000001,1.16098,1.16064,1.1608100000000001,827.0
2026-06-17 00:00:00,1.1608100000000001,1.16116,1.16045,1.16064,408.0
2026-06-17 01:00:00,1.16083,1.16131,1.16083,1.16125,573.0
2026-06-17 02:00:00,1.16125,1.16148,1.1609099999999999,1.16097,752.0
2026-06-17 03:00:00,1.16097,1.16165,1.16087,1.16147,1633.0
2026-06-17 04:00:00,1.16147,1.1616,1.16103,1.16124,1454.0
2026-06-17 05:00:00,1.16125,1.1615,1.16094,1.16094,716.0
2026-06-17 06:00:00,1.16094,1.16122,1.16083,1.16103,887.0
2026-06-17 07:00:00,1.16104,1.16135,1.161,1.16124,808.0
2026-06-17 08:00:00,1.16124,1.1615,1.16105,1.1612,1018.0
2026-06-17 09:00:00,1.16123,1.16148,1.16039,1.1608100000000001,1812.0
2026-06-17 10:00:00,1.1608,1.16148,1.16044,1.16084,2106.0
2026-06-17 11:00:00,1.16083,1.16083,1.1598,1.1602000000000001,2078.0
2026-06-17 12:00:00,1.16019,1.16059,1.16007,1.1604,1861.0
2026-06-17 13:00:00,1.1604,1.16046,1.15954,1.15971,1512.0
2026-06-17 14:00:00,1.15971,1.15972,1.15854,1.15915,1867.0
2026-06-17 15:00:00,1.15916,1.16028,1.15907,1.16023,2247.0
2026-06-17 16:00:00,1.1602000000000001,1.16028,1.15957,1.15971,2890.0
2026-06-17 17:00:00,1.1597,1.15985,1.15808,1.15894,3636.0
2026-06-17 18:00:00,1.15893,1.15939,1.15871,1.15927,2432.0
2026-06-17 19:00:00,1.15927,1.15933,1.15889,1.15916,1790.0
2026-06-17 20:00:00,1.15916,1.15963,1.15873,1.15953,1894.0
2026-06-17 21:00:00,1.15897,1.15897,1.15358,1.15388,10114.0
2026-06-17 22:00:00,1.15381,1.15419,1.1478,1.14942,9684.0
2026-06-17 23:00:00,1.1494,1.15051,1.1487,1.15015,2679.0
2026-06-18 00:00:00,1.15009,1.15031,1.14994,1.1502,244.0
2026-06-18 01:00:00,1.1503700000000001,1.15057,1.1501000000000001,1.15046,1478.0
2026-06-18 02:00:00,1.15044,1.15084,1.1503700000000001,1.15068,1358.0
2026-06-18 03:00:00,1.15069,1.15207,1.15067,1.15155,3479.0
2026-06-18 04:00:00,1.15154,1.15224,1.15152,1.15165,2150.0
2026-06-18 05:00:00,1.15165,1.15208,1.1513,1.15179,1928.0
2026-06-18 06:00:00,1.15179,1.15242,1.15178,1.15234,1553.0
2026-06-18 07:00:00,1.15234,1.15263,1.15207,1.15232,1371.0
2026-06-18 08:00:00,1.15232,1.15248,1.15103,1.15107,1658.0
2026-06-18 09:00:00,1.15107,1.15282,1.15105,1.15196,2870.0
2026-06-18 10:00:00,1.15194,1.15229,1.15065,1.15128,3139.0
2026-06-18 11:00:00,1.15129,1.15139,1.14821,1.14826,3725.0
2026-06-18 12:00:00,1.14828,1.14858,1.14746,1.14767,3811.0
2026-06-18 13:00:00,1.1476600000000001,1.14773,1.14595,1.14607,3636.0
2026-06-18 14:00:00,1.14609,1.14669,1.14544,1.14573,3673.0
2026-06-18 15:00:00,1.14573,1.14815,1.14533,1.14694,4366.0
2026-06-18 16:00:00,1.14693,1.1484,1.1463,1.14722,5116.0
2026-06-18 17:00:00,1.14722,1.14874,1.14678,1.14863,4404.0
2026-06-18 18:00:00,1.14867,1.14875,1.1469,1.14692,3640.0
2026-06-18 19:00:00,1.14693,1.14721,1.14618,1.14652,3031.0
2026-06-18 20:00:00,1.14655,1.14735,1.14624,1.14626,2694.0
2026-06-18 21:00:00,1.14626,1.14657,1.14589,1.14591,2221.0
2026-06-18 22:00:00,1.14595,1.14628,1.14512,1.14575,3390.0
2026-06-18 23:00:00,1.14578,1.14632,1.14557,1.14569,1384.0
2026-06-19 00:00:00,1.14569,1.1468,1.14509,1.14603,358.0
2026-06-19 01:00:00,1.14608,1.14634,1.14589,1.14633,1022.0
2026-06-19 02:00:00,1.14633,1.14633,1.14571,1.14583,1073.0
2026-06-19 03:00:00,1.14582,1.14656,1.14582,1.14618,1964.0
2026-06-19 04:00:00,1.14621,1.14633,1.14527,1.14531,1860.0
2026-06-19 05:00:00,1.14531,1.14578,1.14517,1.14546,1421.0
2026-06-19 06:00:00,1.14546,1.14547,1.14419,1.14424,1743.0
2026-06-19 07:00:00,1.14424,1.14435,1.14273,1.14288,1782.0
2026-06-19 08:00:00,1.14287,1.14337,1.14178,1.14308,3223.0
2026-06-19 09:00:00,1.14308,1.14422,1.14291,1.1442,2972.0
2026-06-19 10:00:00,1.14419,1.14493,1.14417,1.1446399999999999,2645.0
2026-06-19 11:00:00,1.1446399999999999,1.14658,1.1446399999999999,1.14644,2682.0
2026-06-19 12:00:00,1.14643,1.14646,1.14585,1.14595,2376.0
2026-06-19 13:00:00,1.14594,1.14634,1.1452499999999999,1.14624,2371.0
2026-06-19 14:00:00,1.14624,1.14678,1.14591,1.14612,2144.0
2026-06-19 15:00:00,1.14612,1.14748,1.14612,1.14711,2576.0
2026-06-19 16:00:00,1.14711,1.14726,1.14568,1.14629,2683.0
2026-06-19 17:00:00,1.14629,1.14702,1.1458,1.14684,2850.0
2026-06-19 18:00:00,1.14684,1.14759,1.14625,1.14648,1745.0
2026-06-19 19:00:00,1.1464699999999999,1.14694,1.14619,1.14689,1032.0
2026-06-19 20:00:00,1.1469,1.14763,1.14675,1.14749,1787.0
