open_time,open,high,low,close,volume
2024-06-21 19:00:00,201.589,201.649,201.465,201.567,7676.0
2024-06-21 20:00:00,201.565,201.769,201.532,201.731,5763.0
2024-06-24 00:00:00,201.862,201.963,201.693,201.799,1665.0
2024-06-24 01:00:00,201.799,202.012,201.749,201.944,3546.0
2024-06-24 02:00:00,201.944,202.097,201.904,202.082,4110.0
2024-06-24 03:00:00,202.08,202.16,201.942,201.985,6519.0
2024-06-24 04:00:00,201.984,201.987,201.724,201.806,8323.0
2024-06-24 05:00:00,201.807,201.857,201.724,201.844,5372.0
2024-06-24 06:00:00,201.843,201.927,201.802,201.893,4576.0
2024-06-24 07:00:00,201.894,202.013,201.891,202.013,4401.0
2024-06-24 08:00:00,202.011,202.107,201.984,202.007,5379.0
2024-06-24 09:00:00,202.007,202.115,201.944,202.006,7383.0
2024-06-24 10:00:00,202.003,202.111,201.945,202.077,7914.0
2024-06-24 11:00:00,202.076,202.336,202.049,202.256,7458.0
2024-06-24 12:00:00,202.254,202.29,202.027,202.253,9213.0
2024-06-24 13:00:00,202.254,202.26,201.115,201.996,13561.0
2024-06-24 14:00:00,201.996,202.03,201.773,201.932,8560.0
2024-06-24 15:00:00,201.933,202.09,201.831,201.875,9366.0
2024-06-24 16:00:00,201.878,202.348,201.865,202.307,11691.0
2024-06-24 17:00:00,202.306,202.673,202.268,202.648,11721.0
2024-06-24 18:00:00,202.648,202.703,202.53,202.543,7958.0
2024-06-24 19:00:00,202.543,202.583,202.439,202.528,5877.0
2024-06-24 20:00:00,202.528,202.528,202.386,202.494,6633.0
2024-06-24 21:00:00,202.495,202.612,202.435,202.593,6608.0
2024-06-24 22:00:00,202.596,202.696,202.513,202.519,6007.0
2024-06-24 23:00:00,202.519,202.562,202.396,202.491,2814.0
2024-06-25 00:00:00,202.424,202.502,202.4,202.428,1895.0
2024-06-25 01:00:00,202.431,202.507,202.404,202.459,3301.0
2024-06-25 02:00:00,202.459,202.533,202.414,202.532,3378.0
2024-06-25 03:00:00,202.531,202.561,202.147,202.21,7591.0
2024-06-25 04:00:00,202.209,202.344,201.96,202.22,9816.0
2024-06-25 05:00:00,202.22,202.31,202.161,202.179,5544.0
2024-06-25 06:00:00,202.179,202.493,202.179,202.484,4417.0
2024-06-25 07:00:00,202.485,202.51,202.33,202.389,4526.0
2024-06-25 08:00:00,202.388,202.411,202.254,202.395,5347.0
2024-06-25 09:00:00,202.395,202.395,202.241,202.35,6797.0
2024-06-25 10:00:00,202.357,202.43,202.223,202.373,9160.0
2024-06-25 11:00:00,202.374,202.594,202.356,202.554,7766.0
2024-06-25 12:00:00,202.553,202.615,202.317,202.341,6242.0
2024-06-25 13:00:00,202.342,202.383,202.156,202.296,7849.0
2024-06-25 14:00:00,202.294,202.406,202.131,202.235,6884.0
2024-06-25 15:00:00,202.237,202.465,202.195,202.456,8627.0
2024-06-25 16:00:00,202.457,202.552,202.329,202.489,10865.0
2024-06-25 17:00:00,202.486,202.579,202.335,202.355,11941.0
2024-06-25 18:00:00,202.356,202.547,202.347,202.389,8611.0
2024-06-25 19:00:00,202.389,202.54,202.383,202.537,6900.0
2024-06-25 20:00:00,202.538,202.679,202.444,202.666,5679.0
2024-06-25 21:00:00,202.667,202.727,202.635,202.678,4959.0
2024-06-25 22:00:00,202.679,202.68,202.523,202.549,5321.0
2024-06-25 23:00:00,202.55,202.619,202.507,202.546,2408.0
2024-06-26 00:00:00,202.5,202.584,202.392,202.519,1631.0
2024-06-26 01:00:00,202.519,202.579,202.492,202.538,2281.0
2024-06-26 02:00:00,202.537,202.573,202.452,202.562,2919.0
2024-06-26 03:00:00,202.563,202.643,202.488,202.601,5837.0
2024-06-26 04:00:00,202.601,202.854,202.584,202.745,7532.0
2024-06-26 05:00:00,202.745,202.879,202.643,202.766,5617.0
2024-06-26 06:00:00,202.768,202.816,202.727,202.782,3359.0
2024-06-26 07:00:00,202.781,202.783,202.642,202.655,3841.0
2024-06-26 08:00:00,202.654,202.775,202.648,202.745,4899.0
2024-06-26 09:00:00,202.745,202.772,202.566,202.587,7730.0
2024-06-26 10:00:00,202.586,202.666,202.532,202.605,8132.0
2024-06-26 11:00:00,202.604,202.629,202.497,202.602,6306.0
2024-06-26 12:00:00,202.6,202.764,202.524,202.681,8669.0
2024-06-26 13:00:00,202.685,202.956,202.585,202.88,10955.0
2024-06-26 14:00:00,202.88,202.981,202.581,202.941,11718.0
2024-06-26 15:00:00,202.944,203.04,202.67,202.767,10433.0
2024-06-26 16:00:00,202.767,202.938,202.421,202.829,15851.0
2024-06-26 17:00:00,202.826,203.148,202.722,202.732,14025.0
2024-06-26 18:00:00,202.727,203.001,202.687,202.836,11119.0
2024-06-26 19:00:00,202.836,202.994,202.752,202.821,8743.0
2024-06-26 20:00:00,202.82,203.009,202.779,202.916,7936.0
2024-06-26 21:00:00,202.914,202.952,202.803,202.825,6647.0
2024-06-26 22:00:00,202.826,203.027,202.757,203.0,5282.0
2024-06-26 23:00:00,203.003,203.054,202.92,202.959,3553.0
2024-06-27 00:00:00,202.945,202.973,202.806,202.908,1724.0
2024-06-27 01:00:00,202.908,202.93,202.785,202.813,2663.0
2024-06-27 02:00:00,202.815,202.827,202.678,202.73,3887.0
2024-06-27 03:00:00,202.731,202.745,202.53,202.707,8458.0
2024-06-27 04:00:00,202.706,202.756,202.497,202.678,7745.0
2024-06-27 05:00:00,202.679,202.704,202.535,202.623,6035.0
2024-06-27 06:00:00,202.624,202.669,202.564,202.627,4057.0
2024-06-27 07:00:00,202.626,202.64,202.505,202.601,5148.0
2024-06-27 08:00:00,202.602,202.748,202.552,202.724,5901.0
2024-06-27 09:00:00,202.724,202.849,202.64,202.827,7537.0
2024-06-27 10:00:00,202.827,202.967,202.707,202.827,9094.0
2024-06-27 11:00:00,202.825,202.878,202.743,202.866,7386.0
2024-06-27 12:00:00,202.866,203.031,202.852,202.971,7482.0
2024-06-27 13:00:00,202.97,203.033,202.846,202.978,6454.0
2024-06-27 14:00:00,202.978,203.054,202.904,202.95,6858.0
2024-06-27 15:00:00,202.949,203.086,202.866,202.989,12919.0
2024-06-27 16:00:00,202.988,203.326,202.864,203.268,12662.0
2024-06-27 17:00:00,203.267,203.373,203.063,203.151,13675.0
2024-06-27 18:00:00,203.151,203.357,203.128,203.305,9726.0
2024-06-27 19:00:00,203.305,203.388,203.286,203.317,6252.0
2024-06-27 20:00:00,203.316,203.328,203.22,203.236,5942.0
2024-06-27 21:00:00,203.235,203.338,203.162,203.293,6166.0
2024-06-27 22:00:00,203.294,203.33,203.222,203.251,6065.0
2024-06-27 23:00:00,203.25,203.279,203.19,203.209,2327.0
2024-06-28 00:00:00,203.112,203.202,203.098,203.18,2364.0
2024-06-28 01:00:00,203.18,203.212,203.095,203.136,2479.0
2024-06-28 02:00:00,203.136,203.215,203.062,203.196,2915.0
2024-06-28 03:00:00,203.195,203.501,203.118,203.478,7026.0
2024-06-28 04:00:00,203.478,203.596,203.187,203.395,11450.0
2024-06-28 05:00:00,203.395,203.43,203.217,203.341,9853.0
2024-06-28 06:00:00,203.342,203.354,203.203,203.326,6010.0
2024-06-28 07:00:00,203.327,203.399,203.281,203.282,5231.0
2024-06-28 08:00:00,203.283,203.33,203.205,203.305,6405.0
2024-06-28 09:00:00,203.305,203.443,203.294,203.439,7951.0
2024-06-28 10:00:00,203.439,203.589,203.323,203.469,9932.0
2024-06-28 11:00:00,203.471,203.473,203.264,203.325,9294.0
2024-06-28 12:00:00,203.324,203.326,203.047,203.253,8653.0
2024-06-28 13:00:00,203.252,203.316,203.033,203.073,9142.0
2024-06-28 14:00:00,203.073,203.169,202.977,203.086,8491.0
2024-06-28 15:00:00,203.087,203.238,202.942,203.053,13405.0
2024-06-28 16:00:00,203.05,203.058,202.587,202.735,14438.0
2024-06-28 17:00:00,202.736,203.384,202.568,203.335,18469.0
2024-06-28 18:00:00,203.331,203.448,203.233,203.31,13892.0
2024-06-28 19:00:00,203.31,203.419,203.214,203.35,10056.0
2024-06-28 20:00:00,203.351,203.456,203.245,203.251,7420.0
2024-07-01 00:00:00,203.362,203.431,203.172,203.358,1463.0
2024-07-01 01:00:00,203.358,203.582,203.358,203.436,4437.0
2024-07-01 02:00:00,203.436,203.555,203.384,203.544,3515.0
2024-07-01 03:00:00,203.543,203.932,203.372,203.704,10146.0
2024-07-01 04:00:00,203.703,203.829,203.605,203.713,9845.0
2024-07-01 05:00:00,203.713,203.725,203.606,203.717,5319.0
2024-07-01 06:00:00,203.716,203.865,203.698,203.828,4136.0
2024-07-01 07:00:00,203.827,203.878,203.764,203.875,3659.0
2024-07-01 08:00:00,203.876,203.983,203.8,203.969,5477.0
2024-07-01 09:00:00,203.969,204.256,203.959,204.096,10954.0
2024-07-01 10:00:00,204.096,204.177,203.845,203.9,10733.0
2024-07-01 11:00:00,203.899,204.184,203.899,204.063,9237.0
2024-07-01 12:00:00,204.064,204.139,203.966,204.099,7237.0
2024-07-01 13:00:00,204.095,204.211,204.01,204.18,6505.0
2024-07-01 14:00:00,204.18,204.265,204.093,204.233,5927.0
2024-07-01 15:00:00,204.234,204.417,204.152,204.361,9935.0
2024-07-01 16:00:00,204.361,204.652,204.303,204.614,11986.0
2024-07-01 17:00:00,204.604,204.74,204.335,204.436,17596.0
2024-07-01 18:00:00,204.435,204.469,204.206,204.316,11794.0
2024-07-01 19:00:00,204.316,204.408,204.199,204.296,7442.0
2024-07-01 20:00:00,204.296,204.309,204.136,204.14,5742.0
2024-07-01 21:00:00,204.139,204.177,204.072,204.176,5685.0
2024-07-01 22:00:00,204.176,204.224,204.137,204.159,5847.0
2024-07-01 23:00:00,204.16,204.297,204.118,204.231,3314.0
2024-07-02 00:00:00,204.221,204.287,204.107,204.175,938.0
2024-07-02 01:00:00,204.175,204.261,204.123,204.154,1742.0
2024-07-02 02:00:00,204.154,204.238,204.117,204.233,2220.0
2024-07-02 03:00:00,204.233,204.34,204.172,204.184,6589.0
2024-07-02 04:00:00,204.183,204.349,204.08,204.31,6231.0
2024-07-02 05:00:00,204.311,204.313,204.183,204.235,5369.0
2024-07-02 06:00:00,204.235,204.289,204.209,204.245,3121.0
2024-07-02 07:00:00,204.247,204.321,204.169,204.248,4145.0
2024-07-02 08:00:00,204.247,204.371,204.201,204.351,4297.0
2024-07-02 09:00:00,204.351,204.388,204.15,204.235,8398.0
2024-07-02 10:00:00,204.23,204.279,203.879,204.092,10950.0
2024-07-02 11:00:00,204.093,204.194,204.024,204.074,8430.0
2024-07-02 12:00:00,204.074,204.239,204.047,204.234,6535.0
2024-07-02 13:00:00,204.235,204.406,204.112,204.311,6167.0
2024-07-02 14:00:00,204.311,204.52,204.299,204.514,5315.0
2024-07-02 15:00:00,204.509,204.6,204.405,204.55,9242.0
2024-07-02 16:00:00,204.55,204.737,204.457,204.606,12533.0
2024-07-02 17:00:00,204.599,204.729,204.472,204.641,15998.0
2024-07-02 18:00:00,204.64,204.833,204.614,204.752,9267.0
2024-07-02 19:00:00,204.752,204.77,204.637,204.692,5236.0
2024-07-02 20:00:00,204.692,204.783,204.65,204.765,4464.0
2024-07-02 21:00:00,204.766,204.838,204.734,204.831,4754.0
2024-07-02 22:00:00,204.826,204.851,204.785,204.85,4336.0
2024-07-02 23:00:00,204.847,204.859,204.761,204.822,1896.0
2024-07-03 00:00:00,204.616,204.796,204.598,204.725,1673.0
2024-07-03 01:00:00,204.725,204.885,204.725,204.867,1941.0
2024-07-03 02:00:00,204.868,204.951,204.829,204.888,2317.0
2024-07-03 03:00:00,204.888,205.049,204.848,205.001,6059.0
2024-07-03 04:00:00,205.002,205.028,204.932,205.003,4824.0
2024-07-03 05:00:00,205.0,205.054,204.961,205.037,3777.0
2024-07-03 06:00:00,205.038,205.092,205.02,205.048,3434.0
2024-07-03 07:00:00,205.049,205.194,205.036,205.167,3791.0
2024-07-03 08:00:00,205.166,205.303,205.102,205.27,5091.0
2024-07-03 09:00:00,205.27,205.391,205.094,205.294,7270.0
2024-07-03 10:00:00,205.294,205.542,205.25,205.342,8939.0
2024-07-03 11:00:00,205.344,205.527,205.273,205.475,7421.0
2024-07-03 12:00:00,205.474,205.581,205.375,205.522,6072.0
2024-07-03 13:00:00,205.521,205.757,205.461,205.658,6361.0
2024-07-03 14:00:00,205.658,205.744,205.567,205.741,6023.0
2024-07-03 15:00:00,205.742,205.897,205.655,205.819,10439.0
2024-07-03 16:00:00,205.82,206.052,205.814,206.009,11421.0
2024-07-03 17:00:00,206.008,206.069,205.345,205.888,21474.0
2024-07-03 18:00:00,205.888,206.171,205.793,206.11,13676.0
2024-07-03 19:00:00,206.112,206.117,205.94,206.02,8070.0
2024-07-03 20:00:00,206.021,206.027,205.705,205.72,5602.0
2024-07-03 21:00:00,205.722,205.954,205.702,205.899,5571.0
2024-07-03 22:00:00,205.886,206.085,205.871,206.008,4071.0
2024-07-03 23:00:00,206.009,206.073,206.002,206.044,2800.0
2024-07-04 00:00:00,205.956,206.022,205.806,205.818,1776.0
2024-07-04 01:00:00,205.818,205.994,205.807,205.976,1021.0
2024-07-04 02:00:00,205.976,206.056,205.964,205.982,2319.0
2024-07-04 03:00:00,205.983,206.01,205.758,205.85,6641.0
2024-07-04 04:00:00,205.85,205.856,205.497,205.752,8225.0
2024-07-04 05:00:00,205.753,205.796,205.677,205.778,4370.0
2024-07-04 06:00:00,205.78,205.857,205.711,205.823,4054.0
2024-07-04 07:00:00,205.822,205.896,205.77,205.806,2814.0
2024-07-04 08:00:00,205.805,205.87,205.778,205.854,4475.0
2024-07-04 09:00:00,205.854,205.858,205.647,205.714,7253.0
2024-07-04 10:00:00,205.715,205.804,205.611,205.691,8915.0
2024-07-04 11:00:00,205.692,205.791,205.639,205.677,7396.0
2024-07-04 12:00:00,205.677,205.729,205.581,205.592,6722.0
2024-07-04 13:00:00,205.593,205.667,205.456,205.456,6051.0
2024-07-04 14:00:00,205.457,205.494,205.297,205.32,6797.0
2024-07-04 15:00:00,205.321,205.493,205.291,205.439,7283.0
2024-07-04 16:00:00,205.44,205.591,205.393,205.577,6121.0
2024-07-04 17:00:00,205.576,205.642,205.423,205.548,6502.0
2024-07-04 18:00:00,205.548,205.724,205.541,205.625,4145.0
2024-07-04 19:00:00,205.625,205.667,205.597,205.62,2763.0
2024-07-04 20:00:00,205.621,205.64,205.591,205.639,2048.0
2024-07-04 21:00:00,205.64,205.782,205.638,205.781,1381.0
2024-07-04 22:00:00,205.78,205.795,205.675,205.737,2967.0
2024-07-04 23:00:00,205.737,205.812,205.717,205.726,4497.0
2024-07-05 00:00:00,205.696,205.795,205.609,205.702,1704.0
2024-07-05 01:00:00,205.702,205.76,205.626,205.735,2358.0
2024-07-05 02:00:00,205.735,205.856,205.717,205.81,2686.0
2024-07-05 03:00:00,205.811,205.853,205.319,205.601,10315.0
2024-07-05 04:00:00,205.6,205.674,205.384,205.54,8725.0
2024-07-05 05:00:00,205.541,205.577,205.424,205.449,5133.0
2024-07-05 06:00:00,205.448,205.468,204.981,205.129,8521.0
2024-07-05 07:00:00,205.129,205.184,205.031,205.146,4919.0
2024-07-05 08:00:00,205.146,205.278,205.131,205.182,4767.0
2024-07-05 09:00:00,205.182,205.343,205.08,205.3,6807.0
2024-07-05 10:00:00,205.302,205.519,205.105,205.474,9048.0
2024-07-05 11:00:00,205.475,205.475,205.26,205.415,6711.0
2024-07-05 12:00:00,205.414,205.524,205.257,205.496,5829.0
2024-07-05 13:00:00,205.5,205.672,205.428,205.636,5424.0
2024-07-05 14:00:00,205.636,205.731,205.552,205.598,5560.0
2024-07-05 15:00:00,205.598,206.174,205.289,206.055,17397.0
2024-07-05 16:00:00,206.055,206.448,205.924,206.406,18941.0
2024-07-05 17:00:00,206.403,206.415,205.928,206.002,16509.0
2024-07-05 18:00:00,206.001,206.09,205.762,205.846,13451.0
2024-07-05 19:00:00,205.846,205.97,205.795,205.909,8043.0
2024-07-05 20:00:00,205.908,205.993,205.897,205.943,6420.0
2024-07-08 00:00:00,205.651,205.906,205.544,205.808,2132.0
2024-07-08 01:00:00,205.828,205.979,205.798,205.897,3198.0
2024-07-08 02:00:00,205.897,205.955,205.658,205.714,4538.0
2024-07-08 03:00:00,205.714,205.805,205.652,205.665,9080.0
2024-07-08 04:00:00,205.666,205.796,205.485,205.51,8602.0
2024-07-08 05:00:00,205.511,205.571,205.291,205.426,7577.0
2024-07-08 06:00:00,205.425,205.743,205.42,205.654,5862.0
2024-07-08 07:00:00,205.654,205.756,205.604,205.718,4128.0
2024-07-08 08:00:00,205.72,205.847,205.678,205.845,5778.0
2024-07-08 09:00:00,205.845,206.004,205.623,205.906,10820.0
2024-07-08 10:00:00,205.905,206.234,205.851,206.175,11578.0
2024-07-08 11:00:00,206.175,206.542,206.167,206.508,9165.0
2024-07-08 12:00:00,206.508,206.508,206.318,206.438,7651.0
2024-07-08 13:00:00,206.439,206.486,206.253,206.265,7369.0
2024-07-08 14:00:00,206.265,206.628,206.207,206.621,7286.0
2024-07-08 15:00:00,206.622,206.67,206.278,206.3,10767.0
2024-07-08 16:00:00,206.3,206.513,206.18,206.301,11347.0
2024-07-08 17:00:00,206.301,206.307,206.034,206.124,11644.0
2024-07-08 18:00:00,206.124,206.257,206.052,206.206,9168.0
2024-07-08 19:00:00,206.205,206.206,206.076,206.078,6280.0
2024-07-08 20:00:00,206.077,206.091,205.926,206.008,5437.0
2024-07-08 21:00:00,206.009,206.03,205.891,205.999,5500.0
2024-07-08 22:00:00,206.001,206.001,205.892,205.965,5753.0
2024-07-08 23:00:00,205.966,206.014,205.937,205.971,2016.0
2024-07-09 00:00:00,205.922,205.947,205.804,205.892,894.0
2024-07-09 01:00:00,205.892,205.987,205.89,205.953,1577.0
2024-07-09 02:00:00,205.953,206.162,205.91,206.145,3262.0
2024-07-09 03:00:00,206.144,206.149,205.992,206.077,6350.0
2024-07-09 04:00:00,206.075,206.15,206.033,206.104,5954.0
2024-07-09 05:00:00,206.105,206.25,206.07,206.149,5645.0
2024-07-09 06:00:00,206.148,206.298,206.058,206.223,5696.0
2024-07-09 07:00:00,206.224,206.264,206.088,206.164,5555.0
2024-07-09 08:00:00,206.165,206.178,206.096,206.114,4732.0
2024-07-09 09:00:00,206.114,206.14,205.943,205.964,7204.0
2024-07-09 10:00:00,205.964,206.063,205.86,205.956,8369.0
2024-07-09 11:00:00,205.951,206.249,205.894,206.236,7128.0
2024-07-09 12:00:00,206.237,206.306,206.173,206.272,5862.0
2024-07-09 13:00:00,206.271,206.456,206.225,206.341,6261.0
2024-07-09 14:00:00,206.341,206.423,206.153,206.229,7136.0
2024-07-09 15:00:00,206.228,206.359,206.158,206.346,8881.0
2024-07-09 16:00:00,206.346,206.444,206.281,206.349,9986.0
2024-07-09 17:00:00,206.348,206.517,206.275,206.489,17754.0
2024-07-09 18:00:00,206.489,206.583,206.285,206.337,12472.0
2024-07-09 19:00:00,206.337,206.351,206.186,206.22,8103.0
2024-07-09 20:00:00,206.22,206.281,206.17,206.212,7426.0
2024-07-09 21:00:00,206.212,206.298,206.179,206.264,5154.0
2024-07-09 22:00:00,206.265,206.289,206.183,206.283,5223.0
2024-07-09 23:00:00,206.283,206.293,206.219,206.223,1954.0
2024-07-10 00:00:00,206.217,206.253,206.098,206.219,1829.0
2024-07-10 01:00:00,206.219,206.32,206.211,206.299,1534.0
2024-07-10 02:00:00,206.301,206.363,206.28,206.312,2494.0
2024-07-10 03:00:00,206.312,206.505,206.289,206.444,6258.0
2024-07-10 04:00:00,206.445,206.611,206.441,206.564,6313.0
2024-07-10 05:00:00,206.564,206.603,206.474,206.557,6956.0
2024-07-10 06:00:00,206.556,206.622,206.493,206.511,3871.0
2024-07-10 07:00:00,206.509,206.572,206.497,206.557,3687.0
2024-07-10 08:00:00,206.557,206.649,206.535,206.565,4464.0
2024-07-10 09:00:00,206.565,206.572,206.459,206.499,7323.0
2024-07-10 10:00:00,206.498,206.633,206.47,206.595,8650.0
2024-07-10 11:00:00,206.594,206.705,206.533,206.683,8088.0
2024-07-10 12:00:00,206.683,206.986,206.683,206.971,7342.0
2024-07-10 13:00:00,206.97,206.993,206.842,206.917,6410.0
2024-07-10 14:00:00,206.917,206.93,206.768,206.799,6956.0
2024-07-10 15:00:00,206.799,206.87,206.725,206.791,7734.0
2024-07-10 16:00:00,206.792,207.373,206.781,207.31,9787.0
2024-07-10 17:00:00,207.31,207.514,207.275,207.409,11179.0
2024-07-10 18:00:00,207.409,207.79,207.395,207.689,8592.0
2024-07-10 19:00:00,207.689,207.719,207.608,207.707,6203.0
2024-07-10 20:00:00,207.705,207.717,207.605,207.676,6231.0
2024-07-10 21:00:00,207.675,207.813,207.671,207.809,4480.0
2024-07-10 22:00:00,207.809,207.809,207.717,207.766,5579.0
2024-07-10 23:00:00,207.767,207.805,207.716,207.739,2132.0
2024-07-11 00:00:00,207.72,207.72,207.573,207.589,371.0
2024-07-11 01:00:00,207.589,207.694,207.589,207.638,1509.0
2024-07-11 02:00:00,207.639,207.721,207.619,207.711,2109.0
2024-07-11 03:00:00,207.712,207.766,207.578,207.696,6050.0
2024-07-11 04:00:00,207.696,207.775,207.675,207.737,4821.0
2024-07-11 05:00:00,207.738,207.923,207.709,207.905,3781.0
2024-07-11 06:00:00,207.904,207.954,207.855,207.877,4298.0
2024-07-11 07:00:00,207.876,207.918,207.851,207.891,3143.0
2024-07-11 08:00:00,207.891,207.951,207.834,207.869,3715.0
2024-07-11 09:00:00,207.867,208.105,207.867,207.975,8075.0
2024-07-11 10:00:00,207.974,208.039,207.878,207.962,8195.0
2024-07-11 11:00:00,207.963,208.01,207.905,207.977,6865.0
2024-07-11 12:00:00,207.976,208.029,207.904,208.012,7165.0
2024-07-11 13:00:00,208.013,208.101,207.98,208.03,5694.0
2024-07-11 14:00:00,208.029,208.067,207.956,208.013,4985.0
2024-07-11 15:00:00,208.013,208.114,204.941,205.166,19663.0
2024-07-11 16:00:00,205.169,205.267,203.839,205.033,25369.0
2024-07-11 17:00:00,205.035,205.203,204.651,204.926,18591.0
2024-07-11 18:00:00,204.925,205.049,204.678,204.828,14307.0
2024-07-11 19:00:00,204.828,204.877,204.641,204.724,10409.0
2024-07-11 20:00:00,204.723,204.962,204.681,204.892,11071.0
2024-07-11 21:00:00,204.891,205.086,204.825,204.979,8723.0
2024-07-11 22:00:00,204.978,205.1,204.956,205.068,8478.0
2024-07-11 23:00:00,205.068,205.212,205.048,205.186,3008.0
2024-07-12 00:00:00,205.054,205.209,204.898,205.2,1395.0
2024-07-12 01:00:00,205.199,205.683,205.156,205.657,4634.0
2024-07-12 02:00:00,205.658,205.93,203.838,204.56,14965.0
2024-07-12 03:00:00,204.561,205.452,204.182,205.36,16590.0
2024-07-12 04:00:00,205.36,205.661,205.344,205.644,11557.0
2024-07-12 05:00:00,205.643,205.675,204.896,205.585,10122.0
2024-07-12 06:00:00,205.582,205.622,205.396,205.539,7074.0
2024-07-12 07:00:00,205.537,205.544,205.318,205.432,7144.0
2024-07-12 08:00:00,205.432,205.493,205.187,205.362,8941.0
2024-07-12 09:00:00,205.361,205.547,205.286,205.394,12150.0
2024-07-12 10:00:00,205.394,205.987,205.36,205.84,10296.0
2024-07-12 11:00:00,205.841,206.017,205.779,205.977,10051.0
2024-07-12 12:00:00,205.976,206.156,205.898,206.129,8430.0
2024-07-12 13:00:00,206.129,206.335,206.12,206.236,7481.0
2024-07-12 14:00:00,206.236,206.291,205.991,206.042,8015.0
2024-07-12 15:00:00,206.041,206.071,205.326,205.902,19642.0
2024-07-12 16:00:00,205.902,205.942,204.161,205.376,20352.0
2024-07-12 17:00:00,205.466,205.471,204.289,204.869,18705.0
2024-07-12 18:00:00,204.869,205.271,204.612,205.023,11904.0
2024-07-12 19:00:00,205.022,205.192,204.995,205.04,8497.0
2024-07-12 20:00:00,205.039,205.226,205.028,205.195,6103.0
2024-07-15 00:00:00,204.916,205.268,204.912,205.179,1629.0
2024-07-15 01:00:00,205.179,205.399,204.843,205.347,4783.0
2024-07-15 02:00:00,205.344,205.408,205.129,205.257,6096.0
2024-07-15 03:00:00,205.253,205.312,204.853,205.011,9785.0
2024-07-15 04:00:00,205.014,205.125,204.801,204.933,8277.0
2024-07-15 05:00:00,204.932,205.037,204.799,204.974,6505.0
2024-07-15 06:00:00,204.972,204.975,204.835,204.953,5254.0
2024-07-15 07:00:00,204.952,205.031,204.93,204.997,3544.0
2024-07-15 08:00:00,204.998,205.004,204.829,204.945,5549.0
2024-07-15 09:00:00,204.945,205.211,204.852,205.065,9797.0
2024-07-15 10:00:00,205.065,205.088,204.78,205.027,11999.0
2024-07-15 11:00:00,205.019,205.121,204.893,204.989,8695.0
2024-07-15 12:00:00,204.988,205.168,204.921,205.078,8566.0
2024-07-15 13:00:00,205.079,205.176,204.941,205.006,8396.0
2024-07-15 14:00:00,205.006,205.235,204.965,205.13,7823.0
2024-07-15 15:00:00,205.13,205.154,204.974,204.992,10348.0
2024-07-15 16:00:00,204.991,205.294,204.991,205.217,11978.0
2024-07-15 17:00:00,205.218,205.219,204.904,204.955,11690.0
2024-07-15 18:00:00,204.956,205.105,204.912,204.98,9849.0
2024-07-15 19:00:00,204.98,204.98,204.143,204.674,11600.0
2024-07-15 20:00:00,204.673,204.915,204.632,204.754,11650.0
2024-07-15 21:00:00,204.752,204.856,204.675,204.771,7814.0
2024-07-15 22:00:00,204.77,204.891,204.675,204.798,5924.0
2024-07-15 23:00:00,204.798,205.113,204.744,204.986,2479.0
2024-07-16 00:00:00,204.937,205.003,204.789,204.89,1631.0
2024-07-16 01:00:00,204.888,205.086,204.888,205.04,2183.0
2024-07-16 02:00:00,205.04,205.214,204.979,205.108,3595.0
2024-07-16 03:00:00,205.107,205.373,205.023,205.321,8246.0
2024-07-16 04:00:00,205.317,205.635,205.317,205.551,9216.0
2024-07-16 05:00:00,205.55,205.774,205.533,205.717,6198.0
2024-07-16 06:00:00,205.718,205.746,205.595,205.651,5000.0
2024-07-16 07:00:00,205.651,205.747,205.623,205.649,5208.0
2024-07-16 08:00:00,205.648,205.787,205.628,205.676,5857.0
2024-07-16 09:00:00,205.676,205.704,205.251,205.431,8980.0
2024-07-16 10:00:00,205.432,205.573,205.213,205.553,10129.0
2024-07-16 11:00:00,205.554,205.675,205.403,205.434,9956.0
2024-07-16 12:00:00,205.433,205.483,205.301,205.421,9076.0
2024-07-16 13:00:00,205.421,205.49,205.34,205.421,7042.0
2024-07-16 14:00:00,205.421,205.477,205.312,205.356,7073.0
2024-07-16 15:00:00,205.356,205.631,205.077,205.54,14405.0
2024-07-16 16:00:00,205.54,205.597,205.327,205.495,12696.0
2024-07-16 17:00:00,205.496,205.608,205.325,205.333,11848.0
2024-07-16 18:00:00,205.333,205.505,205.305,205.446,10338.0
2024-07-16 19:00:00,205.449,205.467,205.32,205.384,8068.0
2024-07-16 20:00:00,205.386,205.414,205.311,205.37,7065.0
2024-07-16 21:00:00,205.37,205.41,205.34,205.359,8099.0
2024-07-16 22:00:00,205.36,205.512,205.355,205.502,6469.0
2024-07-16 23:00:00,205.508,205.522,205.416,205.495,3158.0
2024-07-17 00:00:00,205.401,205.442,205.216,205.347,1828.0
2024-07-17 01:00:00,205.347,205.478,205.336,205.462,2912.0
2024-07-17 02:00:00,205.462,205.517,205.377,205.515,3916.0
2024-07-17 03:00:00,205.514,205.62,205.449,205.545,8340.0
2024-07-17 04:00:00,205.545,205.69,205.487,205.602,7406.0
2024-07-17 05:00:00,205.604,205.622,205.482,205.532,4614.0
2024-07-17 06:00:00,205.532,205.556,205.385,205.504,4408.0
2024-07-17 07:00:00,205.503,205.521,205.182,205.183,4695.0
2024-07-17 08:00:00,205.182,205.215,204.752,204.841,7373.0
2024-07-17 09:00:00,204.798,205.147,204.778,204.956,14374.0
2024-07-17 10:00:00,204.955,205.014,204.176,204.327,18469.0
2024-07-17 11:00:00,204.328,204.362,203.394,203.564,18925.0
2024-07-17 12:00:00,203.565,204.044,203.418,204.017,17264.0
2024-07-17 13:00:00,204.015,204.292,203.764,204.274,12442.0
2024-07-17 14:00:00,204.274,204.362,203.802,203.983,11917.0
2024-07-17 15:00:00,203.984,204.157,203.872,204.042,14911.0
2024-07-17 16:00:00,204.04,204.094,203.521,203.652,17796.0
2024-07-17 17:00:00,203.654,203.863,203.55,203.658,16834.0
2024-07-17 18:00:00,203.654,203.755,203.517,203.618,13281.0
2024-07-17 19:00:00,203.618,203.66,203.137,203.26,11481.0
2024-07-17 20:00:00,203.26,203.491,203.111,203.477,10896.0
2024-07-17 21:00:00,203.478,203.514,203.02,203.031,9144.0
2024-07-17 22:00:00,203.031,203.251,203.031,203.17,7890.0
2024-07-17 23:00:00,203.169,203.427,203.136,203.165,3460.0
2024-07-18 00:00:00,203.062,203.203,203.035,203.139,2829.0
2024-07-18 01:00:00,203.139,203.288,202.923,203.153,6200.0
2024-07-18 02:00:00,203.148,203.204,202.098,202.502,12317.0
2024-07-18 03:00:00,202.502,202.697,202.235,202.517,14905.0
2024-07-18 04:00:00,202.518,203.251,202.473,203.186,11755.0
2024-07-18 05:00:00,203.187,203.402,203.059,203.247,9148.0
2024-07-18 06:00:00,203.248,203.589,203.224,203.401,6308.0
2024-07-18 07:00:00,203.401,203.512,203.096,203.273,7340.0
2024-07-18 08:00:00,203.273,203.412,202.699,202.975,9186.0
2024-07-18 09:00:00,202.974,203.201,202.831,202.831,13703.0
2024-07-18 10:00:00,202.832,203.129,202.68,203.124,15127.0
2024-07-18 11:00:00,203.124,203.341,203.031,203.184,14076.0
2024-07-18 12:00:00,203.185,203.294,202.989,203.265,10689.0
2024-07-18 13:00:00,203.264,203.293,203.102,203.173,9102.0
2024-07-18 14:00:00,203.173,203.229,203.053,203.154,8117.0
2024-07-18 15:00:00,203.155,203.205,202.815,203.075,14285.0
2024-07-18 16:00:00,203.075,203.322,202.928,203.191,16834.0
2024-07-18 17:00:00,203.191,203.458,203.122,203.443,15187.0
2024-07-18 18:00:00,203.443,203.679,203.274,203.643,14360.0
2024-07-18 19:00:00,203.643,203.871,203.523,203.846,10983.0
2024-07-18 20:00:00,203.846,203.856,203.706,203.744,9528.0
2024-07-18 21:00:00,203.745,203.747,203.558,203.657,9078.0
2024-07-18 22:00:00,203.656,203.779,203.644,203.719,8318.0
2024-07-18 23:00:00,203.718,203.767,203.662,203.673,2771.0
2024-07-19 00:00:00,203.676,203.768,203.564,203.604,1913.0
2024-07-19 01:00:00,203.608,203.676,203.552,203.577,5268.0
2024-07-19 02:00:00,203.577,203.598,203.452,203.528,5069.0
2024-07-19 03:00:00,203.527,203.781,203.347,203.506,11638.0
2024-07-19 04:00:00,203.506,203.763,203.466,203.672,10179.0
2024-07-19 05:00:00,203.673,203.832,203.552,203.766,8713.0
2024-07-19 06:00:00,203.769,203.799,203.593,203.652,5996.0
2024-07-19 07:00:00,203.652,203.763,203.638,203.758,4522.0
2024-07-19 08:00:00,203.758,204.226,203.752,204.183,9301.0
2024-07-19 09:00:00,204.183,204.183,203.282,203.422,12772.0
2024-07-19 10:00:00,203.413,203.664,203.086,203.397,16947.0
2024-07-19 11:00:00,203.397,203.532,203.072,203.139,13187.0
2024-07-19 12:00:00,203.141,203.217,202.951,203.118,9095.0
2024-07-19 13:00:00,203.116,203.51,203.057,203.418,8995.0
2024-07-19 14:00:00,203.418,203.568,203.304,203.568,8685.0
2024-07-19 15:00:00,203.569,203.753,203.517,203.716,11394.0
2024-07-19 16:00:00,203.715,203.728,203.434,203.526,14962.0
2024-07-19 17:00:00,203.525,203.546,203.146,203.235,14931.0
2024-07-19 18:00:00,203.236,203.435,203.194,203.361,11072.0
2024-07-19 19:00:00,203.362,203.421,203.286,203.29,7462.0
2024-07-19 20:00:00,203.29,203.347,203.174,203.345,8001.0
2024-07-22 00:00:00,203.266,203.297,203.166,203.209,3814.0
2024-07-22 01:00:00,203.212,203.482,203.208,203.412,3924.0
2024-07-22 02:00:00,203.411,203.599,203.308,203.59,6043.0
2024-07-22 03:00:00,203.588,203.594,203.434,203.53,8904.0
2024-07-22 04:00:00,203.529,203.569,203.38,203.476,8182.0
2024-07-22 05:00:00,203.474,203.61,203.423,203.584,6850.0
2024-07-22 06:00:00,203.584,203.614,203.451,203.508,4342.0
2024-07-22 07:00:00,203.509,203.509,203.372,203.382,5988.0
2024-07-22 08:00:00,203.382,203.382,202.773,202.782,9070.0
2024-07-22 09:00:00,202.782,202.798,201.893,202.09,18711.0
2024-07-22 10:00:00,202.1,202.713,202.061,202.663,15864.0
2024-07-22 11:00:00,202.661,202.898,202.503,202.701,12827.0
2024-07-22 12:00:00,202.702,202.758,202.52,202.611,10624.0
2024-07-22 13:00:00,202.611,203.083,202.388,202.92,10615.0
2024-07-22 14:00:00,202.902,202.991,202.588,202.735,9604.0
2024-07-22 15:00:00,202.736,203.022,202.481,202.523,12617.0
2024-07-22 16:00:00,202.523,202.694,202.422,202.63,13455.0
2024-07-22 17:00:00,202.628,202.668,202.418,202.57,12727.0
2024-07-22 18:00:00,202.571,202.869,202.569,202.771,11362.0
2024-07-22 19:00:00,202.771,202.932,202.75,202.909,8007.0
2024-07-22 20:00:00,202.909,203.119,202.893,203.053,7003.0
2024-07-22 21:00:00,203.054,203.097,202.964,203.003,6018.0
2024-07-22 22:00:00,203.004,203.104,202.982,203.089,6355.0
2024-07-22 23:00:00,203.089,203.136,203.061,203.134,1733.0
2024-07-23 00:00:00,203.013,203.039,202.782,202.925,2745.0
2024-07-23 01:00:00,202.925,203.155,202.925,203.099,2135.0
2024-07-23 02:00:00,203.098,203.16,202.879,202.893,3628.0
2024-07-23 03:00:00,202.893,202.922,202.478,202.534,11989.0
2024-07-23 04:00:00,202.532,202.847,202.447,202.623,10280.0
2024-07-23 05:00:00,202.624,202.665,202.384,202.495,9695.0
2024-07-23 06:00:00,202.498,202.552,201.964,202.081,9412.0
2024-07-23 07:00:00,202.081,202.211,201.989,202.076,9037.0
2024-07-23 08:00:00,202.073,202.227,202.006,202.068,7868.0
2024-07-23 09:00:00,202.067,202.297,201.937,202.279,11932.0
2024-07-23 10:00:00,202.278,202.378,201.435,201.55,15183.0
2024-07-23 11:00:00,201.55,201.628,201.329,201.622,15075.0
2024-07-23 12:00:00,201.622,201.7,201.275,201.347,10281.0
2024-07-23 13:00:00,201.347,201.442,201.147,201.34,10847.0
2024-07-23 14:00:00,201.34,201.642,201.324,201.629,9802.0
2024-07-23 15:00:00,201.627,201.842,201.295,201.37,13323.0
2024-07-23 16:00:00,201.371,201.694,201.346,201.549,12720.0
2024-07-23 17:00:00,201.544,201.67,201.325,201.337,14081.0
2024-07-23 18:00:00,201.338,201.54,201.338,201.488,9453.0
2024-07-23 19:00:00,201.488,201.528,201.035,201.116,8302.0
2024-07-23 20:00:00,201.116,201.149,200.786,200.951,9659.0
2024-07-23 21:00:00,200.95,201.019,200.808,200.818,5885.0
2024-07-23 22:00:00,200.818,200.863,200.744,200.827,5457.0
2024-07-23 23:00:00,200.826,200.882,200.764,200.821,3263.0
2024-07-24 00:00:00,200.653,200.823,200.653,200.807,950.0
2024-07-24 01:00:00,200.826,200.855,200.778,200.833,3290.0
2024-07-24 02:00:00,200.833,201.04,200.823,200.951,4358.0
2024-07-24 03:00:00,200.951,201.183,200.945,200.97,9112.0
2024-07-24 04:00:00,200.971,201.029,200.135,200.206,14988.0
2024-07-24 05:00:00,200.204,200.455,200.117,200.123,8207.0
2024-07-24 06:00:00,200.122,200.169,199.842,199.854,11367.0
2024-07-24 07:00:00,199.853,199.865,199.165,199.252,13864.0
2024-07-24 08:00:00,199.251,199.581,198.967,199.403,10941.0
2024-07-24 09:00:00,199.403,199.409,198.99,199.21,15018.0
2024-07-24 10:00:00,199.209,199.787,199.074,199.22,15498.0
2024-07-24 11:00:00,199.219,199.811,199.113,199.72,12237.0
2024-07-24 12:00:00,199.721,199.825,198.945,199.808,12073.0
2024-07-24 13:00:00,199.809,199.823,199.407,199.499,9166.0
2024-07-24 14:00:00,199.494,199.497,198.98,199.195,10224.0
2024-07-24 15:00:00,199.193,199.248,198.748,198.853,15518.0
2024-07-24 16:00:00,198.851,198.994,198.252,198.308,17268.0
2024-07-24 17:00:00,198.308,198.553,197.78,198.003,21330.0
2024-07-24 18:00:00,197.999,198.392,197.998,198.214,14115.0
2024-07-24 19:00:00,198.214,198.481,198.189,198.381,10392.0
2024-07-24 20:00:00,198.38,198.765,198.354,198.714,9201.0
2024-07-24 21:00:00,198.713,198.805,198.595,198.735,10382.0
2024-07-24 22:00:00,198.734,198.813,198.647,198.73,8074.0
2024-07-24 23:00:00,198.728,198.75,198.624,198.624,2923.0
2024-07-25 00:00:00,198.564,198.57,198.103,198.398,3577.0
2024-07-25 01:00:00,198.398,198.493,198.156,198.169,5394.0
2024-07-25 02:00:00,198.167,198.576,198.164,198.521,7584.0
2024-07-25 03:00:00,198.518,198.577,197.138,197.626,17955.0
2024-07-25 04:00:00,197.627,197.756,196.858,197.029,14548.0
2024-07-25 05:00:00,197.028,197.148,196.575,196.743,10789.0
2024-07-25 06:00:00,196.742,196.742,196.262,196.386,11891.0
2024-07-25 07:00:00,196.386,196.73,196.383,196.712,9138.0
2024-07-25 08:00:00,196.711,197.153,196.674,196.965,11222.0
2024-07-25 09:00:00,196.965,197.024,196.546,196.939,15671.0
2024-07-25 10:00:00,196.938,197.059,195.937,196.232,18625.0
2024-07-25 11:00:00,196.232,196.83,195.969,196.778,17814.0
2024-07-25 12:00:00,196.777,196.812,196.191,196.253,12976.0
2024-07-25 13:00:00,196.253,196.314,195.86,195.973,11375.0
2024-07-25 14:00:00,195.972,196.594,195.928,196.586,10694.0
2024-07-25 15:00:00,196.59,197.921,196.374,197.657,20248.0
2024-07-25 16:00:00,197.657,198.476,197.523,197.843,21960.0
2024-07-25 17:00:00,197.843,198.108,197.256,197.847,19954.0
2024-07-25 18:00:00,197.843,198.504,197.823,198.345,15841.0
2024-07-25 19:00:00,198.345,198.807,198.301,198.436,15067.0
2024-07-25 20:00:00,198.439,198.465,198.011,198.246,14459.0
2024-07-25 21:00:00,198.247,198.274,197.752,197.752,11494.0
2024-07-25 22:00:00,197.753,197.987,197.687,197.821,10299.0
2024-07-25 23:00:00,197.824,197.965,197.669,197.807,3917.0
2024-07-26 00:00:00,197.821,197.857,197.743,197.795,2123.0
2024-07-26 01:00:00,197.795,197.933,197.795,197.813,3741.0
2024-07-26 02:00:00,197.812,197.814,197.182,197.588,10358.0
2024-07-26 03:00:00,197.589,198.184,197.219,197.891,14238.0
2024-07-26 04:00:00,197.895,198.104,197.358,197.559,13202.0
2024-07-26 05:00:00,197.551,198.02,197.526,197.946,9945.0
2024-07-26 06:00:00,197.945,197.945,197.743,197.789,6096.0
2024-07-26 07:00:00,197.787,197.888,197.599,197.69,6343.0
2024-07-26 08:00:00,197.691,197.837,197.471,197.631,7767.0
2024-07-26 09:00:00,197.631,197.748,197.461,197.562,13650.0
2024-07-26 10:00:00,197.563,198.379,197.473,197.995,14303.0
2024-07-26 11:00:00,197.996,198.668,197.933,198.519,14380.0
2024-07-26 12:00:00,198.52,198.597,198.208,198.446,10803.0
2024-07-26 13:00:00,198.447,199.012,198.339,198.97,10210.0
2024-07-26 14:00:00,198.97,199.143,198.833,199.013,11442.0
2024-07-26 15:00:00,199.014,199.033,198.25,198.425,16770.0
2024-07-26 16:00:00,198.424,198.43,197.741,197.867,18509.0
2024-07-26 17:00:00,197.848,198.242,196.888,197.299,19277.0
2024-07-26 18:00:00,197.301,197.923,197.281,197.922,13965.0
2024-07-26 19:00:00,197.911,198.029,197.787,197.986,9869.0
2024-07-26 20:00:00,197.987,198.09,197.791,197.908,9048.0
2024-07-29 00:00:00,197.54,197.917,197.54,197.594,2049.0
2024-07-29 01:00:00,197.668,198.2,197.668,198.192,6893.0
2024-07-29 02:00:00,198.195,198.458,198.153,198.333,8933.0
2024-07-29 03:00:00,198.34,198.616,197.863,197.991,14509.0
2024-07-29 04:00:00,197.983,198.127,197.414,197.663,16146.0
2024-07-29 05:00:00,197.664,197.799,197.197,197.65,13385.0
2024-07-29 06:00:00,197.649,198.001,197.561,197.737,8502.0
2024-07-29 07:00:00,197.738,197.82,197.409,197.523,10232.0
2024-07-29 08:00:00,197.523,197.795,197.385,197.434,9739.0
2024-07-29 09:00:00,197.434,197.53,197.098,197.333,13164.0
2024-07-29 10:00:00,197.333,197.473,196.97,197.14,16327.0
2024-07-29 11:00:00,197.137,197.225,196.838,196.923,15197.0
2024-07-29 12:00:00,196.921,197.307,196.789,197.265,11949.0
2024-07-29 13:00:00,197.264,197.601,197.168,197.403,11489.0
2024-07-29 14:00:00,197.403,197.502,197.196,197.321,10816.0
2024-07-29 15:00:00,197.319,197.742,197.178,197.565,14653.0
2024-07-29 16:00:00,197.564,198.052,197.32,197.962,15850.0
2024-07-29 17:00:00,197.961,197.991,197.585,197.903,16942.0
2024-07-29 18:00:00,197.901,197.95,197.698,197.844,12818.0
2024-07-29 19:00:00,197.844,198.043,197.831,197.882,9860.0
2024-07-29 20:00:00,197.881,198.144,197.873,198.114,8510.0
2024-07-29 21:00:00,198.113,198.12,198.001,198.097,7874.0
2024-07-29 22:00:00,198.094,198.172,198.058,198.12,7360.0
2024-07-29 23:00:00,198.12,198.121,198.06,198.094,2974.0
2024-07-30 00:00:00,198.072,198.124,197.882,198.064,2922.0
2024-07-30 01:00:00,198.064,198.198,198.05,198.162,3396.0
2024-07-30 02:00:00,198.162,198.164,197.775,197.829,5844.0
2024-07-30 03:00:00,197.828,198.023,197.495,197.896,10037.0
2024-07-30 04:00:00,197.895,198.211,197.691,197.833,10942.0
2024-07-30 05:00:00,197.84,198.035,197.809,197.939,7214.0
2024-07-30 06:00:00,197.937,198.138,197.903,198.066,7418.0
2024-07-30 07:00:00,198.066,198.593,198.058,198.573,8661.0
2024-07-30 08:00:00,198.574,198.852,198.554,198.727,10968.0
2024-07-30 09:00:00,198.727,199.48,198.588,199.308,14029.0
2024-07-30 10:00:00,199.31,199.42,198.909,199.056,13946.0
2024-07-30 11:00:00,199.06,199.24,198.793,198.89,11790.0
2024-07-30 12:00:00,198.893,199.267,198.889,199.117,9407.0
2024-07-30 13:00:00,199.117,199.223,198.879,198.909,6970.0
2024-07-30 14:00:00,198.909,199.087,198.804,198.951,6988.0
2024-07-30 15:00:00,198.948,199.044,198.706,198.773,12791.0
2024-07-30 16:00:00,198.775,198.775,198.094,198.186,18022.0
2024-07-30 17:00:00,198.181,198.419,198.097,198.309,18352.0
2024-07-30 18:00:00,198.31,198.327,197.105,197.199,19564.0
2024-07-30 19:00:00,197.199,197.397,196.558,196.658,16691.0
2024-07-30 20:00:00,196.659,196.766,196.35,196.602,16248.0
2024-07-30 21:00:00,196.602,196.898,196.492,196.68,11231.0
2024-07-30 22:00:00,196.68,196.76,196.605,196.689,8605.0
2024-07-30 23:00:00,196.689,196.703,195.95,196.067,6351.0
2024-07-31 00:00:00,196.044,196.163,195.802,195.858,2843.0
2024-07-31 01:00:00,195.858,196.528,195.651,196.237,9983.0
2024-07-31 02:00:00,196.235,196.358,195.689,195.977,10731.0
2024-07-31 03:00:00,195.978,196.024,195.331,195.66,15307.0
2024-07-31 04:00:00,195.66,195.877,195.364,195.735,13689.0
2024-07-31 05:00:00,195.722,196.898,195.65,196.428,12526.0
2024-07-31 06:00:00,196.427,197.511,194.734,197.29,13250.0
2024-07-31 07:00:00,197.192,197.609,195.783,195.967,15090.0
2024-07-31 08:00:00,195.967,196.685,195.858,196.361,13337.0
2024-07-31 09:00:00,196.365,196.525,195.457,195.485,17466.0
2024-07-31 10:00:00,195.476,195.614,193.48,193.775,21408.0
2024-07-31 11:00:00,193.772,193.837,192.508,193.636,21772.0
2024-07-31 12:00:00,193.631,193.655,192.945,193.004,15812.0
2024-07-31 13:00:00,193.003,193.317,192.722,193.27,14093.0
2024-07-31 14:00:00,193.269,193.367,192.645,192.769,14867.0
2024-07-31 15:00:00,192.769,193.316,192.468,193.145,19986.0
2024-07-31 16:00:00,193.143,193.194,192.373,192.379,19251.0
2024-07-31 17:00:00,192.38,193.463,192.175,193.212,21075.0
2024-07-31 18:00:00,193.215,193.426,192.997,193.08,18157.0
2024-07-31 19:00:00,193.079,193.343,193.053,193.265,14214.0
2024-07-31 20:00:00,193.266,193.768,193.219,193.47,12614.0
2024-07-31 21:00:00,193.402,193.978,193.263,193.399,23216.0
2024-07-31 22:00:00,193.404,193.508,192.402,192.546,22966.0
2024-07-31 23:00:00,192.547,193.222,192.466,192.776,8467.0
2024-08-01 00:00:00,192.772,192.774,192.615,192.67,4054.0
2024-08-01 01:00:00,192.67,193.089,192.609,193.074,4405.0
2024-08-01 02:00:00,193.074,193.244,192.385,192.513,5617.0
2024-08-01 03:00:00,192.516,192.649,191.977,192.084,9352.0
2024-08-01 04:00:00,192.085,192.121,190.964,191.708,11321.0
2024-08-01 05:00:00,191.738,192.51,191.537,192.473,8524.0
2024-08-01 06:00:00,192.479,192.51,192.036,192.227,8023.0
2024-08-01 07:00:00,192.227,192.387,192.005,192.342,7880.0
2024-08-01 08:00:00,192.342,192.744,192.253,192.414,8408.0
2024-08-01 09:00:00,192.414,192.517,192.112,192.131,16944.0
2024-08-01 10:00:00,192.132,192.166,191.595,191.708,19580.0
2024-08-01 11:00:00,191.704,191.734,190.986,191.301,19115.0
2024-08-01 12:00:00,191.302,191.346,191.008,191.259,15748.0
2024-08-01 13:00:00,191.26,192.027,191.26,191.723,13084.0
2024-08-01 14:00:00,191.723,192.656,191.255,192.568,15338.0
2024-08-01 15:00:00,192.567,193.26,192.412,193.258,19498.0
2024-08-01 16:00:00,193.258,193.259,192.471,192.95,19298.0
2024-08-01 17:00:00,192.907,192.95,191.813,191.95,22861.0
2024-08-01 18:00:00,191.949,191.996,191.506,191.59,18749.0
2024-08-01 19:00:00,191.59,191.768,191.0,191.179,16754.0
2024-08-01 20:00:00,191.178,191.233,190.651,190.89,14782.0
2024-08-01 21:00:00,190.891,190.927,190.334,190.336,13967.0
2024-08-01 22:00:00,190.339,190.941,190.313,190.845,12826.0
2024-08-01 23:00:00,190.843,190.85,190.165,190.224,7036.0
2024-08-02 00:00:00,190.222,190.3,190.074,190.15,3546.0
2024-08-02 01:00:00,190.15,190.31,189.743,190.146,8176.0
2024-08-02 02:00:00,190.15,190.15,189.582,189.912,11748.0
2024-08-02 03:00:00,189.913,190.122,189.512,190.067,18989.0
2024-08-02 04:00:00,190.066,190.514,190.017,190.219,16219.0
2024-08-02 05:00:00,190.22,190.426,189.735,190.287,13138.0
2024-08-02 06:00:00,190.291,190.383,190.044,190.161,10003.0
2024-08-02 07:00:00,190.161,190.317,189.92,189.93,10786.0
2024-08-02 08:00:00,189.93,190.117,189.585,189.68,12557.0
2024-08-02 09:00:00,189.668,190.098,189.389,189.429,18234.0
2024-08-02 10:00:00,189.427,189.77,188.995,189.691,19872.0
2024-08-02 11:00:00,189.692,189.902,189.393,189.847,15414.0
2024-08-02 12:00:00,189.849,189.897,189.539,189.667,11320.0
2024-08-02 13:00:00,189.666,189.798,189.447,189.525,12091.0
2024-08-02 14:00:00,189.519,190.02,189.517,189.859,12409.0
2024-08-02 15:00:00,189.858,190.054,187.589,188.756,22777.0
2024-08-02 16:00:00,188.756,189.893,188.63,188.719,26142.0
2024-08-02 17:00:00,188.717,189.106,187.673,187.837,27239.0
2024-08-02 18:00:00,187.833,188.295,187.384,188.094,24013.0
2024-08-02 19:00:00,188.094,188.588,187.646,187.801,21558.0
2024-08-02 20:00:00,187.801,188.053,187.723,187.912,17317.0
2024-08-05 00:00:00,187.534,187.624,187.392,187.526,2489.0
2024-08-05 01:00:00,187.528,187.528,186.808,187.193,9718.0
2024-08-05 02:00:00,187.189,187.228,185.73,186.176,16891.0
2024-08-05 03:00:00,186.177,186.546,185.672,186.032,22925.0
2024-08-05 04:00:00,186.03,186.103,185.044,185.603,21816.0
2024-08-05 05:00:00,185.603,186.219,185.482,185.736,16896.0
2024-08-05 06:00:00,185.737,185.773,184.514,184.788,17232.0
2024-08-05 07:00:00,184.787,184.88,181.966,183.274,20002.0
2024-08-05 08:00:00,183.263,183.735,181.65,181.837,22447.0
2024-08-05 09:00:00,181.815,182.497,180.096,181.876,25213.0
2024-08-05 10:00:00,181.874,184.327,181.872,183.575,24697.0
2024-08-05 11:00:00,183.568,183.676,181.548,181.73,20581.0
2024-08-05 12:00:00,181.742,182.009,180.852,181.338,21148.0
2024-08-05 13:00:00,181.336,181.714,180.697,181.639,16927.0
2024-08-05 14:00:00,181.639,182.318,181.517,181.67,18219.0
2024-08-05 15:00:00,181.669,181.97,180.95,181.399,22702.0
2024-08-05 16:00:00,181.405,182.94,181.404,182.311,25149.0
2024-08-05 17:00:00,182.311,183.806,181.865,182.014,27214.0
2024-08-05 18:00:00,182.015,183.877,181.604,183.75,23487.0
2024-08-05 19:00:00,183.75,185.188,183.704,184.072,22243.0
2024-08-05 20:00:00,184.071,184.541,183.576,183.727,18123.0
2024-08-05 21:00:00,183.729,184.006,182.939,183.013,16080.0
2024-08-05 22:00:00,183.014,183.683,183.0,183.615,13184.0
2024-08-05 23:00:00,183.623,184.313,183.587,184.186,10275.0
2024-08-06 00:00:00,184.156,184.17,183.94,183.948,2890.0
2024-08-06 01:00:00,183.948,185.144,183.57,185.017,9838.0
2024-08-06 02:00:00,185.017,186.476,185.016,186.451,15495.0
2024-08-06 03:00:00,186.451,187.1,185.369,185.693,20069.0
2024-08-06 04:00:00,185.694,186.143,184.56,185.149,16331.0
2024-08-06 05:00:00,185.151,185.805,184.46,185.751,14149.0
2024-08-06 06:00:00,185.75,186.521,185.512,185.749,12183.0
2024-08-06 07:00:00,185.748,186.06,185.432,185.87,12024.0
2024-08-06 08:00:00,185.871,186.66,185.325,186.287,18353.0
2024-08-06 09:00:00,186.287,186.704,185.432,185.763,19748.0
2024-08-06 10:00:00,185.765,186.148,184.924,185.108,23231.0
2024-08-06 11:00:00,185.106,185.194,184.024,184.517,22027.0
2024-08-06 12:00:00,184.517,184.52,183.63,183.986,20631.0
2024-08-06 13:00:00,183.986,184.335,183.474,183.842,19673.0
2024-08-06 14:00:00,183.842,184.794,183.842,184.242,18720.0
2024-08-06 15:00:00,184.242,184.319,183.135,183.344,21482.0
2024-08-06 16:00:00,183.343,183.633,182.806,183.358,23448.0
2024-08-06 17:00:00,183.363,184.435,183.176,183.61,23770.0
2024-08-06 18:00:00,183.609,184.297,183.609,184.207,21565.0
2024-08-06 19:00:00,184.207,184.788,184.056,184.695,17917.0
2024-08-06 20:00:00,184.699,184.722,184.13,184.485,15692.0
2024-08-06 21:00:00,184.484,184.525,184.113,184.116,12653.0
2024-08-06 22:00:00,184.116,184.204,183.687,183.69,16215.0
2024-08-06 23:00:00,183.689,183.792,182.969,183.21,8962.0
2024-08-07 00:00:00,183.072,183.535,182.973,183.324,3473.0
2024-08-07 01:00:00,183.324,183.723,183.195,183.481,8076.0
2024-08-07 02:00:00,183.481,183.597,183.209,183.583,9329.0
2024-08-07 03:00:00,183.589,184.394,183.396,183.845,18188.0
2024-08-07 04:00:00,183.845,187.279,183.638,186.374,19769.0
2024-08-07 05:00:00,186.375,186.715,185.865,186.608,16212.0
2024-08-07 06:00:00,186.593,187.323,186.363,187.071,13046.0
2024-08-07 07:00:00,187.076,188.084,187.046,187.543,12791.0
2024-08-07 08:00:00,187.541,187.808,186.542,186.719,17599.0
2024-08-07 09:00:00,186.706,186.915,185.982,186.354,18033.0
2024-08-07 10:00:00,186.356,186.769,185.378,186.272,21163.0
2024-08-07 11:00:00,186.271,187.075,186.165,186.973,19073.0
2024-08-07 12:00:00,186.974,187.675,186.787,187.558,17666.0
2024-08-07 13:00:00,187.556,187.599,186.888,187.168,14389.0
2024-08-07 14:00:00,187.168,187.719,187.043,187.344,14031.0
2024-08-07 15:00:00,187.347,187.391,186.872,187.015,16536.0
2024-08-07 16:00:00,187.014,187.384,186.843,187.214,18782.0
2024-08-07 17:00:00,187.215,187.519,186.386,187.344,18991.0
2024-08-07 18:00:00,187.343,187.891,187.266,187.453,16796.0
2024-08-07 19:00:00,187.453,187.505,186.849,187.029,16399.0
2024-08-07 20:00:00,187.03,187.262,186.572,186.669,17149.0
2024-08-07 21:00:00,186.668,186.668,186.203,186.253,18553.0
2024-08-07 22:00:00,186.263,186.88,186.256,186.346,17092.0
2024-08-07 23:00:00,186.345,186.455,186.176,186.207,6137.0
2024-08-08 00:00:00,186.122,186.262,185.988,186.162,2382.0
2024-08-08 01:00:00,186.17,186.274,185.63,185.87,6774.0
2024-08-08 02:00:00,185.87,185.878,184.602,185.521,14138.0
2024-08-08 03:00:00,185.53,185.899,184.477,185.152,22141.0
2024-08-08 04:00:00,185.154,186.013,185.089,185.678,18019.0
2024-08-08 05:00:00,185.677,186.378,185.661,186.075,14971.0
2024-08-08 06:00:00,186.072,186.295,185.776,185.898,13341.0
2024-08-08 07:00:00,185.904,185.921,185.225,185.536,15679.0
2024-08-08 08:00:00,185.535,185.873,185.256,185.312,17010.0
2024-08-08 09:00:00,185.302,185.961,185.178,185.854,19094.0
2024-08-08 10:00:00,185.855,185.903,184.813,185.269,21030.0
2024-08-08 11:00:00,185.271,185.806,185.116,185.68,17699.0
2024-08-08 12:00:00,185.679,185.973,185.024,185.184,16463.0
2024-08-08 13:00:00,185.185,185.618,184.94,185.415,16065.0
2024-08-08 14:00:00,185.415,185.796,185.174,185.564,16679.0
2024-08-08 15:00:00,185.562,186.679,185.29,186.413,21776.0
2024-08-08 16:00:00,186.415,187.129,186.299,186.912,23245.0
2024-08-08 17:00:00,186.911,187.553,186.715,187.276,20954.0
2024-08-08 18:00:00,187.276,187.469,187.07,187.412,17343.0
2024-08-08 19:00:00,187.412,187.658,187.323,187.631,14277.0
2024-08-08 20:00:00,187.628,187.88,187.411,187.806,14179.0
2024-08-08 21:00:00,187.806,187.874,187.68,187.699,10912.0
2024-08-08 22:00:00,187.696,187.772,187.448,187.539,13644.0
2024-08-08 23:00:00,187.539,187.761,187.504,187.757,4874.0
2024-08-09 00:00:00,187.616,187.725,187.52,187.584,2597.0
2024-08-09 01:00:00,187.584,187.797,187.565,187.676,6613.0
2024-08-09 02:00:00,187.678,188.419,187.64,188.253,12018.0
2024-08-09 03:00:00,188.248,188.303,187.534,187.905,17979.0
2024-08-09 04:00:00,187.914,188.116,187.512,187.52,14102.0
2024-08-09 05:00:00,187.52,188.14,187.417,188.123,12484.0
2024-08-09 06:00:00,188.129,188.216,187.718,187.845,10046.0
2024-08-09 07:00:00,187.845,187.888,187.191,187.275,11461.0
2024-08-09 08:00:00,187.272,187.623,187.038,187.501,16052.0
2024-08-09 09:00:00,187.507,188.012,187.38,187.99,14844.0
2024-08-09 10:00:00,187.993,187.994,187.552,187.888,16671.0
2024-08-09 11:00:00,187.885,188.043,187.471,187.913,16563.0
2024-08-09 12:00:00,187.914,188.022,187.756,187.877,13258.0
2024-08-09 13:00:00,187.876,187.877,187.411,187.527,12424.0
2024-08-09 14:00:00,187.527,187.563,187.005,187.315,15459.0
2024-08-09 15:00:00,187.319,187.336,186.473,186.957,17499.0
2024-08-09 16:00:00,186.956,186.992,186.674,186.864,18126.0
2024-08-09 17:00:00,186.858,187.135,186.574,187.036,19748.0
2024-08-09 18:00:00,187.036,187.387,186.924,186.992,16914.0
2024-08-09 19:00:00,186.992,187.111,186.943,187.05,12756.0
2024-08-09 20:00:00,187.052,187.321,187.019,187.202,12517.0
2024-08-12 00:00:00,187.076,187.388,187.046,187.12,926.0
2024-08-12 01:00:00,187.126,187.482,187.124,187.431,8445.0
2024-08-12 02:00:00,187.432,187.603,187.328,187.494,7208.0
2024-08-12 03:00:00,187.494,187.494,187.245,187.347,9726.0
2024-08-12 04:00:00,187.346,187.556,187.153,187.51,9176.0
2024-08-12 05:00:00,187.51,187.562,187.397,187.52,7242.0
2024-08-12 06:00:00,187.521,187.816,187.437,187.802,9941.0
2024-08-12 07:00:00,187.804,187.82,187.626,187.776,8188.0
2024-08-12 08:00:00,187.777,187.975,187.752,187.924,10128.0
2024-08-12 09:00:00,187.923,188.197,187.907,187.945,11739.0
2024-08-12 10:00:00,187.946,188.091,187.72,187.986,15494.0
2024-08-12 11:00:00,187.988,188.198,187.962,188.091,12366.0
2024-08-12 12:00:00,188.089,188.099,187.795,187.98,10032.0
2024-08-12 13:00:00,187.98,188.159,187.875,188.111,9413.0
2024-08-12 14:00:00,188.111,188.494,188.07,188.45,11158.0
2024-08-12 15:00:00,188.455,188.553,188.34,188.546,10922.0
2024-08-12 16:00:00,188.545,189.33,188.508,188.644,18522.0
2024-08-12 17:00:00,188.647,189.12,188.402,189.044,19356.0
2024-08-12 18:00:00,189.045,189.075,188.159,188.45,18091.0
2024-08-12 19:00:00,188.45,188.473,187.963,187.995,14583.0
2024-08-12 20:00:00,187.996,188.076,187.758,187.893,14898.0
2024-08-12 21:00:00,187.894,188.1,187.766,188.096,12718.0
2024-08-12 22:00:00,188.091,188.129,187.72,187.934,11516.0
2024-08-12 23:00:00,187.931,188.03,187.887,187.887,4980.0
2024-08-13 00:00:00,187.814,187.922,187.774,187.832,1992.0
2024-08-13 01:00:00,187.828,187.963,187.765,187.856,6705.0
2024-08-13 02:00:00,187.856,187.965,187.587,187.761,6031.0
2024-08-13 03:00:00,187.762,188.065,187.66,188.005,13553.0
2024-08-13 04:00:00,188.007,188.354,188.007,188.162,12130.0
2024-08-13 05:00:00,188.163,188.253,188.029,188.222,8493.0
2024-08-13 06:00:00,188.223,188.453,188.167,188.396,7734.0
2024-08-13 07:00:00,188.394,188.844,188.37,188.763,9104.0
2024-08-13 08:00:00,188.761,188.908,188.639,188.711,8583.0
2024-08-13 09:00:00,188.708,189.502,188.708,189.356,13454.0
2024-08-13 10:00:00,189.356,189.518,189.15,189.396,14309.0
2024-08-13 11:00:00,189.395,189.395,188.976,189.211,12892.0
2024-08-13 12:00:00,189.21,189.286,188.941,189.173,10398.0
2024-08-13 13:00:00,189.177,189.235,188.601,188.613,12045.0
2024-08-13 14:00:00,188.613,188.804,188.407,188.487,13319.0
2024-08-13 15:00:00,188.486,188.816,188.171,188.785,18420.0
2024-08-13 16:00:00,188.786,188.913,187.991,188.527,20908.0
2024-08-13 17:00:00,188.527,188.791,188.249,188.523,18423.0
2024-08-13 18:00:00,188.525,188.652,188.449,188.524,13771.0
2024-08-13 19:00:00,188.522,188.619,188.334,188.483,12827.0
2024-08-13 20:00:00,188.482,188.833,188.47,188.814,11871.0
2024-08-13 21:00:00,188.817,188.876,188.728,188.749,13121.0
2024-08-13 22:00:00,188.747,188.968,188.605,188.918,14059.0
2024-08-13 23:00:00,188.916,189.007,188.861,188.882,7991.0
2024-08-14 00:00:00,188.812,188.906,188.624,188.803,2033.0
2024-08-14 01:00:00,188.803,188.965,188.79,188.896,4846.0
2024-08-14 02:00:00,188.896,189.14,188.862,189.045,6193.0
2024-08-14 03:00:00,189.048,189.329,189.028,189.214,12278.0
2024-08-14 04:00:00,189.215,189.312,188.785,188.918,11664.0
2024-08-14 05:00:00,188.918,188.921,187.865,188.325,16627.0
2024-08-14 06:00:00,188.326,188.884,188.114,188.7,13871.0
2024-08-14 07:00:00,188.699,189.123,188.67,188.849,10363.0
2024-08-14 08:00:00,188.85,189.157,188.767,189.154,9285.0
2024-08-14 09:00:00,189.156,189.205,188.443,188.92,16438.0
2024-08-14 10:00:00,188.919,189.276,188.86,189.25,14404.0
2024-08-14 11:00:00,189.249,189.368,188.878,188.912,14023.0
2024-08-14 12:00:00,188.913,189.085,188.843,189.047,10885.0
2024-08-14 13:00:00,189.046,189.06,188.6,188.627,9527.0
2024-08-14 14:00:00,188.627,188.777,188.575,188.733,9286.0
2024-08-14 15:00:00,188.732,189.434,188.372,189.149,18648.0
2024-08-14 16:00:00,189.145,189.439,188.791,188.882,21086.0
2024-08-14 17:00:00,188.885,188.977,188.496,188.673,20628.0
2024-08-14 18:00:00,188.674,188.708,188.338,188.699,14051.0
2024-08-14 19:00:00,188.7,188.787,188.488,188.649,11401.0
2024-08-14 20:00:00,188.648,188.921,188.616,188.845,10937.0
2024-08-14 21:00:00,188.844,188.967,188.72,188.917,8704.0
2024-08-14 22:00:00,188.918,189.081,188.864,189.0,8352.0
2024-08-14 23:00:00,189.0,189.158,188.918,188.927,6709.0
2024-08-15 00:00:00,188.932,188.932,188.79,188.885,2012.0
2024-08-15 01:00:00,188.885,188.968,188.762,188.939,3178.0
2024-08-15 02:00:00,188.94,189.061,188.792,188.868,5870.0
2024-08-15 03:00:00,188.868,189.002,188.754,188.854,10057.0
2024-08-15 04:00:00,188.853,189.314,188.8,189.229,13088.0
2024-08-15 05:00:00,189.229,189.347,189.103,189.192,9891.0
2024-08-15 06:00:00,189.191,189.215,189.077,189.176,6723.0
2024-08-15 07:00:00,189.176,189.189,189.032,189.095,7098.0
2024-08-15 08:00:00,189.093,189.179,188.885,188.962,8107.0
2024-08-15 09:00:00,188.964,189.29,188.927,189.152,10479.0
2024-08-15 10:00:00,189.147,189.331,188.986,189.182,11629.0
2024-08-15 11:00:00,189.181,189.336,189.094,189.237,10963.0
2024-08-15 12:00:00,189.236,189.506,189.212,189.438,8557.0
2024-08-15 13:00:00,189.438,189.479,189.218,189.248,7843.0
2024-08-15 14:00:00,189.247,189.452,189.198,189.347,9420.0
2024-08-15 15:00:00,189.346,191.118,189.303,190.934,18871.0
2024-08-15 16:00:00,190.933,191.432,190.864,191.355,22267.0
2024-08-15 17:00:00,191.355,191.615,191.008,191.553,19527.0
2024-08-15 18:00:00,191.55,191.677,191.491,191.543,13495.0
2024-08-15 19:00:00,191.543,191.697,191.485,191.543,9933.0
2024-08-15 20:00:00,191.546,191.714,191.432,191.689,8818.0
2024-08-15 21:00:00,191.688,191.688,191.568,191.66,8095.0
2024-08-15 22:00:00,191.659,191.677,191.486,191.591,8186.0
2024-08-15 23:00:00,191.592,192.006,191.553,191.874,6132.0
2024-08-16 00:00:00,191.786,191.93,191.786,191.902,1032.0
2024-08-16 01:00:00,191.902,191.913,191.582,191.861,4924.0
2024-08-16 02:00:00,191.862,191.937,191.758,191.897,5484.0
2024-08-16 03:00:00,191.896,191.93,191.512,191.847,12138.0
2024-08-16 04:00:00,191.848,191.932,191.591,191.69,11300.0
2024-08-16 05:00:00,191.69,191.768,191.48,191.663,9823.0
2024-08-16 06:00:00,191.662,191.735,191.548,191.641,7309.0
2024-08-16 07:00:00,191.642,191.746,191.55,191.63,6372.0
2024-08-16 08:00:00,191.629,191.962,191.608,191.757,7324.0
2024-08-16 09:00:00,191.757,191.967,191.719,191.915,11428.0
2024-08-16 10:00:00,191.916,192.008,191.729,191.933,10624.0
2024-08-16 11:00:00,191.932,191.995,191.577,191.622,11013.0
2024-08-16 12:00:00,191.622,191.885,191.551,191.874,9483.0
2024-08-16 13:00:00,191.873,191.887,191.441,191.504,10091.0
2024-08-16 14:00:00,191.505,191.521,190.942,191.116,13324.0
2024-08-16 15:00:00,191.118,191.214,190.429,190.475,14618.0
2024-08-16 16:00:00,190.476,190.922,190.37,190.683,16456.0
2024-08-16 17:00:00,190.68,191.072,190.678,190.792,18520.0
2024-08-16 18:00:00,190.792,191.295,190.777,191.174,12707.0
2024-08-16 19:00:00,191.177,191.334,191.143,191.23,9695.0
2024-08-16 20:00:00,191.229,191.243,190.98,191.046,8133.0
2024-08-19 00:00:00,190.842,191.095,190.834,191.019,1229.0
2024-08-19 01:00:00,191.02,191.448,190.996,191.362,5912.0
2024-08-19 02:00:00,191.362,191.608,191.296,191.558,5171.0
2024-08-19 03:00:00,191.563,191.631,191.257,191.354,12358.0
2024-08-19 04:00:00,191.353,191.442,190.798,190.932,13947.0
2024-08-19 05:00:00,190.93,191.183,190.834,190.882,8585.0
2024-08-19 06:00:00,190.881,190.94,189.535,189.729,14365.0
2024-08-19 07:00:00,189.731,189.95,188.964,189.365,12112.0
2024-08-19 08:00:00,189.366,189.503,188.496,188.532,15014.0
2024-08-19 09:00:00,188.53,189.094,188.239,189.084,19262.0
2024-08-19 10:00:00,189.085,189.544,188.849,189.427,17417.0
2024-08-19 11:00:00,189.428,189.628,189.202,189.494,15842.0
2024-08-19 12:00:00,189.495,189.624,189.194,189.611,13797.0
2024-08-19 13:00:00,189.612,189.926,189.459,189.517,13755.0
2024-08-19 14:00:00,189.515,189.586,189.176,189.225,12837.0
2024-08-19 15:00:00,189.226,189.433,189.034,189.362,13272.0
2024-08-19 16:00:00,189.362,189.847,189.36,189.764,16785.0
2024-08-19 17:00:00,189.765,190.27,189.545,190.078,19044.0
2024-08-19 18:00:00,190.078,190.387,190.027,190.061,13576.0
2024-08-19 19:00:00,190.062,190.239,189.981,190.183,9273.0
2024-08-19 20:00:00,190.184,190.384,190.169,190.359,8108.0
2024-08-19 21:00:00,190.353,190.573,190.3,190.534,9444.0
2024-08-19 22:00:00,190.534,190.558,190.386,190.478,9598.0
2024-08-19 23:00:00,190.477,190.531,190.408,190.445,5030.0
2024-08-20 00:00:00,190.325,190.478,190.258,190.339,1368.0
2024-08-20 01:00:00,190.339,190.499,190.326,190.465,1964.0
2024-08-20 02:00:00,190.467,190.773,190.45,190.568,6668.0
2024-08-20 03:00:00,190.57,190.587,189.821,190.044,15011.0
2024-08-20 04:00:00,190.043,190.294,189.473,190.028,15394.0
2024-08-20 05:00:00,190.028,190.908,189.974,190.794,13026.0
2024-08-20 06:00:00,190.794,191.006,190.577,190.88,11280.0
2024-08-20 07:00:00,190.879,190.923,190.533,190.711,8993.0
2024-08-20 08:00:00,190.713,191.197,190.7,191.176,9971.0
2024-08-20 09:00:00,191.176,191.269,190.938,191.086,13262.0
2024-08-20 10:00:00,191.085,191.202,190.169,190.567,17266.0
2024-08-20 11:00:00,190.567,190.679,190.234,190.488,17260.0
2024-08-20 12:00:00,190.489,190.586,190.23,190.487,13090.0
2024-08-20 13:00:00,190.485,190.533,190.272,190.438,11925.0
2024-08-20 14:00:00,190.438,190.644,190.299,190.396,11358.0
2024-08-20 15:00:00,190.393,190.645,190.285,190.415,16003.0
2024-08-20 16:00:00,190.416,190.503,190.183,190.335,18007.0
2024-08-20 17:00:00,190.336,190.435,189.674,189.718,20997.0
2024-08-20 18:00:00,189.72,189.855,189.577,189.783,15392.0
2024-08-20 19:00:00,189.783,189.837,189.373,189.376,12253.0
2024-08-20 20:00:00,189.376,189.502,189.228,189.451,9907.0
2024-08-20 21:00:00,189.453,189.537,189.414,189.437,8689.0
2024-08-20 22:00:00,189.436,189.512,189.385,189.419,7699.0
2024-08-20 23:00:00,189.418,189.474,189.263,189.328,4331.0
2024-08-21 00:00:00,189.307,189.309,189.044,189.115,3478.0
2024-08-21 01:00:00,189.114,189.197,188.951,189.13,6450.0
2024-08-21 02:00:00,189.127,189.458,188.938,189.414,10651.0
2024-08-21 03:00:00,189.414,189.702,188.97,189.589,15245.0
2024-08-21 04:00:00,189.589,189.737,189.327,189.404,15727.0
2024-08-21 05:00:00,189.405,189.519,189.236,189.419,11127.0
2024-08-21 06:00:00,189.42,189.629,189.382,189.515,9514.0
2024-08-21 07:00:00,189.516,189.863,189.403,189.76,9057.0
2024-08-21 08:00:00,189.76,189.922,189.525,189.672,9907.0
2024-08-21 09:00:00,189.67,190.053,189.547,190.005,14124.0
2024-08-21 10:00:00,190.005,190.298,189.815,190.214,17038.0
2024-08-21 11:00:00,190.212,190.293,189.931,190.031,13855.0
2024-08-21 12:00:00,190.028,190.386,189.994,190.345,11900.0
2024-08-21 13:00:00,190.345,190.715,190.29,190.625,10929.0
2024-08-21 14:00:00,190.625,190.625,190.289,190.346,11518.0
2024-08-21 15:00:00,190.346,190.348,190.124,190.165,14516.0
2024-08-21 16:00:00,190.167,190.227,189.813,190.183,17608.0
2024-08-21 17:00:00,190.18,191.492,189.974,190.216,26684.0
2024-08-21 18:00:00,190.217,190.22,189.641,189.866,20131.0
2024-08-21 19:00:00,189.866,190.109,189.672,190.048,14097.0
2024-08-21 20:00:00,190.047,190.094,189.83,189.993,11066.0
2024-08-21 21:00:00,189.98,189.985,189.456,189.707,14907.0
2024-08-21 22:00:00,189.708,189.868,189.623,189.82,10905.0
2024-08-21 23:00:00,189.818,190.191,189.816,190.173,6236.0
2024-08-22 00:00:00,189.982,190.029,189.806,190.018,2719.0
2024-08-22 01:00:00,190.018,190.061,189.68,189.683,4054.0
2024-08-22 02:00:00,189.682,189.983,189.637,189.971,6821.0
2024-08-22 03:00:00,189.972,190.34,189.78,190.209,11736.0
2024-08-22 04:00:00,190.21,190.558,190.077,190.526,10218.0
2024-08-22 05:00:00,190.527,190.546,190.191,190.29,8844.0
2024-08-22 06:00:00,190.29,190.338,189.997,190.076,6978.0
2024-08-22 07:00:00,190.077,190.194,189.695,189.863,9560.0
2024-08-22 08:00:00,189.862,190.081,189.726,190.038,7541.0
2024-08-22 09:00:00,190.032,190.362,190.008,190.311,11719.0
2024-08-22 10:00:00,190.311,190.566,189.859,190.216,14600.0
2024-08-22 11:00:00,190.214,191.14,190.214,190.958,14111.0
2024-08-22 12:00:00,190.96,191.119,190.822,191.085,11505.0
2024-08-22 13:00:00,191.085,191.44,191.027,191.225,10356.0
2024-08-22 14:00:00,191.225,191.558,191.16,191.395,10694.0
2024-08-22 15:00:00,191.393,191.729,191.178,191.573,15905.0
2024-08-22 16:00:00,191.572,191.94,191.264,191.688,19187.0
2024-08-22 17:00:00,191.687,191.843,191.476,191.584,19064.0
2024-08-22 18:00:00,191.583,191.624,190.853,191.117,14341.0
2024-08-22 19:00:00,191.117,191.65,191.099,191.462,11974.0
2024-08-22 20:00:00,191.461,191.697,191.308,191.332,12459.0
2024-08-22 21:00:00,191.331,191.547,191.274,191.401,9648.0
2024-08-22 22:00:00,191.401,191.485,191.309,191.394,7979.0
2024-08-22 23:00:00,191.395,191.533,191.389,191.508,3564.0
2024-08-23 00:00:00,191.405,191.443,191.348,191.392,2389.0
2024-08-23 01:00:00,191.392,191.479,191.345,191.365,2990.0
2024-08-23 02:00:00,191.365,191.485,191.19,191.46,5088.0
2024-08-23 03:00:00,191.461,191.571,191.096,191.309,14118.0
2024-08-23 04:00:00,191.311,191.366,190.59,190.633,14669.0
2024-08-23 05:00:00,190.632,190.865,190.369,190.749,12270.0
2024-08-23 06:00:00,190.752,190.909,190.657,190.844,7857.0
2024-08-23 07:00:00,190.845,191.22,190.78,191.07,7814.0
2024-08-23 08:00:00,191.069,191.074,190.816,190.966,7140.0
2024-08-23 09:00:00,190.967,191.099,190.649,190.834,11640.0
2024-08-23 10:00:00,190.833,191.41,190.735,191.265,13907.0
2024-08-23 11:00:00,191.268,191.665,191.191,191.6,12034.0
2024-08-23 12:00:00,191.598,191.877,191.588,191.82,10856.0
2024-08-23 13:00:00,191.822,191.825,191.504,191.577,8977.0
2024-08-23 14:00:00,191.577,191.748,191.49,191.588,8954.0
2024-08-23 15:00:00,191.588,191.758,191.47,191.498,13094.0
2024-08-23 16:00:00,191.5,192.03,191.452,191.874,15010.0
2024-08-23 17:00:00,191.874,192.032,191.243,191.486,27274.0
2024-08-23 18:00:00,191.482,191.606,191.045,191.112,21492.0
2024-08-23 19:00:00,191.112,191.234,190.822,191.041,16888.0
2024-08-23 20:00:00,191.041,191.119,190.693,190.769,12360.0
2024-08-26 00:00:00,190.516,190.603,190.164,190.221,1065.0
2024-08-26 01:00:00,190.221,190.692,189.99,190.115,8156.0
2024-08-26 02:00:00,190.113,190.271,189.613,190.183,12562.0
2024-08-26 03:00:00,190.181,190.329,189.609,189.916,16750.0
2024-08-26 04:00:00,189.913,190.092,189.608,189.901,14572.0
2024-08-26 05:00:00,189.903,190.167,189.668,190.089,9881.0
2024-08-26 06:00:00,190.087,190.243,189.953,190.086,9471.0
2024-08-26 07:00:00,190.088,190.151,189.812,190.151,7916.0
2024-08-26 08:00:00,190.15,190.348,189.999,190.16,8246.0
2024-08-26 09:00:00,190.16,190.197,189.678,189.772,13093.0
2024-08-26 10:00:00,189.774,189.889,189.502,189.86,13051.0
2024-08-26 11:00:00,189.861,189.962,189.717,189.869,10490.0
2024-08-26 12:00:00,189.868,190.016,189.797,189.875,7631.0
2024-08-26 13:00:00,189.876,190.136,189.861,190.109,7809.0
2024-08-26 14:00:00,190.11,190.216,190.0,190.101,10953.0
2024-08-26 15:00:00,190.102,190.452,189.977,190.018,14144.0
2024-08-26 16:00:00,190.021,190.447,189.85,190.435,16872.0
2024-08-26 17:00:00,190.436,190.546,190.291,190.323,17007.0
2024-08-26 18:00:00,190.336,190.718,190.304,190.539,12938.0
2024-08-26 19:00:00,190.539,190.789,190.492,190.67,8710.0
2024-08-26 20:00:00,190.669,190.738,190.565,190.688,8390.0
2024-08-26 21:00:00,190.689,190.775,190.577,190.599,8105.0
2024-08-26 22:00:00,190.601,190.69,190.595,190.653,5926.0
2024-08-26 23:00:00,190.652,190.657,190.461,190.573,3503.0
2024-08-27 00:00:00,190.49,190.601,190.412,190.515,1210.0
2024-08-27 01:00:00,190.515,190.558,190.329,190.392,4423.0
2024-08-27 02:00:00,190.392,190.651,190.239,190.628,5462.0
2024-08-27 03:00:00,190.627,190.94,190.55,190.925,9668.0
2024-08-27 04:00:00,190.927,191.101,190.794,190.913,9202.0
2024-08-27 05:00:00,190.912,191.174,190.84,191.088,7041.0
2024-08-27 06:00:00,191.089,191.192,191.003,191.05,5832.0
2024-08-27 07:00:00,191.049,191.051,190.803,190.817,6975.0
2024-08-27 08:00:00,190.817,191.169,190.808,191.071,7448.0
2024-08-27 09:00:00,191.071,191.199,190.936,191.083,11038.0
2024-08-27 10:00:00,191.082,191.683,191.082,191.397,15310.0
2024-08-27 11:00:00,191.397,191.923,191.383,191.741,11987.0
2024-08-27 12:00:00,191.742,191.867,191.589,191.686,11437.0
2024-08-27 13:00:00,191.685,191.696,191.303,191.343,10481.0
2024-08-27 14:00:00,191.343,191.484,191.062,191.083,12861.0
2024-08-27 15:00:00,191.081,191.082,190.666,190.784,15157.0
2024-08-27 16:00:00,190.785,190.992,190.626,190.96,17061.0
2024-08-27 17:00:00,190.959,191.252,190.793,190.913,19643.0
2024-08-27 18:00:00,190.912,191.038,190.719,190.927,13949.0
2024-08-27 19:00:00,190.927,190.947,190.622,190.735,8495.0
2024-08-27 20:00:00,190.735,190.979,190.71,190.979,8886.0
2024-08-27 21:00:00,190.98,191.015,190.817,190.96,8240.0
2024-08-27 22:00:00,190.959,190.999,190.85,190.945,6756.0
2024-08-27 23:00:00,190.944,191.013,190.874,190.89,5013.0
2024-08-28 00:00:00,190.838,190.954,190.672,190.792,2879.0
2024-08-28 01:00:00,190.792,190.876,190.522,190.751,4526.0
2024-08-28 02:00:00,190.747,190.872,190.572,190.832,5621.0
2024-08-28 03:00:00,190.833,191.247,190.763,191.085,11612.0
2024-08-28 04:00:00,191.087,191.35,191.005,191.283,11839.0
2024-08-28 05:00:00,191.287,191.358,191.185,191.306,8790.0
2024-08-28 06:00:00,191.311,191.392,191.185,191.318,6919.0
2024-08-28 07:00:00,191.317,191.432,191.139,191.15,6813.0
2024-08-28 08:00:00,191.151,191.233,190.981,191.015,10675.0
2024-08-28 09:00:00,191.015,191.263,190.981,191.214,11358.0
2024-08-28 10:00:00,191.216,191.308,191.084,191.283,12403.0
2024-08-28 11:00:00,191.283,191.315,190.866,190.972,10956.0
2024-08-28 12:00:00,190.974,190.979,190.541,190.788,10973.0
2024-08-28 13:00:00,190.787,191.006,190.712,190.883,10229.0
2024-08-28 14:00:00,190.883,191.051,190.598,190.646,10271.0
2024-08-28 15:00:00,190.648,191.249,190.628,191.163,13282.0
2024-08-28 16:00:00,191.163,191.45,191.124,191.125,16506.0
2024-08-28 17:00:00,191.124,191.202,190.928,190.928,16565.0
2024-08-28 18:00:00,190.928,191.029,190.563,190.709,16013.0
2024-08-28 19:00:00,190.708,190.886,190.443,190.849,11094.0
2024-08-28 20:00:00,190.849,190.919,190.403,190.479,10281.0
2024-08-28 21:00:00,190.48,190.825,190.356,190.746,10227.0
2024-08-28 22:00:00,190.747,190.912,190.739,190.774,8184.0
2024-08-28 23:00:00,190.775,190.892,190.396,190.711,9389.0
2024-08-29 00:00:00,190.7,190.7,190.482,190.523,935.0
2024-08-29 01:00:00,190.524,190.589,190.322,190.365,6697.0
2024-08-29 02:00:00,190.363,190.589,190.254,190.556,6665.0
2024-08-29 03:00:00,190.556,190.956,190.359,190.741,12085.0
2024-08-29 04:00:00,190.742,191.025,190.684,190.958,10707.0
2024-08-29 05:00:00,190.958,191.026,190.732,190.902,7798.0
2024-08-29 06:00:00,190.902,190.946,190.78,190.873,6695.0
2024-08-29 07:00:00,190.872,191.157,190.813,191.143,7782.0
2024-08-29 08:00:00,191.141,191.362,191.039,191.13,10051.0
2024-08-29 09:00:00,191.13,191.251,191.025,191.125,11105.0
2024-08-29 10:00:00,191.126,191.491,191.096,191.336,13447.0
2024-08-29 11:00:00,191.338,191.338,190.306,190.824,18274.0
2024-08-29 12:00:00,190.823,190.919,190.609,190.676,13613.0
2024-08-29 13:00:00,190.675,190.785,190.459,190.631,10937.0
2024-08-29 14:00:00,190.633,190.82,190.591,190.643,11903.0
2024-08-29 15:00:00,190.642,191.424,190.45,191.365,18667.0
2024-08-29 16:00:00,191.356,191.485,191.091,191.32,20363.0
2024-08-29 17:00:00,191.319,191.546,191.03,191.217,19805.0
2024-08-29 18:00:00,191.216,191.311,191.089,191.159,14975.0
2024-08-29 19:00:00,191.159,191.197,191.078,191.154,11883.0
2024-08-29 20:00:00,191.155,191.166,190.869,190.998,10748.0
2024-08-29 21:00:00,191.0,191.003,190.544,190.693,12729.0
2024-08-29 22:00:00,190.692,190.925,190.632,190.798,12834.0
2024-08-29 23:00:00,190.799,190.97,190.791,190.91,8820.0
2024-08-30 00:00:00,190.88,190.939,190.72,190.86,1956.0
2024-08-30 01:00:00,190.86,190.953,190.709,190.782,3147.0
2024-08-30 02:00:00,190.775,190.984,190.692,190.751,4932.0
2024-08-30 03:00:00,190.751,190.829,190.488,190.573,10177.0
2024-08-30 04:00:00,190.574,190.759,190.549,190.585,10425.0
2024-08-30 05:00:00,190.587,190.652,190.495,190.556,7059.0
2024-08-30 06:00:00,190.556,190.649,190.531,190.605,5495.0
2024-08-30 07:00:00,190.606,190.708,190.541,190.682,6066.0
2024-08-30 08:00:00,190.681,190.857,190.644,190.774,6328.0
2024-08-30 09:00:00,190.774,191.141,190.774,191.001,9287.0
2024-08-30 10:00:00,190.998,191.292,190.881,191.176,10824.0
2024-08-30 11:00:00,191.178,191.392,191.079,191.304,9693.0
2024-08-30 12:00:00,191.302,191.399,191.179,191.354,8956.0
2024-08-30 13:00:00,191.353,191.408,191.195,191.382,9129.0
2024-08-30 14:00:00,191.381,191.721,191.349,191.658,9119.0
2024-08-30 15:00:00,191.659,191.809,191.501,191.589,16547.0
2024-08-30 16:00:00,191.588,191.603,191.068,191.372,18465.0
2024-08-30 17:00:00,191.371,191.644,191.063,191.343,20564.0
2024-08-30 18:00:00,191.344,191.702,191.312,191.653,17503.0
2024-08-30 19:00:00,191.653,191.845,191.499,191.836,14049.0
2024-08-30 20:00:00,191.835,191.886,191.635,191.689,10902.0
2024-09-02 00:00:00,191.726,191.853,191.594,191.781,1100.0
2024-09-02 01:00:00,191.784,192.311,191.744,192.306,3341.0
2024-09-02 02:00:00,192.304,192.502,192.169,192.224,7331.0
2024-09-02 03:00:00,192.223,192.367,191.996,192.005,10617.0
2024-09-02 04:00:00,192.005,192.156,191.799,191.93,8880.0
2024-09-02 05:00:00,191.93,191.93,191.538,191.605,8403.0
2024-09-02 06:00:00,191.608,191.661,191.465,191.605,7590.0
2024-09-02 07:00:00,191.606,191.607,191.328,191.552,6744.0
2024-09-02 08:00:00,191.552,192.022,191.544,191.855,6352.0
2024-09-02 09:00:00,191.856,192.158,191.8,192.057,8676.0
2024-09-02 10:00:00,192.056,192.391,191.976,192.389,12994.0
2024-09-02 11:00:00,192.387,192.964,192.385,192.693,13761.0
2024-09-02 12:00:00,192.694,192.797,192.587,192.696,9967.0
2024-09-02 13:00:00,192.696,192.854,192.61,192.847,7368.0
2024-09-02 14:00:00,192.847,193.069,192.776,192.994,7361.0
2024-09-02 15:00:00,192.993,193.247,192.934,193.176,7385.0
2024-09-02 16:00:00,193.175,193.487,193.012,193.126,9021.0
2024-09-02 17:00:00,193.128,193.34,193.015,193.282,9451.0
2024-09-02 18:00:00,193.279,193.361,193.127,193.163,5480.0
2024-09-02 19:00:00,193.163,193.208,192.929,192.945,4953.0
2024-09-02 20:00:00,192.945,193.074,192.944,193.07,1370.0
2024-09-02 21:00:00,193.069,193.129,193.036,193.113,1094.0
2024-09-02 22:00:00,193.113,193.123,193.059,193.101,903.0
2024-09-02 23:00:00,193.101,193.153,193.057,193.129,1344.0
2024-09-03 00:00:00,193.068,193.1,192.928,193.08,1467.0
2024-09-03 01:00:00,193.074,193.176,193.032,193.088,1858.0
2024-09-03 02:00:00,193.089,193.111,192.77,192.83,4000.0
2024-09-03 03:00:00,192.831,193.36,192.777,193.282,13456.0
2024-09-03 04:00:00,193.281,193.313,192.669,192.696,12313.0
2024-09-03 05:00:00,192.695,192.885,192.627,192.639,11358.0
2024-09-03 06:00:00,192.641,192.72,192.289,192.401,11401.0
2024-09-03 07:00:00,192.402,192.426,192.144,192.326,10584.0
2024-09-03 08:00:00,192.327,192.411,191.77,192.012,10093.0
2024-09-03 09:00:00,192.011,192.046,191.454,191.554,13683.0
2024-09-03 10:00:00,191.555,192.076,191.464,191.512,17284.0
2024-09-03 11:00:00,191.511,191.604,191.072,191.341,16815.0
2024-09-03 12:00:00,191.33,191.452,191.183,191.388,11682.0
2024-09-03 13:00:00,191.387,191.646,191.335,191.536,10309.0
2024-09-03 14:00:00,191.536,191.901,191.415,191.815,10308.0
2024-09-03 15:00:00,191.814,192.047,191.552,191.556,13733.0
2024-09-03 16:00:00,191.556,191.62,190.616,190.863,19739.0
2024-09-03 17:00:00,190.876,191.067,190.323,190.618,23027.0
2024-09-03 18:00:00,190.618,191.115,190.616,191.072,15307.0
2024-09-03 19:00:00,191.071,191.196,190.918,191.001,10844.0
2024-09-03 20:00:00,191.0,191.031,190.827,191.005,8151.0
2024-09-03 21:00:00,191.004,191.078,190.791,191.009,8235.0
2024-09-03 22:00:00,191.008,191.045,190.72,190.891,9196.0
2024-09-03 23:00:00,190.891,190.984,190.758,190.773,7218.0
2024-09-04 00:00:00,190.686,190.785,190.528,190.596,1119.0
2024-09-04 01:00:00,190.596,190.848,190.475,190.559,4915.0
2024-09-04 02:00:00,190.559,190.638,190.268,190.614,8707.0
2024-09-04 03:00:00,190.615,190.832,189.948,190.239,16504.0
2024-09-04 04:00:00,190.238,190.85,190.233,190.605,11895.0
2024-09-04 05:00:00,190.603,190.747,190.363,190.658,10062.0
2024-09-04 06:00:00,190.658,190.85,190.456,190.526,7837.0
2024-09-04 07:00:00,190.523,190.822,190.442,190.533,7128.0
2024-09-04 08:00:00,190.532,190.549,190.214,190.356,10345.0
2024-09-04 09:00:00,190.356,190.5,189.892,189.916,14009.0
2024-09-04 10:00:00,189.917,190.236,189.704,190.159,15640.0
2024-09-04 11:00:00,190.159,190.63,190.024,190.525,11579.0
2024-09-04 12:00:00,190.527,190.635,190.306,190.341,9111.0
2024-09-04 13:00:00,190.342,190.437,190.006,190.223,9004.0
2024-09-04 14:00:00,190.223,190.275,189.98,190.091,9841.0
2024-09-04 15:00:00,190.09,190.511,190.057,190.39,14057.0
2024-09-04 16:00:00,190.39,190.543,189.973,190.16,16886.0
2024-09-04 17:00:00,190.217,190.266,189.543,189.676,24583.0
2024-09-04 18:00:00,189.675,189.911,189.548,189.645,16904.0
2024-09-04 19:00:00,189.645,189.726,189.32,189.433,13054.0
2024-09-04 20:00:00,189.435,189.436,189.092,189.166,10979.0
2024-09-04 21:00:00,189.166,189.348,189.041,189.082,11469.0
2024-09-04 22:00:00,189.077,189.247,188.997,189.037,11491.0
2024-09-04 23:00:00,189.039,189.146,188.935,188.975,7317.0
2024-09-05 00:00:00,188.929,188.929,188.732,188.827,4049.0
2024-09-05 01:00:00,188.827,188.957,188.67,188.81,3834.0
2024-09-05 02:00:00,188.81,188.875,188.232,188.404,8591.0
2024-09-05 03:00:00,188.406,189.003,188.351,188.903,14805.0
2024-09-05 04:00:00,188.904,189.157,188.656,188.965,13317.0
2024-09-05 05:00:00,188.964,189.271,188.854,189.143,9337.0
2024-09-05 06:00:00,189.14,189.208,188.905,189.009,8386.0
2024-09-05 07:00:00,189.009,189.094,188.645,188.766,7111.0
2024-09-05 08:00:00,188.764,188.788,188.45,188.571,8801.0
2024-09-05 09:00:00,188.564,188.635,188.066,188.263,13949.0
2024-09-05 10:00:00,188.262,188.984,188.202,188.815,15780.0
2024-09-05 11:00:00,188.814,189.195,188.785,189.082,13703.0
2024-09-05 12:00:00,189.081,189.172,188.737,188.974,11079.0
2024-09-05 13:00:00,188.973,189.012,188.823,188.935,7920.0
2024-09-05 14:00:00,188.935,189.059,188.742,188.778,8974.0
2024-09-05 15:00:00,188.778,189.067,188.114,188.335,19571.0
2024-09-05 16:00:00,188.335,188.753,188.311,188.626,18552.0
2024-09-05 17:00:00,188.631,189.78,188.631,189.356,22158.0
2024-09-05 18:00:00,189.358,189.514,188.788,188.821,17337.0
2024-09-05 19:00:00,188.821,189.077,188.744,188.949,11536.0
2024-09-05 20:00:00,188.948,188.978,188.555,188.926,11323.0
2024-09-05 21:00:00,188.925,189.02,188.796,188.91,9653.0
2024-09-05 22:00:00,188.91,189.06,188.764,188.946,11058.0
2024-09-05 23:00:00,188.948,189.097,188.915,189.071,8698.0
2024-09-06 00:00:00,188.906,189.046,188.906,189.002,668.0
2024-09-06 01:00:00,189.002,189.038,188.877,188.968,2457.0
2024-09-06 02:00:00,188.968,189.055,188.904,188.926,4382.0
2024-09-06 03:00:00,188.928,188.969,188.655,188.684,11387.0
2024-09-06 04:00:00,188.685,188.905,188.522,188.796,7483.0
2024-09-06 05:00:00,188.797,188.829,188.665,188.697,5216.0
2024-09-06 06:00:00,188.695,188.747,188.415,188.473,5137.0
2024-09-06 07:00:00,188.473,188.489,188.276,188.444,6736.0
2024-09-06 08:00:00,188.445,188.456,187.613,187.928,11264.0
2024-09-06 09:00:00,187.921,188.014,187.481,187.793,14895.0
2024-09-06 10:00:00,187.793,187.889,187.251,187.872,17022.0
2024-09-06 11:00:00,187.872,188.051,187.677,187.789,13271.0
2024-09-06 12:00:00,187.788,188.182,187.726,188.144,9711.0
2024-09-06 13:00:00,188.144,188.298,188.073,188.109,9052.0
2024-09-06 14:00:00,188.109,188.557,188.091,188.512,10289.0
2024-09-06 15:00:00,188.518,189.469,187.903,188.885,22052.0
2024-09-06 16:00:00,188.887,189.394,188.565,188.99,25404.0
2024-09-06 17:00:00,188.986,189.011,187.24,187.44,25596.0
2024-09-06 18:00:00,187.443,187.705,186.518,186.664,26128.0
2024-09-06 19:00:00,186.659,187.2,186.553,186.896,20471.0
2024-09-06 20:00:00,186.895,187.183,186.774,187.039,16809.0
2024-09-09 00:00:00,186.664,186.79,186.439,186.538,1820.0
2024-09-09 01:00:00,186.54,186.908,186.426,186.704,6277.0
2024-09-09 02:00:00,186.701,187.168,186.644,187.112,11352.0
2024-09-09 03:00:00,187.113,187.536,187.088,187.365,14472.0
2024-09-09 04:00:00,187.365,187.815,187.335,187.786,13442.0
2024-09-09 05:00:00,187.787,187.804,187.442,187.559,9534.0
2024-09-09 06:00:00,187.559,187.719,187.331,187.45,9318.0
2024-09-09 07:00:00,187.45,187.811,187.424,187.581,9593.0
2024-09-09 08:00:00,187.579,187.661,187.291,187.443,11344.0
2024-09-09 09:00:00,187.443,187.523,187.171,187.369,13726.0
2024-09-09 10:00:00,187.373,187.734,187.373,187.616,16112.0
2024-09-09 11:00:00,187.617,187.75,187.431,187.66,12813.0
2024-09-09 12:00:00,187.66,188.014,187.528,187.823,11685.0
2024-09-09 13:00:00,187.825,188.008,187.788,187.91,11074.0
2024-09-09 14:00:00,187.91,188.127,187.861,187.947,10257.0
2024-09-09 15:00:00,187.936,188.068,187.339,187.395,13016.0
2024-09-09 16:00:00,187.395,187.451,186.94,186.975,16862.0
2024-09-09 17:00:00,186.976,187.124,186.552,186.68,17603.0
2024-09-09 18:00:00,186.68,187.061,186.641,186.981,14119.0
2024-09-09 19:00:00,186.98,187.204,186.896,187.137,10041.0
2024-09-09 20:00:00,187.138,187.202,186.828,186.858,10410.0
2024-09-09 21:00:00,186.859,186.961,186.755,186.767,9051.0
2024-09-09 22:00:00,186.77,186.909,186.731,186.894,9045.0
2024-09-09 23:00:00,186.889,187.172,186.874,187.149,7498.0
2024-09-10 00:00:00,187.174,187.174,187.026,187.107,512.0
2024-09-10 01:00:00,187.107,187.136,186.804,186.992,3473.0
2024-09-10 02:00:00,186.992,187.343,186.992,187.151,5310.0
2024-09-10 03:00:00,187.15,187.43,186.976,187.413,13490.0
2024-09-10 04:00:00,187.412,187.551,187.3,187.414,9914.0
2024-09-10 05:00:00,187.415,187.417,187.04,187.377,8304.0
2024-09-10 06:00:00,187.378,187.414,187.167,187.252,6961.0
2024-09-10 07:00:00,187.254,187.319,187.05,187.105,5560.0
2024-09-10 08:00:00,187.106,187.222,187.042,187.178,7775.0
2024-09-10 09:00:00,187.168,187.919,187.147,187.873,11649.0
2024-09-10 10:00:00,187.873,188.049,187.714,187.971,13171.0
2024-09-10 11:00:00,187.972,188.101,187.669,187.793,12594.0
2024-09-10 12:00:00,187.794,187.802,187.402,187.513,11093.0
2024-09-10 13:00:00,187.517,187.592,187.228,187.369,9642.0
2024-09-10 14:00:00,187.369,187.549,187.233,187.341,11876.0
2024-09-10 15:00:00,187.339,187.441,186.666,186.734,13814.0
2024-09-10 16:00:00,186.733,187.042,186.633,186.718,15536.0
2024-09-10 17:00:00,186.717,186.766,186.072,186.34,19904.0
2024-09-10 18:00:00,186.339,186.357,185.875,185.897,15903.0
2024-09-10 19:00:00,185.896,186.234,185.726,186.174,12576.0
2024-09-10 20:00:00,186.174,186.345,186.045,186.14,11335.0
2024-09-10 21:00:00,186.14,186.273,186.0,186.217,10534.0
2024-09-10 22:00:00,186.219,186.301,186.176,186.221,10438.0
2024-09-10 23:00:00,186.224,186.398,186.199,186.315,8580.0
2024-09-11 00:00:00,186.304,186.31,186.076,186.241,2964.0
2024-09-11 01:00:00,186.241,186.371,186.178,186.334,2050.0
2024-09-11 02:00:00,186.333,186.377,186.016,186.036,5029.0
2024-09-11 03:00:00,186.042,186.074,185.703,186.004,13733.0
2024-09-11 04:00:00,186.004,186.207,185.215,185.653,14986.0
2024-09-11 05:00:00,185.653,185.733,185.371,185.64,11478.0
2024-09-11 06:00:00,185.64,185.757,184.999,185.153,11065.0
2024-09-11 07:00:00,185.153,185.159,184.529,184.859,12072.0
2024-09-11 08:00:00,184.859,185.189,184.471,185.176,14306.0
2024-09-11 09:00:00,185.17,185.191,184.853,185.014,13220.0
2024-09-11 10:00:00,185.013,185.274,184.722,184.974,16607.0
2024-09-11 11:00:00,184.975,185.368,184.857,185.167,13183.0
2024-09-11 12:00:00,185.168,185.296,185.006,185.262,11053.0
2024-09-11 13:00:00,185.262,185.395,185.056,185.311,10457.0
2024-09-11 14:00:00,185.311,185.619,185.259,185.491,11406.0
2024-09-11 15:00:00,185.493,186.008,185.366,185.86,20705.0
2024-09-11 16:00:00,185.858,186.153,184.8,184.828,21458.0
2024-09-11 17:00:00,184.826,184.892,183.715,184.072,24021.0
2024-09-11 18:00:00,184.065,184.742,184.038,184.581,18155.0
2024-09-11 19:00:00,184.575,185.154,184.563,185.052,16555.0
2024-09-11 20:00:00,185.055,185.63,185.019,185.511,15437.0
2024-09-11 21:00:00,185.511,185.633,185.374,185.483,10729.0
2024-09-11 22:00:00,185.482,185.771,185.473,185.701,10853.0
2024-09-11 23:00:00,185.704,185.819,185.67,185.677,10326.0
2024-09-12 00:00:00,185.55,185.659,185.498,185.559,649.0
2024-09-12 01:00:00,185.559,185.839,185.516,185.816,2720.0
2024-09-12 02:00:00,185.816,186.031,185.795,185.978,5622.0
2024-09-12 03:00:00,185.979,186.372,185.935,185.981,12917.0
2024-09-12 04:00:00,185.981,186.018,185.425,185.837,15659.0
2024-09-12 05:00:00,185.832,185.896,185.613,185.823,11631.0
2024-09-12 06:00:00,185.822,185.995,185.643,185.986,7213.0
2024-09-12 07:00:00,185.986,186.375,185.973,186.321,7250.0
2024-09-12 08:00:00,186.319,186.529,186.142,186.459,10339.0
2024-09-12 09:00:00,186.462,186.462,185.957,185.972,11550.0
2024-09-12 10:00:00,185.974,186.641,185.918,186.158,15367.0
2024-09-12 11:00:00,186.157,186.18,185.855,186.035,14738.0
2024-09-12 12:00:00,186.034,186.313,185.967,186.213,10469.0
2024-09-12 13:00:00,186.211,186.415,186.13,186.138,9286.0
2024-09-12 14:00:00,186.139,186.164,185.78,185.888,11342.0
2024-09-12 15:00:00,185.888,186.067,185.35,185.501,20818.0
2024-09-12 16:00:00,185.501,185.956,185.287,185.434,21913.0
2024-09-12 17:00:00,185.433,186.591,185.384,186.354,19566.0
2024-09-12 18:00:00,186.354,186.48,185.978,186.061,16396.0
2024-09-12 19:00:00,186.061,186.733,186.037,186.587,14513.0
2024-09-12 20:00:00,186.585,186.652,186.33,186.379,14493.0
2024-09-12 21:00:00,186.38,186.48,185.922,186.106,15266.0
2024-09-12 22:00:00,186.105,186.228,185.931,186.132,14670.0
2024-09-12 23:00:00,186.133,186.176,185.996,186.127,13075.0
2024-09-13 00:00:00,186.044,186.189,186.012,186.143,413.0
2024-09-13 01:00:00,186.143,186.212,185.996,186.172,2959.0
2024-09-13 02:00:00,186.171,186.173,185.72,185.845,7641.0
2024-09-13 03:00:00,185.846,185.945,185.548,185.611,15308.0
2024-09-13 04:00:00,185.61,185.677,185.404,185.581,13381.0
2024-09-13 05:00:00,185.582,185.638,185.049,185.38,11240.0
2024-09-13 06:00:00,185.377,185.505,185.163,185.371,8309.0
2024-09-13 07:00:00,185.372,185.406,184.953,185.324,8285.0
2024-09-13 08:00:00,185.325,185.593,185.013,185.155,8954.0
2024-09-13 09:00:00,185.156,185.411,185.124,185.313,14872.0
2024-09-13 10:00:00,185.313,185.645,185.144,185.249,14767.0
2024-09-13 11:00:00,185.248,185.314,184.565,184.931,16209.0
2024-09-13 12:00:00,184.93,184.999,184.553,184.649,14361.0
2024-09-13 13:00:00,184.65,184.755,184.369,184.694,13179.0
2024-09-13 14:00:00,184.693,184.957,184.523,184.804,12711.0
2024-09-13 15:00:00,184.802,184.981,184.669,184.888,15136.0
2024-09-13 16:00:00,184.89,184.902,184.427,184.554,17805.0
2024-09-13 17:00:00,184.581,185.17,184.4,185.001,19896.0
2024-09-13 18:00:00,185.002,185.018,184.485,184.827,13772.0
2024-09-13 19:00:00,184.825,184.992,184.634,184.908,13247.0
2024-09-13 20:00:00,184.908,185.045,184.874,184.953,10668.0
2024-09-16 00:00:00,184.664,184.809,184.418,184.6,955.0
2024-09-16 01:00:00,184.58,184.844,184.388,184.78,5845.0
2024-09-16 02:00:00,184.778,185.035,184.76,185.01,5080.0
2024-09-16 03:00:00,185.01,185.013,184.55,184.673,10160.0
2024-09-16 04:00:00,184.67,184.757,184.57,184.675,8783.0
2024-09-16 05:00:00,184.675,184.77,184.598,184.735,7045.0
2024-09-16 06:00:00,184.734,184.771,184.272,184.405,9365.0
2024-09-16 07:00:00,184.404,184.539,184.179,184.427,9463.0
2024-09-16 08:00:00,184.433,184.527,184.271,184.428,7726.0
2024-09-16 09:00:00,184.421,184.492,183.976,184.175,12516.0
2024-09-16 10:00:00,184.175,184.284,183.768,184.229,15305.0
2024-09-16 11:00:00,184.229,184.451,184.14,184.439,12974.0
2024-09-16 12:00:00,184.438,184.999,184.398,184.934,12279.0
2024-09-16 13:00:00,184.932,185.087,184.817,184.87,11103.0
2024-09-16 14:00:00,184.871,184.967,184.645,184.653,11299.0
2024-09-16 15:00:00,184.651,185.27,184.496,185.092,16609.0
2024-09-16 16:00:00,185.091,185.588,185.063,185.48,16996.0
2024-09-16 17:00:00,185.48,185.769,185.227,185.382,15928.0
2024-09-16 18:00:00,185.379,185.91,185.307,185.87,14525.0
2024-09-16 19:00:00,185.868,185.919,185.7,185.746,10513.0
2024-09-16 20:00:00,185.747,185.805,185.654,185.797,8837.0
2024-09-16 21:00:00,185.797,185.874,185.674,185.841,8394.0
2024-09-16 22:00:00,185.841,186.046,185.83,185.905,8336.0
2024-09-16 23:00:00,185.904,185.92,185.794,185.813,7381.0
2024-09-17 00:00:00,185.79,185.845,185.704,185.795,824.0
2024-09-17 01:00:00,185.795,186.071,185.786,186.064,2917.0
2024-09-17 02:00:00,186.064,186.517,185.94,185.997,7831.0
2024-09-17 03:00:00,185.995,186.061,185.539,185.702,11392.0
2024-09-17 04:00:00,185.704,185.721,185.348,185.533,11373.0
2024-09-17 05:00:00,185.535,185.668,185.323,185.647,9239.0
2024-09-17 06:00:00,185.646,185.757,185.524,185.625,7755.0
2024-09-17 07:00:00,185.624,185.821,185.605,185.743,7435.0
2024-09-17 08:00:00,185.743,185.9,185.578,185.798,7681.0
2024-09-17 09:00:00,185.798,185.873,185.611,185.774,10477.0
2024-09-17 10:00:00,185.773,185.872,185.288,185.838,13463.0
2024-09-17 11:00:00,185.835,186.042,185.65,185.952,10607.0
2024-09-17 12:00:00,185.951,185.961,185.751,185.947,9970.0
2024-09-17 13:00:00,185.946,185.967,185.761,185.845,7868.0
2024-09-17 14:00:00,185.841,185.919,185.71,185.892,9528.0
2024-09-17 15:00:00,185.891,186.359,185.832,186.232,17983.0
2024-09-17 16:00:00,186.232,186.835,186.062,186.724,20074.0
2024-09-17 17:00:00,186.725,187.174,186.7,186.85,19633.0
2024-09-17 18:00:00,186.847,186.855,186.508,186.624,15011.0
2024-09-17 19:00:00,186.624,186.818,186.373,186.496,12611.0
2024-09-17 20:00:00,186.495,186.788,186.448,186.718,13091.0
2024-09-17 21:00:00,186.717,186.844,186.679,186.71,12300.0
2024-09-17 22:00:00,186.71,187.214,186.694,187.21,13337.0
2024-09-17 23:00:00,187.208,187.451,187.15,187.382,10349.0
2024-09-18 00:00:00,187.403,187.403,187.18,187.284,1348.0
2024-09-18 01:00:00,187.284,187.367,186.912,186.961,3604.0
2024-09-18 02:00:00,186.962,187.034,186.85,186.982,5998.0
2024-09-18 03:00:00,186.98,187.013,186.462,186.535,12248.0
2024-09-18 04:00:00,186.534,186.654,186.301,186.35,12112.0
2024-09-18 05:00:00,186.349,186.441,186.113,186.256,8026.0
2024-09-18 06:00:00,186.255,186.257,186.038,186.143,6977.0
2024-09-18 07:00:00,186.144,186.339,185.825,185.96,6964.0
2024-09-18 08:00:00,185.961,186.246,185.897,186.231,8273.0
2024-09-18 09:00:00,186.228,186.684,186.228,186.603,11019.0
2024-09-18 10:00:00,186.603,187.311,186.563,187.252,12766.0
2024-09-18 11:00:00,187.253,187.411,187.062,187.142,12238.0
2024-09-18 12:00:00,187.144,187.39,187.139,187.336,10331.0
2024-09-18 13:00:00,187.334,187.412,187.072,187.086,10009.0
2024-09-18 14:00:00,187.086,187.513,187.035,187.389,10546.0
2024-09-18 15:00:00,187.388,187.628,187.343,187.603,13455.0
2024-09-18 16:00:00,187.599,187.986,187.481,187.65,14726.0
2024-09-18 17:00:00,187.651,187.733,187.357,187.609,15540.0
2024-09-18 18:00:00,187.608,187.659,187.306,187.329,12437.0
2024-09-18 19:00:00,187.329,187.489,187.284,187.436,10003.0
2024-09-18 20:00:00,187.437,187.613,187.301,187.496,12817.0
2024-09-18 21:00:00,187.486,187.705,186.706,186.97,27970.0
2024-09-18 22:00:00,186.973,188.059,186.964,187.85,26662.0
2024-09-18 23:00:00,187.843,188.043,187.705,187.969,18610.0
2024-09-19 00:00:00,187.985,187.985,187.664,187.664,1358.0
2024-09-19 01:00:00,187.664,187.966,187.428,187.815,4889.0
2024-09-19 02:00:00,187.816,188.479,187.816,188.408,9555.0
2024-09-19 03:00:00,188.409,189.134,188.389,188.99,20133.0
2024-09-19 04:00:00,188.989,189.417,188.877,189.324,16912.0
2024-09-19 05:00:00,189.325,189.406,188.906,188.922,15540.0
2024-09-19 06:00:00,188.921,189.156,188.824,189.141,13011.0
2024-09-19 07:00:00,189.14,189.211,188.92,189.125,9663.0
2024-09-19 08:00:00,189.126,189.167,188.501,188.551,12472.0
2024-09-19 09:00:00,188.55,189.01,188.32,188.564,15887.0
2024-09-19 10:00:00,188.565,188.837,188.172,188.781,18194.0
2024-09-19 11:00:00,188.78,189.397,188.723,189.395,15201.0
2024-09-19 12:00:00,189.392,189.863,189.392,189.631,14258.0
2024-09-19 13:00:00,189.63,190.048,189.407,189.429,13606.0
2024-09-19 14:00:00,189.43,190.381,189.384,189.875,17415.0
2024-09-19 15:00:00,189.873,190.396,189.57,190.335,19914.0
2024-09-19 16:00:00,190.335,190.389,189.508,189.675,22119.0
2024-09-19 17:00:00,189.673,189.717,189.063,189.356,21778.0
2024-09-19 18:00:00,189.359,189.803,189.267,189.735,16597.0
2024-09-19 19:00:00,189.735,190.177,189.7,189.972,12471.0
2024-09-19 20:00:00,189.971,190.05,189.767,189.862,10940.0
2024-09-19 21:00:00,189.857,189.9,189.388,189.49,12450.0
2024-09-19 22:00:00,189.491,189.572,189.27,189.447,13855.0
2024-09-19 23:00:00,189.446,189.492,189.296,189.476,10881.0
2024-09-20 00:00:00,189.44,189.442,189.246,189.415,446.0
2024-09-20 01:00:00,189.415,189.46,189.298,189.449,3523.0
2024-09-20 02:00:00,189.448,189.796,189.401,189.739,6311.0
2024-09-20 03:00:00,189.737,189.782,189.081,189.081,12968.0
2024-09-20 04:00:00,189.079,189.202,188.778,189.125,13399.0
2024-09-20 05:00:00,189.124,189.653,189.083,189.291,10243.0
2024-09-20 06:00:00,189.29,189.346,188.702,189.166,12552.0
2024-09-20 07:00:00,189.165,189.221,188.94,189.007,7989.0
2024-09-20 08:00:00,189.007,189.225,188.946,189.142,8411.0
2024-09-20 09:00:00,189.152,190.622,188.937,190.531,18851.0
2024-09-20 10:00:00,190.532,191.222,190.398,191.208,19804.0
2024-09-20 11:00:00,191.208,191.373,190.768,191.279,18257.0
2024-09-20 12:00:00,191.28,191.361,191.033,191.351,13402.0
2024-09-20 13:00:00,191.351,191.637,191.05,191.632,12418.0
2024-09-20 14:00:00,191.633,191.965,191.622,191.806,12464.0
2024-09-20 15:00:00,191.805,191.994,191.243,191.38,15808.0
2024-09-20 16:00:00,191.381,191.534,190.906,191.38,19664.0
2024-09-20 17:00:00,191.382,191.819,191.306,191.802,19524.0
2024-09-20 18:00:00,191.804,191.85,191.363,191.466,19213.0
2024-09-20 19:00:00,191.466,191.676,191.301,191.567,16518.0
2024-09-20 20:00:00,191.567,191.928,191.544,191.675,12537.0
2024-09-23 00:00:00,191.642,191.777,191.4,191.59,1663.0
2024-09-23 01:00:00,191.59,191.881,191.345,191.687,5721.0
2024-09-23 02:00:00,191.686,191.831,191.517,191.802,6381.0
2024-09-23 03:00:00,191.802,192.014,191.725,191.846,10332.0
2024-09-23 04:00:00,191.848,192.307,191.848,192.189,10447.0
2024-09-23 05:00:00,192.19,192.253,192.116,192.194,7357.0
2024-09-23 06:00:00,192.192,192.243,192.034,192.081,5432.0
2024-09-23 07:00:00,192.081,192.194,192.027,192.094,5308.0
2024-09-23 08:00:00,192.094,192.172,191.905,191.918,5807.0
2024-09-23 09:00:00,191.918,192.011,191.525,191.61,11988.0
2024-09-23 10:00:00,191.61,191.652,190.49,190.544,21676.0
2024-09-23 11:00:00,190.542,190.691,190.135,190.567,18520.0
2024-09-23 12:00:00,190.565,190.984,190.493,190.84,13785.0
2024-09-23 13:00:00,190.839,190.932,190.561,190.686,12070.0
2024-09-23 14:00:00,190.685,191.257,190.538,191.184,12601.0
2024-09-23 15:00:00,191.189,191.71,190.992,191.612,15777.0
2024-09-23 16:00:00,191.611,192.134,191.264,192.1,18989.0
2024-09-23 17:00:00,192.1,192.446,191.806,191.947,20572.0
2024-09-23 18:00:00,191.946,192.191,191.665,191.707,15748.0
2024-09-23 19:00:00,191.707,191.707,191.185,191.274,15105.0
2024-09-23 20:00:00,191.272,191.452,191.155,191.402,11335.0
2024-09-23 21:00:00,191.401,191.49,191.273,191.295,9837.0
2024-09-23 22:00:00,191.295,191.541,191.294,191.517,9973.0
2024-09-23 23:00:00,191.518,191.743,191.518,191.668,7346.0
2024-09-24 00:00:00,191.639,191.639,191.392,191.593,1284.0
2024-09-24 01:00:00,191.603,191.818,191.593,191.699,2790.0
2024-09-24 02:00:00,191.699,191.849,191.546,191.733,5184.0
2024-09-24 03:00:00,191.733,191.832,191.513,191.561,13555.0
2024-09-24 04:00:00,191.563,192.111,191.533,191.73,13896.0
2024-09-24 05:00:00,191.729,191.768,191.334,191.742,11135.0
2024-09-24 06:00:00,191.743,192.092,191.673,191.983,10310.0
2024-09-24 07:00:00,191.985,192.252,191.973,192.145,8736.0
2024-09-24 08:00:00,192.146,192.615,192.146,192.424,12406.0
2024-09-24 09:00:00,192.424,193.042,192.283,192.827,15275.0
2024-09-24 10:00:00,192.828,193.281,192.55,192.839,16826.0
2024-09-24 11:00:00,192.836,193.283,192.707,193.017,15660.0
2024-09-24 12:00:00,193.017,193.325,192.861,192.982,11447.0
2024-09-24 13:00:00,192.982,193.136,192.332,192.408,11015.0
2024-09-24 14:00:00,192.408,192.671,192.175,192.499,12089.0
2024-09-24 15:00:00,192.499,192.823,192.377,192.73,15409.0
2024-09-24 16:00:00,192.733,193.018,192.652,192.802,17150.0
2024-09-24 17:00:00,192.801,192.806,192.069,192.369,20909.0
2024-09-24 18:00:00,192.369,192.506,192.156,192.307,14641.0
2024-09-24 19:00:00,192.307,192.376,192.066,192.104,10505.0
2024-09-24 20:00:00,192.103,192.444,192.102,192.204,9302.0
2024-09-24 21:00:00,192.205,192.227,191.978,192.144,9128.0
2024-09-24 22:00:00,192.144,192.192,192.066,192.151,9161.0
2024-09-24 23:00:00,192.152,192.177,191.97,192.097,7305.0
2024-09-25 00:00:00,191.944,192.106,191.927,191.999,633.0
2024-09-25 01:00:00,191.999,192.123,191.761,191.991,3977.0
2024-09-25 02:00:00,191.991,192.117,191.87,191.937,5886.0
2024-09-25 03:00:00,191.935,192.318,191.886,192.192,13204.0
2024-09-25 04:00:00,192.191,192.45,192.087,192.434,13628.0
2024-09-25 05:00:00,192.433,192.526,192.227,192.347,9056.0
2024-09-25 06:00:00,192.347,192.53,192.3,192.351,7823.0
2024-09-25 07:00:00,192.352,192.436,192.141,192.214,7691.0
2024-09-25 08:00:00,192.214,192.329,191.964,192.104,10105.0
2024-09-25 09:00:00,192.107,192.535,192.079,192.51,12934.0
2024-09-25 10:00:00,192.511,192.689,192.336,192.647,15399.0
2024-09-25 11:00:00,192.647,192.836,192.546,192.583,13869.0
2024-09-25 12:00:00,192.583,192.982,192.525,192.801,12571.0
2024-09-25 13:00:00,192.801,192.984,192.558,192.88,10829.0
2024-09-25 14:00:00,192.88,193.125,192.84,193.021,12496.0
2024-09-25 15:00:00,193.019,193.229,192.977,193.165,15154.0
2024-09-25 16:00:00,193.165,193.268,192.899,192.987,17881.0
2024-09-25 17:00:00,192.991,193.186,192.684,193.064,17829.0
2024-09-25 18:00:00,193.074,193.133,192.542,192.61,16647.0
2024-09-25 19:00:00,192.61,192.748,192.557,192.702,12706.0
2024-09-25 20:00:00,192.701,192.765,192.479,192.693,12841.0
2024-09-25 21:00:00,192.692,192.831,192.566,192.72,13255.0
2024-09-25 22:00:00,192.719,192.781,192.624,192.764,12032.0
2024-09-25 23:00:00,192.762,192.891,192.744,192.839,9202.0
2024-09-26 00:00:00,192.848,192.848,192.63,192.69,1258.0
2024-09-26 01:00:00,192.69,192.747,192.572,192.686,5252.0
2024-09-26 02:00:00,192.686,192.85,192.566,192.674,5172.0
2024-09-26 03:00:00,192.675,192.69,192.511,192.584,11773.0
2024-09-26 04:00:00,192.583,193.166,192.56,193.097,10026.0
2024-09-26 05:00:00,193.099,193.203,193.019,193.151,8217.0
2024-09-26 06:00:00,193.15,193.418,193.127,193.321,6608.0
2024-09-26 07:00:00,193.324,193.34,192.869,193.013,7770.0
2024-09-26 08:00:00,193.013,193.355,192.934,193.172,9844.0
2024-09-26 09:00:00,193.171,193.317,193.027,193.296,11642.0
2024-09-26 10:00:00,193.299,193.765,193.211,193.529,16995.0
2024-09-26 11:00:00,193.528,193.706,193.11,193.36,15562.0
2024-09-26 12:00:00,193.361,193.703,193.259,193.282,12484.0
2024-09-26 13:00:00,193.281,193.457,193.107,193.144,12788.0
2024-09-26 14:00:00,193.144,193.368,192.797,192.812,11758.0
2024-09-26 15:00:00,192.812,193.395,192.694,193.315,17316.0
2024-09-26 16:00:00,193.316,193.436,192.856,193.254,20284.0
2024-09-26 17:00:00,193.241,194.031,193.221,194.003,21512.0
2024-09-26 18:00:00,194.003,194.342,193.896,194.279,16136.0
2024-09-26 19:00:00,194.277,194.359,194.054,194.247,14107.0
2024-09-26 20:00:00,194.247,194.249,193.876,194.186,12845.0
2024-09-26 21:00:00,194.187,194.274,193.958,194.08,10312.0
2024-09-26 22:00:00,194.079,194.097,193.972,194.061,9833.0
2024-09-26 23:00:00,194.062,194.349,194.058,194.246,9919.0
2024-09-27 00:00:00,194.262,194.271,194.04,194.17,1569.0
2024-09-27 01:00:00,194.17,194.444,194.139,194.315,2962.0
2024-09-27 02:00:00,194.315,194.595,194.315,194.566,6311.0
2024-09-27 03:00:00,194.565,194.942,194.327,194.897,13613.0
2024-09-27 04:00:00,194.898,194.975,194.52,194.556,12905.0
2024-09-27 05:00:00,194.557,194.6,194.173,194.326,10507.0
2024-09-27 06:00:00,194.327,194.551,194.215,194.539,8428.0
2024-09-27 07:00:00,194.54,195.175,194.539,195.15,8749.0
2024-09-27 08:00:00,195.15,195.968,195.101,195.726,17032.0
2024-09-27 09:00:00,195.727,195.845,191.617,191.708,21602.0
2024-09-27 10:00:00,191.707,191.828,191.001,191.409,20663.0
2024-09-27 11:00:00,191.407,192.232,191.161,191.436,16909.0
2024-09-27 12:00:00,191.431,191.935,191.346,191.559,15092.0
2024-09-27 13:00:00,191.559,191.799,191.493,191.755,12183.0
2024-09-27 14:00:00,191.755,191.98,191.59,191.592,12405.0
2024-09-27 15:00:00,191.593,191.744,191.066,191.327,18648.0
2024-09-27 16:00:00,191.328,191.82,191.025,191.085,19125.0
2024-09-27 17:00:00,191.069,191.799,190.837,191.542,20532.0
2024-09-27 18:00:00,191.544,191.737,190.978,191.0,17225.0
2024-09-27 19:00:00,190.997,191.041,190.57,190.729,15089.0
2024-09-27 20:00:00,190.727,190.826,190.378,190.463,12972.0
2024-09-30 00:00:00,190.122,190.256,190.028,190.152,1365.0
2024-09-30 01:00:00,190.152,190.956,190.152,190.908,5622.0
2024-09-30 02:00:00,190.91,191.297,190.804,191.091,7905.0
2024-09-30 03:00:00,191.087,191.17,190.65,190.95,14957.0
2024-09-30 04:00:00,190.954,191.179,190.561,190.64,13900.0
2024-09-30 05:00:00,190.639,190.744,190.321,190.705,11075.0
2024-09-30 06:00:00,190.704,190.717,190.435,190.659,8087.0
2024-09-30 07:00:00,190.658,190.75,190.213,190.283,7881.0
2024-09-30 08:00:00,190.282,190.391,189.693,189.752,13261.0
2024-09-30 09:00:00,189.749,190.195,189.565,190.133,14063.0
2024-09-30 10:00:00,190.121,190.81,189.913,190.754,14909.0
2024-09-30 11:00:00,190.762,191.364,190.669,191.254,15707.0
2024-09-30 12:00:00,191.258,191.259,190.873,190.912,11587.0
2024-09-30 13:00:00,190.913,191.24,190.913,191.184,10267.0
2024-09-30 14:00:00,191.184,191.222,190.93,191.063,10924.0
2024-09-30 15:00:00,191.061,191.385,191.048,191.351,12897.0
2024-09-30 16:00:00,191.353,191.65,191.042,191.566,17298.0
2024-09-30 17:00:00,191.566,191.892,191.0,191.842,20634.0
2024-09-30 18:00:00,191.844,192.175,191.76,191.935,15886.0
2024-09-30 19:00:00,191.935,192.03,191.726,191.8,12685.0
2024-09-30 20:00:00,191.8,191.837,191.568,191.693,10343.0
2024-09-30 21:00:00,191.696,192.28,191.689,192.184,20683.0
2024-09-30 22:00:00,192.185,192.318,192.072,192.186,13327.0
2024-09-30 23:00:00,192.185,192.211,192.037,192.112,10253.0
2024-10-01 00:00:00,191.963,192.05,191.896,191.997,732.0
2024-10-01 01:00:00,191.997,192.212,191.97,192.09,3276.0
2024-10-01 02:00:00,192.09,192.256,191.859,192.253,6244.0
2024-10-01 03:00:00,192.252,192.759,192.201,192.557,13677.0
2024-10-01 04:00:00,192.557,192.775,192.358,192.426,11687.0
2024-10-01 05:00:00,192.425,192.739,192.285,192.681,8115.0
2024-10-01 06:00:00,192.682,193.043,192.618,192.911,7764.0
2024-10-01 07:00:00,192.91,193.159,192.811,193.052,6959.0
2024-10-01 08:00:00,193.051,193.243,192.889,192.926,7877.0
2024-10-01 09:00:00,192.926,193.367,192.763,192.944,13515.0
2024-10-01 10:00:00,192.943,193.016,192.007,192.299,20669.0
2024-10-01 11:00:00,192.303,192.344,191.575,191.719,18749.0
2024-10-01 12:00:00,191.721,191.791,191.455,191.531,15181.0
2024-10-01 13:00:00,191.531,191.581,191.32,191.513,12346.0
2024-10-01 14:00:00,191.514,191.659,191.241,191.487,14319.0
2024-10-01 15:00:00,191.487,191.913,191.459,191.842,14550.0
2024-10-01 16:00:00,191.839,191.982,190.421,190.945,20033.0
2024-10-01 17:00:00,190.918,191.248,190.246,190.831,25319.0
2024-10-01 18:00:00,190.834,191.047,190.454,190.783,18557.0
2024-10-01 19:00:00,190.781,190.813,189.987,190.382,17893.0
2024-10-01 20:00:00,190.385,190.865,189.86,190.835,17898.0
2024-10-01 21:00:00,190.835,191.075,190.691,190.853,13748.0
2024-10-01 22:00:00,190.853,191.011,190.578,190.656,13259.0
2024-10-01 23:00:00,190.657,190.736,190.595,190.709,15518.0
2024-10-02 00:00:00,190.72,190.745,190.609,190.706,795.0
2024-10-02 01:00:00,190.706,190.761,190.473,190.569,3203.0
2024-10-02 02:00:00,190.569,190.838,190.53,190.785,6318.0
2024-10-02 03:00:00,190.786,191.066,190.777,190.945,11473.0
2024-10-02 04:00:00,190.945,191.293,190.707,191.28,11949.0
2024-10-02 05:00:00,191.281,191.396,191.165,191.294,8092.0
2024-10-02 06:00:00,191.295,191.56,191.122,191.495,8737.0
2024-10-02 07:00:00,191.494,191.523,190.545,190.729,10016.0
2024-10-02 08:00:00,190.726,190.918,190.417,190.735,15648.0
2024-10-02 09:00:00,190.735,191.353,190.647,191.138,13834.0
2024-10-02 10:00:00,191.15,191.687,191.15,191.436,15910.0
2024-10-02 11:00:00,191.437,191.916,191.319,191.909,12626.0
2024-10-02 12:00:00,191.908,191.948,191.619,191.757,11539.0
2024-10-02 13:00:00,191.76,192.361,191.452,192.251,14210.0
2024-10-02 14:00:00,192.251,192.542,192.092,192.353,13705.0
2024-10-02 15:00:00,192.351,193.088,192.33,192.957,16961.0
2024-10-02 16:00:00,192.966,193.395,192.848,193.312,17937.0
2024-10-02 17:00:00,193.311,193.808,193.165,193.705,19761.0
2024-10-02 18:00:00,193.707,194.028,193.502,193.807,15917.0
2024-10-02 19:00:00,193.807,194.013,193.687,193.799,12502.0
2024-10-02 20:00:00,193.8,194.022,193.686,193.976,10257.0
2024-10-02 21:00:00,193.975,194.155,193.909,194.051,9009.0
2024-10-02 22:00:00,194.05,194.426,194.007,194.348,8707.0
2024-10-02 23:00:00,194.35,194.403,194.212,194.301,8601.0
2024-10-03 00:00:00,194.298,194.298,193.964,194.11,1968.0
2024-10-03 01:00:00,194.108,194.9,194.108,194.465,5786.0
2024-10-03 02:00:00,194.466,194.692,194.257,194.397,7445.0
2024-10-03 03:00:00,194.396,195.006,194.258,194.935,13838.0
2024-10-03 04:00:00,194.937,195.176,194.547,194.616,13317.0
2024-10-03 05:00:00,194.615,194.774,194.405,194.521,10271.0
2024-10-03 06:00:00,194.521,194.732,194.493,194.582,8247.0
2024-10-03 07:00:00,194.583,194.673,194.279,194.324,8562.0
2024-10-03 08:00:00,194.323,194.401,193.029,193.216,15433.0
2024-10-03 09:00:00,193.215,193.472,192.97,193.234,15187.0
2024-10-03 10:00:00,193.233,193.304,192.424,192.644,17895.0
2024-10-03 11:00:00,192.646,192.697,192.232,192.483,15765.0
2024-10-03 12:00:00,192.482,192.893,192.474,192.714,14126.0
2024-10-03 13:00:00,192.715,192.727,192.506,192.612,10660.0
2024-10-03 14:00:00,192.612,192.711,192.14,192.325,13144.0
2024-10-03 15:00:00,192.324,192.508,192.132,192.477,18121.0
2024-10-03 16:00:00,192.479,192.531,192.145,192.276,18394.0
2024-10-03 17:00:00,192.278,192.842,192.174,192.384,25292.0
2024-10-03 18:00:00,192.383,192.6,192.154,192.522,16972.0
2024-10-03 19:00:00,192.523,192.85,192.518,192.57,12859.0
2024-10-03 20:00:00,192.571,192.61,192.379,192.468,11396.0
2024-10-03 21:00:00,192.469,192.642,192.455,192.602,9175.0
2024-10-03 22:00:00,192.602,192.709,192.571,192.704,9056.0
2024-10-03 23:00:00,192.699,192.876,192.684,192.851,7764.0
2024-10-04 00:00:00,192.638,192.702,192.59,192.66,1234.0
2024-10-04 01:00:00,192.604,192.857,192.582,192.785,2598.0
2024-10-04 02:00:00,192.782,192.81,192.603,192.787,3918.0
2024-10-04 03:00:00,192.786,192.887,192.528,192.559,10536.0
2024-10-04 04:00:00,192.561,192.583,192.366,192.422,11391.0
2024-10-04 05:00:00,192.421,192.486,192.226,192.237,8354.0
2024-10-04 06:00:00,192.239,192.319,192.123,192.168,7712.0
2024-10-04 07:00:00,192.169,192.202,191.848,191.966,8422.0
2024-10-04 08:00:00,191.965,192.127,191.733,191.923,10440.0
2024-10-04 09:00:00,191.925,192.304,191.733,192.267,12690.0
2024-10-04 10:00:00,192.268,192.686,192.13,192.517,15185.0
2024-10-04 11:00:00,192.516,192.719,192.322,192.536,13080.0
2024-10-04 12:00:00,192.536,192.876,192.48,192.862,11292.0
2024-10-04 13:00:00,192.863,193.065,192.807,192.868,9718.0
2024-10-04 14:00:00,192.867,193.078,192.81,193.052,9742.0
2024-10-04 15:00:00,193.057,194.538,192.566,194.415,21262.0
2024-10-04 16:00:00,194.412,194.625,194.239,194.398,23331.0
2024-10-04 17:00:00,194.4,194.833,194.39,194.726,20611.0
2024-10-04 18:00:00,194.728,194.967,194.522,194.886,17567.0
2024-10-04 19:00:00,194.885,195.367,194.869,195.336,13853.0
2024-10-04 20:00:00,195.334,195.53,195.215,195.245,11353.0
2024-10-07 00:00:00,194.996,195.198,194.883,195.042,2389.0
2024-10-07 01:00:00,195.026,195.583,195.026,195.369,5837.0
2024-10-07 02:00:00,195.37,195.623,195.239,195.262,7363.0
2024-10-07 03:00:00,195.261,195.261,194.721,194.768,14905.0
2024-10-07 04:00:00,194.77,195.067,194.712,194.771,14212.0
2024-10-07 05:00:00,194.77,195.05,194.602,195.041,11043.0
2024-10-07 06:00:00,195.041,195.162,194.765,194.849,8332.0
2024-10-07 07:00:00,194.85,194.921,194.754,194.839,6957.0
2024-10-07 08:00:00,194.838,194.903,194.526,194.566,8829.0
2024-10-07 09:00:00,194.567,194.861,194.488,194.602,13595.0
2024-10-07 10:00:00,194.602,194.679,194.097,194.42,18315.0
2024-10-07 11:00:00,194.42,194.538,194.062,194.133,15821.0
2024-10-07 12:00:00,194.132,194.132,193.723,193.909,14212.0
2024-10-07 13:00:00,193.907,194.222,193.764,194.186,12663.0
2024-10-07 14:00:00,194.186,194.232,193.914,193.97,13773.0
2024-10-07 15:00:00,193.97,193.987,193.563,193.788,17027.0
2024-10-07 16:00:00,193.786,193.871,193.345,193.37,19539.0
2024-10-07 17:00:00,193.371,193.882,193.353,193.849,18680.0
2024-10-07 18:00:00,193.847,193.982,193.621,193.745,14589.0
2024-10-07 19:00:00,193.745,193.915,193.69,193.735,10378.0
2024-10-07 20:00:00,193.731,193.84,193.655,193.741,8217.0
2024-10-07 21:00:00,193.742,193.781,193.501,193.59,10643.0
2024-10-07 22:00:00,193.591,193.783,193.546,193.72,10884.0
2024-10-07 23:00:00,193.723,193.886,193.713,193.852,7949.0
2024-10-08 00:00:00,193.76,193.841,193.668,193.784,1214.0
2024-10-08 01:00:00,193.784,193.874,193.122,193.283,4518.0
2024-10-08 02:00:00,193.274,193.868,193.274,193.826,7809.0
2024-10-08 03:00:00,193.828,193.927,193.508,193.65,12799.0
2024-10-08 04:00:00,193.651,193.79,193.56,193.653,13690.0
2024-10-08 05:00:00,193.652,193.677,193.066,193.354,15478.0
2024-10-08 06:00:00,193.351,193.755,193.351,193.661,11159.0
2024-10-08 07:00:00,193.661,193.921,193.636,193.835,7209.0
2024-10-08 08:00:00,193.834,193.98,193.535,193.711,12195.0
2024-10-08 09:00:00,193.716,193.94,193.465,193.515,13760.0
2024-10-08 10:00:00,193.514,193.589,192.889,193.377,18390.0
2024-10-08 11:00:00,193.377,193.684,193.131,193.666,13437.0
2024-10-08 12:00:00,193.665,193.706,193.437,193.574,11298.0
2024-10-08 13:00:00,193.57,193.869,193.543,193.732,10761.0
2024-10-08 14:00:00,193.729,193.842,193.594,193.765,10868.0
2024-10-08 15:00:00,193.765,194.229,193.764,193.944,13902.0
2024-10-08 16:00:00,193.942,194.328,193.915,194.269,16786.0
2024-10-08 17:00:00,194.271,194.374,194.037,194.183,15773.0
2024-10-08 18:00:00,194.184,194.24,193.955,194.066,13201.0
2024-10-08 19:00:00,194.066,194.079,193.822,193.904,11190.0
2024-10-08 20:00:00,193.903,194.07,193.849,194.061,10462.0
2024-10-08 21:00:00,194.059,194.236,194.011,194.215,10024.0
2024-10-08 22:00:00,194.214,194.326,194.161,194.252,9311.0
2024-10-08 23:00:00,194.254,194.287,194.118,194.209,11589.0
2024-10-09 00:00:00,194.181,194.227,193.99,194.215,760.0
2024-10-09 01:00:00,194.223,194.302,194.169,194.212,1543.0
2024-10-09 02:00:00,194.212,194.354,193.952,193.965,4711.0
2024-10-09 03:00:00,193.965,194.195,193.879,194.179,8565.0
2024-10-09 04:00:00,194.178,194.37,194.052,194.061,11949.0
2024-10-09 05:00:00,194.066,194.125,193.89,194.091,9884.0
2024-10-09 06:00:00,194.092,194.114,193.928,194.078,8415.0
2024-10-09 07:00:00,194.079,194.176,194.007,194.089,5342.0
2024-10-09 08:00:00,194.091,194.585,194.089,194.562,14202.0
2024-10-09 09:00:00,194.562,194.595,194.072,194.072,11756.0
2024-10-09 10:00:00,194.072,194.354,193.591,194.344,15412.0
2024-10-09 11:00:00,194.34,194.508,194.245,194.489,11214.0
2024-10-09 12:00:00,194.489,194.586,194.295,194.508,9802.0
2024-10-09 13:00:00,194.507,194.668,194.381,194.55,9297.0
2024-10-09 14:00:00,194.55,194.621,194.396,194.594,8998.0
2024-10-09 15:00:00,194.595,194.821,194.569,194.813,10756.0
2024-10-09 16:00:00,194.814,195.001,194.642,194.967,12905.0
2024-10-09 17:00:00,194.969,195.066,194.842,194.991,13140.0
2024-10-09 18:00:00,194.983,195.25,194.973,195.135,11476.0
2024-10-09 19:00:00,195.135,195.215,194.972,195.032,8717.0
2024-10-09 20:00:00,195.033,195.101,194.904,194.933,7879.0
2024-10-09 21:00:00,194.936,195.179,194.911,195.142,9371.0
2024-10-09 22:00:00,195.143,195.192,195.059,195.08,7788.0
2024-10-09 23:00:00,195.08,195.228,195.019,195.183,5139.0
2024-10-10 00:00:00,195.125,195.125,194.751,194.957,1928.0
2024-10-10 01:00:00,194.957,195.09,194.924,194.958,2866.0
2024-10-10 02:00:00,194.958,195.056,194.867,194.905,4237.0
2024-10-10 03:00:00,194.905,195.132,194.72,195.007,9914.0
2024-10-10 04:00:00,195.006,195.047,194.866,194.901,9184.0
2024-10-10 05:00:00,194.902,195.073,194.897,195.041,9047.0
2024-10-10 06:00:00,195.04,195.124,194.99,195.123,6062.0
2024-10-10 07:00:00,195.124,195.5,195.123,195.3,6510.0
2024-10-10 08:00:00,195.3,195.415,195.052,195.114,7716.0
2024-10-10 09:00:00,195.114,195.114,194.835,195.011,11527.0
2024-10-10 10:00:00,195.014,195.208,194.858,194.964,12901.0
2024-10-10 11:00:00,194.966,195.082,194.887,194.895,10858.0
2024-10-10 12:00:00,194.894,194.915,194.616,194.696,9227.0
2024-10-10 13:00:00,194.696,194.878,194.521,194.865,7865.0
2024-10-10 14:00:00,194.864,195.031,194.639,194.641,10353.0
2024-10-10 15:00:00,194.644,194.812,193.978,194.325,20605.0
2024-10-10 16:00:00,194.326,194.462,193.685,193.993,22507.0
2024-10-10 17:00:00,193.993,194.216,193.576,194.058,20344.0
2024-10-10 18:00:00,194.059,194.158,193.674,193.922,14515.0
2024-10-10 19:00:00,193.922,194.148,193.751,194.121,13861.0
2024-10-10 20:00:00,194.121,194.288,194.019,194.163,14252.0
2024-10-10 21:00:00,194.164,194.219,193.948,194.076,8483.0
2024-10-10 22:00:00,194.073,194.073,193.862,193.959,8490.0
2024-10-10 23:00:00,193.96,194.09,193.897,194.02,4868.0
2024-10-11 00:00:00,193.844,193.985,193.795,193.919,2749.0
2024-10-11 01:00:00,193.919,194.114,193.903,194.106,2235.0
2024-10-11 02:00:00,194.106,194.262,193.982,194.232,4080.0
2024-10-11 03:00:00,194.233,194.306,193.885,193.952,10800.0
2024-10-11 04:00:00,193.95,194.301,193.861,194.259,8103.0
2024-10-11 05:00:00,194.259,194.275,194.149,194.185,6573.0
2024-10-11 06:00:00,194.185,194.186,193.941,194.144,6757.0
2024-10-11 07:00:00,194.143,194.157,194.027,194.061,4809.0
2024-10-11 08:00:00,194.062,194.09,193.913,194.069,5858.0
2024-10-11 09:00:00,194.069,194.264,193.955,194.059,9312.0
2024-10-11 10:00:00,194.059,194.555,194.048,194.523,11381.0
2024-10-11 11:00:00,194.523,194.57,194.374,194.451,8663.0
2024-10-11 12:00:00,194.448,194.721,194.416,194.671,7517.0
2024-10-11 13:00:00,194.672,194.754,194.584,194.692,6775.0
2024-10-11 14:00:00,194.694,194.835,194.515,194.613,7316.0
2024-10-11 15:00:00,194.615,194.941,194.465,194.747,15012.0
2024-10-11 16:00:00,194.747,195.057,194.642,194.814,14141.0
2024-10-11 17:00:00,194.777,195.236,194.763,195.144,15157.0
2024-10-11 18:00:00,195.142,195.159,194.896,194.896,10091.0
2024-10-11 19:00:00,194.895,194.908,194.751,194.784,6779.0
2024-10-11 20:00:00,194.782,194.957,194.715,194.88,5327.0
2024-10-14 00:00:00,194.535,194.805,194.535,194.748,2484.0
2024-10-14 01:00:00,194.764,194.98,194.76,194.933,3721.0
2024-10-14 02:00:00,194.933,195.01,194.76,194.817,3918.0
2024-10-14 03:00:00,194.82,194.863,194.641,194.748,6931.0
2024-10-14 04:00:00,194.748,194.773,194.641,194.724,8412.0
2024-10-14 05:00:00,194.723,194.91,194.634,194.909,6990.0
2024-10-14 06:00:00,194.909,195.081,194.857,195.016,4686.0
2024-10-14 07:00:00,195.015,195.023,194.916,194.963,2374.0
2024-10-14 08:00:00,194.964,194.998,194.861,194.95,4404.0
2024-10-14 09:00:00,194.95,195.067,194.916,194.934,6805.0
2024-10-14 10:00:00,194.933,195.133,194.867,195.092,9436.0
2024-10-14 11:00:00,195.092,195.282,195.075,195.244,8569.0
2024-10-14 12:00:00,195.243,195.25,195.011,195.025,6101.0
2024-10-14 13:00:00,195.024,195.288,195.014,195.23,6380.0
2024-10-14 14:00:00,195.23,195.363,195.102,195.111,8902.0
2024-10-14 15:00:00,195.111,195.376,195.024,195.176,9189.0
2024-10-14 16:00:00,195.175,195.513,195.136,195.473,11933.0
2024-10-14 17:00:00,195.475,195.713,195.457,195.647,11898.0
2024-10-14 18:00:00,195.647,195.689,195.503,195.51,7453.0
2024-10-14 19:00:00,195.51,195.706,195.462,195.689,4742.0
2024-10-14 20:00:00,195.689,195.697,195.571,195.689,4123.0
2024-10-14 21:00:00,195.69,195.714,195.602,195.634,4002.0
2024-10-14 22:00:00,195.633,195.666,195.472,195.522,7926.0
2024-10-14 23:00:00,195.521,195.603,195.486,195.569,4328.0
2024-10-15 00:00:00,195.549,195.58,195.424,195.546,669.0
2024-10-15 01:00:00,195.546,195.65,195.529,195.612,2078.0
2024-10-15 02:00:00,195.612,195.73,195.535,195.638,4091.0
2024-10-15 03:00:00,195.639,195.667,195.343,195.44,8911.0
2024-10-15 04:00:00,195.44,195.455,195.254,195.355,5860.0
2024-10-15 05:00:00,195.356,195.602,195.333,195.48,6780.0
2024-10-15 06:00:00,195.481,195.537,195.371,195.436,5641.0
2024-10-15 07:00:00,195.438,195.452,195.327,195.329,5130.0
2024-10-15 08:00:00,195.328,195.331,194.912,195.203,8350.0
2024-10-15 09:00:00,195.202,195.29,194.815,194.838,12961.0
2024-10-15 10:00:00,194.837,195.135,194.666,195.099,12949.0
2024-10-15 11:00:00,195.1,195.182,194.818,195.038,11226.0
2024-10-15 12:00:00,195.037,195.079,194.646,194.809,9697.0
2024-10-15 13:00:00,194.809,195.256,194.778,195.106,8807.0
2024-10-15 14:00:00,195.107,195.581,195.087,195.298,8639.0
2024-10-15 15:00:00,195.301,195.452,194.946,195.127,13494.0
2024-10-15 16:00:00,195.129,195.477,195.127,195.28,14452.0
2024-10-15 17:00:00,195.279,195.512,194.861,195.389,17181.0
2024-10-15 18:00:00,195.387,195.523,195.211,195.217,13316.0
2024-10-15 19:00:00,195.217,195.47,195.213,195.323,8982.0
2024-10-15 20:00:00,195.324,195.419,195.205,195.209,8336.0
2024-10-15 21:00:00,195.209,195.254,195.011,195.078,7785.0
2024-10-15 22:00:00,195.078,195.086,194.931,195.016,7846.0
2024-10-15 23:00:00,195.015,195.09,194.957,195.083,4979.0
2024-10-16 00:00:00,195.039,195.12,194.972,194.987,1712.0
2024-10-16 01:00:00,194.987,195.063,194.921,195.027,2360.0
2024-10-16 02:00:00,195.027,195.137,194.756,194.778,4181.0
2024-10-16 03:00:00,194.784,195.036,194.702,195.017,9763.0
2024-10-16 04:00:00,195.019,195.09,194.571,194.835,10519.0
2024-10-16 05:00:00,194.832,194.946,194.669,194.919,6916.0
2024-10-16 06:00:00,194.918,195.076,194.862,194.976,6277.0
2024-10-16 07:00:00,194.976,195.161,194.946,195.147,4924.0
2024-10-16 08:00:00,195.147,195.283,195.027,195.253,7235.0
2024-10-16 09:00:00,195.253,195.272,193.777,193.897,16349.0
2024-10-16 10:00:00,193.896,194.438,193.705,194.295,14261.0
2024-10-16 11:00:00,194.295,194.412,194.021,194.365,10428.0
2024-10-16 12:00:00,194.361,194.46,194.185,194.303,10277.0
2024-10-16 13:00:00,194.303,194.538,194.216,194.429,7629.0
2024-10-16 14:00:00,194.429,194.535,194.264,194.388,8603.0
2024-10-16 15:00:00,194.389,194.623,194.332,194.514,11914.0
2024-10-16 16:00:00,194.515,194.615,194.384,194.481,12795.0
2024-10-16 17:00:00,194.482,194.783,194.439,194.66,14062.0
2024-10-16 18:00:00,194.659,194.667,194.491,194.627,10933.0
2024-10-16 19:00:00,194.627,194.75,194.591,194.733,6626.0
2024-10-16 20:00:00,194.734,194.768,194.565,194.616,5023.0
2024-10-16 21:00:00,194.616,194.685,194.445,194.471,5977.0
2024-10-16 22:00:00,194.471,194.494,194.354,194.368,5621.0
2024-10-16 23:00:00,194.367,194.438,194.289,194.375,4491.0
2024-10-17 00:00:00,194.362,194.362,194.168,194.283,2217.0
2024-10-17 01:00:00,194.284,194.416,194.222,194.275,2078.0
2024-10-17 02:00:00,194.275,194.389,194.225,194.297,3583.0
2024-10-17 03:00:00,194.298,194.405,194.15,194.222,9726.0
2024-10-17 04:00:00,194.221,194.289,193.95,194.139,9038.0
2024-10-17 05:00:00,194.14,194.2,193.834,194.131,8884.0
2024-10-17 06:00:00,194.132,194.224,193.989,194.224,6885.0
2024-10-17 07:00:00,194.225,194.249,193.926,194.164,5538.0
2024-10-17 08:00:00,194.161,194.224,194.069,194.172,7518.0
2024-10-17 09:00:00,194.172,194.382,194.056,194.254,8929.0
2024-10-17 10:00:00,194.257,194.547,194.201,194.472,10507.0
2024-10-17 11:00:00,194.472,194.663,194.422,194.454,8909.0
2024-10-17 12:00:00,194.455,194.466,194.315,194.426,7451.0
2024-10-17 13:00:00,194.426,194.638,194.359,194.616,7562.0
2024-10-17 14:00:00,194.616,194.699,194.507,194.621,6551.0
2024-10-17 15:00:00,194.62,195.087,194.559,194.913,17776.0
2024-10-17 16:00:00,194.913,195.008,194.341,194.676,20618.0
2024-10-17 17:00:00,194.677,195.061,194.61,194.991,17345.0
2024-10-17 18:00:00,194.993,195.318,194.924,195.276,12334.0
2024-10-17 19:00:00,195.276,195.512,195.263,195.434,9700.0
2024-10-17 20:00:00,195.433,195.518,195.338,195.488,6228.0
2024-10-17 21:00:00,195.489,195.502,195.333,195.484,7416.0
2024-10-17 22:00:00,195.485,195.604,195.421,195.481,6662.0
2024-10-17 23:00:00,195.474,195.507,195.401,195.455,4020.0
2024-10-18 00:00:00,195.418,195.418,195.248,195.356,987.0
2024-10-18 01:00:00,195.356,195.52,195.356,195.472,1767.0
2024-10-18 02:00:00,195.472,195.517,195.335,195.362,3357.0
2024-10-18 03:00:00,195.359,195.407,195.105,195.27,9763.0
2024-10-18 04:00:00,195.272,195.373,195.092,195.266,8724.0
2024-10-18 05:00:00,195.268,195.405,195.21,195.24,7814.0
2024-10-18 06:00:00,195.238,195.315,195.094,195.175,5895.0
2024-10-18 07:00:00,195.175,195.352,195.128,195.192,4765.0
2024-10-18 08:00:00,195.193,195.277,195.035,195.239,8476.0
2024-10-18 09:00:00,195.225,195.953,195.222,195.855,12427.0
2024-10-18 10:00:00,195.853,196.052,195.744,195.909,10541.0
2024-10-18 11:00:00,195.91,195.949,195.423,195.516,9347.0
2024-10-18 12:00:00,195.517,195.615,195.343,195.418,8671.0
2024-10-18 13:00:00,195.42,195.637,195.024,195.627,9293.0
2024-10-18 14:00:00,195.627,195.78,195.534,195.683,8315.0
2024-10-18 15:00:00,195.684,195.795,195.451,195.557,10796.0
2024-10-18 16:00:00,195.556,195.783,195.347,195.395,12338.0
2024-10-18 17:00:00,195.394,195.445,194.991,195.029,12467.0
2024-10-18 18:00:00,195.028,195.095,194.756,194.781,9513.0
2024-10-18 19:00:00,194.781,194.938,194.767,194.903,7061.0
2024-10-18 20:00:00,194.903,195.167,194.876,195.117,5879.0
2024-10-21 00:00:00,194.936,195.094,194.885,195.012,2357.0
2024-10-21 01:00:00,195.013,195.343,195.013,195.224,3245.0
2024-10-21 02:00:00,195.23,195.271,195.099,195.265,3499.0
2024-10-21 03:00:00,195.266,195.284,194.726,194.841,10942.0
2024-10-21 04:00:00,194.842,194.881,194.574,194.658,10793.0
2024-10-21 05:00:00,194.661,194.789,194.581,194.74,7624.0
2024-10-21 06:00:00,194.739,194.765,194.579,194.741,6191.0
2024-10-21 07:00:00,194.74,194.814,194.656,194.721,5748.0
2024-10-21 08:00:00,194.724,194.815,194.567,194.805,8022.0
2024-10-21 09:00:00,194.805,194.993,194.669,194.948,9190.0
2024-10-21 10:00:00,194.947,195.204,194.909,195.116,10700.0
2024-10-21 11:00:00,195.115,195.333,195.081,195.327,8255.0
2024-10-21 12:00:00,195.328,195.406,195.209,195.37,8473.0
2024-10-21 13:00:00,195.369,195.394,195.189,195.251,8053.0
2024-10-21 14:00:00,195.251,195.339,195.18,195.18,8059.0
2024-10-21 15:00:00,195.182,195.442,195.15,195.34,11062.0
2024-10-21 16:00:00,195.338,195.536,195.314,195.521,11784.0
2024-10-21 17:00:00,195.522,195.551,195.221,195.329,11889.0
2024-10-21 18:00:00,195.33,195.385,195.094,195.307,11679.0
2024-10-21 19:00:00,195.307,195.515,195.296,195.474,7514.0
2024-10-21 20:00:00,195.474,195.833,195.464,195.791,7246.0
2024-10-21 21:00:00,195.79,195.837,195.683,195.687,6869.0
2024-10-21 22:00:00,195.686,195.809,195.648,195.764,7275.0
2024-10-21 23:00:00,195.763,195.891,195.744,195.853,4837.0
2024-10-22 00:00:00,195.672,195.73,195.528,195.673,2371.0
2024-10-22 01:00:00,195.67,195.777,195.551,195.611,2620.0
2024-10-22 02:00:00,195.608,195.766,195.515,195.548,4467.0
2024-10-22 03:00:00,195.547,195.759,195.479,195.528,9770.0
2024-10-22 04:00:00,195.529,195.767,195.435,195.708,10177.0
2024-10-22 05:00:00,195.708,195.926,195.685,195.88,7772.0
2024-10-22 06:00:00,195.881,196.161,195.862,196.13,6498.0
2024-10-22 07:00:00,196.131,196.401,196.094,196.13,7308.0
2024-10-22 08:00:00,196.127,196.356,196.012,196.061,9665.0
2024-10-22 09:00:00,196.061,196.266,195.992,196.193,10164.0
2024-10-22 10:00:00,196.191,196.517,195.97,196.444,12264.0
2024-10-22 11:00:00,196.444,196.471,196.011,196.122,10594.0
2024-10-22 12:00:00,196.119,196.153,195.689,195.711,9380.0
2024-10-22 13:00:00,195.712,195.817,195.606,195.75,9670.0
2024-10-22 14:00:00,195.75,195.891,195.627,195.81,8543.0
2024-10-22 15:00:00,195.809,195.919,195.512,195.522,11074.0
2024-10-22 16:00:00,195.522,195.615,195.099,195.615,14805.0
2024-10-22 17:00:00,195.614,195.973,195.524,195.894,15331.0
2024-10-22 18:00:00,195.896,196.117,195.843,195.961,10594.0
2024-10-22 19:00:00,195.961,196.158,195.93,195.997,8169.0
2024-10-22 20:00:00,195.996,196.101,195.938,196.001,8379.0
2024-10-22 21:00:00,196.0,196.099,195.857,196.055,6674.0
2024-10-22 22:00:00,196.056,196.204,196.003,196.2,6987.0
2024-10-22 23:00:00,196.201,196.229,196.141,196.184,5336.0
2024-10-23 00:00:00,196.142,196.142,195.872,196.011,2015.0
2024-10-23 01:00:00,196.009,196.197,196.009,196.138,2139.0
2024-10-23 02:00:00,196.138,196.221,196.107,196.209,3278.0
2024-10-23 03:00:00,196.21,196.584,196.174,196.559,8227.0
2024-10-23 04:00:00,196.559,196.971,196.508,196.797,10184.0
2024-10-23 05:00:00,196.795,197.125,196.787,197.099,8433.0
2024-10-23 06:00:00,197.099,197.235,197.005,197.057,7413.0
2024-10-23 07:00:00,197.056,197.558,197.029,197.524,8901.0
2024-10-23 08:00:00,197.524,197.789,197.487,197.742,8992.0
2024-10-23 09:00:00,197.743,197.87,197.485,197.524,11833.0
2024-10-23 10:00:00,197.526,197.879,197.399,197.539,12858.0
2024-10-23 11:00:00,197.537,197.984,197.467,197.903,10810.0
2024-10-23 12:00:00,197.899,198.342,197.889,198.187,10254.0
2024-10-23 13:00:00,198.186,198.347,198.019,198.292,8687.0
2024-10-23 14:00:00,198.287,198.357,198.145,198.226,9859.0
2024-10-23 15:00:00,198.225,198.44,197.995,198.27,14165.0
2024-10-23 16:00:00,198.27,198.358,197.907,198.246,13848.0
2024-10-23 17:00:00,198.248,198.329,197.97,198.131,14571.0
2024-10-23 18:00:00,198.132,198.189,197.668,197.808,11813.0
2024-10-23 19:00:00,197.807,197.902,197.562,197.623,9829.0
2024-10-23 20:00:00,197.622,197.629,197.271,197.282,8470.0
2024-10-23 21:00:00,197.281,197.31,196.885,197.278,10370.0
2024-10-23 22:00:00,197.278,197.417,197.197,197.343,8726.0
2024-10-23 23:00:00,197.338,197.443,197.278,197.375,7165.0
2024-10-24 00:00:00,197.367,197.367,197.136,197.226,1834.0
2024-10-24 01:00:00,197.216,197.356,197.214,197.223,2794.0
2024-10-24 02:00:00,197.223,197.347,197.045,197.311,4483.0
2024-10-24 03:00:00,197.308,197.35,197.046,197.302,11634.0
2024-10-24 04:00:00,197.303,197.407,197.187,197.309,9804.0
2024-10-24 05:00:00,197.307,197.316,196.928,197.016,9225.0
2024-10-24 06:00:00,197.018,197.14,196.934,196.977,6222.0
2024-10-24 07:00:00,196.976,196.976,196.651,196.82,6897.0
2024-10-24 08:00:00,196.82,197.055,196.801,197.031,7539.0
2024-10-24 09:00:00,197.028,197.028,196.704,196.777,11790.0
2024-10-24 10:00:00,196.776,197.459,196.771,197.193,16179.0
2024-10-24 11:00:00,197.192,197.496,196.772,197.021,13567.0
2024-10-24 12:00:00,197.02,197.12,196.847,197.029,10119.0
2024-10-24 13:00:00,197.028,197.086,196.926,196.947,8230.0
2024-10-24 14:00:00,196.947,197.285,196.885,197.255,10411.0
2024-10-24 15:00:00,197.256,197.561,197.105,197.279,16137.0
2024-10-24 16:00:00,197.28,197.614,197.152,197.54,16584.0
2024-10-24 17:00:00,197.539,197.637,196.807,196.905,16743.0
2024-10-24 18:00:00,196.907,197.01,196.668,196.873,12666.0
2024-10-24 19:00:00,196.873,196.903,196.426,196.583,10106.0
2024-10-24 20:00:00,196.584,196.851,196.583,196.63,8333.0
2024-10-24 21:00:00,196.63,196.978,196.598,196.958,7962.0
2024-10-24 22:00:00,196.957,197.092,196.942,197.018,7700.0
2024-10-24 23:00:00,197.022,197.045,196.908,197.019,6312.0
2024-10-25 00:00:00,196.988,197.006,196.844,196.911,1432.0
2024-10-25 01:00:00,196.911,196.987,196.76,196.782,1699.0
2024-10-25 02:00:00,196.782,196.921,196.635,196.895,5294.0
2024-10-25 03:00:00,196.897,197.225,196.828,197.132,10642.0
2024-10-25 04:00:00,197.132,197.192,196.851,196.927,8641.0
2024-10-25 05:00:00,196.928,196.986,196.769,196.949,7293.0
2024-10-25 06:00:00,196.95,196.975,196.779,196.851,6278.0
2024-10-25 07:00:00,196.852,196.872,196.52,196.678,7040.0
2024-10-25 08:00:00,196.679,196.781,196.384,196.744,9417.0
2024-10-25 09:00:00,196.743,197.053,196.664,196.839,9626.0
2024-10-25 10:00:00,196.839,197.19,196.743,197.089,12161.0
2024-10-25 11:00:00,197.091,197.348,197.048,197.186,10255.0
2024-10-25 12:00:00,197.185,197.426,197.119,197.311,7250.0
2024-10-25 13:00:00,197.308,197.367,197.166,197.274,6184.0
2024-10-25 14:00:00,197.274,197.329,197.054,197.132,8214.0
2024-10-25 15:00:00,197.133,197.451,197.132,197.376,11332.0
2024-10-25 16:00:00,197.377,197.783,197.258,197.437,12921.0
2024-10-25 17:00:00,197.415,197.663,197.354,197.502,15498.0
2024-10-25 18:00:00,197.501,197.535,197.307,197.362,11120.0
2024-10-25 19:00:00,197.362,197.563,197.264,197.501,8431.0
2024-10-25 20:00:00,197.501,197.607,197.276,197.334,7183.0
2024-10-28 00:00:00,198.668,198.78,197.894,198.123,1876.0
2024-10-28 01:00:00,198.152,198.596,197.855,198.211,9565.0
2024-10-28 02:00:00,198.209,198.372,198.018,198.197,8097.0
2024-10-28 03:00:00,198.196,198.844,197.991,198.784,15118.0
2024-10-28 04:00:00,198.785,199.358,198.758,199.309,13221.0
2024-10-28 05:00:00,199.308,199.314,198.881,198.913,8847.0
2024-10-28 06:00:00,198.914,199.061,198.793,198.843,7669.0
2024-10-28 07:00:00,198.842,198.957,198.559,198.916,8049.0
2024-10-28 08:00:00,198.916,199.017,198.754,198.811,7323.0
2024-10-28 09:00:00,198.811,198.839,198.481,198.788,9230.0
2024-10-28 10:00:00,198.789,198.971,198.559,198.883,9808.0
2024-10-28 11:00:00,198.884,199.039,198.592,198.762,12497.0
2024-10-28 12:00:00,198.763,198.787,198.333,198.393,11220.0
2024-10-28 13:00:00,198.394,198.408,197.799,198.023,11926.0
2024-10-28 14:00:00,198.023,198.45,197.932,198.421,9913.0
2024-10-28 15:00:00,198.421,198.421,198.047,198.225,11633.0
2024-10-28 16:00:00,198.227,198.402,198.128,198.385,12737.0
2024-10-28 17:00:00,198.385,198.899,198.331,198.765,11594.0
2024-10-28 18:00:00,198.765,198.966,198.65,198.877,12036.0
2024-10-28 19:00:00,198.877,199.012,198.862,198.925,10020.0
2024-10-28 20:00:00,198.926,199.0,198.851,198.872,7521.0
2024-10-28 21:00:00,198.872,198.968,198.74,198.758,6428.0
2024-10-28 22:00:00,198.758,198.867,198.695,198.791,6843.0
2024-10-28 23:00:00,198.792,198.837,198.757,198.82,4540.0
2024-10-29 00:00:00,198.84,198.84,198.715,198.744,510.0
2024-10-29 01:00:00,198.74,198.86,198.737,198.766,2528.0
2024-10-29 02:00:00,198.766,198.845,198.69,198.691,3220.0
2024-10-29 03:00:00,198.689,198.793,198.37,198.504,8504.0
2024-10-29 04:00:00,198.505,198.625,198.293,198.417,11049.0
2024-10-29 05:00:00,198.418,198.568,198.304,198.434,10120.0
2024-10-29 06:00:00,198.436,198.485,198.299,198.347,7535.0
2024-10-29 07:00:00,198.347,198.347,198.136,198.216,7089.0
2024-10-29 08:00:00,198.217,198.27,198.042,198.125,8783.0
2024-10-29 09:00:00,198.125,198.47,198.118,198.436,8517.0
2024-10-29 10:00:00,198.437,198.795,198.413,198.676,9975.0
2024-10-29 11:00:00,198.677,199.282,198.674,199.17,13931.0
2024-10-29 12:00:00,199.171,199.245,199.015,199.125,10230.0
2024-10-29 13:00:00,199.126,199.285,199.026,199.133,8648.0
2024-10-29 14:00:00,199.133,199.565,199.064,199.564,9729.0
2024-10-29 15:00:00,199.565,199.687,199.476,199.55,12070.0
2024-10-29 16:00:00,199.552,199.589,199.281,199.387,13172.0
2024-10-29 17:00:00,199.387,199.478,198.885,199.352,20245.0
2024-10-29 18:00:00,199.356,199.675,199.335,199.605,15858.0
2024-10-29 19:00:00,199.606,199.619,199.46,199.603,11661.0
2024-10-29 20:00:00,199.604,199.681,199.367,199.417,10578.0
2024-10-29 21:00:00,199.417,199.715,199.4,199.525,8258.0
2024-10-29 22:00:00,199.523,199.625,199.483,199.544,7580.0
2024-10-29 23:00:00,199.545,199.608,199.52,199.596,5397.0
2024-10-30 00:00:00,199.581,199.581,199.38,199.465,803.0
2024-10-30 01:00:00,199.465,199.591,199.382,199.456,3631.0
2024-10-30 02:00:00,199.456,199.531,199.328,199.42,4901.0
2024-10-30 03:00:00,199.422,199.51,199.193,199.433,9928.0
2024-10-30 04:00:00,199.432,199.494,199.291,199.347,8552.0
2024-10-30 05:00:00,199.347,199.576,199.31,199.41,7734.0
2024-10-30 06:00:00,199.409,199.448,199.258,199.327,6799.0
2024-10-30 07:00:00,199.327,199.35,199.14,199.345,5375.0
2024-10-30 08:00:00,199.347,199.357,199.126,199.207,6548.0
2024-10-30 09:00:00,199.207,199.57,199.204,199.397,8512.0
2024-10-30 10:00:00,199.397,199.513,199.323,199.459,9577.0
2024-10-30 11:00:00,199.458,199.539,198.933,198.981,14363.0
2024-10-30 12:00:00,198.981,199.375,198.913,198.988,14010.0
2024-10-30 13:00:00,198.987,198.992,198.272,198.39,11164.0
2024-10-30 14:00:00,198.392,198.51,198.205,198.503,10401.0
2024-10-30 15:00:00,198.505,198.841,198.331,198.589,17804.0
2024-10-30 16:00:00,198.594,198.965,198.472,198.766,17885.0
2024-10-30 17:00:00,198.765,199.806,198.765,199.174,19546.0
2024-10-30 18:00:00,199.175,199.565,199.138,199.285,15668.0
2024-10-30 19:00:00,199.282,199.35,198.945,198.987,11805.0
2024-10-30 20:00:00,198.987,199.133,198.794,198.865,9809.0
2024-10-30 21:00:00,198.866,199.009,198.783,198.965,7367.0
2024-10-30 22:00:00,198.965,199.031,198.786,198.826,9719.0
2024-10-30 23:00:00,198.826,198.915,198.766,198.85,7687.0
2024-10-31 00:00:00,198.834,198.841,198.64,198.729,2350.0
2024-10-31 01:00:00,198.729,198.753,198.545,198.645,3946.0
2024-10-31 02:00:00,198.645,198.759,198.535,198.57,3201.0
2024-10-31 03:00:00,198.57,198.874,198.411,198.812,7913.0
2024-10-31 04:00:00,198.812,198.909,198.616,198.693,8868.0
2024-10-31 05:00:00,198.692,198.825,198.294,198.586,8502.0
2024-10-31 06:00:00,198.589,198.599,198.066,198.193,8895.0
2024-10-31 07:00:00,198.192,198.23,197.877,198.03,7836.0
2024-10-31 08:00:00,198.029,198.238,197.997,198.019,7903.0
2024-10-31 09:00:00,198.02,198.194,197.281,197.43,11739.0
2024-10-31 10:00:00,197.43,198.152,197.209,197.864,16834.0
2024-10-31 11:00:00,197.862,197.882,197.184,197.816,15361.0
2024-10-31 12:00:00,197.816,198.061,197.475,198.045,12473.0
2024-10-31 13:00:00,198.044,198.105,197.766,197.972,11379.0
2024-10-31 14:00:00,197.976,198.406,197.976,198.206,10929.0
2024-10-31 15:00:00,198.208,198.396,198.001,198.169,16899.0
2024-10-31 16:00:00,198.17,198.63,197.668,197.875,17889.0
2024-10-31 17:00:00,197.877,197.899,196.635,196.695,21767.0
2024-10-31 18:00:00,196.694,196.694,195.371,195.864,21360.0
2024-10-31 19:00:00,195.863,196.373,195.717,196.101,15970.0
2024-10-31 20:00:00,196.101,196.187,195.623,195.697,11364.0
2024-10-31 21:00:00,195.698,195.884,195.565,195.868,12078.0
2024-10-31 22:00:00,195.865,196.094,195.784,195.878,12223.0
2024-10-31 23:00:00,195.878,196.164,195.869,196.105,8334.0
2024-11-01 00:00:00,196.091,196.091,195.985,196.038,849.0
2024-11-01 01:00:00,196.038,196.279,196.038,196.197,2933.0
2024-11-01 02:00:00,196.198,196.205,195.777,196.006,6734.0
2024-11-01 03:00:00,196.01,196.164,195.878,196.051,11004.0
2024-11-01 04:00:00,196.05,196.344,195.954,196.179,11207.0
2024-11-01 05:00:00,196.175,196.397,196.096,196.368,9063.0
2024-11-01 06:00:00,196.369,196.607,196.282,196.599,7092.0
2024-11-01 07:00:00,196.604,196.786,196.592,196.671,5824.0
2024-11-01 08:00:00,196.671,196.785,196.557,196.605,8675.0
2024-11-01 09:00:00,196.605,196.794,196.463,196.544,8750.0
2024-11-01 10:00:00,196.547,196.798,196.309,196.759,10329.0
2024-11-01 11:00:00,196.758,197.148,196.712,196.974,12718.0
2024-11-01 12:00:00,196.97,197.365,196.937,197.229,9568.0
2024-11-01 13:00:00,197.229,197.34,197.118,197.152,8555.0
2024-11-01 14:00:00,197.152,197.333,197.014,197.258,8862.0
2024-11-01 15:00:00,197.253,197.501,196.76,196.946,18465.0
2024-11-01 16:00:00,196.944,197.9,196.864,197.598,20042.0
2024-11-01 17:00:00,197.579,198.319,197.495,198.26,20010.0
2024-11-01 18:00:00,198.261,198.382,198.048,198.206,15427.0
2024-11-01 19:00:00,198.206,198.266,197.936,198.094,11666.0
2024-11-01 20:00:00,198.094,198.129,197.665,197.677,10007.0
2024-11-04 00:00:00,197.415,197.77,197.415,197.533,2366.0
2024-11-04 01:00:00,197.53,197.593,197.221,197.258,8739.0
2024-11-04 02:00:00,197.257,197.274,197.019,197.116,9248.0
2024-11-04 03:00:00,197.116,197.195,196.887,196.951,12056.0
2024-11-04 04:00:00,196.95,197.189,196.921,197.063,10541.0
2024-11-04 05:00:00,197.063,197.185,196.946,197.16,10217.0
2024-11-04 06:00:00,197.16,197.273,197.096,197.206,5698.0
2024-11-04 07:00:00,197.208,197.362,197.188,197.294,6977.0
2024-11-04 08:00:00,197.295,197.621,197.251,197.61,9307.0
2024-11-04 09:00:00,197.61,197.732,197.359,197.373,11525.0
2024-11-04 10:00:00,197.379,197.495,196.997,197.149,13990.0
2024-11-04 11:00:00,197.153,197.179,196.788,197.017,11915.0
2024-11-04 12:00:00,197.017,197.186,196.727,196.784,10044.0
2024-11-04 13:00:00,196.784,196.792,196.495,196.67,9985.0
2024-11-04 14:00:00,196.672,196.892,196.576,196.882,9984.0
2024-11-04 15:00:00,196.884,197.175,196.841,196.922,12515.0
2024-11-04 16:00:00,196.924,197.177,196.685,197.007,15640.0
2024-11-04 17:00:00,197.007,197.478,196.996,197.296,15391.0
2024-11-04 18:00:00,197.298,197.327,196.628,196.738,13766.0
2024-11-04 19:00:00,196.738,197.055,196.639,196.951,10570.0
2024-11-04 20:00:00,196.95,197.152,196.867,196.997,9622.0
2024-11-04 21:00:00,196.998,197.15,196.994,197.085,8163.0
2024-11-04 22:00:00,197.084,197.123,197.025,197.078,7186.0
2024-11-04 23:00:00,197.082,197.159,197.065,197.099,3960.0
2024-11-05 00:00:00,197.107,197.128,196.922,197.068,1461.0
2024-11-05 01:00:00,197.068,197.287,197.068,197.262,2748.0
2024-11-05 02:00:00,197.262,197.396,197.009,197.279,8317.0
2024-11-05 03:00:00,197.278,197.462,197.182,197.279,8892.0
2024-11-05 04:00:00,197.279,197.346,197.198,197.279,7075.0
2024-11-05 05:00:00,197.279,197.462,197.251,197.392,6027.0
2024-11-05 06:00:00,197.391,197.635,197.389,197.536,6236.0
2024-11-05 07:00:00,197.537,197.701,197.473,197.546,6441.0
2024-11-05 08:00:00,197.546,197.589,197.33,197.546,6437.0
2024-11-05 09:00:00,197.546,197.641,197.509,197.605,8228.0
2024-11-05 10:00:00,197.603,197.722,197.525,197.56,9911.0
2024-11-05 11:00:00,197.559,197.659,197.403,197.568,7962.0
2024-11-05 12:00:00,197.567,197.695,197.485,197.667,7486.0
2024-11-05 13:00:00,197.667,197.761,197.599,197.667,6061.0
2024-11-05 14:00:00,197.667,197.844,197.511,197.768,7025.0
2024-11-05 15:00:00,197.769,197.772,197.278,197.409,10028.0
2024-11-05 16:00:00,197.409,197.71,197.345,197.519,13055.0
2024-11-05 17:00:00,197.516,197.82,197.382,197.686,18676.0
2024-11-05 18:00:00,197.686,197.874,197.595,197.769,11644.0
2024-11-05 19:00:00,197.769,197.774,197.506,197.695,8703.0
2024-11-05 20:00:00,197.696,197.713,197.29,197.406,9908.0
2024-11-05 21:00:00,197.405,197.514,197.106,197.206,8264.0
2024-11-05 22:00:00,197.204,197.423,197.149,197.411,7740.0
2024-11-05 23:00:00,197.411,197.768,197.355,197.723,3722.0
2024-11-06 00:00:00,197.722,197.722,197.366,197.518,1747.0
2024-11-06 01:00:00,197.516,197.875,197.473,197.516,9331.0
2024-11-06 02:00:00,197.517,198.248,197.332,198.177,23671.0
2024-11-06 03:00:00,198.17,198.393,198.039,198.302,23448.0
2024-11-06 04:00:00,198.303,199.057,198.21,198.823,24591.0
2024-11-06 05:00:00,198.823,199.056,198.209,198.412,25926.0
2024-11-06 06:00:00,198.411,198.546,198.122,198.281,22511.0
2024-11-06 07:00:00,198.281,198.291,197.893,198.157,23746.0
2024-11-06 08:00:00,198.159,198.44,197.874,198.155,22299.0
2024-11-06 09:00:00,198.156,198.356,197.87,198.067,24318.0
2024-11-06 10:00:00,198.062,198.881,198.033,198.829,22330.0
2024-11-06 11:00:00,198.832,198.9,198.459,198.67,18573.0
2024-11-06 12:00:00,198.67,198.827,198.482,198.491,16292.0
2024-11-06 13:00:00,198.493,198.553,198.159,198.273,18331.0
2024-11-06 14:00:00,198.273,198.569,198.223,198.477,19833.0
2024-11-06 15:00:00,198.475,198.571,198.166,198.502,19732.0
2024-11-06 16:00:00,198.502,198.607,198.199,198.375,19738.0
2024-11-06 17:00:00,198.377,198.963,198.267,198.956,22809.0
2024-11-06 18:00:00,198.955,199.398,198.727,199.352,17740.0
2024-11-06 19:00:00,199.352,199.527,199.225,199.361,13600.0
2024-11-06 20:00:00,199.36,199.505,199.244,199.312,13413.0
2024-11-06 21:00:00,199.312,199.322,199.011,199.086,11549.0
2024-11-06 22:00:00,199.088,199.275,199.081,199.188,9435.0
2024-11-06 23:00:00,199.189,199.28,199.128,199.146,3984.0
2024-11-07 00:00:00,198.972,199.042,198.896,198.897,1076.0
2024-11-07 01:00:00,198.896,199.025,198.703,198.785,5124.0
2024-11-07 02:00:00,198.788,199.313,198.761,199.107,12159.0
2024-11-07 03:00:00,199.114,199.285,198.932,199.158,12603.0
2024-11-07 04:00:00,199.159,199.451,198.992,199.398,10164.0
2024-11-07 05:00:00,199.397,199.563,199.339,199.417,8311.0
2024-11-07 06:00:00,199.419,199.471,198.968,199.207,7542.0
2024-11-07 07:00:00,199.207,199.425,199.12,199.147,7276.0
2024-11-07 08:00:00,199.147,199.369,199.066,199.073,10703.0
2024-11-07 09:00:00,199.073,199.158,198.9,199.126,15506.0
2024-11-07 10:00:00,199.13,199.241,198.976,199.124,16310.0
2024-11-07 11:00:00,199.126,199.155,198.702,198.71,12192.0
2024-11-07 12:00:00,198.71,198.842,198.58,198.761,9824.0
2024-11-07 13:00:00,198.762,198.877,198.695,198.815,8717.0
2024-11-07 14:00:00,198.815,199.383,198.662,199.221,16777.0
2024-11-07 15:00:00,199.22,199.378,199.001,199.124,19734.0
2024-11-07 16:00:00,199.125,199.227,198.907,199.069,17468.0
2024-11-07 17:00:00,199.072,199.112,198.615,198.793,18286.0
2024-11-07 18:00:00,198.792,198.947,198.627,198.832,14637.0
2024-11-07 19:00:00,198.831,198.849,198.665,198.764,9966.0
2024-11-07 20:00:00,198.766,198.774,198.347,198.433,9320.0
2024-11-07 21:00:00,198.393,198.757,198.336,198.473,21181.0
2024-11-07 22:00:00,198.474,198.677,198.324,198.446,16678.0
2024-11-07 23:00:00,198.446,198.627,198.347,198.569,4914.0
2024-11-08 00:00:00,198.544,198.628,198.432,198.609,594.0
2024-11-08 01:00:00,198.633,198.891,198.591,198.867,4524.0
2024-11-08 02:00:00,198.866,198.927,198.555,198.737,9575.0
2024-11-08 03:00:00,198.734,198.889,198.559,198.615,11176.0
2024-11-08 04:00:00,198.613,198.642,198.434,198.533,9144.0
2024-11-08 05:00:00,198.535,198.554,198.077,198.117,8243.0
2024-11-08 06:00:00,198.116,198.118,197.831,198.066,7975.0
2024-11-08 07:00:00,198.067,198.336,198.042,198.185,6724.0
2024-11-08 08:00:00,198.186,198.311,198.008,198.118,9632.0
2024-11-08 09:00:00,198.118,198.323,197.868,197.893,11841.0
2024-11-08 10:00:00,197.893,197.942,197.291,197.401,19044.0
2024-11-08 11:00:00,197.402,197.672,197.317,197.359,12889.0
2024-11-08 12:00:00,197.359,197.477,197.118,197.262,12082.0
2024-11-08 13:00:00,197.263,197.713,197.231,197.662,9877.0
2024-11-08 14:00:00,197.661,197.702,197.229,197.236,11818.0
2024-11-08 15:00:00,197.236,197.685,197.172,197.672,15394.0
2024-11-08 16:00:00,197.673,197.831,197.347,197.574,14634.0
2024-11-08 17:00:00,197.568,197.641,197.046,197.213,17523.0
2024-11-08 18:00:00,197.211,197.369,196.844,196.876,14172.0
2024-11-08 19:00:00,196.876,196.994,196.742,196.881,14030.0
2024-11-08 20:00:00,196.881,197.144,196.881,197.062,9232.0
2024-11-11 00:00:00,197.08,197.203,196.88,197.034,2967.0
2024-11-11 01:00:00,197.034,197.54,197.015,197.49,4219.0
2024-11-11 02:00:00,197.49,197.777,197.433,197.777,8597.0
2024-11-11 03:00:00,197.778,197.934,197.726,197.934,8136.0
2024-11-11 04:00:00,197.934,198.19,197.836,198.152,7685.0
2024-11-11 05:00:00,198.153,198.202,198.068,198.164,5233.0
2024-11-11 06:00:00,198.163,198.319,198.058,198.301,5191.0
2024-11-11 07:00:00,198.303,198.429,198.2,198.285,6537.0
2024-11-11 08:00:00,198.284,198.322,198.13,198.147,5965.0
2024-11-11 09:00:00,198.149,198.238,197.842,198.122,11635.0
2024-11-11 10:00:00,198.124,198.464,198.086,198.351,12299.0
2024-11-11 11:00:00,198.353,198.435,197.93,198.178,10842.0
2024-11-11 12:00:00,198.175,198.362,198.001,198.008,8639.0
2024-11-11 13:00:00,198.007,198.175,197.927,198.121,8972.0
2024-11-11 14:00:00,198.121,198.244,198.02,198.103,7498.0
2024-11-11 15:00:00,198.104,198.189,197.848,197.855,11381.0
2024-11-11 16:00:00,197.856,198.054,197.729,197.958,12293.0
2024-11-11 17:00:00,197.958,198.101,197.873,198.01,10901.0
2024-11-11 18:00:00,198.012,198.077,197.912,197.972,8063.0
2024-11-11 19:00:00,197.972,198.081,197.894,197.951,6185.0
2024-11-11 20:00:00,197.95,197.95,197.708,197.876,5345.0
2024-11-11 21:00:00,197.876,197.886,197.752,197.774,4987.0
2024-11-11 22:00:00,197.775,197.823,197.665,197.696,5215.0
2024-11-11 23:00:00,197.697,197.851,197.667,197.835,2458.0
2024-11-12 00:00:00,197.68,197.839,197.68,197.82,744.0
2024-11-12 01:00:00,197.82,197.834,197.56,197.639,3640.0
2024-11-12 02:00:00,197.638,197.915,197.567,197.846,8579.0
2024-11-12 03:00:00,197.846,198.059,197.819,198.015,10111.0
2024-11-12 04:00:00,198.013,198.024,197.587,197.652,9112.0
2024-11-12 05:00:00,197.653,197.664,197.312,197.322,7809.0
2024-11-12 06:00:00,197.322,197.322,197.081,197.164,8194.0
2024-11-12 07:00:00,197.165,197.165,196.96,197.131,8131.0
2024-11-12 08:00:00,197.132,197.25,197.046,197.238,9197.0
2024-11-12 09:00:00,197.238,197.313,196.933,197.112,13272.0
2024-11-12 10:00:00,197.113,197.428,196.885,197.425,14324.0
2024-11-12 11:00:00,197.425,197.639,197.24,197.625,12200.0
2024-11-12 12:00:00,197.627,197.651,197.29,197.474,10432.0
2024-11-12 13:00:00,197.473,197.644,197.402,197.538,9501.0
2024-11-12 14:00:00,197.537,197.769,197.402,197.542,11015.0
2024-11-12 15:00:00,197.543,197.795,197.489,197.766,13180.0
2024-11-12 16:00:00,197.768,197.83,197.354,197.501,12674.0
2024-11-12 17:00:00,197.503,197.509,197.021,197.215,15417.0
2024-11-12 18:00:00,197.216,197.255,196.939,197.03,13988.0
2024-11-12 19:00:00,197.028,197.209,196.96,197.094,12662.0
2024-11-12 20:00:00,197.093,197.254,197.077,197.188,9104.0
2024-11-12 21:00:00,197.188,197.226,197.075,197.091,7016.0
2024-11-12 22:00:00,197.093,197.17,196.986,197.022,7868.0
2024-11-12 23:00:00,197.024,197.191,196.983,197.105,4505.0
2024-11-13 00:00:00,196.958,197.128,196.92,196.987,1800.0
2024-11-13 01:00:00,196.987,197.049,196.865,196.987,3584.0
2024-11-13 02:00:00,196.987,197.342,196.982,197.322,8657.0
2024-11-13 03:00:00,197.323,197.444,197.091,197.124,11512.0
2024-11-13 04:00:00,197.125,197.345,197.03,197.343,8108.0
2024-11-13 05:00:00,197.344,197.394,197.241,197.285,6399.0
2024-11-13 06:00:00,197.285,197.391,197.192,197.359,5741.0
2024-11-13 07:00:00,197.359,197.454,197.204,197.413,7136.0
2024-11-13 08:00:00,197.411,197.632,197.408,197.573,9467.0
2024-11-13 09:00:00,197.573,197.629,197.299,197.555,9621.0
2024-11-13 10:00:00,197.548,197.719,197.485,197.568,11951.0
2024-11-13 11:00:00,197.569,197.648,197.378,197.514,10722.0
2024-11-13 12:00:00,197.515,197.577,197.326,197.469,8855.0
2024-11-13 13:00:00,197.468,197.555,197.344,197.461,7255.0
2024-11-13 14:00:00,197.46,197.529,197.343,197.453,10188.0
2024-11-13 15:00:00,197.454,197.575,196.919,197.072,18195.0
2024-11-13 16:00:00,197.07,197.097,196.662,196.786,20829.0
2024-11-13 17:00:00,196.785,197.236,196.655,197.203,21512.0
2024-11-13 18:00:00,197.203,197.46,197.161,197.341,15126.0
2024-11-13 19:00:00,197.342,197.612,197.317,197.532,11253.0
2024-11-13 20:00:00,197.533,197.702,197.458,197.694,8431.0
2024-11-13 21:00:00,197.696,197.812,197.56,197.619,9421.0
2024-11-13 22:00:00,197.62,197.714,197.578,197.669,7808.0
2024-11-13 23:00:00,197.668,197.731,197.515,197.571,5699.0
2024-11-14 00:00:00,197.547,197.56,197.26,197.396,3497.0
2024-11-14 01:00:00,197.394,197.618,197.37,197.496,4135.0
2024-11-14 02:00:00,197.496,197.945,197.485,197.854,8306.0
2024-11-14 03:00:00,197.855,197.997,197.753,197.862,10129.0
2024-11-14 04:00:00,197.862,197.977,197.777,197.886,7735.0
2024-11-14 05:00:00,197.885,197.885,197.684,197.797,6775.0
2024-11-14 06:00:00,197.796,197.989,197.756,197.928,5827.0
2024-11-14 07:00:00,197.928,197.984,197.779,197.949,7428.0
2024-11-14 08:00:00,197.95,197.976,197.744,197.791,8478.0
2024-11-14 09:00:00,197.791,197.841,197.626,197.714,10218.0
2024-11-14 10:00:00,197.715,197.796,197.437,197.581,11458.0
2024-11-14 11:00:00,197.581,197.702,197.484,197.588,11429.0
2024-11-14 12:00:00,197.587,197.625,197.291,197.293,11075.0
2024-11-14 13:00:00,197.293,197.397,197.078,197.377,11880.0
2024-11-14 14:00:00,197.377,197.597,197.229,197.57,10563.0
2024-11-14 15:00:00,197.57,197.642,197.404,197.477,17414.0
2024-11-14 16:00:00,197.477,197.824,197.444,197.713,18350.0
2024-11-14 17:00:00,197.715,198.244,197.654,198.183,18136.0
2024-11-14 18:00:00,198.183,198.221,197.988,198.163,12883.0
2024-11-14 19:00:00,198.163,198.223,197.761,197.847,10836.0
2024-11-14 20:00:00,197.848,197.911,197.734,197.773,8280.0
2024-11-14 21:00:00,197.769,197.893,197.733,197.82,6843.0
2024-11-14 22:00:00,197.816,197.984,197.702,197.832,19093.0
2024-11-14 23:00:00,197.831,198.009,197.776,197.939,9088.0
2024-11-15 00:00:00,197.906,197.95,197.79,197.907,1538.0
2024-11-15 01:00:00,197.907,198.245,197.878,198.214,5201.0
2024-11-15 02:00:00,198.215,198.45,198.148,198.322,10195.0
2024-11-15 03:00:00,198.32,198.334,198.014,198.276,11453.0
2024-11-15 04:00:00,198.274,198.341,198.099,198.241,9006.0
2024-11-15 05:00:00,198.241,198.389,198.149,198.379,7542.0
2024-11-15 06:00:00,198.379,198.421,198.116,198.219,6114.0
2024-11-15 07:00:00,198.22,198.312,198.153,198.306,6941.0
2024-11-15 08:00:00,198.307,198.366,197.913,197.991,9804.0
2024-11-15 09:00:00,197.992,198.063,197.317,197.318,12532.0
2024-11-15 10:00:00,197.318,197.339,196.741,196.931,13869.0
2024-11-15 11:00:00,196.932,197.242,196.466,196.576,12481.0
2024-11-15 12:00:00,196.577,196.928,196.49,196.855,11701.0
2024-11-15 13:00:00,196.855,197.376,196.71,197.319,9264.0
2024-11-15 14:00:00,197.319,197.348,196.966,196.997,9086.0
2024-11-15 15:00:00,196.994,197.017,196.482,196.497,18983.0
2024-11-15 16:00:00,196.497,196.83,196.219,196.544,20187.0
2024-11-15 17:00:00,196.545,196.581,195.452,195.678,20224.0
2024-11-15 18:00:00,195.678,195.765,195.049,195.215,18592.0
2024-11-15 19:00:00,195.215,195.305,194.685,194.815,13952.0
2024-11-15 20:00:00,194.817,194.833,194.294,194.412,12004.0
2024-11-18 00:00:00,194.806,194.982,194.506,194.866,4050.0
2024-11-18 01:00:00,194.892,195.261,194.683,195.141,6214.0
2024-11-18 02:00:00,195.141,195.166,194.362,194.979,12844.0
2024-11-18 03:00:00,194.983,195.995,194.791,195.342,17560.0
2024-11-18 04:00:00,195.343,195.717,195.318,195.507,11180.0
2024-11-18 05:00:00,195.508,195.608,195.225,195.248,8233.0
2024-11-18 06:00:00,195.246,195.381,195.007,195.379,7426.0
2024-11-18 07:00:00,195.38,195.46,195.057,195.257,9516.0
2024-11-18 08:00:00,195.257,195.376,195.013,195.373,10682.0
2024-11-18 09:00:00,195.373,195.49,195.031,195.163,12372.0
2024-11-18 10:00:00,195.162,195.543,195.079,195.535,14789.0
2024-11-18 11:00:00,195.535,195.549,195.167,195.479,14115.0
2024-11-18 12:00:00,195.479,195.765,195.427,195.756,11957.0
2024-11-18 13:00:00,195.755,195.807,195.532,195.656,10575.0
2024-11-18 14:00:00,195.655,196.083,195.632,196.033,10667.0
2024-11-18 15:00:00,196.032,196.147,195.55,195.567,13544.0
2024-11-18 16:00:00,195.569,195.677,195.333,195.539,14987.0
2024-11-18 17:00:00,195.54,195.941,195.499,195.905,14441.0
2024-11-18 18:00:00,195.907,196.151,195.85,195.998,12230.0
2024-11-18 19:00:00,195.999,196.108,195.876,195.941,10584.0
2024-11-18 20:00:00,195.94,196.095,195.928,196.075,8297.0
2024-11-18 21:00:00,196.074,196.15,195.92,196.075,9186.0
2024-11-18 22:00:00,196.076,196.097,195.939,195.956,7383.0
2024-11-18 23:00:00,195.957,196.093,195.911,196.087,4579.0
2024-11-19 00:00:00,196.057,196.084,195.877,196.036,1519.0
2024-11-19 01:00:00,196.038,196.061,195.752,196.029,2723.0
2024-11-19 02:00:00,196.029,196.03,195.492,195.575,9624.0
2024-11-19 03:00:00,195.574,195.584,195.224,195.375,9436.0
2024-11-19 04:00:00,195.376,195.489,195.215,195.429,8124.0
2024-11-19 05:00:00,195.43,195.585,195.226,195.582,7191.0
2024-11-19 06:00:00,195.575,195.824,195.534,195.718,6516.0
2024-11-19 07:00:00,195.719,195.758,195.514,195.646,6543.0
2024-11-19 08:00:00,195.643,195.918,195.573,195.876,7812.0
2024-11-19 09:00:00,195.876,196.005,195.72,195.834,11107.0
2024-11-19 10:00:00,195.835,195.88,193.959,194.581,19489.0
2024-11-19 11:00:00,194.58,195.009,193.567,194.167,22237.0
2024-11-19 12:00:00,194.165,194.433,193.925,194.309,17028.0
2024-11-19 13:00:00,194.308,194.794,194.143,194.684,12791.0
2024-11-19 14:00:00,194.682,194.895,194.559,194.69,12575.0
2024-11-19 15:00:00,194.688,194.799,193.837,193.923,16993.0
2024-11-19 16:00:00,193.925,195.001,193.867,194.71,21802.0
2024-11-19 17:00:00,194.709,195.176,194.562,194.985,18526.0
2024-11-19 18:00:00,194.981,195.674,194.93,195.498,14580.0
2024-11-19 19:00:00,195.499,196.114,195.452,196.053,10988.0
2024-11-19 20:00:00,196.054,196.089,195.89,195.985,8779.0
2024-11-19 21:00:00,195.985,196.106,195.968,196.094,7593.0
2024-11-19 22:00:00,196.095,196.207,196.053,196.105,6630.0
2024-11-19 23:00:00,196.105,196.218,196.086,196.137,3484.0
2024-11-20 00:00:00,196.115,196.115,195.9,195.953,1685.0
2024-11-20 01:00:00,195.953,196.416,195.921,196.403,4164.0
2024-11-20 02:00:00,196.403,196.624,196.234,196.55,8631.0
2024-11-20 03:00:00,196.549,196.627,196.291,196.403,8518.0
2024-11-20 04:00:00,196.403,196.615,196.348,196.513,7072.0
2024-11-20 05:00:00,196.513,196.566,196.448,196.511,5822.0
2024-11-20 06:00:00,196.511,196.761,196.492,196.72,5229.0
2024-11-20 07:00:00,196.721,196.841,196.656,196.841,5719.0
2024-11-20 08:00:00,196.841,197.252,196.782,197.07,8575.0
2024-11-20 09:00:00,197.084,197.789,196.869,197.612,13361.0
2024-11-20 10:00:00,197.613,197.7,197.259,197.289,11956.0
2024-11-20 11:00:00,197.287,197.599,197.191,197.333,11575.0
2024-11-20 12:00:00,197.334,197.382,197.17,197.183,10113.0
2024-11-20 13:00:00,197.183,197.338,197.071,197.332,9069.0
2024-11-20 14:00:00,197.332,197.492,197.211,197.213,9691.0
2024-11-20 15:00:00,197.214,197.403,197.14,197.372,11496.0
2024-11-20 16:00:00,197.372,197.388,196.455,196.715,14628.0
2024-11-20 17:00:00,196.714,196.887,196.211,196.796,18066.0
2024-11-20 18:00:00,196.797,196.946,196.122,196.361,14411.0
2024-11-20 19:00:00,196.361,196.596,196.195,196.418,9817.0
2024-11-20 20:00:00,196.417,196.603,196.362,196.5,9729.0
2024-11-20 21:00:00,196.499,196.533,196.352,196.502,7511.0
2024-11-20 22:00:00,196.502,196.666,196.485,196.628,7282.0
2024-11-20 23:00:00,196.628,196.726,196.529,196.649,6381.0
2024-11-21 00:00:00,196.578,196.63,196.463,196.483,2065.0
2024-11-21 01:00:00,196.483,196.573,196.402,196.512,2830.0
2024-11-21 02:00:00,196.509,196.558,196.055,196.243,9250.0
2024-11-21 03:00:00,196.242,196.286,196.026,196.205,8823.0
2024-11-21 04:00:00,196.204,196.294,195.968,196.101,6911.0
2024-11-21 05:00:00,196.1,196.202,196.022,196.117,6033.0
2024-11-21 06:00:00,196.116,196.264,196.048,196.22,4315.0
2024-11-21 07:00:00,196.217,196.427,196.179,196.316,7417.0
2024-11-21 08:00:00,196.314,196.314,195.59,195.822,11733.0
2024-11-21 09:00:00,195.822,196.044,195.423,195.932,15725.0
2024-11-21 10:00:00,195.936,196.115,195.125,195.228,18503.0
2024-11-21 11:00:00,195.227,195.228,194.533,195.041,17614.0
2024-11-21 12:00:00,195.042,195.11,194.724,195.037,11722.0
2024-11-21 13:00:00,195.036,195.429,194.992,195.297,11002.0
2024-11-21 14:00:00,195.3,195.544,195.056,195.214,11227.0
2024-11-21 15:00:00,195.213,195.437,194.915,195.092,16678.0
2024-11-21 16:00:00,195.092,195.301,194.369,194.733,18074.0
2024-11-21 17:00:00,194.732,195.002,194.534,194.722,18671.0
2024-11-21 18:00:00,194.721,194.882,194.563,194.645,18140.0
2024-11-21 19:00:00,194.642,194.706,194.425,194.598,14148.0
2024-11-21 20:00:00,194.599,194.952,194.598,194.757,9986.0
2024-11-21 21:00:00,194.756,194.797,194.622,194.703,9325.0
2024-11-21 22:00:00,194.703,194.747,194.603,194.616,8325.0
2024-11-21 23:00:00,194.614,194.637,194.478,194.544,4705.0
2024-11-22 00:00:00,194.414,194.522,194.392,194.47,1695.0
2024-11-22 01:00:00,194.47,194.518,193.979,194.004,5358.0
2024-11-22 02:00:00,194.003,194.421,193.787,194.31,11857.0
2024-11-22 03:00:00,194.309,194.441,194.188,194.38,9368.0
2024-11-22 04:00:00,194.381,194.473,194.239,194.335,7618.0
2024-11-22 05:00:00,194.334,194.488,194.06,194.128,7391.0
2024-11-22 06:00:00,194.127,194.379,194.127,194.345,5994.0
2024-11-22 07:00:00,194.346,194.489,194.212,194.443,8074.0
2024-11-22 08:00:00,194.442,194.812,194.382,194.743,9497.0
2024-11-22 09:00:00,194.725,194.725,194.321,194.528,13267.0
2024-11-22 10:00:00,194.527,194.8,193.956,193.971,17695.0
2024-11-22 11:00:00,193.971,193.977,192.94,193.317,21774.0
2024-11-22 12:00:00,193.312,193.5,192.851,193.437,16369.0
2024-11-22 13:00:00,193.436,193.516,193.016,193.09,11468.0
2024-11-22 14:00:00,193.09,193.343,193.079,193.313,11425.0
2024-11-22 15:00:00,193.314,193.392,193.024,193.156,15242.0
2024-11-22 16:00:00,193.156,194.039,193.156,193.876,17066.0
2024-11-22 17:00:00,193.873,194.11,193.607,194.038,20615.0
2024-11-22 18:00:00,194.038,194.083,193.627,193.655,14318.0
2024-11-22 19:00:00,193.653,193.978,193.621,193.913,9777.0
2024-11-22 20:00:00,193.912,193.987,193.814,193.829,7905.0
2024-11-25 00:00:00,194.046,194.269,193.82,194.093,3582.0
2024-11-25 01:00:00,194.093,194.338,193.859,194.122,9363.0
2024-11-25 02:00:00,194.123,194.254,193.77,194.227,11963.0
2024-11-25 03:00:00,194.235,194.304,193.558,193.658,11324.0
2024-11-25 04:00:00,193.657,193.81,193.497,193.756,9172.0
2024-11-25 05:00:00,193.755,193.914,193.599,193.866,8518.0
2024-11-25 06:00:00,193.866,194.145,193.858,194.088,7213.0
2024-11-25 07:00:00,194.089,194.392,194.087,194.291,8343.0
2024-11-25 08:00:00,194.291,194.628,194.183,194.426,9620.0
2024-11-25 09:00:00,194.426,194.426,193.981,194.281,13258.0
2024-11-25 10:00:00,194.28,194.413,193.97,194.317,15405.0
2024-11-25 11:00:00,194.311,194.455,194.131,194.168,14017.0
2024-11-25 12:00:00,194.171,194.273,194.109,194.239,10510.0
2024-11-25 13:00:00,194.24,194.276,194.059,194.136,8318.0
2024-11-25 14:00:00,194.136,194.184,193.769,193.854,11369.0
2024-11-25 15:00:00,193.854,194.208,193.579,194.121,17229.0
2024-11-25 16:00:00,194.122,194.163,193.451,193.505,19640.0
2024-11-25 17:00:00,193.504,193.793,193.269,193.747,16773.0
2024-11-25 18:00:00,193.75,194.015,193.596,193.652,14650.0
2024-11-25 19:00:00,193.652,193.772,193.576,193.742,10875.0
2024-11-25 20:00:00,193.742,193.812,193.647,193.793,9990.0
2024-11-25 21:00:00,193.791,193.847,193.651,193.82,8567.0
2024-11-25 22:00:00,193.821,193.881,193.665,193.714,8112.0
2024-11-25 23:00:00,193.715,193.844,193.711,193.762,4735.0
2024-11-26 00:00:00,193.781,193.808,193.593,193.698,1642.0
2024-11-26 01:00:00,193.713,193.739,193.268,193.475,10310.0
2024-11-26 02:00:00,193.477,193.505,192.681,192.723,18540.0
2024-11-26 03:00:00,192.728,193.099,192.536,192.978,15909.0
2024-11-26 04:00:00,192.979,193.192,192.786,192.977,10049.0
2024-11-26 05:00:00,192.976,193.074,192.812,192.93,8710.0
2024-11-26 06:00:00,192.928,193.263,192.883,193.104,7384.0
2024-11-26 07:00:00,193.103,193.131,192.684,192.887,8106.0
2024-11-26 08:00:00,192.887,193.284,192.777,193.279,9598.0
2024-11-26 09:00:00,193.278,193.555,193.217,193.219,13491.0
2024-11-26 10:00:00,193.219,193.28,192.913,193.277,14895.0
2024-11-26 11:00:00,193.277,193.732,193.272,193.514,13253.0
2024-11-26 12:00:00,193.509,193.658,193.484,193.58,9940.0
2024-11-26 13:00:00,193.581,193.609,193.416,193.511,8629.0
2024-11-26 14:00:00,193.511,193.511,192.858,193.202,15406.0
2024-11-26 15:00:00,193.203,193.266,192.833,193.055,16082.0
2024-11-26 16:00:00,193.055,193.294,192.997,193.035,15882.0
2024-11-26 17:00:00,193.035,193.132,192.784,192.798,17848.0
2024-11-26 18:00:00,192.802,192.962,192.399,192.536,14690.0
2024-11-26 19:00:00,192.536,192.557,192.118,192.23,11725.0
2024-11-26 20:00:00,192.23,192.393,192.111,192.26,10035.0
2024-11-26 21:00:00,192.282,192.324,192.078,192.096,12548.0
2024-11-26 22:00:00,192.099,192.265,192.042,192.214,9170.0
2024-11-26 23:00:00,192.221,192.483,192.217,192.438,5492.0
2024-11-27 00:00:00,192.423,192.423,192.303,192.353,4538.0
2024-11-27 01:00:00,192.355,192.627,192.29,192.29,4800.0
2024-11-27 02:00:00,192.29,192.412,192.08,192.252,9765.0
2024-11-27 03:00:00,192.251,192.394,191.786,191.83,11386.0
2024-11-27 04:00:00,191.829,192.046,191.801,191.939,8445.0
2024-11-27 05:00:00,191.933,191.936,191.582,191.662,7460.0
2024-11-27 06:00:00,191.663,191.685,191.39,191.498,6832.0
2024-11-27 07:00:00,191.498,191.656,191.372,191.586,7138.0
2024-11-27 08:00:00,191.587,191.621,191.209,191.226,8956.0
2024-11-27 09:00:00,191.227,191.478,191.186,191.344,13180.0
2024-11-27 10:00:00,191.345,191.346,190.931,191.285,18959.0
2024-11-27 11:00:00,191.283,191.342,190.738,190.92,14204.0
2024-11-27 12:00:00,190.919,191.055,190.689,190.974,12778.0
2024-11-27 13:00:00,190.975,191.117,190.918,191.028,9859.0
2024-11-27 14:00:00,191.027,191.461,190.842,191.291,12027.0
2024-11-27 15:00:00,191.291,191.648,191.262,191.627,16445.0
2024-11-27 16:00:00,191.627,191.685,191.141,191.471,17225.0
2024-11-27 17:00:00,191.461,191.858,191.448,191.554,19936.0
2024-11-27 18:00:00,191.553,191.888,190.943,191.031,17332.0
2024-11-27 19:00:00,191.031,191.248,190.889,191.088,13169.0
2024-11-27 20:00:00,191.085,191.267,190.993,191.234,8377.0
2024-11-27 21:00:00,191.235,191.425,191.221,191.386,7659.0
2024-11-27 22:00:00,191.385,191.621,191.384,191.57,8020.0
2024-11-27 23:00:00,191.57,191.694,191.565,191.575,4363.0
2024-11-28 00:00:00,191.44,191.553,191.288,191.365,2405.0
2024-11-28 01:00:00,191.365,191.905,191.3,191.854,4573.0
2024-11-28 02:00:00,191.854,192.25,191.74,192.193,9063.0
2024-11-28 03:00:00,192.194,192.255,191.894,191.904,11422.0
2024-11-28 04:00:00,191.903,192.046,191.799,191.879,7602.0
2024-11-28 05:00:00,191.877,192.125,191.851,192.005,7043.0
2024-11-28 06:00:00,192.004,192.066,191.877,192.062,5891.0
2024-11-28 07:00:00,192.064,192.137,191.848,191.916,6742.0
2024-11-28 08:00:00,191.916,192.021,191.6,191.875,8746.0
2024-11-28 09:00:00,191.875,192.044,191.815,192.001,10460.0
2024-11-28 10:00:00,192.0,192.201,191.899,192.07,13279.0
2024-11-28 11:00:00,192.072,192.274,192.001,192.16,11812.0
2024-11-28 12:00:00,192.161,192.441,192.112,192.335,7812.0
2024-11-28 13:00:00,192.334,192.477,192.244,192.324,7267.0
2024-11-28 14:00:00,192.324,192.327,192.077,192.232,7493.0
2024-11-28 15:00:00,192.231,192.241,191.913,191.943,8287.0
2024-11-28 16:00:00,191.944,192.12,191.825,192.074,8127.0
2024-11-28 17:00:00,192.073,192.188,191.985,192.164,8363.0
2024-11-28 18:00:00,192.163,192.25,192.07,192.195,4955.0
2024-11-28 19:00:00,192.195,192.255,192.164,192.207,3923.0
2024-11-28 20:00:00,192.209,192.267,192.163,192.26,2376.0
2024-11-28 21:00:00,192.26,192.29,192.219,192.247,1025.0
2024-11-28 22:00:00,192.247,192.274,192.17,192.17,1194.0
2024-11-28 23:00:00,192.152,192.289,192.135,192.252,1343.0
2024-11-29 00:00:00,192.219,192.287,192.058,192.258,892.0
2024-11-29 01:00:00,192.258,192.296,191.643,191.942,5270.0
2024-11-29 02:00:00,191.941,191.971,191.201,191.268,12105.0
2024-11-29 03:00:00,191.268,191.272,190.33,190.456,17251.0
2024-11-29 04:00:00,190.456,191.101,190.456,190.831,12001.0
2024-11-29 05:00:00,190.833,191.091,190.761,190.825,8548.0
2024-11-29 06:00:00,190.825,190.839,190.443,190.66,8765.0
2024-11-29 07:00:00,190.66,190.966,190.578,190.731,8790.0
2024-11-29 08:00:00,190.73,190.956,190.682,190.866,8425.0
2024-11-29 09:00:00,190.866,190.951,190.549,190.834,13793.0
2024-11-29 10:00:00,190.839,190.988,190.679,190.802,13432.0
2024-11-29 11:00:00,190.803,190.827,190.541,190.596,11797.0
2024-11-29 12:00:00,190.595,190.807,190.263,190.382,11595.0
2024-11-29 13:00:00,190.38,190.529,190.162,190.516,9040.0
2024-11-29 14:00:00,190.516,190.687,190.404,190.671,10280.0
2024-11-29 15:00:00,190.671,190.725,190.15,190.239,10869.0
2024-11-29 16:00:00,190.238,190.381,190.179,190.256,12944.0
2024-11-29 17:00:00,190.254,190.971,190.215,190.857,15759.0
2024-11-29 18:00:00,190.858,191.257,190.779,190.981,13847.0
2024-11-29 19:00:00,190.981,191.05,190.291,190.352,11807.0
2024-11-29 20:00:00,190.353,190.59,190.314,190.456,12252.0
2024-12-02 00:00:00,190.374,190.56,190.267,190.362,5345.0
2024-12-02 01:00:00,190.355,190.595,190.198,190.339,10286.0
2024-12-02 02:00:00,190.351,190.783,190.308,190.664,12004.0
2024-12-02 03:00:00,190.665,191.069,190.61,191.037,12268.0
2024-12-02 04:00:00,191.036,191.156,190.942,191.082,11007.0
2024-12-02 05:00:00,191.084,191.231,190.971,191.006,7525.0
2024-12-02 06:00:00,191.005,191.19,190.959,191.102,7277.0
2024-12-02 07:00:00,191.103,191.29,191.035,191.215,8883.0
2024-12-02 08:00:00,191.213,191.216,190.859,190.99,11395.0
2024-12-02 09:00:00,190.99,191.081,190.273,190.559,15581.0
2024-12-02 10:00:00,190.558,190.803,190.444,190.695,14723.0
2024-12-02 11:00:00,190.702,191.088,190.539,190.989,12067.0
2024-12-02 12:00:00,190.988,191.108,190.791,190.802,11351.0
2024-12-02 13:00:00,190.802,191.048,190.777,190.86,10170.0
2024-12-02 14:00:00,190.86,190.873,190.08,190.156,12229.0
2024-12-02 15:00:00,190.155,190.563,190.155,190.374,14116.0
2024-12-02 16:00:00,190.372,190.42,189.461,189.521,16386.0
2024-12-02 17:00:00,189.503,189.669,189.158,189.252,20485.0
2024-12-02 18:00:00,189.253,189.383,188.477,188.613,17959.0
2024-12-02 19:00:00,188.614,189.179,188.593,189.156,11000.0
2024-12-02 20:00:00,189.157,189.397,189.129,189.244,8592.0
2024-12-02 21:00:00,189.243,189.287,189.112,189.15,7736.0
2024-12-02 22:00:00,189.149,189.287,189.028,189.237,12468.0
2024-12-02 23:00:00,189.236,189.305,189.21,189.281,5279.0
2024-12-03 00:00:00,189.228,189.318,189.188,189.201,909.0
2024-12-03 01:00:00,189.201,189.597,189.198,189.265,4916.0
2024-12-03 02:00:00,189.265,189.697,189.244,189.598,10048.0
2024-12-03 03:00:00,189.6,189.623,189.329,189.537,11313.0
2024-12-03 04:00:00,189.537,189.627,189.403,189.465,9004.0
2024-12-03 05:00:00,189.466,189.885,189.438,189.813,6943.0
2024-12-03 06:00:00,189.813,189.933,189.779,189.855,5734.0
2024-12-03 07:00:00,189.853,189.916,189.694,189.745,6508.0
2024-12-03 08:00:00,189.745,189.937,189.652,189.885,7841.0
2024-12-03 09:00:00,189.885,190.014,189.744,189.952,10379.0
2024-12-03 10:00:00,189.952,190.383,189.842,190.253,14364.0
2024-12-03 11:00:00,190.254,190.269,189.896,189.928,11727.0
2024-12-03 12:00:00,189.927,190.251,189.873,190.051,9316.0
2024-12-03 13:00:00,190.05,190.121,189.556,189.607,8918.0
2024-12-03 14:00:00,189.607,189.623,189.245,189.277,9507.0
2024-12-03 15:00:00,189.276,189.302,188.56,188.592,13481.0
2024-12-03 16:00:00,188.591,188.854,188.205,188.495,17733.0
2024-12-03 17:00:00,188.494,188.991,188.082,188.856,20340.0
2024-12-03 18:00:00,188.855,189.314,188.811,189.003,14175.0
2024-12-03 19:00:00,189.01,189.426,188.977,189.372,12135.0
2024-12-03 20:00:00,189.367,189.41,189.068,189.245,9821.0
2024-12-03 21:00:00,189.247,189.434,189.062,189.39,8223.0
2024-12-03 22:00:00,189.391,189.463,189.322,189.388,7101.0
2024-12-03 23:00:00,189.387,189.582,189.383,189.566,3718.0
2024-12-04 00:00:00,189.565,189.613,189.447,189.554,556.0
2024-12-04 01:00:00,189.574,189.682,189.495,189.624,3593.0
2024-12-04 02:00:00,189.624,189.858,189.559,189.792,9947.0
2024-12-04 03:00:00,189.791,190.009,189.673,189.917,10010.0
2024-12-04 04:00:00,189.916,189.965,189.564,189.674,8776.0
2024-12-04 05:00:00,189.672,189.78,189.358,189.756,9372.0
2024-12-04 06:00:00,189.757,190.181,189.757,190.156,9533.0
2024-12-04 07:00:00,190.156,190.498,190.072,190.49,8498.0
2024-12-04 08:00:00,190.489,190.554,190.199,190.47,8686.0
2024-12-04 09:00:00,190.47,190.788,190.427,190.707,11908.0
2024-12-04 10:00:00,190.707,191.092,190.422,190.633,14079.0
2024-12-04 11:00:00,190.633,190.994,190.065,190.938,15618.0
2024-12-04 12:00:00,190.937,191.206,190.92,191.092,10874.0
2024-12-04 13:00:00,191.093,191.432,191.041,191.322,10979.0
2024-12-04 14:00:00,191.322,191.529,191.29,191.468,10533.0
2024-12-04 15:00:00,191.467,191.519,191.187,191.422,15786.0
2024-12-04 16:00:00,191.421,191.477,191.078,191.158,14298.0
2024-12-04 17:00:00,191.154,191.239,190.906,191.123,20170.0
2024-12-04 18:00:00,191.126,191.177,190.744,190.885,13294.0
2024-12-04 19:00:00,190.885,191.022,190.74,190.963,9358.0
2024-12-04 20:00:00,190.962,191.031,190.684,190.915,7312.0
2024-12-04 21:00:00,190.931,191.098,190.815,191.066,11989.0
2024-12-04 22:00:00,191.069,191.367,191.064,191.206,8671.0
2024-12-04 23:00:00,191.204,191.316,191.144,191.285,4310.0
2024-12-05 00:00:00,191.228,191.278,191.108,191.226,894.0
2024-12-05 01:00:00,191.227,191.509,191.17,191.205,3748.0
2024-12-05 02:00:00,191.206,191.206,190.707,190.75,8485.0
2024-12-05 03:00:00,190.749,191.328,190.701,191.136,9578.0
2024-12-05 04:00:00,191.131,191.139,190.88,191.008,7285.0
2024-12-05 05:00:00,191.007,191.036,190.835,191.005,5242.0
2024-12-05 06:00:00,191.006,191.136,190.971,191.04,5306.0
2024-12-05 07:00:00,191.042,191.047,190.429,190.633,8463.0
2024-12-05 08:00:00,190.633,190.647,190.339,190.455,8749.0
2024-12-05 09:00:00,190.455,190.826,190.455,190.673,10201.0
2024-12-05 10:00:00,190.675,191.206,190.632,191.168,12034.0
2024-12-05 11:00:00,191.168,191.226,190.999,191.22,9464.0
2024-12-05 12:00:00,191.22,191.298,190.925,190.948,8646.0
2024-12-05 13:00:00,190.949,191.213,190.919,191.181,8171.0
2024-12-05 14:00:00,191.181,191.496,191.131,191.415,10696.0
2024-12-05 15:00:00,191.414,192.071,191.363,192.044,16080.0
2024-12-05 16:00:00,192.045,192.22,191.825,192.011,15671.0
2024-12-05 17:00:00,192.011,192.012,191.525,191.676,15663.0
2024-12-05 18:00:00,191.675,191.694,191.381,191.562,11872.0
2024-12-05 19:00:00,191.562,191.591,191.2,191.365,8731.0
2024-12-05 20:00:00,191.367,191.494,191.302,191.309,6945.0
2024-12-05 21:00:00,191.31,191.406,191.163,191.382,8114.0
2024-12-05 22:00:00,191.382,191.467,191.278,191.373,5494.0
2024-12-05 23:00:00,191.37,191.53,191.326,191.521,3594.0
2024-12-06 00:00:00,191.398,191.486,191.322,191.438,2827.0
2024-12-06 01:00:00,191.438,191.7,191.378,191.558,3134.0
2024-12-06 02:00:00,191.558,191.682,191.159,191.405,8206.0
2024-12-06 03:00:00,191.405,191.462,191.199,191.221,8831.0
2024-12-06 04:00:00,191.22,191.299,191.005,191.027,7048.0
2024-12-06 05:00:00,191.027,191.136,190.927,191.11,5889.0
2024-12-06 06:00:00,191.111,191.245,191.042,191.193,4468.0
2024-12-06 07:00:00,191.193,191.241,191.022,191.095,5185.0
2024-12-06 08:00:00,191.094,191.173,190.923,191.009,6482.0
2024-12-06 09:00:00,191.009,191.603,190.931,191.574,9460.0
2024-12-06 10:00:00,191.575,191.992,191.567,191.889,10728.0
2024-12-06 11:00:00,191.891,192.196,191.865,192.122,8444.0
2024-12-06 12:00:00,192.121,192.289,192.005,192.155,7898.0
2024-12-06 13:00:00,192.156,192.244,192.048,192.211,6910.0
2024-12-06 14:00:00,192.21,192.375,192.042,192.052,8995.0
2024-12-06 15:00:00,192.053,192.316,191.481,191.488,18002.0
2024-12-06 16:00:00,191.489,191.574,190.769,190.952,21377.0
2024-12-06 17:00:00,190.951,191.122,190.724,190.988,18040.0
2024-12-06 18:00:00,190.99,191.166,190.825,190.858,14030.0
2024-12-06 19:00:00,190.856,190.966,190.768,190.873,10144.0
2024-12-06 20:00:00,190.865,191.132,190.865,190.93,6677.0
2024-12-09 00:00:00,190.994,191.265,190.884,191.089,2485.0
2024-12-09 01:00:00,191.089,191.289,191.013,191.084,4430.0
2024-12-09 02:00:00,191.084,191.137,190.718,190.924,8252.0
2024-12-09 03:00:00,190.923,191.159,190.814,190.973,8052.0
2024-12-09 04:00:00,190.973,191.122,190.913,190.982,7002.0
2024-12-09 05:00:00,190.982,191.036,190.811,190.823,5246.0
2024-12-09 06:00:00,190.823,190.846,190.603,190.65,5824.0
2024-12-09 07:00:00,190.652,190.8,190.635,190.753,6028.0
2024-12-09 08:00:00,190.754,191.161,190.754,191.15,6866.0
2024-12-09 09:00:00,191.149,191.888,191.134,191.881,11514.0
2024-12-09 10:00:00,191.879,192.114,191.748,192.07,11992.0
2024-12-09 11:00:00,192.068,192.224,192.002,192.063,10001.0
2024-12-09 12:00:00,192.065,192.347,192.048,192.189,8316.0
2024-12-09 13:00:00,192.188,192.317,192.066,192.102,6743.0
2024-12-09 14:00:00,192.102,192.396,192.051,192.354,8594.0
2024-12-09 15:00:00,192.353,192.909,192.334,192.798,11879.0
2024-12-09 16:00:00,192.798,192.905,192.439,192.856,11951.0
2024-12-09 17:00:00,192.855,193.418,192.822,193.242,13124.0
2024-12-09 18:00:00,193.241,193.338,193.084,193.288,10113.0
2024-12-09 19:00:00,193.288,193.374,193.214,193.253,6684.0
2024-12-09 20:00:00,193.254,193.255,193.069,193.122,5787.0
2024-12-09 21:00:00,193.121,193.128,192.834,192.884,5750.0
2024-12-09 22:00:00,192.883,192.909,192.65,192.782,6042.0
2024-12-09 23:00:00,192.79,192.826,192.682,192.824,3941.0
2024-12-10 00:00:00,192.684,192.892,192.618,192.807,2024.0
2024-12-10 01:00:00,192.807,193.06,192.719,192.999,3547.0
2024-12-10 02:00:00,192.999,193.111,192.791,193.071,8130.0
2024-12-10 03:00:00,193.074,193.155,192.824,192.886,8336.0
2024-12-10 04:00:00,192.886,192.888,192.545,192.688,8507.0
2024-12-10 05:00:00,192.687,192.754,192.515,192.579,7441.0
2024-12-10 06:00:00,192.577,192.705,192.477,192.665,6542.0
2024-12-10 07:00:00,192.665,192.841,192.453,192.509,6861.0
2024-12-10 08:00:00,192.51,193.019,192.467,192.954,7615.0
2024-12-10 09:00:00,192.954,193.152,192.837,193.094,9220.0
2024-12-10 10:00:00,193.094,193.419,193.087,193.201,11771.0
2024-12-10 11:00:00,193.2,193.363,192.953,193.355,11370.0
2024-12-10 12:00:00,193.356,193.495,193.239,193.41,9026.0
2024-12-10 13:00:00,193.411,193.611,193.355,193.563,7928.0
2024-12-10 14:00:00,193.563,193.638,193.184,193.607,8942.0
2024-12-10 15:00:00,193.608,193.672,193.271,193.406,10982.0
2024-12-10 16:00:00,193.405,193.673,193.295,193.48,12462.0
2024-12-10 17:00:00,193.477,193.812,193.294,193.78,14390.0
2024-12-10 18:00:00,193.778,193.995,193.686,193.949,10612.0
2024-12-10 19:00:00,193.949,194.004,193.841,193.878,7473.0
2024-12-10 20:00:00,193.882,193.962,193.811,193.933,7348.0
2024-12-10 21:00:00,193.931,194.105,193.894,194.065,6050.0
2024-12-10 22:00:00,194.069,194.078,193.944,194.039,5980.0
2024-12-10 23:00:00,194.038,194.113,193.992,194.095,3614.0
2024-12-11 00:00:00,194.049,194.067,193.904,194.015,1491.0
2024-12-11 01:00:00,194.015,194.098,193.955,194.045,2868.0
2024-12-11 02:00:00,194.046,194.057,193.81,193.842,6607.0
2024-12-11 03:00:00,193.84,193.951,193.825,193.856,7810.0
2024-12-11 04:00:00,193.856,193.877,193.518,193.52,6935.0
2024-12-11 05:00:00,193.519,193.73,193.497,193.577,5189.0
2024-12-11 06:00:00,193.577,193.58,193.43,193.481,4372.0
2024-12-11 07:00:00,193.481,193.764,193.451,193.723,4804.0
2024-12-11 08:00:00,193.724,193.801,193.578,193.769,5627.0
2024-12-11 09:00:00,193.768,193.843,192.945,193.108,14207.0
2024-12-11 10:00:00,193.108,193.378,193.091,193.299,11637.0
2024-12-11 11:00:00,193.298,194.505,192.528,194.356,16609.0
2024-12-11 12:00:00,194.358,194.374,194.011,194.152,11139.0
2024-12-11 13:00:00,194.151,194.357,194.089,194.292,8978.0
2024-12-11 14:00:00,194.292,194.566,194.281,194.492,10031.0
2024-12-11 15:00:00,194.491,194.801,194.148,194.489,17219.0
2024-12-11 16:00:00,194.481,194.547,193.858,194.068,17520.0
2024-12-11 17:00:00,194.068,194.525,193.941,194.295,17672.0
2024-12-11 18:00:00,194.294,194.456,194.293,194.414,11814.0
2024-12-11 19:00:00,194.413,194.532,194.328,194.329,7860.0
2024-12-11 20:00:00,194.33,194.488,194.256,194.437,9870.0
2024-12-11 21:00:00,194.436,194.557,194.382,194.547,7395.0
2024-12-11 22:00:00,194.544,194.557,194.452,194.498,5772.0
2024-12-11 23:00:00,194.501,194.531,194.363,194.396,2915.0
2024-12-12 00:00:00,194.359,194.359,194.196,194.299,1172.0
2024-12-12 01:00:00,194.315,194.416,194.281,194.365,3291.0
2024-12-12 02:00:00,194.365,194.483,194.14,194.294,8791.0
2024-12-12 03:00:00,194.295,194.322,194.023,194.052,8884.0
2024-12-12 04:00:00,194.051,194.41,194.024,194.409,6330.0
2024-12-12 05:00:00,194.409,194.564,194.331,194.494,5965.0
2024-12-12 06:00:00,194.494,194.527,194.268,194.294,4496.0
2024-12-12 07:00:00,194.293,194.77,194.284,194.651,7212.0
2024-12-12 08:00:00,194.651,194.996,194.651,194.724,8101.0
2024-12-12 09:00:00,194.722,194.863,194.641,194.726,11119.0
2024-12-12 10:00:00,194.726,194.837,194.459,194.612,12710.0
2024-12-12 11:00:00,194.615,194.76,194.487,194.608,9945.0
2024-12-12 12:00:00,194.608,194.673,194.026,194.11,8035.0
2024-12-12 13:00:00,194.112,194.163,193.885,193.89,9397.0
2024-12-12 14:00:00,193.89,193.956,193.696,193.8,9315.0
2024-12-12 15:00:00,193.8,193.848,193.367,193.522,18802.0
2024-12-12 16:00:00,193.522,193.972,193.102,193.849,20489.0
2024-12-12 17:00:00,193.851,193.975,192.929,193.246,18934.0
2024-12-12 18:00:00,193.245,193.547,193.153,193.325,12730.0
2024-12-12 19:00:00,193.328,193.515,193.304,193.424,9883.0
2024-12-12 20:00:00,193.425,193.574,193.391,193.438,9997.0
2024-12-12 21:00:00,193.438,193.482,193.241,193.276,8215.0
2024-12-12 22:00:00,193.275,193.432,193.271,193.403,6311.0
2024-12-12 23:00:00,193.406,193.486,193.372,193.456,4100.0
2024-12-13 00:00:00,193.41,193.433,193.294,193.353,2484.0
2024-12-13 01:00:00,193.353,193.479,193.284,193.439,3152.0
2024-12-13 02:00:00,193.445,193.864,193.377,193.729,8651.0
2024-12-13 03:00:00,193.729,193.774,193.434,193.5,8950.0
2024-12-13 04:00:00,193.499,193.68,193.319,193.621,7001.0
2024-12-13 05:00:00,193.622,193.783,193.581,193.591,6141.0
2024-12-13 06:00:00,193.591,193.782,193.573,193.696,4712.0
2024-12-13 07:00:00,193.696,193.777,193.571,193.627,4762.0
2024-12-13 08:00:00,193.627,193.693,193.358,193.403,6061.0
2024-12-13 09:00:00,193.403,193.403,192.856,192.935,11420.0
2024-12-13 10:00:00,192.934,193.413,192.931,193.407,11309.0
2024-12-13 11:00:00,193.408,193.988,193.361,193.909,10336.0
2024-12-13 12:00:00,193.912,194.089,193.858,194.04,9367.0
2024-12-13 13:00:00,194.039,194.332,194.039,194.256,7268.0
2024-12-13 14:00:00,194.256,194.352,194.021,194.31,10332.0
2024-12-13 15:00:00,194.313,194.461,194.072,194.156,10943.0
2024-12-13 16:00:00,194.156,194.299,194.003,194.101,11151.0
2024-12-13 17:00:00,194.099,194.102,193.646,193.839,13151.0
2024-12-13 18:00:00,193.84,194.224,193.798,194.133,10659.0
2024-12-13 19:00:00,194.131,194.142,193.967,193.971,7889.0
2024-12-13 20:00:00,193.97,194.114,193.88,194.025,6464.0
2024-12-16 00:00:00,193.743,193.871,193.546,193.686,2928.0
2024-12-16 01:00:00,193.704,193.906,193.681,193.765,4543.0
2024-12-16 02:00:00,193.765,194.392,193.649,194.228,7936.0
2024-12-16 03:00:00,194.228,194.492,194.176,194.472,7522.0
2024-12-16 04:00:00,194.47,194.571,194.322,194.358,5406.0
2024-12-16 05:00:00,194.358,194.381,194.218,194.308,4931.0
2024-12-16 06:00:00,194.311,194.438,194.245,194.268,3923.0
2024-12-16 07:00:00,194.269,194.338,194.123,194.175,4328.0
2024-12-16 08:00:00,194.175,194.283,194.03,194.126,5614.0
2024-12-16 09:00:00,194.126,194.241,193.918,193.95,7768.0
2024-12-16 10:00:00,193.949,194.377,193.836,194.256,12122.0
2024-12-16 11:00:00,194.257,194.752,194.243,194.619,9539.0
2024-12-16 12:00:00,194.618,194.713,194.377,194.519,7171.0
2024-12-16 13:00:00,194.52,194.595,194.449,194.533,5913.0
2024-12-16 14:00:00,194.533,195.034,194.526,194.938,7566.0
2024-12-16 15:00:00,194.937,195.135,194.888,195.057,9164.0
2024-12-16 16:00:00,195.057,195.219,194.877,195.177,12663.0
2024-12-16 17:00:00,195.182,195.885,195.121,195.736,13873.0
2024-12-16 18:00:00,195.734,195.822,195.598,195.616,10887.0
2024-12-16 19:00:00,195.617,195.666,195.492,195.502,7753.0
2024-12-16 20:00:00,195.501,195.66,195.473,195.601,5586.0
2024-12-16 21:00:00,195.602,195.624,195.382,195.491,5801.0
2024-12-16 22:00:00,195.494,195.534,195.409,195.509,3883.0
2024-12-16 23:00:00,195.509,195.594,195.493,195.513,2937.0
2024-12-17 00:00:00,195.406,195.478,195.3,195.447,1180.0
2024-12-17 01:00:00,195.447,195.716,195.43,195.549,2995.0
2024-12-17 02:00:00,195.549,195.9,195.499,195.683,7322.0
2024-12-17 03:00:00,195.683,195.75,195.395,195.543,7298.0
2024-12-17 04:00:00,195.543,195.562,195.28,195.412,6403.0
2024-12-17 05:00:00,195.413,195.46,195.213,195.374,4866.0
2024-12-17 06:00:00,195.374,195.587,195.305,195.339,5119.0
2024-12-17 07:00:00,195.339,195.535,195.279,195.355,6133.0
2024-12-17 08:00:00,195.356,195.435,195.132,195.306,7130.0
2024-12-17 09:00:00,195.308,195.8,195.308,195.652,10239.0
2024-12-17 10:00:00,195.65,195.799,195.137,195.287,11727.0
2024-12-17 11:00:00,195.283,195.317,195.015,195.111,9957.0
2024-12-17 12:00:00,195.109,195.328,194.83,195.287,9500.0
2024-12-17 13:00:00,195.288,195.504,195.098,195.455,8192.0
2024-12-17 14:00:00,195.455,195.518,195.313,195.446,7588.0
2024-12-17 15:00:00,195.447,195.578,195.255,195.331,13375.0
2024-12-17 16:00:00,195.332,195.344,194.847,194.903,14404.0
2024-12-17 17:00:00,194.904,195.165,194.658,195.113,14712.0
2024-12-17 18:00:00,195.112,195.261,195.049,195.092,10305.0
2024-12-17 19:00:00,195.092,195.114,194.897,194.96,9496.0
2024-12-17 20:00:00,194.958,195.092,194.851,194.912,8436.0
2024-12-17 21:00:00,194.911,194.999,194.834,194.908,6084.0
2024-12-17 22:00:00,194.908,195.133,194.878,195.096,5668.0
2024-12-17 23:00:00,195.097,195.193,195.059,195.076,3002.0
2024-12-18 00:00:00,194.922,195.129,194.852,195.019,1384.0
2024-12-18 01:00:00,195.018,195.278,194.996,195.191,2760.0
2024-12-18 02:00:00,195.191,195.48,195.137,195.36,6633.0
2024-12-18 03:00:00,195.359,195.427,195.165,195.225,6472.0
2024-12-18 04:00:00,195.221,195.318,195.11,195.24,5542.0
2024-12-18 05:00:00,195.238,195.268,195.039,195.049,3992.0
2024-12-18 06:00:00,195.048,195.095,194.81,194.905,5564.0
2024-12-18 07:00:00,194.905,194.937,194.759,194.794,4586.0
2024-12-18 08:00:00,194.793,195.138,194.788,195.107,6363.0
2024-12-18 09:00:00,195.107,195.298,194.709,194.913,9573.0
2024-12-18 10:00:00,194.915,194.946,194.718,194.84,9051.0
2024-12-18 11:00:00,194.835,195.107,194.803,194.926,7997.0
2024-12-18 12:00:00,194.926,195.357,194.914,195.307,7809.0
2024-12-18 13:00:00,195.308,195.444,195.253,195.262,7169.0
2024-12-18 14:00:00,195.262,195.487,195.234,195.468,8526.0
2024-12-18 15:00:00,195.469,195.776,195.252,195.252,11023.0
2024-12-18 16:00:00,195.252,195.428,195.032,195.31,12206.0
2024-12-18 17:00:00,195.31,195.613,195.113,195.494,11448.0
2024-12-18 18:00:00,195.493,195.566,195.364,195.477,9814.0
2024-12-18 19:00:00,195.477,195.592,195.365,195.437,7965.0
2024-12-18 20:00:00,195.437,195.588,195.304,195.378,7919.0
2024-12-18 21:00:00,195.374,195.679,194.671,194.769,25046.0
2024-12-18 22:00:00,194.768,194.773,194.077,194.543,22393.0
2024-12-18 23:00:00,194.536,194.774,194.479,194.656,10293.0
2024-12-19 00:00:00,194.516,194.614,194.422,194.428,2243.0
2024-12-19 01:00:00,194.428,194.601,194.06,194.369,7715.0
2024-12-19 02:00:00,194.37,194.936,194.328,194.8,12452.0
2024-12-19 03:00:00,194.801,194.905,194.578,194.698,11075.0
2024-12-19 04:00:00,194.679,195.474,194.444,195.346,10152.0
2024-12-19 05:00:00,195.347,195.716,195.113,195.438,9255.0
2024-12-19 06:00:00,195.439,195.529,195.283,195.463,6244.0
2024-12-19 07:00:00,195.463,195.692,195.325,195.359,7558.0
2024-12-19 08:00:00,195.358,196.723,195.129,196.666,12834.0
2024-12-19 09:00:00,196.666,197.639,196.665,197.376,18491.0
2024-12-19 10:00:00,197.375,198.505,197.333,198.416,17042.0
2024-12-19 11:00:00,198.416,198.955,198.406,198.829,15709.0
2024-12-19 12:00:00,198.827,198.835,198.281,198.362,12173.0
2024-12-19 13:00:00,198.363,198.551,197.856,197.921,10467.0
2024-12-19 14:00:00,197.921,198.056,197.21,197.956,15443.0
2024-12-19 15:00:00,197.957,197.958,197.253,197.583,17487.0
2024-12-19 16:00:00,197.581,198.097,197.578,197.734,18217.0
2024-12-19 17:00:00,197.736,198.065,197.646,197.939,18950.0
2024-12-19 18:00:00,197.937,198.106,197.558,197.598,16368.0
2024-12-19 19:00:00,197.597,197.669,197.145,197.285,13126.0
2024-12-19 20:00:00,197.284,197.424,197.157,197.361,11116.0
2024-12-19 21:00:00,197.36,197.418,196.808,196.845,10218.0
2024-12-19 22:00:00,196.847,196.962,196.7,196.705,8814.0
2024-12-19 23:00:00,196.705,196.845,196.617,196.789,4546.0
2024-12-20 00:00:00,196.784,196.882,196.672,196.845,2023.0
2024-12-20 01:00:00,196.869,197.061,196.79,197.016,5429.0
2024-12-20 02:00:00,197.016,197.304,196.994,197.016,11668.0
2024-12-20 03:00:00,197.015,197.048,196.317,196.436,11803.0
2024-12-20 04:00:00,196.434,196.489,195.907,196.011,10018.0
2024-12-20 05:00:00,196.012,196.176,195.779,196.027,9590.0
2024-12-20 06:00:00,196.028,196.367,196.026,196.342,7861.0
2024-12-20 07:00:00,196.343,196.364,195.989,196.088,7551.0
2024-12-20 08:00:00,196.088,196.436,195.835,196.322,11860.0
2024-12-20 09:00:00,196.318,196.341,195.959,196.089,12797.0
2024-12-20 10:00:00,196.088,196.428,195.851,196.205,14439.0
2024-12-20 11:00:00,196.205,196.232,195.754,195.952,12533.0
2024-12-20 12:00:00,195.952,196.209,195.894,196.075,9668.0
2024-12-20 13:00:00,196.074,196.108,195.868,196.061,8415.0
2024-12-20 14:00:00,196.062,196.212,195.968,196.04,10077.0
2024-12-20 15:00:00,196.038,196.627,196.026,196.496,16131.0
2024-12-20 16:00:00,196.497,196.557,196.195,196.474,17304.0
2024-12-20 17:00:00,196.486,196.775,196.237,196.266,19004.0
2024-12-20 18:00:00,196.267,196.698,196.232,196.463,15950.0
2024-12-20 19:00:00,196.463,196.788,196.463,196.708,13546.0
2024-12-20 20:00:00,196.709,196.767,196.562,196.587,9081.0
2024-12-23 00:00:00,196.386,196.679,196.266,196.648,1938.0
2024-12-23 01:00:00,196.648,196.787,196.569,196.786,7378.0
2024-12-23 02:00:00,196.788,196.95,196.685,196.876,7137.0
2024-12-23 03:00:00,196.876,196.993,196.663,196.817,6854.0
2024-12-23 04:00:00,196.806,197.029,196.71,197.021,6411.0
2024-12-23 05:00:00,197.022,197.076,196.832,196.85,5111.0
2024-12-23 06:00:00,196.85,197.033,196.812,196.976,4483.0
2024-12-23 07:00:00,196.975,197.072,196.959,196.998,4108.0
2024-12-23 08:00:00,197.005,197.005,196.799,196.812,5150.0
2024-12-23 09:00:00,196.812,197.032,196.795,196.89,7120.0
2024-12-23 10:00:00,196.89,196.904,196.578,196.851,9619.0
2024-12-23 11:00:00,196.85,197.072,196.767,196.934,8653.0
2024-12-23 12:00:00,196.932,196.966,196.598,196.712,7723.0
2024-12-23 13:00:00,196.714,196.786,196.504,196.551,6799.0
2024-12-23 14:00:00,196.551,196.824,196.448,196.79,8456.0
2024-12-23 15:00:00,196.787,196.944,196.775,196.891,9927.0
2024-12-23 16:00:00,196.89,197.037,196.678,196.9,10375.0
2024-12-23 17:00:00,196.885,197.019,196.661,196.676,12829.0
2024-12-23 18:00:00,196.677,196.818,196.618,196.703,8957.0
2024-12-23 19:00:00,196.703,196.811,196.656,196.758,8120.0
2024-12-23 20:00:00,196.758,196.975,196.753,196.85,7471.0
2024-12-23 21:00:00,196.849,196.941,196.729,196.905,6267.0
2024-12-23 22:00:00,196.905,197.026,196.8,196.955,6520.0
2024-12-23 23:00:00,196.956,197.017,196.888,196.989,4005.0
2024-12-24 00:00:00,196.85,196.943,196.694,196.888,2138.0
2024-12-24 01:00:00,196.888,196.999,196.797,196.889,3863.0
2024-12-24 02:00:00,196.889,197.054,196.854,196.984,5721.0
2024-12-24 03:00:00,196.985,196.993,196.711,196.807,5317.0
2024-12-24 04:00:00,196.808,196.981,196.772,196.832,4069.0
2024-12-24 05:00:00,196.832,196.852,196.696,196.742,3676.0
2024-12-24 06:00:00,196.742,196.805,196.611,196.774,4544.0
2024-12-24 07:00:00,196.775,196.83,196.598,196.744,5423.0
2024-12-24 08:00:00,196.735,196.854,196.628,196.795,5688.0
2024-12-24 09:00:00,196.795,196.839,196.72,196.827,4916.0
2024-12-24 10:00:00,196.826,196.905,196.72,196.767,5313.0
2024-12-24 11:00:00,196.768,196.853,196.617,196.787,5136.0
2024-12-24 12:00:00,196.788,196.87,196.653,196.831,4554.0
2024-12-24 13:00:00,196.831,196.919,196.788,196.852,4822.0
2024-12-24 14:00:00,196.852,197.27,196.767,197.099,6299.0
2024-12-24 15:00:00,197.099,197.438,197.07,197.414,7030.0
2024-12-24 16:00:00,197.414,197.617,197.355,197.487,8406.0
2024-12-24 17:00:00,197.487,197.546,197.082,197.187,8988.0
2024-12-24 18:00:00,197.187,197.25,196.895,196.897,8132.0
2024-12-24 19:00:00,196.897,196.983,196.825,196.832,5718.0
2024-12-24 20:00:00,196.832,197.108,196.792,197.092,4474.0
2024-12-24 21:00:00,197.088,197.126,197.004,197.014,2282.0
2024-12-24 22:00:00,197.016,197.116,196.88,197.05,1550.0
2024-12-24 23:00:00,197.014,197.15,196.798,196.848,1383.0
2024-12-26 00:00:00,197.352,197.352,197.014,197.212,724.0
2024-12-26 01:00:00,197.211,197.285,197.071,197.092,4929.0
2024-12-26 02:00:00,197.093,197.424,197.029,197.359,5653.0
2024-12-26 03:00:00,197.36,197.506,197.258,197.433,5159.0
2024-12-26 04:00:00,197.429,197.523,197.396,197.462,3623.0
2024-12-26 05:00:00,197.463,197.513,197.385,197.439,3036.0
2024-12-26 06:00:00,197.44,197.561,197.375,197.385,3740.0
2024-12-26 07:00:00,197.386,197.476,197.331,197.388,3716.0
2024-12-26 08:00:00,197.389,197.48,197.334,197.341,4164.0
2024-12-26 09:00:00,197.341,197.374,197.081,197.203,4650.0
2024-12-26 10:00:00,197.202,197.232,197.116,197.12,6404.0
2024-12-26 11:00:00,197.121,197.296,197.026,197.275,5822.0
2024-12-26 12:00:00,197.276,197.342,197.235,197.322,3923.0
2024-12-26 13:00:00,197.325,197.477,197.298,197.472,3574.0
2024-12-26 14:00:00,197.471,197.497,197.282,197.385,5604.0
2024-12-26 15:00:00,197.386,197.677,197.336,197.672,7538.0
2024-12-26 16:00:00,197.671,197.703,197.453,197.534,8361.0
2024-12-26 17:00:00,197.533,197.852,197.443,197.754,9734.0
2024-12-26 18:00:00,197.754,197.866,197.669,197.855,7736.0
2024-12-26 19:00:00,197.855,197.888,197.701,197.804,6620.0
2024-12-26 20:00:00,197.802,198.01,197.785,197.807,8096.0
2024-12-26 21:00:00,197.806,197.954,197.76,197.882,6236.0
2024-12-26 22:00:00,197.881,197.916,197.782,197.91,5495.0
2024-12-26 23:00:00,197.912,197.967,197.854,197.942,3683.0
2024-12-27 00:00:00,197.784,197.784,197.617,197.72,1433.0
2024-12-27 01:00:00,197.72,197.786,197.551,197.64,4444.0
2024-12-27 02:00:00,197.638,197.873,197.496,197.837,6533.0
2024-12-27 03:00:00,197.837,197.882,197.516,197.533,6313.0
2024-12-27 04:00:00,197.538,197.547,197.215,197.327,6262.0
2024-12-27 05:00:00,197.327,197.496,197.321,197.465,4237.0
2024-12-27 06:00:00,197.465,197.519,197.307,197.318,3639.0
2024-12-27 07:00:00,197.317,197.564,197.3,197.51,4361.0
2024-12-27 08:00:00,197.51,197.644,197.389,197.576,5528.0
2024-12-27 09:00:00,197.576,197.799,197.508,197.729,6043.0
2024-12-27 10:00:00,197.731,197.823,197.635,197.681,7654.0
2024-12-27 11:00:00,197.68,197.715,197.35,197.476,6306.0
2024-12-27 12:00:00,197.476,197.77,197.37,197.712,6117.0
2024-12-27 13:00:00,197.71,197.924,197.529,197.874,7321.0
2024-12-27 14:00:00,197.874,198.144,197.828,198.092,7735.0
2024-12-27 15:00:00,198.09,198.406,198.042,198.403,8420.0
2024-12-27 16:00:00,198.405,198.508,198.085,198.371,11080.0
2024-12-27 17:00:00,198.371,198.508,198.034,198.167,14660.0
2024-12-27 18:00:00,198.17,198.402,198.061,198.265,11923.0
2024-12-27 19:00:00,198.265,198.267,198.019,198.224,8356.0
2024-12-27 20:00:00,198.223,198.383,198.187,198.36,7645.0
2024-12-30 00:00:00,198.322,198.375,198.107,198.242,1594.0
2024-12-30 01:00:00,198.243,198.661,198.239,198.595,2206.0
2024-12-30 02:00:00,198.595,198.722,198.363,198.666,4514.0
2024-12-30 03:00:00,198.665,198.683,198.458,198.505,3424.0
2024-12-30 04:00:00,198.505,198.543,198.373,198.49,3100.0
2024-12-30 05:00:00,198.493,198.526,198.439,198.515,3198.0
2024-12-30 06:00:00,198.514,198.537,198.445,198.519,2474.0
2024-12-30 07:00:00,198.52,198.729,198.493,198.602,3777.0
2024-12-30 08:00:00,198.603,198.951,198.598,198.687,5053.0
2024-12-30 09:00:00,198.688,198.707,198.4,198.62,6639.0
2024-12-30 10:00:00,198.616,198.704,198.298,198.385,7574.0
2024-12-30 11:00:00,198.384,198.612,198.377,198.555,7215.0
2024-12-30 12:00:00,198.554,198.751,198.493,198.648,6463.0
2024-12-30 13:00:00,198.65,198.714,198.572,198.589,7157.0
2024-12-30 14:00:00,198.59,198.668,198.299,198.455,8955.0
2024-12-30 15:00:00,198.455,198.503,197.65,197.668,10959.0
2024-12-30 16:00:00,197.667,197.966,197.175,197.221,15645.0
2024-12-30 17:00:00,197.218,197.225,196.323,196.66,18852.0
2024-12-30 18:00:00,196.659,196.921,196.462,196.867,13693.0
2024-12-30 19:00:00,196.867,197.172,196.867,197.124,8207.0
2024-12-30 20:00:00,197.124,197.286,196.966,197.071,7926.0
2024-12-30 21:00:00,197.07,197.107,196.907,197.038,6889.0
2024-12-30 22:00:00,197.039,197.072,196.718,196.746,6200.0
2024-12-30 23:00:00,196.746,196.874,196.68,196.861,3865.0
2024-12-31 00:00:00,196.74,196.846,196.654,196.688,1367.0
2024-12-31 01:00:00,196.688,197.057,196.674,197.012,2909.0
2024-12-31 02:00:00,197.012,197.052,196.592,196.598,4199.0
2024-12-31 03:00:00,196.598,196.718,196.331,196.457,7139.0
2024-12-31 04:00:00,196.458,196.498,196.328,196.362,5245.0
2024-12-31 05:00:00,196.362,196.44,196.307,196.35,3635.0
2024-12-31 06:00:00,196.349,196.351,195.91,195.988,3493.0
2024-12-31 07:00:00,195.989,196.093,195.887,196.084,4066.0
2024-12-31 08:00:00,196.083,196.255,195.956,196.201,4905.0
2024-12-31 09:00:00,196.201,196.274,195.951,196.218,6740.0
2024-12-31 10:00:00,196.216,196.252,195.743,196.026,8834.0
2024-12-31 11:00:00,196.024,196.755,195.921,196.651,7626.0
2024-12-31 12:00:00,196.653,196.848,196.485,196.847,10290.0
2024-12-31 13:00:00,196.848,196.849,196.437,196.615,6960.0
2024-12-31 14:00:00,196.615,196.728,196.38,196.598,8830.0
2024-12-31 15:00:00,196.598,196.765,196.525,196.714,10195.0
2024-12-31 16:00:00,196.715,196.786,196.341,196.395,14001.0
2024-12-31 17:00:00,196.395,196.887,196.31,196.879,17774.0
2024-12-31 18:00:00,196.876,197.121,196.703,197.025,13171.0
2024-12-31 19:00:00,197.024,197.194,196.835,196.999,11007.0
2024-12-31 20:00:00,196.997,196.997,196.683,196.778,8141.0
2024-12-31 21:00:00,196.778,196.918,196.687,196.786,6052.0
2024-12-31 22:00:00,196.784,197.135,196.775,196.982,5706.0
2024-12-31 23:00:00,196.982,196.995,196.637,196.65,2582.0
2025-01-02 00:00:00,196.658,196.789,196.595,196.727,1734.0
2025-01-02 01:00:00,196.729,197.522,196.658,197.431,5574.0
2025-01-02 02:00:00,197.432,197.484,196.929,197.056,7276.0
2025-01-02 03:00:00,197.056,197.322,197.021,197.204,7965.0
2025-01-02 04:00:00,197.203,197.209,197.072,197.136,4444.0
2025-01-02 05:00:00,197.136,197.148,196.942,197.019,3711.0
2025-01-02 06:00:00,197.02,197.024,196.782,196.817,3795.0
2025-01-02 07:00:00,196.819,197.025,196.762,197.022,3299.0
2025-01-02 08:00:00,197.021,197.022,196.29,196.29,5999.0
2025-01-02 09:00:00,196.29,196.45,195.99,196.177,9713.0
2025-01-02 10:00:00,196.178,196.346,195.555,195.947,12847.0
2025-01-02 11:00:00,195.947,196.044,195.682,195.714,9019.0
2025-01-02 12:00:00,195.719,196.06,195.555,195.578,11015.0
2025-01-02 13:00:00,195.577,195.782,195.471,195.778,10077.0
2025-01-02 14:00:00,195.778,195.819,195.044,195.092,9695.0
2025-01-02 15:00:00,195.093,195.107,194.37,194.532,15369.0
2025-01-02 16:00:00,194.533,194.881,194.234,194.712,15650.0
2025-01-02 17:00:00,194.694,194.801,194.198,194.471,18218.0
2025-01-02 18:00:00,194.47,195.133,194.377,195.094,17249.0
2025-01-02 19:00:00,195.094,195.322,194.749,194.946,13042.0
2025-01-02 20:00:00,194.946,195.063,194.805,194.816,9620.0
2025-01-02 21:00:00,194.817,195.104,194.787,194.955,8370.0
2025-01-02 22:00:00,194.956,195.189,194.956,195.117,6335.0
2025-01-02 23:00:00,195.116,195.127,194.983,195.019,3090.0
2025-01-03 00:00:00,194.83,194.974,194.736,194.945,2784.0
2025-01-03 01:00:00,194.945,195.032,194.793,194.804,3108.0
2025-01-03 02:00:00,194.807,194.909,194.683,194.737,5025.0
2025-01-03 03:00:00,194.737,194.94,194.699,194.796,5613.0
2025-01-03 04:00:00,194.796,194.961,194.756,194.928,4462.0
2025-01-03 05:00:00,194.927,195.156,194.814,194.968,4156.0
2025-01-03 06:00:00,194.968,195.064,194.893,194.935,3454.0
2025-01-03 07:00:00,194.934,195.009,194.871,194.982,4779.0
2025-01-03 08:00:00,194.981,195.039,194.893,194.957,4038.0
2025-01-03 09:00:00,194.957,194.976,194.644,194.843,10396.0
2025-01-03 10:00:00,194.844,195.135,194.844,194.993,10053.0
2025-01-03 11:00:00,194.991,195.186,194.917,195.091,9074.0
2025-01-03 12:00:00,195.089,195.105,194.733,195.025,7900.0
2025-01-03 13:00:00,195.025,195.255,195.022,195.096,7856.0
2025-01-03 14:00:00,195.097,195.147,194.881,194.993,7531.0
2025-01-03 15:00:00,194.995,195.073,194.834,194.928,9104.0
2025-01-03 16:00:00,194.929,195.245,194.84,194.995,10332.0
2025-01-03 17:00:00,194.974,195.31,194.974,195.25,16242.0
2025-01-03 18:00:00,195.25,195.374,195.126,195.207,9485.0
2025-01-03 19:00:00,195.205,195.238,194.939,195.179,8567.0
2025-01-03 20:00:00,195.179,195.275,195.148,195.204,5718.0
2025-01-06 00:00:00,195.196,195.406,195.096,195.332,2719.0
2025-01-06 01:00:00,195.34,195.794,195.34,195.697,4969.0
2025-01-06 02:00:00,195.697,196.021,195.686,195.884,9828.0
2025-01-06 03:00:00,195.883,196.073,195.781,195.998,7400.0
2025-01-06 04:00:00,195.999,196.254,195.96,196.191,6613.0
2025-01-06 05:00:00,196.191,196.234,196.011,196.13,5726.0
2025-01-06 06:00:00,196.131,196.198,196.035,196.164,3938.0
2025-01-06 07:00:00,196.164,196.357,196.119,196.22,4703.0
2025-01-06 08:00:00,196.219,196.275,196.134,196.161,5177.0
2025-01-06 09:00:00,196.161,196.413,196.031,196.334,6557.0
2025-01-06 10:00:00,196.333,196.802,196.333,196.771,10464.0
2025-01-06 11:00:00,196.771,197.012,196.61,196.787,10854.0
2025-01-06 12:00:00,196.787,196.984,196.588,196.805,8183.0
2025-01-06 13:00:00,196.804,197.415,196.703,197.189,19899.0
2025-01-06 14:00:00,197.187,197.236,196.359,196.537,16809.0
2025-01-06 15:00:00,196.538,196.588,195.951,196.304,16651.0
2025-01-06 16:00:00,196.303,196.882,195.851,196.802,19511.0
2025-01-06 17:00:00,196.797,197.123,196.744,197.045,17678.0
2025-01-06 18:00:00,197.042,197.401,196.941,197.347,12334.0
2025-01-06 19:00:00,197.347,197.347,196.98,197.175,7610.0
2025-01-06 20:00:00,197.175,197.254,197.012,197.045,7262.0
2025-01-06 21:00:00,197.047,197.193,196.951,197.129,6365.0
2025-01-06 22:00:00,197.13,197.344,197.093,197.336,4712.0
2025-01-06 23:00:00,197.335,197.409,197.302,197.359,3607.0
2025-01-07 00:00:00,197.204,197.329,197.084,197.275,1539.0
2025-01-07 01:00:00,197.275,197.448,197.258,197.33,2928.0
2025-01-07 02:00:00,197.33,197.927,197.33,197.832,10771.0
2025-01-07 03:00:00,197.833,198.212,197.737,198.197,9381.0
2025-01-07 04:00:00,198.198,198.215,198.042,198.168,6341.0
2025-01-07 05:00:00,198.167,198.256,198.066,198.177,4932.0
2025-01-07 06:00:00,198.18,198.203,198.036,198.097,4136.0
2025-01-07 07:00:00,198.097,198.18,197.877,197.927,6545.0
2025-01-07 08:00:00,197.927,197.944,197.72,197.79,7103.0
2025-01-07 09:00:00,197.79,197.945,197.645,197.695,11758.0
2025-01-07 10:00:00,197.696,197.831,197.336,197.749,13595.0
2025-01-07 11:00:00,197.746,198.202,197.71,198.011,10538.0
2025-01-07 12:00:00,198.007,198.163,197.846,198.11,9648.0
2025-01-07 13:00:00,198.11,198.126,197.737,197.77,8727.0
2025-01-07 14:00:00,197.768,197.94,197.562,197.601,9229.0
2025-01-07 15:00:00,197.602,197.847,197.52,197.751,9630.0
2025-01-07 16:00:00,197.753,197.855,197.548,197.65,12125.0
2025-01-07 17:00:00,197.736,197.979,197.204,197.386,21725.0
2025-01-07 18:00:00,197.393,197.463,196.999,197.238,16746.0
2025-01-07 19:00:00,197.238,197.316,196.994,197.123,12135.0
2025-01-07 20:00:00,197.123,197.191,197.014,197.117,8689.0
2025-01-07 21:00:00,197.118,197.175,197.058,197.071,5781.0
2025-01-07 22:00:00,197.07,197.07,196.873,197.031,5964.0
2025-01-07 23:00:00,197.031,197.267,197.015,197.205,3543.0
2025-01-08 00:00:00,197.199,197.199,197.068,197.141,1073.0
2025-01-08 01:00:00,197.141,197.438,197.141,197.4,4414.0
2025-01-08 02:00:00,197.399,197.414,197.044,197.367,8591.0
2025-01-08 03:00:00,197.37,197.376,197.118,197.23,6647.0
2025-01-08 04:00:00,197.229,197.472,197.191,197.41,4677.0
2025-01-08 05:00:00,197.41,197.533,197.37,197.406,4676.0
2025-01-08 06:00:00,197.405,197.54,197.383,197.5,3629.0
2025-01-08 07:00:00,197.499,197.539,197.391,197.534,4672.0
2025-01-08 08:00:00,197.533,197.547,197.335,197.407,5462.0
2025-01-08 09:00:00,197.407,197.407,196.95,197.141,10498.0
2025-01-08 10:00:00,197.142,197.231,196.864,196.879,12104.0
2025-01-08 11:00:00,196.88,196.958,196.729,196.917,9247.0
2025-01-08 12:00:00,196.918,197.097,196.812,197.072,8559.0
2025-01-08 13:00:00,197.073,197.076,195.399,195.951,16767.0
2025-01-08 14:00:00,195.937,195.961,195.259,195.544,14251.0
2025-01-08 15:00:00,195.543,195.632,195.142,195.503,18355.0
2025-01-08 16:00:00,195.502,195.608,195.127,195.197,15647.0
2025-01-08 17:00:00,195.199,195.542,195.13,195.479,14421.0
2025-01-08 18:00:00,195.48,195.836,195.393,195.776,11954.0
2025-01-08 19:00:00,195.776,195.819,195.491,195.548,11062.0
2025-01-08 20:00:00,195.547,195.921,195.537,195.799,9926.0
2025-01-08 21:00:00,195.772,196.02,195.763,195.824,9847.0
2025-01-08 22:00:00,195.823,195.823,195.697,195.779,6468.0
2025-01-08 23:00:00,195.779,195.884,195.741,195.767,3362.0
2025-01-09 00:00:00,195.725,195.739,195.549,195.702,1478.0
2025-01-09 01:00:00,195.702,195.819,195.486,195.499,2950.0
2025-01-09 02:00:00,195.499,195.615,195.358,195.557,7094.0
2025-01-09 03:00:00,195.556,195.611,195.348,195.412,6266.0
2025-01-09 04:00:00,195.411,195.453,195.327,195.402,4952.0
2025-01-09 05:00:00,195.403,195.409,194.969,195.002,5160.0
2025-01-09 06:00:00,195.0,195.0,194.594,194.793,5393.0
2025-01-09 07:00:00,194.795,195.088,194.736,194.91,6151.0
2025-01-09 08:00:00,194.911,194.943,194.374,194.434,9066.0
2025-01-09 09:00:00,194.431,194.703,193.744,193.927,13116.0
2025-01-09 10:00:00,193.927,194.43,193.69,194.306,14694.0
2025-01-09 11:00:00,194.306,194.497,194.088,194.153,11246.0
2025-01-09 12:00:00,194.154,194.186,193.637,194.095,10751.0
2025-01-09 13:00:00,194.096,194.227,193.87,194.052,10504.0
2025-01-09 14:00:00,194.052,194.078,193.484,193.921,9426.0
2025-01-09 15:00:00,193.922,194.302,193.782,193.928,11541.0
2025-01-09 16:00:00,193.927,194.35,193.921,194.341,9602.0
2025-01-09 17:00:00,194.339,194.417,194.171,194.353,10132.0
2025-01-09 18:00:00,194.351,194.377,194.093,194.374,8516.0
2025-01-09 19:00:00,194.374,194.602,194.365,194.49,6828.0
2025-01-09 20:00:00,194.489,194.595,194.438,194.53,4324.0
2025-01-09 21:00:00,194.531,194.679,194.505,194.614,3187.0
2025-01-09 22:00:00,194.615,194.713,194.568,194.656,2885.0
2025-01-09 23:00:00,194.654,194.657,194.567,194.585,2805.0
2025-01-10 00:00:00,194.5,194.703,194.472,194.64,1519.0
2025-01-10 01:00:00,194.64,194.684,194.333,194.369,3263.0
2025-01-10 02:00:00,194.369,194.642,194.247,194.301,8280.0
2025-01-10 03:00:00,194.297,194.651,194.234,194.556,8123.0
2025-01-10 04:00:00,194.557,194.767,194.539,194.747,5564.0
2025-01-10 05:00:00,194.747,194.751,194.622,194.639,4242.0
2025-01-10 06:00:00,194.636,194.765,194.635,194.711,4853.0
2025-01-10 07:00:00,194.712,194.777,194.428,194.464,5629.0
2025-01-10 08:00:00,194.463,194.541,194.226,194.234,6556.0
2025-01-10 09:00:00,194.234,194.739,194.223,194.668,8284.0
2025-01-10 10:00:00,194.668,194.739,193.837,193.943,12397.0
2025-01-10 11:00:00,193.942,194.339,193.693,194.294,11629.0
2025-01-10 12:00:00,194.295,194.438,194.05,194.362,9235.0
2025-01-10 13:00:00,194.362,194.618,194.217,194.377,8443.0
2025-01-10 14:00:00,194.377,194.602,194.316,194.579,8321.0
2025-01-10 15:00:00,194.578,194.695,193.67,193.933,19239.0
2025-01-10 16:00:00,193.934,193.992,193.201,193.396,23697.0
2025-01-10 17:00:00,193.388,193.55,192.679,192.686,23124.0
2025-01-10 18:00:00,192.688,192.768,192.206,192.573,17414.0
2025-01-10 19:00:00,192.573,192.775,192.522,192.702,12639.0
2025-01-10 20:00:00,192.699,192.877,192.654,192.844,9756.0
2025-01-13 00:00:00,192.508,192.508,192.368,192.472,2618.0
2025-01-13 01:00:00,192.472,192.74,192.466,192.718,4327.0
2025-01-13 02:00:00,192.718,192.76,192.512,192.526,6253.0
2025-01-13 03:00:00,192.527,192.618,191.713,191.948,9295.0
2025-01-13 04:00:00,191.948,192.135,191.874,191.875,6925.0
2025-01-13 05:00:00,191.865,191.918,191.117,191.154,7260.0
2025-01-13 06:00:00,191.166,191.454,190.968,191.249,5707.0
2025-01-13 07:00:00,191.248,191.277,190.843,191.207,5666.0
2025-01-13 08:00:00,191.205,191.525,191.082,191.297,7218.0
2025-01-13 09:00:00,191.297,191.462,190.801,191.132,12678.0
2025-01-13 10:00:00,191.129,191.739,191.113,191.266,15365.0
2025-01-13 11:00:00,191.264,191.297,190.079,190.208,15969.0
2025-01-13 12:00:00,190.208,191.023,190.148,190.991,11832.0
2025-01-13 13:00:00,190.991,191.108,190.495,190.506,10116.0
2025-01-13 14:00:00,190.506,190.789,190.294,190.372,12662.0
2025-01-13 15:00:00,190.372,190.937,190.301,190.872,14560.0
2025-01-13 16:00:00,190.868,191.295,190.651,191.195,15813.0
2025-01-13 17:00:00,191.194,191.549,191.053,191.41,15848.0
2025-01-13 18:00:00,191.409,191.772,191.306,191.468,12591.0
2025-01-13 19:00:00,191.468,191.632,191.431,191.532,10055.0
2025-01-13 20:00:00,191.534,191.884,191.405,191.805,7698.0
2025-01-13 21:00:00,191.806,192.023,191.663,192.016,7111.0
2025-01-13 22:00:00,192.018,192.062,191.836,191.961,5954.0
2025-01-13 23:00:00,191.962,192.208,191.847,192.152,4807.0
2025-01-14 00:00:00,192.074,192.635,191.958,192.427,2905.0
2025-01-14 01:00:00,192.46,192.58,192.315,192.415,8018.0
2025-01-14 02:00:00,192.413,192.437,192.112,192.368,9557.0
2025-01-14 03:00:00,192.367,192.925,191.876,192.253,11910.0
2025-01-14 04:00:00,192.252,192.457,192.103,192.419,7647.0
2025-01-14 05:00:00,192.42,192.679,192.33,192.361,6233.0
2025-01-14 06:00:00,192.36,192.448,192.2,192.288,3915.0
2025-01-14 07:00:00,192.288,192.452,192.078,192.293,7464.0
2025-01-14 08:00:00,192.294,192.522,192.255,192.342,7008.0
2025-01-14 09:00:00,192.342,192.481,192.148,192.345,12878.0
2025-01-14 10:00:00,192.344,192.787,192.187,192.597,14317.0
2025-01-14 11:00:00,192.598,192.769,192.294,192.342,13062.0
2025-01-14 12:00:00,192.342,192.521,192.256,192.356,8872.0
2025-01-14 13:00:00,192.357,192.541,192.204,192.317,7000.0
2025-01-14 14:00:00,192.317,192.502,191.987,192.025,9942.0
2025-01-14 15:00:00,192.019,192.019,191.493,191.741,17280.0
2025-01-14 16:00:00,191.752,192.057,191.664,191.837,16534.0
2025-01-14 17:00:00,191.838,192.831,191.836,192.725,17104.0
2025-01-14 18:00:00,192.724,192.849,192.338,192.47,15573.0
2025-01-14 19:00:00,192.47,192.733,192.289,192.692,11123.0
2025-01-14 20:00:00,192.692,192.943,192.666,192.874,7117.0
2025-01-14 21:00:00,192.874,192.986,192.638,192.677,6235.0
2025-01-14 22:00:00,192.678,192.835,192.562,192.815,6714.0
2025-01-14 23:00:00,192.814,192.997,192.791,192.987,3437.0
2025-01-15 00:00:00,192.876,192.98,192.826,192.892,1195.0
2025-01-15 01:00:00,192.898,192.997,192.83,192.992,2658.0
2025-01-15 02:00:00,192.992,193.0,192.707,192.775,6643.0
2025-01-15 03:00:00,192.776,192.95,192.582,192.638,6825.0
2025-01-15 04:00:00,192.638,192.685,192.557,192.639,4653.0
2025-01-15 05:00:00,192.638,192.716,192.569,192.681,3854.0
2025-01-15 06:00:00,192.68,192.713,192.271,192.339,5076.0
2025-01-15 07:00:00,192.339,192.339,191.856,191.925,8681.0
2025-01-15 08:00:00,191.927,192.137,191.846,191.934,6290.0
2025-01-15 09:00:00,191.905,192.159,191.302,191.929,15531.0
2025-01-15 10:00:00,191.931,191.998,191.606,191.775,12876.0
2025-01-15 11:00:00,191.774,191.817,191.35,191.666,11129.0
2025-01-15 12:00:00,191.667,191.849,191.64,191.717,7832.0
2025-01-15 13:00:00,191.714,192.012,191.649,191.944,7857.0
2025-01-15 14:00:00,191.944,191.965,191.545,191.728,7893.0
2025-01-15 15:00:00,191.729,192.406,191.69,192.335,18432.0
2025-01-15 16:00:00,192.338,192.399,191.69,191.723,19955.0
2025-01-15 17:00:00,191.725,191.865,191.44,191.585,17432.0
2025-01-15 18:00:00,191.584,191.76,191.097,191.239,15687.0
2025-01-15 19:00:00,191.239,191.38,191.159,191.223,9769.0
2025-01-15 20:00:00,191.223,191.41,191.18,191.378,6958.0
2025-01-15 21:00:00,191.379,191.447,191.326,191.364,5603.0
2025-01-15 22:00:00,191.365,191.592,191.354,191.54,4436.0
2025-01-15 23:00:00,191.532,191.621,191.492,191.557,3622.0
2025-01-16 00:00:00,191.404,191.443,191.282,191.376,2996.0
2025-01-16 01:00:00,191.376,191.422,191.244,191.252,3352.0
2025-01-16 02:00:00,191.251,191.546,191.23,191.261,8076.0
2025-01-16 03:00:00,191.259,191.262,190.138,190.224,12004.0
2025-01-16 04:00:00,190.229,190.41,189.829,190.349,11042.0
2025-01-16 05:00:00,190.348,190.56,190.321,190.455,6646.0
2025-01-16 06:00:00,190.455,190.553,190.313,190.544,4922.0
2025-01-16 07:00:00,190.545,190.644,190.488,190.601,5855.0
2025-01-16 08:00:00,190.6,190.936,190.533,190.758,7664.0
2025-01-16 09:00:00,190.772,190.908,190.461,190.84,11066.0
2025-01-16 10:00:00,190.842,190.919,190.258,190.281,11619.0
2025-01-16 11:00:00,190.281,190.373,189.794,189.898,9882.0
2025-01-16 12:00:00,189.896,190.143,189.782,189.949,7817.0
2025-01-16 13:00:00,189.95,190.344,189.934,190.208,7869.0
2025-01-16 14:00:00,190.208,190.536,190.18,190.412,9957.0
2025-01-16 15:00:00,190.41,190.51,190.065,190.165,15599.0
2025-01-16 16:00:00,190.166,190.52,189.986,190.439,15808.0
2025-01-16 17:00:00,190.436,190.44,190.042,190.154,19943.0
2025-01-16 18:00:00,190.155,190.335,189.872,190.303,17723.0
2025-01-16 19:00:00,190.305,190.503,189.96,189.999,12376.0
2025-01-16 20:00:00,189.998,190.089,189.889,190.037,8046.0
2025-01-16 21:00:00,190.037,190.069,189.849,190.006,7397.0
2025-01-16 22:00:00,190.005,190.02,189.787,189.825,5730.0
2025-01-16 23:00:00,189.825,189.915,189.779,189.827,3230.0
2025-01-17 00:00:00,189.848,189.957,189.776,189.85,1870.0
2025-01-17 01:00:00,189.85,190.126,189.85,190.087,2922.0
2025-01-17 02:00:00,190.087,190.211,189.617,189.887,8214.0
2025-01-17 03:00:00,189.887,190.09,189.786,189.87,6348.0
2025-01-17 04:00:00,189.871,190.228,189.854,190.15,6345.0
2025-01-17 05:00:00,190.151,190.207,190.02,190.159,4349.0
2025-01-17 06:00:00,190.169,190.213,189.851,189.887,4072.0
2025-01-17 07:00:00,189.887,190.176,189.87,190.057,5137.0
2025-01-17 08:00:00,190.057,190.156,189.916,190.146,5507.0
2025-01-17 09:00:00,190.148,190.148,189.337,189.448,12088.0
2025-01-17 10:00:00,189.451,189.841,189.332,189.803,10003.0
2025-01-17 11:00:00,189.803,190.087,189.554,189.937,10934.0
2025-01-17 12:00:00,189.938,190.156,189.857,190.036,7527.0
2025-01-17 13:00:00,190.034,190.181,189.857,189.886,8433.0
2025-01-17 14:00:00,189.886,189.903,189.661,189.778,9186.0
2025-01-17 15:00:00,189.777,189.827,189.487,189.657,11914.0
2025-01-17 16:00:00,189.657,190.354,189.427,190.277,16916.0
2025-01-17 17:00:00,190.278,190.606,190.192,190.418,17654.0
2025-01-17 18:00:00,190.414,190.59,190.281,190.354,12223.0
2025-01-17 19:00:00,190.354,190.37,190.144,190.216,8254.0
2025-01-17 20:00:00,190.217,190.279,190.041,190.147,6247.0
2025-01-20 00:00:00,190.088,190.344,190.074,190.242,2760.0
2025-01-20 01:00:00,190.242,190.465,190.156,190.309,4171.0
2025-01-20 02:00:00,190.309,190.447,190.067,190.068,6248.0
2025-01-20 03:00:00,190.067,190.17,189.891,190.11,7473.0
2025-01-20 04:00:00,190.109,190.253,190.054,190.135,5636.0
2025-01-20 05:00:00,190.135,190.189,189.986,190.081,4876.0
2025-01-20 06:00:00,190.082,190.441,190.048,190.399,3534.0
2025-01-20 07:00:00,190.4,190.562,190.315,190.557,3860.0
2025-01-20 08:00:00,190.558,190.861,190.457,190.81,5775.0
2025-01-20 09:00:00,190.811,190.879,190.497,190.553,7283.0
2025-01-20 10:00:00,190.552,190.689,190.308,190.405,10379.0
2025-01-20 11:00:00,190.405,190.489,190.134,190.32,10256.0
2025-01-20 12:00:00,190.32,190.681,190.31,190.622,6974.0
2025-01-20 13:00:00,190.625,190.907,190.615,190.829,6043.0
2025-01-20 14:00:00,190.829,190.842,190.582,190.751,7069.0
2025-01-20 15:00:00,190.751,191.661,190.567,191.521,16493.0
2025-01-20 16:00:00,191.521,191.595,191.19,191.426,19999.0
2025-01-20 17:00:00,191.424,191.659,191.293,191.382,15667.0
2025-01-20 18:00:00,191.383,191.509,191.274,191.42,9020.0
2025-01-20 19:00:00,191.42,191.531,191.155,191.393,12924.0
2025-01-20 20:00:00,191.395,191.634,191.314,191.588,7002.0
2025-01-20 21:00:00,191.594,192.003,191.578,191.992,6796.0
2025-01-20 22:00:00,191.994,192.018,191.795,191.848,8340.0
2025-01-20 23:00:00,191.847,191.907,191.73,191.844,8719.0
2025-01-21 00:00:00,191.72,191.814,191.586,191.753,1906.0
2025-01-21 01:00:00,191.753,191.879,191.378,191.487,7861.0
2025-01-21 02:00:00,191.487,191.619,191.004,191.28,15850.0
2025-01-21 03:00:00,191.28,191.624,190.86,190.936,19694.0
2025-01-21 04:00:00,190.937,190.999,190.479,190.669,12728.0
2025-01-21 05:00:00,190.669,190.823,190.512,190.803,10119.0
2025-01-21 06:00:00,190.805,190.825,190.639,190.708,6301.0
2025-01-21 07:00:00,190.707,190.775,190.6,190.663,6757.0
2025-01-21 08:00:00,190.663,190.857,190.635,190.726,7974.0
2025-01-21 09:00:00,190.726,191.141,190.58,190.973,11488.0
2025-01-21 10:00:00,190.971,190.991,190.683,190.904,11524.0
2025-01-21 11:00:00,190.905,191.023,190.775,190.953,12077.0
2025-01-21 12:00:00,190.954,191.106,190.832,191.059,9892.0
2025-01-21 13:00:00,191.06,191.077,190.708,190.775,9467.0
2025-01-21 14:00:00,190.775,190.892,190.71,190.803,10803.0
2025-01-21 15:00:00,190.804,190.968,190.656,190.921,12385.0
2025-01-21 16:00:00,190.92,191.253,190.832,191.072,16499.0
2025-01-21 17:00:00,191.064,191.283,190.999,191.053,18260.0
2025-01-21 18:00:00,191.054,191.769,191.012,191.726,13115.0
2025-01-21 19:00:00,191.726,191.826,191.681,191.762,9160.0
2025-01-21 20:00:00,191.762,191.896,191.719,191.838,7118.0
2025-01-21 21:00:00,191.839,191.839,191.703,191.765,6328.0
2025-01-21 22:00:00,191.766,191.915,191.754,191.899,5578.0
2025-01-21 23:00:00,191.9,192.199,191.889,192.09,3419.0
2025-01-22 00:00:00,191.99,192.088,191.836,191.962,3383.0
2025-01-22 01:00:00,191.962,192.288,191.893,192.163,7752.0
2025-01-22 02:00:00,192.163,192.228,191.867,191.966,9922.0
2025-01-22 03:00:00,191.967,192.113,191.872,192.0,7873.0
2025-01-22 04:00:00,192.001,192.159,191.96,192.131,6308.0
2025-01-22 05:00:00,192.132,192.331,192.011,192.291,4634.0
2025-01-22 06:00:00,192.29,192.343,192.167,192.314,4016.0
2025-01-22 07:00:00,192.312,192.426,192.272,192.352,4283.0
2025-01-22 08:00:00,192.353,192.374,191.964,192.078,8100.0
2025-01-22 09:00:00,192.077,192.271,191.901,192.232,10557.0
2025-01-22 10:00:00,192.231,192.327,191.706,192.146,12953.0
2025-01-22 11:00:00,192.148,192.488,192.12,192.478,12106.0
2025-01-22 12:00:00,192.478,192.749,192.419,192.652,9745.0
2025-01-22 13:00:00,192.654,192.74,192.509,192.598,7616.0
2025-01-22 14:00:00,192.598,192.746,192.502,192.525,8998.0
2025-01-22 15:00:00,192.525,192.757,192.384,192.454,11697.0
2025-01-22 16:00:00,192.451,192.685,192.267,192.634,14309.0
2025-01-22 17:00:00,192.631,192.688,192.409,192.663,14715.0
2025-01-22 18:00:00,192.661,193.009,192.563,192.989,11117.0
2025-01-22 19:00:00,192.989,193.011,192.841,192.974,8613.0
2025-01-22 20:00:00,192.975,193.009,192.846,192.968,6966.0
2025-01-22 21:00:00,192.967,193.008,192.844,192.923,5436.0
2025-01-22 22:00:00,192.923,192.934,192.789,192.814,5250.0
2025-01-22 23:00:00,192.814,192.854,192.737,192.773,3112.0
2025-01-23 00:00:00,192.66,192.697,192.534,192.544,1227.0
2025-01-23 01:00:00,192.544,192.677,192.505,192.63,3169.0
2025-01-23 02:00:00,192.63,192.673,192.522,192.605,6891.0
2025-01-23 03:00:00,192.606,192.751,192.531,192.726,7575.0
2025-01-23 04:00:00,192.725,192.73,192.554,192.634,5937.0
2025-01-23 05:00:00,192.633,192.763,192.608,192.73,4989.0
2025-01-23 06:00:00,192.73,192.943,192.707,192.918,3741.0
2025-01-23 07:00:00,192.92,193.015,192.92,192.929,6352.0
2025-01-23 08:00:00,192.929,192.988,192.714,192.771,6252.0
2025-01-23 09:00:00,192.77,192.823,192.559,192.708,10504.0
2025-01-23 10:00:00,192.709,192.724,192.395,192.421,9838.0
2025-01-23 11:00:00,192.42,192.671,192.415,192.612,10378.0
2025-01-23 12:00:00,192.611,192.751,192.392,192.695,6308.0
2025-01-23 13:00:00,192.696,192.887,192.596,192.681,5217.0
2025-01-23 14:00:00,192.681,192.723,192.486,192.614,5735.0
2025-01-23 15:00:00,192.614,192.642,192.381,192.494,8667.0
2025-01-23 16:00:00,192.496,192.752,192.445,192.644,8144.0
2025-01-23 17:00:00,192.644,192.72,192.401,192.451,8174.0
2025-01-23 18:00:00,192.449,192.674,192.277,192.611,12225.0
2025-01-23 19:00:00,192.61,192.938,192.603,192.903,6982.0
2025-01-23 20:00:00,192.903,192.904,192.709,192.797,4773.0
2025-01-23 21:00:00,192.797,192.836,192.53,192.566,4442.0
2025-01-23 22:00:00,192.566,192.727,192.526,192.693,4568.0
2025-01-23 23:00:00,192.693,192.774,192.641,192.773,2157.0
2025-01-24 00:00:00,192.747,192.747,192.63,192.67,1204.0
2025-01-24 01:00:00,192.67,192.933,192.632,192.891,2044.0
2025-01-24 02:00:00,192.889,193.068,192.731,193.055,5160.0
2025-01-24 03:00:00,193.054,193.127,192.917,193.115,4009.0
2025-01-24 04:00:00,193.115,193.523,193.103,193.386,7630.0
2025-01-24 05:00:00,193.382,193.694,192.539,192.696,9010.0
2025-01-24 06:00:00,192.696,192.72,192.069,192.378,6836.0
2025-01-24 07:00:00,192.378,192.711,192.251,192.637,5422.0
2025-01-24 08:00:00,192.634,193.295,192.244,192.633,9013.0
2025-01-24 09:00:00,192.636,192.775,192.332,192.474,9398.0
2025-01-24 10:00:00,192.473,192.826,192.08,192.739,10150.0
2025-01-24 11:00:00,192.737,193.421,192.526,193.357,9063.0
2025-01-24 12:00:00,193.357,193.864,193.323,193.801,6667.0
2025-01-24 13:00:00,193.801,193.974,193.563,193.799,6099.0
2025-01-24 14:00:00,193.799,194.175,193.762,194.149,6152.0
2025-01-24 15:00:00,194.149,194.262,193.948,194.068,7341.0
2025-01-24 16:00:00,194.07,194.512,193.941,194.425,9494.0
2025-01-24 17:00:00,194.428,194.512,194.121,194.406,10401.0
2025-01-24 18:00:00,194.406,194.575,194.338,194.393,7478.0
2025-01-24 19:00:00,194.391,194.598,194.35,194.492,5469.0
2025-01-24 20:00:00,194.492,194.754,194.478,194.623,4773.0
2025-01-27 00:00:00,193.861,194.28,193.848,194.231,1615.0
2025-01-27 01:00:00,194.231,194.331,193.856,194.003,4665.0
2025-01-27 02:00:00,194.003,194.092,193.62,193.728,5845.0
2025-01-27 03:00:00,193.728,193.809,193.472,193.564,6526.0
2025-01-27 04:00:00,193.564,193.82,193.465,193.78,4760.0
2025-01-27 05:00:00,193.78,194.094,193.738,194.052,4917.0
2025-01-27 06:00:00,194.052,194.311,194.044,194.254,3674.0
2025-01-27 07:00:00,194.254,194.266,194.071,194.253,4536.0
2025-01-27 08:00:00,194.253,194.649,194.23,194.244,5574.0
2025-01-27 09:00:00,194.244,194.247,193.743,193.75,7772.0
2025-01-27 10:00:00,193.75,193.779,193.163,193.264,9650.0
2025-01-27 11:00:00,193.264,193.332,192.602,193.041,10769.0
2025-01-27 12:00:00,193.038,193.039,192.157,192.397,10809.0
2025-01-27 13:00:00,192.394,192.687,192.211,192.408,9918.0
2025-01-27 14:00:00,192.404,192.88,192.36,192.759,8696.0
2025-01-27 15:00:00,192.759,193.149,192.616,192.797,10011.0
2025-01-27 16:00:00,192.802,193.028,192.527,192.969,10478.0
2025-01-27 17:00:00,192.965,193.073,192.482,192.518,10508.0
2025-01-27 18:00:00,192.518,192.626,192.17,192.42,8739.0
2025-01-27 19:00:00,192.42,192.642,192.395,192.48,7894.0
2025-01-27 20:00:00,192.48,192.82,192.424,192.697,7036.0
2025-01-27 21:00:00,192.697,193.156,192.697,193.026,6476.0
2025-01-27 22:00:00,193.026,193.276,192.983,193.086,5456.0
2025-01-27 23:00:00,193.086,193.224,193.054,193.125,2749.0
2025-01-28 00:00:00,193.036,193.109,192.926,193.032,1644.0
2025-01-28 01:00:00,193.032,193.153,192.712,192.886,8447.0
2025-01-28 02:00:00,192.882,193.264,192.826,193.262,8588.0
2025-01-28 03:00:00,193.262,193.755,193.26,193.591,6942.0
2025-01-28 04:00:00,193.591,193.746,193.514,193.586,7558.0
2025-01-28 05:00:00,193.587,193.852,193.517,193.747,5287.0
2025-01-28 06:00:00,193.747,193.967,193.733,193.877,4706.0
2025-01-28 07:00:00,193.877,193.938,193.742,193.772,3605.0
2025-01-28 08:00:00,193.772,193.872,193.59,193.799,4946.0
2025-01-28 09:00:00,193.799,193.867,193.664,193.852,7068.0
2025-01-28 10:00:00,193.856,193.979,193.45,193.616,8345.0
2025-01-28 11:00:00,193.616,194.028,193.335,193.508,7713.0
2025-01-28 12:00:00,193.508,193.57,193.18,193.345,5225.0
2025-01-28 13:00:00,193.345,193.414,192.995,193.142,4678.0
2025-01-28 14:00:00,193.144,193.189,192.937,192.96,5982.0
2025-01-28 15:00:00,192.96,193.181,192.932,193.181,7312.0
2025-01-28 16:00:00,193.181,193.404,192.765,193.008,8686.0
2025-01-28 17:00:00,192.987,193.62,192.938,193.588,8903.0
2025-01-28 18:00:00,193.588,193.775,193.345,193.477,7712.0
2025-01-28 19:00:00,193.477,193.568,193.38,193.396,4935.0
2025-01-28 20:00:00,193.396,193.52,193.307,193.511,5514.0
2025-01-28 21:00:00,193.511,193.605,193.367,193.545,4767.0
2025-01-28 22:00:00,193.546,193.588,193.42,193.483,3966.0
2025-01-28 23:00:00,193.483,193.528,193.42,193.507,2296.0
2025-01-29 00:00:00,193.438,193.504,193.354,193.425,1455.0
2025-01-29 01:00:00,193.431,193.564,193.428,193.527,1894.0
2025-01-29 02:00:00,193.528,193.655,193.419,193.563,4898.0
2025-01-29 03:00:00,193.562,193.751,193.514,193.646,4026.0
2025-01-29 04:00:00,193.646,193.761,193.579,193.683,3757.0
2025-01-29 05:00:00,193.683,193.683,193.364,193.473,3980.0
2025-01-29 06:00:00,193.473,193.499,193.296,193.396,3496.0
2025-01-29 07:00:00,193.396,193.398,193.039,193.054,3624.0
2025-01-29 08:00:00,193.054,193.51,193.054,193.351,5097.0
2025-01-29 09:00:00,193.351,193.516,193.242,193.312,6850.0
2025-01-29 10:00:00,193.312,193.461,192.949,192.989,7091.0
2025-01-29 11:00:00,192.989,193.074,192.878,192.945,6906.0
2025-01-29 12:00:00,192.946,193.032,192.817,192.917,5698.0
2025-01-29 13:00:00,192.918,193.119,192.86,193.021,5235.0
2025-01-29 14:00:00,193.021,193.096,192.883,193.041,5847.0
2025-01-29 15:00:00,193.041,193.048,192.487,192.689,8218.0
2025-01-29 16:00:00,192.688,192.905,192.515,192.558,7903.0
2025-01-29 17:00:00,192.56,192.979,192.549,192.737,9812.0
2025-01-29 18:00:00,192.735,193.009,192.688,192.967,8209.0
2025-01-29 19:00:00,192.968,193.187,192.914,192.926,6525.0
2025-01-29 20:00:00,192.926,193.165,192.851,193.119,5698.0
2025-01-29 21:00:00,192.976,193.362,192.912,193.195,13776.0
2025-01-29 22:00:00,193.187,193.327,193.128,193.254,9512.0
2025-01-29 23:00:00,193.253,193.32,193.131,193.264,4629.0
2025-01-30 00:00:00,193.177,193.223,192.894,193.161,2369.0
2025-01-30 01:00:00,193.161,193.29,193.114,193.271,4619.0
2025-01-30 02:00:00,193.271,193.293,192.607,192.693,6143.0
2025-01-30 03:00:00,192.693,192.693,192.306,192.526,6040.0
2025-01-30 04:00:00,192.527,192.553,192.128,192.181,6368.0
2025-01-30 05:00:00,192.181,192.445,192.123,192.416,5241.0
2025-01-30 06:00:00,192.416,192.526,192.384,192.415,3644.0
2025-01-30 07:00:00,192.415,192.439,192.168,192.304,3614.0
2025-01-30 08:00:00,192.304,192.451,192.022,192.131,4414.0
2025-01-30 09:00:00,192.131,192.466,192.003,192.371,5554.0
2025-01-30 10:00:00,192.371,192.594,192.326,192.413,7110.0
2025-01-30 11:00:00,192.407,192.422,192.059,192.184,7123.0
2025-01-30 12:00:00,192.185,192.275,191.928,192.051,5591.0
2025-01-30 13:00:00,192.052,192.173,192.005,192.118,5371.0
2025-01-30 14:00:00,192.118,192.158,191.634,191.732,6362.0
2025-01-30 15:00:00,191.732,191.916,191.385,191.882,10860.0
2025-01-30 16:00:00,191.879,192.244,191.853,192.013,11588.0
2025-01-30 17:00:00,192.014,192.176,191.757,192.159,10225.0
2025-01-30 18:00:00,192.16,192.431,192.039,192.258,7622.0
2025-01-30 19:00:00,192.258,192.274,191.943,192.016,6854.0
2025-01-30 20:00:00,192.017,192.36,192.013,192.287,4824.0
2025-01-30 21:00:00,192.288,192.288,191.994,192.009,4575.0
2025-01-30 22:00:00,192.009,192.05,191.567,191.82,8453.0
2025-01-30 23:00:00,191.821,191.882,191.469,191.552,5999.0
2025-01-31 00:00:00,191.52,191.52,191.343,191.42,1511.0
2025-01-31 01:00:00,191.42,191.824,191.387,191.411,3969.0
2025-01-31 02:00:00,191.411,191.693,191.408,191.607,5440.0
2025-01-31 03:00:00,191.607,191.607,191.191,191.365,6926.0
2025-01-31 04:00:00,191.371,191.578,191.229,191.514,5138.0
2025-01-31 05:00:00,191.514,191.746,191.473,191.67,4296.0
2025-01-31 06:00:00,191.67,191.849,191.623,191.829,3748.0
2025-01-31 07:00:00,191.831,192.312,191.831,192.17,5481.0
2025-01-31 08:00:00,192.17,192.441,192.092,192.282,5204.0
2025-01-31 09:00:00,192.283,192.383,192.166,192.313,6988.0
2025-01-31 10:00:00,192.311,192.465,191.885,191.913,6945.0
2025-01-31 11:00:00,191.913,192.182,191.613,192.182,7326.0
2025-01-31 12:00:00,192.182,192.273,192.049,192.049,5445.0
2025-01-31 13:00:00,192.049,192.165,191.85,192.144,4856.0
2025-01-31 14:00:00,192.144,192.379,192.102,192.306,4853.0
2025-01-31 15:00:00,192.304,192.556,192.085,192.159,8580.0
2025-01-31 16:00:00,192.163,192.169,191.616,191.641,9086.0
2025-01-31 17:00:00,191.641,192.447,191.599,192.366,10438.0
2025-01-31 18:00:00,192.366,193.031,192.272,192.809,8261.0
2025-01-31 19:00:00,192.809,193.028,192.643,192.743,10331.0
2025-01-31 20:00:00,192.743,192.945,192.216,192.321,10871.0
2025-02-03 00:00:00,190.212,190.946,190.182,190.648,2558.0
2025-02-03 01:00:00,190.648,191.341,190.547,190.932,11048.0
2025-02-03 02:00:00,190.929,191.475,190.868,191.158,12526.0
2025-02-03 03:00:00,191.156,191.669,191.044,191.337,10088.0
2025-02-03 04:00:00,191.337,191.385,190.666,190.725,9104.0
2025-02-03 05:00:00,190.725,190.928,190.606,190.876,6577.0
2025-02-03 06:00:00,190.876,191.127,190.696,190.88,7738.0
2025-02-03 07:00:00,190.875,191.029,190.783,191.007,5801.0
2025-02-03 08:00:00,191.007,191.121,190.779,190.938,7017.0
2025-02-03 09:00:00,190.938,191.43,190.938,191.169,9693.0
2025-02-03 10:00:00,191.165,191.583,191.037,191.308,10653.0
2025-02-03 11:00:00,191.305,191.369,190.512,190.538,8344.0
2025-02-03 12:00:00,190.54,190.939,190.535,190.767,7307.0
2025-02-03 13:00:00,190.767,190.818,190.252,190.469,6956.0
2025-02-03 14:00:00,190.469,190.826,190.404,190.809,9141.0
2025-02-03 15:00:00,190.809,191.338,190.794,191.226,10059.0
2025-02-03 16:00:00,191.226,191.23,190.723,190.905,11880.0
2025-02-03 17:00:00,190.875,192.263,190.03,192.049,16688.0
2025-02-03 18:00:00,192.049,192.309,191.581,191.598,13421.0
2025-02-03 19:00:00,191.599,191.887,191.369,191.675,10178.0
2025-02-03 20:00:00,191.675,192.1,191.458,192.026,9393.0
2025-02-03 21:00:00,192.026,192.264,191.901,191.993,6488.0
2025-02-03 22:00:00,191.995,192.019,191.81,191.882,5618.0
2025-02-03 23:00:00,191.883,192.834,191.799,192.678,7461.0
2025-02-04 00:00:00,192.654,192.654,192.344,192.494,3595.0
2025-02-04 01:00:00,192.492,193.166,192.458,193.055,5831.0
2025-02-04 02:00:00,193.055,193.113,192.84,192.955,5755.0
2025-02-04 03:00:00,192.955,192.988,192.583,192.671,6616.0
2025-02-04 04:00:00,192.67,192.864,192.624,192.785,4985.0
2025-02-04 05:00:00,192.785,192.788,192.655,192.685,3843.0
2025-02-04 06:00:00,192.685,192.723,192.618,192.671,3683.0
2025-02-04 07:00:00,192.671,192.679,191.776,192.474,10016.0
2025-02-04 08:00:00,192.474,192.647,192.393,192.626,6640.0
2025-02-04 09:00:00,192.626,192.881,192.549,192.845,6672.0
2025-02-04 10:00:00,192.845,193.171,192.478,192.818,9359.0
2025-02-04 11:00:00,192.819,193.044,192.776,193.01,7680.0
2025-02-04 12:00:00,193.008,193.132,192.816,192.935,5914.0
2025-02-04 13:00:00,192.938,192.957,192.628,192.657,5538.0
2025-02-04 14:00:00,192.659,192.796,192.559,192.768,6078.0
2025-02-04 15:00:00,192.771,193.086,192.763,192.965,7149.0
2025-02-04 16:00:00,192.965,193.109,192.789,192.989,9324.0
2025-02-04 17:00:00,192.988,193.095,192.599,192.981,11680.0
2025-02-04 18:00:00,192.981,193.108,192.755,192.948,8989.0
2025-02-04 19:00:00,192.948,192.999,192.48,192.568,7824.0
2025-02-04 20:00:00,192.566,192.69,192.452,192.617,5349.0
2025-02-04 21:00:00,192.617,192.65,192.471,192.584,5605.0
2025-02-04 22:00:00,192.583,192.663,192.507,192.652,4682.0
2025-02-04 23:00:00,192.654,192.691,192.556,192.627,3253.0
2025-02-05 00:00:00,192.579,192.629,192.487,192.591,1222.0
2025-02-05 01:00:00,192.591,192.773,192.248,192.29,4359.0
2025-02-05 02:00:00,192.289,192.573,192.012,192.041,6520.0
2025-02-05 03:00:00,192.042,192.048,191.485,191.554,8917.0
2025-02-05 04:00:00,191.543,191.586,191.131,191.42,7440.0
2025-02-05 05:00:00,191.423,191.469,191.042,191.137,5379.0
2025-02-05 06:00:00,191.137,191.298,190.993,191.274,5074.0
2025-02-05 07:00:00,191.274,191.467,191.224,191.283,5273.0
2025-02-05 08:00:00,191.28,191.446,191.105,191.128,5973.0
2025-02-05 09:00:00,191.128,191.663,191.028,191.65,7619.0
2025-02-05 10:00:00,191.65,191.735,191.231,191.407,8316.0
2025-02-05 11:00:00,191.407,191.603,191.077,191.32,7943.0
2025-02-05 12:00:00,191.32,191.558,191.11,191.421,7214.0
2025-02-05 13:00:00,191.421,191.648,191.374,191.577,5826.0
2025-02-05 14:00:00,191.577,191.708,191.381,191.648,5434.0
2025-02-05 15:00:00,191.648,191.817,191.466,191.537,9802.0
2025-02-05 16:00:00,191.537,191.846,191.161,191.226,9283.0
2025-02-05 17:00:00,191.194,191.239,190.298,190.446,12646.0
2025-02-05 18:00:00,190.448,190.655,190.388,190.611,8433.0
2025-02-05 19:00:00,190.611,190.744,190.405,190.504,5933.0
2025-02-05 20:00:00,190.502,190.626,190.453,190.563,5135.0
2025-02-05 21:00:00,190.562,190.767,190.552,190.742,4871.0
2025-02-05 22:00:00,190.742,190.978,190.735,190.897,4799.0
2025-02-05 23:00:00,190.896,190.951,190.778,190.796,3106.0
2025-02-06 00:00:00,190.824,190.824,190.637,190.717,1088.0
2025-02-06 01:00:00,190.719,190.966,190.596,190.84,2501.0
2025-02-06 02:00:00,190.84,190.914,190.453,190.491,5947.0
2025-02-06 03:00:00,190.491,190.532,189.901,190.147,7510.0
2025-02-06 04:00:00,190.142,190.293,190.029,190.228,6032.0
2025-02-06 05:00:00,190.228,190.256,189.969,190.214,3932.0
2025-02-06 06:00:00,190.214,190.291,190.082,190.263,3286.0
2025-02-06 07:00:00,190.263,190.474,190.068,190.282,4551.0
2025-02-06 08:00:00,190.282,190.506,190.266,190.49,4198.0
2025-02-06 09:00:00,190.489,190.602,190.219,190.329,6419.0
2025-02-06 10:00:00,190.329,190.344,189.901,189.99,7556.0
2025-02-06 11:00:00,189.99,190.282,189.6,189.689,7284.0
2025-02-06 12:00:00,189.689,189.766,189.247,189.412,6663.0
2025-02-06 13:00:00,189.416,189.503,189.229,189.363,6561.0
2025-02-06 14:00:00,189.331,189.483,188.358,188.557,10202.0
2025-02-06 15:00:00,188.557,188.847,188.249,188.328,9604.0
2025-02-06 16:00:00,188.331,188.659,188.296,188.505,9309.0
2025-02-06 17:00:00,188.505,188.734,188.279,188.305,10352.0
2025-02-06 18:00:00,188.311,189.072,188.305,189.021,8281.0
2025-02-06 19:00:00,189.02,189.103,188.844,188.955,6149.0
2025-02-06 20:00:00,188.958,189.033,188.376,188.391,7222.0
2025-02-06 21:00:00,188.392,188.433,188.07,188.263,6146.0
2025-02-06 22:00:00,188.264,188.518,188.25,188.513,3872.0
2025-02-06 23:00:00,188.503,188.504,188.314,188.327,2443.0
2025-02-07 00:00:00,188.16,188.302,188.16,188.243,1415.0
2025-02-07 01:00:00,188.244,188.297,187.95,187.973,3296.0
2025-02-07 02:00:00,187.974,188.153,187.65,187.882,6328.0
2025-02-07 03:00:00,187.882,188.474,187.873,188.43,6854.0
2025-02-07 04:00:00,188.435,188.693,188.418,188.587,5437.0
2025-02-07 05:00:00,188.587,188.6,188.349,188.387,4277.0
2025-02-07 06:00:00,188.387,188.531,188.331,188.512,3207.0
2025-02-07 07:00:00,188.512,188.586,188.364,188.462,4284.0
2025-02-07 08:00:00,188.46,188.683,188.317,188.676,4667.0
2025-02-07 09:00:00,188.678,188.945,188.62,188.888,5735.0
2025-02-07 10:00:00,188.888,189.234,188.791,189.153,6397.0
2025-02-07 11:00:00,189.153,189.28,189.063,189.164,5927.0
2025-02-07 12:00:00,189.164,189.576,189.141,189.401,5942.0
2025-02-07 13:00:00,189.401,189.528,189.362,189.489,4590.0
2025-02-07 14:00:00,189.489,189.558,189.134,189.207,4965.0
2025-02-07 15:00:00,189.207,189.539,188.681,188.882,11896.0
2025-02-07 16:00:00,188.881,189.167,188.742,188.817,11047.0
2025-02-07 17:00:00,188.821,188.87,187.725,188.088,13168.0
2025-02-07 18:00:00,188.093,188.108,187.052,187.507,13172.0
2025-02-07 19:00:00,187.506,188.157,187.434,188.105,11916.0
2025-02-07 20:00:00,188.106,188.308,187.701,187.791,6658.0
2025-02-10 00:00:00,187.181,187.752,187.054,187.535,3242.0
2025-02-10 01:00:00,187.535,188.188,187.535,188.164,5489.0
2025-02-10 02:00:00,188.162,188.262,187.981,188.199,6819.0
2025-02-10 03:00:00,188.199,188.455,188.189,188.235,7378.0
2025-02-10 04:00:00,188.235,188.464,188.187,188.383,5354.0
2025-02-10 05:00:00,188.385,188.447,188.208,188.328,4318.0
2025-02-10 06:00:00,188.328,188.408,188.239,188.328,3324.0
2025-02-10 07:00:00,188.328,188.644,188.328,188.43,4035.0
2025-02-10 08:00:00,188.43,188.497,188.256,188.492,4905.0
2025-02-10 09:00:00,188.492,188.784,188.484,188.753,6720.0
2025-02-10 10:00:00,188.755,189.105,188.71,188.925,8183.0
2025-02-10 11:00:00,188.925,189.151,188.791,188.855,7088.0
2025-02-10 12:00:00,188.857,188.987,188.771,188.778,4936.0
2025-02-10 13:00:00,188.778,188.911,188.62,188.665,5694.0
2025-02-10 14:00:00,188.665,188.686,188.351,188.383,6250.0
2025-02-10 15:00:00,188.385,188.447,188.126,188.171,6864.0
2025-02-10 16:00:00,188.168,188.174,187.621,187.718,8263.0
2025-02-10 17:00:00,187.719,187.984,187.693,187.833,7168.0
2025-02-10 18:00:00,187.833,187.963,187.767,187.853,6328.0
2025-02-10 19:00:00,187.853,188.022,187.85,188.017,4856.0
2025-02-10 20:00:00,188.017,188.093,187.924,188.01,4371.0
2025-02-10 21:00:00,188.01,188.096,187.936,187.945,4055.0
2025-02-10 22:00:00,187.945,188.039,187.9,187.904,3577.0
2025-02-10 23:00:00,187.904,187.963,187.869,187.955,2683.0
2025-02-11 00:00:00,187.96,187.96,187.797,187.814,1948.0
2025-02-11 01:00:00,187.815,187.936,187.54,187.608,3553.0
2025-02-11 02:00:00,187.607,187.701,187.417,187.655,3549.0
2025-02-11 03:00:00,187.655,187.918,187.649,187.89,4940.0
2025-02-11 04:00:00,187.89,187.891,187.607,187.641,4433.0
2025-02-11 05:00:00,187.642,187.812,187.576,187.752,3872.0
2025-02-11 06:00:00,187.752,187.877,187.749,187.86,2677.0
2025-02-11 07:00:00,187.86,187.898,187.801,187.837,2827.0
2025-02-11 08:00:00,187.837,187.914,187.709,187.741,3631.0
2025-02-11 09:00:00,187.742,187.779,187.49,187.503,5504.0
2025-02-11 10:00:00,187.505,187.787,187.248,187.671,7401.0
2025-02-11 11:00:00,187.671,188.05,187.634,187.887,5799.0
2025-02-11 12:00:00,187.89,188.114,187.86,188.049,5321.0
2025-02-11 13:00:00,188.047,188.453,188.04,188.388,4604.0
2025-02-11 14:00:00,188.396,188.665,188.196,188.653,6251.0
2025-02-11 15:00:00,188.653,188.935,188.561,188.831,7041.0
2025-02-11 16:00:00,188.831,189.126,188.762,188.955,7829.0
2025-02-11 17:00:00,188.957,189.454,188.881,189.172,9444.0
2025-02-11 18:00:00,189.171,189.293,189.079,189.266,7260.0
2025-02-11 19:00:00,189.267,189.338,189.2,189.297,5188.0
2025-02-11 20:00:00,189.297,189.478,189.204,189.392,4276.0
2025-02-11 21:00:00,189.393,189.723,189.378,189.677,5554.0
2025-02-11 22:00:00,189.679,189.925,189.641,189.858,5740.0
2025-02-11 23:00:00,189.858,189.859,189.734,189.8,2899.0
2025-02-12 00:00:00,189.772,189.772,189.528,189.652,1891.0
2025-02-12 01:00:00,189.652,190.221,189.652,190.221,3534.0
2025-02-12 02:00:00,190.22,190.671,190.145,190.649,5910.0
2025-02-12 03:00:00,190.649,191.082,190.406,191.081,6859.0
2025-02-12 04:00:00,191.082,191.231,190.987,191.074,5666.0
2025-02-12 05:00:00,191.071,191.344,191.068,191.286,5369.0
2025-02-12 06:00:00,191.286,191.394,191.14,191.22,5452.0
2025-02-12 07:00:00,191.22,191.251,191.076,191.087,4748.0
2025-02-12 08:00:00,191.085,191.273,191.06,191.106,4661.0
2025-02-12 09:00:00,191.107,191.456,190.92,191.444,6609.0
2025-02-12 10:00:00,191.444,191.741,190.99,191.061,7821.0
2025-02-12 11:00:00,191.062,191.143,190.842,191.075,5947.0
2025-02-12 12:00:00,191.075,191.286,190.972,191.085,5674.0
2025-02-12 13:00:00,191.085,191.323,191.03,191.275,5445.0
2025-02-12 14:00:00,191.275,191.373,191.044,191.21,5134.0
2025-02-12 15:00:00,191.208,191.408,190.574,191.308,11574.0
2025-02-12 16:00:00,191.31,191.565,191.061,191.556,11172.0
2025-02-12 17:00:00,191.558,192.294,191.417,192.038,11797.0
2025-02-12 18:00:00,192.038,192.407,191.801,192.407,8885.0
2025-02-12 19:00:00,192.405,192.681,192.359,192.596,9633.0
2025-02-12 20:00:00,192.592,192.66,192.06,192.103,7343.0
2025-02-12 21:00:00,192.103,192.272,192.064,192.204,4861.0
2025-02-12 22:00:00,192.204,192.246,192.132,192.195,4606.0
2025-02-12 23:00:00,192.195,192.239,192.01,192.123,3399.0
2025-02-13 00:00:00,192.137,192.137,191.914,192.038,1880.0
2025-02-13 01:00:00,192.038,192.251,191.96,192.034,2970.0
2025-02-13 02:00:00,192.031,192.337,191.922,192.324,6211.0
2025-02-13 03:00:00,192.324,192.459,192.108,192.156,7134.0
2025-02-13 04:00:00,192.156,192.235,192.072,192.202,5548.0
2025-02-13 05:00:00,192.208,192.455,192.205,192.447,4990.0
2025-02-13 06:00:00,192.447,192.953,192.437,192.768,5932.0
2025-02-13 07:00:00,192.765,192.897,192.54,192.574,5236.0
2025-02-13 08:00:00,192.574,192.689,192.359,192.373,6265.0
2025-02-13 09:00:00,192.337,193.059,192.337,192.988,8108.0
2025-02-13 10:00:00,192.988,193.009,192.134,192.155,8511.0
2025-02-13 11:00:00,192.154,192.471,192.031,192.341,7169.0
2025-02-13 12:00:00,192.339,192.541,192.101,192.142,5750.0
2025-02-13 13:00:00,192.142,192.335,191.728,191.929,6542.0
2025-02-13 14:00:00,191.929,191.936,191.614,191.807,7046.0
2025-02-13 15:00:00,191.807,191.865,191.291,191.453,9844.0
2025-02-13 16:00:00,191.451,191.629,191.174,191.628,9650.0
2025-02-13 17:00:00,191.628,192.251,191.507,191.778,11832.0
2025-02-13 18:00:00,191.778,191.921,191.694,191.873,8020.0
2025-02-13 19:00:00,191.879,192.006,191.775,191.794,6120.0
2025-02-13 20:00:00,191.789,191.968,191.265,191.713,10083.0
2025-02-13 21:00:00,191.713,191.84,191.569,191.736,7380.0
2025-02-13 22:00:00,191.736,191.939,191.692,191.852,5420.0
2025-02-13 23:00:00,191.85,192.025,191.823,192.006,3064.0
2025-02-14 00:00:00,191.999,192.011,191.75,191.994,1831.0
2025-02-14 01:00:00,191.994,192.353,191.989,192.225,4021.0
2025-02-14 02:00:00,192.225,192.284,191.618,191.74,7040.0
2025-02-14 03:00:00,191.74,191.792,191.536,191.685,6350.0
2025-02-14 04:00:00,191.685,192.036,191.637,191.951,4668.0
2025-02-14 05:00:00,191.95,192.118,191.915,191.943,3829.0
2025-02-14 06:00:00,191.943,192.05,191.622,191.641,3455.0
2025-02-14 07:00:00,191.641,191.708,191.475,191.59,3820.0
2025-02-14 08:00:00,191.591,191.766,191.493,191.546,5002.0
2025-02-14 09:00:00,191.546,191.987,191.486,191.878,7682.0
2025-02-14 10:00:00,191.875,192.334,191.825,192.232,8695.0
2025-02-14 11:00:00,192.231,192.397,191.955,191.982,6634.0
2025-02-14 12:00:00,191.981,192.024,191.791,191.847,5592.0
2025-02-14 13:00:00,191.843,192.193,191.754,192.13,5345.0
2025-02-14 14:00:00,192.13,192.23,191.981,192.223,5338.0
2025-02-14 15:00:00,192.224,192.5,191.694,191.794,9807.0
2025-02-14 16:00:00,191.794,192.252,191.731,192.234,9292.0
2025-02-14 17:00:00,192.236,192.258,191.858,191.962,9026.0
2025-02-14 18:00:00,191.963,192.03,191.636,191.923,7042.0
2025-02-14 19:00:00,191.923,192.081,191.87,192.032,5060.0
2025-02-14 20:00:00,192.031,192.09,191.857,191.929,3823.0
2025-02-17 00:00:00,191.418,191.63,191.418,191.61,1086.0
2025-02-17 01:00:00,191.609,191.747,191.243,191.288,5038.0
2025-02-17 02:00:00,191.288,191.399,191.051,191.161,7134.0
2025-02-17 03:00:00,191.161,191.407,190.953,191.387,6631.0
2025-02-17 04:00:00,191.386,191.409,190.795,190.881,6329.0
2025-02-17 05:00:00,190.882,191.019,190.856,190.913,5496.0
2025-02-17 06:00:00,190.913,191.13,190.893,191.061,4162.0
2025-02-17 07:00:00,191.061,191.065,190.707,190.75,6247.0
2025-02-17 08:00:00,190.75,191.203,190.704,191.114,6327.0
2025-02-17 09:00:00,191.113,191.313,190.869,191.285,6650.0
2025-02-17 10:00:00,191.283,191.371,191.049,191.086,7300.0
2025-02-17 11:00:00,191.084,191.32,191.026,191.142,5484.0
2025-02-17 12:00:00,191.142,191.199,190.952,191.073,5234.0
2025-02-17 13:00:00,191.073,191.214,190.831,190.928,4817.0
2025-02-17 14:00:00,190.928,191.006,190.684,190.806,5305.0
2025-02-17 15:00:00,190.806,190.91,190.72,190.755,4106.0
2025-02-17 16:00:00,190.755,190.799,190.633,190.787,4705.0
2025-02-17 17:00:00,190.785,190.875,190.683,190.815,4873.0
2025-02-17 18:00:00,190.815,191.002,190.773,190.961,3215.0
2025-02-17 19:00:00,190.961,191.192,190.952,191.09,2502.0
2025-02-17 20:00:00,191.09,191.15,191.045,191.142,1496.0
2025-02-17 21:00:00,191.142,191.283,191.119,191.177,2498.0
2025-02-17 22:00:00,191.177,191.214,191.15,191.185,2030.0
2025-02-17 23:00:00,191.185,191.301,191.181,191.274,2367.0
2025-02-18 00:00:00,191.242,191.242,191.056,191.176,1184.0
2025-02-18 01:00:00,191.176,191.326,190.834,191.127,2816.0
2025-02-18 02:00:00,191.127,191.379,191.1,191.28,6229.0
2025-02-18 03:00:00,191.278,191.336,191.14,191.269,6703.0
2025-02-18 04:00:00,191.269,191.466,191.216,191.415,4594.0
2025-02-18 05:00:00,191.415,191.69,191.378,191.67,6119.0
2025-02-18 06:00:00,191.671,191.75,191.548,191.667,5174.0
2025-02-18 07:00:00,191.667,191.732,191.452,191.501,5299.0
2025-02-18 08:00:00,191.501,191.596,191.336,191.463,5637.0
2025-02-18 09:00:00,191.463,191.813,191.383,191.808,6545.0
2025-02-18 10:00:00,191.808,191.946,191.576,191.602,7603.0
2025-02-18 11:00:00,191.602,191.694,191.353,191.43,6246.0
2025-02-18 12:00:00,191.43,191.451,191.057,191.158,5986.0
2025-02-18 13:00:00,191.156,191.346,191.117,191.255,5009.0
2025-02-18 14:00:00,191.255,191.423,190.965,190.999,6089.0
2025-02-18 15:00:00,190.999,191.135,190.929,191.02,7061.0
2025-02-18 16:00:00,191.023,191.419,190.925,191.381,7751.0
2025-02-18 17:00:00,191.382,191.403,191.153,191.318,8080.0
2025-02-18 18:00:00,191.318,191.516,191.286,191.433,6585.0
2025-02-18 19:00:00,191.433,191.524,191.345,191.442,5224.0
2025-02-18 20:00:00,191.44,191.517,191.334,191.514,5029.0
2025-02-18 21:00:00,191.514,191.521,191.38,191.393,4778.0
2025-02-18 22:00:00,191.393,191.676,191.364,191.64,4820.0
2025-02-18 23:00:00,191.642,191.819,191.632,191.808,2819.0
2025-02-19 00:00:00,191.777,192.097,191.61,192.043,3617.0
2025-02-19 01:00:00,192.043,192.134,191.783,191.792,2729.0
2025-02-19 02:00:00,191.792,191.928,191.631,191.873,5724.0
2025-02-19 03:00:00,191.87,191.917,191.341,191.9,8311.0
2025-02-19 04:00:00,191.9,192.12,191.708,191.802,6995.0
2025-02-19 05:00:00,191.804,191.85,191.588,191.627,5312.0
2025-02-19 06:00:00,191.627,191.666,191.432,191.471,5151.0
2025-02-19 07:00:00,191.473,191.598,191.418,191.588,4818.0
2025-02-19 08:00:00,191.588,191.593,191.308,191.317,6427.0
2025-02-19 09:00:00,191.295,191.61,191.246,191.369,7453.0
2025-02-19 10:00:00,191.366,191.737,191.261,191.363,8164.0
2025-02-19 11:00:00,191.364,191.515,191.068,191.155,7288.0
2025-02-19 12:00:00,191.153,191.304,190.937,191.068,6304.0
2025-02-19 13:00:00,191.068,191.276,191.031,191.083,7472.0
2025-02-19 14:00:00,191.084,191.291,190.902,191.195,6456.0
2025-02-19 15:00:00,191.194,191.247,190.985,190.997,7747.0
2025-02-19 16:00:00,190.997,191.052,190.508,190.561,8760.0
2025-02-19 17:00:00,190.566,190.901,190.45,190.629,9584.0
2025-02-19 18:00:00,190.629,190.826,190.529,190.672,7621.0
2025-02-19 19:00:00,190.672,190.819,190.538,190.744,5038.0
2025-02-19 20:00:00,190.744,190.833,190.664,190.694,5232.0
2025-02-19 21:00:00,190.698,190.723,190.519,190.684,6621.0
2025-02-19 22:00:00,190.684,190.715,190.578,190.679,4509.0
2025-02-19 23:00:00,190.68,190.725,190.622,190.628,2287.0
2025-02-20 00:00:00,190.629,190.633,190.393,190.426,2100.0
2025-02-20 01:00:00,190.427,190.533,190.105,190.287,3903.0
2025-02-20 02:00:00,190.287,190.324,189.925,190.126,8186.0
2025-02-20 03:00:00,190.126,190.142,189.499,189.549,9223.0
2025-02-20 04:00:00,189.549,189.877,189.366,189.799,8010.0
2025-02-20 05:00:00,189.799,189.818,189.4,189.431,6248.0
2025-02-20 06:00:00,189.431,189.477,189.174,189.231,6374.0
2025-02-20 07:00:00,189.231,189.422,189.164,189.418,5389.0
2025-02-20 08:00:00,189.418,189.431,188.873,188.913,6551.0
2025-02-20 09:00:00,188.913,189.249,188.797,189.147,7353.0
2025-02-20 10:00:00,189.147,189.664,189.133,189.554,7925.0
2025-02-20 11:00:00,189.551,189.737,189.401,189.601,6934.0
2025-02-20 12:00:00,189.601,189.601,189.319,189.352,6241.0
2025-02-20 13:00:00,189.352,189.413,189.186,189.41,5957.0
2025-02-20 14:00:00,189.413,189.447,189.071,189.108,7554.0
2025-02-20 15:00:00,189.108,189.378,188.928,189.301,9487.0
2025-02-20 16:00:00,189.301,189.457,188.95,188.97,10081.0
2025-02-20 17:00:00,188.97,189.241,188.688,188.991,11613.0
2025-02-20 18:00:00,188.99,189.264,188.931,189.163,8741.0
2025-02-20 19:00:00,189.164,189.249,189.066,189.118,7124.0
2025-02-20 20:00:00,189.117,189.469,189.105,189.446,5224.0
2025-02-20 21:00:00,189.448,189.791,189.441,189.767,4902.0
2025-02-20 22:00:00,189.767,189.789,189.575,189.616,3925.0
2025-02-20 23:00:00,189.617,189.617,189.529,189.542,2511.0
2025-02-21 00:00:00,189.546,189.558,189.296,189.378,2079.0
2025-02-21 01:00:00,189.378,189.602,189.164,189.386,5599.0
2025-02-21 02:00:00,189.386,189.818,189.364,189.68,8171.0
2025-02-21 03:00:00,189.68,190.401,189.634,190.275,8302.0
2025-02-21 04:00:00,190.276,190.927,190.163,190.703,6980.0
2025-02-21 05:00:00,190.703,190.722,190.318,190.449,5639.0
2025-02-21 06:00:00,190.449,190.463,190.194,190.387,4980.0
2025-02-21 07:00:00,190.388,190.485,190.308,190.359,5011.0
2025-02-21 08:00:00,190.359,190.627,190.289,190.558,6041.0
2025-02-21 09:00:00,190.558,190.943,190.548,190.731,8449.0
2025-02-21 10:00:00,190.731,190.784,190.292,190.438,10642.0
2025-02-21 11:00:00,190.441,190.49,190.014,190.355,7835.0
2025-02-21 12:00:00,190.355,190.406,190.162,190.177,5171.0
2025-02-21 13:00:00,190.177,190.24,189.946,190.024,5123.0
2025-02-21 14:00:00,190.024,190.236,189.99,190.195,4955.0
2025-02-21 15:00:00,190.195,190.368,190.062,190.236,7610.0
2025-02-21 16:00:00,190.236,190.295,189.506,189.595,9930.0
2025-02-21 17:00:00,189.589,189.607,188.906,189.008,11586.0
2025-02-21 18:00:00,189.008,189.21,188.847,189.023,8162.0
2025-02-21 19:00:00,189.023,189.095,188.639,188.682,7783.0
2025-02-21 20:00:00,188.68,188.682,188.238,188.41,9066.0
2025-02-24 00:00:00,188.444,188.593,188.432,188.503,1694.0
2025-02-24 01:00:00,188.503,189.033,188.503,188.971,5368.0
2025-02-24 02:00:00,188.971,188.971,188.606,188.638,9224.0
2025-02-24 03:00:00,188.638,189.237,188.638,189.21,9452.0
2025-02-24 04:00:00,189.21,189.581,189.208,189.298,8718.0
2025-02-24 05:00:00,189.297,189.463,189.073,189.155,6245.0
2025-02-24 06:00:00,189.155,189.266,189.122,189.157,4809.0
2025-02-24 07:00:00,189.157,189.449,189.085,189.361,6597.0
2025-02-24 08:00:00,189.361,189.431,189.215,189.304,7034.0
2025-02-24 09:00:00,189.304,189.388,188.733,188.978,8629.0
2025-02-24 10:00:00,188.979,189.076,188.477,188.996,9635.0
2025-02-24 11:00:00,188.997,189.268,188.812,189.022,7858.0
2025-02-24 12:00:00,189.018,189.192,188.881,189.175,6172.0
2025-02-24 13:00:00,189.175,189.352,189.097,189.256,5521.0
2025-02-24 14:00:00,189.256,189.346,189.094,189.267,6245.0
2025-02-24 15:00:00,189.268,189.522,189.111,189.379,8100.0
2025-02-24 16:00:00,189.379,189.474,188.358,188.421,10427.0
2025-02-24 17:00:00,188.421,188.731,188.226,188.417,12476.0
2025-02-24 18:00:00,188.418,189.206,188.418,189.046,9780.0
2025-02-24 19:00:00,189.045,189.299,189.023,189.069,8372.0
2025-02-24 20:00:00,189.069,189.154,188.951,189.132,6647.0
2025-02-24 21:00:00,189.132,189.314,189.034,189.08,6593.0
2025-02-24 22:00:00,189.078,189.209,188.89,188.995,6896.0
2025-02-24 23:00:00,188.993,189.103,188.942,188.996,2950.0
2025-02-25 00:00:00,188.987,189.045,188.85,189.022,1781.0
2025-02-25 01:00:00,189.022,189.156,188.969,189.147,4312.0
2025-02-25 02:00:00,189.147,189.51,189.147,189.468,6945.0
2025-02-25 03:00:00,189.468,189.671,189.389,189.414,7511.0
2025-02-25 04:00:00,189.414,189.468,189.281,189.303,7216.0
2025-02-25 05:00:00,189.303,189.361,189.011,189.067,5619.0
2025-02-25 06:00:00,189.067,189.132,188.843,188.949,5937.0
2025-02-25 07:00:00,188.948,189.248,188.914,189.201,5931.0
2025-02-25 08:00:00,189.201,189.297,189.074,189.17,6622.0
2025-02-25 09:00:00,189.17,189.202,188.254,188.282,9620.0
2025-02-25 10:00:00,188.288,188.852,188.171,188.614,10558.0
2025-02-25 11:00:00,188.614,189.07,188.574,188.853,9751.0
2025-02-25 12:00:00,188.853,189.163,188.812,189.092,7562.0
2025-02-25 13:00:00,189.092,189.577,189.022,189.56,8363.0
2025-02-25 14:00:00,189.56,189.561,189.19,189.465,8707.0
2025-02-25 15:00:00,189.465,189.746,189.267,189.344,9181.0
2025-02-25 16:00:00,189.347,189.413,188.813,188.88,11026.0
2025-02-25 17:00:00,188.882,188.882,188.272,188.644,13496.0
2025-02-25 18:00:00,188.634,188.721,188.158,188.61,11068.0
2025-02-25 19:00:00,188.609,188.778,188.374,188.778,8483.0
2025-02-25 20:00:00,188.778,189.124,188.728,188.927,8647.0
2025-02-25 21:00:00,188.933,188.942,188.7,188.872,8282.0
2025-02-25 22:00:00,188.87,188.982,188.665,188.727,7529.0
2025-02-25 23:00:00,188.726,188.86,188.701,188.747,3827.0
2025-02-26 00:00:00,188.701,188.848,188.594,188.848,1804.0
2025-02-26 01:00:00,188.848,189.021,188.674,188.875,4126.0
2025-02-26 02:00:00,188.875,188.908,188.408,188.752,6989.0
2025-02-26 03:00:00,188.752,189.005,188.473,188.986,7705.0
2025-02-26 04:00:00,188.986,189.178,188.908,189.152,6920.0
2025-02-26 05:00:00,189.152,189.23,188.886,188.984,5697.0
2025-02-26 06:00:00,188.984,189.122,188.833,188.907,5388.0
2025-02-26 07:00:00,188.909,189.114,188.826,188.863,6109.0
2025-02-26 08:00:00,188.863,189.223,188.847,189.191,6335.0
2025-02-26 09:00:00,189.19,189.241,188.95,189.13,8646.0
2025-02-26 10:00:00,189.13,189.251,188.721,188.879,9441.0
2025-02-26 11:00:00,188.879,189.075,188.855,188.997,7243.0
2025-02-26 12:00:00,188.997,189.079,188.78,189.069,7529.0
2025-02-26 13:00:00,189.069,189.198,188.996,189.157,6921.0
2025-02-26 14:00:00,189.157,189.271,188.989,189.159,7760.0
2025-02-26 15:00:00,189.159,189.357,189.013,189.224,9502.0
2025-02-26 16:00:00,189.225,189.668,189.015,189.554,10719.0
2025-02-26 17:00:00,189.555,189.863,189.504,189.771,11783.0
2025-02-26 18:00:00,189.768,189.834,189.28,189.304,10129.0
2025-02-26 19:00:00,189.31,189.566,189.059,189.191,10460.0
2025-02-26 20:00:00,189.188,189.291,188.707,188.858,9025.0
2025-02-26 21:00:00,188.857,188.933,188.618,188.787,8213.0
2025-02-26 22:00:00,188.787,188.952,188.69,188.896,6577.0
2025-02-26 23:00:00,188.894,189.127,188.858,188.985,4497.0
2025-02-27 00:00:00,188.919,188.919,188.756,188.789,1007.0
2025-02-27 01:00:00,188.789,188.902,188.645,188.785,3604.0
2025-02-27 02:00:00,188.785,188.965,188.565,188.893,8390.0
2025-02-27 03:00:00,188.894,189.21,188.785,189.159,7372.0
2025-02-27 04:00:00,189.159,189.188,188.903,188.978,6912.0
2025-02-27 05:00:00,188.978,189.146,188.862,188.868,5937.0
2025-02-27 06:00:00,188.868,188.917,188.626,188.677,5839.0
2025-02-27 07:00:00,188.677,189.002,188.673,188.986,6223.0
2025-02-27 08:00:00,188.986,189.139,188.928,188.997,7291.0
2025-02-27 09:00:00,188.998,189.11,188.89,189.07,7077.0
2025-02-27 10:00:00,189.071,189.771,188.927,189.717,9453.0
2025-02-27 11:00:00,189.717,190.111,189.626,189.977,8462.0
2025-02-27 12:00:00,189.977,190.078,189.823,189.998,7273.0
2025-02-27 13:00:00,190.001,190.106,189.699,189.832,6961.0
2025-02-27 14:00:00,189.831,189.927,189.469,189.561,7085.0
2025-02-27 15:00:00,189.563,189.763,189.0,189.139,11732.0
2025-02-27 16:00:00,189.14,189.703,188.976,189.099,12691.0
2025-02-27 17:00:00,189.099,189.579,188.87,189.348,14572.0
2025-02-27 18:00:00,189.347,189.546,189.08,189.158,11451.0
2025-02-27 19:00:00,189.163,189.269,189.045,189.147,8281.0
2025-02-27 20:00:00,189.147,189.607,189.129,189.567,6972.0
2025-02-27 21:00:00,189.567,189.581,188.829,188.944,8316.0
2025-02-27 22:00:00,188.949,188.964,188.617,188.794,8004.0
2025-02-27 23:00:00,188.797,188.811,188.636,188.744,4011.0
2025-02-28 00:00:00,188.751,188.751,188.593,188.664,1500.0
2025-02-28 01:00:00,188.664,189.08,188.474,189.059,4370.0
2025-02-28 02:00:00,189.062,189.136,188.273,188.301,8470.0
2025-02-28 03:00:00,188.309,188.491,188.022,188.035,9036.0
2025-02-28 04:00:00,188.035,188.215,187.683,188.163,8076.0
2025-02-28 05:00:00,188.163,188.35,188.063,188.272,6190.0
2025-02-28 06:00:00,188.272,188.403,188.131,188.248,5083.0
2025-02-28 07:00:00,188.249,188.619,188.21,188.577,5800.0
2025-02-28 08:00:00,188.577,188.818,188.492,188.753,7020.0
2025-02-28 09:00:00,188.753,189.517,188.619,189.37,9174.0
2025-02-28 10:00:00,189.37,189.884,189.317,189.717,8272.0
2025-02-28 11:00:00,189.715,189.858,189.162,189.244,7932.0
2025-02-28 12:00:00,189.244,189.489,189.22,189.364,5678.0
2025-02-28 13:00:00,189.364,189.483,189.253,189.424,5410.0
2025-02-28 14:00:00,189.424,189.919,189.408,189.848,6806.0
2025-02-28 15:00:00,189.846,190.225,189.811,189.86,10836.0
2025-02-28 16:00:00,189.86,190.143,189.414,189.914,11958.0
2025-02-28 17:00:00,189.912,190.319,189.62,189.728,12688.0
2025-02-28 18:00:00,189.742,189.869,189.087,189.642,12152.0
2025-02-28 19:00:00,189.643,189.72,189.288,189.308,10037.0
2025-02-28 20:00:00,189.308,189.394,188.83,188.844,11364.0
2025-03-03 00:00:00,189.572,189.718,189.282,189.685,798.0
2025-03-03 01:00:00,189.685,190.315,189.685,190.055,5896.0
2025-03-03 02:00:00,190.056,190.191,189.679,189.726,9699.0
2025-03-03 03:00:00,189.726,190.051,189.543,189.643,8982.0
2025-03-03 04:00:00,189.643,189.748,189.5,189.619,6890.0
2025-03-03 05:00:00,189.618,189.675,189.297,189.613,7155.0
2025-03-03 06:00:00,189.612,189.717,189.468,189.479,5259.0
2025-03-03 07:00:00,189.478,189.753,189.474,189.596,5375.0
2025-03-03 08:00:00,189.596,189.651,189.386,189.545,6706.0
2025-03-03 09:00:00,189.545,189.588,189.211,189.235,8359.0
2025-03-03 10:00:00,189.236,189.36,188.824,189.009,9466.0
2025-03-03 11:00:00,189.01,189.899,188.942,189.864,7692.0
2025-03-03 12:00:00,189.866,190.806,189.866,190.761,9479.0
2025-03-03 13:00:00,190.758,191.477,190.694,191.433,8979.0
2025-03-03 14:00:00,191.433,191.981,191.337,191.882,9626.0
2025-03-03 15:00:00,191.882,191.935,191.349,191.424,9537.0
2025-03-03 16:00:00,191.424,191.556,191.063,191.109,10324.0
2025-03-03 17:00:00,191.098,191.098,190.548,190.782,13561.0
2025-03-03 18:00:00,190.782,191.03,190.639,190.851,10719.0
2025-03-03 19:00:00,190.851,191.138,190.782,190.977,8543.0
2025-03-03 20:00:00,190.977,191.06,190.716,190.822,9788.0
2025-03-03 21:00:00,190.822,191.017,190.53,190.681,8579.0
2025-03-03 22:00:00,190.684,190.689,189.092,189.725,13644.0
2025-03-03 23:00:00,189.726,190.06,189.709,189.875,5096.0
2025-03-04 00:00:00,189.867,189.994,189.727,189.931,1807.0
2025-03-04 01:00:00,189.931,190.055,189.439,189.64,5328.0
2025-03-04 02:00:00,189.64,189.955,189.081,189.42,9132.0
2025-03-04 03:00:00,189.421,189.552,188.795,189.106,10781.0
2025-03-04 04:00:00,189.104,189.616,188.982,189.436,8363.0
2025-03-04 05:00:00,189.435,189.525,189.113,189.254,8233.0
2025-03-04 06:00:00,189.255,189.376,188.964,189.33,7325.0
2025-03-04 07:00:00,189.331,189.712,189.12,189.643,8931.0
2025-03-04 08:00:00,189.648,189.904,189.431,189.88,8073.0
2025-03-04 09:00:00,189.88,189.938,189.241,189.737,11096.0
2025-03-04 10:00:00,189.735,190.122,189.134,189.632,13090.0
2025-03-04 11:00:00,189.635,189.774,189.204,189.665,8114.0
2025-03-04 12:00:00,189.663,189.663,189.107,189.312,10016.0
2025-03-04 13:00:00,189.312,189.373,188.747,189.03,9276.0
2025-03-04 14:00:00,189.03,189.03,188.718,188.943,10227.0
2025-03-04 15:00:00,188.944,189.186,188.544,188.557,11226.0
2025-03-04 16:00:00,188.557,189.122,188.51,188.648,14082.0
2025-03-04 17:00:00,188.651,188.984,188.245,188.649,14779.0
2025-03-04 18:00:00,188.648,189.486,188.443,189.364,13288.0
2025-03-04 19:00:00,189.362,189.731,189.338,189.555,11438.0
2025-03-04 20:00:00,189.552,190.533,189.506,190.472,12649.0
2025-03-04 21:00:00,190.469,191.007,190.459,190.942,10392.0
2025-03-04 22:00:00,190.941,191.354,190.533,190.619,11543.0
2025-03-04 23:00:00,190.619,191.776,190.564,191.656,8937.0
2025-03-05 00:00:00,191.56,191.56,191.375,191.46,1640.0
2025-03-05 01:00:00,191.46,191.908,191.386,191.716,4798.0
2025-03-05 02:00:00,191.712,191.74,191.242,191.725,9103.0
2025-03-05 03:00:00,191.725,192.093,191.528,191.623,10811.0
2025-03-05 04:00:00,191.624,191.658,191.241,191.337,8905.0
2025-03-05 05:00:00,191.334,191.827,191.184,191.763,8396.0
2025-03-05 06:00:00,191.763,191.774,191.448,191.591,6456.0
2025-03-05 07:00:00,191.591,191.753,191.484,191.571,6649.0
2025-03-05 08:00:00,191.57,191.63,191.294,191.553,7715.0
2025-03-05 09:00:00,191.556,191.875,191.399,191.606,10785.0
2025-03-05 10:00:00,191.607,192.321,191.388,191.655,11989.0
2025-03-05 11:00:00,191.655,191.926,191.495,191.734,9978.0
2025-03-05 12:00:00,191.734,192.002,191.499,191.634,8540.0
2025-03-05 13:00:00,191.635,191.879,191.386,191.581,8009.0
2025-03-05 14:00:00,191.581,191.841,191.467,191.558,9971.0
2025-03-05 15:00:00,191.563,191.854,190.876,191.082,13312.0
2025-03-05 16:00:00,191.082,191.296,190.893,190.946,13435.0
2025-03-05 17:00:00,190.941,191.879,190.941,191.611,15715.0
2025-03-05 18:00:00,191.609,191.609,190.917,191.401,14029.0
2025-03-05 19:00:00,191.392,191.784,191.208,191.728,11972.0
2025-03-05 20:00:00,191.728,191.99,191.489,191.98,12032.0
2025-03-05 21:00:00,191.979,192.233,191.879,191.893,9262.0
2025-03-05 22:00:00,191.893,192.066,191.836,192.066,7852.0
2025-03-05 23:00:00,192.065,192.114,191.914,191.985,5027.0
2025-03-06 00:00:00,191.958,191.958,191.724,191.827,3502.0
2025-03-06 01:00:00,191.827,192.023,191.713,191.907,3937.0
2025-03-06 02:00:00,191.907,192.544,191.866,192.298,7150.0
2025-03-06 03:00:00,192.298,192.532,192.182,192.28,7613.0
2025-03-06 04:00:00,192.28,192.436,192.135,192.422,7356.0
2025-03-06 05:00:00,192.422,192.435,192.183,192.311,6524.0
2025-03-06 06:00:00,192.311,192.531,192.195,192.474,5253.0
2025-03-06 07:00:00,192.474,192.492,192.158,192.162,6662.0
2025-03-06 08:00:00,192.162,192.181,191.882,191.92,7750.0
2025-03-06 09:00:00,191.92,191.959,191.425,191.527,11674.0
2025-03-06 10:00:00,191.525,191.568,190.955,191.055,12770.0
2025-03-06 11:00:00,191.053,191.053,190.272,190.426,11978.0
2025-03-06 12:00:00,190.426,190.704,190.141,190.356,9885.0
2025-03-06 13:00:00,190.357,190.611,190.216,190.399,9184.0
2025-03-06 14:00:00,190.398,190.599,190.156,190.215,9317.0
2025-03-06 15:00:00,190.216,190.344,189.883,190.127,13427.0
2025-03-06 16:00:00,190.129,190.571,189.923,190.402,15138.0
2025-03-06 17:00:00,190.401,191.194,190.302,191.086,15570.0
2025-03-06 18:00:00,191.086,191.509,190.675,190.716,14538.0
2025-03-06 19:00:00,190.717,190.898,190.349,190.633,12727.0
2025-03-06 20:00:00,190.635,190.81,190.306,190.448,10787.0
2025-03-06 21:00:00,190.448,190.769,190.159,190.434,10394.0
2025-03-06 22:00:00,190.433,190.61,190.296,190.351,10223.0
2025-03-06 23:00:00,190.35,190.666,190.35,190.613,4095.0
2025-03-07 00:00:00,190.549,190.586,190.224,190.542,1399.0
2025-03-07 01:00:00,190.542,190.87,190.456,190.866,4380.0
2025-03-07 02:00:00,190.863,190.872,190.223,190.605,7832.0
2025-03-07 03:00:00,190.605,190.788,190.469,190.555,8379.0
2025-03-07 04:00:00,190.555,190.661,190.127,190.188,6881.0
2025-03-07 05:00:00,190.188,190.267,190.008,190.23,6889.0
2025-03-07 06:00:00,190.23,190.326,190.033,190.29,6010.0
2025-03-07 07:00:00,190.293,190.395,189.985,189.989,6380.0
2025-03-07 08:00:00,189.989,190.324,189.927,190.227,7606.0
2025-03-07 09:00:00,190.226,190.665,190.209,190.536,9563.0
2025-03-07 10:00:00,190.536,190.857,190.212,190.371,11433.0
2025-03-07 11:00:00,190.368,190.883,190.293,190.769,9960.0
2025-03-07 12:00:00,190.769,190.85,190.52,190.65,8295.0
2025-03-07 13:00:00,190.65,190.861,190.516,190.816,7851.0
2025-03-07 14:00:00,190.816,190.882,190.574,190.75,9509.0
2025-03-07 15:00:00,190.75,191.043,189.875,189.966,13899.0
2025-03-07 16:00:00,189.966,190.85,189.805,190.585,14545.0
2025-03-07 17:00:00,190.588,191.038,189.93,190.643,14939.0
2025-03-07 18:00:00,190.647,190.752,189.83,190.022,13522.0
2025-03-07 19:00:00,190.022,190.633,189.663,190.369,12744.0
2025-03-07 20:00:00,190.368,191.063,190.355,191.059,11702.0
2025-03-10 00:00:00,191.078,191.09,190.602,190.604,1401.0
2025-03-10 01:00:00,190.604,191.026,190.604,190.712,6154.0
2025-03-10 02:00:00,190.712,190.987,190.626,190.863,6206.0
2025-03-10 03:00:00,190.863,190.958,190.504,190.572,8233.0
2025-03-10 04:00:00,190.57,190.782,190.301,190.592,7606.0
2025-03-10 05:00:00,190.592,190.742,190.402,190.59,6092.0
2025-03-10 06:00:00,190.59,190.782,190.52,190.631,5225.0
2025-03-10 07:00:00,190.631,190.698,190.529,190.56,4209.0
2025-03-10 08:00:00,190.56,190.791,190.486,190.492,5046.0
2025-03-10 09:00:00,190.497,190.82,190.47,190.753,6414.0
2025-03-10 10:00:00,190.753,190.914,190.206,190.297,8568.0
2025-03-10 11:00:00,190.306,190.393,189.466,189.543,10641.0
2025-03-10 12:00:00,189.545,190.249,189.47,190.061,9998.0
2025-03-10 13:00:00,190.065,190.205,189.798,189.83,9574.0
2025-03-10 14:00:00,189.83,190.2,189.555,190.125,10186.0
2025-03-10 15:00:00,190.127,190.201,189.804,190.15,9813.0
2025-03-10 16:00:00,190.15,190.425,189.893,190.103,12312.0
2025-03-10 17:00:00,190.1,190.1,189.309,189.586,14060.0
2025-03-10 18:00:00,189.584,190.116,189.56,189.901,12324.0
2025-03-10 19:00:00,189.901,190.03,189.663,189.886,10558.0
2025-03-10 20:00:00,189.886,189.959,189.526,189.543,9797.0
2025-03-10 21:00:00,189.543,189.757,189.387,189.489,9200.0
2025-03-10 22:00:00,189.489,189.855,189.182,189.674,10392.0
2025-03-10 23:00:00,189.676,189.756,189.492,189.636,4212.0
2025-03-11 00:00:00,189.596,189.603,189.424,189.448,992.0
2025-03-11 01:00:00,189.448,189.508,189.223,189.239,3981.0
2025-03-11 02:00:00,189.239,189.4,189.005,189.362,6285.0
2025-03-11 03:00:00,189.366,189.383,188.801,189.096,9359.0
2025-03-11 04:00:00,189.096,189.315,188.797,189.227,10076.0
2025-03-11 05:00:00,189.227,189.751,189.161,189.368,8910.0
2025-03-11 06:00:00,189.368,189.693,189.368,189.634,7506.0
2025-03-11 07:00:00,189.635,189.813,189.461,189.516,6292.0
2025-03-11 08:00:00,189.516,189.637,189.388,189.572,6047.0
2025-03-11 09:00:00,189.571,190.093,189.534,189.841,8217.0
2025-03-11 10:00:00,189.842,189.962,189.547,189.689,9921.0
2025-03-11 11:00:00,189.684,190.503,189.606,190.442,10834.0
2025-03-11 12:00:00,190.442,190.725,190.322,190.618,9057.0
2025-03-11 13:00:00,190.616,190.912,190.584,190.75,8307.0
2025-03-11 14:00:00,190.75,191.059,190.572,190.772,7951.0
2025-03-11 15:00:00,190.772,191.473,190.631,191.279,10359.0
2025-03-11 16:00:00,191.286,191.59,190.934,191.059,13196.0
2025-03-11 17:00:00,191.049,191.46,190.314,190.549,16833.0
2025-03-11 18:00:00,190.552,191.335,190.439,190.945,14576.0
2025-03-11 19:00:00,190.946,190.946,190.533,190.556,11653.0
2025-03-11 20:00:00,190.558,190.627,190.235,190.604,10506.0
2025-03-11 21:00:00,190.604,191.682,190.56,191.591,12773.0
2025-03-11 22:00:00,191.592,191.67,191.292,191.379,11475.0
2025-03-11 23:00:00,191.377,191.468,191.333,191.351,3894.0
2025-03-12 00:00:00,191.28,191.367,191.1,191.153,1473.0
2025-03-12 01:00:00,191.153,191.553,191.153,191.5,3427.0
2025-03-12 02:00:00,191.5,191.692,191.386,191.631,4097.0
2025-03-12 03:00:00,191.631,191.753,191.364,191.621,6958.0
2025-03-12 04:00:00,191.623,191.643,191.249,191.516,7091.0
2025-03-12 05:00:00,191.516,191.581,191.329,191.465,6096.0
2025-03-12 06:00:00,191.465,191.552,191.251,191.347,5345.0
2025-03-12 07:00:00,191.347,191.596,191.34,191.467,4796.0
2025-03-12 08:00:00,191.466,191.641,191.409,191.452,5080.0
2025-03-12 09:00:00,191.452,191.688,191.296,191.629,5831.0
2025-03-12 10:00:00,191.63,192.151,191.584,192.11,8221.0
2025-03-12 11:00:00,192.11,192.17,191.645,191.982,9651.0
2025-03-12 12:00:00,191.982,192.379,191.924,192.215,7133.0
2025-03-12 13:00:00,192.214,192.5,192.198,192.3,6185.0
2025-03-12 14:00:00,192.3,192.718,192.298,192.527,7012.0
2025-03-12 15:00:00,192.527,193.11,192.276,193.018,12446.0
2025-03-12 16:00:00,193.016,193.076,192.169,192.346,12572.0
2025-03-12 17:00:00,192.348,192.369,191.843,192.019,12053.0
2025-03-12 18:00:00,192.018,192.429,191.838,192.341,10522.0
2025-03-12 19:00:00,192.341,192.683,192.226,192.367,9514.0
2025-03-12 20:00:00,192.367,192.462,192.062,192.078,8869.0
2025-03-12 21:00:00,192.078,192.441,192.067,192.366,8137.0
2025-03-12 22:00:00,192.366,192.463,192.232,192.371,7790.0
2025-03-12 23:00:00,192.376,192.403,192.156,192.175,3238.0
2025-03-13 00:00:00,192.072,192.125,191.984,192.079,897.0
2025-03-13 01:00:00,192.079,192.268,192.007,192.19,2430.0
2025-03-13 02:00:00,192.19,192.256,191.983,192.252,3473.0
2025-03-13 03:00:00,192.252,192.347,192.039,192.054,5175.0
2025-03-13 04:00:00,192.056,192.314,192.033,192.059,6534.0
2025-03-13 05:00:00,192.059,192.259,192.052,192.182,5038.0
2025-03-13 06:00:00,192.182,192.208,191.81,191.833,5111.0
2025-03-13 07:00:00,191.833,191.911,191.564,191.644,4994.0
2025-03-13 08:00:00,191.644,191.689,191.371,191.432,6167.0
2025-03-13 09:00:00,191.432,191.529,191.172,191.407,6852.0
2025-03-13 10:00:00,191.407,191.574,191.322,191.431,8318.0
2025-03-13 11:00:00,191.429,191.676,191.161,191.526,10137.0
2025-03-13 12:00:00,191.528,192.012,191.374,191.994,7430.0
2025-03-13 13:00:00,191.996,192.087,191.804,191.951,7001.0
2025-03-13 14:00:00,191.951,192.0,191.25,191.384,8256.0
2025-03-13 15:00:00,191.382,191.847,191.198,191.674,11448.0
2025-03-13 16:00:00,191.674,191.841,191.459,191.616,11572.0
2025-03-13 17:00:00,191.613,191.936,191.477,191.601,11758.0
2025-03-13 18:00:00,191.602,191.678,191.004,191.184,11688.0
2025-03-13 19:00:00,191.184,191.352,190.989,191.076,10189.0
2025-03-13 20:00:00,191.076,191.153,190.745,191.041,9442.0
2025-03-13 21:00:00,191.041,191.41,191.018,191.357,7680.0
2025-03-13 22:00:00,191.357,191.41,191.084,191.186,7045.0
2025-03-13 23:00:00,191.187,191.488,191.184,191.413,3101.0
2025-03-14 00:00:00,191.312,191.355,191.227,191.24,861.0
2025-03-14 01:00:00,191.241,191.671,191.222,191.606,2823.0
2025-03-14 02:00:00,191.606,191.708,191.504,191.684,3163.0
2025-03-14 03:00:00,191.684,192.129,191.557,191.973,6530.0
2025-03-14 04:00:00,191.973,192.114,191.745,191.767,6712.0
2025-03-14 05:00:00,191.767,191.899,191.749,191.831,5127.0
2025-03-14 06:00:00,191.831,192.032,191.831,192.008,6152.0
2025-03-14 07:00:00,192.008,192.209,191.987,192.175,6226.0
2025-03-14 08:00:00,192.175,192.408,192.164,192.257,6441.0
2025-03-14 09:00:00,192.255,192.51,192.167,192.419,6149.0
2025-03-14 10:00:00,192.417,192.669,192.055,192.263,9112.0
2025-03-14 11:00:00,192.263,192.62,192.104,192.542,8674.0
2025-03-14 12:00:00,192.548,192.629,192.39,192.593,7517.0
2025-03-14 13:00:00,192.595,192.753,192.181,192.579,8774.0
2025-03-14 14:00:00,192.579,192.623,192.28,192.441,9108.0
2025-03-14 15:00:00,192.441,192.662,192.342,192.392,7766.0
2025-03-14 16:00:00,192.392,192.528,192.126,192.339,8653.0
2025-03-14 17:00:00,192.332,192.691,191.809,191.899,12276.0
2025-03-14 18:00:00,191.898,192.07,191.673,191.813,10172.0
2025-03-14 19:00:00,191.813,191.839,191.457,191.754,7580.0
2025-03-14 20:00:00,191.754,191.976,191.738,191.907,6327.0
2025-03-17 00:00:00,192.152,192.392,192.133,192.284,989.0
2025-03-17 01:00:00,192.287,192.404,192.113,192.116,4135.0
2025-03-17 02:00:00,192.117,192.305,191.968,192.102,3936.0
2025-03-17 03:00:00,192.102,192.507,191.996,192.387,5967.0
2025-03-17 04:00:00,192.387,192.522,192.253,192.285,5698.0
2025-03-17 05:00:00,192.285,192.369,192.153,192.285,4740.0
2025-03-17 06:00:00,192.288,192.484,192.182,192.394,3834.0
2025-03-17 07:00:00,192.394,192.813,192.393,192.785,4499.0
2025-03-17 08:00:00,192.786,192.793,192.545,192.698,4344.0
2025-03-17 09:00:00,192.697,192.853,192.488,192.605,5181.0
2025-03-17 10:00:00,192.604,192.756,192.442,192.537,6439.0
2025-03-17 11:00:00,192.538,192.815,192.369,192.743,7924.0
2025-03-17 12:00:00,192.743,192.791,192.473,192.564,6759.0
2025-03-17 13:00:00,192.566,192.773,192.407,192.625,6088.0
2025-03-17 14:00:00,192.627,192.738,192.471,192.565,5609.0
2025-03-17 15:00:00,192.565,193.191,192.358,193.044,9684.0
2025-03-17 16:00:00,193.044,193.483,192.951,193.178,10551.0
2025-03-17 17:00:00,193.178,193.207,192.787,192.917,11605.0
2025-03-17 18:00:00,192.915,193.025,192.766,192.899,9109.0
2025-03-17 19:00:00,192.9,193.226,192.844,193.214,6457.0
2025-03-17 20:00:00,193.214,193.584,193.134,193.549,5632.0
2025-03-17 21:00:00,193.549,193.931,193.514,193.881,5660.0
2025-03-17 22:00:00,193.882,193.966,193.766,193.776,4803.0
2025-03-17 23:00:00,193.776,193.925,193.602,193.815,3044.0
2025-03-18 00:00:00,193.803,193.828,193.619,193.624,924.0
2025-03-18 01:00:00,193.643,193.95,193.643,193.938,2448.0
2025-03-18 02:00:00,193.938,194.025,193.893,193.982,2748.0
2025-03-18 03:00:00,193.978,194.1,193.822,194.056,5443.0
2025-03-18 04:00:00,194.056,194.164,193.951,193.984,5250.0
2025-03-18 05:00:00,193.984,194.27,193.947,194.184,5193.0
2025-03-18 06:00:00,194.184,194.241,194.112,194.21,3582.0
2025-03-18 07:00:00,194.21,194.273,194.057,194.09,3451.0
2025-03-18 08:00:00,194.09,194.277,194.033,194.276,3755.0
2025-03-18 09:00:00,194.276,194.432,194.259,194.357,4905.0
2025-03-18 10:00:00,194.357,194.62,194.319,194.582,5393.0
2025-03-18 11:00:00,194.583,194.907,194.547,194.637,6640.0
2025-03-18 12:00:00,194.625,194.803,194.424,194.745,5645.0
2025-03-18 13:00:00,194.749,194.797,194.319,194.4,6767.0
2025-03-18 14:00:00,194.4,194.426,194.139,194.145,5994.0
2025-03-18 15:00:00,194.145,194.363,194.064,194.339,7648.0
2025-03-18 16:00:00,194.339,194.447,193.875,193.992,10274.0
2025-03-18 17:00:00,193.989,194.269,193.839,194.1,10679.0
2025-03-18 18:00:00,194.103,194.189,193.811,194.106,10102.0
2025-03-18 19:00:00,194.105,194.408,193.996,194.235,8027.0
2025-03-18 20:00:00,194.233,194.253,193.987,194.1,7833.0
2025-03-18 21:00:00,194.1,194.137,193.856,194.078,6043.0
2025-03-18 22:00:00,194.082,194.159,193.985,194.139,5544.0
2025-03-18 23:00:00,194.148,194.237,194.053,194.072,2616.0
2025-03-19 00:00:00,194.043,194.043,193.908,193.993,1154.0
2025-03-19 01:00:00,193.993,194.218,193.927,194.212,1896.0
2025-03-19 02:00:00,194.212,194.313,194.105,194.273,2537.0
2025-03-19 03:00:00,194.273,194.496,194.09,194.426,5352.0
2025-03-19 04:00:00,194.426,194.482,194.191,194.214,4495.0
2025-03-19 05:00:00,194.215,194.37,193.94,194.233,4315.0
2025-03-19 06:00:00,194.233,194.27,194.01,194.036,3132.0
2025-03-19 07:00:00,194.036,194.249,193.987,194.206,3309.0
2025-03-19 08:00:00,194.207,194.472,194.207,194.471,3915.0
2025-03-19 09:00:00,194.471,194.699,194.167,194.225,5805.0
2025-03-19 10:00:00,194.224,194.232,193.26,193.63,9810.0
2025-03-19 11:00:00,193.63,194.201,193.627,194.12,7623.0
2025-03-19 12:00:00,194.121,194.37,193.953,194.271,5461.0
2025-03-19 13:00:00,194.271,194.307,194.025,194.189,4994.0
2025-03-19 14:00:00,194.188,194.511,194.18,194.43,5523.0
2025-03-19 15:00:00,194.43,194.491,194.094,194.229,6248.0
2025-03-19 16:00:00,194.229,194.633,194.118,194.592,7765.0
2025-03-19 17:00:00,194.591,194.708,194.263,194.344,8023.0
2025-03-19 18:00:00,194.343,194.56,194.204,194.535,6708.0
2025-03-19 19:00:00,194.535,194.593,194.34,194.532,5203.0
2025-03-19 20:00:00,194.532,194.549,194.215,194.304,5726.0
2025-03-19 21:00:00,194.295,194.385,193.341,193.589,13227.0
2025-03-19 22:00:00,193.583,193.717,193.314,193.465,10771.0
2025-03-19 23:00:00,193.464,193.564,193.244,193.337,3721.0
2025-03-20 00:00:00,193.309,193.455,193.144,193.441,1197.0
2025-03-20 01:00:00,193.441,193.594,193.234,193.274,3227.0
2025-03-20 02:00:00,193.274,193.42,193.15,193.15,3214.0
2025-03-20 03:00:00,193.152,193.166,192.881,192.928,5232.0
2025-03-20 04:00:00,192.928,193.02,192.759,192.841,4815.0
2025-03-20 05:00:00,192.841,193.055,192.81,193.055,4769.0
2025-03-20 06:00:00,193.055,193.124,192.954,192.988,3639.0
2025-03-20 07:00:00,192.988,193.014,192.881,192.949,2755.0
2025-03-20 08:00:00,192.949,192.952,192.781,192.801,2790.0
2025-03-20 09:00:00,192.801,192.801,192.516,192.564,4252.0
2025-03-20 10:00:00,192.564,192.813,192.514,192.74,6405.0
2025-03-20 11:00:00,192.74,192.931,192.504,192.693,7153.0
2025-03-20 12:00:00,192.691,192.766,192.455,192.707,6825.0
2025-03-20 13:00:00,192.707,192.713,192.061,192.482,8313.0
2025-03-20 14:00:00,192.482,192.576,192.241,192.242,6326.0
2025-03-20 15:00:00,192.247,192.734,192.2,192.403,8467.0
2025-03-20 16:00:00,192.403,192.788,192.183,192.729,9181.0
2025-03-20 17:00:00,192.729,193.079,192.729,192.803,9920.0
2025-03-20 18:00:00,192.803,193.172,192.696,193.106,7777.0
2025-03-20 19:00:00,193.106,193.23,192.834,192.864,7767.0
2025-03-20 20:00:00,192.865,193.04,192.781,192.826,5938.0
2025-03-20 21:00:00,192.827,192.96,192.709,192.853,5283.0
2025-03-20 22:00:00,192.853,192.991,192.834,192.917,5031.0
2025-03-20 23:00:00,192.919,192.969,192.858,192.907,2425.0
2025-03-21 00:00:00,192.89,192.913,192.665,192.886,1077.0
2025-03-21 01:00:00,192.886,192.945,192.795,192.837,2469.0
2025-03-21 02:00:00,192.837,192.89,192.673,192.688,2668.0
2025-03-21 03:00:00,192.688,193.202,192.662,193.157,5931.0
2025-03-21 04:00:00,193.157,193.41,193.064,193.282,5143.0
2025-03-21 05:00:00,193.282,193.301,193.088,193.185,4017.0
2025-03-21 06:00:00,193.184,193.24,193.015,193.169,3744.0
2025-03-21 07:00:00,193.169,193.432,193.155,193.34,3538.0
2025-03-21 08:00:00,193.341,193.493,193.285,193.366,4297.0
2025-03-21 09:00:00,193.366,193.482,193.226,193.478,4679.0
2025-03-21 10:00:00,193.478,193.59,193.046,193.136,5932.0
2025-03-21 11:00:00,193.136,193.506,192.95,193.433,7598.0
2025-03-21 12:00:00,193.433,193.445,193.158,193.204,5487.0
2025-03-21 13:00:00,193.207,193.443,192.973,193.122,5697.0
2025-03-21 14:00:00,193.122,193.181,192.673,192.743,5582.0
2025-03-21 15:00:00,192.744,192.881,192.307,192.335,7690.0
2025-03-21 16:00:00,192.334,192.595,192.149,192.592,9973.0
2025-03-21 17:00:00,192.593,192.718,192.422,192.558,9599.0
2025-03-21 18:00:00,192.554,192.62,192.035,192.094,8195.0
2025-03-21 19:00:00,192.096,192.834,192.025,192.828,8670.0
2025-03-21 20:00:00,192.828,193.013,192.585,192.84,6447.0
2025-03-24 00:00:00,192.502,192.824,192.466,192.714,817.0
2025-03-24 01:00:00,192.714,193.242,192.714,193.17,3800.0
2025-03-24 02:00:00,193.17,193.489,193.074,193.445,3920.0
2025-03-24 03:00:00,193.445,193.715,193.266,193.67,5675.0
2025-03-24 04:00:00,193.67,193.755,193.588,193.631,5581.0
2025-03-24 05:00:00,193.631,193.683,193.593,193.649,4210.0
2025-03-24 06:00:00,193.649,193.787,193.39,193.457,4076.0
2025-03-24 07:00:00,193.457,193.498,193.371,193.457,3435.0
2025-03-24 08:00:00,193.457,193.545,193.357,193.451,4295.0
2025-03-24 09:00:00,193.451,193.774,193.437,193.71,4861.0
2025-03-24 10:00:00,193.71,193.989,193.636,193.76,5995.0
2025-03-24 11:00:00,193.76,194.018,193.633,193.808,7780.0
2025-03-24 12:00:00,193.808,194.028,193.554,193.851,6969.0
2025-03-24 13:00:00,193.851,194.018,193.804,193.979,5532.0
2025-03-24 14:00:00,193.978,194.013,193.839,193.842,4998.0
2025-03-24 15:00:00,193.842,194.013,193.805,193.929,6567.0
2025-03-24 16:00:00,193.929,194.127,193.66,194.087,8210.0
2025-03-24 17:00:00,194.082,194.547,194.033,194.52,9475.0
2025-03-24 18:00:00,194.52,194.694,194.348,194.627,8032.0
2025-03-24 19:00:00,194.63,194.734,194.181,194.296,6997.0
2025-03-24 20:00:00,194.299,194.451,194.176,194.446,5044.0
2025-03-24 21:00:00,194.446,194.694,194.304,194.598,5498.0
2025-03-24 22:00:00,194.598,194.669,194.548,194.653,4362.0
2025-03-24 23:00:00,194.653,194.777,194.641,194.732,2738.0
2025-03-25 00:00:00,194.731,194.731,194.578,194.639,1152.0
2025-03-25 01:00:00,194.639,194.778,194.639,194.748,2133.0
2025-03-25 02:00:00,194.748,194.926,194.668,194.852,3082.0
2025-03-25 03:00:00,194.852,195.006,194.827,194.966,5164.0
2025-03-25 04:00:00,194.966,194.966,194.606,194.686,5266.0
2025-03-25 05:00:00,194.686,194.725,194.553,194.696,3923.0
2025-03-25 06:00:00,194.697,194.747,194.554,194.677,3947.0
2025-03-25 07:00:00,194.675,194.734,194.555,194.578,3513.0
2025-03-25 08:00:00,194.575,194.585,194.396,194.4,3163.0
2025-03-25 09:00:00,194.4,194.53,194.306,194.432,3949.0
2025-03-25 10:00:00,194.432,194.625,194.385,194.523,5507.0
2025-03-25 11:00:00,194.523,194.645,194.337,194.497,7246.0
2025-03-25 12:00:00,194.494,194.653,194.372,194.599,6031.0
2025-03-25 13:00:00,194.601,194.666,194.416,194.534,6543.0
2025-03-25 14:00:00,194.536,194.573,194.314,194.367,5778.0
2025-03-25 15:00:00,194.369,194.456,194.125,194.281,5979.0
2025-03-25 16:00:00,194.284,194.291,193.9,193.904,7971.0
2025-03-25 17:00:00,193.85,194.016,193.681,193.864,9288.0
2025-03-25 18:00:00,193.865,193.998,193.635,193.912,7762.0
2025-03-25 19:00:00,193.912,194.068,193.886,194.068,5986.0
2025-03-25 20:00:00,194.067,194.236,194.019,194.07,4993.0
2025-03-25 21:00:00,194.056,194.056,193.892,193.988,3984.0
2025-03-25 22:00:00,193.988,194.121,193.971,194.019,4534.0
2025-03-25 23:00:00,194.023,194.081,193.992,194.036,2202.0
2025-03-26 00:00:00,194.022,194.049,193.878,194.005,1091.0
2025-03-26 01:00:00,194.005,194.15,194.005,194.093,2296.0
2025-03-26 02:00:00,194.093,194.149,194.011,194.099,2281.0
2025-03-26 03:00:00,194.099,194.285,193.957,194.228,5513.0
2025-03-26 04:00:00,194.228,194.418,194.076,194.254,5776.0
2025-03-26 05:00:00,194.254,194.523,194.212,194.499,3650.0
2025-03-26 06:00:00,194.499,194.646,194.477,194.6,4101.0
2025-03-26 07:00:00,194.6,194.723,194.581,194.723,3374.0
2025-03-26 08:00:00,194.723,194.79,194.573,194.584,3929.0
2025-03-26 09:00:00,194.583,194.787,194.544,194.688,4037.0
2025-03-26 10:00:00,194.676,194.676,194.107,194.174,7085.0
2025-03-26 11:00:00,194.177,194.201,193.471,193.759,7823.0
2025-03-26 12:00:00,193.76,193.89,193.528,193.784,6361.0
2025-03-26 13:00:00,193.786,193.907,193.629,193.848,4761.0
2025-03-26 14:00:00,193.849,193.921,193.698,193.722,4760.0
2025-03-26 15:00:00,193.723,193.987,193.577,193.901,8269.0
2025-03-26 16:00:00,193.905,194.104,193.694,193.769,9385.0
2025-03-26 17:00:00,193.769,194.248,193.724,194.177,8514.0
2025-03-26 18:00:00,194.177,194.375,193.918,194.171,7341.0
2025-03-26 19:00:00,194.173,194.253,193.837,194.177,7344.0
2025-03-26 20:00:00,194.177,194.352,193.643,193.801,8398.0
2025-03-26 21:00:00,193.801,194.071,193.764,193.859,5397.0
2025-03-26 22:00:00,193.859,194.104,193.82,194.062,3766.0
2025-03-26 23:00:00,194.063,194.099,194.001,194.084,2440.0
2025-03-27 00:00:00,194.065,194.065,193.747,193.759,251.0
2025-03-27 01:00:00,193.759,193.941,193.52,193.524,4737.0
2025-03-27 02:00:00,193.524,193.779,193.5,193.766,3997.0
2025-03-27 03:00:00,193.767,194.039,193.71,193.958,5357.0
2025-03-27 04:00:00,193.958,193.958,193.551,193.666,5847.0
2025-03-27 05:00:00,193.667,194.028,193.666,193.916,5058.0
2025-03-27 06:00:00,193.916,193.957,193.736,193.865,4033.0
2025-03-27 07:00:00,193.865,194.085,193.853,194.07,3515.0
2025-03-27 08:00:00,194.07,194.197,193.924,193.994,4001.0
2025-03-27 09:00:00,193.994,194.501,193.978,194.32,5406.0
2025-03-27 10:00:00,194.319,194.388,193.969,194.374,8187.0
2025-03-27 11:00:00,194.375,194.666,194.197,194.662,8914.0
2025-03-27 12:00:00,194.661,194.997,194.619,194.996,6857.0
2025-03-27 13:00:00,194.998,195.226,194.895,195.19,6045.0
2025-03-27 14:00:00,195.19,195.326,195.121,195.286,5864.0
2025-03-27 15:00:00,195.285,195.579,195.095,195.118,8102.0
2025-03-27 16:00:00,195.119,195.205,194.822,195.059,10215.0
2025-03-27 17:00:00,195.055,195.582,194.882,195.512,11185.0
2025-03-27 18:00:00,195.511,195.925,195.381,195.701,10667.0
2025-03-27 19:00:00,195.7,195.913,195.61,195.663,8199.0
2025-03-27 20:00:00,195.663,195.98,195.595,195.635,7620.0
2025-03-27 21:00:00,195.635,195.797,195.619,195.687,5646.0
2025-03-27 22:00:00,195.687,195.795,195.558,195.589,4532.0
2025-03-27 23:00:00,195.584,195.622,195.561,195.574,1668.0
2025-03-28 00:00:00,195.569,195.62,195.432,195.555,426.0
2025-03-28 01:00:00,195.555,195.617,195.494,195.548,1792.0
2025-03-28 02:00:00,195.548,195.566,195.247,195.371,3523.0
2025-03-28 03:00:00,195.369,195.724,195.302,195.473,6619.0
2025-03-28 04:00:00,195.472,195.498,195.125,195.174,6193.0
2025-03-28 05:00:00,195.174,195.348,195.14,195.305,5301.0
2025-03-28 06:00:00,195.303,195.337,195.15,195.236,3654.0
2025-03-28 07:00:00,195.235,195.388,195.144,195.25,3432.0
2025-03-28 08:00:00,195.25,195.324,195.084,195.114,3792.0
2025-03-28 09:00:00,195.114,195.196,194.897,194.921,3825.0
2025-03-28 10:00:00,194.896,195.159,194.738,194.774,6913.0
2025-03-28 11:00:00,194.774,194.999,194.639,194.889,7919.0
2025-03-28 12:00:00,194.889,195.195,194.826,195.021,6053.0
2025-03-28 13:00:00,195.021,195.111,194.914,194.965,5340.0
2025-03-28 14:00:00,194.965,195.073,194.913,194.984,5728.0
2025-03-28 15:00:00,194.984,195.133,194.8,194.99,9140.0
2025-03-28 16:00:00,194.989,195.311,194.802,194.897,12074.0
2025-03-28 17:00:00,194.885,194.921,194.236,194.348,11964.0
2025-03-28 18:00:00,194.349,194.769,194.284,194.457,9941.0
2025-03-28 19:00:00,194.457,194.576,194.178,194.268,7525.0
2025-03-28 20:00:00,194.267,194.285,193.866,194.087,6021.0
2025-03-31 00:00:00,193.675,193.765,193.478,193.485,1075.0
2025-03-31 01:00:00,193.485,193.556,193.223,193.306,4268.0
2025-03-31 02:00:00,193.306,193.585,193.077,193.576,6445.0
2025-03-31 03:00:00,193.573,193.694,193.035,193.48,9726.0
2025-03-31 04:00:00,193.481,193.611,193.209,193.304,8383.0
2025-03-31 05:00:00,193.306,193.335,192.893,193.02,6785.0
2025-03-31 06:00:00,193.02,193.059,192.741,192.966,5295.0
2025-03-31 07:00:00,192.965,193.257,192.881,193.162,4899.0
2025-03-31 08:00:00,193.162,193.412,193.0,193.1,5430.0
2025-03-31 09:00:00,193.1,193.251,192.855,193.194,7936.0
2025-03-31 10:00:00,193.194,193.363,192.756,193.239,10921.0
2025-03-31 11:00:00,193.239,193.358,192.846,192.945,8986.0
2025-03-31 12:00:00,192.945,193.128,192.802,192.88,6892.0
2025-03-31 13:00:00,192.88,193.309,192.771,193.198,6102.0
2025-03-31 14:00:00,193.198,193.564,193.054,193.483,7015.0
2025-03-31 15:00:00,193.483,193.617,193.336,193.471,7524.0
2025-03-31 16:00:00,193.472,193.674,193.297,193.52,10053.0
2025-03-31 17:00:00,193.522,193.679,192.944,193.023,13074.0
2025-03-31 18:00:00,193.023,193.575,192.917,193.246,10330.0
2025-03-31 19:00:00,193.247,193.667,193.179,193.474,7051.0
2025-03-31 20:00:00,193.466,193.804,193.442,193.649,5922.0
2025-03-31 21:00:00,193.649,193.999,193.632,193.818,5749.0
2025-03-31 22:00:00,193.819,193.919,193.674,193.732,6141.0
2025-03-31 23:00:00,193.729,193.77,193.664,193.703,3179.0
2025-04-01 00:00:00,193.708,193.708,193.56,193.622,2035.0
2025-04-01 01:00:00,193.63,193.758,193.566,193.65,2172.0
2025-04-01 02:00:00,193.647,193.933,193.634,193.718,3838.0
2025-04-01 03:00:00,193.719,193.816,193.466,193.55,7503.0
2025-04-01 04:00:00,193.55,193.684,193.385,193.604,5920.0
2025-04-01 05:00:00,193.602,193.783,193.542,193.764,4671.0
2025-04-01 06:00:00,193.763,193.839,193.558,193.558,4218.0
2025-04-01 07:00:00,193.558,193.597,193.461,193.492,4206.0
2025-04-01 08:00:00,193.492,193.758,193.455,193.575,5481.0
2025-04-01 09:00:00,193.575,193.916,193.415,193.76,6488.0
2025-04-01 10:00:00,193.761,193.761,193.059,193.138,8763.0
2025-04-01 11:00:00,193.138,193.511,193.007,193.457,5558.0
2025-04-01 12:00:00,193.457,193.68,193.379,193.531,5595.0
2025-04-01 13:00:00,193.531,193.565,192.829,192.843,8507.0
2025-04-01 14:00:00,192.843,192.918,192.301,192.332,8518.0
2025-04-01 15:00:00,192.329,192.631,192.303,192.559,7276.0
2025-04-01 16:00:00,192.559,192.878,192.522,192.594,9585.0
2025-04-01 17:00:00,192.56,192.96,192.211,192.897,13377.0
2025-04-01 18:00:00,192.898,193.218,192.796,193.047,11566.0
2025-04-01 19:00:00,193.046,193.481,192.99,193.271,9219.0
2025-04-01 20:00:00,193.271,193.364,193.078,193.137,6819.0
2025-04-01 21:00:00,193.137,193.153,192.785,192.877,6460.0
2025-04-01 22:00:00,192.873,193.324,192.872,193.321,6114.0
2025-04-01 23:00:00,193.322,193.396,193.177,193.346,2166.0
2025-04-02 00:00:00,193.329,193.362,193.164,193.362,557.0
2025-04-02 01:00:00,193.362,193.784,193.352,193.691,3377.0
2025-04-02 02:00:00,193.691,193.692,193.498,193.503,3849.0
2025-04-02 03:00:00,193.503,193.568,193.353,193.394,7483.0
2025-04-02 04:00:00,193.394,193.66,193.363,193.612,5738.0
2025-04-02 05:00:00,193.612,193.763,193.514,193.561,4228.0
2025-04-02 06:00:00,193.561,193.586,193.456,193.496,2945.0
2025-04-02 07:00:00,193.496,193.687,193.462,193.651,2711.0
2025-04-02 08:00:00,193.651,193.663,193.503,193.58,3174.0
2025-04-02 09:00:00,193.58,193.743,193.353,193.414,5528.0
2025-04-02 10:00:00,193.406,193.491,193.094,193.272,7413.0
2025-04-02 11:00:00,193.276,193.414,193.09,193.366,5802.0
2025-04-02 12:00:00,193.366,193.656,193.214,193.491,5532.0
2025-04-02 13:00:00,193.491,193.505,193.111,193.292,6859.0
2025-04-02 14:00:00,193.292,193.325,193.074,193.211,5512.0
2025-04-02 15:00:00,193.211,193.374,192.984,193.085,7079.0
2025-04-02 16:00:00,193.085,193.619,193.002,193.437,9181.0
2025-04-02 17:00:00,193.434,194.136,193.424,194.1,11403.0
2025-04-02 18:00:00,194.1,194.627,193.991,194.587,9935.0
2025-04-02 19:00:00,194.587,194.836,194.534,194.807,8260.0
2025-04-02 20:00:00,194.806,194.925,194.69,194.736,6730.0
2025-04-02 21:00:00,194.736,194.83,194.568,194.587,7490.0
2025-04-02 22:00:00,194.587,194.886,194.587,194.757,6690.0
2025-04-02 23:00:00,194.757,195.77,193.639,194.116,14304.0
2025-04-03 00:00:00,194.021,194.07,192.948,193.193,2095.0
2025-04-03 01:00:00,193.193,193.234,192.295,193.042,9597.0
2025-04-03 02:00:00,193.042,193.228,192.714,192.919,11238.0
2025-04-03 03:00:00,192.915,193.271,192.69,192.844,14268.0
2025-04-03 04:00:00,192.844,193.205,192.737,192.894,11257.0
2025-04-03 05:00:00,192.894,193.06,192.666,193.042,7974.0
2025-04-03 06:00:00,193.042,193.044,192.335,192.5,6190.0
2025-04-03 07:00:00,192.5,192.716,192.325,192.685,5479.0
2025-04-03 08:00:00,192.684,192.859,192.435,192.452,7517.0
2025-04-03 09:00:00,192.452,193.05,192.38,192.629,12635.0
2025-04-03 10:00:00,192.642,193.47,192.574,193.452,11927.0
2025-04-03 11:00:00,193.451,193.669,193.156,193.242,9918.0
2025-04-03 12:00:00,193.242,193.273,192.731,193.011,10255.0
2025-04-03 13:00:00,193.011,193.321,192.87,192.894,12213.0
2025-04-03 14:00:00,192.896,193.046,192.394,192.403,10428.0
2025-04-03 15:00:00,192.403,192.763,191.905,191.963,12676.0
2025-04-03 16:00:00,191.963,192.285,191.391,191.398,15353.0
2025-04-03 17:00:00,191.393,191.952,191.133,191.506,14561.0
2025-04-03 18:00:00,191.508,191.732,191.243,191.475,13351.0
2025-04-03 19:00:00,191.474,191.972,191.441,191.537,12459.0
2025-04-03 20:00:00,191.532,191.672,191.274,191.354,11092.0
2025-04-03 21:00:00,191.354,191.884,191.147,191.736,9315.0
2025-04-03 22:00:00,191.746,191.849,191.285,191.322,10126.0
2025-04-03 23:00:00,191.322,191.433,191.17,191.333,4547.0
2025-04-04 00:00:00,191.31,191.31,191.033,191.151,2098.0
2025-04-04 01:00:00,191.151,191.282,190.684,190.854,5625.0
2025-04-04 02:00:00,190.854,191.451,190.829,191.439,7821.0
2025-04-04 03:00:00,191.439,191.626,191.073,191.226,11267.0
2025-04-04 04:00:00,191.227,191.756,191.218,191.387,9937.0
2025-04-04 05:00:00,191.382,191.601,191.188,191.205,8119.0
2025-04-04 06:00:00,191.205,191.227,190.803,190.881,8023.0
2025-04-04 07:00:00,190.881,191.089,190.384,190.47,7900.0
2025-04-04 08:00:00,190.471,191.07,190.334,191.05,8489.0
2025-04-04 09:00:00,191.05,191.159,190.627,190.631,11697.0
2025-04-04 10:00:00,190.633,190.795,190.142,190.265,13901.0
2025-04-04 11:00:00,190.272,190.425,189.931,190.079,12804.0
2025-04-04 12:00:00,190.081,190.267,189.649,190.053,11855.0
2025-04-04 13:00:00,190.052,190.175,188.537,188.703,17389.0
2025-04-04 14:00:00,188.685,189.356,188.001,189.315,17194.0
2025-04-04 15:00:00,189.316,189.731,188.856,189.3,17184.0
2025-04-04 16:00:00,189.3,189.701,188.752,189.137,15945.0
2025-04-04 17:00:00,189.133,189.25,187.529,188.3,16190.0
2025-04-04 18:00:00,188.289,189.275,188.241,188.626,17853.0
2025-04-04 19:00:00,188.626,189.255,188.433,189.191,13402.0
2025-04-04 20:00:00,189.191,190.04,188.812,189.987,13107.0
2025-04-07 00:00:00,186.786,187.296,186.467,186.919,2683.0
2025-04-07 01:00:00,186.917,187.596,186.097,186.949,16350.0
2025-04-07 02:00:00,186.947,187.894,186.715,187.728,14503.0
2025-04-07 03:00:00,187.734,188.294,187.343,188.24,15404.0
2025-04-07 04:00:00,188.238,188.78,188.064,188.368,14234.0
2025-04-07 05:00:00,188.369,188.756,188.183,188.55,11860.0
2025-04-07 06:00:00,188.55,188.649,188.285,188.504,7838.0
2025-04-07 07:00:00,188.504,188.774,188.038,188.214,8070.0
2025-04-07 08:00:00,188.211,188.831,188.129,188.373,10190.0
2025-04-07 09:00:00,188.374,188.566,187.119,187.574,15260.0
2025-04-07 10:00:00,187.575,188.057,187.378,187.989,17069.0
2025-04-07 11:00:00,187.991,188.504,187.911,188.197,15721.0
2025-04-07 12:00:00,188.197,188.34,187.39,187.445,14022.0
2025-04-07 13:00:00,187.446,188.455,187.428,187.545,14119.0
2025-04-07 14:00:00,187.537,187.807,187.219,187.725,14188.0
2025-04-07 15:00:00,187.738,188.95,187.506,188.68,15558.0
2025-04-07 16:00:00,188.678,188.678,187.584,188.241,15090.0
2025-04-07 17:00:00,188.249,190.086,187.931,188.217,19002.0
2025-04-07 18:00:00,188.221,188.653,187.655,188.287,18078.0
2025-04-07 19:00:00,188.288,188.465,188.005,188.331,14216.0
2025-04-07 20:00:00,188.332,189.084,188.327,188.872,13999.0
2025-04-07 21:00:00,188.872,188.934,188.318,188.474,12720.0
2025-04-07 22:00:00,188.471,188.555,187.944,188.113,13482.0
2025-04-07 23:00:00,188.134,188.392,187.94,188.033,6821.0
2025-04-08 00:00:00,187.9,188.106,187.852,187.882,1058.0
2025-04-08 01:00:00,187.923,188.531,187.921,188.349,4979.0
2025-04-08 02:00:00,188.346,188.535,188.122,188.185,7235.0
2025-04-08 03:00:00,188.182,188.541,188.019,188.229,12789.0
2025-04-08 04:00:00,188.224,188.588,188.071,188.482,13403.0
2025-04-08 05:00:00,188.485,188.535,188.301,188.353,7537.0
2025-04-08 06:00:00,188.353,188.625,188.25,188.58,7156.0
2025-04-08 07:00:00,188.579,188.93,188.573,188.925,6819.0
2025-04-08 08:00:00,188.925,188.951,188.489,188.661,8352.0
2025-04-08 09:00:00,188.662,188.741,188.243,188.253,11684.0
2025-04-08 10:00:00,188.253,188.253,187.552,187.929,13243.0
2025-04-08 11:00:00,187.927,188.088,187.516,188.007,11809.0
2025-04-08 12:00:00,188.01,188.049,187.434,187.589,10918.0
2025-04-08 13:00:00,187.591,187.805,187.243,187.293,9919.0
2025-04-08 14:00:00,187.293,187.927,187.269,187.723,12988.0
2025-04-08 15:00:00,187.726,187.865,187.45,187.58,13075.0
2025-04-08 16:00:00,187.577,188.462,187.368,188.444,15591.0
2025-04-08 17:00:00,188.453,188.749,187.761,187.945,16096.0
2025-04-08 18:00:00,187.947,188.057,187.3,187.723,14611.0
2025-04-08 19:00:00,187.725,187.758,187.126,187.159,14956.0
2025-04-08 20:00:00,187.162,187.473,186.903,187.457,16176.0
2025-04-08 21:00:00,187.456,187.878,187.108,187.22,15758.0
2025-04-08 22:00:00,187.222,187.311,186.546,186.855,15474.0
2025-04-08 23:00:00,186.852,187.054,186.697,186.713,6609.0
2025-04-09 00:00:00,186.718,186.769,186.388,186.708,2630.0
2025-04-09 01:00:00,186.705,186.839,186.492,186.53,7495.0
2025-04-09 02:00:00,186.532,186.561,186.129,186.487,9272.0
2025-04-09 03:00:00,186.487,186.582,185.709,186.342,14493.0
2025-04-09 04:00:00,186.342,186.964,186.3,186.792,13363.0
2025-04-09 05:00:00,186.787,187.156,186.666,186.73,11685.0
2025-04-09 06:00:00,186.73,186.907,186.198,186.274,10580.0
2025-04-09 07:00:00,186.274,186.499,185.795,186.332,15281.0
2025-04-09 08:00:00,186.325,186.669,186.166,186.287,14324.0
2025-04-09 09:00:00,186.287,186.714,185.84,185.942,14950.0
2025-04-09 10:00:00,185.937,186.427,185.575,186.271,15515.0
2025-04-09 11:00:00,186.277,186.499,186.015,186.344,13120.0
2025-04-09 12:00:00,186.344,186.675,186.107,186.39,9866.0
2025-04-09 13:00:00,186.388,186.496,185.74,186.184,10277.0
2025-04-09 14:00:00,186.201,186.207,184.768,184.775,15354.0
2025-04-09 15:00:00,184.774,185.1,184.406,184.779,14379.0
2025-04-09 16:00:00,184.779,185.494,184.63,185.146,14770.0
2025-04-09 17:00:00,185.149,185.285,184.375,184.635,14654.0
2025-04-09 18:00:00,184.637,185.336,184.637,185.279,11471.0
2025-04-09 19:00:00,185.28,185.47,184.934,185.008,9681.0
2025-04-09 20:00:00,185.009,188.194,184.469,187.982,17522.0
2025-04-09 21:00:00,188.005,189.819,188.005,188.767,17067.0
2025-04-09 22:00:00,188.774,189.822,188.77,189.411,12628.0
2025-04-09 23:00:00,189.429,189.649,189.213,189.41,8149.0
2025-04-10 00:00:00,189.414,189.448,188.753,188.819,2085.0
2025-04-10 01:00:00,188.82,189.17,188.802,189.02,8508.0
2025-04-10 02:00:00,189.021,189.259,188.938,189.043,8182.0
2025-04-10 03:00:00,189.043,189.158,188.393,188.454,10603.0
2025-04-10 04:00:00,188.454,188.706,188.215,188.509,10784.0
2025-04-10 05:00:00,188.51,188.592,188.254,188.398,10277.0
2025-04-10 06:00:00,188.398,188.706,188.32,188.635,8328.0
2025-04-10 07:00:00,188.633,188.666,188.298,188.537,7509.0
2025-04-10 08:00:00,188.537,188.719,188.432,188.522,7737.0
2025-04-10 09:00:00,188.522,189.423,188.522,189.216,12318.0
2025-04-10 10:00:00,189.216,189.229,188.323,188.352,13898.0
2025-04-10 11:00:00,188.347,188.56,188.107,188.291,12975.0
2025-04-10 12:00:00,188.291,188.369,187.937,188.234,10904.0
2025-04-10 13:00:00,188.232,188.315,187.876,187.964,10991.0
2025-04-10 14:00:00,187.964,188.272,187.862,188.188,9895.0
2025-04-10 15:00:00,188.191,188.22,187.592,187.998,13802.0
2025-04-10 16:00:00,187.998,188.035,187.057,187.152,15542.0
2025-04-10 17:00:00,187.153,187.527,186.918,187.486,15586.0
2025-04-10 18:00:00,187.487,187.555,186.642,186.764,14565.0
2025-04-10 19:00:00,186.76,187.307,186.36,187.232,12844.0
2025-04-10 20:00:00,187.231,187.909,186.924,187.819,13685.0
2025-04-10 21:00:00,187.818,187.934,187.494,187.686,12986.0
2025-04-10 22:00:00,187.687,187.918,187.258,187.637,12945.0
2025-04-10 23:00:00,187.607,187.736,187.31,187.338,5642.0
2025-04-11 00:00:00,187.21,187.476,187.21,187.314,1140.0
2025-04-11 01:00:00,187.315,187.435,186.923,187.118,7063.0
2025-04-11 02:00:00,187.121,187.124,186.622,186.754,11224.0
2025-04-11 03:00:00,186.756,186.785,186.072,186.595,15110.0
2025-04-11 04:00:00,186.595,186.929,186.395,186.732,14008.0
2025-04-11 05:00:00,186.731,187.057,186.491,186.858,10382.0
2025-04-11 06:00:00,186.86,187.004,186.642,186.654,9126.0
2025-04-11 07:00:00,186.657,186.661,186.025,186.104,8730.0
2025-04-11 08:00:00,186.104,186.911,186.104,186.741,12042.0
2025-04-11 09:00:00,186.716,187.399,186.631,187.319,13508.0
2025-04-11 10:00:00,187.321,187.484,186.578,186.641,12846.0
2025-04-11 11:00:00,186.65,186.845,186.251,186.681,14612.0
2025-04-11 12:00:00,186.678,187.065,186.164,187.024,12078.0
2025-04-11 13:00:00,187.023,187.181,186.569,186.941,11062.0
2025-04-11 14:00:00,186.941,187.013,186.536,186.637,9010.0
2025-04-11 15:00:00,186.637,187.233,186.628,187.025,13085.0
2025-04-11 16:00:00,187.024,187.697,186.64,187.298,15015.0
2025-04-11 17:00:00,187.312,187.541,186.894,187.43,14459.0
2025-04-11 18:00:00,187.426,187.627,187.028,187.329,12290.0
2025-04-11 19:00:00,187.332,187.816,187.275,187.653,10362.0
2025-04-11 20:00:00,187.653,188.18,187.629,188.095,11257.0
2025-04-14 00:00:00,188.289,188.485,187.852,188.166,1028.0
2025-04-14 01:00:00,188.166,188.324,187.783,187.9,8562.0
2025-04-14 02:00:00,187.9,188.211,187.811,188.003,7202.0
2025-04-14 03:00:00,188.001,188.09,187.167,187.167,10878.0
2025-04-14 04:00:00,187.168,187.31,186.58,187.003,10716.0
2025-04-14 05:00:00,187.003,187.402,186.952,187.37,7839.0
2025-04-14 06:00:00,187.369,187.594,187.114,187.455,6569.0
2025-04-14 07:00:00,187.455,187.643,187.14,187.444,5451.0
2025-04-14 08:00:00,187.444,187.661,187.277,187.374,7218.0
2025-04-14 09:00:00,187.379,187.709,187.273,187.547,11389.0
2025-04-14 10:00:00,187.546,188.396,187.205,188.377,10437.0
2025-04-14 11:00:00,188.377,188.652,188.207,188.232,9129.0
2025-04-14 12:00:00,188.232,188.606,188.186,188.547,8670.0
2025-04-14 13:00:00,188.546,188.876,188.44,188.863,7797.0
2025-04-14 14:00:00,188.862,189.004,188.655,188.73,7430.0
2025-04-14 15:00:00,188.73,188.953,188.628,188.868,9646.0
2025-04-14 16:00:00,188.869,189.202,188.713,188.985,13315.0
2025-04-14 17:00:00,188.985,189.207,188.777,188.955,11043.0
2025-04-14 18:00:00,188.955,189.001,188.333,188.347,10947.0
2025-04-14 19:00:00,188.347,188.661,188.143,188.564,11063.0
2025-04-14 20:00:00,188.567,188.773,188.372,188.598,9150.0
2025-04-14 21:00:00,188.598,188.783,188.5,188.572,6423.0
2025-04-14 22:00:00,188.572,188.782,188.532,188.654,4584.0
2025-04-14 23:00:00,188.653,188.821,188.566,188.608,3196.0
2025-04-15 00:00:00,188.532,188.557,188.386,188.41,1188.0
2025-04-15 01:00:00,188.407,188.743,188.407,188.623,2390.0
2025-04-15 02:00:00,188.623,188.806,188.516,188.645,5748.0
2025-04-15 03:00:00,188.645,189.126,188.621,189.046,7119.0
2025-04-15 04:00:00,189.046,189.117,188.855,188.942,5845.0
2025-04-15 05:00:00,188.924,188.979,188.724,188.852,4956.0
2025-04-15 06:00:00,188.863,188.949,188.713,188.894,3403.0
2025-04-15 07:00:00,188.894,189.097,188.885,188.972,4320.0
2025-04-15 08:00:00,188.973,189.123,188.848,188.9,5220.0
2025-04-15 09:00:00,188.878,189.191,188.546,189.139,8768.0
2025-04-15 10:00:00,189.139,189.559,189.094,189.501,8772.0
2025-04-15 11:00:00,189.499,189.524,188.952,189.068,9013.0
2025-04-15 12:00:00,189.068,189.221,188.86,189.211,7041.0
2025-04-15 13:00:00,189.211,189.349,189.107,189.133,6328.0
2025-04-15 14:00:00,189.133,189.323,188.944,189.078,8078.0
2025-04-15 15:00:00,189.077,189.172,188.644,188.935,9194.0
2025-04-15 16:00:00,188.936,189.253,188.884,189.212,10920.0
2025-04-15 17:00:00,189.21,189.337,188.792,189.035,13406.0
2025-04-15 18:00:00,189.034,189.344,188.937,189.18,10275.0
2025-04-15 19:00:00,189.18,189.352,189.012,189.059,7153.0
2025-04-15 20:00:00,189.059,189.308,189.029,189.174,6621.0
2025-04-15 21:00:00,189.174,189.24,189.085,189.208,5778.0
2025-04-15 22:00:00,189.208,189.424,189.186,189.388,4230.0
2025-04-15 23:00:00,189.388,189.577,189.344,189.526,2750.0
2025-04-16 00:00:00,189.373,189.388,189.098,189.201,1457.0
2025-04-16 01:00:00,189.201,189.309,189.081,189.266,4305.0
2025-04-16 02:00:00,189.265,189.43,189.239,189.331,4518.0
2025-04-16 03:00:00,189.331,189.355,189.077,189.197,6693.0
2025-04-16 04:00:00,189.199,189.362,189.057,189.139,5208.0
2025-04-16 05:00:00,189.133,189.161,188.961,188.996,4339.0
2025-04-16 06:00:00,188.996,189.039,188.837,188.948,4825.0
2025-04-16 07:00:00,188.946,189.138,188.865,189.103,4895.0
2025-04-16 08:00:00,189.103,189.129,188.585,188.73,7611.0
2025-04-16 09:00:00,188.73,189.041,188.595,188.796,8321.0
2025-04-16 10:00:00,188.796,188.925,188.544,188.674,8695.0
2025-04-16 11:00:00,188.673,189.65,188.65,189.444,11793.0
2025-04-16 12:00:00,189.444,189.575,189.28,189.431,9033.0
2025-04-16 13:00:00,189.43,189.484,189.171,189.327,7103.0
2025-04-16 14:00:00,189.322,189.331,189.186,189.252,6140.0
2025-04-16 15:00:00,189.252,189.312,188.797,189.061,8641.0
2025-04-16 16:00:00,189.061,189.13,188.806,188.821,8926.0
2025-04-16 17:00:00,188.813,188.98,188.607,188.846,10403.0
2025-04-16 18:00:00,188.847,188.962,188.714,188.754,8572.0
2025-04-16 19:00:00,188.753,188.772,188.522,188.567,5800.0
2025-04-16 20:00:00,188.567,188.634,188.048,188.069,8341.0
2025-04-16 21:00:00,188.07,188.198,187.84,187.919,8877.0
2025-04-16 22:00:00,187.919,188.051,187.569,188.038,8384.0
2025-04-16 23:00:00,188.038,188.083,187.66,187.716,3736.0
2025-04-17 00:00:00,187.725,187.771,187.475,187.654,2255.0
2025-04-17 01:00:00,187.654,187.867,187.572,187.707,2125.0
2025-04-17 02:00:00,187.707,187.852,187.46,187.765,4677.0
2025-04-17 03:00:00,187.763,188.384,187.668,188.346,9007.0
2025-04-17 04:00:00,188.346,188.646,188.231,188.548,7030.0
2025-04-17 05:00:00,188.548,188.62,188.32,188.498,4828.0
2025-04-17 06:00:00,188.499,188.532,188.347,188.397,3570.0
2025-04-17 07:00:00,188.397,188.472,188.363,188.422,3055.0
2025-04-17 08:00:00,188.422,188.62,188.312,188.513,5274.0
2025-04-17 09:00:00,188.515,188.799,188.454,188.764,6959.0
2025-04-17 10:00:00,188.764,189.194,188.685,189.184,7878.0
2025-04-17 11:00:00,189.184,189.354,188.807,188.86,7376.0
2025-04-17 12:00:00,188.86,189.091,188.815,189.0,6181.0
2025-04-17 13:00:00,189.0,189.071,188.481,188.508,7221.0
2025-04-17 14:00:00,188.508,188.626,188.448,188.577,6510.0
2025-04-17 15:00:00,188.577,188.744,188.277,188.524,10328.0
2025-04-17 16:00:00,188.525,188.639,188.331,188.394,11860.0
2025-04-17 17:00:00,188.394,188.465,188.076,188.154,9852.0
2025-04-17 18:00:00,188.154,188.66,188.127,188.656,8777.0
2025-04-17 19:00:00,188.653,189.008,188.561,188.836,9403.0
2025-04-17 20:00:00,188.838,188.962,188.647,188.95,5350.0
2025-04-17 21:00:00,188.95,189.145,188.874,188.972,6153.0
2025-04-17 22:00:00,188.974,188.983,188.779,188.863,5869.0
2025-04-17 23:00:00,188.862,189.007,188.843,188.964,3134.0
2025-04-18 00:00:00,188.75,188.905,188.62,188.844,1744.0
2025-04-18 01:00:00,188.844,188.912,188.65,188.771,8332.0
2025-04-18 02:00:00,188.771,188.93,188.679,188.806,8339.0
2025-04-18 03:00:00,188.799,189.113,188.697,189.087,9354.0
2025-04-18 04:00:00,189.084,189.14,188.842,188.879,14904.0
2025-04-18 05:00:00,188.879,188.932,188.788,188.853,16225.0
2025-04-18 06:00:00,188.856,188.908,188.73,188.828,21735.0
2025-04-18 07:00:00,188.828,188.867,188.749,188.843,23520.0
2025-04-18 08:00:00,188.845,188.973,188.818,188.861,21997.0
2025-04-18 09:00:00,188.86,188.94,188.791,188.854,24830.0
2025-04-18 10:00:00,188.85,188.994,188.833,188.869,23421.0
2025-04-18 11:00:00,188.869,188.958,188.732,188.937,23736.0
2025-04-18 12:00:00,188.941,188.969,188.874,188.929,18728.0
2025-04-18 13:00:00,188.922,188.967,188.813,188.967,24256.0
2025-04-18 14:00:00,188.964,189.021,188.794,188.903,13912.0
2025-04-18 15:00:00,188.904,189.003,188.822,188.931,21413.0
2025-04-18 16:00:00,188.931,188.968,188.855,188.935,7161.0
2025-04-18 17:00:00,188.935,189.07,188.883,188.975,15104.0
2025-04-18 18:00:00,188.978,188.978,188.774,188.811,15405.0
2025-04-18 19:00:00,188.812,188.879,188.713,188.875,14630.0
2025-04-18 20:00:00,188.876,188.969,188.774,188.813,12779.0
2025-04-21 00:00:00,188.576,188.726,188.144,188.488,1411.0
2025-04-21 01:00:00,188.485,188.716,188.441,188.57,5235.0
2025-04-21 02:00:00,188.57,188.619,188.282,188.522,7266.0
2025-04-21 03:00:00,188.519,188.743,188.375,188.433,8752.0
2025-04-21 04:00:00,188.433,188.471,188.227,188.236,6297.0
2025-04-21 05:00:00,188.236,188.335,188.006,188.236,7184.0
2025-04-21 06:00:00,188.236,188.392,188.134,188.36,5265.0
2025-04-21 07:00:00,188.361,188.605,188.336,188.389,4487.0
2025-04-21 08:00:00,188.388,188.535,188.315,188.38,4724.0
2025-04-21 09:00:00,188.38,188.475,188.265,188.361,6448.0
2025-04-21 10:00:00,188.361,188.554,188.232,188.499,6879.0
2025-04-21 11:00:00,188.499,188.622,188.428,188.576,6224.0
2025-04-21 12:00:00,188.576,188.67,188.464,188.488,5574.0
2025-04-21 13:00:00,188.49,188.776,188.461,188.774,5031.0
2025-04-21 14:00:00,188.774,188.843,188.565,188.61,6703.0
2025-04-21 15:00:00,188.61,188.747,188.473,188.704,7443.0
2025-04-21 16:00:00,188.705,188.809,188.587,188.607,9115.0
2025-04-21 17:00:00,188.607,188.708,188.414,188.675,9664.0
2025-04-21 18:00:00,188.675,188.724,188.403,188.425,7247.0
2025-04-21 19:00:00,188.425,188.584,188.367,188.421,5341.0
2025-04-21 20:00:00,188.421,188.455,188.119,188.131,5015.0
2025-04-21 21:00:00,188.131,188.238,188.026,188.082,4405.0
2025-04-21 22:00:00,188.083,188.46,188.082,188.403,4309.0
2025-04-21 23:00:00,188.403,188.6,188.314,188.445,2317.0
2025-04-22 00:00:00,188.408,188.554,188.239,188.31,1095.0
2025-04-22 01:00:00,188.31,188.394,188.279,188.327,2199.0
2025-04-22 02:00:00,188.327,188.513,188.248,188.486,4241.0
2025-04-22 03:00:00,188.487,188.771,188.278,188.325,8318.0
2025-04-22 04:00:00,188.326,188.551,188.29,188.413,6549.0
2025-04-22 05:00:00,188.413,188.433,188.241,188.283,4296.0
2025-04-22 06:00:00,188.282,188.285,187.811,187.938,6544.0
2025-04-22 07:00:00,187.938,187.952,187.83,187.898,4313.0
2025-04-22 08:00:00,187.898,188.037,187.691,187.742,7077.0
2025-04-22 09:00:00,187.742,188.157,187.669,187.999,9127.0
2025-04-22 10:00:00,187.993,188.09,187.582,187.662,8129.0
2025-04-22 11:00:00,187.654,188.125,187.594,188.114,6970.0
2025-04-22 12:00:00,188.114,188.187,187.682,187.776,6637.0
2025-04-22 13:00:00,187.776,187.777,187.465,187.578,5544.0
2025-04-22 14:00:00,187.578,187.68,187.481,187.625,6037.0
2025-04-22 15:00:00,187.625,187.914,187.491,187.914,7804.0
2025-04-22 16:00:00,187.918,188.351,187.901,188.281,10061.0
2025-04-22 17:00:00,188.273,188.474,188.213,188.293,9770.0
2025-04-22 18:00:00,188.294,188.505,188.221,188.404,6957.0
2025-04-22 19:00:00,188.404,188.754,188.309,188.584,9769.0
2025-04-22 20:00:00,188.584,188.703,188.253,188.32,10240.0
2025-04-22 21:00:00,188.32,188.717,188.297,188.709,5813.0
2025-04-22 22:00:00,188.708,188.836,188.673,188.791,5791.0
2025-04-22 23:00:00,188.791,188.869,188.688,188.769,2297.0
2025-04-23 00:00:00,188.623,189.59,188.46,189.405,1441.0
2025-04-23 01:00:00,189.407,189.943,189.261,189.569,10172.0
2025-04-23 02:00:00,189.565,189.669,189.27,189.399,9662.0
2025-04-23 03:00:00,189.398,189.514,188.927,189.053,10000.0
2025-04-23 04:00:00,189.052,189.215,188.631,188.699,8568.0
2025-04-23 05:00:00,188.699,188.874,188.648,188.843,5985.0
2025-04-23 06:00:00,188.843,189.027,188.73,189.015,6020.0
2025-04-23 07:00:00,189.008,189.044,188.789,188.882,4255.0
2025-04-23 08:00:00,188.882,189.059,188.729,188.945,6040.0
2025-04-23 09:00:00,188.946,189.031,188.643,188.774,8084.0
2025-04-23 10:00:00,188.773,188.899,188.495,188.76,9856.0
2025-04-23 11:00:00,188.773,188.852,188.219,188.792,7992.0
2025-04-23 12:00:00,188.791,189.128,188.685,189.028,7145.0
2025-04-23 13:00:00,189.026,189.052,188.674,188.875,6560.0
2025-04-23 14:00:00,188.875,189.007,188.381,188.384,6929.0
2025-04-23 15:00:00,188.385,188.758,188.355,188.71,7263.0
2025-04-23 16:00:00,188.709,189.581,188.677,189.55,11976.0
2025-04-23 17:00:00,189.549,189.651,189.039,189.337,15516.0
2025-04-23 18:00:00,189.337,189.424,188.815,189.076,11685.0
2025-04-23 19:00:00,189.078,189.723,189.001,189.657,9918.0
2025-04-23 20:00:00,189.66,190.19,189.552,190.108,8114.0
2025-04-23 21:00:00,190.108,190.313,190.091,190.281,6860.0
2025-04-23 22:00:00,190.28,190.306,190.053,190.223,6900.0
2025-04-23 23:00:00,190.22,190.303,190.08,190.104,3832.0
2025-04-24 00:00:00,190.05,190.05,189.51,189.666,1361.0
2025-04-24 01:00:00,189.663,189.898,189.569,189.881,5676.0
2025-04-24 02:00:00,189.881,190.104,189.838,189.947,5010.0
2025-04-24 03:00:00,189.948,190.117,189.684,189.789,6567.0
2025-04-24 04:00:00,189.789,189.96,189.565,189.63,6929.0
2025-04-24 05:00:00,189.63,189.691,189.419,189.679,5108.0
2025-04-24 06:00:00,189.679,189.736,189.473,189.581,3565.0
2025-04-24 07:00:00,189.581,189.64,189.404,189.435,3435.0
2025-04-24 08:00:00,189.435,189.684,189.404,189.442,4553.0
2025-04-24 09:00:00,189.442,189.717,189.405,189.414,6832.0
2025-04-24 10:00:00,189.415,189.674,189.301,189.547,7528.0
2025-04-24 11:00:00,189.548,189.829,189.499,189.727,6762.0
2025-04-24 12:00:00,189.726,189.838,189.484,189.512,5303.0
2025-04-24 13:00:00,189.512,189.632,189.487,189.516,5759.0
2025-04-24 14:00:00,189.516,189.799,189.492,189.775,6163.0
2025-04-24 15:00:00,189.775,189.808,189.318,189.413,7593.0
2025-04-24 16:00:00,189.413,189.781,189.386,189.712,8500.0
2025-04-24 17:00:00,189.715,189.863,189.503,189.694,9395.0
2025-04-24 18:00:00,189.694,189.881,189.66,189.803,8228.0
2025-04-24 19:00:00,189.803,190.17,189.755,190.128,6507.0
2025-04-24 20:00:00,190.129,190.258,190.048,190.21,4891.0
2025-04-24 21:00:00,190.21,190.255,190.096,190.21,3845.0
2025-04-24 22:00:00,190.21,190.348,190.057,190.319,3943.0
2025-04-24 23:00:00,190.319,190.39,190.206,190.232,2209.0
2025-04-25 00:00:00,190.159,190.292,189.949,190.195,1386.0
2025-04-25 01:00:00,190.192,190.432,190.141,190.34,2753.0
2025-04-25 02:00:00,190.34,190.508,190.276,190.386,3574.0
2025-04-25 03:00:00,190.385,190.51,190.305,190.375,6960.0
2025-04-25 04:00:00,190.375,190.399,190.131,190.134,5988.0
2025-04-25 05:00:00,190.135,190.246,190.052,190.222,4450.0
2025-04-25 06:00:00,190.223,190.886,190.195,190.858,6728.0
2025-04-25 07:00:00,190.858,191.013,190.772,190.828,5480.0
2025-04-25 08:00:00,190.828,191.007,190.674,190.687,5541.0
2025-04-25 09:00:00,190.68,191.059,190.68,190.989,7042.0
2025-04-25 10:00:00,190.985,191.244,190.555,190.691,9139.0
2025-04-25 11:00:00,190.691,190.895,190.488,190.777,5881.0
2025-04-25 12:00:00,190.777,191.025,190.55,190.998,5637.0
2025-04-25 13:00:00,190.999,191.13,190.676,190.843,6754.0
2025-04-25 14:00:00,190.843,190.91,190.679,190.782,5140.0
2025-04-25 15:00:00,190.787,191.072,190.734,191.072,4907.0
2025-04-25 16:00:00,191.071,191.538,191.068,191.245,9358.0
2025-04-25 17:00:00,191.242,191.661,191.212,191.616,10089.0
2025-04-25 18:00:00,191.616,191.725,191.421,191.607,6253.0
2025-04-25 19:00:00,191.607,191.68,191.503,191.549,5223.0
2025-04-25 20:00:00,191.549,191.625,191.149,191.247,5942.0
2025-04-28 00:00:00,190.973,190.988,190.825,190.968,432.0
2025-04-28 01:00:00,190.968,191.34,190.955,191.203,3951.0
2025-04-28 02:00:00,191.206,191.287,191.13,191.173,3894.0
2025-04-28 03:00:00,191.173,191.203,190.794,190.839,6887.0
2025-04-28 04:00:00,190.839,190.963,190.663,190.955,5340.0
2025-04-28 05:00:00,190.957,191.099,190.883,190.944,3980.0
2025-04-28 06:00:00,190.944,190.972,190.834,190.898,2358.0
2025-04-28 07:00:00,190.898,191.057,190.776,190.837,2736.0
2025-04-28 08:00:00,190.837,191.246,190.814,191.079,4532.0
2025-04-28 09:00:00,191.078,191.299,191.065,191.244,6881.0
2025-04-28 10:00:00,191.243,191.33,191.098,191.104,6533.0
2025-04-28 11:00:00,191.104,191.476,191.085,191.344,6162.0
2025-04-28 12:00:00,191.322,191.555,191.322,191.402,5862.0
2025-04-28 13:00:00,191.402,191.469,191.309,191.384,4597.0
2025-04-28 14:00:00,191.384,191.396,191.203,191.232,4464.0
2025-04-28 15:00:00,191.234,191.297,191.117,191.257,5661.0
2025-04-28 16:00:00,191.257,191.423,191.217,191.253,7868.0
2025-04-28 17:00:00,191.254,191.462,191.152,191.315,10884.0
2025-04-28 18:00:00,191.315,191.345,190.996,191.125,8227.0
2025-04-28 19:00:00,191.125,191.17,190.883,190.916,6605.0
2025-04-28 20:00:00,190.916,190.985,190.765,190.929,5730.0
2025-04-28 21:00:00,190.929,191.047,190.797,190.813,4269.0
2025-04-28 22:00:00,190.812,190.968,190.753,190.924,4209.0
2025-04-28 23:00:00,190.923,190.986,190.86,190.9,2084.0
2025-04-29 00:00:00,190.782,190.9,190.682,190.862,1179.0
2025-04-29 01:00:00,190.867,191.099,190.859,191.078,2607.0
2025-04-29 02:00:00,191.075,191.167,190.951,191.019,3613.0
2025-04-29 03:00:00,191.019,191.063,190.811,190.976,5061.0
2025-04-29 04:00:00,190.976,191.147,190.9,191.129,4943.0
2025-04-29 05:00:00,191.129,191.18,191.029,191.119,5812.0
2025-04-29 06:00:00,191.119,191.123,190.991,191.037,4585.0
2025-04-29 07:00:00,191.037,191.134,190.916,190.924,3781.0
2025-04-29 08:00:00,190.924,191.041,190.816,190.998,4206.0
2025-04-29 09:00:00,190.998,191.155,190.927,191.06,5953.0
2025-04-29 10:00:00,191.06,191.141,190.947,191.114,7504.0
2025-04-29 11:00:00,191.112,191.265,190.968,191.229,5780.0
2025-04-29 12:00:00,191.229,191.344,191.136,191.204,4206.0
2025-04-29 13:00:00,191.204,191.209,190.896,190.913,4205.0
2025-04-29 14:00:00,190.913,191.062,190.888,191.039,4581.0
2025-04-29 15:00:00,191.039,191.088,190.798,190.827,6671.0
2025-04-29 16:00:00,190.827,190.862,190.571,190.651,9071.0
2025-04-29 17:00:00,190.645,190.899,190.431,190.622,9813.0
2025-04-29 18:00:00,190.624,190.754,190.495,190.624,7890.0
2025-04-29 19:00:00,190.625,190.743,190.408,190.445,6583.0
2025-04-29 20:00:00,190.445,190.662,190.401,190.644,4500.0
2025-04-29 21:00:00,190.644,190.742,190.612,190.685,4918.0
2025-04-29 22:00:00,190.685,190.771,190.638,190.755,4286.0
2025-04-29 23:00:00,190.756,190.959,190.743,190.848,2311.0
2025-04-30 00:00:00,190.73,190.73,190.493,190.69,1125.0
2025-04-30 01:00:00,190.69,190.89,190.646,190.768,2464.0
2025-04-30 02:00:00,190.768,190.856,190.66,190.795,2641.0
2025-04-30 03:00:00,190.797,190.974,190.686,190.89,5379.0
2025-04-30 04:00:00,190.89,190.912,190.698,190.754,4885.0
2025-04-30 05:00:00,190.754,190.901,190.642,190.76,4078.0
2025-04-30 06:00:00,190.76,190.795,190.627,190.743,3362.0
2025-04-30 07:00:00,190.745,190.883,190.703,190.842,3165.0
2025-04-30 08:00:00,190.842,190.965,190.775,190.955,2897.0
2025-04-30 09:00:00,190.955,191.106,190.907,191.079,5671.0
2025-04-30 10:00:00,191.079,191.232,190.99,191.148,6118.0
2025-04-30 11:00:00,191.148,191.172,190.97,191.027,5782.0
2025-04-30 12:00:00,191.029,191.261,191.018,191.204,5255.0
2025-04-30 13:00:00,191.203,191.245,191.07,191.103,5298.0
2025-04-30 14:00:00,191.103,191.224,190.984,191.024,6055.0
2025-04-30 15:00:00,191.027,191.036,190.579,190.689,9618.0
2025-04-30 16:00:00,190.692,190.706,190.022,190.079,9849.0
2025-04-30 17:00:00,190.08,190.71,189.983,190.501,11303.0
2025-04-30 18:00:00,190.502,190.59,190.225,190.293,10235.0
2025-04-30 19:00:00,190.294,190.473,190.228,190.426,6669.0
2025-04-30 20:00:00,190.426,190.691,190.267,190.548,5663.0
2025-04-30 21:00:00,190.547,190.843,190.435,190.445,6106.0
2025-04-30 22:00:00,190.445,190.681,190.408,190.479,5598.0
2025-04-30 23:00:00,190.48,190.877,190.468,190.686,4480.0
2025-05-01 00:00:00,190.678,190.678,190.384,190.426,954.0
2025-05-01 01:00:00,190.428,190.684,190.416,190.569,2935.0
2025-05-01 02:00:00,190.572,190.604,190.446,190.515,2766.0
2025-05-01 03:00:00,190.513,190.546,190.343,190.473,4983.0
2025-05-01 04:00:00,190.472,190.596,190.398,190.574,3821.0
2025-05-01 05:00:00,190.574,190.596,190.482,190.504,2551.0
2025-05-01 06:00:00,190.504,191.185,190.38,191.122,5157.0
2025-05-01 07:00:00,191.123,191.339,191.123,191.269,3813.0
2025-05-01 08:00:00,191.269,191.583,191.259,191.426,5037.0
2025-05-01 09:00:00,191.426,192.155,191.378,192.155,6598.0
2025-05-01 10:00:00,192.15,192.197,191.868,192.091,7054.0
2025-05-01 11:00:00,192.091,192.302,191.991,192.172,5604.0
2025-05-01 12:00:00,192.173,192.327,192.085,192.268,4822.0
2025-05-01 13:00:00,192.268,192.479,192.185,192.441,4381.0
2025-05-01 14:00:00,192.439,192.63,192.324,192.509,5628.0
2025-05-01 15:00:00,192.509,192.788,192.26,192.694,8486.0
2025-05-01 16:00:00,192.696,192.885,192.548,192.561,8024.0
2025-05-01 17:00:00,192.546,193.353,192.546,193.251,10583.0
2025-05-01 18:00:00,193.251,193.371,193.049,193.084,7947.0
2025-05-01 19:00:00,193.084,193.146,192.921,193.096,5989.0
2025-05-01 20:00:00,193.096,193.193,192.98,193.069,4429.0
2025-05-01 21:00:00,193.069,193.462,193.058,193.432,5629.0
2025-05-01 22:00:00,193.432,193.463,193.233,193.26,4201.0
2025-05-01 23:00:00,193.26,193.289,193.015,193.052,3079.0
2025-05-02 00:00:00,192.892,193.064,192.633,192.788,1053.0
2025-05-02 01:00:00,192.788,193.084,192.782,193.072,2438.0
2025-05-02 02:00:00,193.072,193.386,193.066,193.189,2818.0
2025-05-02 03:00:00,193.191,193.754,193.133,193.706,7197.0
2025-05-02 04:00:00,193.706,193.72,193.255,193.281,6067.0
2025-05-02 05:00:00,193.281,193.431,193.232,193.358,4551.0
2025-05-02 06:00:00,193.359,193.37,193.179,193.293,3752.0
2025-05-02 07:00:00,193.293,193.512,193.258,193.487,5236.0
2025-05-02 08:00:00,193.487,193.529,193.336,193.363,4798.0
2025-05-02 09:00:00,193.363,193.406,193.179,193.292,6659.0
2025-05-02 10:00:00,193.291,193.389,192.962,193.006,6858.0
2025-05-02 11:00:00,193.009,193.021,192.475,192.509,6537.0
2025-05-02 12:00:00,192.508,192.58,192.279,192.436,7285.0
2025-05-02 13:00:00,192.434,192.596,192.229,192.255,5636.0
2025-05-02 14:00:00,192.256,192.368,192.012,192.178,6131.0
2025-05-02 15:00:00,192.179,192.35,191.843,192.24,10793.0
2025-05-02 16:00:00,192.243,192.254,191.479,191.636,12290.0
2025-05-02 17:00:00,191.634,191.973,191.549,191.838,10620.0
2025-05-02 18:00:00,191.836,192.095,191.836,191.94,8378.0
2025-05-02 19:00:00,191.94,192.305,191.94,192.18,7829.0
2025-05-02 20:00:00,192.18,192.301,192.069,192.157,6605.0
2025-05-05 00:00:00,191.8,192.098,191.746,192.091,426.0
2025-05-05 01:00:00,192.091,192.311,191.926,192.007,3519.0
2025-05-05 02:00:00,192.007,192.135,191.849,191.951,4072.0
2025-05-05 03:00:00,191.951,192.052,191.876,191.961,5003.0
2025-05-05 04:00:00,191.956,191.956,191.593,191.679,6079.0
2025-05-05 05:00:00,191.679,191.717,191.552,191.712,4121.0
2025-05-05 06:00:00,191.712,191.77,191.638,191.748,3145.0
2025-05-05 07:00:00,191.748,191.755,191.568,191.651,3178.0
2025-05-05 08:00:00,191.651,191.748,191.563,191.668,4596.0
2025-05-05 09:00:00,191.668,191.815,191.64,191.67,6087.0
2025-05-05 10:00:00,191.666,191.822,191.606,191.72,5544.0
2025-05-05 11:00:00,191.722,191.731,191.256,191.329,5972.0
2025-05-05 12:00:00,191.325,191.42,191.235,191.381,5751.0
2025-05-05 13:00:00,191.381,191.591,191.327,191.565,5185.0
2025-05-05 14:00:00,191.566,191.696,191.52,191.559,5273.0
2025-05-05 15:00:00,191.559,191.685,191.447,191.476,6387.0
2025-05-05 16:00:00,191.476,191.538,191.228,191.348,7641.0
2025-05-05 17:00:00,191.314,191.62,191.241,191.315,10192.0
2025-05-05 18:00:00,191.308,191.417,191.044,191.231,6758.0
2025-05-05 19:00:00,191.231,191.451,191.169,191.371,5224.0
2025-05-05 20:00:00,191.372,191.42,191.293,191.326,4164.0
2025-05-05 21:00:00,191.326,191.401,191.223,191.249,3482.0
2025-05-05 22:00:00,191.249,191.316,191.051,191.107,4351.0
2025-05-05 23:00:00,191.108,191.149,191.026,191.045,2249.0
2025-05-06 00:00:00,190.971,191.06,190.902,190.941,1490.0
2025-05-06 01:00:00,190.941,191.122,190.93,191.054,1322.0
2025-05-06 02:00:00,191.054,191.112,190.853,190.995,2242.0
2025-05-06 03:00:00,190.995,191.094,190.928,191.083,5040.0
2025-05-06 04:00:00,191.083,191.353,191.051,191.193,6084.0
2025-05-06 05:00:00,191.196,191.21,190.931,191.087,4853.0
2025-05-06 06:00:00,191.087,191.182,191.021,191.166,4037.0
2025-05-06 07:00:00,191.166,191.207,191.088,191.17,3102.0
2025-05-06 08:00:00,191.17,191.23,191.06,191.103,3615.0
2025-05-06 09:00:00,191.103,191.344,191.083,191.136,5557.0
2025-05-06 10:00:00,191.136,191.23,190.806,190.91,7635.0
2025-05-06 11:00:00,190.91,190.966,190.458,190.582,7660.0
2025-05-06 12:00:00,190.582,190.863,190.485,190.828,6250.0
2025-05-06 13:00:00,190.828,191.101,190.767,190.997,5676.0
2025-05-06 14:00:00,190.997,191.197,190.839,190.895,6214.0
2025-05-06 15:00:00,190.895,191.14,190.857,190.924,7069.0
2025-05-06 16:00:00,190.924,191.124,190.58,190.698,7951.0
2025-05-06 17:00:00,190.697,191.167,190.623,191.026,8463.0
2025-05-06 18:00:00,191.025,191.05,190.842,190.843,6443.0
2025-05-06 19:00:00,190.843,191.023,190.571,190.66,6663.0
2025-05-06 20:00:00,190.66,190.713,190.476,190.485,5510.0
2025-05-06 21:00:00,190.486,190.626,190.444,190.535,4658.0
2025-05-06 22:00:00,190.535,190.651,190.469,190.516,4246.0
2025-05-06 23:00:00,190.514,190.597,190.324,190.362,2765.0
2025-05-07 00:00:00,190.239,190.6,190.239,190.441,1278.0
2025-05-07 01:00:00,190.441,191.27,190.41,191.222,6154.0
2025-05-07 02:00:00,191.222,191.276,190.985,191.055,4296.0
2025-05-07 03:00:00,191.055,191.177,190.763,190.868,7959.0
2025-05-07 04:00:00,190.868,190.966,190.727,190.862,7532.0
2025-05-07 05:00:00,190.867,191.085,190.86,191.009,5642.0
2025-05-07 06:00:00,191.009,191.078,190.945,190.993,4388.0
2025-05-07 07:00:00,190.991,191.225,190.964,191.172,3599.0
2025-05-07 08:00:00,191.172,191.209,191.039,191.095,4331.0
2025-05-07 09:00:00,191.097,191.131,190.874,190.932,5624.0
2025-05-07 10:00:00,190.932,191.339,190.904,191.166,6707.0
2025-05-07 11:00:00,191.168,191.507,191.088,191.13,6411.0
2025-05-07 12:00:00,191.133,191.208,191.033,191.095,5574.0
2025-05-07 13:00:00,191.095,191.258,191.05,191.18,4692.0
2025-05-07 14:00:00,191.18,191.422,191.118,191.397,4777.0
2025-05-07 15:00:00,191.397,191.625,191.339,191.619,6216.0
2025-05-07 16:00:00,191.619,191.62,191.234,191.393,7606.0
2025-05-07 17:00:00,191.391,191.669,191.318,191.541,7455.0
2025-05-07 18:00:00,191.542,191.543,191.258,191.439,7059.0
2025-05-07 19:00:00,191.439,191.513,191.273,191.429,5618.0
2025-05-07 20:00:00,191.428,191.45,191.072,191.084,5022.0
2025-05-07 21:00:00,191.084,191.417,190.668,191.198,11448.0
2025-05-07 22:00:00,191.198,191.437,190.997,191.226,10454.0
2025-05-07 23:00:00,191.225,191.283,191.027,191.14,4306.0
2025-05-08 00:00:00,191.117,191.117,190.919,191.101,798.0
2025-05-08 01:00:00,191.101,191.225,191.073,191.173,2331.0
2025-05-08 02:00:00,191.173,191.256,191.087,191.199,2540.0
2025-05-08 03:00:00,191.199,191.369,190.999,191.263,5670.0
2025-05-08 04:00:00,191.263,191.497,191.101,191.474,7520.0
2025-05-08 05:00:00,191.47,191.732,191.453,191.69,5476.0
2025-05-08 06:00:00,191.69,191.79,191.572,191.632,4250.0
2025-05-08 07:00:00,191.632,191.74,191.593,191.684,3645.0
2025-05-08 08:00:00,191.684,191.772,191.541,191.738,6272.0
2025-05-08 09:00:00,191.738,191.903,191.539,191.813,8099.0
2025-05-08 10:00:00,191.802,191.903,191.628,191.813,7465.0
2025-05-08 11:00:00,191.813,192.193,191.757,192.108,7824.0
2025-05-08 12:00:00,192.11,192.278,192.089,192.231,6230.0
2025-05-08 13:00:00,192.231,192.414,192.011,192.024,5763.0
2025-05-08 14:00:00,192.022,192.887,191.7,192.753,7611.0
2025-05-08 15:00:00,192.753,193.095,192.717,192.778,8608.0
2025-05-08 16:00:00,192.78,192.881,192.619,192.748,8482.0
2025-05-08 17:00:00,192.749,193.114,192.691,192.999,9097.0
2025-05-08 18:00:00,192.998,193.279,192.884,193.239,11194.0
2025-05-08 19:00:00,193.24,193.402,193.146,193.319,8116.0
2025-05-08 20:00:00,193.317,193.372,193.176,193.19,6781.0
2025-05-08 21:00:00,193.19,193.368,193.154,193.314,5055.0
2025-05-08 22:00:00,193.314,193.502,193.188,193.256,6471.0
2025-05-08 23:00:00,193.255,193.313,193.137,193.242,2863.0
2025-05-09 00:00:00,193.265,193.335,193.05,193.309,2004.0
2025-05-09 01:00:00,193.309,193.36,193.131,193.227,1920.0
2025-05-09 02:00:00,193.226,193.356,193.188,193.226,2716.0
2025-05-09 03:00:00,193.226,193.267,192.826,192.901,6398.0
2025-05-09 04:00:00,192.901,192.952,192.751,192.771,5644.0
2025-05-09 05:00:00,192.771,192.955,192.744,192.778,5433.0
2025-05-09 06:00:00,192.778,192.837,192.619,192.729,4954.0
2025-05-09 07:00:00,192.729,192.739,192.538,192.59,3773.0
2025-05-09 08:00:00,192.59,192.65,192.491,192.571,4631.0
2025-05-09 09:00:00,192.571,192.586,192.369,192.397,5626.0
2025-05-09 10:00:00,192.397,192.749,192.352,192.533,6619.0
2025-05-09 11:00:00,192.532,192.709,192.421,192.664,5184.0
2025-05-09 12:00:00,192.666,192.822,192.597,192.812,4287.0
2025-05-09 13:00:00,192.813,192.908,192.742,192.785,4469.0
2025-05-09 14:00:00,192.785,192.904,192.501,192.682,6164.0
2025-05-09 15:00:00,192.682,192.978,192.664,192.971,5227.0
2025-05-09 16:00:00,192.971,193.04,192.751,192.872,6848.0
2025-05-09 17:00:00,192.872,193.062,192.788,192.917,8158.0
2025-05-09 18:00:00,192.917,193.283,192.906,193.28,6825.0
2025-05-09 19:00:00,193.28,193.39,193.218,193.324,5571.0
2025-05-09 20:00:00,193.324,193.472,193.289,193.38,4465.0
2025-05-12 00:00:00,193.837,194.092,193.768,193.912,873.0
2025-05-12 01:00:00,193.912,194.079,193.724,193.763,4349.0
2025-05-12 02:00:00,193.763,193.862,193.696,193.749,3758.0
2025-05-12 03:00:00,193.749,194.048,193.662,193.893,6269.0
2025-05-12 04:00:00,193.892,194.218,193.855,193.994,7310.0
2025-05-12 05:00:00,193.995,194.005,193.635,193.731,4978.0
2025-05-12 06:00:00,193.731,193.782,193.671,193.693,4053.0
2025-05-12 07:00:00,193.693,193.895,193.687,193.879,3487.0
2025-05-12 08:00:00,193.879,194.012,193.845,193.927,4308.0
2025-05-12 09:00:00,193.927,194.175,193.917,194.13,6192.0
2025-05-12 10:00:00,194.129,194.871,194.121,194.787,13953.0
2025-05-12 11:00:00,194.787,195.177,194.667,194.955,11108.0
2025-05-12 12:00:00,194.955,195.483,194.876,195.412,7483.0
2025-05-12 13:00:00,195.416,195.51,195.003,195.021,8896.0
2025-05-12 14:00:00,195.021,195.214,194.846,194.857,8695.0
2025-05-12 15:00:00,194.859,195.405,194.857,195.371,7693.0
2025-05-12 16:00:00,195.373,195.6,195.17,195.483,10394.0
2025-05-12 17:00:00,195.482,195.805,195.429,195.643,10820.0
2025-05-12 18:00:00,195.643,195.723,195.339,195.359,8488.0
2025-05-12 19:00:00,195.36,195.798,195.316,195.711,6075.0
2025-05-12 20:00:00,195.712,195.767,195.599,195.654,6105.0
2025-05-12 21:00:00,195.653,195.683,195.46,195.513,5335.0
2025-05-12 22:00:00,195.513,195.586,195.437,195.548,4836.0
2025-05-12 23:00:00,195.548,195.677,195.498,195.604,2072.0
2025-05-13 00:00:00,195.58,195.58,195.334,195.334,1483.0
2025-05-13 01:00:00,195.334,195.548,195.315,195.489,2212.0
2025-05-13 02:00:00,195.49,195.587,195.346,195.367,3149.0
2025-05-13 03:00:00,195.367,195.367,194.784,194.798,6300.0
2025-05-13 04:00:00,194.798,195.052,194.795,194.918,6108.0
2025-05-13 05:00:00,194.918,195.076,194.895,195.047,4343.0
2025-05-13 06:00:00,195.047,195.078,194.96,195.013,3581.0
2025-05-13 07:00:00,195.014,195.122,194.96,194.976,3736.0
2025-05-13 08:00:00,194.979,195.179,194.922,195.119,4271.0
2025-05-13 09:00:00,195.102,195.334,195.067,195.254,6208.0
2025-05-13 10:00:00,195.252,195.46,195.159,195.337,8320.0
2025-05-13 11:00:00,195.332,195.465,195.213,195.427,6908.0
2025-05-13 12:00:00,195.429,195.562,195.401,195.533,5645.0
2025-05-13 13:00:00,195.536,195.638,195.483,195.49,5468.0
2025-05-13 14:00:00,195.489,195.727,195.467,195.717,4576.0
2025-05-13 15:00:00,195.717,196.059,195.584,195.989,8401.0
2025-05-13 16:00:00,195.989,196.002,195.462,195.602,10271.0
2025-05-13 17:00:00,195.602,196.069,195.579,196.035,10141.0
2025-05-13 18:00:00,196.034,196.341,195.975,196.18,8377.0
2025-05-13 19:00:00,196.18,196.239,195.913,196.209,6507.0
2025-05-13 20:00:00,196.209,196.385,196.2,196.318,4372.0
2025-05-13 21:00:00,196.318,196.367,196.13,196.182,4243.0
2025-05-13 22:00:00,196.182,196.258,196.076,196.165,3905.0
2025-05-13 23:00:00,196.163,196.349,196.117,196.198,2333.0
2025-05-14 00:00:00,196.188,196.2,196.09,196.168,1289.0
2025-05-14 01:00:00,196.168,196.193,196.021,196.184,2094.0
2025-05-14 02:00:00,196.184,196.292,196.1,196.26,2896.0
2025-05-14 03:00:00,196.26,196.41,196.091,196.199,5648.0
2025-05-14 04:00:00,196.199,196.217,195.756,195.907,6610.0
2025-05-14 05:00:00,195.907,195.946,195.756,195.822,4554.0
2025-05-14 06:00:00,195.819,195.867,195.625,195.757,3962.0
2025-05-14 07:00:00,195.755,195.863,195.446,195.501,3906.0
2025-05-14 08:00:00,195.501,195.683,195.386,195.622,4152.0
2025-05-14 09:00:00,195.622,195.763,195.477,195.703,6042.0
2025-05-14 10:00:00,195.703,195.911,195.643,195.903,7267.0
2025-05-14 11:00:00,195.903,195.928,195.119,195.205,9582.0
2025-05-14 12:00:00,195.204,195.234,194.441,194.75,8951.0
2025-05-14 13:00:00,194.747,194.867,194.573,194.79,5730.0
2025-05-14 14:00:00,194.79,194.92,194.699,194.904,5931.0
2025-05-14 15:00:00,194.904,194.987,194.692,194.804,7221.0
2025-05-14 16:00:00,194.804,194.901,194.239,194.429,9626.0
2025-05-14 17:00:00,194.429,194.671,194.269,194.661,10063.0
2025-05-14 18:00:00,194.658,194.992,194.53,194.924,8554.0
2025-05-14 19:00:00,194.924,195.274,194.807,194.849,7664.0
2025-05-14 20:00:00,194.849,194.881,194.57,194.644,5993.0
2025-05-14 21:00:00,194.644,194.745,194.548,194.628,5814.0
2025-05-14 22:00:00,194.628,194.77,194.579,194.687,5067.0
2025-05-14 23:00:00,194.687,194.775,194.522,194.536,2603.0
2025-05-15 00:00:00,194.394,194.73,194.32,194.328,1141.0
2025-05-15 01:00:00,194.328,194.56,194.328,194.487,2053.0
2025-05-15 02:00:00,194.487,194.535,194.284,194.495,3414.0
2025-05-15 03:00:00,194.495,194.602,194.019,194.062,5471.0
2025-05-15 04:00:00,194.064,194.259,193.979,194.212,5786.0
2025-05-15 05:00:00,194.212,194.31,194.145,194.189,4610.0
2025-05-15 06:00:00,194.189,194.225,193.892,194.02,4237.0
2025-05-15 07:00:00,194.02,194.048,193.868,193.928,3789.0
2025-05-15 08:00:00,193.928,193.973,193.653,193.749,5021.0
2025-05-15 09:00:00,193.75,193.98,193.519,193.623,6587.0
2025-05-15 10:00:00,193.618,193.809,193.541,193.556,7511.0
2025-05-15 11:00:00,193.557,193.775,193.539,193.694,6217.0
2025-05-15 12:00:00,193.693,193.918,193.679,193.911,5318.0
2025-05-15 13:00:00,193.911,194.043,193.826,194.006,4802.0
2025-05-15 14:00:00,194.004,194.031,193.731,193.859,5662.0
2025-05-15 15:00:00,193.859,194.236,193.638,193.993,8180.0
2025-05-15 16:00:00,193.992,194.071,193.788,193.808,10707.0
2025-05-15 17:00:00,193.807,193.873,193.435,193.687,9731.0
2025-05-15 18:00:00,193.688,193.734,193.518,193.519,7666.0
2025-05-15 19:00:00,193.519,193.617,193.455,193.51,5397.0
2025-05-15 20:00:00,193.516,193.706,193.511,193.67,4866.0
2025-05-15 21:00:00,193.672,193.766,193.613,193.74,4191.0
2025-05-15 22:00:00,193.74,193.765,193.614,193.757,4154.0
2025-05-15 23:00:00,193.756,193.876,193.726,193.822,2194.0
2025-05-16 00:00:00,193.724,193.768,193.592,193.624,1420.0
2025-05-16 01:00:00,193.624,193.784,193.575,193.6,2371.0
2025-05-16 02:00:00,193.6,193.836,193.547,193.659,2820.0
2025-05-16 03:00:00,193.659,193.7,193.064,193.177,6698.0
2025-05-16 04:00:00,193.177,193.361,193.04,193.318,5147.0
2025-05-16 05:00:00,193.318,193.582,193.253,193.559,4226.0
2025-05-16 06:00:00,193.559,193.603,193.35,193.376,3925.0
2025-05-16 07:00:00,193.376,193.573,193.3,193.527,3723.0
2025-05-16 08:00:00,193.527,193.662,193.448,193.52,3860.0
2025-05-16 09:00:00,193.52,193.655,193.284,193.284,5418.0
2025-05-16 10:00:00,193.284,193.479,193.142,193.37,6768.0
2025-05-16 11:00:00,193.376,193.493,193.298,193.321,5675.0
2025-05-16 12:00:00,193.32,193.56,193.233,193.489,5294.0
2025-05-16 13:00:00,193.489,193.506,193.273,193.425,5242.0
2025-05-16 14:00:00,193.433,193.587,193.427,193.455,5479.0
2025-05-16 15:00:00,193.457,193.54,193.233,193.289,5822.0
2025-05-16 16:00:00,193.289,193.501,193.213,193.444,6558.0
2025-05-16 17:00:00,193.444,193.748,193.331,193.618,8952.0
2025-05-16 18:00:00,193.62,193.674,193.537,193.571,6023.0
2025-05-16 19:00:00,193.568,193.655,193.48,193.641,5097.0
2025-05-16 20:00:00,193.64,193.8,193.622,193.654,3971.0
2025-05-19 00:00:00,192.635,193.061,192.634,193.038,608.0
2025-05-19 01:00:00,193.036,193.152,192.856,193.081,3427.0
2025-05-19 02:00:00,193.081,193.379,193.014,193.239,3618.0
2025-05-19 03:00:00,193.241,193.326,192.828,192.913,7108.0
2025-05-19 04:00:00,192.914,193.066,192.772,192.968,6137.0
2025-05-19 05:00:00,192.968,193.184,192.945,193.107,5583.0
2025-05-19 06:00:00,193.107,193.184,193.009,193.133,4238.0
2025-05-19 07:00:00,193.133,193.275,193.111,193.253,3564.0
2025-05-19 08:00:00,193.253,193.263,193.068,193.073,4130.0
2025-05-19 09:00:00,193.073,193.255,193.019,193.145,6481.0
2025-05-19 10:00:00,193.147,193.637,193.1,193.631,8691.0
2025-05-19 11:00:00,193.631,193.745,193.49,193.678,6748.0
2025-05-19 12:00:00,193.678,194.035,193.563,194.019,6958.0
2025-05-19 13:00:00,194.019,194.058,193.868,193.873,5984.0
2025-05-19 14:00:00,193.873,194.071,193.825,193.904,6078.0
2025-05-19 15:00:00,193.904,193.954,193.786,193.907,6639.0
2025-05-19 16:00:00,193.908,193.994,193.66,193.792,9538.0
2025-05-19 17:00:00,193.792,194.032,193.601,193.688,9079.0
2025-05-19 18:00:00,193.688,193.773,193.568,193.626,7075.0
2025-05-19 19:00:00,193.627,193.721,193.595,193.625,5253.0
2025-05-19 20:00:00,193.625,193.7,193.584,193.633,4767.0
2025-05-19 21:00:00,193.633,193.662,193.582,193.624,3849.0
2025-05-19 22:00:00,193.624,193.633,193.461,193.511,3433.0
2025-05-19 23:00:00,193.51,193.599,193.437,193.518,2197.0
2025-05-20 00:00:00,193.508,193.603,193.33,193.514,1171.0
2025-05-20 01:00:00,193.514,193.63,193.478,193.605,2165.0
2025-05-20 02:00:00,193.605,193.707,193.495,193.679,2480.0
2025-05-20 03:00:00,193.679,194.21,193.679,194.027,5736.0
2025-05-20 04:00:00,194.027,194.028,193.484,193.548,6721.0
2025-05-20 05:00:00,193.548,193.94,193.49,193.785,4123.0
2025-05-20 06:00:00,193.785,193.843,193.554,193.568,4257.0
2025-05-20 07:00:00,193.568,193.608,193.429,193.462,4758.0
2025-05-20 08:00:00,193.462,193.545,193.027,193.124,6917.0
2025-05-20 09:00:00,193.124,193.231,193.041,193.185,6680.0
2025-05-20 10:00:00,193.183,193.203,192.922,193.012,7784.0
2025-05-20 11:00:00,193.014,193.275,193.012,193.228,6057.0
2025-05-20 12:00:00,193.228,193.376,193.149,193.201,5740.0
2025-05-20 13:00:00,193.203,193.267,193.057,193.22,5203.0
2025-05-20 14:00:00,193.219,193.374,193.096,193.201,5146.0
2025-05-20 15:00:00,193.201,193.221,193.023,193.185,6926.0
2025-05-20 16:00:00,193.186,193.583,193.158,193.476,8579.0
2025-05-20 17:00:00,193.481,193.506,193.235,193.266,9948.0
2025-05-20 18:00:00,193.268,193.577,193.199,193.477,6387.0
2025-05-20 19:00:00,193.481,193.677,193.366,193.633,5257.0
2025-05-20 20:00:00,193.633,193.713,193.537,193.543,4392.0
2025-05-20 21:00:00,193.543,193.612,193.349,193.386,4929.0
2025-05-20 22:00:00,193.388,193.52,193.328,193.513,4016.0
2025-05-20 23:00:00,193.513,193.559,193.448,193.521,2374.0
2025-05-21 00:00:00,193.526,193.526,193.311,193.378,490.0
2025-05-21 01:00:00,193.378,193.457,193.085,193.412,3289.0
2025-05-21 02:00:00,193.412,193.451,193.311,193.347,2611.0
2025-05-21 03:00:00,193.347,193.478,193.16,193.316,5861.0
2025-05-21 04:00:00,193.316,193.459,193.19,193.368,5640.0
2025-05-21 05:00:00,193.368,193.431,193.089,193.117,5600.0
2025-05-21 06:00:00,193.119,193.274,193.054,193.12,4373.0
2025-05-21 07:00:00,193.12,193.2,192.975,193.055,3315.0
2025-05-21 08:00:00,193.055,193.1,192.838,192.891,4439.0
2025-05-21 09:00:00,192.88,193.305,192.88,193.227,8397.0
2025-05-21 10:00:00,193.223,193.297,192.99,193.008,8145.0
2025-05-21 11:00:00,193.009,193.267,192.967,193.104,6162.0
2025-05-21 12:00:00,193.104,193.203,193.003,193.085,5794.0
2025-05-21 13:00:00,193.085,193.119,192.681,192.69,7409.0
2025-05-21 14:00:00,192.694,192.841,192.58,192.836,7117.0
2025-05-21 15:00:00,192.836,192.907,192.68,192.865,8104.0
2025-05-21 16:00:00,192.868,193.19,192.794,193.058,8968.0
2025-05-21 17:00:00,193.058,193.181,192.925,193.033,9107.0
2025-05-21 18:00:00,193.032,193.24,193.007,193.184,7541.0
2025-05-21 19:00:00,193.186,193.3,193.142,193.163,4465.0
2025-05-21 20:00:00,193.163,193.216,192.605,192.83,8799.0
2025-05-21 21:00:00,192.83,192.933,192.739,192.87,6224.0
2025-05-21 22:00:00,192.87,192.939,192.751,192.774,5885.0
2025-05-21 23:00:00,192.772,192.885,192.772,192.786,2701.0
2025-05-22 00:00:00,192.792,192.792,192.572,192.707,1202.0
2025-05-22 01:00:00,192.707,193.587,192.698,193.171,4219.0
2025-05-22 02:00:00,193.173,193.239,192.782,192.846,3683.0
2025-05-22 03:00:00,192.846,192.902,192.366,192.604,7519.0
2025-05-22 04:00:00,192.604,192.738,192.356,192.472,6995.0
2025-05-22 05:00:00,192.473,192.546,192.308,192.346,5188.0
2025-05-22 06:00:00,192.346,192.446,192.287,192.408,3817.0
2025-05-22 07:00:00,192.408,192.467,192.35,192.436,3207.0
2025-05-22 08:00:00,192.436,192.574,192.347,192.556,3881.0
2025-05-22 09:00:00,192.549,192.549,192.132,192.348,6347.0
2025-05-22 10:00:00,192.348,192.414,192.027,192.156,8474.0
2025-05-22 11:00:00,192.155,192.277,191.897,192.024,8207.0
2025-05-22 12:00:00,192.026,192.327,191.983,192.306,6664.0
2025-05-22 13:00:00,192.306,192.475,192.129,192.472,5890.0
2025-05-22 14:00:00,192.473,192.742,192.363,192.397,7466.0
2025-05-22 15:00:00,192.397,192.616,192.318,192.55,8927.0
2025-05-22 16:00:00,192.55,193.096,192.536,193.048,9785.0
2025-05-22 17:00:00,193.047,193.24,192.823,192.981,10782.0
2025-05-22 18:00:00,192.978,193.207,192.969,193.184,8355.0
2025-05-22 19:00:00,193.182,193.466,193.149,193.246,5926.0
2025-05-22 20:00:00,193.246,193.518,193.192,193.462,6349.0
2025-05-22 21:00:00,193.471,193.588,193.448,193.495,4366.0
2025-05-22 22:00:00,193.495,193.521,193.176,193.229,3865.0
2025-05-22 23:00:00,193.228,193.247,193.087,193.238,1869.0
2025-05-23 00:00:00,193.245,193.293,193.007,193.232,953.0
2025-05-23 01:00:00,193.232,193.306,193.006,193.038,2290.0
2025-05-23 02:00:00,193.038,193.145,192.942,193.033,2575.0
2025-05-23 03:00:00,193.031,193.314,193.002,193.215,6374.0
2025-05-23 04:00:00,193.219,193.325,192.986,192.996,5733.0
2025-05-23 05:00:00,192.997,193.054,192.963,192.996,3429.0
2025-05-23 06:00:00,192.995,193.005,192.836,192.864,2714.0
2025-05-23 07:00:00,192.864,192.979,192.819,192.973,2662.0
2025-05-23 08:00:00,192.973,193.039,192.941,192.976,3280.0
2025-05-23 09:00:00,192.976,193.094,192.851,192.878,5540.0
2025-05-23 10:00:00,192.878,193.193,192.843,193.156,6724.0
2025-05-23 11:00:00,193.156,193.366,193.152,193.282,5469.0
2025-05-23 12:00:00,193.282,193.471,193.184,193.423,5311.0
2025-05-23 13:00:00,193.423,193.512,193.373,193.485,4953.0
2025-05-23 14:00:00,193.485,193.562,192.086,192.36,10225.0
2025-05-23 15:00:00,192.363,192.864,192.074,192.754,12089.0
2025-05-23 16:00:00,192.754,192.866,192.467,192.51,10951.0
2025-05-23 17:00:00,192.508,192.728,192.308,192.518,10029.0
2025-05-23 18:00:00,192.516,192.805,192.492,192.628,8387.0
2025-05-23 19:00:00,192.63,192.9,192.629,192.859,6375.0
2025-05-23 20:00:00,192.859,192.997,192.85,192.889,4863.0
2025-05-26 00:00:00,192.626,192.754,192.586,192.642,789.0
2025-05-26 01:00:00,192.642,193.538,192.642,193.266,4955.0
2025-05-26 02:00:00,193.266,193.443,193.248,193.361,3523.0
2025-05-26 03:00:00,193.361,193.468,193.288,193.332,6268.0
2025-05-26 04:00:00,193.332,193.538,193.264,193.395,6003.0
2025-05-26 05:00:00,193.395,193.415,193.272,193.331,4848.0
2025-05-26 06:00:00,193.33,193.577,193.311,193.442,4144.0
2025-05-26 07:00:00,193.442,193.706,193.442,193.644,3921.0
2025-05-26 08:00:00,193.644,193.806,193.617,193.667,4155.0
2025-05-26 09:00:00,193.667,194.042,193.659,193.764,5741.0
2025-05-26 10:00:00,193.764,193.921,193.72,193.868,6323.0
2025-05-26 11:00:00,193.869,193.897,193.664,193.828,4228.0
2025-05-26 12:00:00,193.827,193.938,193.682,193.76,3564.0
2025-05-26 13:00:00,193.76,193.794,193.689,193.755,3195.0
2025-05-26 14:00:00,193.755,193.834,193.734,193.813,3343.0
2025-05-26 15:00:00,193.814,193.839,193.73,193.817,3513.0
2025-05-26 16:00:00,193.817,193.823,193.723,193.785,3220.0
2025-05-26 17:00:00,193.785,193.796,193.575,193.658,3848.0
2025-05-26 18:00:00,193.658,193.755,193.565,193.749,2689.0
2025-05-26 19:00:00,193.749,193.779,193.593,193.6,1883.0
2025-05-26 20:00:00,193.6,193.626,193.542,193.623,1390.0
2025-05-26 21:00:00,193.623,193.656,193.609,193.616,1216.0
2025-05-26 22:00:00,193.616,193.663,193.599,193.661,864.0
2025-05-26 23:00:00,193.657,193.74,193.647,193.724,1115.0
2025-05-27 00:00:00,193.661,193.804,193.474,193.531,1500.0
2025-05-27 01:00:00,193.531,193.631,193.48,193.559,1883.0
2025-05-27 02:00:00,193.559,193.629,193.462,193.483,2052.0
2025-05-27 03:00:00,193.483,193.483,193.194,193.248,5069.0
2025-05-27 04:00:00,193.248,193.283,193.062,193.135,4779.0
2025-05-27 05:00:00,193.135,193.24,193.071,193.205,3665.0
2025-05-27 06:00:00,193.205,193.32,193.205,193.289,3314.0
2025-05-27 07:00:00,193.289,193.648,193.279,193.647,3969.0
2025-05-27 08:00:00,193.647,194.271,193.646,194.192,7051.0
2025-05-27 09:00:00,194.193,194.408,194.017,194.361,7482.0
2025-05-27 10:00:00,194.36,194.593,194.282,194.412,8427.0
2025-05-27 11:00:00,194.412,194.779,194.381,194.753,6625.0
2025-05-27 12:00:00,194.753,195.007,194.742,194.943,6055.0
2025-05-27 13:00:00,194.943,195.199,194.891,195.189,5904.0
2025-05-27 14:00:00,195.189,195.334,195.095,195.229,5454.0
2025-05-27 15:00:00,195.23,195.464,195.218,195.326,6836.0
2025-05-27 16:00:00,195.325,195.383,195.022,195.252,7926.0
2025-05-27 17:00:00,195.258,195.629,195.206,195.225,9634.0
2025-05-27 18:00:00,195.225,195.241,194.901,194.952,6969.0
2025-05-27 19:00:00,194.952,195.098,194.92,195.013,4755.0
2025-05-27 20:00:00,195.013,195.013,194.871,194.957,3721.0
2025-05-27 21:00:00,194.957,194.982,194.9,194.928,3155.0
2025-05-27 22:00:00,194.928,194.956,194.864,194.912,3214.0
2025-05-27 23:00:00,194.912,195.011,194.872,194.971,2067.0
2025-05-28 00:00:00,194.865,194.974,194.782,194.812,698.0
2025-05-28 01:00:00,194.812,194.911,194.796,194.824,1277.0
2025-05-28 02:00:00,194.824,194.959,194.775,194.787,1886.0
2025-05-28 03:00:00,194.787,194.803,194.495,194.789,4962.0
2025-05-28 04:00:00,194.789,195.405,194.644,194.767,7234.0
2025-05-28 05:00:00,194.767,194.98,194.656,194.95,6176.0
2025-05-28 06:00:00,194.943,195.101,194.587,194.64,5412.0
2025-05-28 07:00:00,194.636,194.739,194.488,194.575,4743.0
2025-05-28 08:00:00,194.575,194.884,194.457,194.494,4989.0
2025-05-28 09:00:00,194.492,194.848,194.387,194.797,6639.0
2025-05-28 10:00:00,194.794,194.874,194.481,194.583,6502.0
2025-05-28 11:00:00,194.583,194.713,194.449,194.588,5738.0
2025-05-28 12:00:00,194.588,194.901,194.55,194.854,4858.0
2025-05-28 13:00:00,194.854,194.865,194.649,194.685,4374.0
2025-05-28 14:00:00,194.685,194.699,194.496,194.674,5091.0
2025-05-28 15:00:00,194.674,194.735,194.478,194.651,6042.0
2025-05-28 16:00:00,194.651,195.199,194.651,195.124,8582.0
2025-05-28 17:00:00,195.123,195.189,194.893,195.128,9660.0
2025-05-28 18:00:00,195.128,195.271,195.094,195.228,7160.0
2025-05-28 19:00:00,195.228,195.362,195.215,195.269,4398.0
2025-05-28 20:00:00,195.27,195.308,195.153,195.161,3752.0
2025-05-28 21:00:00,195.165,195.233,194.975,195.086,4666.0
2025-05-28 22:00:00,195.086,195.202,195.045,195.104,4522.0
2025-05-28 23:00:00,195.106,195.14,195.036,195.123,3534.0
2025-05-29 00:00:00,195.006,195.006,194.858,194.94,644.0
2025-05-29 01:00:00,194.94,195.167,194.936,195.133,2616.0
2025-05-29 02:00:00,195.132,195.927,195.122,195.68,8648.0
2025-05-29 03:00:00,195.68,196.191,195.663,196.186,9793.0
2025-05-29 04:00:00,196.186,196.315,195.84,195.993,7212.0
2025-05-29 05:00:00,195.993,196.03,195.731,195.849,5180.0
2025-05-29 06:00:00,195.849,195.897,195.726,195.819,4291.0
2025-05-29 07:00:00,195.819,195.929,195.791,195.882,3160.0
2025-05-29 08:00:00,195.882,196.167,195.814,196.057,4728.0
2025-05-29 09:00:00,196.057,196.183,195.746,195.904,7038.0
2025-05-29 10:00:00,195.904,195.952,195.525,195.583,7144.0
2025-05-29 11:00:00,195.588,195.673,195.455,195.535,5964.0
2025-05-29 12:00:00,195.535,195.62,195.426,195.598,4842.0
2025-05-29 13:00:00,195.598,195.67,195.276,195.379,5744.0
2025-05-29 14:00:00,195.38,195.39,195.136,195.293,6790.0
2025-05-29 15:00:00,195.295,195.32,194.899,195.007,10043.0
2025-05-29 16:00:00,195.007,195.069,194.736,194.789,9055.0
2025-05-29 17:00:00,194.787,194.858,194.555,194.697,9326.0
2025-05-29 18:00:00,194.697,194.699,194.291,194.362,7745.0
2025-05-29 19:00:00,194.363,194.605,194.332,194.498,5734.0
2025-05-29 20:00:00,194.495,194.586,194.409,194.424,4740.0
2025-05-29 21:00:00,194.426,194.491,194.373,194.377,4034.0
2025-05-29 22:00:00,194.377,194.518,194.368,194.511,4078.0
2025-05-29 23:00:00,194.506,194.599,194.46,194.513,2615.0
2025-05-30 00:00:00,194.451,194.492,194.297,194.368,1417.0
2025-05-30 01:00:00,194.378,194.504,194.214,194.335,2278.0
2025-05-30 02:00:00,194.335,194.458,194.052,194.054,3328.0
2025-05-30 03:00:00,194.056,194.324,193.869,194.043,5764.0
2025-05-30 04:00:00,194.043,194.054,193.754,194.013,6492.0
2025-05-30 05:00:00,194.013,194.082,193.809,193.908,4995.0
2025-05-30 06:00:00,193.91,193.979,193.772,193.795,3940.0
2025-05-30 07:00:00,193.795,193.806,193.631,193.691,4168.0
2025-05-30 08:00:00,193.691,194.002,193.688,193.87,4006.0
2025-05-30 09:00:00,193.87,194.087,193.824,193.888,6307.0
2025-05-30 10:00:00,193.886,194.217,193.744,194.124,7415.0
2025-05-30 11:00:00,194.124,194.214,193.953,193.976,6737.0
2025-05-30 12:00:00,193.977,194.19,193.951,194.034,5759.0
2025-05-30 13:00:00,194.034,194.045,193.813,193.907,5431.0
2025-05-30 14:00:00,193.905,194.106,193.798,193.842,5526.0
2025-05-30 15:00:00,193.843,193.978,193.392,193.925,9778.0
2025-05-30 16:00:00,193.925,194.044,193.678,193.718,9069.0
2025-05-30 17:00:00,193.718,194.663,193.647,194.509,10406.0
2025-05-30 18:00:00,194.511,194.553,194.113,194.179,8885.0
2025-05-30 19:00:00,194.179,194.186,193.642,193.696,6775.0
2025-05-30 20:00:00,193.696,193.851,193.675,193.724,5136.0
2025-06-02 00:00:00,193.561,193.604,193.404,193.418,1186.0
2025-06-02 01:00:00,193.418,193.765,193.358,193.68,2463.0
2025-06-02 02:00:00,193.68,193.735,193.629,193.666,2907.0
2025-06-02 03:00:00,193.666,193.807,193.6,193.61,6105.0
2025-06-02 04:00:00,193.61,193.769,193.503,193.525,6110.0
2025-06-02 05:00:00,193.526,193.726,193.508,193.557,4299.0
2025-06-02 06:00:00,193.557,193.605,193.493,193.511,3993.0
2025-06-02 07:00:00,193.511,193.656,193.51,193.615,3436.0
2025-06-02 08:00:00,193.613,193.689,193.456,193.541,4428.0
2025-06-02 09:00:00,193.541,193.841,193.492,193.804,6186.0
2025-06-02 10:00:00,193.807,193.9,193.553,193.611,7429.0
2025-06-02 11:00:00,193.612,193.704,193.44,193.573,7173.0
2025-06-02 12:00:00,193.573,193.606,193.458,193.558,6401.0
2025-06-02 13:00:00,193.558,193.579,193.209,193.228,5983.0
2025-06-02 14:00:00,193.232,193.274,193.109,193.237,6265.0
2025-06-02 15:00:00,193.237,193.533,193.237,193.433,6592.0
2025-06-02 16:00:00,193.436,193.513,193.182,193.331,8104.0
2025-06-02 17:00:00,193.336,193.457,193.004,193.358,10515.0
2025-06-02 18:00:00,193.36,193.554,193.311,193.423,8604.0
2025-06-02 19:00:00,193.42,193.473,193.275,193.284,5862.0
2025-06-02 20:00:00,193.283,193.336,193.246,193.298,4655.0
2025-06-02 21:00:00,193.298,193.398,193.23,193.387,5088.0
2025-06-02 22:00:00,193.386,193.421,193.254,193.32,4145.0
2025-06-02 23:00:00,193.318,193.382,193.249,193.255,2567.0
2025-06-03 00:00:00,193.209,193.209,193.091,193.105,1423.0
2025-06-03 01:00:00,193.105,193.235,193.086,193.113,1647.0
2025-06-03 02:00:00,193.113,193.243,192.993,193.091,2326.0
2025-06-03 03:00:00,193.091,193.428,193.085,193.334,5219.0
2025-06-03 04:00:00,193.334,193.823,193.333,193.708,6129.0
2025-06-03 05:00:00,193.708,193.806,193.467,193.501,4529.0
2025-06-03 06:00:00,193.5,193.65,193.391,193.532,4190.0
2025-06-03 07:00:00,193.532,193.573,193.277,193.317,3906.0
2025-06-03 08:00:00,193.317,193.423,193.192,193.331,4268.0
2025-06-03 09:00:00,193.331,193.551,193.324,193.356,5668.0
2025-06-03 10:00:00,193.356,193.356,192.883,193.099,7242.0
2025-06-03 11:00:00,193.099,193.109,192.73,193.003,5764.0
2025-06-03 12:00:00,193.006,193.226,192.926,193.07,5284.0
2025-06-03 13:00:00,193.07,193.258,193.017,193.209,4979.0
2025-06-03 14:00:00,193.206,193.327,193.128,193.214,5351.0
2025-06-03 15:00:00,193.218,193.685,193.173,193.67,6673.0
2025-06-03 16:00:00,193.672,194.101,193.591,193.937,7407.0
2025-06-03 17:00:00,193.941,194.56,193.941,194.508,9292.0
2025-06-03 18:00:00,194.508,194.729,194.451,194.608,7349.0
2025-06-03 19:00:00,194.608,194.786,194.6,194.642,5096.0
2025-06-03 20:00:00,194.642,194.766,194.565,194.592,4242.0
2025-06-03 21:00:00,194.591,194.65,194.527,194.631,4024.0
2025-06-03 22:00:00,194.631,194.75,194.622,194.725,3232.0
2025-06-03 23:00:00,194.725,194.726,194.613,194.637,2164.0
2025-06-04 00:00:00,194.508,194.639,194.122,194.494,985.0
2025-06-04 01:00:00,194.494,194.739,194.464,194.658,1382.0
2025-06-04 02:00:00,194.658,194.785,194.572,194.597,2269.0
2025-06-04 03:00:00,194.597,194.819,194.555,194.775,5702.0
2025-06-04 04:00:00,194.775,195.031,194.532,194.578,6258.0
2025-06-04 05:00:00,194.578,194.684,194.541,194.632,4362.0
2025-06-04 06:00:00,194.632,194.795,194.583,194.721,3572.0
2025-06-04 07:00:00,194.721,194.942,194.716,194.919,3733.0
2025-06-04 08:00:00,194.919,194.971,194.755,194.836,4868.0
2025-06-04 09:00:00,194.836,194.912,194.533,194.756,6047.0
2025-06-04 10:00:00,194.756,194.974,194.57,194.928,5883.0
2025-06-04 11:00:00,194.929,195.094,194.799,194.828,5002.0
2025-06-04 12:00:00,194.827,195.049,194.76,195.043,4737.0
2025-06-04 13:00:00,195.043,195.239,194.882,195.085,5111.0
2025-06-04 14:00:00,195.087,195.116,194.927,194.967,4572.0
2025-06-04 15:00:00,194.967,194.984,194.232,194.42,8823.0
2025-06-04 16:00:00,194.419,194.683,194.412,194.516,8020.0
2025-06-04 17:00:00,194.479,194.481,194.049,194.332,10032.0
2025-06-04 18:00:00,194.333,194.406,193.81,193.911,7555.0
2025-06-04 19:00:00,193.912,193.919,193.476,193.581,5488.0
2025-06-04 20:00:00,193.583,193.668,193.53,193.616,4438.0
2025-06-04 21:00:00,193.616,193.668,193.566,193.628,3858.0
2025-06-04 22:00:00,193.628,193.668,193.534,193.558,3341.0
2025-06-04 23:00:00,193.558,193.57,193.419,193.431,2109.0
2025-06-05 00:00:00,193.434,193.492,193.333,193.356,795.0
2025-06-05 01:00:00,193.356,193.562,193.312,193.472,1389.0
2025-06-05 02:00:00,193.472,193.543,193.262,193.408,2632.0
2025-06-05 03:00:00,193.408,193.577,193.33,193.448,5798.0
2025-06-05 04:00:00,193.449,193.666,193.403,193.619,5740.0
2025-06-05 05:00:00,193.618,193.631,193.447,193.584,3866.0
2025-06-05 06:00:00,193.585,193.73,193.512,193.683,4188.0
2025-06-05 07:00:00,193.683,193.799,193.629,193.77,4271.0
2025-06-05 08:00:00,193.77,193.925,193.72,193.892,3851.0
2025-06-05 09:00:00,193.891,194.098,193.869,194.034,5583.0
2025-06-05 10:00:00,194.034,194.457,193.974,194.39,6117.0
2025-06-05 11:00:00,194.388,194.525,194.347,194.391,5019.0
2025-06-05 12:00:00,194.391,194.428,194.18,194.275,5193.0
2025-06-05 13:00:00,194.275,194.425,194.221,194.299,4730.0
2025-06-05 14:00:00,194.299,194.498,194.217,194.426,5554.0
2025-06-05 15:00:00,194.427,195.035,194.046,194.689,10042.0
2025-06-05 16:00:00,194.683,194.834,194.419,194.552,11923.0
2025-06-05 17:00:00,194.552,195.094,194.552,194.981,10748.0
2025-06-05 18:00:00,194.984,195.467,194.984,195.399,8294.0
2025-06-05 19:00:00,195.398,195.499,194.97,195.007,6491.0
2025-06-05 20:00:00,195.007,195.347,194.986,195.253,5007.0
2025-06-05 21:00:00,195.253,195.26,194.909,195.052,5131.0
2025-06-05 22:00:00,195.052,195.152,194.782,195.04,7041.0
2025-06-05 23:00:00,195.04,195.135,194.758,194.821,3492.0
2025-06-06 00:00:00,194.688,194.836,194.546,194.742,1268.0
2025-06-06 01:00:00,194.742,194.898,194.685,194.879,1923.0
2025-06-06 02:00:00,194.879,194.969,194.787,194.933,2196.0
2025-06-06 03:00:00,194.933,195.194,194.933,195.16,4835.0
2025-06-06 04:00:00,195.161,195.242,195.004,195.019,4953.0
2025-06-06 05:00:00,195.019,195.237,195.0,195.189,4315.0
2025-06-06 06:00:00,195.189,195.198,195.039,195.111,3549.0
2025-06-06 07:00:00,195.107,195.27,195.104,195.26,3185.0
2025-06-06 08:00:00,195.26,195.308,195.158,195.176,3645.0
2025-06-06 09:00:00,195.176,195.244,195.03,195.157,4937.0
2025-06-06 10:00:00,195.157,195.164,194.813,194.936,6134.0
2025-06-06 11:00:00,194.936,195.043,194.814,195.031,5040.0
2025-06-06 12:00:00,195.026,195.178,194.935,195.109,4846.0
2025-06-06 13:00:00,195.11,195.247,195.029,195.23,4182.0
2025-06-06 14:00:00,195.23,195.402,195.195,195.352,4927.0
2025-06-06 15:00:00,195.352,195.783,195.207,195.769,10505.0
2025-06-06 16:00:00,195.766,196.039,195.684,195.939,11838.0
2025-06-06 17:00:00,195.938,196.17,195.888,195.996,10649.0
2025-06-06 18:00:00,195.994,196.191,195.867,196.033,8344.0
2025-06-06 19:00:00,196.033,196.093,195.939,195.983,6092.0
2025-06-06 20:00:00,195.983,195.991,195.846,195.953,4829.0
2025-06-09 00:00:00,195.846,195.858,195.698,195.764,698.0
2025-06-09 01:00:00,195.764,195.891,195.764,195.847,1320.0
2025-06-09 02:00:00,195.847,195.908,195.76,195.875,2014.0
2025-06-09 03:00:00,195.875,196.129,195.738,196.117,4513.0
2025-06-09 04:00:00,196.117,196.149,195.814,195.906,4382.0
2025-06-09 05:00:00,195.904,195.922,195.751,195.887,3829.0
2025-06-09 06:00:00,195.887,195.887,195.756,195.816,2965.0
2025-06-09 07:00:00,195.816,195.816,195.664,195.701,2591.0
2025-06-09 08:00:00,195.702,195.833,195.664,195.783,2931.0
2025-06-09 09:00:00,195.783,195.821,195.59,195.673,4415.0
2025-06-09 10:00:00,195.673,195.742,195.471,195.53,5174.0
2025-06-09 11:00:00,195.53,195.693,195.465,195.668,5773.0
2025-06-09 12:00:00,195.668,195.696,195.472,195.577,4840.0
2025-06-09 13:00:00,195.577,195.601,195.446,195.484,3879.0
2025-06-09 14:00:00,195.484,195.997,195.464,195.954,5852.0
2025-06-09 15:00:00,195.954,195.96,195.664,195.781,6346.0
2025-06-09 16:00:00,195.782,195.879,195.705,195.819,7029.0
2025-06-09 17:00:00,195.819,195.907,195.688,195.885,7578.0
2025-06-09 18:00:00,195.885,195.909,195.752,195.805,5902.0
2025-06-09 19:00:00,195.805,195.867,195.739,195.781,3800.0
2025-06-09 20:00:00,195.784,195.868,195.738,195.859,3060.0
2025-06-09 21:00:00,195.859,196.068,195.821,196.06,3467.0
2025-06-09 22:00:00,196.06,196.076,195.968,195.999,2437.0
2025-06-09 23:00:00,195.999,196.026,195.893,195.921,1731.0
2025-06-10 00:00:00,195.806,195.864,195.688,195.766,2544.0
2025-06-10 01:00:00,195.766,196.019,195.748,195.973,1304.0
2025-06-10 02:00:00,195.973,196.015,195.858,195.947,1776.0
2025-06-10 03:00:00,195.948,196.053,195.833,195.892,4810.0
2025-06-10 04:00:00,195.892,196.23,195.853,196.21,6086.0
2025-06-10 05:00:00,196.206,196.454,196.14,196.213,5633.0
2025-06-10 06:00:00,196.213,196.214,196.094,196.152,3896.0
2025-06-10 07:00:00,196.152,196.232,196.091,196.216,3552.0
2025-06-10 08:00:00,196.216,196.217,195.595,195.735,6489.0
2025-06-10 09:00:00,195.74,195.741,194.938,194.939,7275.0
2025-06-10 10:00:00,194.936,195.076,194.779,195.005,7759.0
2025-06-10 11:00:00,195.005,195.252,194.842,195.098,5890.0
2025-06-10 12:00:00,195.098,195.272,195.039,195.203,4776.0
2025-06-10 13:00:00,195.204,195.329,195.163,195.307,4679.0
2025-06-10 14:00:00,195.307,195.322,195.02,195.272,5410.0
2025-06-10 15:00:00,195.272,195.388,195.153,195.368,5809.0
2025-06-10 16:00:00,195.368,195.665,195.354,195.597,7804.0
2025-06-10 17:00:00,195.596,195.865,195.585,195.689,7032.0
2025-06-10 18:00:00,195.686,195.848,195.559,195.738,6462.0
2025-06-10 19:00:00,195.737,195.825,195.681,195.689,4215.0
2025-06-10 20:00:00,195.689,195.765,195.654,195.669,3323.0
2025-06-10 21:00:00,195.669,195.674,195.578,195.611,3967.0
2025-06-10 22:00:00,195.611,195.7,195.539,195.649,3706.0
2025-06-10 23:00:00,195.649,195.693,195.551,195.569,2259.0
2025-06-11 00:00:00,195.469,195.534,195.336,195.474,2275.0
2025-06-11 01:00:00,195.474,195.742,195.417,195.742,1813.0
2025-06-11 02:00:00,195.742,195.925,195.554,195.646,4384.0
2025-06-11 03:00:00,195.646,195.731,195.393,195.533,6176.0
2025-06-11 04:00:00,195.533,195.624,195.394,195.417,5277.0
2025-06-11 05:00:00,195.414,195.597,195.298,195.399,4227.0
2025-06-11 06:00:00,195.399,195.527,195.339,195.502,3247.0
2025-06-11 07:00:00,195.502,195.574,195.394,195.545,2864.0
2025-06-11 08:00:00,195.545,195.672,195.54,195.585,3843.0
2025-06-11 09:00:00,195.585,195.763,195.416,195.45,5156.0
2025-06-11 10:00:00,195.451,195.754,195.399,195.67,5926.0
2025-06-11 11:00:00,195.67,195.797,195.63,195.761,4961.0
2025-06-11 12:00:00,195.761,195.882,195.581,195.823,5101.0
2025-06-11 13:00:00,195.823,195.936,195.786,195.886,4292.0
2025-06-11 14:00:00,195.884,196.079,195.82,196.061,5378.0
2025-06-11 15:00:00,196.061,196.239,195.538,195.659,10871.0
2025-06-11 16:00:00,195.659,196.106,195.57,196.087,9721.0
2025-06-11 17:00:00,196.088,196.232,195.914,196.051,7901.0
2025-06-11 18:00:00,196.051,196.091,195.774,195.854,6699.0
2025-06-11 19:00:00,195.854,195.976,195.719,195.956,4873.0
2025-06-11 20:00:00,195.956,196.085,195.869,196.019,4038.0
2025-06-11 21:00:00,196.018,196.018,195.62,195.772,5853.0
2025-06-11 22:00:00,195.772,195.837,195.675,195.804,3619.0
2025-06-11 23:00:00,195.806,195.929,195.787,195.885,2344.0
2025-06-12 00:00:00,195.734,195.784,195.604,195.708,978.0
2025-06-12 01:00:00,195.708,195.789,195.608,195.699,2267.0
2025-06-12 02:00:00,195.699,195.751,195.566,195.622,3233.0
2025-06-12 03:00:00,195.623,195.776,195.528,195.657,6707.0
2025-06-12 04:00:00,195.657,195.699,195.36,195.573,6910.0
2025-06-12 05:00:00,195.572,195.6,195.382,195.396,4699.0
2025-06-12 06:00:00,195.396,195.544,195.394,195.457,3675.0
2025-06-12 07:00:00,195.458,195.645,195.444,195.519,3726.0
2025-06-12 08:00:00,195.519,195.555,195.23,195.314,4107.0
2025-06-12 09:00:00,195.322,195.322,194.809,194.971,6819.0
2025-06-12 10:00:00,194.971,195.109,194.845,194.855,7587.0
2025-06-12 11:00:00,194.857,195.108,194.716,195.074,7220.0
2025-06-12 12:00:00,195.072,195.153,194.992,195.109,6130.0
2025-06-12 13:00:00,195.109,195.141,194.816,195.074,7377.0
2025-06-12 14:00:00,195.074,195.282,194.987,195.21,6401.0
2025-06-12 15:00:00,195.21,195.269,194.916,195.022,9073.0
2025-06-12 16:00:00,195.022,195.177,194.89,195.052,9391.0
2025-06-12 17:00:00,195.049,195.524,195.048,195.398,8897.0
2025-06-12 18:00:00,195.398,195.522,195.126,195.166,8566.0
2025-06-12 19:00:00,195.167,195.273,195.047,195.189,5833.0
2025-06-12 20:00:00,195.189,195.332,195.074,195.094,4338.0
2025-06-12 21:00:00,195.094,195.182,195.06,195.14,3537.0
2025-06-12 22:00:00,195.146,195.315,195.134,195.305,3399.0
2025-06-12 23:00:00,195.305,195.452,195.28,195.33,2423.0
2025-06-13 00:00:00,195.275,195.406,195.048,195.348,1108.0
2025-06-13 01:00:00,195.348,195.446,195.259,195.339,2223.0
2025-06-13 02:00:00,195.339,195.34,194.997,195.016,2994.0
2025-06-13 03:00:00,195.016,195.158,193.767,194.113,12848.0
2025-06-13 04:00:00,194.111,194.357,193.824,194.212,9421.0
2025-06-13 05:00:00,194.214,194.269,193.794,193.972,7719.0
2025-06-13 06:00:00,193.972,194.679,193.957,194.48,7122.0
2025-06-13 07:00:00,194.48,194.534,194.271,194.42,5750.0
2025-06-13 08:00:00,194.42,194.681,194.318,194.339,6063.0
2025-06-13 09:00:00,194.34,194.54,194.146,194.469,8069.0
2025-06-13 10:00:00,194.468,195.039,194.388,194.98,8442.0
2025-06-13 11:00:00,194.981,195.098,194.84,194.977,6613.0
2025-06-13 12:00:00,194.976,195.268,194.944,195.189,7236.0
2025-06-13 13:00:00,195.189,195.376,195.075,195.376,7491.0
2025-06-13 14:00:00,195.376,195.432,195.114,195.141,7305.0
2025-06-13 15:00:00,195.141,195.292,194.987,195.291,6222.0
2025-06-13 16:00:00,195.292,195.405,195.014,195.141,7584.0
2025-06-13 17:00:00,195.132,195.689,195.035,195.652,8559.0
2025-06-13 18:00:00,195.65,195.978,195.642,195.792,7701.0
2025-06-13 19:00:00,195.792,195.872,195.734,195.812,4796.0
2025-06-13 20:00:00,195.809,195.809,195.665,195.727,5434.0
2025-06-16 00:00:00,195.138,195.642,194.966,195.496,2540.0
2025-06-16 01:00:00,195.496,196.009,195.42,195.86,5855.0
2025-06-16 02:00:00,195.86,196.069,195.782,195.873,5450.0
2025-06-16 03:00:00,195.873,195.878,195.593,195.617,6543.0
2025-06-16 04:00:00,195.625,195.634,195.422,195.551,6158.0
2025-06-16 05:00:00,195.552,195.704,195.502,195.573,4874.0
2025-06-16 06:00:00,195.573,195.595,195.497,195.58,4680.0
2025-06-16 07:00:00,195.58,195.586,195.455,195.49,4352.0
2025-06-16 08:00:00,195.49,195.564,195.407,195.517,5430.0
2025-06-16 09:00:00,195.516,195.996,195.43,195.959,6948.0
2025-06-16 10:00:00,195.959,196.176,195.822,195.837,7397.0
2025-06-16 11:00:00,195.837,196.041,195.694,195.894,6005.0
2025-06-16 12:00:00,195.894,196.004,195.709,195.793,5248.0
2025-06-16 13:00:00,195.793,195.854,195.574,195.625,5104.0
2025-06-16 14:00:00,195.625,195.77,195.554,195.674,5805.0
2025-06-16 15:00:00,195.674,195.904,195.671,195.721,7291.0
2025-06-16 16:00:00,195.721,195.822,195.594,195.748,10000.0
2025-06-16 17:00:00,195.743,196.001,195.584,195.855,9860.0
2025-06-16 18:00:00,195.856,195.993,195.768,195.984,6952.0
2025-06-16 19:00:00,195.984,196.227,195.978,196.193,4981.0
2025-06-16 20:00:00,196.194,196.4,196.144,196.29,4727.0
2025-06-16 21:00:00,196.293,196.618,196.279,196.604,4780.0
2025-06-16 22:00:00,196.604,196.694,196.507,196.639,4229.0
2025-06-16 23:00:00,196.639,196.683,196.519,196.559,2867.0
2025-06-17 00:00:00,196.444,196.506,196.306,196.37,1238.0
2025-06-17 01:00:00,196.37,196.649,196.239,196.304,4049.0
2025-06-17 02:00:00,196.305,196.476,196.294,196.303,4332.0
2025-06-17 03:00:00,196.296,196.849,196.266,196.806,7059.0
2025-06-17 04:00:00,196.807,196.807,196.5,196.542,5416.0
2025-06-17 05:00:00,196.542,196.736,196.462,196.685,5070.0
2025-06-17 06:00:00,196.685,196.69,196.304,196.364,4855.0
2025-06-17 07:00:00,196.364,196.406,196.054,196.251,4810.0
2025-06-17 08:00:00,196.251,196.377,196.19,196.296,4907.0
2025-06-17 09:00:00,196.296,196.595,196.224,196.494,6675.0
2025-06-17 10:00:00,196.494,196.634,195.973,196.056,8135.0
2025-06-17 11:00:00,196.056,196.413,195.961,196.315,7352.0
2025-06-17 12:00:00,196.318,196.487,196.131,196.144,6611.0
2025-06-17 13:00:00,196.144,196.323,196.107,196.179,5464.0
2025-06-17 14:00:00,196.179,196.26,195.965,196.124,6204.0
2025-06-17 15:00:00,196.124,196.376,195.803,196.249,8480.0
2025-06-17 16:00:00,196.249,196.371,196.155,196.236,9036.0
2025-06-17 17:00:00,196.234,196.309,195.919,196.175,9848.0
2025-06-17 18:00:00,196.176,196.233,195.813,196.007,7516.0
2025-06-17 19:00:00,196.007,196.025,195.512,195.639,6349.0
2025-06-17 20:00:00,195.637,195.693,195.137,195.289,7529.0
2025-06-17 21:00:00,195.289,195.312,195.123,195.2,6533.0
2025-06-17 22:00:00,195.2,195.22,194.942,194.968,5195.0
2025-06-17 23:00:00,194.966,195.089,194.91,195.085,3929.0
2025-06-18 00:00:00,194.996,195.094,194.84,194.898,1358.0
2025-06-18 01:00:00,194.896,195.228,194.778,195.166,2604.0
2025-06-18 02:00:00,195.166,195.27,195.086,195.234,2669.0
2025-06-18 03:00:00,195.238,195.348,195.084,195.179,7267.0
2025-06-18 04:00:00,195.18,195.231,195.049,195.071,5501.0
2025-06-18 05:00:00,195.071,195.1,194.966,194.987,4281.0
2025-06-18 06:00:00,194.988,195.061,194.942,194.951,3373.0
2025-06-18 07:00:00,194.951,194.998,194.85,194.956,3383.0
2025-06-18 08:00:00,194.958,194.983,194.779,194.94,4303.0
2025-06-18 09:00:00,194.943,195.27,194.881,195.078,7040.0
2025-06-18 10:00:00,195.076,195.255,195.059,195.096,6952.0
2025-06-18 11:00:00,195.099,195.339,194.997,195.017,6055.0
2025-06-18 12:00:00,195.019,195.241,195.013,195.136,5492.0
2025-06-18 13:00:00,195.136,195.191,194.634,194.661,5639.0
2025-06-18 14:00:00,194.659,194.953,194.62,194.835,5544.0
2025-06-18 15:00:00,194.834,194.978,194.789,194.837,6728.0
2025-06-18 16:00:00,194.837,194.876,194.533,194.712,8218.0
2025-06-18 17:00:00,194.712,195.077,194.591,194.791,10313.0
2025-06-18 18:00:00,194.789,194.864,194.666,194.736,6966.0
2025-06-18 19:00:00,194.738,194.812,194.629,194.695,5271.0
2025-06-18 20:00:00,194.695,194.751,194.52,194.52,4241.0
2025-06-18 21:00:00,194.504,194.654,194.34,194.584,12193.0
2025-06-18 22:00:00,194.578,194.712,194.526,194.604,9343.0
2025-06-18 23:00:00,194.604,194.814,194.595,194.742,3644.0
2025-06-19 00:00:00,194.71,194.796,194.458,194.682,2101.0
2025-06-19 01:00:00,194.682,194.82,194.512,194.603,2866.0
2025-06-19 02:00:00,194.603,194.662,194.418,194.446,3589.0
2025-06-19 03:00:00,194.446,194.474,194.247,194.37,5328.0
2025-06-19 04:00:00,194.372,194.447,194.017,194.416,6394.0
2025-06-19 05:00:00,194.416,194.505,194.326,194.482,4598.0
2025-06-19 06:00:00,194.482,194.567,194.444,194.508,4053.0
2025-06-19 07:00:00,194.508,194.566,194.442,194.513,3409.0
2025-06-19 08:00:00,194.513,194.554,194.346,194.379,4405.0
2025-06-19 09:00:00,194.377,194.752,194.361,194.748,6662.0
2025-06-19 10:00:00,194.748,194.992,194.714,194.848,6864.0
2025-06-19 11:00:00,194.848,195.083,194.737,195.079,6813.0
2025-06-19 12:00:00,195.077,195.291,195.007,195.194,4916.0
2025-06-19 13:00:00,195.194,195.776,195.165,195.591,5824.0
2025-06-19 14:00:00,195.591,195.906,195.36,195.885,6769.0
2025-06-19 15:00:00,195.885,195.957,195.571,195.627,6200.0
2025-06-19 16:00:00,195.626,195.65,195.21,195.389,6340.0
2025-06-19 17:00:00,195.389,195.64,195.367,195.63,6325.0
2025-06-19 18:00:00,195.63,195.737,195.524,195.589,4803.0
2025-06-19 19:00:00,195.581,195.667,195.543,195.624,3128.0
2025-06-19 20:00:00,195.624,195.794,195.583,195.758,3117.0
2025-06-19 21:00:00,195.758,195.849,195.727,195.805,2303.0
2025-06-19 22:00:00,195.805,195.885,195.735,195.885,2691.0
2025-06-19 23:00:00,195.885,195.903,195.833,195.882,1885.0
2025-06-20 00:00:00,195.658,195.812,195.589,195.736,1870.0
2025-06-20 01:00:00,195.736,196.033,195.73,195.931,3244.0
2025-06-20 02:00:00,195.931,195.964,195.681,195.723,3579.0
2025-06-20 03:00:00,195.719,195.939,195.678,195.916,5358.0
2025-06-20 04:00:00,195.917,196.022,195.809,195.898,5967.0
2025-06-20 05:00:00,195.898,195.98,195.854,195.886,4302.0
2025-06-20 06:00:00,195.886,196.116,195.861,196.083,4466.0
2025-06-20 07:00:00,196.083,196.22,196.039,196.157,3893.0
2025-06-20 08:00:00,196.157,196.332,196.143,196.293,4541.0
2025-06-20 09:00:00,196.304,196.304,195.774,195.789,6297.0
2025-06-20 10:00:00,195.787,196.013,195.698,195.955,6043.0
2025-06-20 11:00:00,195.956,196.105,195.817,196.062,6339.0
2025-06-20 12:00:00,196.062,196.133,195.917,196.12,5557.0
2025-06-20 13:00:00,196.12,196.298,196.036,196.279,4248.0
2025-06-20 14:00:00,196.276,196.533,196.213,196.512,6110.0
2025-06-20 15:00:00,196.512,196.6,196.357,196.574,8110.0
2025-06-20 16:00:00,196.57,196.702,196.518,196.57,8220.0
2025-06-20 17:00:00,196.568,196.693,196.241,196.473,8987.0
2025-06-20 18:00:00,196.472,196.579,196.393,196.488,7765.0
2025-06-20 19:00:00,196.486,196.586,196.442,196.455,5611.0
2025-06-20 20:00:00,196.455,196.533,196.4,196.502,5063.0
2025-06-23 00:00:00,196.526,196.64,196.318,196.386,1250.0
2025-06-23 01:00:00,196.386,196.722,196.094,196.543,5647.0
2025-06-23 02:00:00,196.543,196.588,196.42,196.432,4754.0
2025-06-23 03:00:00,196.433,196.592,196.31,196.568,7109.0
2025-06-23 04:00:00,196.568,196.941,196.516,196.863,6576.0
2025-06-23 05:00:00,196.867,196.905,196.642,196.764,5258.0
2025-06-23 06:00:00,196.764,196.882,196.73,196.83,4987.0
2025-06-23 07:00:00,196.83,197.21,196.826,197.107,5480.0
2025-06-23 08:00:00,197.107,197.754,197.104,197.581,6635.0
2025-06-23 09:00:00,197.581,198.014,197.555,197.742,7616.0
2025-06-23 10:00:00,197.738,198.038,197.607,198.016,8427.0
2025-06-23 11:00:00,198.016,198.202,197.954,198.003,7517.0
2025-06-23 12:00:00,198.003,198.093,197.75,197.92,8919.0
2025-06-23 13:00:00,197.918,198.029,197.839,198.007,7384.0
2025-06-23 14:00:00,198.007,198.058,197.437,197.685,7760.0
2025-06-23 15:00:00,197.685,197.722,197.253,197.42,8290.0
2025-06-23 16:00:00,197.421,197.819,197.298,197.757,9257.0
2025-06-23 17:00:00,197.757,197.835,197.559,197.685,11981.0
2025-06-23 18:00:00,197.688,197.776,197.556,197.577,8798.0
2025-06-23 19:00:00,197.577,197.634,197.314,197.476,8503.0
2025-06-23 20:00:00,197.478,197.855,197.445,197.686,8605.0
2025-06-23 21:00:00,197.686,197.696,197.485,197.618,6724.0
2025-06-23 22:00:00,197.617,197.718,197.574,197.692,4547.0
2025-06-23 23:00:00,197.692,197.697,197.572,197.638,3338.0
2025-06-24 00:00:00,197.564,197.66,197.4,197.52,1141.0
2025-06-24 01:00:00,197.52,197.693,197.395,197.568,4557.0
2025-06-24 02:00:00,197.568,197.674,197.462,197.653,5914.0
2025-06-24 03:00:00,197.653,197.654,197.247,197.273,7872.0
2025-06-24 04:00:00,197.273,197.39,197.142,197.255,6329.0
2025-06-24 05:00:00,197.255,197.283,197.075,197.224,5422.0
2025-06-24 06:00:00,197.224,197.268,197.029,197.241,4252.0
2025-06-24 07:00:00,197.239,197.306,197.177,197.26,4398.0
2025-06-24 08:00:00,197.258,197.367,197.116,197.171,4950.0
2025-06-24 09:00:00,197.171,197.333,197.061,197.202,8313.0
2025-06-24 10:00:00,197.201,197.386,196.944,197.345,9118.0
2025-06-24 11:00:00,197.339,197.369,197.075,197.333,8267.0
2025-06-24 12:00:00,197.333,197.584,197.236,197.294,7205.0
2025-06-24 13:00:00,197.294,197.491,197.214,197.454,5304.0
2025-06-24 14:00:00,197.454,197.538,197.304,197.347,5908.0
2025-06-24 15:00:00,197.347,197.426,197.15,197.205,7688.0
2025-06-24 16:00:00,197.205,197.356,197.092,197.263,8566.0
2025-06-24 17:00:00,197.262,197.267,196.964,197.167,10679.0
2025-06-24 18:00:00,197.167,197.323,197.047,197.269,7941.0
2025-06-24 19:00:00,197.27,197.368,197.096,197.161,6023.0
2025-06-24 20:00:00,197.161,197.359,197.101,197.344,4616.0
2025-06-24 21:00:00,197.346,197.368,197.138,197.22,4202.0
2025-06-24 22:00:00,197.22,197.251,197.156,197.181,3401.0
2025-06-24 23:00:00,197.181,197.295,197.149,197.265,2920.0
2025-06-25 00:00:00,197.218,197.402,197.062,197.086,510.0
2025-06-25 01:00:00,197.086,197.346,197.06,197.305,1665.0
2025-06-25 02:00:00,197.305,197.369,197.139,197.327,2613.0
2025-06-25 03:00:00,197.327,197.489,197.151,197.293,6100.0
2025-06-25 04:00:00,197.293,197.318,197.047,197.146,6110.0
2025-06-25 05:00:00,197.146,197.286,197.051,197.213,4460.0
2025-06-25 06:00:00,197.213,197.357,197.192,197.342,3860.0
2025-06-25 07:00:00,197.342,197.386,197.219,197.353,3675.0
2025-06-25 08:00:00,197.352,197.687,197.352,197.584,4329.0
2025-06-25 09:00:00,197.584,197.993,197.553,197.979,5853.0
2025-06-25 10:00:00,197.98,198.069,197.72,197.831,7094.0
2025-06-25 11:00:00,197.832,198.207,197.774,198.16,6248.0
2025-06-25 12:00:00,198.162,198.27,198.048,198.239,6304.0
2025-06-25 13:00:00,198.239,198.315,198.127,198.273,5091.0
2025-06-25 14:00:00,198.274,198.409,198.252,198.32,5652.0
2025-06-25 15:00:00,198.32,198.371,198.124,198.325,6431.0
2025-06-25 16:00:00,198.323,198.576,198.322,198.505,6973.0
2025-06-25 17:00:00,198.505,198.53,198.263,198.508,8803.0
2025-06-25 18:00:00,198.509,198.531,198.256,198.37,7155.0
2025-06-25 19:00:00,198.369,198.445,198.319,198.403,5074.0
2025-06-25 20:00:00,198.403,198.47,198.351,198.459,5115.0
2025-06-25 21:00:00,198.459,198.468,198.266,198.318,4287.0
2025-06-25 22:00:00,198.318,198.479,198.318,198.475,4111.0
2025-06-25 23:00:00,198.475,198.582,198.433,198.45,2991.0
2025-06-26 00:00:00,198.352,198.356,198.17,198.253,1417.0
2025-06-26 01:00:00,198.254,198.486,198.226,198.478,1838.0
2025-06-26 02:00:00,198.478,198.478,198.303,198.385,4541.0
2025-06-26 03:00:00,198.38,198.468,198.067,198.079,5595.0
2025-06-26 04:00:00,198.078,198.301,198.009,198.151,5223.0
2025-06-26 05:00:00,198.151,198.385,198.106,198.321,4704.0
2025-06-26 06:00:00,198.321,198.526,198.299,198.516,5059.0
2025-06-26 07:00:00,198.516,198.597,198.283,198.36,3961.0
2025-06-26 08:00:00,198.36,198.506,198.229,198.297,5092.0
2025-06-26 09:00:00,198.297,198.344,197.858,197.976,7878.0
2025-06-26 10:00:00,197.978,197.996,197.749,197.899,8372.0
2025-06-26 11:00:00,197.901,198.037,197.71,197.894,8645.0
2025-06-26 12:00:00,197.894,198.069,197.806,198.016,7160.0
2025-06-26 13:00:00,198.016,198.114,197.961,197.971,5953.0
2025-06-26 14:00:00,197.971,198.001,197.828,197.92,6977.0
2025-06-26 15:00:00,197.92,198.068,197.761,197.965,9164.0
2025-06-26 16:00:00,197.965,198.209,197.925,198.191,9924.0
2025-06-26 17:00:00,198.189,198.408,198.177,198.31,10666.0
2025-06-26 18:00:00,198.312,198.535,198.258,198.492,7798.0
2025-06-26 19:00:00,198.492,198.52,198.298,198.415,5893.0
2025-06-26 20:00:00,198.412,198.453,198.316,198.371,5453.0
2025-06-26 21:00:00,198.371,198.391,198.24,198.252,4290.0
2025-06-26 22:00:00,198.254,198.293,198.173,198.262,3799.0
2025-06-26 23:00:00,198.263,198.292,198.18,198.194,2977.0
2025-06-27 00:00:00,198.148,198.236,197.942,198.116,1373.0
2025-06-27 01:00:00,198.116,198.449,198.086,198.351,2986.0
2025-06-27 02:00:00,198.352,198.624,198.218,198.575,3306.0
2025-06-27 03:00:00,198.561,198.81,198.465,198.613,6116.0
2025-06-27 04:00:00,198.613,198.689,198.209,198.213,6006.0
2025-06-27 05:00:00,198.213,198.403,198.141,198.349,4567.0
2025-06-27 06:00:00,198.349,198.523,198.304,198.433,4623.0
2025-06-27 07:00:00,198.432,198.463,198.334,198.356,4287.0
2025-06-27 08:00:00,198.356,198.444,198.143,198.242,5036.0
2025-06-27 09:00:00,198.242,198.31,198.113,198.296,6699.0
2025-06-27 10:00:00,198.296,198.593,198.192,198.516,7307.0
2025-06-27 11:00:00,198.516,198.582,198.298,198.485,6436.0
2025-06-27 12:00:00,198.488,198.537,198.312,198.524,5316.0
2025-06-27 13:00:00,198.527,198.627,198.333,198.36,5805.0
2025-06-27 14:00:00,198.359,198.606,198.326,198.499,5373.0
2025-06-27 15:00:00,198.499,198.645,198.297,198.476,9214.0
2025-06-27 16:00:00,198.476,198.678,198.449,198.578,9399.0
2025-06-27 17:00:00,198.577,198.753,198.337,198.705,8914.0
2025-06-27 18:00:00,198.708,198.718,198.412,198.545,7281.0
2025-06-27 19:00:00,198.545,198.564,198.193,198.271,5369.0
2025-06-27 20:00:00,198.271,198.399,198.152,198.182,6233.0
2025-06-30 00:00:00,197.707,198.154,197.703,198.09,1175.0
2025-06-30 01:00:00,198.09,198.455,198.07,198.295,4555.0
2025-06-30 02:00:00,198.295,198.313,198.185,198.238,3058.0
2025-06-30 03:00:00,198.238,198.454,198.217,198.333,5776.0
2025-06-30 04:00:00,198.333,198.37,197.991,198.022,5671.0
2025-06-30 05:00:00,198.021,198.024,197.737,197.93,5498.0
2025-06-30 06:00:00,197.93,197.935,197.753,197.765,3487.0
2025-06-30 07:00:00,197.765,197.775,197.575,197.633,4004.0
2025-06-30 08:00:00,197.633,197.658,197.491,197.566,5101.0
2025-06-30 09:00:00,197.562,197.694,197.499,197.617,6405.0
2025-06-30 10:00:00,197.618,197.618,197.213,197.492,7913.0
2025-06-30 11:00:00,197.492,197.531,197.293,197.429,7254.0
2025-06-30 12:00:00,197.428,197.57,197.369,197.561,6551.0
2025-06-30 13:00:00,197.561,197.568,197.423,197.545,5024.0
2025-06-30 14:00:00,197.547,197.877,197.493,197.816,5807.0
2025-06-30 15:00:00,197.815,197.852,197.684,197.815,6174.0
2025-06-30 16:00:00,197.815,197.853,197.472,197.569,8345.0
2025-06-30 17:00:00,197.572,198.007,197.444,197.946,10442.0
2025-06-30 18:00:00,197.946,197.979,197.622,197.795,9191.0
2025-06-30 19:00:00,197.795,197.866,197.648,197.79,6143.0
2025-06-30 20:00:00,197.79,197.833,197.646,197.754,5050.0
2025-06-30 21:00:00,197.754,197.874,197.711,197.818,5182.0
2025-06-30 22:00:00,197.816,197.868,197.66,197.708,4344.0
2025-06-30 23:00:00,197.701,197.803,197.589,197.777,3272.0
2025-07-01 00:00:00,197.7,197.765,197.518,197.644,1418.0
2025-07-01 01:00:00,197.642,197.715,197.559,197.626,1913.0
2025-07-01 02:00:00,197.626,197.646,197.425,197.464,2289.0
2025-07-01 03:00:00,197.464,197.479,197.249,197.275,5555.0
2025-07-01 04:00:00,197.275,197.407,197.194,197.389,5712.0
2025-07-01 05:00:00,197.389,197.443,197.239,197.438,3756.0
2025-07-01 06:00:00,197.438,197.667,197.343,197.66,3906.0
2025-07-01 07:00:00,197.66,197.76,197.502,197.53,4475.0
2025-07-01 08:00:00,197.53,197.537,197.34,197.384,4135.0
2025-07-01 09:00:00,197.384,197.518,197.271,197.393,6243.0
2025-07-01 10:00:00,197.393,197.45,196.926,196.968,7549.0
2025-07-01 11:00:00,196.968,197.035,196.788,197.021,8417.0
2025-07-01 12:00:00,197.02,197.056,196.786,196.91,8130.0
2025-07-01 13:00:00,196.911,197.002,196.829,196.962,6200.0
2025-07-01 14:00:00,196.965,196.965,196.319,196.321,6612.0
2025-07-01 15:00:00,196.322,196.658,196.278,196.594,7979.0
2025-07-01 16:00:00,196.598,196.743,196.408,196.408,8733.0
2025-07-01 17:00:00,196.366,196.838,196.366,196.77,11392.0
2025-07-01 18:00:00,196.77,197.078,196.759,197.051,8727.0
2025-07-01 19:00:00,197.052,197.294,197.04,197.209,6102.0
2025-07-01 20:00:00,197.209,197.341,197.19,197.296,4352.0
2025-07-01 21:00:00,197.296,197.5,197.275,197.434,3292.0
2025-07-01 22:00:00,197.434,197.557,197.293,197.543,4796.0
2025-07-01 23:00:00,197.543,197.544,197.109,197.122,3150.0
2025-07-02 00:00:00,197.048,197.134,196.978,197.033,648.0
2025-07-02 01:00:00,197.033,197.159,197.002,197.094,1737.0
2025-07-02 02:00:00,197.094,197.173,197.034,197.072,2109.0
2025-07-02 03:00:00,197.072,197.474,197.02,197.252,5442.0
2025-07-02 04:00:00,197.252,197.435,197.208,197.356,5194.0
2025-07-02 05:00:00,197.356,197.428,197.272,197.312,4349.0
2025-07-02 06:00:00,197.312,197.393,197.234,197.291,3766.0
2025-07-02 07:00:00,197.291,197.386,197.203,197.304,3451.0
2025-07-02 08:00:00,197.301,197.551,197.281,197.472,4429.0
2025-07-02 09:00:00,197.472,197.53,197.342,197.42,5832.0
2025-07-02 10:00:00,197.42,197.552,197.223,197.225,7489.0
2025-07-02 11:00:00,197.225,197.231,197.044,197.212,5941.0
2025-07-02 12:00:00,197.209,197.532,197.179,197.35,6376.0
2025-07-02 13:00:00,197.35,197.445,197.126,197.225,5356.0
2025-07-02 14:00:00,197.225,197.481,196.889,196.987,6563.0
2025-07-02 15:00:00,196.986,197.005,195.478,195.774,12415.0
2025-07-02 16:00:00,195.776,195.905,195.548,195.64,11016.0
2025-07-02 17:00:00,195.646,195.905,195.358,195.78,9600.0
2025-07-02 18:00:00,195.782,195.896,195.636,195.816,7276.0
2025-07-02 19:00:00,195.816,195.992,195.67,195.928,5499.0
2025-07-02 20:00:00,195.929,196.022,195.869,195.899,4706.0
2025-07-02 21:00:00,195.899,195.939,195.791,195.843,3830.0
2025-07-02 22:00:00,195.843,195.895,195.739,195.83,3626.0
2025-07-02 23:00:00,195.83,195.877,195.743,195.839,2296.0
2025-07-03 00:00:00,195.766,196.265,195.74,196.029,1962.0
2025-07-03 01:00:00,196.029,196.142,195.976,196.1,1754.0
2025-07-03 02:00:00,196.1,196.101,195.869,195.893,2392.0
2025-07-03 03:00:00,195.893,196.008,195.752,195.958,5588.0
2025-07-03 04:00:00,195.958,196.11,195.834,195.933,4241.0
2025-07-03 05:00:00,195.933,195.975,195.842,195.902,3722.0
2025-07-03 06:00:00,195.902,196.059,195.89,196.036,3008.0
2025-07-03 07:00:00,196.036,196.059,195.909,196.044,3201.0
2025-07-03 08:00:00,196.044,196.239,196.005,196.218,3578.0
2025-07-03 09:00:00,196.217,196.372,196.185,196.256,5814.0
2025-07-03 10:00:00,196.256,196.588,196.241,196.44,6236.0
2025-07-03 11:00:00,196.441,196.713,196.441,196.59,5884.0
2025-07-03 12:00:00,196.594,196.626,196.385,196.433,5406.0
2025-07-03 13:00:00,196.433,196.564,196.239,196.51,4816.0
2025-07-03 14:00:00,196.502,196.589,196.406,196.478,4961.0
2025-07-03 15:00:00,196.479,197.446,196.262,197.43,11054.0
2025-07-03 16:00:00,197.43,197.75,197.394,197.668,11345.0
2025-07-03 17:00:00,197.673,198.064,197.532,198.002,10179.0
2025-07-03 18:00:00,198.0,198.035,197.76,197.925,7729.0
2025-07-03 19:00:00,197.925,198.103,197.905,198.002,5362.0
2025-07-03 20:00:00,198.002,198.043,197.887,197.983,2534.0
2025-07-03 21:00:00,197.984,197.999,197.856,197.939,2091.0
2025-07-03 22:00:00,197.939,197.958,197.837,197.933,1955.0
2025-07-03 23:00:00,197.933,197.973,197.816,197.864,2257.0
2025-07-04 00:00:00,197.866,197.866,197.686,197.82,1171.0
2025-07-04 01:00:00,197.82,197.908,197.756,197.806,1727.0
2025-07-04 02:00:00,197.806,197.873,197.742,197.759,2365.0
2025-07-04 03:00:00,197.759,197.875,197.476,197.573,4652.0
2025-07-04 04:00:00,197.573,197.661,197.501,197.576,4719.0
2025-07-04 05:00:00,197.576,197.608,197.449,197.494,3692.0
2025-07-04 06:00:00,197.494,197.511,197.335,197.388,3305.0
2025-07-04 07:00:00,197.388,197.458,197.288,197.42,3909.0
2025-07-04 08:00:00,197.42,197.533,197.345,197.398,3928.0
2025-07-04 09:00:00,197.389,197.404,197.217,197.271,5012.0
2025-07-04 10:00:00,197.268,197.398,197.193,197.234,6778.0
2025-07-04 11:00:00,197.235,197.313,197.129,197.233,5188.0
2025-07-04 12:00:00,197.232,197.255,196.986,197.092,5423.0
2025-07-04 13:00:00,197.092,197.146,196.98,197.003,5427.0
2025-07-04 14:00:00,197.003,197.114,196.929,197.063,4489.0
2025-07-04 15:00:00,197.063,197.063,196.904,196.924,3987.0
2025-07-04 16:00:00,196.924,197.2,196.924,197.182,4441.0
2025-07-04 17:00:00,197.182,197.241,197.052,197.165,5234.0
2025-07-04 18:00:00,197.164,197.24,197.129,197.203,3874.0
2025-07-04 19:00:00,197.203,197.262,197.162,197.198,2968.0
2025-07-04 20:00:00,197.198,197.265,197.174,197.189,7470.0
2025-07-07 00:00:00,197.042,197.266,197.042,197.166,1149.0
2025-07-07 01:00:00,197.166,197.404,197.08,197.273,2025.0
2025-07-07 02:00:00,197.273,197.367,197.169,197.239,2560.0
2025-07-07 03:00:00,197.246,197.261,196.926,197.005,5763.0
2025-07-07 04:00:00,197.004,197.099,196.786,197.057,5681.0
2025-07-07 05:00:00,197.057,197.407,197.011,197.363,4974.0
2025-07-07 06:00:00,197.363,197.408,197.256,197.374,4337.0
2025-07-07 07:00:00,197.374,197.458,197.281,197.429,4196.0
2025-07-07 08:00:00,197.429,197.553,197.374,197.514,5263.0
2025-07-07 09:00:00,197.514,197.607,197.34,197.416,6218.0
2025-07-07 10:00:00,197.416,197.596,197.368,197.536,6941.0
2025-07-07 11:00:00,197.536,197.586,197.196,197.375,7008.0
2025-07-07 12:00:00,197.374,197.974,197.304,197.921,5845.0
2025-07-07 13:00:00,197.921,197.934,197.763,197.825,5151.0
2025-07-07 14:00:00,197.824,198.153,197.776,198.098,5659.0
2025-07-07 15:00:00,198.098,198.312,198.091,198.256,6393.0
2025-07-07 16:00:00,198.255,198.697,198.226,198.602,7292.0
2025-07-07 17:00:00,198.602,198.942,198.566,198.816,6875.0
2025-07-07 18:00:00,198.813,198.991,198.781,198.905,5968.0
2025-07-07 19:00:00,198.909,199.006,198.52,198.656,7903.0
2025-07-07 20:00:00,198.656,198.95,198.567,198.72,6871.0
2025-07-07 21:00:00,198.72,198.993,198.689,198.965,5636.0
2025-07-07 22:00:00,198.965,198.987,198.737,198.783,4094.0
2025-07-07 23:00:00,198.783,198.818,198.58,198.657,2757.0
2025-07-08 00:00:00,198.574,198.828,198.502,198.586,742.0
2025-07-08 01:00:00,198.586,198.724,198.516,198.637,2899.0
2025-07-08 02:00:00,198.637,198.908,198.636,198.742,2981.0
2025-07-08 03:00:00,198.742,199.241,198.705,199.2,6368.0
2025-07-08 04:00:00,199.2,199.471,199.085,199.269,6212.0
2025-07-08 05:00:00,199.269,199.327,199.109,199.141,4317.0
2025-07-08 06:00:00,199.142,199.283,199.098,199.147,3547.0
2025-07-08 07:00:00,199.145,199.159,198.893,199.019,5295.0
2025-07-08 08:00:00,199.017,199.136,198.978,199.109,4911.0
2025-07-08 09:00:00,199.109,199.347,199.069,199.297,5861.0
2025-07-08 10:00:00,199.3,199.43,199.174,199.208,7005.0
2025-07-08 11:00:00,199.208,199.276,198.977,198.994,5934.0
2025-07-08 12:00:00,199.003,199.068,198.78,198.803,5273.0
2025-07-08 13:00:00,198.803,198.849,198.69,198.773,4900.0
2025-07-08 14:00:00,198.773,199.123,198.736,198.972,5471.0
2025-07-08 15:00:00,198.972,199.127,198.861,199.123,6839.0
2025-07-08 16:00:00,199.122,199.155,198.859,198.91,8197.0
2025-07-08 17:00:00,198.91,199.209,198.67,198.997,9327.0
2025-07-08 18:00:00,198.995,199.317,198.948,199.26,7725.0
2025-07-08 19:00:00,199.26,199.283,199.11,199.262,6189.0
2025-07-08 20:00:00,199.262,199.423,199.231,199.419,6404.0
2025-07-08 21:00:00,199.419,199.439,199.351,199.369,4509.0
2025-07-08 22:00:00,199.368,199.386,199.23,199.252,3560.0
2025-07-08 23:00:00,199.248,199.285,199.12,199.193,3391.0
2025-07-09 00:00:00,199.13,199.245,198.992,199.048,1050.0
2025-07-09 01:00:00,199.048,199.285,198.992,199.257,1577.0
2025-07-09 02:00:00,199.257,199.546,199.254,199.517,2595.0
2025-07-09 03:00:00,199.517,199.548,199.333,199.435,5055.0
2025-07-09 04:00:00,199.435,199.629,199.338,199.536,5381.0
2025-07-09 05:00:00,199.536,199.619,199.485,199.619,5279.0
2025-07-09 06:00:00,199.618,199.672,199.584,199.602,4142.0
2025-07-09 07:00:00,199.602,199.803,199.599,199.765,3650.0
2025-07-09 08:00:00,199.765,199.809,199.68,199.713,4468.0
2025-07-09 09:00:00,199.713,199.83,199.649,199.696,5578.0
2025-07-09 10:00:00,199.696,199.745,199.364,199.497,6523.0
2025-07-09 11:00:00,199.497,199.552,199.381,199.5,5892.0
2025-07-09 12:00:00,199.496,199.522,199.284,199.369,5484.0
2025-07-09 13:00:00,199.369,199.378,199.146,199.207,5133.0
2025-07-09 14:00:00,199.207,199.341,199.135,199.266,5069.0
2025-07-09 15:00:00,199.266,199.458,199.19,199.341,7355.0
2025-07-09 16:00:00,199.341,199.404,198.97,198.977,8608.0
2025-07-09 17:00:00,198.975,199.195,198.895,199.021,8160.0
2025-07-09 18:00:00,199.021,199.169,198.978,199.039,6274.0
2025-07-09 19:00:00,199.039,199.054,198.77,198.886,4366.0
2025-07-09 20:00:00,198.886,198.913,198.737,198.864,4394.0
2025-07-09 21:00:00,198.861,198.928,198.77,198.837,4780.0
2025-07-09 22:00:00,198.836,198.955,198.789,198.918,3056.0
2025-07-09 23:00:00,198.918,199.079,198.744,198.761,3033.0
2025-07-10 00:00:00,198.745,198.773,198.587,198.773,919.0
2025-07-10 01:00:00,198.773,198.839,198.695,198.741,1453.0
2025-07-10 02:00:00,198.741,198.821,198.548,198.676,2467.0
2025-07-10 03:00:00,198.672,198.689,198.376,198.45,6284.0
2025-07-10 04:00:00,198.45,198.595,198.39,198.51,4399.0
2025-07-10 05:00:00,198.51,198.79,198.496,198.775,3768.0
2025-07-10 06:00:00,198.774,198.982,198.758,198.974,3339.0
2025-07-10 07:00:00,198.974,199.118,198.923,198.934,2825.0
2025-07-10 08:00:00,198.934,199.095,198.907,199.041,3099.0
2025-07-10 09:00:00,199.043,199.191,198.909,198.926,5061.0
2025-07-10 10:00:00,198.929,199.254,198.847,199.119,5880.0
2025-07-10 11:00:00,199.119,199.223,199.025,199.132,4265.0
2025-07-10 12:00:00,199.132,199.203,198.936,198.947,3310.0
2025-07-10 13:00:00,198.947,199.032,198.669,198.713,3857.0
2025-07-10 14:00:00,198.714,198.737,198.566,198.616,5408.0
2025-07-10 15:00:00,198.616,198.746,198.373,198.573,7683.0
2025-07-10 16:00:00,198.573,198.741,198.477,198.654,8597.0
2025-07-10 17:00:00,198.656,198.827,198.528,198.599,9127.0
2025-07-10 18:00:00,198.599,198.826,198.526,198.714,7096.0
2025-07-10 19:00:00,198.714,198.744,198.631,198.664,4861.0
2025-07-10 20:00:00,198.664,198.664,198.547,198.586,4254.0
2025-07-10 21:00:00,198.588,198.592,198.463,198.514,3865.0
2025-07-10 22:00:00,198.514,198.585,198.508,198.533,3259.0
2025-07-10 23:00:00,198.533,198.626,198.49,198.583,3005.0
2025-07-11 00:00:00,198.524,198.541,198.375,198.447,1494.0
2025-07-11 01:00:00,198.447,198.643,198.445,198.624,1788.0
2025-07-11 02:00:00,198.624,198.655,198.531,198.646,2249.0
2025-07-11 03:00:00,198.646,198.796,198.238,198.655,8323.0
2025-07-11 04:00:00,198.655,199.106,198.633,198.994,6590.0
2025-07-11 05:00:00,198.994,199.343,198.968,199.273,4840.0
2025-07-11 06:00:00,199.273,199.367,199.189,199.341,3936.0
2025-07-11 07:00:00,199.341,199.443,199.239,199.386,4424.0
2025-07-11 08:00:00,199.386,199.428,199.147,199.181,4580.0
2025-07-11 09:00:00,199.183,199.183,198.689,198.85,6548.0
2025-07-11 10:00:00,198.844,199.018,198.779,198.857,6159.0
2025-07-11 11:00:00,198.857,198.97,198.699,198.95,6236.0
2025-07-11 12:00:00,198.953,199.241,198.88,199.099,5286.0
2025-07-11 13:00:00,199.099,199.17,198.628,198.639,5591.0
2025-07-11 14:00:00,198.639,198.822,198.433,198.525,6124.0
2025-07-11 15:00:00,198.525,198.606,198.241,198.473,6940.0
2025-07-11 16:00:00,198.473,198.763,198.433,198.763,8425.0
2025-07-11 17:00:00,198.761,199.053,198.757,198.98,8416.0
2025-07-11 18:00:00,198.98,199.165,198.879,198.881,6486.0
2025-07-11 19:00:00,198.881,199.17,198.832,199.044,5217.0
2025-07-11 20:00:00,199.044,199.182,199.031,199.176,3668.0
2025-07-14 00:00:00,198.444,198.51,198.385,198.434,952.0
2025-07-14 01:00:00,198.434,198.925,198.43,198.898,4019.0
2025-07-14 02:00:00,198.898,198.989,198.655,198.783,4024.0
2025-07-14 03:00:00,198.783,198.823,198.324,198.366,6003.0
2025-07-14 04:00:00,198.366,198.512,198.267,198.469,5765.0
2025-07-14 05:00:00,198.469,198.567,198.406,198.449,4284.0
2025-07-14 06:00:00,198.445,198.678,198.376,198.59,4138.0
2025-07-14 07:00:00,198.59,198.707,198.438,198.601,3880.0
2025-07-14 08:00:00,198.601,198.628,198.393,198.433,4357.0
2025-07-14 09:00:00,198.433,198.44,198.101,198.164,5372.0
2025-07-14 10:00:00,198.163,198.731,198.144,198.707,7098.0
2025-07-14 11:00:00,198.707,198.756,198.465,198.522,6163.0
2025-07-14 12:00:00,198.52,198.63,198.402,198.603,5035.0
2025-07-14 13:00:00,198.588,198.689,198.494,198.556,4505.0
2025-07-14 14:00:00,198.556,198.787,198.524,198.751,5152.0
2025-07-14 15:00:00,198.751,198.794,198.454,198.648,5709.0
2025-07-14 16:00:00,198.649,198.725,198.533,198.666,7578.0
2025-07-14 17:00:00,198.666,198.695,198.253,198.304,7772.0
2025-07-14 18:00:00,198.303,198.456,198.289,198.399,6846.0
2025-07-14 19:00:00,198.399,198.588,198.339,198.461,5600.0
2025-07-14 20:00:00,198.462,198.53,198.331,198.43,3062.0
2025-07-14 21:00:00,198.43,198.482,198.363,198.427,4077.0
2025-07-14 22:00:00,198.427,198.459,198.304,198.342,2542.0
2025-07-14 23:00:00,198.34,198.466,198.34,198.351,1903.0
2025-07-15 00:00:00,198.277,198.357,198.214,198.274,1493.0
2025-07-15 01:00:00,198.274,198.438,198.234,198.397,2427.0
2025-07-15 02:00:00,198.397,198.505,198.397,198.441,1842.0
2025-07-15 03:00:00,198.441,198.537,198.258,198.286,4286.0
2025-07-15 04:00:00,198.286,198.59,198.275,198.512,3967.0
2025-07-15 05:00:00,198.512,198.562,198.262,198.289,4048.0
2025-07-15 06:00:00,198.285,198.342,198.21,198.315,2584.0
2025-07-15 07:00:00,198.315,198.373,198.277,198.339,2655.0
2025-07-15 08:00:00,198.339,198.397,198.287,198.327,3127.0
2025-07-15 09:00:00,198.327,198.569,198.311,198.431,4555.0
2025-07-15 10:00:00,198.43,198.759,198.402,198.756,5811.0
2025-07-15 11:00:00,198.756,198.757,198.486,198.574,5265.0
2025-07-15 12:00:00,198.572,198.805,198.515,198.733,4588.0
2025-07-15 13:00:00,198.733,198.831,198.675,198.793,4357.0
2025-07-15 14:00:00,198.793,198.936,198.756,198.843,5195.0
2025-07-15 15:00:00,198.843,199.085,198.529,198.889,9063.0
2025-07-15 16:00:00,198.887,199.261,198.838,199.165,10381.0
2025-07-15 17:00:00,199.166,199.519,199.158,199.351,10330.0
2025-07-15 18:00:00,199.351,199.521,199.266,199.271,7739.0
2025-07-15 19:00:00,199.269,199.463,199.219,199.323,6095.0
2025-07-15 20:00:00,199.324,199.4,199.26,199.358,4726.0
2025-07-15 21:00:00,199.358,199.363,199.273,199.304,3881.0
2025-07-15 22:00:00,199.304,199.366,199.233,199.252,2912.0
2025-07-15 23:00:00,199.252,199.283,199.174,199.201,2308.0
2025-07-16 00:00:00,199.138,199.224,199.106,199.107,693.0
2025-07-16 01:00:00,199.107,199.332,199.106,199.286,1416.0
2025-07-16 02:00:00,199.286,199.353,199.178,199.262,2371.0
2025-07-16 03:00:00,199.262,199.58,199.145,199.53,5016.0
2025-07-16 04:00:00,199.53,199.583,199.297,199.372,4858.0
2025-07-16 05:00:00,199.372,199.441,199.293,199.328,3174.0
2025-07-16 06:00:00,199.325,199.572,199.319,199.542,3223.0
2025-07-16 07:00:00,199.542,199.743,199.485,199.511,3965.0
2025-07-16 08:00:00,199.511,199.541,199.302,199.382,4617.0
2025-07-16 09:00:00,199.364,199.657,199.279,199.309,6279.0
2025-07-16 10:00:00,199.31,199.432,199.245,199.41,6560.0
2025-07-16 11:00:00,199.411,199.452,199.277,199.31,5464.0
2025-07-16 12:00:00,199.314,199.402,199.077,199.228,5160.0
2025-07-16 13:00:00,199.228,199.384,199.126,199.363,4645.0
2025-07-16 14:00:00,199.365,199.38,199.202,199.361,4821.0
2025-07-16 15:00:00,199.359,199.377,198.961,199.158,8751.0
2025-07-16 16:00:00,199.158,199.211,198.971,199.049,9337.0
2025-07-16 17:00:00,199.049,199.103,198.691,198.834,9468.0
2025-07-16 18:00:00,198.833,198.94,197.924,198.812,17151.0
2025-07-16 19:00:00,198.822,199.019,198.665,198.703,11847.0
2025-07-16 20:00:00,198.702,198.727,198.189,198.193,7411.0
2025-07-16 21:00:00,198.193,198.389,198.112,198.374,4951.0
2025-07-16 22:00:00,198.374,198.452,198.347,198.376,4157.0
2025-07-16 23:00:00,198.376,198.48,198.363,198.419,3976.0
2025-07-17 00:00:00,198.339,198.362,198.214,198.266,2558.0
2025-07-17 01:00:00,198.259,198.478,198.215,198.364,2081.0
2025-07-17 02:00:00,198.364,198.551,198.257,198.466,2539.0
2025-07-17 03:00:00,198.466,198.861,198.452,198.828,5243.0
2025-07-17 04:00:00,198.828,198.954,198.686,198.84,5706.0
2025-07-17 05:00:00,198.838,198.888,198.708,198.752,4220.0
2025-07-17 06:00:00,198.752,199.028,198.705,198.941,3937.0
2025-07-17 07:00:00,198.942,198.992,198.794,198.816,3394.0
2025-07-17 08:00:00,198.817,198.9,198.747,198.873,3694.0
2025-07-17 09:00:00,198.843,199.116,198.681,198.922,7762.0
2025-07-17 10:00:00,198.922,199.118,198.913,199.039,7280.0
2025-07-17 11:00:00,199.039,199.3,199.012,199.261,6142.0
2025-07-17 12:00:00,199.263,199.36,199.148,199.305,5525.0
2025-07-17 13:00:00,199.304,199.397,199.131,199.186,5312.0
2025-07-17 14:00:00,199.184,199.251,199.112,199.233,5536.0
2025-07-17 15:00:00,199.231,199.558,199.18,199.299,9262.0
2025-07-17 16:00:00,199.299,199.332,198.977,199.088,10135.0
2025-07-17 17:00:00,199.088,199.242,198.992,199.104,8890.0
2025-07-17 18:00:00,199.104,199.27,199.064,199.25,7236.0
2025-07-17 19:00:00,199.251,199.32,199.151,199.162,4797.0
2025-07-17 20:00:00,199.162,199.297,199.138,199.26,3931.0
2025-07-17 21:00:00,199.26,199.466,199.253,199.435,3521.0
2025-07-17 22:00:00,199.436,199.483,199.314,199.385,3638.0
2025-07-17 23:00:00,199.385,199.386,199.293,199.382,2438.0
2025-07-18 00:00:00,199.276,199.357,199.182,199.23,1195.0
2025-07-18 01:00:00,199.228,199.372,199.183,199.191,2513.0
2025-07-18 02:00:00,199.191,199.41,199.179,199.376,2027.0
2025-07-18 03:00:00,199.377,199.593,199.25,199.575,4766.0
2025-07-18 04:00:00,199.575,199.624,199.394,199.477,4490.0
2025-07-18 05:00:00,199.477,199.586,199.39,199.576,3415.0
2025-07-18 06:00:00,199.575,199.711,199.513,199.653,3549.0
2025-07-18 07:00:00,199.653,199.691,199.546,199.571,3482.0
2025-07-18 08:00:00,199.571,199.628,199.534,199.578,3655.0
2025-07-18 09:00:00,199.575,199.823,199.498,199.778,4859.0
2025-07-18 10:00:00,199.782,199.973,199.736,199.819,6302.0
2025-07-18 11:00:00,199.819,199.833,199.574,199.659,5676.0
2025-07-18 12:00:00,199.659,199.91,199.589,199.878,5020.0
2025-07-18 13:00:00,199.878,199.884,199.641,199.786,4451.0
2025-07-18 14:00:00,199.786,199.886,199.744,199.843,5168.0
2025-07-18 15:00:00,199.843,199.877,199.656,199.66,6592.0
2025-07-18 16:00:00,199.66,199.796,199.594,199.618,8256.0
2025-07-18 17:00:00,199.591,199.747,199.571,199.589,9099.0
2025-07-18 18:00:00,199.588,199.638,199.477,199.622,6715.0
2025-07-18 19:00:00,199.622,199.631,199.466,199.523,5928.0
2025-07-18 20:00:00,199.523,199.616,199.469,199.562,4318.0
2025-07-21 00:00:00,198.46,198.968,198.328,198.752,1802.0
2025-07-21 01:00:00,198.752,199.425,198.752,199.3,4456.0
2025-07-21 02:00:00,199.3,199.364,199.081,199.152,2821.0
2025-07-21 03:00:00,199.151,199.179,198.81,198.896,4777.0
2025-07-21 04:00:00,198.896,199.226,198.896,199.19,4689.0
2025-07-21 05:00:00,199.19,199.21,199.101,199.175,4290.0
2025-07-21 06:00:00,199.175,199.243,199.108,199.177,2787.0
2025-07-21 07:00:00,199.177,199.243,199.155,199.191,2081.0
2025-07-21 08:00:00,199.191,199.197,199.008,199.064,3703.0
2025-07-21 09:00:00,199.064,199.071,198.566,198.873,6236.0
2025-07-21 10:00:00,198.873,199.235,198.849,199.123,6213.0
2025-07-21 11:00:00,199.123,199.176,198.8,198.949,6405.0
2025-07-21 12:00:00,198.949,199.089,198.829,199.065,4794.0
2025-07-21 13:00:00,199.061,199.077,198.815,198.853,4526.0
2025-07-21 14:00:00,198.853,198.929,198.744,198.866,6469.0
2025-07-21 15:00:00,198.864,198.875,198.582,198.819,6312.0
2025-07-21 16:00:00,198.819,198.956,198.695,198.701,7208.0
2025-07-21 17:00:00,198.701,198.949,198.613,198.919,8475.0
2025-07-21 18:00:00,198.919,198.991,198.746,198.749,7184.0
2025-07-21 19:00:00,198.749,198.791,198.523,198.591,5028.0
2025-07-21 20:00:00,198.591,198.706,198.538,198.589,3863.0
2025-07-21 21:00:00,198.587,198.778,198.583,198.745,3484.0
2025-07-21 22:00:00,198.746,198.774,198.654,198.696,3117.0
2025-07-21 23:00:00,198.696,198.837,198.689,198.774,2411.0
2025-07-22 00:00:00,198.732,198.732,198.528,198.63,1214.0
2025-07-22 01:00:00,198.63,198.831,198.62,198.83,1449.0
2025-07-22 02:00:00,198.83,198.933,198.809,198.834,2028.0
2025-07-22 03:00:00,198.834,199.123,198.73,198.86,5377.0
2025-07-22 04:00:00,198.86,199.016,198.82,198.937,3932.0
2025-07-22 05:00:00,198.937,198.942,198.778,198.816,3244.0
2025-07-22 06:00:00,198.816,198.962,198.755,198.916,2733.0
2025-07-22 07:00:00,198.916,199.024,198.873,198.967,3059.0
2025-07-22 08:00:00,198.967,199.121,198.917,199.102,3755.0
2025-07-22 09:00:00,199.101,199.244,199.003,199.134,4763.0
2025-07-22 10:00:00,199.137,199.292,198.894,198.923,5209.0
2025-07-22 11:00:00,198.921,199.289,198.8,199.128,5606.0
2025-07-22 12:00:00,199.131,199.131,198.919,198.974,5426.0
2025-07-22 13:00:00,198.975,199.01,198.837,198.843,3886.0
2025-07-22 14:00:00,198.843,198.911,198.406,198.511,5675.0
2025-07-22 15:00:00,198.514,198.559,197.85,197.902,7073.0
2025-07-22 16:00:00,197.905,198.034,197.532,197.655,9204.0
2025-07-22 17:00:00,197.653,197.756,197.434,197.719,9928.0
2025-07-22 18:00:00,197.73,197.981,197.669,197.882,8316.0
2025-07-22 19:00:00,197.882,198.14,197.882,198.113,5394.0
2025-07-22 20:00:00,198.113,198.221,198.105,198.189,4608.0
2025-07-22 21:00:00,198.188,198.28,198.103,198.258,3824.0
2025-07-22 22:00:00,198.259,198.365,198.218,198.31,3286.0
2025-07-22 23:00:00,198.31,198.488,198.308,198.45,2294.0
2025-07-23 00:00:00,198.324,198.343,198.18,198.23,1110.0
2025-07-23 01:00:00,198.23,198.52,198.182,198.412,1912.0
2025-07-23 02:00:00,198.413,198.659,197.928,198.429,5699.0
2025-07-23 03:00:00,198.429,198.453,197.749,198.086,7561.0
2025-07-23 04:00:00,198.086,198.415,198.019,198.255,6351.0
2025-07-23 05:00:00,198.255,199.006,198.069,198.644,6411.0
2025-07-23 06:00:00,198.654,198.836,198.546,198.756,4263.0
2025-07-23 07:00:00,198.756,198.892,198.739,198.78,3900.0
2025-07-23 08:00:00,198.78,199.05,198.705,199.003,4513.0
2025-07-23 09:00:00,199.003,199.081,198.378,198.743,6751.0
2025-07-23 10:00:00,198.743,198.822,198.602,198.755,7111.0
2025-07-23 11:00:00,198.755,198.937,198.638,198.784,5850.0
2025-07-23 12:00:00,198.784,198.804,198.334,198.45,4940.0
2025-07-23 13:00:00,198.45,198.458,198.123,198.165,5084.0
2025-07-23 14:00:00,198.165,198.171,197.867,197.963,5888.0
2025-07-23 15:00:00,197.963,198.378,197.906,198.32,6366.0
2025-07-23 16:00:00,198.32,198.524,198.26,198.494,8759.0
2025-07-23 17:00:00,198.493,198.571,198.245,198.545,7858.0
2025-07-23 18:00:00,198.545,198.874,198.448,198.815,7100.0
2025-07-23 19:00:00,198.815,198.905,198.605,198.786,8176.0
2025-07-23 20:00:00,198.786,198.945,198.662,198.813,5958.0
2025-07-23 21:00:00,198.813,198.892,198.736,198.878,4599.0
2025-07-23 22:00:00,198.876,199.034,198.868,199.01,3809.0
2025-07-23 23:00:00,199.01,199.017,198.899,198.904,3081.0
2025-07-24 00:00:00,198.884,198.915,198.736,198.856,985.0
2025-07-24 01:00:00,198.856,199.017,198.802,198.924,1842.0
2025-07-24 02:00:00,198.924,198.939,198.675,198.718,2640.0
2025-07-24 03:00:00,198.718,198.86,198.59,198.766,6205.0
2025-07-24 04:00:00,198.767,198.773,198.136,198.214,6804.0
2025-07-24 05:00:00,198.216,198.429,198.213,198.338,4897.0
2025-07-24 06:00:00,198.337,198.394,198.166,198.251,4555.0
2025-07-24 07:00:00,198.251,198.354,198.191,198.288,4270.0
2025-07-24 08:00:00,198.285,198.37,198.229,198.258,4857.0
2025-07-24 09:00:00,198.258,198.501,198.216,198.388,6078.0
2025-07-24 10:00:00,198.388,198.634,198.256,198.55,6790.0
2025-07-24 11:00:00,198.54,198.628,198.302,198.478,6057.0
2025-07-24 12:00:00,198.478,198.607,198.448,198.546,5887.0
2025-07-24 13:00:00,198.543,198.615,198.416,198.441,4796.0
2025-07-24 14:00:00,198.441,198.618,198.383,198.505,5148.0
2025-07-24 15:00:00,198.505,198.716,198.385,198.69,8170.0
2025-07-24 16:00:00,198.69,198.856,198.459,198.608,10849.0
2025-07-24 17:00:00,198.607,198.801,198.416,198.773,9615.0
2025-07-24 18:00:00,198.771,198.848,198.588,198.697,8402.0
2025-07-24 19:00:00,198.697,198.721,198.289,198.478,5744.0
2025-07-24 20:00:00,198.48,198.558,198.397,198.469,4291.0
2025-07-24 21:00:00,198.469,198.603,198.462,198.58,3935.0
2025-07-24 22:00:00,198.58,198.605,198.469,198.48,3360.0
2025-07-24 23:00:00,198.478,198.553,198.429,198.546,4214.0
2025-07-25 00:00:00,198.5,198.673,198.49,198.62,1137.0
2025-07-25 01:00:00,198.62,198.823,198.591,198.613,2295.0
2025-07-25 02:00:00,198.613,198.689,198.524,198.583,2982.0
2025-07-25 03:00:00,198.586,198.971,198.569,198.844,6212.0
2025-07-25 04:00:00,198.844,199.058,198.805,198.934,6420.0
2025-07-25 05:00:00,198.934,199.015,198.905,198.926,4825.0
2025-07-25 06:00:00,198.923,198.924,198.629,198.662,3805.0
2025-07-25 07:00:00,198.655,198.735,198.472,198.51,4399.0
2025-07-25 08:00:00,198.51,198.613,198.255,198.417,4747.0
2025-07-25 09:00:00,198.419,198.454,198.131,198.383,6390.0
2025-07-25 10:00:00,198.383,198.6,198.369,198.499,7658.0
2025-07-25 11:00:00,198.497,199.078,198.497,198.92,7795.0
2025-07-25 12:00:00,198.919,199.085,198.87,199.078,5343.0
2025-07-25 13:00:00,199.078,199.083,198.851,198.871,4960.0
2025-07-25 14:00:00,198.871,198.881,198.6,198.639,5811.0
2025-07-25 15:00:00,198.636,198.677,198.531,198.619,6323.0
2025-07-25 16:00:00,198.619,198.629,198.208,198.433,11196.0
2025-07-25 17:00:00,198.43,198.468,198.276,198.404,8614.0
2025-07-25 18:00:00,198.405,198.52,198.274,198.428,6607.0
2025-07-25 19:00:00,198.428,198.448,198.226,198.308,5188.0
2025-07-25 20:00:00,198.309,198.339,198.213,198.296,4487.0
2025-07-28 00:00:00,198.267,198.449,198.213,198.382,1146.0
2025-07-28 01:00:00,198.405,198.586,198.355,198.582,2867.0
2025-07-28 02:00:00,198.582,198.74,198.509,198.589,3060.0
2025-07-28 03:00:00,198.589,198.674,198.431,198.448,7144.0
2025-07-28 04:00:00,198.448,198.706,198.414,198.666,6336.0
2025-07-28 05:00:00,198.666,198.835,198.645,198.68,5222.0
2025-07-28 06:00:00,198.68,198.696,198.489,198.572,4013.0
2025-07-28 07:00:00,198.572,198.579,198.454,198.516,4094.0
2025-07-28 08:00:00,198.516,198.585,198.414,198.524,4158.0
2025-07-28 09:00:00,198.524,198.787,198.511,198.662,7213.0
2025-07-28 10:00:00,198.662,198.927,198.465,198.842,8799.0
2025-07-28 11:00:00,198.842,199.028,198.824,199.002,7125.0
2025-07-28 12:00:00,199.002,199.109,198.941,199.056,6664.0
2025-07-28 13:00:00,199.056,199.164,198.945,199.148,5883.0
2025-07-28 14:00:00,199.148,199.218,198.831,198.913,6956.0
2025-07-28 15:00:00,198.91,198.97,198.817,198.958,8152.0
2025-07-28 16:00:00,198.947,198.965,198.765,198.942,9227.0
2025-07-28 17:00:00,198.942,198.995,198.771,198.874,8517.0
2025-07-28 18:00:00,198.874,199.016,198.797,198.806,6919.0
2025-07-28 19:00:00,198.806,198.839,198.622,198.659,4863.0
2025-07-28 20:00:00,198.659,198.679,198.389,198.429,4721.0
2025-07-28 21:00:00,198.429,198.43,198.321,198.376,3741.0
2025-07-28 22:00:00,198.378,198.403,198.32,198.383,2572.0
2025-07-28 23:00:00,198.383,198.431,198.34,198.361,2300.0
2025-07-29 00:00:00,198.292,198.417,198.148,198.372,1047.0
2025-07-29 01:00:00,198.369,198.468,198.305,198.411,1790.0
2025-07-29 02:00:00,198.411,198.521,198.332,198.332,2088.0
2025-07-29 03:00:00,198.333,198.465,198.188,198.424,5399.0
2025-07-29 04:00:00,198.424,198.459,198.23,198.359,5436.0
2025-07-29 05:00:00,198.359,198.373,198.055,198.136,4403.0
2025-07-29 06:00:00,198.136,198.194,197.887,197.925,3864.0
2025-07-29 07:00:00,197.925,198.081,197.924,198.042,4164.0
2025-07-29 08:00:00,198.042,198.058,197.811,197.888,4079.0
2025-07-29 09:00:00,197.888,197.948,197.73,197.923,7285.0
2025-07-29 10:00:00,197.927,198.134,197.927,198.101,8059.0
2025-07-29 11:00:00,198.099,198.218,197.968,198.196,6168.0
2025-07-29 12:00:00,198.195,198.392,198.143,198.372,5882.0
2025-07-29 13:00:00,198.372,198.464,198.242,198.312,5482.0
2025-07-29 14:00:00,198.312,198.392,198.189,198.39,6510.0
2025-07-29 15:00:00,198.389,198.445,197.988,198.006,6438.0
2025-07-29 16:00:00,198.005,198.068,197.761,197.946,7217.0
2025-07-29 17:00:00,197.932,198.114,197.84,197.886,10410.0
2025-07-29 18:00:00,197.886,198.232,197.831,198.177,7987.0
2025-07-29 19:00:00,198.177,198.265,198.133,198.164,6177.0
2025-07-29 20:00:00,198.164,198.186,198.026,198.077,5811.0
2025-07-29 21:00:00,198.077,198.354,198.074,198.239,3967.0
2025-07-29 22:00:00,198.239,198.366,198.186,198.348,3903.0
2025-07-29 23:00:00,198.348,198.383,198.172,198.191,2246.0
2025-07-30 00:00:00,198.126,198.2,198.032,198.046,1120.0
2025-07-30 01:00:00,198.046,198.281,198.046,198.252,1594.0
2025-07-30 02:00:00,198.252,198.318,198.189,198.194,1724.0
2025-07-30 03:00:00,198.195,198.245,197.859,197.889,6032.0
2025-07-30 04:00:00,197.889,197.962,197.768,197.879,5843.0
2025-07-30 05:00:00,197.875,197.895,197.775,197.784,3852.0
2025-07-30 06:00:00,197.784,197.784,197.593,197.687,4402.0
2025-07-30 07:00:00,197.687,197.834,197.675,197.8,4746.0
2025-07-30 08:00:00,197.8,197.807,197.447,197.597,4773.0
2025-07-30 09:00:00,197.597,197.722,197.533,197.659,6479.0
2025-07-30 10:00:00,197.659,197.869,197.532,197.851,7085.0
2025-07-30 11:00:00,197.851,197.902,197.691,197.787,5747.0
2025-07-30 12:00:00,197.787,198.096,197.76,198.096,5686.0
2025-07-30 13:00:00,198.093,198.223,198.008,198.008,5966.0
2025-07-30 14:00:00,198.007,198.349,197.896,198.336,5686.0
2025-07-30 15:00:00,198.336,198.425,198.014,198.107,10527.0
2025-07-30 16:00:00,198.106,198.2,197.862,197.967,9719.0
2025-07-30 17:00:00,197.967,198.04,197.803,197.939,8042.0
2025-07-30 18:00:00,197.939,197.979,197.815,197.868,7167.0
2025-07-30 19:00:00,197.868,197.915,197.785,197.811,4539.0
2025-07-30 20:00:00,197.81,197.89,197.718,197.718,5045.0
2025-07-30 21:00:00,197.696,197.895,197.632,197.721,12714.0
2025-07-30 22:00:00,197.721,197.918,197.621,197.892,9481.0
2025-07-30 23:00:00,197.902,198.018,197.864,197.921,4857.0
2025-07-31 00:00:00,197.82,197.832,197.663,197.71,939.0
2025-07-31 01:00:00,197.71,197.969,197.71,197.899,2192.0
2025-07-31 02:00:00,197.899,197.989,197.8,197.809,2900.0
2025-07-31 03:00:00,197.808,197.93,197.682,197.853,5428.0
2025-07-31 04:00:00,197.851,197.854,197.489,197.51,6058.0
2025-07-31 05:00:00,197.51,197.53,197.122,197.35,5389.0
2025-07-31 06:00:00,197.351,197.359,196.968,197.229,5538.0
2025-07-31 07:00:00,197.229,197.581,197.227,197.56,4863.0
2025-07-31 08:00:00,197.56,197.597,197.339,197.357,4908.0
2025-07-31 09:00:00,197.356,197.837,197.301,197.682,7779.0
2025-07-31 10:00:00,197.681,198.376,197.621,198.088,9135.0
2025-07-31 11:00:00,198.088,198.327,197.965,198.26,7719.0
2025-07-31 12:00:00,198.26,198.447,198.221,198.378,6446.0
2025-07-31 13:00:00,198.378,198.412,198.105,198.352,6133.0
2025-07-31 14:00:00,198.352,198.538,198.209,198.422,7348.0
2025-07-31 15:00:00,198.42,198.589,198.216,198.496,8955.0
2025-07-31 16:00:00,198.496,198.624,198.365,198.578,8791.0
2025-07-31 17:00:00,198.576,199.246,198.496,199.108,10357.0
2025-07-31 18:00:00,199.108,199.202,198.908,199.086,9207.0
2025-07-31 19:00:00,199.091,199.521,199.066,199.249,6827.0
2025-07-31 20:00:00,199.249,199.25,198.832,198.928,6295.0
2025-07-31 21:00:00,198.929,199.358,198.906,199.281,5829.0
2025-07-31 22:00:00,199.28,199.381,199.137,199.142,4738.0
2025-07-31 23:00:00,199.141,199.22,199.031,199.046,4270.0
2025-08-01 00:00:00,198.994,199.066,198.822,198.862,1461.0
2025-08-01 01:00:00,198.863,199.121,198.852,199.078,2866.0
2025-08-01 02:00:00,199.078,199.208,198.987,199.189,3866.0
2025-08-01 03:00:00,199.185,199.246,198.911,199.124,6516.0
2025-08-01 04:00:00,199.124,199.305,198.991,199.127,7027.0
2025-08-01 05:00:00,199.129,199.141,198.847,198.937,5078.0
2025-08-01 06:00:00,198.935,198.962,198.778,198.79,4679.0
2025-08-01 07:00:00,198.79,198.817,198.724,198.789,3468.0
2025-08-01 08:00:00,198.789,198.824,198.618,198.668,4401.0
2025-08-01 09:00:00,198.668,198.98,198.615,198.868,5825.0
2025-08-01 10:00:00,198.866,198.881,198.528,198.626,6984.0
2025-08-01 11:00:00,198.625,198.641,198.208,198.218,6493.0
2025-08-01 12:00:00,198.216,198.24,197.782,197.885,6260.0
2025-08-01 13:00:00,197.882,198.054,197.827,197.977,6527.0
2025-08-01 14:00:00,197.977,198.063,197.917,198.059,6723.0
2025-08-01 15:00:00,198.055,198.21,197.462,197.462,13533.0
2025-08-01 16:00:00,197.455,197.463,196.453,196.596,16047.0
2025-08-01 17:00:00,196.592,196.76,196.007,196.418,15867.0
2025-08-01 18:00:00,196.418,196.498,196.152,196.294,11796.0
2025-08-01 19:00:00,196.294,196.366,195.785,195.799,8537.0
2025-08-01 20:00:00,195.8,195.865,195.331,195.627,8374.0
2025-08-04 00:00:00,195.557,195.57,195.302,195.366,834.0
2025-08-04 01:00:00,195.366,195.561,195.271,195.518,4268.0
2025-08-04 02:00:00,195.518,195.856,195.484,195.836,4789.0
2025-08-04 03:00:00,195.839,195.876,195.635,195.807,8556.0
2025-08-04 04:00:00,195.809,196.211,195.794,196.184,7856.0
2025-08-04 05:00:00,196.184,196.365,196.035,196.292,5791.0
2025-08-04 06:00:00,196.292,196.293,196.09,196.179,4995.0
2025-08-04 07:00:00,196.179,196.192,196.051,196.098,4572.0
2025-08-04 08:00:00,196.098,196.283,196.081,196.195,5304.0
2025-08-04 09:00:00,196.193,196.291,196.0,196.131,7373.0
2025-08-04 10:00:00,196.128,196.464,196.052,196.343,8678.0
2025-08-04 11:00:00,196.34,196.534,196.3,196.368,8244.0
2025-08-04 12:00:00,196.369,196.529,196.346,196.476,7398.0
2025-08-04 13:00:00,196.475,196.499,196.16,196.233,6501.0
2025-08-04 14:00:00,196.23,196.354,195.893,195.894,8249.0
2025-08-04 15:00:00,195.894,195.946,195.651,195.736,8617.0
2025-08-04 16:00:00,195.736,195.958,195.57,195.655,10068.0
2025-08-04 17:00:00,195.664,196.103,195.568,195.719,10808.0
2025-08-04 18:00:00,195.72,195.891,195.455,195.456,9075.0
2025-08-04 19:00:00,195.456,195.536,195.336,195.344,6148.0
2025-08-04 20:00:00,195.344,195.368,195.189,195.196,5353.0
2025-08-04 21:00:00,195.196,195.243,195.029,195.078,5496.0
2025-08-04 22:00:00,195.078,195.203,195.073,195.201,4990.0
2025-08-04 23:00:00,195.199,195.443,195.198,195.383,3940.0
2025-08-05 00:00:00,195.335,195.43,195.218,195.28,1545.0
2025-08-05 01:00:00,195.28,195.384,195.167,195.282,2512.0
2025-08-05 02:00:00,195.283,195.325,195.071,195.201,2980.0
2025-08-05 03:00:00,195.201,195.452,195.029,195.399,6702.0
2025-08-05 04:00:00,195.398,195.532,195.299,195.422,6594.0
2025-08-05 05:00:00,195.423,195.54,195.376,195.528,5481.0
2025-08-05 06:00:00,195.528,195.552,195.412,195.453,4010.0
2025-08-05 07:00:00,195.453,195.511,195.323,195.413,3992.0
2025-08-05 08:00:00,195.413,195.46,195.282,195.369,4925.0
2025-08-05 09:00:00,195.371,195.662,195.266,195.633,5992.0
2025-08-05 10:00:00,195.633,195.792,195.525,195.624,7652.0
2025-08-05 11:00:00,195.624,195.99,195.514,195.986,7862.0
2025-08-05 12:00:00,195.987,196.232,195.921,196.227,6212.0
2025-08-05 13:00:00,196.227,196.36,196.115,196.127,5883.0
2025-08-05 14:00:00,196.127,196.152,195.904,196.063,6132.0
2025-08-05 15:00:00,196.063,196.217,195.918,196.125,9009.0
2025-08-05 16:00:00,196.125,196.27,195.993,196.018,9152.0
2025-08-05 17:00:00,196.032,196.127,195.703,195.959,12894.0
2025-08-05 18:00:00,195.959,196.299,195.923,196.278,9319.0
2025-08-05 19:00:00,196.278,196.421,196.255,196.377,6351.0
2025-08-05 20:00:00,196.377,196.46,196.336,196.402,5314.0
2025-08-05 21:00:00,196.402,196.434,196.231,196.244,5466.0
2025-08-05 22:00:00,196.244,196.322,196.221,196.263,4176.0
2025-08-05 23:00:00,196.263,196.267,196.154,196.255,3102.0
2025-08-06 00:00:00,196.229,196.229,196.032,196.132,1835.0
2025-08-06 01:00:00,196.132,196.269,196.118,196.22,2495.0
2025-08-06 02:00:00,196.22,196.344,196.186,196.186,2697.0
2025-08-06 03:00:00,196.186,196.354,196.168,196.299,5181.0
2025-08-06 04:00:00,196.299,196.435,196.285,196.402,4967.0
2025-08-06 05:00:00,196.402,196.479,196.258,196.26,4813.0
2025-08-06 06:00:00,196.26,196.275,196.091,196.176,4257.0
2025-08-06 07:00:00,196.178,196.235,196.101,196.143,4184.0
2025-08-06 08:00:00,196.143,196.298,196.12,196.189,4530.0
2025-08-06 09:00:00,196.193,196.31,196.093,196.265,6161.0
2025-08-06 10:00:00,196.265,196.348,196.206,196.305,6801.0
2025-08-06 11:00:00,196.302,196.4,196.216,196.347,7080.0
2025-08-06 12:00:00,196.348,196.606,196.342,196.578,6023.0
2025-08-06 13:00:00,196.574,196.651,196.497,196.539,7764.0
2025-08-06 14:00:00,196.539,196.648,196.374,196.491,5815.0
2025-08-06 15:00:00,196.491,196.5,196.33,196.349,6684.0
2025-08-06 16:00:00,196.349,196.414,196.182,196.213,8024.0
2025-08-06 17:00:00,196.216,196.514,196.165,196.477,8528.0
2025-08-06 18:00:00,196.477,196.901,196.434,196.709,8740.0
2025-08-06 19:00:00,196.71,196.819,196.648,196.666,6753.0
2025-08-06 20:00:00,196.666,196.865,196.633,196.648,5529.0
2025-08-06 21:00:00,196.649,196.711,196.453,196.529,5304.0
2025-08-06 22:00:00,196.53,196.622,196.527,196.596,4041.0
2025-08-06 23:00:00,196.596,197.094,196.579,196.817,3917.0
2025-08-07 00:00:00,196.702,196.873,196.65,196.698,1563.0
2025-08-07 01:00:00,196.698,196.796,196.633,196.656,3007.0
2025-08-07 02:00:00,196.656,196.707,196.576,196.621,2820.0
2025-08-07 03:00:00,196.623,197.021,196.589,196.997,6243.0
2025-08-07 04:00:00,196.997,197.141,196.925,196.976,6003.0
2025-08-07 05:00:00,196.976,197.075,196.896,197.028,4233.0
2025-08-07 06:00:00,197.028,197.187,196.982,197.077,4693.0
2025-08-07 07:00:00,197.077,197.1,196.864,196.924,4445.0
2025-08-07 08:00:00,196.924,196.955,196.83,196.909,4624.0
2025-08-07 09:00:00,196.909,196.945,196.358,196.417,6521.0
2025-08-07 10:00:00,196.415,196.527,196.236,196.348,8064.0
2025-08-07 11:00:00,196.348,196.79,196.315,196.706,9023.0
2025-08-07 12:00:00,196.706,197.0,196.695,196.976,6646.0
2025-08-07 13:00:00,196.976,197.118,196.906,197.054,6775.0
2025-08-07 14:00:00,197.052,197.925,196.985,197.587,8914.0
2025-08-07 15:00:00,197.587,197.911,197.433,197.673,8801.0
2025-08-07 16:00:00,197.673,197.738,197.465,197.699,9208.0
2025-08-07 17:00:00,197.702,197.824,197.566,197.694,10787.0
2025-08-07 18:00:00,197.694,197.988,197.575,197.932,8361.0
2025-08-07 19:00:00,197.932,198.022,197.831,197.908,5819.0
2025-08-07 20:00:00,197.908,198.021,197.827,197.844,6193.0
2025-08-07 21:00:00,197.844,197.892,197.738,197.887,5254.0
2025-08-07 22:00:00,197.887,197.893,197.442,197.727,6903.0
2025-08-07 23:00:00,197.727,197.816,197.607,197.8,4469.0
2025-08-08 00:00:00,197.722,197.722,197.492,197.514,1354.0
2025-08-08 01:00:00,197.514,197.68,197.447,197.623,3794.0
2025-08-08 02:00:00,197.623,197.638,197.395,197.467,3855.0
2025-08-08 03:00:00,197.455,197.926,197.375,197.884,6779.0
2025-08-08 04:00:00,197.884,198.003,197.857,197.913,5759.0
2025-08-08 05:00:00,197.911,197.995,197.849,197.879,3902.0
2025-08-08 06:00:00,197.879,197.953,197.806,197.815,4017.0
2025-08-08 07:00:00,197.815,197.822,197.689,197.716,3734.0
2025-08-08 08:00:00,197.722,197.931,197.679,197.919,5053.0
2025-08-08 09:00:00,197.919,197.966,197.768,197.848,6004.0
2025-08-08 10:00:00,197.848,198.153,197.697,198.032,7288.0
2025-08-08 11:00:00,198.031,198.401,197.882,198.356,7944.0
2025-08-08 12:00:00,198.36,198.65,198.282,198.628,7337.0
2025-08-08 13:00:00,198.628,198.679,198.499,198.671,6028.0
2025-08-08 14:00:00,198.671,198.831,198.532,198.671,6248.0
2025-08-08 15:00:00,198.671,198.702,198.365,198.452,8060.0
2025-08-08 16:00:00,198.453,198.632,198.387,198.574,7717.0
2025-08-08 17:00:00,198.575,198.72,198.508,198.641,8372.0
2025-08-08 18:00:00,198.641,198.748,198.541,198.553,7102.0
2025-08-08 19:00:00,198.553,198.697,198.529,198.673,5623.0
2025-08-08 20:00:00,198.673,198.784,198.615,198.771,4838.0
2025-08-11 00:00:00,198.363,198.516,198.242,198.299,1307.0
2025-08-11 01:00:00,198.299,198.678,198.299,198.586,1918.0
2025-08-11 02:00:00,198.586,198.629,198.49,198.498,2487.0
2025-08-11 03:00:00,198.498,198.527,198.407,198.493,4431.0
2025-08-11 04:00:00,198.495,198.589,198.461,198.56,4666.0
2025-08-11 05:00:00,198.56,198.613,198.529,198.549,3945.0
2025-08-11 06:00:00,198.549,198.608,198.498,198.588,3619.0
2025-08-11 07:00:00,198.588,198.612,198.54,198.605,3718.0
2025-08-11 08:00:00,198.605,198.689,198.58,198.682,3660.0
2025-08-11 09:00:00,198.682,198.79,198.679,198.781,5451.0
2025-08-11 10:00:00,198.781,198.802,198.182,198.287,6406.0
2025-08-11 11:00:00,198.287,198.667,198.223,198.611,6837.0
2025-08-11 12:00:00,198.607,198.712,198.562,198.686,5906.0
2025-08-11 13:00:00,198.682,198.781,198.631,198.647,4974.0
2025-08-11 14:00:00,198.647,198.717,198.54,198.583,6261.0
2025-08-11 15:00:00,198.584,198.656,198.364,198.41,7299.0
2025-08-11 16:00:00,198.41,198.585,198.365,198.482,8091.0
2025-08-11 17:00:00,198.482,198.567,198.352,198.485,8260.0
2025-08-11 18:00:00,198.485,198.554,198.394,198.539,6913.0
2025-08-11 19:00:00,198.539,198.684,198.497,198.671,4899.0
2025-08-11 20:00:00,198.671,198.764,198.649,198.759,4921.0
2025-08-11 21:00:00,198.759,199.067,198.744,199.027,5018.0
2025-08-11 22:00:00,199.027,199.043,198.937,199.032,3647.0
2025-08-11 23:00:00,199.035,199.067,198.955,198.971,2787.0
2025-08-12 00:00:00,198.971,198.971,198.776,198.836,1561.0
2025-08-12 01:00:00,198.836,199.106,198.836,199.077,1845.0
2025-08-12 02:00:00,199.077,199.112,198.987,199.022,1902.0
2025-08-12 03:00:00,199.019,199.346,199.016,199.311,5511.0
2025-08-12 04:00:00,199.311,199.311,199.158,199.191,4854.0
2025-08-12 05:00:00,199.191,199.29,199.142,199.267,3657.0
2025-08-12 06:00:00,199.267,199.397,199.241,199.365,3603.0
2025-08-12 07:00:00,199.367,199.379,199.27,199.363,4426.0
2025-08-12 08:00:00,199.364,199.375,198.994,199.118,6462.0
2025-08-12 09:00:00,199.119,199.448,199.106,199.182,7740.0
2025-08-12 10:00:00,199.183,199.559,199.165,199.549,7656.0
2025-08-12 11:00:00,199.549,199.982,199.458,199.905,6883.0
2025-08-12 12:00:00,199.907,199.949,199.666,199.835,6431.0
2025-08-12 13:00:00,199.836,199.86,199.706,199.79,5256.0
2025-08-12 14:00:00,199.791,199.837,199.664,199.762,5655.0
2025-08-12 15:00:00,199.76,199.962,199.37,199.627,11816.0
2025-08-12 16:00:00,199.633,200.049,199.512,199.899,13303.0
2025-08-12 17:00:00,199.896,200.083,199.731,199.843,11220.0
2025-08-12 18:00:00,199.841,199.947,199.515,199.637,9829.0
2025-08-12 19:00:00,199.636,199.702,199.552,199.646,7595.0
2025-08-12 20:00:00,199.643,199.676,199.551,199.591,6107.0
2025-08-12 21:00:00,199.589,199.611,199.316,199.378,4911.0
2025-08-12 22:00:00,199.377,199.417,199.311,199.407,3825.0
2025-08-12 23:00:00,199.405,199.603,199.363,199.59,2593.0
2025-08-13 00:00:00,199.543,199.548,199.394,199.488,2171.0
2025-08-13 01:00:00,199.488,199.59,199.474,199.526,2302.0
2025-08-13 02:00:00,199.526,199.588,199.48,199.558,1960.0
2025-08-13 03:00:00,199.558,199.641,199.431,199.573,5681.0
2025-08-13 04:00:00,199.57,199.899,199.503,199.855,5248.0
2025-08-13 05:00:00,199.855,199.985,199.843,199.904,4365.0
2025-08-13 06:00:00,199.909,199.98,199.824,199.848,3929.0
2025-08-13 07:00:00,199.85,199.971,199.769,199.778,4244.0
2025-08-13 08:00:00,199.778,199.864,199.712,199.812,4341.0
2025-08-13 09:00:00,199.814,199.854,199.643,199.744,6250.0
2025-08-13 10:00:00,199.744,199.882,199.615,199.829,7345.0
2025-08-13 11:00:00,199.821,199.9,199.552,199.657,7710.0
2025-08-13 12:00:00,199.657,199.886,199.61,199.865,6357.0
2025-08-13 13:00:00,199.865,200.024,199.832,200.005,5857.0
2025-08-13 14:00:00,200.006,200.285,199.935,199.959,6560.0
2025-08-13 15:00:00,199.959,200.001,199.78,199.892,7693.0
2025-08-13 16:00:00,199.892,199.971,199.78,199.816,8273.0
2025-08-13 17:00:00,199.819,199.93,199.657,199.703,8648.0
2025-08-13 18:00:00,199.703,199.9,199.546,199.832,7608.0
2025-08-13 19:00:00,199.83,200.005,199.823,199.997,5155.0
2025-08-13 20:00:00,199.996,200.06,199.953,200.011,4621.0
2025-08-13 21:00:00,200.013,200.149,199.996,200.025,4327.0
2025-08-13 22:00:00,200.025,200.146,200.009,200.135,3609.0
2025-08-13 23:00:00,200.135,200.165,200.044,200.088,2825.0
2025-08-14 00:00:00,200.033,200.033,199.782,199.822,887.0
2025-08-14 01:00:00,199.822,200.011,199.802,199.978,1916.0
2025-08-14 02:00:00,199.978,199.993,199.855,199.868,2196.0
2025-08-14 03:00:00,199.868,199.872,199.198,199.296,6168.0
2025-08-14 04:00:00,199.296,199.312,198.915,198.99,7335.0
2025-08-14 05:00:00,198.993,199.2,198.972,199.185,5232.0
2025-08-14 06:00:00,199.185,199.192,198.893,198.921,4487.0
2025-08-14 07:00:00,198.921,198.943,198.676,198.728,3959.0
2025-08-14 08:00:00,198.73,198.912,198.728,198.754,5281.0
2025-08-14 09:00:00,198.818,198.971,198.592,198.905,7657.0
2025-08-14 10:00:00,198.904,199.048,198.696,198.917,8949.0
2025-08-14 11:00:00,198.917,199.017,198.804,198.902,7137.0
2025-08-14 12:00:00,198.903,199.168,198.83,199.091,6713.0
2025-08-14 13:00:00,199.091,199.189,198.983,198.994,6742.0
2025-08-14 14:00:00,198.99,199.094,198.852,198.852,6167.0
2025-08-14 15:00:00,198.857,199.369,198.826,199.164,10831.0
2025-08-14 16:00:00,199.161,199.582,199.16,199.525,10901.0
2025-08-14 17:00:00,199.532,199.934,199.52,199.924,9415.0
2025-08-14 18:00:00,199.927,200.124,199.826,199.826,8659.0
2025-08-14 19:00:00,199.826,200.067,199.821,199.937,6288.0
2025-08-14 20:00:00,199.937,200.101,199.899,200.096,4833.0
2025-08-14 21:00:00,200.096,200.161,200.053,200.118,4565.0
2025-08-14 22:00:00,200.118,200.144,200.044,200.046,3700.0
2025-08-14 23:00:00,200.046,200.049,199.877,199.891,2968.0
2025-08-15 00:00:00,199.859,199.98,199.778,199.804,583.0
2025-08-15 01:00:00,199.804,199.968,199.788,199.92,1509.0
2025-08-15 02:00:00,199.92,200.013,199.797,199.812,2354.0
2025-08-15 03:00:00,199.815,199.856,199.585,199.612,4697.0
2025-08-15 04:00:00,199.612,199.675,199.311,199.381,5004.0
2025-08-15 05:00:00,199.38,199.547,199.375,199.473,4161.0
2025-08-15 06:00:00,199.474,199.551,199.397,199.452,3983.0
2025-08-15 07:00:00,199.452,199.462,199.281,199.339,3138.0
2025-08-15 08:00:00,199.341,199.452,199.202,199.416,3957.0
2025-08-15 09:00:00,199.416,199.451,199.268,199.359,6070.0
2025-08-15 10:00:00,199.359,199.509,199.241,199.267,6570.0
2025-08-15 11:00:00,199.267,199.269,198.938,198.938,6308.0
2025-08-15 12:00:00,198.938,199.149,198.912,199.14,5423.0
2025-08-15 13:00:00,199.14,199.276,199.032,199.256,5129.0
2025-08-15 14:00:00,199.256,199.388,199.234,199.31,5012.0
2025-08-15 15:00:00,199.312,199.503,199.112,199.199,8788.0
2025-08-15 16:00:00,199.199,199.493,199.12,199.385,9926.0
2025-08-15 17:00:00,199.395,199.439,199.108,199.122,9428.0
2025-08-15 18:00:00,199.124,199.433,199.124,199.376,7416.0
2025-08-15 19:00:00,199.376,199.612,199.354,199.566,4959.0
2025-08-15 20:00:00,199.568,199.693,199.546,199.587,4116.0
2025-08-18 00:00:00,199.358,199.568,199.312,199.53,881.0
2025-08-18 01:00:00,199.554,199.604,199.43,199.591,2049.0
2025-08-18 02:00:00,199.585,199.775,199.584,199.585,2705.0
2025-08-18 03:00:00,199.585,199.882,199.574,199.811,5397.0
2025-08-18 04:00:00,199.812,200.004,199.772,199.775,4956.0
2025-08-18 05:00:00,199.772,199.899,199.748,199.815,3478.0
2025-08-18 06:00:00,199.815,199.872,199.744,199.8,3342.0
2025-08-18 07:00:00,199.8,199.995,199.793,199.89,3818.0
2025-08-18 08:00:00,199.889,199.971,199.838,199.873,3969.0
2025-08-18 09:00:00,199.869,199.895,199.601,199.631,6292.0
2025-08-18 10:00:00,199.63,199.674,199.376,199.635,7532.0
2025-08-18 11:00:00,199.634,199.71,199.506,199.595,7601.0
2025-08-18 12:00:00,199.593,199.728,199.487,199.599,6682.0
2025-08-18 13:00:00,199.597,199.708,199.552,199.586,5455.0
2025-08-18 14:00:00,199.585,199.768,199.581,199.757,5689.0
2025-08-18 15:00:00,199.753,200.113,199.735,200.078,6675.0
2025-08-18 16:00:00,200.078,200.27,200.049,200.117,7208.0
2025-08-18 17:00:00,200.118,200.146,199.941,199.96,8104.0
2025-08-18 18:00:00,199.958,200.041,199.712,199.759,6766.0
2025-08-18 19:00:00,199.762,199.805,199.616,199.649,5025.0
2025-08-18 20:00:00,199.649,199.713,199.547,199.674,4555.0
2025-08-18 21:00:00,199.675,199.702,199.574,199.689,3994.0
2025-08-18 22:00:00,199.69,199.784,199.65,199.653,3442.0
2025-08-18 23:00:00,199.649,199.744,199.597,199.636,2441.0
2025-08-19 00:00:00,199.663,199.713,199.476,199.564,1400.0
2025-08-19 01:00:00,199.638,199.82,199.504,199.759,1941.0
2025-08-19 02:00:00,199.763,199.834,199.746,199.81,2659.0
2025-08-19 03:00:00,199.81,199.866,199.53,199.534,5420.0
2025-08-19 04:00:00,199.534,199.77,199.273,199.401,6872.0
2025-08-19 05:00:00,199.4,199.53,199.363,199.524,4639.0
2025-08-19 06:00:00,199.525,199.66,199.434,199.581,4481.0
2025-08-19 07:00:00,199.581,199.628,199.498,199.552,4156.0
2025-08-19 08:00:00,199.549,199.595,199.315,199.32,4602.0
2025-08-19 09:00:00,199.312,199.48,199.253,199.47,5960.0
2025-08-19 10:00:00,199.47,199.718,199.442,199.71,6974.0
2025-08-19 11:00:00,199.711,199.779,199.578,199.641,6160.0
2025-08-19 12:00:00,199.641,199.767,199.606,199.742,5554.0
2025-08-19 13:00:00,199.744,199.758,199.647,199.743,5464.0
2025-08-19 14:00:00,199.743,199.806,199.634,199.725,5385.0
2025-08-19 15:00:00,199.724,199.86,199.574,199.651,7240.0
2025-08-19 16:00:00,199.654,199.691,199.454,199.488,7959.0
2025-08-19 17:00:00,199.488,199.599,199.386,199.475,7716.0
2025-08-19 18:00:00,199.471,199.507,199.284,199.319,7132.0
2025-08-19 19:00:00,199.322,199.324,199.079,199.136,5683.0
2025-08-19 20:00:00,199.136,199.16,198.884,198.941,4842.0
2025-08-19 21:00:00,198.941,198.964,198.82,198.922,4506.0
2025-08-19 22:00:00,198.921,199.088,198.831,199.086,3655.0
2025-08-19 23:00:00,199.085,199.236,199.085,199.23,2544.0
2025-08-20 00:00:00,199.177,199.177,198.962,198.976,2631.0
2025-08-20 01:00:00,198.975,199.174,198.972,199.134,1847.0
2025-08-20 02:00:00,199.128,199.259,199.126,199.219,2682.0
2025-08-20 03:00:00,199.222,199.241,198.833,198.924,5338.0
2025-08-20 04:00:00,198.925,199.026,198.688,198.733,5922.0
2025-08-20 05:00:00,198.732,198.786,198.631,198.748,5838.0
2025-08-20 06:00:00,198.745,198.829,198.691,198.757,4412.0
2025-08-20 07:00:00,198.759,198.895,198.736,198.855,3316.0
2025-08-20 08:00:00,198.855,198.904,198.747,198.809,3718.0
2025-08-20 09:00:00,198.789,199.026,198.66,198.8,7672.0
2025-08-20 10:00:00,198.801,199.433,198.763,199.427,7665.0
2025-08-20 11:00:00,199.427,199.449,199.114,199.255,6668.0
2025-08-20 12:00:00,199.255,199.267,199.037,199.113,4944.0
2025-08-20 13:00:00,199.113,199.114,198.923,198.974,4848.0
2025-08-20 14:00:00,198.973,198.981,198.746,198.762,4431.0
2025-08-20 15:00:00,198.759,198.839,198.623,198.66,7368.0
2025-08-20 16:00:00,198.658,198.777,198.214,198.335,8368.0
2025-08-20 17:00:00,198.333,198.46,197.857,198.047,10429.0
2025-08-20 18:00:00,198.05,198.235,197.898,197.959,7552.0
2025-08-20 19:00:00,197.958,198.15,197.958,198.03,5233.0
2025-08-20 20:00:00,198.026,198.109,197.931,198.031,4636.0
2025-08-20 21:00:00,198.015,198.177,198.003,198.107,5509.0
2025-08-20 22:00:00,198.107,198.265,198.071,198.232,3886.0
2025-08-20 23:00:00,198.237,198.38,198.176,198.185,2285.0
2025-08-21 00:00:00,198.238,198.238,198.067,198.067,1143.0
2025-08-21 01:00:00,198.089,198.278,198.068,198.239,2001.0
2025-08-21 02:00:00,198.239,198.448,198.162,198.341,2963.0
2025-08-21 03:00:00,198.339,198.437,198.194,198.317,6454.0
2025-08-21 04:00:00,198.31,198.45,198.259,198.398,5665.0
2025-08-21 05:00:00,198.392,198.426,198.143,198.174,4286.0
2025-08-21 06:00:00,198.176,198.331,198.122,198.313,3253.0
2025-08-21 07:00:00,198.313,198.324,198.195,198.241,2912.0
2025-08-21 08:00:00,198.243,198.4,198.21,198.323,3721.0
2025-08-21 09:00:00,198.321,198.492,198.202,198.383,6265.0
2025-08-21 10:00:00,198.386,198.582,198.297,198.582,7380.0
2025-08-21 11:00:00,198.579,198.802,198.471,198.717,6507.0
2025-08-21 12:00:00,198.713,199.099,198.67,198.967,6094.0
2025-08-21 13:00:00,198.969,199.184,198.922,199.175,6009.0
2025-08-21 14:00:00,199.169,199.228,198.969,199.002,6158.0
2025-08-21 15:00:00,198.999,199.006,198.618,198.652,8098.0
2025-08-21 16:00:00,198.652,198.847,198.413,198.413,9785.0
2025-08-21 17:00:00,198.423,199.011,198.385,198.898,9833.0
2025-08-21 18:00:00,198.899,199.076,198.87,198.989,9673.0
2025-08-21 19:00:00,198.989,199.039,198.854,198.962,5664.0
2025-08-21 20:00:00,198.963,199.063,198.829,198.997,4847.0
2025-08-21 21:00:00,198.994,199.048,198.921,199.037,4088.0
2025-08-21 22:00:00,199.037,199.104,198.984,198.992,3131.0
2025-08-21 23:00:00,198.992,199.017,198.926,198.997,2238.0
2025-08-22 00:00:00,198.943,198.952,198.758,198.858,1125.0
2025-08-22 01:00:00,198.858,199.052,198.845,199.011,1744.0
2025-08-22 02:00:00,199.011,199.145,198.964,199.084,2614.0
2025-08-22 03:00:00,199.084,199.265,198.917,199.234,5547.0
2025-08-22 04:00:00,199.235,199.324,199.097,199.201,5333.0
2025-08-22 05:00:00,199.202,199.218,199.093,199.124,4084.0
2025-08-22 06:00:00,199.122,199.277,199.087,199.228,4087.0
2025-08-22 07:00:00,199.228,199.305,199.165,199.207,3779.0
2025-08-22 08:00:00,199.207,199.23,199.02,199.103,4313.0
2025-08-22 09:00:00,199.103,199.13,198.852,199.014,6003.0
2025-08-22 10:00:00,199.011,199.222,198.95,199.196,5884.0
2025-08-22 11:00:00,199.2,199.388,199.167,199.353,6030.0
2025-08-22 12:00:00,199.357,199.495,199.306,199.416,5430.0
2025-08-22 13:00:00,199.419,199.477,199.304,199.308,4893.0
2025-08-22 14:00:00,199.305,199.52,199.301,199.477,5281.0
2025-08-22 15:00:00,199.478,199.534,199.359,199.44,6501.0
2025-08-22 16:00:00,199.444,199.518,199.338,199.457,7271.0
2025-08-22 17:00:00,199.436,199.45,198.344,198.592,16286.0
2025-08-22 18:00:00,198.593,198.644,198.411,198.564,10782.0
2025-08-22 19:00:00,198.566,198.611,198.318,198.405,7838.0
2025-08-22 20:00:00,198.406,198.535,198.379,198.485,6252.0
2025-08-25 00:00:00,198.502,198.59,198.326,198.442,2619.0
2025-08-25 01:00:00,198.464,198.782,198.458,198.763,2605.0
2025-08-25 02:00:00,198.763,199.012,198.763,198.936,3304.0
2025-08-25 03:00:00,198.936,199.157,198.85,198.934,6271.0
2025-08-25 04:00:00,198.934,198.961,198.771,198.895,4978.0
2025-08-25 05:00:00,198.895,199.07,198.874,199.04,3627.0
2025-08-25 06:00:00,199.04,199.097,198.979,199.079,3314.0
2025-08-25 07:00:00,199.079,199.099,198.914,198.937,3361.0
2025-08-25 08:00:00,198.937,199.077,198.929,199.015,3614.0
2025-08-25 09:00:00,199.015,199.116,198.869,198.959,5644.0
2025-08-25 10:00:00,198.959,199.033,198.819,198.959,5678.0
2025-08-25 11:00:00,198.959,198.998,198.87,198.882,4935.0
2025-08-25 12:00:00,198.882,198.887,198.746,198.841,4270.0
2025-08-25 13:00:00,198.841,198.923,198.774,198.903,5029.0
2025-08-25 14:00:00,198.905,199.174,198.881,199.168,4731.0
2025-08-25 15:00:00,199.163,199.193,198.972,199.033,5551.0
2025-08-25 16:00:00,199.034,199.297,198.993,199.0,7099.0
2025-08-25 17:00:00,198.997,199.189,198.946,199.144,7675.0
2025-08-25 18:00:00,199.144,199.225,198.935,199.119,7414.0
2025-08-25 19:00:00,199.122,199.143,198.979,199.0,5971.0
2025-08-25 20:00:00,199.0,199.011,198.874,198.902,5418.0
2025-08-25 21:00:00,198.899,199.032,198.873,198.959,5763.0
2025-08-25 22:00:00,198.952,198.994,198.807,198.879,5329.0
2025-08-25 23:00:00,198.877,198.89,198.678,198.74,3476.0
2025-08-26 00:00:00,198.736,198.845,198.634,198.66,2363.0
2025-08-26 01:00:00,198.662,198.848,198.649,198.785,2022.0
2025-08-26 02:00:00,198.781,198.908,198.751,198.878,2267.0
2025-08-26 03:00:00,198.873,198.89,198.275,198.319,11880.0
2025-08-26 04:00:00,198.319,198.548,198.313,198.464,6789.0
2025-08-26 05:00:00,198.464,198.719,198.441,198.636,6058.0
2025-08-26 06:00:00,198.632,198.827,198.614,198.809,5403.0
2025-08-26 07:00:00,198.807,198.888,198.746,198.85,4335.0
2025-08-26 08:00:00,198.852,198.978,198.807,198.902,5152.0
2025-08-26 09:00:00,198.895,198.982,198.701,198.895,7750.0
2025-08-26 10:00:00,198.895,198.985,198.555,198.728,9440.0
2025-08-26 11:00:00,198.733,198.813,198.608,198.684,8236.0
2025-08-26 12:00:00,198.683,198.919,198.633,198.886,7150.0
2025-08-26 13:00:00,198.887,198.969,198.792,198.929,6508.0
2025-08-26 14:00:00,198.929,199.016,198.799,198.898,6145.0
2025-08-26 15:00:00,198.901,198.919,198.721,198.873,7583.0
2025-08-26 16:00:00,198.867,199.018,198.809,198.903,8352.0
2025-08-26 17:00:00,198.924,199.051,198.808,198.809,9231.0
2025-08-26 18:00:00,198.811,198.871,198.553,198.61,7376.0
2025-08-26 19:00:00,198.608,198.62,198.37,198.533,5710.0
2025-08-26 20:00:00,198.531,198.603,198.493,198.568,4445.0
2025-08-26 21:00:00,198.568,198.738,198.543,198.657,4661.0
2025-08-26 22:00:00,198.657,198.757,198.598,198.719,3671.0
2025-08-26 23:00:00,198.716,198.736,198.65,198.684,2357.0
2025-08-27 00:00:00,198.558,198.662,198.438,198.622,2467.0
2025-08-27 01:00:00,198.622,198.804,198.564,198.752,1898.0
2025-08-27 02:00:00,198.752,198.802,198.653,198.748,2261.0
2025-08-27 03:00:00,198.756,198.877,198.64,198.811,5274.0
2025-08-27 04:00:00,198.814,198.901,198.746,198.815,5647.0
2025-08-27 05:00:00,198.815,198.904,198.813,198.869,4200.0
2025-08-27 06:00:00,198.869,199.001,198.854,198.943,3864.0
2025-08-27 07:00:00,198.945,199.022,198.923,198.965,4350.0
2025-08-27 08:00:00,198.966,198.996,198.868,198.898,4503.0
2025-08-27 09:00:00,198.904,198.934,198.752,198.872,5286.0
2025-08-27 10:00:00,198.873,198.932,198.735,198.779,6618.0
2025-08-27 11:00:00,198.781,198.892,198.662,198.868,7505.0
2025-08-27 12:00:00,198.869,198.974,198.78,198.972,5712.0
2025-08-27 13:00:00,198.971,198.988,198.788,198.804,5925.0
2025-08-27 14:00:00,198.805,199.001,198.776,198.958,5602.0
2025-08-27 15:00:00,198.958,199.058,198.896,199.025,7282.0
2025-08-27 16:00:00,199.024,199.184,198.895,199.122,8105.0
2025-08-27 17:00:00,199.125,199.141,198.924,199.026,8202.0
2025-08-27 18:00:00,199.027,199.047,198.908,198.957,7225.0
2025-08-27 19:00:00,198.957,199.104,198.852,198.881,5982.0
2025-08-27 20:00:00,198.879,198.983,198.812,198.952,5538.0
2025-08-27 21:00:00,198.952,199.034,198.907,198.959,4535.0
2025-08-27 22:00:00,198.96,199.097,198.96,199.056,3660.0
2025-08-27 23:00:00,199.048,199.082,198.921,198.976,3509.0
2025-08-28 00:00:00,198.98,198.98,198.694,198.823,1931.0
2025-08-28 01:00:00,198.822,198.927,198.712,198.827,2671.0
2025-08-28 02:00:00,198.823,198.967,198.774,198.961,3129.0
2025-08-28 03:00:00,198.963,199.111,198.881,198.918,5397.0
2025-08-28 04:00:00,198.918,199.07,198.829,198.976,5063.0
2025-08-28 05:00:00,198.993,199.137,198.941,199.016,4219.0
2025-08-28 06:00:00,199.016,199.061,198.676,198.695,3654.0
2025-08-28 07:00:00,198.698,198.837,198.682,198.731,3599.0
2025-08-28 08:00:00,198.731,198.784,198.576,198.681,3782.0
2025-08-28 09:00:00,198.681,198.974,198.548,198.923,6374.0
2025-08-28 10:00:00,198.924,198.97,198.611,198.655,7427.0
2025-08-28 11:00:00,198.657,198.78,198.593,198.687,6686.0
2025-08-28 12:00:00,198.682,198.71,198.598,198.659,5817.0
2025-08-28 13:00:00,198.662,198.81,198.627,198.662,6722.0
2025-08-28 14:00:00,198.67,198.691,198.463,198.561,5807.0
2025-08-28 15:00:00,198.558,198.7,198.447,198.635,9214.0
2025-08-28 16:00:00,198.634,198.733,198.533,198.665,9228.0
2025-08-28 17:00:00,198.666,198.82,198.508,198.589,8900.0
2025-08-28 18:00:00,198.59,198.73,198.562,198.656,7270.0
2025-08-28 19:00:00,198.653,198.696,198.515,198.565,5217.0
2025-08-28 20:00:00,198.564,198.579,198.388,198.49,5451.0
2025-08-28 21:00:00,198.492,198.539,198.408,198.432,3836.0
2025-08-28 22:00:00,198.429,198.531,198.418,198.51,3253.0
2025-08-28 23:00:00,198.511,198.562,198.501,198.52,2546.0
2025-08-29 00:00:00,198.511,198.511,198.298,198.436,1938.0
2025-08-29 01:00:00,198.436,198.665,198.436,198.592,3496.0
2025-08-29 02:00:00,198.592,198.599,198.329,198.339,2637.0
2025-08-29 03:00:00,198.343,198.511,198.283,198.339,5579.0
2025-08-29 04:00:00,198.337,198.541,198.308,198.432,6483.0
2025-08-29 05:00:00,198.432,198.464,198.271,198.333,4485.0
2025-08-29 06:00:00,198.335,198.425,198.306,198.414,3731.0
2025-08-29 07:00:00,198.414,198.46,198.327,198.366,3683.0
2025-08-29 08:00:00,198.367,198.468,198.315,198.468,4041.0
2025-08-29 09:00:00,198.462,198.565,198.363,198.522,5918.0
2025-08-29 10:00:00,198.52,198.607,198.262,198.318,6488.0
2025-08-29 11:00:00,198.322,198.33,197.977,198.042,6604.0
2025-08-29 12:00:00,198.043,198.154,197.95,197.977,5953.0
2025-08-29 13:00:00,197.976,198.242,197.936,198.154,5486.0
2025-08-29 14:00:00,198.152,198.164,198.031,198.097,5269.0
2025-08-29 15:00:00,198.105,198.33,198.035,198.295,7922.0
2025-08-29 16:00:00,198.295,198.308,198.058,198.131,8310.0
2025-08-29 17:00:00,198.123,198.409,197.985,198.351,10684.0
2025-08-29 18:00:00,198.352,198.519,198.293,198.432,8324.0
2025-08-29 19:00:00,198.433,198.512,198.351,198.442,5567.0
2025-08-29 20:00:00,198.443,198.526,198.338,198.465,3851.0
2025-09-01 00:00:00,198.37,198.47,198.232,198.396,774.0
2025-09-01 01:00:00,198.42,198.707,198.41,198.67,1705.0
2025-09-01 02:00:00,198.66,198.742,198.616,198.661,2464.0
2025-09-01 03:00:00,198.661,199.06,198.653,199.033,4982.0
2025-09-01 04:00:00,199.035,199.077,198.962,199.015,5588.0
2025-09-01 05:00:00,199.019,199.05,198.672,198.704,5786.0
2025-09-01 06:00:00,198.703,198.784,198.623,198.647,4436.0
2025-09-01 07:00:00,198.65,198.804,198.623,198.779,3774.0
2025-09-01 08:00:00,198.777,198.803,198.665,198.703,3943.0
2025-09-01 09:00:00,198.703,198.834,198.647,198.827,6257.0
2025-09-01 10:00:00,198.829,199.052,198.81,198.989,6531.0
2025-09-01 11:00:00,198.989,199.112,198.917,198.953,6252.0
2025-09-01 12:00:00,198.952,199.066,198.86,199.033,6205.0
2025-09-01 13:00:00,199.035,199.071,198.927,198.978,4768.0
2025-09-01 14:00:00,198.979,199.12,198.978,199.02,5196.0
2025-09-01 15:00:00,199.02,199.231,199.017,199.202,5185.0
2025-09-01 16:00:00,199.205,199.366,199.198,199.339,5869.0
2025-09-01 17:00:00,199.337,199.552,199.326,199.541,5702.0
2025-09-01 18:00:00,199.541,199.565,199.405,199.425,4623.0
2025-09-01 19:00:00,199.426,199.453,199.377,199.389,2838.0
2025-09-01 20:00:00,199.391,199.396,199.346,199.37,1892.0
2025-09-01 21:00:00,199.37,199.402,199.356,199.394,1631.0
2025-09-01 22:00:00,199.394,199.412,199.352,199.41,2039.0
2025-09-01 23:00:00,199.408,199.423,199.307,199.323,1754.0
2025-09-02 00:00:00,199.311,199.311,199.144,199.227,2009.0
2025-09-02 01:00:00,199.227,199.434,199.227,199.343,1956.0
2025-09-02 02:00:00,199.341,199.35,199.214,199.257,2533.0
2025-09-02 03:00:00,199.257,199.503,199.252,199.413,5687.0
2025-09-02 04:00:00,199.413,199.775,199.31,199.721,6660.0
2025-09-02 05:00:00,199.721,199.825,199.665,199.775,5580.0
2025-09-02 06:00:00,199.775,199.834,199.643,199.786,3922.0
2025-09-02 07:00:00,199.785,200.01,199.765,199.834,4070.0
2025-09-02 08:00:00,199.834,200.012,199.828,199.996,4857.0
2025-09-02 09:00:00,199.993,200.266,199.988,200.212,6097.0
2025-09-02 10:00:00,200.21,200.269,199.11,199.237,11896.0
2025-09-02 11:00:00,199.235,199.302,198.801,199.107,10712.0
2025-09-02 12:00:00,199.109,199.144,198.894,199.062,8704.0
2025-09-02 13:00:00,199.063,199.125,198.727,198.809,8059.0
2025-09-02 14:00:00,198.809,198.973,198.629,198.903,8116.0
2025-09-02 15:00:00,198.902,199.01,198.573,198.702,10829.0
2025-09-02 16:00:00,198.705,198.849,198.517,198.717,10311.0
2025-09-02 17:00:00,198.717,198.788,198.319,198.388,11449.0
2025-09-02 18:00:00,198.392,198.514,198.32,198.476,9133.0
2025-09-02 19:00:00,198.479,198.607,198.435,198.607,6007.0
2025-09-02 20:00:00,198.609,198.721,198.45,198.593,4825.0
2025-09-02 21:00:00,198.594,198.683,198.476,198.644,4909.0
2025-09-02 22:00:00,198.645,198.684,198.566,198.655,4098.0
2025-09-02 23:00:00,198.646,198.742,198.637,198.673,2805.0
2025-09-03 00:00:00,198.61,198.67,198.472,198.65,1557.0
2025-09-03 01:00:00,198.687,198.898,198.647,198.795,2269.0
2025-09-03 02:00:00,198.793,198.882,198.733,198.828,2854.0
2025-09-03 03:00:00,198.82,198.982,198.673,198.973,5488.0
2025-09-03 04:00:00,198.972,199.069,198.903,199.023,5284.0
2025-09-03 05:00:00,199.024,199.035,198.893,198.936,4682.0
2025-09-03 06:00:00,198.937,199.023,198.931,198.963,3748.0
2025-09-03 07:00:00,198.964,199.006,198.614,198.652,4499.0
2025-09-03 08:00:00,198.648,198.731,198.48,198.563,4466.0
2025-09-03 09:00:00,198.567,198.947,198.519,198.793,6445.0
2025-09-03 10:00:00,198.788,198.971,198.59,198.807,9198.0
2025-09-03 11:00:00,198.804,199.242,198.792,199.211,8122.0
2025-09-03 12:00:00,199.211,199.373,199.068,199.181,7215.0
2025-09-03 13:00:00,199.18,199.327,199.054,199.306,5965.0
2025-09-03 14:00:00,199.306,199.357,199.19,199.322,6661.0
2025-09-03 15:00:00,199.319,199.668,199.297,199.661,7637.0
2025-09-03 16:00:00,199.658,199.727,199.366,199.412,9511.0
2025-09-03 17:00:00,199.407,199.425,198.993,199.044,11172.0
2025-09-03 18:00:00,199.044,199.182,198.97,198.982,8174.0
2025-09-03 19:00:00,198.982,199.056,198.903,198.974,5327.0
2025-09-03 20:00:00,198.975,199.079,198.921,198.984,4756.0
2025-09-03 21:00:00,198.987,199.02,198.883,198.899,4960.0
2025-09-03 22:00:00,198.896,199.076,198.877,199.065,4058.0
2025-09-03 23:00:00,199.066,199.162,199.025,199.135,2982.0
2025-09-04 00:00:00,198.968,199.072,198.886,198.928,2911.0
2025-09-04 01:00:00,198.908,199.126,198.908,198.975,2228.0
2025-09-04 02:00:00,198.981,198.993,198.855,198.892,2741.0
2025-09-04 03:00:00,198.885,199.132,198.805,198.981,6634.0
2025-09-04 04:00:00,198.983,199.02,198.77,198.89,6406.0
2025-09-04 05:00:00,198.892,199.026,198.882,198.958,5539.0
2025-09-04 06:00:00,198.958,199.076,198.937,199.06,4411.0
2025-09-04 07:00:00,199.06,199.105,198.928,199.043,3603.0
2025-09-04 08:00:00,199.043,199.103,198.946,199.036,4105.0
2025-09-04 09:00:00,199.049,199.215,198.992,199.109,5664.0
2025-09-04 10:00:00,199.111,199.265,199.013,199.212,7366.0
2025-09-04 11:00:00,199.214,199.495,199.214,199.415,6635.0
2025-09-04 12:00:00,199.412,199.44,199.259,199.337,6017.0
2025-09-04 13:00:00,199.337,199.495,199.274,199.391,5596.0
2025-09-04 14:00:00,199.389,199.43,199.177,199.276,5861.0
2025-09-04 15:00:00,199.277,199.503,199.059,199.503,9462.0
2025-09-04 16:00:00,199.5,199.638,199.367,199.471,9053.0
2025-09-04 17:00:00,199.491,199.719,199.318,199.715,10204.0
2025-09-04 18:00:00,199.716,199.824,199.678,199.737,6897.0
2025-09-04 19:00:00,199.735,199.749,199.452,199.47,5200.0
2025-09-04 20:00:00,199.47,199.584,199.446,199.513,3944.0
2025-09-04 21:00:00,199.515,199.595,199.438,199.462,3708.0
2025-09-04 22:00:00,199.464,199.518,199.422,199.499,3215.0
2025-09-04 23:00:00,199.498,199.561,199.44,199.462,2671.0
2025-09-05 00:00:00,199.45,199.45,199.182,199.338,1204.0
2025-09-05 01:00:00,199.332,199.507,199.332,199.462,1997.0
2025-09-05 02:00:00,199.458,199.54,199.384,199.538,3097.0
2025-09-05 03:00:00,199.535,199.564,199.231,199.28,6429.0
2025-09-05 04:00:00,199.28,199.373,199.235,199.277,5683.0
2025-09-05 05:00:00,199.274,199.372,199.224,199.346,4213.0
2025-09-05 06:00:00,199.344,199.38,199.253,199.355,3307.0
2025-09-05 07:00:00,199.354,199.411,199.329,199.357,3208.0
2025-09-05 08:00:00,199.357,199.513,199.296,199.467,3434.0
2025-09-05 09:00:00,199.472,199.699,199.43,199.463,6257.0
2025-09-05 10:00:00,199.463,199.6,199.363,199.556,6366.0
2025-09-05 11:00:00,199.552,199.612,199.467,199.573,5212.0
2025-09-05 12:00:00,199.576,199.76,199.51,199.753,5028.0
2025-09-05 13:00:00,199.756,199.796,199.659,199.678,4972.0
2025-09-05 14:00:00,199.676,199.778,199.505,199.505,5460.0
2025-09-05 15:00:00,199.503,199.646,198.97,199.16,13654.0
2025-09-05 16:00:00,199.157,199.33,199.066,199.239,13188.0
2025-09-05 17:00:00,199.242,199.309,198.673,198.853,11855.0
2025-09-05 18:00:00,198.855,198.946,198.706,198.838,9560.0
2025-09-05 19:00:00,198.842,199.041,198.772,199.019,7136.0
2025-09-05 20:00:00,199.019,199.092,198.964,199.005,6470.0
2025-09-08 00:00:00,199.922,200.087,199.66,199.682,1409.0
2025-09-08 01:00:00,199.706,200.227,199.618,200.186,4851.0
2025-09-08 02:00:00,200.193,200.276,199.955,200.12,5299.0
2025-09-08 03:00:00,200.108,200.352,200.072,200.199,8054.0
2025-09-08 04:00:00,200.194,200.258,199.98,200.015,7077.0
2025-09-08 05:00:00,200.008,200.016,199.844,199.968,6027.0
2025-09-08 06:00:00,199.966,200.041,199.891,200.004,4802.0
2025-09-08 07:00:00,200.006,200.008,199.882,199.973,4189.0
2025-09-08 08:00:00,199.972,200.004,199.827,199.932,4418.0
2025-09-08 09:00:00,199.931,200.012,199.784,199.842,7387.0
2025-09-08 10:00:00,199.844,199.844,199.399,199.404,7901.0
2025-09-08 11:00:00,199.404,199.598,199.36,199.558,7035.0
2025-09-08 12:00:00,199.558,199.64,199.499,199.599,5835.0
2025-09-08 13:00:00,199.599,200.008,199.555,199.983,5843.0
2025-09-08 14:00:00,199.98,200.052,199.822,199.937,5968.0
2025-09-08 15:00:00,199.935,200.075,199.929,200.025,7205.0
2025-09-08 16:00:00,200.027,200.133,199.9,200.031,8335.0
2025-09-08 17:00:00,200.031,200.146,199.914,199.982,8352.0
2025-09-08 18:00:00,199.981,199.985,199.842,199.929,6553.0
2025-09-08 19:00:00,199.932,199.952,199.838,199.932,5036.0
2025-09-08 20:00:00,199.932,199.994,199.844,199.848,4329.0
2025-09-08 21:00:00,199.848,199.933,199.808,199.852,4394.0
2025-09-08 22:00:00,199.854,199.857,199.669,199.765,3775.0
2025-09-08 23:00:00,199.759,199.843,199.707,199.795,2554.0
2025-09-09 00:00:00,199.684,199.77,199.655,199.7,1997.0
2025-09-09 01:00:00,199.724,199.826,199.701,199.729,3126.0
2025-09-09 02:00:00,199.718,199.773,199.577,199.735,2983.0
2025-09-09 03:00:00,199.732,199.8,199.562,199.777,5906.0
2025-09-09 04:00:00,199.778,199.818,199.683,199.757,5145.0
2025-09-09 05:00:00,199.756,199.869,199.745,199.839,4358.0
2025-09-09 06:00:00,199.837,199.875,199.795,199.823,3779.0
2025-09-09 07:00:00,199.823,199.835,199.658,199.705,3773.0
2025-09-09 08:00:00,199.706,199.712,199.401,199.422,4842.0
2025-09-09 09:00:00,199.422,199.574,199.396,199.492,6847.0
2025-09-09 10:00:00,199.492,199.786,199.463,199.686,6766.0
2025-09-09 11:00:00,199.687,199.779,198.878,199.018,9193.0
2025-09-09 12:00:00,199.011,199.04,198.793,198.837,6738.0
2025-09-09 13:00:00,198.827,198.951,198.813,198.866,5612.0
2025-09-09 14:00:00,198.865,199.042,198.813,198.936,5441.0
2025-09-09 15:00:00,198.935,199.148,198.878,199.143,7920.0
2025-09-09 16:00:00,199.143,199.196,199.035,199.066,8807.0
2025-09-09 17:00:00,199.064,199.177,198.873,199.164,12073.0
2025-09-09 18:00:00,199.163,199.337,199.122,199.229,8001.0
2025-09-09 19:00:00,199.229,199.427,199.163,199.325,5497.0
2025-09-09 20:00:00,199.325,199.462,199.283,199.313,5269.0
2025-09-09 21:00:00,199.314,199.376,199.275,199.325,4578.0
2025-09-09 22:00:00,199.32,199.385,199.305,199.335,3949.0
2025-09-09 23:00:00,199.335,199.431,199.326,199.387,2989.0
2025-09-10 00:00:00,199.376,199.376,199.144,199.252,2622.0
2025-09-10 01:00:00,199.252,199.419,199.224,199.373,1850.0
2025-09-10 02:00:00,199.369,199.387,199.264,199.285,2640.0
2025-09-10 03:00:00,199.285,199.421,199.242,199.352,5227.0
2025-09-10 04:00:00,199.352,199.452,199.272,199.31,5941.0
2025-09-10 05:00:00,199.306,199.359,199.274,199.324,4797.0
2025-09-10 06:00:00,199.324,199.477,199.321,199.464,3471.0
2025-09-10 07:00:00,199.463,199.578,199.463,199.508,3921.0
2025-09-10 08:00:00,199.51,199.608,199.415,199.538,3896.0
2025-09-10 09:00:00,199.543,199.666,199.501,199.597,6987.0
2025-09-10 10:00:00,199.602,199.647,199.4,199.616,7168.0
2025-09-10 11:00:00,199.616,199.639,199.446,199.551,6550.0
2025-09-10 12:00:00,199.553,199.713,199.533,199.648,6101.0
2025-09-10 13:00:00,199.649,199.684,199.528,199.664,5618.0
2025-09-10 14:00:00,199.666,199.704,199.567,199.646,5529.0
2025-09-10 15:00:00,199.645,199.704,199.453,199.613,9882.0
2025-09-10 16:00:00,199.615,199.804,199.488,199.722,10106.0
2025-09-10 17:00:00,199.723,199.797,199.635,199.738,8698.0
2025-09-10 18:00:00,199.736,199.801,199.588,199.632,6579.0
2025-09-10 19:00:00,199.634,199.694,199.444,199.491,4722.0
2025-09-10 20:00:00,199.488,199.498,199.305,199.406,4447.0
2025-09-10 21:00:00,199.403,199.451,199.364,199.414,3981.0
2025-09-10 22:00:00,199.41,199.465,199.361,199.457,3879.0
2025-09-10 23:00:00,199.457,199.517,199.357,199.516,2490.0
2025-09-11 00:00:00,199.476,199.476,199.234,199.276,1932.0
2025-09-11 01:00:00,199.264,199.518,199.264,199.477,1537.0
2025-09-11 02:00:00,199.475,199.492,199.381,199.413,2311.0
2025-09-11 03:00:00,199.414,199.514,199.375,199.478,5081.0
2025-09-11 04:00:00,199.478,199.523,199.329,199.413,4600.0
2025-09-11 05:00:00,199.413,199.49,199.38,199.461,3475.0
2025-09-11 06:00:00,199.459,199.501,199.438,199.458,3476.0
2025-09-11 07:00:00,199.458,199.48,199.379,199.437,3124.0
2025-09-11 08:00:00,199.436,199.505,199.357,199.477,3443.0
2025-09-11 09:00:00,199.472,199.779,199.472,199.669,6495.0
2025-09-11 10:00:00,199.673,199.78,199.529,199.734,6804.0
2025-09-11 11:00:00,199.737,199.872,199.736,199.813,5920.0
2025-09-11 12:00:00,199.811,199.867,199.688,199.79,6149.0
2025-09-11 13:00:00,199.79,199.986,199.689,199.981,5461.0
2025-09-11 14:00:00,199.981,200.06,199.846,199.863,5683.0
2025-09-11 15:00:00,199.864,200.078,199.579,199.829,12357.0
2025-09-11 16:00:00,199.829,199.927,199.681,199.715,12491.0
2025-09-11 17:00:00,199.716,199.751,199.374,199.551,9956.0
2025-09-11 18:00:00,199.552,199.773,199.549,199.647,7286.0
2025-09-11 19:00:00,199.649,199.711,199.566,199.669,5882.0
2025-09-11 20:00:00,199.669,199.901,199.664,199.884,5498.0
2025-09-11 21:00:00,199.882,199.961,199.836,199.855,4369.0
2025-09-11 22:00:00,199.855,199.868,199.75,199.819,4421.0
2025-09-11 23:00:00,199.82,199.873,199.745,199.803,3383.0
2025-09-12 00:00:00,199.772,199.772,199.64,199.678,1071.0
2025-09-12 01:00:00,199.678,199.896,199.653,199.868,2140.0
2025-09-12 02:00:00,199.866,199.909,199.805,199.851,2625.0
2025-09-12 03:00:00,199.848,199.95,199.761,199.83,5565.0
2025-09-12 04:00:00,199.83,199.9,199.722,199.857,4938.0
2025-09-12 05:00:00,199.857,199.963,199.824,199.88,4155.0
2025-09-12 06:00:00,199.881,199.945,199.845,199.872,3178.0
2025-09-12 07:00:00,199.869,199.989,199.858,199.962,4003.0
2025-09-12 08:00:00,199.963,200.003,199.759,199.778,3588.0
2025-09-12 09:00:00,199.79,199.896,199.669,199.84,6173.0
2025-09-12 10:00:00,199.84,200.051,199.82,200.015,7122.0
2025-09-12 11:00:00,200.014,200.244,199.961,200.162,8598.0
2025-09-12 12:00:00,200.162,200.411,200.126,200.395,6547.0
2025-09-12 13:00:00,200.395,200.48,200.256,200.304,5993.0
2025-09-12 14:00:00,200.304,200.411,200.198,200.305,5970.0
2025-09-12 15:00:00,200.304,200.346,200.196,200.236,7797.0
2025-09-12 16:00:00,200.236,200.258,200.082,200.118,8262.0
2025-09-12 17:00:00,200.137,200.342,200.074,200.222,8642.0
2025-09-12 18:00:00,200.221,200.363,200.196,200.278,6652.0
2025-09-12 19:00:00,200.276,200.35,200.213,200.265,4815.0
2025-09-12 20:00:00,200.262,200.313,200.076,200.091,4430.0
2025-09-15 00:00:00,200.03,200.158,199.904,200.142,1649.0
2025-09-15 01:00:00,200.166,200.334,200.146,200.254,2476.0
2025-09-15 02:00:00,200.249,200.262,200.113,200.139,2648.0
2025-09-15 03:00:00,200.139,200.151,199.977,200.014,4117.0
2025-09-15 04:00:00,200.014,200.125,199.988,200.093,5158.0
2025-09-15 05:00:00,200.099,200.12,200.012,200.027,4325.0
2025-09-15 06:00:00,200.027,200.078,199.978,199.985,4205.0
2025-09-15 07:00:00,199.983,200.028,199.922,199.984,4353.0
2025-09-15 08:00:00,199.987,200.077,199.94,200.046,4306.0
2025-09-15 09:00:00,200.054,200.169,200.022,200.086,6025.0
2025-09-15 10:00:00,200.087,200.376,200.07,200.29,7454.0
2025-09-15 11:00:00,200.29,200.452,200.178,200.21,6400.0
2025-09-15 12:00:00,200.213,200.399,200.155,200.304,5764.0
2025-09-15 13:00:00,200.305,200.614,200.268,200.56,5666.0
2025-09-15 14:00:00,200.557,200.75,200.523,200.705,5753.0
2025-09-15 15:00:00,200.708,200.739,200.45,200.502,7464.0
2025-09-15 16:00:00,200.499,200.53,200.307,200.336,7613.0
2025-09-15 17:00:00,200.333,200.434,200.222,200.327,7754.0
2025-09-15 18:00:00,200.332,200.418,200.239,200.392,6918.0
2025-09-15 19:00:00,200.394,200.456,200.332,200.361,6054.0
2025-09-15 20:00:00,200.363,200.453,200.326,200.397,4999.0
2025-09-15 21:00:00,200.398,200.447,200.315,200.44,4650.0
2025-09-15 22:00:00,200.441,200.604,200.422,200.584,4252.0
2025-09-15 23:00:00,200.587,200.607,200.402,200.441,3160.0
2025-09-16 00:00:00,200.333,200.418,200.249,200.339,1376.0
2025-09-16 01:00:00,200.341,200.51,200.341,200.509,2005.0
2025-09-16 02:00:00,200.516,200.541,200.417,200.478,2258.0
2025-09-16 03:00:00,200.479,200.575,200.461,200.545,5361.0
2025-09-16 04:00:00,200.545,200.647,200.357,200.448,5756.0
2025-09-16 05:00:00,200.448,200.449,200.246,200.307,5661.0
2025-09-16 06:00:00,200.307,200.386,200.279,200.313,5187.0
2025-09-16 07:00:00,200.313,200.328,200.119,200.167,4819.0
2025-09-16 08:00:00,200.167,200.264,200.094,200.18,5187.0
2025-09-16 09:00:00,200.219,200.287,200.094,200.225,7316.0
2025-09-16 10:00:00,200.22,200.239,200.072,200.184,7566.0
2025-09-16 11:00:00,200.187,200.42,200.16,200.306,7159.0
2025-09-16 12:00:00,200.303,200.514,200.287,200.488,7139.0
2025-09-16 13:00:00,200.484,200.552,200.369,200.388,5067.0
2025-09-16 14:00:00,200.388,200.573,200.331,200.49,5170.0
2025-09-16 15:00:00,200.492,200.72,200.408,200.653,7915.0
2025-09-16 16:00:00,200.654,200.706,200.372,200.444,7360.0
2025-09-16 17:00:00,200.443,200.46,200.1,200.103,8367.0
2025-09-16 18:00:00,200.103,200.119,199.94,200.096,6211.0
2025-09-16 19:00:00,200.097,200.097,199.876,199.89,4534.0
2025-09-16 20:00:00,199.893,199.995,199.786,199.929,4362.0
2025-09-16 21:00:00,199.927,199.96,199.854,199.894,3735.0
2025-09-16 22:00:00,199.895,199.986,199.872,199.983,3544.0
2025-09-16 23:00:00,199.984,200.006,199.816,199.826,3013.0
2025-09-17 00:00:00,199.829,199.913,199.726,199.798,1317.0
2025-09-17 01:00:00,199.796,200.022,199.711,199.966,1573.0
2025-09-17 02:00:00,199.965,199.965,199.768,199.893,1942.0
2025-09-17 03:00:00,199.891,199.99,199.704,199.947,4915.0
2025-09-17 04:00:00,199.949,199.973,199.816,199.871,4333.0
2025-09-17 05:00:00,199.872,199.973,199.867,199.924,2803.0
2025-09-17 06:00:00,199.924,199.944,199.853,199.919,1926.0
2025-09-17 07:00:00,199.919,199.929,199.781,199.792,1803.0
2025-09-17 08:00:00,199.793,199.99,199.739,199.968,2527.0
2025-09-17 09:00:00,199.888,200.023,199.777,199.821,4274.0
2025-09-17 10:00:00,199.823,199.992,199.756,199.976,4704.0
2025-09-17 11:00:00,199.977,199.996,199.74,199.763,4184.0
2025-09-17 12:00:00,199.764,199.834,199.647,199.706,3854.0
2025-09-17 13:00:00,199.706,199.717,199.495,199.574,4216.0
2025-09-17 14:00:00,199.576,199.728,199.48,199.703,4078.0
2025-09-17 15:00:00,199.704,199.933,199.675,199.867,4415.0
2025-09-17 16:00:00,199.867,199.937,199.684,199.937,5048.0
2025-09-17 17:00:00,199.938,199.973,199.782,199.894,5328.0
2025-09-17 18:00:00,199.892,199.995,199.86,199.912,4402.0
2025-09-17 19:00:00,199.913,199.97,199.876,199.901,3855.0
2025-09-17 20:00:00,199.902,199.996,199.797,199.797,4033.0
2025-09-17 21:00:00,199.754,200.172,199.591,200.116,16843.0
2025-09-17 22:00:00,200.103,200.27,200.027,200.17,11480.0
2025-09-17 23:00:00,200.166,200.357,200.134,200.226,4568.0
2025-09-18 00:00:00,200.192,200.238,200.072,200.138,1078.0
2025-09-18 01:00:00,200.139,200.35,200.068,200.137,2740.0
2025-09-18 02:00:00,200.135,200.25,200.046,200.191,3145.0
2025-09-18 03:00:00,200.191,200.302,200.136,200.202,5518.0
2025-09-18 04:00:00,200.203,200.315,200.154,200.209,5640.0
2025-09-18 05:00:00,200.209,200.328,200.172,200.196,3322.0
2025-09-18 06:00:00,200.196,200.315,200.16,200.293,2705.0
2025-09-18 07:00:00,200.293,200.352,200.255,200.299,3064.0
2025-09-18 08:00:00,200.301,200.371,200.262,200.351,3678.0
2025-09-18 09:00:00,200.348,200.54,200.325,200.403,6354.0
2025-09-18 10:00:00,200.403,200.612,200.36,200.562,6546.0
2025-09-18 11:00:00,200.562,201.264,200.534,201.091,6017.0
2025-09-18 12:00:00,201.089,201.135,200.918,200.964,5741.0
2025-09-18 13:00:00,200.961,201.075,200.937,200.96,6022.0
2025-09-18 14:00:00,200.96,201.207,200.624,200.761,7838.0
2025-09-18 15:00:00,200.764,200.941,200.698,200.91,9085.0
2025-09-18 16:00:00,200.915,201.055,200.443,200.637,11266.0
2025-09-18 17:00:00,200.639,200.923,200.57,200.587,11227.0
2025-09-18 18:00:00,200.586,200.657,200.425,200.541,8663.0
2025-09-18 19:00:00,200.541,200.56,200.357,200.398,6752.0
2025-09-18 20:00:00,200.398,200.525,200.365,200.45,5301.0
2025-09-18 21:00:00,200.447,200.488,200.318,200.425,4320.0
2025-09-18 22:00:00,200.425,200.475,200.387,200.456,3987.0
2025-09-18 23:00:00,200.458,200.566,200.446,200.558,3119.0
2025-09-19 00:00:00,200.563,200.563,200.349,200.494,2869.0
2025-09-19 01:00:00,200.499,200.582,200.474,200.491,4121.0
2025-09-19 02:00:00,200.496,200.616,200.494,200.561,2330.0
2025-09-19 03:00:00,200.564,200.604,200.404,200.539,5871.0
2025-09-19 04:00:00,200.538,200.584,200.401,200.457,6098.0
2025-09-19 05:00:00,200.456,200.486,200.265,200.399,5161.0
2025-09-19 06:00:00,200.395,200.455,199.806,200.041,7423.0
2025-09-19 07:00:00,200.043,200.051,199.532,199.811,9661.0
2025-09-19 08:00:00,199.813,199.888,199.706,199.792,7223.0
2025-09-19 09:00:00,199.8,199.932,199.366,199.713,10489.0
2025-09-19 10:00:00,199.708,199.759,199.459,199.577,9497.0
2025-09-19 11:00:00,199.58,199.735,199.461,199.598,7769.0
2025-09-19 12:00:00,199.595,199.822,199.472,199.814,6915.0
2025-09-19 13:00:00,199.812,199.843,199.649,199.674,5123.0
2025-09-19 14:00:00,199.672,199.774,199.559,199.692,6327.0
2025-09-19 15:00:00,199.69,199.69,199.469,199.548,8387.0
2025-09-19 16:00:00,199.545,199.663,199.381,199.428,9583.0
2025-09-19 17:00:00,199.427,199.556,199.329,199.384,9528.0
2025-09-19 18:00:00,199.389,199.434,199.252,199.318,8237.0
2025-09-19 19:00:00,199.321,199.361,199.213,199.341,5949.0
2025-09-19 20:00:00,199.337,199.427,199.287,199.373,4238.0
2025-09-22 00:00:00,199.12,199.13,199.034,199.053,1580.0
2025-09-22 01:00:00,199.078,199.372,199.078,199.363,2962.0
2025-09-22 02:00:00,199.362,199.442,199.342,199.386,2965.0
2025-09-22 03:00:00,199.392,199.553,199.381,199.537,5797.0
2025-09-22 04:00:00,199.537,199.665,199.502,199.562,7178.0
2025-09-22 05:00:00,199.565,199.735,199.533,199.665,5565.0
2025-09-22 06:00:00,199.665,199.764,199.652,199.695,4375.0
2025-09-22 07:00:00,199.694,199.705,199.556,199.604,4474.0
2025-09-22 08:00:00,199.601,199.747,199.541,199.726,3941.0
2025-09-22 09:00:00,199.727,199.768,199.483,199.529,6599.0
2025-09-22 10:00:00,199.532,199.659,199.375,199.638,8031.0
2025-09-22 11:00:00,199.638,199.722,199.519,199.542,7605.0
2025-09-22 12:00:00,199.54,199.682,199.475,199.669,6342.0
2025-09-22 13:00:00,199.667,199.711,199.557,199.599,6182.0
2025-09-22 14:00:00,199.604,199.641,199.432,199.559,5787.0
2025-09-22 15:00:00,199.558,199.782,199.392,199.71,7624.0
2025-09-22 16:00:00,199.707,199.791,199.579,199.664,8392.0
2025-09-22 17:00:00,199.662,199.763,199.546,199.555,7881.0
2025-09-22 18:00:00,199.557,199.658,199.51,199.623,6336.0
2025-09-22 19:00:00,199.623,199.759,199.523,199.574,5663.0
2025-09-22 20:00:00,199.574,199.634,199.55,199.62,3811.0
2025-09-22 21:00:00,199.62,199.727,199.599,199.683,3913.0
2025-09-22 22:00:00,199.683,199.689,199.623,199.68,3093.0
2025-09-22 23:00:00,199.679,199.733,199.606,199.606,2398.0
2025-09-23 00:00:00,199.571,199.698,199.434,199.557,2871.0
2025-09-23 01:00:00,199.557,199.676,199.546,199.607,3775.0
2025-09-23 02:00:00,199.598,199.707,199.594,199.646,2819.0
2025-09-23 03:00:00,199.647,199.668,199.59,199.655,4401.0
2025-09-23 04:00:00,199.653,199.679,199.594,199.626,5490.0
2025-09-23 05:00:00,199.626,199.679,199.553,199.661,5820.0
2025-09-23 06:00:00,199.661,199.724,199.631,199.709,4671.0
2025-09-23 07:00:00,199.71,199.714,199.589,199.639,4003.0
2025-09-23 08:00:00,199.64,199.683,199.61,199.64,4289.0
2025-09-23 09:00:00,199.641,199.704,199.546,199.652,6832.0
2025-09-23 10:00:00,199.65,199.786,199.54,199.736,8725.0
2025-09-23 11:00:00,199.735,199.816,199.189,199.266,8549.0
2025-09-23 12:00:00,199.268,199.37,199.148,199.348,7137.0
2025-09-23 13:00:00,199.348,199.595,199.334,199.577,6350.0
2025-09-23 14:00:00,199.577,199.72,199.553,199.697,5617.0
2025-09-23 15:00:00,199.697,199.967,199.662,199.858,6751.0
2025-09-23 16:00:00,199.858,199.936,199.614,199.622,9661.0
2025-09-23 17:00:00,199.623,199.861,199.544,199.843,9409.0
2025-09-23 18:00:00,199.84,199.904,199.741,199.829,7354.0
2025-09-23 19:00:00,199.829,199.865,199.659,199.8,6959.0
2025-09-23 20:00:00,199.799,199.808,199.447,199.482,7209.0
2025-09-23 21:00:00,199.488,199.527,199.359,199.483,6118.0
2025-09-23 22:00:00,199.486,199.676,199.468,199.676,5227.0
2025-09-23 23:00:00,199.676,199.718,199.615,199.688,3171.0
2025-09-24 00:00:00,199.565,199.595,199.446,199.448,2566.0
2025-09-24 01:00:00,199.442,199.667,199.442,199.653,3067.0
2025-09-24 02:00:00,199.647,199.705,199.584,199.621,2762.0
2025-09-24 03:00:00,199.619,199.79,199.457,199.712,6277.0
2025-09-24 04:00:00,199.712,199.737,199.598,199.635,6406.0
2025-09-24 05:00:00,199.637,199.698,199.625,199.653,4880.0
2025-09-24 06:00:00,199.653,199.751,199.636,199.733,3670.0
2025-09-24 07:00:00,199.733,199.893,199.716,199.799,3988.0
2025-09-24 08:00:00,199.797,199.842,199.694,199.728,4404.0
2025-09-24 09:00:00,199.729,199.892,199.729,199.862,6187.0
2025-09-24 10:00:00,199.857,199.877,199.61,199.631,6689.0
2025-09-24 11:00:00,199.632,199.921,199.552,199.917,6829.0
2025-09-24 12:00:00,199.917,199.997,199.778,199.848,5752.0
2025-09-24 13:00:00,199.848,199.986,199.794,199.809,5065.0
2025-09-24 14:00:00,199.807,199.914,199.775,199.846,5841.0
2025-09-24 15:00:00,199.846,200.017,199.785,199.897,7615.0
2025-09-24 16:00:00,199.897,199.92,199.707,199.823,8273.0
2025-09-24 17:00:00,199.828,200.059,199.713,200.034,8853.0
2025-09-24 18:00:00,200.034,200.146,199.961,199.973,7218.0
2025-09-24 19:00:00,199.974,200.047,199.913,199.98,5375.0
2025-09-24 20:00:00,199.98,200.116,199.972,200.114,4174.0
2025-09-24 21:00:00,200.113,200.235,200.019,200.168,4326.0
2025-09-24 22:00:00,200.167,200.224,200.119,200.162,3827.0
2025-09-24 23:00:00,200.16,200.241,200.154,200.229,2362.0
2025-09-25 00:00:00,200.192,200.192,199.965,200.031,2853.0
2025-09-25 01:00:00,200.031,200.206,200.027,200.157,2878.0
2025-09-25 02:00:00,200.16,200.199,200.08,200.106,2823.0
2025-09-25 03:00:00,200.104,200.117,199.874,199.923,6507.0
2025-09-25 04:00:00,199.931,200.21,199.916,200.133,5948.0
2025-09-25 05:00:00,200.134,200.207,200.034,200.196,5060.0
2025-09-25 06:00:00,200.199,200.217,200.093,200.131,3498.0
2025-09-25 07:00:00,200.131,200.182,200.064,200.065,3548.0
2025-09-25 08:00:00,200.065,200.227,200.055,200.222,4107.0
2025-09-25 09:00:00,200.219,200.346,200.161,200.33,6179.0
2025-09-25 10:00:00,200.329,200.33,199.933,199.979,7314.0
2025-09-25 11:00:00,199.985,200.12,199.922,200.098,7083.0
2025-09-25 12:00:00,200.104,200.156,200.06,200.123,5588.0
2025-09-25 13:00:00,200.122,200.159,200.023,200.081,5205.0
2025-09-25 14:00:00,200.076,200.162,199.718,199.763,5870.0
2025-09-25 15:00:00,199.764,199.889,199.61,199.745,10789.0
2025-09-25 16:00:00,199.745,199.827,199.637,199.792,11649.0
2025-09-25 17:00:00,199.793,199.94,199.719,199.731,10874.0
2025-09-25 18:00:00,199.731,200.024,199.681,199.941,9076.0
2025-09-25 19:00:00,199.941,200.03,199.778,199.842,6916.0
2025-09-25 20:00:00,199.84,199.892,199.714,199.768,6636.0
2025-09-25 21:00:00,199.764,199.881,199.637,199.859,6367.0
2025-09-25 22:00:00,199.86,199.876,199.735,199.747,4750.0
2025-09-25 23:00:00,199.754,199.908,199.746,199.85,2761.0
2025-09-26 00:00:00,199.825,199.863,199.66,199.668,3084.0
2025-09-26 01:00:00,199.668,199.913,199.668,199.806,2533.0
2025-09-26 02:00:00,199.807,199.932,199.756,199.861,4079.0
2025-09-26 03:00:00,199.857,199.882,199.703,199.756,6340.0
2025-09-26 04:00:00,199.756,199.926,199.694,199.898,5572.0
2025-09-26 05:00:00,199.9,199.958,199.864,199.877,4288.0
2025-09-26 06:00:00,199.877,199.935,199.865,199.91,3393.0
2025-09-26 07:00:00,199.91,199.918,199.834,199.837,3738.0
2025-09-26 08:00:00,199.838,199.945,199.809,199.926,3844.0
2025-09-26 09:00:00,199.927,200.125,199.911,200.085,6466.0
2025-09-26 10:00:00,200.08,200.211,199.995,200.087,6768.0
2025-09-26 11:00:00,200.086,200.153,200.021,200.14,5940.0
2025-09-26 12:00:00,200.142,200.167,199.982,200.007,5817.0
2025-09-26 13:00:00,200.006,200.131,199.98,200.044,5402.0
2025-09-26 14:00:00,200.044,200.083,199.936,199.968,5322.0
2025-09-26 15:00:00,199.97,200.221,199.941,200.15,8983.0
2025-09-26 16:00:00,200.151,200.446,200.124,200.419,9935.0
2025-09-26 17:00:00,200.416,200.513,200.293,200.357,10030.0
2025-09-26 18:00:00,200.359,200.443,200.317,200.382,7666.0
2025-09-26 19:00:00,200.38,200.503,200.355,200.374,5564.0
2025-09-26 20:00:00,200.375,200.463,200.352,200.428,4294.0
2025-09-29 00:00:00,200.15,200.308,200.088,200.26,1315.0
2025-09-29 01:00:00,200.27,200.422,200.19,200.358,2380.0
2025-09-29 02:00:00,200.356,200.377,200.259,200.325,3002.0
2025-09-29 03:00:00,200.329,200.332,200.18,200.259,5759.0
2025-09-29 04:00:00,200.257,200.294,200.027,200.178,6103.0
2025-09-29 05:00:00,200.179,200.198,200.014,200.02,5645.0
2025-09-29 06:00:00,200.02,200.077,199.985,200.047,4006.0
2025-09-29 07:00:00,200.047,200.191,199.987,200.152,3906.0
2025-09-29 08:00:00,200.151,200.211,199.926,199.989,5783.0
2025-09-29 09:00:00,199.992,200.062,199.86,199.992,6293.0
2025-09-29 10:00:00,199.993,200.03,199.727,199.783,7013.0
2025-09-29 11:00:00,199.781,199.798,199.538,199.557,6833.0
2025-09-29 12:00:00,199.557,199.732,199.504,199.591,6118.0
2025-09-29 13:00:00,199.591,199.672,199.535,199.635,5278.0
2025-09-29 14:00:00,199.637,199.867,199.624,199.864,5655.0
2025-09-29 15:00:00,199.864,199.98,199.824,199.9,8013.0
2025-09-29 16:00:00,199.898,199.998,199.605,199.67,8482.0
2025-09-29 17:00:00,199.674,199.697,199.336,199.458,8666.0
2025-09-29 18:00:00,199.459,199.603,199.411,199.559,7575.0
2025-09-29 19:00:00,199.563,199.634,199.519,199.558,4328.0
2025-09-29 20:00:00,199.558,199.625,199.442,199.472,4340.0
2025-09-29 21:00:00,199.472,199.743,199.452,199.734,3834.0
2025-09-29 22:00:00,199.734,199.739,199.602,199.693,3492.0
2025-09-29 23:00:00,199.696,199.751,199.555,199.558,2334.0
2025-09-30 00:00:00,199.443,199.534,199.4,199.464,1406.0
2025-09-30 01:00:00,199.462,199.664,199.462,199.618,2546.0
2025-09-30 02:00:00,199.62,199.69,199.533,199.666,2603.0
2025-09-30 03:00:00,199.67,199.773,199.535,199.754,7033.0
2025-09-30 04:00:00,199.753,199.771,199.607,199.666,6771.0
2025-09-30 05:00:00,199.667,199.762,199.588,199.738,4754.0
2025-09-30 06:00:00,199.738,199.743,199.532,199.534,4162.0
2025-09-30 07:00:00,199.531,199.581,199.351,199.431,4697.0
2025-09-30 08:00:00,199.435,199.507,199.167,199.208,6007.0
2025-09-30 09:00:00,199.208,199.308,199.002,199.012,6916.0
2025-09-30 10:00:00,199.015,199.135,198.854,199.076,7490.0
2025-09-30 11:00:00,199.104,199.137,198.795,198.8,7805.0
2025-09-30 12:00:00,198.797,198.985,198.758,198.939,6532.0
2025-09-30 13:00:00,198.931,198.978,198.803,198.912,5334.0
2025-09-30 14:00:00,198.913,199.02,198.778,198.825,4788.0
2025-09-30 15:00:00,198.827,199.06,198.773,198.889,6377.0
2025-09-30 16:00:00,198.891,198.945,198.58,198.834,7991.0
2025-09-30 17:00:00,198.815,199.005,198.594,198.807,11011.0
2025-09-30 18:00:00,198.811,198.991,198.742,198.909,8642.0
2025-09-30 19:00:00,198.913,198.923,198.739,198.848,5880.0
2025-09-30 20:00:00,198.846,198.923,198.758,198.78,5284.0
2025-09-30 21:00:00,198.782,198.875,198.739,198.871,4581.0
2025-09-30 22:00:00,198.871,198.907,198.795,198.859,4799.0
2025-09-30 23:00:00,198.867,198.901,198.795,198.868,2956.0
2025-10-01 00:00:00,198.793,198.793,198.65,198.712,1845.0
2025-10-01 01:00:00,198.708,198.892,198.698,198.851,2937.0
2025-10-01 02:00:00,198.847,198.991,198.795,198.985,3168.0
2025-10-01 03:00:00,198.982,199.222,198.95,199.067,5945.0
2025-10-01 04:00:00,199.065,199.104,198.857,198.879,4566.0
2025-10-01 05:00:00,198.881,198.913,198.786,198.816,4462.0
2025-10-01 06:00:00,198.816,198.869,198.749,198.828,3965.0
2025-10-01 07:00:00,198.828,198.923,198.639,198.653,4766.0
2025-10-01 08:00:00,198.651,198.75,198.496,198.5,5440.0
2025-10-01 09:00:00,198.489,198.505,198.24,198.265,7276.0
2025-10-01 10:00:00,198.263,198.271,198.028,198.134,9419.0
2025-10-01 11:00:00,198.135,198.221,198.02,198.176,7716.0
2025-10-01 12:00:00,198.176,198.251,198.113,198.206,7052.0
2025-10-01 13:00:00,198.206,198.244,198.095,198.13,6712.0
2025-10-01 14:00:00,198.13,198.327,198.108,198.19,5817.0
2025-10-01 15:00:00,198.175,198.535,197.911,198.359,12739.0
2025-10-01 16:00:00,198.356,198.432,198.229,198.304,10548.0
2025-10-01 17:00:00,198.305,198.505,198.184,198.359,12527.0
2025-10-01 18:00:00,198.361,198.382,198.215,198.237,9247.0
2025-10-01 19:00:00,198.239,198.349,198.202,198.287,6101.0
2025-10-01 20:00:00,198.287,198.348,198.226,198.276,4501.0
2025-10-01 21:00:00,198.274,198.397,198.232,198.359,5342.0
2025-10-01 22:00:00,198.357,198.396,198.269,198.28,3622.0
2025-10-01 23:00:00,198.284,198.295,198.164,198.178,2877.0
2025-10-02 00:00:00,198.14,198.16,198.057,198.119,1115.0
2025-10-02 01:00:00,198.131,198.235,198.131,198.161,1966.0
2025-10-02 02:00:00,198.159,198.294,198.148,198.277,2413.0
2025-10-02 03:00:00,198.277,198.45,198.22,198.262,5680.0
2025-10-02 04:00:00,198.262,198.333,198.149,198.195,5461.0
2025-10-02 05:00:00,198.196,198.416,198.157,198.391,3705.0
2025-10-02 06:00:00,198.39,198.41,198.193,198.241,3592.0
2025-10-02 07:00:00,198.241,198.364,198.221,198.326,3375.0
2025-10-02 08:00:00,198.326,198.408,198.263,198.307,4065.0
2025-10-02 09:00:00,198.308,198.587,198.09,198.508,6857.0
2025-10-02 10:00:00,198.507,198.614,198.428,198.473,7369.0
2025-10-02 11:00:00,198.478,198.498,198.12,198.246,7138.0
2025-10-02 12:00:00,198.251,198.259,197.907,197.922,6866.0
2025-10-02 13:00:00,197.92,197.982,197.665,197.673,5874.0
2025-10-02 14:00:00,197.674,197.881,197.601,197.825,5633.0
2025-10-02 15:00:00,197.823,198.262,197.789,198.164,7137.0
2025-10-02 16:00:00,198.159,198.184,197.7,197.731,9148.0
2025-10-02 17:00:00,197.728,197.805,197.489,197.724,10013.0
2025-10-02 18:00:00,197.722,197.863,197.618,197.761,7966.0
2025-10-02 19:00:00,197.762,197.875,197.719,197.779,5656.0
2025-10-02 20:00:00,197.78,197.854,197.757,197.782,4090.0
2025-10-02 21:00:00,197.784,197.957,197.767,197.951,3676.0
2025-10-02 22:00:00,197.951,197.967,197.857,197.93,3058.0
2025-10-02 23:00:00,197.935,197.971,197.882,197.882,2654.0
2025-10-03 00:00:00,197.81,197.883,197.722,197.829,2000.0
2025-10-03 01:00:00,197.829,198.065,197.8,197.847,2138.0
2025-10-03 02:00:00,197.844,197.884,197.74,197.87,2594.0
2025-10-03 03:00:00,197.869,198.128,197.861,198.11,4685.0
2025-10-03 04:00:00,198.108,198.425,197.963,198.329,6183.0
2025-10-03 05:00:00,198.332,198.464,198.313,198.438,4065.0
2025-10-03 06:00:00,198.438,198.557,198.41,198.484,3440.0
2025-10-03 07:00:00,198.484,198.544,198.439,198.469,2869.0
2025-10-03 08:00:00,198.469,198.537,198.262,198.504,4464.0
2025-10-03 09:00:00,198.504,198.527,198.282,198.289,6112.0
2025-10-03 10:00:00,198.291,198.473,198.284,198.42,6288.0
2025-10-03 11:00:00,198.422,198.472,198.262,198.275,6722.0
2025-10-03 12:00:00,198.276,198.298,198.12,198.266,5523.0
2025-10-03 13:00:00,198.268,198.268,198.162,198.187,4545.0
2025-10-03 14:00:00,198.19,198.244,198.009,198.075,5104.0
2025-10-03 15:00:00,198.074,198.2,198.008,198.194,6693.0
2025-10-03 16:00:00,198.195,198.422,198.14,198.422,7895.0
2025-10-03 17:00:00,198.3,198.669,198.186,198.636,11273.0
2025-10-03 18:00:00,198.634,198.69,198.552,198.604,7253.0
2025-10-03 19:00:00,198.602,198.835,198.594,198.801,4930.0
2025-10-03 20:00:00,198.799,198.799,198.623,198.706,4849.0
2025-10-06 00:00:00,200.814,200.864,200.318,200.322,2798.0
2025-10-06 01:00:00,200.346,200.703,200.222,200.617,6739.0
2025-10-06 02:00:00,200.613,201.011,200.467,200.919,8196.0
2025-10-06 03:00:00,200.899,201.317,200.775,201.206,9878.0
2025-10-06 04:00:00,201.21,201.492,201.073,201.443,7425.0
2025-10-06 05:00:00,201.441,201.693,201.423,201.648,5025.0
2025-10-06 06:00:00,201.649,201.921,201.608,201.863,5164.0
2025-10-06 07:00:00,201.86,202.165,201.623,202.123,6742.0
2025-10-06 08:00:00,202.123,202.242,201.954,202.0,5582.0
2025-10-06 09:00:00,202.0,202.042,201.645,201.668,8923.0
2025-10-06 10:00:00,201.669,202.143,201.517,201.69,10512.0
2025-10-06 11:00:00,201.684,202.094,201.555,202.03,9246.0
2025-10-06 12:00:00,202.033,202.126,201.823,202.061,7141.0
2025-10-06 13:00:00,202.061,202.084,201.712,201.714,6845.0
2025-10-06 14:00:00,201.714,201.927,201.677,201.87,7027.0
2025-10-06 15:00:00,201.872,201.879,201.242,201.27,10817.0
2025-10-06 16:00:00,201.27,201.837,201.249,201.829,9349.0
2025-10-06 17:00:00,201.831,202.205,201.744,202.142,9522.0
2025-10-06 18:00:00,202.15,202.258,202.106,202.16,7755.0
2025-10-06 19:00:00,202.157,202.356,202.062,202.347,4988.0
2025-10-06 20:00:00,202.344,202.562,202.31,202.536,4111.0
2025-10-06 21:00:00,202.536,202.669,202.485,202.638,4069.0
2025-10-06 22:00:00,202.637,202.704,202.566,202.659,3856.0
2025-10-06 23:00:00,202.66,202.813,202.636,202.753,2544.0
2025-10-07 00:00:00,202.74,202.74,202.44,202.458,1074.0
2025-10-07 01:00:00,202.456,202.748,202.456,202.654,3589.0
2025-10-07 02:00:00,202.65,202.789,202.578,202.756,3106.0
2025-10-07 03:00:00,202.752,203.057,202.732,202.894,5913.0
2025-10-07 04:00:00,202.894,202.935,202.661,202.792,4670.0
2025-10-07 05:00:00,202.794,202.859,202.617,202.856,3249.0
2025-10-07 06:00:00,202.854,202.862,202.629,202.631,3274.0
2025-10-07 07:00:00,202.628,202.661,202.525,202.6,3769.0
2025-10-07 08:00:00,202.606,202.65,202.457,202.568,4576.0
2025-10-07 09:00:00,202.572,202.704,202.455,202.632,7058.0
2025-10-07 10:00:00,202.635,202.669,202.274,202.387,8042.0
2025-10-07 11:00:00,202.388,202.676,202.282,202.617,6844.0
2025-10-07 12:00:00,202.617,202.686,202.523,202.676,5579.0
2025-10-07 13:00:00,202.679,202.679,202.408,202.421,5517.0
2025-10-07 14:00:00,202.424,202.494,202.114,202.223,6060.0
2025-10-07 15:00:00,202.224,202.369,202.145,202.333,7793.0
2025-10-07 16:00:00,202.338,202.535,202.205,202.526,8658.0
2025-10-07 17:00:00,202.528,203.072,202.505,203.046,9550.0
2025-10-07 18:00:00,203.046,203.292,202.919,203.18,9392.0
2025-10-07 19:00:00,203.179,203.504,203.148,203.422,7480.0
2025-10-07 20:00:00,203.421,203.724,203.414,203.644,6158.0
2025-10-07 21:00:00,203.649,204.065,203.618,203.902,6369.0
2025-10-07 22:00:00,203.899,203.909,203.755,203.878,5020.0
2025-10-07 23:00:00,203.877,204.047,203.859,203.871,3151.0
2025-10-08 00:00:00,203.798,203.973,203.796,203.851,1666.0
2025-10-08 01:00:00,203.857,203.938,203.761,203.814,2582.0
2025-10-08 02:00:00,203.817,204.147,203.783,204.064,4949.0
2025-10-08 03:00:00,204.064,204.396,204.064,204.333,7583.0
2025-10-08 04:00:00,204.338,204.48,204.212,204.444,8585.0
2025-10-08 05:00:00,204.449,204.469,204.106,204.284,6055.0
2025-10-08 06:00:00,204.286,204.337,204.186,204.223,4065.0
2025-10-08 07:00:00,204.225,204.246,203.976,204.071,3969.0
2025-10-08 08:00:00,204.071,204.104,203.902,204.091,4868.0
2025-10-08 09:00:00,204.091,204.205,203.916,204.089,8799.0
2025-10-08 10:00:00,204.092,204.669,204.07,204.668,9021.0
2025-10-08 11:00:00,204.672,204.836,204.466,204.802,7760.0
2025-10-08 12:00:00,204.803,205.124,204.775,205.026,7386.0
2025-10-08 13:00:00,205.029,205.324,204.779,204.844,6203.0
2025-10-08 14:00:00,204.841,204.99,204.615,204.721,6227.0
2025-10-08 15:00:00,204.718,204.868,204.571,204.65,7816.0
2025-10-08 16:00:00,204.65,204.891,204.557,204.84,9472.0
2025-10-08 17:00:00,204.84,205.098,204.633,204.693,9043.0
2025-10-08 18:00:00,204.691,204.785,204.477,204.48,7451.0
2025-10-08 19:00:00,204.478,204.511,204.312,204.5,5835.0
2025-10-08 20:00:00,204.497,204.559,204.443,204.552,4632.0
2025-10-08 21:00:00,204.559,204.602,204.35,204.481,7275.0
2025-10-08 22:00:00,204.47,204.636,204.439,204.625,4903.0
2025-10-08 23:00:00,204.624,204.69,204.579,204.653,2964.0
2025-10-09 00:00:00,204.594,204.647,204.375,204.506,2220.0
2025-10-09 01:00:00,204.506,204.618,204.432,204.481,3455.0
2025-10-09 02:00:00,204.478,204.655,204.371,204.638,4707.0
2025-10-09 03:00:00,204.638,204.777,204.402,204.773,6871.0
2025-10-09 04:00:00,204.775,204.885,204.388,204.523,7948.0
2025-10-09 05:00:00,204.525,204.663,204.502,204.55,4525.0
2025-10-09 06:00:00,204.548,204.616,204.521,204.595,3439.0
2025-10-09 07:00:00,204.595,204.707,204.481,204.498,3174.0
2025-10-09 08:00:00,204.5,204.666,204.496,204.615,3661.0
2025-10-09 09:00:00,204.622,204.857,204.43,204.445,9576.0
2025-10-09 10:00:00,204.441,204.571,204.348,204.385,9078.0
2025-10-09 11:00:00,204.382,204.482,204.112,204.168,7836.0
2025-10-09 12:00:00,204.173,204.361,203.904,204.226,8923.0
2025-10-09 13:00:00,204.221,204.368,204.087,204.098,6463.0
2025-10-09 14:00:00,204.098,204.402,203.99,204.364,5885.0
2025-10-09 15:00:00,204.36,204.523,204.251,204.445,8038.0
2025-10-09 16:00:00,204.44,204.571,203.724,204.364,12718.0
2025-10-09 17:00:00,204.357,204.4,203.834,204.04,11624.0
2025-10-09 18:00:00,204.045,204.083,203.578,203.694,10649.0
2025-10-09 19:00:00,203.694,203.743,203.379,203.402,8367.0
2025-10-09 20:00:00,203.403,203.562,203.308,203.531,8267.0
2025-10-09 21:00:00,203.531,203.559,203.397,203.44,6180.0
2025-10-09 22:00:00,203.445,203.621,203.371,203.525,5542.0
2025-10-09 23:00:00,203.532,203.667,203.527,203.621,3368.0
2025-10-10 00:00:00,203.55,203.616,203.375,203.568,934.0
2025-10-10 01:00:00,203.568,203.638,203.475,203.533,2846.0
2025-10-10 02:00:00,203.536,203.754,203.496,203.571,5335.0
2025-10-10 03:00:00,203.567,203.711,203.485,203.503,6998.0
2025-10-10 04:00:00,203.502,203.586,203.378,203.55,6272.0
2025-10-10 05:00:00,203.55,203.621,203.469,203.501,4417.0
2025-10-10 06:00:00,203.502,203.54,203.191,203.226,4663.0
2025-10-10 07:00:00,203.226,203.401,203.182,203.292,4157.0
2025-10-10 08:00:00,203.292,203.417,203.215,203.367,4909.0
2025-10-10 09:00:00,203.362,203.504,202.655,202.812,9301.0
2025-10-10 10:00:00,202.811,203.358,202.763,203.335,10120.0
2025-10-10 11:00:00,203.335,203.445,203.036,203.141,8608.0
2025-10-10 12:00:00,203.139,203.215,202.991,203.077,7098.0
2025-10-10 13:00:00,203.077,203.086,202.532,202.538,6799.0
2025-10-10 14:00:00,202.539,202.752,202.494,202.575,6963.0
2025-10-10 15:00:00,202.578,202.699,202.502,202.587,7386.0
2025-10-10 16:00:00,202.587,202.692,202.537,202.658,8774.0
2025-10-10 17:00:00,202.633,202.986,202.614,202.811,11045.0
2025-10-10 18:00:00,202.802,203.062,202.215,202.733,17890.0
2025-10-10 19:00:00,202.727,203.126,202.654,202.698,12989.0
2025-10-10 20:00:00,202.698,202.77,202.394,202.668,9487.0
2025-10-13 00:00:00,202.642,202.674,202.32,202.37,1630.0
2025-10-13 01:00:00,202.396,203.095,202.366,202.715,6994.0
2025-10-13 02:00:00,202.71,202.824,202.512,202.795,7618.0
2025-10-13 03:00:00,202.791,202.843,202.632,202.725,8730.0
2025-10-13 04:00:00,202.726,202.953,202.72,202.934,8238.0
2025-10-13 05:00:00,202.933,202.968,202.861,202.867,5332.0
2025-10-13 06:00:00,202.864,202.933,202.829,202.876,4665.0
2025-10-13 07:00:00,202.876,202.944,202.806,202.903,3861.0
2025-10-13 08:00:00,202.901,202.901,202.696,202.728,5522.0
2025-10-13 09:00:00,202.725,202.971,202.63,202.818,8545.0
2025-10-13 10:00:00,202.816,203.244,202.743,203.09,9992.0
2025-10-13 11:00:00,203.095,203.157,202.835,203.015,8463.0
2025-10-13 12:00:00,203.013,203.091,202.914,202.952,6157.0
2025-10-13 13:00:00,202.952,203.032,202.866,202.942,6062.0
2025-10-13 14:00:00,202.943,203.099,202.737,202.769,8928.0
2025-10-13 15:00:00,202.769,202.966,202.731,202.958,8082.0
2025-10-13 16:00:00,202.957,203.05,202.765,202.906,9477.0
2025-10-13 17:00:00,202.909,203.142,202.86,203.065,9929.0
2025-10-13 18:00:00,203.068,203.094,202.931,202.935,6997.0
2025-10-13 19:00:00,202.936,203.021,202.909,202.992,5763.0
2025-10-13 20:00:00,202.993,203.047,202.934,203.001,4339.0
2025-10-13 21:00:00,203.001,203.133,202.991,203.054,4090.0
2025-10-13 22:00:00,203.054,203.106,203.033,203.062,3810.0
2025-10-13 23:00:00,203.062,203.113,203.028,203.054,2438.0
2025-10-14 00:00:00,202.964,203.023,202.821,202.883,751.0
2025-10-14 01:00:00,202.868,203.097,202.861,203.092,2197.0
2025-10-14 02:00:00,203.091,203.271,203.022,203.263,3643.0
2025-10-14 03:00:00,203.254,203.494,203.192,203.329,7900.0
2025-10-14 04:00:00,203.327,203.514,203.236,203.429,7086.0
2025-10-14 05:00:00,203.429,203.46,203.304,203.329,4908.0
2025-10-14 06:00:00,203.329,203.363,202.964,203.046,5538.0
2025-10-14 07:00:00,203.046,203.054,202.618,202.761,8775.0
2025-10-14 08:00:00,202.763,202.784,202.372,202.396,8541.0
2025-10-14 09:00:00,202.367,202.367,201.628,201.717,11522.0
2025-10-14 10:00:00,201.718,201.74,201.334,201.446,11944.0
2025-10-14 11:00:00,201.444,201.885,201.414,201.884,9149.0
2025-10-14 12:00:00,201.887,202.022,201.68,201.817,8018.0
2025-10-14 13:00:00,201.809,201.813,201.467,201.552,8623.0
2025-10-14 14:00:00,201.556,201.884,201.504,201.812,8078.0
2025-10-14 15:00:00,201.812,201.837,201.336,201.634,10212.0
2025-10-14 16:00:00,201.632,202.087,201.628,201.884,12917.0
2025-10-14 17:00:00,201.89,202.202,201.868,201.881,11990.0
2025-10-14 18:00:00,201.881,202.181,201.796,202.137,11047.0
2025-10-14 19:00:00,202.137,202.227,202.013,202.077,9883.0
2025-10-14 20:00:00,202.078,202.292,202.023,202.219,7187.0
2025-10-14 21:00:00,202.221,202.334,202.158,202.259,5800.0
2025-10-14 22:00:00,202.26,202.29,202.004,202.13,7407.0
2025-10-14 23:00:00,202.13,202.208,202.063,202.178,3323.0
2025-10-15 00:00:00,202.154,202.163,201.99,201.998,564.0
2025-10-15 01:00:00,201.998,202.295,201.972,202.19,3106.0
2025-10-15 02:00:00,202.195,202.25,202.091,202.093,3702.0
2025-10-15 03:00:00,202.102,202.299,201.923,202.014,8077.0
2025-10-15 04:00:00,202.0,202.055,201.79,201.836,7352.0
2025-10-15 05:00:00,201.839,201.873,201.628,201.652,6194.0
2025-10-15 06:00:00,201.649,201.817,201.59,201.791,4633.0
2025-10-15 07:00:00,201.791,201.9,201.752,201.897,4121.0
2025-10-15 08:00:00,201.912,202.01,201.789,201.894,4850.0
2025-10-15 09:00:00,201.896,201.935,201.676,201.818,8171.0
2025-10-15 10:00:00,201.827,201.983,201.673,201.909,8660.0
2025-10-15 11:00:00,201.906,202.121,201.752,201.811,8547.0
2025-10-15 12:00:00,201.809,202.217,201.788,202.049,7697.0
2025-10-15 13:00:00,202.049,202.301,202.012,202.295,5945.0
2025-10-15 14:00:00,202.295,202.318,202.172,202.278,5716.0
2025-10-15 15:00:00,202.275,202.511,202.25,202.37,9861.0
2025-10-15 16:00:00,202.374,202.442,202.078,202.112,11127.0
2025-10-15 17:00:00,202.112,202.397,202.051,202.347,8893.0
2025-10-15 18:00:00,202.347,202.595,202.269,202.542,9911.0
2025-10-15 19:00:00,202.542,202.649,202.419,202.456,8092.0
2025-10-15 20:00:00,202.455,202.461,202.188,202.436,9322.0
2025-10-15 21:00:00,202.437,202.544,202.336,202.528,5727.0
2025-10-15 22:00:00,202.528,202.581,202.428,202.579,4683.0
2025-10-15 23:00:00,202.574,202.719,202.444,202.454,3883.0
2025-10-16 00:00:00,202.399,202.526,202.226,202.234,731.0
2025-10-16 01:00:00,202.234,202.498,202.123,202.285,3996.0
2025-10-16 02:00:00,202.29,202.411,202.226,202.374,3896.0
2025-10-16 03:00:00,202.378,202.466,201.992,202.281,9405.0
2025-10-16 04:00:00,202.278,202.439,202.229,202.342,8032.0
2025-10-16 05:00:00,202.338,202.515,202.294,202.505,5339.0
2025-10-16 06:00:00,202.51,202.576,202.447,202.498,4417.0
2025-10-16 07:00:00,202.498,202.678,202.459,202.606,3551.0
2025-10-16 08:00:00,202.611,202.805,202.594,202.674,6070.0
2025-10-16 09:00:00,202.675,202.898,202.6,202.775,8687.0
2025-10-16 10:00:00,202.772,203.123,202.599,203.064,9565.0
2025-10-16 11:00:00,203.066,203.243,202.968,203.243,8139.0
2025-10-16 12:00:00,203.244,203.439,203.235,203.271,6059.0
2025-10-16 13:00:00,203.274,203.371,203.069,203.086,5698.0
2025-10-16 14:00:00,203.085,203.354,203.026,203.279,6393.0
2025-10-16 15:00:00,203.279,203.302,202.827,203.189,8701.0
2025-10-16 16:00:00,203.192,203.366,202.787,202.787,11597.0
2025-10-16 17:00:00,202.789,202.793,202.449,202.544,11983.0
2025-10-16 18:00:00,202.546,202.646,202.273,202.358,10226.0
2025-10-16 19:00:00,202.355,202.499,201.714,201.937,10966.0
2025-10-16 20:00:00,201.938,202.244,201.865,202.018,10082.0
2025-10-16 21:00:00,202.018,202.055,201.751,201.974,8516.0
2025-10-16 22:00:00,201.968,202.101,201.83,202.041,6934.0
2025-10-16 23:00:00,202.044,202.137,201.988,202.097,3596.0
2025-10-17 00:00:00,202.057,202.079,201.906,201.978,1449.0
2025-10-17 01:00:00,201.972,202.171,201.898,201.901,3765.0
2025-10-17 02:00:00,201.895,201.951,201.712,201.856,4174.0
2025-10-17 03:00:00,201.854,202.018,201.725,202.014,7017.0
2025-10-17 04:00:00,202.012,202.139,201.979,202.001,7351.0
2025-10-17 05:00:00,202.001,202.05,201.767,201.902,5282.0
2025-10-17 06:00:00,201.902,201.916,201.603,201.741,4750.0
2025-10-17 07:00:00,201.742,201.927,201.701,201.732,4257.0
2025-10-17 08:00:00,201.732,201.797,201.62,201.694,5387.0
2025-10-17 09:00:00,201.693,201.832,201.323,201.334,9629.0
2025-10-17 10:00:00,201.331,201.366,200.681,201.083,12819.0
2025-10-17 11:00:00,201.089,201.138,200.824,201.065,9999.0
2025-10-17 12:00:00,201.064,201.329,200.949,201.092,7484.0
2025-10-17 13:00:00,201.093,201.49,201.035,201.421,8316.0
2025-10-17 14:00:00,201.421,201.987,201.37,201.84,10507.0
2025-10-17 15:00:00,201.836,202.109,201.644,201.7,10459.0
2025-10-17 16:00:00,201.698,201.799,201.417,201.541,11388.0
2025-10-17 17:00:00,201.534,201.87,201.411,201.45,12294.0
2025-10-17 18:00:00,201.45,201.801,201.302,201.783,9411.0
2025-10-17 19:00:00,201.783,202.022,201.741,201.805,7564.0
2025-10-17 20:00:00,201.802,201.948,201.715,201.895,6394.0
2025-10-20 00:00:00,201.958,201.958,201.734,201.856,1277.0
2025-10-20 01:00:00,201.882,202.606,201.882,202.525,3554.0
2025-10-20 02:00:00,202.543,202.68,202.48,202.608,3434.0
2025-10-20 03:00:00,202.61,202.771,202.428,202.735,6600.0
2025-10-20 04:00:00,202.733,203.11,202.697,202.784,6017.0
2025-10-20 05:00:00,202.777,202.875,202.673,202.696,3688.0
2025-10-20 06:00:00,202.695,202.73,202.462,202.58,3086.0
2025-10-20 07:00:00,202.576,202.632,202.271,202.341,4052.0
2025-10-20 08:00:00,202.34,202.507,202.259,202.479,4521.0
2025-10-20 09:00:00,202.48,202.48,202.095,202.174,7737.0
2025-10-20 10:00:00,202.176,202.426,202.098,202.234,7726.0
2025-10-20 11:00:00,202.233,202.447,202.178,202.2,7355.0
2025-10-20 12:00:00,202.198,202.449,201.825,202.4,7933.0
2025-10-20 13:00:00,202.403,202.51,202.088,202.115,6337.0
2025-10-20 14:00:00,202.111,202.211,202.016,202.121,5622.0
2025-10-20 15:00:00,202.122,202.334,202.05,202.29,8006.0
2025-10-20 16:00:00,202.297,202.311,202.08,202.095,8440.0
2025-10-20 17:00:00,202.095,202.146,201.892,202.039,7818.0
2025-10-20 18:00:00,202.035,202.149,201.943,202.093,7313.0
2025-10-20 19:00:00,202.092,202.173,201.953,202.143,4783.0
2025-10-20 20:00:00,202.145,202.207,202.07,202.076,3817.0
2025-10-20 21:00:00,202.073,202.132,202.043,202.064,3813.0
2025-10-20 22:00:00,202.064,202.086,202.011,202.025,2957.0
2025-10-20 23:00:00,202.025,202.137,202.009,202.06,2358.0
2025-10-21 00:00:00,202.038,202.039,201.912,201.925,796.0
2025-10-21 01:00:00,201.925,202.131,201.922,202.04,1895.0
2025-10-21 02:00:00,202.04,202.172,202.019,202.168,2337.0
2025-10-21 03:00:00,202.164,202.184,201.819,202.096,5894.0
2025-10-21 04:00:00,202.094,202.348,201.906,202.321,5644.0
2025-10-21 05:00:00,202.324,202.424,202.285,202.398,4902.0
2025-10-21 06:00:00,202.398,202.402,202.236,202.297,3854.0
2025-10-21 07:00:00,202.296,202.529,202.063,202.326,5386.0
2025-10-21 08:00:00,202.325,202.713,202.06,202.655,8304.0
2025-10-21 09:00:00,202.659,202.824,202.477,202.535,7940.0
2025-10-21 10:00:00,202.54,202.54,202.236,202.442,9453.0
2025-10-21 11:00:00,202.447,202.924,202.233,202.853,9826.0
2025-10-21 12:00:00,202.852,203.23,202.837,203.169,6700.0
2025-10-21 13:00:00,203.171,203.343,203.077,203.319,7710.0
2025-10-21 14:00:00,203.32,203.438,203.155,203.377,7377.0
2025-10-21 15:00:00,203.378,203.528,203.287,203.515,9601.0
2025-10-21 16:00:00,203.514,203.527,202.78,202.784,11654.0
2025-10-21 17:00:00,202.79,203.116,202.574,203.091,11033.0
2025-10-21 18:00:00,203.092,203.297,203.059,203.143,8021.0
2025-10-21 19:00:00,203.139,203.291,203.054,203.081,7388.0
2025-10-21 20:00:00,203.079,203.172,202.969,203.155,5864.0
2025-10-21 21:00:00,203.155,203.188,203.113,203.145,3833.0
2025-10-21 22:00:00,203.145,203.204,203.126,203.143,3383.0
2025-10-21 23:00:00,203.144,203.16,202.99,203.109,2358.0
2025-10-22 00:00:00,203.096,203.096,202.91,203.009,735.0
2025-10-22 01:00:00,203.009,203.128,203.006,203.115,1843.0
2025-10-22 02:00:00,203.108,203.136,202.962,202.985,2590.0
2025-10-22 03:00:00,202.987,202.993,202.741,202.745,7291.0
2025-10-22 04:00:00,202.744,202.906,202.637,202.899,5927.0
2025-10-22 05:00:00,202.899,203.014,202.76,202.825,3639.0
2025-10-22 06:00:00,202.825,203.046,202.822,203.013,3258.0
2025-10-22 07:00:00,203.013,203.134,202.994,203.042,3435.0
2025-10-22 08:00:00,203.04,203.256,203.024,203.219,3342.0
2025-10-22 09:00:00,203.202,203.22,202.24,202.342,9361.0
2025-10-22 10:00:00,202.341,202.427,202.083,202.265,9136.0
2025-10-22 11:00:00,202.264,202.343,201.984,202.057,9757.0
2025-10-22 12:00:00,202.059,202.24,202.019,202.202,7031.0
2025-10-22 13:00:00,202.203,202.206,201.922,202.115,6657.0
2025-10-22 14:00:00,202.119,202.364,202.039,202.302,8132.0
2025-10-22 15:00:00,202.303,202.557,202.203,202.423,8925.0
2025-10-22 16:00:00,202.423,202.787,202.33,202.754,9953.0
2025-10-22 17:00:00,202.756,202.934,202.725,202.837,9696.0
2025-10-22 18:00:00,202.838,203.054,202.786,202.952,8906.0
2025-10-22 19:00:00,202.949,203.006,202.582,202.924,8185.0
2025-10-22 20:00:00,202.927,202.961,202.528,202.603,7249.0
2025-10-22 21:00:00,202.601,202.881,202.597,202.842,5666.0
2025-10-22 22:00:00,202.843,203.031,202.791,202.996,4717.0
2025-10-22 23:00:00,202.997,203.051,202.924,202.957,2506.0
2025-10-23 00:00:00,202.922,202.957,202.77,202.81,1354.0
2025-10-23 01:00:00,202.81,202.932,202.79,202.88,2381.0
2025-10-23 02:00:00,202.885,202.937,202.839,202.911,3184.0
2025-10-23 03:00:00,202.916,203.166,202.875,203.056,5826.0
2025-10-23 04:00:00,203.058,203.39,203.024,203.312,4951.0
2025-10-23 05:00:00,203.312,203.386,203.255,203.331,3149.0
2025-10-23 06:00:00,203.333,203.385,203.226,203.287,2654.0
2025-10-23 07:00:00,203.287,203.378,203.268,203.301,2718.0
2025-10-23 08:00:00,203.304,203.395,203.198,203.381,3087.0
2025-10-23 09:00:00,203.379,203.77,203.35,203.77,6102.0
2025-10-23 10:00:00,203.769,203.778,203.434,203.594,7048.0
2025-10-23 11:00:00,203.595,203.743,203.546,203.727,5874.0
2025-10-23 12:00:00,203.729,203.79,203.636,203.661,5039.0
2025-10-23 13:00:00,203.663,203.773,203.645,203.747,5374.0
2025-10-23 14:00:00,203.75,203.793,203.589,203.603,5349.0
2025-10-23 15:00:00,203.602,203.632,203.454,203.531,7143.0
2025-10-23 16:00:00,203.531,203.669,203.426,203.481,8853.0
2025-10-23 17:00:00,203.484,203.567,203.283,203.312,8832.0
2025-10-23 18:00:00,203.314,203.496,203.214,203.445,6747.0
2025-10-23 19:00:00,203.441,203.55,203.298,203.304,4841.0
2025-10-23 20:00:00,203.306,203.448,203.206,203.236,4313.0
2025-10-23 21:00:00,203.236,203.338,203.208,203.224,3484.0
2025-10-23 22:00:00,203.224,203.286,203.204,203.272,2918.0
2025-10-23 23:00:00,203.267,203.36,203.236,203.32,1970.0
2025-10-24 00:00:00,203.251,203.296,203.158,203.232,2173.0
2025-10-24 01:00:00,203.232,203.375,203.222,203.341,2003.0
2025-10-24 02:00:00,203.339,203.423,203.325,203.376,2319.0
2025-10-24 03:00:00,203.378,203.502,203.267,203.48,4891.0
2025-10-24 04:00:00,203.48,203.687,203.479,203.681,5124.0
2025-10-24 05:00:00,203.682,203.727,203.506,203.625,4344.0
2025-10-24 06:00:00,203.625,203.686,203.506,203.575,3520.0
2025-10-24 07:00:00,203.574,203.688,203.563,203.666,3354.0
2025-10-24 08:00:00,203.666,203.796,203.558,203.691,3982.0
2025-10-24 09:00:00,203.691,203.944,203.684,203.88,6676.0
2025-10-24 10:00:00,203.878,203.885,203.496,203.507,7974.0
2025-10-24 11:00:00,203.506,203.824,203.423,203.732,7316.0
2025-10-24 12:00:00,203.729,203.786,203.604,203.766,6089.0
2025-10-24 13:00:00,203.765,203.81,203.66,203.728,4638.0
2025-10-24 14:00:00,203.727,203.743,203.444,203.496,5579.0
2025-10-24 15:00:00,203.493,203.75,203.251,203.749,10741.0
2025-10-24 16:00:00,203.755,203.991,203.698,203.837,11281.0
2025-10-24 17:00:00,203.812,203.866,203.085,203.185,10020.0
2025-10-24 18:00:00,203.188,203.307,203.106,203.194,7459.0
2025-10-24 19:00:00,203.194,203.213,203.114,203.205,4447.0
2025-10-24 20:00:00,203.204,203.314,203.2,203.277,3812.0
2025-10-27 00:00:00,203.488,203.805,203.456,203.805,1233.0
2025-10-27 01:00:00,203.805,203.991,203.746,203.941,4665.0
2025-10-27 02:00:00,203.935,204.062,203.856,203.915,3688.0
2025-10-27 03:00:00,203.917,203.965,203.679,203.711,5665.0
2025-10-27 04:00:00,203.71,203.86,203.571,203.694,5621.0
2025-10-27 05:00:00,203.694,203.853,203.677,203.818,3739.0
2025-10-27 06:00:00,203.817,203.88,203.794,203.879,2842.0
2025-10-27 07:00:00,203.879,203.933,203.787,203.917,3541.0
2025-10-27 08:00:00,203.919,204.081,203.919,203.979,3540.0
2025-10-27 09:00:00,203.972,204.049,203.761,203.822,4836.0
2025-10-27 10:00:00,203.833,203.842,203.556,203.746,6222.0
2025-10-27 11:00:00,203.749,203.785,203.538,203.653,8221.0
2025-10-27 12:00:00,203.658,203.854,203.542,203.851,6925.0
2025-10-27 13:00:00,203.851,203.944,203.813,203.867,5673.0
2025-10-27 14:00:00,203.867,203.879,203.642,203.736,6375.0
2025-10-27 15:00:00,203.737,204.052,203.645,204.003,6577.0
2025-10-27 16:00:00,204.004,204.243,203.962,204.165,7997.0
2025-10-27 17:00:00,204.165,204.228,203.959,203.964,7815.0
2025-10-27 18:00:00,203.963,204.125,203.853,204.05,7089.0
2025-10-27 19:00:00,204.053,204.081,203.936,204.021,4895.0
2025-10-27 20:00:00,204.021,204.166,203.994,204.088,3898.0
2025-10-27 21:00:00,204.087,204.104,203.741,203.828,4193.0
2025-10-27 22:00:00,203.827,203.909,203.776,203.896,3734.0
2025-10-27 23:00:00,203.896,203.954,203.835,203.848,2092.0
2025-10-28 00:00:00,203.848,203.848,203.727,203.786,2085.0
2025-10-28 01:00:00,203.786,203.83,203.678,203.751,2406.0
2025-10-28 02:00:00,203.751,203.82,203.667,203.706,2336.0
2025-10-28 03:00:00,203.707,203.715,203.483,203.585,5388.0
2025-10-28 04:00:00,203.58,203.592,203.38,203.486,6286.0
2025-10-28 05:00:00,203.489,203.583,203.434,203.512,4439.0
2025-10-28 06:00:00,203.516,203.573,203.253,203.381,3884.0
2025-10-28 07:00:00,203.381,203.5,202.959,203.006,6355.0
2025-10-28 08:00:00,203.007,203.102,202.848,202.988,6181.0
2025-10-28 09:00:00,202.991,203.176,202.898,202.982,5929.0
2025-10-28 10:00:00,202.986,203.324,202.858,202.896,7901.0
2025-10-28 11:00:00,202.895,202.895,202.048,202.212,9547.0
2025-10-28 12:00:00,202.21,202.395,202.12,202.309,7176.0
2025-10-28 13:00:00,202.31,202.391,202.244,202.36,6640.0
2025-10-28 14:00:00,202.36,202.409,202.232,202.324,6120.0
2025-10-28 15:00:00,202.338,202.449,202.046,202.095,8127.0
2025-10-28 16:00:00,202.096,202.224,201.713,201.757,9022.0
2025-10-28 17:00:00,201.745,201.882,201.67,201.782,8668.0
2025-10-28 18:00:00,201.783,202.017,201.668,202.003,7992.0
2025-10-28 19:00:00,202.003,202.262,201.99,202.152,7292.0
2025-10-28 20:00:00,202.152,202.174,201.957,202.042,5047.0
2025-10-28 21:00:00,202.042,202.068,201.947,201.986,4079.0
2025-10-28 22:00:00,201.985,202.006,201.761,201.828,3898.0
2025-10-28 23:00:00,201.828,201.942,201.805,201.831,2281.0
2025-10-29 00:00:00,201.814,201.866,201.742,201.756,852.0
2025-10-29 01:00:00,201.756,201.973,201.738,201.955,2537.0
2025-10-29 02:00:00,201.957,201.974,201.47,201.489,2488.0
2025-10-29 03:00:00,201.489,201.655,201.13,201.253,8136.0
2025-10-29 04:00:00,201.257,201.514,201.152,201.472,6567.0
2025-10-29 05:00:00,201.473,201.719,201.471,201.582,4301.0
2025-10-29 06:00:00,201.585,201.585,201.371,201.506,3466.0
2025-10-29 07:00:00,201.507,201.574,201.392,201.512,3528.0
2025-10-29 08:00:00,201.516,201.953,201.477,201.652,5447.0
2025-10-29 09:00:00,201.652,201.758,201.209,201.24,4996.0
2025-10-29 10:00:00,201.245,201.331,200.985,201.15,6725.0
2025-10-29 11:00:00,201.151,201.304,201.107,201.209,6925.0
2025-10-29 12:00:00,201.212,201.388,201.136,201.257,6978.0
2025-10-29 13:00:00,201.256,201.4,201.193,201.237,5276.0
2025-10-29 14:00:00,201.237,201.428,201.192,201.23,6063.0
2025-10-29 15:00:00,201.228,201.289,200.907,201.012,6906.0
2025-10-29 16:00:00,201.011,201.055,200.564,200.737,8389.0
2025-10-29 17:00:00,200.737,201.135,200.712,201.106,7906.0
2025-10-29 18:00:00,201.106,201.347,201.027,201.152,7957.0
2025-10-29 19:00:00,201.151,201.464,201.145,201.261,6478.0
2025-10-29 20:00:00,201.257,201.431,201.172,201.299,5019.0
2025-10-29 21:00:00,201.296,201.57,200.986,201.133,14816.0
2025-10-29 22:00:00,201.134,201.631,201.049,201.631,11667.0
2025-10-29 23:00:00,201.627,201.665,201.401,201.509,5818.0
2025-10-30 00:00:00,201.484,201.484,201.168,201.374,2101.0
2025-10-30 01:00:00,201.386,201.538,201.376,201.462,2640.0
2025-10-30 02:00:00,201.463,201.545,201.379,201.514,2801.0
2025-10-30 03:00:00,201.512,201.706,201.354,201.53,7027.0
2025-10-30 04:00:00,201.533,201.584,201.297,201.449,6334.0
2025-10-30 05:00:00,201.451,201.451,201.13,201.147,4984.0
2025-10-30 06:00:00,201.148,202.109,200.988,201.953,7683.0
2025-10-30 07:00:00,201.948,202.092,201.55,201.9,10301.0
2025-10-30 08:00:00,201.9,202.169,201.743,202.166,6559.0
2025-10-30 09:00:00,202.165,202.657,201.915,202.441,8002.0
2025-10-30 10:00:00,202.434,202.637,202.328,202.458,8871.0
2025-10-30 11:00:00,202.472,203.122,202.472,203.063,8561.0
2025-10-30 12:00:00,203.064,203.151,202.624,202.813,7700.0
2025-10-30 13:00:00,202.82,202.931,202.751,202.858,6527.0
2025-10-30 14:00:00,202.858,203.195,202.816,203.096,6949.0
2025-10-30 15:00:00,203.096,203.263,202.578,202.7,8717.0
2025-10-30 16:00:00,202.707,203.039,202.524,202.876,11154.0
2025-10-30 17:00:00,202.871,203.158,202.779,203.004,10435.0
2025-10-30 18:00:00,202.998,203.097,202.605,202.677,7554.0
2025-10-30 19:00:00,202.677,202.783,202.504,202.725,6155.0
2025-10-30 20:00:00,202.725,202.827,202.545,202.688,5140.0
2025-10-30 21:00:00,202.69,202.754,202.542,202.575,4322.0
2025-10-30 22:00:00,202.575,202.585,202.441,202.522,4325.0
2025-10-30 23:00:00,202.521,202.731,202.487,202.691,2635.0
2025-10-31 00:00:00,202.593,202.671,202.53,202.587,2415.0
2025-10-31 01:00:00,202.579,202.732,202.579,202.703,2070.0
2025-10-31 02:00:00,202.705,202.753,202.45,202.52,2938.0
2025-10-31 03:00:00,202.519,202.692,202.443,202.511,5006.0
2025-10-31 04:00:00,202.511,202.561,202.182,202.338,5571.0
2025-10-31 05:00:00,202.338,202.41,202.265,202.399,3709.0
2025-10-31 06:00:00,202.398,202.611,202.384,202.584,3009.0
2025-10-31 07:00:00,202.581,202.613,202.466,202.533,3019.0
2025-10-31 08:00:00,202.532,202.567,202.309,202.395,3855.0
2025-10-31 09:00:00,202.389,202.766,202.38,202.653,5141.0
2025-10-31 10:00:00,202.653,202.881,202.516,202.84,7022.0
2025-10-31 11:00:00,202.843,202.922,202.681,202.696,7113.0
2025-10-31 12:00:00,202.697,202.773,202.47,202.591,5870.0
2025-10-31 13:00:00,202.592,202.63,202.345,202.387,5372.0
2025-10-31 14:00:00,202.387,202.484,202.184,202.313,5692.0
2025-10-31 15:00:00,202.311,202.342,201.859,202.015,7803.0
2025-10-31 16:00:00,202.015,202.153,201.925,202.047,8600.0
2025-10-31 17:00:00,202.051,202.135,201.846,202.047,8423.0
2025-10-31 18:00:00,202.044,202.426,201.954,202.385,8818.0
2025-10-31 19:00:00,202.385,202.474,202.286,202.322,7122.0
2025-10-31 20:00:00,202.321,202.453,202.292,202.349,5307.0
2025-11-03 00:00:00,202.2,202.381,202.157,202.375,1208.0
2025-11-03 01:00:00,202.375,202.631,202.327,202.521,5613.0
2025-11-03 02:00:00,202.522,202.554,202.43,202.517,3692.0
2025-11-03 03:00:00,202.514,202.518,202.401,202.429,3763.0
2025-11-03 04:00:00,202.43,202.472,202.391,202.445,2873.0
2025-11-03 05:00:00,202.445,202.459,202.375,202.43,2314.0
2025-11-03 06:00:00,202.43,202.486,202.405,202.471,2393.0
2025-11-03 07:00:00,202.471,202.587,202.467,202.545,3240.0
2025-11-03 08:00:00,202.546,202.764,202.541,202.704,3111.0
2025-11-03 09:00:00,202.695,202.784,202.469,202.472,5066.0
2025-11-03 10:00:00,202.47,202.511,202.106,202.245,6208.0
2025-11-03 11:00:00,202.247,202.449,202.205,202.345,4996.0
2025-11-03 12:00:00,202.346,202.527,202.262,202.425,5016.0
2025-11-03 13:00:00,202.422,202.539,202.3,202.367,4523.0
2025-11-03 14:00:00,202.367,202.666,202.353,202.599,3831.0
2025-11-03 15:00:00,202.599,202.617,202.423,202.474,5171.0
2025-11-03 16:00:00,202.474,202.494,202.048,202.078,6438.0
2025-11-03 17:00:00,201.99,202.643,201.935,202.578,9221.0
2025-11-03 18:00:00,202.578,202.687,202.512,202.648,6311.0
2025-11-03 19:00:00,202.648,202.805,202.584,202.632,4236.0
2025-11-03 20:00:00,202.632,202.676,202.526,202.556,3249.0
2025-11-03 21:00:00,202.555,202.698,202.514,202.57,3816.0
2025-11-03 22:00:00,202.57,202.638,202.554,202.59,2885.0
2025-11-03 23:00:00,202.592,202.645,202.477,202.596,2190.0
2025-11-04 00:00:00,202.613,202.648,202.47,202.515,1270.0
2025-11-04 01:00:00,202.515,202.621,202.495,202.55,2622.0
2025-11-04 02:00:00,202.55,202.63,202.369,202.565,5373.0
2025-11-04 03:00:00,202.566,202.682,202.505,202.552,4949.0
2025-11-04 04:00:00,202.552,202.564,202.235,202.236,4189.0
2025-11-04 05:00:00,202.235,202.424,202.215,202.284,3715.0
2025-11-04 06:00:00,202.284,202.286,201.986,202.185,3811.0
2025-11-04 07:00:00,202.183,202.2,201.684,201.718,5723.0
2025-11-04 08:00:00,201.72,201.775,201.444,201.619,6839.0
2025-11-04 09:00:00,201.608,201.608,201.294,201.511,6937.0
2025-11-04 10:00:00,201.521,201.539,200.989,201.155,9518.0
2025-11-04 11:00:00,201.156,201.245,200.38,200.492,7911.0
2025-11-04 12:00:00,200.49,200.839,200.316,200.766,6308.0
2025-11-04 13:00:00,200.765,200.797,200.476,200.536,5232.0
2025-11-04 14:00:00,200.537,200.664,200.4,200.605,6446.0
2025-11-04 15:00:00,200.605,200.612,200.249,200.285,6816.0
2025-11-04 16:00:00,200.285,200.42,200.005,200.259,8407.0
2025-11-04 17:00:00,200.26,200.372,200.056,200.107,8368.0
2025-11-04 18:00:00,200.108,200.34,200.029,200.277,7261.0
2025-11-04 19:00:00,200.277,200.32,200.055,200.107,4523.0
2025-11-04 20:00:00,200.107,200.107,199.939,199.988,4330.0
2025-11-04 21:00:00,199.986,200.087,199.874,199.947,3870.0
2025-11-04 22:00:00,199.946,200.151,199.914,200.001,3745.0
2025-11-04 23:00:00,200.002,200.09,199.908,200.05,2969.0
2025-11-05 00:00:00,200.079,200.127,199.936,200.082,1679.0
2025-11-05 01:00:00,200.081,200.141,199.917,199.941,2321.0
2025-11-05 02:00:00,199.941,200.18,199.477,199.494,6489.0
2025-11-05 03:00:00,199.503,199.536,199.064,199.348,8646.0
2025-11-05 04:00:00,199.349,199.61,199.259,199.55,5636.0
2025-11-05 05:00:00,199.555,199.912,199.551,199.876,5104.0
2025-11-05 06:00:00,199.874,199.938,199.756,199.923,4235.0
2025-11-05 07:00:00,199.92,200.082,199.842,199.912,4037.0
2025-11-05 08:00:00,199.911,200.283,199.828,200.203,4630.0
2025-11-05 09:00:00,200.203,200.207,199.866,200.048,6350.0
2025-11-05 10:00:00,200.048,200.439,199.989,200.239,7219.0
2025-11-05 11:00:00,200.231,200.414,200.14,200.408,6393.0
2025-11-05 12:00:00,200.405,200.46,200.084,200.098,5709.0
2025-11-05 13:00:00,200.092,200.24,199.99,200.238,5440.0
2025-11-05 14:00:00,200.238,200.547,200.199,200.465,5854.0
2025-11-05 15:00:00,200.465,200.73,200.433,200.57,7563.0
2025-11-05 16:00:00,200.569,200.67,200.512,200.634,7635.0
2025-11-05 17:00:00,200.839,201.242,200.686,201.236,10602.0
2025-11-05 18:00:00,201.235,201.244,201.021,201.098,7252.0
2025-11-05 19:00:00,201.099,201.101,200.868,200.897,4341.0
2025-11-05 20:00:00,200.895,201.074,200.831,201.063,3551.0
2025-11-05 21:00:00,201.063,201.082,200.967,201.031,2764.0
2025-11-05 22:00:00,201.049,201.147,201.049,201.128,2796.0
2025-11-05 23:00:00,201.132,201.176,201.004,201.128,2554.0
2025-11-06 00:00:00,201.104,201.104,200.954,200.97,1255.0
2025-11-06 01:00:00,200.97,201.12,200.964,201.118,2023.0
2025-11-06 02:00:00,201.116,201.17,200.826,200.982,5179.0
2025-11-06 03:00:00,200.976,201.105,200.861,201.001,5007.0
2025-11-06 04:00:00,201.002,201.118,200.893,201.045,3701.0
2025-11-06 05:00:00,201.047,201.125,200.968,201.007,3124.0
2025-11-06 06:00:00,201.009,201.17,200.996,201.1,2618.0
2025-11-06 07:00:00,201.1,201.158,200.89,200.985,3444.0
2025-11-06 08:00:00,200.982,201.091,200.945,201.011,3803.0
2025-11-06 09:00:00,201.015,201.195,200.902,200.993,5339.0
2025-11-06 10:00:00,200.994,200.998,200.776,200.926,7246.0
2025-11-06 11:00:00,200.926,201.152,200.912,201.07,5902.0
2025-11-06 12:00:00,201.072,201.207,201.039,201.08,5090.0
2025-11-06 13:00:00,201.08,201.204,201.031,201.152,4858.0
2025-11-06 14:00:00,201.152,201.288,200.647,201.228,7951.0
2025-11-06 15:00:00,201.227,201.38,201.056,201.212,7417.0
2025-11-06 16:00:00,201.212,201.244,200.698,200.711,8388.0
2025-11-06 17:00:00,200.711,201.012,200.402,200.519,10070.0
2025-11-06 18:00:00,200.519,200.694,200.469,200.481,8431.0
2025-11-06 19:00:00,200.48,200.866,200.3,200.789,7406.0
2025-11-06 20:00:00,200.789,201.17,200.751,201.101,5928.0
2025-11-06 21:00:00,201.1,201.204,201.003,201.103,5159.0
2025-11-06 22:00:00,201.103,201.187,200.946,201.016,4663.0
2025-11-06 23:00:00,201.017,201.104,200.894,201.058,2720.0
2025-11-07 00:00:00,201.009,201.065,200.758,200.938,2893.0
2025-11-07 01:00:00,200.938,201.02,200.822,200.981,2798.0
2025-11-07 02:00:00,200.984,201.251,200.845,201.125,6601.0
2025-11-07 03:00:00,201.125,201.242,200.913,200.986,6234.0
2025-11-07 04:00:00,200.984,201.013,200.805,200.952,4758.0
2025-11-07 05:00:00,200.949,200.985,200.718,200.794,3671.0
2025-11-07 06:00:00,200.794,200.912,200.704,200.84,3481.0
2025-11-07 07:00:00,200.84,201.2,200.84,201.186,3339.0
2025-11-07 08:00:00,201.187,201.362,201.187,201.31,4341.0
2025-11-07 09:00:00,201.31,201.379,201.236,201.324,5103.0
2025-11-07 10:00:00,201.324,201.39,200.968,201.143,6893.0
2025-11-07 11:00:00,201.143,201.181,200.977,201.041,5748.0
2025-11-07 12:00:00,201.04,201.133,200.845,201.036,5717.0
2025-11-07 13:00:00,201.035,201.049,200.715,200.913,7055.0
2025-11-07 14:00:00,200.912,201.044,200.651,200.795,6429.0
2025-11-07 15:00:00,200.795,201.396,200.738,201.369,8491.0
2025-11-07 16:00:00,201.372,201.631,201.134,201.628,9870.0
2025-11-07 17:00:00,201.629,201.803,201.281,201.396,11277.0
2025-11-07 18:00:00,201.397,201.605,201.384,201.463,8006.0
2025-11-07 19:00:00,201.465,201.677,201.401,201.635,5727.0
2025-11-07 20:00:00,201.635,201.823,201.586,201.806,5123.0
2025-11-10 00:00:00,202.005,202.258,201.75,202.06,1470.0
2025-11-10 01:00:00,202.047,202.314,202.047,202.144,4679.0
2025-11-10 02:00:00,202.145,202.274,201.786,202.238,7925.0
2025-11-10 03:00:00,202.241,202.377,202.198,202.308,6223.0
2025-11-10 04:00:00,202.308,202.364,202.225,202.342,4001.0
2025-11-10 05:00:00,202.342,202.458,202.331,202.381,4380.0
2025-11-10 06:00:00,202.381,202.419,202.275,202.388,4433.0
2025-11-10 07:00:00,202.39,202.612,202.369,202.512,4943.0
2025-11-10 08:00:00,202.51,202.615,202.38,202.413,5122.0
2025-11-10 09:00:00,202.415,202.746,202.415,202.679,6621.0
2025-11-10 10:00:00,202.679,203.128,202.576,203.102,7961.0
2025-11-10 11:00:00,203.102,203.205,203.029,203.075,7250.0
2025-11-10 12:00:00,203.078,203.085,202.819,202.879,5699.0
2025-11-10 13:00:00,202.881,203.097,202.819,203.08,5247.0
2025-11-10 14:00:00,203.08,203.204,203.064,203.143,5103.0
2025-11-10 15:00:00,203.141,203.237,202.891,202.97,6240.0
2025-11-10 16:00:00,202.969,202.976,202.674,202.864,7649.0
2025-11-10 17:00:00,202.862,202.946,202.507,202.512,7983.0
2025-11-10 18:00:00,202.511,202.661,202.468,202.595,7233.0
2025-11-10 19:00:00,202.596,202.938,202.571,202.887,5351.0
2025-11-10 20:00:00,202.891,202.993,202.85,202.959,3702.0
2025-11-10 21:00:00,202.959,203.074,202.93,203.038,3234.0
2025-11-10 22:00:00,203.037,203.105,203.006,203.031,3387.0
2025-11-10 23:00:00,203.028,203.104,202.928,203.045,2207.0
2025-11-11 00:00:00,203.049,203.049,202.81,202.853,3627.0
2025-11-11 01:00:00,202.835,203.076,202.835,203.054,2263.0
2025-11-11 02:00:00,203.049,203.176,203.0,203.149,5026.0
2025-11-11 03:00:00,203.148,203.276,203.133,203.166,5360.0
2025-11-11 04:00:00,203.165,203.276,203.089,203.198,4125.0
2025-11-11 05:00:00,203.197,203.199,203.085,203.141,3924.0
2025-11-11 06:00:00,203.141,203.228,203.119,203.151,3418.0
2025-11-11 07:00:00,203.151,203.156,202.923,202.927,4622.0
2025-11-11 08:00:00,202.927,203.14,202.811,202.832,4132.0
2025-11-11 09:00:00,202.856,202.881,202.327,202.385,7324.0
2025-11-11 10:00:00,202.385,202.665,202.385,202.598,6665.0
2025-11-11 11:00:00,202.596,202.679,202.482,202.629,6034.0
2025-11-11 12:00:00,202.628,202.683,202.52,202.652,5083.0
2025-11-11 13:00:00,202.654,202.858,202.574,202.818,5045.0
2025-11-11 14:00:00,202.816,202.856,202.614,202.642,4912.0
2025-11-11 15:00:00,202.641,202.725,202.452,202.541,8975.0
2025-11-11 16:00:00,202.539,202.997,202.496,202.981,7650.0
2025-11-11 17:00:00,202.979,203.041,202.677,202.828,8660.0
2025-11-11 18:00:00,202.824,202.934,202.75,202.867,6239.0
2025-11-11 19:00:00,202.865,203.052,202.817,202.98,4493.0
2025-11-11 20:00:00,202.979,203.058,202.941,203.041,3548.0
2025-11-11 21:00:00,203.039,203.061,202.899,202.923,3744.0
2025-11-11 22:00:00,202.927,202.986,202.84,202.846,3207.0
2025-11-11 23:00:00,202.845,202.87,202.661,202.691,2238.0
2025-11-12 00:00:00,202.666,202.692,202.51,202.594,2236.0
2025-11-12 01:00:00,202.594,202.747,202.548,202.649,2045.0
2025-11-12 02:00:00,202.652,202.802,202.606,202.765,5115.0
2025-11-12 03:00:00,202.766,202.861,202.713,202.761,4888.0
2025-11-12 04:00:00,202.761,202.925,202.758,202.787,3354.0
2025-11-12 05:00:00,202.786,202.824,202.681,202.805,2757.0
2025-11-12 06:00:00,202.805,203.181,202.783,203.17,4521.0
2025-11-12 07:00:00,203.173,203.266,203.045,203.102,5399.0
2025-11-12 08:00:00,203.1,203.237,203.077,203.171,3898.0
2025-11-12 09:00:00,203.173,203.301,203.128,203.253,5341.0
2025-11-12 10:00:00,203.256,203.572,202.983,202.995,7824.0
2025-11-12 11:00:00,202.992,203.323,202.951,203.096,7220.0
2025-11-12 12:00:00,203.096,203.285,203.009,203.266,5676.0
2025-11-12 13:00:00,203.266,203.403,203.131,203.37,5258.0
2025-11-12 14:00:00,203.368,203.407,202.852,203.072,6143.0
2025-11-12 15:00:00,203.071,203.113,202.952,203.051,6746.0
2025-11-12 16:00:00,203.049,203.067,202.77,202.862,8154.0
2025-11-12 17:00:00,202.862,203.224,202.847,203.184,8066.0
2025-11-12 18:00:00,203.183,203.263,203.036,203.051,6198.0
2025-11-12 19:00:00,203.051,203.15,202.945,203.122,4849.0
2025-11-12 20:00:00,203.123,203.273,203.103,203.258,3725.0
2025-11-12 21:00:00,203.258,203.269,203.047,203.138,4183.0
2025-11-12 22:00:00,203.137,203.211,203.121,203.2,3579.0
2025-11-12 23:00:00,203.203,203.313,203.173,203.3,2843.0
2025-11-13 00:00:00,203.257,203.257,203.067,203.081,2560.0
2025-11-13 01:00:00,203.085,203.204,203.059,203.096,2601.0
2025-11-13 02:00:00,203.099,203.27,203.049,203.247,6165.0
2025-11-13 03:00:00,203.248,203.327,203.029,203.069,6364.0
2025-11-13 04:00:00,203.066,203.086,202.971,202.988,4771.0
2025-11-13 05:00:00,202.987,203.139,202.969,203.102,3684.0
2025-11-13 06:00:00,203.104,203.202,202.996,203.171,3731.0
2025-11-13 07:00:00,203.173,203.312,203.165,203.254,4232.0
2025-11-13 08:00:00,203.256,203.309,203.204,203.239,4820.0
2025-11-13 09:00:00,203.237,203.454,202.965,203.31,6677.0
2025-11-13 10:00:00,203.308,203.539,203.025,203.459,7859.0
2025-11-13 11:00:00,203.459,203.5,203.037,203.296,8512.0
2025-11-13 12:00:00,203.297,203.529,203.262,203.474,6465.0
2025-11-13 13:00:00,203.473,203.591,203.366,203.447,6637.0
2025-11-13 14:00:00,203.45,203.827,203.412,203.787,6850.0
2025-11-13 15:00:00,203.787,203.812,203.58,203.654,7662.0
2025-11-13 16:00:00,203.654,203.802,203.378,203.505,9237.0
2025-11-13 17:00:00,203.509,203.698,203.368,203.516,10093.0
2025-11-13 18:00:00,203.515,204.008,203.441,203.994,9700.0
2025-11-13 19:00:00,203.994,204.072,203.74,203.879,8257.0
2025-11-13 20:00:00,203.879,203.945,203.66,203.78,7068.0
2025-11-13 21:00:00,203.779,203.844,203.649,203.747,5830.0
2025-11-13 22:00:00,203.748,203.862,203.717,203.763,5823.0
2025-11-13 23:00:00,203.763,203.866,203.751,203.804,2518.0
2025-11-14 00:00:00,203.767,203.891,203.303,203.357,2112.0
2025-11-14 01:00:00,203.356,203.616,203.121,203.389,3968.0
2025-11-14 02:00:00,203.386,203.549,203.155,203.269,6271.0
2025-11-14 03:00:00,203.27,203.341,203.033,203.125,6192.0
2025-11-14 04:00:00,203.123,203.255,203.062,203.089,4434.0
2025-11-14 05:00:00,203.09,203.216,203.005,203.151,4843.0
2025-11-14 06:00:00,203.148,203.172,202.975,202.977,4349.0
2025-11-14 07:00:00,202.977,203.132,202.935,203.115,4814.0
2025-11-14 08:00:00,203.116,203.323,203.045,203.215,5348.0
2025-11-14 09:00:00,203.215,203.435,202.868,203.35,7360.0
2025-11-14 10:00:00,203.352,203.953,202.637,203.483,10792.0
2025-11-14 11:00:00,203.481,203.822,203.333,203.502,6873.0
2025-11-14 12:00:00,203.506,203.582,203.294,203.369,5905.0
2025-11-14 13:00:00,203.368,203.371,203.004,203.191,6429.0
2025-11-14 14:00:00,203.191,203.208,202.702,202.722,9745.0
2025-11-14 15:00:00,202.717,202.897,202.345,202.885,10645.0
2025-11-14 16:00:00,202.887,203.15,202.727,203.101,11708.0
2025-11-14 17:00:00,203.101,203.118,202.67,202.904,10959.0
2025-11-14 18:00:00,202.904,203.504,202.813,203.432,8194.0
2025-11-14 19:00:00,203.432,203.608,203.408,203.532,6848.0
2025-11-14 20:00:00,203.529,203.579,203.271,203.44,6419.0
2025-11-17 00:00:00,203.25,203.44,203.222,203.37,1403.0
2025-11-17 01:00:00,203.362,203.524,203.359,203.434,3477.0
2025-11-17 02:00:00,203.428,203.464,203.135,203.441,5945.0
2025-11-17 03:00:00,203.441,203.535,203.345,203.356,5181.0
2025-11-17 04:00:00,203.356,203.472,203.322,203.449,4114.0
2025-11-17 05:00:00,203.449,203.54,203.299,203.372,3157.0
2025-11-17 06:00:00,203.372,203.398,203.277,203.357,2480.0
2025-11-17 07:00:00,203.357,203.414,203.281,203.311,3199.0
2025-11-17 08:00:00,203.31,203.41,203.291,203.385,4067.0
2025-11-17 09:00:00,203.385,203.856,203.385,203.811,5331.0
2025-11-17 10:00:00,203.812,203.899,203.615,203.685,7403.0
2025-11-17 11:00:00,203.685,203.834,203.577,203.726,6229.0
2025-11-17 12:00:00,203.726,203.853,203.618,203.681,5948.0
2025-11-17 13:00:00,203.68,204.034,203.62,204.028,6130.0
2025-11-17 14:00:00,204.028,204.211,203.965,204.086,5524.0
2025-11-17 15:00:00,204.085,204.253,204.011,204.035,6409.0
2025-11-17 16:00:00,204.034,204.148,203.965,204.099,7019.0
2025-11-17 17:00:00,204.102,204.517,204.076,204.504,8791.0
2025-11-17 18:00:00,204.507,204.524,204.212,204.524,6062.0
2025-11-17 19:00:00,204.521,204.527,204.33,204.345,5191.0
2025-11-17 20:00:00,204.345,204.372,204.146,204.165,4894.0
2025-11-17 21:00:00,204.166,204.218,204.018,204.09,5646.0
2025-11-17 22:00:00,204.089,204.23,204.04,204.19,4749.0
2025-11-17 23:00:00,204.189,204.264,204.178,204.215,2593.0
2025-11-18 00:00:00,204.149,204.207,204.034,204.06,1967.0
2025-11-18 01:00:00,204.058,204.281,204.058,204.276,2810.0
2025-11-18 02:00:00,204.276,204.298,204.051,204.136,5854.0
2025-11-18 03:00:00,204.136,204.245,204.08,204.105,5849.0
2025-11-18 04:00:00,204.107,204.201,204.071,204.116,4577.0
2025-11-18 05:00:00,204.117,204.122,204.016,204.037,4653.0
2025-11-18 06:00:00,204.038,204.095,203.692,204.095,7540.0
2025-11-18 07:00:00,204.092,204.158,204.009,204.102,5424.0
2025-11-18 08:00:00,204.101,204.163,203.84,204.044,6975.0
2025-11-18 09:00:00,204.047,204.078,203.773,203.823,9270.0
2025-11-18 10:00:00,203.822,204.302,203.807,204.084,9826.0
2025-11-18 11:00:00,204.082,204.275,204.007,204.168,7781.0
2025-11-18 12:00:00,204.174,204.356,204.055,204.35,6453.0
2025-11-18 13:00:00,204.35,204.359,204.184,204.24,5682.0
2025-11-18 14:00:00,204.24,204.276,204.075,204.112,7103.0
2025-11-18 15:00:00,204.112,204.218,203.893,204.115,9245.0
2025-11-18 16:00:00,204.117,204.482,204.067,204.253,9506.0
2025-11-18 17:00:00,204.25,204.343,203.986,204.098,11259.0
2025-11-18 18:00:00,204.096,204.412,204.048,204.408,9414.0
2025-11-18 19:00:00,204.407,204.598,204.348,204.593,7073.0
2025-11-18 20:00:00,204.594,204.745,204.555,204.647,6602.0
2025-11-18 21:00:00,204.645,204.674,204.542,204.589,5098.0
2025-11-18 22:00:00,204.591,204.595,204.446,204.459,4888.0
2025-11-18 23:00:00,204.46,204.508,204.405,204.418,2915.0
2025-11-19 00:00:00,204.321,204.452,204.276,204.396,1645.0
2025-11-19 01:00:00,204.394,204.553,204.393,204.477,2739.0
2025-11-19 02:00:00,204.477,204.499,204.226,204.303,6535.0
2025-11-19 03:00:00,204.301,204.353,204.165,204.209,6461.0
2025-11-19 04:00:00,204.209,204.245,204.061,204.087,5216.0
2025-11-19 05:00:00,204.086,204.119,203.982,204.058,5007.0
2025-11-19 06:00:00,204.058,204.22,204.058,204.098,5071.0
2025-11-19 07:00:00,204.098,204.25,204.06,204.25,5068.0
2025-11-19 08:00:00,204.249,204.493,204.209,204.452,4544.0
2025-11-19 09:00:00,204.419,204.529,204.208,204.382,6598.0
2025-11-19 10:00:00,204.381,204.478,204.193,204.259,7236.0
2025-11-19 11:00:00,204.257,204.742,204.189,204.721,7465.0
2025-11-19 12:00:00,204.72,204.907,204.499,204.748,8150.0
2025-11-19 13:00:00,204.755,204.961,204.744,204.919,7099.0
2025-11-19 14:00:00,204.921,205.019,204.872,204.964,6032.0
2025-11-19 15:00:00,204.964,205.048,204.769,205.028,6968.0
2025-11-19 16:00:00,205.027,205.324,204.946,205.321,9115.0
2025-11-19 17:00:00,205.319,205.367,204.655,204.707,9870.0
2025-11-19 18:00:00,204.703,204.884,204.582,204.805,8647.0
2025-11-19 19:00:00,204.805,204.897,204.722,204.848,7735.0
2025-11-19 20:00:00,204.848,205.066,204.838,204.863,5918.0
2025-11-19 21:00:00,204.867,204.94,204.736,204.857,6979.0
2025-11-19 22:00:00,204.852,204.959,204.794,204.828,5174.0
2025-11-19 23:00:00,204.827,205.281,204.804,205.215,4691.0
2025-11-20 00:00:00,205.189,205.189,205.01,205.048,1445.0
2025-11-20 01:00:00,205.049,205.176,204.945,205.038,3335.0
2025-11-20 02:00:00,205.04,205.164,204.801,205.057,6639.0
2025-11-20 03:00:00,205.056,205.392,204.966,205.376,6335.0
2025-11-20 04:00:00,205.376,205.405,205.221,205.335,5144.0
2025-11-20 05:00:00,205.337,205.44,205.177,205.377,4873.0
2025-11-20 06:00:00,205.377,205.577,205.252,205.547,4015.0
2025-11-20 07:00:00,205.544,205.719,205.52,205.657,4362.0
2025-11-20 08:00:00,205.656,206.047,205.62,206.045,5209.0
2025-11-20 09:00:00,206.042,206.042,205.647,205.782,6988.0
2025-11-20 10:00:00,205.784,205.874,205.297,205.315,8312.0
2025-11-20 11:00:00,205.321,205.583,205.319,205.579,6834.0
2025-11-20 12:00:00,205.58,205.837,205.55,205.741,5988.0
2025-11-20 13:00:00,205.741,205.823,205.617,205.782,5643.0
2025-11-20 14:00:00,205.781,206.023,205.764,205.908,5699.0
2025-11-20 15:00:00,205.906,206.462,205.672,206.35,11717.0
2025-11-20 16:00:00,206.349,206.859,206.329,206.67,11518.0
2025-11-20 17:00:00,206.665,206.816,206.443,206.478,9028.0
2025-11-20 18:00:00,206.479,206.487,205.837,205.864,12182.0
2025-11-20 19:00:00,205.861,206.061,205.646,205.846,12149.0
2025-11-20 20:00:00,205.843,206.206,205.792,205.886,8725.0
2025-11-20 21:00:00,205.884,206.18,205.83,206.172,6835.0
2025-11-20 22:00:00,206.173,206.216,205.923,205.947,5933.0
2025-11-20 23:00:00,205.948,205.958,205.79,205.832,3736.0
2025-11-21 00:00:00,205.813,205.879,205.679,205.736,1724.0
2025-11-21 01:00:00,205.736,205.943,205.586,205.915,4948.0
2025-11-21 02:00:00,205.912,206.018,205.756,205.839,6806.0
2025-11-21 03:00:00,205.84,206.045,205.732,206.022,7035.0
2025-11-21 04:00:00,206.025,206.051,205.8,205.814,5752.0
2025-11-21 05:00:00,205.814,206.002,205.795,205.855,4490.0
2025-11-21 06:00:00,205.855,205.882,205.599,205.871,6265.0
2025-11-21 07:00:00,205.871,205.963,205.748,205.796,5228.0
2025-11-21 08:00:00,205.796,205.856,205.628,205.75,5977.0
2025-11-21 09:00:00,205.753,205.753,204.865,205.027,8007.0
2025-11-21 10:00:00,205.023,205.62,204.819,205.534,9800.0
2025-11-21 11:00:00,205.53,205.556,204.707,204.748,8791.0
2025-11-21 12:00:00,204.749,204.842,204.381,204.835,9971.0
2025-11-21 13:00:00,204.836,204.999,204.492,204.612,7579.0
2025-11-21 14:00:00,204.616,205.205,204.505,205.167,11361.0
2025-11-21 15:00:00,205.172,205.28,205.048,205.177,8990.0
2025-11-21 16:00:00,205.18,205.325,204.936,205.114,10846.0
2025-11-21 17:00:00,205.116,205.159,204.292,204.825,13753.0
2025-11-21 18:00:00,204.826,205.117,204.612,205.073,10883.0
2025-11-21 19:00:00,205.073,205.235,205.009,205.078,7648.0
2025-11-21 20:00:00,205.078,205.195,204.878,205.06,6688.0
2025-11-24 00:00:00,204.744,205.103,204.744,204.912,1709.0
2025-11-24 01:00:00,204.911,205.225,204.891,205.202,3470.0
2025-11-24 02:00:00,205.203,205.237,205.079,205.15,4838.0
2025-11-24 03:00:00,205.15,205.189,205.037,205.128,6172.0
2025-11-24 04:00:00,205.122,205.24,205.115,205.196,5968.0
2025-11-24 05:00:00,205.196,205.208,205.102,205.165,3505.0
2025-11-24 06:00:00,205.164,205.205,205.072,205.098,3284.0
2025-11-24 07:00:00,205.097,205.194,205.063,205.156,4706.0
2025-11-24 08:00:00,205.158,205.343,205.145,205.299,4351.0
2025-11-24 09:00:00,205.299,205.4,205.217,205.306,6375.0
2025-11-24 10:00:00,205.302,205.52,205.185,205.468,8479.0
2025-11-24 11:00:00,205.468,205.476,205.116,205.178,7704.0
2025-11-24 12:00:00,205.178,205.341,205.136,205.198,7016.0
2025-11-24 13:00:00,205.199,205.414,205.146,205.313,6093.0
2025-11-24 14:00:00,205.313,205.68,205.285,205.662,6687.0
2025-11-24 15:00:00,205.664,205.911,205.624,205.647,6797.0
2025-11-24 16:00:00,205.646,205.687,205.451,205.612,8736.0
2025-11-24 17:00:00,205.612,205.756,205.213,205.371,8918.0
2025-11-24 18:00:00,205.375,205.64,205.365,205.522,5754.0
2025-11-24 19:00:00,205.522,205.575,205.367,205.531,5152.0
2025-11-24 20:00:00,205.531,205.667,205.492,205.639,3948.0
2025-11-24 21:00:00,205.642,205.679,205.434,205.465,4069.0
2025-11-24 22:00:00,205.465,205.603,205.465,205.584,3633.0
2025-11-24 23:00:00,205.584,205.664,205.578,205.611,2067.0
2025-11-25 00:00:00,205.498,205.601,205.478,205.565,2568.0
2025-11-25 01:00:00,205.562,205.713,205.554,205.641,2208.0
2025-11-25 02:00:00,205.634,205.695,205.356,205.384,4725.0
2025-11-25 03:00:00,205.383,205.526,205.311,205.335,5488.0
2025-11-25 04:00:00,205.334,205.469,205.299,205.445,4045.0
2025-11-25 05:00:00,205.44,205.451,205.336,205.376,3912.0
2025-11-25 06:00:00,205.377,205.44,205.345,205.382,2896.0
2025-11-25 07:00:00,205.384,205.468,205.241,205.344,3441.0
2025-11-25 08:00:00,205.349,205.432,205.263,205.314,4025.0
2025-11-25 09:00:00,205.323,205.559,205.319,205.511,5937.0
2025-11-25 10:00:00,205.518,205.615,205.123,205.157,7328.0
2025-11-25 11:00:00,205.157,205.302,205.003,205.3,7016.0
2025-11-25 12:00:00,205.305,205.347,205.191,205.279,5843.0
2025-11-25 13:00:00,205.28,205.378,205.081,205.129,5189.0
2025-11-25 14:00:00,205.129,205.562,205.03,205.298,7482.0
2025-11-25 15:00:00,205.297,205.506,205.213,205.39,9861.0
2025-11-25 16:00:00,205.389,205.885,205.351,205.656,10203.0
2025-11-25 17:00:00,205.654,205.8,205.512,205.748,10930.0
2025-11-25 18:00:00,205.751,205.929,205.685,205.885,7284.0
2025-11-25 19:00:00,205.885,205.957,205.629,205.8,8268.0
2025-11-25 20:00:00,205.801,205.99,205.792,205.893,5755.0
2025-11-25 21:00:00,205.893,205.952,205.806,205.878,3946.0
2025-11-25 22:00:00,205.878,205.958,205.405,205.457,5832.0
2025-11-25 23:00:00,205.458,205.571,205.422,205.458,3024.0
2025-11-26 00:00:00,205.389,205.565,205.256,205.391,1411.0
2025-11-26 01:00:00,205.391,205.616,205.37,205.529,3486.0
2025-11-26 02:00:00,205.529,205.784,205.5,205.772,5906.0
2025-11-26 03:00:00,205.772,205.978,205.397,205.515,9225.0
2025-11-26 04:00:00,205.516,205.624,205.34,205.52,7209.0
2025-11-26 05:00:00,205.521,205.735,205.466,205.703,4578.0
2025-11-26 06:00:00,205.705,205.919,205.702,205.778,4148.0
2025-11-26 07:00:00,205.777,205.982,205.768,205.938,4683.0
2025-11-26 08:00:00,205.938,206.1,205.905,206.024,5573.0
2025-11-26 09:00:00,206.025,206.127,205.918,206.103,7163.0
2025-11-26 10:00:00,206.097,206.252,206.005,206.098,8108.0
2025-11-26 11:00:00,206.101,206.149,205.956,206.117,7363.0
2025-11-26 12:00:00,206.117,206.122,205.801,205.955,6246.0
2025-11-26 13:00:00,205.952,206.462,205.844,206.116,7991.0
2025-11-26 14:00:00,206.108,206.376,205.507,206.303,10400.0
2025-11-26 15:00:00,206.304,206.922,206.228,206.678,11076.0
2025-11-26 16:00:00,206.68,206.812,206.523,206.705,8900.0
2025-11-26 17:00:00,206.699,207.073,206.654,206.871,9526.0
2025-11-26 18:00:00,206.872,207.071,206.772,206.828,7064.0
2025-11-26 19:00:00,206.828,206.93,206.775,206.862,5061.0
2025-11-26 20:00:00,206.863,207.074,206.781,207.067,4507.0
2025-11-26 21:00:00,207.067,207.111,207.0,207.062,3167.0
2025-11-26 22:00:00,207.062,207.138,207.021,207.076,3216.0
2025-11-26 23:00:00,207.075,207.199,207.047,207.172,2498.0
2025-11-27 00:00:00,207.108,207.108,206.972,206.992,1094.0
2025-11-27 01:00:00,206.992,207.091,206.909,206.912,2935.0
2025-11-27 02:00:00,206.909,206.931,206.517,206.719,4831.0
2025-11-27 03:00:00,206.721,206.991,206.436,206.877,6584.0
2025-11-27 04:00:00,206.869,207.058,206.769,206.874,4847.0
2025-11-27 05:00:00,206.875,206.935,206.772,206.896,3517.0
2025-11-27 06:00:00,206.896,206.995,206.759,206.818,3459.0
2025-11-27 07:00:00,206.819,206.863,206.655,206.822,4725.0
2025-11-27 08:00:00,206.825,206.996,206.745,206.771,4996.0
2025-11-27 09:00:00,206.77,206.897,206.666,206.671,4706.0
2025-11-27 10:00:00,206.671,206.773,206.515,206.709,6220.0
2025-11-27 11:00:00,206.708,206.737,206.498,206.605,6010.0
2025-11-27 12:00:00,206.606,206.738,206.549,206.672,4702.0
2025-11-27 13:00:00,206.667,206.835,206.622,206.794,4850.0
2025-11-27 14:00:00,206.794,206.965,206.725,206.938,4323.0
2025-11-27 15:00:00,206.936,207.068,206.847,206.945,4526.0
2025-11-27 16:00:00,206.947,206.976,206.849,206.883,4165.0
2025-11-27 17:00:00,206.883,207.155,206.856,207.126,4049.0
2025-11-27 18:00:00,207.125,207.199,206.92,206.971,2801.0
2025-11-27 19:00:00,206.975,207.027,206.867,206.95,1909.0
2025-11-27 20:00:00,206.95,206.997,206.915,206.935,1097.0
2025-11-27 21:00:00,206.937,206.977,206.932,206.943,1050.0
2025-11-27 22:00:00,206.943,206.944,206.862,206.919,1936.0
2025-11-27 23:00:00,206.917,206.938,206.879,206.918,1021.0
2025-11-28 00:00:00,206.846,206.881,206.719,206.778,1287.0
2025-11-28 01:00:00,206.778,206.958,206.731,206.928,2051.0
2025-11-28 02:00:00,206.928,207.205,206.829,207.075,7116.0
2025-11-28 03:00:00,207.071,207.117,206.894,206.934,5959.0
2025-11-28 04:00:00,206.933,206.961,206.617,206.854,10513.0
2025-11-28 05:00:00,206.853,206.983,206.682,206.877,13370.0
2025-11-28 06:00:00,206.876,206.902,206.719,206.808,12764.0
2025-11-28 07:00:00,206.802,206.992,206.772,206.889,13988.0
2025-11-28 08:00:00,206.901,206.965,206.663,206.682,13716.0
2025-11-28 09:00:00,206.677,206.752,206.477,206.526,14257.0
2025-11-28 10:00:00,206.528,206.602,206.393,206.433,14283.0
2025-11-28 11:00:00,206.438,206.725,206.336,206.474,15759.0
2025-11-28 12:00:00,206.472,206.593,206.36,206.402,14800.0
2025-11-28 13:00:00,206.401,206.455,206.163,206.224,14179.0
2025-11-28 14:00:00,206.226,206.396,206.197,206.346,12983.0
2025-11-28 15:00:00,206.348,206.469,206.267,206.343,13647.0
2025-11-28 16:00:00,206.342,206.81,206.319,206.719,9280.0
2025-11-28 17:00:00,206.716,206.836,206.367,206.762,10992.0
2025-11-28 18:00:00,206.759,206.894,206.656,206.718,6900.0
2025-11-28 19:00:00,206.718,206.802,206.632,206.776,5371.0
2025-11-28 20:00:00,206.777,206.8,206.609,206.686,4783.0
2025-12-01 00:00:00,206.354,206.54,206.31,206.483,1175.0
2025-12-01 01:00:00,206.469,206.762,206.363,206.41,4087.0
2025-12-01 02:00:00,206.41,206.422,206.121,206.24,6416.0
2025-12-01 03:00:00,206.235,206.393,205.896,206.033,8597.0
2025-12-01 04:00:00,206.035,206.051,205.578,205.688,5315.0
2025-12-01 05:00:00,205.689,205.764,205.577,205.68,3636.0
2025-12-01 06:00:00,205.683,205.834,205.613,205.741,3400.0
2025-12-01 07:00:00,205.741,205.821,205.596,205.714,4810.0
2025-12-01 08:00:00,205.712,205.814,205.556,205.592,4627.0
2025-12-01 09:00:00,205.598,205.681,205.346,205.391,6254.0
2025-12-01 10:00:00,205.391,205.598,205.241,205.41,8217.0
2025-12-01 11:00:00,205.408,205.593,205.395,205.489,7020.0
2025-12-01 12:00:00,205.489,205.49,205.24,205.377,6172.0
2025-12-01 13:00:00,205.376,205.473,205.209,205.259,5789.0
2025-12-01 14:00:00,205.258,205.438,205.245,205.362,6734.0
2025-12-01 15:00:00,205.362,205.466,205.26,205.411,8141.0
2025-12-01 16:00:00,205.413,205.5,205.198,205.341,8628.0
2025-12-01 17:00:00,205.222,205.572,205.222,205.534,9092.0
2025-12-01 18:00:00,205.537,205.637,205.323,205.4,6788.0
2025-12-01 19:00:00,205.399,205.509,205.389,205.446,4990.0
2025-12-01 20:00:00,205.445,205.53,205.374,205.491,4110.0
2025-12-01 21:00:00,205.491,205.493,205.378,205.426,3831.0
2025-12-01 22:00:00,205.427,205.473,205.373,205.393,2995.0
2025-12-01 23:00:00,205.39,205.468,205.343,205.408,2192.0
2025-12-02 00:00:00,205.321,205.408,205.263,205.278,668.0
2025-12-02 01:00:00,205.278,205.503,205.278,205.481,1774.0
2025-12-02 02:00:00,205.481,205.606,205.388,205.545,3840.0
2025-12-02 03:00:00,205.546,205.695,205.543,205.62,4257.0
2025-12-02 04:00:00,205.622,205.778,205.547,205.721,2363.0
2025-12-02 05:00:00,205.721,205.762,205.599,205.701,2967.0
2025-12-02 06:00:00,205.701,205.773,205.652,205.694,2194.0
2025-12-02 07:00:00,205.694,205.765,205.668,205.685,2599.0
2025-12-02 08:00:00,205.682,205.869,205.669,205.807,3551.0
2025-12-02 09:00:00,205.805,205.956,205.72,205.849,4814.0
2025-12-02 10:00:00,205.849,206.126,205.791,206.101,6213.0
2025-12-02 11:00:00,206.101,206.257,205.992,206.04,6132.0
2025-12-02 12:00:00,206.04,206.044,205.682,205.898,5932.0
2025-12-02 13:00:00,205.901,205.907,205.735,205.797,5078.0
2025-12-02 14:00:00,205.797,206.102,205.758,206.079,4719.0
2025-12-02 15:00:00,206.079,206.115,205.932,205.991,5199.0
2025-12-02 16:00:00,205.991,206.178,205.949,206.021,6803.0
2025-12-02 17:00:00,206.023,206.195,205.763,205.765,8330.0
2025-12-02 18:00:00,205.766,205.862,205.482,205.561,6822.0
2025-12-02 19:00:00,205.561,205.879,205.552,205.753,5150.0
2025-12-02 20:00:00,205.753,205.901,205.684,205.875,4183.0
2025-12-02 21:00:00,205.877,205.942,205.81,205.936,3968.0
2025-12-02 22:00:00,205.934,205.94,205.828,205.88,3672.0
2025-12-02 23:00:00,205.88,205.996,205.846,205.911,2035.0
2025-12-03 00:00:00,205.822,205.86,205.616,205.748,755.0
2025-12-03 01:00:00,205.748,206.007,205.726,205.917,1972.0
2025-12-03 02:00:00,205.916,205.996,205.784,205.964,3772.0
2025-12-03 03:00:00,205.964,206.009,205.8,205.879,3765.0
2025-12-03 04:00:00,205.879,206.07,205.871,206.002,2791.0
2025-12-03 05:00:00,206.0,206.035,205.887,205.916,2369.0
2025-12-03 06:00:00,205.916,206.021,205.911,205.964,2136.0
2025-12-03 07:00:00,205.964,206.106,205.938,206.087,2313.0
2025-12-03 08:00:00,206.086,206.088,205.908,206.065,3335.0
2025-12-03 09:00:00,206.066,206.205,206.013,206.17,4997.0
2025-12-03 10:00:00,206.176,206.48,206.097,206.411,5455.0
2025-12-03 11:00:00,206.413,206.691,206.3,206.645,6071.0
2025-12-03 12:00:00,206.642,206.742,206.508,206.596,5435.0
2025-12-03 13:00:00,206.595,206.674,206.443,206.651,4375.0
2025-12-03 14:00:00,206.652,206.723,206.59,206.686,4435.0
2025-12-03 15:00:00,206.686,206.891,206.599,206.787,7041.0
2025-12-03 16:00:00,206.791,206.937,206.455,206.809,8866.0
2025-12-03 17:00:00,206.96,207.073,206.711,206.922,9789.0
2025-12-03 18:00:00,206.923,207.033,206.727,206.869,6587.0
2025-12-03 19:00:00,206.869,207.085,206.813,206.978,4826.0
2025-12-03 20:00:00,206.978,207.141,206.915,207.06,4359.0
2025-12-03 21:00:00,207.06,207.143,207.028,207.136,3198.0
2025-12-03 22:00:00,207.137,207.252,207.101,207.204,2497.0
2025-12-03 23:00:00,207.203,207.343,207.201,207.246,2037.0
2025-12-04 00:00:00,207.217,207.251,207.014,207.088,663.0
2025-12-04 01:00:00,207.088,207.253,206.976,207.04,2237.0
2025-12-04 02:00:00,207.04,207.101,206.877,206.926,4095.0
2025-12-04 03:00:00,206.926,207.246,206.897,207.12,4268.0
2025-12-04 04:00:00,207.119,207.286,207.108,207.27,3555.0
2025-12-04 05:00:00,207.27,207.328,207.144,207.166,2987.0
2025-12-04 06:00:00,207.166,207.268,207.098,207.259,2107.0
2025-12-04 07:00:00,207.259,207.361,206.988,207.037,4292.0
2025-12-04 08:00:00,207.037,207.29,207.008,207.131,3433.0
2025-12-04 09:00:00,207.131,207.216,206.955,207.044,4487.0
2025-12-04 10:00:00,207.042,207.06,206.556,206.794,7534.0
2025-12-04 11:00:00,206.798,206.859,206.577,206.614,5865.0
2025-12-04 12:00:00,206.614,206.74,206.473,206.505,5287.0
2025-12-04 13:00:00,206.505,206.581,206.35,206.454,5596.0
2025-12-04 14:00:00,206.453,206.536,206.369,206.466,5459.0
2025-12-04 15:00:00,206.464,206.642,206.412,206.544,7298.0
2025-12-04 16:00:00,206.544,206.945,206.499,206.922,8323.0
2025-12-04 17:00:00,206.922,207.021,206.712,206.795,7757.0
2025-12-04 18:00:00,206.79,206.873,206.624,206.841,6304.0
2025-12-04 19:00:00,206.841,206.853,206.692,206.736,4614.0
2025-12-04 20:00:00,206.735,206.843,206.667,206.797,4294.0
2025-12-04 21:00:00,206.797,206.844,206.691,206.793,4493.0
2025-12-04 22:00:00,206.792,206.805,206.693,206.731,4434.0
2025-12-04 23:00:00,206.733,206.768,206.667,206.704,2039.0
2025-12-05 00:00:00,206.595,206.629,206.422,206.486,2741.0
2025-12-05 01:00:00,206.49,206.734,206.49,206.673,1819.0
2025-12-05 02:00:00,206.67,206.809,206.544,206.573,4106.0
2025-12-05 03:00:00,206.573,206.75,206.523,206.685,4309.0
2025-12-05 04:00:00,206.685,206.77,206.669,206.717,2939.0
2025-12-05 05:00:00,206.716,206.788,206.677,206.732,2303.0
2025-12-05 06:00:00,206.733,206.764,206.441,206.606,3749.0
2025-12-05 07:00:00,206.606,206.611,206.234,206.317,4071.0
2025-12-05 08:00:00,206.316,206.439,206.217,206.329,4215.0
2025-12-05 09:00:00,206.329,206.501,206.19,206.478,6499.0
2025-12-05 10:00:00,206.481,206.796,206.393,206.734,6518.0
2025-12-05 11:00:00,206.735,206.86,206.695,206.751,4774.0
2025-12-05 12:00:00,206.754,206.969,206.732,206.918,4868.0
2025-12-05 13:00:00,206.92,206.977,206.818,206.963,4365.0
2025-12-05 14:00:00,206.964,207.13,206.948,207.129,5295.0
2025-12-05 15:00:00,207.132,207.249,207.054,207.198,6051.0
2025-12-05 16:00:00,207.198,207.294,207.074,207.182,6763.0
2025-12-05 17:00:00,207.184,207.296,207.108,207.149,8270.0
2025-12-05 18:00:00,207.145,207.166,206.875,206.901,8662.0
2025-12-05 19:00:00,206.901,207.012,206.841,207.005,5525.0
2025-12-05 20:00:00,207.005,207.124,206.992,207.048,4407.0
2025-12-08 00:00:00,206.75,206.838,206.606,206.806,1126.0
2025-12-08 01:00:00,206.806,207.043,206.751,206.963,5086.0
2025-12-08 02:00:00,206.965,206.976,206.749,206.762,5144.0
2025-12-08 03:00:00,206.763,206.85,206.603,206.612,5624.0
2025-12-08 04:00:00,206.603,206.798,206.589,206.796,4277.0
2025-12-08 05:00:00,206.795,206.878,206.759,206.862,3191.0
2025-12-08 06:00:00,206.865,206.923,206.828,206.874,3454.0
2025-12-08 07:00:00,206.871,207.101,206.871,206.994,4019.0
2025-12-08 08:00:00,206.993,207.098,206.88,206.929,5685.0
2025-12-08 09:00:00,206.936,207.02,206.868,207.006,5876.0
2025-12-08 10:00:00,207.006,207.137,206.948,207.098,6953.0
2025-12-08 11:00:00,207.096,207.187,207.002,207.047,6583.0
2025-12-08 12:00:00,207.049,207.194,207.044,207.126,5576.0
2025-12-08 13:00:00,207.124,207.234,207.059,207.201,5754.0
2025-12-08 14:00:00,207.203,207.314,207.146,207.204,5310.0
2025-12-08 15:00:00,207.202,207.332,207.167,207.294,7323.0
2025-12-08 16:00:00,207.294,207.673,207.232,207.667,9770.0
2025-12-08 17:00:00,207.665,207.706,207.437,207.472,8710.0
2025-12-08 18:00:00,207.472,207.726,207.408,207.634,7103.0
2025-12-08 19:00:00,207.634,207.651,207.42,207.516,5502.0
2025-12-08 20:00:00,207.518,207.59,207.485,207.527,4348.0
2025-12-08 21:00:00,207.527,207.784,207.511,207.773,3912.0
2025-12-08 22:00:00,207.773,207.794,207.717,207.779,3051.0
2025-12-08 23:00:00,207.787,207.806,207.697,207.707,2196.0
2025-12-09 00:00:00,207.682,207.686,207.521,207.592,1719.0
2025-12-09 01:00:00,207.586,207.803,207.586,207.69,2081.0
2025-12-09 02:00:00,207.691,207.843,207.596,207.834,4631.0
2025-12-09 03:00:00,207.834,207.844,207.663,207.72,5100.0
2025-12-09 04:00:00,207.72,207.79,207.653,207.751,3971.0
2025-12-09 05:00:00,207.751,207.788,207.669,207.685,3312.0
2025-12-09 06:00:00,207.685,207.902,207.673,207.861,3638.0
2025-12-09 07:00:00,207.862,208.068,207.853,208.008,5076.0
2025-12-09 08:00:00,208.012,208.104,207.917,207.967,5156.0
2025-12-09 09:00:00,207.968,208.224,207.94,208.174,5483.0
2025-12-09 10:00:00,208.177,208.715,208.172,208.613,7162.0
2025-12-09 11:00:00,208.615,208.616,208.204,208.311,8103.0
2025-12-09 12:00:00,208.324,208.438,208.051,208.16,6564.0
2025-12-09 13:00:00,208.16,208.228,208.022,208.178,5859.0
2025-12-09 14:00:00,208.181,208.27,208.116,208.261,6051.0
2025-12-09 15:00:00,208.26,208.389,208.147,208.162,7617.0
2025-12-09 16:00:00,208.164,208.336,208.143,208.289,8777.0
2025-12-09 17:00:00,208.293,208.627,208.139,208.582,10180.0
2025-12-09 18:00:00,208.584,208.946,208.569,208.901,6782.0
2025-12-09 19:00:00,208.903,208.936,208.627,208.663,5150.0
2025-12-09 20:00:00,208.664,208.722,208.552,208.688,3994.0
2025-12-09 21:00:00,208.69,208.725,208.583,208.617,4365.0
2025-12-09 22:00:00,208.618,208.71,208.613,208.676,3183.0
2025-12-09 23:00:00,208.679,208.772,208.599,208.627,2245.0
2025-12-10 00:00:00,208.5,208.599,208.474,208.539,1987.0
2025-12-10 01:00:00,208.547,208.703,208.547,208.592,1995.0
2025-12-10 02:00:00,208.593,208.727,208.469,208.489,4578.0
2025-12-10 03:00:00,208.488,208.509,208.365,208.399,4497.0
2025-12-10 04:00:00,208.398,208.451,208.303,208.347,3131.0
2025-12-10 05:00:00,208.347,208.394,208.237,208.305,3000.0
2025-12-10 06:00:00,208.304,208.445,208.304,208.393,2757.0
2025-12-10 07:00:00,208.392,208.559,208.352,208.532,3439.0
2025-12-10 08:00:00,208.534,208.641,208.525,208.586,3727.0
2025-12-10 09:00:00,208.592,208.78,208.562,208.723,4971.0
2025-12-10 10:00:00,208.723,208.747,208.591,208.664,6761.0
2025-12-10 11:00:00,208.668,208.872,208.62,208.777,6172.0
2025-12-10 12:00:00,208.772,208.786,208.608,208.709,5913.0
2025-12-10 13:00:00,208.708,208.753,208.5,208.598,5826.0
2025-12-10 14:00:00,208.578,208.692,208.553,208.654,4722.0
2025-12-10 15:00:00,208.653,208.716,208.479,208.688,6560.0
2025-12-10 16:00:00,208.689,208.77,208.521,208.611,7768.0
2025-12-10 17:00:00,208.609,208.617,208.343,208.441,7428.0
2025-12-10 18:00:00,208.442,208.602,208.333,208.523,6054.0
2025-12-10 19:00:00,208.521,208.62,208.472,208.601,4535.0
2025-12-10 20:00:00,208.601,208.667,208.504,208.504,4496.0
2025-12-10 21:00:00,208.503,208.882,208.324,208.845,14199.0
2025-12-10 22:00:00,208.843,208.866,208.55,208.715,9505.0
2025-12-10 23:00:00,208.72,208.881,208.697,208.739,3768.0
2025-12-11 00:00:00,208.642,208.725,208.53,208.709,2222.0
2025-12-11 01:00:00,208.709,208.817,208.377,208.531,3188.0
2025-12-11 02:00:00,208.528,208.554,208.307,208.43,5857.0
2025-12-11 03:00:00,208.429,208.483,208.257,208.383,5719.0
2025-12-11 04:00:00,208.381,208.406,208.022,208.277,5420.0
2025-12-11 05:00:00,208.278,208.298,208.072,208.121,5335.0
2025-12-11 06:00:00,208.12,208.358,208.018,208.353,4147.0
2025-12-11 07:00:00,208.352,208.559,208.347,208.53,4457.0
2025-12-11 08:00:00,208.53,208.637,208.463,208.512,4979.0
2025-12-11 09:00:00,208.513,208.65,208.47,208.61,6419.0
2025-12-11 10:00:00,208.611,208.633,208.328,208.369,7556.0
2025-12-11 11:00:00,208.368,208.454,208.209,208.419,7257.0
2025-12-11 12:00:00,208.419,208.6,208.327,208.524,6482.0
2025-12-11 13:00:00,208.524,208.594,208.388,208.499,6013.0
2025-12-11 14:00:00,208.499,208.519,208.227,208.317,6469.0
2025-12-11 15:00:00,208.315,208.376,208.091,208.198,9101.0
2025-12-11 16:00:00,208.199,208.231,207.922,207.951,9104.0
2025-12-11 17:00:00,207.945,208.474,207.902,208.461,9654.0
2025-12-11 18:00:00,208.461,208.474,208.278,208.295,8113.0
2025-12-11 19:00:00,208.295,208.465,208.212,208.348,5985.0
2025-12-11 20:00:00,208.348,208.49,208.316,208.394,5039.0
2025-12-11 21:00:00,208.391,208.479,208.287,208.346,4830.0
2025-12-11 22:00:00,208.345,208.402,208.276,208.402,4632.0
2025-12-11 23:00:00,208.402,208.439,208.224,208.248,2742.0
2025-12-12 00:00:00,208.205,208.304,208.174,208.218,2045.0
2025-12-12 01:00:00,208.218,208.367,208.186,208.267,2759.0
2025-12-12 02:00:00,208.265,208.576,208.22,208.523,7359.0
2025-12-12 03:00:00,208.52,208.597,208.381,208.473,5384.0
2025-12-12 04:00:00,208.471,208.562,208.46,208.47,4080.0
2025-12-12 05:00:00,208.468,208.548,208.426,208.512,3338.0
2025-12-12 06:00:00,208.512,208.598,208.501,208.519,3540.0
2025-12-12 07:00:00,208.519,208.627,208.509,208.625,3706.0
2025-12-12 08:00:00,208.626,208.727,208.497,208.507,4810.0
2025-12-12 09:00:00,208.506,208.506,208.223,208.33,5779.0
2025-12-12 10:00:00,208.331,208.538,208.248,208.484,7358.0
2025-12-12 11:00:00,208.487,208.665,208.388,208.624,6365.0
2025-12-12 12:00:00,208.627,208.673,208.484,208.557,5084.0
2025-12-12 13:00:00,208.556,208.62,208.485,208.535,4249.0
2025-12-12 14:00:00,208.535,208.713,208.373,208.673,5288.0
2025-12-12 15:00:00,208.674,208.75,208.504,208.629,6225.0
2025-12-12 16:00:00,208.631,208.665,208.42,208.491,7322.0
2025-12-12 17:00:00,208.49,208.546,208.15,208.18,8707.0
2025-12-12 18:00:00,208.18,208.206,207.88,207.991,8637.0
2025-12-12 19:00:00,207.989,208.363,207.971,208.33,5672.0
2025-12-12 20:00:00,208.328,208.402,208.138,208.142,4877.0
2025-12-15 00:00:00,208.374,208.414,208.128,208.214,2054.0
2025-12-15 01:00:00,208.238,208.384,208.192,208.351,2774.0
2025-12-15 02:00:00,208.351,208.445,208.282,208.363,4268.0
2025-12-15 03:00:00,208.366,208.366,208.098,208.107,4681.0
2025-12-15 04:00:00,208.106,208.145,207.738,207.785,5321.0
2025-12-15 05:00:00,207.785,207.796,207.566,207.594,3876.0
2025-12-15 06:00:00,207.594,207.595,207.319,207.39,3621.0
2025-12-15 07:00:00,207.39,207.39,207.161,207.191,4034.0
2025-12-15 08:00:00,207.191,207.362,207.092,207.292,4751.0
2025-12-15 09:00:00,207.292,207.496,207.292,207.481,6267.0
2025-12-15 10:00:00,207.484,207.534,207.321,207.447,6914.0
2025-12-15 11:00:00,207.45,207.499,207.339,207.465,6224.0
2025-12-15 12:00:00,207.468,207.57,207.416,207.502,4929.0
2025-12-15 13:00:00,207.503,207.577,207.296,207.34,4319.0
2025-12-15 14:00:00,207.342,207.655,207.323,207.646,5116.0
2025-12-15 15:00:00,207.649,207.736,207.521,207.714,5553.0
2025-12-15 16:00:00,207.724,207.741,207.467,207.529,8208.0
2025-12-15 17:00:00,207.529,207.829,207.362,207.828,9512.0
2025-12-15 18:00:00,207.824,207.889,207.696,207.773,6929.0
2025-12-15 19:00:00,207.771,207.801,207.56,207.611,4524.0
2025-12-15 20:00:00,207.611,207.697,207.559,207.65,3776.0
2025-12-15 21:00:00,207.648,207.683,207.54,207.605,3143.0
2025-12-15 22:00:00,207.605,207.647,207.57,207.629,3191.0
2025-12-15 23:00:00,207.626,207.651,207.547,207.61,2083.0
2025-12-16 00:00:00,207.512,207.565,207.426,207.523,1780.0
2025-12-16 01:00:00,207.529,207.597,207.374,207.423,2605.0
2025-12-16 02:00:00,207.422,207.432,207.075,207.239,6966.0
2025-12-16 03:00:00,207.238,207.326,206.986,207.022,7009.0
2025-12-16 04:00:00,207.02,207.114,206.899,206.93,5450.0
2025-12-16 05:00:00,206.93,207.065,206.847,207.02,4875.0
2025-12-16 06:00:00,207.02,207.056,206.908,206.958,3758.0
2025-12-16 07:00:00,206.958,206.963,206.775,206.905,5216.0
2025-12-16 08:00:00,206.905,207.009,206.854,206.935,4703.0
2025-12-16 09:00:00,206.94,207.205,206.94,207.16,5912.0
2025-12-16 10:00:00,207.16,207.436,207.142,207.414,7753.0
2025-12-16 11:00:00,207.41,207.742,207.364,207.64,7416.0
2025-12-16 12:00:00,207.638,207.94,207.519,207.886,6180.0
2025-12-16 13:00:00,207.886,207.939,207.743,207.93,5209.0
2025-12-16 14:00:00,207.929,207.965,207.663,207.742,5532.0
2025-12-16 15:00:00,207.743,207.933,207.622,207.717,11829.0
2025-12-16 16:00:00,207.719,208.002,207.628,207.83,11640.0
2025-12-16 17:00:00,207.831,207.867,207.199,207.643,11138.0
2025-12-16 18:00:00,207.644,207.943,207.639,207.854,8848.0
2025-12-16 19:00:00,207.856,207.962,207.624,207.642,6950.0
2025-12-16 20:00:00,207.642,207.748,207.538,207.738,5823.0
2025-12-16 21:00:00,207.738,207.741,207.518,207.651,6323.0
2025-12-16 22:00:00,207.649,207.882,207.59,207.811,5268.0
2025-12-16 23:00:00,207.818,207.844,207.601,207.608,2802.0
2025-12-17 00:00:00,207.558,207.703,207.546,207.605,2187.0
2025-12-17 01:00:00,207.607,207.827,207.593,207.79,2167.0
2025-12-17 02:00:00,207.79,207.882,207.439,207.461,5420.0
2025-12-17 03:00:00,207.461,207.669,207.413,207.641,5447.0
2025-12-17 04:00:00,207.641,207.87,207.641,207.846,4914.0
2025-12-17 05:00:00,207.846,207.863,207.66,207.697,3704.0
2025-12-17 06:00:00,207.697,207.845,207.66,207.801,4306.0
2025-12-17 07:00:00,207.801,207.806,207.547,207.647,5376.0
2025-12-17 08:00:00,207.647,207.988,207.636,207.827,5621.0
2025-12-17 09:00:00,207.791,207.798,207.09,207.17,8615.0
2025-12-17 10:00:00,207.166,207.261,207.055,207.253,7116.0
2025-12-17 11:00:00,207.248,207.358,207.198,207.258,6754.0
2025-12-17 12:00:00,207.258,207.32,207.145,207.307,5902.0
2025-12-17 13:00:00,207.306,207.349,207.233,207.301,5818.0
2025-12-17 14:00:00,207.301,207.512,207.267,207.491,5706.0
2025-12-17 15:00:00,207.491,207.666,207.449,207.603,8324.0
2025-12-17 16:00:00,207.602,207.813,207.581,207.778,8607.0
2025-12-17 17:00:00,207.775,208.262,207.684,208.227,9682.0
2025-12-17 18:00:00,208.226,208.388,208.149,208.341,8711.0
2025-12-17 19:00:00,208.342,208.379,208.179,208.216,5841.0
2025-12-17 20:00:00,208.215,208.298,208.157,208.188,5213.0
2025-12-17 21:00:00,208.188,208.268,208.137,208.203,4183.0
2025-12-17 22:00:00,208.2,208.407,208.169,208.301,3220.0
2025-12-17 23:00:00,208.302,208.348,208.207,208.224,2435.0
2025-12-18 00:00:00,208.172,208.203,208.02,208.091,2099.0
2025-12-18 01:00:00,208.091,208.198,207.918,207.944,2235.0
2025-12-18 02:00:00,207.944,208.016,207.865,207.976,5106.0
2025-12-18 03:00:00,207.976,208.2,207.927,208.179,5235.0
2025-12-18 04:00:00,208.182,208.263,208.114,208.261,4576.0
2025-12-18 05:00:00,208.264,208.276,208.112,208.17,3333.0
2025-12-18 06:00:00,208.17,208.214,208.098,208.197,3373.0
2025-12-18 07:00:00,208.197,208.415,208.178,208.308,3892.0
2025-12-18 08:00:00,208.31,208.418,208.254,208.4,4499.0
2025-12-18 09:00:00,208.404,208.555,208.285,208.412,6034.0
2025-12-18 10:00:00,208.413,208.457,208.128,208.211,6411.0
2025-12-18 11:00:00,208.211,208.215,207.972,208.15,6316.0
2025-12-18 12:00:00,208.146,208.177,208.082,208.107,4983.0
2025-12-18 13:00:00,208.11,208.153,207.968,207.968,4716.0
2025-12-18 14:00:00,207.977,208.753,207.778,208.725,7835.0
2025-12-18 15:00:00,208.727,208.995,208.592,208.928,11231.0
2025-12-18 16:00:00,208.928,209.016,208.345,208.602,11622.0
2025-12-18 17:00:00,208.6,208.617,208.308,208.322,9896.0
2025-12-18 18:00:00,208.321,208.436,208.142,208.194,7866.0
2025-12-18 19:00:00,208.194,208.305,208.099,208.264,6663.0
2025-12-18 20:00:00,208.258,208.379,208.156,208.257,4701.0
2025-12-18 21:00:00,208.255,208.321,208.138,208.174,5346.0
2025-12-18 22:00:00,208.171,208.28,208.171,208.182,3628.0
2025-12-18 23:00:00,208.18,208.257,208.136,208.149,1997.0
2025-12-19 00:00:00,208.081,208.155,207.947,208.09,1227.0
2025-12-19 01:00:00,208.09,208.308,208.042,208.212,2761.0
2025-12-19 02:00:00,208.218,208.49,208.203,208.47,4657.0
2025-12-19 03:00:00,208.47,208.5,208.331,208.415,4610.0
2025-12-19 04:00:00,208.411,208.521,208.353,208.492,3790.0
2025-12-19 05:00:00,208.487,208.86,208.208,208.527,7214.0
2025-12-19 06:00:00,208.524,208.705,208.361,208.694,6051.0
2025-12-19 07:00:00,208.695,208.72,208.489,208.652,5448.0
2025-12-19 08:00:00,208.653,209.183,208.53,208.801,7852.0
2025-12-19 09:00:00,208.798,209.492,208.705,209.479,8815.0
2025-12-19 10:00:00,209.478,209.923,209.464,209.88,7760.0
2025-12-19 11:00:00,209.883,210.393,209.77,210.364,7468.0
2025-12-19 12:00:00,210.364,210.599,210.275,210.517,6646.0
2025-12-19 13:00:00,210.511,210.523,210.288,210.369,5561.0
2025-12-19 14:00:00,210.371,210.422,210.204,210.284,5514.0
2025-12-19 15:00:00,210.28,210.395,210.163,210.379,7327.0
2025-12-19 16:00:00,210.379,210.517,210.025,210.479,9800.0
2025-12-19 17:00:00,210.434,210.574,210.251,210.412,8540.0
2025-12-19 18:00:00,210.41,210.653,210.344,210.599,6136.0
2025-12-19 19:00:00,210.6,210.8,210.561,210.609,5141.0
2025-12-19 20:00:00,210.607,210.87,210.591,210.861,4098.0
2025-12-22 00:00:00,210.85,210.884,210.552,210.568,2648.0
2025-12-22 01:00:00,210.572,210.994,210.572,210.882,6758.0
2025-12-22 02:00:00,210.893,211.031,210.799,210.956,8975.0
2025-12-22 03:00:00,210.954,211.022,210.641,210.712,8892.0
2025-12-22 04:00:00,210.712,210.846,210.626,210.83,3209.0
2025-12-22 05:00:00,210.83,210.924,210.677,210.71,3445.0
2025-12-22 06:00:00,210.71,210.811,210.709,210.782,3289.0
2025-12-22 07:00:00,210.78,210.887,210.747,210.822,3282.0
2025-12-22 08:00:00,210.822,210.863,210.685,210.75,4013.0
2025-12-22 09:00:00,210.75,211.372,210.732,211.256,5248.0
2025-12-22 10:00:00,211.253,211.426,211.107,211.426,5983.0
2025-12-22 11:00:00,211.421,211.459,211.187,211.377,5075.0
2025-12-22 12:00:00,211.38,211.535,211.343,211.462,5644.0
2025-12-22 13:00:00,211.462,211.56,211.381,211.541,4899.0
2025-12-22 14:00:00,211.543,211.591,211.355,211.444,5322.0
2025-12-22 15:00:00,211.444,211.444,210.844,211.224,7701.0
2025-12-22 16:00:00,211.224,211.255,211.049,211.189,8677.0
2025-12-22 17:00:00,211.193,211.303,211.114,211.195,7827.0
2025-12-22 18:00:00,211.195,211.292,211.028,211.172,6511.0
2025-12-22 19:00:00,211.174,211.329,211.138,211.284,5038.0
2025-12-22 20:00:00,211.282,211.341,211.209,211.281,3949.0
2025-12-22 21:00:00,211.281,211.343,211.141,211.163,4136.0
2025-12-22 22:00:00,211.163,211.296,211.163,211.269,3635.0
2025-12-22 23:00:00,211.269,211.393,211.252,211.386,2352.0
2025-12-23 00:00:00,211.36,211.36,210.999,211.278,2617.0
2025-12-23 01:00:00,211.278,211.396,211.153,211.286,3405.0
2025-12-23 02:00:00,211.285,211.306,210.92,210.938,4448.0
2025-12-23 03:00:00,210.93,210.972,210.791,210.81,4550.0
2025-12-23 04:00:00,210.811,210.891,210.664,210.75,4086.0
2025-12-23 05:00:00,210.75,210.771,210.63,210.631,3932.0
2025-12-23 06:00:00,210.631,210.631,210.333,210.346,5011.0
2025-12-23 07:00:00,210.347,210.495,210.289,210.386,4447.0
2025-12-23 08:00:00,210.386,210.528,210.336,210.402,4873.0
2025-12-23 09:00:00,210.41,210.693,210.372,210.672,6543.0
2025-12-23 10:00:00,210.672,210.813,210.59,210.633,6805.0
2025-12-23 11:00:00,210.636,210.663,210.3,210.59,7822.0
2025-12-23 12:00:00,210.59,210.684,210.432,210.684,6660.0
2025-12-23 13:00:00,210.687,210.716,210.516,210.565,5386.0
2025-12-23 14:00:00,210.567,210.658,210.498,210.613,5283.0
2025-12-23 15:00:00,210.614,211.036,210.566,210.922,8831.0
2025-12-23 16:00:00,210.923,211.154,210.804,210.837,11127.0
2025-12-23 17:00:00,210.839,210.891,210.576,210.818,12244.0
2025-12-23 18:00:00,210.819,210.82,210.709,210.76,8654.0
2025-12-23 19:00:00,210.76,210.767,210.511,210.525,6683.0
2025-12-23 20:00:00,210.525,210.725,210.525,210.694,6174.0
2025-12-23 21:00:00,210.697,210.788,210.671,210.761,6056.0
2025-12-23 22:00:00,210.754,210.95,210.731,210.935,5320.0
2025-12-23 23:00:00,210.939,211.201,210.932,211.138,3635.0
2025-12-24 00:00:00,210.994,211.11,210.708,210.928,4029.0
2025-12-24 01:00:00,210.926,211.103,210.804,210.953,5097.0
2025-12-24 02:00:00,210.955,211.029,210.726,210.737,8383.0
2025-12-24 03:00:00,210.739,210.922,210.465,210.506,8848.0
2025-12-24 04:00:00,210.491,210.596,210.432,210.593,6966.0
2025-12-24 05:00:00,210.592,210.769,210.57,210.743,6240.0
2025-12-24 06:00:00,210.743,210.794,210.493,210.517,5500.0
2025-12-24 07:00:00,210.517,210.608,210.404,210.543,5469.0
2025-12-24 08:00:00,210.54,210.574,210.399,210.485,6687.0
2025-12-24 09:00:00,210.485,210.583,210.416,210.457,8285.0
2025-12-24 10:00:00,210.45,210.606,210.389,210.529,9883.0
2025-12-24 11:00:00,210.531,210.7,210.437,210.633,7243.0
2025-12-24 12:00:00,210.633,210.748,210.573,210.69,5486.0
2025-12-24 13:00:00,210.69,210.696,210.581,210.643,5159.0
2025-12-24 14:00:00,210.641,210.641,210.525,210.629,5296.0
2025-12-24 15:00:00,210.627,210.681,210.561,210.596,6870.0
2025-12-24 16:00:00,210.597,210.695,210.046,210.124,7119.0
2025-12-24 17:00:00,210.118,210.477,210.04,210.372,7610.0
2025-12-24 18:00:00,210.372,210.473,210.279,210.32,5976.0
2025-12-24 19:00:00,210.32,210.559,210.317,210.429,4651.0
2025-12-24 20:00:00,210.43,210.551,210.385,210.488,5207.0
2025-12-24 21:00:00,210.488,210.497,210.294,210.364,4791.0
2025-12-24 22:00:00,210.364,210.486,210.34,210.463,4332.0
2025-12-24 23:00:00,210.463,210.538,210.304,210.458,3551.0
2025-12-26 00:00:00,210.881,210.901,210.528,210.594,1986.0
2025-12-26 01:00:00,210.594,210.902,210.277,210.873,7837.0
2025-12-26 02:00:00,210.877,211.411,210.871,211.309,7077.0
2025-12-26 03:00:00,211.311,211.365,211.142,211.178,6163.0
2025-12-26 04:00:00,211.177,211.252,211.077,211.167,5596.0
2025-12-26 05:00:00,211.168,211.176,210.745,210.762,4346.0
2025-12-26 06:00:00,210.761,210.921,210.689,210.822,4351.0
2025-12-26 07:00:00,210.823,210.843,210.692,210.793,4487.0
2025-12-26 08:00:00,210.793,210.905,210.63,210.81,5083.0
2025-12-26 09:00:00,210.812,210.909,210.649,210.832,5600.0
2025-12-26 10:00:00,210.837,211.018,210.758,210.968,5982.0
2025-12-26 11:00:00,210.979,211.075,210.928,210.99,4751.0
2025-12-26 12:00:00,210.99,211.057,210.929,210.959,4175.0
2025-12-26 13:00:00,210.959,211.057,210.948,211.057,4648.0
2025-12-26 14:00:00,211.056,211.128,211.04,211.11,4187.0
2025-12-26 15:00:00,211.112,211.387,211.035,211.302,6220.0
2025-12-26 16:00:00,211.299,211.51,211.225,211.455,6349.0
2025-12-26 17:00:00,211.454,211.492,211.26,211.28,6138.0
2025-12-26 18:00:00,211.278,211.28,211.152,211.259,7121.0
2025-12-26 19:00:00,211.259,211.34,211.157,211.29,5962.0
2025-12-26 20:00:00,211.29,211.327,211.169,211.26,5057.0
2025-12-29 00:00:00,211.034,211.196,210.976,211.086,3778.0
2025-12-29 01:00:00,211.112,211.269,210.986,211.207,4027.0
2025-12-29 02:00:00,211.207,211.207,210.706,211.094,7273.0
2025-12-29 03:00:00,211.092,211.202,210.996,211.166,5516.0
2025-12-29 04:00:00,211.166,211.353,211.151,211.29,4379.0
2025-12-29 05:00:00,211.287,211.295,211.165,211.218,3963.0
2025-12-29 06:00:00,211.218,211.266,210.958,211.013,3739.0
2025-12-29 07:00:00,211.013,211.017,210.807,210.877,4164.0
2025-12-29 08:00:00,210.883,210.898,210.738,210.8,4762.0
2025-12-29 09:00:00,210.804,210.812,210.459,210.474,6180.0
2025-12-29 10:00:00,210.471,210.882,210.439,210.757,6489.0
2025-12-29 11:00:00,210.757,210.928,210.674,210.894,6884.0
2025-12-29 12:00:00,210.89,211.097,210.858,211.007,5883.0
2025-12-29 13:00:00,211.005,211.178,210.905,210.97,5691.0
2025-12-29 14:00:00,210.97,210.989,210.607,210.775,6323.0
2025-12-29 15:00:00,210.773,210.85,210.689,210.814,7509.0
2025-12-29 16:00:00,210.812,210.863,210.58,210.804,8761.0
2025-12-29 17:00:00,210.806,210.882,210.476,210.523,9993.0
2025-12-29 18:00:00,210.521,210.686,210.457,210.643,7619.0
2025-12-29 19:00:00,210.643,210.674,210.56,210.626,5110.0
2025-12-29 20:00:00,210.625,210.792,210.617,210.754,3949.0
2025-12-29 21:00:00,210.753,210.849,210.718,210.751,3531.0
2025-12-29 22:00:00,210.753,210.779,210.705,210.756,3307.0
2025-12-29 23:00:00,210.763,210.905,210.75,210.845,2195.0
2025-12-30 00:00:00,210.77,210.778,210.532,210.612,2944.0
2025-12-30 01:00:00,210.612,210.896,210.577,210.725,3553.0
2025-12-30 02:00:00,210.724,211.073,210.634,210.989,5053.0
2025-12-30 03:00:00,210.99,211.065,210.934,211.036,4605.0
2025-12-30 04:00:00,211.033,211.098,210.962,211.052,4485.0
2025-12-30 05:00:00,211.052,211.091,211.005,211.043,2901.0
2025-12-30 06:00:00,211.046,211.087,210.825,210.871,3450.0
2025-12-30 07:00:00,210.873,210.996,210.795,210.886,4542.0
2025-12-30 08:00:00,210.888,210.963,210.816,210.896,5399.0
2025-12-30 09:00:00,210.893,210.893,210.568,210.663,4846.0
2025-12-30 10:00:00,210.662,210.777,210.541,210.714,6115.0
2025-12-30 11:00:00,210.713,210.793,210.624,210.719,5893.0
2025-12-30 12:00:00,210.719,210.764,210.64,210.73,5554.0
2025-12-30 13:00:00,210.732,210.763,210.499,210.521,5030.0
2025-12-30 14:00:00,210.521,210.688,210.431,210.484,5793.0
2025-12-30 15:00:00,210.485,210.777,210.466,210.673,6930.0
2025-12-30 16:00:00,210.673,210.724,210.499,210.593,6978.0
2025-12-30 17:00:00,210.595,210.772,210.453,210.629,7974.0
2025-12-30 18:00:00,210.628,210.693,210.456,210.584,6356.0
2025-12-30 19:00:00,210.577,210.726,210.552,210.573,4045.0
2025-12-30 20:00:00,210.574,210.695,210.548,210.636,3731.0
2025-12-30 21:00:00,210.636,210.752,210.618,210.733,3851.0
2025-12-30 22:00:00,210.73,210.736,210.622,210.66,3482.0
2025-12-30 23:00:00,210.661,210.696,210.624,210.666,2078.0
2025-12-31 00:00:00,210.57,210.57,210.45,210.52,1345.0
2025-12-31 01:00:00,210.518,210.679,210.444,210.61,2010.0
2025-12-31 02:00:00,210.601,210.646,210.492,210.561,3340.0
2025-12-31 03:00:00,210.56,210.609,210.514,210.572,4192.0
2025-12-31 04:00:00,210.572,210.687,210.571,210.648,4108.0
2025-12-31 05:00:00,210.645,210.708,210.616,210.702,2759.0
2025-12-31 06:00:00,210.699,210.793,210.692,210.776,3036.0
2025-12-31 07:00:00,210.775,210.832,210.736,210.781,2986.0
2025-12-31 08:00:00,210.781,210.802,210.716,210.762,3334.0
2025-12-31 09:00:00,210.759,210.781,210.68,210.683,4313.0
2025-12-31 10:00:00,210.684,210.828,210.258,210.298,6087.0
2025-12-31 11:00:00,210.299,210.565,210.262,210.468,5391.0
2025-12-31 12:00:00,210.472,210.54,210.38,210.515,5457.0
2025-12-31 13:00:00,210.517,210.797,210.513,210.721,5217.0
2025-12-31 14:00:00,210.722,210.935,210.576,210.894,6580.0
2025-12-31 15:00:00,210.892,211.095,210.854,210.976,7388.0
2025-12-31 16:00:00,210.981,211.087,210.79,210.811,8450.0
2025-12-31 17:00:00,210.809,210.88,210.349,210.825,9507.0
2025-12-31 18:00:00,210.821,211.032,210.701,210.84,7584.0
2025-12-31 19:00:00,210.848,210.968,210.712,210.961,5412.0
2025-12-31 20:00:00,210.962,211.088,210.957,211.065,4810.0
2025-12-31 21:00:00,211.065,211.089,210.823,210.981,3418.0
2025-12-31 22:00:00,210.981,211.177,210.969,211.144,3985.0
2025-12-31 23:00:00,211.144,211.218,211.045,211.071,2110.0
2026-01-02 00:00:00,210.983,211.054,210.892,211.038,1424.0
2026-01-02 01:00:00,211.04,211.352,210.988,211.163,2367.0
2026-01-02 02:00:00,211.163,211.225,211.041,211.074,2962.0
2026-01-02 03:00:00,211.074,211.277,211.019,211.26,3069.0
2026-01-02 04:00:00,211.26,211.345,211.199,211.332,2455.0
2026-01-02 05:00:00,211.332,211.378,211.297,211.359,2237.0
2026-01-02 06:00:00,211.359,211.44,211.35,211.379,2620.0
2026-01-02 07:00:00,211.379,211.437,211.317,211.375,2335.0
2026-01-02 08:00:00,211.376,211.445,211.269,211.386,2962.0
2026-01-02 09:00:00,211.378,211.421,211.071,211.2,5214.0
2026-01-02 10:00:00,211.2,211.395,211.036,211.06,6896.0
2026-01-02 11:00:00,211.061,211.162,210.983,211.124,6382.0
2026-01-02 12:00:00,211.126,211.166,210.875,210.953,5140.0
2026-01-02 13:00:00,210.952,210.98,210.747,210.911,4668.0
2026-01-02 14:00:00,210.913,211.064,210.877,211.013,4749.0
2026-01-02 15:00:00,211.009,211.207,210.917,211.159,6283.0
2026-01-02 16:00:00,211.159,211.228,211.029,211.197,6903.0
2026-01-02 17:00:00,211.194,211.441,211.03,211.346,8629.0
2026-01-02 18:00:00,211.348,211.409,211.209,211.228,7546.0
2026-01-02 19:00:00,211.231,211.264,211.037,211.056,4687.0
2026-01-02 20:00:00,211.057,211.147,211.001,211.044,4145.0
2026-01-05 00:00:00,210.742,210.875,210.64,210.734,2391.0
2026-01-05 01:00:00,210.726,211.02,210.726,210.978,3872.0
2026-01-05 02:00:00,210.976,211.338,210.919,211.257,6380.0
2026-01-05 03:00:00,211.258,211.282,211.007,211.03,7484.0
2026-01-05 04:00:00,211.032,211.117,210.919,211.068,5343.0
2026-01-05 05:00:00,211.068,211.176,210.863,210.943,4665.0
2026-01-05 06:00:00,210.943,211.171,210.943,211.158,3910.0
2026-01-05 07:00:00,211.158,211.167,211.004,211.062,3643.0
2026-01-05 08:00:00,211.064,211.129,210.916,210.984,4401.0
2026-01-05 09:00:00,210.98,210.98,210.716,210.725,5904.0
2026-01-05 10:00:00,210.725,210.777,210.518,210.554,7991.0
2026-01-05 11:00:00,210.553,210.965,210.509,210.949,6563.0
2026-01-05 12:00:00,210.948,210.989,210.772,210.842,6826.0
2026-01-05 13:00:00,210.843,210.947,210.71,210.8,6199.0
2026-01-05 14:00:00,210.802,210.924,210.718,210.776,6558.0
2026-01-05 15:00:00,210.777,211.018,210.705,210.973,8333.0
2026-01-05 16:00:00,210.974,211.227,210.881,211.175,8808.0
2026-01-05 17:00:00,211.172,211.504,211.066,211.421,9504.0
2026-01-05 18:00:00,211.422,211.499,211.322,211.428,8206.0
2026-01-05 19:00:00,211.429,211.591,211.406,211.553,5486.0
2026-01-05 20:00:00,211.555,211.589,211.433,211.464,4048.0
2026-01-05 21:00:00,211.466,211.6,211.34,211.589,4530.0
2026-01-05 22:00:00,211.583,211.741,211.541,211.73,3289.0
2026-01-05 23:00:00,211.727,211.843,211.703,211.794,2409.0
2026-01-06 00:00:00,211.634,211.896,211.546,211.882,2049.0
2026-01-06 01:00:00,211.882,211.995,211.834,211.937,2288.0
2026-01-06 02:00:00,211.937,212.152,211.848,211.88,5664.0
2026-01-06 03:00:00,211.88,212.089,211.867,211.93,5666.0
2026-01-06 04:00:00,211.93,211.963,211.813,211.904,5017.0
2026-01-06 05:00:00,211.904,212.041,211.86,212.005,3418.0
2026-01-06 06:00:00,212.005,212.051,211.864,211.987,3730.0
2026-01-06 07:00:00,211.986,212.0,211.851,211.954,4091.0
2026-01-06 08:00:00,211.953,212.085,211.936,211.959,4907.0
2026-01-06 09:00:00,211.959,212.012,211.779,211.838,5849.0
2026-01-06 10:00:00,211.837,211.981,211.775,211.877,7817.0
2026-01-06 11:00:00,211.877,211.891,211.664,211.668,7482.0
2026-01-06 12:00:00,211.666,211.779,211.528,211.715,6155.0
2026-01-06 13:00:00,211.715,211.766,211.487,211.534,5369.0
2026-01-06 14:00:00,211.532,211.54,211.375,211.455,6249.0
2026-01-06 15:00:00,211.457,211.505,211.312,211.474,8230.0
2026-01-06 16:00:00,211.474,211.637,211.418,211.546,9073.0
2026-01-06 17:00:00,211.548,211.624,211.381,211.496,9876.0
2026-01-06 18:00:00,211.496,211.551,211.423,211.468,7124.0
2026-01-06 19:00:00,211.47,211.725,211.453,211.694,4664.0
2026-01-06 20:00:00,211.695,211.746,211.563,211.569,3863.0
2026-01-06 21:00:00,211.569,211.582,211.426,211.456,3658.0
2026-01-06 22:00:00,211.456,211.487,211.391,211.455,3389.0
2026-01-06 23:00:00,211.453,211.54,211.441,211.519,1901.0
2026-01-07 00:00:00,211.424,211.453,211.256,211.427,1196.0
2026-01-07 01:00:00,211.427,211.569,211.417,211.492,1739.0
2026-01-07 02:00:00,211.492,211.677,211.394,211.5,5543.0
2026-01-07 03:00:00,211.499,211.722,211.411,211.661,4769.0
2026-01-07 04:00:00,211.661,211.755,211.623,211.629,3559.0
2026-01-07 05:00:00,211.628,211.661,211.53,211.582,3081.0
2026-01-07 06:00:00,211.58,211.586,211.388,211.411,4018.0
2026-01-07 07:00:00,211.414,211.415,211.202,211.249,3503.0
2026-01-07 08:00:00,211.249,211.36,211.127,211.272,4318.0
2026-01-07 09:00:00,211.269,211.312,211.055,211.138,5687.0
2026-01-07 10:00:00,211.134,211.316,211.018,211.249,6278.0
2026-01-07 11:00:00,211.251,211.308,211.063,211.143,5496.0
2026-01-07 12:00:00,211.143,211.31,211.125,211.279,5532.0
2026-01-07 13:00:00,211.278,211.42,211.259,211.299,4634.0
2026-01-07 14:00:00,211.297,211.298,211.115,211.157,5394.0
2026-01-07 15:00:00,211.156,211.168,210.971,211.074,7804.0
2026-01-07 16:00:00,211.079,211.249,210.978,211.148,8226.0
2026-01-07 17:00:00,211.153,211.348,211.022,211.217,10604.0
2026-01-07 18:00:00,211.218,211.283,211.074,211.139,6593.0
2026-01-07 19:00:00,211.138,211.144,210.937,211.017,4469.0
2026-01-07 20:00:00,211.018,211.087,210.961,211.057,4126.0
2026-01-07 21:00:00,211.056,211.079,210.967,211.045,3472.0
2026-01-07 22:00:00,211.048,211.097,211.025,211.065,3401.0
2026-01-07 23:00:00,211.063,211.088,210.927,210.931,1795.0
2026-01-08 00:00:00,210.915,210.93,210.799,210.81,1307.0
2026-01-08 01:00:00,210.81,210.953,210.769,210.894,1689.0
2026-01-08 02:00:00,210.894,211.025,210.864,211.009,3639.0
2026-01-08 03:00:00,211.009,211.159,210.929,211.134,4243.0
2026-01-08 04:00:00,211.135,211.147,211.041,211.048,3515.0
2026-01-08 05:00:00,211.048,211.05,210.87,210.996,3434.0
2026-01-08 06:00:00,210.996,211.005,210.866,210.911,2659.0
2026-01-08 07:00:00,210.914,210.914,210.782,210.847,3977.0
2026-01-08 08:00:00,210.846,210.848,210.573,210.756,5212.0
2026-01-08 09:00:00,210.755,210.814,210.379,210.379,5668.0
2026-01-08 10:00:00,210.378,210.625,210.303,210.588,7000.0
2026-01-08 11:00:00,210.589,210.651,210.527,210.638,5436.0
2026-01-08 12:00:00,210.639,210.739,210.611,210.698,4936.0
2026-01-08 13:00:00,210.691,210.828,210.676,210.753,4716.0
2026-01-08 14:00:00,210.753,210.813,210.587,210.608,4570.0
2026-01-08 15:00:00,210.607,210.705,210.513,210.694,6748.0
2026-01-08 16:00:00,210.692,210.947,210.65,210.898,8758.0
2026-01-08 17:00:00,210.895,211.05,210.794,210.839,8227.0
2026-01-08 18:00:00,210.84,210.888,210.715,210.718,6901.0
2026-01-08 19:00:00,210.717,210.723,210.566,210.688,4626.0
2026-01-08 20:00:00,210.688,210.714,210.568,210.59,3997.0
2026-01-08 21:00:00,210.589,210.835,210.547,210.819,3216.0
2026-01-08 22:00:00,210.82,210.934,210.798,210.882,3036.0
2026-01-08 23:00:00,210.886,210.954,210.797,210.815,2785.0
2026-01-09 00:00:00,210.727,210.755,210.544,210.686,1842.0
2026-01-09 01:00:00,210.684,210.853,210.578,210.763,1850.0
2026-01-09 02:00:00,210.764,210.965,210.764,210.894,3801.0
2026-01-09 03:00:00,210.895,211.045,210.874,211.038,4947.0
2026-01-09 04:00:00,211.039,211.192,211.018,211.135,4261.0
2026-01-09 05:00:00,211.135,211.28,211.113,211.274,2976.0
2026-01-09 06:00:00,211.275,211.308,211.212,211.223,3119.0
2026-01-09 07:00:00,211.222,211.381,211.222,211.358,4137.0
2026-01-09 08:00:00,211.359,211.403,211.284,211.351,4608.0
2026-01-09 09:00:00,211.351,211.51,211.248,211.477,5426.0
2026-01-09 10:00:00,211.477,211.603,211.369,211.483,7253.0
2026-01-09 11:00:00,211.485,211.543,211.401,211.49,5673.0
2026-01-09 12:00:00,211.49,211.539,211.315,211.39,5285.0
2026-01-09 13:00:00,211.39,211.424,211.295,211.365,5173.0
2026-01-09 14:00:00,211.364,211.556,211.31,211.555,5889.0
2026-01-09 15:00:00,211.551,211.737,211.196,211.59,11463.0
2026-01-09 16:00:00,211.589,212.006,211.488,211.811,12723.0
2026-01-09 17:00:00,211.81,212.033,211.725,211.825,11009.0
2026-01-09 18:00:00,211.826,212.065,211.801,211.99,7305.0
2026-01-09 19:00:00,211.991,211.991,211.73,211.835,5458.0
2026-01-09 20:00:00,211.838,211.854,211.661,211.697,4526.0
2026-01-12 00:00:00,211.732,211.751,211.597,211.61,900.0
2026-01-12 01:00:00,211.611,211.866,211.584,211.805,2784.0
2026-01-12 02:00:00,211.803,211.9,211.674,211.702,7147.0
2026-01-12 03:00:00,211.699,211.857,211.643,211.811,7129.0
2026-01-12 04:00:00,211.808,212.169,211.789,212.145,4445.0
2026-01-12 05:00:00,212.141,212.246,212.081,212.204,3550.0
2026-01-12 06:00:00,212.204,212.303,212.168,212.24,3001.0
2026-01-12 07:00:00,212.24,212.375,212.19,212.263,3595.0
2026-01-12 08:00:00,212.262,212.386,212.211,212.352,3718.0
2026-01-12 09:00:00,212.346,212.393,212.09,212.214,6172.0
2026-01-12 10:00:00,212.212,212.333,212.125,212.32,7398.0
2026-01-12 11:00:00,212.32,212.48,212.271,212.422,6371.0
2026-01-12 12:00:00,212.421,212.642,212.385,212.642,5112.0
2026-01-12 13:00:00,212.642,212.681,212.428,212.523,4989.0
2026-01-12 14:00:00,212.527,212.684,212.504,212.565,5666.0
2026-01-12 15:00:00,212.565,212.797,212.532,212.796,7149.0
2026-01-12 16:00:00,212.797,212.838,212.66,212.795,8428.0
2026-01-12 17:00:00,212.799,212.893,212.684,212.877,7389.0
2026-01-12 18:00:00,212.876,213.01,212.817,212.943,5995.0
2026-01-12 19:00:00,212.945,212.999,212.747,212.854,4907.0
2026-01-12 20:00:00,212.852,212.852,212.735,212.834,3166.0
2026-01-12 21:00:00,212.834,212.961,212.806,212.946,2695.0
2026-01-12 22:00:00,212.946,213.002,212.925,212.97,2767.0
2026-01-12 23:00:00,212.97,213.014,212.938,212.95,2138.0
2026-01-13 00:00:00,212.79,212.871,212.712,212.721,3075.0
2026-01-13 01:00:00,212.724,212.976,212.663,212.731,3439.0
2026-01-13 02:00:00,212.73,213.181,212.722,213.137,4600.0
2026-01-13 03:00:00,213.137,213.493,213.131,213.482,5059.0
2026-01-13 04:00:00,213.495,213.811,213.346,213.771,4790.0
2026-01-13 05:00:00,213.771,213.939,213.752,213.925,3204.0
2026-01-13 06:00:00,213.925,214.058,213.744,213.854,4936.0
2026-01-13 07:00:00,213.854,213.986,213.833,213.918,4290.0
2026-01-13 08:00:00,213.916,214.085,213.86,213.892,5136.0
2026-01-13 09:00:00,213.891,214.067,213.846,214.047,5141.0
2026-01-13 10:00:00,214.041,214.293,213.962,214.182,6304.0
2026-01-13 11:00:00,214.19,214.292,214.118,214.191,5375.0
2026-01-13 12:00:00,214.195,214.269,213.929,213.929,5443.0
2026-01-13 13:00:00,213.929,214.11,213.896,214.023,4353.0
2026-01-13 14:00:00,214.021,214.045,213.861,213.886,4812.0
2026-01-13 15:00:00,213.888,214.107,213.604,214.093,10069.0
2026-01-13 16:00:00,214.094,214.142,213.812,213.87,9511.0
2026-01-13 17:00:00,213.884,213.973,213.532,213.628,9501.0
2026-01-13 18:00:00,213.627,213.835,213.583,213.696,7836.0
2026-01-13 19:00:00,213.696,213.771,213.496,213.63,4997.0
2026-01-13 20:00:00,213.629,213.764,213.491,213.75,4212.0
2026-01-13 21:00:00,213.75,213.802,213.658,213.769,3974.0
2026-01-13 22:00:00,213.768,213.788,213.686,213.703,3336.0
2026-01-13 23:00:00,213.71,213.719,213.604,213.609,1794.0
2026-01-14 00:00:00,213.513,213.616,213.411,213.5,1712.0
2026-01-14 01:00:00,213.5,213.76,213.5,213.737,1917.0
2026-01-14 02:00:00,213.737,213.789,213.577,213.75,4329.0
2026-01-14 03:00:00,213.751,214.008,213.747,213.877,4852.0
2026-01-14 04:00:00,213.876,213.996,213.843,213.908,4160.0
2026-01-14 05:00:00,213.907,214.008,213.825,213.991,3215.0
2026-01-14 06:00:00,213.997,214.04,213.95,213.965,2800.0
2026-01-14 07:00:00,213.966,214.109,213.94,214.068,3367.0
2026-01-14 08:00:00,214.068,214.094,213.9,214.001,4505.0
2026-01-14 09:00:00,214.002,214.069,213.853,213.917,4807.0
2026-01-14 10:00:00,213.906,213.949,213.558,213.754,8846.0
2026-01-14 11:00:00,213.754,213.771,213.456,213.645,6695.0
2026-01-14 12:00:00,213.644,213.653,213.322,213.492,6015.0
2026-01-14 13:00:00,213.493,213.586,213.287,213.453,4924.0
2026-01-14 14:00:00,213.454,213.464,212.842,213.295,7178.0
2026-01-14 15:00:00,213.296,213.381,213.154,213.226,6932.0
2026-01-14 16:00:00,213.229,213.332,212.863,212.896,10236.0
2026-01-14 17:00:00,212.895,213.132,212.724,212.773,9236.0
2026-01-14 18:00:00,212.771,212.871,212.564,212.591,6709.0
2026-01-14 19:00:00,212.591,212.7,212.553,212.628,4667.0
2026-01-14 20:00:00,212.625,212.772,212.584,212.772,3796.0
2026-01-14 21:00:00,212.773,212.893,212.7,212.883,3404.0
2026-01-14 22:00:00,212.883,213.063,212.843,213.032,4326.0
2026-01-14 23:00:00,213.032,213.093,212.944,213.01,2609.0
2026-01-15 00:00:00,212.878,212.916,212.586,212.621,2235.0
2026-01-15 01:00:00,212.621,212.948,212.574,212.919,2277.0
2026-01-15 02:00:00,212.919,213.041,212.795,212.858,4315.0
2026-01-15 03:00:00,212.861,212.874,212.577,212.755,5888.0
2026-01-15 04:00:00,212.756,212.963,212.674,212.944,4018.0
2026-01-15 05:00:00,212.945,213.027,212.828,212.846,3387.0
2026-01-15 06:00:00,212.846,212.974,212.791,212.89,2853.0
2026-01-15 07:00:00,212.89,212.914,212.686,212.723,4037.0
2026-01-15 08:00:00,212.719,212.991,212.711,212.974,4802.0
2026-01-15 09:00:00,212.979,213.195,212.841,213.048,5427.0
2026-01-15 10:00:00,213.042,213.315,212.95,213.26,6048.0
2026-01-15 11:00:00,213.264,213.292,212.798,212.83,6271.0
2026-01-15 12:00:00,212.831,212.842,212.597,212.668,4932.0
2026-01-15 13:00:00,212.664,212.791,212.659,212.765,3949.0
2026-01-15 14:00:00,212.762,212.8,212.541,212.584,4715.0
2026-01-15 15:00:00,212.584,212.6,212.324,212.398,7485.0
2026-01-15 16:00:00,212.399,212.478,212.208,212.257,7994.0
2026-01-15 17:00:00,212.254,212.309,211.995,212.217,7579.0
2026-01-15 18:00:00,212.217,212.25,212.122,212.149,5932.0
2026-01-15 19:00:00,212.149,212.25,212.093,212.204,4050.0
2026-01-15 20:00:00,212.202,212.278,212.196,212.244,3518.0
2026-01-15 21:00:00,212.244,212.255,212.165,212.199,3557.0
2026-01-15 22:00:00,212.198,212.204,212.113,212.196,3032.0
2026-01-15 23:00:00,212.192,212.292,212.176,212.251,1903.0
2026-01-16 00:00:00,212.156,212.214,212.086,212.095,1300.0
2026-01-16 01:00:00,212.096,212.301,212.066,212.21,2375.0
2026-01-16 02:00:00,212.209,212.258,212.123,212.229,3544.0
2026-01-16 03:00:00,212.228,212.254,212.051,212.199,4065.0
2026-01-16 04:00:00,212.199,212.231,211.487,211.88,5469.0
2026-01-16 05:00:00,211.88,211.889,211.665,211.72,3654.0
2026-01-16 06:00:00,211.72,211.941,211.711,211.918,2802.0
2026-01-16 07:00:00,211.92,211.965,211.833,211.96,2592.0
2026-01-16 08:00:00,211.958,211.999,211.838,211.926,3221.0
2026-01-16 09:00:00,211.926,211.956,211.691,211.8,5364.0
2026-01-16 10:00:00,211.796,211.925,211.645,211.891,6183.0
2026-01-16 11:00:00,211.892,211.978,211.775,211.932,4936.0
2026-01-16 12:00:00,211.93,212.075,211.889,211.98,4646.0
2026-01-16 13:00:00,211.98,212.015,211.924,211.97,4340.0
2026-01-16 14:00:00,211.97,212.065,211.85,211.928,5586.0
2026-01-16 15:00:00,211.929,211.945,211.632,211.805,5987.0
2026-01-16 16:00:00,211.804,211.905,211.517,211.565,6386.0
2026-01-16 17:00:00,211.565,211.668,211.387,211.456,9767.0
2026-01-16 18:00:00,211.456,211.637,211.393,211.46,6911.0
2026-01-16 19:00:00,211.46,211.639,211.46,211.573,4393.0
2026-01-16 20:00:00,211.573,211.712,211.553,211.64,3560.0
2026-01-19 00:00:00,210.73,210.868,210.624,210.73,2167.0
2026-01-19 01:00:00,210.736,211.263,210.63,211.155,6374.0
2026-01-19 02:00:00,211.157,211.327,211.005,211.027,7592.0
2026-01-19 03:00:00,211.029,211.243,210.9,211.169,5839.0
2026-01-19 04:00:00,211.171,211.395,211.168,211.332,4508.0
2026-01-19 05:00:00,211.336,211.434,211.28,211.376,4175.0
2026-01-19 06:00:00,211.376,211.456,211.325,211.412,3882.0
2026-01-19 07:00:00,211.411,211.615,211.346,211.505,4185.0
2026-01-19 08:00:00,211.508,211.586,211.436,211.449,4396.0
2026-01-19 09:00:00,211.448,211.666,211.424,211.649,5911.0
2026-01-19 10:00:00,211.651,211.903,211.607,211.898,5675.0
2026-01-19 11:00:00,211.898,212.044,211.581,211.714,7231.0
2026-01-19 12:00:00,211.714,211.825,211.652,211.72,4626.0
2026-01-19 13:00:00,211.72,211.957,211.674,211.907,4023.0
2026-01-19 14:00:00,211.909,211.912,211.767,211.842,4511.0
2026-01-19 15:00:00,211.841,211.894,211.79,211.833,3588.0
2026-01-19 16:00:00,211.835,211.942,211.75,211.909,3696.0
2026-01-19 17:00:00,211.91,212.202,211.89,212.144,4745.0
2026-01-19 18:00:00,212.142,212.392,212.107,212.259,3693.0
2026-01-19 19:00:00,212.252,212.302,212.205,212.258,2051.0
2026-01-19 20:00:00,212.258,212.296,212.221,212.241,1311.0
2026-01-19 21:00:00,212.241,212.32,212.236,212.238,811.0
2026-01-19 22:00:00,212.238,212.341,212.238,212.331,740.0
2026-01-19 23:00:00,212.335,212.351,212.25,212.275,858.0
2026-01-20 00:00:00,212.136,212.262,212.112,212.168,1251.0
2026-01-20 01:00:00,212.168,212.327,212.136,212.242,1541.0
2026-01-20 02:00:00,212.238,212.349,211.905,211.926,4897.0
2026-01-20 03:00:00,211.925,212.278,211.853,212.03,5894.0
2026-01-20 04:00:00,212.03,212.21,211.988,212.137,3466.0
2026-01-20 05:00:00,212.135,212.272,212.04,212.236,3318.0
2026-01-20 06:00:00,212.236,212.441,212.203,212.409,4079.0
2026-01-20 07:00:00,212.409,212.554,212.395,212.515,4027.0
2026-01-20 08:00:00,212.511,212.889,212.489,212.829,5667.0
2026-01-20 09:00:00,212.828,213.494,212.762,213.4,7645.0
2026-01-20 10:00:00,213.4,213.442,212.703,212.707,10350.0
2026-01-20 11:00:00,212.709,212.738,212.379,212.544,8451.0
2026-01-20 12:00:00,212.535,212.914,212.514,212.731,7017.0
2026-01-20 13:00:00,212.732,212.774,212.33,212.379,6608.0
2026-01-20 14:00:00,212.382,212.394,212.144,212.259,7028.0
2026-01-20 15:00:00,212.263,212.433,212.185,212.337,9684.0
2026-01-20 16:00:00,212.34,212.69,212.101,212.683,10785.0
2026-01-20 17:00:00,212.685,212.853,212.504,212.518,9032.0
2026-01-20 18:00:00,212.522,212.71,212.48,212.672,6785.0
2026-01-20 19:00:00,212.672,212.751,212.527,212.55,5210.0
2026-01-20 20:00:00,212.551,212.646,212.417,212.468,3968.0
2026-01-20 21:00:00,212.47,212.565,212.438,212.544,4404.0
2026-01-20 22:00:00,212.545,212.584,212.478,212.534,4329.0
2026-01-20 23:00:00,212.538,212.598,212.519,212.565,2495.0
2026-01-21 00:00:00,212.482,212.62,212.35,212.514,1768.0
2026-01-21 01:00:00,212.516,212.641,212.433,212.563,2516.0
2026-01-21 02:00:00,212.58,212.65,212.486,212.547,4842.0
2026-01-21 03:00:00,212.544,212.592,212.398,212.489,5907.0
2026-01-21 04:00:00,212.486,212.631,212.3,212.303,3503.0
2026-01-21 05:00:00,212.302,212.476,212.296,212.474,3779.0
2026-01-21 06:00:00,212.474,212.488,212.272,212.362,3152.0
2026-01-21 07:00:00,212.362,212.608,212.351,212.59,4192.0
2026-01-21 08:00:00,212.587,212.629,212.454,212.489,4355.0
2026-01-21 09:00:00,212.485,212.555,212.223,212.293,5856.0
2026-01-21 10:00:00,212.292,212.332,212.135,212.157,6055.0
2026-01-21 11:00:00,212.157,212.198,211.871,211.889,5751.0
2026-01-21 12:00:00,211.888,212.027,211.802,211.869,5823.0
2026-01-21 13:00:00,211.87,211.964,211.743,211.76,6024.0
2026-01-21 14:00:00,211.755,211.878,211.59,211.835,6750.0
2026-01-21 15:00:00,211.832,212.246,211.738,212.228,7231.0
2026-01-21 16:00:00,212.227,212.755,212.083,212.678,11937.0
2026-01-21 17:00:00,212.677,212.763,212.37,212.441,9728.0
2026-01-21 18:00:00,212.445,212.629,212.338,212.386,8552.0
2026-01-21 19:00:00,212.388,212.465,212.22,212.352,7101.0
2026-01-21 20:00:00,212.351,212.415,212.256,212.35,5053.0
2026-01-21 21:00:00,212.352,212.659,212.291,212.638,7363.0
2026-01-21 22:00:00,212.637,212.658,212.534,212.615,5322.0
2026-01-21 23:00:00,212.615,212.658,212.559,212.577,2591.0
2026-01-22 00:00:00,212.47,212.594,212.402,212.532,3066.0
2026-01-22 01:00:00,212.53,212.668,212.501,212.621,2648.0
2026-01-22 02:00:00,212.621,212.663,212.38,212.508,5348.0
2026-01-22 03:00:00,212.508,212.696,212.484,212.668,5364.0
2026-01-22 04:00:00,212.67,212.783,212.604,212.75,3996.0
2026-01-22 05:00:00,212.75,213.004,212.729,212.984,3674.0
2026-01-22 06:00:00,212.985,213.21,212.975,213.086,3465.0
2026-01-22 07:00:00,213.09,213.151,212.997,213.141,3865.0
2026-01-22 08:00:00,213.139,213.264,213.084,213.173,4483.0
2026-01-22 09:00:00,213.173,213.438,213.173,213.258,5324.0
2026-01-22 10:00:00,213.259,213.33,212.914,213.04,6499.0
2026-01-22 11:00:00,213.041,213.378,213.017,213.352,6259.0
2026-01-22 12:00:00,213.353,213.432,213.282,213.327,5018.0
2026-01-22 13:00:00,213.325,213.41,212.671,212.845,7927.0
2026-01-22 14:00:00,212.845,213.241,212.783,213.222,6903.0
2026-01-22 15:00:00,213.219,213.279,212.784,213.027,8020.0
2026-01-22 16:00:00,213.027,213.348,212.983,213.287,7645.0
2026-01-22 17:00:00,213.285,213.633,213.249,213.475,8538.0
2026-01-22 18:00:00,213.48,213.666,213.454,213.617,6989.0
2026-01-22 19:00:00,213.617,213.624,213.417,213.594,5894.0
2026-01-22 20:00:00,213.592,213.767,213.573,213.699,4022.0
2026-01-22 21:00:00,213.695,213.781,213.624,213.705,3757.0
2026-01-22 22:00:00,213.703,213.853,213.663,213.846,3006.0
2026-01-22 23:00:00,213.841,213.965,213.825,213.879,2394.0
2026-01-23 00:00:00,213.7,213.845,213.586,213.789,2007.0
2026-01-23 01:00:00,213.787,214.013,213.779,213.947,2503.0
2026-01-23 02:00:00,213.949,214.028,213.862,213.948,4199.0
2026-01-23 03:00:00,213.948,214.161,213.936,214.13,4540.0
2026-01-23 04:00:00,214.132,214.16,213.884,213.997,4036.0
2026-01-23 05:00:00,213.99,214.173,213.881,213.999,4228.0
2026-01-23 06:00:00,213.999,214.079,213.944,213.991,3139.0
2026-01-23 07:00:00,213.987,214.124,213.912,214.121,3294.0
2026-01-23 08:00:00,214.121,214.352,213.954,214.218,6369.0
2026-01-23 09:00:00,214.232,214.855,212.506,213.702,9398.0
2026-01-23 10:00:00,213.711,213.737,213.358,213.504,8350.0
2026-01-23 11:00:00,213.502,213.859,213.205,213.778,7861.0
2026-01-23 12:00:00,213.774,214.109,213.721,213.985,5881.0
2026-01-23 13:00:00,213.988,214.176,213.738,213.768,6199.0
2026-01-23 14:00:00,213.768,214.11,213.751,213.959,4471.0
2026-01-23 15:00:00,213.959,214.085,213.912,214.054,4970.0
2026-01-23 16:00:00,214.054,214.261,214.001,214.225,6017.0
2026-01-23 17:00:00,214.219,214.565,214.193,214.47,6210.0
2026-01-23 18:00:00,214.469,214.622,213.947,214.106,8491.0
2026-01-23 19:00:00,214.106,214.149,212.663,212.776,12069.0
2026-01-23 20:00:00,212.778,212.934,212.297,212.469,9495.0
2026-01-26 00:00:00,211.253,211.964,210.846,211.303,2912.0
2026-01-26 01:00:00,211.301,212.069,211.283,212.005,6774.0
2026-01-26 02:00:00,212.007,212.078,211.24,211.625,9259.0
2026-01-26 03:00:00,211.624,211.651,210.885,210.958,9367.0
2026-01-26 04:00:00,210.958,211.02,210.489,210.492,8066.0
2026-01-26 05:00:00,210.492,210.835,210.435,210.651,5592.0
2026-01-26 06:00:00,210.64,210.677,210.204,210.408,6473.0
2026-01-26 07:00:00,210.407,210.627,210.314,210.614,5610.0
2026-01-26 08:00:00,210.616,210.91,210.509,210.64,7073.0
2026-01-26 09:00:00,210.645,210.778,210.105,210.497,8873.0
2026-01-26 10:00:00,210.501,210.692,209.634,210.285,11063.0
2026-01-26 11:00:00,210.3,210.592,209.875,210.093,9978.0
2026-01-26 12:00:00,210.097,210.358,209.856,209.927,8207.0
2026-01-26 13:00:00,209.928,210.241,209.604,210.101,8732.0
2026-01-26 14:00:00,210.095,210.507,210.095,210.438,7407.0
2026-01-26 15:00:00,210.439,210.584,210.32,210.469,7267.0
2026-01-26 16:00:00,210.469,210.583,210.391,210.493,7973.0
2026-01-26 17:00:00,210.492,210.838,210.404,210.834,8342.0
2026-01-26 18:00:00,210.849,211.068,210.717,210.774,7798.0
2026-01-26 19:00:00,210.777,211.019,210.751,210.756,5696.0
2026-01-26 20:00:00,210.756,211.076,210.717,211.027,4851.0
2026-01-26 21:00:00,211.029,211.078,210.75,210.76,5823.0
2026-01-26 22:00:00,210.763,210.87,210.556,210.797,4633.0
2026-01-26 23:00:00,210.798,210.992,210.798,210.917,2980.0
2026-01-27 00:00:00,210.784,210.953,210.7,210.797,1842.0
2026-01-27 01:00:00,210.796,211.167,210.708,211.125,2556.0
2026-01-27 02:00:00,211.118,211.202,210.773,210.965,5578.0
2026-01-27 03:00:00,210.964,211.15,210.927,211.144,6003.0
2026-01-27 04:00:00,211.144,211.28,211.069,211.278,5178.0
2026-01-27 05:00:00,211.274,211.415,211.187,211.289,4472.0
2026-01-27 06:00:00,211.286,211.46,211.263,211.398,4875.0
2026-01-27 07:00:00,211.399,211.449,211.255,211.329,4474.0
2026-01-27 08:00:00,211.328,211.597,211.324,211.433,4919.0
2026-01-27 09:00:00,211.429,211.761,211.363,211.587,6825.0
2026-01-27 10:00:00,211.586,211.671,211.462,211.556,7591.0
2026-01-27 11:00:00,211.55,211.583,209.8,210.61,7311.0
2026-01-27 12:00:00,210.621,210.996,210.382,210.675,9123.0
2026-01-27 13:00:00,210.675,210.822,210.472,210.774,6862.0
2026-01-27 14:00:00,210.771,210.824,210.483,210.647,9891.0
2026-01-27 15:00:00,210.64,210.755,210.26,210.497,10077.0
2026-01-27 16:00:00,210.495,211.154,210.368,210.996,9821.0
2026-01-27 17:00:00,210.99,211.067,210.66,210.732,10507.0
2026-01-27 18:00:00,210.732,211.007,210.592,210.886,8178.0
2026-01-27 19:00:00,210.884,210.942,210.27,210.627,7665.0
2026-01-27 20:00:00,210.625,210.639,210.396,210.465,6597.0
2026-01-27 21:00:00,210.464,210.606,210.462,210.491,4587.0
2026-01-27 22:00:00,210.492,210.944,210.073,210.842,8843.0
2026-01-27 23:00:00,210.837,210.955,210.64,210.695,7100.0
2026-01-28 00:00:00,210.637,210.947,210.275,210.79,1833.0
2026-01-28 01:00:00,210.787,210.988,210.71,210.854,4311.0
2026-01-28 02:00:00,210.852,211.043,210.609,210.903,7833.0
2026-01-28 03:00:00,210.901,211.224,210.868,211.13,7937.0
2026-01-28 04:00:00,211.132,211.176,210.946,210.975,5752.0
2026-01-28 05:00:00,210.969,210.992,210.68,210.755,4732.0
2026-01-28 06:00:00,210.752,210.87,210.523,210.561,4356.0
2026-01-28 07:00:00,210.561,210.755,210.415,210.707,6090.0
2026-01-28 08:00:00,210.719,210.853,210.694,210.75,6579.0
2026-01-28 09:00:00,210.744,210.766,210.551,210.673,7577.0
2026-01-28 10:00:00,210.672,210.69,210.375,210.43,9403.0
2026-01-28 11:00:00,210.433,210.564,210.311,210.549,7531.0
2026-01-28 12:00:00,210.551,210.563,210.238,210.441,7444.0
2026-01-28 13:00:00,210.441,210.445,210.112,210.133,6864.0
2026-01-28 14:00:00,210.133,210.454,210.07,210.446,7158.0
2026-01-28 15:00:00,210.444,210.532,210.227,210.475,7593.0
2026-01-28 16:00:00,210.477,210.787,210.465,210.69,8907.0
2026-01-28 17:00:00,210.693,211.687,210.681,211.624,14629.0
2026-01-28 18:00:00,211.618,211.897,211.577,211.735,9976.0
2026-01-28 19:00:00,211.732,211.843,211.599,211.708,6318.0
2026-01-28 20:00:00,211.71,211.959,211.698,211.871,6530.0
2026-01-28 21:00:00,211.871,212.029,211.659,211.716,11487.0
2026-01-28 22:00:00,211.714,211.801,211.577,211.646,7290.0
2026-01-28 23:00:00,211.648,211.884,211.585,211.794,3986.0
2026-01-29 00:00:00,211.713,211.785,211.54,211.688,5218.0
2026-01-29 01:00:00,211.685,211.846,211.562,211.666,4876.0
2026-01-29 02:00:00,211.669,211.726,211.334,211.583,8193.0
2026-01-29 03:00:00,211.584,211.712,211.406,211.549,8536.0
2026-01-29 04:00:00,211.549,211.632,211.331,211.491,6278.0
2026-01-29 05:00:00,211.491,211.602,211.434,211.537,5291.0
2026-01-29 06:00:00,211.539,211.836,211.523,211.706,5940.0
2026-01-29 07:00:00,211.706,211.85,211.66,211.746,5006.0
2026-01-29 08:00:00,211.746,211.842,211.602,211.782,6688.0
2026-01-29 09:00:00,211.787,212.129,211.753,212.055,6703.0
2026-01-29 10:00:00,212.059,212.167,211.837,211.903,8189.0
2026-01-29 11:00:00,211.902,211.942,211.586,211.625,7025.0
2026-01-29 12:00:00,211.625,211.723,211.421,211.474,7845.0
2026-01-29 13:00:00,211.478,211.795,211.458,211.69,7412.0
2026-01-29 14:00:00,211.688,211.71,211.541,211.657,6957.0
2026-01-29 15:00:00,211.656,211.815,211.625,211.694,8644.0
2026-01-29 16:00:00,211.697,211.913,211.545,211.647,10328.0
2026-01-29 17:00:00,211.649,211.683,210.044,210.325,15603.0
2026-01-29 18:00:00,210.327,210.936,210.293,210.875,11712.0
2026-01-29 19:00:00,210.872,211.13,210.872,210.981,9018.0
2026-01-29 20:00:00,210.978,211.279,210.951,211.132,7879.0
2026-01-29 21:00:00,211.132,211.279,211.095,211.14,5940.0
2026-01-29 22:00:00,211.142,211.386,211.142,211.373,5092.0
2026-01-29 23:00:00,211.372,211.518,211.339,211.427,3577.0
2026-01-30 00:00:00,211.274,211.333,211.102,211.212,2465.0
2026-01-30 01:00:00,211.21,211.519,211.134,211.46,3572.0
2026-01-30 02:00:00,211.458,211.639,211.42,211.485,7632.0
2026-01-30 03:00:00,211.486,211.686,211.4,211.583,9534.0
2026-01-30 04:00:00,211.582,211.801,211.301,211.668,10674.0
2026-01-30 05:00:00,211.67,211.79,211.529,211.729,6522.0
2026-01-30 06:00:00,211.732,211.915,211.606,211.691,5500.0
2026-01-30 07:00:00,211.689,211.892,211.622,211.73,6339.0
2026-01-30 08:00:00,211.732,211.753,211.51,211.637,7996.0
2026-01-30 09:00:00,211.638,211.898,211.587,211.786,8640.0
2026-01-30 10:00:00,211.781,211.96,211.604,211.898,9000.0
2026-01-30 11:00:00,211.895,211.997,211.604,211.879,9491.0
2026-01-30 12:00:00,211.879,212.047,211.779,211.946,8156.0
2026-01-30 13:00:00,211.951,212.122,211.843,212.005,7549.0
2026-01-30 14:00:00,212.003,212.116,211.934,211.987,7982.0
2026-01-30 15:00:00,211.988,212.175,211.853,212.165,9161.0
2026-01-30 16:00:00,212.17,212.461,212.033,212.22,9702.0
2026-01-30 17:00:00,212.219,212.472,211.59,211.594,12110.0
2026-01-30 18:00:00,211.593,211.879,211.542,211.856,10263.0
2026-01-30 19:00:00,211.857,211.89,211.607,211.722,9826.0
2026-01-30 20:00:00,211.724,211.77,211.501,211.701,10795.0
2026-02-02 00:00:00,212.046,212.618,211.858,212.352,2286.0
2026-02-02 01:00:00,212.376,212.679,212.201,212.289,7861.0
2026-02-02 02:00:00,212.266,212.682,212.055,212.672,9639.0
2026-02-02 03:00:00,212.672,212.685,212.26,212.296,10157.0
2026-02-02 04:00:00,212.298,212.37,212.059,212.267,8306.0
2026-02-02 05:00:00,212.271,212.321,212.02,212.07,7389.0
2026-02-02 06:00:00,212.067,212.07,211.784,211.853,7300.0
2026-02-02 07:00:00,211.856,211.953,211.593,211.768,7833.0
2026-02-02 08:00:00,211.768,211.881,211.289,211.417,10245.0
2026-02-02 09:00:00,211.419,211.97,211.398,211.9,8744.0
2026-02-02 10:00:00,211.899,212.268,211.821,212.191,8518.0
2026-02-02 11:00:00,212.191,212.247,211.974,212.184,7591.0
2026-02-02 12:00:00,212.182,212.345,212.031,212.052,7295.0
2026-02-02 13:00:00,212.053,212.22,211.992,212.014,6922.0
2026-02-02 14:00:00,212.013,212.185,211.997,212.084,8316.0
2026-02-02 15:00:00,212.081,212.105,211.906,211.909,9267.0
2026-02-02 16:00:00,211.907,212.403,211.787,212.265,10498.0
2026-02-02 17:00:00,212.126,212.494,212.097,212.144,12526.0
2026-02-02 18:00:00,212.144,212.406,212.042,212.311,10228.0
2026-02-02 19:00:00,212.311,212.451,212.285,212.422,7808.0
2026-02-02 20:00:00,212.421,212.653,212.41,212.481,6431.0
2026-02-02 21:00:00,212.479,212.652,212.475,212.569,5329.0
2026-02-02 22:00:00,212.571,212.628,212.525,212.617,5718.0
2026-02-02 23:00:00,212.616,212.673,212.547,212.668,3178.0
2026-02-03 00:00:00,212.612,212.674,212.358,212.509,2695.0
2026-02-03 01:00:00,212.509,212.654,212.473,212.573,3365.0
2026-02-03 02:00:00,212.573,212.806,212.55,212.686,6391.0
2026-02-03 03:00:00,212.686,212.863,212.62,212.78,7904.0
2026-02-03 04:00:00,212.781,212.781,212.549,212.665,6065.0
2026-02-03 05:00:00,212.665,212.783,212.563,212.764,6215.0
2026-02-03 06:00:00,212.761,212.847,212.652,212.725,5456.0
2026-02-03 07:00:00,212.722,212.833,212.675,212.774,5041.0
2026-02-03 08:00:00,212.774,212.986,212.722,212.813,5851.0
2026-02-03 09:00:00,212.804,212.984,212.731,212.863,7281.0
2026-02-03 10:00:00,212.855,212.917,212.756,212.859,8318.0
2026-02-03 11:00:00,212.861,213.138,212.746,213.03,8797.0
2026-02-03 12:00:00,213.031,213.071,212.92,212.924,6494.0
2026-02-03 13:00:00,212.921,213.05,212.858,212.881,6525.0
2026-02-03 14:00:00,212.882,213.319,212.876,213.265,6895.0
2026-02-03 15:00:00,213.267,213.328,213.067,213.096,7823.0
2026-02-03 16:00:00,213.096,213.264,212.989,213.046,8684.0
2026-02-03 17:00:00,213.048,213.441,212.991,213.373,9921.0
2026-02-03 18:00:00,213.373,213.467,213.265,213.311,8211.0
2026-02-03 19:00:00,213.311,213.332,213.144,213.272,8180.0
2026-02-03 20:00:00,213.274,213.326,212.887,212.89,6649.0
2026-02-03 21:00:00,212.885,213.252,212.854,213.224,5993.0
2026-02-03 22:00:00,213.223,213.355,213.186,213.289,5747.0
2026-02-03 23:00:00,213.292,213.437,213.255,213.375,3186.0
2026-02-04 00:00:00,213.24,213.375,213.17,213.186,1969.0
2026-02-04 01:00:00,213.184,213.468,213.164,213.404,2980.0
2026-02-04 02:00:00,213.406,213.67,213.365,213.662,5439.0
2026-02-04 03:00:00,213.66,214.066,213.655,214.007,6589.0
2026-02-04 04:00:00,214.009,214.121,214.001,214.085,4883.0
2026-02-04 05:00:00,214.084,214.254,214.077,214.223,4176.0
2026-02-04 06:00:00,214.223,214.359,214.187,214.352,3443.0
2026-02-04 07:00:00,214.352,214.456,214.295,214.366,3785.0
2026-02-04 08:00:00,214.366,214.527,214.335,214.412,4636.0
2026-02-04 09:00:00,214.41,214.595,214.398,214.546,4791.0
2026-02-04 10:00:00,214.546,214.855,214.482,214.818,6662.0
2026-02-04 11:00:00,214.818,214.826,214.546,214.744,6483.0
2026-02-04 12:00:00,214.742,214.985,214.661,214.977,5518.0
2026-02-04 13:00:00,214.979,215.005,214.816,214.984,6360.0
2026-02-04 14:00:00,214.985,215.006,214.866,214.887,6033.0
2026-02-04 15:00:00,214.887,214.954,214.562,214.579,8666.0
2026-02-04 16:00:00,214.579,214.636,214.132,214.135,10357.0
2026-02-04 17:00:00,214.086,214.323,213.989,214.052,11814.0
2026-02-04 18:00:00,214.052,214.08,213.677,213.902,9742.0
2026-02-04 19:00:00,213.902,214.042,213.744,213.799,9087.0
2026-02-04 20:00:00,213.8,214.075,213.724,214.014,7622.0
2026-02-04 21:00:00,214.014,214.264,213.903,214.264,6194.0
2026-02-04 22:00:00,214.263,214.327,214.172,214.213,4132.0
2026-02-04 23:00:00,214.213,214.296,214.132,214.134,3843.0
2026-02-05 00:00:00,214.083,214.299,213.769,214.015,2799.0
2026-02-05 01:00:00,214.016,214.158,213.991,214.108,3534.0
2026-02-05 02:00:00,214.108,214.234,213.917,214.042,4983.0
2026-02-05 03:00:00,214.04,214.217,214.04,214.086,5932.0
2026-02-05 04:00:00,214.086,214.124,213.686,213.692,7634.0
2026-02-05 05:00:00,213.69,213.761,213.475,213.633,6476.0
2026-02-05 06:00:00,213.633,213.76,213.632,213.665,3948.0
2026-02-05 07:00:00,213.665,213.805,213.632,213.802,3984.0
2026-02-05 08:00:00,213.806,213.889,213.526,213.819,6293.0
2026-02-05 09:00:00,213.817,214.177,213.804,213.973,6971.0
2026-02-05 10:00:00,213.972,214.201,213.579,213.579,8195.0
2026-02-05 11:00:00,213.584,213.625,213.196,213.427,8732.0
2026-02-05 12:00:00,213.414,213.728,213.348,213.655,6321.0
2026-02-05 13:00:00,213.652,213.959,213.58,213.898,6087.0
2026-02-05 14:00:00,213.899,213.899,212.937,213.16,12849.0
2026-02-05 15:00:00,213.161,213.206,212.596,212.737,11790.0
2026-02-05 16:00:00,212.733,212.913,212.332,212.378,12442.0
2026-02-05 17:00:00,212.388,212.608,211.786,212.168,13443.0
2026-02-05 18:00:00,212.162,212.687,212.022,212.614,10437.0
2026-02-05 19:00:00,212.614,212.71,212.406,212.491,7169.0
2026-02-05 20:00:00,212.491,212.574,212.34,212.413,6171.0
2026-02-05 21:00:00,212.413,212.59,212.384,212.582,5125.0
2026-02-05 22:00:00,212.577,212.701,212.51,212.611,4331.0
2026-02-05 23:00:00,212.611,212.668,212.411,212.446,3639.0
2026-02-06 00:00:00,212.355,212.547,212.215,212.429,1951.0
2026-02-06 01:00:00,212.433,212.494,211.926,212.014,4202.0
2026-02-06 02:00:00,212.014,212.088,211.605,211.95,8761.0
2026-02-06 03:00:00,211.95,212.159,211.761,212.115,9056.0
2026-02-06 04:00:00,212.12,212.446,212.108,212.307,5978.0
2026-02-06 05:00:00,212.307,212.372,212.222,212.319,4794.0
2026-02-06 06:00:00,212.32,212.436,212.287,212.402,4303.0
2026-02-06 07:00:00,212.405,212.721,212.352,212.717,4876.0
2026-02-06 08:00:00,212.713,213.014,212.705,212.783,5995.0
2026-02-06 09:00:00,212.783,212.881,212.531,212.843,6380.0
2026-02-06 10:00:00,212.842,213.001,212.69,213.001,8321.0
2026-02-06 11:00:00,213.001,213.288,212.998,213.226,7437.0
2026-02-06 12:00:00,213.226,213.305,212.999,213.095,4702.0
2026-02-06 13:00:00,213.097,213.484,213.089,213.331,5473.0
2026-02-06 14:00:00,213.331,213.606,213.318,213.453,5359.0
2026-02-06 15:00:00,213.451,213.545,213.118,213.25,6741.0
2026-02-06 16:00:00,213.251,213.507,213.167,213.468,8279.0
2026-02-06 17:00:00,213.462,213.682,213.454,213.521,8971.0
2026-02-06 18:00:00,213.527,213.879,213.507,213.723,7147.0
2026-02-06 19:00:00,213.724,213.916,213.702,213.876,5402.0
2026-02-06 20:00:00,213.878,213.948,213.82,213.859,4550.0
2026-02-09 00:00:00,214.186,214.186,213.311,214.025,3148.0
2026-02-09 01:00:00,214.022,214.433,213.774,214.015,6842.0
2026-02-09 02:00:00,214.02,214.039,213.35,213.541,9383.0
2026-02-09 03:00:00,213.537,213.566,212.607,213.035,9334.0
2026-02-09 04:00:00,213.032,213.515,213.02,213.365,6346.0
2026-02-09 05:00:00,213.368,213.488,213.289,213.328,4474.0
2026-02-09 06:00:00,213.328,213.398,213.085,213.171,3905.0
2026-02-09 07:00:00,213.172,213.29,213.064,213.214,3744.0
2026-02-09 08:00:00,213.214,213.214,212.824,213.117,7910.0
2026-02-09 09:00:00,213.117,213.118,212.559,213.038,7406.0
2026-02-09 10:00:00,213.04,213.203,212.912,212.991,8290.0
2026-02-09 11:00:00,212.992,213.136,212.827,213.046,8528.0
2026-02-09 12:00:00,213.046,213.322,212.984,213.228,8692.0
2026-02-09 13:00:00,213.226,213.454,213.065,213.379,9222.0
2026-02-09 14:00:00,213.379,213.711,213.272,213.622,7275.0
2026-02-09 15:00:00,213.625,213.635,212.828,212.857,9573.0
2026-02-09 16:00:00,212.856,212.872,212.124,212.315,11108.0
2026-02-09 17:00:00,212.305,213.256,212.292,213.168,8630.0
2026-02-09 18:00:00,213.177,213.388,213.172,213.309,6610.0
2026-02-09 19:00:00,213.309,213.376,213.174,213.229,4837.0
2026-02-09 20:00:00,213.227,213.462,213.169,213.433,4821.0
2026-02-09 21:00:00,213.434,213.447,213.195,213.278,4195.0
2026-02-09 22:00:00,213.281,213.5,213.273,213.465,3729.0
2026-02-09 23:00:00,213.464,213.564,213.405,213.483,2703.0
2026-02-10 00:00:00,213.379,213.729,213.187,213.368,2453.0
2026-02-10 01:00:00,213.367,213.672,213.276,213.617,2484.0
2026-02-10 02:00:00,213.617,213.725,213.37,213.392,4552.0
2026-02-10 03:00:00,213.391,213.44,213.08,213.11,6938.0
2026-02-10 04:00:00,213.112,213.262,212.698,212.753,5386.0
2026-02-10 05:00:00,212.753,212.777,212.408,212.571,5157.0
2026-02-10 06:00:00,212.568,212.574,212.309,212.423,3994.0
2026-02-10 07:00:00,212.426,212.45,212.167,212.43,3999.0
2026-02-10 08:00:00,212.43,212.525,212.323,212.473,4843.0
2026-02-10 09:00:00,212.476,212.74,212.335,212.686,5287.0
2026-02-10 10:00:00,212.688,212.789,212.515,212.648,6634.0
2026-02-10 11:00:00,212.648,212.691,212.176,212.245,6321.0
2026-02-10 12:00:00,212.245,212.263,211.893,211.995,5959.0
2026-02-10 13:00:00,211.991,212.175,211.942,212.146,4463.0
2026-02-10 14:00:00,212.148,212.51,212.053,212.367,6755.0
2026-02-10 15:00:00,212.375,212.449,211.651,211.731,9114.0
2026-02-10 16:00:00,211.73,211.774,210.945,211.162,10226.0
2026-02-10 17:00:00,211.164,211.171,210.619,210.869,10095.0
2026-02-10 18:00:00,210.865,210.889,210.544,210.813,8040.0
2026-02-10 19:00:00,210.811,210.843,210.622,210.782,5829.0
2026-02-10 20:00:00,210.784,210.855,210.743,210.802,5003.0
2026-02-10 21:00:00,210.802,210.88,210.683,210.746,4525.0
2026-02-10 22:00:00,210.746,210.766,210.516,210.57,4005.0
2026-02-10 23:00:00,210.573,210.627,210.488,210.603,2364.0
2026-02-11 00:00:00,210.598,210.751,210.388,210.527,1838.0
2026-02-11 01:00:00,210.527,210.668,210.499,210.629,2268.0
2026-02-11 02:00:00,210.629,210.649,210.086,210.108,5528.0
2026-02-11 03:00:00,210.108,210.179,209.943,210.091,6691.0
2026-02-11 04:00:00,210.091,210.109,209.803,209.807,5393.0
2026-02-11 05:00:00,209.808,209.981,209.786,209.844,4137.0
2026-02-11 06:00:00,209.844,209.877,209.404,209.417,3582.0
2026-02-11 07:00:00,209.417,209.502,209.139,209.199,4577.0
2026-02-11 08:00:00,209.201,209.365,208.987,209.355,6116.0
2026-02-11 09:00:00,209.355,209.555,209.268,209.363,5883.0
2026-02-11 10:00:00,209.364,209.739,209.294,209.688,7360.0
2026-02-11 11:00:00,209.701,210.011,209.679,209.826,6077.0
2026-02-11 12:00:00,209.824,210.182,209.728,210.132,5956.0
2026-02-11 13:00:00,210.135,210.235,210.075,210.157,5841.0
2026-02-11 14:00:00,210.153,210.234,210.06,210.122,6575.0
2026-02-11 15:00:00,210.128,210.513,208.636,209.853,13105.0
2026-02-11 16:00:00,209.852,210.121,209.383,209.539,13762.0
2026-02-11 17:00:00,209.549,209.602,209.193,209.434,12241.0
2026-02-11 18:00:00,209.436,209.483,208.784,208.791,8726.0
2026-02-11 19:00:00,208.788,208.884,208.443,208.73,8484.0
2026-02-11 20:00:00,208.73,208.746,208.176,208.289,7301.0
2026-02-11 21:00:00,208.283,208.509,208.277,208.505,5828.0
2026-02-11 22:00:00,208.505,208.798,208.493,208.701,4442.0
2026-02-11 23:00:00,208.701,208.903,208.701,208.862,2876.0
2026-02-12 00:00:00,208.821,208.821,208.513,208.632,2210.0
2026-02-12 01:00:00,208.633,208.822,208.54,208.796,2965.0
2026-02-12 02:00:00,208.795,209.007,208.589,208.713,5925.0
2026-02-12 03:00:00,208.713,208.79,208.349,208.492,7388.0
2026-02-12 04:00:00,208.492,208.531,207.954,207.989,5588.0
2026-02-12 05:00:00,207.989,208.018,207.633,207.964,6542.0
2026-02-12 06:00:00,207.965,208.266,207.782,208.266,5153.0
2026-02-12 07:00:00,208.264,208.626,208.235,208.556,5124.0
2026-02-12 08:00:00,208.558,208.954,208.385,208.76,8258.0
2026-02-12 09:00:00,208.744,208.796,208.389,208.626,7382.0
2026-02-12 10:00:00,208.619,208.658,208.39,208.537,7803.0
2026-02-12 11:00:00,208.535,208.839,208.484,208.711,7042.0
2026-02-12 12:00:00,208.711,208.828,208.593,208.828,5720.0
2026-02-12 13:00:00,208.827,209.311,208.772,209.258,5048.0
2026-02-12 14:00:00,209.257,209.536,209.197,209.438,7008.0
2026-02-12 15:00:00,209.451,209.552,209.144,209.205,7997.0
2026-02-12 16:00:00,209.208,209.279,208.937,209.102,9377.0
2026-02-12 17:00:00,209.105,209.128,208.343,208.422,9756.0
2026-02-12 18:00:00,208.422,208.499,207.56,208.096,13428.0
2026-02-12 19:00:00,208.097,208.274,207.874,208.173,10318.0
2026-02-12 20:00:00,208.173,208.301,207.91,208.235,9346.0
2026-02-12 21:00:00,208.235,208.391,208.178,208.31,5792.0
2026-02-12 22:00:00,208.312,208.338,207.978,207.978,4940.0
2026-02-12 23:00:00,207.979,208.128,207.978,208.046,3160.0
2026-02-13 00:00:00,208.035,208.059,207.855,207.905,2074.0
2026-02-13 01:00:00,207.902,208.177,207.872,208.078,3344.0
2026-02-13 02:00:00,208.073,208.317,207.995,208.088,6618.0
2026-02-13 03:00:00,208.085,208.787,208.081,208.704,6920.0
2026-02-13 04:00:00,208.698,208.763,208.468,208.602,4421.0
2026-02-13 05:00:00,208.601,208.614,208.163,208.242,4437.0
2026-02-13 06:00:00,208.238,208.61,208.108,208.606,4305.0
2026-02-13 07:00:00,208.606,208.654,208.346,208.535,5095.0
2026-02-13 08:00:00,208.538,208.655,208.312,208.651,6151.0
2026-02-13 09:00:00,208.651,208.97,208.574,208.847,6925.0
2026-02-13 10:00:00,208.834,209.329,208.806,209.223,7574.0
2026-02-13 11:00:00,209.224,209.322,209.096,209.12,6640.0
2026-02-13 12:00:00,209.123,209.236,208.957,208.96,5780.0
2026-02-13 13:00:00,208.96,208.961,208.491,208.615,7109.0
2026-02-13 14:00:00,208.614,208.684,208.496,208.527,6511.0
2026-02-13 15:00:00,208.529,208.732,208.45,208.681,10343.0
2026-02-13 16:00:00,208.68,208.789,208.048,208.537,12463.0
2026-02-13 17:00:00,208.538,208.976,208.263,208.454,11636.0
2026-02-13 18:00:00,208.453,208.554,208.259,208.437,8639.0
2026-02-13 19:00:00,208.436,208.658,208.262,208.554,6524.0
2026-02-13 20:00:00,208.554,208.692,208.507,208.644,4898.0
2026-02-16 00:00:00,208.286,208.448,208.116,208.206,3308.0
2026-02-16 01:00:00,208.206,208.581,208.182,208.527,3758.0
2026-02-16 02:00:00,208.526,208.874,208.493,208.842,5472.0
2026-02-16 03:00:00,208.842,208.896,208.687,208.773,4840.0
2026-02-16 04:00:00,208.772,208.87,208.713,208.739,4333.0
2026-02-16 05:00:00,208.737,208.83,208.701,208.81,3255.0
2026-02-16 06:00:00,208.81,209.013,208.712,209.004,3132.0
2026-02-16 07:00:00,209.006,209.008,208.882,208.942,2424.0
2026-02-16 08:00:00,208.945,209.013,208.88,208.923,3031.0
2026-02-16 09:00:00,208.923,209.293,208.898,209.219,4048.0
2026-02-16 10:00:00,209.219,209.452,209.138,209.342,6345.0
2026-02-16 11:00:00,209.343,209.643,209.305,209.541,5352.0
2026-02-16 12:00:00,209.543,209.685,209.503,209.573,4463.0
2026-02-16 13:00:00,209.576,209.604,209.245,209.267,3858.0
2026-02-16 14:00:00,209.263,209.342,209.19,209.239,3771.0
2026-02-16 15:00:00,209.236,209.256,208.965,209.041,4052.0
2026-02-16 16:00:00,209.043,209.137,208.971,209.116,4086.0
2026-02-16 17:00:00,209.116,209.217,209.012,209.209,4089.0
2026-02-16 18:00:00,209.211,209.273,209.111,209.186,3615.0
2026-02-16 19:00:00,209.186,209.269,209.135,209.136,1914.0
2026-02-16 20:00:00,209.136,209.249,209.129,209.213,1135.0
2026-02-16 21:00:00,209.213,209.263,209.193,209.232,806.0
2026-02-16 22:00:00,209.231,209.232,209.176,209.23,815.0
2026-02-16 23:00:00,209.23,209.239,209.139,209.214,1122.0
2026-02-17 00:00:00,209.052,209.193,209.026,209.168,1149.0
2026-02-17 01:00:00,209.166,209.492,209.107,209.256,2845.0
2026-02-17 02:00:00,209.256,209.299,208.625,208.633,6618.0
2026-02-17 03:00:00,208.628,208.906,208.504,208.535,6638.0
2026-02-17 04:00:00,208.532,208.675,208.414,208.473,4951.0
2026-02-17 05:00:00,208.472,208.517,208.26,208.516,5029.0
2026-02-17 06:00:00,208.516,208.524,208.239,208.377,4482.0
2026-02-17 07:00:00,208.381,208.408,208.042,208.13,5681.0
2026-02-17 08:00:00,208.131,208.236,208.063,208.207,4366.0
2026-02-17 09:00:00,208.207,208.207,207.347,207.624,7401.0
2026-02-17 10:00:00,207.622,207.907,207.486,207.487,7357.0
2026-02-17 11:00:00,207.487,207.913,207.478,207.811,5568.0
2026-02-17 12:00:00,207.812,208.211,207.779,207.996,5369.0
2026-02-17 13:00:00,207.995,208.038,207.687,207.72,6209.0
2026-02-17 14:00:00,207.722,207.812,207.378,207.381,6311.0
2026-02-17 15:00:00,207.383,207.552,207.233,207.3,8581.0
2026-02-17 16:00:00,207.302,207.678,207.27,207.478,10527.0
2026-02-17 17:00:00,207.479,207.88,207.416,207.675,11049.0
2026-02-17 18:00:00,207.672,207.926,207.672,207.901,8453.0
2026-02-17 19:00:00,207.903,207.937,207.767,207.899,6394.0
2026-02-17 20:00:00,207.901,207.981,207.754,207.936,5204.0
2026-02-17 21:00:00,207.936,208.009,207.803,207.831,4123.0
2026-02-17 22:00:00,207.829,207.889,207.771,207.888,3643.0
2026-02-17 23:00:00,207.888,207.975,207.811,207.962,2106.0
2026-02-18 00:00:00,207.918,207.918,207.607,207.831,2194.0
2026-02-18 01:00:00,207.833,208.0,207.687,207.693,2756.0
2026-02-18 02:00:00,207.693,207.924,207.625,207.811,5511.0
2026-02-18 03:00:00,207.81,208.049,207.768,208.045,4470.0
2026-02-18 04:00:00,208.044,208.316,208.016,208.085,3660.0
2026-02-18 05:00:00,208.087,208.198,208.036,208.178,3352.0
2026-02-18 06:00:00,208.178,208.195,208.095,208.185,3466.0
2026-02-18 07:00:00,208.186,208.24,208.063,208.072,2667.0
2026-02-18 08:00:00,208.072,208.136,207.981,208.116,3852.0
2026-02-18 09:00:00,208.117,208.449,207.987,208.397,5077.0
2026-02-18 10:00:00,208.399,208.575,208.286,208.53,5820.0
2026-02-18 11:00:00,208.531,208.729,208.528,208.678,4681.0
2026-02-18 12:00:00,208.678,208.835,208.638,208.66,4457.0
2026-02-18 13:00:00,208.661,208.676,208.535,208.636,3407.0
2026-02-18 14:00:00,208.638,208.8,208.491,208.597,5411.0
2026-02-18 15:00:00,208.599,208.724,208.505,208.624,6433.0
2026-02-18 16:00:00,208.627,209.114,208.558,208.992,9217.0
2026-02-18 17:00:00,208.983,209.214,208.834,208.987,7154.0
2026-02-18 18:00:00,208.985,209.199,208.953,209.032,6277.0
2026-02-18 19:00:00,209.033,209.091,208.895,208.953,4283.0
2026-02-18 20:00:00,208.952,209.117,208.952,209.108,5094.0
2026-02-18 21:00:00,209.109,209.117,208.591,208.877,7291.0
2026-02-18 22:00:00,208.877,209.012,208.866,208.996,4065.0
2026-02-18 23:00:00,208.996,209.044,208.86,208.882,2351.0
2026-02-19 00:00:00,208.805,208.92,208.71,208.82,2146.0
2026-02-19 01:00:00,208.82,208.921,208.749,208.749,2353.0
2026-02-19 02:00:00,208.752,208.894,208.642,208.729,5504.0
2026-02-19 03:00:00,208.728,209.157,208.728,209.13,5176.0
2026-02-19 04:00:00,209.129,209.214,208.858,209.166,4496.0
2026-02-19 05:00:00,209.166,209.455,209.107,209.3,4485.0
2026-02-19 06:00:00,209.3,209.445,209.148,209.156,3669.0
2026-02-19 07:00:00,209.156,209.463,209.146,209.461,4154.0
2026-02-19 08:00:00,209.462,209.482,209.233,209.343,4108.0
2026-02-19 09:00:00,209.341,209.54,209.32,209.374,4557.0
2026-02-19 10:00:00,209.375,209.471,208.969,209.089,7030.0
2026-02-19 11:00:00,209.09,209.325,208.881,209.061,6061.0
2026-02-19 12:00:00,209.061,209.095,208.612,208.675,5545.0
2026-02-19 13:00:00,208.673,208.701,208.203,208.224,5632.0
2026-02-19 14:00:00,208.221,208.43,208.084,208.412,5868.0
2026-02-19 15:00:00,208.413,208.652,208.279,208.625,7326.0
2026-02-19 16:00:00,208.625,208.722,208.468,208.692,9698.0
2026-02-19 17:00:00,208.692,208.894,208.534,208.535,10697.0
2026-02-19 18:00:00,208.537,208.557,208.276,208.35,7969.0
2026-02-19 19:00:00,208.35,208.557,208.276,208.535,5825.0
2026-02-19 20:00:00,208.537,208.584,208.45,208.459,4859.0
2026-02-19 21:00:00,208.459,208.638,208.448,208.608,5006.0
2026-02-19 22:00:00,208.61,208.738,208.578,208.73,3464.0
2026-02-19 23:00:00,208.728,208.844,208.635,208.655,3229.0
2026-02-20 00:00:00,208.632,208.691,208.439,208.612,2208.0
2026-02-20 01:00:00,208.613,208.951,208.581,208.892,2581.0
2026-02-20 02:00:00,208.894,208.916,208.55,208.751,4839.0
2026-02-20 03:00:00,208.759,208.893,208.589,208.618,6118.0
2026-02-20 04:00:00,208.615,208.65,208.386,208.601,4651.0
2026-02-20 05:00:00,208.601,208.674,208.493,208.544,3015.0
2026-02-20 06:00:00,208.547,208.634,208.508,208.591,3582.0
2026-02-20 07:00:00,208.591,208.825,208.551,208.798,4450.0
2026-02-20 08:00:00,208.797,208.866,208.625,208.653,4351.0
2026-02-20 09:00:00,208.643,209.092,208.554,209.075,6410.0
2026-02-20 10:00:00,209.073,209.286,208.851,209.254,7483.0
2026-02-20 11:00:00,209.255,209.503,209.228,209.264,5828.0
2026-02-20 12:00:00,209.267,209.372,209.073,209.108,5193.0
2026-02-20 13:00:00,209.108,209.184,208.96,209.088,5183.0
2026-02-20 14:00:00,209.091,209.299,209.048,209.172,5465.0
2026-02-20 15:00:00,209.176,209.614,209.143,209.602,7988.0
2026-02-20 16:00:00,209.599,209.641,209.354,209.452,8544.0
2026-02-20 17:00:00,209.45,209.685,209.021,209.061,15928.0
2026-02-20 18:00:00,209.065,209.227,208.971,209.21,9577.0
2026-02-20 19:00:00,209.21,209.275,209.061,209.08,8673.0
2026-02-20 20:00:00,209.08,209.228,208.956,209.2,9209.0
2026-02-23 00:00:00,208.75,209.126,208.694,208.932,2154.0
2026-02-23 01:00:00,208.935,209.075,208.761,208.865,5745.0
2026-02-23 02:00:00,208.867,208.875,208.388,208.394,6565.0
2026-02-23 03:00:00,208.394,208.531,208.22,208.487,7161.0
2026-02-23 04:00:00,208.484,208.663,208.365,208.547,5437.0
2026-02-23 05:00:00,208.553,208.672,208.505,208.519,3855.0
2026-02-23 06:00:00,208.52,208.772,208.45,208.737,3236.0
2026-02-23 07:00:00,208.739,208.82,208.694,208.803,2881.0
2026-02-23 08:00:00,208.8,208.998,208.702,208.987,4252.0
2026-02-23 09:00:00,208.987,209.141,208.908,208.953,5606.0
2026-02-23 10:00:00,208.949,209.151,208.922,209.112,7061.0
2026-02-23 11:00:00,209.112,209.205,208.996,209.121,5305.0
2026-02-23 12:00:00,209.118,209.225,209.085,209.09,4805.0
2026-02-23 13:00:00,209.09,209.168,208.925,209.003,5097.0
2026-02-23 14:00:00,209.005,209.051,208.802,208.907,5934.0
2026-02-23 15:00:00,208.906,208.949,208.68,208.831,7155.0
2026-02-23 16:00:00,208.833,209.109,208.776,208.953,8578.0
2026-02-23 17:00:00,208.955,208.984,208.312,208.393,9233.0
2026-02-23 18:00:00,208.394,208.543,208.242,208.412,8179.0
2026-02-23 19:00:00,208.412,208.419,208.141,208.36,6125.0
2026-02-23 20:00:00,208.36,208.739,208.353,208.529,5014.0
2026-02-23 21:00:00,208.533,208.629,208.499,208.566,4356.0
2026-02-23 22:00:00,208.567,208.736,208.561,208.732,3316.0
2026-02-23 23:00:00,208.731,208.859,208.613,208.646,2431.0
2026-02-24 00:00:00,208.566,208.612,208.428,208.478,4977.0
2026-02-24 01:00:00,208.478,208.759,208.436,208.724,2776.0
2026-02-24 02:00:00,208.724,208.989,208.698,208.982,5204.0
2026-02-24 03:00:00,208.978,209.145,208.917,209.07,6852.0
2026-02-24 04:00:00,209.068,209.241,208.94,209.107,5123.0
2026-02-24 05:00:00,209.109,209.244,209.081,209.226,3873.0
2026-02-24 06:00:00,209.224,209.367,209.182,209.313,3667.0
2026-02-24 07:00:00,209.311,209.392,209.257,209.3,3789.0
2026-02-24 08:00:00,209.3,209.332,209.019,209.021,4389.0
2026-02-24 09:00:00,209.022,210.467,208.98,210.393,9169.0
2026-02-24 10:00:00,210.394,210.732,210.233,210.294,8383.0
2026-02-24 11:00:00,210.293,210.456,210.158,210.397,5937.0
2026-02-24 12:00:00,210.397,210.48,210.247,210.35,4992.0
2026-02-24 13:00:00,210.347,210.351,209.989,210.224,4978.0
2026-02-24 14:00:00,210.224,210.375,210.12,210.264,5479.0
2026-02-24 15:00:00,210.264,210.467,210.148,210.458,6298.0
2026-02-24 16:00:00,210.456,210.585,210.312,210.534,8475.0
2026-02-24 17:00:00,210.543,210.841,210.438,210.704,8690.0
2026-02-24 18:00:00,210.708,210.77,210.523,210.605,7085.0
2026-02-24 19:00:00,210.605,210.629,210.415,210.554,4775.0
2026-02-24 20:00:00,210.555,210.557,210.404,210.415,4026.0
2026-02-24 21:00:00,210.418,210.453,210.323,210.328,3832.0
2026-02-24 22:00:00,210.328,210.416,210.283,210.4,3633.0
2026-02-24 23:00:00,210.397,210.43,210.266,210.278,2621.0
2026-02-25 00:00:00,210.132,210.339,210.081,210.201,2883.0
2026-02-25 01:00:00,210.201,210.424,210.157,210.403,2167.0
2026-02-25 02:00:00,210.403,210.509,210.204,210.211,4896.0
2026-02-25 03:00:00,210.211,210.402,210.173,210.342,5545.0
2026-02-25 04:00:00,210.343,210.406,210.076,210.169,6419.0
2026-02-25 05:00:00,210.168,210.798,210.008,210.561,7551.0
2026-02-25 06:00:00,210.562,210.841,210.485,210.501,4517.0
2026-02-25 07:00:00,210.5,210.615,210.368,210.392,4117.0
2026-02-25 08:00:00,210.392,210.681,210.318,210.609,4630.0
2026-02-25 09:00:00,210.612,210.93,210.532,210.905,5539.0
2026-02-25 10:00:00,210.906,211.267,210.855,211.263,6476.0
2026-02-25 11:00:00,211.262,211.705,211.251,211.634,7412.0
2026-02-25 12:00:00,211.633,211.852,211.602,211.818,5301.0
2026-02-25 13:00:00,211.819,211.829,211.507,211.754,4462.0
2026-02-25 14:00:00,211.754,211.922,211.585,211.876,5053.0
2026-02-25 15:00:00,211.874,212.029,211.638,211.663,5975.0
2026-02-25 16:00:00,211.662,211.814,211.474,211.759,7537.0
2026-02-25 17:00:00,211.756,211.757,211.471,211.624,8447.0
2026-02-25 18:00:00,211.626,211.87,211.611,211.797,6197.0
2026-02-25 19:00:00,211.797,212.025,211.789,211.909,4474.0
2026-02-25 20:00:00,211.909,212.043,211.843,211.956,3187.0
2026-02-25 21:00:00,211.956,212.119,211.909,211.986,2885.0
2026-02-25 22:00:00,211.988,212.051,211.905,212.036,2667.0
2026-02-25 23:00:00,212.037,212.088,211.974,212.012,2516.0
2026-02-26 00:00:00,211.91,212.028,211.663,211.822,2789.0
2026-02-26 01:00:00,211.824,211.92,211.665,211.73,3966.0
2026-02-26 02:00:00,211.73,211.785,211.534,211.581,5202.0
2026-02-26 03:00:00,211.582,211.709,211.462,211.514,6172.0
2026-02-26 04:00:00,211.514,211.554,211.382,211.511,5043.0
2026-02-26 05:00:00,211.509,211.52,211.33,211.39,3960.0
2026-02-26 06:00:00,211.386,211.567,211.334,211.371,3609.0
2026-02-26 07:00:00,211.374,211.47,211.159,211.47,4933.0
2026-02-26 08:00:00,211.467,211.561,211.409,211.442,4628.0
2026-02-26 09:00:00,211.449,211.627,211.326,211.395,5729.0
2026-02-26 10:00:00,211.394,211.394,210.876,210.967,7160.0
2026-02-26 11:00:00,210.969,211.171,210.832,211.123,5389.0
2026-02-26 12:00:00,211.122,211.195,211.042,211.098,4076.0
2026-02-26 13:00:00,211.096,211.281,211.082,211.158,3973.0
2026-02-26 14:00:00,211.159,211.509,211.129,211.455,4389.0
2026-02-26 15:00:00,211.456,211.565,211.287,211.388,6522.0
2026-02-26 16:00:00,211.385,211.556,211.122,211.211,8237.0
2026-02-26 17:00:00,211.211,211.369,210.63,210.88,10696.0
2026-02-26 18:00:00,210.88,211.092,210.782,210.817,7538.0
2026-02-26 19:00:00,210.817,210.903,210.304,210.357,6864.0
2026-02-26 20:00:00,210.361,210.578,210.265,210.573,6208.0
2026-02-26 21:00:00,210.58,210.69,210.543,210.58,4504.0
2026-02-26 22:00:00,210.578,210.641,210.531,210.641,3220.0
2026-02-26 23:00:00,210.648,210.666,210.398,210.492,2378.0
2026-02-27 00:00:00,210.431,210.489,210.278,210.411,3092.0
2026-02-27 01:00:00,210.411,210.448,210.223,210.276,2746.0
2026-02-27 02:00:00,210.278,210.382,209.979,210.228,5995.0
2026-02-27 03:00:00,210.228,210.307,210.059,210.21,7376.0
2026-02-27 04:00:00,210.212,210.274,210.042,210.059,3933.0
2026-02-27 05:00:00,210.062,210.236,210.055,210.162,3817.0
2026-02-27 06:00:00,210.161,210.25,209.943,209.981,3851.0
2026-02-27 07:00:00,209.984,210.215,209.938,210.212,3808.0
2026-02-27 08:00:00,210.213,210.232,209.929,209.963,4532.0
2026-02-27 09:00:00,209.962,210.576,209.958,210.526,6071.0
2026-02-27 10:00:00,210.524,210.804,210.464,210.728,6681.0
2026-02-27 11:00:00,210.725,210.833,210.445,210.455,6060.0
2026-02-27 12:00:00,210.453,210.487,210.153,210.189,5473.0
2026-02-27 13:00:00,210.19,210.196,209.943,209.956,4687.0
2026-02-27 14:00:00,209.953,210.152,209.932,209.997,5183.0
2026-02-27 15:00:00,209.996,210.225,209.801,209.962,9344.0
2026-02-27 16:00:00,209.965,210.192,209.953,210.063,8965.0
2026-02-27 17:00:00,210.063,210.16,209.815,209.815,9806.0
2026-02-27 18:00:00,209.815,210.107,209.799,209.967,7652.0
2026-02-27 19:00:00,209.965,210.072,209.927,210.049,6418.0
2026-02-27 20:00:00,210.051,210.207,210.032,210.19,4383.0
2026-03-02 00:00:00,209.116,209.593,208.971,209.381,2249.0
2026-03-02 01:00:00,209.38,210.073,209.38,209.972,8660.0
2026-03-02 02:00:00,209.969,210.161,209.794,210.081,9184.0
2026-03-02 03:00:00,210.079,210.466,210.077,210.122,10248.0
2026-03-02 04:00:00,210.122,210.26,210.042,210.12,7075.0
2026-03-02 05:00:00,210.117,210.27,210.08,210.209,5782.0
2026-03-02 06:00:00,210.209,210.406,210.147,210.347,5296.0
2026-03-02 07:00:00,210.346,210.534,210.308,210.388,6363.0
2026-03-02 08:00:00,210.391,210.415,209.842,209.945,9143.0
2026-03-02 09:00:00,209.944,210.063,209.505,209.758,10430.0
2026-03-02 10:00:00,209.764,209.94,209.352,209.566,10379.0
2026-03-02 11:00:00,209.565,209.971,209.493,209.96,8437.0
2026-03-02 12:00:00,209.961,210.412,209.898,210.368,6834.0
2026-03-02 13:00:00,210.367,210.625,210.271,210.518,6384.0
2026-03-02 14:00:00,210.515,210.883,210.505,210.822,8129.0
2026-03-02 15:00:00,210.819,211.057,210.722,210.802,9819.0
2026-03-02 16:00:00,210.794,211.369,210.66,211.229,11664.0
2026-03-02 17:00:00,211.206,211.381,210.759,210.917,11451.0
2026-03-02 18:00:00,210.917,210.917,210.51,210.878,9791.0
2026-03-02 19:00:00,210.878,211.158,210.813,211.107,7265.0
2026-03-02 20:00:00,211.108,211.116,210.909,210.971,4895.0
2026-03-02 21:00:00,210.971,211.113,210.937,211.029,5563.0
2026-03-02 22:00:00,211.028,211.032,210.76,210.87,9081.0
2026-03-02 23:00:00,210.872,211.057,210.821,210.928,3709.0
2026-03-03 00:00:00,210.932,211.079,210.728,210.887,1534.0
2026-03-03 01:00:00,210.887,210.996,210.782,210.865,3566.0
2026-03-03 02:00:00,210.867,211.214,210.743,211.212,6465.0
2026-03-03 03:00:00,211.212,211.363,210.908,210.916,8248.0
2026-03-03 04:00:00,210.917,210.951,210.698,210.791,7536.0
2026-03-03 05:00:00,210.791,210.873,210.664,210.744,5674.0
2026-03-03 06:00:00,210.746,210.774,210.648,210.655,5675.0
2026-03-03 07:00:00,210.661,210.753,210.303,210.329,6626.0
2026-03-03 08:00:00,210.331,210.385,210.011,210.067,7688.0
2026-03-03 09:00:00,210.073,210.086,209.768,209.918,9069.0
2026-03-03 10:00:00,209.926,210.043,209.527,209.556,11088.0
2026-03-03 11:00:00,209.556,209.752,209.449,209.67,10279.0
2026-03-03 12:00:00,209.665,209.919,209.64,209.691,9663.0
2026-03-03 13:00:00,209.692,209.91,209.426,209.605,11118.0
2026-03-03 14:00:00,209.603,210.117,209.556,210.009,10581.0
2026-03-03 15:00:00,210.009,210.094,209.761,209.895,10886.0
2026-03-03 16:00:00,209.893,210.171,209.502,209.513,12279.0
2026-03-03 17:00:00,209.516,210.061,209.218,209.959,15109.0
2026-03-03 18:00:00,209.958,210.215,209.909,210.175,13370.0
2026-03-03 19:00:00,210.177,210.39,209.942,210.286,11105.0
2026-03-03 20:00:00,210.29,210.532,210.253,210.523,8633.0
2026-03-03 21:00:00,210.523,210.624,210.388,210.572,9324.0
2026-03-03 22:00:00,210.572,210.679,210.48,210.661,7635.0
2026-03-03 23:00:00,210.661,210.732,210.579,210.589,3803.0
2026-03-04 00:00:00,210.536,210.628,210.204,210.316,2939.0
2026-03-04 01:00:00,210.315,210.694,210.315,210.636,3958.0
2026-03-04 02:00:00,210.642,210.676,209.972,210.0,8573.0
2026-03-04 03:00:00,210.001,210.2,209.795,209.996,9604.0
2026-03-04 04:00:00,209.994,210.173,209.939,210.081,7780.0
2026-03-04 05:00:00,210.08,210.122,209.867,209.966,6251.0
2026-03-04 06:00:00,209.964,209.975,209.492,209.504,6296.0
2026-03-04 07:00:00,209.502,209.913,209.495,209.844,6818.0
2026-03-04 08:00:00,209.858,210.038,209.729,209.908,6703.0
2026-03-04 09:00:00,209.91,210.451,209.805,210.359,8472.0
2026-03-04 10:00:00,210.358,210.38,209.954,209.957,9923.0
2026-03-04 11:00:00,209.955,210.332,209.851,210.03,8905.0
2026-03-04 12:00:00,210.03,210.452,210.003,210.425,10613.0
2026-03-04 13:00:00,210.425,210.563,210.147,210.329,8343.0
2026-03-04 14:00:00,210.33,210.342,209.973,210.044,8738.0
2026-03-04 15:00:00,210.045,210.309,210.009,210.188,9691.0
2026-03-04 16:00:00,210.19,210.486,210.079,210.135,11498.0
2026-03-04 17:00:00,210.178,210.395,209.962,209.983,11902.0
2026-03-04 18:00:00,209.986,210.055,209.72,209.788,8636.0
2026-03-04 19:00:00,209.788,209.819,209.487,209.735,6979.0
2026-03-04 20:00:00,209.735,209.843,209.683,209.819,5258.0
2026-03-04 21:00:00,209.82,209.992,209.754,209.985,5234.0
2026-03-04 22:00:00,209.982,210.158,209.933,210.125,4875.0
2026-03-04 23:00:00,210.127,210.149,209.932,209.965,3272.0
2026-03-05 00:00:00,209.936,209.99,209.848,209.851,3849.0
2026-03-05 01:00:00,209.851,210.007,209.846,209.866,3290.0
2026-03-05 02:00:00,209.867,209.867,209.521,209.562,6211.0
2026-03-05 03:00:00,209.559,209.708,209.365,209.549,9550.0
2026-03-05 04:00:00,209.547,209.76,209.46,209.75,7158.0
2026-03-05 05:00:00,209.749,209.775,209.338,209.441,7460.0
2026-03-05 06:00:00,209.438,209.561,209.384,209.539,6036.0
2026-03-05 07:00:00,209.54,209.621,209.277,209.288,6616.0
2026-03-05 08:00:00,209.288,209.406,209.186,209.371,8262.0
2026-03-05 09:00:00,209.371,209.816,209.371,209.809,7544.0
2026-03-05 10:00:00,209.808,209.817,209.357,209.59,9345.0
2026-03-05 11:00:00,209.588,209.922,209.542,209.879,12596.0
2026-03-05 12:00:00,209.879,210.017,209.709,209.992,7672.0
2026-03-05 13:00:00,209.995,210.257,209.965,210.199,7057.0
2026-03-05 14:00:00,210.199,210.468,210.166,210.455,7909.0
2026-03-05 15:00:00,210.453,210.565,210.337,210.542,9373.0
2026-03-05 16:00:00,210.539,210.623,210.172,210.257,10601.0
2026-03-05 17:00:00,210.261,210.274,209.891,209.994,11160.0
2026-03-05 18:00:00,209.988,210.025,209.783,209.877,10814.0
2026-03-05 19:00:00,209.877,210.313,209.856,210.195,10253.0
2026-03-05 20:00:00,210.195,210.475,210.121,210.276,9539.0
2026-03-05 21:00:00,210.276,210.316,210.184,210.206,7084.0
2026-03-05 22:00:00,210.206,210.47,210.202,210.442,9443.0
2026-03-05 23:00:00,210.443,210.479,210.355,210.427,3765.0
2026-03-06 00:00:00,210.352,210.396,209.988,210.308,3823.0
2026-03-06 01:00:00,210.303,210.505,210.17,210.446,3199.0
2026-03-06 02:00:00,210.445,210.517,210.263,210.369,5850.0
2026-03-06 03:00:00,210.369,210.57,210.349,210.476,8175.0
2026-03-06 04:00:00,210.477,210.601,210.471,210.51,5447.0
2026-03-06 05:00:00,210.512,210.597,210.468,210.59,4079.0
2026-03-06 06:00:00,210.591,210.732,210.574,210.688,3834.0
2026-03-06 07:00:00,210.689,210.903,210.679,210.819,5716.0
2026-03-06 08:00:00,210.819,210.99,210.744,210.859,6294.0
2026-03-06 09:00:00,210.86,210.904,210.588,210.615,6081.0
2026-03-06 10:00:00,210.617,210.788,210.52,210.702,7288.0
2026-03-06 11:00:00,210.701,210.714,210.263,210.332,8746.0
2026-03-06 12:00:00,210.333,210.637,210.306,210.623,7760.0
2026-03-06 13:00:00,210.623,210.649,210.361,210.369,8116.0
2026-03-06 14:00:00,210.369,210.712,210.314,210.561,7910.0
2026-03-06 15:00:00,210.559,210.893,210.5,210.581,13165.0
2026-03-06 16:00:00,210.582,210.806,210.288,210.343,14216.0
2026-03-06 17:00:00,210.341,210.902,210.322,210.52,13594.0
2026-03-06 18:00:00,210.52,211.24,210.52,211.205,11239.0
2026-03-06 19:00:00,211.202,211.358,211.139,211.246,10974.0
2026-03-06 20:00:00,211.248,211.399,211.121,211.259,9337.0
2026-03-09 00:00:00,210.722,211.098,210.712,210.81,1672.0
2026-03-09 01:00:00,210.814,211.114,210.735,210.845,8499.0
2026-03-09 02:00:00,210.844,210.887,210.608,210.764,8864.0
2026-03-09 03:00:00,210.755,211.049,210.661,211.001,9461.0
2026-03-09 04:00:00,211.012,211.017,210.739,210.841,10378.0
2026-03-09 05:00:00,210.838,211.202,210.838,211.153,8873.0
2026-03-09 06:00:00,211.153,211.308,211.086,211.209,7424.0
2026-03-09 07:00:00,211.209,211.387,211.032,211.062,6280.0
2026-03-09 08:00:00,211.062,211.368,210.998,211.169,11119.0
2026-03-09 09:00:00,211.172,211.352,211.067,211.154,9501.0
2026-03-09 10:00:00,211.171,211.49,211.087,211.455,9889.0
2026-03-09 11:00:00,211.46,211.485,211.033,211.282,11886.0
2026-03-09 12:00:00,211.284,211.507,211.13,211.339,11594.0
2026-03-09 13:00:00,211.34,211.482,211.228,211.461,10529.0
2026-03-09 14:00:00,211.462,211.583,211.399,211.519,9935.0
2026-03-09 15:00:00,211.513,211.782,211.46,211.733,9029.0
2026-03-09 16:00:00,211.736,211.831,211.598,211.723,12061.0
2026-03-09 17:00:00,211.726,211.941,211.495,211.876,13883.0
2026-03-09 18:00:00,211.874,212.051,211.617,211.72,10339.0
2026-03-09 19:00:00,211.718,211.963,211.715,211.758,8642.0
2026-03-09 20:00:00,211.759,211.988,211.736,211.94,7148.0
2026-03-09 21:00:00,211.94,212.079,211.937,212.01,6857.0
2026-03-09 22:00:00,212.013,212.183,211.843,211.99,12475.0
2026-03-09 23:00:00,211.989,212.096,211.792,211.906,6195.0
2026-03-10 00:00:00,211.739,211.92,211.638,211.792,1792.0
2026-03-10 01:00:00,211.792,212.064,211.792,211.984,6443.0
2026-03-10 02:00:00,211.981,212.027,211.886,211.931,5447.0
2026-03-10 03:00:00,211.931,212.021,211.703,211.727,8998.0
2026-03-10 04:00:00,211.727,211.831,211.593,211.711,9957.0
2026-03-10 05:00:00,211.711,211.816,211.675,211.812,7415.0
2026-03-10 06:00:00,211.809,211.93,211.766,211.828,6582.0
2026-03-10 07:00:00,211.827,211.874,211.742,211.809,4759.0
2026-03-10 08:00:00,211.808,211.898,211.685,211.801,5110.0
2026-03-10 09:00:00,211.804,212.015,211.733,211.908,6005.0
2026-03-10 10:00:00,211.921,212.089,211.825,211.997,9012.0
2026-03-10 11:00:00,211.994,212.263,211.96,212.251,9397.0
2026-03-10 12:00:00,212.254,212.301,212.091,212.174,7357.0
2026-03-10 13:00:00,212.176,212.292,212.133,212.206,8346.0
2026-03-10 14:00:00,212.207,212.34,212.137,212.147,9439.0
2026-03-10 15:00:00,212.147,212.275,212.069,212.12,10155.0
2026-03-10 16:00:00,212.12,212.4,212.059,212.262,10737.0
2026-03-10 17:00:00,212.266,212.386,212.171,212.365,10503.0
2026-03-10 18:00:00,212.364,212.415,212.092,212.094,9049.0
2026-03-10 19:00:00,212.095,212.208,212.015,212.135,7955.0
2026-03-10 20:00:00,212.136,212.229,212.083,212.168,9368.0
2026-03-10 21:00:00,212.171,212.234,211.988,211.997,11956.0
2026-03-10 22:00:00,211.994,212.176,211.976,212.054,9374.0
2026-03-10 23:00:00,212.059,212.102,211.993,212.053,3865.0
2026-03-11 00:00:00,212.015,212.124,211.978,212.003,3047.0
2026-03-11 01:00:00,211.992,212.164,211.957,212.155,2100.0
2026-03-11 02:00:00,212.155,212.217,212.094,212.166,2877.0
2026-03-11 03:00:00,212.168,212.524,212.13,212.465,6743.0
2026-03-11 04:00:00,212.466,212.856,212.466,212.814,6581.0
2026-03-11 05:00:00,212.815,212.885,212.759,212.848,4433.0
2026-03-11 06:00:00,212.848,212.866,212.741,212.809,4472.0
2026-03-11 07:00:00,212.807,212.891,212.709,212.719,3820.0
2026-03-11 08:00:00,212.72,212.789,212.636,212.717,4693.0
2026-03-11 09:00:00,212.717,212.717,212.365,212.491,5494.0
2026-03-11 10:00:00,212.481,212.653,212.397,212.573,8213.0
2026-03-11 11:00:00,212.572,212.693,212.43,212.68,8638.0
2026-03-11 12:00:00,212.683,212.715,212.395,212.603,8511.0
2026-03-11 13:00:00,212.606,212.885,212.558,212.833,6670.0
2026-03-11 14:00:00,212.832,212.977,212.724,212.833,7188.0
2026-03-11 15:00:00,212.83,212.912,212.449,212.524,10982.0
2026-03-11 16:00:00,212.529,212.755,212.477,212.653,11087.0
2026-03-11 17:00:00,212.651,213.072,212.626,213.013,13135.0
2026-03-11 18:00:00,213.014,213.057,212.75,212.796,8253.0
2026-03-11 19:00:00,212.795,213.035,212.76,212.997,7914.0
2026-03-11 20:00:00,212.996,213.195,212.97,213.019,7179.0
2026-03-11 21:00:00,213.019,213.22,212.998,213.205,5899.0
2026-03-11 22:00:00,213.205,213.303,213.164,213.281,3609.0
2026-03-11 23:00:00,213.281,213.289,213.148,213.194,2688.0
2026-03-12 00:00:00,213.153,213.153,212.916,212.989,1148.0
2026-03-12 01:00:00,212.989,213.063,212.862,212.874,4363.0
2026-03-12 02:00:00,212.874,213.012,212.818,212.894,4064.0
2026-03-12 03:00:00,212.893,213.033,212.743,212.756,6216.0
2026-03-12 04:00:00,212.756,212.808,212.651,212.687,5889.0
2026-03-12 05:00:00,212.689,212.778,212.612,212.671,4921.0
2026-03-12 06:00:00,212.671,212.676,212.567,212.643,4268.0
2026-03-12 07:00:00,212.643,212.702,212.622,212.633,3325.0
2026-03-12 08:00:00,212.635,212.718,212.557,212.712,5261.0
2026-03-12 09:00:00,212.71,212.748,212.572,212.629,5135.0
2026-03-12 10:00:00,212.63,212.767,212.557,212.671,5819.0
2026-03-12 11:00:00,212.671,212.684,212.49,212.569,7203.0
2026-03-12 12:00:00,212.57,212.686,212.519,212.624,6129.0
2026-03-12 13:00:00,212.627,212.634,212.459,212.564,5771.0
2026-03-12 14:00:00,212.562,212.684,212.533,212.609,6280.0
2026-03-12 15:00:00,212.609,212.655,212.438,212.57,8253.0
2026-03-12 16:00:00,212.57,212.744,212.525,212.559,10797.0
2026-03-12 17:00:00,212.561,212.701,212.506,212.614,11371.0
2026-03-12 18:00:00,212.615,212.645,212.406,212.519,11629.0
2026-03-12 19:00:00,212.518,212.697,212.443,212.513,10165.0
2026-03-12 20:00:00,212.513,212.789,212.509,212.786,8599.0
2026-03-12 21:00:00,212.786,212.87,212.667,212.68,7233.0
2026-03-12 22:00:00,212.683,212.767,212.635,212.725,5791.0
2026-03-12 23:00:00,212.726,212.759,212.611,212.616,3817.0
2026-03-13 00:00:00,212.574,212.643,212.344,212.494,2895.0
2026-03-13 01:00:00,212.494,212.736,212.494,212.623,4082.0
2026-03-13 02:00:00,212.624,212.711,212.559,212.613,3228.0
2026-03-13 03:00:00,212.613,212.704,212.429,212.604,5974.0
2026-03-13 04:00:00,212.604,212.725,212.594,212.723,5365.0
2026-03-13 05:00:00,212.725,212.817,212.633,212.674,5500.0
2026-03-13 06:00:00,212.674,212.717,212.598,212.685,4994.0
2026-03-13 07:00:00,212.684,212.879,212.573,212.648,5034.0
2026-03-13 08:00:00,212.646,212.649,212.409,212.557,4377.0
2026-03-13 09:00:00,212.559,212.563,212.213,212.299,6692.0
2026-03-13 10:00:00,212.295,212.297,211.649,211.727,8807.0
2026-03-13 11:00:00,211.723,211.723,211.282,211.285,9468.0
2026-03-13 12:00:00,211.285,211.616,211.251,211.505,7632.0
2026-03-13 13:00:00,211.505,211.62,211.311,211.367,7082.0
2026-03-13 14:00:00,211.367,211.465,211.132,211.134,8119.0
2026-03-13 15:00:00,211.133,211.521,211.097,211.455,10177.0
2026-03-13 16:00:00,211.453,211.531,211.251,211.292,10103.0
2026-03-13 17:00:00,211.294,211.445,211.129,211.248,10770.0
2026-03-13 18:00:00,211.246,211.361,211.145,211.206,10772.0
2026-03-13 19:00:00,211.207,211.391,211.181,211.391,10643.0
2026-03-13 20:00:00,211.389,211.517,211.339,211.373,8041.0
2026-03-16 00:00:00,211.416,211.416,210.852,211.152,1538.0
2026-03-16 01:00:00,211.178,211.363,211.034,211.203,5304.0
2026-03-16 02:00:00,211.203,211.396,211.13,211.361,4146.0
2026-03-16 03:00:00,211.361,211.421,211.176,211.287,6764.0
2026-03-16 04:00:00,211.285,211.4,211.237,211.38,6392.0
2026-03-16 05:00:00,211.382,211.566,211.358,211.514,5627.0
2026-03-16 06:00:00,211.515,211.578,211.473,211.516,4162.0
2026-03-16 07:00:00,211.518,211.582,211.429,211.435,3092.0
2026-03-16 08:00:00,211.436,211.485,211.136,211.137,4409.0
2026-03-16 09:00:00,211.138,211.204,210.95,211.06,4734.0
2026-03-16 10:00:00,211.062,211.072,210.809,210.956,6701.0
2026-03-16 11:00:00,210.954,211.178,210.905,211.172,7801.0
2026-03-16 12:00:00,211.17,211.223,211.018,211.063,7245.0
2026-03-16 13:00:00,211.06,211.347,211.042,211.329,6930.0
2026-03-16 14:00:00,211.329,211.364,211.23,211.303,5967.0
2026-03-16 15:00:00,211.313,211.366,211.205,211.29,6703.0
2026-03-16 16:00:00,211.288,211.576,211.274,211.509,7787.0
2026-03-16 17:00:00,211.511,211.666,211.389,211.619,8894.0
2026-03-16 18:00:00,211.614,211.934,211.612,211.892,7505.0
2026-03-16 19:00:00,211.893,211.944,211.721,211.875,8067.0
2026-03-16 20:00:00,211.878,212.001,211.855,211.867,7632.0
2026-03-16 21:00:00,211.865,211.982,211.856,211.938,6269.0
2026-03-16 22:00:00,211.936,212.117,211.935,212.089,6244.0
2026-03-16 23:00:00,212.087,212.103,211.815,211.822,3064.0
2026-03-17 00:00:00,211.774,211.873,211.689,211.767,2493.0
2026-03-17 01:00:00,211.765,211.905,211.724,211.841,2712.0
2026-03-17 02:00:00,211.837,211.935,211.809,211.849,2259.0
2026-03-17 03:00:00,211.849,211.944,211.805,211.931,5087.0
2026-03-17 04:00:00,211.931,212.124,211.886,212.078,5203.0
2026-03-17 05:00:00,212.072,212.147,212.039,212.048,3317.0
2026-03-17 06:00:00,212.05,212.117,211.947,211.97,4214.0
2026-03-17 07:00:00,211.968,212.025,211.909,211.961,3745.0
2026-03-17 08:00:00,211.962,212.033,211.832,211.849,4059.0
2026-03-17 09:00:00,211.85,211.882,211.634,211.785,5513.0
2026-03-17 10:00:00,211.786,212.0,211.736,211.869,6127.0
2026-03-17 11:00:00,211.866,212.082,211.653,212.069,7929.0
2026-03-17 12:00:00,212.071,212.239,212.049,212.207,6111.0
2026-03-17 13:00:00,212.205,212.265,211.98,212.011,5607.0
2026-03-17 14:00:00,212.011,212.113,211.824,211.879,5794.0
2026-03-17 15:00:00,211.88,212.086,211.842,212.027,7215.0
2026-03-17 16:00:00,212.026,212.173,211.967,212.046,8774.0
2026-03-17 17:00:00,212.048,212.251,212.022,212.145,8362.0
2026-03-17 18:00:00,212.145,212.273,212.094,212.19,9406.0
2026-03-17 19:00:00,212.19,212.222,212.02,212.149,8117.0
2026-03-17 20:00:00,212.149,212.381,212.147,212.369,5514.0
2026-03-17 21:00:00,212.368,212.439,212.329,212.424,4827.0
2026-03-17 22:00:00,212.425,212.482,212.357,212.38,3465.0
2026-03-17 23:00:00,212.378,212.419,212.313,212.332,2254.0
2026-03-18 00:00:00,212.297,212.368,212.149,212.318,2054.0
2026-03-18 01:00:00,212.317,212.428,212.252,212.378,3762.0
2026-03-18 02:00:00,212.378,212.392,212.219,212.27,3754.0
2026-03-18 03:00:00,212.269,212.497,212.137,212.382,7969.0
2026-03-18 04:00:00,212.381,212.445,212.291,212.335,4427.0
2026-03-18 05:00:00,212.334,212.349,212.145,212.192,4010.0
2026-03-18 06:00:00,212.194,212.328,212.179,212.313,2999.0
2026-03-18 07:00:00,212.312,212.335,212.17,212.233,3351.0
2026-03-18 08:00:00,212.231,212.27,212.103,212.213,3950.0
2026-03-18 09:00:00,212.213,212.225,212.043,212.156,4411.0
2026-03-18 10:00:00,212.158,212.28,211.953,212.019,5451.0
2026-03-18 11:00:00,212.02,212.248,212.002,212.201,5840.0
2026-03-18 12:00:00,212.199,212.351,212.187,212.306,4947.0
2026-03-18 13:00:00,212.309,212.427,212.251,212.368,4383.0
2026-03-18 14:00:00,212.366,212.493,212.315,212.386,7301.0
2026-03-18 15:00:00,212.387,212.449,212.215,212.297,10806.0
2026-03-18 16:00:00,212.298,212.535,212.277,212.524,11167.0
2026-03-18 17:00:00,212.537,212.637,212.191,212.443,10101.0
2026-03-18 18:00:00,212.445,212.569,212.335,212.468,9051.0
2026-03-18 19:00:00,212.469,212.665,212.445,212.659,6869.0
2026-03-18 20:00:00,212.66,212.73,212.548,212.617,6270.0
2026-03-18 21:00:00,212.603,212.665,212.266,212.269,11485.0
2026-03-18 22:00:00,212.269,212.332,212.121,212.2,8599.0
2026-03-18 23:00:00,212.199,212.231,211.884,211.934,4716.0
2026-03-19 00:00:00,211.864,211.969,211.77,211.831,1808.0
2026-03-19 01:00:00,211.835,211.931,211.797,211.844,3106.0
2026-03-19 02:00:00,211.842,211.993,211.833,211.982,3625.0
2026-03-19 03:00:00,211.986,212.271,211.966,212.271,6571.0
2026-03-19 04:00:00,212.271,212.354,212.074,212.087,5605.0
2026-03-19 05:00:00,212.086,212.244,211.991,212.146,5329.0
2026-03-19 06:00:00,212.147,212.216,212.002,212.014,3510.0
2026-03-19 07:00:00,212.016,212.016,211.829,211.903,3791.0
2026-03-19 08:00:00,211.903,211.981,211.816,211.837,4123.0
2026-03-19 09:00:00,211.845,212.001,211.76,211.845,6291.0
2026-03-19 10:00:00,211.842,211.865,211.159,211.2,10333.0
2026-03-19 11:00:00,211.196,211.299,210.848,210.969,10367.0
2026-03-19 12:00:00,210.968,211.525,210.968,211.433,11620.0
2026-03-19 13:00:00,211.433,211.459,211.245,211.302,7704.0
2026-03-19 14:00:00,211.302,211.449,211.153,211.394,6778.0
2026-03-19 15:00:00,211.392,211.701,211.278,211.33,12611.0
2026-03-19 16:00:00,211.33,211.418,210.798,211.231,14593.0
2026-03-19 17:00:00,211.233,211.65,211.105,211.649,13529.0
2026-03-19 18:00:00,211.649,211.907,211.237,211.326,11828.0
2026-03-19 19:00:00,211.326,211.471,211.173,211.294,11858.0
2026-03-19 20:00:00,211.297,211.612,211.289,211.524,8538.0
2026-03-19 21:00:00,211.522,211.647,211.474,211.605,7732.0
2026-03-19 22:00:00,211.603,212.16,211.603,211.727,12684.0
2026-03-19 23:00:00,211.726,211.87,211.671,211.797,3492.0
2026-03-20 00:00:00,211.772,211.908,211.65,211.793,2184.0
2026-03-20 01:00:00,211.789,212.008,211.752,211.962,2732.0
2026-03-20 02:00:00,211.963,212.072,211.938,212.014,2682.0
2026-03-20 03:00:00,212.014,212.073,211.804,211.911,5396.0
2026-03-20 04:00:00,211.911,212.145,211.819,212.114,6109.0
2026-03-20 05:00:00,212.117,212.357,212.117,212.316,3909.0
2026-03-20 06:00:00,212.316,212.337,212.217,212.305,3425.0
2026-03-20 07:00:00,212.305,212.346,212.27,212.275,2690.0
2026-03-20 08:00:00,212.273,212.354,212.264,212.297,3354.0
2026-03-20 09:00:00,212.295,212.399,212.279,212.32,4205.0
2026-03-20 10:00:00,212.321,212.691,212.278,212.536,6743.0
2026-03-20 11:00:00,212.538,212.773,212.538,212.649,7486.0
2026-03-20 12:00:00,212.649,212.694,212.507,212.552,7808.0
2026-03-20 13:00:00,212.554,212.577,212.268,212.349,8344.0
2026-03-20 14:00:00,212.349,212.48,212.237,212.405,6933.0
2026-03-20 15:00:00,212.405,212.623,212.291,212.355,9403.0
2026-03-20 16:00:00,212.356,212.436,212.181,212.312,10764.0
2026-03-20 17:00:00,212.31,212.34,211.761,211.767,12445.0
2026-03-20 18:00:00,211.77,212.234,211.757,211.835,11757.0
2026-03-20 19:00:00,211.837,212.24,211.829,212.192,9125.0
2026-03-20 20:00:00,212.2,212.417,212.182,212.35,9564.0
2026-03-23 00:00:00,211.937,212.092,211.62,211.788,1893.0
2026-03-23 01:00:00,211.814,212.306,211.814,212.245,3863.0
2026-03-23 02:00:00,212.245,212.29,212.101,212.219,5003.0
2026-03-23 03:00:00,212.215,212.453,212.022,212.453,8977.0
2026-03-23 04:00:00,212.454,212.746,212.418,212.633,9253.0
2026-03-23 05:00:00,212.632,212.699,212.421,212.475,6580.0
2026-03-23 06:00:00,212.475,212.587,212.26,212.313,5413.0
2026-03-23 07:00:00,212.313,212.415,212.253,212.382,4557.0
2026-03-23 08:00:00,212.382,212.427,212.222,212.25,5467.0
2026-03-23 09:00:00,212.25,212.275,211.921,211.937,8561.0
2026-03-23 10:00:00,211.937,212.239,211.855,212.085,9347.0
2026-03-23 11:00:00,212.085,212.603,212.073,212.191,11043.0
2026-03-23 12:00:00,212.197,212.272,211.665,211.7,9668.0
2026-03-23 13:00:00,211.702,211.816,211.578,211.702,9221.0
2026-03-23 14:00:00,211.704,213.012,211.632,212.279,20676.0
2026-03-23 15:00:00,212.28,212.886,212.185,212.869,16764.0
2026-03-23 16:00:00,212.872,212.914,212.436,212.57,15487.0
2026-03-23 17:00:00,212.573,213.308,212.436,212.978,15288.0
2026-03-23 18:00:00,212.977,213.099,212.41,212.414,14288.0
2026-03-23 19:00:00,212.417,212.787,212.377,212.653,13365.0
2026-03-23 20:00:00,212.656,212.786,212.559,212.697,10879.0
2026-03-23 21:00:00,212.696,212.746,212.494,212.677,10481.0
2026-03-23 22:00:00,212.678,212.798,212.627,212.778,6589.0
2026-03-23 23:00:00,212.777,212.831,212.651,212.665,3448.0
2026-03-24 00:00:00,212.681,212.859,212.549,212.657,2333.0
2026-03-24 01:00:00,212.647,212.748,212.577,212.687,3248.0
2026-03-24 02:00:00,212.689,212.793,212.61,212.779,4421.0
2026-03-24 03:00:00,212.778,212.815,212.359,212.504,9370.0
2026-03-24 04:00:00,212.504,212.528,212.29,212.417,10148.0
2026-03-24 05:00:00,212.415,212.658,212.392,212.629,7971.0
2026-03-24 06:00:00,212.626,212.716,212.532,212.672,5048.0
2026-03-24 07:00:00,212.672,212.696,212.525,212.637,4322.0
2026-03-24 08:00:00,212.64,212.659,212.466,212.543,6719.0
2026-03-24 09:00:00,212.543,212.768,212.532,212.718,7430.0
2026-03-24 10:00:00,212.717,212.983,212.715,212.871,9577.0
2026-03-24 11:00:00,212.874,212.874,212.258,212.442,9909.0
2026-03-24 12:00:00,212.438,212.628,212.382,212.606,8561.0
2026-03-24 13:00:00,212.612,212.757,212.582,212.731,7150.0
2026-03-24 14:00:00,212.731,212.846,212.556,212.695,7752.0
2026-03-24 15:00:00,212.704,212.806,212.565,212.701,9236.0
2026-03-24 16:00:00,212.701,212.704,212.406,212.433,11829.0
2026-03-24 17:00:00,212.434,212.876,212.413,212.674,11967.0
2026-03-24 18:00:00,212.676,212.724,212.49,212.625,10710.0
2026-03-24 19:00:00,212.627,212.733,212.562,212.682,8128.0
2026-03-24 20:00:00,212.683,212.807,212.488,212.801,11508.0
2026-03-24 21:00:00,212.805,212.832,212.641,212.758,10426.0
2026-03-24 22:00:00,212.757,212.814,212.686,212.764,6423.0
2026-03-24 23:00:00,212.771,212.922,212.656,212.813,8712.0
2026-03-25 00:00:00,212.736,212.858,212.484,212.765,2992.0
2026-03-25 01:00:00,212.763,212.933,212.694,212.921,4797.0
2026-03-25 02:00:00,212.921,212.991,212.882,212.906,4530.0
2026-03-25 03:00:00,212.908,213.196,212.87,213.045,8366.0
2026-03-25 04:00:00,213.043,213.118,212.901,212.914,7350.0
2026-03-25 05:00:00,212.914,212.951,212.803,212.845,5976.0
2026-03-25 06:00:00,212.843,212.876,212.753,212.779,4497.0
2026-03-25 07:00:00,212.779,212.935,212.738,212.771,3397.0
2026-03-25 08:00:00,212.77,212.826,212.637,212.656,4423.0
2026-03-25 09:00:00,212.657,212.889,212.636,212.797,5525.0
2026-03-25 10:00:00,212.797,213.128,212.758,213.097,6748.0
2026-03-25 11:00:00,213.099,213.211,212.847,212.876,9430.0
2026-03-25 12:00:00,212.874,212.967,212.773,212.851,7307.0
2026-03-25 13:00:00,212.849,213.12,212.849,213.072,5907.0
2026-03-25 14:00:00,213.075,213.172,213.05,213.097,6303.0
2026-03-25 15:00:00,213.098,213.21,212.908,212.99,10244.0
2026-03-25 16:00:00,212.989,213.05,212.964,212.988,1136.0
2026-03-25 17:00:00,212.752,212.951,212.693,212.887,2975.0
2026-03-25 18:00:00,212.888,213.002,212.67,212.878,9757.0
2026-03-25 19:00:00,212.879,213.077,212.754,213.051,8554.0
2026-03-25 20:00:00,213.053,213.197,213.012,213.15,6858.0
2026-03-25 21:00:00,213.15,213.18,213.004,213.077,5787.0
2026-03-25 22:00:00,213.077,213.161,213.054,213.14,5430.0
2026-03-25 23:00:00,213.14,213.156,213.029,213.121,2855.0
2026-03-26 00:00:00,213.095,213.12,212.936,212.983,2748.0
2026-03-26 01:00:00,212.985,213.096,212.972,212.993,2759.0
2026-03-26 02:00:00,212.993,213.046,212.948,212.995,2466.0
2026-03-26 03:00:00,212.997,213.085,212.911,213.041,4800.0
2026-03-26 04:00:00,213.041,213.12,212.993,213.096,5383.0
2026-03-26 05:00:00,213.095,213.113,212.928,212.984,3966.0
2026-03-26 06:00:00,212.986,213.123,212.928,213.107,4022.0
2026-03-26 07:00:00,213.107,213.118,213.027,213.091,3473.0
2026-03-26 08:00:00,213.092,213.101,212.955,212.996,4348.0
2026-03-26 09:00:00,212.996,213.099,212.894,212.917,5189.0
2026-03-26 10:00:00,212.914,213.003,212.739,212.929,5924.0
2026-03-26 11:00:00,212.929,212.936,212.704,212.933,8350.0
2026-03-26 12:00:00,212.933,213.016,212.817,212.984,5446.0
2026-03-26 13:00:00,212.984,213.082,212.918,212.975,5523.0
2026-03-26 14:00:00,212.975,213.021,212.755,212.762,4920.0
2026-03-26 15:00:00,212.762,212.859,212.712,212.803,6711.0
2026-03-26 16:00:00,212.808,213.162,212.799,213.05,8185.0
2026-03-26 17:00:00,213.047,213.308,213.013,213.182,9506.0
2026-03-26 18:00:00,213.183,213.271,212.977,213.15,8101.0
2026-03-26 19:00:00,213.15,213.186,212.93,212.944,7149.0
2026-03-26 20:00:00,212.94,213.096,212.777,212.784,5884.0
2026-03-26 21:00:00,212.782,212.928,212.764,212.909,4559.0
2026-03-26 22:00:00,212.91,212.94,212.773,212.779,3841.0
2026-03-26 23:00:00,212.781,213.072,212.737,212.906,6404.0
2026-03-27 00:00:00,212.941,213.003,212.742,212.865,2375.0
2026-03-27 01:00:00,212.865,213.005,212.85,212.943,3060.0
2026-03-27 02:00:00,212.943,212.995,212.894,212.988,2663.0
2026-03-27 03:00:00,212.986,213.0,212.592,212.753,6286.0
2026-03-27 04:00:00,212.753,212.902,212.689,212.788,4987.0
2026-03-27 05:00:00,212.795,212.905,212.791,212.837,3495.0
2026-03-27 06:00:00,212.837,212.945,212.761,212.937,3194.0
2026-03-27 07:00:00,212.937,212.993,212.85,212.981,2829.0
2026-03-27 08:00:00,212.981,213.028,212.905,212.934,4452.0
2026-03-27 09:00:00,212.934,213.051,212.905,213.028,4570.0
2026-03-27 10:00:00,213.024,213.1,212.936,212.942,5307.0
2026-03-27 11:00:00,212.942,212.979,212.72,212.808,6475.0
2026-03-27 12:00:00,212.796,212.873,212.629,212.731,5997.0
2026-03-27 13:00:00,212.728,212.812,212.672,212.722,5558.0
2026-03-27 14:00:00,212.721,212.729,212.332,212.339,5337.0
2026-03-27 15:00:00,212.339,212.372,212.231,212.344,6396.0
2026-03-27 16:00:00,212.348,212.693,212.303,212.612,7891.0
2026-03-27 17:00:00,212.602,212.929,212.6,212.845,7783.0
2026-03-27 18:00:00,212.845,212.972,212.567,212.879,9144.0
2026-03-27 19:00:00,212.881,213.008,212.573,212.616,7931.0
2026-03-27 20:00:00,212.616,212.793,212.59,212.726,6440.0
2026-03-30 00:00:00,212.42,212.632,212.247,212.484,1332.0
2026-03-30 01:00:00,212.508,212.57,212.297,212.346,4968.0
2026-03-30 02:00:00,212.347,212.42,212.091,212.116,4445.0
2026-03-30 03:00:00,212.117,212.142,211.875,211.877,8387.0
2026-03-30 04:00:00,211.877,211.992,211.84,211.906,5710.0
2026-03-30 05:00:00,211.907,211.947,211.754,211.924,6116.0
2026-03-30 06:00:00,211.926,212.075,211.869,212.063,4400.0
2026-03-30 07:00:00,212.049,212.063,211.911,212.013,4027.0
2026-03-30 08:00:00,212.013,212.083,211.956,212.004,4458.0
2026-03-30 09:00:00,212.006,212.114,211.928,212.0,5993.0
2026-03-30 10:00:00,211.996,211.999,211.449,211.636,6322.0
2026-03-30 11:00:00,211.629,211.654,211.283,211.339,6025.0
2026-03-30 12:00:00,211.341,211.38,211.172,211.237,5746.0
2026-03-30 13:00:00,211.239,211.323,211.079,211.142,4817.0
2026-03-30 14:00:00,211.142,211.291,211.05,211.058,6605.0
2026-03-30 15:00:00,211.053,211.074,210.792,210.815,6382.0
2026-03-30 16:00:00,210.814,210.887,210.26,210.315,8060.0
2026-03-30 17:00:00,210.317,210.645,210.245,210.551,8580.0
2026-03-30 18:00:00,210.554,210.578,210.284,210.352,8028.0
2026-03-30 19:00:00,210.35,210.377,210.199,210.311,5595.0
2026-03-30 20:00:00,210.313,210.46,210.286,210.399,5361.0
2026-03-30 21:00:00,210.399,210.54,210.332,210.464,4420.0
2026-03-30 22:00:00,210.464,210.569,210.374,210.557,4495.0
2026-03-30 23:00:00,210.555,210.604,210.46,210.574,3454.0
2026-03-31 00:00:00,210.546,210.564,210.333,210.535,2422.0
2026-03-31 01:00:00,210.539,210.637,210.499,210.613,2470.0
2026-03-31 02:00:00,210.613,210.623,210.467,210.548,3120.0
2026-03-31 03:00:00,210.548,211.059,210.425,211.05,7837.0
2026-03-31 04:00:00,211.05,211.221,210.954,211.027,7889.0
2026-03-31 05:00:00,211.027,211.039,210.796,210.825,5669.0
2026-03-31 06:00:00,210.821,210.891,210.774,210.835,3715.0
2026-03-31 07:00:00,210.836,210.859,210.647,210.651,3316.0
2026-03-31 08:00:00,210.651,210.837,210.409,210.716,4359.0
2026-03-31 09:00:00,210.716,210.935,210.629,210.925,5707.0
2026-03-31 10:00:00,210.924,210.956,210.708,210.814,6714.0
2026-03-31 11:00:00,210.81,210.963,210.723,210.835,5469.0
2026-03-31 12:00:00,210.835,211.027,210.72,210.96,5008.0
2026-03-31 13:00:00,210.963,211.003,210.824,210.834,4265.0
2026-03-31 14:00:00,210.836,211.009,210.724,210.982,8005.0
2026-03-31 15:00:00,210.98,211.206,210.95,210.952,7615.0
2026-03-31 16:00:00,210.954,211.041,210.793,210.975,7436.0
2026-03-31 17:00:00,210.981,211.056,209.617,209.814,10111.0
2026-03-31 18:00:00,209.819,210.099,209.681,209.738,10095.0
2026-03-31 19:00:00,209.738,210.202,209.706,210.067,10100.0
2026-03-31 20:00:00,210.069,210.425,210.052,210.297,9640.0
2026-03-31 21:00:00,210.296,210.416,210.134,210.159,7254.0
2026-03-31 22:00:00,210.172,210.272,210.016,210.063,6120.0
2026-03-31 23:00:00,210.063,210.094,209.892,209.908,4296.0
2026-04-01 01:00:00,209.94,209.955,209.934,209.947,508.0
2026-04-01 02:00:00,209.947,209.998,209.827,209.948,2959.0
2026-04-01 03:00:00,209.948,210.336,209.892,210.262,5375.0
2026-04-01 04:00:00,210.264,210.33,209.96,209.985,6558.0
2026-04-01 05:00:00,209.986,210.113,209.974,210.08,4932.0
2026-04-01 06:00:00,210.078,210.17,209.873,210.157,3872.0
2026-04-01 07:00:00,210.17,210.318,210.142,210.204,3264.0
2026-04-01 08:00:00,210.206,210.484,210.196,210.28,3287.0
2026-04-01 09:00:00,210.28,210.521,210.213,210.301,7951.0
2026-04-01 10:00:00,210.301,210.58,210.17,210.56,8426.0
2026-04-01 11:00:00,210.562,210.775,210.503,210.662,7773.0
2026-04-01 12:00:00,210.662,210.938,210.577,210.905,7144.0
2026-04-01 13:00:00,210.906,211.153,210.769,210.787,5905.0
2026-04-01 14:00:00,210.787,211.007,210.744,210.87,5564.0
2026-04-01 15:00:00,210.872,210.954,210.694,210.862,7946.0
2026-04-01 16:00:00,210.859,211.183,210.77,211.115,9882.0
2026-04-01 17:00:00,211.062,211.303,210.908,211.254,10236.0
2026-04-01 18:00:00,211.252,211.405,211.105,211.373,7534.0
2026-04-01 19:00:00,211.372,211.426,211.229,211.42,5314.0
2026-04-01 20:00:00,211.42,211.441,211.202,211.292,5127.0
2026-04-01 21:00:00,211.289,211.297,211.05,211.205,6493.0
2026-04-01 22:00:00,211.206,211.347,211.153,211.26,5249.0
2026-04-01 23:00:00,211.26,211.305,211.143,211.209,3306.0
2026-04-02 00:00:00,211.118,211.222,210.951,211.097,2548.0
2026-04-02 01:00:00,211.088,211.219,210.985,211.011,2443.0
2026-04-02 02:00:00,211.014,211.102,210.981,211.088,3000.0
2026-04-02 03:00:00,211.088,211.264,210.987,211.187,6569.0
2026-04-02 04:00:00,211.188,211.282,210.873,211.099,12260.0
2026-04-02 05:00:00,211.098,211.178,210.958,211.134,7133.0
2026-04-02 06:00:00,211.132,211.156,210.847,210.889,5204.0
2026-04-02 07:00:00,210.892,210.936,210.841,210.871,5106.0
2026-04-02 08:00:00,210.871,210.903,210.633,210.67,5434.0
2026-04-02 09:00:00,210.664,210.75,210.344,210.733,6776.0
2026-04-02 10:00:00,210.733,211.075,210.69,210.876,6826.0
2026-04-02 11:00:00,210.88,210.947,210.672,210.762,5272.0
2026-04-02 12:00:00,210.762,210.803,210.613,210.621,4988.0
2026-04-02 13:00:00,210.624,210.628,210.472,210.527,5273.0
2026-04-02 14:00:00,210.527,210.811,210.523,210.8,5270.0
2026-04-02 15:00:00,210.801,210.962,210.763,210.907,6795.0
2026-04-02 16:00:00,210.907,210.917,210.69,210.78,8345.0
2026-04-02 17:00:00,210.778,211.025,210.585,211.016,10518.0
2026-04-02 18:00:00,211.017,211.047,210.76,210.91,8408.0
2026-04-02 19:00:00,210.91,211.054,210.774,211.018,6448.0
2026-04-02 20:00:00,211.018,211.207,210.976,211.019,5826.0
2026-04-02 21:00:00,211.023,211.158,211.02,211.054,4704.0
2026-04-02 22:00:00,211.049,211.121,210.988,211.088,4729.0
2026-04-02 23:00:00,211.091,211.093,210.965,211.029,2188.0
2026-04-03 00:00:00,210.962,211.049,210.823,210.939,1745.0
2026-04-03 01:00:00,210.963,211.04,210.92,210.985,1834.0
2026-04-03 02:00:00,210.985,211.026,210.959,210.987,1931.0
2026-04-03 03:00:00,210.985,211.204,210.925,211.201,2808.0
2026-04-03 04:00:00,211.201,211.212,211.086,211.152,2022.0
2026-04-03 05:00:00,211.152,211.193,211.099,211.183,2466.0
2026-04-03 06:00:00,211.184,211.216,211.082,211.098,1464.0
2026-04-03 07:00:00,211.098,211.134,211.01,211.111,1821.0
2026-04-03 08:00:00,211.111,211.268,211.049,211.259,2161.0
2026-04-03 09:00:00,211.261,211.276,211.185,211.239,1840.0
2026-04-03 10:00:00,211.239,211.303,211.206,211.25,1893.0
2026-04-03 11:00:00,211.259,211.306,211.179,211.274,2517.0
2026-04-03 12:00:00,211.274,211.282,211.175,211.205,2315.0
2026-04-03 13:00:00,211.203,211.228,211.13,211.182,2289.0
2026-04-03 14:00:00,211.174,211.227,211.138,211.168,3616.0
2026-04-03 15:00:00,211.168,211.186,210.58,210.879,4889.0
2026-04-03 16:00:00,210.879,210.971,210.706,210.817,3093.0
2026-04-03 17:00:00,210.817,210.825,210.686,210.691,2458.0
2026-04-03 18:00:00,210.691,210.878,210.627,210.726,5272.0
2026-04-03 19:00:00,210.729,210.733,210.604,210.654,2780.0
2026-04-03 20:00:00,210.658,210.704,210.636,210.652,2175.0
2026-04-06 00:00:00,210.46,210.651,210.279,210.446,365.0
2026-04-06 01:00:00,210.492,210.698,210.29,210.632,5362.0
2026-04-06 02:00:00,210.629,210.759,210.552,210.675,4375.0
2026-04-06 03:00:00,210.683,210.843,210.668,210.819,5188.0
2026-04-06 04:00:00,210.82,210.82,210.604,210.678,4505.0
2026-04-06 05:00:00,210.678,210.892,210.655,210.79,5121.0
2026-04-06 06:00:00,210.79,210.849,210.7,210.812,3653.0
2026-04-06 07:00:00,210.813,210.843,210.758,210.835,2998.0
2026-04-06 08:00:00,210.835,210.947,210.824,210.891,2787.0
2026-04-06 09:00:00,210.891,211.065,210.825,210.991,3950.0
2026-04-06 10:00:00,210.991,211.394,210.906,211.239,5841.0
2026-04-06 11:00:00,211.236,211.322,211.151,211.172,5432.0
2026-04-06 12:00:00,211.178,211.292,211.158,211.173,4412.0
2026-04-06 13:00:00,211.175,211.294,211.167,211.193,4443.0
2026-04-06 14:00:00,211.192,211.293,211.128,211.203,4213.0
2026-04-06 15:00:00,211.206,211.255,211.108,211.142,5366.0
2026-04-06 16:00:00,211.141,211.46,211.125,211.437,5553.0
2026-04-06 17:00:00,211.407,211.543,211.294,211.424,8720.0
2026-04-06 18:00:00,211.422,211.449,211.244,211.351,6993.0
2026-04-06 19:00:00,211.352,211.405,211.293,211.329,5003.0
2026-04-06 20:00:00,211.33,211.4,211.205,211.32,5440.0
2026-04-06 21:00:00,211.322,211.41,211.266,211.383,5892.0
2026-04-06 22:00:00,211.381,211.414,211.315,211.344,3825.0
2026-04-06 23:00:00,211.345,211.388,211.324,211.363,2621.0
2026-04-07 00:00:00,211.311,211.437,211.165,211.259,1811.0
2026-04-07 01:00:00,211.229,211.359,211.159,211.308,3237.0
2026-04-07 02:00:00,211.307,211.348,211.275,211.334,1862.0
2026-04-07 03:00:00,211.334,211.5,211.314,211.472,5458.0
2026-04-07 04:00:00,211.472,211.518,211.331,211.359,5909.0
2026-04-07 05:00:00,211.358,211.379,211.236,211.313,3689.0
2026-04-07 06:00:00,211.312,211.401,211.3,211.381,2979.0
2026-04-07 07:00:00,211.381,211.416,211.321,211.376,3646.0
2026-04-07 08:00:00,211.378,211.432,211.25,211.388,4337.0
2026-04-07 09:00:00,211.388,211.689,211.337,211.656,4580.0
2026-04-07 10:00:00,211.655,211.674,211.417,211.559,5974.0
2026-04-07 11:00:00,211.557,211.88,211.524,211.855,7769.0
2026-04-07 12:00:00,211.85,211.856,211.728,211.768,5896.0
2026-04-07 13:00:00,211.765,211.794,211.469,211.601,7697.0
2026-04-07 14:00:00,211.601,211.721,211.566,211.712,6391.0
2026-04-07 15:00:00,211.712,211.862,211.646,211.716,7353.0
2026-04-07 16:00:00,211.716,211.842,211.569,211.716,7861.0
2026-04-07 17:00:00,211.716,211.991,211.676,211.886,8452.0
2026-04-07 18:00:00,211.89,211.944,211.693,211.698,8198.0
2026-04-07 19:00:00,211.698,211.884,211.676,211.884,7396.0
2026-04-07 20:00:00,211.884,211.951,211.854,211.912,6209.0
2026-04-07 21:00:00,211.914,211.937,211.866,211.932,4912.0
2026-04-07 22:00:00,211.932,212.125,211.898,212.047,8155.0
2026-04-07 23:00:00,212.047,212.3,212.021,212.134,4496.0
2026-04-08 00:00:00,212.042,212.221,211.989,212.153,1531.0
2026-04-08 01:00:00,212.152,212.58,212.107,212.521,7756.0
2026-04-08 02:00:00,212.524,212.799,212.396,212.7,9841.0
2026-04-08 03:00:00,212.7,212.713,212.241,212.454,10575.0
2026-04-08 04:00:00,212.454,212.654,212.32,212.337,8361.0
2026-04-08 05:00:00,212.333,212.455,212.199,212.312,6807.0
2026-04-08 06:00:00,212.314,212.335,212.143,212.298,5493.0
2026-04-08 07:00:00,212.291,212.542,212.269,212.447,5302.0
2026-04-08 08:00:00,212.453,212.768,212.416,212.622,6115.0
2026-04-08 09:00:00,212.619,212.658,212.304,212.464,8180.0
2026-04-08 10:00:00,212.469,212.535,212.323,212.393,8090.0
2026-04-08 11:00:00,212.393,212.68,212.277,212.661,7332.0
2026-04-08 12:00:00,212.658,212.805,212.543,212.768,6398.0
2026-04-08 13:00:00,212.769,212.98,212.762,212.949,5252.0
2026-04-08 14:00:00,212.951,213.152,212.934,213.105,6732.0
2026-04-08 15:00:00,213.104,213.136,212.887,212.898,8112.0
2026-04-08 16:00:00,212.891,213.003,212.722,212.849,9811.0
2026-04-08 17:00:00,212.845,212.991,212.67,212.866,9779.0
2026-04-08 18:00:00,212.867,212.929,212.7,212.85,8045.0
2026-04-08 19:00:00,212.853,212.86,212.632,212.672,6903.0
2026-04-08 20:00:00,212.673,212.698,212.554,212.643,6109.0
2026-04-08 21:00:00,212.648,212.675,212.448,212.484,6888.0
2026-04-08 22:00:00,212.485,212.607,212.428,212.55,6495.0
2026-04-08 23:00:00,212.551,212.584,212.343,212.358,3308.0
2026-04-09 00:00:00,212.267,212.539,212.267,212.409,2329.0
2026-04-09 01:00:00,212.409,212.476,212.311,212.452,2266.0
2026-04-09 02:00:00,212.452,212.551,212.435,212.477,2295.0
2026-04-09 03:00:00,212.477,212.736,212.426,212.726,5372.0
2026-04-09 04:00:00,212.723,212.737,212.617,212.691,4669.0
2026-04-09 05:00:00,212.691,212.769,212.615,212.615,3471.0
2026-04-09 06:00:00,212.615,212.681,212.566,212.651,3969.0
2026-04-09 07:00:00,212.653,212.758,212.608,212.694,3325.0
2026-04-09 08:00:00,212.696,212.75,212.657,212.707,3447.0
2026-04-09 09:00:00,212.71,212.756,212.638,212.694,5387.0
2026-04-09 10:00:00,212.703,212.918,212.664,212.911,6319.0
2026-04-09 11:00:00,212.91,213.157,212.814,213.121,5438.0
2026-04-09 12:00:00,213.119,213.226,213.073,213.096,4991.0
2026-04-09 13:00:00,213.096,213.229,213.08,213.127,4146.0
2026-04-09 14:00:00,213.127,213.397,213.099,213.377,5108.0
2026-04-09 15:00:00,213.377,213.4,213.282,213.315,6345.0
2026-04-09 16:00:00,213.314,213.518,213.244,213.506,6861.0
2026-04-09 17:00:00,213.506,213.617,213.435,213.547,7391.0
2026-04-09 18:00:00,213.552,213.785,213.485,213.555,8615.0
2026-04-09 19:00:00,213.554,213.555,213.385,213.452,6816.0
2026-04-09 20:00:00,213.45,213.605,213.45,213.562,5257.0
2026-04-09 21:00:00,213.564,213.61,213.469,213.6,5725.0
2026-04-09 22:00:00,213.6,213.848,213.583,213.749,4084.0
2026-04-09 23:00:00,213.749,213.789,213.563,213.605,2659.0
2026-04-10 00:00:00,213.485,213.535,213.437,213.491,1177.0
2026-04-10 01:00:00,213.489,213.647,213.46,213.61,2187.0
2026-04-10 02:00:00,213.61,213.707,213.582,213.651,2485.0
2026-04-10 03:00:00,213.647,213.755,213.632,213.708,4243.0
2026-04-10 04:00:00,213.714,213.744,213.56,213.566,3755.0
2026-04-10 05:00:00,213.567,213.679,213.548,213.661,2962.0
2026-04-10 06:00:00,213.664,213.684,213.625,213.639,2352.0
2026-04-10 07:00:00,213.64,213.71,213.632,213.651,2311.0
2026-04-10 08:00:00,213.651,213.709,213.616,213.707,2524.0
2026-04-10 09:00:00,213.708,213.781,213.672,213.705,3774.0
2026-04-10 10:00:00,213.707,213.851,213.688,213.709,4989.0
2026-04-10 11:00:00,213.709,213.828,213.69,213.817,4373.0
2026-04-10 12:00:00,213.818,214.075,213.74,213.992,5085.0
2026-04-10 13:00:00,213.993,214.084,213.905,213.915,4172.0
2026-04-10 14:00:00,213.915,214.031,213.895,214.003,4379.0
2026-04-10 15:00:00,214.006,214.209,213.97,214.198,6493.0
2026-04-10 16:00:00,214.196,214.413,214.173,214.286,7293.0
2026-04-10 17:00:00,214.285,214.465,214.141,214.2,7994.0
2026-04-10 18:00:00,214.207,214.396,214.103,214.287,6472.0
2026-04-10 19:00:00,214.287,214.403,214.252,214.314,5950.0
2026-04-10 20:00:00,214.315,214.436,214.302,214.374,4446.0
2026-04-13 00:00:00,213.638,213.887,213.53,213.843,838.0
2026-04-13 01:00:00,213.866,214.118,213.802,214.059,5091.0
2026-04-13 02:00:00,214.059,214.08,213.762,213.874,3450.0
2026-04-13 03:00:00,213.876,214.17,213.814,214.042,5881.0
2026-04-13 04:00:00,214.043,214.138,213.997,214.029,4732.0
2026-04-13 05:00:00,214.029,214.117,213.979,214.08,3622.0
2026-04-13 06:00:00,214.082,214.109,214.026,214.04,2859.0
2026-04-13 07:00:00,214.04,214.163,214.02,214.111,3086.0
2026-04-13 08:00:00,214.111,214.135,214.025,214.065,3448.0
2026-04-13 09:00:00,214.065,214.19,214.007,214.152,4571.0
2026-04-13 10:00:00,214.152,214.427,214.136,214.376,5420.0
2026-04-13 11:00:00,214.373,214.464,214.313,214.457,5296.0
2026-04-13 12:00:00,214.457,214.535,214.424,214.508,4228.0
2026-04-13 13:00:00,214.509,214.546,214.391,214.536,3797.0
2026-04-13 14:00:00,214.54,214.697,214.437,214.49,5786.0
2026-04-13 15:00:00,214.492,214.66,214.446,214.632,6167.0
2026-04-13 16:00:00,214.633,214.881,214.617,214.637,6886.0
2026-04-13 17:00:00,214.634,214.866,214.566,214.794,7851.0
2026-04-13 18:00:00,214.797,214.989,214.738,214.983,6616.0
2026-04-13 19:00:00,214.983,215.031,214.91,214.945,7618.0
2026-04-13 20:00:00,214.946,215.05,214.883,215.022,5249.0
2026-04-13 21:00:00,215.022,215.229,214.926,215.218,5358.0
2026-04-13 22:00:00,215.215,215.265,215.106,215.249,4550.0
2026-04-13 23:00:00,215.248,215.361,215.248,215.325,2769.0
2026-04-14 00:00:00,215.324,215.324,215.081,215.115,984.0
2026-04-14 01:00:00,215.113,215.374,215.091,215.323,1515.0
2026-04-14 02:00:00,215.323,215.328,215.153,215.196,2144.0
2026-04-14 03:00:00,215.197,215.256,215.051,215.105,4195.0
2026-04-14 04:00:00,215.104,215.165,214.91,215.028,4436.0
2026-04-14 05:00:00,215.026,215.081,214.932,214.983,3221.0
2026-04-14 06:00:00,214.98,215.044,214.917,215.043,2817.0
2026-04-14 07:00:00,215.041,215.076,214.95,214.994,2464.0
2026-04-14 08:00:00,214.994,215.126,214.923,215.094,3098.0
2026-04-14 09:00:00,215.094,215.328,215.094,215.224,4881.0
2026-04-14 10:00:00,215.224,215.292,215.158,215.247,6578.0
2026-04-14 11:00:00,215.249,215.379,215.204,215.338,5527.0
2026-04-14 12:00:00,215.34,215.48,215.098,215.293,4869.0
2026-04-14 13:00:00,215.296,215.406,215.177,215.358,4980.0
2026-04-14 14:00:00,215.361,215.544,215.35,215.486,4850.0
2026-04-14 15:00:00,215.489,215.689,215.459,215.642,6619.0
2026-04-14 16:00:00,215.643,215.787,215.529,215.776,7365.0
2026-04-14 17:00:00,215.773,215.782,215.462,215.692,7562.0
2026-04-14 18:00:00,215.691,215.713,215.436,215.506,7231.0
2026-04-14 19:00:00,215.507,215.523,215.437,215.502,4589.0
2026-04-14 20:00:00,215.5,215.542,215.384,215.406,4430.0
2026-04-14 21:00:00,215.408,215.442,215.334,215.404,4766.0
2026-04-14 22:00:00,215.413,215.531,215.391,215.463,3848.0
2026-04-14 23:00:00,215.465,215.526,215.39,215.398,1992.0
2026-04-15 00:00:00,215.295,215.427,215.291,215.365,2622.0
2026-04-15 01:00:00,215.365,215.517,215.355,215.515,2250.0
2026-04-15 02:00:00,215.516,215.637,215.507,215.568,2752.0
2026-04-15 03:00:00,215.568,215.606,215.47,215.566,4522.0
2026-04-15 04:00:00,215.566,215.74,215.566,215.632,4681.0
2026-04-15 05:00:00,215.632,215.718,215.574,215.65,3372.0
2026-04-15 06:00:00,215.651,215.718,215.607,215.675,2717.0
2026-04-15 07:00:00,215.673,215.72,215.644,215.701,2661.0
2026-04-15 08:00:00,215.701,215.789,215.588,215.635,3995.0
2026-04-15 09:00:00,215.635,215.687,215.517,215.63,4776.0
2026-04-15 10:00:00,215.628,215.697,215.472,215.509,5766.0
2026-04-15 11:00:00,215.51,215.512,215.193,215.369,5364.0
2026-04-15 12:00:00,215.366,215.429,215.248,215.415,6661.0
2026-04-15 13:00:00,215.415,215.486,215.298,215.372,6469.0
2026-04-15 14:00:00,215.375,215.575,215.313,215.55,6169.0
2026-04-15 15:00:00,215.55,215.684,215.538,215.67,6224.0
2026-04-15 16:00:00,215.67,215.749,215.573,215.596,7284.0
2026-04-15 17:00:00,215.6,215.828,215.562,215.722,7460.0
2026-04-15 18:00:00,215.725,215.799,215.663,215.749,6576.0
2026-04-15 19:00:00,215.749,215.831,215.481,215.655,6333.0
2026-04-15 20:00:00,215.65,215.905,215.643,215.899,4439.0
2026-04-15 21:00:00,215.898,215.906,215.807,215.859,5657.0
2026-04-15 22:00:00,215.861,215.878,215.723,215.739,3829.0
2026-04-15 23:00:00,215.738,215.741,215.533,215.549,3021.0
2026-04-16 00:00:00,215.541,215.641,215.409,215.485,1728.0
2026-04-16 01:00:00,215.479,215.561,215.429,215.554,1718.0
2026-04-16 02:00:00,215.554,215.588,215.479,215.557,2030.0
2026-04-16 03:00:00,215.559,215.575,215.416,215.458,3683.0
2026-04-16 04:00:00,215.458,215.465,215.365,215.408,4750.0
2026-04-16 05:00:00,215.41,215.575,215.348,215.36,4361.0
2026-04-16 06:00:00,215.36,215.506,215.119,215.5,5206.0
2026-04-16 07:00:00,215.5,215.56,215.452,215.476,3152.0
2026-04-16 08:00:00,215.478,215.577,215.366,215.577,3510.0
2026-04-16 09:00:00,215.581,215.721,215.499,215.573,5600.0
2026-04-16 10:00:00,215.576,215.634,215.383,215.4,5479.0
2026-04-16 11:00:00,215.398,215.562,215.388,215.429,5869.0
2026-04-16 12:00:00,215.427,215.469,215.263,215.314,4934.0
2026-04-16 13:00:00,215.315,215.399,215.237,215.376,4129.0
2026-04-16 14:00:00,215.374,215.419,215.29,215.339,5031.0
2026-04-16 15:00:00,215.338,215.562,215.259,215.545,5900.0
2026-04-16 16:00:00,215.548,215.644,215.405,215.608,6374.0
2026-04-16 17:00:00,215.608,215.625,215.163,215.352,8645.0
2026-04-16 18:00:00,215.352,215.455,215.292,215.358,7217.0
2026-04-16 19:00:00,215.357,215.415,215.306,215.347,6424.0
2026-04-16 20:00:00,215.348,215.462,215.34,215.39,5142.0
2026-04-16 21:00:00,215.39,215.466,215.343,215.438,5590.0
2026-04-16 22:00:00,215.436,215.459,215.28,215.353,3535.0
2026-04-16 23:00:00,215.352,215.365,215.245,215.249,2414.0
2026-04-17 00:00:00,215.203,215.363,215.144,215.183,1063.0
2026-04-17 01:00:00,215.183,215.355,215.116,215.306,1567.0
2026-04-17 02:00:00,215.306,215.363,215.288,215.336,2045.0
2026-04-17 03:00:00,215.335,215.482,215.254,215.426,4040.0
2026-04-17 04:00:00,215.431,215.495,215.328,215.403,4323.0
2026-04-17 05:00:00,215.403,215.502,215.395,215.463,2709.0
2026-04-17 06:00:00,215.463,215.597,215.434,215.583,2679.0
2026-04-17 07:00:00,215.581,215.659,215.538,215.639,2908.0
2026-04-17 08:00:00,215.64,215.692,215.572,215.601,3401.0
2026-04-17 09:00:00,215.601,215.601,215.249,215.278,5058.0
2026-04-17 10:00:00,215.279,215.504,215.244,215.423,5576.0
2026-04-17 11:00:00,215.42,215.438,215.249,215.333,5329.0
2026-04-17 12:00:00,215.33,215.456,215.148,215.207,4598.0
2026-04-17 13:00:00,215.206,215.315,215.187,215.241,4049.0
2026-04-17 14:00:00,215.241,215.458,215.198,215.349,3843.0
2026-04-17 15:00:00,215.349,215.389,215.151,215.182,8792.0
2026-04-17 16:00:00,215.179,215.2,214.641,214.724,11906.0
2026-04-17 17:00:00,214.726,214.743,214.005,214.196,10042.0
2026-04-17 18:00:00,214.196,214.436,214.104,214.295,9753.0
2026-04-17 19:00:00,214.296,214.352,214.102,214.204,6633.0
2026-04-17 20:00:00,214.202,214.383,214.202,214.338,6993.0
2026-04-20 00:00:00,214.001,214.224,213.993,214.174,418.0
2026-04-20 01:00:00,214.172,214.488,214.172,214.466,4460.0
2026-04-20 02:00:00,214.466,214.617,214.42,214.581,3891.0
2026-04-20 03:00:00,214.582,214.721,214.427,214.583,6190.0
2026-04-20 04:00:00,214.587,214.601,214.416,214.429,5349.0
2026-04-20 05:00:00,214.429,214.546,214.425,214.519,3702.0
2026-04-20 06:00:00,214.519,214.603,214.466,214.587,3420.0
2026-04-20 07:00:00,214.587,214.654,214.534,214.59,2775.0
2026-04-20 08:00:00,214.592,214.62,214.428,214.449,4746.0
2026-04-20 09:00:00,214.446,214.613,214.324,214.566,6640.0
2026-04-20 10:00:00,214.567,214.759,214.5,214.647,7415.0
2026-04-20 11:00:00,214.647,214.692,214.537,214.586,6180.0
2026-04-20 12:00:00,214.586,214.872,214.513,214.838,5465.0
2026-04-20 13:00:00,214.838,214.858,214.703,214.803,4827.0
2026-04-20 14:00:00,214.805,214.875,214.723,214.735,5892.0
2026-04-20 15:00:00,214.735,214.771,214.645,214.742,6352.0
2026-04-20 16:00:00,214.744,214.811,214.54,214.676,8094.0
2026-04-20 17:00:00,214.676,214.756,214.578,214.647,8053.0
2026-04-20 18:00:00,214.643,214.863,214.592,214.836,8665.0
2026-04-20 19:00:00,214.842,214.917,214.748,214.787,5318.0
2026-04-20 20:00:00,214.787,214.88,214.781,214.88,4641.0
2026-04-20 21:00:00,214.871,215.06,214.834,215.035,5370.0
2026-04-20 22:00:00,215.036,215.071,214.934,214.951,4121.0
2026-04-20 23:00:00,214.955,215.088,214.913,214.914,2676.0
2026-04-21 00:00:00,214.845,214.869,214.671,214.739,1247.0
2026-04-21 01:00:00,214.739,214.97,214.733,214.959,2823.0
2026-04-21 02:00:00,214.959,214.985,214.918,214.943,1897.0
2026-04-21 03:00:00,214.945,215.033,214.915,214.97,4465.0
2026-04-21 04:00:00,214.971,215.034,214.945,214.974,4441.0
2026-04-21 05:00:00,214.974,215.03,214.887,214.927,2987.0
2026-04-21 06:00:00,214.927,214.934,214.863,214.914,3060.0
2026-04-21 07:00:00,214.915,214.926,214.82,214.834,2388.0
2026-04-21 08:00:00,214.833,214.911,214.777,214.806,3734.0
2026-04-21 09:00:00,214.813,214.999,214.707,214.71,5305.0
2026-04-21 10:00:00,214.709,214.907,214.709,214.794,6718.0
2026-04-21 11:00:00,214.786,215.004,214.603,214.943,7339.0
2026-04-21 12:00:00,214.943,215.012,214.871,214.964,4952.0
2026-04-21 13:00:00,214.966,215.097,214.95,215.079,4471.0
2026-04-21 14:00:00,215.078,215.229,214.997,215.006,5414.0
2026-04-21 15:00:00,215.007,215.2,214.986,215.127,6269.0
2026-04-21 16:00:00,215.127,215.186,215.057,215.176,6734.0
2026-04-21 17:00:00,215.175,215.409,215.124,215.307,7864.0
2026-04-21 18:00:00,215.305,215.419,215.209,215.352,8408.0
2026-04-21 19:00:00,215.353,215.402,215.224,215.245,6734.0
2026-04-21 20:00:00,215.244,215.306,215.072,215.17,8080.0
2026-04-21 21:00:00,215.167,215.224,215.028,215.208,6486.0
2026-04-21 22:00:00,215.208,215.242,215.065,215.184,7946.0
2026-04-21 23:00:00,215.184,215.311,215.105,215.297,5232.0
2026-04-22 00:00:00,215.138,215.23,215.032,215.132,1492.0
2026-04-22 01:00:00,215.149,215.276,215.096,215.254,2387.0
2026-04-22 02:00:00,215.254,215.362,215.238,215.307,2147.0
2026-04-22 03:00:00,215.306,215.369,215.166,215.2,5209.0
2026-04-22 04:00:00,215.2,215.228,215.118,215.17,4759.0
2026-04-22 05:00:00,215.169,215.246,215.16,215.226,3299.0
2026-04-22 06:00:00,215.226,215.359,215.208,215.294,3083.0
2026-04-22 07:00:00,215.293,215.317,215.2,215.232,2701.0
2026-04-22 08:00:00,215.232,215.36,215.211,215.348,5150.0
2026-04-22 09:00:00,215.348,215.363,215.135,215.153,4382.0
2026-04-22 10:00:00,215.165,215.411,215.136,215.371,5028.0
2026-04-22 11:00:00,215.373,215.607,215.352,215.589,6046.0
2026-04-22 12:00:00,215.589,215.663,215.415,215.436,5076.0
2026-04-22 13:00:00,215.438,215.438,215.272,215.3,4816.0
2026-04-22 14:00:00,215.3,215.3,214.984,215.029,5790.0
2026-04-22 15:00:00,215.03,215.065,214.922,215.042,5816.0
2026-04-22 16:00:00,215.043,215.261,215.004,215.18,7873.0
2026-04-22 17:00:00,215.178,215.257,215.13,215.17,7902.0
2026-04-22 18:00:00,215.169,215.393,215.107,215.375,6781.0
2026-04-22 19:00:00,215.377,215.426,215.262,215.407,5569.0
2026-04-22 20:00:00,215.406,215.54,215.401,215.423,4895.0
2026-04-22 21:00:00,215.423,215.455,215.37,215.387,3574.0
2026-04-22 22:00:00,215.387,215.452,215.349,215.444,3449.0
2026-04-22 23:00:00,215.443,215.466,215.281,215.31,2850.0
2026-04-23 00:00:00,215.203,215.397,215.171,215.263,1246.0
2026-04-23 01:00:00,215.227,215.351,215.217,215.322,1162.0
2026-04-23 02:00:00,215.319,215.338,215.266,215.306,1945.0
2026-04-23 03:00:00,215.306,215.359,215.154,215.234,7873.0
2026-04-23 04:00:00,215.234,215.28,215.148,215.159,5713.0
2026-04-23 05:00:00,215.159,215.294,215.141,215.164,5539.0
2026-04-23 06:00:00,215.164,215.181,215.071,215.155,4538.0
2026-04-23 07:00:00,215.155,215.27,215.125,215.236,3585.0
2026-04-23 08:00:00,215.235,215.288,215.219,215.268,3813.0
2026-04-23 09:00:00,215.268,215.469,215.189,215.401,4475.0
2026-04-23 10:00:00,215.414,215.509,215.231,215.29,5998.0
2026-04-23 11:00:00,215.282,215.688,215.261,215.659,5810.0
2026-04-23 12:00:00,215.657,215.733,215.485,215.641,5686.0
2026-04-23 13:00:00,215.644,215.696,215.356,215.365,5465.0
2026-04-23 14:00:00,215.365,215.577,215.351,215.489,6686.0
2026-04-23 15:00:00,215.485,215.492,215.127,215.131,7674.0
2026-04-23 16:00:00,215.129,215.464,215.091,215.392,7545.0
2026-04-23 17:00:00,215.395,215.538,215.307,215.351,7948.0
2026-04-23 18:00:00,215.35,215.353,215.112,215.141,6693.0
2026-04-23 19:00:00,215.143,215.157,215.042,215.137,5961.0
2026-04-23 20:00:00,215.136,215.162,214.945,215.048,10735.0
2026-04-23 21:00:00,215.051,215.085,215.016,215.079,8059.0
2026-04-23 22:00:00,215.079,215.102,215.04,215.072,5804.0
2026-04-23 23:00:00,215.077,215.118,215.018,215.102,3166.0
2026-04-24 00:00:00,215.007,215.049,214.873,214.937,1041.0
2026-04-24 01:00:00,214.953,215.109,214.941,215.09,1448.0
2026-04-24 02:00:00,215.09,215.173,215.052,215.122,2086.0
2026-04-24 03:00:00,215.122,215.217,215.087,215.207,5244.0
2026-04-24 04:00:00,215.207,215.238,215.149,215.231,4354.0
2026-04-24 05:00:00,215.234,215.256,215.033,215.056,4019.0
2026-04-24 06:00:00,215.056,215.111,215.032,215.078,3763.0
2026-04-24 07:00:00,215.077,215.109,215.006,215.107,3354.0
2026-04-24 08:00:00,215.109,215.158,215.077,215.147,3404.0
2026-04-24 09:00:00,215.147,215.192,214.954,215.001,4466.0
2026-04-24 10:00:00,215.002,215.222,214.947,215.185,4713.0
2026-04-24 11:00:00,215.192,215.337,215.108,215.248,5826.0
2026-04-24 12:00:00,215.246,215.408,215.223,215.379,4389.0
2026-04-24 13:00:00,215.379,215.481,215.318,215.404,4374.0
2026-04-24 14:00:00,215.404,215.429,215.099,215.148,7744.0
2026-04-24 15:00:00,215.139,215.427,215.084,215.418,6872.0
2026-04-24 16:00:00,215.412,215.426,215.242,215.415,7702.0
2026-04-24 17:00:00,215.408,215.453,215.246,215.347,8829.0
2026-04-24 18:00:00,215.345,215.462,215.261,215.372,7191.0
2026-04-24 19:00:00,215.373,215.498,215.321,215.464,5802.0
2026-04-24 20:00:00,215.461,215.551,215.419,215.52,4888.0
2026-04-27 00:00:00,215.448,215.518,215.319,215.43,395.0
2026-04-27 01:00:00,215.43,215.728,215.43,215.625,2071.0
2026-04-27 02:00:00,215.628,215.699,215.599,215.653,2204.0
2026-04-27 03:00:00,215.658,215.663,215.537,215.64,3762.0
2026-04-27 04:00:00,215.646,215.7,215.573,215.64,5895.0
2026-04-27 05:00:00,215.64,215.687,215.594,215.667,3761.0
2026-04-27 06:00:00,215.666,215.742,215.645,215.661,3514.0
2026-04-27 07:00:00,215.657,215.657,215.572,215.619,3113.0
2026-04-27 08:00:00,215.619,215.757,215.584,215.736,3847.0
2026-04-27 09:00:00,215.735,215.757,215.561,215.578,5519.0
2026-04-27 10:00:00,215.578,215.709,215.522,215.668,5505.0
2026-04-27 11:00:00,215.671,215.749,215.59,215.711,5467.0
2026-04-27 12:00:00,215.71,215.797,215.641,215.756,4415.0
2026-04-27 13:00:00,215.754,215.857,215.731,215.813,4776.0
2026-04-27 14:00:00,215.813,215.848,215.71,215.839,5241.0
2026-04-27 15:00:00,215.839,216.053,215.73,215.731,5678.0
2026-04-27 16:00:00,215.732,215.812,215.533,215.714,7437.0
2026-04-27 17:00:00,215.715,215.893,215.682,215.823,7107.0
2026-04-27 18:00:00,215.823,215.875,215.756,215.868,6484.0
2026-04-27 19:00:00,215.868,215.97,215.827,215.861,5133.0
2026-04-27 20:00:00,215.859,215.87,215.752,215.785,4761.0
2026-04-27 21:00:00,215.785,215.82,215.709,215.768,4348.0
2026-04-27 22:00:00,215.767,215.787,215.714,215.718,3262.0
2026-04-27 23:00:00,215.724,215.753,215.696,215.727,1726.0
2026-04-28 00:00:00,215.731,215.759,215.629,215.705,697.0
2026-04-28 01:00:00,215.699,215.816,215.643,215.778,1748.0
2026-04-28 02:00:00,215.778,215.831,215.715,215.744,2019.0
2026-04-28 03:00:00,215.745,215.825,215.678,215.795,4336.0
2026-04-28 04:00:00,215.793,215.819,215.695,215.766,4501.0
2026-04-28 05:00:00,215.779,215.785,215.666,215.698,3749.0
2026-04-28 06:00:00,215.698,215.75,215.171,215.255,5010.0
2026-04-28 07:00:00,215.256,215.258,215.133,215.243,3419.0
2026-04-28 08:00:00,215.243,215.282,215.136,215.202,3525.0
2026-04-28 09:00:00,215.201,215.245,214.949,215.202,6080.0
2026-04-28 10:00:00,215.194,215.578,215.11,215.522,6424.0
2026-04-28 11:00:00,215.519,215.68,215.366,215.375,7070.0
2026-04-28 12:00:00,215.375,215.417,215.19,215.274,5846.0
2026-04-28 13:00:00,215.279,215.367,215.22,215.252,5146.0
2026-04-28 14:00:00,215.252,215.374,215.104,215.168,6959.0
2026-04-28 15:00:00,215.168,215.297,215.041,215.155,7394.0
2026-04-28 16:00:00,215.153,215.367,215.115,215.277,7668.0
2026-04-28 17:00:00,215.274,215.583,215.213,215.582,8870.0
2026-04-28 18:00:00,215.582,215.63,215.518,215.56,7527.0
2026-04-28 19:00:00,215.561,215.648,215.488,215.638,5937.0
2026-04-28 20:00:00,215.635,215.694,215.592,215.663,5125.0
2026-04-28 21:00:00,215.663,215.769,215.652,215.759,4065.0
2026-04-28 22:00:00,215.759,215.814,215.712,215.803,4148.0
2026-04-28 23:00:00,215.801,215.822,215.731,215.738,2414.0
2026-04-29 00:00:00,215.634,215.729,215.489,215.63,723.0
2026-04-29 01:00:00,215.627,215.812,215.558,215.762,1209.0
2026-04-29 02:00:00,215.762,215.812,215.743,215.786,1710.0
2026-04-29 03:00:00,215.786,215.841,215.739,215.783,3479.0
2026-04-29 04:00:00,215.785,215.844,215.718,215.752,5601.0
2026-04-29 05:00:00,215.752,215.811,215.658,215.682,4481.0
2026-04-29 06:00:00,215.682,215.737,215.66,215.667,3356.0
2026-04-29 07:00:00,215.67,215.752,215.663,215.718,2353.0
2026-04-29 08:00:00,215.718,215.748,215.618,215.683,3226.0
2026-04-29 09:00:00,215.683,215.709,215.485,215.54,5053.0
2026-04-29 10:00:00,215.539,215.651,215.504,215.637,6235.0
2026-04-29 11:00:00,215.637,215.734,215.531,215.697,6434.0
2026-04-29 12:00:00,215.697,215.854,215.64,215.833,4897.0
2026-04-29 13:00:00,215.833,215.908,215.777,215.859,4082.0
2026-04-29 14:00:00,215.856,215.961,215.789,215.873,5473.0
2026-04-29 15:00:00,215.873,216.009,215.851,215.975,6138.0
2026-04-29 16:00:00,215.976,216.084,215.799,215.897,8392.0
2026-04-29 17:00:00,215.897,216.189,215.798,216.163,8232.0
2026-04-29 18:00:00,216.162,216.281,216.064,216.142,7355.0
2026-04-29 19:00:00,216.144,216.262,216.091,216.117,6735.0
2026-04-29 20:00:00,216.118,216.231,215.926,215.926,6076.0
2026-04-29 21:00:00,215.939,216.172,215.889,216.024,9313.0
2026-04-29 22:00:00,216.03,216.183,215.991,216.134,7016.0
2026-04-29 23:00:00,216.134,216.237,216.081,216.188,4541.0
2026-04-30 00:00:00,216.033,216.155,215.933,216.091,1495.0
2026-04-30 01:00:00,216.091,216.193,216.035,216.129,2434.0
2026-04-30 02:00:00,216.129,216.136,216.015,216.083,3189.0
2026-04-30 03:00:00,216.084,216.209,215.978,216.15,6616.0
2026-04-30 04:00:00,216.147,216.15,215.998,216.012,6395.0
2026-04-30 05:00:00,216.016,216.106,215.988,216.058,5838.0
2026-04-30 06:00:00,216.055,216.186,216.054,216.18,5237.0
2026-04-30 07:00:00,216.181,216.19,216.01,216.093,6236.0
2026-04-30 08:00:00,216.093,216.235,216.085,216.234,5434.0
2026-04-30 09:00:00,216.232,216.465,216.158,216.395,7276.0
2026-04-30 10:00:00,216.394,216.597,215.604,215.957,7591.0
2026-04-30 11:00:00,215.96,216.08,215.023,215.2,10110.0
2026-04-30 12:00:00,215.182,215.28,214.89,215.155,9391.0
2026-04-30 13:00:00,215.15,215.161,212.31,212.557,12014.0
2026-04-30 14:00:00,212.557,212.847,210.42,211.37,13681.0
2026-04-30 15:00:00,211.371,212.154,211.217,211.909,10357.0
2026-04-30 16:00:00,211.909,212.161,211.121,212.093,10256.0
2026-04-30 17:00:00,212.091,212.974,211.933,212.807,11298.0
2026-04-30 18:00:00,212.807,213.08,212.679,212.718,9059.0
2026-04-30 19:00:00,212.718,212.811,212.534,212.596,7342.0
2026-04-30 20:00:00,212.598,212.754,212.493,212.52,6981.0
2026-04-30 21:00:00,212.521,212.8,212.493,212.746,5946.0
2026-04-30 22:00:00,212.746,213.032,212.741,212.985,6497.0
2026-04-30 23:00:00,212.987,213.084,212.959,213.034,4071.0
2026-05-01 00:00:00,212.891,213.021,212.845,212.946,847.0
2026-05-01 01:00:00,212.95,213.223,212.95,213.12,1613.0
2026-05-01 02:00:00,213.123,213.612,213.11,213.541,3104.0
2026-05-01 03:00:00,213.539,213.96,213.519,213.689,7058.0
2026-05-01 04:00:00,213.69,213.933,213.603,213.893,6045.0
2026-05-01 05:00:00,213.892,214.004,213.808,213.941,4627.0
2026-05-01 06:00:00,213.941,214.042,213.645,213.811,4253.0
2026-05-01 07:00:00,213.811,213.862,213.69,213.807,3784.0
2026-05-01 08:00:00,213.807,213.847,213.685,213.728,3506.0
2026-05-01 09:00:00,213.733,213.775,211.802,212.28,7012.0
2026-05-01 10:00:00,212.281,213.167,212.164,213.081,8864.0
2026-05-01 11:00:00,213.082,213.149,212.687,212.929,6310.0
2026-05-01 12:00:00,212.931,213.121,212.802,212.836,4800.0
2026-05-01 13:00:00,212.831,213.076,212.831,213.058,4087.0
2026-05-01 14:00:00,213.058,213.269,213.058,213.266,4815.0
2026-05-01 15:00:00,213.281,213.478,213.201,213.437,7951.0
2026-05-01 16:00:00,213.434,213.534,213.027,213.373,8206.0
2026-05-01 17:00:00,213.385,213.657,213.338,213.389,9756.0
2026-05-01 18:00:00,213.389,213.621,213.389,213.489,7972.0
2026-05-01 19:00:00,213.489,213.541,213.368,213.424,6977.0
2026-05-01 20:00:00,213.426,213.434,213.279,213.325,5303.0
2026-05-04 00:00:00,212.998,213.173,212.962,213.064,521.0
2026-05-04 01:00:00,213.089,213.199,213.03,213.124,2614.0
2026-05-04 02:00:00,213.124,213.141,213.011,213.086,2428.0
2026-05-04 03:00:00,213.094,213.209,213.077,213.19,5342.0
2026-05-04 04:00:00,213.186,213.359,212.788,213.325,5898.0
2026-05-04 05:00:00,213.327,213.568,213.319,213.458,5019.0
2026-05-04 06:00:00,213.461,213.624,211.786,212.401,6471.0
2026-05-04 07:00:00,212.401,213.034,212.326,212.959,5026.0
2026-05-04 08:00:00,212.962,213.117,212.742,213.106,5211.0
2026-05-04 09:00:00,213.106,213.243,213.02,213.115,6489.0
2026-05-04 10:00:00,213.115,213.137,212.742,212.843,6342.0
2026-05-04 11:00:00,212.843,212.894,212.779,212.837,6097.0
2026-05-04 12:00:00,212.839,212.941,212.793,212.831,5115.0
2026-05-04 13:00:00,212.827,212.905,212.559,212.82,8681.0
2026-05-04 14:00:00,212.822,212.845,212.708,212.83,6710.0
2026-05-04 15:00:00,212.83,213.064,212.798,213.034,6719.0
2026-05-04 16:00:00,213.034,213.035,212.848,212.919,7492.0
2026-05-04 17:00:00,212.921,213.114,212.862,212.916,6999.0
2026-05-04 18:00:00,212.911,212.933,212.654,212.728,9824.0
2026-05-04 19:00:00,212.73,212.791,212.536,212.606,9211.0
2026-05-04 20:00:00,212.605,212.842,212.605,212.771,6365.0
2026-05-04 21:00:00,212.771,212.812,211.945,212.159,5661.0
2026-05-04 22:00:00,212.164,212.703,212.164,212.662,6605.0
2026-05-04 23:00:00,212.661,212.766,212.639,212.745,3372.0
2026-05-05 00:00:00,212.676,212.715,212.507,212.581,1241.0
2026-05-05 01:00:00,212.581,212.75,212.52,212.7,1617.0
2026-05-05 02:00:00,212.7,212.733,212.667,212.731,2052.0
2026-05-05 03:00:00,212.73,212.776,212.617,212.626,4288.0
2026-05-05 04:00:00,212.625,212.694,212.583,212.641,4234.0
2026-05-05 05:00:00,212.641,212.731,212.617,212.655,3569.0
2026-05-05 06:00:00,212.65,212.696,212.625,212.642,2223.0
2026-05-05 07:00:00,212.642,212.747,212.581,212.585,3212.0
2026-05-05 08:00:00,212.583,212.662,212.556,212.625,4413.0
2026-05-05 09:00:00,212.627,212.825,212.559,212.744,5690.0
2026-05-05 10:00:00,212.759,212.887,212.737,212.865,6367.0
2026-05-05 11:00:00,212.863,213.092,212.855,212.989,5327.0
2026-05-05 12:00:00,212.991,213.681,212.826,213.306,6806.0
2026-05-05 13:00:00,213.303,213.529,213.273,213.507,4898.0
2026-05-05 14:00:00,213.506,213.633,213.43,213.599,5534.0
2026-05-05 15:00:00,213.597,213.715,213.45,213.68,6821.0
2026-05-05 16:00:00,213.68,213.887,213.663,213.83,6935.0
2026-05-05 17:00:00,213.741,213.99,213.711,213.878,8291.0
2026-05-05 18:00:00,213.88,214.073,213.819,214.035,6547.0
2026-05-05 19:00:00,214.034,214.056,213.887,213.898,4970.0
2026-05-05 20:00:00,213.899,213.956,213.851,213.898,4547.0
2026-05-05 21:00:00,213.9,213.983,213.876,213.902,3789.0
2026-05-05 22:00:00,213.904,213.925,213.779,213.813,3535.0
2026-05-05 23:00:00,213.813,213.827,213.722,213.737,2385.0
2026-05-06 00:00:00,213.714,213.869,213.606,213.72,806.0
2026-05-06 01:00:00,213.72,213.884,213.697,213.836,2351.0
2026-05-06 02:00:00,213.836,214.028,213.781,213.934,4393.0
2026-05-06 03:00:00,213.934,213.967,213.866,213.932,6511.0
2026-05-06 04:00:00,213.932,214.069,213.92,214.054,5863.0
2026-05-06 05:00:00,214.056,214.15,214.031,214.128,4408.0
2026-05-06 06:00:00,214.126,214.229,213.995,214.022,4434.0
2026-05-06 07:00:00,214.024,214.074,210.771,211.904,9981.0
2026-05-06 08:00:00,211.902,212.474,211.684,212.384,7882.0
2026-05-06 09:00:00,212.379,212.532,212.346,212.514,7053.0
2026-05-06 10:00:00,212.514,212.728,211.732,211.882,7156.0
2026-05-06 11:00:00,211.896,212.625,211.843,212.531,8961.0
2026-05-06 12:00:00,212.535,212.654,212.435,212.467,8785.0
2026-05-06 13:00:00,212.466,212.575,212.254,212.405,8660.0
2026-05-06 14:00:00,212.404,212.771,212.325,212.64,9019.0
2026-05-06 15:00:00,212.643,212.773,212.567,212.726,8947.0
2026-05-06 16:00:00,212.724,212.748,212.363,212.439,9123.0
2026-05-06 17:00:00,212.44,212.643,212.39,212.607,8815.0
2026-05-06 18:00:00,212.606,212.754,212.546,212.688,7883.0
2026-05-06 19:00:00,212.686,212.73,212.425,212.479,6397.0
2026-05-06 20:00:00,212.481,212.721,212.468,212.7,5144.0
2026-05-06 21:00:00,212.7,212.71,212.566,212.614,4643.0
2026-05-06 22:00:00,212.616,212.658,212.562,212.623,5275.0
2026-05-06 23:00:00,212.622,212.652,212.487,212.525,3611.0
2026-05-07 00:00:00,212.459,212.527,212.269,212.298,703.0
2026-05-07 01:00:00,212.298,212.564,212.295,212.537,1904.0
2026-05-07 02:00:00,212.537,212.733,212.474,212.73,2287.0
2026-05-07 03:00:00,212.73,212.741,212.429,212.474,6280.0
2026-05-07 04:00:00,212.474,212.545,212.29,212.533,6107.0
2026-05-07 05:00:00,212.531,212.691,212.48,212.674,5206.0
2026-05-07 06:00:00,212.673,212.677,212.557,212.614,3959.0
2026-05-07 07:00:00,212.614,212.653,212.547,212.608,3577.0
2026-05-07 08:00:00,212.608,212.656,212.556,212.583,3927.0
2026-05-07 09:00:00,212.582,212.626,212.426,212.555,6048.0
2026-05-07 10:00:00,212.554,212.845,212.395,212.841,7670.0
2026-05-07 11:00:00,212.846,212.957,212.714,212.951,6327.0
2026-05-07 12:00:00,212.953,213.055,212.927,212.967,5760.0
2026-05-07 13:00:00,212.963,213.122,212.94,213.011,5255.0
2026-05-07 14:00:00,213.012,213.06,212.824,212.985,5841.0
2026-05-07 15:00:00,212.984,213.051,212.885,212.91,6831.0
2026-05-07 16:00:00,212.912,213.087,212.887,212.913,7409.0
2026-05-07 17:00:00,212.914,213.036,212.858,212.974,7131.0
2026-05-07 18:00:00,212.974,213.084,212.927,212.944,7394.0
2026-05-07 19:00:00,212.943,213.026,212.858,212.933,7630.0
2026-05-07 20:00:00,212.933,212.968,212.739,212.805,7682.0
2026-05-07 21:00:00,212.804,212.946,212.715,212.861,6818.0
2026-05-07 22:00:00,212.867,212.89,212.747,212.757,6036.0
2026-05-07 23:00:00,212.758,212.838,212.586,212.616,4379.0
2026-05-08 00:00:00,212.63,212.63,212.335,212.501,854.0
2026-05-08 01:00:00,212.513,212.677,212.501,212.544,2712.0
2026-05-08 02:00:00,212.544,212.638,212.537,212.617,1884.0
2026-05-08 03:00:00,212.616,212.742,212.564,212.708,5229.0
2026-05-08 04:00:00,212.708,212.76,212.657,212.736,5171.0
2026-05-08 05:00:00,212.736,212.816,212.668,212.68,4103.0
2026-05-08 06:00:00,212.68,212.693,212.559,212.59,3537.0
2026-05-08 07:00:00,212.587,212.856,212.536,212.764,3741.0
2026-05-08 08:00:00,212.763,212.921,212.762,212.891,3602.0
2026-05-08 09:00:00,212.892,213.069,212.852,213.068,4983.0
2026-05-08 10:00:00,213.074,213.078,212.95,213.006,5521.0
2026-05-08 11:00:00,213.001,213.333,212.98,213.331,5462.0
2026-05-08 12:00:00,213.331,213.391,213.288,213.317,4510.0
2026-05-08 13:00:00,213.317,213.399,213.223,213.251,4635.0
2026-05-08 14:00:00,213.252,213.381,213.222,213.38,5014.0
2026-05-08 15:00:00,213.38,213.393,213.178,213.246,7468.0
2026-05-08 16:00:00,213.25,213.29,213.109,213.268,7958.0
2026-05-08 17:00:00,213.269,213.442,213.19,213.408,7696.0
2026-05-08 18:00:00,213.407,213.47,213.294,213.405,6089.0
2026-05-08 19:00:00,213.41,213.486,213.34,213.38,4400.0
2026-05-08 20:00:00,213.378,213.438,213.321,213.405,3675.0
2026-05-11 00:00:00,212.062,212.688,212.048,212.547,1294.0
2026-05-11 01:00:00,212.547,213.225,212.547,213.218,3187.0
2026-05-11 02:00:00,213.218,213.298,213.181,213.243,2233.0
2026-05-11 03:00:00,213.243,213.496,213.23,213.418,4722.0
2026-05-11 04:00:00,213.418,213.542,213.382,213.54,5798.0
2026-05-11 05:00:00,213.538,213.649,213.504,213.565,3530.0
2026-05-11 06:00:00,213.562,213.608,213.533,213.566,3524.0
2026-05-11 07:00:00,213.565,213.574,213.353,213.39,2717.0
2026-05-11 08:00:00,213.391,213.465,213.382,213.452,3434.0
2026-05-11 09:00:00,213.453,213.554,213.327,213.498,5381.0
2026-05-11 10:00:00,213.512,213.701,213.501,213.682,4422.0
2026-05-11 11:00:00,213.682,213.806,213.613,213.76,5059.0
2026-05-11 12:00:00,213.76,213.832,213.673,213.7,4099.0
2026-05-11 13:00:00,213.699,213.713,213.471,213.533,5087.0
2026-05-11 14:00:00,213.534,213.866,213.522,213.796,4948.0
2026-05-11 15:00:00,213.797,213.868,213.69,213.849,6239.0
2026-05-11 16:00:00,213.856,214.034,213.85,213.937,6012.0
2026-05-11 17:00:00,213.935,214.137,213.869,214.134,6952.0
2026-05-11 18:00:00,214.131,214.378,214.122,214.361,5976.0
2026-05-11 19:00:00,214.361,214.423,214.294,214.38,4517.0
2026-05-11 20:00:00,214.38,214.421,214.318,214.343,5010.0
2026-05-11 21:00:00,214.344,214.358,214.226,214.25,4403.0
2026-05-11 22:00:00,214.25,214.29,214.118,214.13,4296.0
2026-05-11 23:00:00,214.135,214.149,213.933,213.959,2780.0
2026-05-12 00:00:00,213.877,213.931,213.715,213.741,854.0
2026-05-12 01:00:00,213.762,213.936,213.75,213.904,1669.0
2026-05-12 02:00:00,213.903,213.959,213.875,213.912,1777.0
2026-05-12 03:00:00,213.91,214.021,213.871,213.993,4407.0
2026-05-12 04:00:00,213.993,214.098,213.954,214.045,6086.0
2026-05-12 05:00:00,214.045,214.204,214.037,214.177,3861.0
2026-05-12 06:00:00,214.176,214.187,214.054,214.085,3282.0
2026-05-12 07:00:00,214.088,214.153,214.042,214.074,3536.0
2026-05-12 08:00:00,214.072,214.143,212.857,213.531,4890.0
2026-05-12 09:00:00,213.533,213.636,213.275,213.358,8317.0
2026-05-12 10:00:00,213.36,213.418,212.852,212.921,7265.0
2026-05-12 11:00:00,212.917,213.301,212.741,213.258,7536.0
2026-05-12 12:00:00,213.261,213.474,213.175,213.325,6526.0
2026-05-12 13:00:00,213.325,213.486,213.211,213.227,5487.0
2026-05-12 14:00:00,213.228,213.351,213.106,213.231,6228.0
2026-05-12 15:00:00,213.231,213.357,212.932,213.281,7894.0
2026-05-12 16:00:00,213.282,213.326,212.961,212.997,8410.0
2026-05-12 17:00:00,212.99,213.347,212.986,213.172,8286.0
2026-05-12 18:00:00,213.172,213.357,212.944,213.326,7779.0
2026-05-12 19:00:00,213.326,213.401,213.188,213.249,5884.0
2026-05-12 20:00:00,213.247,213.336,213.169,213.25,4705.0
2026-05-12 21:00:00,213.249,213.301,213.135,213.251,5114.0
2026-05-12 22:00:00,213.254,213.434,213.245,213.433,4415.0
2026-05-12 23:00:00,213.403,213.44,213.365,213.406,2181.0
2026-05-13 00:00:00,213.321,213.382,213.229,213.249,675.0
2026-05-13 01:00:00,213.247,213.415,213.228,213.393,1214.0
2026-05-13 02:00:00,213.393,213.435,213.344,213.41,1560.0
2026-05-13 03:00:00,213.414,213.523,213.352,213.483,4522.0
2026-05-13 04:00:00,213.487,213.518,213.317,213.481,4888.0
2026-05-13 05:00:00,213.478,213.524,213.415,213.437,3667.0
2026-05-13 06:00:00,213.437,213.467,213.339,213.464,3690.0
2026-05-13 07:00:00,213.465,213.488,213.413,213.455,2276.0
2026-05-13 08:00:00,213.46,213.689,213.448,213.642,3642.0
2026-05-13 09:00:00,213.643,213.698,213.35,213.434,5222.0
2026-05-13 10:00:00,213.435,213.509,213.307,213.403,6259.0
2026-05-13 11:00:00,213.4,213.544,213.331,213.424,5443.0
2026-05-13 12:00:00,213.424,213.448,213.244,213.364,5342.0
2026-05-13 13:00:00,213.365,213.385,212.978,213.159,6230.0
2026-05-13 14:00:00,213.162,213.224,213.009,213.039,4779.0
2026-05-13 15:00:00,213.041,213.155,212.861,212.936,6751.0
2026-05-13 16:00:00,212.936,213.266,212.936,213.218,7180.0
2026-05-13 17:00:00,213.217,213.375,213.178,213.326,7514.0
2026-05-13 18:00:00,213.326,213.476,213.292,213.377,6360.0
2026-05-13 19:00:00,213.378,213.45,213.294,213.344,5540.0
2026-05-13 20:00:00,213.344,213.398,213.316,213.386,4155.0
2026-05-13 21:00:00,213.386,213.449,213.356,213.444,4718.0
2026-05-13 22:00:00,213.444,213.509,213.427,213.482,4607.0
2026-05-13 23:00:00,213.482,213.566,213.453,213.505,3013.0
2026-05-14 00:00:00,213.372,213.447,213.111,213.322,832.0
2026-05-14 01:00:00,213.35,213.535,213.35,213.475,1578.0
2026-05-14 02:00:00,213.478,213.531,213.415,213.529,1817.0
2026-05-14 03:00:00,213.528,213.579,213.489,213.57,4086.0
2026-05-14 04:00:00,213.567,213.63,213.517,213.529,4839.0
2026-05-14 05:00:00,213.53,213.621,213.525,213.567,3918.0
2026-05-14 06:00:00,213.565,213.707,213.561,213.681,3396.0
2026-05-14 07:00:00,213.68,213.686,213.165,213.563,3767.0
2026-05-14 08:00:00,213.565,213.593,213.394,213.394,4763.0
2026-05-14 09:00:00,213.393,213.594,213.356,213.522,5191.0
2026-05-14 10:00:00,213.522,213.534,213.266,213.276,6052.0
2026-05-14 11:00:00,213.273,213.477,213.262,213.477,5361.0
2026-05-14 12:00:00,213.476,213.5,213.332,213.358,4214.0
2026-05-14 13:00:00,213.359,213.468,213.338,213.397,5430.0
2026-05-14 14:00:00,213.397,213.477,213.194,213.266,5459.0
2026-05-14 15:00:00,213.268,213.487,213.211,213.382,5974.0
2026-05-14 16:00:00,213.38,213.417,212.425,213.176,8144.0
2026-05-14 17:00:00,213.176,213.359,213.092,213.256,7885.0
2026-05-14 18:00:00,213.252,213.298,213.049,213.065,7254.0
2026-05-14 19:00:00,213.064,213.08,212.49,212.625,7259.0
2026-05-14 20:00:00,212.625,212.657,212.138,212.143,5309.0
2026-05-14 21:00:00,212.148,212.148,211.878,212.059,4695.0
2026-05-14 22:00:00,212.057,212.223,212.051,212.195,4649.0
2026-05-14 23:00:00,212.198,212.267,212.152,212.24,2807.0
2026-05-15 00:00:00,212.2,212.219,212.053,212.158,862.0
2026-05-15 01:00:00,212.158,212.27,212.128,212.213,1673.0
2026-05-15 02:00:00,212.213,212.227,212.048,212.084,2563.0
2026-05-15 03:00:00,212.087,212.1,211.901,212.036,5748.0
2026-05-15 04:00:00,212.037,212.049,211.783,211.9,7111.0
2026-05-15 05:00:00,211.9,212.047,211.863,212.033,4785.0
2026-05-15 06:00:00,212.033,212.049,211.954,211.995,3969.0
2026-05-15 07:00:00,211.995,211.995,211.805,211.831,3578.0
2026-05-15 08:00:00,211.834,211.838,211.594,211.626,5946.0
2026-05-15 09:00:00,211.62,211.897,211.479,211.516,7952.0
2026-05-15 10:00:00,211.524,211.811,211.5,211.75,7422.0
2026-05-15 11:00:00,211.751,211.771,211.432,211.613,7744.0
2026-05-15 12:00:00,211.614,211.625,211.292,211.583,7602.0
2026-05-15 13:00:00,211.594,212.063,211.591,211.932,7543.0
2026-05-15 14:00:00,211.932,212.06,211.832,211.846,6183.0
2026-05-15 15:00:00,211.848,211.849,211.526,211.753,7346.0
2026-05-15 16:00:00,211.752,211.89,211.665,211.705,8516.0
2026-05-15 17:00:00,211.705,211.951,211.626,211.628,9427.0
2026-05-15 18:00:00,211.628,211.708,211.329,211.551,8409.0
2026-05-15 19:00:00,211.551,211.619,211.374,211.558,6463.0
2026-05-15 20:00:00,211.564,211.624,211.465,211.556,5881.0
2026-05-18 00:00:00,211.32,211.462,211.21,211.332,611.0
2026-05-18 01:00:00,211.333,211.592,211.333,211.45,3047.0
2026-05-18 02:00:00,211.449,211.554,211.414,211.423,3573.0
2026-05-18 03:00:00,211.423,211.56,211.38,211.52,6637.0
2026-05-18 04:00:00,211.518,211.579,211.388,211.563,7143.0
2026-05-18 05:00:00,211.563,211.586,211.458,211.49,5521.0
2026-05-18 06:00:00,211.49,211.741,211.482,211.727,4824.0
2026-05-18 07:00:00,211.727,211.814,211.504,211.696,5027.0
2026-05-18 08:00:00,211.696,211.793,211.669,211.768,5090.0
2026-05-18 09:00:00,211.766,212.234,211.739,212.212,6298.0
2026-05-18 10:00:00,212.214,212.247,212.047,212.2,6765.0
2026-05-18 11:00:00,212.198,212.559,212.141,212.464,6505.0
2026-05-18 12:00:00,212.464,212.487,212.3,212.369,4720.0
2026-05-18 13:00:00,212.369,212.454,212.117,212.126,5314.0
2026-05-18 14:00:00,212.124,212.468,212.12,212.459,7164.0
2026-05-18 15:00:00,212.462,212.71,212.451,212.567,8029.0
2026-05-18 16:00:00,212.568,212.642,212.421,212.578,7926.0
2026-05-18 17:00:00,212.579,212.862,212.567,212.75,8513.0
2026-05-18 18:00:00,212.751,213.23,212.666,213.124,8291.0
2026-05-18 19:00:00,213.123,213.548,213.088,213.436,6987.0
2026-05-18 20:00:00,213.432,213.499,213.295,213.297,5563.0
2026-05-18 21:00:00,213.297,213.325,213.17,213.187,5758.0
2026-05-18 22:00:00,213.194,213.416,213.169,213.383,8105.0
2026-05-18 23:00:00,213.385,213.449,213.299,213.379,3482.0
2026-05-19 00:00:00,213.306,213.306,213.109,213.167,526.0
2026-05-19 01:00:00,213.135,213.39,213.133,213.377,1732.0
2026-05-19 02:00:00,213.377,213.408,213.339,213.386,1651.0
2026-05-19 03:00:00,213.384,213.476,213.335,213.384,5142.0
2026-05-19 04:00:00,213.383,213.394,213.225,213.309,5783.0
2026-05-19 05:00:00,213.307,213.308,213.195,213.269,5088.0
2026-05-19 06:00:00,213.267,213.287,213.213,213.215,3721.0
2026-05-19 07:00:00,213.215,213.235,213.128,213.147,3845.0
2026-05-19 08:00:00,213.147,213.365,213.044,213.274,4609.0
2026-05-19 09:00:00,213.282,213.343,213.091,213.154,5802.0
2026-05-19 10:00:00,213.143,213.232,213.033,213.153,6219.0
2026-05-19 11:00:00,213.152,213.175,212.996,213.133,6304.0
2026-05-19 12:00:00,213.13,213.32,213.071,213.311,5376.0
2026-05-19 13:00:00,213.311,213.416,213.189,213.301,6010.0
2026-05-19 14:00:00,213.302,213.359,213.25,213.289,5891.0
2026-05-19 15:00:00,213.291,213.51,212.859,213.274,7189.0
2026-05-19 16:00:00,213.264,213.3,212.961,213.158,9150.0
2026-05-19 17:00:00,213.156,213.196,212.898,213.032,10051.0
2026-05-19 18:00:00,213.033,213.257,212.956,213.196,7956.0
2026-05-19 19:00:00,213.196,213.207,212.652,212.808,7619.0
2026-05-19 20:00:00,212.81,213.026,212.808,213.013,4998.0
2026-05-19 21:00:00,213.013,213.176,213.012,213.074,5639.0
2026-05-19 22:00:00,213.095,213.175,213.079,213.138,5083.0
2026-05-19 23:00:00,213.138,213.207,213.057,213.068,2919.0
2026-05-20 00:00:00,213.021,213.12,212.944,213.077,1268.0
2026-05-20 01:00:00,213.088,213.152,213.067,213.112,1617.0
2026-05-20 02:00:00,213.115,213.133,213.047,213.051,2232.0
2026-05-20 03:00:00,213.048,213.134,212.865,212.884,6557.0
2026-05-20 04:00:00,212.884,212.945,212.783,212.898,6679.0
2026-05-20 05:00:00,212.898,212.94,212.757,212.811,5640.0
2026-05-20 06:00:00,212.811,212.945,212.769,212.881,5570.0
2026-05-20 07:00:00,212.882,212.959,212.833,212.882,4757.0
2026-05-20 08:00:00,212.885,212.959,212.773,212.773,5078.0
2026-05-20 09:00:00,212.762,213.006,212.593,212.815,6601.0
2026-05-20 10:00:00,212.817,212.986,212.75,212.913,6257.0
2026-05-20 11:00:00,212.918,213.003,212.786,212.834,6941.0
2026-05-20 12:00:00,212.827,212.956,212.827,212.875,5381.0
2026-05-20 13:00:00,212.875,213.029,212.838,213.005,5359.0
2026-05-20 14:00:00,213.008,213.17,212.994,213.105,5230.0
2026-05-20 15:00:00,213.102,213.171,213.024,213.043,5519.0
2026-05-20 16:00:00,213.044,213.21,213.004,213.086,6680.0
2026-05-20 17:00:00,213.085,213.462,213.003,213.405,10652.0
2026-05-20 18:00:00,213.406,213.579,213.278,213.5,10341.0
2026-05-20 19:00:00,213.502,213.6,213.466,213.502,8142.0
2026-05-20 20:00:00,213.507,213.622,213.488,213.519,7349.0
2026-05-20 21:00:00,213.508,213.582,213.484,213.523,5843.0
2026-05-20 22:00:00,213.521,213.587,213.455,213.465,5397.0
2026-05-20 23:00:00,213.464,213.546,213.446,213.495,3439.0
2026-05-21 00:00:00,213.416,213.447,213.323,213.383,407.0
2026-05-21 01:00:00,213.383,213.494,213.383,213.439,1592.0
2026-05-21 02:00:00,213.439,213.485,213.427,213.451,1904.0
2026-05-21 03:00:00,213.451,213.516,213.386,213.467,5199.0
2026-05-21 04:00:00,213.468,213.566,213.414,213.449,5719.0
2026-05-21 05:00:00,213.452,213.486,213.29,213.43,4725.0
2026-05-21 06:00:00,213.43,213.489,213.405,213.444,3193.0
2026-05-21 07:00:00,213.442,213.567,213.431,213.555,3023.0
2026-05-21 08:00:00,213.556,213.611,213.51,213.596,3675.0
2026-05-21 09:00:00,213.593,213.698,213.585,213.69,5412.0
2026-05-21 10:00:00,213.693,213.768,213.375,213.569,7437.0
2026-05-21 11:00:00,213.572,213.825,213.506,213.597,7596.0
2026-05-21 12:00:00,213.594,213.727,213.564,213.694,5868.0
2026-05-21 13:00:00,213.692,213.779,213.456,213.618,7274.0
2026-05-21 14:00:00,213.617,213.768,213.561,213.614,5768.0
2026-05-21 15:00:00,213.617,213.665,213.464,213.496,7428.0
2026-05-21 16:00:00,213.495,213.589,213.321,213.428,8511.0
2026-05-21 17:00:00,213.425,213.495,213.315,213.458,8520.0
2026-05-21 18:00:00,213.458,213.501,213.286,213.372,8300.0
2026-05-21 19:00:00,213.372,213.401,213.306,213.382,6763.0
2026-05-21 20:00:00,213.383,213.646,213.365,213.593,9122.0
2026-05-21 21:00:00,213.594,213.711,213.496,213.581,7335.0
2026-05-21 22:00:00,213.581,213.639,213.492,213.524,6138.0
2026-05-21 23:00:00,213.532,213.608,213.47,213.496,2902.0
2026-05-22 00:00:00,213.405,213.487,213.284,213.398,1391.0
2026-05-22 01:00:00,213.433,213.573,213.417,213.565,1392.0
2026-05-22 02:00:00,213.567,213.605,213.533,213.59,1552.0
2026-05-22 03:00:00,213.587,213.622,213.503,213.569,4789.0
2026-05-22 04:00:00,213.571,213.626,213.542,213.578,4542.0
2026-05-22 05:00:00,213.575,213.595,213.483,213.517,3199.0
2026-05-22 06:00:00,213.517,213.527,213.466,213.511,2646.0
2026-05-22 07:00:00,213.511,213.627,213.49,213.619,2716.0
2026-05-22 08:00:00,213.621,213.661,213.527,213.572,3383.0
2026-05-22 09:00:00,213.572,213.594,213.468,213.574,5246.0
2026-05-22 10:00:00,213.572,213.629,213.441,213.615,4624.0
2026-05-22 11:00:00,213.615,213.73,213.542,213.578,5429.0
2026-05-22 12:00:00,213.576,213.647,213.495,213.614,4851.0
2026-05-22 13:00:00,213.613,213.683,213.54,213.58,4490.0
2026-05-22 14:00:00,213.58,213.614,213.52,213.562,4046.0
2026-05-22 15:00:00,213.562,213.736,213.491,213.727,6109.0
2026-05-22 16:00:00,213.729,214.043,213.706,213.768,7576.0
2026-05-22 17:00:00,213.657,213.793,213.553,213.721,8592.0
2026-05-22 18:00:00,213.719,213.991,213.664,213.896,6441.0
2026-05-22 19:00:00,213.896,214.014,213.874,213.98,5537.0
2026-05-22 20:00:00,213.981,214.015,213.927,213.999,6238.0
2026-05-25 00:00:00,213.593,213.74,213.579,213.692,795.0
2026-05-25 01:00:00,213.69,214.236,213.69,214.235,3614.0
2026-05-25 02:00:00,214.235,214.303,214.217,214.29,2291.0
2026-05-25 03:00:00,214.288,214.294,214.158,214.177,3872.0
2026-05-25 04:00:00,214.175,214.221,214.105,214.166,3973.0
2026-05-25 05:00:00,214.166,214.185,214.065,214.074,2761.0
2026-05-25 06:00:00,214.074,214.128,214.05,214.099,2850.0
2026-05-25 07:00:00,214.097,214.225,214.085,214.193,2135.0
2026-05-25 08:00:00,214.192,214.29,214.19,214.266,2726.0
2026-05-25 09:00:00,214.266,214.329,214.19,214.299,3966.0
2026-05-25 10:00:00,214.3,214.375,214.223,214.371,5106.0
2026-05-25 11:00:00,214.37,214.44,214.292,214.434,3440.0
2026-05-25 12:00:00,214.432,214.48,214.411,214.435,2646.0
2026-05-25 13:00:00,214.435,214.466,214.39,214.435,2358.0
2026-05-25 14:00:00,214.434,214.6,214.385,214.533,3298.0
2026-05-25 15:00:00,214.537,214.608,214.515,214.527,3652.0
2026-05-25 16:00:00,214.527,214.585,214.441,214.442,3921.0
2026-05-25 17:00:00,214.442,214.571,214.416,214.55,3713.0
2026-05-25 18:00:00,214.552,214.597,214.506,214.541,3276.0
2026-05-25 19:00:00,214.541,214.592,214.511,214.573,2383.0
2026-05-25 20:00:00,214.572,214.62,214.563,214.598,1320.0
2026-05-25 21:00:00,214.598,214.634,214.582,214.629,1279.0
2026-05-25 22:00:00,214.629,214.681,214.604,214.659,1233.0
2026-05-25 23:00:00,214.659,214.676,214.625,214.635,1508.0
2026-05-26 00:00:00,214.496,214.543,214.378,214.455,1077.0
2026-05-26 01:00:00,214.574,214.639,214.565,214.6,1481.0
2026-05-26 02:00:00,214.6,214.632,214.502,214.525,2209.0
2026-05-26 03:00:00,214.522,214.544,214.43,214.517,5042.0
2026-05-26 04:00:00,214.517,214.548,214.34,214.401,5128.0
2026-05-26 05:00:00,214.402,214.432,214.346,214.366,3392.0
2026-05-26 06:00:00,214.366,214.409,214.338,214.384,2350.0
2026-05-26 07:00:00,214.384,214.395,214.315,214.344,2236.0
2026-05-26 08:00:00,214.344,214.358,214.267,214.292,3651.0
2026-05-26 09:00:00,214.29,214.474,214.265,214.423,5032.0
2026-05-26 10:00:00,214.424,214.524,214.32,214.516,6285.0
2026-05-26 11:00:00,214.516,214.642,214.489,214.536,4821.0
2026-05-26 12:00:00,214.536,214.638,214.482,214.607,4542.0
2026-05-26 13:00:00,214.607,214.661,214.524,214.604,4818.0
2026-05-26 14:00:00,214.606,214.679,214.406,214.419,5323.0
2026-05-26 15:00:00,214.419,214.542,214.391,214.429,5339.0
2026-05-26 16:00:00,214.432,214.497,214.362,214.44,6702.0
2026-05-26 17:00:00,214.441,214.508,214.267,214.279,6928.0
2026-05-26 18:00:00,214.277,214.315,214.077,214.118,6457.0
2026-05-26 19:00:00,214.119,214.226,214.084,214.129,4091.0
2026-05-26 20:00:00,214.132,214.225,214.105,214.201,3531.0
2026-05-26 21:00:00,214.203,214.223,214.151,214.22,3367.0
2026-05-26 22:00:00,214.22,214.27,214.179,214.259,3192.0
2026-05-26 23:00:00,214.26,214.325,214.172,214.195,2100.0
2026-05-27 00:00:00,214.169,214.216,213.99,214.126,572.0
2026-05-27 01:00:00,214.195,214.257,214.195,214.213,1651.0
2026-05-27 02:00:00,214.213,214.294,214.202,214.27,1424.0
2026-05-27 03:00:00,214.268,214.354,214.192,214.319,4037.0
2026-05-27 04:00:00,214.316,214.324,214.166,214.212,4595.0
2026-05-27 05:00:00,214.212,214.264,214.183,214.197,4162.0
2026-05-27 06:00:00,214.199,214.252,214.175,214.205,2626.0
2026-05-27 07:00:00,214.204,214.264,214.196,214.247,2490.0
2026-05-27 08:00:00,214.245,214.357,214.237,214.316,3155.0
2026-05-27 09:00:00,214.315,214.373,214.25,214.366,4953.0
2026-05-27 10:00:00,214.371,214.417,214.189,214.222,4630.0
2026-05-27 11:00:00,214.221,214.403,214.194,214.326,5016.0
2026-05-27 12:00:00,214.326,214.369,214.235,214.263,3734.0
2026-05-27 13:00:00,214.258,214.27,214.145,214.223,4131.0
2026-05-27 14:00:00,214.225,214.254,214.134,214.193,4079.0
2026-05-27 15:00:00,214.19,214.373,214.129,214.256,8137.0
2026-05-27 16:00:00,214.253,214.388,214.243,214.319,7706.0
2026-05-27 17:00:00,214.326,214.481,214.003,214.04,8384.0
2026-05-27 18:00:00,214.042,214.161,214.021,214.158,7448.0
2026-05-27 19:00:00,214.158,214.229,214.08,214.217,4768.0
2026-05-27 20:00:00,214.22,214.241,214.074,214.186,4963.0
2026-05-27 21:00:00,214.188,214.24,214.137,214.21,3808.0
2026-05-27 22:00:00,214.21,214.279,214.201,214.268,3327.0
2026-05-27 23:00:00,214.27,214.283,214.159,214.176,2287.0
2026-05-28 00:00:00,214.141,214.141,213.936,214.046,593.0
2026-05-28 01:00:00,214.046,214.217,214.046,214.177,1517.0
2026-05-28 02:00:00,214.177,214.199,214.058,214.079,2322.0
2026-05-28 03:00:00,214.067,214.12,213.975,214.02,4727.0
2026-05-28 04:00:00,214.023,214.029,213.807,213.826,4501.0
2026-05-28 05:00:00,213.826,213.882,213.814,213.835,3834.0
2026-05-28 06:00:00,213.835,213.845,213.385,213.385,5877.0
2026-05-28 07:00:00,213.385,213.501,213.329,213.476,4980.0
2026-05-28 08:00:00,213.476,213.726,213.423,213.681,3909.0
2026-05-28 09:00:00,213.679,213.825,213.661,213.778,5385.0
2026-05-28 10:00:00,213.781,213.886,213.729,213.741,6089.0
2026-05-28 11:00:00,213.738,213.778,213.62,213.7,4981.0
2026-05-28 12:00:00,213.698,213.748,213.531,213.55,5043.0
2026-05-28 13:00:00,213.55,213.556,213.42,213.51,5445.0
2026-05-28 14:00:00,213.51,213.828,213.504,213.784,4318.0
2026-05-28 15:00:00,213.781,213.892,213.705,213.884,6008.0
2026-05-28 16:00:00,213.886,214.015,213.807,213.867,7001.0
2026-05-28 17:00:00,213.869,214.132,213.819,213.885,9780.0
2026-05-28 18:00:00,213.885,214.045,213.875,214.018,6845.0
2026-05-28 19:00:00,214.018,214.126,213.957,214.019,6467.0
2026-05-28 20:00:00,214.023,214.071,213.981,214.054,4496.0
2026-05-28 21:00:00,214.055,214.071,214.001,214.05,5234.0
2026-05-28 22:00:00,214.039,214.072,213.988,214.013,3638.0
2026-05-28 23:00:00,214.013,214.09,214.005,214.069,2462.0
2026-05-29 00:00:00,214.057,214.057,213.881,214.025,537.0
2026-05-29 01:00:00,214.105,214.146,214.046,214.08,1476.0
2026-05-29 02:00:00,214.08,214.131,214.06,214.125,1627.0
2026-05-29 03:00:00,214.119,214.182,214.097,214.1,4399.0
2026-05-29 04:00:00,214.1,214.218,214.081,214.119,4725.0
2026-05-29 05:00:00,214.122,214.15,214.065,214.091,2895.0
2026-05-29 06:00:00,214.091,214.099,214.019,214.055,3188.0
2026-05-29 07:00:00,214.057,214.114,214.04,214.071,3024.0
2026-05-29 08:00:00,214.075,214.133,214.041,214.094,2596.0
2026-05-29 09:00:00,214.09,214.167,213.978,214.014,5217.0
2026-05-29 10:00:00,214.01,214.031,213.755,213.822,5200.0
2026-05-29 11:00:00,213.812,213.821,213.591,213.64,5356.0
2026-05-29 12:00:00,213.64,213.74,213.591,213.738,5427.0
2026-05-29 13:00:00,213.736,213.738,213.585,213.728,4984.0
2026-05-29 14:00:00,213.728,213.869,213.674,213.858,4717.0
2026-05-29 15:00:00,213.861,213.954,213.784,213.95,5309.0
2026-05-29 16:00:00,213.95,214.172,213.901,214.081,5981.0
2026-05-29 17:00:00,214.081,214.595,213.997,214.551,8249.0
2026-05-29 18:00:00,214.543,214.634,214.445,214.558,8390.0
2026-05-29 19:00:00,214.557,214.566,214.357,214.395,6215.0
2026-05-29 20:00:00,214.395,214.442,214.299,214.329,4610.0
2026-06-01 00:00:00,214.328,214.46,214.294,214.31,1248.0
2026-06-01 01:00:00,214.31,214.433,214.31,214.363,4238.0
2026-06-01 02:00:00,214.363,214.423,214.341,214.357,3564.0
2026-06-01 03:00:00,214.354,214.501,214.339,214.488,4950.0
2026-06-01 04:00:00,214.489,214.57,214.476,214.567,4027.0
2026-06-01 05:00:00,214.566,214.61,214.531,214.57,2843.0
2026-06-01 06:00:00,214.571,214.611,214.485,214.499,3058.0
2026-06-01 07:00:00,214.499,214.603,214.487,214.585,2415.0
2026-06-01 08:00:00,214.585,214.743,214.578,214.681,2885.0
2026-06-01 09:00:00,214.679,214.88,214.642,214.787,4525.0
2026-06-01 10:00:00,214.785,214.788,214.583,214.652,5380.0
2026-06-01 11:00:00,214.651,214.826,214.639,214.793,4302.0
2026-06-01 12:00:00,214.791,214.859,214.606,214.625,4617.0
2026-06-01 13:00:00,214.625,214.705,214.577,214.67,4002.0
2026-06-01 14:00:00,214.671,214.759,214.638,214.757,4171.0
2026-06-01 15:00:00,214.758,214.796,214.693,214.73,5749.0
2026-06-01 16:00:00,214.73,214.734,214.214,214.256,9638.0
2026-06-01 17:00:00,214.251,214.64,214.168,214.62,7909.0
2026-06-01 18:00:00,214.62,214.742,214.487,214.728,6907.0
2026-06-01 19:00:00,214.73,214.845,214.635,214.836,5640.0
2026-06-01 20:00:00,214.835,214.979,214.763,214.942,5793.0
2026-06-01 21:00:00,214.941,215.003,214.904,214.99,3900.0
2026-06-01 22:00:00,214.989,214.989,214.863,214.931,4033.0
2026-06-01 23:00:00,214.925,214.95,214.809,214.822,2680.0
2026-06-02 00:00:00,214.732,214.846,214.638,214.749,2067.0
2026-06-02 01:00:00,214.747,214.885,214.747,214.874,1955.0
2026-06-02 02:00:00,214.873,214.893,214.819,214.879,1994.0
2026-06-02 03:00:00,214.879,214.96,214.79,214.807,4166.0
2026-06-02 04:00:00,214.808,214.916,214.796,214.834,5361.0
2026-06-02 05:00:00,214.834,214.885,214.816,214.873,3607.0
2026-06-02 06:00:00,214.874,214.965,214.866,214.953,2607.0
2026-06-02 07:00:00,214.953,215.067,214.938,215.059,2132.0
2026-06-02 08:00:00,215.059,215.102,215.024,215.026,2509.0
2026-06-02 09:00:00,215.027,215.321,215.027,215.256,5086.0
2026-06-02 10:00:00,215.253,215.274,215.106,215.136,5760.0
2026-06-02 11:00:00,215.136,215.161,215.012,215.067,4828.0
2026-06-02 12:00:00,215.068,215.178,215.029,215.173,3657.0
2026-06-02 13:00:00,215.173,215.223,215.111,215.121,3438.0
2026-06-02 14:00:00,215.12,215.281,215.073,215.238,4201.0
2026-06-02 15:00:00,215.238,215.313,215.188,215.257,4542.0
2026-06-02 16:00:00,215.258,215.36,215.228,215.272,5272.0
2026-06-02 17:00:00,215.266,215.44,215.215,215.369,6028.0
2026-06-02 18:00:00,215.37,215.524,215.367,215.501,4755.0
2026-06-02 19:00:00,215.501,215.523,215.321,215.331,4054.0
2026-06-02 20:00:00,215.331,215.356,215.269,215.295,4049.0
2026-06-02 21:00:00,215.297,215.398,215.22,215.373,4014.0
2026-06-02 22:00:00,215.375,215.437,215.368,215.396,2764.0
2026-06-02 23:00:00,215.399,215.446,215.314,215.318,2119.0
2026-06-03 00:00:00,215.28,215.289,215.175,215.244,1122.0
2026-06-03 01:00:00,215.331,215.371,215.309,215.332,1703.0
2026-06-03 02:00:00,215.332,215.355,215.188,215.217,3117.0
2026-06-03 03:00:00,215.217,215.378,215.202,215.371,3844.0
2026-06-03 04:00:00,215.371,215.373,215.271,215.288,4202.0
2026-06-03 05:00:00,215.288,215.322,215.203,215.237,3212.0
2026-06-03 06:00:00,215.237,215.289,215.22,215.253,2932.0
2026-06-03 07:00:00,215.254,215.259,215.183,215.21,2380.0
2026-06-03 08:00:00,215.21,215.247,215.093,215.097,3263.0
2026-06-03 09:00:00,215.096,215.181,214.917,215.172,5330.0
2026-06-03 10:00:00,215.17,215.189,214.718,214.898,6192.0
2026-06-03 11:00:00,214.894,214.932,214.424,214.755,6784.0
2026-06-03 12:00:00,214.755,214.992,214.755,214.884,4630.0
2026-06-03 13:00:00,214.883,214.989,214.856,214.922,5065.0
2026-06-03 14:00:00,214.92,215.03,214.914,214.982,4067.0
2026-06-03 15:00:00,214.982,214.999,214.718,214.801,5740.0
2026-06-03 16:00:00,214.796,214.86,214.701,214.771,7487.0
2026-06-03 17:00:00,214.764,214.931,214.725,214.916,7217.0
2026-06-03 18:00:00,214.918,215.009,214.797,214.912,6645.0
2026-06-03 19:00:00,214.91,214.922,214.672,214.743,6411.0
2026-06-03 20:00:00,214.748,214.792,214.689,214.719,4049.0
2026-06-03 21:00:00,214.722,214.739,214.655,214.706,3553.0
2026-06-03 22:00:00,214.704,214.819,214.693,214.812,3452.0
2026-06-03 23:00:00,214.811,214.837,214.751,214.777,2287.0
2026-06-04 00:00:00,214.659,214.732,214.557,214.619,1327.0
2026-06-04 01:00:00,214.607,214.71,214.607,214.657,2185.0
2026-06-04 02:00:00,214.657,214.763,214.628,214.759,3130.0
2026-06-04 03:00:00,214.755,214.801,214.654,214.683,5229.0
2026-06-04 04:00:00,214.684,214.702,214.635,214.679,4988.0
2026-06-04 05:00:00,214.681,214.697,214.613,214.679,4018.0
2026-06-04 06:00:00,214.681,214.744,214.621,214.729,2610.0
2026-06-04 07:00:00,214.729,214.77,214.35,214.72,2997.0
2026-06-04 08:00:00,214.721,214.74,214.618,214.695,3638.0
2026-06-04 09:00:00,214.693,214.77,214.65,214.713,5790.0
2026-06-04 10:00:00,214.717,214.731,214.459,214.615,6011.0
2026-06-04 11:00:00,214.62,214.766,214.619,214.713,5299.0
2026-06-04 12:00:00,214.712,214.879,214.71,214.798,5650.0
2026-06-04 13:00:00,214.797,214.937,214.778,214.923,5243.0
2026-06-04 14:00:00,214.925,215.139,214.909,215.033,6104.0
2026-06-04 15:00:00,215.03,215.159,215.025,215.112,5876.0
2026-06-04 16:00:00,215.112,215.138,214.978,215.107,6431.0
2026-06-04 17:00:00,215.106,215.12,214.924,215.077,6660.0
2026-06-04 18:00:00,215.077,215.104,214.876,214.988,5845.0
2026-06-04 19:00:00,214.988,215.027,214.903,214.921,4626.0
2026-06-04 20:00:00,214.922,214.959,214.809,214.825,3261.0
2026-06-04 21:00:00,214.822,214.862,214.792,214.833,3595.0
2026-06-04 22:00:00,214.833,214.842,214.771,214.799,2627.0
2026-06-04 23:00:00,214.801,214.824,214.776,214.798,2074.0
2026-06-05 00:00:00,214.761,214.854,214.626,214.636,2026.0
2026-06-05 01:00:00,214.724,214.813,214.701,214.778,1151.0
2026-06-05 02:00:00,214.784,214.801,214.741,214.758,1334.0
2026-06-05 03:00:00,214.758,214.758,214.667,214.722,4659.0
2026-06-05 04:00:00,214.721,214.742,214.589,214.727,5053.0
2026-06-05 05:00:00,214.727,214.805,214.72,214.75,3099.0
2026-06-05 06:00:00,214.75,214.812,214.733,214.77,2809.0
2026-06-05 07:00:00,214.769,214.847,214.759,214.815,2868.0
2026-06-05 08:00:00,214.818,214.821,214.748,214.763,3086.0
2026-06-05 09:00:00,214.761,214.908,214.732,214.88,4855.0
2026-06-05 10:00:00,214.879,215.086,214.86,215.057,4605.0
2026-06-05 11:00:00,215.055,215.231,215.036,215.216,4165.0
2026-06-05 12:00:00,215.215,215.396,215.176,215.354,4347.0
2026-06-05 13:00:00,215.355,215.612,215.342,215.47,3946.0
2026-06-05 14:00:00,215.467,215.479,215.264,215.284,4820.0
2026-06-05 15:00:00,215.284,215.326,214.752,214.76,8325.0
2026-06-05 16:00:00,214.763,214.842,214.288,214.573,10645.0
2026-06-05 17:00:00,214.567,214.657,214.367,214.541,9246.0
2026-06-05 18:00:00,214.545,214.547,214.027,214.085,7495.0
2026-06-05 19:00:00,214.085,214.089,213.862,214.067,7093.0
2026-06-05 20:00:00,214.065,214.089,213.835,213.891,5091.0
2026-06-08 00:00:00,213.491,213.542,213.315,213.354,548.0
2026-06-08 01:00:00,213.354,213.729,213.354,213.624,3626.0
2026-06-08 02:00:00,213.621,213.821,213.598,213.811,3312.0
2026-06-08 03:00:00,213.811,214.021,213.742,214.015,4580.0
2026-06-08 04:00:00,214.014,214.045,213.561,213.831,7343.0
2026-06-08 05:00:00,213.831,213.979,213.716,213.932,4760.0
2026-06-08 06:00:00,213.933,213.954,213.86,213.908,3192.0
2026-06-08 07:00:00,213.908,213.953,213.85,213.892,3664.0
2026-06-08 08:00:00,213.894,213.986,213.565,213.597,5813.0
2026-06-08 09:00:00,213.598,213.726,213.486,213.513,7194.0
2026-06-08 10:00:00,213.513,213.854,213.483,213.544,6370.0
2026-06-08 11:00:00,213.544,213.619,212.943,213.175,7483.0
2026-06-08 12:00:00,213.176,213.287,212.929,213.242,7414.0
2026-06-08 13:00:00,213.242,213.486,213.182,213.467,5781.0
2026-06-08 14:00:00,213.466,213.825,213.44,213.713,6875.0
2026-06-08 15:00:00,213.714,213.809,213.474,213.553,6975.0
2026-06-08 16:00:00,213.553,213.778,213.508,213.668,8297.0
2026-06-08 17:00:00,213.669,213.788,213.561,213.59,8128.0
2026-06-08 18:00:00,213.593,213.731,213.545,213.704,7078.0
2026-06-08 19:00:00,213.704,213.744,213.622,213.705,5030.0
2026-06-08 20:00:00,213.706,213.767,213.667,213.739,5103.0
2026-06-08 21:00:00,213.74,213.848,213.74,213.762,4053.0
2026-06-08 22:00:00,213.753,213.811,213.706,213.738,4868.0
2026-06-08 23:00:00,213.738,213.768,213.617,213.627,2935.0
2026-06-09 00:00:00,213.515,213.659,213.499,213.567,1138.0
2026-06-09 01:00:00,213.661,213.69,213.6,213.685,1815.0
2026-06-09 02:00:00,213.683,213.707,213.572,213.58,2060.0
2026-06-09 03:00:00,213.57,213.712,213.496,213.695,5565.0
2026-06-09 04:00:00,213.695,213.878,213.672,213.876,5256.0
2026-06-09 05:00:00,213.874,213.9,213.833,213.877,3245.0
2026-06-09 06:00:00,213.875,213.929,213.829,213.929,3342.0
2026-06-09 07:00:00,213.925,214.058,213.894,214.021,3116.0
2026-06-09 08:00:00,214.022,214.042,213.928,213.988,4312.0
2026-06-09 09:00:00,213.991,214.124,213.922,214.033,6303.0
2026-06-09 10:00:00,214.036,214.203,213.979,214.143,6458.0
2026-06-09 11:00:00,214.143,214.364,214.117,214.313,4977.0
2026-06-09 12:00:00,214.313,214.471,214.301,214.456,3927.0
2026-06-09 13:00:00,214.456,214.581,214.417,214.551,3779.0
2026-06-09 14:00:00,214.553,214.709,214.538,214.656,3713.0
2026-06-09 15:00:00,214.654,214.733,214.622,214.708,4698.0
2026-06-09 16:00:00,214.709,214.788,214.597,214.634,6293.0
2026-06-09 17:00:00,214.635,214.757,214.497,214.685,8632.0
2026-06-09 18:00:00,214.686,214.797,214.361,214.495,8911.0
2026-06-09 19:00:00,214.495,214.576,214.322,214.48,9817.0
2026-06-09 20:00:00,214.48,214.626,214.466,214.604,7194.0
2026-06-09 21:00:00,214.604,214.747,214.581,214.684,5933.0
2026-06-09 22:00:00,214.682,214.697,214.584,214.621,4895.0
2026-06-09 23:00:00,214.621,214.665,214.513,214.532,2704.0
2026-06-10 00:00:00,214.448,214.523,214.269,214.301,1925.0
2026-06-10 01:00:00,214.397,214.537,214.397,214.487,1872.0
2026-06-10 02:00:00,214.487,214.542,214.418,214.464,2256.0
2026-06-10 03:00:00,214.47,214.585,214.421,214.576,5086.0
2026-06-10 04:00:00,214.574,214.581,214.374,214.504,5119.0
2026-06-10 05:00:00,214.503,214.596,214.454,214.556,4506.0
2026-06-10 06:00:00,214.556,214.726,214.553,214.7,4162.0
2026-06-10 07:00:00,214.7,214.705,214.55,214.613,4199.0
2026-06-10 08:00:00,214.611,214.767,214.563,214.726,4789.0
2026-06-10 09:00:00,214.73,214.838,214.637,214.647,5026.0
2026-06-10 10:00:00,214.645,214.782,214.595,214.773,5698.0
2026-06-10 11:00:00,214.775,214.812,214.663,214.746,5226.0
2026-06-10 12:00:00,214.745,214.988,214.651,214.95,5350.0
2026-06-10 13:00:00,214.95,215.013,214.867,214.87,4229.0
2026-06-10 14:00:00,214.873,214.92,214.698,214.72,7693.0
2026-06-10 15:00:00,214.719,215.032,214.696,214.814,8009.0
2026-06-10 16:00:00,214.809,215.235,214.799,215.069,7909.0
2026-06-10 17:00:00,215.072,215.171,214.942,215.071,8938.0
2026-06-10 18:00:00,215.07,215.125,214.648,214.867,9151.0
2026-06-10 19:00:00,214.867,214.992,214.811,214.879,7179.0
2026-06-10 20:00:00,214.882,214.947,214.773,214.938,7149.0
2026-06-10 21:00:00,214.943,214.989,214.689,214.732,6354.0
2026-06-10 22:00:00,214.732,214.746,214.634,214.67,5694.0
2026-06-10 23:00:00,214.671,214.681,214.608,214.615,2651.0
2026-06-11 00:00:00,214.549,214.603,214.475,214.481,3622.0
2026-06-11 01:00:00,214.481,214.593,214.395,214.425,3029.0
2026-06-11 02:00:00,214.425,214.549,214.329,214.496,4646.0
2026-06-11 03:00:00,214.495,214.635,214.476,214.619,6832.0
2026-06-11 04:00:00,214.621,214.868,214.621,214.824,4962.0
2026-06-11 05:00:00,214.824,214.847,214.704,214.756,5172.0
2026-06-11 06:00:00,214.756,214.782,214.711,214.738,4056.0
2026-06-11 07:00:00,214.738,214.862,214.726,214.812,2942.0
2026-06-11 08:00:00,214.812,214.865,214.792,214.823,3640.0
2026-06-11 09:00:00,214.823,214.865,214.743,214.783,4913.0
2026-06-11 10:00:00,214.783,214.942,214.758,214.794,4640.0
2026-06-11 11:00:00,214.794,214.806,214.491,214.523,4628.0
2026-06-11 12:00:00,214.529,214.609,214.455,214.556,4157.0
2026-06-11 13:00:00,214.551,214.558,214.37,214.454,4593.0
2026-06-11 14:00:00,214.453,214.575,214.452,214.559,4399.0
2026-06-11 15:00:00,214.564,214.59,214.228,214.49,7523.0
2026-06-11 16:00:00,214.49,214.5,214.162,214.3,8404.0
2026-06-11 17:00:00,214.301,214.324,213.883,213.914,8410.0
2026-06-11 18:00:00,213.914,214.176,213.871,214.043,7161.0
2026-06-11 19:00:00,214.043,214.077,213.967,214.035,5450.0
2026-06-11 20:00:00,214.033,214.626,213.923,214.384,9314.0
2026-06-11 21:00:00,214.385,214.485,214.363,214.464,8818.0
2026-06-11 22:00:00,214.466,214.548,214.317,214.38,8111.0
2026-06-11 23:00:00,214.381,214.597,214.375,214.588,4507.0
2026-06-12 00:00:00,214.392,214.64,214.233,214.456,1593.0
2026-06-12 01:00:00,214.637,214.818,214.637,214.802,2939.0
2026-06-12 02:00:00,214.802,214.836,214.704,214.809,3479.0
2026-06-12 03:00:00,214.811,214.854,214.719,214.762,5869.0
2026-06-12 04:00:00,214.759,214.809,214.617,214.801,5878.0
2026-06-12 05:00:00,214.801,214.931,214.792,214.894,3976.0
2026-06-12 06:00:00,214.893,214.98,214.868,214.941,4010.0
2026-06-12 07:00:00,214.941,215.003,214.905,214.923,3463.0
2026-06-12 08:00:00,214.922,214.948,214.776,214.81,5484.0
2026-06-12 09:00:00,214.821,214.969,214.785,214.927,5932.0
2026-06-12 10:00:00,214.935,214.952,214.631,214.745,6952.0
2026-06-12 11:00:00,214.74,214.843,214.632,214.737,8457.0
2026-06-12 12:00:00,214.736,214.83,214.649,214.809,6552.0
2026-06-12 13:00:00,214.809,214.841,214.685,214.697,6537.0
2026-06-12 14:00:00,214.698,214.857,214.697,214.779,5039.0
2026-06-12 15:00:00,214.779,214.79,214.566,214.634,6461.0
2026-06-12 16:00:00,214.635,214.894,214.599,214.771,8364.0
2026-06-12 17:00:00,214.764,214.984,214.697,214.941,9207.0
2026-06-12 18:00:00,214.943,215.024,214.825,214.938,8284.0
2026-06-12 19:00:00,214.938,214.975,214.827,214.955,6208.0
2026-06-12 20:00:00,214.955,215.012,214.908,214.934,4453.0
2026-06-15 00:00:00,214.575,214.636,214.213,214.493,1018.0
2026-06-15 01:00:00,214.602,215.158,214.59,215.154,5206.0
2026-06-15 02:00:00,215.152,215.167,215.04,215.141,2841.0
2026-06-15 03:00:00,215.139,215.324,215.118,215.25,5281.0
2026-06-15 04:00:00,215.25,215.364,215.209,215.284,4548.0
2026-06-15 05:00:00,215.282,215.315,215.175,215.218,3542.0
2026-06-15 06:00:00,215.216,215.23,215.156,215.16,2840.0
2026-06-15 07:00:00,215.16,215.28,215.158,215.271,3005.0
2026-06-15 08:00:00,215.276,215.373,215.256,215.348,3637.0
2026-06-15 09:00:00,215.347,215.363,215.169,215.248,4670.0
2026-06-15 10:00:00,215.25,215.283,214.984,215.069,5780.0
2026-06-15 11:00:00,215.069,215.114,214.889,214.944,4964.0
2026-06-15 12:00:00,214.946,215.089,214.945,214.991,2932.0
2026-06-15 13:00:00,214.992,215.084,214.943,214.967,4073.0
2026-06-15 14:00:00,214.967,215.062,214.965,215.022,4357.0
2026-06-15 15:00:00,215.022,215.066,214.909,215.06,5668.0
2026-06-15 16:00:00,215.062,215.178,215.014,215.044,5394.0
2026-06-15 17:00:00,215.041,215.247,214.964,215.225,6038.0
2026-06-15 18:00:00,215.226,215.231,215.027,215.071,5285.0
2026-06-15 19:00:00,215.071,215.193,215.057,215.158,3748.0
2026-06-15 20:00:00,215.158,215.225,215.136,215.214,3597.0
2026-06-15 21:00:00,215.216,215.243,215.077,215.12,4016.0
2026-06-15 22:00:00,215.12,215.133,215.03,215.055,4682.0
2026-06-15 23:00:00,215.051,215.084,214.96,215.046,3255.0
2026-06-16 00:00:00,215.014,215.123,214.877,214.928,3065.0
2026-06-16 01:00:00,215.011,215.092,214.958,215.02,1617.0
2026-06-16 02:00:00,215.02,215.044,214.96,214.977,1728.0
2026-06-16 03:00:00,214.969,214.977,214.813,214.883,3619.0
2026-06-16 04:00:00,214.884,214.938,214.691,214.719,4063.0
2026-06-16 05:00:00,214.721,214.723,214.6,214.658,3087.0
2026-06-16 06:00:00,214.66,214.799,214.524,214.73,4125.0
2026-06-16 07:00:00,214.732,214.781,214.65,214.694,3937.0
2026-06-16 08:00:00,214.692,214.786,214.667,214.673,3637.0
2026-06-16 09:00:00,214.673,214.78,214.589,214.774,5579.0
2026-06-16 10:00:00,214.774,215.05,214.733,214.974,5581.0
2026-06-16 11:00:00,214.974,215.217,214.943,215.213,4915.0
2026-06-16 12:00:00,215.213,215.264,215.061,215.102,4102.0
2026-06-16 13:00:00,215.103,215.29,215.083,215.28,4493.0
2026-06-16 14:00:00,215.282,215.285,215.045,215.125,3838.0
2026-06-16 15:00:00,215.125,215.125,214.984,215.09,4732.0
2026-06-16 16:00:00,215.093,215.166,215.024,215.096,6085.0
2026-06-16 17:00:00,215.096,215.39,215.049,215.377,6545.0
2026-06-16 18:00:00,215.376,215.56,215.31,215.522,5864.0
2026-06-16 19:00:00,215.522,215.54,215.394,215.397,5317.0
2026-06-16 20:00:00,215.397,215.452,215.371,215.45,4119.0
2026-06-16 21:00:00,215.45,215.489,215.388,215.436,3231.0
2026-06-16 22:00:00,215.438,215.469,215.388,215.405,3675.0
2026-06-16 23:00:00,215.405,215.456,215.375,215.439,2251.0
2026-06-17 00:00:00,215.261,215.384,215.217,215.323,903.0
2026-06-17 01:00:00,215.436,215.445,215.379,215.388,2329.0
2026-06-17 02:00:00,215.388,215.435,215.373,215.375,2022.0
2026-06-17 03:00:00,215.378,215.438,215.327,215.363,5797.0
2026-06-17 04:00:00,215.362,215.401,215.287,215.297,3038.0
2026-06-17 05:00:00,215.297,215.333,215.251,215.252,2430.0
2026-06-17 06:00:00,215.251,215.312,215.235,215.266,2206.0
2026-06-17 07:00:00,215.264,215.289,215.235,215.253,2065.0
2026-06-17 08:00:00,215.253,215.32,215.22,215.32,1873.0
2026-06-17 09:00:00,215.318,215.318,214.914,214.971,3834.0
2026-06-17 10:00:00,214.97,215.069,214.932,214.986,4499.0
2026-06-17 11:00:00,214.983,214.989,214.774,214.948,4761.0
2026-06-17 12:00:00,214.948,214.967,214.856,214.923,3267.0
2026-06-17 13:00:00,214.926,214.956,214.831,214.907,3373.0
2026-06-17 14:00:00,214.908,214.947,214.786,214.892,3984.0
2026-06-17 15:00:00,214.892,214.992,214.877,214.973,4588.0
2026-06-17 16:00:00,214.973,215.04,214.762,214.763,5574.0
2026-06-17 17:00:00,214.761,214.828,214.596,214.731,6822.0
2026-06-17 18:00:00,214.724,214.735,214.593,214.633,5562.0
2026-06-17 19:00:00,214.633,214.645,214.513,214.606,4064.0
2026-06-17 20:00:00,214.606,214.743,214.583,214.708,4084.0
2026-06-17 21:00:00,214.497,214.553,214.006,214.052,12152.0
2026-06-17 22:00:00,214.041,214.065,213.22,213.534,11842.0
2026-06-17 23:00:00,213.533,213.68,213.431,213.563,5195.0
2026-06-18 00:00:00,213.444,213.581,213.196,213.305,1088.0
2026-06-18 01:00:00,213.433,213.568,213.404,213.538,2432.0
2026-06-18 02:00:00,213.537,213.621,213.517,213.616,2539.0
2026-06-18 03:00:00,213.618,213.896,213.596,213.835,6079.0
2026-06-18 04:00:00,213.834,213.984,213.804,213.811,4680.0
2026-06-18 05:00:00,213.811,213.856,213.753,213.768,3341.0
2026-06-18 06:00:00,213.768,213.863,213.762,213.846,3004.0
2026-06-18 07:00:00,213.846,213.882,213.797,213.818,3224.0
2026-06-18 08:00:00,213.818,213.839,213.645,213.646,2994.0
2026-06-18 09:00:00,213.646,214.06,213.631,213.842,5641.0
2026-06-18 10:00:00,213.842,213.885,213.482,213.54,6102.0
2026-06-18 11:00:00,213.537,213.548,212.836,212.945,6140.0
2026-06-18 12:00:00,212.95,212.973,212.576,212.888,6736.0
2026-06-18 13:00:00,212.887,212.966,212.749,212.915,6073.0
2026-06-18 14:00:00,212.915,212.998,212.502,212.6,6756.0
2026-06-18 15:00:00,212.595,213.108,212.589,212.889,7481.0
2026-06-18 16:00:00,212.891,213.08,212.796,212.991,8705.0
2026-06-18 17:00:00,212.989,213.178,212.88,213.167,8264.0
2026-06-18 18:00:00,213.174,213.439,212.98,213.41,8058.0
2026-06-18 19:00:00,213.421,213.434,213.156,213.428,7320.0
2026-06-18 20:00:00,213.431,213.513,213.243,213.248,4899.0
2026-06-18 21:00:00,213.248,213.487,213.192,213.456,5479.0
2026-06-18 22:00:00,213.457,213.57,212.388,213.079,7605.0
2026-06-18 23:00:00,213.09,213.165,213.055,213.117,3224.0
2026-06-19 00:00:00,212.931,213.119,212.908,213.011,1101.0
2026-06-19 01:00:00,213.12,213.2,212.849,212.973,2414.0
2026-06-19 02:00:00,212.973,213.044,212.923,212.935,2085.0
2026-06-19 03:00:00,212.937,213.006,212.691,212.806,5374.0
2026-06-19 04:00:00,212.808,212.819,212.661,212.705,4362.0
2026-06-19 05:00:00,212.702,212.865,212.661,212.843,3182.0
2026-06-19 06:00:00,212.845,212.865,212.657,212.771,3811.0
2026-06-19 07:00:00,212.773,212.82,212.492,212.532,4300.0
2026-06-19 08:00:00,212.53,212.972,212.459,212.841,5141.0
2026-06-19 09:00:00,212.832,212.988,212.712,212.857,5037.0
2026-06-19 10:00:00,212.857,213.0,212.802,212.864,5546.0
2026-06-19 11:00:00,212.864,213.433,212.849,213.417,5482.0
2026-06-19 12:00:00,213.419,213.506,213.367,213.422,4683.0
2026-06-19 13:00:00,213.42,213.449,213.291,213.449,4368.0
2026-06-19 14:00:00,213.449,213.528,213.278,213.33,3794.0
2026-06-19 15:00:00,213.336,213.414,213.271,213.309,5080.0
2026-06-19 16:00:00,213.306,213.324,213.147,213.237,5207.0
2026-06-19 17:00:00,213.237,213.441,213.122,213.22,5376.0
2026-06-19 18:00:00,213.221,213.341,213.153,213.245,4165.0
2026-06-19 19:00:00,213.245,213.425,213.218,213.414,2348.0
2026-06-19 20:00:00,213.425,213.563,213.351,213.379,4097.0
