open_time,open,high,low,close,volume
2024-06-21 06:00:00,1.26619,1.2662200000000001,1.26597,1.2661,1049.0
2024-06-21 07:00:00,1.2661,1.26623,1.2659799999999999,1.2662200000000001,877.0
2024-06-21 08:00:00,1.2662200000000001,1.2665199999999999,1.26603,1.26639,1509.0
2024-06-21 09:00:00,1.26639,1.26743,1.2655699999999999,1.26558,3614.0
2024-06-21 10:00:00,1.26559,1.26575,1.2637399999999999,1.26432,5433.0
2024-06-21 11:00:00,1.26432,1.26619,1.26303,1.26544,4775.0
2024-06-21 12:00:00,1.26544,1.2661,1.26474,1.26531,3630.0
2024-06-21 13:00:00,1.26531,1.26531,1.2631299999999999,1.26325,3445.0
2024-06-21 14:00:00,1.26325,1.26461,1.26316,1.26434,3308.0
2024-06-21 15:00:00,1.26434,1.26499,1.26396,1.26489,4312.0
2024-06-21 16:00:00,1.26488,1.26513,1.2622200000000001,1.26315,6093.0
2024-06-21 17:00:00,1.26315,1.26427,1.2625600000000001,1.26258,6541.0
2024-06-21 18:00:00,1.26258,1.26428,1.26244,1.26427,4498.0
2024-06-21 19:00:00,1.26427,1.26472,1.26365,1.2639,3357.0
2024-06-21 20:00:00,1.26391,1.26434,1.26357,1.26419,2177.0
2024-06-24 00:00:00,1.26385,1.26421,1.26328,1.26375,1002.0
2024-06-24 01:00:00,1.26375,1.26445,1.26357,1.2643900000000001,1242.0
2024-06-24 02:00:00,1.2643900000000001,1.26453,1.26367,1.26382,1069.0
2024-06-24 03:00:00,1.26382,1.26445,1.26364,1.2640500000000001,2633.0
2024-06-24 04:00:00,1.2640500000000001,1.26411,1.26329,1.26373,3819.0
2024-06-24 05:00:00,1.26373,1.26402,1.26329,1.26383,2485.0
2024-06-24 06:00:00,1.26383,1.26446,1.2638099999999999,1.26419,1897.0
2024-06-24 07:00:00,1.26419,1.26452,1.2641499999999999,1.26452,2109.0
2024-06-24 08:00:00,1.26452,1.26499,1.26447,1.26479,2877.0
2024-06-24 09:00:00,1.26479,1.26526,1.2646,1.2651,4168.0
2024-06-24 10:00:00,1.26508,1.26567,1.26452,1.26544,3993.0
2024-06-24 11:00:00,1.26543,1.26661,1.26542,1.26577,4608.0
2024-06-24 12:00:00,1.26577,1.26692,1.26571,1.26692,4161.0
2024-06-24 13:00:00,1.26692,1.26719,1.26628,1.26638,4530.0
2024-06-24 14:00:00,1.26638,1.2666,1.26596,1.26631,3264.0
2024-06-24 15:00:00,1.26631,1.2668300000000001,1.26608,1.26653,4591.0
2024-06-24 16:00:00,1.26655,1.26915,1.26654,1.26882,5240.0
2024-06-24 17:00:00,1.26882,1.2698,1.26844,1.2687599999999999,5747.0
2024-06-24 18:00:00,1.2687599999999999,1.2692999999999999,1.2681499999999999,1.26819,4541.0
2024-06-24 19:00:00,1.26819,1.26849,1.26787,1.26798,2402.0
2024-06-24 20:00:00,1.26798,1.26798,1.26731,1.26789,2669.0
2024-06-24 21:00:00,1.26789,1.26939,1.26775,1.26915,3176.0
2024-06-24 22:00:00,1.26915,1.26923,1.26856,1.26862,2487.0
2024-06-24 23:00:00,1.26857,1.26888,1.26836,1.26862,1193.0
2024-06-25 00:00:00,1.26816,1.2689300000000001,1.26796,1.26854,1699.0
2024-06-25 01:00:00,1.26855,1.2687300000000001,1.2682,1.2682,861.0
2024-06-25 02:00:00,1.2682,1.26826,1.26798,1.26821,1422.0
2024-06-25 03:00:00,1.26821,1.26894,1.26821,1.26867,3155.0
2024-06-25 04:00:00,1.26867,1.26883,1.26836,1.2686600000000001,3174.0
2024-06-25 05:00:00,1.2686600000000001,1.26915,1.26859,1.26895,2405.0
2024-06-25 06:00:00,1.26895,1.26966,1.26895,1.2696399999999999,2374.0
2024-06-25 07:00:00,1.2696399999999999,1.26968,1.2691,1.26945,1429.0
2024-06-25 08:00:00,1.26945,1.26992,1.2692999999999999,1.26932,1866.0
2024-06-25 09:00:00,1.26931,1.26931,1.26849,1.2689,3004.0
2024-06-25 10:00:00,1.26889,1.26938,1.2683,1.26891,5206.0
2024-06-25 11:00:00,1.26891,1.27023,1.26881,1.27011,3726.0
2024-06-25 12:00:00,1.27011,1.2702499999999999,1.26897,1.26908,2917.0
2024-06-25 13:00:00,1.26908,1.26959,1.26856,1.26889,3758.0
2024-06-25 14:00:00,1.26888,1.26921,1.26758,1.26826,4542.0
2024-06-25 15:00:00,1.26826,1.26857,1.26753,1.268,4618.0
2024-06-25 16:00:00,1.268,1.26855,1.26746,1.26848,6056.0
2024-06-25 17:00:00,1.26846,1.26877,1.26704,1.26719,5831.0
2024-06-25 18:00:00,1.26719,1.26811,1.26706,1.26745,4380.0
2024-06-25 19:00:00,1.2674400000000001,1.26824,1.26737,1.26788,4182.0
2024-06-25 20:00:00,1.26787,1.26911,1.2677100000000001,1.2688,2757.0
2024-06-25 21:00:00,1.2688,1.26958,1.26877,1.26936,2321.0
2024-06-25 22:00:00,1.26936,1.2696100000000001,1.26887,1.26895,2228.0
2024-06-25 23:00:00,1.26895,1.26897,1.26855,1.2686,1055.0
2024-06-26 00:00:00,1.26844,1.26883,1.26772,1.26856,1342.0
2024-06-26 01:00:00,1.26856,1.26883,1.26846,1.26846,963.0
2024-06-26 02:00:00,1.26846,1.26849,1.26831,1.26838,1123.0
2024-06-26 03:00:00,1.26838,1.26864,1.26795,1.2685,2541.0
2024-06-26 04:00:00,1.2685,1.26936,1.26846,1.26889,4104.0
2024-06-26 05:00:00,1.26889,1.26904,1.2684,1.26862,2489.0
2024-06-26 06:00:00,1.26862,1.26894,1.26851,1.2686899999999999,1974.0
2024-06-26 07:00:00,1.2686899999999999,1.26885,1.26846,1.26858,1674.0
2024-06-26 08:00:00,1.26858,1.26883,1.2684,1.26864,2205.0
2024-06-26 09:00:00,1.26865,1.26875,1.26741,1.2676,3584.0
2024-06-26 10:00:00,1.26759,1.26763,1.26674,1.26709,4205.0
2024-06-26 11:00:00,1.26709,1.26714,1.2662,1.2666,5227.0
2024-06-26 12:00:00,1.26658,1.26742,1.26641,1.26687,3511.0
2024-06-26 13:00:00,1.26688,1.26695,1.2656,1.26562,4165.0
2024-06-26 14:00:00,1.26563,1.26603,1.26398,1.2659799999999999,4738.0
2024-06-26 15:00:00,1.2659799999999999,1.26631,1.26424,1.2645,6582.0
2024-06-26 16:00:00,1.2645,1.26513,1.26273,1.26375,6604.0
2024-06-26 17:00:00,1.26369,1.26499,1.26221,1.26224,7711.0
2024-06-26 18:00:00,1.26224,1.26298,1.26182,1.26234,5538.0
2024-06-26 19:00:00,1.26236,1.26338,1.26193,1.26261,4023.0
2024-06-26 20:00:00,1.26261,1.26382,1.26231,1.2631999999999999,4386.0
2024-06-26 21:00:00,1.2631999999999999,1.26321,1.26211,1.26214,2787.0
2024-06-26 22:00:00,1.26214,1.26261,1.26157,1.2625199999999999,2692.0
2024-06-26 23:00:00,1.2625199999999999,1.26258,1.26192,1.26218,1173.0
2024-06-27 00:00:00,1.26214,1.26254,1.26162,1.26224,1389.0
2024-06-27 01:00:00,1.26224,1.26231,1.26207,1.26207,1122.0
2024-06-27 02:00:00,1.26208,1.26236,1.26193,1.26209,1345.0
2024-06-27 03:00:00,1.26209,1.26214,1.2612999999999999,1.26148,3826.0
2024-06-27 04:00:00,1.26148,1.26285,1.26145,1.2628300000000001,2270.0
2024-06-27 05:00:00,1.2628300000000001,1.26309,1.26268,1.2628,2326.0
2024-06-27 06:00:00,1.2628,1.26327,1.26268,1.26302,1385.0
2024-06-27 07:00:00,1.26303,1.26364,1.2629299999999999,1.26363,1772.0
2024-06-27 08:00:00,1.26363,1.26394,1.26314,1.26387,2186.0
2024-06-27 09:00:00,1.26387,1.26445,1.26353,1.26437,2950.0
2024-06-27 10:00:00,1.26437,1.26475,1.26322,1.26335,5558.0
2024-06-27 11:00:00,1.26335,1.26371,1.26266,1.26352,3778.0
2024-06-27 12:00:00,1.26352,1.26499,1.26345,1.2647300000000001,4030.0
2024-06-27 13:00:00,1.2647300000000001,1.26543,1.26443,1.26516,3960.0
2024-06-27 14:00:00,1.26518,1.26521,1.2639,1.26411,3760.0
2024-06-27 15:00:00,1.26411,1.26613,1.2641,1.26553,6363.0
2024-06-27 16:00:00,1.26553,1.26676,1.26486,1.2663,6375.0
2024-06-27 17:00:00,1.2662900000000001,1.26708,1.2648,1.26501,7248.0
2024-06-27 18:00:00,1.26501,1.2654,1.26438,1.26512,4863.0
2024-06-27 19:00:00,1.26512,1.2656399999999999,1.26483,1.26511,3335.0
2024-06-27 20:00:00,1.26512,1.2653699999999999,1.2644199999999999,1.2645,2697.0
2024-06-27 21:00:00,1.26451,1.26472,1.26409,1.26455,3730.0
2024-06-27 22:00:00,1.26455,1.26467,1.2637800000000001,1.26385,2484.0
2024-06-27 23:00:00,1.26384,1.26424,1.26384,1.26399,863.0
2024-06-28 00:00:00,1.26391,1.26425,1.26353,1.2640799999999999,1948.0
2024-06-28 01:00:00,1.2640799999999999,1.2641200000000001,1.2638,1.26391,733.0
2024-06-28 02:00:00,1.26392,1.26456,1.2638099999999999,1.26441,889.0
2024-06-28 03:00:00,1.26441,1.26467,1.26287,1.26291,2448.0
2024-06-28 04:00:00,1.26291,1.2631700000000001,1.26227,1.26281,4085.0
2024-06-28 05:00:00,1.26281,1.26383,1.2625899999999999,1.2635100000000001,3077.0
2024-06-28 06:00:00,1.26352,1.26353,1.26287,1.26299,2905.0
2024-06-28 07:00:00,1.26299,1.263,1.2622,1.26233,1418.0
2024-06-28 08:00:00,1.26233,1.26337,1.26228,1.2631999999999999,2836.0
2024-06-28 09:00:00,1.26321,1.26414,1.26305,1.26411,3724.0
2024-06-28 10:00:00,1.26411,1.26499,1.26353,1.26437,4652.0
2024-06-28 11:00:00,1.26437,1.26452,1.2633,1.26356,3981.0
2024-06-28 12:00:00,1.26356,1.26514,1.26312,1.26491,4054.0
2024-06-28 13:00:00,1.26491,1.2656,1.26443,1.26556,3344.0
2024-06-28 14:00:00,1.26556,1.26584,1.26385,1.26419,3650.0
2024-06-28 15:00:00,1.26419,1.26634,1.26355,1.26506,6961.0
2024-06-28 16:00:00,1.26504,1.26518,1.26339,1.26343,7219.0
2024-06-28 17:00:00,1.26342,1.26444,1.26197,1.26428,9002.0
2024-06-28 18:00:00,1.26429,1.2644199999999999,1.26331,1.26371,7158.0
2024-06-28 19:00:00,1.26371,1.26477,1.26353,1.26422,4956.0
2024-06-28 20:00:00,1.26422,1.26545,1.264,1.26404,3855.0
2024-07-01 00:00:00,1.2647599999999999,1.26566,1.26309,1.2647,1153.0
2024-07-01 01:00:00,1.2647,1.26523,1.26463,1.26498,1309.0
2024-07-01 02:00:00,1.26498,1.2651,1.26475,1.26486,1122.0
2024-07-01 03:00:00,1.26486,1.2656100000000001,1.26465,1.26529,3344.0
2024-07-01 04:00:00,1.26528,1.2665899999999999,1.2650299999999999,1.2658800000000001,3604.0
2024-07-01 05:00:00,1.2658800000000001,1.26616,1.26567,1.26612,1993.0
2024-07-01 06:00:00,1.26612,1.26614,1.26547,1.2656100000000001,1419.0
2024-07-01 07:00:00,1.2656100000000001,1.26596,1.26546,1.26572,1407.0
2024-07-01 08:00:00,1.26572,1.2667,1.26567,1.2666,2317.0
2024-07-01 09:00:00,1.2666,1.2689599999999999,1.2665600000000001,1.26846,5277.0
2024-07-01 10:00:00,1.26846,1.2686600000000001,1.2662200000000001,1.26635,5139.0
2024-07-01 11:00:00,1.26635,1.26804,1.26615,1.2674,5171.0
2024-07-01 12:00:00,1.2674,1.26776,1.26672,1.26718,3670.0
2024-07-01 13:00:00,1.2671700000000001,1.26737,1.26653,1.26723,3947.0
2024-07-01 14:00:00,1.26723,1.26804,1.2668,1.26772,3815.0
2024-07-01 15:00:00,1.26772,1.2677399999999999,1.26582,1.26655,5140.0
2024-07-01 16:00:00,1.26655,1.2684199999999999,1.2661,1.26818,4844.0
2024-07-01 17:00:00,1.26814,1.27093,1.2642,1.26463,8157.0
2024-07-01 18:00:00,1.26464,1.2647300000000001,1.26365,1.2646600000000001,6150.0
2024-07-01 19:00:00,1.2646600000000001,1.26581,1.26432,1.26483,3544.0
2024-07-01 20:00:00,1.26483,1.26494,1.26401,1.26403,2693.0
2024-07-01 21:00:00,1.26403,1.26418,1.26336,1.2641200000000001,2460.0
2024-07-01 22:00:00,1.2641200000000001,1.26463,1.26411,1.26436,2209.0
2024-07-01 23:00:00,1.26436,1.26518,1.26425,1.26499,1125.0
2024-07-02 00:00:00,1.26498,1.26526,1.26406,1.26472,632.0
2024-07-02 01:00:00,1.26472,1.26508,1.26461,1.26463,609.0
2024-07-02 02:00:00,1.26463,1.2646600000000001,1.2643900000000001,1.26451,640.0
2024-07-02 03:00:00,1.26451,1.26475,1.2639,1.2641200000000001,2854.0
2024-07-02 04:00:00,1.2641200000000001,1.26423,1.26353,1.26401,2838.0
2024-07-02 05:00:00,1.26401,1.26413,1.26353,1.2637,1873.0
2024-07-02 06:00:00,1.2637,1.26376,1.26321,1.26342,1442.0
2024-07-02 07:00:00,1.26342,1.26358,1.26322,1.26331,1214.0
2024-07-02 08:00:00,1.26331,1.26375,1.2631299999999999,1.26373,1968.0
2024-07-02 09:00:00,1.26373,1.26397,1.2631299999999999,1.26328,3707.0
2024-07-02 10:00:00,1.26326,1.26356,1.26157,1.2625,5492.0
2024-07-02 11:00:00,1.2625,1.26326,1.26219,1.26292,4055.0
2024-07-02 12:00:00,1.26291,1.26342,1.26272,1.26331,3943.0
2024-07-02 13:00:00,1.26331,1.26455,1.26301,1.26424,3768.0
2024-07-02 14:00:00,1.26424,1.26538,1.2641200000000001,1.2653699999999999,2918.0
2024-07-02 15:00:00,1.26538,1.26692,1.26538,1.26646,4721.0
2024-07-02 16:00:00,1.26646,1.26855,1.26638,1.26789,6794.0
2024-07-02 17:00:00,1.26785,1.26824,1.26617,1.26761,8476.0
2024-07-02 18:00:00,1.26761,1.26817,1.26733,1.26755,4474.0
2024-07-02 19:00:00,1.26754,1.26758,1.2665199999999999,1.2668599999999999,2766.0
2024-07-02 20:00:00,1.26685,1.26788,1.26671,1.26773,3313.0
2024-07-02 21:00:00,1.26772,1.26851,1.26763,1.26841,3983.0
2024-07-02 22:00:00,1.2683900000000001,1.2688,1.26826,1.26875,1973.0
2024-07-02 23:00:00,1.26875,1.2687599999999999,1.26849,1.26852,624.0
2024-07-03 00:00:00,1.26848,1.26861,1.26752,1.26819,956.0
2024-07-03 01:00:00,1.26819,1.26917,1.26818,1.26915,657.0
2024-07-03 02:00:00,1.26916,1.26916,1.2687300000000001,1.26874,833.0
2024-07-03 03:00:00,1.26874,1.26933,1.26874,1.26887,1833.0
2024-07-03 04:00:00,1.26887,1.26887,1.26817,1.26836,1888.0
2024-07-03 05:00:00,1.26836,1.2687599999999999,1.26833,1.26844,1400.0
2024-07-03 06:00:00,1.26844,1.26875,1.26841,1.26864,1092.0
2024-07-03 07:00:00,1.26864,1.26886,1.26861,1.26868,1104.0
2024-07-03 08:00:00,1.26868,1.26868,1.26783,1.2681499999999999,1458.0
2024-07-03 09:00:00,1.26817,1.26891,1.26794,1.2687300000000001,2880.0
2024-07-03 10:00:00,1.26874,1.26982,1.26864,1.26936,4157.0
2024-07-03 11:00:00,1.26936,1.27017,1.26885,1.2695699999999999,3693.0
2024-07-03 12:00:00,1.2695699999999999,1.27001,1.2692,1.26971,2875.0
2024-07-03 13:00:00,1.26971,1.27085,1.26948,1.26997,3724.0
2024-07-03 14:00:00,1.26997,1.27066,1.2696399999999999,1.27063,2648.0
2024-07-03 15:00:00,1.27063,1.27226,1.27024,1.27189,5169.0
2024-07-03 16:00:00,1.27188,1.2745,1.27185,1.27409,4604.0
2024-07-03 17:00:00,1.2742,1.27773,1.2742,1.27621,8581.0
2024-07-03 18:00:00,1.27621,1.27711,1.27567,1.2763900000000001,5646.0
2024-07-03 19:00:00,1.2763900000000001,1.27661,1.27514,1.27542,3202.0
2024-07-03 20:00:00,1.27541,1.27541,1.27347,1.27382,2554.0
2024-07-03 21:00:00,1.27383,1.2742200000000001,1.27339,1.27366,2415.0
2024-07-03 22:00:00,1.2736,1.27428,1.27356,1.27402,1218.0
2024-07-03 23:00:00,1.27402,1.2743,1.2739500000000001,1.27424,689.0
2024-07-04 00:00:00,1.27408,1.2745199999999999,1.2737,1.27419,834.0
2024-07-04 01:00:00,1.27419,1.27466,1.27411,1.27458,440.0
2024-07-04 02:00:00,1.27458,1.2747899999999999,1.27444,1.27473,642.0
2024-07-04 03:00:00,1.27473,1.27515,1.2745600000000001,1.27507,1499.0
2024-07-04 04:00:00,1.27507,1.2753700000000001,1.2747,1.27506,1770.0
2024-07-04 05:00:00,1.27506,1.27512,1.2745199999999999,1.27461,1410.0
2024-07-04 06:00:00,1.27461,1.27469,1.27412,1.2742,1401.0
2024-07-04 07:00:00,1.2742,1.27447,1.2742,1.27436,805.0
2024-07-04 08:00:00,1.27436,1.27485,1.27411,1.27481,1631.0
2024-07-04 09:00:00,1.27481,1.27499,1.27434,1.27499,2838.0
2024-07-04 10:00:00,1.27498,1.27536,1.2741500000000001,1.27534,4682.0
2024-07-04 11:00:00,1.27536,1.27628,1.27507,1.27557,3894.0
2024-07-04 12:00:00,1.27556,1.2757,1.27472,1.27498,3196.0
2024-07-04 13:00:00,1.27498,1.27637,1.27491,1.27567,2990.0
2024-07-04 14:00:00,1.27566,1.27596,1.27523,1.27528,2933.0
2024-07-04 15:00:00,1.27529,1.27591,1.27473,1.27494,3037.0
2024-07-04 16:00:00,1.27494,1.27568,1.27472,1.27564,2548.0
2024-07-04 17:00:00,1.27564,1.2764199999999999,1.27561,1.27622,3713.0
2024-07-04 18:00:00,1.27622,1.27677,1.27603,1.27604,2121.0
2024-07-04 19:00:00,1.27604,1.27627,1.27592,1.27613,1105.0
2024-07-04 20:00:00,1.27613,1.27621,1.27595,1.27604,499.0
2024-07-04 21:00:00,1.27604,1.27623,1.27592,1.27623,263.0
2024-07-04 22:00:00,1.27622,1.27631,1.27603,1.27613,370.0
2024-07-04 23:00:00,1.27613,1.27616,1.2757800000000001,1.27584,266.0
2024-07-05 00:00:00,1.27584,1.27617,1.27538,1.27591,681.0
2024-07-05 01:00:00,1.27591,1.27609,1.27562,1.27573,849.0
2024-07-05 02:00:00,1.27573,1.2758099999999999,1.27542,1.27549,1659.0
2024-07-05 03:00:00,1.2755,1.27674,1.2755,1.27644,3103.0
2024-07-05 04:00:00,1.27644,1.27686,1.27617,1.27654,2218.0
2024-07-05 05:00:00,1.27654,1.27667,1.27627,1.27636,1480.0
2024-07-05 06:00:00,1.27636,1.27718,1.2763,1.27713,3335.0
2024-07-05 07:00:00,1.27713,1.2772700000000001,1.27694,1.27704,2355.0
2024-07-05 08:00:00,1.27704,1.27705,1.27655,1.2769599999999999,1640.0
2024-07-05 09:00:00,1.27697,1.27768,1.2769300000000001,1.27698,2698.0
2024-07-05 10:00:00,1.27698,1.27807,1.27633,1.27805,3877.0
2024-07-05 11:00:00,1.27805,1.2781500000000001,1.27737,1.27796,2854.0
2024-07-05 12:00:00,1.27795,1.27895,1.2776399999999999,1.2787899999999999,2540.0
2024-07-05 13:00:00,1.2787899999999999,1.27915,1.27834,1.27884,2131.0
2024-07-05 14:00:00,1.27884,1.2788599999999999,1.27832,1.2784499999999999,2945.0
2024-07-05 15:00:00,1.2784499999999999,1.28113,1.2763900000000001,1.28031,8258.0
2024-07-05 16:00:00,1.28031,1.28143,1.27907,1.27991,8467.0
2024-07-05 17:00:00,1.27991,1.28022,1.27872,1.27981,7875.0
2024-07-05 18:00:00,1.27981,1.2812299999999999,1.2796,1.28068,5092.0
2024-07-05 19:00:00,1.28068,1.28085,1.27961,1.27985,2774.0
2024-07-05 20:00:00,1.27985,1.28052,1.27981,1.28036,2239.0
2024-07-08 00:00:00,1.27953,1.28076,1.27872,1.28063,1550.0
2024-07-08 01:00:00,1.28063,1.28159,1.28036,1.2807,1425.0
2024-07-08 02:00:00,1.2807,1.28101,1.28049,1.2806199999999999,1440.0
2024-07-08 03:00:00,1.2806199999999999,1.28099,1.28031,1.28051,2378.0
2024-07-08 04:00:00,1.28051,1.28117,1.2802799999999999,1.28114,1854.0
2024-07-08 05:00:00,1.28114,1.28116,1.28079,1.28095,1782.0
2024-07-08 06:00:00,1.28095,1.2819,1.28087,1.28144,1849.0
2024-07-08 07:00:00,1.28145,1.28146,1.28112,1.28144,1049.0
2024-07-08 08:00:00,1.28145,1.28164,1.28074,1.2809599999999999,1790.0
2024-07-08 09:00:00,1.28095,1.2811,1.2802,1.28024,4048.0
2024-07-08 10:00:00,1.28024,1.28148,1.28,1.28143,4537.0
2024-07-08 11:00:00,1.28143,1.2821500000000001,1.28129,1.28193,5178.0
2024-07-08 12:00:00,1.28193,1.2822200000000001,1.28133,1.28193,3685.0
2024-07-08 13:00:00,1.28193,1.28307,1.2816,1.28168,3569.0
2024-07-08 14:00:00,1.28168,1.28327,1.28144,1.28326,3452.0
2024-07-08 15:00:00,1.28326,1.2840099999999999,1.28324,1.28384,3788.0
2024-07-08 16:00:00,1.28384,1.28444,1.28359,1.28412,4126.0
2024-07-08 17:00:00,1.28412,1.28458,1.2829,1.28333,4041.0
2024-07-08 18:00:00,1.28334,1.2833700000000001,1.28246,1.28256,3591.0
2024-07-08 19:00:00,1.28255,1.28265,1.282,1.28214,2016.0
2024-07-08 20:00:00,1.28214,1.28226,1.2814999999999999,1.28178,1765.0
2024-07-08 21:00:00,1.28177,1.28178,1.2808,1.2812000000000001,1445.0
2024-07-08 22:00:00,1.2812000000000001,1.2812299999999999,1.28079,1.28097,2461.0
2024-07-08 23:00:00,1.28097,1.28103,1.28058,1.28065,616.0
2024-07-09 00:00:00,1.28054,1.28088,1.2801,1.28053,846.0
2024-07-09 01:00:00,1.28053,1.28094,1.28053,1.28092,581.0
2024-07-09 02:00:00,1.28092,1.28156,1.28085,1.2815400000000001,838.0
2024-07-09 03:00:00,1.2815400000000001,1.28167,1.28072,1.28083,1662.0
2024-07-09 04:00:00,1.28083,1.2809300000000001,1.28011,1.2803499999999999,2165.0
2024-07-09 05:00:00,1.2803499999999999,1.2806,1.27987,1.2804,1730.0
2024-07-09 06:00:00,1.2804,1.28071,1.28034,1.2805,2445.0
2024-07-09 07:00:00,1.2805,1.2808899999999999,1.28043,1.28083,1555.0
2024-07-09 08:00:00,1.28083,1.28113,1.28052,1.28101,1210.0
2024-07-09 09:00:00,1.28101,1.28125,1.2803,1.28068,2480.0
2024-07-09 10:00:00,1.28068,1.2812299999999999,1.27965,1.27982,3640.0
2024-07-09 11:00:00,1.27982,1.2806,1.27962,1.28057,3558.0
2024-07-09 12:00:00,1.28057,1.28144,1.2804,1.28083,3667.0
2024-07-09 13:00:00,1.28083,1.2825199999999999,1.2806199999999999,1.28147,3480.0
2024-07-09 14:00:00,1.28147,1.28148,1.2793700000000001,1.27999,3345.0
2024-07-09 15:00:00,1.27999,1.2807,1.27976,1.28064,4143.0
2024-07-09 16:00:00,1.28064,1.28214,1.28045,1.28155,4526.0
2024-07-09 17:00:00,1.28155,1.2821500000000001,1.2791000000000001,1.27968,7530.0
2024-07-09 18:00:00,1.27968,1.28025,1.27779,1.27844,5865.0
2024-07-09 19:00:00,1.27844,1.27871,1.27785,1.27834,3551.0
2024-07-09 20:00:00,1.27834,1.27907,1.27823,1.27827,2857.0
2024-07-09 21:00:00,1.27828,1.27882,1.27817,1.27869,2182.0
2024-07-09 22:00:00,1.2787,1.27899,1.27843,1.27898,2236.0
2024-07-09 23:00:00,1.27898,1.279,1.27859,1.27864,742.0
2024-07-10 00:00:00,1.27858,1.27888,1.2778800000000001,1.27861,1571.0
2024-07-10 01:00:00,1.27861,1.27888,1.27856,1.27877,578.0
2024-07-10 02:00:00,1.27877,1.27893,1.27866,1.27881,891.0
2024-07-10 03:00:00,1.27881,1.27919,1.2784499999999999,1.27861,1867.0
2024-07-10 04:00:00,1.2786,1.27898,1.27855,1.2787899999999999,3510.0
2024-07-10 05:00:00,1.2787899999999999,1.27898,1.2784499999999999,1.27896,4116.0
2024-07-10 06:00:00,1.27895,1.27948,1.27887,1.27926,1518.0
2024-07-10 07:00:00,1.27926,1.27946,1.27914,1.2794400000000001,1014.0
2024-07-10 08:00:00,1.2794400000000001,1.27964,1.27888,1.27904,1264.0
2024-07-10 09:00:00,1.27904,1.27978,1.27894,1.27968,2635.0
2024-07-10 10:00:00,1.27968,1.28022,1.27902,1.27926,3757.0
2024-07-10 11:00:00,1.27926,1.27991,1.27895,1.27969,3746.0
2024-07-10 12:00:00,1.27969,1.2812000000000001,1.27968,1.2808899999999999,3072.0
2024-07-10 13:00:00,1.2808899999999999,1.28117,1.28025,1.28088,3242.0
2024-07-10 14:00:00,1.28088,1.28128,1.28061,1.28063,3030.0
2024-07-10 15:00:00,1.28063,1.28117,1.28052,1.28085,3544.0
2024-07-10 16:00:00,1.28085,1.28369,1.28064,1.28288,4339.0
2024-07-10 17:00:00,1.28288,1.28448,1.28262,1.283,4760.0
2024-07-10 18:00:00,1.283,1.2846899999999999,1.28299,1.28413,3462.0
2024-07-10 19:00:00,1.28413,1.28468,1.28399,1.28463,2661.0
2024-07-10 20:00:00,1.28463,1.28471,1.2834699999999999,1.28397,2534.0
2024-07-10 21:00:00,1.28397,1.2846,1.2836,1.28458,1638.0
2024-07-10 22:00:00,1.28458,1.2846600000000001,1.28409,1.2846199999999999,2223.0
2024-07-10 23:00:00,1.2846199999999999,1.28488,1.2845,1.2848,946.0
2024-07-11 00:00:00,1.28479,1.2848600000000001,1.28465,1.28483,143.0
2024-07-11 01:00:00,1.28483,1.285,1.28483,1.28498,680.0
2024-07-11 02:00:00,1.28498,1.28544,1.28497,1.2854,943.0
2024-07-11 03:00:00,1.2854,1.28585,1.2852700000000001,1.28551,2519.0
2024-07-11 04:00:00,1.28551,1.28568,1.28495,1.28565,1764.0
2024-07-11 05:00:00,1.28565,1.28641,1.28562,1.2861099999999999,1195.0
2024-07-11 06:00:00,1.2861099999999999,1.28624,1.28592,1.28606,1922.0
2024-07-11 07:00:00,1.28606,1.28613,1.28569,1.28577,2087.0
2024-07-11 08:00:00,1.28577,1.28603,1.2855400000000001,1.2855400000000001,1059.0
2024-07-11 09:00:00,1.28556,1.28681,1.28555,1.28593,3564.0
2024-07-11 10:00:00,1.28593,1.28709,1.28566,1.28662,3947.0
2024-07-11 11:00:00,1.28663,1.28755,1.28663,1.28754,2898.0
2024-07-11 12:00:00,1.28754,1.28793,1.2873,1.28763,3190.0
2024-07-11 13:00:00,1.28762,1.2882,1.28743,1.28773,2396.0
2024-07-11 14:00:00,1.28772,1.28795,1.28712,1.2877100000000001,2549.0
2024-07-11 15:00:00,1.2877100000000001,1.29495,1.28691,1.29322,8822.0
2024-07-11 16:00:00,1.29319,1.29487,1.29041,1.29274,10757.0
2024-07-11 17:00:00,1.29274,1.29367,1.29112,1.29244,6489.0
2024-07-11 18:00:00,1.29243,1.29282,1.29108,1.29163,5390.0
2024-07-11 19:00:00,1.29163,1.29184,1.29052,1.29109,4930.0
2024-07-11 20:00:00,1.29109,1.29114,1.2899,1.2901799999999999,4301.0
2024-07-11 21:00:00,1.2901799999999999,1.2915,1.29016,1.29129,3098.0
2024-07-11 22:00:00,1.29129,1.2915,1.29082,1.29118,2934.0
2024-07-11 23:00:00,1.29118,1.29139,1.2911000000000001,1.2913700000000001,852.0
2024-07-12 00:00:00,1.29143,1.29143,1.29033,1.29107,1202.0
2024-07-12 01:00:00,1.2911299999999999,1.29165,1.29099,1.29132,973.0
2024-07-12 02:00:00,1.29132,1.29241,1.2911000000000001,1.29237,2895.0
2024-07-12 03:00:00,1.29237,1.29243,1.29088,1.29093,3662.0
2024-07-12 04:00:00,1.29093,1.29121,1.29035,1.29041,3858.0
2024-07-12 05:00:00,1.29041,1.2907199999999999,1.29022,1.29048,3719.0
2024-07-12 06:00:00,1.29048,1.29094,1.29038,1.2907899999999999,1595.0
2024-07-12 07:00:00,1.2907899999999999,1.29127,1.2907899999999999,1.2911299999999999,1798.0
2024-07-12 08:00:00,1.2911299999999999,1.2916699999999999,1.29098,1.29128,2763.0
2024-07-12 09:00:00,1.29127,1.29173,1.29028,1.29066,3608.0
2024-07-12 10:00:00,1.29066,1.29303,1.29055,1.29281,4106.0
2024-07-12 11:00:00,1.29283,1.29461,1.2928,1.29461,4478.0
2024-07-12 12:00:00,1.29461,1.29505,1.29419,1.29498,3957.0
2024-07-12 13:00:00,1.29498,1.29619,1.29493,1.29618,3555.0
2024-07-12 14:00:00,1.29618,1.29663,1.29587,1.29609,3178.0
2024-07-12 15:00:00,1.2961,1.29688,1.29304,1.29654,8434.0
2024-07-12 16:00:00,1.29654,1.2974700000000001,1.2958,1.29737,7959.0
2024-07-12 17:00:00,1.29796,1.29905,1.29714,1.29894,7442.0
2024-07-12 18:00:00,1.29894,1.29909,1.29832,1.29843,4431.0
2024-07-12 19:00:00,1.29844,1.29891,1.29836,1.29873,3276.0
2024-07-12 20:00:00,1.29873,1.299,1.2980800000000001,1.29888,2389.0
2024-07-15 00:00:00,1.29626,1.29804,1.29626,1.29755,1321.0
2024-07-15 01:00:00,1.29755,1.2977,1.29631,1.2968600000000001,2043.0
2024-07-15 02:00:00,1.29684,1.29692,1.29643,1.29673,1684.0
2024-07-15 03:00:00,1.29672,1.29684,1.2962099999999999,1.2966199999999999,3289.0
2024-07-15 04:00:00,1.2966199999999999,1.29679,1.2962,1.29661,2422.0
2024-07-15 05:00:00,1.29661,1.29712,1.29632,1.29705,2118.0
2024-07-15 06:00:00,1.29705,1.2974700000000001,1.29695,1.29742,1446.0
2024-07-15 07:00:00,1.29742,1.29752,1.29722,1.29752,1230.0
2024-07-15 08:00:00,1.29752,1.29782,1.29737,1.2974999999999999,2052.0
2024-07-15 09:00:00,1.29749,1.29773,1.2964,1.29702,3909.0
2024-07-15 10:00:00,1.29701,1.29833,1.29637,1.29821,5196.0
2024-07-15 11:00:00,1.29821,1.29897,1.29819,1.29891,3607.0
2024-07-15 12:00:00,1.29891,1.29912,1.29812,1.29828,4340.0
2024-07-15 13:00:00,1.29828,1.2984200000000001,1.29697,1.29789,3707.0
2024-07-15 14:00:00,1.29789,1.29822,1.29711,1.29735,4606.0
2024-07-15 15:00:00,1.29735,1.29787,1.29675,1.29772,4687.0
2024-07-15 16:00:00,1.29772,1.29945,1.29766,1.29935,5670.0
2024-07-15 17:00:00,1.29936,1.29949,1.29803,1.29832,5366.0
2024-07-15 18:00:00,1.29832,1.29908,1.29802,1.29826,4461.0
2024-07-15 19:00:00,1.29825,1.2989600000000001,1.29678,1.29775,5749.0
2024-07-15 20:00:00,1.29775,1.29775,1.2962099999999999,1.29656,6791.0
2024-07-15 21:00:00,1.29657,1.29737,1.29641,1.29725,3483.0
2024-07-15 22:00:00,1.29725,1.29733,1.2966199999999999,1.29684,2398.0
2024-07-15 23:00:00,1.29684,1.29695,1.29667,1.29677,700.0
2024-07-16 00:00:00,1.2967,1.29709,1.29614,1.29622,1151.0
2024-07-16 01:00:00,1.2962099999999999,1.29685,1.2962099999999999,1.29668,971.0
2024-07-16 02:00:00,1.29668,1.29695,1.29668,1.29691,956.0
2024-07-16 03:00:00,1.29691,1.297,1.29638,1.29651,2912.0
2024-07-16 04:00:00,1.29651,1.2966199999999999,1.29616,1.29661,4188.0
2024-07-16 05:00:00,1.29661,1.29669,1.29617,1.29632,1788.0
2024-07-16 06:00:00,1.29632,1.29653,1.29626,1.29638,1290.0
2024-07-16 07:00:00,1.29638,1.29656,1.2962099999999999,1.29633,1739.0
2024-07-16 08:00:00,1.29633,1.29635,1.2956699999999999,1.2958,1940.0
2024-07-16 09:00:00,1.2958,1.29612,1.29515,1.2955,3467.0
2024-07-16 10:00:00,1.2955,1.29729,1.29541,1.2969,3720.0
2024-07-16 11:00:00,1.2969,1.29711,1.29557,1.29635,4883.0
2024-07-16 12:00:00,1.29634,1.29707,1.29583,1.29679,4634.0
2024-07-16 13:00:00,1.29678,1.29721,1.29612,1.29658,3935.0
2024-07-16 14:00:00,1.29658,1.29701,1.29612,1.29691,3708.0
2024-07-16 15:00:00,1.29691,1.298,1.29382,1.2947,6595.0
2024-07-16 16:00:00,1.2947,1.29577,1.2941099999999999,1.29539,5420.0
2024-07-16 17:00:00,1.29539,1.2956699999999999,1.29422,1.29474,5144.0
2024-07-16 18:00:00,1.29474,1.29585,1.29473,1.29559,3928.0
2024-07-16 19:00:00,1.2955999999999999,1.29572,1.29487,1.29546,4152.0
2024-07-16 20:00:00,1.29546,1.29617,1.29532,1.29593,2850.0
2024-07-16 21:00:00,1.29593,1.2968899999999999,1.29579,1.29687,2725.0
2024-07-16 22:00:00,1.29687,1.29771,1.29674,1.29746,1933.0
2024-07-16 23:00:00,1.29746,1.29764,1.29727,1.2973,1173.0
2024-07-17 00:00:00,1.29736,1.29745,1.29609,1.29712,1542.0
2024-07-17 01:00:00,1.29712,1.29761,1.29702,1.29761,1121.0
2024-07-17 02:00:00,1.29761,1.29778,1.29724,1.29775,1181.0
2024-07-17 03:00:00,1.29775,1.29783,1.29676,1.29696,2447.0
2024-07-17 04:00:00,1.29696,1.2974700000000001,1.29667,1.29739,2308.0
2024-07-17 05:00:00,1.29739,1.29787,1.29721,1.29748,1805.0
2024-07-17 06:00:00,1.29748,1.29756,1.29703,1.29755,1907.0
2024-07-17 07:00:00,1.29755,1.29768,1.29681,1.29684,1270.0
2024-07-17 08:00:00,1.29684,1.29736,1.2966199999999999,1.29736,2146.0
2024-07-17 09:00:00,1.29708,1.29901,1.29708,1.2986900000000001,6169.0
2024-07-17 10:00:00,1.2987199999999999,1.30133,1.2983799999999999,1.30081,5772.0
2024-07-17 11:00:00,1.30083,1.30307,1.30076,1.30287,6073.0
2024-07-17 12:00:00,1.30287,1.30441,1.3027,1.30431,5707.0
2024-07-17 13:00:00,1.3043,1.30446,1.30289,1.30329,3425.0
2024-07-17 14:00:00,1.30329,1.30414,1.30314,1.30331,3614.0
2024-07-17 15:00:00,1.30331,1.30348,1.30223,1.30324,5777.0
2024-07-17 16:00:00,1.30324,1.3036400000000001,1.30227,1.30316,6552.0
2024-07-17 17:00:00,1.30316,1.30316,1.3011,1.30133,6073.0
2024-07-17 18:00:00,1.30131,1.30145,1.2999399999999999,1.3005499999999999,4892.0
2024-07-17 19:00:00,1.3005499999999999,1.30078,1.2999100000000001,1.30041,5105.0
2024-07-17 20:00:00,1.30041,1.30095,1.30007,1.30049,3917.0
2024-07-17 21:00:00,1.30049,1.30121,1.30036,1.30061,4869.0
2024-07-17 22:00:00,1.30061,1.30121,1.3005900000000001,1.30085,2396.0
2024-07-17 23:00:00,1.30085,1.3012000000000001,1.3005900000000001,1.30081,1008.0
2024-07-18 00:00:00,1.30084,1.30105,1.30033,1.30084,1993.0
2024-07-18 01:00:00,1.30084,1.30096,1.30072,1.3008899999999999,1277.0
2024-07-18 02:00:00,1.30091,1.3011,1.30047,1.3008199999999999,1907.0
2024-07-18 03:00:00,1.3008199999999999,1.30108,1.30022,1.30037,2738.0
2024-07-18 04:00:00,1.30037,1.30074,1.30004,1.30035,3671.0
2024-07-18 05:00:00,1.30035,1.30042,1.29993,1.3002500000000001,3177.0
2024-07-18 06:00:00,1.3002500000000001,1.30057,1.3002099999999999,1.30022,1838.0
2024-07-18 07:00:00,1.30022,1.30049,1.3,1.3001800000000001,1464.0
2024-07-18 08:00:00,1.3001800000000001,1.3013,1.30012,1.30087,2319.0
2024-07-18 09:00:00,1.30087,1.30104,1.2984200000000001,1.29919,4811.0
2024-07-18 10:00:00,1.29919,1.30027,1.29901,1.3,5738.0
2024-07-18 11:00:00,1.3,1.30037,1.29831,1.29861,5212.0
2024-07-18 12:00:00,1.29861,1.29916,1.29819,1.29894,3320.0
2024-07-18 13:00:00,1.29894,1.29966,1.29851,1.29911,3366.0
2024-07-18 14:00:00,1.29911,1.29915,1.2978,1.2981500000000001,3048.0
2024-07-18 15:00:00,1.2981500000000001,1.29885,1.29745,1.29816,5568.0
2024-07-18 16:00:00,1.29816,1.29847,1.29753,1.29764,6813.0
2024-07-18 17:00:00,1.29764,1.29852,1.2969300000000001,1.29783,6269.0
2024-07-18 18:00:00,1.29783,1.29802,1.29687,1.29729,6018.0
2024-07-18 19:00:00,1.2973,1.29773,1.29685,1.2972000000000001,4988.0
2024-07-18 20:00:00,1.2972000000000001,1.29724,1.29612,1.29617,4719.0
2024-07-18 21:00:00,1.29617,1.2962,1.29437,1.29485,4920.0
2024-07-18 22:00:00,1.29485,1.29496,1.29404,1.29456,4219.0
2024-07-18 23:00:00,1.29456,1.29467,1.29421,1.2943,1102.0
2024-07-19 00:00:00,1.2941500000000001,1.29516,1.29386,1.2941099999999999,1694.0
2024-07-19 01:00:00,1.29414,1.29463,1.29414,1.29446,1417.0
2024-07-19 02:00:00,1.29446,1.29508,1.2943500000000001,1.29491,1144.0
2024-07-19 03:00:00,1.29491,1.29491,1.2941500000000001,1.29448,2778.0
2024-07-19 04:00:00,1.29448,1.2946900000000001,1.29342,1.29352,3018.0
2024-07-19 05:00:00,1.29352,1.29447,1.2934700000000001,1.29441,2580.0
2024-07-19 06:00:00,1.29441,1.29447,1.29397,1.29407,1816.0
2024-07-19 07:00:00,1.29407,1.29427,1.29379,1.29387,1914.0
2024-07-19 08:00:00,1.29387,1.29416,1.29349,1.29416,2239.0
2024-07-19 09:00:00,1.29416,1.29416,1.29273,1.2934999999999999,4956.0
2024-07-19 10:00:00,1.29351,1.2941799999999999,1.29246,1.2929,5044.0
2024-07-19 11:00:00,1.2929,1.29298,1.29146,1.29173,4590.0
2024-07-19 12:00:00,1.2917399999999999,1.29184,1.29062,1.29074,3907.0
2024-07-19 13:00:00,1.29073,1.29219,1.29012,1.2919,3968.0
2024-07-19 14:00:00,1.2919,1.29279,1.29181,1.29275,4271.0
2024-07-19 15:00:00,1.29275,1.2929,1.29158,1.29203,4781.0
2024-07-19 16:00:00,1.29203,1.29266,1.29152,1.29214,5853.0
2024-07-19 17:00:00,1.29214,1.29257,1.29144,1.29169,6161.0
2024-07-19 18:00:00,1.29169,1.2923,1.2912,1.2921,4395.0
2024-07-19 19:00:00,1.2921,1.29249,1.29139,1.29144,3067.0
2024-07-19 20:00:00,1.29144,1.29186,1.29085,1.29176,3868.0
2024-07-22 00:00:00,1.2916,1.2916,1.2906,1.29131,3316.0
2024-07-22 01:00:00,1.29131,1.29344,1.29127,1.2934,1062.0
2024-07-22 02:00:00,1.2934,1.29396,1.29318,1.29327,1696.0
2024-07-22 03:00:00,1.29327,1.29335,1.2925,1.29287,4224.0
2024-07-22 04:00:00,1.29287,1.293,1.29149,1.29157,2394.0
2024-07-22 05:00:00,1.29157,1.29229,1.29123,1.29218,2286.0
2024-07-22 06:00:00,1.29218,1.2925200000000001,1.2920099999999999,1.29229,2098.0
2024-07-22 07:00:00,1.29229,1.29244,1.29178,1.2918,3188.0
2024-07-22 08:00:00,1.29179,1.29179,1.29118,1.29131,2174.0
2024-07-22 09:00:00,1.29131,1.29208,1.291,1.29173,4651.0
2024-07-22 10:00:00,1.29179,1.29312,1.29179,1.2924,5350.0
2024-07-22 11:00:00,1.2924,1.29324,1.29217,1.29277,3750.0
2024-07-22 12:00:00,1.29278,1.29341,1.2925,1.29306,4384.0
2024-07-22 13:00:00,1.29306,1.29414,1.29246,1.29383,4120.0
2024-07-22 14:00:00,1.29382,1.29425,1.29238,1.2925,3888.0
2024-07-22 15:00:00,1.2925,1.29294,1.29139,1.29166,5319.0
2024-07-22 16:00:00,1.29166,1.2919800000000001,1.29138,1.29178,4803.0
2024-07-22 17:00:00,1.29178,1.29181,1.2907600000000001,1.29128,5004.0
2024-07-22 18:00:00,1.29128,1.29187,1.29055,1.29085,5273.0
2024-07-22 19:00:00,1.29085,1.29188,1.2906,1.2918,3833.0
2024-07-22 20:00:00,1.2918,1.2925900000000001,1.2918,1.29221,3168.0
2024-07-22 21:00:00,1.29221,1.29249,1.2919,1.29249,4142.0
2024-07-22 22:00:00,1.29249,1.2929599999999999,1.29223,1.29294,2372.0
2024-07-22 23:00:00,1.29294,1.29336,1.29288,1.29336,582.0
2024-07-23 00:00:00,1.2932299999999999,1.29328,1.29249,1.29298,2535.0
2024-07-23 01:00:00,1.29298,1.2934999999999999,1.29298,1.29329,516.0
2024-07-23 02:00:00,1.29329,1.29331,1.29308,1.29309,716.0
2024-07-23 03:00:00,1.29309,1.29351,1.2925200000000001,1.29285,3977.0
2024-07-23 04:00:00,1.29285,1.29339,1.29266,1.29301,2425.0
2024-07-23 05:00:00,1.29301,1.2931599999999999,1.29247,1.29279,2333.0
2024-07-23 06:00:00,1.29282,1.29329,1.2927,1.29307,1874.0
2024-07-23 07:00:00,1.29307,1.2932299999999999,1.29277,1.29281,1653.0
2024-07-23 08:00:00,1.29281,1.29288,1.2925,1.29267,1752.0
2024-07-23 09:00:00,1.29267,1.29273,1.29128,1.2918,4136.0
2024-07-23 10:00:00,1.2918,1.29263,1.29115,1.29165,5381.0
2024-07-23 11:00:00,1.29165,1.29287,1.29095,1.2923499999999999,4828.0
2024-07-23 12:00:00,1.2923499999999999,1.29258,1.29104,1.29116,3778.0
2024-07-23 13:00:00,1.29116,1.29121,1.28879,1.29028,4461.0
2024-07-23 14:00:00,1.29028,1.29149,1.28989,1.29124,4720.0
2024-07-23 15:00:00,1.29123,1.2920099999999999,1.29041,1.29058,5065.0
2024-07-23 16:00:00,1.29058,1.2917100000000001,1.2904499999999999,1.29124,5145.0
2024-07-23 17:00:00,1.29122,1.29178,1.29066,1.29081,4826.0
2024-07-23 18:00:00,1.29081,1.2917100000000001,1.2907,1.29141,4397.0
2024-07-23 19:00:00,1.29141,1.2917,1.29084,1.29102,3983.0
2024-07-23 20:00:00,1.29102,1.2913299999999999,1.29041,1.2907199999999999,3528.0
2024-07-23 21:00:00,1.2907199999999999,1.29089,1.29028,1.29041,2778.0
2024-07-23 22:00:00,1.29041,1.29041,1.29004,1.29036,1700.0
2024-07-23 23:00:00,1.29036,1.29073,1.29031,1.2906900000000001,1117.0
2024-07-24 00:00:00,1.2907,1.29088,1.29012,1.29073,598.0
2024-07-24 01:00:00,1.2908,1.29084,1.29041,1.2904200000000001,1329.0
2024-07-24 02:00:00,1.2904200000000001,1.2904499999999999,1.28999,1.2901099999999999,891.0
2024-07-24 03:00:00,1.2901099999999999,1.29017,1.28958,1.28971,3253.0
2024-07-24 04:00:00,1.28971,1.29,1.28942,1.2895699999999999,3176.0
2024-07-24 05:00:00,1.2895699999999999,1.28958,1.28881,1.28899,2081.0
2024-07-24 06:00:00,1.28899,1.28908,1.28868,1.2889300000000001,2695.0
2024-07-24 07:00:00,1.2889300000000001,1.28901,1.28841,1.28875,2220.0
2024-07-24 08:00:00,1.28875,1.28956,1.28875,1.28953,2137.0
2024-07-24 09:00:00,1.28953,1.2895400000000001,1.28823,1.28867,3752.0
2024-07-24 10:00:00,1.28867,1.2901799999999999,1.28853,1.2887,5401.0
2024-07-24 11:00:00,1.2887,1.29003,1.28775,1.28968,6040.0
2024-07-24 12:00:00,1.28968,1.29095,1.28887,1.29095,4316.0
2024-07-24 13:00:00,1.29095,1.29101,1.2901,1.2907,4349.0
2024-07-24 14:00:00,1.29071,1.29202,1.29002,1.29186,4291.0
2024-07-24 15:00:00,1.29186,1.293,1.29152,1.29284,5438.0
2024-07-24 16:00:00,1.29284,1.29375,1.29206,1.29242,6153.0
2024-07-24 17:00:00,1.29242,1.29331,1.29147,1.29182,6466.0
2024-07-24 18:00:00,1.29182,1.29276,1.29177,1.29229,4882.0
2024-07-24 19:00:00,1.29229,1.29274,1.29189,1.2926199999999999,4088.0
2024-07-24 20:00:00,1.2926199999999999,1.29275,1.2918,1.29181,2873.0
2024-07-24 21:00:00,1.29181,1.29183,1.29009,1.2904499999999999,5185.0
2024-07-24 22:00:00,1.2904499999999999,1.29098,1.28996,1.2903,3529.0
2024-07-24 23:00:00,1.2903,1.2907199999999999,1.29027,1.29065,926.0
2024-07-25 00:00:00,1.29062,1.29085,1.2898,1.29074,2946.0
2024-07-25 01:00:00,1.29074,1.29092,1.2902,1.29021,1275.0
2024-07-25 02:00:00,1.29021,1.29035,1.28971,1.2898,1766.0
2024-07-25 03:00:00,1.2898,1.28987,1.28921,1.28961,5043.0
2024-07-25 04:00:00,1.28961,1.28986,1.28887,1.2889599999999999,4561.0
2024-07-25 05:00:00,1.2889599999999999,1.28922,1.2886199999999999,1.28894,3908.0
2024-07-25 06:00:00,1.28894,1.28963,1.28891,1.28931,2435.0
2024-07-25 07:00:00,1.28931,1.28945,1.28865,1.2889,2153.0
2024-07-25 08:00:00,1.2889,1.28963,1.28868,1.28955,3779.0
2024-07-25 09:00:00,1.28955,1.28956,1.28795,1.28847,5480.0
2024-07-25 10:00:00,1.28847,1.28969,1.28744,1.28934,6232.0
2024-07-25 11:00:00,1.28933,1.29136,1.28829,1.2886,7051.0
2024-07-25 12:00:00,1.2886,1.28919,1.28807,1.28852,5428.0
2024-07-25 13:00:00,1.28852,1.28942,1.2870599999999999,1.28753,3994.0
2024-07-25 14:00:00,1.28752,1.28781,1.2870599999999999,1.2872,3975.0
2024-07-25 15:00:00,1.28721,1.28784,1.28597,1.2875,8301.0
2024-07-25 16:00:00,1.2875,1.28817,1.28634,1.2876,8979.0
2024-07-25 17:00:00,1.2876,1.28921,1.28707,1.28768,8459.0
2024-07-25 18:00:00,1.28768,1.28878,1.28763,1.28814,6778.0
2024-07-25 19:00:00,1.28814,1.28864,1.2875,1.28831,4769.0
2024-07-25 20:00:00,1.2883200000000001,1.289,1.2869,1.28704,4897.0
2024-07-25 21:00:00,1.28704,1.28709,1.28592,1.28592,3724.0
2024-07-25 22:00:00,1.28592,1.2865,1.2852299999999999,1.28529,4314.0
2024-07-25 23:00:00,1.28529,1.28533,1.28495,1.2849599999999999,986.0
2024-07-26 00:00:00,1.28504,1.2854700000000001,1.28479,1.28498,1856.0
2024-07-26 01:00:00,1.28498,1.28559,1.28498,1.28532,1325.0
2024-07-26 02:00:00,1.28532,1.2857,1.28531,1.28553,2175.0
2024-07-26 03:00:00,1.28553,1.28609,1.2854999999999999,1.2857,2767.0
2024-07-26 04:00:00,1.28569,1.28632,1.2854,1.28628,2771.0
2024-07-26 05:00:00,1.28629,1.28654,1.28601,1.28603,3481.0
2024-07-26 06:00:00,1.28603,1.2864200000000001,1.28582,1.28641,2121.0
2024-07-26 07:00:00,1.28641,1.2866,1.2862,1.28639,2538.0
2024-07-26 08:00:00,1.28639,1.28653,1.28607,1.28631,3095.0
2024-07-26 09:00:00,1.28632,1.28632,1.28571,1.28589,2945.0
2024-07-26 10:00:00,1.28589,1.28731,1.2858100000000001,1.28637,4646.0
2024-07-26 11:00:00,1.28637,1.28714,1.2861,1.28658,5213.0
2024-07-26 12:00:00,1.28658,1.2871000000000001,1.28648,1.2869,2885.0
2024-07-26 13:00:00,1.2869,1.28741,1.28598,1.28728,3005.0
2024-07-26 14:00:00,1.28728,1.28741,1.28638,1.2872,3273.0
2024-07-26 15:00:00,1.2872,1.28734,1.28552,1.28668,5704.0
2024-07-26 16:00:00,1.28667,1.28719,1.28622,1.28678,5523.0
2024-07-26 17:00:00,1.28678,1.28687,1.28499,1.28531,5950.0
2024-07-26 18:00:00,1.28531,1.28629,1.28517,1.28621,4332.0
2024-07-26 19:00:00,1.28622,1.28754,1.28617,1.28744,3578.0
2024-07-26 20:00:00,1.28744,1.28753,1.28658,1.28735,3549.0
2024-07-29 00:00:00,1.28556,1.28702,1.2854999999999999,1.2864200000000001,1267.0
2024-07-29 01:00:00,1.2864200000000001,1.28714,1.2860800000000001,1.2868,1583.0
2024-07-29 02:00:00,1.28681,1.2871000000000001,1.28665,1.28667,1686.0
2024-07-29 03:00:00,1.28667,1.28883,1.28629,1.28849,4921.0
2024-07-29 04:00:00,1.2885,1.28858,1.28779,1.28824,5857.0
2024-07-29 05:00:00,1.28824,1.28881,1.28823,1.28831,2347.0
2024-07-29 06:00:00,1.2883,1.28858,1.2881,1.2881,1458.0
2024-07-29 07:00:00,1.2881,1.28816,1.2873999999999999,1.28751,2251.0
2024-07-29 08:00:00,1.28751,1.28781,1.287,1.2872,2239.0
2024-07-29 09:00:00,1.2872,1.28768,1.28644,1.2867899999999999,3131.0
2024-07-29 10:00:00,1.2867899999999999,1.28684,1.28302,1.2833,5034.0
2024-07-29 11:00:00,1.28331,1.28331,1.28083,1.28131,5473.0
2024-07-29 12:00:00,1.28131,1.2835,1.2807,1.28342,3471.0
2024-07-29 13:00:00,1.28341,1.28468,1.2829,1.2845,4023.0
2024-07-29 14:00:00,1.2845,1.28453,1.2824499999999999,1.2827,3427.0
2024-07-29 15:00:00,1.2827,1.28406,1.28225,1.28383,5197.0
2024-07-29 16:00:00,1.28383,1.28543,1.28341,1.28402,4882.0
2024-07-29 17:00:00,1.28402,1.28477,1.28234,1.28468,5365.0
2024-07-29 18:00:00,1.2846899999999999,1.28565,1.28448,1.285,5073.0
2024-07-29 19:00:00,1.285,1.28599,1.2846199999999999,1.28544,3145.0
2024-07-29 20:00:00,1.28544,1.28651,1.2854,1.28644,3199.0
2024-07-29 21:00:00,1.28644,1.2864499999999999,1.28566,1.28643,2892.0
2024-07-29 22:00:00,1.28643,1.2867899999999999,1.2863,1.2865199999999999,3046.0
2024-07-29 23:00:00,1.2865199999999999,1.28656,1.28595,1.2861,909.0
2024-07-30 00:00:00,1.28616,1.28635,1.28544,1.2861,2204.0
2024-07-30 01:00:00,1.2861,1.28663,1.28604,1.28663,974.0
2024-07-30 02:00:00,1.28663,1.28663,1.2858800000000001,1.28596,1184.0
2024-07-30 03:00:00,1.28596,1.28596,1.28512,1.28539,2944.0
2024-07-30 04:00:00,1.28539,1.28549,1.28457,1.28471,3208.0
2024-07-30 05:00:00,1.28472,1.28524,1.28453,1.28512,2739.0
2024-07-30 06:00:00,1.28512,1.28556,1.28502,1.28553,3397.0
2024-07-30 07:00:00,1.28553,1.28595,1.2854999999999999,1.2858,1973.0
2024-07-30 08:00:00,1.2858,1.28586,1.28472,1.2849,3032.0
2024-07-30 09:00:00,1.2849,1.28548,1.28437,1.28546,3583.0
2024-07-30 10:00:00,1.28546,1.28599,1.28488,1.28508,4163.0
2024-07-30 11:00:00,1.28513,1.2864200000000001,1.28492,1.28593,4579.0
2024-07-30 12:00:00,1.28594,1.28646,1.28564,1.28623,3358.0
2024-07-30 13:00:00,1.28623,1.28643,1.28553,1.28555,2756.0
2024-07-30 14:00:00,1.28555,1.28555,1.28438,1.28448,3131.0
2024-07-30 15:00:00,1.28448,1.28467,1.28288,1.2829,5044.0
2024-07-30 16:00:00,1.2829,1.28442,1.28251,1.2843200000000001,4877.0
2024-07-30 17:00:00,1.2843200000000001,1.2843200000000001,1.28201,1.28273,6437.0
2024-07-30 18:00:00,1.28273,1.28333,1.28241,1.2828,5290.0
2024-07-30 19:00:00,1.2828,1.28383,1.28257,1.28338,5440.0
2024-07-30 20:00:00,1.28338,1.28393,1.28271,1.28329,4853.0
2024-07-30 21:00:00,1.28329,1.28366,1.283,1.28334,3635.0
2024-07-30 22:00:00,1.28334,1.28341,1.28293,1.28323,2531.0
2024-07-30 23:00:00,1.28323,1.28381,1.28298,1.28356,1439.0
2024-07-31 00:00:00,1.28352,1.28385,1.28268,1.2833,2299.0
2024-07-31 01:00:00,1.2833,1.28369,1.2832,1.28357,1934.0
2024-07-31 02:00:00,1.28357,1.28421,1.2835,1.28377,1704.0
2024-07-31 03:00:00,1.28377,1.2842799999999999,1.2832,1.2840799999999999,3977.0
2024-07-31 04:00:00,1.2840799999999999,1.28463,1.28354,1.28413,4617.0
2024-07-31 05:00:00,1.28413,1.2849300000000001,1.28397,1.2848,3057.0
2024-07-31 06:00:00,1.2848,1.28529,1.28404,1.28407,4339.0
2024-07-31 07:00:00,1.28407,1.28463,1.28392,1.2845900000000001,3396.0
2024-07-31 08:00:00,1.2845900000000001,1.28473,1.28354,1.28446,2884.0
2024-07-31 09:00:00,1.28447,1.28452,1.2833700000000001,1.28412,4686.0
2024-07-31 10:00:00,1.28412,1.28472,1.28267,1.28396,6003.0
2024-07-31 11:00:00,1.28394,1.28403,1.28212,1.28301,6247.0
2024-07-31 12:00:00,1.283,1.2838,1.28211,1.28324,5508.0
2024-07-31 13:00:00,1.28324,1.28416,1.28304,1.28411,3734.0
2024-07-31 14:00:00,1.2841,1.2848899999999999,1.28318,1.2835,4146.0
2024-07-31 15:00:00,1.2835,1.28541,1.28302,1.28479,6730.0
2024-07-31 16:00:00,1.28478,1.28543,1.28387,1.28404,5381.0
2024-07-31 17:00:00,1.28403,1.28482,1.28299,1.28439,7445.0
2024-07-31 18:00:00,1.28438,1.2851,1.28383,1.28396,6519.0
2024-07-31 19:00:00,1.28395,1.28396,1.28224,1.28365,4238.0
2024-07-31 20:00:00,1.28365,1.28397,1.2833,1.2833999999999999,4288.0
2024-07-31 21:00:00,1.28302,1.2860800000000001,1.28213,1.2855400000000001,9069.0
2024-07-31 22:00:00,1.2855400000000001,1.28644,1.28478,1.28541,6891.0
2024-07-31 23:00:00,1.28541,1.28628,1.28504,1.2855400000000001,2422.0
2024-08-01 00:00:00,1.28541,1.28586,1.28484,1.28565,3417.0
2024-08-01 01:00:00,1.28565,1.2863,1.28556,1.28566,891.0
2024-08-01 02:00:00,1.28569,1.28577,1.2851,1.28532,1489.0
2024-08-01 03:00:00,1.28532,1.28568,1.2849,1.28536,5015.0
2024-08-01 04:00:00,1.28536,1.28609,1.28526,1.28538,4922.0
2024-08-01 05:00:00,1.28536,1.28585,1.28481,1.28522,3732.0
2024-08-01 06:00:00,1.28522,1.28576,1.28516,1.28529,2205.0
2024-08-01 07:00:00,1.28529,1.2859099999999999,1.285,1.28505,1981.0
2024-08-01 08:00:00,1.28505,1.28536,1.28457,1.2849,3095.0
2024-08-01 09:00:00,1.2849,1.2849,1.28031,1.2806600000000001,5953.0
2024-08-01 10:00:00,1.2806600000000001,1.28084,1.27895,1.27922,5733.0
2024-08-01 11:00:00,1.27921,1.27925,1.27765,1.27792,6205.0
2024-08-01 12:00:00,1.27793,1.27793,1.2755,1.27552,4707.0
2024-08-01 13:00:00,1.27552,1.27873,1.27552,1.27794,4342.0
2024-08-01 14:00:00,1.27794,1.28,1.2753,1.2793,5898.0
2024-08-01 15:00:00,1.2793,1.28237,1.27863,1.28104,7612.0
2024-08-01 16:00:00,1.28104,1.28234,1.27863,1.28198,6682.0
2024-08-01 17:00:00,1.28182,1.28396,1.27917,1.27926,7425.0
2024-08-01 18:00:00,1.27926,1.27936,1.27665,1.27675,6459.0
2024-08-01 19:00:00,1.27677,1.27768,1.27518,1.27542,6531.0
2024-08-01 20:00:00,1.27543,1.27584,1.2738,1.27477,5231.0
2024-08-01 21:00:00,1.27477,1.27505,1.2727,1.27272,5309.0
2024-08-01 22:00:00,1.27276,1.27463,1.27273,1.27423,3687.0
2024-08-01 23:00:00,1.27423,1.27423,1.27328,1.27386,1834.0
2024-08-02 00:00:00,1.27371,1.2743,1.27284,1.27371,2934.0
2024-08-02 01:00:00,1.27371,1.27379,1.27311,1.27348,2327.0
2024-08-02 02:00:00,1.27348,1.2735699999999999,1.27277,1.27279,2408.0
2024-08-02 03:00:00,1.27278,1.27291,1.2720799999999999,1.27237,4929.0
2024-08-02 04:00:00,1.27237,1.27272,1.27157,1.27237,3604.0
2024-08-02 05:00:00,1.27238,1.27244,1.2713,1.27219,3512.0
2024-08-02 06:00:00,1.27219,1.27251,1.2718099999999999,1.27207,3093.0
2024-08-02 07:00:00,1.27207,1.2729599999999999,1.27198,1.2725,3241.0
2024-08-02 08:00:00,1.2725,1.27351,1.2723,1.2735,3229.0
2024-08-02 09:00:00,1.2735,1.27398,1.27254,1.27261,5592.0
2024-08-02 10:00:00,1.27261,1.27268,1.27073,1.2713,6887.0
2024-08-02 11:00:00,1.2713,1.27377,1.2713,1.27355,5718.0
2024-08-02 12:00:00,1.27355,1.2741,1.27332,1.27392,4326.0
2024-08-02 13:00:00,1.27392,1.27458,1.27355,1.27368,4105.0
2024-08-02 14:00:00,1.27367,1.27511,1.27366,1.2741500000000001,4135.0
2024-08-02 15:00:00,1.2741500000000001,1.28086,1.2741,1.28025,9427.0
2024-08-02 16:00:00,1.28023,1.28328,1.27926,1.28316,9892.0
2024-08-02 17:00:00,1.28316,1.2840500000000001,1.28045,1.28065,10257.0
2024-08-02 18:00:00,1.28065,1.28125,1.27932,1.2797100000000001,8324.0
2024-08-02 19:00:00,1.2797100000000001,1.28018,1.27839,1.27888,7373.0
2024-08-02 20:00:00,1.27888,1.2800799999999999,1.27885,1.27975,5231.0
2024-08-05 00:00:00,1.28007,1.28153,1.27956,1.2806,1883.0
2024-08-05 01:00:00,1.28061,1.2806899999999999,1.27909,1.27936,2126.0
2024-08-05 02:00:00,1.27933,1.27961,1.27819,1.27878,4971.0
2024-08-05 03:00:00,1.27878,1.2794400000000001,1.278,1.2784,6761.0
2024-08-05 04:00:00,1.27841,1.27935,1.27782,1.27905,7155.0
2024-08-05 05:00:00,1.27905,1.27987,1.27826,1.27976,4814.0
2024-08-05 06:00:00,1.27976,1.28023,1.27945,1.28002,4939.0
2024-08-05 07:00:00,1.28002,1.28052,1.2794400000000001,1.2800799999999999,5980.0
2024-08-05 08:00:00,1.28009,1.28036,1.27454,1.27459,9038.0
2024-08-05 09:00:00,1.27459,1.27611,1.27102,1.27408,14654.0
2024-08-05 10:00:00,1.27408,1.28128,1.27406,1.2794699999999999,13356.0
2024-08-05 11:00:00,1.2794699999999999,1.28171,1.27565,1.27625,9252.0
2024-08-05 12:00:00,1.27624,1.27759,1.27432,1.27441,8885.0
2024-08-05 13:00:00,1.27441,1.2766899999999999,1.27273,1.27577,7272.0
2024-08-05 14:00:00,1.2757800000000001,1.27667,1.27426,1.27663,6779.0
2024-08-05 15:00:00,1.2766199999999999,1.27779,1.27462,1.27523,10700.0
2024-08-05 16:00:00,1.27524,1.27962,1.27514,1.2776399999999999,13715.0
2024-08-05 17:00:00,1.2776399999999999,1.2784200000000001,1.27484,1.27586,14508.0
2024-08-05 18:00:00,1.27588,1.27719,1.275,1.2764,11399.0
2024-08-05 19:00:00,1.2764,1.27857,1.27618,1.27665,10084.0
2024-08-05 20:00:00,1.27664,1.2779,1.27443,1.2757399999999999,8593.0
2024-08-05 21:00:00,1.2757399999999999,1.27702,1.27496,1.27572,7227.0
2024-08-05 22:00:00,1.27572,1.27739,1.27572,1.27739,5460.0
2024-08-05 23:00:00,1.27739,1.2778100000000001,1.2769599999999999,1.27762,2688.0
2024-08-06 00:00:00,1.27733,1.2777,1.27625,1.27733,2430.0
2024-08-06 01:00:00,1.27733,1.27821,1.27678,1.27802,3924.0
2024-08-06 02:00:00,1.27802,1.27931,1.27789,1.2788,4388.0
2024-08-06 03:00:00,1.2788,1.28029,1.27778,1.2802799999999999,7188.0
2024-08-06 04:00:00,1.2802799999999999,1.2803200000000001,1.27799,1.27863,7268.0
2024-08-06 05:00:00,1.27863,1.2793,1.27813,1.27833,5117.0
2024-08-06 06:00:00,1.27833,1.2787,1.27785,1.27793,4656.0
2024-08-06 07:00:00,1.27793,1.27801,1.27722,1.2772999999999999,5234.0
2024-08-06 08:00:00,1.2772999999999999,1.27787,1.27657,1.27712,6087.0
2024-08-06 09:00:00,1.27712,1.27717,1.27487,1.27553,8141.0
2024-08-06 10:00:00,1.27553,1.27602,1.27344,1.27403,9664.0
2024-08-06 11:00:00,1.27402,1.2747600000000001,1.27299,1.27325,8793.0
2024-08-06 12:00:00,1.27324,1.27324,1.26997,1.27104,8012.0
2024-08-06 13:00:00,1.27104,1.27112,1.268,1.26879,6953.0
2024-08-06 14:00:00,1.26879,1.27044,1.2686600000000001,1.26928,5607.0
2024-08-06 15:00:00,1.26928,1.26983,1.26727,1.26794,7909.0
2024-08-06 16:00:00,1.26793,1.26986,1.26787,1.26982,10283.0
2024-08-06 17:00:00,1.26982,1.27265,1.26956,1.27063,8854.0
2024-08-06 18:00:00,1.27062,1.27153,1.26843,1.26944,8163.0
2024-08-06 19:00:00,1.26944,1.27125,1.2688,1.2705,6112.0
2024-08-06 20:00:00,1.2705,1.27063,1.26861,1.26936,5734.0
2024-08-06 21:00:00,1.26936,1.27097,1.26924,1.26974,4473.0
2024-08-06 22:00:00,1.26974,1.26983,1.26848,1.26918,5750.0
2024-08-06 23:00:00,1.26918,1.26932,1.2686600000000001,1.26917,1790.0
2024-08-07 00:00:00,1.26908,1.2695699999999999,1.26836,1.26882,2034.0
2024-08-07 01:00:00,1.26881,1.26989,1.2687599999999999,1.26925,2540.0
2024-08-07 02:00:00,1.26925,1.26928,1.26809,1.26843,2334.0
2024-08-07 03:00:00,1.26843,1.27035,1.2681499999999999,1.27026,4499.0
2024-08-07 04:00:00,1.27027,1.27039,1.2693400000000001,1.27013,6165.0
2024-08-07 05:00:00,1.27013,1.27124,1.26993,1.2707600000000001,5695.0
2024-08-07 06:00:00,1.27075,1.27145,1.27054,1.2714400000000001,4356.0
2024-08-07 07:00:00,1.2714400000000001,1.27183,1.27044,1.27045,4028.0
2024-08-07 08:00:00,1.27045,1.27071,1.27011,1.27036,3567.0
2024-08-07 09:00:00,1.27036,1.27164,1.26982,1.2713700000000001,6159.0
2024-08-07 10:00:00,1.2713700000000001,1.27138,1.26875,1.26987,8622.0
2024-08-07 11:00:00,1.26987,1.27148,1.26939,1.2702,6145.0
2024-08-07 12:00:00,1.2702,1.2713,1.26974,1.27091,5143.0
2024-08-07 13:00:00,1.27092,1.27214,1.27011,1.27158,4858.0
2024-08-07 14:00:00,1.27158,1.2736,1.27154,1.2726899999999999,4845.0
2024-08-07 15:00:00,1.27271,1.27306,1.27213,1.27227,5767.0
2024-08-07 16:00:00,1.27227,1.2726,1.27124,1.27166,6685.0
2024-08-07 17:00:00,1.27166,1.2723,1.27073,1.27209,7322.0
2024-08-07 18:00:00,1.27209,1.27247,1.27124,1.27157,5540.0
2024-08-07 19:00:00,1.27157,1.27157,1.27047,1.2707600000000001,5375.0
2024-08-07 20:00:00,1.2707600000000001,1.27098,1.26929,1.26955,6523.0
2024-08-07 21:00:00,1.26955,1.26987,1.26834,1.26843,5928.0
2024-08-07 22:00:00,1.26843,1.26982,1.26841,1.26897,4839.0
2024-08-07 23:00:00,1.26897,1.26935,1.26855,1.26924,1555.0
2024-08-08 00:00:00,1.26908,1.2694,1.26826,1.26886,1564.0
2024-08-08 01:00:00,1.26886,1.26925,1.2683,1.2685,2188.0
2024-08-08 02:00:00,1.2685,1.2687300000000001,1.26784,1.26828,2239.0
2024-08-08 03:00:00,1.26827,1.26905,1.26785,1.2681200000000001,4501.0
2024-08-08 04:00:00,1.2681200000000001,1.26881,1.2681,1.2685,4542.0
2024-08-08 05:00:00,1.2685,1.26956,1.2685,1.26929,3106.0
2024-08-08 06:00:00,1.26929,1.27004,1.26913,1.26996,2634.0
2024-08-08 07:00:00,1.26997,1.27026,1.26939,1.26956,3990.0
2024-08-08 08:00:00,1.2695699999999999,1.26985,1.26917,1.26945,4387.0
2024-08-08 09:00:00,1.26946,1.27138,1.26929,1.27124,6526.0
2024-08-08 10:00:00,1.27124,1.2713700000000001,1.26902,1.27008,8048.0
2024-08-08 11:00:00,1.27007,1.271,1.26971,1.27005,5125.0
2024-08-08 12:00:00,1.27005,1.27044,1.26701,1.26725,5332.0
2024-08-08 13:00:00,1.26725,1.26966,1.26651,1.26905,5657.0
2024-08-08 14:00:00,1.26905,1.27021,1.2686899999999999,1.2695699999999999,5759.0
2024-08-08 15:00:00,1.2695699999999999,1.27004,1.26657,1.26757,8897.0
2024-08-08 16:00:00,1.26757,1.27042,1.26757,1.2704,9702.0
2024-08-08 17:00:00,1.2704,1.27223,1.26996,1.27143,8761.0
2024-08-08 18:00:00,1.27143,1.27429,1.2713700000000001,1.2741,7128.0
2024-08-08 19:00:00,1.2741,1.27437,1.27314,1.2742499999999999,5698.0
2024-08-08 20:00:00,1.2742499999999999,1.2748599999999999,1.27346,1.27441,5325.0
2024-08-08 21:00:00,1.27441,1.27524,1.2741799999999999,1.27501,3335.0
2024-08-08 22:00:00,1.275,1.27504,1.27428,1.27446,3767.0
2024-08-08 23:00:00,1.27448,1.27509,1.27442,1.27484,1718.0
2024-08-09 00:00:00,1.27434,1.2748599999999999,1.27392,1.27454,1558.0
2024-08-09 01:00:00,1.27454,1.27487,1.2742200000000001,1.27431,1914.0
2024-08-09 02:00:00,1.27431,1.27493,1.27429,1.27457,1915.0
2024-08-09 03:00:00,1.27457,1.2746,1.27381,1.27408,3405.0
2024-08-09 04:00:00,1.27408,1.27511,1.27407,1.2749,2894.0
2024-08-09 05:00:00,1.2749,1.27582,1.2746,1.27554,3077.0
2024-08-09 06:00:00,1.27554,1.27589,1.27542,1.27586,2973.0
2024-08-09 07:00:00,1.27586,1.2760500000000001,1.27489,1.27498,2442.0
2024-08-09 08:00:00,1.27498,1.27564,1.27478,1.27539,3711.0
2024-08-09 09:00:00,1.27539,1.27717,1.27531,1.27709,4242.0
2024-08-09 10:00:00,1.27709,1.2772299999999999,1.27619,1.27636,5598.0
2024-08-09 11:00:00,1.2763499999999999,1.27717,1.2758,1.27653,4997.0
2024-08-09 12:00:00,1.27652,1.27684,1.2758,1.27603,4563.0
2024-08-09 13:00:00,1.27603,1.27604,1.27447,1.27447,3985.0
2024-08-09 14:00:00,1.27447,1.27515,1.27294,1.27413,4866.0
2024-08-09 15:00:00,1.27413,1.2742,1.27263,1.27372,5553.0
2024-08-09 16:00:00,1.27372,1.27467,1.27315,1.27459,6493.0
2024-08-09 17:00:00,1.27459,1.27724,1.27436,1.2763200000000001,7253.0
2024-08-09 18:00:00,1.2763200000000001,1.27739,1.27579,1.27644,5430.0
2024-08-09 19:00:00,1.27643,1.27645,1.27541,1.2758,3756.0
2024-08-09 20:00:00,1.2758,1.27701,1.27552,1.27613,3679.0
2024-08-12 00:00:00,1.27624,1.27624,1.27536,1.27552,708.0
2024-08-12 01:00:00,1.27552,1.27606,1.2748300000000001,1.27512,1806.0
2024-08-12 02:00:00,1.2751299999999999,1.27536,1.27482,1.27484,1172.0
2024-08-12 03:00:00,1.27485,1.27593,1.27469,1.27569,2622.0
2024-08-12 04:00:00,1.27569,1.27617,1.27562,1.27589,2090.0
2024-08-12 05:00:00,1.27589,1.2763499999999999,1.27582,1.2762,2501.0
2024-08-12 06:00:00,1.2762,1.27624,1.2757,1.27582,2469.0
2024-08-12 07:00:00,1.27582,1.27636,1.27582,1.2763200000000001,1861.0
2024-08-12 08:00:00,1.2763200000000001,1.27687,1.2763200000000001,1.2767,2219.0
2024-08-12 09:00:00,1.2766899999999999,1.27823,1.27658,1.2766,4008.0
2024-08-12 10:00:00,1.2766,1.27697,1.276,1.27692,5256.0
2024-08-12 11:00:00,1.2769300000000001,1.27733,1.27604,1.2764,5120.0
2024-08-12 12:00:00,1.27638,1.2765,1.27535,1.276,3237.0
2024-08-12 13:00:00,1.276,1.27631,1.27529,1.27604,3375.0
2024-08-12 14:00:00,1.27604,1.27704,1.2758099999999999,1.27701,3939.0
2024-08-12 15:00:00,1.27701,1.27756,1.27589,1.2763900000000001,5190.0
2024-08-12 16:00:00,1.2763900000000001,1.27743,1.2763900000000001,1.27658,7255.0
2024-08-12 17:00:00,1.27658,1.27888,1.27586,1.2784200000000001,7222.0
2024-08-12 18:00:00,1.2784200000000001,1.27941,1.27687,1.2772299999999999,6294.0
2024-08-12 19:00:00,1.2772299999999999,1.2772299999999999,1.27572,1.2758099999999999,4429.0
2024-08-12 20:00:00,1.2758099999999999,1.27692,1.27556,1.2766199999999999,5483.0
2024-08-12 21:00:00,1.2766199999999999,1.27698,1.27623,1.27694,4253.0
2024-08-12 22:00:00,1.2769300000000001,1.27713,1.27645,1.27687,2717.0
2024-08-12 23:00:00,1.27687,1.27698,1.27627,1.27652,962.0
2024-08-13 00:00:00,1.27612,1.27684,1.27594,1.27619,883.0
2024-08-13 01:00:00,1.27616,1.27688,1.27602,1.27674,1963.0
2024-08-13 02:00:00,1.27674,1.27709,1.27657,1.27707,751.0
2024-08-13 03:00:00,1.27707,1.27708,1.27636,1.27665,2329.0
2024-08-13 04:00:00,1.27665,1.27738,1.27644,1.27724,3119.0
2024-08-13 05:00:00,1.27724,1.27734,1.27702,1.27714,2590.0
2024-08-13 06:00:00,1.27714,1.2778,1.27707,1.27742,2143.0
2024-08-13 07:00:00,1.27742,1.27792,1.2774,1.27789,2872.0
2024-08-13 08:00:00,1.27789,1.27819,1.27763,1.27808,3294.0
2024-08-13 09:00:00,1.27806,1.28099,1.27806,1.28042,6103.0
2024-08-13 10:00:00,1.28042,1.28131,1.27972,1.28094,4825.0
2024-08-13 11:00:00,1.2809300000000001,1.28095,1.27957,1.2798,4535.0
2024-08-13 12:00:00,1.2798,1.2804,1.2788,1.27915,4590.0
2024-08-13 13:00:00,1.27915,1.27948,1.27795,1.27846,3934.0
2024-08-13 14:00:00,1.27846,1.27931,1.27843,1.2792,5294.0
2024-08-13 15:00:00,1.27919,1.28129,1.27797,1.28074,7748.0
2024-08-13 16:00:00,1.28073,1.28253,1.27999,1.2818100000000001,6690.0
2024-08-13 17:00:00,1.28182,1.28378,1.28098,1.28248,6089.0
2024-08-13 18:00:00,1.2824900000000001,1.28293,1.28203,1.28273,4281.0
2024-08-13 19:00:00,1.28273,1.28472,1.2826,1.28452,3696.0
2024-08-13 20:00:00,1.28452,1.28571,1.28438,1.28533,4315.0
2024-08-13 21:00:00,1.28533,1.28731,1.28522,1.28681,3884.0
2024-08-13 22:00:00,1.28681,1.28712,1.28628,1.28662,3669.0
2024-08-13 23:00:00,1.28662,1.28687,1.28628,1.28629,1887.0
2024-08-14 00:00:00,1.28594,1.28644,1.28522,1.2858,1169.0
2024-08-14 01:00:00,1.2858,1.28666,1.2857,1.2865199999999999,1099.0
2024-08-14 02:00:00,1.2865199999999999,1.2867,1.2863,1.28654,1328.0
2024-08-14 03:00:00,1.28653,1.28677,1.2863,1.28633,2435.0
2024-08-14 04:00:00,1.28635,1.28685,1.28603,1.28634,2416.0
2024-08-14 05:00:00,1.28634,1.28634,1.28562,1.28583,3471.0
2024-08-14 06:00:00,1.28583,1.28596,1.28541,1.28562,2254.0
2024-08-14 07:00:00,1.28562,1.28616,1.28552,1.2858800000000001,1514.0
2024-08-14 08:00:00,1.2858800000000001,1.28617,1.28568,1.28605,3166.0
2024-08-14 09:00:00,1.28605,1.28626,1.28164,1.28351,5981.0
2024-08-14 10:00:00,1.28351,1.28474,1.28295,1.28387,5119.0
2024-08-14 11:00:00,1.28387,1.28454,1.28234,1.28413,4168.0
2024-08-14 12:00:00,1.28413,1.28538,1.28383,1.28514,4501.0
2024-08-14 13:00:00,1.28514,1.28521,1.28379,1.2843200000000001,3660.0
2024-08-14 14:00:00,1.2843200000000001,1.2848899999999999,1.28413,1.28485,3140.0
2024-08-14 15:00:00,1.28485,1.286,1.28267,1.2840099999999999,8327.0
2024-08-14 16:00:00,1.28397,1.28544,1.28372,1.2852700000000001,7642.0
2024-08-14 17:00:00,1.2852700000000001,1.2864,1.28453,1.28558,7436.0
2024-08-14 18:00:00,1.2855699999999999,1.2855699999999999,1.2840799999999999,1.28482,4262.0
2024-08-14 19:00:00,1.28483,1.28487,1.28333,1.28381,3855.0
2024-08-14 20:00:00,1.2838,1.2838,1.28261,1.28282,3984.0
2024-08-14 21:00:00,1.28282,1.28322,1.28211,1.28302,2784.0
2024-08-14 22:00:00,1.28302,1.28315,1.28263,1.28275,3212.0
2024-08-14 23:00:00,1.28275,1.28304,1.28251,1.28254,3007.0
2024-08-15 00:00:00,1.28257,1.28302,1.2821500000000001,1.28282,1807.0
2024-08-15 01:00:00,1.28282,1.28319,1.28264,1.2827899999999999,773.0
2024-08-15 02:00:00,1.2827899999999999,1.2828,1.28228,1.28246,947.0
2024-08-15 03:00:00,1.28246,1.28291,1.28235,1.28273,1581.0
2024-08-15 04:00:00,1.28273,1.28278,1.28197,1.28273,3839.0
2024-08-15 05:00:00,1.28273,1.2833700000000001,1.28262,1.28296,2229.0
2024-08-15 06:00:00,1.28296,1.28341,1.28287,1.2833700000000001,1361.0
2024-08-15 07:00:00,1.28336,1.2840799999999999,1.28334,1.2840099999999999,1329.0
2024-08-15 08:00:00,1.2840099999999999,1.28455,1.28382,1.28429,1722.0
2024-08-15 09:00:00,1.28429,1.28535,1.28395,1.2852700000000001,4811.0
2024-08-15 10:00:00,1.2852700000000001,1.28582,1.28457,1.2851,4041.0
2024-08-15 11:00:00,1.28509,1.28519,1.28415,1.28438,3745.0
2024-08-15 12:00:00,1.28438,1.28565,1.2840500000000001,1.2854,2674.0
2024-08-15 13:00:00,1.28541,1.2861,1.28528,1.28537,2929.0
2024-08-15 14:00:00,1.28537,1.28639,1.2852700000000001,1.28617,2688.0
2024-08-15 15:00:00,1.28616,1.28697,1.28102,1.28179,7726.0
2024-08-15 16:00:00,1.28179,1.28377,1.27987,1.28358,8444.0
2024-08-15 17:00:00,1.28358,1.28567,1.28319,1.28528,6826.0
2024-08-15 18:00:00,1.28528,1.28718,1.2852700000000001,1.28626,5580.0
2024-08-15 19:00:00,1.28627,1.28717,1.28514,1.28517,4374.0
2024-08-15 20:00:00,1.28517,1.28597,1.28483,1.28569,3921.0
2024-08-15 21:00:00,1.2857,1.28633,1.2854999999999999,1.28626,3498.0
2024-08-15 22:00:00,1.28626,1.28646,1.28516,1.2854700000000001,2496.0
2024-08-15 23:00:00,1.28549,1.28573,1.28517,1.28533,2349.0
2024-08-16 00:00:00,1.28505,1.28549,1.2848600000000001,1.28544,846.0
2024-08-16 01:00:00,1.28544,1.28567,1.28512,1.28541,938.0
2024-08-16 02:00:00,1.28541,1.28604,1.28541,1.2858800000000001,1516.0
2024-08-16 03:00:00,1.28592,1.28638,1.28574,1.28627,3490.0
2024-08-16 04:00:00,1.28627,1.28724,1.28604,1.28718,2564.0
2024-08-16 05:00:00,1.28718,1.28753,1.28686,1.28738,1502.0
2024-08-16 06:00:00,1.28739,1.28751,1.2867600000000001,1.28678,1795.0
2024-08-16 07:00:00,1.28678,1.28739,1.28667,1.28729,1340.0
2024-08-16 08:00:00,1.28729,1.2879399999999999,1.28716,1.28765,2264.0
2024-08-16 09:00:00,1.28765,1.2886600000000001,1.28743,1.28749,5047.0
2024-08-16 10:00:00,1.28749,1.2883200000000001,1.28705,1.28802,3153.0
2024-08-16 11:00:00,1.28802,1.28914,1.2880099999999999,1.2885499999999999,2358.0
2024-08-16 12:00:00,1.2885499999999999,1.29063,1.28849,1.29056,2402.0
2024-08-16 13:00:00,1.29056,1.2910599999999999,1.29009,1.29087,2624.0
2024-08-16 14:00:00,1.29087,1.29102,1.2901799999999999,1.29088,2644.0
2024-08-16 15:00:00,1.29088,1.2913999999999999,1.28919,1.28974,3414.0
2024-08-16 16:00:00,1.28974,1.29082,1.28915,1.2904,4002.0
2024-08-16 17:00:00,1.2904,1.2904,1.28817,1.28911,4962.0
2024-08-16 18:00:00,1.28912,1.29057,1.28906,1.29054,3070.0
2024-08-16 19:00:00,1.29054,1.29217,1.2905,1.29209,3200.0
2024-08-16 20:00:00,1.29208,1.29314,1.29208,1.29308,3000.0
2024-08-19 00:00:00,1.29346,1.2941099999999999,1.29304,1.29395,1003.0
2024-08-19 01:00:00,1.29396,1.2951,1.2938,1.2942,1214.0
2024-08-19 02:00:00,1.2942,1.2946900000000001,1.29401,1.29464,871.0
2024-08-19 03:00:00,1.29464,1.2953299999999999,1.29426,1.29452,3038.0
2024-08-19 04:00:00,1.29452,1.29526,1.2943799999999999,1.29521,2184.0
2024-08-19 05:00:00,1.29522,1.29555,1.29483,1.29542,1300.0
2024-08-19 06:00:00,1.29542,1.29603,1.29534,1.29543,2526.0
2024-08-19 07:00:00,1.29543,1.29569,1.29523,1.29534,2140.0
2024-08-19 08:00:00,1.29534,1.29648,1.29527,1.29641,2990.0
2024-08-19 09:00:00,1.29641,1.29692,1.2957,1.29624,5829.0
2024-08-19 10:00:00,1.2962500000000001,1.2968899999999999,1.2956699999999999,1.29651,4767.0
2024-08-19 11:00:00,1.29651,1.29758,1.29636,1.29719,4511.0
2024-08-19 12:00:00,1.29719,1.29724,1.29607,1.29631,4583.0
2024-08-19 13:00:00,1.29631,1.29643,1.29471,1.29496,3357.0
2024-08-19 14:00:00,1.29496,1.29586,1.29426,1.29572,3730.0
2024-08-19 15:00:00,1.29572,1.29574,1.29434,1.29508,4290.0
2024-08-19 16:00:00,1.29508,1.29631,1.29406,1.2962500000000001,4515.0
2024-08-19 17:00:00,1.2962500000000001,1.29974,1.29611,1.29867,5963.0
2024-08-19 18:00:00,1.29867,1.29913,1.29752,1.29802,4762.0
2024-08-19 19:00:00,1.29802,1.29834,1.29731,1.29818,3228.0
2024-08-19 20:00:00,1.29818,1.2990300000000001,1.29791,1.2990300000000001,2786.0
2024-08-19 21:00:00,1.2990300000000001,1.29963,1.29892,1.29921,3379.0
2024-08-19 22:00:00,1.2992,1.29948,1.29868,1.299,3030.0
2024-08-19 23:00:00,1.2989899999999999,1.29919,1.29877,1.29907,1715.0
2024-08-20 00:00:00,1.2986900000000001,1.29918,1.298,1.29873,1254.0
2024-08-20 01:00:00,1.29873,1.2993999999999999,1.29873,1.29893,470.0
2024-08-20 02:00:00,1.29893,1.29909,1.29882,1.29894,1148.0
2024-08-20 03:00:00,1.29894,1.29922,1.29834,1.2986,2235.0
2024-08-20 04:00:00,1.2986,1.29932,1.29844,1.29855,2692.0
2024-08-20 05:00:00,1.29855,1.29864,1.2977,1.2979,3221.0
2024-08-20 06:00:00,1.2979,1.2984499999999999,1.29778,1.29788,1856.0
2024-08-20 07:00:00,1.29788,1.29816,1.29776,1.29798,1653.0
2024-08-20 08:00:00,1.29797,1.29809,1.29744,1.29799,2562.0
2024-08-20 09:00:00,1.29799,1.3002799999999999,1.29782,1.29949,3969.0
2024-08-20 10:00:00,1.29949,1.30042,1.2988,1.30029,5112.0
2024-08-20 11:00:00,1.30029,1.30131,1.30008,1.30009,5549.0
2024-08-20 12:00:00,1.30008,1.30103,1.29917,1.30045,4171.0
2024-08-20 13:00:00,1.30045,1.30065,1.29989,1.30039,3583.0
2024-08-20 14:00:00,1.30039,1.30158,1.29931,1.3007900000000001,4229.0
2024-08-20 15:00:00,1.3007900000000001,1.3029899999999999,1.30067,1.3027199999999999,4691.0
2024-08-20 16:00:00,1.30271,1.3030300000000001,1.30156,1.30267,5982.0
2024-08-20 17:00:00,1.30267,1.30525,1.3014999999999999,1.3030300000000001,6972.0
2024-08-20 18:00:00,1.3030300000000001,1.30317,1.30128,1.30261,5105.0
2024-08-20 19:00:00,1.30261,1.30347,1.3022,1.30252,4402.0
2024-08-20 20:00:00,1.30252,1.30285,1.30178,1.30221,3536.0
2024-08-20 21:00:00,1.30221,1.30331,1.302,1.303,3610.0
2024-08-20 22:00:00,1.303,1.30362,1.3029,1.30329,2554.0
2024-08-20 23:00:00,1.30329,1.30354,1.30313,1.30337,1829.0
2024-08-21 00:00:00,1.30332,1.30361,1.30252,1.30321,1571.0
2024-08-21 01:00:00,1.30321,1.30331,1.30291,1.30319,1297.0
2024-08-21 02:00:00,1.30319,1.3035999999999999,1.30309,1.30338,1365.0
2024-08-21 03:00:00,1.30338,1.30385,1.30314,1.30346,2623.0
2024-08-21 04:00:00,1.30346,1.30362,1.30247,1.30256,3024.0
2024-08-21 05:00:00,1.30256,1.30286,1.3023799999999999,1.30282,2361.0
2024-08-21 06:00:00,1.30282,1.30292,1.30248,1.30271,1812.0
2024-08-21 07:00:00,1.3027199999999999,1.30281,1.30229,1.30266,1920.0
2024-08-21 08:00:00,1.3026499999999999,1.30293,1.30202,1.30207,3091.0
2024-08-21 09:00:00,1.30207,1.3026,1.30169,1.30183,5952.0
2024-08-21 10:00:00,1.30183,1.30315,1.30111,1.30156,5035.0
2024-08-21 11:00:00,1.30155,1.3021099999999999,1.3013,1.30132,4105.0
2024-08-21 12:00:00,1.30132,1.30295,1.30127,1.3027199999999999,3414.0
2024-08-21 13:00:00,1.3027199999999999,1.30438,1.30253,1.3041,2843.0
2024-08-21 14:00:00,1.3041,1.30411,1.30281,1.30318,4107.0
2024-08-21 15:00:00,1.30319,1.30483,1.30273,1.30451,4711.0
2024-08-21 16:00:00,1.30451,1.30524,1.304,1.30492,5633.0
2024-08-21 17:00:00,1.30492,1.30687,1.30346,1.3060100000000001,12537.0
2024-08-21 18:00:00,1.3060100000000001,1.3079399999999999,1.30563,1.30762,6964.0
2024-08-21 19:00:00,1.30761,1.30914,1.30722,1.30893,5237.0
2024-08-21 20:00:00,1.30893,1.30999,1.3088,1.30966,3823.0
2024-08-21 21:00:00,1.30958,1.31196,1.30957,1.3106200000000001,5343.0
2024-08-21 22:00:00,1.31063,1.31063,1.30873,1.30899,3761.0
2024-08-21 23:00:00,1.309,1.30925,1.30847,1.3090899999999999,2057.0
2024-08-22 00:00:00,1.30839,1.30922,1.30839,1.3091300000000001,1573.0
2024-08-22 01:00:00,1.3091300000000001,1.30945,1.3088899999999999,1.30932,854.0
2024-08-22 02:00:00,1.30932,1.30957,1.30897,1.30924,901.0
2024-08-22 03:00:00,1.30924,1.30969,1.30877,1.30901,2932.0
2024-08-22 04:00:00,1.30902,1.30915,1.3084799999999999,1.30862,2820.0
2024-08-22 05:00:00,1.30862,1.30865,1.30827,1.30851,2401.0
2024-08-22 06:00:00,1.30851,1.30881,1.30846,1.30868,1423.0
2024-08-22 07:00:00,1.30868,1.3087,1.30816,1.30839,2058.0
2024-08-22 08:00:00,1.30839,1.30866,1.30814,1.30836,1949.0
2024-08-22 09:00:00,1.30836,1.30956,1.30813,1.30925,3239.0
2024-08-22 10:00:00,1.30925,1.31074,1.3085499999999999,1.30979,5046.0
2024-08-22 11:00:00,1.30979,1.31289,1.30935,1.31139,5723.0
2024-08-22 12:00:00,1.31139,1.3125499999999999,1.31086,1.31254,4692.0
2024-08-22 13:00:00,1.31254,1.3127900000000001,1.31094,1.31208,4467.0
2024-08-22 14:00:00,1.31208,1.3121800000000001,1.31046,1.3112,3455.0
2024-08-22 15:00:00,1.3112,1.31256,1.30956,1.3118699999999999,6271.0
2024-08-22 16:00:00,1.31188,1.31294,1.30955,1.31057,6868.0
2024-08-22 17:00:00,1.31057,1.31078,1.30816,1.31029,7200.0
2024-08-22 18:00:00,1.31029,1.31029,1.30832,1.30939,5396.0
2024-08-22 19:00:00,1.30939,1.31024,1.30844,1.30863,4814.0
2024-08-22 20:00:00,1.30863,1.30878,1.30768,1.3078699999999999,4794.0
2024-08-22 21:00:00,1.3078699999999999,1.30948,1.3078699999999999,1.3091599999999999,3561.0
2024-08-22 22:00:00,1.3091599999999999,1.30939,1.30814,1.3084799999999999,4346.0
2024-08-22 23:00:00,1.3084799999999999,1.3093,1.30844,1.30917,1905.0
2024-08-23 00:00:00,1.30865,1.3092,1.30815,1.30894,1436.0
2024-08-23 01:00:00,1.30896,1.3094999999999999,1.30878,1.3093,1012.0
2024-08-23 02:00:00,1.30928,1.30982,1.30928,1.30966,850.0
2024-08-23 03:00:00,1.30966,1.31014,1.30921,1.30986,2424.0
2024-08-23 04:00:00,1.30986,1.3107199999999999,1.30968,1.31051,2284.0
2024-08-23 05:00:00,1.31051,1.31058,1.31003,1.3103,2324.0
2024-08-23 06:00:00,1.3103,1.31079,1.31002,1.3103,2671.0
2024-08-23 07:00:00,1.3103,1.31097,1.3102800000000001,1.3109600000000001,1263.0
2024-08-23 08:00:00,1.3109600000000001,1.31136,1.31084,1.31111,2231.0
2024-08-23 09:00:00,1.31111,1.3125499999999999,1.31071,1.31222,2970.0
2024-08-23 10:00:00,1.31222,1.31249,1.31105,1.31177,5433.0
2024-08-23 11:00:00,1.31177,1.31314,1.31173,1.3131300000000001,3903.0
2024-08-23 12:00:00,1.31312,1.3136700000000001,1.31261,1.31278,5002.0
2024-08-23 13:00:00,1.31278,1.31289,1.31109,1.31219,2644.0
2024-08-23 14:00:00,1.31219,1.31308,1.31207,1.31217,3828.0
2024-08-23 15:00:00,1.31217,1.31267,1.31156,1.31197,4489.0
2024-08-23 16:00:00,1.31193,1.3124500000000001,1.31086,1.3124,4666.0
2024-08-23 17:00:00,1.31236,1.32116,1.3122500000000001,1.31884,13194.0
2024-08-23 18:00:00,1.31884,1.32303,1.31841,1.31942,8851.0
2024-08-23 19:00:00,1.31942,1.31999,1.3175,1.31909,6993.0
2024-08-23 20:00:00,1.31909,1.32187,1.3189199999999999,1.32128,5204.0
2024-08-26 00:00:00,1.3199,1.3217400000000001,1.3199,1.3208199999999999,562.0
2024-08-26 01:00:00,1.32083,1.3215,1.32044,1.3211300000000001,1467.0
2024-08-26 02:00:00,1.32115,1.3214299999999999,1.32059,1.3214299999999999,2117.0
2024-08-26 03:00:00,1.3214299999999999,1.32199,1.32084,1.32147,3776.0
2024-08-26 04:00:00,1.32146,1.32224,1.32099,1.3211300000000001,2829.0
2024-08-26 05:00:00,1.3211300000000001,1.32145,1.32065,1.3207,1698.0
2024-08-26 06:00:00,1.32071,1.3210600000000001,1.3202099999999999,1.3203,2133.0
2024-08-26 07:00:00,1.3203,1.32057,1.3199,1.32009,1641.0
2024-08-26 08:00:00,1.32009,1.32024,1.31971,1.32009,2017.0
2024-08-26 09:00:00,1.32009,1.32101,1.3195700000000001,1.32001,3594.0
2024-08-26 10:00:00,1.32,1.3204799999999999,1.319,1.3195000000000001,5113.0
2024-08-26 11:00:00,1.3195000000000001,1.32023,1.31925,1.31979,3914.0
2024-08-26 12:00:00,1.31979,1.32001,1.31878,1.31886,3035.0
2024-08-26 13:00:00,1.31886,1.32002,1.31846,1.3199100000000001,2787.0
2024-08-26 14:00:00,1.3199100000000001,1.32057,1.3180100000000001,1.3189199999999999,4470.0
2024-08-26 15:00:00,1.3189199999999999,1.32053,1.31855,1.32016,5505.0
2024-08-26 16:00:00,1.32015,1.32028,1.31855,1.31871,7285.0
2024-08-26 17:00:00,1.31871,1.32096,1.31806,1.3204,6592.0
2024-08-26 18:00:00,1.3204099999999999,1.32046,1.3183500000000001,1.31851,4830.0
2024-08-26 19:00:00,1.31851,1.31993,1.31807,1.3198699999999999,3118.0
2024-08-26 20:00:00,1.3198699999999999,1.32074,1.31886,1.31943,3874.0
2024-08-26 21:00:00,1.31943,1.31968,1.31866,1.3189899999999999,4228.0
2024-08-26 22:00:00,1.3189899999999999,1.31929,1.31819,1.31849,2491.0
2024-08-26 23:00:00,1.31849,1.31872,1.31823,1.3187,1216.0
2024-08-27 00:00:00,1.31854,1.31885,1.31814,1.3185799999999999,1047.0
2024-08-27 01:00:00,1.3185799999999999,1.319,1.31841,1.31879,1581.0
2024-08-27 02:00:00,1.31879,1.31931,1.31878,1.31916,847.0
2024-08-27 03:00:00,1.31916,1.31921,1.3180100000000001,1.31817,2327.0
2024-08-27 04:00:00,1.31817,1.31952,1.31813,1.31939,2527.0
2024-08-27 05:00:00,1.31939,1.3195299999999999,1.31856,1.31901,1243.0
2024-08-27 06:00:00,1.31901,1.31912,1.3186200000000001,1.31909,1428.0
2024-08-27 07:00:00,1.31909,1.31938,1.31904,1.31931,2835.0
2024-08-27 08:00:00,1.31931,1.32022,1.31915,1.31962,3235.0
2024-08-27 09:00:00,1.31962,1.32057,1.31931,1.3194,3706.0
2024-08-27 10:00:00,1.3194,1.3216,1.31938,1.32003,5997.0
2024-08-27 11:00:00,1.32003,1.32233,1.31986,1.32178,4354.0
2024-08-27 12:00:00,1.32178,1.32469,1.32173,1.32349,5437.0
2024-08-27 13:00:00,1.32349,1.3235000000000001,1.32141,1.32163,3795.0
2024-08-27 14:00:00,1.32163,1.32264,1.32137,1.32206,4192.0
2024-08-27 15:00:00,1.32207,1.32222,1.32038,1.3213,6011.0
2024-08-27 16:00:00,1.3213,1.32317,1.32128,1.32305,6092.0
2024-08-27 17:00:00,1.32305,1.32425,1.3223,1.32344,7799.0
2024-08-27 18:00:00,1.32344,1.32388,1.32234,1.32344,5298.0
2024-08-27 19:00:00,1.32344,1.32366,1.32266,1.32328,3752.0
2024-08-27 20:00:00,1.32329,1.32494,1.3232,1.32487,3886.0
2024-08-27 21:00:00,1.32489,1.3265500000000001,1.32476,1.3259699999999999,4288.0
2024-08-27 22:00:00,1.3259699999999999,1.32625,1.32524,1.3262399999999999,2779.0
2024-08-27 23:00:00,1.32623,1.3266499999999999,1.32598,1.32609,1845.0
2024-08-28 00:00:00,1.32593,1.32619,1.3248199999999999,1.32553,2069.0
2024-08-28 01:00:00,1.32553,1.32622,1.32553,1.3259,846.0
2024-08-28 02:00:00,1.3259,1.32603,1.32553,1.32553,1021.0
2024-08-28 03:00:00,1.32553,1.32598,1.3253599999999999,1.3259699999999999,1849.0
2024-08-28 04:00:00,1.3259699999999999,1.32607,1.32485,1.32503,2920.0
2024-08-28 05:00:00,1.32503,1.32546,1.32447,1.32449,2438.0
2024-08-28 06:00:00,1.32449,1.32485,1.32426,1.32481,1553.0
2024-08-28 07:00:00,1.32481,1.32496,1.32403,1.32416,1600.0
2024-08-28 08:00:00,1.32417,1.32431,1.32233,1.32285,3502.0
2024-08-28 09:00:00,1.32285,1.32305,1.32172,1.3229899999999999,3620.0
2024-08-28 10:00:00,1.3229899999999999,1.32443,1.32294,1.3231899999999999,5105.0
2024-08-28 11:00:00,1.3231899999999999,1.3243800000000001,1.32229,1.32301,5410.0
2024-08-28 12:00:00,1.32302,1.32397,1.32149,1.3223500000000001,4520.0
2024-08-28 13:00:00,1.3223500000000001,1.32257,1.3213599999999999,1.32179,4318.0
2024-08-28 14:00:00,1.32178,1.32266,1.32067,1.32094,4674.0
2024-08-28 15:00:00,1.32095,1.32135,1.3199100000000001,1.32103,6241.0
2024-08-28 16:00:00,1.32103,1.32122,1.31903,1.31955,7631.0
2024-08-28 17:00:00,1.31955,1.32308,1.31941,1.32139,6848.0
2024-08-28 18:00:00,1.32139,1.32158,1.3197,1.32002,5872.0
2024-08-28 19:00:00,1.32002,1.32002,1.31742,1.31857,5086.0
2024-08-28 20:00:00,1.31857,1.31914,1.31685,1.31701,4923.0
2024-08-28 21:00:00,1.31701,1.31872,1.31677,1.31864,3768.0
2024-08-28 22:00:00,1.31864,1.3189,1.31836,1.31842,2481.0
2024-08-28 23:00:00,1.31842,1.31909,1.31834,1.31904,2294.0
2024-08-29 00:00:00,1.31903,1.31932,1.31874,1.31909,587.0
2024-08-29 01:00:00,1.3191,1.31944,1.31897,1.31924,1392.0
2024-08-29 02:00:00,1.31924,1.31945,1.319,1.3193,1188.0
2024-08-29 03:00:00,1.3193,1.32081,1.31929,1.32064,2201.0
2024-08-29 04:00:00,1.32064,1.32119,1.32026,1.32031,3078.0
2024-08-29 05:00:00,1.32031,1.32051,1.3197,1.32032,1638.0
2024-08-29 06:00:00,1.32032,1.32071,1.32006,1.32069,1550.0
2024-08-29 07:00:00,1.32069,1.32124,1.32059,1.32122,1477.0
2024-08-29 08:00:00,1.32122,1.32177,1.32092,1.32161,2199.0
2024-08-29 09:00:00,1.3216,1.3227,1.3214000000000001,1.32191,4060.0
2024-08-29 10:00:00,1.32192,1.32268,1.3210600000000001,1.32205,5179.0
2024-08-29 11:00:00,1.32205,1.32205,1.31684,1.31884,8324.0
2024-08-29 12:00:00,1.31884,1.32025,1.31843,1.3194,4998.0
2024-08-29 13:00:00,1.3194,1.31998,1.31815,1.31936,3927.0
2024-08-29 14:00:00,1.31936,1.31988,1.31799,1.31852,4079.0
2024-08-29 15:00:00,1.31852,1.31852,1.31538,1.3161,7892.0
2024-08-29 16:00:00,1.3161,1.31707,1.31456,1.31608,8043.0
2024-08-29 17:00:00,1.31607,1.31666,1.3146,1.3155700000000001,8508.0
2024-08-29 18:00:00,1.3155700000000001,1.31857,1.31524,1.31847,5499.0
2024-08-29 19:00:00,1.31848,1.31906,1.31775,1.3182800000000001,5185.0
2024-08-29 20:00:00,1.31827,1.31895,1.31772,1.31854,3962.0
2024-08-29 21:00:00,1.31854,1.3186200000000001,1.31635,1.31715,5115.0
2024-08-29 22:00:00,1.31715,1.31754,1.3165200000000001,1.31662,3718.0
2024-08-29 23:00:00,1.31662,1.31712,1.3166,1.3168199999999999,1704.0
2024-08-30 00:00:00,1.31659,1.31691,1.31556,1.31644,1603.0
2024-08-30 01:00:00,1.31644,1.31698,1.3164,1.31659,1081.0
2024-08-30 02:00:00,1.31659,1.31669,1.31638,1.31651,1101.0
2024-08-30 03:00:00,1.31651,1.31714,1.31639,1.3168,2314.0
2024-08-30 04:00:00,1.3168,1.31715,1.31654,1.3165499999999999,2894.0
2024-08-30 05:00:00,1.3165499999999999,1.31664,1.31623,1.31629,1743.0
2024-08-30 06:00:00,1.31629,1.3167200000000001,1.31623,1.3164,1548.0
2024-08-30 07:00:00,1.3164,1.31669,1.31603,1.31644,1921.0
2024-08-30 08:00:00,1.31644,1.3172,1.31643,1.31698,2269.0
2024-08-30 09:00:00,1.31697,1.31771,1.3168199999999999,1.31766,3261.0
2024-08-30 10:00:00,1.31766,1.31983,1.31703,1.3191,4990.0
2024-08-30 11:00:00,1.31909,1.32,1.31825,1.31832,4051.0
2024-08-30 12:00:00,1.3183,1.31895,1.3177400000000001,1.3185,3944.0
2024-08-30 13:00:00,1.31849,1.3185799999999999,1.31691,1.31723,3646.0
2024-08-30 14:00:00,1.31723,1.31824,1.31712,1.31791,3451.0
2024-08-30 15:00:00,1.31791,1.31872,1.31436,1.3155299999999999,6891.0
2024-08-30 16:00:00,1.3155299999999999,1.31567,1.31299,1.3144,7951.0
2024-08-30 17:00:00,1.3143799999999999,1.31643,1.31403,1.3143,9202.0
2024-08-30 18:00:00,1.31429,1.3147,1.31256,1.3131,6766.0
2024-08-30 19:00:00,1.3131,1.31317,1.31098,1.31192,5975.0
2024-08-30 20:00:00,1.31192,1.31243,1.31124,1.31154,4484.0
2024-09-02 00:00:00,1.3128600000000001,1.31295,1.31197,1.31284,405.0
2024-09-02 01:00:00,1.3128600000000001,1.31333,1.3126,1.31311,788.0
2024-09-02 02:00:00,1.31311,1.31333,1.3128199999999999,1.31297,1238.0
2024-09-02 03:00:00,1.31297,1.3138,1.31258,1.31338,2255.0
2024-09-02 04:00:00,1.31338,1.31375,1.31259,1.31265,1945.0
2024-09-02 05:00:00,1.31265,1.31285,1.31202,1.31265,1996.0
2024-09-02 06:00:00,1.31265,1.31336,1.3125499999999999,1.31281,1333.0
2024-09-02 07:00:00,1.31281,1.3128199999999999,1.31234,1.31258,1266.0
2024-09-02 08:00:00,1.31258,1.3134700000000001,1.31227,1.31311,1804.0
2024-09-02 09:00:00,1.31311,1.31456,1.31297,1.3140100000000001,2893.0
2024-09-02 10:00:00,1.3140100000000001,1.31432,1.3131300000000001,1.31345,4431.0
2024-09-02 11:00:00,1.31346,1.31461,1.31311,1.31349,4785.0
2024-09-02 12:00:00,1.31349,1.3143,1.31304,1.31372,3270.0
2024-09-02 13:00:00,1.31371,1.314,1.313,1.3136,3329.0
2024-09-02 14:00:00,1.3136,1.31394,1.31274,1.31297,2989.0
2024-09-02 15:00:00,1.31297,1.31479,1.31295,1.31427,3089.0
2024-09-02 16:00:00,1.3142800000000001,1.31488,1.31389,1.31412,3163.0
2024-09-02 17:00:00,1.31412,1.31551,1.3136,1.3152,3888.0
2024-09-02 18:00:00,1.31517,1.31543,1.31441,1.3145,1794.0
2024-09-02 19:00:00,1.3145,1.31452,1.31359,1.31419,1537.0
2024-09-02 20:00:00,1.31419,1.31445,1.31418,1.31436,427.0
2024-09-02 21:00:00,1.31436,1.31466,1.31436,1.31457,393.0
2024-09-02 22:00:00,1.31457,1.3147199999999999,1.3145,1.3146200000000001,293.0
2024-09-02 23:00:00,1.3146200000000001,1.31477,1.3145,1.3146200000000001,410.0
2024-09-03 00:00:00,1.3141,1.31475,1.31381,1.31442,1109.0
2024-09-03 01:00:00,1.31442,1.3149600000000001,1.31398,1.31398,737.0
2024-09-03 02:00:00,1.31398,1.31421,1.31379,1.31403,897.0
2024-09-03 03:00:00,1.31403,1.31457,1.31341,1.31372,3851.0
2024-09-03 04:00:00,1.31372,1.31445,1.31359,1.31427,2989.0
2024-09-03 05:00:00,1.31427,1.31471,1.31362,1.31372,2040.0
2024-09-03 06:00:00,1.31372,1.31372,1.3127900000000001,1.31291,2902.0
2024-09-03 07:00:00,1.31292,1.31308,1.3123,1.31249,2320.0
2024-09-03 08:00:00,1.31249,1.31267,1.31172,1.31233,2305.0
2024-09-03 09:00:00,1.31232,1.31232,1.31089,1.31185,4724.0
2024-09-03 10:00:00,1.31185,1.31399,1.31185,1.3122099999999999,5686.0
2024-09-03 11:00:00,1.3122,1.31277,1.31173,1.31224,4923.0
2024-09-03 12:00:00,1.31224,1.31244,1.31098,1.31143,4147.0
2024-09-03 13:00:00,1.31143,1.31236,1.31117,1.3115999999999999,4524.0
2024-09-03 14:00:00,1.3115999999999999,1.31283,1.31132,1.31224,4604.0
2024-09-03 15:00:00,1.31223,1.31394,1.3122,1.31307,5682.0
2024-09-03 16:00:00,1.3130600000000001,1.31464,1.31168,1.3124500000000001,6809.0
2024-09-03 17:00:00,1.3124500000000001,1.31322,1.3088600000000001,1.30948,10311.0
2024-09-03 18:00:00,1.30949,1.31045,1.3088600000000001,1.3103,5574.0
2024-09-03 19:00:00,1.31029,1.31081,1.3098,1.31034,4436.0
2024-09-03 20:00:00,1.31033,1.31044,1.30898,1.30914,3445.0
2024-09-03 21:00:00,1.30914,1.3101,1.30877,1.31005,3536.0
2024-09-03 22:00:00,1.3100399999999999,1.3108,1.30997,1.31079,3450.0
2024-09-03 23:00:00,1.31079,1.31168,1.31052,1.31148,1821.0
2024-09-04 00:00:00,1.31128,1.31129,1.3102,1.3106200000000001,736.0
2024-09-04 01:00:00,1.3106200000000001,1.31132,1.31052,1.31112,1199.0
2024-09-04 02:00:00,1.31112,1.31154,1.31093,1.31128,1699.0
2024-09-04 03:00:00,1.31128,1.31147,1.3102800000000001,1.31042,3399.0
2024-09-04 04:00:00,1.31042,1.31154,1.31016,1.31085,3678.0
2024-09-04 05:00:00,1.31085,1.31148,1.31041,1.31085,2798.0
2024-09-04 06:00:00,1.31085,1.3112599999999999,1.31053,1.31114,1424.0
2024-09-04 07:00:00,1.31114,1.3118699999999999,1.31103,1.31176,1382.0
2024-09-04 08:00:00,1.31176,1.3119100000000001,1.31104,1.31127,2905.0
2024-09-04 09:00:00,1.3112599999999999,1.31147,1.3105,1.31091,3839.0
2024-09-04 10:00:00,1.3109199999999999,1.31209,1.3101099999999999,1.31159,6039.0
2024-09-04 11:00:00,1.31159,1.31278,1.31117,1.31209,4690.0
2024-09-04 12:00:00,1.31209,1.31271,1.31162,1.31171,4544.0
2024-09-04 13:00:00,1.31171,1.31207,1.31094,1.3112599999999999,3480.0
2024-09-04 14:00:00,1.3112599999999999,1.31197,1.31103,1.31195,3649.0
2024-09-04 15:00:00,1.31195,1.31246,1.31066,1.31235,4960.0
2024-09-04 16:00:00,1.31236,1.3139,1.31212,1.31357,5597.0
2024-09-04 17:00:00,1.31369,1.31754,1.31355,1.31609,9149.0
2024-09-04 18:00:00,1.31609,1.3162,1.31396,1.31416,5335.0
2024-09-04 19:00:00,1.31417,1.3153000000000001,1.31368,1.31506,4347.0
2024-09-04 20:00:00,1.31504,1.31531,1.31283,1.31301,4410.0
2024-09-04 21:00:00,1.31299,1.31421,1.31274,1.31407,3881.0
2024-09-04 22:00:00,1.31407,1.31488,1.31384,1.3144,3002.0
2024-09-04 23:00:00,1.31439,1.3149,1.31414,1.3148,2030.0
2024-09-05 00:00:00,1.31449,1.31483,1.31365,1.31452,3848.0
2024-09-05 01:00:00,1.31452,1.3149199999999999,1.31447,1.3146200000000001,702.0
2024-09-05 02:00:00,1.3146200000000001,1.31477,1.3143,1.31441,1348.0
2024-09-05 03:00:00,1.31441,1.31464,1.3141,1.31437,3082.0
2024-09-05 04:00:00,1.31437,1.31565,1.31437,1.31494,2868.0
2024-09-05 05:00:00,1.31494,1.31556,1.3148,1.31503,1907.0
2024-09-05 06:00:00,1.31503,1.31514,1.31461,1.3147199999999999,1364.0
2024-09-05 07:00:00,1.3147199999999999,1.31479,1.3143799999999999,1.31476,1560.0
2024-09-05 08:00:00,1.31476,1.31515,1.31466,1.31495,1361.0
2024-09-05 09:00:00,1.31495,1.31567,1.31411,1.31433,3539.0
2024-09-05 10:00:00,1.31433,1.31493,1.31371,1.31479,4379.0
2024-09-05 11:00:00,1.31479,1.3171599999999999,1.3145,1.31695,4773.0
2024-09-05 12:00:00,1.31695,1.31719,1.31561,1.3159100000000001,4603.0
2024-09-05 13:00:00,1.3159100000000001,1.31685,1.3155000000000001,1.31671,2568.0
2024-09-05 14:00:00,1.31671,1.3173599999999999,1.31586,1.31596,4028.0
2024-09-05 15:00:00,1.31596,1.3180100000000001,1.31536,1.31612,7484.0
2024-09-05 16:00:00,1.31612,1.31787,1.31612,1.31746,6791.0
2024-09-05 17:00:00,1.31746,1.31746,1.31513,1.31573,7727.0
2024-09-05 18:00:00,1.31573,1.3165200000000001,1.31538,1.31644,5231.0
2024-09-05 19:00:00,1.31643,1.31769,1.31635,1.31734,4099.0
2024-09-05 20:00:00,1.31734,1.3179699999999999,1.31643,1.31792,3613.0
2024-09-05 21:00:00,1.31792,1.31855,1.31699,1.31722,3599.0
2024-09-05 22:00:00,1.31722,1.31768,1.31684,1.3171,3956.0
2024-09-05 23:00:00,1.3171,1.3182,1.31707,1.31803,2404.0
2024-09-06 00:00:00,1.3177400000000001,1.318,1.31717,1.31785,479.0
2024-09-06 01:00:00,1.31785,1.31788,1.31755,1.31763,742.0
2024-09-06 02:00:00,1.31765,1.31786,1.31755,1.31759,844.0
2024-09-06 03:00:00,1.31759,1.31817,1.31747,1.31784,3011.0
2024-09-06 04:00:00,1.31784,1.3179,1.3173,1.31771,2614.0
2024-09-06 05:00:00,1.31771,1.31793,1.31742,1.31771,2145.0
2024-09-06 06:00:00,1.31771,1.31799,1.31754,1.31771,1264.0
2024-09-06 07:00:00,1.31771,1.3179400000000001,1.31753,1.31787,1734.0
2024-09-06 08:00:00,1.31787,1.31823,1.3172,1.3178,2229.0
2024-09-06 09:00:00,1.3178,1.31886,1.31763,1.31883,3996.0
2024-09-06 10:00:00,1.31883,1.31932,1.31787,1.31818,5316.0
2024-09-06 11:00:00,1.31818,1.31843,1.31662,1.31676,4070.0
2024-09-06 12:00:00,1.3167499999999999,1.31753,1.31598,1.3175,3057.0
2024-09-06 13:00:00,1.3175,1.31765,1.3167200000000001,1.3168,4298.0
2024-09-06 14:00:00,1.3168,1.3178,1.31668,1.31772,3894.0
2024-09-06 15:00:00,1.31772,1.32388,1.31494,1.32101,9813.0
2024-09-06 16:00:00,1.32101,1.32169,1.31514,1.31681,12232.0
2024-09-06 17:00:00,1.3167900000000001,1.31826,1.31482,1.3159399999999999,12472.0
2024-09-06 18:00:00,1.3159399999999999,1.32,1.31272,1.31328,12059.0
2024-09-06 19:00:00,1.31319,1.31327,1.31101,1.31204,7038.0
2024-09-06 20:00:00,1.31203,1.31394,1.31132,1.31326,5649.0
2024-09-09 00:00:00,1.31167,1.31271,1.31122,1.31265,618.0
2024-09-09 01:00:00,1.31265,1.31385,1.31265,1.31344,1584.0
2024-09-09 02:00:00,1.31345,1.3138,1.31312,1.3131599999999999,1552.0
2024-09-09 03:00:00,1.3131599999999999,1.31415,1.31295,1.31303,3100.0
2024-09-09 04:00:00,1.31303,1.31434,1.31303,1.31357,3143.0
2024-09-09 05:00:00,1.31357,1.3136,1.31312,1.31324,1511.0
2024-09-09 06:00:00,1.31324,1.31348,1.31295,1.3130600000000001,1652.0
2024-09-09 07:00:00,1.3130600000000001,1.31332,1.31195,1.31196,1830.0
2024-09-09 08:00:00,1.31196,1.31199,1.31137,1.31155,2080.0
2024-09-09 09:00:00,1.31155,1.3118400000000001,1.31016,1.31024,3618.0
2024-09-09 10:00:00,1.31025,1.31088,1.3091,1.31057,4746.0
2024-09-09 11:00:00,1.31057,1.31082,1.3082799999999999,1.30883,4228.0
2024-09-09 12:00:00,1.30883,1.3100100000000001,1.30856,1.30899,4387.0
2024-09-09 13:00:00,1.30899,1.30899,1.30731,1.30796,3568.0
2024-09-09 14:00:00,1.30796,1.3090600000000001,1.3079100000000001,1.30873,3107.0
2024-09-09 15:00:00,1.30872,1.30969,1.30822,1.30834,3744.0
2024-09-09 16:00:00,1.30834,1.31009,1.30814,1.30941,4865.0
2024-09-09 17:00:00,1.30942,1.3094999999999999,1.30678,1.30783,5554.0
2024-09-09 18:00:00,1.30783,1.30864,1.3069600000000001,1.30823,4848.0
2024-09-09 19:00:00,1.30823,1.3098,1.3082099999999999,1.30973,3326.0
2024-09-09 20:00:00,1.30973,1.31022,1.30834,1.30837,3523.0
2024-09-09 21:00:00,1.30837,1.30862,1.30773,1.30781,2941.0
2024-09-09 22:00:00,1.30782,1.30792,1.3072599999999999,1.30736,3127.0
2024-09-09 23:00:00,1.30735,1.3076699999999999,1.307,1.30727,3417.0
2024-09-10 00:00:00,1.30736,1.30741,1.30684,1.30728,315.0
2024-09-10 01:00:00,1.30728,1.30769,1.3071,1.30725,896.0
2024-09-10 02:00:00,1.30725,1.30747,1.30692,1.30711,773.0
2024-09-10 03:00:00,1.3071,1.30712,1.3058,1.30628,3808.0
2024-09-10 04:00:00,1.30628,1.3068,1.30626,1.30675,2239.0
2024-09-10 05:00:00,1.30676,1.30682,1.30618,1.30664,1368.0
2024-09-10 06:00:00,1.30664,1.30745,1.30664,1.30728,1087.0
2024-09-10 07:00:00,1.30728,1.30775,1.30718,1.3077,874.0
2024-09-10 08:00:00,1.3077,1.3079,1.30735,1.30754,1753.0
2024-09-10 09:00:00,1.30744,1.31014,1.30742,1.31014,4194.0
2024-09-10 10:00:00,1.31014,1.31077,1.30895,1.30896,5048.0
2024-09-10 11:00:00,1.30896,1.30929,1.30803,1.3085499999999999,4913.0
2024-09-10 12:00:00,1.3085499999999999,1.3103099999999999,1.30788,1.30981,5213.0
2024-09-10 13:00:00,1.30983,1.31017,1.3091300000000001,1.30989,3374.0
2024-09-10 14:00:00,1.30989,1.31048,1.3085499999999999,1.30893,3940.0
2024-09-10 15:00:00,1.30892,1.30948,1.30687,1.30704,4964.0
2024-09-10 16:00:00,1.30704,1.30758,1.30536,1.30564,6466.0
2024-09-10 17:00:00,1.30565,1.30598,1.30496,1.30566,6174.0
2024-09-10 18:00:00,1.30566,1.30678,1.30535,1.30649,4744.0
2024-09-10 19:00:00,1.30649,1.30716,1.30565,1.30685,4109.0
2024-09-10 20:00:00,1.30685,1.30763,1.30661,1.3072300000000001,4643.0
2024-09-10 21:00:00,1.3072300000000001,1.30833,1.30701,1.30817,3131.0
2024-09-10 22:00:00,1.3081800000000001,1.30869,1.30797,1.30859,3615.0
2024-09-10 23:00:00,1.30859,1.30863,1.30789,1.30792,2807.0
2024-09-11 00:00:00,1.30798,1.30811,1.30675,1.30778,1993.0
2024-09-11 01:00:00,1.30778,1.30827,1.3075999999999999,1.30808,584.0
2024-09-11 02:00:00,1.30809,1.30847,1.30796,1.30799,647.0
2024-09-11 03:00:00,1.30799,1.3082,1.30715,1.30722,3006.0
2024-09-11 04:00:00,1.30722,1.30921,1.30704,1.30897,3173.0
2024-09-11 05:00:00,1.30897,1.30978,1.3088,1.30885,2366.0
2024-09-11 06:00:00,1.30885,1.3097400000000001,1.3084799999999999,1.3094299999999999,1660.0
2024-09-11 07:00:00,1.3094299999999999,1.31025,1.30929,1.31022,2473.0
2024-09-11 08:00:00,1.31022,1.31112,1.3100800000000001,1.3106499999999999,3123.0
2024-09-11 09:00:00,1.3106,1.3106200000000001,1.30814,1.30868,4517.0
2024-09-11 10:00:00,1.30868,1.30964,1.30777,1.30827,5571.0
2024-09-11 11:00:00,1.30826,1.30878,1.30779,1.30831,3713.0
2024-09-11 12:00:00,1.30831,1.30982,1.3083,1.30861,3673.0
2024-09-11 13:00:00,1.30861,1.3089,1.3075,1.30888,4011.0
2024-09-11 14:00:00,1.30888,1.30946,1.30861,1.30914,3792.0
2024-09-11 15:00:00,1.30914,1.30936,1.30469,1.30617,9396.0
2024-09-11 16:00:00,1.30617,1.3073299999999999,1.30327,1.3033000000000001,8512.0
2024-09-11 17:00:00,1.3033000000000001,1.30358,1.3002,1.3014999999999999,9191.0
2024-09-11 18:00:00,1.3014999999999999,1.30302,1.30142,1.30236,6799.0
2024-09-11 19:00:00,1.30236,1.30386,1.30206,1.3036699999999999,6409.0
2024-09-11 20:00:00,1.3036699999999999,1.3047900000000001,1.30356,1.30453,4794.0
2024-09-11 21:00:00,1.3045200000000001,1.30502,1.30429,1.30439,4171.0
2024-09-11 22:00:00,1.30439,1.30498,1.3039399999999999,1.30436,3616.0
2024-09-11 23:00:00,1.30436,1.30453,1.30409,1.30431,3321.0
2024-09-12 00:00:00,1.30426,1.30461,1.3039399999999999,1.3043,613.0
2024-09-12 01:00:00,1.3043,1.30456,1.3042,1.30433,633.0
2024-09-12 02:00:00,1.30434,1.3044,1.30379,1.30383,1001.0
2024-09-12 03:00:00,1.30382,1.3039399999999999,1.30341,1.30345,2452.0
2024-09-12 04:00:00,1.30345,1.30399,1.30328,1.30372,3382.0
2024-09-12 05:00:00,1.30372,1.30403,1.30322,1.30374,1712.0
2024-09-12 06:00:00,1.30373,1.30432,1.30373,1.30431,1104.0
2024-09-12 07:00:00,1.30431,1.3049,1.30427,1.30488,1643.0
2024-09-12 08:00:00,1.30487,1.3054299999999999,1.3047,1.30542,1717.0
2024-09-12 09:00:00,1.30542,1.30567,1.3043,1.30437,3100.0
2024-09-12 10:00:00,1.30437,1.30531,1.30377,1.3039100000000001,4680.0
2024-09-12 11:00:00,1.30392,1.3051300000000001,1.30327,1.30474,4751.0
2024-09-12 12:00:00,1.30474,1.30578,1.30471,1.30512,3363.0
2024-09-12 13:00:00,1.30512,1.30606,1.30497,1.3051300000000001,3830.0
2024-09-12 14:00:00,1.30512,1.30531,1.30382,1.30383,3675.0
2024-09-12 15:00:00,1.30383,1.30623,1.30377,1.3054000000000001,7839.0
2024-09-12 16:00:00,1.3054000000000001,1.30674,1.30503,1.30576,8636.0
2024-09-12 17:00:00,1.30572,1.30847,1.3052000000000001,1.3079,6864.0
2024-09-12 18:00:00,1.3079,1.3084,1.3073000000000001,1.30803,5212.0
2024-09-12 19:00:00,1.30803,1.3094999999999999,1.308,1.30921,4339.0
2024-09-12 20:00:00,1.30921,1.31017,1.30857,1.3100100000000001,4499.0
2024-09-12 21:00:00,1.3100100000000001,1.31084,1.3094999999999999,1.3103500000000001,5580.0
2024-09-12 22:00:00,1.3103500000000001,1.31198,1.31025,1.31185,4671.0
2024-09-12 23:00:00,1.31185,1.31271,1.31152,1.31256,4634.0
2024-09-13 00:00:00,1.31237,1.31258,1.31193,1.31244,305.0
2024-09-13 01:00:00,1.31244,1.31268,1.31238,1.3125,960.0
2024-09-13 02:00:00,1.3125,1.31332,1.3125,1.31327,1146.0
2024-09-13 03:00:00,1.31327,1.3146,1.3131300000000001,1.31453,2433.0
2024-09-13 04:00:00,1.31453,1.3149199999999999,1.3137699999999999,1.3140399999999999,3498.0
2024-09-13 05:00:00,1.31405,1.3149,1.31383,1.31441,2730.0
2024-09-13 06:00:00,1.3144,1.3149899999999999,1.31417,1.3148900000000001,2344.0
2024-09-13 07:00:00,1.3148900000000001,1.3151,1.31457,1.31474,1910.0
2024-09-13 08:00:00,1.31473,1.31482,1.31406,1.31442,2533.0
2024-09-13 09:00:00,1.31442,1.31488,1.31278,1.31341,4227.0
2024-09-13 10:00:00,1.31341,1.31497,1.3124500000000001,1.31461,4426.0
2024-09-13 11:00:00,1.31461,1.31483,1.31345,1.3143500000000001,4127.0
2024-09-13 12:00:00,1.3143500000000001,1.3152300000000001,1.31351,1.31353,4235.0
2024-09-13 13:00:00,1.31353,1.3137400000000001,1.31223,1.31267,5104.0
2024-09-13 14:00:00,1.31267,1.31288,1.31162,1.31219,4939.0
2024-09-13 15:00:00,1.31219,1.3139,1.3115,1.31375,5736.0
2024-09-13 16:00:00,1.31375,1.31536,1.31369,1.3149199999999999,6735.0
2024-09-13 17:00:00,1.315,1.31579,1.31338,1.31543,7662.0
2024-09-13 18:00:00,1.31544,1.31547,1.31358,1.31394,5453.0
2024-09-13 19:00:00,1.31394,1.31396,1.31233,1.31312,4382.0
2024-09-13 20:00:00,1.31312,1.31345,1.31241,1.31253,3179.0
2024-09-16 00:00:00,1.31212,1.3122,1.31182,1.31208,326.0
2024-09-16 01:00:00,1.31195,1.31349,1.31195,1.31333,1909.0
2024-09-16 02:00:00,1.31333,1.31371,1.31307,1.31353,967.0
2024-09-16 03:00:00,1.31353,1.3143500000000001,1.31352,1.31414,1824.0
2024-09-16 04:00:00,1.31414,1.31444,1.3139,1.31403,1695.0
2024-09-16 05:00:00,1.31403,1.3148,1.31384,1.31453,1973.0
2024-09-16 06:00:00,1.31454,1.31634,1.31432,1.316,2692.0
2024-09-16 07:00:00,1.316,1.31612,1.31529,1.3153299999999999,1877.0
2024-09-16 08:00:00,1.31532,1.3158,1.31528,1.31551,1660.0
2024-09-16 09:00:00,1.31551,1.31708,1.31549,1.31694,3599.0
2024-09-16 10:00:00,1.31694,1.3174000000000001,1.31589,1.3171,4479.0
2024-09-16 11:00:00,1.3171,1.31931,1.31697,1.31882,4796.0
2024-09-16 12:00:00,1.31884,1.31951,1.31829,1.3189899999999999,4546.0
2024-09-16 13:00:00,1.3189899999999999,1.3204,1.31897,1.31932,3640.0
2024-09-16 14:00:00,1.31933,1.3201100000000001,1.31916,1.32001,3633.0
2024-09-16 15:00:00,1.32001,1.32093,1.31877,1.3198400000000001,5391.0
2024-09-16 16:00:00,1.31983,1.3214299999999999,1.31967,1.32053,6006.0
2024-09-16 17:00:00,1.32053,1.3207900000000001,1.31956,1.31993,5971.0
2024-09-16 18:00:00,1.31993,1.32088,1.31914,1.3201100000000001,4703.0
2024-09-16 19:00:00,1.3201,1.32091,1.31949,1.32073,4019.0
2024-09-16 20:00:00,1.32073,1.32083,1.31975,1.32073,3273.0
2024-09-16 21:00:00,1.32073,1.32105,1.3201800000000001,1.3207200000000001,3101.0
2024-09-16 22:00:00,1.32073,1.32137,1.32035,1.32128,3115.0
2024-09-16 23:00:00,1.32128,1.32183,1.3212,1.32153,2016.0
2024-09-17 00:00:00,1.32158,1.32162,1.32087,1.3213599999999999,824.0
2024-09-17 01:00:00,1.3213599999999999,1.32172,1.32084,1.32088,896.0
2024-09-17 02:00:00,1.32089,1.32111,1.32051,1.32103,1418.0
2024-09-17 03:00:00,1.32103,1.32112,1.32003,1.3202,2018.0
2024-09-17 04:00:00,1.3202,1.32108,1.3201399999999999,1.32103,3068.0
2024-09-17 05:00:00,1.32105,1.32119,1.32047,1.32062,1924.0
2024-09-17 06:00:00,1.32062,1.32085,1.32027,1.32029,1468.0
2024-09-17 07:00:00,1.32029,1.32036,1.32003,1.32032,2377.0
2024-09-17 08:00:00,1.32032,1.32102,1.32003,1.32051,2107.0
2024-09-17 09:00:00,1.32051,1.32161,1.32036,1.3205200000000001,3653.0
2024-09-17 10:00:00,1.3205200000000001,1.32187,1.3198699999999999,1.32173,4683.0
2024-09-17 11:00:00,1.32173,1.32298,1.32088,1.32282,3720.0
2024-09-17 12:00:00,1.32281,1.32291,1.32179,1.32213,4331.0
2024-09-17 13:00:00,1.32213,1.32252,1.32098,1.32115,3399.0
2024-09-17 14:00:00,1.32115,1.32247,1.32073,1.32207,3225.0
2024-09-17 15:00:00,1.32207,1.32253,1.31996,1.3210600000000001,7955.0
2024-09-17 16:00:00,1.32107,1.32131,1.31842,1.31882,8117.0
2024-09-17 17:00:00,1.31883,1.3204,1.31798,1.31867,7573.0
2024-09-17 18:00:00,1.31867,1.31874,1.31586,1.31634,5329.0
2024-09-17 19:00:00,1.31634,1.31647,1.31524,1.3158,4359.0
2024-09-17 20:00:00,1.3158,1.31605,1.3146200000000001,1.31578,4716.0
2024-09-17 21:00:00,1.31578,1.31671,1.31551,1.31661,3778.0
2024-09-17 22:00:00,1.31661,1.31694,1.31547,1.31628,3650.0
2024-09-17 23:00:00,1.31627,1.3164500000000001,1.31558,1.31593,4567.0
2024-09-18 00:00:00,1.31606,1.31606,1.31508,1.31578,1069.0
2024-09-18 01:00:00,1.31578,1.31625,1.31571,1.3161800000000001,876.0
2024-09-18 02:00:00,1.3161800000000001,1.31683,1.31616,1.31673,783.0
2024-09-18 03:00:00,1.31673,1.3171300000000001,1.31638,1.31688,2576.0
2024-09-18 04:00:00,1.31688,1.31724,1.31649,1.31678,2558.0
2024-09-18 05:00:00,1.31678,1.3169,1.3161399999999999,1.31657,1533.0
2024-09-18 06:00:00,1.31657,1.31673,1.31629,1.3164799999999999,1684.0
2024-09-18 07:00:00,1.3164799999999999,1.31653,1.31581,1.3159100000000001,1608.0
2024-09-18 08:00:00,1.3159100000000001,1.31609,1.31565,1.31582,1534.0
2024-09-18 09:00:00,1.31578,1.3183500000000001,1.31578,1.3183099999999999,4743.0
2024-09-18 10:00:00,1.3183,1.31999,1.31814,1.31983,4850.0
2024-09-18 11:00:00,1.31983,1.3212,1.31951,1.32058,4902.0
2024-09-18 12:00:00,1.32058,1.32271,1.3204799999999999,1.32254,3888.0
2024-09-18 13:00:00,1.32252,1.32276,1.32111,1.32116,3605.0
2024-09-18 14:00:00,1.32116,1.32154,1.3209,1.3210600000000001,3475.0
2024-09-18 15:00:00,1.3210600000000001,1.32184,1.32056,1.32184,4396.0
2024-09-18 16:00:00,1.32185,1.32541,1.32184,1.32368,6340.0
2024-09-18 17:00:00,1.32368,1.32417,1.3206,1.32117,5781.0
2024-09-18 18:00:00,1.32117,1.32172,1.3195299999999999,1.31981,4547.0
2024-09-18 19:00:00,1.31981,1.32107,1.3197,1.3210600000000001,3433.0
2024-09-18 20:00:00,1.3210600000000001,1.32144,1.31988,1.32088,5391.0
2024-09-18 21:00:00,1.3208,1.32979,1.3203,1.32477,17231.0
2024-09-18 22:00:00,1.32476,1.32476,1.31754,1.31881,15654.0
2024-09-18 23:00:00,1.31876,1.32132,1.3186,1.32123,9997.0
2024-09-19 00:00:00,1.32134,1.32134,1.31906,1.32066,1186.0
2024-09-19 01:00:00,1.32066,1.32182,1.32037,1.32161,1811.0
2024-09-19 02:00:00,1.32161,1.32163,1.31962,1.32031,2619.0
2024-09-19 03:00:00,1.32031,1.32085,1.31686,1.31712,5771.0
2024-09-19 04:00:00,1.31712,1.31756,1.31537,1.31721,5079.0
2024-09-19 05:00:00,1.31721,1.31968,1.31721,1.31927,4795.0
2024-09-19 06:00:00,1.31924,1.32139,1.3188900000000001,1.3210899999999999,3027.0
2024-09-19 07:00:00,1.3210899999999999,1.32114,1.3201,1.32092,2585.0
2024-09-19 08:00:00,1.32092,1.32251,1.32086,1.32247,3483.0
2024-09-19 09:00:00,1.32247,1.32561,1.3223500000000001,1.32558,6255.0
2024-09-19 10:00:00,1.32559,1.32587,1.32407,1.3247200000000001,7340.0
2024-09-19 11:00:00,1.3247200000000001,1.32651,1.32453,1.32635,5463.0
2024-09-19 12:00:00,1.32636,1.3287499999999999,1.32635,1.32832,6478.0
2024-09-19 13:00:00,1.32832,1.3285,1.32602,1.32644,4975.0
2024-09-19 14:00:00,1.32629,1.33142,1.3260100000000001,1.32855,7625.0
2024-09-19 15:00:00,1.32854,1.32911,1.324,1.32401,8463.0
2024-09-19 16:00:00,1.32402,1.3262,1.32199,1.32334,8699.0
2024-09-19 17:00:00,1.32332,1.3253599999999999,1.32225,1.32496,8743.0
2024-09-19 18:00:00,1.32496,1.32796,1.32461,1.32792,6984.0
2024-09-19 19:00:00,1.32792,1.32895,1.32774,1.3281399999999999,5010.0
2024-09-19 20:00:00,1.32815,1.32864,1.32762,1.32846,4434.0
2024-09-19 21:00:00,1.32846,1.32894,1.32802,1.32824,5545.0
2024-09-19 22:00:00,1.32824,1.32834,1.32739,1.3282,4841.0
2024-09-19 23:00:00,1.3282,1.32863,1.32789,1.3284500000000001,3933.0
2024-09-20 00:00:00,1.32828,1.32842,1.3274,1.32815,309.0
2024-09-20 01:00:00,1.32815,1.32835,1.32781,1.32794,1254.0
2024-09-20 02:00:00,1.32794,1.3281800000000001,1.32766,1.32813,1712.0
2024-09-20 03:00:00,1.32813,1.32828,1.3271899999999999,1.3277700000000001,3428.0
2024-09-20 04:00:00,1.3277700000000001,1.32836,1.3274599999999999,1.3281,2767.0
2024-09-20 05:00:00,1.32809,1.32878,1.32789,1.32869,2624.0
2024-09-20 06:00:00,1.32869,1.33017,1.32868,1.3294000000000001,3268.0
2024-09-20 07:00:00,1.3294000000000001,1.32983,1.32914,1.3293,2024.0
2024-09-20 08:00:00,1.3293,1.32973,1.32871,1.3293,2529.0
2024-09-20 09:00:00,1.3294000000000001,1.3331,1.3294000000000001,1.33258,6560.0
2024-09-20 10:00:00,1.33258,1.33404,1.33086,1.33124,7647.0
2024-09-20 11:00:00,1.33124,1.33169,1.329,1.3301,6032.0
2024-09-20 12:00:00,1.3301,1.3306200000000001,1.32857,1.3294000000000001,4148.0
2024-09-20 13:00:00,1.3294000000000001,1.3296999999999999,1.32816,1.32844,3678.0
2024-09-20 14:00:00,1.32844,1.3300100000000001,1.3281,1.32998,4681.0
2024-09-20 15:00:00,1.32998,1.33233,1.32998,1.33208,4975.0
2024-09-20 16:00:00,1.33208,1.33236,1.3281100000000001,1.32829,7085.0
2024-09-20 17:00:00,1.32829,1.32945,1.3273,1.32809,6997.0
2024-09-20 18:00:00,1.32809,1.3307,1.3268499999999999,1.33046,8179.0
2024-09-20 19:00:00,1.33046,1.33318,1.33027,1.33264,6570.0
2024-09-20 20:00:00,1.33264,1.3327499999999999,1.33095,1.33129,5032.0
2024-09-23 00:00:00,1.3311,1.33176,1.3305500000000001,1.33161,1300.0
2024-09-23 01:00:00,1.33161,1.33231,1.33141,1.33183,1108.0
2024-09-23 02:00:00,1.33183,1.33197,1.3312,1.3312,1057.0
2024-09-23 03:00:00,1.33121,1.33148,1.33087,1.3311,2061.0
2024-09-23 04:00:00,1.3311,1.33171,1.33084,1.33121,2441.0
2024-09-23 05:00:00,1.33122,1.3314300000000001,1.33081,1.33134,1714.0
2024-09-23 06:00:00,1.33134,1.332,1.3309,1.33094,1421.0
2024-09-23 07:00:00,1.33094,1.33185,1.33072,1.33164,1305.0
2024-09-23 08:00:00,1.33164,1.332,1.3314,1.33169,1739.0
2024-09-23 09:00:00,1.3317,1.3320400000000001,1.3306200000000001,1.33071,4338.0
2024-09-23 10:00:00,1.33071,1.33087,1.3260399999999999,1.3262800000000001,8611.0
2024-09-23 11:00:00,1.32627,1.32743,1.32485,1.32717,6528.0
2024-09-23 12:00:00,1.32717,1.32907,1.32714,1.3287,5200.0
2024-09-23 13:00:00,1.3287,1.3305799999999999,1.32866,1.33002,3952.0
2024-09-23 14:00:00,1.3300100000000001,1.3318699999999999,1.32999,1.33127,4220.0
2024-09-23 15:00:00,1.33127,1.33295,1.32999,1.3327499999999999,5788.0
2024-09-23 16:00:00,1.33274,1.33361,1.33128,1.33349,6992.0
2024-09-23 17:00:00,1.33349,1.3356,1.33271,1.33509,7697.0
2024-09-23 18:00:00,1.33509,1.33594,1.33396,1.3351,5776.0
2024-09-23 19:00:00,1.33509,1.33509,1.33377,1.33434,5607.0
2024-09-23 20:00:00,1.33435,1.33544,1.33373,1.33468,3774.0
2024-09-23 21:00:00,1.33468,1.33526,1.33435,1.33472,3481.0
2024-09-23 22:00:00,1.33472,1.33487,1.3343,1.33473,3759.0
2024-09-23 23:00:00,1.33474,1.33505,1.3342399999999999,1.33479,3325.0
2024-09-24 00:00:00,1.33464,1.33473,1.3336299999999999,1.3345,1082.0
2024-09-24 01:00:00,1.33454,1.33501,1.3345099999999999,1.33467,714.0
2024-09-24 02:00:00,1.33467,1.33494,1.3343099999999999,1.3348900000000001,1011.0
2024-09-24 03:00:00,1.3348900000000001,1.3354300000000001,1.3342800000000001,1.33445,3289.0
2024-09-24 04:00:00,1.33446,1.3357299999999999,1.33437,1.33488,3927.0
2024-09-24 05:00:00,1.33488,1.33488,1.33403,1.33463,2694.0
2024-09-24 06:00:00,1.33463,1.33556,1.33463,1.33532,2841.0
2024-09-24 07:00:00,1.33532,1.33583,1.3348200000000001,1.33581,2961.0
2024-09-24 08:00:00,1.33581,1.33664,1.33533,1.3354,4473.0
2024-09-24 09:00:00,1.3354,1.33658,1.33319,1.33515,6164.0
2024-09-24 10:00:00,1.33515,1.33603,1.33423,1.33495,5857.0
2024-09-24 11:00:00,1.33494,1.33813,1.33494,1.33772,5670.0
2024-09-24 12:00:00,1.33772,1.3383099999999999,1.33703,1.33766,4203.0
2024-09-24 13:00:00,1.33766,1.33814,1.33669,1.33673,4313.0
2024-09-24 14:00:00,1.33673,1.33712,1.33591,1.3370199999999999,4104.0
2024-09-24 15:00:00,1.3370199999999999,1.33898,1.33701,1.3387,5760.0
2024-09-24 16:00:00,1.33871,1.33941,1.3372899999999999,1.33802,6581.0
2024-09-24 17:00:00,1.338,1.3399,1.33791,1.33896,7986.0
2024-09-24 18:00:00,1.33896,1.33949,1.33678,1.33753,6237.0
2024-09-24 19:00:00,1.33753,1.33968,1.33753,1.33905,5060.0
2024-09-24 20:00:00,1.33905,1.33986,1.3388,1.33966,3918.0
2024-09-24 21:00:00,1.33966,1.3400699999999999,1.33933,1.34006,3754.0
2024-09-24 22:00:00,1.34005,1.34152,1.33985,1.34148,3693.0
2024-09-24 23:00:00,1.34149,1.34158,1.34108,1.3413,2717.0
2024-09-25 00:00:00,1.34124,1.34128,1.3407,1.34104,307.0
2024-09-25 01:00:00,1.34104,1.3422100000000001,1.3409499999999999,1.34216,927.0
2024-09-25 02:00:00,1.34216,1.34276,1.34177,1.34269,1167.0
2024-09-25 03:00:00,1.34269,1.34298,1.34177,1.34236,3757.0
2024-09-25 04:00:00,1.34236,1.34249,1.34107,1.34146,4531.0
2024-09-25 05:00:00,1.34146,1.3422100000000001,1.3412899999999999,1.34181,2490.0
2024-09-25 06:00:00,1.34181,1.34249,1.34141,1.3423,1867.0
2024-09-25 07:00:00,1.3423,1.34239,1.34137,1.34176,1793.0
2024-09-25 08:00:00,1.34176,1.34186,1.34066,1.3409499999999999,2808.0
2024-09-25 09:00:00,1.3409499999999999,1.34139,1.33921,1.33985,5392.0
2024-09-25 10:00:00,1.33986,1.34066,1.3383099999999999,1.33895,6669.0
2024-09-25 11:00:00,1.33895,1.33938,1.33757,1.3379400000000001,5750.0
2024-09-25 12:00:00,1.3379400000000001,1.33829,1.33698,1.3372,5190.0
2024-09-25 13:00:00,1.33719,1.33772,1.3364099999999999,1.33682,4134.0
2024-09-25 14:00:00,1.33682,1.33762,1.33662,1.33759,4583.0
2024-09-25 15:00:00,1.33759,1.33964,1.33758,1.33957,6942.0
2024-09-25 16:00:00,1.33956,1.34127,1.33948,1.33969,7387.0
2024-09-25 17:00:00,1.33969,1.34025,1.33662,1.3374,7958.0
2024-09-25 18:00:00,1.33744,1.33782,1.3335,1.33381,7235.0
2024-09-25 19:00:00,1.33382,1.33419,1.33277,1.33328,5126.0
2024-09-25 20:00:00,1.33328,1.3333,1.33148,1.33303,5255.0
2024-09-25 21:00:00,1.33303,1.33327,1.33195,1.3320699999999999,5509.0
2024-09-25 22:00:00,1.3320699999999999,1.33235,1.33129,1.33161,4772.0
2024-09-25 23:00:00,1.3316,1.33227,1.3312599999999999,1.33226,4065.0
2024-09-26 00:00:00,1.33217,1.33225,1.33158,1.3320699999999999,1043.0
2024-09-26 01:00:00,1.3320699999999999,1.3323800000000001,1.33181,1.33206,1185.0
2024-09-26 02:00:00,1.33206,1.33222,1.33134,1.3314,1404.0
2024-09-26 03:00:00,1.33139,1.33288,1.33127,1.33279,2585.0
2024-09-26 04:00:00,1.33279,1.33372,1.3321100000000001,1.33341,2584.0
2024-09-26 05:00:00,1.33341,1.3336700000000001,1.33277,1.33358,1981.0
2024-09-26 06:00:00,1.33358,1.33408,1.33353,1.33388,2242.0
2024-09-26 07:00:00,1.33388,1.3342800000000001,1.33347,1.33396,1620.0
2024-09-26 08:00:00,1.33396,1.33493,1.33376,1.33481,2986.0
2024-09-26 09:00:00,1.3348,1.33495,1.3342800000000001,1.33462,3863.0
2024-09-26 10:00:00,1.33462,1.3357999999999999,1.33414,1.33444,5789.0
2024-09-26 11:00:00,1.33443,1.3356,1.33344,1.3351199999999999,6616.0
2024-09-26 12:00:00,1.3351199999999999,1.3367,1.33494,1.3357299999999999,4435.0
2024-09-26 13:00:00,1.3357299999999999,1.33798,1.33506,1.33793,5833.0
2024-09-26 14:00:00,1.33793,1.3389199999999999,1.33715,1.33743,4960.0
2024-09-26 15:00:00,1.33743,1.33832,1.3353,1.33724,8299.0
2024-09-26 16:00:00,1.33724,1.33766,1.33511,1.33664,9278.0
2024-09-26 17:00:00,1.33664,1.34,1.33513,1.3395000000000001,9803.0
2024-09-26 18:00:00,1.33949,1.3434300000000001,1.33914,1.3428499999999999,7183.0
2024-09-26 19:00:00,1.3428499999999999,1.3428499999999999,1.34051,1.34097,6375.0
2024-09-26 20:00:00,1.34097,1.34214,1.34087,1.34183,6126.0
2024-09-26 21:00:00,1.34184,1.3425,1.3410199999999999,1.3419699999999999,4487.0
2024-09-26 22:00:00,1.3419699999999999,1.34256,1.34111,1.34148,4305.0
2024-09-26 23:00:00,1.34149,1.34158,1.34107,1.34152,5333.0
2024-09-27 00:00:00,1.34149,1.3416000000000001,1.34016,1.34128,1190.0
2024-09-27 01:00:00,1.34128,1.3415599999999999,1.34118,1.34124,934.0
2024-09-27 02:00:00,1.34124,1.34127,1.34064,1.34107,1391.0
2024-09-27 03:00:00,1.34107,1.34108,1.33976,1.33986,3027.0
2024-09-27 04:00:00,1.33986,1.34017,1.33863,1.33895,3730.0
2024-09-27 05:00:00,1.33895,1.33948,1.3385099999999999,1.33932,2781.0
2024-09-27 06:00:00,1.33932,1.3397999999999999,1.33921,1.33931,2212.0
2024-09-27 07:00:00,1.33931,1.33935,1.33805,1.3385500000000001,2449.0
2024-09-27 08:00:00,1.3385500000000001,1.33891,1.33752,1.3382800000000001,4545.0
2024-09-27 09:00:00,1.3382800000000001,1.33968,1.33784,1.33896,6894.0
2024-09-27 10:00:00,1.33893,1.339,1.33606,1.33673,7077.0
2024-09-27 11:00:00,1.33673,1.33768,1.336,1.33741,4727.0
2024-09-27 12:00:00,1.33741,1.33862,1.3370600000000001,1.33832,3674.0
2024-09-27 13:00:00,1.33832,1.33978,1.33789,1.33884,4767.0
2024-09-27 14:00:00,1.33884,1.3396,1.33864,1.3388200000000001,5052.0
2024-09-27 15:00:00,1.3388200000000001,1.34265,1.33801,1.34246,7960.0
2024-09-27 16:00:00,1.34246,1.34277,1.33981,1.34045,7898.0
2024-09-27 17:00:00,1.34045,1.34228,1.33965,1.3408,7615.0
2024-09-27 18:00:00,1.3408,1.34091,1.33908,1.33938,6808.0
2024-09-27 19:00:00,1.33937,1.33962,1.33799,1.33834,6097.0
2024-09-27 20:00:00,1.33834,1.3388499999999999,1.3376000000000001,1.33816,4807.0
2024-09-30 00:00:00,1.33686,1.3373599999999999,1.3366,1.33703,758.0
2024-09-30 01:00:00,1.33703,1.33837,1.33697,1.33805,1143.0
2024-09-30 02:00:00,1.33806,1.3384,1.33793,1.33826,1179.0
2024-09-30 03:00:00,1.33826,1.33847,1.33798,1.33827,2769.0
2024-09-30 04:00:00,1.3382800000000001,1.33897,1.33766,1.33813,3524.0
2024-09-30 05:00:00,1.33813,1.33823,1.33738,1.33808,3652.0
2024-09-30 06:00:00,1.33809,1.33844,1.33781,1.33844,1751.0
2024-09-30 07:00:00,1.33844,1.33891,1.33843,1.3388200000000001,1531.0
2024-09-30 08:00:00,1.3388200000000001,1.33967,1.3388,1.33903,3055.0
2024-09-30 09:00:00,1.33903,1.33926,1.33796,1.3384800000000001,3830.0
2024-09-30 10:00:00,1.3384800000000001,1.33994,1.33744,1.33987,6112.0
2024-09-30 11:00:00,1.33987,1.34233,1.33913,1.34181,6621.0
2024-09-30 12:00:00,1.34181,1.34182,1.3394,1.3394300000000001,5060.0
2024-09-30 13:00:00,1.3394300000000001,1.3407,1.33857,1.3406799999999999,3317.0
2024-09-30 14:00:00,1.3406799999999999,1.34174,1.34001,1.34025,3329.0
2024-09-30 15:00:00,1.34025,1.3406,1.33814,1.33866,4766.0
2024-09-30 16:00:00,1.33866,1.33968,1.33769,1.33843,7123.0
2024-09-30 17:00:00,1.33844,1.3416000000000001,1.33601,1.3412600000000001,8708.0
2024-09-30 18:00:00,1.3412600000000001,1.34172,1.33869,1.33975,6995.0
2024-09-30 19:00:00,1.33975,1.3407499999999999,1.33906,1.34022,5344.0
2024-09-30 20:00:00,1.34022,1.34084,1.33959,1.33962,4172.0
2024-09-30 21:00:00,1.33961,1.33978,1.33501,1.33752,9745.0
2024-09-30 22:00:00,1.33753,1.33776,1.33557,1.33712,5324.0
2024-09-30 23:00:00,1.33713,1.3376299999999999,1.3367499999999999,1.33761,3393.0
2024-10-01 00:00:00,1.33742,1.33766,1.33626,1.3372600000000001,623.0
2024-10-01 01:00:00,1.3372600000000001,1.33808,1.33715,1.33804,1290.0
2024-10-01 02:00:00,1.33805,1.33825,1.33741,1.33775,1358.0
2024-10-01 03:00:00,1.33775,1.33786,1.33692,1.33752,5987.0
2024-10-01 04:00:00,1.33752,1.33894,1.33728,1.33891,3514.0
2024-10-01 05:00:00,1.33891,1.33893,1.33789,1.33798,2256.0
2024-10-01 06:00:00,1.33798,1.33816,1.33705,1.33709,3886.0
2024-10-01 07:00:00,1.33709,1.33809,1.33685,1.33807,4086.0
2024-10-01 08:00:00,1.33807,1.3385099999999999,1.33714,1.33734,3818.0
2024-10-01 09:00:00,1.33734,1.33849,1.33624,1.33677,5082.0
2024-10-01 10:00:00,1.33677,1.33773,1.33344,1.33383,8088.0
2024-10-01 11:00:00,1.3338700000000001,1.3349199999999999,1.33262,1.33316,6110.0
2024-10-01 12:00:00,1.33317,1.33389,1.33226,1.33254,5565.0
2024-10-01 13:00:00,1.33254,1.3326500000000001,1.33111,1.33237,4346.0
2024-10-01 14:00:00,1.33237,1.3332600000000001,1.33114,1.33203,5663.0
2024-10-01 15:00:00,1.3320400000000001,1.33285,1.33168,1.33185,6612.0
2024-10-01 16:00:00,1.33185,1.33276,1.32926,1.3305,8588.0
2024-10-01 17:00:00,1.33041,1.33221,1.32859,1.32887,11330.0
2024-10-01 18:00:00,1.32887,1.32905,1.32639,1.32794,7836.0
2024-10-01 19:00:00,1.32793,1.32829,1.32459,1.32547,7305.0
2024-10-01 20:00:00,1.32549,1.3269,1.32373,1.3268900000000001,7812.0
2024-10-01 21:00:00,1.3268900000000001,1.32864,1.3268900000000001,1.32843,5863.0
2024-10-01 22:00:00,1.32843,1.32904,1.32778,1.3280699999999999,5041.0
2024-10-01 23:00:00,1.3280699999999999,1.32863,1.3278400000000001,1.3284500000000001,6390.0
2024-10-02 00:00:00,1.32855,1.32863,1.32798,1.32824,415.0
2024-10-02 01:00:00,1.32824,1.32861,1.32785,1.32789,982.0
2024-10-02 02:00:00,1.32789,1.32798,1.32722,1.32745,1772.0
2024-10-02 03:00:00,1.32745,1.32858,1.32745,1.32769,2833.0
2024-10-02 04:00:00,1.32769,1.32959,1.32769,1.3293,4079.0
2024-10-02 05:00:00,1.3293,1.3296000000000001,1.3281100000000001,1.3284099999999999,3010.0
2024-10-02 06:00:00,1.3284099999999999,1.3288,1.32815,1.32859,2677.0
2024-10-02 07:00:00,1.32859,1.32913,1.32679,1.32697,2468.0
2024-10-02 08:00:00,1.32697,1.32748,1.32607,1.3272300000000001,4542.0
2024-10-02 09:00:00,1.3272300000000001,1.32874,1.32677,1.3283,4460.0
2024-10-02 10:00:00,1.32833,1.33009,1.32833,1.32882,6731.0
2024-10-02 11:00:00,1.32881,1.33056,1.3284,1.32969,4427.0
2024-10-02 12:00:00,1.32968,1.32977,1.32828,1.32922,4234.0
2024-10-02 13:00:00,1.32922,1.32961,1.32771,1.32778,5039.0
2024-10-02 14:00:00,1.32778,1.32954,1.32754,1.32937,4577.0
2024-10-02 15:00:00,1.32937,1.32965,1.32734,1.32736,6459.0
2024-10-02 16:00:00,1.32743,1.32834,1.32531,1.3264,6591.0
2024-10-02 17:00:00,1.3264,1.32748,1.32488,1.32503,8073.0
2024-10-02 18:00:00,1.32503,1.32738,1.32459,1.32704,6295.0
2024-10-02 19:00:00,1.32704,1.32786,1.32671,1.32712,5033.0
2024-10-02 20:00:00,1.32712,1.3275299999999999,1.32641,1.32707,5116.0
2024-10-02 21:00:00,1.32707,1.32728,1.32602,1.32612,3911.0
2024-10-02 22:00:00,1.32612,1.32735,1.32584,1.32713,3220.0
2024-10-02 23:00:00,1.32713,1.32731,1.3265799999999999,1.32666,3462.0
2024-10-03 00:00:00,1.32666,1.32724,1.32564,1.32633,1800.0
2024-10-03 01:00:00,1.32632,1.32706,1.32632,1.32651,1330.0
2024-10-03 02:00:00,1.32652,1.32686,1.3262,1.32629,1875.0
2024-10-03 03:00:00,1.32629,1.32653,1.32538,1.32616,4494.0
2024-10-03 04:00:00,1.32616,1.32632,1.3251,1.32574,6165.0
2024-10-03 05:00:00,1.32575,1.32583,1.3250600000000001,1.32523,3120.0
2024-10-03 06:00:00,1.32523,1.32544,1.32465,1.32504,2722.0
2024-10-03 07:00:00,1.32505,1.32523,1.32434,1.32442,2881.0
2024-10-03 08:00:00,1.32442,1.32463,1.31687,1.3183500000000001,6931.0
2024-10-03 09:00:00,1.31834,1.31935,1.31662,1.31698,6852.0
2024-10-03 10:00:00,1.31698,1.31766,1.31483,1.31546,7610.0
2024-10-03 11:00:00,1.31544,1.31562,1.31056,1.31165,7663.0
2024-10-03 12:00:00,1.31165,1.31287,1.31101,1.31165,5702.0
2024-10-03 13:00:00,1.31166,1.3121399999999999,1.31077,1.31178,4763.0
2024-10-03 14:00:00,1.31178,1.3118699999999999,1.30929,1.31132,5565.0
2024-10-03 15:00:00,1.31132,1.31233,1.30963,1.31139,8406.0
2024-10-03 16:00:00,1.31139,1.3127,1.31075,1.31149,7719.0
2024-10-03 17:00:00,1.31142,1.31193,1.30922,1.31073,12068.0
2024-10-03 18:00:00,1.31074,1.31222,1.31032,1.31117,7469.0
2024-10-03 19:00:00,1.31117,1.31318,1.31105,1.31254,5964.0
2024-10-03 20:00:00,1.31254,1.3132,1.31223,1.31238,4657.0
2024-10-03 21:00:00,1.31238,1.31259,1.3113000000000001,1.31137,4281.0
2024-10-03 22:00:00,1.31137,1.31254,1.31125,1.31211,3370.0
2024-10-03 23:00:00,1.31211,1.3126,1.31203,1.31231,4200.0
2024-10-04 00:00:00,1.31237,1.3125499999999999,1.3115,1.31204,1148.0
2024-10-04 01:00:00,1.31204,1.31299,1.31199,1.3127499999999999,955.0
2024-10-04 02:00:00,1.3127499999999999,1.31318,1.3126,1.3128600000000001,1250.0
2024-10-04 03:00:00,1.3128600000000001,1.31341,1.31269,1.3130899999999999,2643.0
2024-10-04 04:00:00,1.3131,1.31325,1.31234,1.31301,4359.0
2024-10-04 05:00:00,1.31301,1.3136,1.3128600000000001,1.313,3342.0
2024-10-04 06:00:00,1.31301,1.31311,1.3124,1.31284,3001.0
2024-10-04 07:00:00,1.31284,1.31328,1.31237,1.3127499999999999,2379.0
2024-10-04 08:00:00,1.31276,1.31412,1.31269,1.3137699999999999,3069.0
2024-10-04 09:00:00,1.3137699999999999,1.31561,1.31303,1.31488,4244.0
2024-10-04 10:00:00,1.31488,1.3167499999999999,1.31406,1.31588,6432.0
2024-10-04 11:00:00,1.31588,1.3166,1.31456,1.31566,6158.0
2024-10-04 12:00:00,1.31566,1.31703,1.31451,1.31668,5186.0
2024-10-04 13:00:00,1.31668,1.31745,1.31644,1.31653,4573.0
2024-10-04 14:00:00,1.31653,1.31731,1.31643,1.31698,4461.0
2024-10-04 15:00:00,1.31698,1.3175,1.30755,1.3079,9967.0
2024-10-04 16:00:00,1.3079,1.3102800000000001,1.30698,1.30994,10263.0
2024-10-04 17:00:00,1.30995,1.3119399999999999,1.30995,1.31128,9233.0
2024-10-04 18:00:00,1.31128,1.3115700000000001,1.30937,1.3106,8440.0
2024-10-04 19:00:00,1.31061,1.31174,1.30962,1.3115299999999999,5470.0
2024-10-04 20:00:00,1.3115299999999999,1.31287,1.31148,1.31217,4096.0
2024-10-07 00:00:00,1.31171,1.31192,1.30788,1.31129,2037.0
2024-10-07 01:00:00,1.31129,1.3121399999999999,1.31107,1.31172,1886.0
2024-10-07 02:00:00,1.31174,1.31249,1.31161,1.31231,1446.0
2024-10-07 03:00:00,1.31231,1.3128199999999999,1.31188,1.31224,4140.0
2024-10-07 04:00:00,1.31224,1.31346,1.31224,1.31259,4140.0
2024-10-07 05:00:00,1.31259,1.31314,1.31251,1.31265,3363.0
2024-10-07 06:00:00,1.31265,1.31303,1.31242,1.31292,2058.0
2024-10-07 07:00:00,1.31293,1.3130899999999999,1.31172,1.31173,1312.0
2024-10-07 08:00:00,1.31169,1.31182,1.31045,1.31081,1959.0
2024-10-07 09:00:00,1.3108,1.31228,1.31047,1.31146,5074.0
2024-10-07 10:00:00,1.31146,1.31203,1.30997,1.3112300000000001,6911.0
2024-10-07 11:00:00,1.3112300000000001,1.31167,1.30865,1.30888,5876.0
2024-10-07 12:00:00,1.30888,1.30888,1.3066,1.30714,5159.0
2024-10-07 13:00:00,1.30714,1.30771,1.30629,1.30643,5392.0
2024-10-07 14:00:00,1.30643,1.30898,1.30594,1.30819,4830.0
2024-10-07 15:00:00,1.3082,1.30899,1.30667,1.3079,5690.0
2024-10-07 16:00:00,1.30786,1.30942,1.30716,1.30727,7045.0
2024-10-07 17:00:00,1.30727,1.30856,1.30687,1.30786,7496.0
2024-10-07 18:00:00,1.3078400000000001,1.30872,1.30745,1.30799,5345.0
2024-10-07 19:00:00,1.30799,1.30923,1.30769,1.30898,3575.0
2024-10-07 20:00:00,1.30897,1.3096700000000001,1.30873,1.3088899999999999,2782.0
2024-10-07 21:00:00,1.3088899999999999,1.3089,1.30711,1.30713,3738.0
2024-10-07 22:00:00,1.30713,1.30841,1.30691,1.30826,4133.0
2024-10-07 23:00:00,1.30827,1.30854,1.30808,1.3082500000000001,2587.0
2024-10-08 00:00:00,1.30826,1.30847,1.30738,1.30814,808.0
2024-10-08 01:00:00,1.30814,1.3087,1.30807,1.30861,1219.0
2024-10-08 02:00:00,1.30862,1.3088199999999999,1.30831,1.30844,1203.0
2024-10-08 03:00:00,1.30844,1.3100399999999999,1.30844,1.31003,2795.0
2024-10-08 04:00:00,1.31003,1.3103799999999999,1.30951,1.30984,3998.0
2024-10-08 05:00:00,1.30984,1.30995,1.3084799999999999,1.3091599999999999,5387.0
2024-10-08 06:00:00,1.30915,1.30993,1.30908,1.30927,4673.0
2024-10-08 07:00:00,1.30927,1.30954,1.309,1.309,1818.0
2024-10-08 08:00:00,1.309,1.30963,1.30876,1.30907,3907.0
2024-10-08 09:00:00,1.30907,1.30955,1.30745,1.30758,4350.0
2024-10-08 10:00:00,1.30758,1.31032,1.30643,1.3102,6435.0
2024-10-08 11:00:00,1.31021,1.31042,1.30862,1.30998,4716.0
2024-10-08 12:00:00,1.30997,1.31018,1.30902,1.30948,4416.0
2024-10-08 13:00:00,1.30948,1.3107199999999999,1.30912,1.3101099999999999,3255.0
2024-10-08 14:00:00,1.3101,1.31067,1.30917,1.31051,3774.0
2024-10-08 15:00:00,1.31051,1.31135,1.3094999999999999,1.3101,4676.0
2024-10-08 16:00:00,1.3101,1.3112300000000001,1.30998,1.31039,6350.0
2024-10-08 17:00:00,1.31039,1.3106200000000001,1.30881,1.30928,5875.0
2024-10-08 18:00:00,1.30928,1.3099,1.3081,1.30923,4514.0
2024-10-08 19:00:00,1.30923,1.30961,1.30849,1.30883,3451.0
2024-10-08 20:00:00,1.30883,1.3091,1.30761,1.30901,3652.0
2024-10-08 21:00:00,1.30901,1.30938,1.3087,1.30914,3389.0
2024-10-08 22:00:00,1.30914,1.31012,1.30873,1.31,2941.0
2024-10-08 23:00:00,1.31002,1.31052,1.30979,1.31049,5381.0
2024-10-09 00:00:00,1.31022,1.31045,1.3090600000000001,1.3103099999999999,696.0
2024-10-09 01:00:00,1.31036,1.31047,1.31003,1.31045,722.0
2024-10-09 02:00:00,1.31045,1.31047,1.3093,1.3093,983.0
2024-10-09 03:00:00,1.3093,1.31033,1.30926,1.3100100000000001,1975.0
2024-10-09 04:00:00,1.3100100000000001,1.31024,1.30925,1.30966,5055.0
2024-10-09 05:00:00,1.30971,1.30997,1.3089,1.30903,4451.0
2024-10-09 06:00:00,1.30903,1.30908,1.30833,1.3085200000000001,3245.0
2024-10-09 07:00:00,1.3085200000000001,1.30881,1.30815,1.30842,1646.0
2024-10-09 08:00:00,1.30842,1.31018,1.30842,1.30932,6278.0
2024-10-09 09:00:00,1.30932,1.30963,1.30728,1.3074,4576.0
2024-10-09 10:00:00,1.3074,1.30833,1.30559,1.30831,5672.0
2024-10-09 11:00:00,1.3083,1.30898,1.30682,1.30777,4284.0
2024-10-09 12:00:00,1.30777,1.30894,1.3076400000000001,1.30873,3769.0
2024-10-09 13:00:00,1.30873,1.30954,1.3085499999999999,1.30919,3219.0
2024-10-09 14:00:00,1.30919,1.30957,1.30819,1.30844,3073.0
2024-10-09 15:00:00,1.30844,1.30895,1.30788,1.3082799999999999,3979.0
2024-10-09 16:00:00,1.3082799999999999,1.30842,1.30711,1.3075,4745.0
2024-10-09 17:00:00,1.3075,1.30822,1.30658,1.3074,5257.0
2024-10-09 18:00:00,1.3074,1.3089,1.30732,1.30789,4527.0
2024-10-09 19:00:00,1.30789,1.30789,1.30657,1.30684,3643.0
2024-10-09 20:00:00,1.30684,1.30709,1.30624,1.3067,2927.0
2024-10-09 21:00:00,1.30673,1.30761,1.30646,1.30652,3218.0
2024-10-09 22:00:00,1.30652,1.3072300000000001,1.3064200000000001,1.30645,2334.0
2024-10-09 23:00:00,1.30645,1.30751,1.306,1.30722,2089.0
2024-10-10 00:00:00,1.30695,1.30704,1.30637,1.30701,1299.0
2024-10-10 01:00:00,1.30701,1.30718,1.30625,1.30639,1159.0
2024-10-10 02:00:00,1.30639,1.30708,1.30629,1.3066499999999999,1135.0
2024-10-10 03:00:00,1.3066499999999999,1.30727,1.30648,1.30689,2319.0
2024-10-10 04:00:00,1.30689,1.30773,1.30671,1.3072599999999999,3906.0
2024-10-10 05:00:00,1.3072599999999999,1.30781,1.30673,1.30717,4819.0
2024-10-10 06:00:00,1.30717,1.30777,1.30712,1.3075700000000001,2392.0
2024-10-10 07:00:00,1.3075700000000001,1.30781,1.30717,1.30724,1668.0
2024-10-10 08:00:00,1.30724,1.30766,1.3068,1.30721,2700.0
2024-10-10 09:00:00,1.30721,1.30817,1.30677,1.30778,4020.0
2024-10-10 10:00:00,1.30778,1.3089,1.3073000000000001,1.30831,4187.0
2024-10-10 11:00:00,1.30833,1.30835,1.30679,1.30742,3688.0
2024-10-10 12:00:00,1.30742,1.30788,1.3068,1.30772,2790.0
2024-10-10 13:00:00,1.30771,1.30921,1.30713,1.30919,2831.0
2024-10-10 14:00:00,1.3092,1.30939,1.30664,1.3067,4141.0
2024-10-10 15:00:00,1.30671,1.30893,1.3023,1.3075999999999999,9705.0
2024-10-10 16:00:00,1.3075999999999999,1.3085,1.30407,1.30582,9612.0
2024-10-10 17:00:00,1.30582,1.30646,1.30253,1.3048899999999999,8454.0
2024-10-10 18:00:00,1.3048899999999999,1.30552,1.30398,1.30528,5440.0
2024-10-10 19:00:00,1.30528,1.30596,1.30315,1.30353,5097.0
2024-10-10 20:00:00,1.30353,1.30529,1.3022,1.30472,5278.0
2024-10-10 21:00:00,1.30472,1.30523,1.30445,1.30469,3125.0
2024-10-10 22:00:00,1.30469,1.30582,1.30437,1.30556,3043.0
2024-10-10 23:00:00,1.30557,1.30645,1.30553,1.30587,1667.0
2024-10-11 00:00:00,1.3057699999999999,1.3059,1.3047,1.30557,2612.0
2024-10-11 01:00:00,1.30557,1.30596,1.30542,1.3057,916.0
2024-10-11 02:00:00,1.3057,1.30613,1.30556,1.30613,802.0
2024-10-11 03:00:00,1.30613,1.3064,1.30579,1.3064,2497.0
2024-10-11 04:00:00,1.3064,1.3066900000000001,1.30553,1.30583,1879.0
2024-10-11 05:00:00,1.30583,1.30633,1.30558,1.3062,1679.0
2024-10-11 06:00:00,1.3062,1.30631,1.3052000000000001,1.30548,1913.0
2024-10-11 07:00:00,1.30549,1.30554,1.30485,1.30496,1462.0
2024-10-11 08:00:00,1.30496,1.30522,1.30462,1.3051599999999999,1526.0
2024-10-11 09:00:00,1.3051599999999999,1.30538,1.3041800000000001,1.30508,3282.0
2024-10-11 10:00:00,1.3050899999999999,1.30752,1.30473,1.30751,3996.0
2024-10-11 11:00:00,1.30751,1.30812,1.30667,1.30735,3219.0
2024-10-11 12:00:00,1.30735,1.30769,1.30689,1.30704,2736.0
2024-10-11 13:00:00,1.30704,1.30708,1.30575,1.30613,2618.0
2024-10-11 14:00:00,1.30613,1.30657,1.30519,1.3060800000000001,2898.0
2024-10-11 15:00:00,1.3060800000000001,1.3081800000000001,1.30551,1.30651,5880.0
2024-10-11 16:00:00,1.30651,1.30766,1.3057,1.307,5271.0
2024-10-11 17:00:00,1.307,1.30806,1.3066499999999999,1.30742,6118.0
2024-10-11 18:00:00,1.30742,1.30832,1.30689,1.30694,3850.0
2024-10-11 19:00:00,1.30694,1.30754,1.30661,1.30724,2574.0
2024-10-11 20:00:00,1.30724,1.30782,1.3069,1.30768,2028.0
2024-10-14 00:00:00,1.30566,1.3064,1.3054000000000001,1.30628,1213.0
2024-10-14 01:00:00,1.30628,1.30668,1.30523,1.30529,1340.0
2024-10-14 02:00:00,1.30531,1.3054700000000001,1.30464,1.30484,997.0
2024-10-14 03:00:00,1.30484,1.30533,1.30408,1.30512,2094.0
2024-10-14 04:00:00,1.30512,1.30545,1.30441,1.305,3992.0
2024-10-14 05:00:00,1.305,1.30548,1.3042500000000001,1.30531,3634.0
2024-10-14 06:00:00,1.30532,1.30628,1.30522,1.30595,1804.0
2024-10-14 07:00:00,1.30595,1.3060399999999999,1.3057400000000001,1.30591,728.0
2024-10-14 08:00:00,1.30591,1.30645,1.30561,1.30643,2130.0
2024-10-14 09:00:00,1.30643,1.3072,1.30639,1.30643,2570.0
2024-10-14 10:00:00,1.30643,1.307,1.30567,1.3062,3880.0
2024-10-14 11:00:00,1.3062,1.30682,1.3057699999999999,1.30668,3651.0
2024-10-14 12:00:00,1.3066499999999999,1.30678,1.30522,1.30539,2682.0
2024-10-14 13:00:00,1.30539,1.30619,1.30439,1.30576,2796.0
2024-10-14 14:00:00,1.30576,1.30629,1.30375,1.3038699999999999,3843.0
2024-10-14 15:00:00,1.3038699999999999,1.30472,1.3031,1.30345,3557.0
2024-10-14 16:00:00,1.30342,1.30588,1.30302,1.30503,5314.0
2024-10-14 17:00:00,1.30503,1.30582,1.30424,1.30571,5418.0
2024-10-14 18:00:00,1.30571,1.30602,1.3048199999999999,1.30491,3500.0
2024-10-14 19:00:00,1.30491,1.30536,1.30434,1.30518,2101.0
2024-10-14 20:00:00,1.30518,1.30589,1.305,1.30572,1655.0
2024-10-14 21:00:00,1.30571,1.30592,1.3049,1.30512,1690.0
2024-10-14 22:00:00,1.30512,1.30613,1.30416,1.30553,3585.0
2024-10-14 23:00:00,1.30553,1.30616,1.3054000000000001,1.30597,2132.0
2024-10-15 00:00:00,1.30587,1.30612,1.30491,1.30573,415.0
2024-10-15 01:00:00,1.30573,1.30673,1.3057,1.3064,890.0
2024-10-15 02:00:00,1.3064,1.30677,1.3060800000000001,1.3067199999999999,948.0
2024-10-15 03:00:00,1.3067199999999999,1.30676,1.30612,1.30659,2632.0
2024-10-15 04:00:00,1.30659,1.30692,1.30624,1.30654,2295.0
2024-10-15 05:00:00,1.30654,1.30683,1.3060399999999999,1.30652,2460.0
2024-10-15 06:00:00,1.30652,1.30674,1.30539,1.3054299999999999,2310.0
2024-10-15 07:00:00,1.3054299999999999,1.30544,1.30478,1.30502,1873.0
2024-10-15 08:00:00,1.30502,1.30502,1.304,1.30449,2868.0
2024-10-15 09:00:00,1.3045200000000001,1.30568,1.30355,1.30494,5195.0
2024-10-15 10:00:00,1.30492,1.30739,1.30442,1.30736,5028.0
2024-10-15 11:00:00,1.30736,1.30866,1.30674,1.30765,3907.0
2024-10-15 12:00:00,1.30765,1.30827,1.30686,1.30827,2986.0
2024-10-15 13:00:00,1.30827,1.30969,1.30806,1.30817,2715.0
2024-10-15 14:00:00,1.3082,1.30944,1.3075700000000001,1.30763,3282.0
2024-10-15 15:00:00,1.30763,1.30899,1.30743,1.30884,4941.0
2024-10-15 16:00:00,1.30884,1.31029,1.30866,1.30897,5517.0
2024-10-15 17:00:00,1.30896,1.30985,1.3076699999999999,1.30933,6545.0
2024-10-15 18:00:00,1.30932,1.30979,1.30815,1.30823,5254.0
2024-10-15 19:00:00,1.30822,1.30851,1.30686,1.3069600000000001,3559.0
2024-10-15 20:00:00,1.3069600000000001,1.30722,1.30607,1.30633,2690.0
2024-10-15 21:00:00,1.30633,1.30704,1.30619,1.30683,2664.0
2024-10-15 22:00:00,1.30683,1.3073000000000001,1.3066200000000001,1.30674,2712.0
2024-10-15 23:00:00,1.30674,1.30748,1.30634,1.30741,2383.0
2024-10-16 00:00:00,1.30731,1.30741,1.30668,1.3070300000000001,1274.0
2024-10-16 01:00:00,1.3070300000000001,1.30728,1.30657,1.30687,1097.0
2024-10-16 02:00:00,1.30687,1.3072,1.30636,1.30648,1368.0
2024-10-16 03:00:00,1.30648,1.30685,1.30599,1.30647,2521.0
2024-10-16 04:00:00,1.30647,1.30737,1.30636,1.30737,3480.0
2024-10-16 05:00:00,1.30737,1.30751,1.30688,1.30739,2507.0
2024-10-16 06:00:00,1.30739,1.30774,1.3070599999999999,1.30711,1988.0
2024-10-16 07:00:00,1.3071,1.30744,1.3069899999999999,1.30741,1196.0
2024-10-16 08:00:00,1.30741,1.3076699999999999,1.30687,1.30727,2399.0
2024-10-16 09:00:00,1.30727,1.30742,1.29865,1.29898,8433.0
2024-10-16 10:00:00,1.29898,1.30097,1.29826,1.30006,6032.0
2024-10-16 11:00:00,1.30007,1.3006,1.29918,1.30037,4503.0
2024-10-16 12:00:00,1.30038,1.3020399999999999,1.30009,1.30166,4109.0
2024-10-16 13:00:00,1.30167,1.30275,1.30129,1.30153,3444.0
2024-10-16 14:00:00,1.30153,1.30324,1.30122,1.30312,3181.0
2024-10-16 15:00:00,1.30312,1.30379,1.3014000000000001,1.30151,4153.0
2024-10-16 16:00:00,1.30151,1.30313,1.30107,1.30252,5114.0
2024-10-16 17:00:00,1.30252,1.30264,1.30023,1.30094,5152.0
2024-10-16 18:00:00,1.30094,1.30104,1.29959,1.29997,4288.0
2024-10-16 19:00:00,1.29997,1.30049,1.2995,1.30043,2357.0
2024-10-16 20:00:00,1.30044,1.30056,1.29924,1.2995700000000001,2151.0
2024-10-16 21:00:00,1.2995700000000001,1.29975,1.2983799999999999,1.29841,2256.0
2024-10-16 22:00:00,1.29841,1.29847,1.2977,1.29825,2290.0
2024-10-16 23:00:00,1.29825,1.29913,1.29817,1.29891,2005.0
2024-10-17 00:00:00,1.29892,1.29928,1.29814,1.29894,1939.0
2024-10-17 01:00:00,1.29895,1.29913,1.29865,1.29882,779.0
2024-10-17 02:00:00,1.29882,1.29911,1.29854,1.2991,776.0
2024-10-17 03:00:00,1.2991,1.29972,1.29871,1.29877,3163.0
2024-10-17 04:00:00,1.2987600000000001,1.29969,1.29864,1.29961,3284.0
2024-10-17 05:00:00,1.29962,1.30014,1.29868,1.29929,3342.0
2024-10-17 06:00:00,1.29929,1.29942,1.29805,1.2986900000000001,2378.0
2024-10-17 07:00:00,1.2986900000000001,1.29883,1.2980800000000001,1.29839,1795.0
2024-10-17 08:00:00,1.29839,1.29884,1.29829,1.2987,2364.0
2024-10-17 09:00:00,1.2987,1.2993000000000001,1.2981099999999999,1.29821,2981.0
2024-10-17 10:00:00,1.29821,1.2991,1.2974,1.2984499999999999,4248.0
2024-10-17 11:00:00,1.2984499999999999,1.29963,1.2974999999999999,1.29779,3525.0
2024-10-17 12:00:00,1.2978100000000001,1.29947,1.29761,1.29932,2773.0
2024-10-17 13:00:00,1.29932,1.30107,1.29927,1.30075,3249.0
2024-10-17 14:00:00,1.30075,1.3017400000000001,1.30074,1.30158,2997.0
2024-10-17 15:00:00,1.30158,1.30232,1.29893,1.3008899999999999,7689.0
2024-10-17 16:00:00,1.3008899999999999,1.30105,1.29798,1.29971,8652.0
2024-10-17 17:00:00,1.29971,1.30046,1.29875,1.29977,7503.0
2024-10-17 18:00:00,1.29977,1.30189,1.29928,1.30073,5057.0
2024-10-17 19:00:00,1.30074,1.30125,1.29988,1.30106,3970.0
2024-10-17 20:00:00,1.30106,1.30154,1.3005499999999999,1.30108,2292.0
2024-10-17 21:00:00,1.30108,1.30115,1.30047,1.30085,3169.0
2024-10-17 22:00:00,1.30085,1.30144,1.30069,1.30128,2791.0
2024-10-17 23:00:00,1.30128,1.30146,1.301,1.30107,1811.0
2024-10-18 00:00:00,1.30105,1.30121,1.3,1.30101,811.0
2024-10-18 01:00:00,1.30101,1.30164,1.30101,1.3013,854.0
2024-10-18 02:00:00,1.3013,1.30172,1.3007900000000001,1.30148,929.0
2024-10-18 03:00:00,1.30148,1.30196,1.3011,1.3014000000000001,2448.0
2024-10-18 04:00:00,1.3014000000000001,1.30216,1.30139,1.30165,3212.0
2024-10-18 05:00:00,1.30165,1.30266,1.3016,1.30225,3015.0
2024-10-18 06:00:00,1.30225,1.30246,1.30183,1.30209,2049.0
2024-10-18 07:00:00,1.30209,1.3023500000000001,1.30198,1.30219,1448.0
2024-10-18 08:00:00,1.30219,1.30308,1.30203,1.30259,2759.0
2024-10-18 09:00:00,1.30246,1.30713,1.3023799999999999,1.30607,5383.0
2024-10-18 10:00:00,1.30607,1.30649,1.30523,1.30524,4134.0
2024-10-18 11:00:00,1.30524,1.30535,1.30345,1.30414,3675.0
2024-10-18 12:00:00,1.30414,1.30494,1.30343,1.30349,3692.0
2024-10-18 13:00:00,1.30349,1.30497,1.30346,1.30469,3164.0
2024-10-18 14:00:00,1.3047,1.30496,1.30412,1.3045200000000001,3304.0
2024-10-18 15:00:00,1.3045200000000001,1.30549,1.3042,1.30491,3783.0
2024-10-18 16:00:00,1.30491,1.3066900000000001,1.30436,1.30494,4765.0
2024-10-18 17:00:00,1.30494,1.3054299999999999,1.30331,1.3036400000000001,5043.0
2024-10-18 18:00:00,1.30363,1.3042,1.30202,1.30215,3670.0
2024-10-18 19:00:00,1.30215,1.30445,1.3020100000000001,1.30443,2718.0
2024-10-18 20:00:00,1.30442,1.3044799999999999,1.30383,1.30432,1961.0
2024-10-21 00:00:00,1.30415,1.30449,1.30402,1.30439,1274.0
2024-10-21 01:00:00,1.3044,1.30582,1.3044,1.30524,1299.0
2024-10-21 02:00:00,1.30528,1.30554,1.30475,1.3052000000000001,1191.0
2024-10-21 03:00:00,1.3052000000000001,1.30533,1.30432,1.30432,2595.0
2024-10-21 04:00:00,1.30432,1.30529,1.30423,1.30466,2930.0
2024-10-21 05:00:00,1.30467,1.3053,1.30453,1.30502,2810.0
2024-10-21 06:00:00,1.30502,1.30529,1.3049,1.30501,1542.0
2024-10-21 07:00:00,1.30501,1.30504,1.3038699999999999,1.30405,1983.0
2024-10-21 08:00:00,1.30405,1.30449,1.30392,1.30423,2492.0
2024-10-21 09:00:00,1.3042500000000001,1.3042500000000001,1.30261,1.30284,2937.0
2024-10-21 10:00:00,1.30284,1.30327,1.30202,1.3022,3576.0
2024-10-21 11:00:00,1.30219,1.30278,1.30121,1.3026499999999999,3230.0
2024-10-21 12:00:00,1.3026499999999999,1.30337,1.3018100000000001,1.30193,3062.0
2024-10-21 13:00:00,1.30193,1.3023799999999999,1.30134,1.30219,2926.0
2024-10-21 14:00:00,1.30219,1.30293,1.30188,1.3019,2777.0
2024-10-21 15:00:00,1.3019,1.30336,1.30178,1.30294,3738.0
2024-10-21 16:00:00,1.30294,1.3032,1.3019,1.3023500000000001,3832.0
2024-10-21 17:00:00,1.30236,1.3023799999999999,1.29972,1.30014,4526.0
2024-10-21 18:00:00,1.30014,1.30015,1.29797,1.29797,4093.0
2024-10-21 19:00:00,1.29797,1.29875,1.29786,1.2987,2552.0
2024-10-21 20:00:00,1.2987,1.29916,1.29849,1.2988,2625.0
2024-10-21 21:00:00,1.2988,1.2989,1.29773,1.29789,2273.0
2024-10-21 22:00:00,1.2979,1.29841,1.2977,1.2984,1998.0
2024-10-21 23:00:00,1.2984,1.29855,1.29812,1.2984,1992.0
2024-10-22 00:00:00,1.2984499999999999,1.2984499999999999,1.29766,1.2983,1342.0
2024-10-22 01:00:00,1.29828,1.29854,1.29809,1.29816,831.0
2024-10-22 02:00:00,1.29816,1.29841,1.29805,1.29827,887.0
2024-10-22 03:00:00,1.29826,1.29879,1.29798,1.2980800000000001,2812.0
2024-10-22 04:00:00,1.2980800000000001,1.29917,1.29805,1.299,3635.0
2024-10-22 05:00:00,1.299,1.29932,1.29857,1.29866,2884.0
2024-10-22 06:00:00,1.29866,1.29955,1.29862,1.29952,2525.0
2024-10-22 07:00:00,1.29952,1.3,1.2993999999999999,1.2999800000000001,2024.0
2024-10-22 08:00:00,1.2999800000000001,1.30063,1.29971,1.29971,3072.0
2024-10-22 09:00:00,1.29971,1.30154,1.29949,1.30074,3137.0
2024-10-22 10:00:00,1.30075,1.30141,1.30015,1.30093,4038.0
2024-10-22 11:00:00,1.30093,1.30107,1.29866,1.29892,3056.0
2024-10-22 12:00:00,1.29892,1.29923,1.2968899999999999,1.29712,3333.0
2024-10-22 13:00:00,1.29712,1.2985,1.29663,1.29769,3713.0
2024-10-22 14:00:00,1.29768,1.29819,1.29722,1.29793,3080.0
2024-10-22 15:00:00,1.29793,1.29851,1.29559,1.29561,4264.0
2024-10-22 16:00:00,1.29561,1.29664,1.29446,1.29615,5463.0
2024-10-22 17:00:00,1.29614,1.29805,1.29544,1.29752,5804.0
2024-10-22 18:00:00,1.29752,1.29832,1.29675,1.2968199999999999,3963.0
2024-10-22 19:00:00,1.2968199999999999,1.29786,1.2966,1.29748,2568.0
2024-10-22 20:00:00,1.2974700000000001,1.2984,1.29731,1.2982,2575.0
2024-10-22 21:00:00,1.2982,1.29841,1.29767,1.29786,1893.0
2024-10-22 22:00:00,1.29786,1.29844,1.29755,1.2983500000000001,2330.0
2024-10-22 23:00:00,1.2983500000000001,1.29858,1.29792,1.29849,2350.0
2024-10-23 00:00:00,1.29833,1.2984,1.2968600000000001,1.29792,1602.0
2024-10-23 01:00:00,1.29791,1.29892,1.29789,1.29834,1118.0
2024-10-23 02:00:00,1.29834,1.29837,1.29807,1.2980800000000001,677.0
2024-10-23 03:00:00,1.2980800000000001,1.2982,1.29722,1.29768,1878.0
2024-10-23 04:00:00,1.29768,1.29786,1.29714,1.29772,2723.0
2024-10-23 05:00:00,1.29772,1.29907,1.29769,1.29888,2986.0
2024-10-23 06:00:00,1.29888,1.29917,1.29824,1.29854,2959.0
2024-10-23 07:00:00,1.29854,1.29888,1.29803,1.29888,2350.0
2024-10-23 08:00:00,1.29888,1.29951,1.29884,1.2995,2429.0
2024-10-23 09:00:00,1.2995,1.2995,1.29692,1.29701,3158.0
2024-10-23 10:00:00,1.29702,1.29737,1.29629,1.29644,3973.0
2024-10-23 11:00:00,1.29644,1.29889,1.29622,1.29843,3349.0
2024-10-23 12:00:00,1.2984200000000001,1.29873,1.29755,1.29769,3161.0
2024-10-23 13:00:00,1.29769,1.29829,1.29706,1.2974999999999999,2687.0
2024-10-23 14:00:00,1.2974999999999999,1.29769,1.29501,1.2951,2961.0
2024-10-23 15:00:00,1.2951,1.29577,1.29456,1.29531,4480.0
2024-10-23 16:00:00,1.29531,1.29619,1.29481,1.29515,4375.0
2024-10-23 17:00:00,1.29515,1.2959800000000001,1.29434,1.2947600000000001,5478.0
2024-10-23 18:00:00,1.2947600000000001,1.29507,1.2935400000000001,1.29439,3939.0
2024-10-23 19:00:00,1.29439,1.29481,1.29226,1.29285,3107.0
2024-10-23 20:00:00,1.2928600000000001,1.29288,1.29124,1.2913299999999999,2963.0
2024-10-23 21:00:00,1.2913299999999999,1.29265,1.29075,1.29226,3155.0
2024-10-23 22:00:00,1.29226,1.29341,1.29223,1.29327,2840.0
2024-10-23 23:00:00,1.29327,1.29337,1.29203,1.29205,2174.0
2024-10-24 00:00:00,1.29213,1.29222,1.2912,1.29175,1666.0
2024-10-24 01:00:00,1.29169,1.29186,1.29102,1.2911299999999999,884.0
2024-10-24 02:00:00,1.2911299999999999,1.29157,1.29093,1.29156,782.0
2024-10-24 03:00:00,1.29156,1.29272,1.29118,1.2926,2578.0
2024-10-24 04:00:00,1.2926,1.29269,1.29181,1.29231,2923.0
2024-10-24 05:00:00,1.29231,1.29275,1.29196,1.29249,2682.0
2024-10-24 06:00:00,1.29249,1.29287,1.29244,1.29254,3048.0
2024-10-24 07:00:00,1.29254,1.29307,1.29244,1.29307,2521.0
2024-10-24 08:00:00,1.29307,1.2933,1.2925900000000001,1.29301,2013.0
2024-10-24 09:00:00,1.29302,1.29434,1.2927,1.29409,3341.0
2024-10-24 10:00:00,1.2941,1.29688,1.29402,1.29622,6063.0
2024-10-24 11:00:00,1.2962099999999999,1.29727,1.29484,1.29613,4899.0
2024-10-24 12:00:00,1.29613,1.29707,1.29548,1.29633,3368.0
2024-10-24 13:00:00,1.29633,1.29753,1.29605,1.29694,2859.0
2024-10-24 14:00:00,1.29694,1.2981500000000001,1.2969,1.29731,3447.0
2024-10-24 15:00:00,1.29731,1.29825,1.29676,1.29743,5672.0
2024-10-24 16:00:00,1.29743,1.29837,1.2968,1.29786,5652.0
2024-10-24 17:00:00,1.29786,1.29882,1.2957,1.29605,5737.0
2024-10-24 18:00:00,1.29604,1.29679,1.2953999999999999,1.29632,4231.0
2024-10-24 19:00:00,1.29632,1.2965,1.29481,1.29596,3200.0
2024-10-24 20:00:00,1.29595,1.29779,1.29589,1.29683,2560.0
2024-10-24 21:00:00,1.29683,1.29758,1.2965900000000001,1.29729,2409.0
2024-10-24 22:00:00,1.2973,1.29766,1.29697,1.29756,2727.0
2024-10-24 23:00:00,1.29756,1.29772,1.2969,1.29771,2806.0
2024-10-25 00:00:00,1.29731,1.29731,1.2959,1.2971,1135.0
2024-10-25 01:00:00,1.2971,1.29765,1.29696,1.29724,727.0
2024-10-25 02:00:00,1.29724,1.29728,1.29699,1.29717,749.0
2024-10-25 03:00:00,1.29717,1.29739,1.2965499999999999,1.29687,3232.0
2024-10-25 04:00:00,1.29687,1.29722,1.2965499999999999,1.2968600000000001,2402.0
2024-10-25 05:00:00,1.29687,1.29731,1.2967,1.2971300000000001,2030.0
2024-10-25 06:00:00,1.2971300000000001,1.2971300000000001,1.2961,1.29633,1817.0
2024-10-25 07:00:00,1.29633,1.2965,1.2960099999999999,1.29645,1697.0
2024-10-25 08:00:00,1.29645,1.29708,1.29636,1.29667,2572.0
2024-10-25 09:00:00,1.29667,1.29694,1.29587,1.29616,2806.0
2024-10-25 10:00:00,1.29616,1.29766,1.2955999999999999,1.29702,4127.0
2024-10-25 11:00:00,1.29703,1.29799,1.29688,1.29757,3460.0
2024-10-25 12:00:00,1.29757,1.2984,1.29744,1.29809,2289.0
2024-10-25 13:00:00,1.29809,1.29873,1.29786,1.29873,1821.0
2024-10-25 14:00:00,1.2987199999999999,1.29924,1.29799,1.29868,2768.0
2024-10-25 15:00:00,1.29868,1.2996699999999999,1.2978399999999999,1.29923,3626.0
2024-10-25 16:00:00,1.29923,1.29987,1.29883,1.29895,4074.0
2024-10-25 17:00:00,1.29887,1.29984,1.29841,1.29909,5290.0
2024-10-25 18:00:00,1.29909,1.29949,1.29768,1.2977400000000001,3777.0
2024-10-25 19:00:00,1.2977400000000001,1.29802,1.29718,1.29766,2609.0
2024-10-25 20:00:00,1.29766,1.29775,1.2968600000000001,1.29687,2030.0
2024-10-28 00:00:00,1.29708,1.29708,1.29494,1.29589,667.0
2024-10-28 01:00:00,1.29596,1.29656,1.29574,1.29588,2561.0
2024-10-28 02:00:00,1.29588,1.29634,1.29562,1.29574,1474.0
2024-10-28 03:00:00,1.29574,1.29638,1.29529,1.2953299999999999,2927.0
2024-10-28 04:00:00,1.2953299999999999,1.29592,1.29502,1.29548,3287.0
2024-10-28 05:00:00,1.29548,1.29589,1.295,1.2952,2669.0
2024-10-28 06:00:00,1.29521,1.2955,1.29427,1.29429,2335.0
2024-10-28 07:00:00,1.29429,1.29507,1.2941799999999999,1.29467,1784.0
2024-10-28 08:00:00,1.29467,1.2949899999999999,1.29399,1.29488,2136.0
2024-10-28 09:00:00,1.29487,1.29602,1.2947,1.29577,2620.0
2024-10-28 10:00:00,1.29577,1.29719,1.29572,1.29704,3047.0
2024-10-28 11:00:00,1.29704,1.29782,1.29603,1.2976,3971.0
2024-10-28 12:00:00,1.2976,1.29787,1.29672,1.29729,3393.0
2024-10-28 13:00:00,1.29729,1.29853,1.2966199999999999,1.29822,3194.0
2024-10-28 14:00:00,1.29822,1.29944,1.2975400000000001,1.29918,2647.0
2024-10-28 15:00:00,1.29918,1.29973,1.29846,1.2988,3805.0
2024-10-28 16:00:00,1.29881,1.29913,1.29818,1.29871,4377.0
2024-10-28 17:00:00,1.29871,1.30015,1.29783,1.29953,3837.0
2024-10-28 18:00:00,1.29953,1.2998,1.29796,1.29804,4245.0
2024-10-28 19:00:00,1.29804,1.29887,1.29789,1.29797,3615.0
2024-10-28 20:00:00,1.29797,1.29827,1.29734,1.29749,2883.0
2024-10-28 21:00:00,1.29749,1.2975400000000001,1.2968199999999999,1.2968899999999999,2651.0
2024-10-28 22:00:00,1.2968899999999999,1.29791,1.29679,1.29737,2523.0
2024-10-28 23:00:00,1.29738,1.2975400000000001,1.29692,1.29697,2022.0
2024-10-29 00:00:00,1.29721,1.29733,1.2965499999999999,1.29692,388.0
2024-10-29 01:00:00,1.2968899999999999,1.29712,1.2965,1.29656,1055.0
2024-10-29 02:00:00,1.29656,1.29748,1.29656,1.29745,732.0
2024-10-29 03:00:00,1.29745,1.29772,1.29692,1.29726,2248.0
2024-10-29 04:00:00,1.29726,1.29749,1.29685,1.29734,3758.0
2024-10-29 05:00:00,1.29735,1.2974999999999999,1.29683,1.29702,2581.0
2024-10-29 06:00:00,1.29702,1.29709,1.29583,1.29602,2632.0
2024-10-29 07:00:00,1.29602,1.2962099999999999,1.29582,1.29616,1734.0
2024-10-29 08:00:00,1.29616,1.29669,1.29607,1.29635,2765.0
2024-10-29 09:00:00,1.29635,1.2971300000000001,1.2962500000000001,1.29698,2482.0
2024-10-29 10:00:00,1.29698,1.29741,1.29651,1.29714,2830.0
2024-10-29 11:00:00,1.29714,1.2989899999999999,1.29698,1.2984200000000001,4591.0
2024-10-29 12:00:00,1.2984200000000001,1.29871,1.29738,1.29797,3054.0
2024-10-29 13:00:00,1.29798,1.29871,1.29741,1.29863,2838.0
2024-10-29 14:00:00,1.29863,1.29927,1.29785,1.29862,3345.0
2024-10-29 15:00:00,1.29862,1.29862,1.29695,1.29776,4820.0
2024-10-29 16:00:00,1.2977699999999999,1.29805,1.29673,1.29778,5308.0
2024-10-29 17:00:00,1.29778,1.3005200000000001,1.29778,1.29969,8407.0
2024-10-29 18:00:00,1.29969,1.3007,1.29794,1.30041,6065.0
2024-10-29 19:00:00,1.30043,1.30118,1.299,1.29993,4256.0
2024-10-29 20:00:00,1.29993,1.30096,1.29932,1.29986,3923.0
2024-10-29 21:00:00,1.29987,1.30097,1.29927,1.3005,2653.0
2024-10-29 22:00:00,1.3005,1.3008,1.30027,1.3006199999999999,2832.0
2024-10-29 23:00:00,1.3006199999999999,1.30148,1.30042,1.3014299999999999,1996.0
2024-10-30 00:00:00,1.30145,1.3017,1.30037,1.30076,579.0
2024-10-30 01:00:00,1.30076,1.30153,1.30076,1.30145,1562.0
2024-10-30 02:00:00,1.30146,1.30171,1.30078,1.3011300000000001,1386.0
2024-10-30 03:00:00,1.3011300000000001,1.30169,1.3008899999999999,1.30133,2617.0
2024-10-30 04:00:00,1.30133,1.30203,1.30105,1.30107,3947.0
2024-10-30 05:00:00,1.30107,1.30111,1.3005499999999999,1.30065,2361.0
2024-10-30 06:00:00,1.30065,1.30067,1.29965,1.2999,2297.0
2024-10-30 07:00:00,1.29989,1.3002799999999999,1.2996400000000001,1.29986,1734.0
2024-10-30 08:00:00,1.29986,1.30008,1.2995999999999999,1.30008,1993.0
2024-10-30 09:00:00,1.30008,1.30139,1.30007,1.30093,2914.0
2024-10-30 10:00:00,1.30093,1.30108,1.30002,1.3008600000000001,3097.0
2024-10-30 11:00:00,1.3008600000000001,1.30249,1.30043,1.3017699999999999,5114.0
2024-10-30 12:00:00,1.30178,1.3027,1.29929,1.30008,5144.0
2024-10-30 13:00:00,1.30008,1.30024,1.29717,1.29756,4166.0
2024-10-30 14:00:00,1.29756,1.29771,1.29626,1.2971300000000001,3703.0
2024-10-30 15:00:00,1.2971300000000001,1.29722,1.29371,1.29494,7045.0
2024-10-30 16:00:00,1.29494,1.29985,1.29467,1.29963,7366.0
2024-10-30 17:00:00,1.29963,1.30434,1.29943,1.2995700000000001,8794.0
2024-10-30 18:00:00,1.2995700000000001,1.30198,1.29864,1.30119,6843.0
2024-10-30 19:00:00,1.30117,1.30186,1.2996400000000001,1.29986,4396.0
2024-10-30 20:00:00,1.29987,1.3000099999999999,1.29739,1.29782,3952.0
2024-10-30 21:00:00,1.2978100000000001,1.2987,1.29742,1.29837,3093.0
2024-10-30 22:00:00,1.29837,1.29837,1.29672,1.29699,3617.0
2024-10-30 23:00:00,1.29699,1.29706,1.29597,1.29623,4283.0
2024-10-31 00:00:00,1.29613,1.29672,1.29569,1.2962799999999999,1987.0
2024-10-31 01:00:00,1.2962799999999999,1.29646,1.29542,1.29578,1870.0
2024-10-31 02:00:00,1.29578,1.29611,1.29572,1.29582,905.0
2024-10-31 03:00:00,1.29582,1.29599,1.29492,1.29495,2134.0
2024-10-31 04:00:00,1.29495,1.29593,1.2944200000000001,1.2945,2599.0
2024-10-31 05:00:00,1.2945,1.29496,1.29428,1.29455,2716.0
2024-10-31 06:00:00,1.29455,1.29517,1.29455,1.29493,2276.0
2024-10-31 07:00:00,1.29493,1.29538,1.29466,1.29502,2044.0
2024-10-31 08:00:00,1.29502,1.29572,1.2948,1.2955999999999999,2010.0
2024-10-31 09:00:00,1.2955999999999999,1.2978,1.2953299999999999,1.2974,2848.0
2024-10-31 10:00:00,1.29741,1.2999399999999999,1.29654,1.2995999999999999,4256.0
2024-10-31 11:00:00,1.29961,1.29975,1.2978399999999999,1.29802,4851.0
2024-10-31 12:00:00,1.29802,1.29831,1.29582,1.29819,3686.0
2024-10-31 13:00:00,1.29819,1.2999800000000001,1.29785,1.29847,3941.0
2024-10-31 14:00:00,1.29851,1.29919,1.29702,1.29785,4093.0
2024-10-31 15:00:00,1.29785,1.2988,1.29657,1.29782,6931.0
2024-10-31 16:00:00,1.29782,1.29981,1.2924,1.29359,7300.0
2024-10-31 17:00:00,1.29361,1.29361,1.2885499999999999,1.28908,9128.0
2024-10-31 18:00:00,1.28908,1.28908,1.28438,1.28556,9521.0
2024-10-31 19:00:00,1.28556,1.2888899999999999,1.28549,1.28639,6543.0
2024-10-31 20:00:00,1.2864,1.28696,1.28556,1.28603,4664.0
2024-10-31 21:00:00,1.28603,1.28836,1.28587,1.28817,4219.0
2024-10-31 22:00:00,1.28817,1.28943,1.28808,1.2892299999999999,3915.0
2024-10-31 23:00:00,1.28921,1.28997,1.28919,1.28992,2894.0
2024-11-01 00:00:00,1.28985,1.29002,1.28925,1.28933,697.0
2024-11-01 01:00:00,1.28933,1.29032,1.28933,1.29023,1004.0
2024-11-01 02:00:00,1.29023,1.29029,1.2896,1.28971,978.0
2024-11-01 03:00:00,1.2897,1.28998,1.28891,1.28952,2253.0
2024-11-01 04:00:00,1.28952,1.2901,1.2889,1.28965,3474.0
2024-11-01 05:00:00,1.28965,1.28966,1.2888899999999999,1.28937,3179.0
2024-11-01 06:00:00,1.28937,1.29025,1.2888899999999999,1.2898800000000001,2318.0
2024-11-01 07:00:00,1.2898800000000001,1.29013,1.28961,1.28979,1231.0
2024-11-01 08:00:00,1.28979,1.28993,1.28846,1.2889,2311.0
2024-11-01 09:00:00,1.2889,1.2901099999999999,1.28882,1.2897,2355.0
2024-11-01 10:00:00,1.2897,1.29028,1.28921,1.28983,2820.0
2024-11-01 11:00:00,1.28982,1.29183,1.28882,1.29041,4699.0
2024-11-01 12:00:00,1.29044,1.29177,1.2904200000000001,1.29099,2938.0
2024-11-01 13:00:00,1.29099,1.29157,1.2905,1.29136,3166.0
2024-11-01 14:00:00,1.29136,1.29231,1.29092,1.29202,3146.0
2024-11-01 15:00:00,1.29202,1.29672,1.29158,1.2953700000000001,7935.0
2024-11-01 16:00:00,1.29538,1.29805,1.29439,1.29678,7974.0
2024-11-01 17:00:00,1.29676,1.29776,1.29579,1.2967,8043.0
2024-11-01 18:00:00,1.29669,1.29681,1.29529,1.29595,5381.0
2024-11-01 19:00:00,1.2959399999999999,1.2963,1.29468,1.29566,4244.0
2024-11-01 20:00:00,1.29565,1.29578,1.29269,1.29278,3389.0
2024-11-04 00:00:00,1.2966,1.29683,1.2959,1.29617,1018.0
2024-11-04 01:00:00,1.29615,1.29629,1.29496,1.29527,2964.0
2024-11-04 02:00:00,1.29527,1.29664,1.29517,1.29618,2959.0
2024-11-04 03:00:00,1.29619,1.29794,1.29602,1.29752,3816.0
2024-11-04 04:00:00,1.29752,1.2982,1.2972000000000001,1.29806,3724.0
2024-11-04 05:00:00,1.29806,1.2999,1.29806,1.29934,3963.0
2024-11-04 06:00:00,1.2993299999999999,1.29972,1.29892,1.29893,1844.0
2024-11-04 07:00:00,1.29893,1.29934,1.29855,1.29927,2228.0
2024-11-04 08:00:00,1.29927,1.2996400000000001,1.29851,1.29882,3408.0
2024-11-04 09:00:00,1.29882,1.29915,1.29692,1.29699,3668.0
2024-11-04 10:00:00,1.29699,1.2983,1.29604,1.29627,4724.0
2024-11-04 11:00:00,1.29627,1.29721,1.29454,1.29717,4200.0
2024-11-04 12:00:00,1.29717,1.2976,1.29609,1.29626,3426.0
2024-11-04 13:00:00,1.2962500000000001,1.29829,1.29516,1.29776,3863.0
2024-11-04 14:00:00,1.29772,1.29786,1.29596,1.2969300000000001,4055.0
2024-11-04 15:00:00,1.2969300000000001,1.29802,1.29632,1.29698,4676.0
2024-11-04 16:00:00,1.29699,1.29787,1.29633,1.29762,6012.0
2024-11-04 17:00:00,1.29761,1.29934,1.29749,1.29807,6351.0
2024-11-04 18:00:00,1.29807,1.29814,1.29351,1.29414,5513.0
2024-11-04 19:00:00,1.29414,1.29568,1.29343,1.2956400000000001,4503.0
2024-11-04 20:00:00,1.2956400000000001,1.29616,1.29419,1.2955,4050.0
2024-11-04 21:00:00,1.2955,1.29595,1.29502,1.29541,3088.0
2024-11-04 22:00:00,1.2953999999999999,1.29573,1.29498,1.29529,2913.0
2024-11-04 23:00:00,1.29528,1.2957,1.2952,1.29563,2034.0
2024-11-05 00:00:00,1.29566,1.29574,1.29477,1.29552,924.0
2024-11-05 01:00:00,1.29552,1.29593,1.29535,1.2953999999999999,849.0
2024-11-05 02:00:00,1.2953999999999999,1.2956400000000001,1.29491,1.29547,1627.0
2024-11-05 03:00:00,1.29547,1.29577,1.29482,1.29557,3063.0
2024-11-05 04:00:00,1.29557,1.29618,1.29547,1.29571,2156.0
2024-11-05 05:00:00,1.29571,1.29609,1.2953299999999999,1.29535,1893.0
2024-11-05 06:00:00,1.29535,1.29616,1.2953000000000001,1.29562,1985.0
2024-11-05 07:00:00,1.29562,1.29637,1.2955999999999999,1.296,1624.0
2024-11-05 08:00:00,1.296,1.29674,1.29578,1.29664,1872.0
2024-11-05 09:00:00,1.29664,1.29818,1.29653,1.2977,2639.0
2024-11-05 10:00:00,1.2977,1.29847,1.29714,1.29812,3303.0
2024-11-05 11:00:00,1.29812,1.2984499999999999,1.29751,1.29821,2649.0
2024-11-05 12:00:00,1.29821,1.29861,1.298,1.29823,2115.0
2024-11-05 13:00:00,1.29823,1.29943,1.29801,1.2991,2751.0
2024-11-05 14:00:00,1.2991,1.29944,1.2984,1.29862,2929.0
2024-11-05 15:00:00,1.29862,1.29895,1.29789,1.29828,4313.0
2024-11-05 16:00:00,1.29829,1.3021,1.2981099999999999,1.30093,6147.0
2024-11-05 17:00:00,1.30092,1.30188,1.29825,1.3002,9754.0
2024-11-05 18:00:00,1.3001800000000001,1.3017699999999999,1.30004,1.30144,4937.0
2024-11-05 19:00:00,1.30144,1.30347,1.3013,1.30334,3679.0
2024-11-05 20:00:00,1.30335,1.30374,1.30231,1.30253,3728.0
2024-11-05 21:00:00,1.30252,1.30309,1.30193,1.3021099999999999,3564.0
2024-11-05 22:00:00,1.3021,1.30278,1.30162,1.30278,2735.0
2024-11-05 23:00:00,1.30277,1.30424,1.3025,1.30416,1361.0
2024-11-06 00:00:00,1.30412,1.30412,1.3027,1.3029600000000001,830.0
2024-11-06 01:00:00,1.3029600000000001,1.3048,1.30179,1.3042500000000001,2734.0
2024-11-06 02:00:00,1.3042500000000001,1.3044,1.29574,1.29595,13530.0
2024-11-06 03:00:00,1.29595,1.29826,1.2949,1.29669,13704.0
2024-11-06 04:00:00,1.29668,1.29697,1.29051,1.29062,14557.0
2024-11-06 05:00:00,1.29063,1.29189,1.28631,1.2888899999999999,15922.0
2024-11-06 06:00:00,1.28888,1.29216,1.28796,1.29122,10960.0
2024-11-06 07:00:00,1.29121,1.29278,1.28812,1.2888600000000001,13117.0
2024-11-06 08:00:00,1.2888600000000001,1.28922,1.28465,1.2863,11781.0
2024-11-06 09:00:00,1.2863,1.28786,1.2856,1.28663,14638.0
2024-11-06 10:00:00,1.28663,1.2923,1.28607,1.29195,12511.0
2024-11-06 11:00:00,1.29196,1.29238,1.28959,1.2901099999999999,10268.0
2024-11-06 12:00:00,1.29009,1.29095,1.28879,1.28895,7446.0
2024-11-06 13:00:00,1.28895,1.289,1.28512,1.28568,9752.0
2024-11-06 14:00:00,1.28567,1.28685,1.2841,1.2854,11513.0
2024-11-06 15:00:00,1.28539,1.28722,1.28421,1.28646,11507.0
2024-11-06 16:00:00,1.28646,1.28694,1.28342,1.28575,11056.0
2024-11-06 17:00:00,1.28576,1.28898,1.28576,1.28898,14583.0
2024-11-06 18:00:00,1.2889599999999999,1.28989,1.2870599999999999,1.28962,10309.0
2024-11-06 19:00:00,1.28962,1.29088,1.28867,1.28898,7650.0
2024-11-06 20:00:00,1.28898,1.29196,1.28881,1.29065,8033.0
2024-11-06 21:00:00,1.29065,1.29073,1.28868,1.28903,5676.0
2024-11-06 22:00:00,1.28903,1.28986,1.28872,1.28875,4854.0
2024-11-06 23:00:00,1.28876,1.28877,1.28789,1.2879,2078.0
2024-11-07 00:00:00,1.28788,1.28799,1.28717,1.28728,661.0
2024-11-07 01:00:00,1.28728,1.28848,1.28728,1.28824,1201.0
2024-11-07 02:00:00,1.28824,1.2892000000000001,1.28781,1.2881,2680.0
2024-11-07 03:00:00,1.28809,1.28911,1.28757,1.28894,4596.0
2024-11-07 04:00:00,1.28895,1.2913000000000001,1.2888899999999999,1.2911000000000001,3586.0
2024-11-07 05:00:00,1.2911000000000001,1.29238,1.2909,1.29222,2561.0
2024-11-07 06:00:00,1.29221,1.2925900000000001,1.29146,1.29206,1940.0
2024-11-07 07:00:00,1.29206,1.29344,1.2920099999999999,1.29308,2187.0
2024-11-07 08:00:00,1.29307,1.29348,1.29261,1.29322,3107.0
2024-11-07 09:00:00,1.29322,1.29474,1.29244,1.29304,6648.0
2024-11-07 10:00:00,1.29305,1.29395,1.29234,1.29268,8006.0
2024-11-07 11:00:00,1.29267,1.29274,1.2907199999999999,1.29075,5991.0
2024-11-07 12:00:00,1.29075,1.29177,1.28994,1.29051,4434.0
2024-11-07 13:00:00,1.29051,1.29122,1.29009,1.29052,4091.0
2024-11-07 14:00:00,1.29044,1.2956400000000001,1.28973,1.29561,10169.0
2024-11-07 15:00:00,1.29562,1.2974999999999999,1.29536,1.29721,11239.0
2024-11-07 16:00:00,1.29721,1.29969,1.29643,1.29919,8996.0
2024-11-07 17:00:00,1.2992,1.30093,1.29849,1.29961,9720.0
2024-11-07 18:00:00,1.29961,1.30012,1.29802,1.29839,7438.0
2024-11-07 19:00:00,1.29839,1.29905,1.29756,1.2989899999999999,5076.0
2024-11-07 20:00:00,1.299,1.2990300000000001,1.29708,1.29727,4459.0
2024-11-07 21:00:00,1.29701,1.2983,1.29483,1.29651,14691.0
2024-11-07 22:00:00,1.29651,1.29917,1.29608,1.29826,9256.0
2024-11-07 23:00:00,1.29826,1.2987199999999999,1.29795,1.29871,2255.0
2024-11-08 00:00:00,1.29855,1.29884,1.29824,1.29866,450.0
2024-11-08 01:00:00,1.29883,1.2989,1.2981099999999999,1.2983,1475.0
2024-11-08 02:00:00,1.2983,1.2984200000000001,1.29756,1.2978,2183.0
2024-11-08 03:00:00,1.29779,1.29792,1.29645,1.29733,4231.0
2024-11-08 04:00:00,1.29733,1.29766,1.29629,1.2965200000000001,3272.0
2024-11-08 05:00:00,1.29651,1.29759,1.29634,1.29646,2939.0
2024-11-08 06:00:00,1.29646,1.29692,1.29619,1.29678,2328.0
2024-11-08 07:00:00,1.29678,1.29735,1.2965900000000001,1.29698,2416.0
2024-11-08 08:00:00,1.29698,1.29734,1.29616,1.29688,3311.0
2024-11-08 09:00:00,1.29688,1.29744,1.29626,1.29648,4790.0
2024-11-08 10:00:00,1.29647,1.29676,1.2935400000000001,1.2957,10659.0
2024-11-08 11:00:00,1.29571,1.29715,1.29556,1.2960099999999999,6294.0
2024-11-08 12:00:00,1.29602,1.29624,1.29493,1.29624,4145.0
2024-11-08 13:00:00,1.2962500000000001,1.29766,1.29622,1.29677,4062.0
2024-11-08 14:00:00,1.29677,1.29683,1.29383,1.29443,5749.0
2024-11-08 15:00:00,1.2944200000000001,1.29507,1.29278,1.29414,7172.0
2024-11-08 16:00:00,1.29414,1.29483,1.29328,1.29385,7128.0
2024-11-08 17:00:00,1.2938100000000001,1.29461,1.29221,1.2938399999999999,9083.0
2024-11-08 18:00:00,1.29383,1.2945,1.2901099999999999,1.29022,7246.0
2024-11-08 19:00:00,1.29022,1.29047,1.2883499999999999,1.28972,8051.0
2024-11-08 20:00:00,1.28972,1.2912,1.28962,1.29056,4608.0
2024-11-11 00:00:00,1.2908,1.29108,1.28891,1.29078,1690.0
2024-11-11 01:00:00,1.29078,1.29176,1.2907199999999999,1.29154,1355.0
2024-11-11 02:00:00,1.29154,1.29199,1.29095,1.29142,2949.0
2024-11-11 03:00:00,1.29142,1.29258,1.2913999999999999,1.29181,3645.0
2024-11-11 04:00:00,1.2918,1.29234,1.29134,1.29182,2787.0
2024-11-11 05:00:00,1.29182,1.29226,1.29126,1.2913999999999999,1898.0
2024-11-11 06:00:00,1.29139,1.29144,1.2901099999999999,1.29124,1710.0
2024-11-11 07:00:00,1.29125,1.29165,1.2907600000000001,1.29153,2054.0
2024-11-11 08:00:00,1.29152,1.29185,1.29109,1.29172,2133.0
2024-11-11 09:00:00,1.29172,1.29223,1.28909,1.2895400000000001,5454.0
2024-11-11 10:00:00,1.28953,1.29044,1.2888,1.28998,6130.0
2024-11-11 11:00:00,1.28998,1.2903,1.28831,1.29004,5402.0
2024-11-11 12:00:00,1.29002,1.2906900000000001,1.2883200000000001,1.2883499999999999,4308.0
2024-11-11 13:00:00,1.2883499999999999,1.28888,1.2876699999999999,1.28853,4784.0
2024-11-11 14:00:00,1.28853,1.28902,1.28762,1.28812,4004.0
2024-11-11 15:00:00,1.28812,1.28852,1.2856,1.28668,6204.0
2024-11-11 16:00:00,1.2866900000000001,1.28773,1.28603,1.28673,6420.0
2024-11-11 17:00:00,1.28674,1.28755,1.28577,1.28695,6267.0
2024-11-11 18:00:00,1.28696,1.2878,1.28648,1.287,4217.0
2024-11-11 19:00:00,1.287,1.28725,1.28594,1.2864200000000001,3214.0
2024-11-11 20:00:00,1.28641,1.28668,1.28571,1.2865199999999999,2583.0
2024-11-11 21:00:00,1.2865199999999999,1.2867199999999999,1.2861,1.28619,2291.0
2024-11-11 22:00:00,1.2862,1.2867199999999999,1.2862,1.28668,2133.0
2024-11-11 23:00:00,1.28667,1.28702,1.28663,1.28693,1120.0
2024-11-12 00:00:00,1.2868,1.28702,1.28617,1.28688,394.0
2024-11-12 01:00:00,1.28688,1.28735,1.28635,1.28734,1219.0
2024-11-12 02:00:00,1.28734,1.28734,1.28629,1.28666,2356.0
2024-11-12 03:00:00,1.28666,1.28715,1.28577,1.28613,4307.0
2024-11-12 04:00:00,1.28613,1.28613,1.28481,1.28504,4309.0
2024-11-12 05:00:00,1.28504,1.28548,1.2841,1.28417,3354.0
2024-11-12 06:00:00,1.28417,1.28448,1.28358,1.28443,3252.0
2024-11-12 07:00:00,1.28443,1.28471,1.2830300000000001,1.2833,3449.0
2024-11-12 08:00:00,1.28329,1.28329,1.2814999999999999,1.28255,4838.0
2024-11-12 09:00:00,1.28255,1.28302,1.2800799999999999,1.28142,7518.0
2024-11-12 10:00:00,1.28143,1.28257,1.27923,1.2824900000000001,7618.0
2024-11-12 11:00:00,1.28248,1.28277,1.28128,1.28237,5782.0
2024-11-12 12:00:00,1.28239,1.28255,1.28054,1.2818800000000001,5239.0
2024-11-12 13:00:00,1.28187,1.28316,1.28176,1.28211,4584.0
2024-11-12 14:00:00,1.2821,1.28293,1.2810000000000001,1.2821,5710.0
2024-11-12 15:00:00,1.28211,1.28241,1.28046,1.2810000000000001,7014.0
2024-11-12 16:00:00,1.28101,1.28111,1.27837,1.2790300000000001,6763.0
2024-11-12 17:00:00,1.27902,1.27916,1.27557,1.27631,8736.0
2024-11-12 18:00:00,1.2763,1.27657,1.27322,1.27326,7972.0
2024-11-12 19:00:00,1.27325,1.27352,1.27191,1.2733400000000001,7481.0
2024-11-12 20:00:00,1.2733400000000001,1.2744900000000001,1.27325,1.27439,4757.0
2024-11-12 21:00:00,1.2744,1.27466,1.27359,1.27362,3489.0
2024-11-12 22:00:00,1.27362,1.27468,1.2735400000000001,1.2745600000000001,3567.0
2024-11-12 23:00:00,1.2745600000000001,1.2751000000000001,1.27454,1.27472,2269.0
2024-11-13 00:00:00,1.2747600000000001,1.27497,1.27402,1.2747600000000001,956.0
2024-11-13 01:00:00,1.2747600000000001,1.27492,1.27366,1.27368,1239.0
2024-11-13 02:00:00,1.27368,1.27402,1.2731,1.27359,2570.0
2024-11-13 03:00:00,1.27359,1.27535,1.27352,1.27502,4750.0
2024-11-13 04:00:00,1.27502,1.2753999999999999,1.27459,1.27532,3630.0
2024-11-13 05:00:00,1.27533,1.2754699999999999,1.27417,1.2744,2186.0
2024-11-13 06:00:00,1.2744,1.27474,1.27403,1.27451,1939.0
2024-11-13 07:00:00,1.27451,1.27477,1.27374,1.27433,2746.0
2024-11-13 08:00:00,1.27433,1.27478,1.27343,1.27431,3551.0
2024-11-13 09:00:00,1.27431,1.27458,1.27299,1.2736100000000001,4097.0
2024-11-13 10:00:00,1.27356,1.2745600000000001,1.27298,1.27455,5200.0
2024-11-13 11:00:00,1.27455,1.27557,1.27343,1.2751299999999999,5511.0
2024-11-13 12:00:00,1.2751299999999999,1.27519,1.27373,1.27404,4171.0
2024-11-13 13:00:00,1.27404,1.27551,1.27367,1.2754400000000001,3607.0
2024-11-13 14:00:00,1.2754400000000001,1.27586,1.27428,1.27451,4907.0
2024-11-13 15:00:00,1.2745,1.27694,1.27365,1.2754400000000001,11527.0
2024-11-13 16:00:00,1.27543,1.27568,1.26983,1.27093,13158.0
2024-11-13 17:00:00,1.27092,1.27252,1.26864,1.2724,14338.0
2024-11-13 18:00:00,1.27241,1.2726600000000001,1.2705199999999999,1.27084,9034.0
2024-11-13 19:00:00,1.27084,1.27206,1.27,1.27101,6339.0
2024-11-13 20:00:00,1.27102,1.27118,1.26999,1.2705600000000001,4610.0
2024-11-13 21:00:00,1.27057,1.27203,1.27035,1.2704900000000001,4583.0
2024-11-13 22:00:00,1.2705,1.27097,1.27005,1.27042,3357.0
2024-11-13 23:00:00,1.27042,1.27119,1.2704,1.2708,2808.0
2024-11-14 00:00:00,1.27075,1.27093,1.26994,1.27039,1937.0
2024-11-14 01:00:00,1.27041,1.2711299999999999,1.2703,1.27072,990.0
2024-11-14 02:00:00,1.27072,1.27104,1.27039,1.2705600000000001,2230.0
2024-11-14 03:00:00,1.27055,1.27055,1.2692,1.2694,3877.0
2024-11-14 04:00:00,1.26941,1.26942,1.2683,1.26843,3484.0
2024-11-14 05:00:00,1.2684199999999999,1.2693400000000001,1.2683,1.26837,2775.0
2024-11-14 06:00:00,1.26837,1.26854,1.26795,1.2683200000000001,2052.0
2024-11-14 07:00:00,1.2683200000000001,1.2691,1.2673,1.26874,3210.0
2024-11-14 08:00:00,1.2687300000000001,1.2695400000000001,1.2683200000000001,1.26852,3959.0
2024-11-14 09:00:00,1.26852,1.26945,1.26797,1.26871,4653.0
2024-11-14 10:00:00,1.26871,1.2692999999999999,1.26687,1.26697,5775.0
2024-11-14 11:00:00,1.26696,1.26752,1.26553,1.26569,5803.0
2024-11-14 12:00:00,1.26569,1.26589,1.26299,1.26424,6043.0
2024-11-14 13:00:00,1.26423,1.2659500000000001,1.26299,1.26586,6415.0
2024-11-14 14:00:00,1.26586,1.2671700000000001,1.26513,1.2665,5759.0
2024-11-14 15:00:00,1.2665,1.26798,1.26456,1.26571,10766.0
2024-11-14 16:00:00,1.26571,1.27039,1.26558,1.26904,10776.0
2024-11-14 17:00:00,1.26904,1.27118,1.26858,1.27078,11031.0
2024-11-14 18:00:00,1.27077,1.2720099999999999,1.2699500000000001,1.2705199999999999,7083.0
2024-11-14 19:00:00,1.2705199999999999,1.27082,1.26973,1.27034,5812.0
2024-11-14 20:00:00,1.27036,1.2704900000000001,1.26858,1.26862,4232.0
2024-11-14 21:00:00,1.26862,1.26932,1.26827,1.2687,3659.0
2024-11-14 22:00:00,1.26868,1.26883,1.26474,1.2657,12761.0
2024-11-14 23:00:00,1.2657,1.26676,1.26544,1.26663,3089.0
2024-11-15 00:00:00,1.2665600000000001,1.26663,1.2659,1.26641,1052.0
2024-11-15 01:00:00,1.26641,1.26714,1.2658,1.26668,1593.0
2024-11-15 02:00:00,1.26668,1.26673,1.2656399999999999,1.26615,3082.0
2024-11-15 03:00:00,1.26614,1.26722,1.26583,1.2665199999999999,4961.0
2024-11-15 04:00:00,1.26653,1.26779,1.2665199999999999,1.26758,3698.0
2024-11-15 05:00:00,1.26757,1.26824,1.26749,1.26756,3657.0
2024-11-15 06:00:00,1.26755,1.26803,1.26738,1.26772,2116.0
2024-11-15 07:00:00,1.2677100000000001,1.26786,1.26718,1.2675,2949.0
2024-11-15 08:00:00,1.2675,1.26906,1.26666,1.26836,4097.0
2024-11-15 09:00:00,1.26836,1.26881,1.26664,1.26665,5680.0
2024-11-15 10:00:00,1.26665,1.26708,1.26569,1.2662900000000001,6398.0
2024-11-15 11:00:00,1.2662900000000001,1.26753,1.26488,1.26523,5236.0
2024-11-15 12:00:00,1.26524,1.26813,1.26501,1.2675100000000001,5630.0
2024-11-15 13:00:00,1.2675100000000001,1.26971,1.26682,1.26897,4068.0
2024-11-15 14:00:00,1.26897,1.26926,1.26671,1.26772,3328.0
2024-11-15 15:00:00,1.26773,1.26878,1.2640500000000001,1.26502,11644.0
2024-11-15 16:00:00,1.26502,1.26545,1.26257,1.26352,11702.0
2024-11-15 17:00:00,1.2635,1.26372,1.26144,1.26284,11699.0
2024-11-15 18:00:00,1.2628300000000001,1.26426,1.26179,1.26272,9456.0
2024-11-15 19:00:00,1.26272,1.2638099999999999,1.26239,1.26271,6912.0
2024-11-15 20:00:00,1.26271,1.2631999999999999,1.26159,1.26304,5199.0
2024-11-18 00:00:00,1.26163,1.26202,1.26048,1.2610299999999999,2395.0
2024-11-18 01:00:00,1.2610999999999999,1.26224,1.26053,1.2619,1714.0
2024-11-18 02:00:00,1.2619,1.26391,1.26151,1.26389,3252.0
2024-11-18 03:00:00,1.2639,1.26424,1.2631000000000001,1.2635399999999999,6078.0
2024-11-18 04:00:00,1.2635399999999999,1.26403,1.263,1.2634699999999999,3807.0
2024-11-18 05:00:00,1.2634699999999999,1.26376,1.26205,1.26248,2725.0
2024-11-18 06:00:00,1.2624900000000001,1.26348,1.2623199999999999,1.26336,2064.0
2024-11-18 07:00:00,1.26336,1.26338,1.2625199999999999,1.26301,3010.0
2024-11-18 08:00:00,1.263,1.2640799999999999,1.26285,1.26384,3576.0
2024-11-18 09:00:00,1.26384,1.26391,1.2619099999999999,1.26263,4062.0
2024-11-18 10:00:00,1.26263,1.26311,1.26149,1.26189,5992.0
2024-11-18 11:00:00,1.26189,1.26363,1.2612999999999999,1.26298,6851.0
2024-11-18 12:00:00,1.26297,1.26304,1.26149,1.26292,5319.0
2024-11-18 13:00:00,1.26291,1.26302,1.2613699999999999,1.26183,4192.0
2024-11-18 14:00:00,1.26182,1.26294,1.26163,1.26254,4219.0
2024-11-18 15:00:00,1.26254,1.26321,1.26203,1.26251,5623.0
2024-11-18 16:00:00,1.2625,1.26367,1.26186,1.26316,6904.0
2024-11-18 17:00:00,1.2631700000000001,1.26436,1.26219,1.26395,6602.0
2024-11-18 18:00:00,1.26395,1.26628,1.26393,1.26615,5111.0
2024-11-18 19:00:00,1.26615,1.26687,1.26541,1.26657,5060.0
2024-11-18 20:00:00,1.2665600000000001,1.26813,1.26645,1.26802,3655.0
2024-11-18 21:00:00,1.26803,1.2686600000000001,1.26693,1.2671299999999999,4031.0
2024-11-18 22:00:00,1.26712,1.26784,1.26712,1.26758,3186.0
2024-11-18 23:00:00,1.26758,1.26817,1.2674,1.26772,1602.0
2024-11-19 00:00:00,1.26776,1.26801,1.26694,1.26779,1149.0
2024-11-19 01:00:00,1.26779,1.2679,1.26724,1.26785,882.0
2024-11-19 02:00:00,1.26785,1.26788,1.26671,1.2668300000000001,2517.0
2024-11-19 03:00:00,1.26684,1.26784,1.26657,1.26772,3219.0
2024-11-19 04:00:00,1.26772,1.26801,1.26723,1.26772,2689.0
2024-11-19 05:00:00,1.26773,1.26891,1.26769,1.26854,2448.0
2024-11-19 06:00:00,1.26854,1.26894,1.26731,1.26743,2803.0
2024-11-19 07:00:00,1.26742,1.26742,1.26672,1.26692,2213.0
2024-11-19 08:00:00,1.26693,1.26797,1.26679,1.2677100000000001,3087.0
2024-11-19 09:00:00,1.2677100000000001,1.26795,1.26632,1.26732,4542.0
2024-11-19 10:00:00,1.26733,1.26794,1.26502,1.26556,8765.0
2024-11-19 11:00:00,1.26556,1.26611,1.26133,1.26274,11465.0
2024-11-19 12:00:00,1.26274,1.26486,1.2625,1.26358,7788.0
2024-11-19 13:00:00,1.26358,1.26433,1.26263,1.26349,5182.0
2024-11-19 14:00:00,1.26349,1.26441,1.26295,1.2644,4687.0
2024-11-19 15:00:00,1.26441,1.2653400000000001,1.26327,1.26357,7888.0
2024-11-19 16:00:00,1.26356,1.26548,1.26275,1.26391,11195.0
2024-11-19 17:00:00,1.26391,1.26709,1.26319,1.26645,7900.0
2024-11-19 18:00:00,1.26645,1.26795,1.2662,1.2666,6379.0
2024-11-19 19:00:00,1.2665899999999999,1.26823,1.2665,1.26712,4926.0
2024-11-19 20:00:00,1.26711,1.26788,1.26616,1.26777,4249.0
2024-11-19 21:00:00,1.2677800000000001,1.26814,1.26688,1.26762,3591.0
2024-11-19 22:00:00,1.26762,1.26853,1.26742,1.26776,2774.0
2024-11-19 23:00:00,1.26775,1.26854,1.26761,1.26827,1661.0
2024-11-20 00:00:00,1.26817,1.26817,1.2671700000000001,1.26776,1231.0
2024-11-20 01:00:00,1.26776,1.26943,1.2677399999999999,1.26942,1305.0
2024-11-20 02:00:00,1.26942,1.2695400000000001,1.26856,1.2687,1960.0
2024-11-20 03:00:00,1.2687,1.26915,1.26838,1.2689599999999999,3149.0
2024-11-20 04:00:00,1.26897,1.26936,1.26879,1.2689,2413.0
2024-11-20 05:00:00,1.2689,1.26915,1.26802,1.26819,2098.0
2024-11-20 06:00:00,1.26818,1.26881,1.26796,1.26872,1560.0
2024-11-20 07:00:00,1.2687300000000001,1.26902,1.26834,1.26838,2167.0
2024-11-20 08:00:00,1.26838,1.26926,1.26803,1.26847,3339.0
2024-11-20 09:00:00,1.26856,1.2714699999999999,1.26722,1.26953,7152.0
2024-11-20 10:00:00,1.26953,1.26967,1.26735,1.26766,5958.0
2024-11-20 11:00:00,1.26765,1.26828,1.26641,1.26693,5386.0
2024-11-20 12:00:00,1.26693,1.26748,1.26567,1.266,5200.0
2024-11-20 13:00:00,1.26599,1.26631,1.26488,1.26627,4566.0
2024-11-20 14:00:00,1.26627,1.26735,1.2662499999999999,1.26671,4710.0
2024-11-20 15:00:00,1.2667,1.26754,1.26623,1.26738,5590.0
2024-11-20 16:00:00,1.26739,1.26749,1.26382,1.26422,7422.0
2024-11-20 17:00:00,1.26423,1.26632,1.26407,1.26532,8533.0
2024-11-20 18:00:00,1.2653400000000001,1.26563,1.2631000000000001,1.26372,7244.0
2024-11-20 19:00:00,1.26372,1.26619,1.26309,1.26542,4351.0
2024-11-20 20:00:00,1.26542,1.2655,1.26414,1.26495,4413.0
2024-11-20 21:00:00,1.26495,1.26521,1.26452,1.26475,3128.0
2024-11-20 22:00:00,1.26475,1.26475,1.2643,1.26467,2879.0
2024-11-20 23:00:00,1.2646600000000001,1.26533,1.26457,1.26528,2185.0
2024-11-21 00:00:00,1.26509,1.26536,1.2648,1.26495,1217.0
2024-11-21 01:00:00,1.2649599999999999,1.26556,1.2649599999999999,1.26555,691.0
2024-11-21 02:00:00,1.26555,1.26574,1.2651,1.26545,1745.0
2024-11-21 03:00:00,1.26546,1.2659,1.26538,1.26549,2946.0
2024-11-21 04:00:00,1.2655,1.26585,1.2650299999999999,1.26546,2192.0
2024-11-21 05:00:00,1.26546,1.2659799999999999,1.26519,1.26587,2019.0
2024-11-21 06:00:00,1.26586,1.26603,1.26524,1.26546,1339.0
2024-11-21 07:00:00,1.26547,1.26553,1.26495,1.26501,2450.0
2024-11-21 08:00:00,1.26502,1.26579,1.26462,1.2652999999999999,3823.0
2024-11-21 09:00:00,1.26531,1.26533,1.26371,1.26485,5883.0
2024-11-21 10:00:00,1.26486,1.26497,1.26319,1.2640799999999999,6936.0
2024-11-21 11:00:00,1.26407,1.26407,1.26231,1.26323,7314.0
2024-11-21 12:00:00,1.26323,1.26359,1.2625600000000001,1.26318,3981.0
2024-11-21 13:00:00,1.26318,1.26512,1.26301,1.26379,4649.0
2024-11-21 14:00:00,1.2638,1.26444,1.26308,1.26398,4475.0
2024-11-21 15:00:00,1.26398,1.26577,1.26318,1.26475,8314.0
2024-11-21 16:00:00,1.26475,1.2650299999999999,1.26194,1.26368,8428.0
2024-11-21 17:00:00,1.26367,1.2652700000000001,1.2616800000000001,1.26178,8871.0
2024-11-21 18:00:00,1.26178,1.2622200000000001,1.25853,1.25855,10713.0
2024-11-21 19:00:00,1.2585600000000001,1.26024,1.25763,1.26001,7204.0
2024-11-21 20:00:00,1.26001,1.2604600000000001,1.25918,1.2601499999999999,4416.0
2024-11-21 21:00:00,1.2601499999999999,1.26048,1.25906,1.2601499999999999,3931.0
2024-11-21 22:00:00,1.2601499999999999,1.26054,1.2595,1.25961,2655.0
2024-11-21 23:00:00,1.25961,1.25968,1.25867,1.25892,2000.0
2024-11-22 00:00:00,1.25892,1.25926,1.25821,1.259,1408.0
2024-11-22 01:00:00,1.259,1.25915,1.25833,1.25847,1266.0
2024-11-22 02:00:00,1.25847,1.25912,1.25841,1.25903,3005.0
2024-11-22 03:00:00,1.25903,1.25942,1.25854,1.25881,3440.0
2024-11-22 04:00:00,1.25881,1.25901,1.25805,1.25869,3193.0
2024-11-22 05:00:00,1.25869,1.25942,1.25834,1.2584,2522.0
2024-11-22 06:00:00,1.2584,1.25873,1.25805,1.25851,2134.0
2024-11-22 07:00:00,1.25851,1.25851,1.25665,1.25687,3174.0
2024-11-22 08:00:00,1.25685,1.25743,1.25647,1.25719,3958.0
2024-11-22 09:00:00,1.25708,1.2575,1.25515,1.25722,6285.0
2024-11-22 10:00:00,1.25722,1.25817,1.25529,1.25538,9497.0
2024-11-22 11:00:00,1.25539,1.25543,1.24913,1.2511999999999999,14679.0
2024-11-22 12:00:00,1.2511999999999999,1.2540499999999999,1.24872,1.25342,9501.0
2024-11-22 13:00:00,1.2534100000000001,1.25343,1.25057,1.2512699999999999,5644.0
2024-11-22 14:00:00,1.2512699999999999,1.25164,1.25018,1.25122,5909.0
2024-11-22 15:00:00,1.25122,1.25254,1.25086,1.25203,7670.0
2024-11-22 16:00:00,1.25204,1.25323,1.25126,1.25179,9024.0
2024-11-22 17:00:00,1.25177,1.25378,1.2511999999999999,1.25268,11263.0
2024-11-22 18:00:00,1.25268,1.25286,1.25072,1.25152,6871.0
2024-11-22 19:00:00,1.25152,1.25314,1.25148,1.25302,4936.0
2024-11-22 20:00:00,1.25302,1.25353,1.2525,1.25258,3933.0
2024-11-25 00:00:00,1.2591999999999999,1.2591999999999999,1.2564,1.25843,1973.0
2024-11-25 01:00:00,1.25843,1.2597,1.25745,1.25929,3674.0
2024-11-25 02:00:00,1.25929,1.25983,1.25876,1.2594699999999999,3616.0
2024-11-25 03:00:00,1.25946,1.2604899999999999,1.25916,1.2594,4290.0
2024-11-25 04:00:00,1.25939,1.2607,1.25916,1.2601,3525.0
2024-11-25 05:00:00,1.26009,1.26027,1.25925,1.25929,2996.0
2024-11-25 06:00:00,1.25929,1.25968,1.25908,1.2595399999999999,1985.0
2024-11-25 07:00:00,1.2595399999999999,1.26006,1.2588599999999999,1.25946,2705.0
2024-11-25 08:00:00,1.25943,1.26051,1.25901,1.2600799999999999,3608.0
2024-11-25 09:00:00,1.2600799999999999,1.2600799999999999,1.25708,1.25715,5136.0
2024-11-25 10:00:00,1.25716,1.25732,1.2548300000000001,1.2561200000000001,7632.0
2024-11-25 11:00:00,1.2560799999999999,1.2579,1.2559,1.2573699999999999,7365.0
2024-11-25 12:00:00,1.25739,1.25831,1.2570999999999999,1.25784,4899.0
2024-11-25 13:00:00,1.25785,1.25826,1.25631,1.2564899999999999,4060.0
2024-11-25 14:00:00,1.2564899999999999,1.25745,1.25516,1.25715,5331.0
2024-11-25 15:00:00,1.25715,1.26135,1.25696,1.26114,9271.0
2024-11-25 16:00:00,1.26114,1.26132,1.2582900000000001,1.25857,10385.0
2024-11-25 17:00:00,1.25858,1.25933,1.25476,1.2551,8364.0
2024-11-25 18:00:00,1.25511,1.25653,1.25416,1.25508,7792.0
2024-11-25 19:00:00,1.25508,1.25558,1.25423,1.25545,5003.0
2024-11-25 20:00:00,1.2554400000000001,1.2576,1.25539,1.2575,4841.0
2024-11-25 21:00:00,1.25751,1.2577099999999999,1.25701,1.25745,3621.0
2024-11-25 22:00:00,1.25746,1.25786,1.25657,1.25671,3396.0
2024-11-25 23:00:00,1.25672,1.25715,1.25633,1.25682,2162.0
2024-11-26 00:00:00,1.25677,1.2570299999999999,1.25645,1.25693,1207.0
2024-11-26 01:00:00,1.25693,1.25733,1.25299,1.25321,5164.0
2024-11-26 02:00:00,1.25321,1.2539500000000001,1.25113,1.25135,9267.0
2024-11-26 03:00:00,1.25134,1.2537099999999999,1.2507,1.25267,8080.0
2024-11-26 04:00:00,1.25268,1.25355,1.25243,1.25322,5062.0
2024-11-26 05:00:00,1.25322,1.25494,1.25295,1.2549000000000001,3825.0
2024-11-26 06:00:00,1.2549000000000001,1.25627,1.25489,1.25522,3211.0
2024-11-26 07:00:00,1.25522,1.2555399999999999,1.25469,1.25482,3360.0
2024-11-26 08:00:00,1.2548300000000001,1.2556,1.25447,1.25462,4253.0
2024-11-26 09:00:00,1.25462,1.25541,1.25427,1.25437,6634.0
2024-11-26 10:00:00,1.25437,1.25545,1.25378,1.25529,7113.0
2024-11-26 11:00:00,1.25529,1.25786,1.25529,1.25718,7570.0
2024-11-26 12:00:00,1.25715,1.25928,1.2570999999999999,1.25892,5394.0
2024-11-26 13:00:00,1.25891,1.25911,1.25738,1.25838,4019.0
2024-11-26 14:00:00,1.25838,1.26165,1.25773,1.26064,7752.0
2024-11-26 15:00:00,1.26063,1.26094,1.25794,1.25824,9146.0
2024-11-26 16:00:00,1.2582499999999999,1.25882,1.25693,1.2574100000000001,8777.0
2024-11-26 17:00:00,1.2574100000000001,1.25783,1.25548,1.2563,10047.0
2024-11-26 18:00:00,1.25632,1.2566899999999999,1.25329,1.25438,8472.0
2024-11-26 19:00:00,1.25438,1.25449,1.25312,1.25372,5900.0
2024-11-26 20:00:00,1.25372,1.2540499999999999,1.25248,1.2535,4747.0
2024-11-26 21:00:00,1.25366,1.25497,1.2530999999999999,1.25462,6202.0
2024-11-26 22:00:00,1.25461,1.2559,1.25449,1.2558099999999999,4223.0
2024-11-26 23:00:00,1.25582,1.25692,1.25579,1.25689,1781.0
2024-11-27 00:00:00,1.25688,1.25696,1.25665,1.25674,3078.0
2024-11-27 01:00:00,1.25675,1.25742,1.2566899999999999,1.25735,1033.0
2024-11-27 02:00:00,1.25735,1.25777,1.25711,1.25726,2771.0
2024-11-27 03:00:00,1.25726,1.25801,1.2570299999999999,1.25747,5254.0
2024-11-27 04:00:00,1.25747,1.25757,1.25692,1.25746,3761.0
2024-11-27 05:00:00,1.25746,1.25751,1.25693,1.25718,2850.0
2024-11-27 06:00:00,1.25718,1.25755,1.25681,1.25728,2171.0
2024-11-27 07:00:00,1.25727,1.25732,1.25665,1.25681,2279.0
2024-11-27 08:00:00,1.2568,1.25797,1.25671,1.2574,3423.0
2024-11-27 09:00:00,1.2574,1.2598,1.25739,1.2592400000000001,5287.0
2024-11-27 10:00:00,1.2592400000000001,1.2616399999999999,1.2589000000000001,1.2598799999999999,9716.0
2024-11-27 11:00:00,1.25987,1.26111,1.25922,1.2604,6419.0
2024-11-27 12:00:00,1.26041,1.2619,1.2597800000000001,1.26139,5145.0
2024-11-27 13:00:00,1.26139,1.26193,1.25997,1.2610000000000001,4094.0
2024-11-27 14:00:00,1.2610000000000001,1.2631299999999999,1.2607599999999999,1.26277,5232.0
2024-11-27 15:00:00,1.26277,1.2662900000000001,1.2623199999999999,1.26626,8892.0
2024-11-27 16:00:00,1.26626,1.26678,1.26402,1.26515,9538.0
2024-11-27 17:00:00,1.26511,1.26878,1.26332,1.2677,10885.0
2024-11-27 18:00:00,1.2677,1.26945,1.26648,1.26758,8413.0
2024-11-27 19:00:00,1.26758,1.26941,1.26691,1.2674699999999999,6418.0
2024-11-27 20:00:00,1.26746,1.26825,1.26722,1.26764,3844.0
2024-11-27 21:00:00,1.26763,1.2680500000000001,1.2671299999999999,1.26726,3488.0
2024-11-27 22:00:00,1.26727,1.26798,1.26697,1.2679,3685.0
2024-11-27 23:00:00,1.2679,1.2682,1.2677,1.26791,2076.0
2024-11-28 00:00:00,1.26787,1.26819,1.26708,1.268,1464.0
2024-11-28 01:00:00,1.268,1.26831,1.26766,1.2677100000000001,1060.0
2024-11-28 02:00:00,1.2677100000000001,1.2677800000000001,1.26694,1.26705,2471.0
2024-11-28 03:00:00,1.26705,1.26782,1.2665,1.26728,4894.0
2024-11-28 04:00:00,1.26729,1.26754,1.26644,1.26697,3374.0
2024-11-28 05:00:00,1.26696,1.26703,1.26613,1.26628,3015.0
2024-11-28 06:00:00,1.2663,1.26671,1.2659,1.26668,2530.0
2024-11-28 07:00:00,1.26669,1.26694,1.26634,1.26642,2885.0
2024-11-28 08:00:00,1.26641,1.26665,1.26575,1.26608,3529.0
2024-11-28 09:00:00,1.26608,1.26685,1.26454,1.26518,4749.0
2024-11-28 10:00:00,1.26516,1.2657,1.26452,1.26499,6829.0
2024-11-28 11:00:00,1.2650000000000001,1.26587,1.26451,1.2651,6802.0
2024-11-28 12:00:00,1.26511,1.26682,1.26475,1.26658,3895.0
2024-11-28 13:00:00,1.2665899999999999,1.26742,1.26627,1.26667,3537.0
2024-11-28 14:00:00,1.26667,1.26691,1.266,1.26664,3456.0
2024-11-28 15:00:00,1.26662,1.26708,1.2659799999999999,1.26638,4369.0
2024-11-28 16:00:00,1.26639,1.2676,1.2661,1.26759,4351.0
2024-11-28 17:00:00,1.26759,1.26829,1.26707,1.26823,4535.0
2024-11-28 18:00:00,1.26822,1.2690000000000001,1.26761,1.2687599999999999,2585.0
2024-11-28 19:00:00,1.2687599999999999,1.26892,1.2683200000000001,1.26875,1948.0
2024-11-28 20:00:00,1.2687599999999999,1.26897,1.2684199999999999,1.26874,578.0
2024-11-28 21:00:00,1.2687599999999999,1.2690000000000001,1.26864,1.26897,488.0
2024-11-28 22:00:00,1.2689599999999999,1.26911,1.26862,1.2687599999999999,430.0
2024-11-28 23:00:00,1.2687599999999999,1.26902,1.26861,1.26863,480.0
2024-11-29 00:00:00,1.26846,1.26898,1.26754,1.2688,743.0
2024-11-29 01:00:00,1.2688,1.2696,1.2685,1.26955,1514.0
2024-11-29 02:00:00,1.26955,1.27045,1.26932,1.2702,2845.0
2024-11-29 03:00:00,1.27021,1.2711700000000001,1.26984,1.2702,5587.0
2024-11-29 04:00:00,1.2702,1.2711700000000001,1.27014,1.27085,3673.0
2024-11-29 05:00:00,1.27085,1.27152,1.27057,1.27131,2935.0
2024-11-29 06:00:00,1.2713,1.27169,1.27087,1.27096,2652.0
2024-11-29 07:00:00,1.27096,1.27129,1.2706,1.27066,2827.0
2024-11-29 08:00:00,1.27066,1.27259,1.27055,1.2724199999999999,3234.0
2024-11-29 09:00:00,1.2724199999999999,1.27497,1.27215,1.27229,6973.0
2024-11-29 10:00:00,1.27228,1.27261,1.26966,1.27042,6201.0
2024-11-29 11:00:00,1.27043,1.27139,1.26902,1.26929,5640.0
2024-11-29 12:00:00,1.26928,1.2695699999999999,1.26822,1.26952,5738.0
2024-11-29 13:00:00,1.26951,1.2698,1.2688,1.26976,4492.0
2024-11-29 14:00:00,1.26976,1.27016,1.26816,1.26983,5532.0
2024-11-29 15:00:00,1.26983,1.27029,1.26772,1.26853,5364.0
2024-11-29 16:00:00,1.26852,1.2694,1.2671700000000001,1.26888,6400.0
2024-11-29 17:00:00,1.26887,1.27143,1.26858,1.27087,9162.0
2024-11-29 18:00:00,1.27087,1.27103,1.26912,1.26966,7801.0
2024-11-29 19:00:00,1.26966,1.27245,1.26918,1.2724199999999999,5303.0
2024-11-29 20:00:00,1.27243,1.2735,1.2723499999999999,1.2726899999999999,4242.0
2024-12-02 00:00:00,1.27189,1.27339,1.27189,1.2729300000000001,2707.0
2024-12-02 01:00:00,1.27292,1.27301,1.26963,1.27013,3515.0
2024-12-02 02:00:00,1.27014,1.27058,1.26867,1.26938,4174.0
2024-12-02 03:00:00,1.2693699999999999,1.26972,1.26862,1.26907,5259.0
2024-12-02 04:00:00,1.26906,1.26924,1.26801,1.26883,4791.0
2024-12-02 05:00:00,1.26884,1.2692999999999999,1.26844,1.2689,3290.0
2024-12-02 06:00:00,1.26889,1.26947,1.26865,1.26912,2542.0
2024-12-02 07:00:00,1.26911,1.26944,1.26813,1.26863,3596.0
2024-12-02 08:00:00,1.26863,1.2707600000000001,1.26857,1.27047,5055.0
2024-12-02 09:00:00,1.27047,1.27088,1.26801,1.26828,7909.0
2024-12-02 10:00:00,1.26827,1.26977,1.26788,1.26945,7895.0
2024-12-02 11:00:00,1.2695,1.27082,1.2692999999999999,1.27034,6332.0
2024-12-02 12:00:00,1.27033,1.27138,1.26973,1.27053,6230.0
2024-12-02 13:00:00,1.27053,1.27226,1.27033,1.27111,4895.0
2024-12-02 14:00:00,1.27111,1.27138,1.2662200000000001,1.26657,6921.0
2024-12-02 15:00:00,1.2665600000000001,1.26853,1.2665600000000001,1.26848,8059.0
2024-12-02 16:00:00,1.26848,1.26923,1.2634400000000001,1.26376,8855.0
2024-12-02 17:00:00,1.26364,1.26427,1.2617099999999999,1.26277,11425.0
2024-12-02 18:00:00,1.26278,1.26531,1.26174,1.2636,9585.0
2024-12-02 19:00:00,1.2636,1.26548,1.2633,1.26443,5518.0
2024-12-02 20:00:00,1.26443,1.26489,1.26407,1.26456,3927.0
2024-12-02 21:00:00,1.26457,1.26528,1.26426,1.26499,3615.0
2024-12-02 22:00:00,1.26499,1.26707,1.26475,1.26543,6899.0
2024-12-02 23:00:00,1.26542,1.26573,1.26516,1.26539,1933.0
2024-12-03 00:00:00,1.2649599999999999,1.26566,1.26478,1.2654,699.0
2024-12-03 01:00:00,1.2654,1.26592,1.26521,1.26586,945.0
2024-12-03 02:00:00,1.26586,1.26602,1.2648,1.26507,2648.0
2024-12-03 03:00:00,1.26508,1.26565,1.26426,1.26464,4897.0
2024-12-03 04:00:00,1.26464,1.26474,1.26382,1.26426,4334.0
2024-12-03 05:00:00,1.26426,1.26491,1.26404,1.26462,2691.0
2024-12-03 06:00:00,1.26462,1.26489,1.26431,1.26446,1952.0
2024-12-03 07:00:00,1.26445,1.2650299999999999,1.26397,1.2647300000000001,2321.0
2024-12-03 08:00:00,1.26472,1.26549,1.26429,1.2649599999999999,3256.0
2024-12-03 09:00:00,1.2649599999999999,1.26725,1.2647,1.26628,5100.0
2024-12-03 10:00:00,1.2662900000000001,1.2694,1.26613,1.26904,7775.0
2024-12-03 11:00:00,1.26904,1.26971,1.26733,1.2677399999999999,5724.0
2024-12-03 12:00:00,1.2677399999999999,1.26833,1.26633,1.2665899999999999,4575.0
2024-12-03 13:00:00,1.26658,1.26697,1.26601,1.26627,4280.0
2024-12-03 14:00:00,1.26627,1.26653,1.2643499999999999,1.26451,4877.0
2024-12-03 15:00:00,1.2645,1.2673,1.26434,1.26696,6043.0
2024-12-03 16:00:00,1.26696,1.26736,1.26583,1.26657,8253.0
2024-12-03 17:00:00,1.26657,1.26703,1.26365,1.26619,11154.0
2024-12-03 18:00:00,1.26618,1.26748,1.26511,1.2674699999999999,6463.0
2024-12-03 19:00:00,1.2674699999999999,1.26925,1.2665199999999999,1.26916,5840.0
2024-12-03 20:00:00,1.26914,1.26997,1.26901,1.26975,4837.0
2024-12-03 21:00:00,1.26976,1.26984,1.2666,1.26679,3775.0
2024-12-03 22:00:00,1.26677,1.26772,1.26655,1.2671700000000001,3590.0
2024-12-03 23:00:00,1.2671700000000001,1.2674699999999999,1.26702,1.26725,1721.0
2024-12-04 00:00:00,1.26727,1.26739,1.2666,1.26722,233.0
2024-12-04 01:00:00,1.26722,1.2675100000000001,1.26677,1.26742,937.0
2024-12-04 02:00:00,1.26742,1.26782,1.26624,1.26634,2678.0
2024-12-04 03:00:00,1.26634,1.26738,1.26599,1.26672,4072.0
2024-12-04 04:00:00,1.26673,1.26718,1.26621,1.26637,3611.0
2024-12-04 05:00:00,1.26636,1.2664,1.26519,1.26556,3389.0
2024-12-04 06:00:00,1.26556,1.26803,1.26518,1.26795,3269.0
2024-12-04 07:00:00,1.26795,1.2695,1.2677800000000001,1.26909,2732.0
2024-12-04 08:00:00,1.26909,1.27017,1.26818,1.26973,3118.0
2024-12-04 09:00:00,1.26973,1.26985,1.26755,1.26816,5072.0
2024-12-04 10:00:00,1.26813,1.26952,1.26674,1.26719,7313.0
2024-12-04 11:00:00,1.26719,1.26818,1.26298,1.26763,9517.0
2024-12-04 12:00:00,1.26765,1.2683499999999999,1.26643,1.26662,5289.0
2024-12-04 13:00:00,1.26663,1.26858,1.2662200000000001,1.26796,4905.0
2024-12-04 14:00:00,1.26796,1.26819,1.26616,1.2665600000000001,4708.0
2024-12-04 15:00:00,1.2665600000000001,1.2681200000000001,1.26607,1.26704,8225.0
2024-12-04 16:00:00,1.26704,1.26841,1.26626,1.26725,7212.0
2024-12-04 17:00:00,1.26724,1.27122,1.26724,1.2708,13399.0
2024-12-04 18:00:00,1.27082,1.27179,1.27004,1.27099,7036.0
2024-12-04 19:00:00,1.27099,1.27214,1.27077,1.27165,4353.0
2024-12-04 20:00:00,1.27165,1.27196,1.26917,1.26917,3656.0
2024-12-04 21:00:00,1.2692999999999999,1.27116,1.26865,1.27004,6974.0
2024-12-04 22:00:00,1.27005,1.2704900000000001,1.26939,1.2703,3732.0
2024-12-04 23:00:00,1.27029,1.27039,1.26965,1.26999,1480.0
2024-12-05 00:00:00,1.2701799999999999,1.27048,1.27006,1.27043,519.0
2024-12-05 01:00:00,1.27043,1.2707899999999999,1.2699799999999999,1.27008,1008.0
2024-12-05 02:00:00,1.27008,1.27011,1.26928,1.26976,2000.0
2024-12-05 03:00:00,1.26978,1.27006,1.26953,1.26966,3056.0
2024-12-05 04:00:00,1.26966,1.27097,1.26942,1.27054,2406.0
2024-12-05 05:00:00,1.27054,1.27093,1.27019,1.27092,2023.0
2024-12-05 06:00:00,1.27092,1.27115,1.2701,1.2703,1840.0
2024-12-05 07:00:00,1.2703,1.27168,1.27023,1.2714400000000001,2787.0
2024-12-05 08:00:00,1.27143,1.27192,1.27122,1.27155,2692.0
2024-12-05 09:00:00,1.27155,1.27312,1.27155,1.27295,3989.0
2024-12-05 10:00:00,1.2729599999999999,1.27404,1.2726600000000001,1.27283,5077.0
2024-12-05 11:00:00,1.27283,1.27305,1.27138,1.27218,4111.0
2024-12-05 12:00:00,1.27218,1.27254,1.27152,1.27197,3884.0
2024-12-05 13:00:00,1.27195,1.2735,1.27151,1.27319,3530.0
2024-12-05 14:00:00,1.27319,1.27332,1.2713700000000001,1.27268,4951.0
2024-12-05 15:00:00,1.2726899999999999,1.27518,1.27238,1.27514,8650.0
2024-12-05 16:00:00,1.27515,1.27709,1.27487,1.27591,8317.0
2024-12-05 17:00:00,1.27591,1.27644,1.27333,1.2757,7949.0
2024-12-05 18:00:00,1.27568,1.27622,1.27473,1.27536,6003.0
2024-12-05 19:00:00,1.27536,1.27594,1.27373,1.27465,4383.0
2024-12-05 20:00:00,1.27464,1.27477,1.27318,1.27407,3926.0
2024-12-05 21:00:00,1.27407,1.2759800000000001,1.27407,1.2757,3960.0
2024-12-05 22:00:00,1.27569,1.27577,1.275,1.2751299999999999,2344.0
2024-12-05 23:00:00,1.2751000000000001,1.27612,1.27496,1.2760500000000001,1542.0
2024-12-06 00:00:00,1.27582,1.27599,1.27512,1.27584,2052.0
2024-12-06 01:00:00,1.27584,1.27617,1.27568,1.2760099999999999,804.0
2024-12-06 02:00:00,1.2760099999999999,1.27604,1.2751000000000001,1.27516,2011.0
2024-12-06 03:00:00,1.27516,1.27531,1.27397,1.27441,3734.0
2024-12-06 04:00:00,1.27442,1.27525,1.27437,1.27493,2819.0
2024-12-06 05:00:00,1.27494,1.27539,1.27465,1.27509,2289.0
2024-12-06 06:00:00,1.27508,1.27512,1.27458,1.27481,1472.0
2024-12-06 07:00:00,1.2748,1.2748,1.2742200000000001,1.2745,1906.0
2024-12-06 08:00:00,1.2744900000000001,1.2749,1.2741500000000001,1.27455,2549.0
2024-12-06 09:00:00,1.27455,1.27654,1.2741,1.27637,4279.0
2024-12-06 10:00:00,1.27638,1.27741,1.27577,1.27612,4951.0
2024-12-06 11:00:00,1.27613,1.27652,1.27553,1.27593,3632.0
2024-12-06 12:00:00,1.27595,1.27647,1.27497,1.27617,3303.0
2024-12-06 13:00:00,1.27617,1.27721,1.27555,1.27706,2819.0
2024-12-06 14:00:00,1.27705,1.2778100000000001,1.27664,1.27688,4174.0
2024-12-06 15:00:00,1.27687,1.28111,1.2766199999999999,1.2794699999999999,11533.0
2024-12-06 16:00:00,1.27948,1.27987,1.27546,1.276,13160.0
2024-12-06 17:00:00,1.2760099999999999,1.2760099999999999,1.27279,1.27438,10642.0
2024-12-06 18:00:00,1.27438,1.27559,1.27297,1.27413,7386.0
2024-12-06 19:00:00,1.27414,1.2741500000000001,1.27211,1.27276,5965.0
2024-12-06 20:00:00,1.27277,1.27416,1.27264,1.27295,3620.0
2024-12-09 00:00:00,1.27306,1.27492,1.27286,1.27414,1198.0
2024-12-09 01:00:00,1.27414,1.27505,1.27414,1.27482,1690.0
2024-12-09 02:00:00,1.27482,1.27487,1.274,1.27414,2204.0
2024-12-09 03:00:00,1.27414,1.27434,1.27366,1.27389,3098.0
2024-12-09 04:00:00,1.27389,1.27438,1.27352,1.27399,2580.0
2024-12-09 05:00:00,1.27398,1.27416,1.27228,1.27234,2117.0
2024-12-09 06:00:00,1.27234,1.27257,1.27173,1.27188,2572.0
2024-12-09 07:00:00,1.27189,1.27236,1.2717100000000001,1.272,2230.0
2024-12-09 08:00:00,1.272,1.2732,1.272,1.27312,2592.0
2024-12-09 09:00:00,1.27312,1.27631,1.27277,1.27626,5922.0
2024-12-09 10:00:00,1.27627,1.2772000000000001,1.27558,1.27689,5950.0
2024-12-09 11:00:00,1.27688,1.27789,1.2765,1.27685,4266.0
2024-12-09 12:00:00,1.27686,1.27836,1.27686,1.27735,4545.0
2024-12-09 13:00:00,1.27734,1.27829,1.2764199999999999,1.2765,3195.0
2024-12-09 14:00:00,1.2765,1.27691,1.27511,1.27583,3836.0
2024-12-09 15:00:00,1.27583,1.2784499999999999,1.27545,1.27786,6374.0
2024-12-09 16:00:00,1.27786,1.27837,1.27636,1.27776,6663.0
2024-12-09 17:00:00,1.27777,1.27985,1.27742,1.27953,6845.0
2024-12-09 18:00:00,1.27953,1.27989,1.27769,1.27802,5065.0
2024-12-09 19:00:00,1.27802,1.27824,1.27698,1.27705,3230.0
2024-12-09 20:00:00,1.27705,1.27716,1.27622,1.27665,3245.0
2024-12-09 21:00:00,1.27664,1.27665,1.27484,1.27535,3018.0
2024-12-09 22:00:00,1.27536,1.27564,1.27431,1.27488,2939.0
2024-12-09 23:00:00,1.2748599999999999,1.27533,1.27436,1.2751000000000001,1661.0
2024-12-10 00:00:00,1.27501,1.27524,1.27413,1.27487,1432.0
2024-12-10 01:00:00,1.27487,1.27506,1.27453,1.27484,871.0
2024-12-10 02:00:00,1.27484,1.27505,1.27444,1.27489,1965.0
2024-12-10 03:00:00,1.27489,1.27489,1.2739099999999999,1.27473,3420.0
2024-12-10 04:00:00,1.27474,1.2753999999999999,1.2742200000000001,1.27437,3426.0
2024-12-10 05:00:00,1.27437,1.2748300000000001,1.2735400000000001,1.27475,3449.0
2024-12-10 06:00:00,1.27475,1.27528,1.2747,1.27482,2230.0
2024-12-10 07:00:00,1.27482,1.2754699999999999,1.27445,1.27541,2463.0
2024-12-10 08:00:00,1.27541,1.27633,1.27532,1.27595,2747.0
2024-12-10 09:00:00,1.27595,1.2760799999999999,1.27402,1.27409,3853.0
2024-12-10 10:00:00,1.2741,1.2751700000000001,1.27367,1.27411,4713.0
2024-12-10 11:00:00,1.27411,1.27551,1.27373,1.27545,5502.0
2024-12-10 12:00:00,1.2754400000000001,1.27658,1.27532,1.27586,4540.0
2024-12-10 13:00:00,1.27585,1.27648,1.2753999999999999,1.27591,4050.0
2024-12-10 14:00:00,1.27591,1.27606,1.27438,1.27554,4667.0
2024-12-10 15:00:00,1.27554,1.27609,1.27446,1.27506,5325.0
2024-12-10 16:00:00,1.27506,1.27627,1.2743,1.27434,6351.0
2024-12-10 17:00:00,1.27434,1.2747600000000001,1.2723900000000001,1.27382,7967.0
2024-12-10 18:00:00,1.27381,1.2756,1.27363,1.27554,5805.0
2024-12-10 19:00:00,1.27554,1.27616,1.27454,1.2745600000000001,3995.0
2024-12-10 20:00:00,1.27458,1.27678,1.27445,1.27653,3696.0
2024-12-10 21:00:00,1.27652,1.2778,1.27614,1.27736,3123.0
2024-12-10 22:00:00,1.27737,1.2776399999999999,1.27685,1.27715,2827.0
2024-12-10 23:00:00,1.27716,1.27747,1.27697,1.27719,1647.0
2024-12-11 00:00:00,1.27673,1.27729,1.27624,1.2769599999999999,1245.0
2024-12-11 01:00:00,1.2769599999999999,1.27795,1.2769599999999999,1.27795,991.0
2024-12-11 02:00:00,1.27795,1.278,1.27714,1.27753,2157.0
2024-12-11 03:00:00,1.2775400000000001,1.27794,1.27726,1.27783,3396.0
2024-12-11 04:00:00,1.2778399999999999,1.27817,1.27743,1.27783,2645.0
2024-12-11 05:00:00,1.27783,1.27806,1.27729,1.27733,2153.0
2024-12-11 06:00:00,1.27733,1.27746,1.27655,1.27672,1808.0
2024-12-11 07:00:00,1.27673,1.27694,1.27628,1.27658,2068.0
2024-12-11 08:00:00,1.27658,1.27698,1.27647,1.27677,2147.0
2024-12-11 09:00:00,1.27677,1.27718,1.27305,1.2733400000000001,7879.0
2024-12-11 10:00:00,1.27333,1.27563,1.27326,1.27485,4948.0
2024-12-11 11:00:00,1.27484,1.27525,1.27273,1.27297,6389.0
2024-12-11 12:00:00,1.27297,1.27297,1.27131,1.27233,5011.0
2024-12-11 13:00:00,1.27233,1.2738399999999999,1.27159,1.2736100000000001,3905.0
2024-12-11 14:00:00,1.2736100000000001,1.27487,1.27328,1.27408,5473.0
2024-12-11 15:00:00,1.27408,1.2781500000000001,1.2738,1.2770299999999999,10431.0
2024-12-11 16:00:00,1.27698,1.2776,1.27499,1.27563,10521.0
2024-12-11 17:00:00,1.27563,1.27677,1.27339,1.27437,10589.0
2024-12-11 18:00:00,1.27439,1.27664,1.2741500000000001,1.27614,6279.0
2024-12-11 19:00:00,1.27614,1.27652,1.2741,1.27433,4008.0
2024-12-11 20:00:00,1.27434,1.27575,1.27343,1.2735,5264.0
2024-12-11 21:00:00,1.27349,1.27489,1.27328,1.27451,3622.0
2024-12-11 22:00:00,1.2745199999999999,1.275,1.27423,1.27462,2802.0
2024-12-11 23:00:00,1.27464,1.27507,1.27463,1.27505,1501.0
2024-12-12 00:00:00,1.27497,1.27509,1.2745,1.27493,823.0
2024-12-12 01:00:00,1.27493,1.27655,1.27488,1.27652,1283.0
2024-12-12 02:00:00,1.27652,1.27702,1.27606,1.2766899999999999,3166.0
2024-12-12 03:00:00,1.2767,1.27717,1.27652,1.27683,3730.0
2024-12-12 04:00:00,1.27683,1.2769599999999999,1.27611,1.2763499999999999,2521.0
2024-12-12 05:00:00,1.27636,1.27707,1.27622,1.27658,2439.0
2024-12-12 06:00:00,1.27658,1.27697,1.2763900000000001,1.27661,1632.0
2024-12-12 07:00:00,1.2766199999999999,1.27674,1.27607,1.27644,2156.0
2024-12-12 08:00:00,1.27645,1.27702,1.2763200000000001,1.27702,2218.0
2024-12-12 09:00:00,1.27702,1.2787899999999999,1.27627,1.27627,4985.0
2024-12-12 10:00:00,1.27627,1.27683,1.27567,1.27613,6423.0
2024-12-12 11:00:00,1.27612,1.27647,1.27546,1.2759,4642.0
2024-12-12 12:00:00,1.27589,1.27644,1.27409,1.27435,3654.0
2024-12-12 13:00:00,1.27436,1.27487,1.2736399999999999,1.27402,4801.0
2024-12-12 14:00:00,1.27402,1.27409,1.27268,1.2727,4180.0
2024-12-12 15:00:00,1.2727,1.27439,1.27193,1.2729,11318.0
2024-12-12 16:00:00,1.2729,1.27367,1.26999,1.27325,12769.0
2024-12-12 17:00:00,1.27326,1.2736399999999999,1.2671000000000001,1.2689599999999999,12106.0
2024-12-12 18:00:00,1.26895,1.27153,1.2687300000000001,1.27123,7242.0
2024-12-12 19:00:00,1.27124,1.27194,1.2696100000000001,1.27032,5392.0
2024-12-12 20:00:00,1.27032,1.27039,1.2686,1.26861,5359.0
2024-12-12 21:00:00,1.26861,1.26889,1.26702,1.26706,4377.0
2024-12-12 22:00:00,1.26705,1.26756,1.26674,1.26688,3497.0
2024-12-12 23:00:00,1.26688,1.2674699999999999,1.26667,1.26735,2205.0
2024-12-13 00:00:00,1.26724,1.2677399999999999,1.26691,1.26737,1808.0
2024-12-13 01:00:00,1.26737,1.26785,1.26737,1.26769,977.0
2024-12-13 02:00:00,1.26768,1.26793,1.26726,1.26765,2394.0
2024-12-13 03:00:00,1.26766,1.26779,1.26641,1.26661,3828.0
2024-12-13 04:00:00,1.26662,1.26695,1.26619,1.26626,2555.0
2024-12-13 05:00:00,1.26627,1.26661,1.26597,1.26611,2088.0
2024-12-13 06:00:00,1.2661,1.26648,1.26574,1.26637,1654.0
2024-12-13 07:00:00,1.26638,1.2665,1.2657,1.2664,1952.0
2024-12-13 08:00:00,1.26639,1.2665199999999999,1.2653699999999999,1.26647,2533.0
2024-12-13 09:00:00,1.26647,1.26647,1.2618800000000001,1.26268,6273.0
2024-12-13 10:00:00,1.26268,1.26366,1.26205,1.26276,5261.0
2024-12-13 11:00:00,1.26275,1.26438,1.2625199999999999,1.26398,4925.0
2024-12-13 12:00:00,1.264,1.26465,1.26335,1.26436,4873.0
2024-12-13 13:00:00,1.26437,1.26544,1.26432,1.26448,3524.0
2024-12-13 14:00:00,1.26448,1.26685,1.26414,1.26624,5210.0
2024-12-13 15:00:00,1.2662499999999999,1.26682,1.26519,1.26648,5564.0
2024-12-13 16:00:00,1.2664900000000001,1.2665600000000001,1.26369,1.26369,5759.0
2024-12-13 17:00:00,1.26368,1.26369,1.26082,1.26146,7233.0
2024-12-13 18:00:00,1.26144,1.26352,1.26123,1.26263,6236.0
2024-12-13 19:00:00,1.26263,1.26296,1.26192,1.26209,4454.0
2024-12-13 20:00:00,1.26209,1.2628300000000001,1.26132,1.26236,3519.0
2024-12-16 00:00:00,1.26112,1.26185,1.26081,1.26108,1713.0
2024-12-16 01:00:00,1.2612,1.26274,1.26114,1.26266,1524.0
2024-12-16 02:00:00,1.26266,1.26324,1.26264,1.26277,2255.0
2024-12-16 03:00:00,1.26276,1.26361,1.26269,1.26357,2777.0
2024-12-16 04:00:00,1.2635399999999999,1.26394,1.26285,1.26308,2137.0
2024-12-16 05:00:00,1.26307,1.26336,1.2629000000000001,1.26324,1824.0
2024-12-16 06:00:00,1.26325,1.26372,1.26325,1.26358,1724.0
2024-12-16 07:00:00,1.26359,1.26388,1.26338,1.26364,1571.0
2024-12-16 08:00:00,1.26363,1.2638099999999999,1.26312,1.26342,2047.0
2024-12-16 09:00:00,1.26342,1.26414,1.2631999999999999,1.26328,3203.0
2024-12-16 10:00:00,1.26328,1.2650000000000001,1.26294,1.26389,5865.0
2024-12-16 11:00:00,1.2639,1.26716,1.2639,1.2653699999999999,4786.0
2024-12-16 12:00:00,1.26538,1.26574,1.26446,1.2645,3577.0
2024-12-16 13:00:00,1.2645,1.26511,1.26417,1.2648,2976.0
2024-12-16 14:00:00,1.2648,1.26581,1.26463,1.26514,3364.0
2024-12-16 15:00:00,1.26513,1.26644,1.26511,1.26639,4496.0
2024-12-16 16:00:00,1.26638,1.26668,1.2635,1.2649,6689.0
2024-12-16 17:00:00,1.26491,1.26923,1.2649,1.26906,8117.0
2024-12-16 18:00:00,1.26905,1.26983,1.26829,1.26877,6292.0
2024-12-16 19:00:00,1.26877,1.26945,1.26787,1.26824,4207.0
2024-12-16 20:00:00,1.26825,1.26989,1.26811,1.26966,2914.0
2024-12-16 21:00:00,1.26967,1.26986,1.26776,1.2683900000000001,3055.0
2024-12-16 22:00:00,1.26841,1.2686600000000001,1.26793,1.26828,2087.0
2024-12-16 23:00:00,1.26828,1.26867,1.26788,1.2683,1638.0
2024-12-17 00:00:00,1.26818,1.2682,1.26754,1.2681499999999999,991.0
2024-12-17 01:00:00,1.2681499999999999,1.2692,1.26801,1.26901,1318.0
2024-12-17 02:00:00,1.26901,1.26983,1.2690000000000001,1.26944,2170.0
2024-12-17 03:00:00,1.26943,1.2696100000000001,1.26875,1.26895,2632.0
2024-12-17 04:00:00,1.26895,1.26978,1.2687599999999999,1.26887,2262.0
2024-12-17 05:00:00,1.26888,1.26912,1.26821,1.26829,1840.0
2024-12-17 06:00:00,1.26829,1.26843,1.26786,1.26789,1428.0
2024-12-17 07:00:00,1.26789,1.26807,1.26724,1.2674400000000001,1989.0
2024-12-17 08:00:00,1.2674400000000001,1.26779,1.2666,1.26706,3058.0
2024-12-17 09:00:00,1.26707,1.27067,1.26706,1.26987,5597.0
2024-12-17 10:00:00,1.26986,1.27061,1.2683,1.26924,5468.0
2024-12-17 11:00:00,1.26924,1.26953,1.26844,1.2686600000000001,4467.0
2024-12-17 12:00:00,1.26867,1.2695699999999999,1.26707,1.26939,4956.0
2024-12-17 13:00:00,1.2694,1.27043,1.26917,1.26992,3748.0
2024-12-17 14:00:00,1.26992,1.27082,1.26935,1.27061,3813.0
2024-12-17 15:00:00,1.27062,1.27082,1.26922,1.27023,6511.0
2024-12-17 16:00:00,1.27023,1.27075,1.26843,1.26924,6893.0
2024-12-17 17:00:00,1.26925,1.27161,1.26846,1.27101,7469.0
2024-12-17 18:00:00,1.271,1.27212,1.27024,1.27163,4909.0
2024-12-17 19:00:00,1.27163,1.27286,1.27104,1.27199,4673.0
2024-12-17 20:00:00,1.27197,1.27283,1.27141,1.27163,4047.0
2024-12-17 21:00:00,1.27163,1.27217,1.27094,1.27106,2742.0
2024-12-17 22:00:00,1.27107,1.27139,1.27028,1.2708300000000001,2465.0
2024-12-17 23:00:00,1.2708300000000001,1.2714699999999999,1.27064,1.27126,1190.0
2024-12-18 00:00:00,1.27088,1.2722,1.27012,1.2711299999999999,856.0
2024-12-18 01:00:00,1.2711299999999999,1.27139,1.27099,1.27101,923.0
2024-12-18 02:00:00,1.27101,1.27135,1.27068,1.27112,1895.0
2024-12-18 03:00:00,1.27111,1.27133,1.27048,1.27106,2656.0
2024-12-18 04:00:00,1.27107,1.27121,1.27008,1.27038,2309.0
2024-12-18 05:00:00,1.27039,1.27041,1.26963,1.26968,1610.0
2024-12-18 06:00:00,1.26969,1.27043,1.2695,1.2702,2105.0
2024-12-18 07:00:00,1.2702,1.27039,1.2699,1.27021,1618.0
2024-12-18 08:00:00,1.27021,1.27157,1.2701799999999999,1.27129,2410.0
2024-12-18 09:00:00,1.27129,1.27241,1.26852,1.26917,5115.0
2024-12-18 10:00:00,1.26916,1.26918,1.26797,1.26877,5030.0
2024-12-18 11:00:00,1.2687300000000001,1.2692,1.2683200000000001,1.26877,3759.0
2024-12-18 12:00:00,1.26877,1.2722,1.26868,1.27173,4214.0
2024-12-18 13:00:00,1.27173,1.27224,1.27057,1.27071,4178.0
2024-12-18 14:00:00,1.27071,1.2720099999999999,1.27037,1.2707,4637.0
2024-12-18 15:00:00,1.27071,1.27209,1.26911,1.26911,5767.0
2024-12-18 16:00:00,1.2691,1.27063,1.26853,1.27005,6476.0
2024-12-18 17:00:00,1.27004,1.27057,1.26875,1.26925,6289.0
2024-12-18 18:00:00,1.26924,1.26968,1.2683499999999999,1.26931,4772.0
2024-12-18 19:00:00,1.26931,1.27096,1.2692,1.2705,3882.0
2024-12-18 20:00:00,1.27051,1.27184,1.27012,1.27082,3824.0
2024-12-18 21:00:00,1.27077,1.27093,1.2591999999999999,1.2594,19158.0
2024-12-18 22:00:00,1.25941,1.26007,1.25622,1.25763,14744.0
2024-12-18 23:00:00,1.25763,1.25908,1.2570299999999999,1.25723,5174.0
2024-12-19 00:00:00,1.25731,1.25742,1.25636,1.2565,1497.0
2024-12-19 01:00:00,1.2565,1.2579500000000001,1.25632,1.25671,3233.0
2024-12-19 02:00:00,1.25671,1.25876,1.25671,1.25821,5479.0
2024-12-19 03:00:00,1.25821,1.25904,1.25801,1.25898,5395.0
2024-12-19 04:00:00,1.25899,1.2596,1.25841,1.25958,4340.0
2024-12-19 05:00:00,1.25958,1.25968,1.25843,1.25877,3506.0
2024-12-19 06:00:00,1.25877,1.25882,1.25813,1.2585600000000001,2150.0
2024-12-19 07:00:00,1.25855,1.25903,1.2582499999999999,1.25853,2761.0
2024-12-19 08:00:00,1.25852,1.25993,1.25831,1.25982,4372.0
2024-12-19 09:00:00,1.25982,1.26147,1.25972,1.26136,7025.0
2024-12-19 10:00:00,1.26135,1.2649,1.26056,1.2648,8153.0
2024-12-19 11:00:00,1.2648,1.26668,1.2646600000000001,1.2661,7354.0
2024-12-19 12:00:00,1.2661,1.2661,1.26368,1.26382,5456.0
2024-12-19 13:00:00,1.26383,1.2645,1.26242,1.26311,4674.0
2024-12-19 14:00:00,1.26306,1.2631299999999999,1.25838,1.2613699999999999,9298.0
2024-12-19 15:00:00,1.26136,1.26208,1.25913,1.25921,9666.0
2024-12-19 16:00:00,1.2591999999999999,1.26026,1.2574100000000001,1.25803,9461.0
2024-12-19 17:00:00,1.25805,1.2585,1.25451,1.25503,10112.0
2024-12-19 18:00:00,1.25503,1.25633,1.25274,1.25275,8741.0
2024-12-19 19:00:00,1.25275,1.25348,1.25078,1.25104,7807.0
2024-12-19 20:00:00,1.25103,1.25287,1.25047,1.25277,5905.0
2024-12-19 21:00:00,1.25274,1.25312,1.25031,1.25042,5044.0
2024-12-19 22:00:00,1.25043,1.2511700000000001,1.25006,1.25028,4105.0
2024-12-19 23:00:00,1.25027,1.25041,1.24951,1.25006,1849.0
2024-12-20 00:00:00,1.25008,1.25058,1.24961,1.25043,617.0
2024-12-20 01:00:00,1.25058,1.2507,1.24963,1.2497099999999999,1581.0
2024-12-20 02:00:00,1.2497099999999999,1.25019,1.24869,1.24899,3066.0
2024-12-20 03:00:00,1.24898,1.24976,1.24864,1.24897,3663.0
2024-12-20 04:00:00,1.24897,1.24908,1.24831,1.24868,2886.0
2024-12-20 05:00:00,1.24868,1.24893,1.24753,1.24804,2818.0
2024-12-20 06:00:00,1.24804,1.24834,1.24787,1.24823,2154.0
2024-12-20 07:00:00,1.2482199999999999,1.24872,1.24775,1.24868,2230.0
2024-12-20 08:00:00,1.24868,1.25068,1.24776,1.25057,5660.0
2024-12-20 09:00:00,1.2505600000000001,1.25114,1.24964,1.2503199999999999,6052.0
2024-12-20 10:00:00,1.2503199999999999,1.25177,1.24919,1.2506,6559.0
2024-12-20 11:00:00,1.25061,1.25111,1.24938,1.25033,5448.0
2024-12-20 12:00:00,1.2503199999999999,1.25204,1.25022,1.25092,4946.0
2024-12-20 13:00:00,1.25091,1.2509700000000001,1.24955,1.2506,4010.0
2024-12-20 14:00:00,1.2506,1.25235,1.2502900000000001,1.25078,4480.0
2024-12-20 15:00:00,1.25077,1.25596,1.25071,1.25542,8245.0
2024-12-20 16:00:00,1.25543,1.25598,1.25404,1.25479,8303.0
2024-12-20 17:00:00,1.2548,1.25609,1.25376,1.25407,9650.0
2024-12-20 18:00:00,1.25408,1.25921,1.25377,1.25851,8434.0
2024-12-20 19:00:00,1.25851,1.26141,1.25851,1.26034,7948.0
2024-12-20 20:00:00,1.26034,1.26044,1.25882,1.25945,4142.0
2024-12-23 00:00:00,1.25607,1.2567599999999999,1.25556,1.25663,1374.0
2024-12-23 01:00:00,1.25661,1.25748,1.2564600000000001,1.25705,2236.0
2024-12-23 02:00:00,1.25705,1.25767,1.2570299999999999,1.25725,2285.0
2024-12-23 03:00:00,1.25725,1.2583199999999999,1.2570700000000001,1.25811,2620.0
2024-12-23 04:00:00,1.25811,1.2588300000000001,1.25803,1.25862,2281.0
2024-12-23 05:00:00,1.25861,1.25879,1.25772,1.25782,1685.0
2024-12-23 06:00:00,1.25782,1.2583199999999999,1.25759,1.25813,1450.0
2024-12-23 07:00:00,1.25813,1.25846,1.2576800000000001,1.25776,1729.0
2024-12-23 08:00:00,1.25776,1.2578,1.25659,1.25682,2247.0
2024-12-23 09:00:00,1.25682,1.25712,1.25555,1.25586,3398.0
2024-12-23 10:00:00,1.25586,1.2577099999999999,1.25571,1.25742,3916.0
2024-12-23 11:00:00,1.25742,1.25834,1.2567599999999999,1.25693,4037.0
2024-12-23 12:00:00,1.25692,1.25722,1.25396,1.25451,3525.0
2024-12-23 13:00:00,1.25452,1.25529,1.25293,1.25329,3231.0
2024-12-23 14:00:00,1.25329,1.25355,1.2512400000000001,1.2524600000000001,4069.0
2024-12-23 15:00:00,1.25245,1.25319,1.25184,1.25254,4728.0
2024-12-23 16:00:00,1.25255,1.25386,1.25225,1.25285,5184.0
2024-12-23 17:00:00,1.25287,1.25319,1.25166,1.2518099999999999,6474.0
2024-12-23 18:00:00,1.25179,1.25317,1.25099,1.2528000000000001,4846.0
2024-12-23 19:00:00,1.2528000000000001,1.2533699999999999,1.2515800000000001,1.25209,4442.0
2024-12-23 20:00:00,1.2521,1.25355,1.25209,1.25289,4125.0
2024-12-23 21:00:00,1.25289,1.25369,1.25209,1.25352,3309.0
2024-12-23 22:00:00,1.25352,1.2539,1.25288,1.25349,3409.0
2024-12-23 23:00:00,1.2535,1.25377,1.2530700000000001,1.25356,1503.0
2024-12-24 00:00:00,1.25306,1.25385,1.25258,1.25365,887.0
2024-12-24 01:00:00,1.25365,1.2537099999999999,1.25315,1.25327,1337.0
2024-12-24 02:00:00,1.25327,1.25353,1.2525,1.25285,1960.0
2024-12-24 03:00:00,1.25285,1.2533400000000001,1.2528299999999999,1.25317,1820.0
2024-12-24 04:00:00,1.25318,1.25419,1.25318,1.25338,1861.0
2024-12-24 05:00:00,1.2534,1.25351,1.25277,1.25314,1536.0
2024-12-24 06:00:00,1.25314,1.25403,1.25312,1.2539,1800.0
2024-12-24 07:00:00,1.25391,1.25404,1.25335,1.25379,2001.0
2024-12-24 08:00:00,1.25379,1.25397,1.25308,1.25347,1991.0
2024-12-24 09:00:00,1.25347,1.25382,1.2530999999999999,1.25322,2200.0
2024-12-24 10:00:00,1.25323,1.25449,1.25323,1.25352,2438.0
2024-12-24 11:00:00,1.25353,1.25413,1.25282,1.25339,2717.0
2024-12-24 12:00:00,1.25338,1.25396,1.25264,1.25367,2626.0
2024-12-24 13:00:00,1.25367,1.25412,1.25297,1.2533699999999999,2807.0
2024-12-24 14:00:00,1.2533699999999999,1.25609,1.25315,1.25501,3419.0
2024-12-24 15:00:00,1.25501,1.2568,1.2549000000000001,1.25657,4081.0
2024-12-24 16:00:00,1.25657,1.25747,1.25571,1.25633,4724.0
2024-12-24 17:00:00,1.25632,1.25663,1.25356,1.25399,4601.0
2024-12-24 18:00:00,1.25399,1.25439,1.25241,1.2524199999999999,4041.0
2024-12-24 19:00:00,1.25241,1.2530000000000001,1.25187,1.25193,3192.0
2024-12-24 20:00:00,1.25193,1.25349,1.2519,1.2533400000000001,1431.0
2024-12-24 21:00:00,1.25333,1.2533400000000001,1.25306,1.25312,1027.0
2024-12-24 22:00:00,1.25312,1.2546,1.25312,1.25414,944.0
2024-12-24 23:00:00,1.25412,1.25497,1.25274,1.2539,1706.0
2024-12-26 00:00:00,1.25488,1.2551999999999999,1.2533400000000001,1.25433,740.0
2024-12-26 01:00:00,1.25433,1.25492,1.25367,1.25434,1933.0
2024-12-26 02:00:00,1.25434,1.25465,1.25376,1.25446,1760.0
2024-12-26 03:00:00,1.25445,1.2546300000000001,1.25378,1.25417,1794.0
2024-12-26 04:00:00,1.25417,1.25448,1.25407,1.25434,1521.0
2024-12-26 05:00:00,1.25435,1.25484,1.2543,1.25462,1352.0
2024-12-26 06:00:00,1.25462,1.25474,1.25379,1.25381,1604.0
2024-12-26 07:00:00,1.25381,1.25479,1.2538,1.25446,1323.0
2024-12-26 08:00:00,1.25446,1.25454,1.25389,1.25397,1367.0
2024-12-26 09:00:00,1.25397,1.25403,1.2521900000000001,1.25308,2048.0
2024-12-26 10:00:00,1.2530700000000001,1.25325,1.25262,1.25279,2094.0
2024-12-26 11:00:00,1.25278,1.25331,1.2524,1.25309,2113.0
2024-12-26 12:00:00,1.2530999999999999,1.25348,1.25286,1.2533,1419.0
2024-12-26 13:00:00,1.25332,1.25332,1.25292,1.25308,1392.0
2024-12-26 14:00:00,1.2530700000000001,1.2530700000000001,1.25143,1.25202,2706.0
2024-12-26 15:00:00,1.25203,1.25311,1.25177,1.25238,4011.0
2024-12-26 16:00:00,1.25237,1.25248,1.25018,1.25073,4764.0
2024-12-26 17:00:00,1.25073,1.25223,1.25011,1.25104,5255.0
2024-12-26 18:00:00,1.25107,1.2522,1.25088,1.2521499999999999,3141.0
2024-12-26 19:00:00,1.2521499999999999,1.25251,1.25121,1.2516,3150.0
2024-12-26 20:00:00,1.25157,1.25365,1.25157,1.25248,4134.0
2024-12-26 21:00:00,1.25247,1.25318,1.25191,1.25252,3325.0
2024-12-26 22:00:00,1.25251,1.25298,1.25235,1.25282,2647.0
2024-12-26 23:00:00,1.25284,1.25287,1.25253,1.25267,1763.0
2024-12-27 00:00:00,1.25183,1.25281,1.2515800000000001,1.25251,1078.0
2024-12-27 01:00:00,1.25251,1.25321,1.2524,1.2528000000000001,1410.0
2024-12-27 02:00:00,1.2528000000000001,1.2530700000000001,1.25248,1.25287,2236.0
2024-12-27 03:00:00,1.25288,1.25291,1.25224,1.25231,2499.0
2024-12-27 04:00:00,1.2523,1.25248,1.25183,1.25214,2147.0
2024-12-27 05:00:00,1.25213,1.25267,1.25186,1.25262,1817.0
2024-12-27 06:00:00,1.25262,1.25288,1.25211,1.2523,1698.0
2024-12-27 07:00:00,1.2523,1.2527,1.252,1.25203,1837.0
2024-12-27 08:00:00,1.25203,1.25265,1.25182,1.2524899999999999,2068.0
2024-12-27 09:00:00,1.2524899999999999,1.25324,1.252,1.25302,2707.0
2024-12-27 10:00:00,1.25301,1.25345,1.25199,1.25241,3541.0
2024-12-27 11:00:00,1.2524,1.25244,1.2505,1.25088,3021.0
2024-12-27 12:00:00,1.25087,1.25378,1.25087,1.25331,2943.0
2024-12-27 13:00:00,1.25331,1.25561,1.25232,1.25519,3975.0
2024-12-27 14:00:00,1.25519,1.2567,1.25488,1.25546,3719.0
2024-12-27 15:00:00,1.25545,1.25744,1.25528,1.25742,4216.0
2024-12-27 16:00:00,1.25743,1.25777,1.25576,1.25705,6369.0
2024-12-27 17:00:00,1.25705,1.25926,1.25534,1.2576800000000001,8457.0
2024-12-27 18:00:00,1.2577,1.2591700000000001,1.25702,1.2570299999999999,5466.0
2024-12-27 19:00:00,1.2570299999999999,1.2570299999999999,1.25553,1.25602,4498.0
2024-12-27 20:00:00,1.25603,1.25698,1.256,1.25684,3668.0
2024-12-30 00:00:00,1.25722,1.25765,1.25609,1.25735,943.0
2024-12-30 01:00:00,1.25735,1.25879,1.25731,1.25777,951.0
2024-12-30 02:00:00,1.25777,1.25821,1.25726,1.25789,1058.0
2024-12-30 03:00:00,1.25788,1.25838,1.25767,1.25804,1335.0
2024-12-30 04:00:00,1.25803,1.25814,1.25766,1.25786,1313.0
2024-12-30 05:00:00,1.25788,1.25799,1.25754,1.25796,1802.0
2024-12-30 06:00:00,1.2579500000000001,1.25814,1.25776,1.25814,1281.0
2024-12-30 07:00:00,1.25814,1.25853,1.25786,1.25818,1297.0
2024-12-30 08:00:00,1.25818,1.2589000000000001,1.25814,1.2586,1642.0
2024-12-30 09:00:00,1.2586,1.25867,1.25708,1.258,2949.0
2024-12-30 10:00:00,1.25799,1.25841,1.25616,1.25647,3637.0
2024-12-30 11:00:00,1.25647,1.25823,1.25626,1.25773,3574.0
2024-12-30 12:00:00,1.25772,1.25973,1.2573699999999999,1.25905,3260.0
2024-12-30 13:00:00,1.25906,1.26071,1.25889,1.25984,3335.0
2024-12-30 14:00:00,1.25984,1.26062,1.25892,1.25963,3926.0
2024-12-30 15:00:00,1.25964,1.25984,1.2553,1.25541,5409.0
2024-12-30 16:00:00,1.25542,1.25682,1.25409,1.25552,8394.0
2024-12-30 17:00:00,1.25552,1.25571,1.2506300000000001,1.25126,8553.0
2024-12-30 18:00:00,1.25126,1.25325,1.25078,1.2519,7076.0
2024-12-30 19:00:00,1.25191,1.2545,1.2519,1.25445,4529.0
2024-12-30 20:00:00,1.25446,1.25589,1.25442,1.2555,4053.0
2024-12-30 21:00:00,1.25549,1.2557,1.25435,1.25437,3729.0
2024-12-30 22:00:00,1.25436,1.25541,1.25411,1.25462,2914.0
2024-12-30 23:00:00,1.25462,1.25516,1.25452,1.25515,1197.0
2024-12-31 00:00:00,1.25411,1.25514,1.25366,1.25387,1185.0
2024-12-31 01:00:00,1.25387,1.2549000000000001,1.25387,1.25484,874.0
2024-12-31 02:00:00,1.25484,1.25484,1.25379,1.25472,1185.0
2024-12-31 03:00:00,1.25472,1.25598,1.25445,1.25583,2581.0
2024-12-31 04:00:00,1.25583,1.25601,1.25545,1.25564,1686.0
2024-12-31 05:00:00,1.25564,1.25577,1.25501,1.25515,1188.0
2024-12-31 06:00:00,1.25515,1.2551700000000001,1.2545,1.25451,761.0
2024-12-31 07:00:00,1.25452,1.25542,1.25444,1.25509,1081.0
2024-12-31 08:00:00,1.25509,1.25518,1.25417,1.25485,2088.0
2024-12-31 09:00:00,1.25485,1.25657,1.25454,1.25619,2845.0
2024-12-31 10:00:00,1.25618,1.25631,1.25423,1.2554,4234.0
2024-12-31 11:00:00,1.2554,1.25692,1.25468,1.25546,3571.0
2024-12-31 12:00:00,1.2554699999999999,1.25548,1.25321,1.25515,4444.0
2024-12-31 13:00:00,1.25515,1.25525,1.25331,1.25393,3291.0
2024-12-31 14:00:00,1.25393,1.25504,1.25293,1.25312,4322.0
2024-12-31 15:00:00,1.25312,1.25383,1.25201,1.25292,5635.0
2024-12-31 16:00:00,1.25293,1.2538,1.2521900000000001,1.2527599999999999,7556.0
2024-12-31 17:00:00,1.25277,1.25545,1.2519,1.25278,9820.0
2024-12-31 18:00:00,1.25279,1.25336,1.25129,1.25202,7127.0
2024-12-31 19:00:00,1.25202,1.25238,1.25054,1.25193,5186.0
2024-12-31 20:00:00,1.25186,1.2519,1.25057,1.25103,4427.0
2024-12-31 21:00:00,1.25103,1.25208,1.25057,1.25096,3277.0
2024-12-31 22:00:00,1.2509700000000001,1.25275,1.25096,1.25194,2744.0
2024-12-31 23:00:00,1.25195,1.2521900000000001,1.25111,1.25119,985.0
2025-01-02 00:00:00,1.25125,1.2515100000000001,1.25082,1.25123,1211.0
2025-01-02 01:00:00,1.2512400000000001,1.25196,1.25075,1.25195,2140.0
2025-01-02 02:00:00,1.25195,1.25205,1.2509299999999999,1.25165,1937.0
2025-01-02 03:00:00,1.25166,1.25225,1.25118,1.25201,3301.0
2025-01-02 04:00:00,1.25201,1.25336,1.25201,1.25335,1544.0
2025-01-02 05:00:00,1.25336,1.25366,1.25304,1.25365,1521.0
2025-01-02 06:00:00,1.25365,1.2540499999999999,1.25314,1.2534399999999999,1191.0
2025-01-02 07:00:00,1.25345,1.25358,1.25294,1.25326,897.0
2025-01-02 08:00:00,1.25325,1.25333,1.2528000000000001,1.25293,1721.0
2025-01-02 09:00:00,1.25293,1.2534399999999999,1.25203,1.25216,3356.0
2025-01-02 10:00:00,1.25216,1.25238,1.24909,1.24983,5825.0
2025-01-02 11:00:00,1.24982,1.2503199999999999,1.24801,1.24824,4230.0
2025-01-02 12:00:00,1.24824,1.24921,1.2446,1.24466,6223.0
2025-01-02 13:00:00,1.24465,1.2454399999999999,1.24349,1.24536,5162.0
2025-01-02 14:00:00,1.24536,1.24574,1.24154,1.24201,5105.0
2025-01-02 15:00:00,1.24201,1.24213,1.23963,1.24042,8172.0
2025-01-02 16:00:00,1.24042,1.24115,1.23886,1.24,6854.0
2025-01-02 17:00:00,1.23986,1.23993,1.23703,1.23749,9367.0
2025-01-02 18:00:00,1.23749,1.23795,1.23521,1.23744,10900.0
2025-01-02 19:00:00,1.23744,1.23806,1.23615,1.23722,6860.0
2025-01-02 20:00:00,1.23723,1.2376,1.23662,1.23693,4992.0
2025-01-02 21:00:00,1.23693,1.23781,1.23639,1.23687,4268.0
2025-01-02 22:00:00,1.23688,1.23852,1.23688,1.23783,3313.0
2025-01-02 23:00:00,1.23782,1.23822,1.23774,1.23805,1154.0
2025-01-03 00:00:00,1.23713,1.23828,1.23658,1.23805,1836.0
2025-01-03 01:00:00,1.23805,1.23813,1.2376,1.23796,1570.0
2025-01-03 02:00:00,1.23796,1.23875,1.23783,1.23868,1151.0
2025-01-03 03:00:00,1.23868,1.23902,1.23822,1.23853,2322.0
2025-01-03 04:00:00,1.23852,1.23918,1.23841,1.23911,1674.0
2025-01-03 05:00:00,1.23911,1.23959,1.23911,1.23938,1280.0
2025-01-03 06:00:00,1.23938,1.23945,1.23902,1.23937,1103.0
2025-01-03 07:00:00,1.23938,1.23975,1.2386,1.23954,1734.0
2025-01-03 08:00:00,1.23954,1.24041,1.23945,1.24039,1505.0
2025-01-03 09:00:00,1.24039,1.24068,1.23872,1.2399499999999999,5307.0
2025-01-03 10:00:00,1.2399499999999999,1.24071,1.23905,1.23938,4741.0
2025-01-03 11:00:00,1.23937,1.2416800000000001,1.2393,1.2406,3854.0
2025-01-03 12:00:00,1.2406,1.2408,1.23865,1.23926,3660.0
2025-01-03 13:00:00,1.23927,1.24166,1.23927,1.2407,3847.0
2025-01-03 14:00:00,1.24069,1.24127,1.24032,1.24066,3482.0
2025-01-03 15:00:00,1.24067,1.24119,1.23987,1.24014,4323.0
2025-01-03 16:00:00,1.24015,1.24136,1.23936,1.24114,5219.0
2025-01-03 17:00:00,1.24106,1.24171,1.23879,1.24047,9576.0
2025-01-03 18:00:00,1.24047,1.24179,1.24027,1.24175,5152.0
2025-01-03 19:00:00,1.24174,1.24294,1.24159,1.24185,4113.0
2025-01-03 20:00:00,1.24185,1.2426,1.24154,1.24201,3193.0
2025-01-06 00:00:00,1.2418,1.24227,1.2410700000000001,1.24161,1789.0
2025-01-06 01:00:00,1.24161,1.2434,1.24161,1.24244,1311.0
2025-01-06 02:00:00,1.24244,1.2432,1.24176,1.24298,3446.0
2025-01-06 03:00:00,1.24297,1.24388,1.2426300000000001,1.2435100000000001,3317.0
2025-01-06 04:00:00,1.2435100000000001,1.24427,1.24328,1.24394,2605.0
2025-01-06 05:00:00,1.24392,1.24408,1.24315,1.24357,1860.0
2025-01-06 06:00:00,1.24356,1.24391,1.2432,1.24375,1373.0
2025-01-06 07:00:00,1.24374,1.24441,1.24356,1.24362,1626.0
2025-01-06 08:00:00,1.24362,1.24475,1.24355,1.24428,2097.0
2025-01-06 09:00:00,1.24428,1.2456800000000001,1.24382,1.24527,3137.0
2025-01-06 10:00:00,1.24526,1.24824,1.24524,1.24802,5223.0
2025-01-06 11:00:00,1.24802,1.24918,1.24709,1.24755,6357.0
2025-01-06 12:00:00,1.24756,1.24785,1.24632,1.24635,4054.0
2025-01-06 13:00:00,1.24633,1.25478,1.24551,1.25436,13277.0
2025-01-06 14:00:00,1.25436,1.25511,1.2526,1.25354,8483.0
2025-01-06 15:00:00,1.25357,1.2548300000000001,1.25203,1.25342,8652.0
2025-01-06 16:00:00,1.25343,1.25373,1.24685,1.2511999999999999,13135.0
2025-01-06 17:00:00,1.25116,1.25177,1.24937,1.25081,11943.0
2025-01-06 18:00:00,1.25081,1.25352,1.25043,1.25263,6858.0
2025-01-06 19:00:00,1.25263,1.2527,1.25016,1.2518099999999999,3863.0
2025-01-06 20:00:00,1.2518,1.25198,1.25053,1.25078,3525.0
2025-01-06 21:00:00,1.25078,1.2515,1.25024,1.25125,2838.0
2025-01-06 22:00:00,1.2512400000000001,1.2522,1.25111,1.25194,1993.0
2025-01-06 23:00:00,1.25195,1.25236,1.25174,1.25199,1662.0
2025-01-07 00:00:00,1.25144,1.25195,1.25081,1.25168,1081.0
2025-01-07 01:00:00,1.25168,1.25191,1.25089,1.25098,1075.0
2025-01-07 02:00:00,1.25098,1.25141,1.25042,1.25128,2706.0
2025-01-07 03:00:00,1.2512699999999999,1.25235,1.25062,1.25193,3305.0
2025-01-07 04:00:00,1.25192,1.25247,1.25166,1.252,2145.0
2025-01-07 05:00:00,1.25199,1.2533,1.25168,1.25329,1603.0
2025-01-07 06:00:00,1.25331,1.25353,1.25291,1.25311,1260.0
2025-01-07 07:00:00,1.25311,1.2542499999999999,1.25296,1.25378,2076.0
2025-01-07 08:00:00,1.25378,1.2545899999999999,1.25352,1.25377,2396.0
2025-01-07 09:00:00,1.25377,1.25631,1.25374,1.25525,5292.0
2025-01-07 10:00:00,1.25525,1.25613,1.25317,1.25613,5764.0
2025-01-07 11:00:00,1.25614,1.25759,1.25602,1.25633,5228.0
2025-01-07 12:00:00,1.25634,1.25689,1.25548,1.25586,4576.0
2025-01-07 13:00:00,1.25587,1.25594,1.25342,1.25397,4481.0
2025-01-07 14:00:00,1.25396,1.25444,1.2524,1.25267,4873.0
2025-01-07 15:00:00,1.25266,1.25485,1.2524,1.25421,4958.0
2025-01-07 16:00:00,1.2542200000000001,1.25442,1.25272,1.25297,6408.0
2025-01-07 17:00:00,1.25354,1.25354,1.24801,1.24975,13663.0
2025-01-07 18:00:00,1.24978,1.25051,1.24837,1.24965,9949.0
2025-01-07 19:00:00,1.24965,1.25072,1.24887,1.2500200000000001,6748.0
2025-01-07 20:00:00,1.25001,1.25038,1.24843,1.2488299999999999,4752.0
2025-01-07 21:00:00,1.2488299999999999,1.24952,1.2486,1.24902,3086.0
2025-01-07 22:00:00,1.24902,1.24905,1.24789,1.24802,2724.0
2025-01-07 23:00:00,1.24802,1.24803,1.2477,1.2477,1368.0
2025-01-08 00:00:00,1.24767,1.24767,1.24714,1.24756,311.0
2025-01-08 01:00:00,1.24756,1.24779,1.24729,1.24758,1330.0
2025-01-08 02:00:00,1.24758,1.24835,1.24758,1.24783,2387.0
2025-01-08 03:00:00,1.24783,1.24854,1.2476,1.24852,2632.0
2025-01-08 04:00:00,1.24852,1.24885,1.24839,1.24862,1803.0
2025-01-08 05:00:00,1.24862,1.24874,1.24784,1.24784,1720.0
2025-01-08 06:00:00,1.24784,1.24844,1.2478,1.24821,1346.0
2025-01-08 07:00:00,1.24821,1.24892,1.24789,1.24882,1570.0
2025-01-08 08:00:00,1.24881,1.24942,1.24847,1.24901,1934.0
2025-01-08 09:00:00,1.24901,1.24901,1.24634,1.24682,4963.0
2025-01-08 10:00:00,1.24682,1.24715,1.2441200000000001,1.24414,6611.0
2025-01-08 11:00:00,1.24413,1.2454,1.24402,1.24504,5104.0
2025-01-08 12:00:00,1.24504,1.24523,1.24413,1.24472,4296.0
2025-01-08 13:00:00,1.24471,1.24471,1.23244,1.23727,11907.0
2025-01-08 14:00:00,1.23718,1.23739,1.23207,1.23365,9056.0
2025-01-08 15:00:00,1.23365,1.23591,1.23231,1.23562,11323.0
2025-01-08 16:00:00,1.23563,1.23665,1.23242,1.23268,8525.0
2025-01-08 17:00:00,1.23269,1.23531,1.23263,1.2343,8322.0
2025-01-08 18:00:00,1.23431,1.23687,1.2334,1.2365599999999999,6464.0
2025-01-08 19:00:00,1.2365599999999999,1.23683,1.23379,1.23459,5301.0
2025-01-08 20:00:00,1.23459,1.23668,1.23457,1.23579,4820.0
2025-01-08 21:00:00,1.23555,1.23771,1.23546,1.23574,5269.0
2025-01-08 22:00:00,1.23573,1.23643,1.23517,1.23628,2802.0
2025-01-08 23:00:00,1.23627,1.23666,1.23607,1.23631,1814.0
2025-01-09 00:00:00,1.23605,1.23662,1.2355800000000001,1.23628,879.0
2025-01-09 01:00:00,1.23628,1.23635,1.23579,1.23583,1016.0
2025-01-09 02:00:00,1.23583,1.23613,1.23479,1.23565,2302.0
2025-01-09 03:00:00,1.23565,1.23634,1.23549,1.23592,2745.0
2025-01-09 04:00:00,1.23592,1.23654,1.23579,1.23603,2071.0
2025-01-09 05:00:00,1.23604,1.2363,1.23428,1.2344,2156.0
2025-01-09 06:00:00,1.23438,1.23447,1.23319,1.23344,2116.0
2025-01-09 07:00:00,1.23345,1.2341,1.23289,1.23316,2232.0
2025-01-09 08:00:00,1.23316,1.23321,1.2292399999999999,1.22947,5048.0
2025-01-09 09:00:00,1.22945,1.23087,1.22521,1.22589,8557.0
2025-01-09 10:00:00,1.22589,1.22944,1.22383,1.22877,9328.0
2025-01-09 11:00:00,1.22878,1.2304599999999999,1.22776,1.22818,6932.0
2025-01-09 12:00:00,1.22818,1.2291400000000001,1.22515,1.2285,7111.0
2025-01-09 13:00:00,1.2285,1.2301,1.22721,1.22889,6305.0
2025-01-09 14:00:00,1.22889,1.22942,1.22703,1.22933,4632.0
2025-01-09 15:00:00,1.22934,1.23232,1.22877,1.23006,6584.0
2025-01-09 16:00:00,1.23006,1.23149,1.2295,1.2314,5054.0
2025-01-09 17:00:00,1.23141,1.23169,1.22949,1.2303,5754.0
2025-01-09 18:00:00,1.23029,1.23039,1.22873,1.2301,4661.0
2025-01-09 19:00:00,1.2301,1.23127,1.22982,1.23013,3593.0
2025-01-09 20:00:00,1.2301199999999999,1.23093,1.22967,1.2306300000000001,2136.0
2025-01-09 21:00:00,1.23064,1.2313399999999999,1.23029,1.23087,1523.0
2025-01-09 22:00:00,1.23087,1.23152,1.23074,1.23104,1394.0
2025-01-09 23:00:00,1.23103,1.23109,1.23057,1.23071,1706.0
2025-01-10 00:00:00,1.23035,1.2309700000000001,1.23017,1.23095,903.0
2025-01-10 01:00:00,1.23095,1.23108,1.22981,1.22984,1063.0
2025-01-10 02:00:00,1.22984,1.23048,1.2294,1.22972,2458.0
2025-01-10 03:00:00,1.22969,1.23087,1.2295099999999999,1.23037,3000.0
2025-01-10 04:00:00,1.23038,1.23078,1.23003,1.23053,1869.0
2025-01-10 05:00:00,1.23053,1.23058,1.23001,1.23008,2007.0
2025-01-10 06:00:00,1.23007,1.23035,1.22915,1.22935,1979.0
2025-01-10 07:00:00,1.22935,1.22962,1.22743,1.22759,2536.0
2025-01-10 08:00:00,1.2276,1.2282,1.22668,1.22679,2762.0
2025-01-10 09:00:00,1.2268,1.22942,1.22679,1.22907,3759.0
2025-01-10 10:00:00,1.22907,1.23047,1.22838,1.22886,5577.0
2025-01-10 11:00:00,1.22885,1.23083,1.22844,1.23023,4695.0
2025-01-10 12:00:00,1.23024,1.23033,1.22894,1.22953,4113.0
2025-01-10 13:00:00,1.22954,1.23067,1.22864,1.23028,3767.0
2025-01-10 14:00:00,1.23028,1.23197,1.22997,1.23159,4026.0
2025-01-10 15:00:00,1.2316,1.2322,1.21912,1.22316,13420.0
2025-01-10 16:00:00,1.22317,1.22541,1.22197,1.22438,15868.0
2025-01-10 17:00:00,1.22433,1.22628,1.22229,1.2229700000000001,15214.0
2025-01-10 18:00:00,1.22298,1.2230699999999999,1.21952,1.22123,10739.0
2025-01-10 19:00:00,1.22123,1.22315,1.22044,1.2221899999999999,7468.0
2025-01-10 20:00:00,1.22218,1.22231,1.2206,1.22134,5465.0
2025-01-13 00:00:00,1.22016,1.22094,1.21969,1.2205300000000001,1227.0
2025-01-13 01:00:00,1.2205300000000001,1.22103,1.22003,1.22042,1853.0
2025-01-13 02:00:00,1.22042,1.22066,1.21932,1.22013,2280.0
2025-01-13 03:00:00,1.22014,1.22074,1.21888,1.21912,4301.0
2025-01-13 04:00:00,1.21912,1.21933,1.21806,1.21812,3038.0
2025-01-13 05:00:00,1.21811,1.2182,1.21377,1.21431,3499.0
2025-01-13 06:00:00,1.21439,1.21567,1.21259,1.21393,2378.0
2025-01-13 07:00:00,1.21394,1.21503,1.213,1.21472,2305.0
2025-01-13 08:00:00,1.2147000000000001,1.21605,1.21415,1.21435,2736.0
2025-01-13 09:00:00,1.21435,1.21549,1.21233,1.21383,6521.0
2025-01-13 10:00:00,1.21381,1.21713,1.21357,1.2135799999999999,8885.0
2025-01-13 11:00:00,1.21357,1.21458,1.2101600000000001,1.21066,9619.0
2025-01-13 12:00:00,1.21063,1.2134,1.21061,1.21317,6229.0
2025-01-13 13:00:00,1.21317,1.21362,1.21092,1.211,5902.0
2025-01-13 14:00:00,1.211,1.21327,1.20995,1.2123,7630.0
2025-01-13 15:00:00,1.21231,1.21536,1.21112,1.21418,7469.0
2025-01-13 16:00:00,1.21413,1.21527,1.21324,1.21505,8549.0
2025-01-13 17:00:00,1.21505,1.21598,1.2138200000000001,1.21515,9233.0
2025-01-13 18:00:00,1.2151399999999999,1.21696,1.21427,1.21556,6924.0
2025-01-13 19:00:00,1.21556,1.21746,1.21556,1.21739,6053.0
2025-01-13 20:00:00,1.2174,1.21835,1.21634,1.21796,4534.0
2025-01-13 21:00:00,1.21795,1.21801,1.2164,1.21671,3693.0
2025-01-13 22:00:00,1.21672,1.21789,1.21656,1.21761,2863.0
2025-01-13 23:00:00,1.21761,1.2204,1.2176,1.2203,2553.0
2025-01-14 00:00:00,1.21981,1.22441,1.21893,1.22325,1923.0
2025-01-14 01:00:00,1.22346,1.22504,1.22172,1.22317,4292.0
2025-01-14 02:00:00,1.22316,1.22317,1.22072,1.22108,3673.0
2025-01-14 03:00:00,1.22106,1.22144,1.22043,1.2211400000000001,4611.0
2025-01-14 04:00:00,1.2211400000000001,1.22119,1.21919,1.22021,3454.0
2025-01-14 05:00:00,1.22021,1.22178,1.2200199999999999,1.22088,2819.0
2025-01-14 06:00:00,1.22088,1.2215799999999999,1.22011,1.22098,1687.0
2025-01-14 07:00:00,1.2209699999999999,1.2212399999999999,1.21974,1.2202600000000001,2929.0
2025-01-14 08:00:00,1.2202600000000001,1.22135,1.22024,1.22135,3463.0
2025-01-14 09:00:00,1.22135,1.22289,1.22042,1.22103,6776.0
2025-01-14 10:00:00,1.22103,1.22459,1.22074,1.22132,8660.0
2025-01-14 11:00:00,1.22133,1.22133,1.21761,1.21781,6581.0
2025-01-14 12:00:00,1.2178200000000001,1.21897,1.21738,1.21874,5016.0
2025-01-14 13:00:00,1.21873,1.2193100000000001,1.21703,1.21767,3767.0
2025-01-14 14:00:00,1.21767,1.21789,1.2155,1.21637,5268.0
2025-01-14 15:00:00,1.2163599999999999,1.21824,1.21371,1.21533,11191.0
2025-01-14 16:00:00,1.21533,1.21772,1.21408,1.21563,9919.0
2025-01-14 17:00:00,1.21564,1.22023,1.21562,1.22004,9658.0
2025-01-14 18:00:00,1.22003,1.22127,1.21768,1.21853,9460.0
2025-01-14 19:00:00,1.21853,1.21866,1.21683,1.21855,6337.0
2025-01-14 20:00:00,1.21856,1.22089,1.21836,1.22065,4029.0
2025-01-14 21:00:00,1.22065,1.22109,1.21956,1.21994,3297.0
2025-01-14 22:00:00,1.21994,1.2208700000000001,1.21949,1.22049,3659.0
2025-01-14 23:00:00,1.22049,1.22167,1.22045,1.22155,1437.0
2025-01-15 00:00:00,1.22102,1.22142,1.22073,1.2213,899.0
2025-01-15 01:00:00,1.2213,1.22145,1.22054,1.22109,1042.0
2025-01-15 02:00:00,1.22109,1.22109,1.21998,1.22028,2011.0
2025-01-15 03:00:00,1.22028,1.22095,1.21993,1.21998,2686.0
2025-01-15 04:00:00,1.21999,1.2200199999999999,1.21923,1.21964,2181.0
2025-01-15 05:00:00,1.21963,1.22042,1.21954,1.22036,1508.0
2025-01-15 06:00:00,1.22035,1.22043,1.2199200000000001,1.22038,1431.0
2025-01-15 07:00:00,1.22038,1.22078,1.21983,1.21995,2255.0
2025-01-15 08:00:00,1.21995,1.22052,1.21936,1.21982,2078.0
2025-01-15 09:00:00,1.21964,1.22411,1.21596,1.22338,9987.0
2025-01-15 10:00:00,1.22339,1.224,1.22033,1.22064,6792.0
2025-01-15 11:00:00,1.22065,1.22257,1.22005,1.22184,4953.0
2025-01-15 12:00:00,1.22183,1.2230699999999999,1.22161,1.22274,3867.0
2025-01-15 13:00:00,1.22273,1.2230699999999999,1.22199,1.2224599999999999,3668.0
2025-01-15 14:00:00,1.2224599999999999,1.22249,1.22014,1.22136,3926.0
2025-01-15 15:00:00,1.22136,1.23062,1.2211400000000001,1.2298,11748.0
2025-01-15 16:00:00,1.22979,1.23057,1.22629,1.22675,11859.0
2025-01-15 17:00:00,1.22677,1.22757,1.22448,1.22581,9795.0
2025-01-15 18:00:00,1.22581,1.2259,1.21935,1.22119,9573.0
2025-01-15 19:00:00,1.22119,1.2227999999999999,1.22101,1.22149,5720.0
2025-01-15 20:00:00,1.22149,1.22294,1.22129,1.22287,3975.0
2025-01-15 21:00:00,1.22287,1.22316,1.22233,1.2230699999999999,2741.0
2025-01-15 22:00:00,1.22306,1.2245,1.22291,1.2243,2042.0
2025-01-15 23:00:00,1.2243,1.22444,1.22345,1.22434,1441.0
2025-01-16 00:00:00,1.22343,1.22427,1.22291,1.22384,2108.0
2025-01-16 01:00:00,1.22384,1.22432,1.2234099999999999,1.22423,1435.0
2025-01-16 02:00:00,1.22423,1.22481,1.22318,1.22455,3293.0
2025-01-16 03:00:00,1.22456,1.2246,1.22269,1.22287,4574.0
2025-01-16 04:00:00,1.22292,1.22338,1.22196,1.2223,3395.0
2025-01-16 05:00:00,1.22231,1.22266,1.22217,1.22261,1984.0
2025-01-16 06:00:00,1.22261,1.22311,1.22161,1.22179,1679.0
2025-01-16 07:00:00,1.2218,1.22188,1.22068,1.2209,2277.0
2025-01-16 08:00:00,1.22089,1.2221,1.22089,1.22203,2900.0
2025-01-16 09:00:00,1.22212,1.22266,1.21999,1.22187,6372.0
2025-01-16 10:00:00,1.22188,1.22232,1.21959,1.2205300000000001,6129.0
2025-01-16 11:00:00,1.22054,1.22125,1.21895,1.21976,4959.0
2025-01-16 12:00:00,1.21975,1.2209699999999999,1.21925,1.22024,3984.0
2025-01-16 13:00:00,1.22025,1.22126,1.22012,1.22098,4004.0
2025-01-16 14:00:00,1.22098,1.22119,1.21911,1.21972,5334.0
2025-01-16 15:00:00,1.21971,1.22003,1.21747,1.21973,9915.0
2025-01-16 16:00:00,1.21973,1.22027,1.21766,1.21976,9102.0
2025-01-16 17:00:00,1.21977,1.22386,1.21891,1.22343,12953.0
2025-01-16 18:00:00,1.22343,1.22484,1.22169,1.22427,10864.0
2025-01-16 19:00:00,1.22428,1.22604,1.22347,1.22367,7645.0
2025-01-16 20:00:00,1.22366,1.2246299999999999,1.22271,1.22325,4441.0
2025-01-16 21:00:00,1.22324,1.22411,1.22286,1.22353,4284.0
2025-01-16 22:00:00,1.22352,1.22364,1.22281,1.22306,3056.0
2025-01-16 23:00:00,1.2230699999999999,1.2239,1.22275,1.22378,1601.0
2025-01-17 00:00:00,1.22362,1.22404,1.22336,1.22354,1186.0
2025-01-17 01:00:00,1.22354,1.22375,1.2233100000000001,1.22347,832.0
2025-01-17 02:00:00,1.22347,1.22399,1.22312,1.2235800000000001,1740.0
2025-01-17 03:00:00,1.2236,1.22376,1.22295,1.22327,1837.0
2025-01-17 04:00:00,1.22327,1.22442,1.22322,1.22335,2529.0
2025-01-17 05:00:00,1.22334,1.22377,1.22291,1.2233100000000001,1412.0
2025-01-17 06:00:00,1.22332,1.22344,1.22182,1.22201,1547.0
2025-01-17 07:00:00,1.222,1.2223,1.22123,1.22173,1876.0
2025-01-17 08:00:00,1.22173,1.22178,1.22061,1.22166,2182.0
2025-01-17 09:00:00,1.22168,1.22168,1.21605,1.21742,7714.0
2025-01-17 10:00:00,1.21743,1.21975,1.21743,1.21901,5502.0
2025-01-17 11:00:00,1.219,1.22006,1.2184,1.21961,5343.0
2025-01-17 12:00:00,1.21962,1.22074,1.2196,1.2199200000000001,3345.0
2025-01-17 13:00:00,1.21991,1.22169,1.21926,1.21962,4381.0
2025-01-17 14:00:00,1.21962,1.21987,1.21812,1.21869,5448.0
2025-01-17 15:00:00,1.21869,1.21946,1.21756,1.2182,6725.0
2025-01-17 16:00:00,1.2182,1.21982,1.21607,1.21937,10732.0
2025-01-17 17:00:00,1.21938,1.22279,1.21903,1.21979,11541.0
2025-01-17 18:00:00,1.21978,1.21988,1.21757,1.2178200000000001,6472.0
2025-01-17 19:00:00,1.2178200000000001,1.21814,1.21678,1.21731,4599.0
2025-01-17 20:00:00,1.21731,1.21867,1.21659,1.21742,3364.0
2025-01-20 00:00:00,1.21656,1.21768,1.2165300000000001,1.21731,1734.0
2025-01-20 01:00:00,1.21731,1.21754,1.21607,1.21751,1477.0
2025-01-20 02:00:00,1.21751,1.21856,1.2175,1.21851,2052.0
2025-01-20 03:00:00,1.21851,1.21949,1.21764,1.21923,3119.0
2025-01-20 04:00:00,1.21923,1.21944,1.21857,1.2193100000000001,2578.0
2025-01-20 05:00:00,1.2193100000000001,1.22055,1.21926,1.22048,2271.0
2025-01-20 06:00:00,1.22049,1.22072,1.22008,1.22071,1346.0
2025-01-20 07:00:00,1.22072,1.2215,1.22051,1.22104,1201.0
2025-01-20 08:00:00,1.22105,1.22218,1.2203,1.2216,2870.0
2025-01-20 09:00:00,1.22161,1.22187,1.22076,1.22156,3699.0
2025-01-20 10:00:00,1.22155,1.22195,1.21888,1.21934,6185.0
2025-01-20 11:00:00,1.21933,1.2196500000000001,1.21657,1.21779,6361.0
2025-01-20 12:00:00,1.2178,1.21945,1.2178,1.21901,3969.0
2025-01-20 13:00:00,1.21902,1.22069,1.21897,1.22058,3123.0
2025-01-20 14:00:00,1.22058,1.22067,1.2187999999999999,1.21982,3853.0
2025-01-20 15:00:00,1.21981,1.22991,1.21826,1.22988,12923.0
2025-01-20 16:00:00,1.22988,1.23266,1.22749,1.23065,13275.0
2025-01-20 17:00:00,1.23064,1.23178,1.22738,1.2292399999999999,9866.0
2025-01-20 18:00:00,1.22925,1.23038,1.22864,1.22953,5046.0
2025-01-20 19:00:00,1.22953,1.2303600000000001,1.2256,1.22824,7846.0
2025-01-20 20:00:00,1.22824,1.23056,1.22789,1.23051,3393.0
2025-01-20 21:00:00,1.23054,1.23387,1.23001,1.23355,3419.0
2025-01-20 22:00:00,1.23356,1.23445,1.23241,1.23284,4452.0
2025-01-20 23:00:00,1.23285,1.23307,1.23189,1.2327,2519.0
2025-01-21 00:00:00,1.23203,1.2327,1.2316,1.23224,935.0
2025-01-21 01:00:00,1.23224,1.23391,1.23205,1.23319,3685.0
2025-01-21 02:00:00,1.23319,1.23451,1.22479,1.22596,9784.0
2025-01-21 03:00:00,1.22597,1.23053,1.22527,1.22752,12388.0
2025-01-21 04:00:00,1.22752,1.22949,1.22737,1.229,5962.0
2025-01-21 05:00:00,1.229,1.23116,1.22892,1.2295,4210.0
2025-01-21 06:00:00,1.2295099999999999,1.23089,1.2292,1.2298499999999999,2346.0
2025-01-21 07:00:00,1.2298499999999999,1.23016,1.22726,1.22762,2737.0
2025-01-21 08:00:00,1.22761,1.22793,1.22603,1.22638,3494.0
2025-01-21 09:00:00,1.22637,1.22864,1.22529,1.22671,5965.0
2025-01-21 10:00:00,1.2267000000000001,1.22696,1.22465,1.22574,6271.0
2025-01-21 11:00:00,1.22572,1.22601,1.22347,1.22486,6551.0
2025-01-21 12:00:00,1.22485,1.22572,1.22425,1.22487,5689.0
2025-01-21 13:00:00,1.22487,1.22503,1.22292,1.22359,5367.0
2025-01-21 14:00:00,1.22359,1.2251400000000001,1.2233,1.22448,6409.0
2025-01-21 15:00:00,1.22449,1.22812,1.22422,1.22787,7457.0
2025-01-21 16:00:00,1.22787,1.22955,1.22706,1.22811,9520.0
2025-01-21 17:00:00,1.22804,1.23131,1.22699,1.22996,11105.0
2025-01-21 18:00:00,1.22996,1.23321,1.22966,1.23302,7479.0
2025-01-21 19:00:00,1.23301,1.23355,1.23257,1.23259,5234.0
2025-01-21 20:00:00,1.23259,1.23396,1.23241,1.2336,4131.0
2025-01-21 21:00:00,1.2336,1.23373,1.23232,1.23278,3379.0
2025-01-21 22:00:00,1.23279,1.23395,1.23253,1.23392,2816.0
2025-01-21 23:00:00,1.23393,1.23601,1.23387,1.23537,2022.0
2025-01-22 00:00:00,1.23468,1.23521,1.23388,1.23474,1631.0
2025-01-22 01:00:00,1.23474,1.23517,1.23227,1.23383,4458.0
2025-01-22 02:00:00,1.23383,1.23539,1.23354,1.23509,3681.0
2025-01-22 03:00:00,1.23508,1.23511,1.23298,1.23325,3382.0
2025-01-22 04:00:00,1.23326,1.23394,1.23285,1.23367,2545.0
2025-01-22 05:00:00,1.23367,1.2337799999999999,1.23302,1.23324,1801.0
2025-01-22 06:00:00,1.23323,1.23465,1.2331699999999999,1.23441,1260.0
2025-01-22 07:00:00,1.2344,1.2348,1.23318,1.2343600000000001,1787.0
2025-01-22 08:00:00,1.23435,1.2343899999999999,1.23156,1.23217,3489.0
2025-01-22 09:00:00,1.23216,1.23278,1.23116,1.23188,5920.0
2025-01-22 10:00:00,1.23189,1.23391,1.23163,1.2339,6841.0
2025-01-22 11:00:00,1.23392,1.23651,1.2337799999999999,1.23644,7677.0
2025-01-22 12:00:00,1.23643,1.23762,1.23584,1.2368000000000001,5692.0
2025-01-22 13:00:00,1.23681,1.2373,1.23521,1.23561,4380.0
2025-01-22 14:00:00,1.23561,1.23597,1.2345,1.23561,4930.0
2025-01-22 15:00:00,1.23561,1.23688,1.23359,1.23454,6758.0
2025-01-22 16:00:00,1.23452,1.23484,1.23284,1.23362,8642.0
2025-01-22 17:00:00,1.23359,1.23364,1.23121,1.23184,8555.0
2025-01-22 18:00:00,1.23184,1.23258,1.2307299999999999,1.2321900000000001,6074.0
2025-01-22 19:00:00,1.2321900000000001,1.2322,1.23137,1.23217,4415.0
2025-01-22 20:00:00,1.23217,1.23297,1.2315,1.23241,3649.0
2025-01-22 21:00:00,1.2324,1.23312,1.23221,1.2325599999999999,2903.0
2025-01-22 22:00:00,1.23257,1.23295,1.2315800000000001,1.23167,2638.0
2025-01-22 23:00:00,1.23167,1.2318500000000001,1.23136,1.23159,1607.0
2025-01-23 00:00:00,1.23104,1.2316799999999999,1.2309,1.2310699999999999,888.0
2025-01-23 01:00:00,1.2310699999999999,1.23153,1.23074,1.23136,1272.0
2025-01-23 02:00:00,1.23136,1.23196,1.23122,1.23155,1911.0
2025-01-23 03:00:00,1.23156,1.23236,1.23088,1.23105,3469.0
2025-01-23 04:00:00,1.23106,1.23116,1.23019,1.23096,2629.0
2025-01-23 05:00:00,1.23095,1.23157,1.23077,1.2315,2254.0
2025-01-23 06:00:00,1.23149,1.23211,1.23148,1.23201,1295.0
2025-01-23 07:00:00,1.23201,1.23213,1.23116,1.23117,2359.0
2025-01-23 08:00:00,1.23116,1.23205,1.23082,1.23091,2512.0
2025-01-23 09:00:00,1.23091,1.23113,1.2295,1.23051,5638.0
2025-01-23 10:00:00,1.2305,1.23062,1.22934,1.22962,4998.0
2025-01-23 11:00:00,1.22963,1.23213,1.22955,1.2317,5312.0
2025-01-23 12:00:00,1.23169,1.23308,1.23144,1.23205,3385.0
2025-01-23 13:00:00,1.23206,1.23289,1.23061,1.23082,3447.0
2025-01-23 14:00:00,1.23082,1.23167,1.23,1.23155,3861.0
2025-01-23 15:00:00,1.23155,1.23304,1.23085,1.2323,5588.0
2025-01-23 16:00:00,1.23231,1.23357,1.23174,1.23293,5605.0
2025-01-23 17:00:00,1.23293,1.23306,1.23108,1.23234,5321.0
2025-01-23 18:00:00,1.23233,1.23609,1.23001,1.23465,9455.0
2025-01-23 19:00:00,1.23465,1.23757,1.23423,1.23723,5126.0
2025-01-23 20:00:00,1.23723,1.23727,1.2356,1.23588,3375.0
2025-01-23 21:00:00,1.23588,1.23649,1.23551,1.2359499999999999,3082.0
2025-01-23 22:00:00,1.2359499999999999,1.23658,1.23528,1.23544,3204.0
2025-01-23 23:00:00,1.23544,1.23562,1.2347,1.23521,1260.0
2025-01-24 00:00:00,1.23513,1.23542,1.23467,1.23504,763.0
2025-01-24 01:00:00,1.23504,1.23546,1.23488,1.23538,806.0
2025-01-24 02:00:00,1.23538,1.23587,1.23485,1.23561,1865.0
2025-01-24 03:00:00,1.23561,1.23579,1.2349999999999999,1.23547,1754.0
2025-01-24 04:00:00,1.23547,1.23993,1.23544,1.23983,4725.0
2025-01-24 05:00:00,1.2398,1.24042,1.23813,1.2393399999999999,3999.0
2025-01-24 06:00:00,1.2393399999999999,1.24,1.23881,1.23931,2404.0
2025-01-24 07:00:00,1.23931,1.24003,1.2386300000000001,1.2399499999999999,2142.0
2025-01-24 08:00:00,1.23996,1.24185,1.23977,1.23991,4571.0
2025-01-24 09:00:00,1.23991,1.23997,1.23766,1.2387,4797.0
2025-01-24 10:00:00,1.23869,1.24125,1.23837,1.24043,5985.0
2025-01-24 11:00:00,1.24042,1.24477,1.24017,1.24278,5709.0
2025-01-24 12:00:00,1.24278,1.24362,1.24218,1.24305,3635.0
2025-01-24 13:00:00,1.24305,1.24323,1.2411,1.24152,3011.0
2025-01-24 14:00:00,1.24152,1.24225,1.24005,1.24091,3341.0
2025-01-24 15:00:00,1.24091,1.2421,1.24016,1.24146,4128.0
2025-01-24 16:00:00,1.24145,1.2447300000000001,1.24093,1.24383,5786.0
2025-01-24 17:00:00,1.24384,1.24857,1.2435100000000001,1.24836,6983.0
2025-01-24 18:00:00,1.24835,1.24973,1.2481,1.24945,4743.0
2025-01-24 19:00:00,1.24942,1.25019,1.24876,1.24879,3696.0
2025-01-24 20:00:00,1.24879,1.24956,1.24791,1.2481,3252.0
2025-01-27 00:00:00,1.24664,1.24726,1.24664,1.24691,1088.0
2025-01-27 01:00:00,1.24691,1.24728,1.24564,1.24582,2130.0
2025-01-27 02:00:00,1.24582,1.24652,1.24527,1.2456,2300.0
2025-01-27 03:00:00,1.2456,1.24644,1.24478,1.2449,3525.0
2025-01-27 04:00:00,1.2449,1.24515,1.24424,1.24508,2832.0
2025-01-27 05:00:00,1.24508,1.24632,1.24469,1.24554,2821.0
2025-01-27 06:00:00,1.24554,1.24572,1.24479,1.24509,2059.0
2025-01-27 07:00:00,1.24509,1.24509,1.24423,1.2447,2476.0
2025-01-27 08:00:00,1.2447,1.24607,1.24467,1.24522,2813.0
2025-01-27 09:00:00,1.24522,1.24556,1.24292,1.24292,4383.0
2025-01-27 10:00:00,1.24292,1.24645,1.24259,1.2457799999999999,5583.0
2025-01-27 11:00:00,1.2457799999999999,1.24865,1.2450700000000001,1.24863,6586.0
2025-01-27 12:00:00,1.24861,1.25074,1.24858,1.24954,5562.0
2025-01-27 13:00:00,1.24954,1.25147,1.24912,1.2496800000000001,4924.0
2025-01-27 14:00:00,1.24966,1.25203,1.24948,1.25131,4408.0
2025-01-27 15:00:00,1.25131,1.25233,1.25001,1.25028,5490.0
2025-01-27 16:00:00,1.25028,1.25116,1.24963,1.25006,5935.0
2025-01-27 17:00:00,1.25006,1.25019,1.24694,1.24734,6464.0
2025-01-27 18:00:00,1.24734,1.24853,1.24683,1.24763,5411.0
2025-01-27 19:00:00,1.24763,1.24842,1.24672,1.24749,4802.0
2025-01-27 20:00:00,1.24749,1.24852,1.24697,1.24779,4355.0
2025-01-27 21:00:00,1.24779,1.24905,1.2474,1.24899,3894.0
2025-01-27 22:00:00,1.24899,1.24956,1.2485,1.24908,3169.0
2025-01-27 23:00:00,1.24908,1.2500200000000001,1.24884,1.24993,1532.0
2025-01-28 00:00:00,1.24951,1.24978,1.24853,1.24929,1036.0
2025-01-28 01:00:00,1.24929,1.24949,1.24367,1.2451,5364.0
2025-01-28 02:00:00,1.2451,1.2462900000000001,1.24461,1.24569,4452.0
2025-01-28 03:00:00,1.24569,1.24655,1.24405,1.24506,3427.0
2025-01-28 04:00:00,1.24506,1.24549,1.2439,1.24453,4536.0
2025-01-28 05:00:00,1.24453,1.24498,1.244,1.24408,2637.0
2025-01-28 06:00:00,1.24408,1.2445,1.24345,1.24448,2048.0
2025-01-28 07:00:00,1.24448,1.24497,1.24443,1.24451,1611.0
2025-01-28 08:00:00,1.24451,1.24535,1.24372,1.2441200000000001,2371.0
2025-01-28 09:00:00,1.2441200000000001,1.2448299999999999,1.2426300000000001,1.24373,4088.0
2025-01-28 10:00:00,1.24374,1.24432,1.24296,1.24326,5089.0
2025-01-28 11:00:00,1.24326,1.24559,1.24291,1.24484,4642.0
2025-01-28 12:00:00,1.24484,1.2452,1.24356,1.24358,3266.0
2025-01-28 13:00:00,1.24358,1.24404,1.24252,1.2426,2913.0
2025-01-28 14:00:00,1.24261,1.24346,1.2417799999999999,1.24269,3739.0
2025-01-28 15:00:00,1.24269,1.24339,1.24145,1.24241,4396.0
2025-01-28 16:00:00,1.2424,1.24433,1.2423899999999999,1.2429000000000001,5176.0
2025-01-28 17:00:00,1.24276,1.24471,1.2426599999999999,1.24323,5245.0
2025-01-28 18:00:00,1.24323,1.24453,1.2422,1.24298,4697.0
2025-01-28 19:00:00,1.24298,1.24369,1.24279,1.24286,3395.0
2025-01-28 20:00:00,1.24287,1.24397,1.24258,1.2429999999999999,3733.0
2025-01-28 21:00:00,1.2429999999999999,1.24448,1.24222,1.24439,2890.0
2025-01-28 22:00:00,1.2444,1.24454,1.24367,1.24411,2588.0
2025-01-28 23:00:00,1.24411,1.24432,1.24391,1.24421,1101.0
2025-01-29 00:00:00,1.24399,1.24425,1.2435100000000001,1.2438,1290.0
2025-01-29 01:00:00,1.24384,1.24425,1.24358,1.24406,1010.0
2025-01-29 02:00:00,1.24406,1.24476,1.24358,1.24374,2035.0
2025-01-29 03:00:00,1.24373,1.24417,1.24357,1.2436,1836.0
2025-01-29 04:00:00,1.2436,1.24486,1.24345,1.2445599999999999,1954.0
2025-01-29 05:00:00,1.2445599999999999,1.24506,1.24419,1.2448,1910.0
2025-01-29 06:00:00,1.2448,1.24539,1.24479,1.24533,1570.0
2025-01-29 07:00:00,1.24533,1.24553,1.24475,1.2454,1525.0
2025-01-29 08:00:00,1.2454,1.24616,1.24523,1.24565,2642.0
2025-01-29 09:00:00,1.24565,1.24633,1.2446,1.24486,3920.0
2025-01-29 10:00:00,1.24486,1.24571,1.24338,1.24388,4105.0
2025-01-29 11:00:00,1.24388,1.24394,1.24159,1.2420499999999999,4272.0
2025-01-29 12:00:00,1.24206,1.24247,1.24105,1.24154,3947.0
2025-01-29 13:00:00,1.24155,1.2426599999999999,1.24129,1.24192,3225.0
2025-01-29 14:00:00,1.24193,1.24265,1.2409,1.24252,3634.0
2025-01-29 15:00:00,1.24252,1.24284,1.23932,1.23978,5661.0
2025-01-29 16:00:00,1.23977,1.24127,1.23965,1.24075,5341.0
2025-01-29 17:00:00,1.24076,1.24459,1.24015,1.24339,6856.0
2025-01-29 18:00:00,1.24339,1.24434,1.24237,1.24316,5764.0
2025-01-29 19:00:00,1.24316,1.24493,1.24306,1.2442199999999999,4898.0
2025-01-29 20:00:00,1.2442199999999999,1.24491,1.24349,1.24472,3843.0
2025-01-29 21:00:00,1.24394,1.24579,1.2412,1.2444600000000001,11177.0
2025-01-29 22:00:00,1.2444,1.24548,1.24307,1.24393,7223.0
2025-01-29 23:00:00,1.24392,1.24508,1.24373,1.24491,2524.0
2025-01-30 00:00:00,1.24462,1.24525,1.24337,1.24491,1927.0
2025-01-30 01:00:00,1.24491,1.24592,1.24477,1.24549,1256.0
2025-01-30 02:00:00,1.24549,1.24602,1.24514,1.24542,1685.0
2025-01-30 03:00:00,1.24542,1.24549,1.24451,1.24498,1983.0
2025-01-30 04:00:00,1.24498,1.24557,1.24481,1.24488,2475.0
2025-01-30 05:00:00,1.24488,1.24545,1.24479,1.2451699999999999,2450.0
2025-01-30 06:00:00,1.2451699999999999,1.2454399999999999,1.24432,1.24459,1746.0
2025-01-30 07:00:00,1.24459,1.24486,1.24419,1.24481,1598.0
2025-01-30 08:00:00,1.24481,1.24487,1.24347,1.24409,2066.0
2025-01-30 09:00:00,1.24409,1.2453,1.24319,1.2451699999999999,3243.0
2025-01-30 10:00:00,1.2451699999999999,1.24627,1.24453,1.24553,3742.0
2025-01-30 11:00:00,1.24552,1.24573,1.24347,1.24433,4224.0
2025-01-30 12:00:00,1.24433,1.24466,1.24256,1.24308,3385.0
2025-01-30 13:00:00,1.24308,1.24371,1.24253,1.24274,3197.0
2025-01-30 14:00:00,1.24274,1.24386,1.24247,1.24377,3640.0
2025-01-30 15:00:00,1.24377,1.24714,1.24247,1.24673,7076.0
2025-01-30 16:00:00,1.2467,1.24763,1.24558,1.24636,7968.0
2025-01-30 17:00:00,1.24636,1.24769,1.24613,1.2467,6411.0
2025-01-30 18:00:00,1.2467,1.24718,1.24489,1.24501,4435.0
2025-01-30 19:00:00,1.24501,1.24518,1.24353,1.2444600000000001,4166.0
2025-01-30 20:00:00,1.24447,1.2456,1.24423,1.24555,2605.0
2025-01-30 21:00:00,1.24555,1.24611,1.24529,1.24592,2256.0
2025-01-30 22:00:00,1.24592,1.24643,1.24077,1.24353,6240.0
2025-01-30 23:00:00,1.24352,1.24415,1.24164,1.2416800000000001,4144.0
2025-01-31 00:00:00,1.2413,1.24206,1.24079,1.24147,1068.0
2025-01-31 01:00:00,1.24147,1.24242,1.2411699999999999,1.24222,1747.0
2025-01-31 02:00:00,1.24222,1.24315,1.24128,1.24172,1934.0
2025-01-31 03:00:00,1.24172,1.24249,1.24071,1.24188,3495.0
2025-01-31 04:00:00,1.24192,1.24278,1.24166,1.24219,2227.0
2025-01-31 05:00:00,1.24219,1.24262,1.24161,1.24173,1889.0
2025-01-31 06:00:00,1.24173,1.24225,1.2414,1.24211,1678.0
2025-01-31 07:00:00,1.24211,1.2426,1.24167,1.24208,2247.0
2025-01-31 08:00:00,1.24208,1.24313,1.24192,1.24299,1986.0
2025-01-31 09:00:00,1.2429999999999999,1.24398,1.24245,1.24352,3961.0
2025-01-31 10:00:00,1.2435100000000001,1.2438500000000001,1.24123,1.24142,3735.0
2025-01-31 11:00:00,1.24142,1.24224,1.24009,1.24215,4797.0
2025-01-31 12:00:00,1.24215,1.2426599999999999,1.2414399999999999,1.24162,3450.0
2025-01-31 13:00:00,1.24162,1.24207,1.24058,1.24091,2999.0
2025-01-31 14:00:00,1.24091,1.24232,1.24091,1.24206,2806.0
2025-01-31 15:00:00,1.2420499999999999,1.24316,1.24089,1.24134,5325.0
2025-01-31 16:00:00,1.24137,1.24148,1.23877,1.23941,5834.0
2025-01-31 17:00:00,1.23941,1.2428,1.23901,1.24252,6415.0
2025-01-31 18:00:00,1.24252,1.24556,1.24146,1.24459,5224.0
2025-01-31 19:00:00,1.24459,1.24718,1.24319,1.2454,7877.0
2025-01-31 20:00:00,1.2454,1.24614,1.2391,1.23967,8821.0
2025-02-03 00:00:00,1.2282,1.23216,1.2282,1.23009,968.0
2025-02-03 01:00:00,1.23009,1.23239,1.2283,1.22902,6695.0
2025-02-03 02:00:00,1.22902,1.23133,1.22648,1.22772,7935.0
2025-02-03 03:00:00,1.22771,1.2307,1.22655,1.22882,6177.0
2025-02-03 04:00:00,1.22882,1.22885,1.22597,1.22619,5516.0
2025-02-03 05:00:00,1.22619,1.22652,1.22496,1.22629,3908.0
2025-02-03 06:00:00,1.22629,1.22833,1.22496,1.2258499999999999,5160.0
2025-02-03 07:00:00,1.2258499999999999,1.22795,1.22562,1.22774,3798.0
2025-02-03 08:00:00,1.22774,1.22946,1.2276799999999999,1.22884,3906.0
2025-02-03 09:00:00,1.22884,1.23003,1.22762,1.22841,6407.0
2025-02-03 10:00:00,1.22841,1.23233,1.2273,1.2306300000000001,7048.0
2025-02-03 11:00:00,1.23061,1.23208,1.2288999999999999,1.22927,5119.0
2025-02-03 12:00:00,1.22927,1.23152,1.22921,1.23122,3970.0
2025-02-03 13:00:00,1.23122,1.23211,1.23013,1.23194,3641.0
2025-02-03 14:00:00,1.23194,1.23499,1.2317,1.23446,5895.0
2025-02-03 15:00:00,1.23446,1.2375099999999999,1.23445,1.23651,6704.0
2025-02-03 16:00:00,1.23651,1.23694,1.23456,1.23535,7740.0
2025-02-03 17:00:00,1.23531,1.2435,1.23359,1.24122,13222.0
2025-02-03 18:00:00,1.24122,1.24365,1.23835,1.23859,10534.0
2025-02-03 19:00:00,1.2386,1.2414,1.23814,1.23939,7600.0
2025-02-03 20:00:00,1.23939,1.24028,1.23818,1.23922,6969.0
2025-02-03 21:00:00,1.23922,1.24092,1.23918,1.23948,3977.0
2025-02-03 22:00:00,1.23949,1.24091,1.2393,1.24027,3307.0
2025-02-03 23:00:00,1.24027,1.24546,1.23974,1.24494,5511.0
2025-02-04 00:00:00,1.24497,1.24497,1.24311,1.2436099999999999,1697.0
2025-02-04 01:00:00,1.24359,1.24538,1.24309,1.24337,2455.0
2025-02-04 02:00:00,1.24337,1.24374,1.24218,1.24238,2156.0
2025-02-04 03:00:00,1.24238,1.24246,1.24093,1.24215,3161.0
2025-02-04 04:00:00,1.24214,1.24273,1.24181,1.24256,2698.0
2025-02-04 05:00:00,1.24256,1.24275,1.24113,1.24143,1958.0
2025-02-04 06:00:00,1.24143,1.24148,1.24065,1.24079,1945.0
2025-02-04 07:00:00,1.24079,1.24079,1.23793,1.23978,6116.0
2025-02-04 08:00:00,1.23978,1.2411,1.2393399999999999,1.241,3525.0
2025-02-04 09:00:00,1.241,1.24211,1.24045,1.24154,3701.0
2025-02-04 10:00:00,1.24154,1.24296,1.2404600000000001,1.24203,6083.0
2025-02-04 11:00:00,1.24203,1.2437,1.2420200000000001,1.24251,4441.0
2025-02-04 12:00:00,1.2425,1.24348,1.24154,1.24259,3308.0
2025-02-04 13:00:00,1.24259,1.24267,1.24027,1.24042,3252.0
2025-02-04 14:00:00,1.24043,1.24159,1.2396099999999999,1.24143,3745.0
2025-02-04 15:00:00,1.24145,1.24298,1.2413,1.24285,4694.0
2025-02-04 16:00:00,1.24286,1.24527,1.24284,1.24489,5577.0
2025-02-04 17:00:00,1.24491,1.24859,1.24464,1.24765,8033.0
2025-02-04 18:00:00,1.24764,1.24932,1.2471,1.24835,5289.0
2025-02-04 19:00:00,1.24835,1.24869,1.24715,1.24826,4660.0
2025-02-04 20:00:00,1.24825,1.24898,1.24782,1.24833,2937.0
2025-02-04 21:00:00,1.24833,1.24866,1.24747,1.24821,3134.0
2025-02-04 22:00:00,1.2482199999999999,1.24891,1.24793,1.24884,2877.0
2025-02-04 23:00:00,1.24884,1.24905,1.24781,1.24809,1947.0
2025-02-05 00:00:00,1.2478,1.24791,1.2472699999999999,1.2477800000000001,658.0
2025-02-05 01:00:00,1.2477800000000001,1.24832,1.24749,1.24756,1579.0
2025-02-05 02:00:00,1.24755,1.24842,1.24743,1.2482,2027.0
2025-02-05 03:00:00,1.24821,1.24899,1.24703,1.24704,3552.0
2025-02-05 04:00:00,1.24704,1.24826,1.24688,1.24794,3238.0
2025-02-05 05:00:00,1.24794,1.24813,1.24741,1.24745,2173.0
2025-02-05 06:00:00,1.24745,1.24765,1.24701,1.24723,1995.0
2025-02-05 07:00:00,1.24723,1.24728,1.24633,1.24676,2539.0
2025-02-05 08:00:00,1.24676,1.24882,1.24659,1.24767,2683.0
2025-02-05 09:00:00,1.24767,1.2506300000000001,1.24716,1.25013,4409.0
2025-02-05 10:00:00,1.25013,1.25131,1.2488,1.2505899999999999,4691.0
2025-02-05 11:00:00,1.2505899999999999,1.25288,1.2505,1.25175,3939.0
2025-02-05 12:00:00,1.25175,1.255,1.2513,1.25404,3926.0
2025-02-05 13:00:00,1.25404,1.25448,1.25316,1.25317,3180.0
2025-02-05 14:00:00,1.25317,1.2539500000000001,1.25259,1.2537099999999999,3075.0
2025-02-05 15:00:00,1.2537099999999999,1.25449,1.25122,1.25149,5306.0
2025-02-05 16:00:00,1.25149,1.25267,1.2505600000000001,1.25175,4886.0
2025-02-05 17:00:00,1.25176,1.2537099999999999,1.25016,1.25179,7400.0
2025-02-05 18:00:00,1.2518,1.2523900000000001,1.25069,1.25125,4532.0
2025-02-05 19:00:00,1.25125,1.25187,1.25033,1.25091,3329.0
2025-02-05 20:00:00,1.25091,1.25141,1.25047,1.25107,2595.0
2025-02-05 21:00:00,1.25107,1.25129,1.25031,1.25057,2594.0
2025-02-05 22:00:00,1.25057,1.25057,1.2498,1.2502,2292.0
2025-02-05 23:00:00,1.2502,1.2507,1.25009,1.25039,1466.0
2025-02-06 00:00:00,1.25047,1.25052,1.2500499999999999,1.25031,383.0
2025-02-06 01:00:00,1.25031,1.25067,1.24994,1.25017,1201.0
2025-02-06 02:00:00,1.25017,1.25081,1.24984,1.2503,2243.0
2025-02-06 03:00:00,1.2503,1.25098,1.25014,1.25078,3342.0
2025-02-06 04:00:00,1.25075,1.25089,1.24892,1.24939,2672.0
2025-02-06 05:00:00,1.24939,1.24957,1.24903,1.2494399999999999,1765.0
2025-02-06 06:00:00,1.2494399999999999,1.2497,1.24868,1.2488299999999999,1585.0
2025-02-06 07:00:00,1.2488299999999999,1.24914,1.2483,1.2484,1519.0
2025-02-06 08:00:00,1.2484,1.24913,1.24828,1.24859,1869.0
2025-02-06 09:00:00,1.24859,1.24859,1.24713,1.24738,3053.0
2025-02-06 10:00:00,1.24738,1.2475,1.24421,1.24468,3756.0
2025-02-06 11:00:00,1.24468,1.24551,1.24179,1.24255,3722.0
2025-02-06 12:00:00,1.24255,1.24316,1.2407,1.2417799999999999,3729.0
2025-02-06 13:00:00,1.24177,1.24297,1.24151,1.2423,3823.0
2025-02-06 14:00:00,1.24208,1.24301,1.23604,1.23744,7372.0
2025-02-06 15:00:00,1.23744,1.23981,1.23658,1.23836,5503.0
2025-02-06 16:00:00,1.23835,1.24159,1.23818,1.2392400000000001,4987.0
2025-02-06 17:00:00,1.2392400000000001,1.24208,1.23894,1.2414,6097.0
2025-02-06 18:00:00,1.2414,1.24454,1.2414,1.24318,4537.0
2025-02-06 19:00:00,1.24318,1.24429,1.24291,1.24417,3170.0
2025-02-06 20:00:00,1.24419,1.24557,1.2435100000000001,1.24493,3932.0
2025-02-06 21:00:00,1.24493,1.24506,1.24336,1.24359,2624.0
2025-02-06 22:00:00,1.24359,1.2441,1.2433,1.24407,2007.0
2025-02-06 23:00:00,1.24399,1.2441200000000001,1.24332,1.24345,1295.0
2025-02-07 00:00:00,1.24322,1.24328,1.24289,1.24313,866.0
2025-02-07 01:00:00,1.24314,1.24377,1.24306,1.24345,937.0
2025-02-07 02:00:00,1.24345,1.24432,1.24228,1.24247,2068.0
2025-02-07 03:00:00,1.24247,1.24354,1.24227,1.24316,2963.0
2025-02-07 04:00:00,1.24316,1.24395,1.24307,1.24393,2347.0
2025-02-07 05:00:00,1.24393,1.244,1.24261,1.2428,1749.0
2025-02-07 06:00:00,1.2428,1.24295,1.2422900000000001,1.24283,1456.0
2025-02-07 07:00:00,1.24283,1.24292,1.24199,1.24217,1983.0
2025-02-07 08:00:00,1.24216,1.24293,1.24193,1.2426599999999999,2205.0
2025-02-07 09:00:00,1.2426599999999999,1.24458,1.24241,1.24414,2431.0
2025-02-07 10:00:00,1.24414,1.24667,1.24395,1.24653,3229.0
2025-02-07 11:00:00,1.24654,1.24686,1.24574,1.24594,2850.0
2025-02-07 12:00:00,1.24594,1.24652,1.2445599999999999,1.24494,2763.0
2025-02-07 13:00:00,1.24494,1.24585,1.24452,1.24537,2338.0
2025-02-07 14:00:00,1.24537,1.24537,1.24414,1.24468,2402.0
2025-02-07 15:00:00,1.24468,1.24921,1.24203,1.24304,7741.0
2025-02-07 16:00:00,1.24304,1.24668,1.24277,1.24604,6275.0
2025-02-07 17:00:00,1.24601,1.24619,1.23927,1.24244,8048.0
2025-02-07 18:00:00,1.24247,1.24258,1.23877,1.23929,9154.0
2025-02-07 19:00:00,1.23928,1.24204,1.23759,1.24027,8312.0
2025-02-07 20:00:00,1.24027,1.24219,1.24009,1.24048,3572.0
2025-02-10 00:00:00,1.23663,1.23979,1.23648,1.2377799999999999,2242.0
2025-02-10 01:00:00,1.2377799999999999,1.23948,1.23752,1.23894,2551.0
2025-02-10 02:00:00,1.23894,1.24006,1.23894,1.23917,2954.0
2025-02-10 03:00:00,1.23917,1.23955,1.23797,1.23832,3915.0
2025-02-10 04:00:00,1.23832,1.23897,1.2380200000000001,1.23815,2608.0
2025-02-10 05:00:00,1.23816,1.23966,1.23815,1.23965,2204.0
2025-02-10 06:00:00,1.23965,1.24008,1.2395100000000001,1.23977,1599.0
2025-02-10 07:00:00,1.23977,1.24089,1.23977,1.24007,1985.0
2025-02-10 08:00:00,1.24007,1.24106,1.23984,1.24096,2337.0
2025-02-10 09:00:00,1.24096,1.24146,1.24023,1.24044,3444.0
2025-02-10 10:00:00,1.24044,1.24077,1.23911,1.23976,4256.0
2025-02-10 11:00:00,1.23976,1.24209,1.23966,1.24088,4150.0
2025-02-10 12:00:00,1.24089,1.24165,1.24024,1.24123,2634.0
2025-02-10 13:00:00,1.24123,1.24224,1.23982,1.24021,2982.0
2025-02-10 14:00:00,1.24021,1.24042,1.23795,1.23883,3417.0
2025-02-10 15:00:00,1.23883,1.2399499999999999,1.2387299999999999,1.23906,3498.0
2025-02-10 16:00:00,1.23906,1.23912,1.23715,1.23795,4460.0
2025-02-10 17:00:00,1.23795,1.23943,1.23788,1.23893,3715.0
2025-02-10 18:00:00,1.23893,1.23937,1.23734,1.23815,3611.0
2025-02-10 19:00:00,1.23815,1.23856,1.23713,1.23805,2539.0
2025-02-10 20:00:00,1.23805,1.23813,1.23663,1.23665,2310.0
2025-02-10 21:00:00,1.23665,1.23724,1.2364,1.23666,1869.0
2025-02-10 22:00:00,1.23666,1.23696,1.23631,1.23662,1488.0
2025-02-10 23:00:00,1.23662,1.23679,1.23636,1.23663,992.0
2025-02-11 00:00:00,1.23665,1.23694,1.2362,1.23679,1254.0
2025-02-11 01:00:00,1.23679,1.23689,1.23547,1.23599,2131.0
2025-02-11 02:00:00,1.23599,1.23637,1.23539,1.23617,1498.0
2025-02-11 03:00:00,1.23617,1.23652,1.23574,1.23598,2434.0
2025-02-11 04:00:00,1.23598,1.23615,1.23452,1.2347299999999999,2560.0
2025-02-11 05:00:00,1.23474,1.2355800000000001,1.23465,1.23537,2276.0
2025-02-11 06:00:00,1.23537,1.23603,1.23525,1.23602,1553.0
2025-02-11 07:00:00,1.23602,1.23632,1.2358500000000001,1.23617,1835.0
2025-02-11 08:00:00,1.23617,1.23663,1.2358,1.23582,1890.0
2025-02-11 09:00:00,1.23582,1.23593,1.23386,1.23396,2948.0
2025-02-11 10:00:00,1.23397,1.23606,1.23326,1.23574,3450.0
2025-02-11 11:00:00,1.23574,1.23783,1.23567,1.23653,2974.0
2025-02-11 12:00:00,1.23655,1.23688,1.23561,1.23608,2709.0
2025-02-11 13:00:00,1.23607,1.23697,1.23598,1.23663,2066.0
2025-02-11 14:00:00,1.23663,1.23809,1.23594,1.23807,3237.0
2025-02-11 15:00:00,1.23807,1.23991,1.2375099999999999,1.23981,3871.0
2025-02-11 16:00:00,1.23981,1.24136,1.23967,1.24072,3842.0
2025-02-11 17:00:00,1.24073,1.24171,1.24032,1.24053,4353.0
2025-02-11 18:00:00,1.24053,1.24261,1.24044,1.24217,3604.0
2025-02-11 19:00:00,1.24217,1.24259,1.24187,1.24236,2720.0
2025-02-11 20:00:00,1.24236,1.24297,1.2421,1.24247,2239.0
2025-02-11 21:00:00,1.24247,1.24548,1.2421,1.2438500000000001,3467.0
2025-02-11 22:00:00,1.24386,1.24488,1.24366,1.24451,2813.0
2025-02-11 23:00:00,1.24451,1.24487,1.24434,1.24466,1522.0
2025-02-12 00:00:00,1.24455,1.24455,1.2433,1.24427,1232.0
2025-02-12 01:00:00,1.24427,1.24518,1.2442,1.24513,1513.0
2025-02-12 02:00:00,1.24513,1.24537,1.244,1.24455,2031.0
2025-02-12 03:00:00,1.24455,1.24536,1.24381,1.24503,2825.0
2025-02-12 04:00:00,1.24503,1.24587,1.24502,1.24511,2584.0
2025-02-12 05:00:00,1.2451,1.24554,1.24445,1.24508,2457.0
2025-02-12 06:00:00,1.24508,1.24508,1.24414,1.24419,2434.0
2025-02-12 07:00:00,1.24419,1.24467,1.24409,1.24454,1966.0
2025-02-12 08:00:00,1.24454,1.24481,1.24409,1.24427,2148.0
2025-02-12 09:00:00,1.24427,1.24609,1.24427,1.24572,3261.0
2025-02-12 10:00:00,1.24574,1.24658,1.24386,1.24425,4076.0
2025-02-12 11:00:00,1.24424,1.2447300000000001,1.2435,1.24464,2633.0
2025-02-12 12:00:00,1.24464,1.2448299999999999,1.24379,1.24419,2967.0
2025-02-12 13:00:00,1.24419,1.24619,1.24408,1.24565,3094.0
2025-02-12 14:00:00,1.24565,1.24592,1.2451,1.24515,2729.0
2025-02-12 15:00:00,1.24515,1.24524,1.23754,1.2389000000000001,7850.0
2025-02-12 16:00:00,1.23891,1.24062,1.2378,1.24042,6902.0
2025-02-12 17:00:00,1.24043,1.24485,1.23892,1.24343,8444.0
2025-02-12 18:00:00,1.24343,1.24463,1.24023,1.24434,5866.0
2025-02-12 19:00:00,1.24433,1.24838,1.24424,1.24776,6822.0
2025-02-12 20:00:00,1.24777,1.2483,1.24427,1.24447,4805.0
2025-02-12 21:00:00,1.24447,1.245,1.24402,1.24462,3122.0
2025-02-12 22:00:00,1.24462,1.24524,1.24427,1.2445,2663.0
2025-02-12 23:00:00,1.2445,1.24469,1.2435,1.24432,1635.0
2025-02-13 00:00:00,1.24433,1.2447,1.2436,1.24425,1597.0
2025-02-13 01:00:00,1.24425,1.24506,1.24425,1.24506,1483.0
2025-02-13 02:00:00,1.24506,1.24563,1.24434,1.24452,2436.0
2025-02-13 03:00:00,1.24452,1.2457799999999999,1.24425,1.24566,3574.0
2025-02-13 04:00:00,1.24566,1.24634,1.24522,1.24619,2721.0
2025-02-13 05:00:00,1.24623,1.24801,1.24608,1.24768,2520.0
2025-02-13 06:00:00,1.24768,1.24921,1.2476099999999999,1.24882,2900.0
2025-02-13 07:00:00,1.2488,1.24959,1.24879,1.24911,2652.0
2025-02-13 08:00:00,1.24911,1.2499,1.24868,1.24878,3067.0
2025-02-13 09:00:00,1.24854,1.25175,1.24854,1.2509299999999999,4891.0
2025-02-13 10:00:00,1.2509299999999999,1.25109,1.24718,1.24758,4738.0
2025-02-13 11:00:00,1.24758,1.24977,1.24735,1.24913,3888.0
2025-02-13 12:00:00,1.24913,1.25053,1.24851,1.24936,2978.0
2025-02-13 13:00:00,1.24936,1.25043,1.24696,1.24754,4176.0
2025-02-13 14:00:00,1.24754,1.24756,1.24599,1.24669,4044.0
2025-02-13 15:00:00,1.24669,1.24764,1.24527,1.24711,6017.0
2025-02-13 16:00:00,1.2471,1.24832,1.24616,1.24828,5369.0
2025-02-13 17:00:00,1.24828,1.25261,1.24805,1.25233,8394.0
2025-02-13 18:00:00,1.25233,1.2540499999999999,1.25198,1.25264,4586.0
2025-02-13 19:00:00,1.25263,1.2543199999999999,1.25211,1.25216,3326.0
2025-02-13 20:00:00,1.25218,1.25289,1.24771,1.25083,7246.0
2025-02-13 21:00:00,1.25083,1.25442,1.25077,1.25374,5103.0
2025-02-13 22:00:00,1.25374,1.25675,1.25348,1.25605,3543.0
2025-02-13 23:00:00,1.25604,1.2568,1.25564,1.25659,1533.0
2025-02-14 00:00:00,1.25653,1.2567599999999999,1.25487,1.25635,1089.0
2025-02-14 01:00:00,1.25635,1.25701,1.25583,1.25648,1870.0
2025-02-14 02:00:00,1.25648,1.25663,1.25573,1.2561200000000001,2539.0
2025-02-14 03:00:00,1.2561200000000001,1.25719,1.256,1.25638,3198.0
2025-02-14 04:00:00,1.25638,1.25655,1.2558099999999999,1.25598,2269.0
2025-02-14 05:00:00,1.25598,1.2561200000000001,1.25555,1.25586,1845.0
2025-02-14 06:00:00,1.25586,1.25627,1.2555100000000001,1.25556,1531.0
2025-02-14 07:00:00,1.25556,1.25572,1.25499,1.25538,2305.0
2025-02-14 08:00:00,1.25539,1.25632,1.2551999999999999,1.256,2806.0
2025-02-14 09:00:00,1.25601,1.25753,1.2558500000000001,1.25635,4155.0
2025-02-14 10:00:00,1.25633,1.25949,1.25633,1.25847,4672.0
2025-02-14 11:00:00,1.25847,1.25962,1.2582499999999999,1.25879,3774.0
2025-02-14 12:00:00,1.25878,1.25901,1.25745,1.25784,3117.0
2025-02-14 13:00:00,1.25784,1.25871,1.25738,1.25816,2860.0
2025-02-14 14:00:00,1.25816,1.25895,1.25721,1.25853,3084.0
2025-02-14 15:00:00,1.25854,1.26092,1.25833,1.26032,5657.0
2025-02-14 16:00:00,1.26032,1.26305,1.26009,1.26267,5182.0
2025-02-14 17:00:00,1.26268,1.26272,1.26023,1.26176,5476.0
2025-02-14 18:00:00,1.26175,1.2622,1.26045,1.26056,4150.0
2025-02-14 19:00:00,1.26056,1.26118,1.26013,1.26092,2682.0
2025-02-14 20:00:00,1.26093,1.26105,1.2595100000000001,1.26017,2043.0
2025-02-17 00:00:00,1.25698,1.25872,1.25698,1.2585,868.0
2025-02-17 01:00:00,1.25849,1.25884,1.25785,1.25841,2369.0
2025-02-17 02:00:00,1.25841,1.25884,1.25812,1.2586,2528.0
2025-02-17 03:00:00,1.2586,1.26007,1.25792,1.25996,3532.0
2025-02-17 04:00:00,1.25995,1.25997,1.25903,1.2595100000000001,3274.0
2025-02-17 05:00:00,1.25952,1.25969,1.25874,1.2591700000000001,3193.0
2025-02-17 06:00:00,1.2591700000000001,1.2597800000000001,1.25878,1.25957,1880.0
2025-02-17 07:00:00,1.25957,1.25997,1.25833,1.2588599999999999,2951.0
2025-02-17 08:00:00,1.2588599999999999,1.25987,1.2586300000000001,1.25976,2965.0
2025-02-17 09:00:00,1.25975,1.2598799999999999,1.25858,1.25955,3552.0
2025-02-17 10:00:00,1.2595399999999999,1.2597800000000001,1.25836,1.25911,4111.0
2025-02-17 11:00:00,1.25911,1.2604600000000001,1.2588,1.25913,2916.0
2025-02-17 12:00:00,1.25913,1.2603,1.25879,1.26027,2922.0
2025-02-17 13:00:00,1.26027,1.26071,1.2592400000000001,1.2602,2432.0
2025-02-17 14:00:00,1.2602,1.2608,1.25914,1.25939,2598.0
2025-02-17 15:00:00,1.25939,1.26009,1.25915,1.25932,2403.0
2025-02-17 16:00:00,1.25932,1.2599,1.25853,1.25956,2524.0
2025-02-17 17:00:00,1.25956,1.26077,1.25911,1.26062,2770.0
2025-02-17 18:00:00,1.26062,1.26145,1.26033,1.26097,1941.0
2025-02-17 19:00:00,1.26097,1.26266,1.26095,1.26228,1369.0
2025-02-17 20:00:00,1.26228,1.26274,1.26189,1.26268,650.0
2025-02-17 21:00:00,1.26268,1.26349,1.26242,1.26274,1090.0
2025-02-17 22:00:00,1.26274,1.26292,1.26261,1.26275,802.0
2025-02-17 23:00:00,1.26275,1.2628599999999999,1.2624,1.26254,1015.0
2025-02-18 00:00:00,1.26241,1.26244,1.26165,1.26197,886.0
2025-02-18 01:00:00,1.26197,1.26228,1.2616,1.26207,1247.0
2025-02-18 02:00:00,1.26207,1.2622200000000001,1.26096,1.26106,2016.0
2025-02-18 03:00:00,1.26105,1.26106,1.25998,1.26058,3184.0
2025-02-18 04:00:00,1.26058,1.26093,1.26029,1.26063,2258.0
2025-02-18 05:00:00,1.26063,1.26128,1.26004,1.26031,2811.0
2025-02-18 06:00:00,1.26031,1.26035,1.2594,1.2597800000000001,2470.0
2025-02-18 07:00:00,1.2597800000000001,1.25995,1.2593,1.25983,2398.0
2025-02-18 08:00:00,1.25983,1.26032,1.25929,1.2601499999999999,2794.0
2025-02-18 09:00:00,1.2601499999999999,1.26218,1.25965,1.26145,3773.0
2025-02-18 10:00:00,1.26145,1.26231,1.26067,1.26097,4195.0
2025-02-18 11:00:00,1.26097,1.26146,1.26014,1.26074,3800.0
2025-02-18 12:00:00,1.26074,1.26099,1.25916,1.25955,3269.0
2025-02-18 13:00:00,1.2595399999999999,1.26051,1.2595399999999999,1.26004,3150.0
2025-02-18 14:00:00,1.26004,1.26075,1.25855,1.25885,3080.0
2025-02-18 15:00:00,1.25885,1.25998,1.25824,1.25925,3890.0
2025-02-18 16:00:00,1.25926,1.26084,1.25892,1.2606600000000001,4132.0
2025-02-18 17:00:00,1.26067,1.26205,1.26053,1.26154,4869.0
2025-02-18 18:00:00,1.26154,1.26193,1.2604199999999999,1.26118,3557.0
2025-02-18 19:00:00,1.26118,1.26118,1.25998,1.26003,2778.0
2025-02-18 20:00:00,1.26002,1.26037,1.25928,1.26014,2398.0
2025-02-18 21:00:00,1.26014,1.2606,1.25952,1.25977,2457.0
2025-02-18 22:00:00,1.25977,1.2607599999999999,1.25937,1.2606600000000001,1932.0
2025-02-18 23:00:00,1.2606600000000001,1.26135,1.26038,1.26135,1522.0
2025-02-19 00:00:00,1.26122,1.26387,1.26052,1.26312,2072.0
2025-02-19 01:00:00,1.26312,1.26345,1.2622,1.26243,1535.0
2025-02-19 02:00:00,1.26243,1.26277,1.2616,1.26167,2558.0
2025-02-19 03:00:00,1.2617,1.262,1.26074,1.2613699999999999,4318.0
2025-02-19 04:00:00,1.2613699999999999,1.26182,1.26099,1.2616100000000001,3592.0
2025-02-19 05:00:00,1.26162,1.26167,1.26087,1.2616,2638.0
2025-02-19 06:00:00,1.2616,1.2617,1.2610000000000001,1.26165,2302.0
2025-02-19 07:00:00,1.26165,1.26248,1.2613699999999999,1.26246,2322.0
2025-02-19 08:00:00,1.26246,1.26282,1.26169,1.26169,3293.0
2025-02-19 09:00:00,1.26155,1.26348,1.2612700000000001,1.26181,3809.0
2025-02-19 10:00:00,1.2618,1.26297,1.26079,1.2612999999999999,4198.0
2025-02-19 11:00:00,1.2612999999999999,1.26226,1.26033,1.2604600000000001,3871.0
2025-02-19 12:00:00,1.26045,1.26057,1.25842,1.2592400000000001,3476.0
2025-02-19 13:00:00,1.2592400000000001,1.25968,1.25753,1.25844,4372.0
2025-02-19 14:00:00,1.25844,1.25909,1.25778,1.25861,3150.0
2025-02-19 15:00:00,1.25861,1.25969,1.25847,1.25909,3594.0
2025-02-19 16:00:00,1.25909,1.2594400000000001,1.25813,1.25921,4556.0
2025-02-19 17:00:00,1.25926,1.26068,1.2586300000000001,1.25896,5289.0
2025-02-19 18:00:00,1.25896,1.25902,1.25695,1.25713,4509.0
2025-02-19 19:00:00,1.25713,1.25754,1.25631,1.25729,3173.0
2025-02-19 20:00:00,1.25729,1.25792,1.25666,1.25754,3035.0
2025-02-19 21:00:00,1.25755,1.25904,1.2572,1.25843,3595.0
2025-02-19 22:00:00,1.25843,1.2588,1.25808,1.25879,2300.0
2025-02-19 23:00:00,1.25879,1.25881,1.25839,1.25852,1142.0
2025-02-20 00:00:00,1.2585600000000001,1.2585600000000001,1.25762,1.25808,971.0
2025-02-20 01:00:00,1.25809,1.25866,1.25789,1.2583199999999999,1376.0
2025-02-20 02:00:00,1.2583199999999999,1.25933,1.25812,1.2591999999999999,2998.0
2025-02-20 03:00:00,1.2591999999999999,1.2594400000000001,1.25803,1.25831,4047.0
2025-02-20 04:00:00,1.25831,1.25953,1.2581,1.25942,4489.0
2025-02-20 05:00:00,1.25942,1.2595,1.25881,1.25925,3272.0
2025-02-20 06:00:00,1.25925,1.2594699999999999,1.25889,1.25942,2800.0
2025-02-20 07:00:00,1.25942,1.25995,1.25919,1.25938,2747.0
2025-02-20 08:00:00,1.25938,1.2602,1.25897,1.25901,2927.0
2025-02-20 09:00:00,1.25901,1.26025,1.2589000000000001,1.2595399999999999,3641.0
2025-02-20 10:00:00,1.2595399999999999,1.2616,1.25952,1.26082,4532.0
2025-02-20 11:00:00,1.26082,1.26159,1.2603,1.26141,3561.0
2025-02-20 12:00:00,1.26141,1.26199,1.26098,1.2616800000000001,3620.0
2025-02-20 13:00:00,1.2616800000000001,1.2617,1.26003,1.26088,3314.0
2025-02-20 14:00:00,1.26088,1.26178,1.25971,1.25994,3824.0
2025-02-20 15:00:00,1.25994,1.2623,1.25983,1.26131,4343.0
2025-02-20 16:00:00,1.26131,1.26241,1.26068,1.26136,5147.0
2025-02-20 17:00:00,1.26136,1.26437,1.26057,1.26406,6332.0
2025-02-20 18:00:00,1.26406,1.26491,1.26319,1.2642,4587.0
2025-02-20 19:00:00,1.2642,1.26604,1.26371,1.26526,3913.0
2025-02-20 20:00:00,1.26525,1.26636,1.2649,1.26614,3011.0
2025-02-20 21:00:00,1.26614,1.26708,1.26535,1.26699,2675.0
2025-02-20 22:00:00,1.26699,1.2671000000000001,1.26641,1.26703,1909.0
2025-02-20 23:00:00,1.26703,1.26715,1.2667,1.2669000000000001,1085.0
2025-02-21 00:00:00,1.26684,1.26684,1.26581,1.26654,1341.0
2025-02-21 01:00:00,1.26654,1.2674400000000001,1.26636,1.26693,2124.0
2025-02-21 02:00:00,1.26693,1.26704,1.26583,1.26594,2789.0
2025-02-21 03:00:00,1.26594,1.26628,1.2653699999999999,1.26559,4106.0
2025-02-21 04:00:00,1.2656,1.2674400000000001,1.26558,1.26731,3923.0
2025-02-21 05:00:00,1.26731,1.26737,1.26668,1.26701,3485.0
2025-02-21 06:00:00,1.26701,1.26703,1.26636,1.26646,2374.0
2025-02-21 07:00:00,1.26646,1.26653,1.2657,1.26601,3067.0
2025-02-21 08:00:00,1.26601,1.26648,1.26569,1.26603,3804.0
2025-02-21 09:00:00,1.26603,1.26787,1.26603,1.26692,3845.0
2025-02-21 10:00:00,1.26692,1.26709,1.26498,1.26597,5281.0
2025-02-21 11:00:00,1.26597,1.26633,1.26422,1.26504,4155.0
2025-02-21 12:00:00,1.26504,1.2656800000000001,1.26446,1.2646899999999999,3470.0
2025-02-21 13:00:00,1.2646899999999999,1.26553,1.26433,1.26452,3050.0
2025-02-21 14:00:00,1.26452,1.26481,1.26369,1.26397,2520.0
2025-02-21 15:00:00,1.26397,1.26518,1.26394,1.2646,3384.0
2025-02-21 16:00:00,1.2646,1.26681,1.26398,1.26572,4789.0
2025-02-21 17:00:00,1.26572,1.26603,1.26302,1.26383,6104.0
2025-02-21 18:00:00,1.26383,1.26485,1.26361,1.26443,3950.0
2025-02-21 19:00:00,1.26443,1.26497,1.26376,1.26449,3918.0
2025-02-21 20:00:00,1.26449,1.26453,1.2625,1.26345,4456.0
2025-02-24 00:00:00,1.26244,1.26411,1.26244,1.26367,916.0
2025-02-24 01:00:00,1.26367,1.2658,1.26363,1.26488,2547.0
2025-02-24 02:00:00,1.26488,1.26728,1.26441,1.26665,4038.0
2025-02-24 03:00:00,1.26665,1.268,1.26613,1.26783,5197.0
2025-02-24 04:00:00,1.26783,1.26908,1.2677399999999999,1.26848,4952.0
2025-02-24 05:00:00,1.26848,1.26879,1.2677100000000001,1.2681200000000001,3092.0
2025-02-24 06:00:00,1.2681200000000001,1.26824,1.26735,1.26775,2122.0
2025-02-24 07:00:00,1.26775,1.26775,1.26709,1.26745,3188.0
2025-02-24 08:00:00,1.26745,1.26746,1.26576,1.26653,3089.0
2025-02-24 09:00:00,1.26653,1.26704,1.2638099999999999,1.26443,4997.0
2025-02-24 10:00:00,1.26444,1.26542,1.26296,1.26486,5535.0
2025-02-24 11:00:00,1.26486,1.26578,1.26258,1.26382,4911.0
2025-02-24 12:00:00,1.2638,1.26446,1.26263,1.26433,3669.0
2025-02-24 13:00:00,1.26433,1.26451,1.26346,1.26396,3128.0
2025-02-24 14:00:00,1.26396,1.26446,1.26322,1.2637800000000001,3187.0
2025-02-24 15:00:00,1.2637800000000001,1.26508,1.2635,1.2645,3825.0
2025-02-24 16:00:00,1.2645,1.2650000000000001,1.2612,1.26184,4976.0
2025-02-24 17:00:00,1.26184,1.26316,1.26156,1.26201,5816.0
2025-02-24 18:00:00,1.26202,1.26411,1.26178,1.26393,4569.0
2025-02-24 19:00:00,1.26392,1.26489,1.26304,1.26401,4258.0
2025-02-24 20:00:00,1.26401,1.26507,1.26389,1.26433,3157.0
2025-02-24 21:00:00,1.26433,1.26478,1.26307,1.26326,3002.0
2025-02-24 22:00:00,1.26325,1.26367,1.26215,1.26227,3779.0
2025-02-24 23:00:00,1.26227,1.26269,1.26182,1.26244,1155.0
2025-02-25 00:00:00,1.26239,1.26288,1.26212,1.26265,981.0
2025-02-25 01:00:00,1.26265,1.2628599999999999,1.26158,1.26172,1783.0
2025-02-25 02:00:00,1.26172,1.26215,1.2617,1.26189,2148.0
2025-02-25 03:00:00,1.2619,1.26233,1.2617,1.2623199999999999,3836.0
2025-02-25 04:00:00,1.2623199999999999,1.26353,1.26213,1.2634699999999999,4106.0
2025-02-25 05:00:00,1.2634699999999999,1.26363,1.263,1.26325,3278.0
2025-02-25 06:00:00,1.26325,1.2638099999999999,1.2631999999999999,1.26334,2591.0
2025-02-25 07:00:00,1.26333,1.26384,1.26331,1.2637399999999999,3104.0
2025-02-25 08:00:00,1.2637399999999999,1.2639,1.26268,1.2631299999999999,3114.0
2025-02-25 09:00:00,1.2631299999999999,1.26323,1.26112,1.2612700000000001,5052.0
2025-02-25 10:00:00,1.26128,1.26306,1.26059,1.26201,5279.0
2025-02-25 11:00:00,1.26201,1.26299,1.26187,1.2624,4778.0
2025-02-25 12:00:00,1.26241,1.2628599999999999,1.26154,1.26258,4101.0
2025-02-25 13:00:00,1.26258,1.2653699999999999,1.26251,1.26536,4079.0
2025-02-25 14:00:00,1.26536,1.26621,1.26475,1.26574,4393.0
2025-02-25 15:00:00,1.26574,1.26776,1.26556,1.26707,4564.0
2025-02-25 16:00:00,1.26708,1.26734,1.26601,1.26611,5231.0
2025-02-25 17:00:00,1.26612,1.26775,1.26514,1.26543,6896.0
2025-02-25 18:00:00,1.26543,1.26592,1.26465,1.26504,5270.0
2025-02-25 19:00:00,1.26504,1.26633,1.2640500000000001,1.26633,4089.0
2025-02-25 20:00:00,1.26634,1.2675,1.26603,1.26654,4037.0
2025-02-25 21:00:00,1.26658,1.26705,1.2659799999999999,1.26694,3781.0
2025-02-25 22:00:00,1.26693,1.26775,1.26663,1.26706,3512.0
2025-02-25 23:00:00,1.26705,1.26729,1.26648,1.26662,1752.0
2025-02-26 00:00:00,1.26627,1.26675,1.2659500000000001,1.26653,954.0
2025-02-26 01:00:00,1.26653,1.26761,1.2665199999999999,1.2671999999999999,1818.0
2025-02-26 02:00:00,1.26719,1.26779,1.2671000000000001,1.26759,2565.0
2025-02-26 03:00:00,1.26759,1.26759,1.26639,1.26645,3430.0
2025-02-26 04:00:00,1.26645,1.2667,1.26523,1.26554,3210.0
2025-02-26 05:00:00,1.26554,1.26577,1.26483,1.2650000000000001,2516.0
2025-02-26 06:00:00,1.2650000000000001,1.26507,1.26406,1.2641200000000001,2114.0
2025-02-26 07:00:00,1.2641200000000001,1.26426,1.2635399999999999,1.26386,2652.0
2025-02-26 08:00:00,1.26386,1.26501,1.26358,1.26487,2960.0
2025-02-26 09:00:00,1.26487,1.26572,1.26452,1.26482,4185.0
2025-02-26 10:00:00,1.26482,1.26645,1.2642,1.26518,4555.0
2025-02-26 11:00:00,1.26518,1.2659500000000001,1.26489,1.26536,3641.0
2025-02-26 12:00:00,1.26536,1.2658,1.2640799999999999,1.26452,3785.0
2025-02-26 13:00:00,1.26452,1.26513,1.26397,1.26488,3132.0
2025-02-26 14:00:00,1.26488,1.2656800000000001,1.26409,1.26432,3285.0
2025-02-26 15:00:00,1.26432,1.26645,1.26423,1.26538,4223.0
2025-02-26 16:00:00,1.26539,1.26676,1.26517,1.26653,5158.0
2025-02-26 17:00:00,1.26655,1.2698800000000001,1.26579,1.26947,6210.0
2025-02-26 18:00:00,1.26947,1.2708599999999999,1.2688,1.2693699999999999,4821.0
2025-02-26 19:00:00,1.26939,1.27159,1.26776,1.26846,6810.0
2025-02-26 20:00:00,1.26846,1.26965,1.26777,1.2681200000000001,5019.0
2025-02-26 21:00:00,1.2681200000000001,1.26879,1.26724,1.2684199999999999,4230.0
2025-02-26 22:00:00,1.2684199999999999,1.26846,1.26723,1.2675100000000001,2548.0
2025-02-26 23:00:00,1.2675,1.26772,1.26697,1.26767,2044.0
2025-02-27 00:00:00,1.26726,1.26762,1.2667,1.2674,609.0
2025-02-27 01:00:00,1.2674,1.26843,1.26738,1.26806,1450.0
2025-02-27 02:00:00,1.26806,1.26806,1.26638,1.2665600000000001,3144.0
2025-02-27 03:00:00,1.2665600000000001,1.26701,1.26608,1.26646,3884.0
2025-02-27 04:00:00,1.26646,1.26667,1.2659500000000001,1.26608,4225.0
2025-02-27 05:00:00,1.26608,1.26662,1.2656100000000001,1.2657,3378.0
2025-02-27 06:00:00,1.2657,1.26589,1.26502,1.26544,3143.0
2025-02-27 07:00:00,1.26544,1.26566,1.26516,1.26546,3200.0
2025-02-27 08:00:00,1.26546,1.26636,1.26539,1.26626,3553.0
2025-02-27 09:00:00,1.26626,1.2671299999999999,1.26585,1.26667,3394.0
2025-02-27 10:00:00,1.26667,1.26776,1.26636,1.26718,4488.0
2025-02-27 11:00:00,1.26718,1.26787,1.26675,1.26786,4125.0
2025-02-27 12:00:00,1.26786,1.26798,1.26662,1.26791,3497.0
2025-02-27 13:00:00,1.26793,1.26887,1.26696,1.26727,3575.0
2025-02-27 14:00:00,1.26726,1.26877,1.26663,1.26667,3449.0
2025-02-27 15:00:00,1.26668,1.26882,1.2628599999999999,1.26324,7508.0
2025-02-27 16:00:00,1.26325,1.26452,1.26223,1.26289,7303.0
2025-02-27 17:00:00,1.26289,1.26384,1.2622,1.2628,6689.0
2025-02-27 18:00:00,1.2628,1.26342,1.26156,1.26265,4649.0
2025-02-27 19:00:00,1.26268,1.26299,1.26089,1.26126,3794.0
2025-02-27 20:00:00,1.26126,1.26292,1.26126,1.26282,3186.0
2025-02-27 21:00:00,1.26282,1.26295,1.26052,1.26081,3860.0
2025-02-27 22:00:00,1.26081,1.26121,1.2604600000000001,1.26121,3404.0
2025-02-27 23:00:00,1.26121,1.26124,1.2597800000000001,1.26006,1710.0
2025-02-28 00:00:00,1.25996,1.26031,1.25938,1.25997,913.0
2025-02-28 01:00:00,1.25997,1.26064,1.25953,1.25965,1529.0
2025-02-28 02:00:00,1.25965,1.26074,1.25965,1.2606600000000001,2917.0
2025-02-28 03:00:00,1.2606600000000001,1.26105,1.25942,1.25945,4483.0
2025-02-28 04:00:00,1.25945,1.2601,1.25836,1.25839,4375.0
2025-02-28 05:00:00,1.25839,1.2588599999999999,1.25819,1.25848,3451.0
2025-02-28 06:00:00,1.25848,1.25866,1.25816,1.2582900000000001,2483.0
2025-02-28 07:00:00,1.2582900000000001,1.25862,1.25805,1.2586,2746.0
2025-02-28 08:00:00,1.2586,1.25862,1.25729,1.25799,3420.0
2025-02-28 09:00:00,1.25799,1.25958,1.2578,1.25885,4382.0
2025-02-28 10:00:00,1.25885,1.2604,1.2585899999999999,1.26002,4474.0
2025-02-28 11:00:00,1.26002,1.26071,1.25946,1.25952,3986.0
2025-02-28 12:00:00,1.25952,1.2604600000000001,1.25908,1.25928,3158.0
2025-02-28 13:00:00,1.25928,1.25982,1.25836,1.25952,3112.0
2025-02-28 14:00:00,1.25952,1.26019,1.25939,1.2601200000000001,3130.0
2025-02-28 15:00:00,1.2601200000000001,1.26104,1.25959,1.26027,4859.0
2025-02-28 16:00:00,1.26027,1.26099,1.25935,1.26031,5075.0
2025-02-28 17:00:00,1.26031,1.26219,1.25828,1.25921,6226.0
2025-02-28 18:00:00,1.25921,1.25989,1.25807,1.25889,5858.0
2025-02-28 19:00:00,1.25889,1.2604899999999999,1.25866,1.259,5076.0
2025-02-28 20:00:00,1.259,1.2591,1.25607,1.2562,6079.0
2025-03-03 00:00:00,1.2581,1.25911,1.25594,1.25889,419.0
2025-03-03 01:00:00,1.25889,1.26085,1.25879,1.26023,3019.0
2025-03-03 02:00:00,1.26024,1.26109,1.25943,1.26027,4405.0
2025-03-03 03:00:00,1.26027,1.26139,1.2600500000000001,1.26086,4915.0
2025-03-03 04:00:00,1.26086,1.26135,1.26051,1.2607599999999999,3355.0
2025-03-03 05:00:00,1.26075,1.26075,1.25967,1.26028,3787.0
2025-03-03 06:00:00,1.26028,1.26075,1.26013,1.26036,2541.0
2025-03-03 07:00:00,1.26036,1.26081,1.2600500000000001,1.26051,2642.0
2025-03-03 08:00:00,1.26051,1.2606600000000001,1.2594699999999999,1.25973,3393.0
2025-03-03 09:00:00,1.25973,1.26034,1.25909,1.2601200000000001,4261.0
2025-03-03 10:00:00,1.26013,1.26051,1.25826,1.2591,4958.0
2025-03-03 11:00:00,1.25911,1.263,1.25904,1.2628599999999999,3937.0
2025-03-03 12:00:00,1.26287,1.26482,1.26287,1.2646600000000001,5372.0
2025-03-03 13:00:00,1.2646600000000001,1.2663,1.26416,1.26605,4572.0
2025-03-03 14:00:00,1.26605,1.26889,1.26599,1.2687599999999999,5679.0
2025-03-03 15:00:00,1.2687599999999999,1.26884,1.26732,1.26797,4850.0
2025-03-03 16:00:00,1.26797,1.2702,1.26726,1.26885,5798.0
2025-03-03 17:00:00,1.26872,1.27143,1.26784,1.26989,8078.0
2025-03-03 18:00:00,1.26989,1.27116,1.26952,1.27089,4870.0
2025-03-03 19:00:00,1.27089,1.2718,1.27043,1.27165,3680.0
2025-03-03 20:00:00,1.27165,1.27245,1.27017,1.27064,4256.0
2025-03-03 21:00:00,1.27064,1.27099,1.2687300000000001,1.26908,5078.0
2025-03-03 22:00:00,1.26908,1.26985,1.26801,1.26975,6970.0
2025-03-03 23:00:00,1.26975,1.27071,1.26965,1.27011,2128.0
2025-03-04 00:00:00,1.27002,1.27017,1.2694,1.27,905.0
2025-03-04 01:00:00,1.27,1.27099,1.26981,1.27017,1951.0
2025-03-04 02:00:00,1.27017,1.27047,1.26879,1.26997,4070.0
2025-03-04 03:00:00,1.2699799999999999,1.2708599999999999,1.26932,1.26973,5594.0
2025-03-04 04:00:00,1.26972,1.26997,1.26886,1.26888,4399.0
2025-03-04 05:00:00,1.26888,1.26947,1.26846,1.26875,3968.0
2025-03-04 06:00:00,1.26875,1.26967,1.26788,1.26946,3274.0
2025-03-04 07:00:00,1.26945,1.26996,1.26836,1.2695699999999999,4292.0
2025-03-04 08:00:00,1.2695699999999999,1.2702499999999999,1.26887,1.26983,3612.0
2025-03-04 09:00:00,1.26983,1.27092,1.26915,1.27041,5414.0
2025-03-04 10:00:00,1.27039,1.27243,1.26926,1.27194,6711.0
2025-03-04 11:00:00,1.27196,1.27413,1.2713,1.27249,3904.0
2025-03-04 12:00:00,1.27248,1.27284,1.27044,1.27226,4044.0
2025-03-04 13:00:00,1.27226,1.27416,1.27092,1.27407,4301.0
2025-03-04 14:00:00,1.27407,1.27518,1.2733400000000001,1.27467,4879.0
2025-03-04 15:00:00,1.27467,1.27539,1.27204,1.27222,6514.0
2025-03-04 16:00:00,1.27222,1.27312,1.27072,1.27095,7259.0
2025-03-04 17:00:00,1.27095,1.27221,1.26997,1.27162,7544.0
2025-03-04 18:00:00,1.27162,1.27307,1.27042,1.2725,6713.0
2025-03-04 19:00:00,1.2725,1.2746,1.27249,1.27437,6120.0
2025-03-04 20:00:00,1.27437,1.27766,1.2741500000000001,1.27752,7161.0
2025-03-04 21:00:00,1.27751,1.27887,1.2775,1.2787600000000001,5606.0
2025-03-04 22:00:00,1.2787600000000001,1.27997,1.27833,1.27841,6142.0
2025-03-04 23:00:00,1.27843,1.27992,1.27838,1.2795,4625.0
2025-03-05 00:00:00,1.27946,1.27946,1.27867,1.27875,703.0
2025-03-05 01:00:00,1.27875,1.27972,1.27868,1.27955,2542.0
2025-03-05 02:00:00,1.27955,1.27956,1.2784200000000001,1.27885,3954.0
2025-03-05 03:00:00,1.27885,1.27956,1.2776399999999999,1.27771,6471.0
2025-03-05 04:00:00,1.27772,1.27829,1.2769599999999999,1.27705,4801.0
2025-03-05 05:00:00,1.2770299999999999,1.27872,1.27677,1.27867,4729.0
2025-03-05 06:00:00,1.27867,1.27949,1.27853,1.27873,3492.0
2025-03-05 07:00:00,1.27873,1.27972,1.27873,1.27959,3311.0
2025-03-05 08:00:00,1.27958,1.28024,1.27873,1.2797,4081.0
2025-03-05 09:00:00,1.2797,1.28224,1.27959,1.28209,6151.0
2025-03-05 10:00:00,1.28209,1.2852700000000001,1.28152,1.28433,6981.0
2025-03-05 11:00:00,1.28433,1.28544,1.28353,1.28359,6246.0
2025-03-05 12:00:00,1.28359,1.28412,1.28174,1.28316,4333.0
2025-03-05 13:00:00,1.28317,1.28358,1.28172,1.28236,3922.0
2025-03-05 14:00:00,1.28236,1.2843,1.2811,1.2812299999999999,4848.0
2025-03-05 15:00:00,1.2812700000000001,1.28272,1.28039,1.28226,7614.0
2025-03-05 16:00:00,1.28226,1.28701,1.28199,1.2867600000000001,7863.0
2025-03-05 17:00:00,1.28678,1.28729,1.28531,1.28673,9008.0
2025-03-05 18:00:00,1.28671,1.28793,1.28544,1.286,7724.0
2025-03-05 19:00:00,1.286,1.28812,1.28569,1.28795,6327.0
2025-03-05 20:00:00,1.28795,1.28887,1.2864,1.28884,6853.0
2025-03-05 21:00:00,1.28883,1.28978,1.28844,1.2897,4855.0
2025-03-05 22:00:00,1.2897,1.29009,1.28958,1.29004,3657.0
2025-03-05 23:00:00,1.29004,1.29004,1.28912,1.2895699999999999,2227.0
2025-03-06 00:00:00,1.28934,1.28934,1.28881,1.28911,2886.0
2025-03-06 01:00:00,1.28911,1.2895699999999999,1.28873,1.28897,2159.0
2025-03-06 02:00:00,1.28897,1.29006,1.28871,1.2892700000000001,3232.0
2025-03-06 03:00:00,1.2892700000000001,1.29081,1.28898,1.2905,4478.0
2025-03-06 04:00:00,1.2905,1.29087,1.28921,1.2897,4298.0
2025-03-06 05:00:00,1.2897,1.28974,1.2885900000000001,1.28864,3712.0
2025-03-06 06:00:00,1.28864,1.29017,1.28833,1.2901099999999999,2686.0
2025-03-06 07:00:00,1.2901099999999999,1.29039,1.2894999999999999,1.29025,3309.0
2025-03-06 08:00:00,1.29025,1.29129,1.28951,1.28993,4125.0
2025-03-06 09:00:00,1.28993,1.29239,1.28906,1.29087,6444.0
2025-03-06 10:00:00,1.29087,1.29148,1.28914,1.28952,7757.0
2025-03-06 11:00:00,1.28952,1.29054,1.28691,1.28766,6450.0
2025-03-06 12:00:00,1.28766,1.28838,1.28658,1.2873700000000001,5361.0
2025-03-06 13:00:00,1.28738,1.2886199999999999,1.28691,1.2879800000000001,4928.0
2025-03-06 14:00:00,1.28797,1.28977,1.28753,1.28863,4961.0
2025-03-06 15:00:00,1.28864,1.28976,1.28784,1.28973,7688.0
2025-03-06 16:00:00,1.28971,1.29064,1.28804,1.29026,8843.0
2025-03-06 17:00:00,1.29025,1.29186,1.2882,1.28905,8952.0
2025-03-06 18:00:00,1.28905,1.29139,1.28884,1.28938,7664.0
2025-03-06 19:00:00,1.28938,1.2902,1.2882500000000001,1.2888,6010.0
2025-03-06 20:00:00,1.28879,1.29004,1.28769,1.2885499999999999,5417.0
2025-03-06 21:00:00,1.2885499999999999,1.29032,1.2882,1.28942,4707.0
2025-03-06 22:00:00,1.28942,1.28952,1.28773,1.28781,4463.0
2025-03-06 23:00:00,1.28782,1.28834,1.28709,1.28815,1860.0
2025-03-07 00:00:00,1.28776,1.28811,1.28722,1.28803,651.0
2025-03-07 01:00:00,1.28803,1.28899,1.28757,1.28833,2007.0
2025-03-07 02:00:00,1.28833,1.28895,1.28799,1.28822,2842.0
2025-03-07 03:00:00,1.28822,1.28864,1.2876,1.28839,3978.0
2025-03-07 04:00:00,1.28839,1.28903,1.2877,1.28857,3928.0
2025-03-07 05:00:00,1.28857,1.28928,1.2883499999999999,1.28876,3605.0
2025-03-07 06:00:00,1.28876,1.28908,1.28829,1.2886,2792.0
2025-03-07 07:00:00,1.2886,1.28909,1.28821,1.28847,3326.0
2025-03-07 08:00:00,1.28847,1.28994,1.288,1.28972,3924.0
2025-03-07 09:00:00,1.28972,1.29111,1.28917,1.29044,4241.0
2025-03-07 10:00:00,1.29044,1.29279,1.2902,1.29207,4709.0
2025-03-07 11:00:00,1.29206,1.29448,1.29149,1.29385,4816.0
2025-03-07 12:00:00,1.29385,1.29426,1.29173,1.29204,4178.0
2025-03-07 13:00:00,1.29204,1.29237,1.29107,1.29196,3440.0
2025-03-07 14:00:00,1.29196,1.2919800000000001,1.2903,1.2910599999999999,4319.0
2025-03-07 15:00:00,1.2910599999999999,1.29396,1.29026,1.29028,8818.0
2025-03-07 16:00:00,1.29027,1.29317,1.2901799999999999,1.2919800000000001,8648.0
2025-03-07 17:00:00,1.2919800000000001,1.29372,1.2900800000000001,1.29233,8207.0
2025-03-07 18:00:00,1.29234,1.29298,1.2905,1.29151,6379.0
2025-03-07 19:00:00,1.29151,1.29207,1.28945,1.29075,6807.0
2025-03-07 20:00:00,1.29074,1.29127,1.28966,1.2911299999999999,5601.0
2025-03-10 00:00:00,1.29165,1.29212,1.29026,1.2913000000000001,1025.0
2025-03-10 01:00:00,1.2913000000000001,1.29331,1.2913000000000001,1.2931,3010.0
2025-03-10 02:00:00,1.2931,1.29382,1.2925900000000001,1.2932000000000001,3186.0
2025-03-10 03:00:00,1.2932000000000001,1.2943799999999999,1.29309,1.29382,3771.0
2025-03-10 04:00:00,1.2938100000000001,1.29458,1.29274,1.29288,3681.0
2025-03-10 05:00:00,1.29288,1.29311,1.29109,1.29125,3377.0
2025-03-10 06:00:00,1.29125,1.29169,1.29099,1.29117,2866.0
2025-03-10 07:00:00,1.29117,1.29158,1.29073,1.29074,2187.0
2025-03-10 08:00:00,1.29074,1.29127,1.29053,1.29127,2820.0
2025-03-10 09:00:00,1.29127,1.29229,1.29114,1.29148,3503.0
2025-03-10 10:00:00,1.29148,1.29202,1.2888600000000001,1.28956,4755.0
2025-03-10 11:00:00,1.28958,1.28976,1.28741,1.28778,6363.0
2025-03-10 12:00:00,1.2878,1.29129,1.28745,1.2909,5606.0
2025-03-10 13:00:00,1.29093,1.29307,1.29093,1.29209,5411.0
2025-03-10 14:00:00,1.29209,1.2934,1.29022,1.29226,6144.0
2025-03-10 15:00:00,1.29226,1.29457,1.29205,1.29337,5221.0
2025-03-10 16:00:00,1.29337,1.29466,1.29215,1.2925900000000001,6255.0
2025-03-10 17:00:00,1.29257,1.2925900000000001,1.29074,1.29173,7056.0
2025-03-10 18:00:00,1.29173,1.29205,1.28986,1.2904900000000001,6338.0
2025-03-10 19:00:00,1.2904900000000001,1.29102,1.2885499999999999,1.28946,4811.0
2025-03-10 20:00:00,1.28946,1.28948,1.28775,1.28775,4073.0
2025-03-10 21:00:00,1.28775,1.28805,1.28624,1.28696,4443.0
2025-03-10 22:00:00,1.28696,1.28779,1.28616,1.28769,4054.0
2025-03-10 23:00:00,1.28772,1.2879399999999999,1.2864499999999999,1.28781,1962.0
2025-03-11 00:00:00,1.2875,1.28802,1.28728,1.28766,689.0
2025-03-11 01:00:00,1.28766,1.28792,1.28727,1.28742,1882.0
2025-03-11 02:00:00,1.28742,1.28813,1.28726,1.28753,2289.0
2025-03-11 03:00:00,1.28753,1.2888899999999999,1.28743,1.28858,3666.0
2025-03-11 04:00:00,1.28858,1.28907,1.2876,1.28895,5631.0
2025-03-11 05:00:00,1.28895,1.28935,1.2883,1.2889300000000001,4418.0
2025-03-11 06:00:00,1.2889300000000001,1.28952,1.28858,1.28901,3974.0
2025-03-11 07:00:00,1.28902,1.2898,1.28864,1.28946,3237.0
2025-03-11 08:00:00,1.28946,1.28956,1.28732,1.28765,3490.0
2025-03-11 09:00:00,1.28765,1.29034,1.28745,1.28939,4799.0
2025-03-11 10:00:00,1.28939,1.2918,1.28907,1.29092,5870.0
2025-03-11 11:00:00,1.29092,1.2937400000000001,1.29062,1.293,5828.0
2025-03-11 12:00:00,1.293,1.29416,1.2923499999999999,1.2934700000000001,4552.0
2025-03-11 13:00:00,1.29346,1.29346,1.29237,1.2927,4122.0
2025-03-11 14:00:00,1.2927,1.29369,1.2919100000000001,1.29244,4042.0
2025-03-11 15:00:00,1.29244,1.29517,1.29218,1.29449,5236.0
2025-03-11 16:00:00,1.29449,1.2947199999999999,1.2928899999999999,1.29303,6563.0
2025-03-11 17:00:00,1.2929599999999999,1.29349,1.29179,1.29312,9038.0
2025-03-11 18:00:00,1.29314,1.29566,1.29288,1.29458,6811.0
2025-03-11 19:00:00,1.29458,1.29458,1.29367,1.29373,4975.0
2025-03-11 20:00:00,1.29373,1.295,1.29338,1.29496,4377.0
2025-03-11 21:00:00,1.29496,1.29657,1.29481,1.29604,5919.0
2025-03-11 22:00:00,1.29604,1.29657,1.29516,1.29523,4369.0
2025-03-11 23:00:00,1.29522,1.29523,1.29463,1.29497,1648.0
2025-03-12 00:00:00,1.29458,1.29502,1.29405,1.2942,985.0
2025-03-12 01:00:00,1.2942,1.2950300000000001,1.29419,1.29481,2121.0
2025-03-12 02:00:00,1.29481,1.29502,1.29433,1.29439,1735.0
2025-03-12 03:00:00,1.29439,1.2946,1.29314,1.29359,2555.0
2025-03-12 04:00:00,1.29359,1.29436,1.29343,1.2937400000000001,4207.0
2025-03-12 05:00:00,1.2937400000000001,1.29429,1.29327,1.29333,3643.0
2025-03-12 06:00:00,1.29333,1.29353,1.29222,1.29224,3082.0
2025-03-12 07:00:00,1.29224,1.29263,1.29193,1.29239,2079.0
2025-03-12 08:00:00,1.29238,1.29317,1.29207,1.2931300000000001,2295.0
2025-03-12 09:00:00,1.2931300000000001,1.29327,1.29154,1.29165,2918.0
2025-03-12 10:00:00,1.29165,1.29322,1.29134,1.29287,4444.0
2025-03-12 11:00:00,1.29287,1.29422,1.29236,1.29422,6180.0
2025-03-12 12:00:00,1.29422,1.29455,1.29337,1.29346,4314.0
2025-03-12 13:00:00,1.29346,1.29441,1.2929599999999999,1.29337,3145.0
2025-03-12 14:00:00,1.29337,1.29614,1.29335,1.2944200000000001,4154.0
2025-03-12 15:00:00,1.2944200000000001,1.29871,1.2938399999999999,1.2943,8110.0
2025-03-12 16:00:00,1.2943,1.29557,1.29276,1.29351,7788.0
2025-03-12 17:00:00,1.29351,1.29485,1.29246,1.29462,5783.0
2025-03-12 18:00:00,1.29462,1.2968199999999999,1.2941799999999999,1.2968199999999999,5159.0
2025-03-12 19:00:00,1.2968199999999999,1.29828,1.29646,1.29729,4432.0
2025-03-12 20:00:00,1.29729,1.29807,1.29658,1.29672,3933.0
2025-03-12 21:00:00,1.29672,1.29732,1.2964,1.29675,3318.0
2025-03-12 22:00:00,1.29675,1.29728,1.29629,1.29673,3152.0
2025-03-12 23:00:00,1.29676,1.29707,1.29597,1.29626,1614.0
2025-03-13 00:00:00,1.29582,1.29644,1.29544,1.29613,675.0
2025-03-13 01:00:00,1.29613,1.29673,1.29612,1.2965900000000001,1332.0
2025-03-13 02:00:00,1.2965900000000001,1.29673,1.29611,1.29643,1408.0
2025-03-13 03:00:00,1.29643,1.29683,1.29608,1.29669,2110.0
2025-03-13 04:00:00,1.29671,1.29705,1.29626,1.29667,3519.0
2025-03-13 05:00:00,1.29667,1.29736,1.29663,1.297,2589.0
2025-03-13 06:00:00,1.297,1.29703,1.29579,1.29582,2945.0
2025-03-13 07:00:00,1.29582,1.2962500000000001,1.29543,1.29623,2058.0
2025-03-13 08:00:00,1.29623,1.29623,1.29525,1.29589,2733.0
2025-03-13 09:00:00,1.29589,1.29607,1.29466,1.29511,3341.0
2025-03-13 10:00:00,1.29511,1.29588,1.29416,1.29531,4215.0
2025-03-13 11:00:00,1.29531,1.29661,1.29414,1.29481,5293.0
2025-03-13 12:00:00,1.29481,1.29602,1.29443,1.29595,3738.0
2025-03-13 13:00:00,1.29595,1.29638,1.29489,1.29563,3949.0
2025-03-13 14:00:00,1.29563,1.29574,1.29269,1.29319,4634.0
2025-03-13 15:00:00,1.29319,1.29663,1.29277,1.29327,6682.0
2025-03-13 16:00:00,1.29327,1.2945,1.2921,1.29373,5904.0
2025-03-13 17:00:00,1.29373,1.29603,1.29361,1.29565,5725.0
2025-03-13 18:00:00,1.29566,1.29584,1.29355,1.29434,5785.0
2025-03-13 19:00:00,1.29434,1.29587,1.29369,1.29468,4349.0
2025-03-13 20:00:00,1.29468,1.29477,1.29365,1.29405,4020.0
2025-03-13 21:00:00,1.29405,1.29538,1.29394,1.29519,2545.0
2025-03-13 22:00:00,1.29519,1.29536,1.29421,1.2944200000000001,2553.0
2025-03-13 23:00:00,1.29443,1.29555,1.29426,1.29505,1661.0
2025-03-14 00:00:00,1.2944,1.29515,1.29432,1.2946900000000001,542.0
2025-03-14 01:00:00,1.2946900000000001,1.29571,1.29416,1.29516,1214.0
2025-03-14 02:00:00,1.29516,1.29573,1.2949,1.29571,1270.0
2025-03-14 03:00:00,1.29571,1.29588,1.29448,1.2945,2381.0
2025-03-14 04:00:00,1.2945,1.29491,1.29407,1.2942,3524.0
2025-03-14 05:00:00,1.29419,1.2944499999999999,1.29358,1.29398,3339.0
2025-03-14 06:00:00,1.29398,1.2946900000000001,1.29389,1.29443,4229.0
2025-03-14 07:00:00,1.29443,1.29454,1.29367,1.29413,4301.0
2025-03-14 08:00:00,1.29413,1.29498,1.29401,1.29492,4219.0
2025-03-14 09:00:00,1.29492,1.29492,1.29367,1.29394,3426.0
2025-03-14 10:00:00,1.29394,1.29394,1.29173,1.29253,4773.0
2025-03-14 11:00:00,1.29253,1.29406,1.29214,1.29329,4201.0
2025-03-14 12:00:00,1.2933,1.29355,1.29203,1.29282,4053.0
2025-03-14 13:00:00,1.29282,1.29543,1.29246,1.2942,5808.0
2025-03-14 14:00:00,1.2942,1.29467,1.29318,1.29392,5560.0
2025-03-14 15:00:00,1.29392,1.29526,1.2937699999999999,1.29419,4730.0
2025-03-14 16:00:00,1.29421,1.29439,1.29337,1.29359,5178.0
2025-03-14 17:00:00,1.2937699999999999,1.29459,1.29237,1.29261,5983.0
2025-03-14 18:00:00,1.29261,1.29349,1.2911000000000001,1.2915,5331.0
2025-03-14 19:00:00,1.29151,1.29274,1.29122,1.29253,4151.0
2025-03-14 20:00:00,1.29253,1.29329,1.29244,1.29284,3030.0
2025-03-17 00:00:00,1.292,1.29319,1.29168,1.2928,650.0
2025-03-17 01:00:00,1.29281,1.29359,1.29254,1.29309,2358.0
2025-03-17 02:00:00,1.29309,1.29351,1.29267,1.29272,1808.0
2025-03-17 03:00:00,1.29272,1.29338,1.2927,1.2929599999999999,2429.0
2025-03-17 04:00:00,1.2929599999999999,1.29446,1.2928600000000001,1.2938100000000001,2964.0
2025-03-17 05:00:00,1.2938100000000001,1.2940800000000001,1.29344,1.2935699999999999,2148.0
2025-03-17 06:00:00,1.2935699999999999,1.29382,1.29309,1.29358,1939.0
2025-03-17 07:00:00,1.29358,1.29451,1.29311,1.29353,2131.0
2025-03-17 08:00:00,1.29353,1.29359,1.29292,1.29345,1824.0
2025-03-17 09:00:00,1.29345,1.2937699999999999,1.29282,1.29295,2181.0
2025-03-17 10:00:00,1.29295,1.29407,1.2928899999999999,1.29361,3739.0
2025-03-17 11:00:00,1.29361,1.29463,1.29304,1.29423,4108.0
2025-03-17 12:00:00,1.29423,1.29576,1.2940800000000001,1.29528,3271.0
2025-03-17 13:00:00,1.29529,1.29739,1.2950599999999999,1.2971599999999999,3010.0
2025-03-17 14:00:00,1.29717,1.29775,1.29647,1.29711,2838.0
2025-03-17 15:00:00,1.29711,1.29752,1.2959100000000001,1.29718,4886.0
2025-03-17 16:00:00,1.29718,1.29828,1.29685,1.29797,4301.0
2025-03-17 17:00:00,1.29797,1.29836,1.29675,1.29823,4129.0
2025-03-17 18:00:00,1.29822,1.29951,1.2979,1.29849,3509.0
2025-03-17 19:00:00,1.2985,1.29934,1.29813,1.2991,2975.0
2025-03-17 20:00:00,1.2991,1.2993700000000001,1.29855,1.2991,2509.0
2025-03-17 21:00:00,1.29909,1.29988,1.29895,1.29968,2483.0
2025-03-17 22:00:00,1.29969,1.29969,1.29909,1.29914,1689.0
2025-03-17 23:00:00,1.29914,1.29981,1.29874,1.29901,1416.0
2025-03-18 00:00:00,1.29893,1.29911,1.29818,1.29851,638.0
2025-03-18 01:00:00,1.29864,1.29918,1.29848,1.29875,1569.0
2025-03-18 02:00:00,1.29875,1.2989,1.29841,1.2984200000000001,1127.0
2025-03-18 03:00:00,1.2984200000000001,1.29874,1.29822,1.29834,2084.0
2025-03-18 04:00:00,1.29834,1.29871,1.29809,1.29817,2937.0
2025-03-18 05:00:00,1.29817,1.29827,1.29739,1.29743,2659.0
2025-03-18 06:00:00,1.29743,1.29756,1.29708,1.2974,1870.0
2025-03-18 07:00:00,1.2974,1.2978,1.29735,1.29775,1751.0
2025-03-18 08:00:00,1.29775,1.29798,1.29742,1.29744,2027.0
2025-03-18 09:00:00,1.29744,1.29805,1.29679,1.29801,2659.0
2025-03-18 10:00:00,1.29801,1.2989,1.29775,1.29867,2893.0
2025-03-18 11:00:00,1.29868,1.30049,1.29863,1.29972,3786.0
2025-03-18 12:00:00,1.29968,1.30038,1.29855,1.30013,3126.0
2025-03-18 13:00:00,1.30016,1.3002799999999999,1.29874,1.29902,3798.0
2025-03-18 14:00:00,1.29902,1.29919,1.29642,1.2965,3399.0
2025-03-18 15:00:00,1.2965,1.29753,1.29514,1.29698,4321.0
2025-03-18 16:00:00,1.29698,1.29771,1.29539,1.29675,4944.0
2025-03-18 17:00:00,1.29674,1.2978100000000001,1.29623,1.29688,5237.0
2025-03-18 18:00:00,1.2969,1.29927,1.29562,1.29844,5653.0
2025-03-18 19:00:00,1.29844,1.29992,1.29772,1.2999100000000001,4064.0
2025-03-18 20:00:00,1.2999100000000001,1.30073,1.29971,1.30049,3621.0
2025-03-18 21:00:00,1.30049,1.30081,1.29995,1.30049,2514.0
2025-03-18 22:00:00,1.3005200000000001,1.30098,1.30019,1.30054,2150.0
2025-03-18 23:00:00,1.30054,1.30067,1.3000099999999999,1.30012,1400.0
2025-03-19 00:00:00,1.30007,1.30007,1.29949,1.30006,594.0
2025-03-19 01:00:00,1.30006,1.30041,1.29988,1.30003,1106.0
2025-03-19 02:00:00,1.30003,1.30035,1.2999100000000001,1.30005,816.0
2025-03-19 03:00:00,1.30005,1.30019,1.29942,1.29962,2194.0
2025-03-19 04:00:00,1.29962,1.29971,1.29922,1.29942,2204.0
2025-03-19 05:00:00,1.29942,1.30031,1.29932,1.29989,1803.0
2025-03-19 06:00:00,1.29989,1.30013,1.29889,1.29944,1773.0
2025-03-19 07:00:00,1.29944,1.29945,1.29859,1.29875,1524.0
2025-03-19 08:00:00,1.29875,1.2991,1.29817,1.29844,2151.0
2025-03-19 09:00:00,1.29844,1.29871,1.29771,1.29773,2586.0
2025-03-19 10:00:00,1.29773,1.29798,1.29576,1.2971300000000001,5422.0
2025-03-19 11:00:00,1.2971300000000001,1.2981099999999999,1.2965499999999999,1.29737,4367.0
2025-03-19 12:00:00,1.29737,1.29799,1.2964,1.29722,3263.0
2025-03-19 13:00:00,1.29722,1.29724,1.29572,1.29654,3052.0
2025-03-19 14:00:00,1.29654,1.29824,1.296,1.29768,3476.0
2025-03-19 15:00:00,1.29768,1.29825,1.29648,1.29664,3475.0
2025-03-19 16:00:00,1.29664,1.29677,1.2955,1.2966,4169.0
2025-03-19 17:00:00,1.2966,1.29745,1.2962500000000001,1.2967,3527.0
2025-03-19 18:00:00,1.29669,1.29722,1.29616,1.29665,3299.0
2025-03-19 19:00:00,1.29665,1.29762,1.29664,1.29741,2758.0
2025-03-19 20:00:00,1.29741,1.29745,1.29557,1.29631,3323.0
2025-03-19 21:00:00,1.29616,1.30104,1.29569,1.30076,8700.0
2025-03-19 22:00:00,1.30067,1.30112,1.29822,1.29974,5713.0
2025-03-19 23:00:00,1.29977,1.30057,1.29932,1.30031,1633.0
2025-03-20 00:00:00,1.3001800000000001,1.30027,1.29893,1.30022,914.0
2025-03-20 01:00:00,1.30022,1.3011599999999999,1.30015,1.30064,1347.0
2025-03-20 02:00:00,1.30064,1.30107,1.30033,1.30105,1178.0
2025-03-20 03:00:00,1.30105,1.30151,1.29989,1.30093,2615.0
2025-03-20 04:00:00,1.30093,1.30101,1.30015,1.30031,2596.0
2025-03-20 05:00:00,1.30031,1.30134,1.3002500000000001,1.30064,2543.0
2025-03-20 06:00:00,1.30064,1.30112,1.30047,1.30076,1994.0
2025-03-20 07:00:00,1.30076,1.30083,1.30004,1.3002099999999999,1629.0
2025-03-20 08:00:00,1.3002099999999999,1.3002099999999999,1.29907,1.29948,1538.0
2025-03-20 09:00:00,1.29948,1.29963,1.29851,1.29865,2291.0
2025-03-20 10:00:00,1.29865,1.2990599999999999,1.29626,1.29717,3841.0
2025-03-20 11:00:00,1.29717,1.29797,1.29675,1.29721,4092.0
2025-03-20 12:00:00,1.2972000000000001,1.29721,1.29461,1.29554,4267.0
2025-03-20 13:00:00,1.29554,1.29575,1.29362,1.2953299999999999,4525.0
2025-03-20 14:00:00,1.2953299999999999,1.29646,1.29464,1.29493,3542.0
2025-03-20 15:00:00,1.29497,1.29797,1.29466,1.29513,5038.0
2025-03-20 16:00:00,1.29513,1.29587,1.2936,1.29534,5159.0
2025-03-20 17:00:00,1.29535,1.29673,1.29524,1.29657,4795.0
2025-03-20 18:00:00,1.29657,1.29739,1.29528,1.2973,3782.0
2025-03-20 19:00:00,1.2973,1.29733,1.29623,1.29653,3475.0
2025-03-20 20:00:00,1.29653,1.29704,1.29563,1.29616,2605.0
2025-03-20 21:00:00,1.29617,1.2962799999999999,1.29566,1.29602,2009.0
2025-03-20 22:00:00,1.29602,1.29672,1.2960099999999999,1.2965900000000001,1857.0
2025-03-20 23:00:00,1.2966,1.29698,1.29629,1.29664,1224.0
2025-03-21 00:00:00,1.29653,1.2969300000000001,1.29588,1.29664,725.0
2025-03-21 01:00:00,1.29664,1.2968199999999999,1.29633,1.2966199999999999,1593.0
2025-03-21 02:00:00,1.2966199999999999,1.29697,1.29643,1.2965,864.0
2025-03-21 03:00:00,1.2965,1.29706,1.29606,1.29642,1993.0
2025-03-21 04:00:00,1.29642,1.29685,1.29592,1.29641,2422.0
2025-03-21 05:00:00,1.29641,1.29667,1.2956699999999999,1.29593,1999.0
2025-03-21 06:00:00,1.29592,1.2959800000000001,1.29448,1.29459,2079.0
2025-03-21 07:00:00,1.29459,1.2947199999999999,1.29379,1.29399,1538.0
2025-03-21 08:00:00,1.29399,1.29399,1.29254,1.29294,2196.0
2025-03-21 09:00:00,1.29294,1.2937,1.29248,1.2935400000000001,2346.0
2025-03-21 10:00:00,1.2935400000000001,1.29454,1.293,1.29353,3324.0
2025-03-21 11:00:00,1.29353,1.29417,1.29223,1.29405,4495.0
2025-03-21 12:00:00,1.29405,1.29433,1.29326,1.29333,2877.0
2025-03-21 13:00:00,1.29333,1.29473,1.29328,1.29439,2979.0
2025-03-21 14:00:00,1.29439,1.29471,1.2938100000000001,1.29455,3226.0
2025-03-21 15:00:00,1.29456,1.29555,1.2933,1.29368,4054.0
2025-03-21 16:00:00,1.29368,1.29371,1.2923,1.2937,5097.0
2025-03-21 17:00:00,1.2937,1.29394,1.2926199999999999,1.29344,4291.0
2025-03-21 18:00:00,1.29344,1.29379,1.28938,1.2894,4410.0
2025-03-21 19:00:00,1.28938,1.29209,1.28879,1.29208,4899.0
2025-03-21 20:00:00,1.29208,1.29294,1.29091,1.29226,3012.0
2025-03-24 00:00:00,1.2891599999999999,1.2909,1.28876,1.29026,689.0
2025-03-24 01:00:00,1.29026,1.29236,1.29026,1.29144,2017.0
2025-03-24 02:00:00,1.29144,1.29264,1.29121,1.29253,1854.0
2025-03-24 03:00:00,1.29253,1.29345,1.29221,1.29338,2475.0
2025-03-24 04:00:00,1.29338,1.29351,1.2920099999999999,1.29242,3228.0
2025-03-24 05:00:00,1.29242,1.29306,1.29234,1.29241,2576.0
2025-03-24 06:00:00,1.29241,1.29291,1.29128,1.29136,2667.0
2025-03-24 07:00:00,1.29136,1.2919399999999999,1.29112,1.29169,2193.0
2025-03-24 08:00:00,1.29169,1.29244,1.29127,1.2923200000000001,2423.0
2025-03-24 09:00:00,1.2923200000000001,1.29492,1.2922500000000001,1.2943,2528.0
2025-03-24 10:00:00,1.2943,1.29524,1.2939,1.29478,3501.0
2025-03-24 11:00:00,1.29478,1.29577,1.2944200000000001,1.2953000000000001,4925.0
2025-03-24 12:00:00,1.2953000000000001,1.29649,1.29396,1.29609,4220.0
2025-03-24 13:00:00,1.29609,1.29743,1.29579,1.29661,3412.0
2025-03-24 14:00:00,1.2966,1.29671,1.29433,1.29444,3009.0
2025-03-24 15:00:00,1.29444,1.2950300000000001,1.29404,1.29437,4016.0
2025-03-24 16:00:00,1.29437,1.29449,1.29178,1.29185,4955.0
2025-03-24 17:00:00,1.29183,1.295,1.29141,1.29274,6190.0
2025-03-24 18:00:00,1.29274,1.29283,1.29078,1.29117,4933.0
2025-03-24 19:00:00,1.29117,1.29242,1.28955,1.29037,4123.0
2025-03-24 20:00:00,1.29037,1.29122,1.29005,1.29108,2438.0
2025-03-24 21:00:00,1.29108,1.293,1.29055,1.29263,2943.0
2025-03-24 22:00:00,1.29263,1.29287,1.29185,1.29213,2060.0
2025-03-24 23:00:00,1.29213,1.29277,1.29199,1.2922500000000001,1402.0
2025-03-25 00:00:00,1.29224,1.29224,1.29159,1.292,560.0
2025-03-25 01:00:00,1.292,1.29245,1.29169,1.29206,1086.0
2025-03-25 02:00:00,1.29206,1.29239,1.2919100000000001,1.29231,998.0
2025-03-25 03:00:00,1.29231,1.29231,1.29161,1.29172,1709.0
2025-03-25 04:00:00,1.29172,1.2925499999999999,1.29162,1.29215,2483.0
2025-03-25 05:00:00,1.29215,1.2924,1.29118,1.2913700000000001,2045.0
2025-03-25 06:00:00,1.2913700000000001,1.29251,1.29129,1.29248,1955.0
2025-03-25 07:00:00,1.29248,1.29287,1.29218,1.29237,1855.0
2025-03-25 08:00:00,1.29236,1.2928,1.29217,1.2923,1533.0
2025-03-25 09:00:00,1.2923,1.2923200000000001,1.29143,1.29149,1992.0
2025-03-25 10:00:00,1.29149,1.29231,1.29032,1.29062,3389.0
2025-03-25 11:00:00,1.29062,1.29155,1.2901799999999999,1.29126,4510.0
2025-03-25 12:00:00,1.29124,1.29311,1.29112,1.29308,3840.0
2025-03-25 13:00:00,1.29309,1.2952,1.2928,1.2951,4140.0
2025-03-25 14:00:00,1.29511,1.29579,1.29421,1.29428,3367.0
2025-03-25 15:00:00,1.29429,1.29609,1.29425,1.2955,3138.0
2025-03-25 16:00:00,1.29549,1.29608,1.2944499999999999,1.29461,4314.0
2025-03-25 17:00:00,1.29436,1.29522,1.29332,1.29481,5151.0
2025-03-25 18:00:00,1.29481,1.29531,1.29441,1.29478,4127.0
2025-03-25 19:00:00,1.29478,1.29597,1.29456,1.29571,3188.0
2025-03-25 20:00:00,1.29571,1.29668,1.29561,1.2959800000000001,2605.0
2025-03-25 21:00:00,1.29588,1.29589,1.29446,1.29455,2203.0
2025-03-25 22:00:00,1.29455,1.2948,1.29394,1.29471,2542.0
2025-03-25 23:00:00,1.29471,1.29475,1.29413,1.2944499999999999,1080.0
2025-03-26 00:00:00,1.29433,1.2947199999999999,1.29386,1.29451,580.0
2025-03-26 01:00:00,1.29451,1.29495,1.29427,1.29431,1431.0
2025-03-26 02:00:00,1.29431,1.29459,1.29409,1.2945,968.0
2025-03-26 03:00:00,1.2945,1.29457,1.29334,1.29335,2089.0
2025-03-26 04:00:00,1.29335,1.29451,1.29271,1.2943799999999999,2899.0
2025-03-26 05:00:00,1.2943799999999999,1.29463,1.2939,1.29443,1779.0
2025-03-26 06:00:00,1.29443,1.29449,1.29332,1.29359,2281.0
2025-03-26 07:00:00,1.29359,1.29373,1.29309,1.29349,1697.0
2025-03-26 08:00:00,1.29349,1.29356,1.2929599999999999,1.2931599999999999,1661.0
2025-03-26 09:00:00,1.29315,1.29432,1.29282,1.29413,1788.0
2025-03-26 10:00:00,1.29404,1.29404,1.29032,1.29111,4990.0
2025-03-26 11:00:00,1.2911299999999999,1.2913700000000001,1.28864,1.2906900000000001,4801.0
2025-03-26 12:00:00,1.2907,1.29124,1.2896,1.29093,3912.0
2025-03-26 13:00:00,1.29094,1.2913299999999999,1.29016,1.2907199999999999,3087.0
2025-03-26 14:00:00,1.2907199999999999,1.29119,1.28958,1.28969,3075.0
2025-03-26 15:00:00,1.2897,1.29073,1.2882500000000001,1.28931,4772.0
2025-03-26 16:00:00,1.28933,1.29094,1.28744,1.2883200000000001,5398.0
2025-03-26 17:00:00,1.2883200000000001,1.29019,1.28816,1.28972,4580.0
2025-03-26 18:00:00,1.28972,1.29033,1.2876400000000001,1.28861,3423.0
2025-03-26 19:00:00,1.28861,1.29023,1.28821,1.2896,3103.0
2025-03-26 20:00:00,1.2896,1.28975,1.28805,1.2883499999999999,4114.0
2025-03-26 21:00:00,1.2883499999999999,1.28897,1.28834,1.28847,2053.0
2025-03-26 22:00:00,1.28847,1.28897,1.2879399999999999,1.28882,1420.0
2025-03-26 23:00:00,1.28884,1.28934,1.28872,1.28881,1244.0
2025-03-27 00:00:00,1.2889,1.28895,1.28714,1.28735,339.0
2025-03-27 01:00:00,1.28725,1.2882,1.28709,1.28749,1755.0
2025-03-27 02:00:00,1.28749,1.28804,1.28721,1.28773,1243.0
2025-03-27 03:00:00,1.28773,1.28907,1.2876699999999999,1.2889300000000001,1734.0
2025-03-27 04:00:00,1.2889300000000001,1.29024,1.28891,1.29004,2085.0
2025-03-27 05:00:00,1.29004,1.29165,1.29003,1.29124,1752.0
2025-03-27 06:00:00,1.29123,1.29144,1.29063,1.29112,1630.0
2025-03-27 07:00:00,1.29112,1.29256,1.2911000000000001,1.2921,1578.0
2025-03-27 08:00:00,1.2921,1.29243,1.29089,1.29121,2073.0
2025-03-27 09:00:00,1.29121,1.29292,1.29115,1.29209,2170.0
2025-03-27 10:00:00,1.29209,1.29209,1.29028,1.29125,3749.0
2025-03-27 11:00:00,1.29125,1.29237,1.29014,1.29234,4879.0
2025-03-27 12:00:00,1.29234,1.29274,1.29115,1.292,3549.0
2025-03-27 13:00:00,1.2920099999999999,1.29333,1.29146,1.29327,3054.0
2025-03-27 14:00:00,1.29326,1.29421,1.2928,1.2931,3291.0
2025-03-27 15:00:00,1.2931,1.29666,1.2928,1.29448,3904.0
2025-03-27 16:00:00,1.29448,1.29524,1.29276,1.29281,5187.0
2025-03-27 17:00:00,1.29282,1.29482,1.29227,1.29464,4918.0
2025-03-27 18:00:00,1.29464,1.29921,1.2943500000000001,1.2962799999999999,6265.0
2025-03-27 19:00:00,1.2962799999999999,1.29725,1.29531,1.29568,3623.0
2025-03-27 20:00:00,1.29569,1.2967,1.2948,1.29495,2961.0
2025-03-27 21:00:00,1.29494,1.29582,1.29477,1.29497,2039.0
2025-03-27 22:00:00,1.29497,1.29569,1.29456,1.29492,1819.0
2025-03-27 23:00:00,1.29491,1.2951,1.29467,1.29489,666.0
2025-03-28 00:00:00,1.29481,1.29539,1.2941799999999999,1.29471,310.0
2025-03-28 01:00:00,1.29471,1.29514,1.29436,1.29455,872.0
2025-03-28 02:00:00,1.29455,1.29518,1.29454,1.29512,870.0
2025-03-28 03:00:00,1.29512,1.29514,1.29409,1.29482,1802.0
2025-03-28 04:00:00,1.29482,1.29517,1.29451,1.29465,1876.0
2025-03-28 05:00:00,1.29465,1.29529,1.29449,1.29482,1580.0
2025-03-28 06:00:00,1.29482,1.29516,1.29448,1.29458,1206.0
2025-03-28 07:00:00,1.29458,1.29463,1.2940800000000001,1.29414,1061.0
2025-03-28 08:00:00,1.29414,1.2944,1.29375,1.29412,1221.0
2025-03-28 09:00:00,1.29412,1.2946,1.29382,1.29417,1202.0
2025-03-28 10:00:00,1.2941099999999999,1.29683,1.29402,1.2950599999999999,3631.0
2025-03-28 11:00:00,1.2950599999999999,1.296,1.2940800000000001,1.29464,4165.0
2025-03-28 12:00:00,1.29464,1.2956699999999999,1.2941099999999999,1.29515,2911.0
2025-03-28 13:00:00,1.29515,1.29527,1.2936,1.29361,2589.0
2025-03-28 14:00:00,1.29361,1.29382,1.2922500000000001,1.29295,2573.0
2025-03-28 15:00:00,1.29295,1.29523,1.29229,1.2944,4338.0
2025-03-28 16:00:00,1.2944,1.29642,1.29393,1.29549,5165.0
2025-03-28 17:00:00,1.2955,1.2968,1.2946,1.29483,5278.0
2025-03-28 18:00:00,1.29483,1.2964,1.29342,1.29414,5175.0
2025-03-28 19:00:00,1.29414,1.29497,1.29401,1.29436,2806.0
2025-03-28 20:00:00,1.29436,1.29454,1.29294,1.29404,2701.0
2025-03-31 00:00:00,1.29129,1.2939,1.29129,1.2928600000000001,335.0
2025-03-31 01:00:00,1.2928600000000001,1.2935400000000001,1.29219,1.2931599999999999,1903.0
2025-03-31 02:00:00,1.2931599999999999,1.29405,1.29283,1.29378,1813.0
2025-03-31 03:00:00,1.29378,1.29595,1.29369,1.2959399999999999,2302.0
2025-03-31 04:00:00,1.2959399999999999,1.2967,1.29586,1.29597,2926.0
2025-03-31 05:00:00,1.29599,1.29717,1.2955,1.29638,2373.0
2025-03-31 06:00:00,1.29638,1.29644,1.29565,1.29572,1590.0
2025-03-31 07:00:00,1.29572,1.29613,1.29551,1.29569,1317.0
2025-03-31 08:00:00,1.29569,1.29618,1.29548,1.29562,1603.0
2025-03-31 09:00:00,1.29562,1.29671,1.29489,1.2966,3571.0
2025-03-31 10:00:00,1.29661,1.29727,1.29555,1.29565,4901.0
2025-03-31 11:00:00,1.29565,1.29614,1.29355,1.29444,3924.0
2025-03-31 12:00:00,1.29443,1.2944499999999999,1.29241,1.29278,2823.0
2025-03-31 13:00:00,1.29278,1.2943799999999999,1.2918,1.2938399999999999,2922.0
2025-03-31 14:00:00,1.2938399999999999,1.29595,1.2937,1.29528,2902.0
2025-03-31 15:00:00,1.29528,1.29586,1.29309,1.29326,3237.0
2025-03-31 16:00:00,1.29326,1.29412,1.29261,1.29304,4340.0
2025-03-31 17:00:00,1.29304,1.29321,1.2903,1.29096,6234.0
2025-03-31 18:00:00,1.29097,1.29213,1.289,1.28909,6116.0
2025-03-31 19:00:00,1.28909,1.29147,1.28864,1.2907199999999999,3889.0
2025-03-31 20:00:00,1.29066,1.29158,1.29063,1.29078,2189.0
2025-03-31 21:00:00,1.29078,1.29141,1.29047,1.29108,2141.0
2025-03-31 22:00:00,1.29107,1.29242,1.2909,1.29185,1981.0
2025-03-31 23:00:00,1.29185,1.29213,1.29131,1.2916400000000001,1396.0
2025-04-01 00:00:00,1.29178,1.29193,1.29108,1.29161,402.0
2025-04-01 01:00:00,1.29161,1.29206,1.2913999999999999,1.29192,863.0
2025-04-01 02:00:00,1.29192,1.29212,1.29159,1.29192,878.0
2025-04-01 03:00:00,1.29192,1.29272,1.29181,1.2926199999999999,1547.0
2025-04-01 04:00:00,1.2926199999999999,1.29272,1.29176,1.29219,1787.0
2025-04-01 05:00:00,1.29218,1.29345,1.29205,1.29311,2080.0
2025-04-01 06:00:00,1.2931,1.29361,1.29284,1.29332,1842.0
2025-04-01 07:00:00,1.29332,1.29407,1.29331,1.29373,1442.0
2025-04-01 08:00:00,1.29373,1.2937699999999999,1.2919,1.29196,2116.0
2025-04-01 09:00:00,1.29196,1.29287,1.29129,1.29223,3267.0
2025-04-01 10:00:00,1.29223,1.29223,1.29025,1.29088,4219.0
2025-04-01 11:00:00,1.29088,1.29304,1.29053,1.2925900000000001,2866.0
2025-04-01 12:00:00,1.29258,1.29382,1.2923,1.29345,3419.0
2025-04-01 13:00:00,1.29345,1.2934999999999999,1.29073,1.2907600000000001,4609.0
2025-04-01 14:00:00,1.2907600000000001,1.29135,1.28899,1.28908,4515.0
2025-04-01 15:00:00,1.28906,1.29,1.2885499999999999,1.28899,3498.0
2025-04-01 16:00:00,1.28899,1.28994,1.2879399999999999,1.28849,4389.0
2025-04-01 17:00:00,1.28839,1.29243,1.28818,1.29216,6866.0
2025-04-01 18:00:00,1.29216,1.29297,1.29177,1.2921,5200.0
2025-04-01 19:00:00,1.2921,1.29284,1.2917,1.29265,3401.0
2025-04-01 20:00:00,1.29265,1.29328,1.29197,1.29224,2292.0
2025-04-01 21:00:00,1.29224,1.29224,1.29099,1.29101,2339.0
2025-04-01 22:00:00,1.29101,1.29209,1.29083,1.29208,2314.0
2025-04-01 23:00:00,1.29208,1.29292,1.2918,1.2923,1467.0
2025-04-02 00:00:00,1.2922799999999999,1.2922799999999999,1.2917100000000001,1.29212,168.0
2025-04-02 01:00:00,1.29212,1.29329,1.2921,1.29277,1611.0
2025-04-02 02:00:00,1.29277,1.29285,1.29216,1.29217,1347.0
2025-04-02 03:00:00,1.29217,1.29219,1.29099,1.2910599999999999,1906.0
2025-04-02 04:00:00,1.2910599999999999,1.29207,1.29062,1.2919100000000001,2164.0
2025-04-02 05:00:00,1.2919100000000001,1.29303,1.29172,1.29218,1859.0
2025-04-02 06:00:00,1.29218,1.2926,1.29197,1.29211,1258.0
2025-04-02 07:00:00,1.29211,1.2922,1.29176,1.29184,1156.0
2025-04-02 08:00:00,1.29184,1.29187,1.29126,1.29147,1427.0
2025-04-02 09:00:00,1.29147,1.2918,1.29098,1.29142,2409.0
2025-04-02 10:00:00,1.29142,1.29151,1.29004,1.2913000000000001,3333.0
2025-04-02 11:00:00,1.2913000000000001,1.29245,1.29101,1.29206,2781.0
2025-04-02 12:00:00,1.29206,1.29495,1.2919800000000001,1.29473,2641.0
2025-04-02 13:00:00,1.29473,1.29481,1.29297,1.2937400000000001,3308.0
2025-04-02 14:00:00,1.2937400000000001,1.29496,1.29342,1.2947899999999999,2640.0
2025-04-02 15:00:00,1.2948,1.295,1.29348,1.29432,3374.0
2025-04-02 16:00:00,1.29432,1.2947899999999999,1.29378,1.29391,4060.0
2025-04-02 17:00:00,1.29389,1.297,1.2934,1.2966199999999999,5480.0
2025-04-02 18:00:00,1.2966199999999999,1.29789,1.29612,1.29732,4524.0
2025-04-02 19:00:00,1.29732,1.29751,1.2962799999999999,1.29705,3347.0
2025-04-02 20:00:00,1.29705,1.29812,1.29699,1.29706,2492.0
2025-04-02 21:00:00,1.29706,1.29834,1.29681,1.29787,2181.0
2025-04-02 22:00:00,1.29787,1.29867,1.2978100000000001,1.29814,1985.0
2025-04-02 23:00:00,1.2981500000000001,1.30248,1.29536,1.30102,10767.0
2025-04-03 00:00:00,1.29975,1.30007,1.29736,1.2997,682.0
2025-04-03 01:00:00,1.2997,1.30112,1.29725,1.30073,5378.0
2025-04-03 02:00:00,1.30073,1.30523,1.3005499999999999,1.3045200000000001,6424.0
2025-04-03 03:00:00,1.3045200000000001,1.30572,1.3026,1.30403,6567.0
2025-04-03 04:00:00,1.30403,1.30695,1.30371,1.30551,5895.0
2025-04-03 05:00:00,1.30551,1.30648,1.30492,1.30624,4107.0
2025-04-03 06:00:00,1.30624,1.30771,1.30587,1.30711,3400.0
2025-04-03 07:00:00,1.30712,1.30721,1.3056,1.30586,2724.0
2025-04-03 08:00:00,1.30585,1.31007,1.30578,1.30905,4655.0
2025-04-03 09:00:00,1.30905,1.31196,1.30836,1.3118699999999999,7325.0
2025-04-03 10:00:00,1.3119100000000001,1.31396,1.31025,1.31364,7635.0
2025-04-03 11:00:00,1.31363,1.31684,1.3131599999999999,1.31623,5691.0
2025-04-03 12:00:00,1.31623,1.31834,1.31565,1.31699,6222.0
2025-04-03 13:00:00,1.31699,1.3207200000000001,1.3146900000000001,1.31483,8969.0
2025-04-03 14:00:00,1.31484,1.31814,1.3138,1.3174299999999999,7281.0
2025-04-03 15:00:00,1.3174299999999999,1.3188,1.31502,1.31579,8233.0
2025-04-03 16:00:00,1.31578,1.31964,1.31451,1.3146499999999999,8855.0
2025-04-03 17:00:00,1.31443,1.3175,1.31441,1.3168,8616.0
2025-04-03 18:00:00,1.3168,1.31688,1.31052,1.31104,8152.0
2025-04-03 19:00:00,1.31103,1.3121399999999999,1.31042,1.3105,6599.0
2025-04-03 20:00:00,1.31047,1.31086,1.30924,1.30986,5086.0
2025-04-03 21:00:00,1.30986,1.31051,1.30885,1.30954,4513.0
2025-04-03 22:00:00,1.30955,1.30968,1.30799,1.30816,3609.0
2025-04-03 23:00:00,1.30815,1.31012,1.30803,1.31009,1783.0
2025-04-04 00:00:00,1.30992,1.31012,1.30858,1.30985,895.0
2025-04-04 01:00:00,1.30982,1.31083,1.30961,1.31053,2184.0
2025-04-04 02:00:00,1.31053,1.31055,1.30864,1.30892,2781.0
2025-04-04 03:00:00,1.30892,1.3105,1.30834,1.31014,3768.0
2025-04-04 04:00:00,1.31013,1.31095,1.30948,1.31024,3501.0
2025-04-04 05:00:00,1.31025,1.3106200000000001,1.3084799999999999,1.3085,3908.0
2025-04-04 06:00:00,1.3085,1.31074,1.30806,1.31042,3790.0
2025-04-04 07:00:00,1.31042,1.31082,1.30955,1.30976,4002.0
2025-04-04 08:00:00,1.30976,1.31137,1.30892,1.30987,3956.0
2025-04-04 09:00:00,1.30987,1.31002,1.30533,1.30538,5565.0
2025-04-04 10:00:00,1.30537,1.30654,1.30049,1.3007900000000001,7918.0
2025-04-04 11:00:00,1.30078,1.3014700000000001,1.29753,1.29827,8540.0
2025-04-04 12:00:00,1.29827,1.29916,1.2962500000000001,1.29884,7037.0
2025-04-04 13:00:00,1.29882,1.30322,1.29766,1.30037,11384.0
2025-04-04 14:00:00,1.30029,1.30309,1.29897,1.30203,12617.0
2025-04-04 15:00:00,1.30203,1.30494,1.29898,1.30012,12875.0
2025-04-04 16:00:00,1.3001,1.30175,1.29786,1.29799,11857.0
2025-04-04 17:00:00,1.29798,1.2980800000000001,1.29229,1.29397,12087.0
2025-04-04 18:00:00,1.29396,1.29555,1.2907899999999999,1.29264,13464.0
2025-04-04 19:00:00,1.29264,1.29287,1.28881,1.28948,8540.0
2025-04-04 20:00:00,1.28949,1.29078,1.28565,1.29027,9488.0
2025-04-07 00:00:00,1.28118,1.28578,1.28118,1.28392,1560.0
2025-04-07 01:00:00,1.2839,1.29083,1.2833999999999999,1.28785,9455.0
2025-04-07 02:00:00,1.28785,1.29319,1.28772,1.2908,7487.0
2025-04-07 03:00:00,1.29082,1.2916699999999999,1.28846,1.29093,8259.0
2025-04-07 04:00:00,1.29093,1.2916,1.2884,1.28857,7683.0
2025-04-07 05:00:00,1.28857,1.28908,1.28498,1.28595,6837.0
2025-04-07 06:00:00,1.28595,1.28909,1.28542,1.2886199999999999,4235.0
2025-04-07 07:00:00,1.2886199999999999,1.29051,1.28851,1.29021,4454.0
2025-04-07 08:00:00,1.29021,1.29273,1.28966,1.2925200000000001,6189.0
2025-04-07 09:00:00,1.2925,1.29271,1.28829,1.29016,9823.0
2025-04-07 10:00:00,1.2901799999999999,1.29339,1.28944,1.2894700000000001,10907.0
2025-04-07 11:00:00,1.28946,1.29134,1.28655,1.2871000000000001,9825.0
2025-04-07 12:00:00,1.2871000000000001,1.28765,1.28311,1.2836699999999999,8799.0
2025-04-07 13:00:00,1.28369,1.2860800000000001,1.28243,1.2825,9254.0
2025-04-07 14:00:00,1.2825,1.28339,1.28036,1.28244,9329.0
2025-04-07 15:00:00,1.28247,1.28534,1.28071,1.28372,10636.0
2025-04-07 16:00:00,1.28372,1.28382,1.27855,1.28007,10300.0
2025-04-07 17:00:00,1.28007,1.28461,1.2753999999999999,1.27549,14231.0
2025-04-07 18:00:00,1.2755,1.27735,1.27252,1.27253,12996.0
2025-04-07 19:00:00,1.27254,1.27308,1.27103,1.27301,9035.0
2025-04-07 20:00:00,1.27302,1.27783,1.27287,1.27664,8963.0
2025-04-07 21:00:00,1.2766600000000001,1.2772299999999999,1.27448,1.2747,6714.0
2025-04-07 22:00:00,1.27468,1.27555,1.27146,1.2716,6873.0
2025-04-07 23:00:00,1.27167,1.27273,1.2708,1.2723,3166.0
2025-04-08 00:00:00,1.27153,1.27231,1.27148,1.27196,335.0
2025-04-08 01:00:00,1.27236,1.27382,1.27217,1.2736,1814.0
2025-04-08 02:00:00,1.2736,1.27385,1.27257,1.2732999999999999,2820.0
2025-04-08 03:00:00,1.2732999999999999,1.27654,1.27328,1.2752,4772.0
2025-04-08 04:00:00,1.27519,1.2778100000000001,1.27514,1.2775,5643.0
2025-04-08 05:00:00,1.27751,1.27919,1.27751,1.2785199999999999,3758.0
2025-04-08 06:00:00,1.2785199999999999,1.27865,1.27747,1.27771,2799.0
2025-04-08 07:00:00,1.27769,1.27914,1.27762,1.27859,2677.0
2025-04-08 08:00:00,1.27859,1.27859,1.27638,1.2782,4207.0
2025-04-08 09:00:00,1.2782,1.2796699999999999,1.27762,1.27851,6170.0
2025-04-08 10:00:00,1.27851,1.27854,1.27492,1.27503,8609.0
2025-04-08 11:00:00,1.27503,1.2772000000000001,1.2745600000000001,1.27527,6416.0
2025-04-08 12:00:00,1.27527,1.27527,1.27247,1.27451,6751.0
2025-04-08 13:00:00,1.2745199999999999,1.2769300000000001,1.27345,1.27523,6019.0
2025-04-08 14:00:00,1.27523,1.27831,1.27504,1.2778399999999999,6940.0
2025-04-08 15:00:00,1.2778399999999999,1.2796,1.27717,1.27758,7387.0
2025-04-08 16:00:00,1.27758,1.2793700000000001,1.2768,1.2788300000000001,9484.0
2025-04-08 17:00:00,1.27889,1.27919,1.27525,1.27559,9860.0
2025-04-08 18:00:00,1.27559,1.2776399999999999,1.27437,1.27683,8515.0
2025-04-08 19:00:00,1.27683,1.2784200000000001,1.2755,1.27726,8956.0
2025-04-08 20:00:00,1.27725,1.27872,1.27701,1.27821,8954.0
2025-04-08 21:00:00,1.27821,1.2814999999999999,1.27776,1.27895,7727.0
2025-04-08 22:00:00,1.27895,1.2802,1.27681,1.27738,7494.0
2025-04-08 23:00:00,1.27736,1.278,1.2755,1.2765,3231.0
2025-04-09 00:00:00,1.27653,1.27653,1.2751000000000001,1.2763499999999999,1062.0
2025-04-09 01:00:00,1.2763499999999999,1.27864,1.27611,1.27775,4827.0
2025-04-09 02:00:00,1.27775,1.27914,1.27742,1.27865,4108.0
2025-04-09 03:00:00,1.27865,1.2815699999999999,1.27749,1.28149,6959.0
2025-04-09 04:00:00,1.28149,1.28457,1.28149,1.28312,7397.0
2025-04-09 05:00:00,1.28312,1.28406,1.28132,1.28214,5947.0
2025-04-09 06:00:00,1.28214,1.28339,1.28144,1.28176,4748.0
2025-04-09 07:00:00,1.28176,1.28568,1.28147,1.2855400000000001,7466.0
2025-04-09 08:00:00,1.2854999999999999,1.2854999999999999,1.2824200000000001,1.28385,6909.0
2025-04-09 09:00:00,1.28385,1.28641,1.28183,1.2840099999999999,9238.0
2025-04-09 10:00:00,1.28399,1.28492,1.2792,1.2799800000000001,10558.0
2025-04-09 11:00:00,1.28,1.2828,1.27864,1.28253,7775.0
2025-04-09 12:00:00,1.28253,1.28365,1.28134,1.28212,6242.0
2025-04-09 13:00:00,1.28212,1.2837100000000001,1.28075,1.28196,6181.0
2025-04-09 14:00:00,1.28199,1.2825199999999999,1.27728,1.27737,10861.0
2025-04-09 15:00:00,1.27737,1.28149,1.27705,1.2803499999999999,9830.0
2025-04-09 16:00:00,1.2803499999999999,1.28148,1.27721,1.27763,9760.0
2025-04-09 17:00:00,1.2776399999999999,1.27797,1.27516,1.27577,8538.0
2025-04-09 18:00:00,1.27577,1.27875,1.27527,1.2769300000000001,6224.0
2025-04-09 19:00:00,1.2769300000000001,1.2778399999999999,1.27594,1.27651,5037.0
2025-04-09 20:00:00,1.27651,1.28212,1.27432,1.27891,13427.0
2025-04-09 21:00:00,1.2789,1.28253,1.27433,1.2803200000000001,12437.0
2025-04-09 22:00:00,1.28031,1.2837399999999999,1.27995,1.28026,9073.0
2025-04-09 23:00:00,1.28038,1.28325,1.27927,1.28248,4718.0
2025-04-10 00:00:00,1.2824200000000001,1.2824200000000001,1.28007,1.28128,182.0
2025-04-10 01:00:00,1.28128,1.28335,1.28029,1.28231,3015.0
2025-04-10 02:00:00,1.28231,1.2825199999999999,1.28097,1.28248,3439.0
2025-04-10 03:00:00,1.28248,1.28467,1.28229,1.2844,5554.0
2025-04-10 04:00:00,1.28441,1.2845,1.28229,1.28284,5829.0
2025-04-10 05:00:00,1.28284,1.2840799999999999,1.2822,1.28381,4306.0
2025-04-10 06:00:00,1.28381,1.28526,1.28372,1.2847,3634.0
2025-04-10 07:00:00,1.28467,1.28609,1.28411,1.28592,2957.0
2025-04-10 08:00:00,1.28592,1.287,1.2854700000000001,1.28589,3755.0
2025-04-10 09:00:00,1.28589,1.28765,1.28474,1.2867600000000001,6413.0
2025-04-10 10:00:00,1.28677,1.28816,1.28449,1.2876699999999999,8248.0
2025-04-10 11:00:00,1.2876699999999999,1.2879,1.28603,1.28692,6885.0
2025-04-10 12:00:00,1.28692,1.2894,1.2861099999999999,1.28918,5965.0
2025-04-10 13:00:00,1.28919,1.29246,1.2883,1.29134,7056.0
2025-04-10 14:00:00,1.29134,1.29382,1.29125,1.2931599999999999,6079.0
2025-04-10 15:00:00,1.2931599999999999,1.2956699999999999,1.29147,1.29249,9048.0
2025-04-10 16:00:00,1.29251,1.29317,1.28921,1.2923499999999999,9136.0
2025-04-10 17:00:00,1.2923499999999999,1.29603,1.29078,1.296,8439.0
2025-04-10 18:00:00,1.2960099999999999,1.29787,1.29365,1.2938100000000001,10038.0
2025-04-10 19:00:00,1.29386,1.29613,1.29253,1.29544,8479.0
2025-04-10 20:00:00,1.29544,1.29765,1.29315,1.2974999999999999,7411.0
2025-04-10 21:00:00,1.2974999999999999,1.2995999999999999,1.297,1.2981500000000001,6767.0
2025-04-10 22:00:00,1.29814,1.2988,1.29378,1.29704,7871.0
2025-04-10 23:00:00,1.2968899999999999,1.29729,1.29532,1.29697,3289.0
2025-04-11 00:00:00,1.29614,1.29687,1.29614,1.29649,88.0
2025-04-11 01:00:00,1.29667,1.2990300000000001,1.29666,1.29878,4666.0
2025-04-11 02:00:00,1.29878,1.2998,1.29669,1.29907,4756.0
2025-04-11 03:00:00,1.2991,1.30476,1.29877,1.30163,10011.0
2025-04-11 04:00:00,1.30163,1.30284,1.29943,1.30098,8758.0
2025-04-11 05:00:00,1.30098,1.30248,1.3008199999999999,1.3014700000000001,6824.0
2025-04-11 06:00:00,1.3014700000000001,1.30469,1.30117,1.3035700000000001,5492.0
2025-04-11 07:00:00,1.30358,1.30363,1.30118,1.30212,4796.0
2025-04-11 08:00:00,1.30212,1.30224,1.29948,1.30036,6588.0
2025-04-11 09:00:00,1.30031,1.30203,1.29848,1.30182,7338.0
2025-04-11 10:00:00,1.30182,1.30753,1.30161,1.30674,9056.0
2025-04-11 11:00:00,1.30674,1.31336,1.30545,1.31088,10812.0
2025-04-11 12:00:00,1.31087,1.31451,1.30832,1.31226,8861.0
2025-04-11 13:00:00,1.31226,1.31226,1.30563,1.30734,8383.0
2025-04-11 14:00:00,1.3073299999999999,1.30981,1.3064,1.3088199999999999,6733.0
2025-04-11 15:00:00,1.3088199999999999,1.31241,1.30834,1.31228,9429.0
2025-04-11 16:00:00,1.31228,1.31344,1.30602,1.30925,10521.0
2025-04-11 17:00:00,1.30968,1.31156,1.30551,1.30584,10971.0
2025-04-11 18:00:00,1.30582,1.30656,1.30392,1.30475,9075.0
2025-04-11 19:00:00,1.30474,1.30594,1.30304,1.3051300000000001,7643.0
2025-04-11 20:00:00,1.30514,1.30766,1.3044,1.30496,5948.0
2025-04-14 00:00:00,1.30942,1.30958,1.3073000000000001,1.30884,284.0
2025-04-14 01:00:00,1.3088600000000001,1.30907,1.3063,1.30798,6020.0
2025-04-14 02:00:00,1.30798,1.30908,1.3073299999999999,1.30841,3559.0
2025-04-14 03:00:00,1.30841,1.3106200000000001,1.30837,1.30972,5203.0
2025-04-14 04:00:00,1.30972,1.31285,1.30972,1.31071,5298.0
2025-04-14 05:00:00,1.3107,1.31142,1.31012,1.31059,3567.0
2025-04-14 06:00:00,1.31059,1.31125,1.30954,1.31063,3471.0
2025-04-14 07:00:00,1.31063,1.31178,1.31023,1.31045,2222.0
2025-04-14 08:00:00,1.31045,1.3128,1.30963,1.3125,2979.0
2025-04-14 09:00:00,1.3125,1.31741,1.31137,1.3168,6189.0
2025-04-14 10:00:00,1.31681,1.3171300000000001,1.3155000000000001,1.31659,5801.0
2025-04-14 11:00:00,1.31659,1.31875,1.3161399999999999,1.31712,4834.0
2025-04-14 12:00:00,1.3171300000000001,1.31921,1.31707,1.31785,4762.0
2025-04-14 13:00:00,1.31785,1.31982,1.3162099999999999,1.3197999999999999,4123.0
2025-04-14 14:00:00,1.31979,1.32012,1.31739,1.31759,3335.0
2025-04-14 15:00:00,1.31759,1.31782,1.31412,1.31457,6202.0
2025-04-14 16:00:00,1.31458,1.31586,1.31228,1.31572,8767.0
2025-04-14 17:00:00,1.31572,1.31925,1.31521,1.31872,6031.0
2025-04-14 18:00:00,1.31872,1.31882,1.31724,1.3173599999999999,6306.0
2025-04-14 19:00:00,1.3173599999999999,1.3192300000000001,1.31659,1.31663,5811.0
2025-04-14 20:00:00,1.31664,1.3188,1.31663,1.31826,4469.0
2025-04-14 21:00:00,1.31826,1.3197999999999999,1.31814,1.31967,3152.0
2025-04-14 22:00:00,1.31967,1.31998,1.31878,1.31902,2808.0
2025-04-14 23:00:00,1.319,1.3191,1.31814,1.319,2178.0
2025-04-15 00:00:00,1.31891,1.31891,1.31761,1.31778,283.0
2025-04-15 01:00:00,1.31778,1.31966,1.31778,1.31808,1003.0
2025-04-15 02:00:00,1.31808,1.3183099999999999,1.31673,1.31724,2155.0
2025-04-15 03:00:00,1.31724,1.31768,1.31639,1.31735,3230.0
2025-04-15 04:00:00,1.3173599999999999,1.31843,1.31692,1.31771,2490.0
2025-04-15 05:00:00,1.31771,1.31974,1.31771,1.31956,2200.0
2025-04-15 06:00:00,1.31956,1.31995,1.31903,1.31976,1681.0
2025-04-15 07:00:00,1.31976,1.32178,1.31948,1.32116,1618.0
2025-04-15 08:00:00,1.32116,1.32214,1.32022,1.32037,2174.0
2025-04-15 09:00:00,1.3201399999999999,1.3213599999999999,1.31842,1.31965,4491.0
2025-04-15 10:00:00,1.31966,1.32276,1.31876,1.3223799999999999,4928.0
2025-04-15 11:00:00,1.3223799999999999,1.32386,1.32183,1.32298,4995.0
2025-04-15 12:00:00,1.32298,1.3247499999999999,1.32267,1.32378,3495.0
2025-04-15 13:00:00,1.32378,1.3252,1.3232300000000001,1.32409,2980.0
2025-04-15 14:00:00,1.32409,1.32413,1.32185,1.32317,3926.0
2025-04-15 15:00:00,1.3231600000000001,1.32443,1.32207,1.32237,5914.0
2025-04-15 16:00:00,1.32237,1.32358,1.32148,1.32273,6234.0
2025-04-15 17:00:00,1.32273,1.32464,1.32054,1.3244500000000001,7682.0
2025-04-15 18:00:00,1.3244500000000001,1.32459,1.32178,1.3220399999999999,5556.0
2025-04-15 19:00:00,1.32203,1.3225,1.3206,1.32124,4029.0
2025-04-15 20:00:00,1.32125,1.32282,1.3208,1.32176,3718.0
2025-04-15 21:00:00,1.32177,1.32186,1.32063,1.3216700000000001,3380.0
2025-04-15 22:00:00,1.3216700000000001,1.32297,1.32127,1.3226499999999999,3053.0
2025-04-15 23:00:00,1.3226499999999999,1.32347,1.32261,1.3231,1643.0
2025-04-16 00:00:00,1.32297,1.32318,1.32148,1.3227,153.0
2025-04-16 01:00:00,1.3227,1.32382,1.32233,1.32363,1170.0
2025-04-16 02:00:00,1.32364,1.32367,1.32243,1.32308,2117.0
2025-04-16 03:00:00,1.32308,1.32541,1.32294,1.32465,3737.0
2025-04-16 04:00:00,1.32466,1.32566,1.32429,1.32496,2478.0
2025-04-16 05:00:00,1.32496,1.3256299999999999,1.32447,1.32483,2368.0
2025-04-16 06:00:00,1.32483,1.32633,1.3247200000000001,1.32633,1591.0
2025-04-16 07:00:00,1.32632,1.32668,1.3256999999999999,1.32644,2961.0
2025-04-16 08:00:00,1.32644,1.32893,1.32592,1.32842,3082.0
2025-04-16 09:00:00,1.32842,1.32854,1.3256999999999999,1.32625,5086.0
2025-04-16 10:00:00,1.32626,1.32857,1.32617,1.3284099999999999,4954.0
2025-04-16 11:00:00,1.3284099999999999,1.32912,1.32668,1.32888,6513.0
2025-04-16 12:00:00,1.32888,1.32922,1.32606,1.32686,4633.0
2025-04-16 13:00:00,1.32686,1.32782,1.32605,1.32645,3994.0
2025-04-16 14:00:00,1.3264,1.32758,1.32583,1.3272,3228.0
2025-04-16 15:00:00,1.3272,1.3272599999999999,1.32504,1.326,5522.0
2025-04-16 16:00:00,1.32598,1.3271600000000001,1.32545,1.32621,5274.0
2025-04-16 17:00:00,1.32623,1.32674,1.3239,1.32575,6033.0
2025-04-16 18:00:00,1.32575,1.32585,1.3226499999999999,1.32449,4604.0
2025-04-16 19:00:00,1.32447,1.3247200000000001,1.32305,1.32339,3332.0
2025-04-16 20:00:00,1.3234,1.32378,1.3212,1.32168,5249.0
2025-04-16 21:00:00,1.32169,1.32317,1.3214299999999999,1.32302,4795.0
2025-04-16 22:00:00,1.32302,1.32493,1.32283,1.32376,3792.0
2025-04-16 23:00:00,1.32376,1.32428,1.32306,1.32402,1973.0
2025-04-17 00:00:00,1.32398,1.32434,1.3226200000000001,1.32422,1606.0
2025-04-17 01:00:00,1.32422,1.32436,1.32318,1.32371,907.0
2025-04-17 02:00:00,1.32371,1.32422,1.3231600000000001,1.32325,1869.0
2025-04-17 03:00:00,1.32325,1.32335,1.32111,1.3212,4196.0
2025-04-17 04:00:00,1.32121,1.32169,1.32028,1.32145,4095.0
2025-04-17 05:00:00,1.32145,1.32298,1.32142,1.3225500000000001,2301.0
2025-04-17 06:00:00,1.3225500000000001,1.32291,1.3213599999999999,1.32138,2166.0
2025-04-17 07:00:00,1.32138,1.32154,1.32093,1.32098,1679.0
2025-04-17 08:00:00,1.32098,1.32209,1.32046,1.32098,2815.0
2025-04-17 09:00:00,1.32098,1.32332,1.32037,1.32276,3578.0
2025-04-17 10:00:00,1.32276,1.32455,1.32233,1.32426,4354.0
2025-04-17 11:00:00,1.32426,1.3247900000000001,1.32355,1.32395,3654.0
2025-04-17 12:00:00,1.32395,1.32462,1.32386,1.32409,3227.0
2025-04-17 13:00:00,1.32409,1.32457,1.32216,1.3223799999999999,3906.0
2025-04-17 14:00:00,1.3223799999999999,1.32367,1.32198,1.32272,3659.0
2025-04-17 15:00:00,1.32272,1.32503,1.32187,1.32496,5921.0
2025-04-17 16:00:00,1.32495,1.32599,1.32444,1.32571,6536.0
2025-04-17 17:00:00,1.32571,1.32732,1.32275,1.32329,5893.0
2025-04-17 18:00:00,1.32329,1.32592,1.32288,1.32574,4806.0
2025-04-17 19:00:00,1.32574,1.32687,1.32508,1.32579,4857.0
2025-04-17 20:00:00,1.3258,1.32587,1.32469,1.32572,2887.0
2025-04-17 21:00:00,1.32572,1.32728,1.32504,1.32695,2609.0
2025-04-17 22:00:00,1.32695,1.32696,1.32618,1.32664,2227.0
2025-04-17 23:00:00,1.3266200000000001,1.32708,1.32638,1.32678,1675.0
2025-04-18 00:00:00,1.32648,1.32657,1.3245,1.32589,1087.0
2025-04-18 01:00:00,1.32589,1.3269199999999999,1.32552,1.32611,5188.0
2025-04-18 02:00:00,1.32611,1.32684,1.32587,1.32675,3836.0
2025-04-18 03:00:00,1.32675,1.32832,1.32674,1.32808,9820.0
2025-04-18 04:00:00,1.32806,1.32833,1.3268900000000001,1.32698,15667.0
2025-04-18 05:00:00,1.32699,1.32766,1.32654,1.3272300000000001,12939.0
2025-04-18 06:00:00,1.3272300000000001,1.3275299999999999,1.32639,1.3269,16353.0
2025-04-18 07:00:00,1.3269,1.32702,1.32663,1.32682,18509.0
2025-04-18 08:00:00,1.3268499999999999,1.32737,1.32666,1.32686,18684.0
2025-04-18 09:00:00,1.32684,1.3271899999999999,1.32649,1.32687,18473.0
2025-04-18 10:00:00,1.32686,1.32793,1.32646,1.32657,16442.0
2025-04-18 11:00:00,1.32657,1.32733,1.32578,1.3273,16597.0
2025-04-18 12:00:00,1.32722,1.32732,1.32678,1.32707,16489.0
2025-04-18 13:00:00,1.32706,1.3275299999999999,1.32656,1.3275299999999999,17734.0
2025-04-18 14:00:00,1.32751,1.32793,1.32713,1.32747,8460.0
2025-04-18 15:00:00,1.32747,1.32803,1.3271,1.32762,17337.0
2025-04-18 16:00:00,1.32758,1.3277999999999999,1.3271600000000001,1.32744,10802.0
2025-04-18 17:00:00,1.32745,1.32855,1.3274,1.32829,12662.0
2025-04-18 18:00:00,1.3283,1.32831,1.32711,1.32768,16456.0
2025-04-18 19:00:00,1.32768,1.32835,1.32745,1.32834,10684.0
2025-04-18 20:00:00,1.32832,1.32837,1.32791,1.3281800000000001,8078.0
2025-04-21 00:00:00,1.3272,1.32878,1.32681,1.32804,855.0
2025-04-21 01:00:00,1.32798,1.33048,1.3274,1.33043,2950.0
2025-04-21 02:00:00,1.3304,1.33202,1.33016,1.33145,2954.0
2025-04-21 03:00:00,1.33145,1.3356,1.33145,1.33461,4033.0
2025-04-21 04:00:00,1.33461,1.33593,1.33427,1.3351899999999999,2502.0
2025-04-21 05:00:00,1.3351899999999999,1.33795,1.33479,1.33705,3596.0
2025-04-21 06:00:00,1.33705,1.33869,1.33705,1.33819,2027.0
2025-04-21 07:00:00,1.33819,1.33834,1.33663,1.3383,2185.0
2025-04-21 08:00:00,1.3383,1.3396,1.33814,1.33939,2521.0
2025-04-21 09:00:00,1.33939,1.33974,1.33723,1.3382,3243.0
2025-04-21 10:00:00,1.33817,1.34143,1.33766,1.3411,4100.0
2025-04-21 11:00:00,1.3411,1.34164,1.33952,1.34146,4030.0
2025-04-21 12:00:00,1.34146,1.3422100000000001,1.34003,1.34008,3546.0
2025-04-21 13:00:00,1.34009,1.34049,1.33859,1.33897,3071.0
2025-04-21 14:00:00,1.33897,1.33997,1.33795,1.33967,3465.0
2025-04-21 15:00:00,1.33967,1.34043,1.33815,1.3404099999999999,4178.0
2025-04-21 16:00:00,1.3404099999999999,1.34089,1.33862,1.34017,5218.0
2025-04-21 17:00:00,1.34016,1.34074,1.3386,1.33903,5162.0
2025-04-21 18:00:00,1.33903,1.33935,1.33782,1.33813,4347.0
2025-04-21 19:00:00,1.33813,1.3383,1.33753,1.33789,2575.0
2025-04-21 20:00:00,1.33789,1.33789,1.3363,1.33761,2173.0
2025-04-21 21:00:00,1.33761,1.33835,1.33707,1.3378999999999999,1948.0
2025-04-21 22:00:00,1.3378999999999999,1.33847,1.33732,1.33751,2055.0
2025-04-21 23:00:00,1.33751,1.3381,1.33739,1.33798,1446.0
2025-04-22 00:00:00,1.33775,1.33843,1.33646,1.33749,362.0
2025-04-22 01:00:00,1.33749,1.33847,1.3372899999999999,1.33816,856.0
2025-04-22 02:00:00,1.33816,1.33847,1.33731,1.3379699999999999,1704.0
2025-04-22 03:00:00,1.3379699999999999,1.33806,1.33616,1.33707,3801.0
2025-04-22 04:00:00,1.33707,1.33806,1.33707,1.33755,3548.0
2025-04-22 05:00:00,1.33755,1.33967,1.33752,1.33967,2124.0
2025-04-22 06:00:00,1.33966,1.3410199999999999,1.3395299999999999,1.34045,2654.0
2025-04-22 07:00:00,1.34045,1.34098,1.3401100000000001,1.34025,1762.0
2025-04-22 08:00:00,1.34025,1.34239,1.3393,1.34176,4646.0
2025-04-22 09:00:00,1.34175,1.34201,1.33863,1.33902,5814.0
2025-04-22 10:00:00,1.33902,1.3400699999999999,1.3371,1.33773,5306.0
2025-04-22 11:00:00,1.33773,1.3388,1.33688,1.33873,4489.0
2025-04-22 12:00:00,1.33873,1.33905,1.33627,1.33692,4443.0
2025-04-22 13:00:00,1.33692,1.33769,1.33631,1.33669,3824.0
2025-04-22 14:00:00,1.33669,1.33847,1.33644,1.33776,3438.0
2025-04-22 15:00:00,1.33774,1.33823,1.33551,1.33717,5447.0
2025-04-22 16:00:00,1.3372,1.33782,1.33581,1.33754,5618.0
2025-04-22 17:00:00,1.3375,1.33904,1.33701,1.33807,5458.0
2025-04-22 18:00:00,1.33808,1.33847,1.33718,1.3373599999999999,4202.0
2025-04-22 19:00:00,1.3373599999999999,1.33773,1.3342800000000001,1.33464,5166.0
2025-04-22 20:00:00,1.33464,1.33545,1.3339699999999999,1.33454,4633.0
2025-04-22 21:00:00,1.33454,1.3346,1.3332,1.33368,2628.0
2025-04-22 22:00:00,1.3336999999999999,1.33412,1.33303,1.33317,2273.0
2025-04-22 23:00:00,1.33317,1.33395,1.3326,1.33316,897.0
2025-04-23 00:00:00,1.3328,1.33337,1.32861,1.32898,494.0
2025-04-23 01:00:00,1.32891,1.32927,1.32336,1.32553,5932.0
2025-04-23 02:00:00,1.3255,1.3284500000000001,1.3253,1.3272,5266.0
2025-04-23 03:00:00,1.32721,1.3306,1.32708,1.33057,5141.0
2025-04-23 04:00:00,1.33056,1.33178,1.32973,1.33112,3759.0
2025-04-23 05:00:00,1.33112,1.33122,1.32972,1.3308900000000001,2267.0
2025-04-23 06:00:00,1.3308900000000001,1.33101,1.3287,1.32929,3395.0
2025-04-23 07:00:00,1.32926,1.3306,1.32881,1.33054,1906.0
2025-04-23 08:00:00,1.33054,1.33168,1.32958,1.3299,3250.0
2025-04-23 09:00:00,1.3299,1.33253,1.3296700000000001,1.3321,4698.0
2025-04-23 10:00:00,1.3321,1.33285,1.3302,1.33052,5838.0
2025-04-23 11:00:00,1.33059,1.33232,1.3277999999999999,1.33196,4568.0
2025-04-23 12:00:00,1.33197,1.33391,1.3317999999999999,1.33227,4224.0
2025-04-23 13:00:00,1.33224,1.33232,1.32951,1.33013,3958.0
2025-04-23 14:00:00,1.33013,1.33107,1.32908,1.32992,3643.0
2025-04-23 15:00:00,1.32992,1.33088,1.32934,1.33041,4316.0
2025-04-23 16:00:00,1.33041,1.33196,1.32832,1.3284,7799.0
2025-04-23 17:00:00,1.3284,1.32995,1.32701,1.32743,9719.0
2025-04-23 18:00:00,1.32744,1.3283800000000001,1.32544,1.3255,7485.0
2025-04-23 19:00:00,1.3255,1.32676,1.325,1.32609,4849.0
2025-04-23 20:00:00,1.32609,1.32773,1.32584,1.3272,3666.0
2025-04-23 21:00:00,1.32721,1.32724,1.32581,1.32657,3106.0
2025-04-23 22:00:00,1.32657,1.3271,1.32602,1.32657,2973.0
2025-04-23 23:00:00,1.32656,1.32666,1.32503,1.32538,1955.0
2025-04-24 00:00:00,1.32508,1.32592,1.3243800000000001,1.32513,232.0
2025-04-24 01:00:00,1.32513,1.32736,1.32486,1.32678,2276.0
2025-04-24 02:00:00,1.32678,1.32732,1.32635,1.32647,1380.0
2025-04-24 03:00:00,1.32647,1.32792,1.32587,1.32769,2076.0
2025-04-24 04:00:00,1.32769,1.32863,1.32756,1.32831,2557.0
2025-04-24 05:00:00,1.32831,1.32859,1.32786,1.32842,1591.0
2025-04-24 06:00:00,1.32842,1.32868,1.32678,1.327,1255.0
2025-04-24 07:00:00,1.327,1.3273,1.32653,1.327,1472.0
2025-04-24 08:00:00,1.327,1.32748,1.32649,1.3268,2209.0
2025-04-24 09:00:00,1.3268,1.32809,1.32654,1.32744,3371.0
2025-04-24 10:00:00,1.32744,1.32965,1.32741,1.32942,3811.0
2025-04-24 11:00:00,1.32942,1.33097,1.32907,1.33016,3923.0
2025-04-24 12:00:00,1.33016,1.3317,1.32979,1.33037,3092.0
2025-04-24 13:00:00,1.33037,1.33209,1.32979,1.33002,3418.0
2025-04-24 14:00:00,1.33002,1.33209,1.33,1.33083,3378.0
2025-04-24 15:00:00,1.33083,1.33114,1.32976,1.33016,4342.0
2025-04-24 16:00:00,1.33016,1.33156,1.3300100000000001,1.33129,4143.0
2025-04-24 17:00:00,1.33129,1.3332600000000001,1.3309,1.33144,5429.0
2025-04-24 18:00:00,1.33144,1.3320699999999999,1.32903,1.33052,4690.0
2025-04-24 19:00:00,1.33052,1.33295,1.3302399999999999,1.33288,3270.0
2025-04-24 20:00:00,1.33288,1.33345,1.33174,1.33212,2530.0
2025-04-24 21:00:00,1.33212,1.3327499999999999,1.33154,1.33264,1949.0
2025-04-24 22:00:00,1.33264,1.33448,1.3324500000000001,1.33375,2011.0
2025-04-24 23:00:00,1.33375,1.3348900000000001,1.3336000000000001,1.33384,1190.0
2025-04-25 00:00:00,1.33369,1.33392,1.3320400000000001,1.33317,502.0
2025-04-25 01:00:00,1.33316,1.3339699999999999,1.33301,1.3336999999999999,1058.0
2025-04-25 02:00:00,1.3336999999999999,1.33378,1.33242,1.33273,1352.0
2025-04-25 03:00:00,1.3327200000000001,1.3327200000000001,1.33061,1.33071,2962.0
2025-04-25 04:00:00,1.33071,1.33141,1.32981,1.32995,2246.0
2025-04-25 05:00:00,1.32995,1.33078,1.3299400000000001,1.33053,2088.0
2025-04-25 06:00:00,1.33053,1.33179,1.3286,1.32867,3150.0
2025-04-25 07:00:00,1.32867,1.32912,1.32793,1.3287,2257.0
2025-04-25 08:00:00,1.3287,1.32926,1.32739,1.3278400000000001,2632.0
2025-04-25 09:00:00,1.32779,1.33076,1.32743,1.33049,3665.0
2025-04-25 10:00:00,1.33049,1.33138,1.32952,1.3298,5503.0
2025-04-25 11:00:00,1.3298,1.33049,1.3289900000000001,1.33022,2980.0
2025-04-25 12:00:00,1.33022,1.33097,1.32958,1.32993,2891.0
2025-04-25 13:00:00,1.32993,1.33179,1.32869,1.33176,2849.0
2025-04-25 14:00:00,1.33176,1.33176,1.3305500000000001,1.33064,2086.0
2025-04-25 15:00:00,1.33066,1.33262,1.33066,1.33229,2865.0
2025-04-25 16:00:00,1.33229,1.33273,1.32979,1.3305500000000001,4567.0
2025-04-25 17:00:00,1.33052,1.3322,1.33052,1.33083,4497.0
2025-04-25 18:00:00,1.33083,1.3329900000000001,1.3299,1.33289,2961.0
2025-04-25 19:00:00,1.33289,1.33322,1.33191,1.33194,2534.0
2025-04-25 20:00:00,1.33194,1.33295,1.33163,1.33252,2263.0
2025-04-28 00:00:00,1.32806,1.33043,1.32806,1.33016,318.0
2025-04-28 01:00:00,1.33016,1.33115,1.32931,1.32992,2091.0
2025-04-28 02:00:00,1.32992,1.3306,1.3287900000000001,1.3289900000000001,1357.0
2025-04-28 03:00:00,1.3289900000000001,1.33047,1.32894,1.33002,2189.0
2025-04-28 04:00:00,1.33002,1.33056,1.32862,1.3287200000000001,2078.0
2025-04-28 05:00:00,1.32873,1.32914,1.328,1.32885,1693.0
2025-04-28 06:00:00,1.32885,1.32985,1.3287499999999999,1.32952,1160.0
2025-04-28 07:00:00,1.32952,1.33156,1.32927,1.3315299999999999,1184.0
2025-04-28 08:00:00,1.3315299999999999,1.33276,1.33149,1.33164,1696.0
2025-04-28 09:00:00,1.33163,1.33175,1.32882,1.3296299999999999,3764.0
2025-04-28 10:00:00,1.32962,1.33105,1.32942,1.33054,3325.0
2025-04-28 11:00:00,1.33052,1.33338,1.33047,1.33288,3372.0
2025-04-28 12:00:00,1.33289,1.33547,1.33289,1.33425,3722.0
2025-04-28 13:00:00,1.33425,1.33463,1.33353,1.33403,2638.0
2025-04-28 14:00:00,1.33403,1.3342399999999999,1.33318,1.33384,2389.0
2025-04-28 15:00:00,1.33384,1.33541,1.3338,1.3342399999999999,3196.0
2025-04-28 16:00:00,1.3342399999999999,1.3370600000000001,1.33411,1.33667,4275.0
2025-04-28 17:00:00,1.33667,1.34206,1.33646,1.33928,6468.0
2025-04-28 18:00:00,1.33928,1.3400400000000001,1.33807,1.33932,4480.0
2025-04-28 19:00:00,1.33932,1.34189,1.33928,1.3413,3831.0
2025-04-28 20:00:00,1.3413,1.34249,1.3411,1.34117,3102.0
2025-04-28 21:00:00,1.34117,1.3427,1.34115,1.3426,2192.0
2025-04-28 22:00:00,1.3426,1.34426,1.3425099999999999,1.3439,2082.0
2025-04-28 23:00:00,1.3439,1.3444,1.34363,1.34425,981.0
2025-04-29 00:00:00,1.3431899999999999,1.34421,1.34204,1.34344,450.0
2025-04-29 01:00:00,1.34344,1.34435,1.34344,1.34358,1170.0
2025-04-29 02:00:00,1.34355,1.34428,1.34296,1.34349,1668.0
2025-04-29 03:00:00,1.3435000000000001,1.3437000000000001,1.34247,1.34256,1957.0
2025-04-29 04:00:00,1.34256,1.3431600000000001,1.3417,1.34207,1607.0
2025-04-29 05:00:00,1.34207,1.34425,1.34206,1.3423,2823.0
2025-04-29 06:00:00,1.3423,1.34252,1.34088,1.34127,2201.0
2025-04-29 07:00:00,1.34127,1.3415300000000001,1.3394,1.33961,2047.0
2025-04-29 08:00:00,1.33961,1.3409499999999999,1.33961,1.3408,1659.0
2025-04-29 09:00:00,1.34081,1.3418999999999999,1.34042,1.34101,3199.0
2025-04-29 10:00:00,1.34101,1.34225,1.3401,1.3422,4058.0
2025-04-29 11:00:00,1.3422,1.34259,1.34091,1.34109,3308.0
2025-04-29 12:00:00,1.34109,1.34128,1.33944,1.33952,2466.0
2025-04-29 13:00:00,1.33951,1.33988,1.33803,1.33825,2521.0
2025-04-29 14:00:00,1.33826,1.3393,1.3381,1.33836,2645.0
2025-04-29 15:00:00,1.33836,1.34145,1.33825,1.34094,3513.0
2025-04-29 16:00:00,1.34094,1.34175,1.34003,1.34074,4419.0
2025-04-29 17:00:00,1.34053,1.34212,1.33884,1.33893,5309.0
2025-04-29 18:00:00,1.33893,1.34105,1.33884,1.33961,3612.0
2025-04-29 19:00:00,1.33962,1.342,1.33957,1.34073,3415.0
2025-04-29 20:00:00,1.3407200000000001,1.34087,1.3397700000000001,1.33983,2341.0
2025-04-29 21:00:00,1.33983,1.34048,1.33932,1.34018,2552.0
2025-04-29 22:00:00,1.34018,1.3408,1.33969,1.34035,2140.0
2025-04-29 23:00:00,1.34035,1.34108,1.34025,1.3406799999999999,1099.0
2025-04-30 00:00:00,1.34036,1.3407499999999999,1.33974,1.3403800000000001,553.0
2025-04-30 01:00:00,1.3403800000000001,1.3412899999999999,1.34029,1.34096,1328.0
2025-04-30 02:00:00,1.34096,1.34144,1.34062,1.34121,1393.0
2025-04-30 03:00:00,1.34121,1.34149,1.33989,1.34026,2256.0
2025-04-30 04:00:00,1.34025,1.34116,1.33901,1.33913,2650.0
2025-04-30 05:00:00,1.33913,1.33976,1.33873,1.33902,2072.0
2025-04-30 06:00:00,1.33902,1.33952,1.33829,1.33841,1769.0
2025-04-30 07:00:00,1.33841,1.33957,1.3382399999999999,1.33908,1603.0
2025-04-30 08:00:00,1.33908,1.3401399999999999,1.33875,1.34003,1515.0
2025-04-30 09:00:00,1.34003,1.3406500000000001,1.33817,1.34017,3489.0
2025-04-30 10:00:00,1.34017,1.34017,1.3381,1.3385500000000001,3504.0
2025-04-30 11:00:00,1.3385500000000001,1.3388499999999999,1.33631,1.33674,3819.0
2025-04-30 12:00:00,1.33673,1.33745,1.33578,1.33609,3067.0
2025-04-30 13:00:00,1.33609,1.33659,1.33564,1.33575,3207.0
2025-04-30 14:00:00,1.33575,1.33693,1.3354599999999999,1.33568,3286.0
2025-04-30 15:00:00,1.33571,1.3367200000000001,1.33434,1.3352,5886.0
2025-04-30 16:00:00,1.33518,1.33532,1.33151,1.33229,5169.0
2025-04-30 17:00:00,1.33229,1.33591,1.33091,1.33556,6324.0
2025-04-30 18:00:00,1.33556,1.33586,1.33233,1.33417,6289.0
2025-04-30 19:00:00,1.33417,1.33496,1.33361,1.33466,3495.0
2025-04-30 20:00:00,1.33466,1.33581,1.334,1.33403,3024.0
2025-04-30 21:00:00,1.33403,1.33525,1.3336999999999999,1.33389,2970.0
2025-04-30 22:00:00,1.33389,1.33456,1.33263,1.33286,2556.0
2025-04-30 23:00:00,1.33286,1.3332600000000001,1.3319,1.33304,2246.0
2025-05-01 00:00:00,1.33258,1.33312,1.33182,1.33225,567.0
2025-05-01 01:00:00,1.33227,1.33292,1.33218,1.3325,1681.0
2025-05-01 02:00:00,1.33252,1.33253,1.3319,1.33208,1662.0
2025-05-01 03:00:00,1.33208,1.33267,1.33178,1.33192,2421.0
2025-05-01 04:00:00,1.33192,1.33194,1.3304,1.3308,2154.0
2025-05-01 05:00:00,1.3308,1.33169,1.3306,1.33141,1518.0
2025-05-01 06:00:00,1.33141,1.33169,1.32932,1.33012,2543.0
2025-05-01 07:00:00,1.33012,1.33033,1.3293,1.32937,2033.0
2025-05-01 08:00:00,1.32937,1.32956,1.3279,1.32892,2474.0
2025-05-01 09:00:00,1.32891,1.33014,1.32857,1.32897,3343.0
2025-05-01 10:00:00,1.32894,1.33074,1.32748,1.33057,3886.0
2025-05-01 11:00:00,1.33057,1.33334,1.33056,1.3325,3043.0
2025-05-01 12:00:00,1.3325,1.33317,1.33129,1.33157,2989.0
2025-05-01 13:00:00,1.33157,1.33389,1.3312,1.33384,2688.0
2025-05-01 14:00:00,1.33384,1.3345500000000001,1.33236,1.33243,2851.0
2025-05-01 15:00:00,1.33243,1.33404,1.33142,1.33161,4571.0
2025-05-01 16:00:00,1.3316,1.3327200000000001,1.33117,1.33234,4180.0
2025-05-01 17:00:00,1.33234,1.33266,1.32847,1.32955,6402.0
2025-05-01 18:00:00,1.32955,1.33012,1.32648,1.32727,4285.0
2025-05-01 19:00:00,1.32727,1.3284099999999999,1.32619,1.3281,3323.0
2025-05-01 20:00:00,1.3281,1.3281,1.32636,1.32666,2401.0
2025-05-01 21:00:00,1.32666,1.32868,1.3260399999999999,1.32778,2933.0
2025-05-01 22:00:00,1.32778,1.32847,1.32764,1.3279,2012.0
2025-05-01 23:00:00,1.3279,1.32842,1.32742,1.32779,1227.0
2025-05-02 00:00:00,1.32728,1.328,1.32702,1.32702,542.0
2025-05-02 01:00:00,1.3271,1.3286,1.32707,1.3284099999999999,1666.0
2025-05-02 02:00:00,1.3284099999999999,1.32867,1.32806,1.32857,1184.0
2025-05-02 03:00:00,1.32858,1.329,1.3274,1.32791,3008.0
2025-05-02 04:00:00,1.32791,1.329,1.32757,1.3289900000000001,3236.0
2025-05-02 05:00:00,1.3289900000000001,1.33002,1.3289900000000001,1.32926,2446.0
2025-05-02 06:00:00,1.32926,1.33105,1.32905,1.33101,1892.0
2025-05-02 07:00:00,1.33101,1.33137,1.33041,1.33081,3015.0
2025-05-02 08:00:00,1.33081,1.3322,1.33054,1.33124,2724.0
2025-05-02 09:00:00,1.33124,1.33212,1.33071,1.3312,3532.0
2025-05-02 10:00:00,1.3312,1.3319,1.32984,1.32992,3973.0
2025-05-02 11:00:00,1.3299400000000001,1.32995,1.32824,1.3292,3667.0
2025-05-02 12:00:00,1.32919,1.33157,1.32863,1.33103,4122.0
2025-05-02 13:00:00,1.33104,1.33111,1.32876,1.32898,3214.0
2025-05-02 14:00:00,1.32898,1.33073,1.32864,1.32943,3257.0
2025-05-02 15:00:00,1.32942,1.32986,1.3259400000000001,1.32908,6631.0
2025-05-02 16:00:00,1.32908,1.33308,1.32832,1.3320400000000001,6936.0
2025-05-02 17:00:00,1.33205,1.3329900000000001,1.331,1.3321100000000001,5893.0
2025-05-02 18:00:00,1.3321100000000001,1.33287,1.32772,1.32808,4740.0
2025-05-02 19:00:00,1.32808,1.32972,1.32765,1.32837,4634.0
2025-05-02 20:00:00,1.32837,1.3294000000000001,1.32733,1.32773,3348.0
2025-05-05 00:00:00,1.3259400000000001,1.32632,1.32566,1.32629,186.0
2025-05-05 01:00:00,1.32629,1.32749,1.32595,1.3264,1720.0
2025-05-05 02:00:00,1.3264,1.32762,1.32614,1.32698,1842.0
2025-05-05 03:00:00,1.32698,1.32722,1.32617,1.32714,2306.0
2025-05-05 04:00:00,1.32714,1.32973,1.32714,1.32894,3649.0
2025-05-05 05:00:00,1.32894,1.33008,1.32831,1.32977,2050.0
2025-05-05 06:00:00,1.32977,1.32979,1.3284799999999999,1.32887,1892.0
2025-05-05 07:00:00,1.32887,1.32964,1.32867,1.32954,1626.0
2025-05-05 08:00:00,1.32954,1.33068,1.32911,1.32938,2452.0
2025-05-05 09:00:00,1.32938,1.32981,1.32756,1.32808,3917.0
2025-05-05 10:00:00,1.32809,1.32919,1.32756,1.32808,3124.0
2025-05-05 11:00:00,1.32808,1.3292,1.32771,1.32819,3085.0
2025-05-05 12:00:00,1.32821,1.33044,1.32821,1.3303,3119.0
2025-05-05 13:00:00,1.3303,1.33098,1.32951,1.33071,2983.0
2025-05-05 14:00:00,1.33071,1.33254,1.33064,1.33165,3084.0
2025-05-05 15:00:00,1.33165,1.33356,1.33158,1.33308,3754.0
2025-05-05 16:00:00,1.33308,1.33365,1.33182,1.33222,3819.0
2025-05-05 17:00:00,1.33223,1.33223,1.32999,1.3306499999999999,5659.0
2025-05-05 18:00:00,1.3306200000000001,1.33096,1.32802,1.3281800000000001,3198.0
2025-05-05 19:00:00,1.3281800000000001,1.3282,1.32703,1.32739,3120.0
2025-05-05 20:00:00,1.3274,1.32836,1.32721,1.3277700000000001,2292.0
2025-05-05 21:00:00,1.3277700000000001,1.3290899999999999,1.3275299999999999,1.32887,2104.0
2025-05-05 22:00:00,1.32887,1.32996,1.32873,1.32931,2127.0
2025-05-05 23:00:00,1.32932,1.32989,1.32907,1.32966,1127.0
2025-05-06 00:00:00,1.32957,1.32972,1.32865,1.32878,163.0
2025-05-06 01:00:00,1.32878,1.32981,1.32878,1.32911,870.0
2025-05-06 02:00:00,1.32911,1.32949,1.32893,1.32908,689.0
2025-05-06 03:00:00,1.32908,1.32928,1.32674,1.32695,2821.0
2025-05-06 04:00:00,1.32695,1.3275299999999999,1.32602,1.3273,3566.0
2025-05-06 05:00:00,1.32732,1.32921,1.32715,1.32866,2881.0
2025-05-06 06:00:00,1.32866,1.32969,1.32827,1.3295,2382.0
2025-05-06 07:00:00,1.3295,1.3305500000000001,1.32944,1.33025,1528.0
2025-05-06 08:00:00,1.33025,1.33043,1.32864,1.32897,1758.0
2025-05-06 09:00:00,1.32897,1.33046,1.32854,1.33018,3411.0
2025-05-06 10:00:00,1.33018,1.33288,1.33018,1.33198,4272.0
2025-05-06 11:00:00,1.33198,1.33339,1.3314,1.33152,4567.0
2025-05-06 12:00:00,1.33152,1.33172,1.33081,1.33165,3967.0
2025-05-06 13:00:00,1.33165,1.33541,1.33139,1.3351,3372.0
2025-05-06 14:00:00,1.3351,1.33747,1.33487,1.33698,3343.0
2025-05-06 15:00:00,1.33698,1.34028,1.33647,1.33965,3723.0
2025-05-06 16:00:00,1.33965,1.33967,1.33802,1.3385500000000001,4479.0
2025-05-06 17:00:00,1.3385500000000001,1.33974,1.33653,1.33718,5012.0
2025-05-06 18:00:00,1.33718,1.33728,1.33566,1.33673,3604.0
2025-05-06 19:00:00,1.33673,1.33703,1.33517,1.33581,3634.0
2025-05-06 20:00:00,1.33581,1.33784,1.33565,1.33662,3046.0
2025-05-06 21:00:00,1.33663,1.33768,1.33596,1.33761,2421.0
2025-05-06 22:00:00,1.33761,1.33867,1.33718,1.3378999999999999,2078.0
2025-05-06 23:00:00,1.33789,1.33819,1.33574,1.33685,1592.0
2025-05-07 00:00:00,1.33599,1.33769,1.33599,1.33719,803.0
2025-05-07 01:00:00,1.33719,1.33782,1.33452,1.33497,3082.0
2025-05-07 02:00:00,1.33497,1.33567,1.33438,1.33522,1978.0
2025-05-07 03:00:00,1.33522,1.33608,1.33334,1.3351899999999999,4165.0
2025-05-07 04:00:00,1.3351899999999999,1.33623,1.33356,1.33511,4100.0
2025-05-07 05:00:00,1.3351199999999999,1.3354,1.33405,1.33457,3303.0
2025-05-07 06:00:00,1.33457,1.33493,1.33384,1.3346,2206.0
2025-05-07 07:00:00,1.3346,1.33549,1.33417,1.3342399999999999,1903.0
2025-05-07 08:00:00,1.3342399999999999,1.33606,1.33411,1.33576,2202.0
2025-05-07 09:00:00,1.33576,1.33674,1.33534,1.33646,3635.0
2025-05-07 10:00:00,1.33646,1.33646,1.33449,1.33521,4029.0
2025-05-07 11:00:00,1.33521,1.3357299999999999,1.33356,1.3336000000000001,3640.0
2025-05-07 12:00:00,1.33361,1.3339400000000001,1.33229,1.33337,3445.0
2025-05-07 13:00:00,1.33337,1.33511,1.33327,1.3346,2503.0
2025-05-07 14:00:00,1.3346,1.33581,1.33437,1.3348,2652.0
2025-05-07 15:00:00,1.3348,1.33682,1.33463,1.33667,3118.0
2025-05-07 16:00:00,1.33667,1.33712,1.33579,1.33642,3697.0
2025-05-07 17:00:00,1.33642,1.33771,1.33572,1.3366,3849.0
2025-05-07 18:00:00,1.3366,1.33671,1.33388,1.33429,3701.0
2025-05-07 19:00:00,1.33429,1.33518,1.33328,1.33481,3098.0
2025-05-07 20:00:00,1.33481,1.3349199999999999,1.33293,1.33313,2539.0
2025-05-07 21:00:00,1.33338,1.33533,1.33007,1.3322,7186.0
2025-05-07 22:00:00,1.3322,1.3323,1.32897,1.32968,5907.0
2025-05-07 23:00:00,1.32968,1.32982,1.32801,1.3290899999999999,2050.0
2025-05-08 00:00:00,1.32895,1.32952,1.3284799999999999,1.3293599999999999,584.0
2025-05-08 01:00:00,1.3293599999999999,1.32953,1.32858,1.32871,1336.0
2025-05-08 02:00:00,1.32871,1.32957,1.3287,1.3290199999999999,1093.0
2025-05-08 03:00:00,1.3290199999999999,1.33071,1.32898,1.32958,2791.0
2025-05-08 04:00:00,1.32958,1.3345,1.3293599999999999,1.33422,4245.0
2025-05-08 05:00:00,1.33422,1.3351899999999999,1.33331,1.33422,3107.0
2025-05-08 06:00:00,1.33422,1.33563,1.3342100000000001,1.33449,2411.0
2025-05-08 07:00:00,1.33449,1.33474,1.33315,1.33322,1702.0
2025-05-08 08:00:00,1.33322,1.3333,1.33015,1.33218,3522.0
2025-05-08 09:00:00,1.33218,1.33223,1.32771,1.32825,5357.0
2025-05-08 10:00:00,1.32825,1.32917,1.3267,1.32905,4704.0
2025-05-08 11:00:00,1.32905,1.32954,1.32613,1.32664,4684.0
2025-05-08 12:00:00,1.32664,1.3281,1.32611,1.32757,3383.0
2025-05-08 13:00:00,1.32757,1.32955,1.32621,1.3263,3302.0
2025-05-08 14:00:00,1.3263,1.3333,1.32412,1.3326,5060.0
2025-05-08 15:00:00,1.3326,1.33423,1.33192,1.3324,4695.0
2025-05-08 16:00:00,1.3324,1.33449,1.33239,1.33355,4387.0
2025-05-08 17:00:00,1.33355,1.3345,1.33068,1.33088,4580.0
2025-05-08 18:00:00,1.33087,1.33175,1.3273,1.32844,6351.0
2025-05-08 19:00:00,1.3284099999999999,1.32858,1.32619,1.32659,4949.0
2025-05-08 20:00:00,1.32659,1.32675,1.32458,1.32581,3617.0
2025-05-08 21:00:00,1.32581,1.32622,1.3249,1.32513,2445.0
2025-05-08 22:00:00,1.32513,1.32539,1.32365,1.32442,2976.0
2025-05-08 23:00:00,1.32442,1.32489,1.32374,1.3244799999999999,1369.0
2025-05-09 00:00:00,1.32452,1.32518,1.32404,1.32462,305.0
2025-05-09 01:00:00,1.32489,1.32513,1.32454,1.32503,1070.0
2025-05-09 02:00:00,1.3250199999999999,1.32504,1.32332,1.32393,1145.0
2025-05-09 03:00:00,1.32393,1.32434,1.32196,1.32399,2841.0
2025-05-09 04:00:00,1.32399,1.3242,1.32243,1.3225799999999999,3022.0
2025-05-09 05:00:00,1.3225799999999999,1.32347,1.32121,1.3234,3147.0
2025-05-09 06:00:00,1.3234,1.32423,1.323,1.32315,2734.0
2025-05-09 07:00:00,1.32315,1.32389,1.32309,1.32365,2075.0
2025-05-09 08:00:00,1.32365,1.32419,1.32236,1.3241399999999999,2331.0
2025-05-09 09:00:00,1.3241399999999999,1.3247,1.32343,1.3242099999999999,3090.0
2025-05-09 10:00:00,1.3242099999999999,1.32694,1.32416,1.32623,3377.0
2025-05-09 11:00:00,1.32623,1.32712,1.32542,1.32703,2708.0
2025-05-09 12:00:00,1.32703,1.3278699999999999,1.3262,1.32684,2778.0
2025-05-09 13:00:00,1.32684,1.32783,1.3263,1.3268900000000001,2612.0
2025-05-09 14:00:00,1.32688,1.32856,1.32657,1.32765,3169.0
2025-05-09 15:00:00,1.32765,1.3287,1.32727,1.32854,2652.0
2025-05-09 16:00:00,1.32854,1.32974,1.3284,1.32871,3621.0
2025-05-09 17:00:00,1.32871,1.33176,1.32843,1.33043,4167.0
2025-05-09 18:00:00,1.33043,1.33156,1.3293599999999999,1.33156,3242.0
2025-05-09 19:00:00,1.33156,1.33227,1.33051,1.33071,2654.0
2025-05-09 20:00:00,1.33071,1.3319,1.33022,1.3315000000000001,2154.0
2025-05-12 00:00:00,1.32576,1.32883,1.3255,1.32679,313.0
2025-05-12 01:00:00,1.32679,1.32925,1.32644,1.3286,1747.0
2025-05-12 02:00:00,1.3286,1.32953,1.3284099999999999,1.32849,1752.0
2025-05-12 03:00:00,1.32849,1.3291,1.3274599999999999,1.3289,3253.0
2025-05-12 04:00:00,1.3289,1.32944,1.32752,1.32788,4392.0
2025-05-12 05:00:00,1.32788,1.32905,1.32778,1.32827,2658.0
2025-05-12 06:00:00,1.32827,1.32916,1.32786,1.32913,2445.0
2025-05-12 07:00:00,1.32913,1.3293599999999999,1.32826,1.32862,1506.0
2025-05-12 08:00:00,1.32862,1.32883,1.32741,1.32817,2285.0
2025-05-12 09:00:00,1.32817,1.32993,1.32813,1.32854,3244.0
2025-05-12 10:00:00,1.32854,1.32893,1.31632,1.31691,9416.0
2025-05-12 11:00:00,1.31691,1.32029,1.3159100000000001,1.31944,6839.0
2025-05-12 12:00:00,1.31944,1.32044,1.31864,1.31976,4254.0
2025-05-12 13:00:00,1.31973,1.31973,1.314,1.31413,5237.0
2025-05-12 14:00:00,1.31413,1.31845,1.31407,1.3176999999999999,4730.0
2025-05-12 15:00:00,1.3176999999999999,1.32013,1.31725,1.31962,4311.0
2025-05-12 16:00:00,1.31962,1.3213599999999999,1.31924,1.32004,5311.0
2025-05-12 17:00:00,1.32004,1.32129,1.3192599999999999,1.32012,5514.0
2025-05-12 18:00:00,1.32012,1.32155,1.3189,1.31913,4140.0
2025-05-12 19:00:00,1.31913,1.31972,1.3176999999999999,1.3178,3470.0
2025-05-12 20:00:00,1.3178,1.31788,1.31642,1.31755,2956.0
2025-05-12 21:00:00,1.31756,1.31829,1.31623,1.31802,3053.0
2025-05-12 22:00:00,1.31802,1.31847,1.3175,1.31785,2306.0
2025-05-12 23:00:00,1.31785,1.31815,1.3174299999999999,1.31761,1009.0
2025-05-13 00:00:00,1.31746,1.3177400000000001,1.31668,1.31697,928.0
2025-05-13 01:00:00,1.31697,1.31773,1.31691,1.31761,1203.0
2025-05-13 02:00:00,1.31761,1.31824,1.31714,1.31775,1359.0
2025-05-13 03:00:00,1.31775,1.31854,1.31737,1.31785,2982.0
2025-05-13 04:00:00,1.31785,1.31879,1.3175,1.31845,3535.0
2025-05-13 05:00:00,1.31845,1.31918,1.31793,1.31824,2565.0
2025-05-13 06:00:00,1.31824,1.31999,1.31792,1.3198400000000001,2088.0
2025-05-13 07:00:00,1.3198400000000001,1.3201100000000001,1.31903,1.32009,1675.0
2025-05-13 08:00:00,1.32012,1.32068,1.31932,1.32001,2540.0
2025-05-13 09:00:00,1.31982,1.3207200000000001,1.3189600000000001,1.31981,3683.0
2025-05-13 10:00:00,1.3197999999999999,1.32119,1.31954,1.32116,4341.0
2025-05-13 11:00:00,1.32116,1.32172,1.32003,1.32115,3692.0
2025-05-13 12:00:00,1.32117,1.32205,1.32063,1.32137,3244.0
2025-05-13 13:00:00,1.32137,1.32177,1.32028,1.32036,3152.0
2025-05-13 14:00:00,1.32036,1.32151,1.32022,1.32137,2488.0
2025-05-13 15:00:00,1.32137,1.3244500000000001,1.32125,1.32434,4599.0
2025-05-13 16:00:00,1.32434,1.32493,1.32214,1.32267,5643.0
2025-05-13 17:00:00,1.32267,1.3260399999999999,1.3223500000000001,1.32598,5394.0
2025-05-13 18:00:00,1.3259699999999999,1.32805,1.3256999999999999,1.32774,4440.0
2025-05-13 19:00:00,1.32774,1.32946,1.32718,1.32925,3551.0
2025-05-13 20:00:00,1.32925,1.33032,1.32876,1.32998,2376.0
2025-05-13 21:00:00,1.32998,1.33025,1.32964,1.33003,1940.0
2025-05-13 22:00:00,1.33003,1.33079,1.32986,1.33057,2147.0
2025-05-13 23:00:00,1.33057,1.33161,1.3302100000000001,1.33039,1474.0
2025-05-14 00:00:00,1.33035,1.3305500000000001,1.3302,1.3304,321.0
2025-05-14 01:00:00,1.3304,1.33141,1.33034,1.33141,1278.0
2025-05-14 02:00:00,1.33141,1.33142,1.33029,1.33037,1601.0
2025-05-14 03:00:00,1.33037,1.33165,1.32992,1.33138,2964.0
2025-05-14 04:00:00,1.33138,1.332,1.3305799999999999,1.3308200000000001,4005.0
2025-05-14 05:00:00,1.3308200000000001,1.33097,1.32989,1.33036,2433.0
2025-05-14 06:00:00,1.33036,1.3309199999999999,1.32983,1.3309,2004.0
2025-05-14 07:00:00,1.33091,1.33125,1.33032,1.33044,1930.0
2025-05-14 08:00:00,1.33044,1.33094,1.33009,1.33016,2199.0
2025-05-14 09:00:00,1.33016,1.33117,1.3291,1.32995,3703.0
2025-05-14 10:00:00,1.32995,1.3330899999999999,1.32984,1.33289,4498.0
2025-05-14 11:00:00,1.33289,1.33589,1.33271,1.33472,6715.0
2025-05-14 12:00:00,1.33471,1.3360400000000001,1.33376,1.33498,5548.0
2025-05-14 13:00:00,1.33497,1.33521,1.3336000000000001,1.33488,3327.0
2025-05-14 14:00:00,1.33488,1.33508,1.33271,1.33335,3266.0
2025-05-14 15:00:00,1.33335,1.33388,1.33163,1.33251,4785.0
2025-05-14 16:00:00,1.33251,1.33294,1.33102,1.33171,5636.0
2025-05-14 17:00:00,1.33171,1.33175,1.32873,1.33045,5822.0
2025-05-14 18:00:00,1.33043,1.33051,1.32894,1.33007,4837.0
2025-05-14 19:00:00,1.33007,1.33099,1.3271,1.32825,5070.0
2025-05-14 20:00:00,1.32825,1.32884,1.3275299999999999,1.32792,3244.0
2025-05-14 21:00:00,1.32792,1.32801,1.32602,1.32649,3152.0
2025-05-14 22:00:00,1.32649,1.32649,1.32534,1.32602,2518.0
2025-05-14 23:00:00,1.3260100000000001,1.3265500000000001,1.3256700000000001,1.3259699999999999,1205.0
2025-05-15 00:00:00,1.32528,1.32754,1.32523,1.32549,822.0
2025-05-15 01:00:00,1.32549,1.32668,1.32549,1.3265,1340.0
2025-05-15 02:00:00,1.3265,1.3269199999999999,1.32618,1.32636,1360.0
2025-05-15 03:00:00,1.32636,1.3274599999999999,1.32593,1.3272599999999999,2622.0
2025-05-15 04:00:00,1.32728,1.32846,1.3272599999999999,1.32762,3569.0
2025-05-15 05:00:00,1.32762,1.32809,1.32724,1.32801,2638.0
2025-05-15 06:00:00,1.32801,1.32868,1.32769,1.3280699999999999,2345.0
2025-05-15 07:00:00,1.3280699999999999,1.32834,1.32738,1.32745,1994.0
2025-05-15 08:00:00,1.32745,1.32793,1.3262399999999999,1.32727,2642.0
2025-05-15 09:00:00,1.32721,1.33051,1.32702,1.33041,4388.0
2025-05-15 10:00:00,1.33039,1.33049,1.32676,1.32678,4586.0
2025-05-15 11:00:00,1.32678,1.32954,1.3263,1.32897,3532.0
2025-05-15 12:00:00,1.32898,1.32951,1.3281,1.32874,3227.0
2025-05-15 13:00:00,1.32874,1.32995,1.32827,1.32905,2981.0
2025-05-15 14:00:00,1.3290600000000001,1.32938,1.32673,1.32704,3523.0
2025-05-15 15:00:00,1.32704,1.3309199999999999,1.32704,1.3305500000000001,5158.0
2025-05-15 16:00:00,1.3305500000000001,1.33199,1.32926,1.32929,6275.0
2025-05-15 17:00:00,1.32929,1.33035,1.32638,1.3279,5874.0
2025-05-15 18:00:00,1.3279,1.32952,1.32756,1.32897,4210.0
2025-05-15 19:00:00,1.32897,1.32968,1.32822,1.32889,3095.0
2025-05-15 20:00:00,1.3289,1.33008,1.32867,1.3287499999999999,2853.0
2025-05-15 21:00:00,1.32876,1.33013,1.3287200000000001,1.32985,2456.0
2025-05-15 22:00:00,1.32985,1.33077,1.32934,1.33056,2149.0
2025-05-15 23:00:00,1.33056,1.33088,1.3303,1.33041,1542.0
2025-05-16 00:00:00,1.33012,1.3304,1.32946,1.32989,648.0
2025-05-16 01:00:00,1.32989,1.33099,1.32985,1.33087,1414.0
2025-05-16 02:00:00,1.33087,1.331,1.33032,1.33033,1169.0
2025-05-16 03:00:00,1.33033,1.33179,1.33015,1.33144,3363.0
2025-05-16 04:00:00,1.33144,1.3319,1.33106,1.33155,2514.0
2025-05-16 05:00:00,1.33155,1.33179,1.33066,1.33111,2444.0
2025-05-16 06:00:00,1.3311,1.3318699999999999,1.33087,1.33121,1948.0
2025-05-16 07:00:00,1.33121,1.33195,1.3309,1.33186,2020.0
2025-05-16 08:00:00,1.33186,1.3328,1.33164,1.33256,2238.0
2025-05-16 09:00:00,1.33256,1.33328,1.33179,1.33246,3292.0
2025-05-16 10:00:00,1.33246,1.3329,1.3312300000000001,1.3314599999999999,3832.0
2025-05-16 11:00:00,1.33147,1.33171,1.33015,1.33047,3453.0
2025-05-16 12:00:00,1.33047,1.3309,1.32907,1.32926,2998.0
2025-05-16 13:00:00,1.32926,1.32954,1.32828,1.32911,3160.0
2025-05-16 14:00:00,1.3291,1.33018,1.32823,1.32828,3112.0
2025-05-16 15:00:00,1.32827,1.32877,1.32736,1.32834,3280.0
2025-05-16 16:00:00,1.32833,1.32993,1.32788,1.32943,4184.0
2025-05-16 17:00:00,1.32943,1.3296700000000001,1.32534,1.32657,6508.0
2025-05-16 18:00:00,1.32657,1.32701,1.3255,1.32562,4493.0
2025-05-16 19:00:00,1.3256000000000001,1.32693,1.32507,1.32687,3524.0
2025-05-16 20:00:00,1.32687,1.32749,1.3268,1.3271600000000001,2292.0
2025-05-19 00:00:00,1.3264,1.3277999999999999,1.32615,1.32703,546.0
2025-05-19 01:00:00,1.32703,1.33045,1.327,1.3301,1448.0
2025-05-19 02:00:00,1.3301,1.33053,1.32945,1.33053,1911.0
2025-05-19 03:00:00,1.33053,1.33139,1.32995,1.3313,3971.0
2025-05-19 04:00:00,1.3313,1.3314,1.3293599999999999,1.32957,3569.0
2025-05-19 05:00:00,1.32957,1.33048,1.32904,1.32969,2955.0
2025-05-19 06:00:00,1.32969,1.3301,1.32953,1.32974,2560.0
2025-05-19 07:00:00,1.32974,1.33025,1.32917,1.32991,1751.0
2025-05-19 08:00:00,1.32991,1.33047,1.32928,1.33,2557.0
2025-05-19 09:00:00,1.33,1.33236,1.32951,1.33212,3904.0
2025-05-19 10:00:00,1.33212,1.33728,1.33201,1.33678,5661.0
2025-05-19 11:00:00,1.33678,1.337,1.3348200000000001,1.33677,4337.0
2025-05-19 12:00:00,1.33677,1.3397700000000001,1.3363,1.33966,4717.0
2025-05-19 13:00:00,1.33967,1.3404,1.33879,1.3388900000000001,4178.0
2025-05-19 14:00:00,1.3388900000000001,1.33894,1.33752,1.3382100000000001,3810.0
2025-05-19 15:00:00,1.3382100000000001,1.33834,1.33684,1.33712,4120.0
2025-05-19 16:00:00,1.33712,1.3376000000000001,1.33606,1.33663,5823.0
2025-05-19 17:00:00,1.33663,1.33698,1.33539,1.33673,5005.0
2025-05-19 18:00:00,1.33673,1.33724,1.33532,1.33548,3713.0
2025-05-19 19:00:00,1.33549,1.33576,1.33459,1.33548,3215.0
2025-05-19 20:00:00,1.33548,1.3358400000000001,1.33468,1.33504,2684.0
2025-05-19 21:00:00,1.33504,1.3357700000000001,1.33449,1.33556,2253.0
2025-05-19 22:00:00,1.33556,1.33612,1.3351,1.33598,1953.0
2025-05-19 23:00:00,1.33597,1.3364500000000001,1.33587,1.3361,1237.0
2025-05-20 00:00:00,1.33598,1.33625,1.33484,1.33598,1028.0
2025-05-20 01:00:00,1.33598,1.33613,1.3354,1.33566,1610.0
2025-05-20 02:00:00,1.33566,1.3361399999999999,1.33549,1.33592,1152.0
2025-05-20 03:00:00,1.33592,1.33592,1.33448,1.33562,2869.0
2025-05-20 04:00:00,1.33562,1.3374,1.33556,1.33576,3868.0
2025-05-20 05:00:00,1.33576,1.3367499999999999,1.33471,1.33537,2553.0
2025-05-20 06:00:00,1.33537,1.3370199999999999,1.33515,1.33671,2709.0
2025-05-20 07:00:00,1.33671,1.3370199999999999,1.33615,1.33639,2617.0
2025-05-20 08:00:00,1.33639,1.33827,1.33637,1.3376299999999999,3827.0
2025-05-20 09:00:00,1.3376299999999999,1.33823,1.33669,1.33695,3867.0
2025-05-20 10:00:00,1.33695,1.3395000000000001,1.33657,1.3392,4688.0
2025-05-20 11:00:00,1.3392,1.33935,1.33723,1.33737,3924.0
2025-05-20 12:00:00,1.33737,1.33842,1.33686,1.33721,3536.0
2025-05-20 13:00:00,1.33721,1.33734,1.3354,1.33629,3097.0
2025-05-20 14:00:00,1.3363,1.33723,1.33587,1.33619,2776.0
2025-05-20 15:00:00,1.33619,1.33637,1.33355,1.33402,4232.0
2025-05-20 16:00:00,1.33403,1.33605,1.33349,1.33571,5122.0
2025-05-20 17:00:00,1.33572,1.33743,1.33566,1.3369,6167.0
2025-05-20 18:00:00,1.33691,1.3373300000000001,1.33578,1.33694,4017.0
2025-05-20 19:00:00,1.33694,1.33737,1.33591,1.33715,2994.0
2025-05-20 20:00:00,1.33716,1.33859,1.3369900000000001,1.33808,2499.0
2025-05-20 21:00:00,1.33808,1.33873,1.3377,1.3378700000000001,3140.0
2025-05-20 22:00:00,1.3378700000000001,1.3390900000000001,1.33777,1.33878,2310.0
2025-05-20 23:00:00,1.33878,1.33939,1.3386,1.33932,1132.0
2025-05-21 00:00:00,1.33924,1.33924,1.33778,1.33856,658.0
2025-05-21 01:00:00,1.3385500000000001,1.33942,1.3385099999999999,1.33917,1424.0
2025-05-21 02:00:00,1.33917,1.3397999999999999,1.33908,1.3397299999999999,1143.0
2025-05-21 03:00:00,1.3397299999999999,1.34119,1.3394599999999999,1.34088,2817.0
2025-05-21 04:00:00,1.34087,1.34121,1.33989,1.34089,2783.0
2025-05-21 05:00:00,1.34089,1.3427,1.34079,1.34237,3774.0
2025-05-21 06:00:00,1.34237,1.34356,1.3421,1.34307,2798.0
2025-05-21 07:00:00,1.34307,1.34356,1.34267,1.34305,1969.0
2025-05-21 08:00:00,1.34305,1.3437999999999999,1.34279,1.34355,2706.0
2025-05-21 09:00:00,1.3435000000000001,1.34691,1.34226,1.34456,6064.0
2025-05-21 10:00:00,1.34456,1.34463,1.34101,1.34125,5597.0
2025-05-21 11:00:00,1.34125,1.34196,1.3390900000000001,1.3399,3638.0
2025-05-21 12:00:00,1.3399,1.34106,1.33888,1.3410199999999999,3602.0
2025-05-21 13:00:00,1.3410199999999999,1.34382,1.34057,1.3412600000000001,4704.0
2025-05-21 14:00:00,1.3412600000000001,1.34174,1.33963,1.34143,4380.0
2025-05-21 15:00:00,1.34145,1.34237,1.34006,1.34225,5229.0
2025-05-21 16:00:00,1.34227,1.3437000000000001,1.34147,1.34334,5154.0
2025-05-21 17:00:00,1.34334,1.34432,1.3424,1.34357,5735.0
2025-05-21 18:00:00,1.34357,1.34497,1.34306,1.34453,4591.0
2025-05-21 19:00:00,1.34453,1.34517,1.34419,1.34469,2864.0
2025-05-21 20:00:00,1.34469,1.3452600000000001,1.34325,1.34387,5562.0
2025-05-21 21:00:00,1.34387,1.34389,1.34268,1.3427799999999999,3370.0
2025-05-21 22:00:00,1.3427799999999999,1.3434599999999999,1.3416000000000001,1.34164,3182.0
2025-05-21 23:00:00,1.34164,1.34238,1.34131,1.34192,1392.0
2025-05-22 00:00:00,1.34193,1.34199,1.34124,1.3416000000000001,549.0
2025-05-22 01:00:00,1.3416000000000001,1.34184,1.34049,1.34052,1791.0
2025-05-22 02:00:00,1.34052,1.34208,1.34049,1.34206,1800.0
2025-05-22 03:00:00,1.34206,1.34317,1.34203,1.3424800000000001,4103.0
2025-05-22 04:00:00,1.3424800000000001,1.34345,1.34165,1.34266,4208.0
2025-05-22 05:00:00,1.34267,1.3441100000000001,1.34191,1.34328,3165.0
2025-05-22 06:00:00,1.34328,1.34341,1.34232,1.3425099999999999,2394.0
2025-05-22 07:00:00,1.3425099999999999,1.34311,1.34209,1.34292,1737.0
2025-05-22 08:00:00,1.34292,1.34328,1.34222,1.34307,2283.0
2025-05-22 09:00:00,1.34307,1.34318,1.34165,1.34196,3796.0
2025-05-22 10:00:00,1.34196,1.34329,1.34097,1.34325,5329.0
2025-05-22 11:00:00,1.34324,1.3440699999999999,1.34016,1.34024,5206.0
2025-05-22 12:00:00,1.34024,1.34082,1.33921,1.3403,4356.0
2025-05-22 13:00:00,1.3403,1.34033,1.3390900000000001,1.33983,3390.0
2025-05-22 14:00:00,1.33983,1.34236,1.33975,1.34201,3875.0
2025-05-22 15:00:00,1.34201,1.34265,1.3401399999999999,1.34131,4939.0
2025-05-22 16:00:00,1.34131,1.34279,1.34069,1.34172,5378.0
2025-05-22 17:00:00,1.3417,1.34363,1.34147,1.34237,5881.0
2025-05-22 18:00:00,1.34237,1.34299,1.34056,1.3425099999999999,4617.0
2025-05-22 19:00:00,1.3425099999999999,1.34366,1.34174,1.3418,3635.0
2025-05-22 20:00:00,1.3418,1.34186,1.34037,1.3415,3418.0
2025-05-22 21:00:00,1.34148,1.34259,1.3414,1.34231,2344.0
2025-05-22 22:00:00,1.34231,1.343,1.34176,1.34186,2220.0
2025-05-22 23:00:00,1.34186,1.34205,1.34118,1.34179,1344.0
2025-05-23 00:00:00,1.34185,1.34202,1.34081,1.34166,474.0
2025-05-23 01:00:00,1.34166,1.34272,1.34166,1.34242,1004.0
2025-05-23 02:00:00,1.34243,1.34262,1.34188,1.34198,1097.0
2025-05-23 03:00:00,1.3419699999999999,1.34358,1.34186,1.34322,3294.0
2025-05-23 04:00:00,1.34322,1.3446500000000001,1.34299,1.34412,2954.0
2025-05-23 05:00:00,1.34412,1.34482,1.3437999999999999,1.3446,2034.0
2025-05-23 06:00:00,1.34459,1.34484,1.34429,1.34477,1453.0
2025-05-23 07:00:00,1.34477,1.34557,1.3446,1.34523,1497.0
2025-05-23 08:00:00,1.34523,1.34596,1.34457,1.34564,1958.0
2025-05-23 09:00:00,1.34561,1.3462,1.3444,1.34489,3385.0
2025-05-23 10:00:00,1.34489,1.3485,1.34452,1.34799,4041.0
2025-05-23 11:00:00,1.34799,1.34918,1.34778,1.34883,3012.0
2025-05-23 12:00:00,1.34883,1.3501699999999999,1.34853,1.3498299999999999,3125.0
2025-05-23 13:00:00,1.3498299999999999,1.35019,1.34927,1.34968,2907.0
2025-05-23 14:00:00,1.34968,1.3516,1.3474,1.34887,6962.0
2025-05-23 15:00:00,1.34887,1.35337,1.34771,1.3518,8066.0
2025-05-23 16:00:00,1.3518,1.3523800000000001,1.34819,1.34824,5973.0
2025-05-23 17:00:00,1.34822,1.35007,1.34808,1.3496000000000001,5792.0
2025-05-23 18:00:00,1.3496000000000001,1.3516,1.34937,1.35087,4401.0
2025-05-23 19:00:00,1.35087,1.35228,1.35049,1.35219,3095.0
2025-05-23 20:00:00,1.35219,1.35394,1.35213,1.35284,2413.0
2025-05-26 00:00:00,1.35209,1.3525800000000001,1.35209,1.35256,321.0
2025-05-26 01:00:00,1.35256,1.35394,1.3523800000000001,1.3535,2771.0
2025-05-26 02:00:00,1.3535,1.35425,1.35315,1.35381,1978.0
2025-05-26 03:00:00,1.35381,1.35613,1.3536299999999999,1.35611,3433.0
2025-05-26 04:00:00,1.35611,1.35866,1.35537,1.35843,4099.0
2025-05-26 05:00:00,1.35843,1.35934,1.3578299999999999,1.35822,3277.0
2025-05-26 06:00:00,1.35821,1.3584399999999999,1.35768,1.35791,2469.0
2025-05-26 07:00:00,1.35791,1.35857,1.35747,1.35826,2240.0
2025-05-26 08:00:00,1.35826,1.35926,1.3571900000000001,1.35893,2560.0
2025-05-26 09:00:00,1.35893,1.35925,1.35713,1.35734,3610.0
2025-05-26 10:00:00,1.35732,1.35786,1.35657,1.3566799999999999,3808.0
2025-05-26 11:00:00,1.35669,1.35714,1.3558,1.35644,2424.0
2025-05-26 12:00:00,1.35646,1.35682,1.35555,1.35617,2101.0
2025-05-26 13:00:00,1.35617,1.35655,1.35549,1.3562400000000001,2103.0
2025-05-26 14:00:00,1.3562400000000001,1.3566799999999999,1.35545,1.35599,1867.0
2025-05-26 15:00:00,1.35599,1.3563,1.35513,1.35559,2043.0
2025-05-26 16:00:00,1.35559,1.35676,1.35527,1.35671,1864.0
2025-05-26 17:00:00,1.35671,1.35683,1.35571,1.3563,2280.0
2025-05-26 18:00:00,1.3563,1.3565,1.3557299999999999,1.35632,1658.0
2025-05-26 19:00:00,1.35632,1.35649,1.35596,1.35643,1409.0
2025-05-26 20:00:00,1.35643,1.35652,1.35577,1.35619,968.0
2025-05-26 21:00:00,1.35619,1.35648,1.35613,1.35622,857.0
2025-05-26 22:00:00,1.35622,1.35648,1.35618,1.35641,613.0
2025-05-26 23:00:00,1.35641,1.35652,1.35609,1.3563100000000001,782.0
2025-05-27 00:00:00,1.35589,1.35614,1.35526,1.35598,1276.0
2025-05-27 01:00:00,1.35598,1.35686,1.35564,1.35655,1163.0
2025-05-27 02:00:00,1.35655,1.35666,1.3563399999999999,1.35654,962.0
2025-05-27 03:00:00,1.35654,1.35852,1.35654,1.35825,2363.0
2025-05-27 04:00:00,1.35825,1.35869,1.3569200000000001,1.35739,2319.0
2025-05-27 05:00:00,1.35739,1.35813,1.35676,1.35691,2206.0
2025-05-27 06:00:00,1.35691,1.35763,1.35673,1.35693,1657.0
2025-05-27 07:00:00,1.35693,1.35754,1.3553899999999999,1.35553,2312.0
2025-05-27 08:00:00,1.35553,1.35562,1.35386,1.35551,4001.0
2025-05-27 09:00:00,1.35551,1.35736,1.35465,1.35476,4698.0
2025-05-27 10:00:00,1.35476,1.35574,1.3522,1.35252,5278.0
2025-05-27 11:00:00,1.35252,1.35474,1.35229,1.35369,3729.0
2025-05-27 12:00:00,1.35368,1.3550200000000001,1.35358,1.35457,3431.0
2025-05-27 13:00:00,1.35458,1.35458,1.35336,1.3541400000000001,3482.0
2025-05-27 14:00:00,1.3541400000000001,1.35538,1.35412,1.3548499999999999,3054.0
2025-05-27 15:00:00,1.35486,1.35625,1.35471,1.3562,3279.0
2025-05-27 16:00:00,1.3562,1.3565,1.3541,1.3543,4335.0
2025-05-27 17:00:00,1.35433,1.3554300000000001,1.3519,1.35203,5719.0
2025-05-27 18:00:00,1.35203,1.35213,1.35004,1.35026,4010.0
2025-05-27 19:00:00,1.35026,1.3512,1.35011,1.35074,3159.0
2025-05-27 20:00:00,1.35074,1.3511199999999999,1.3502100000000001,1.35092,2014.0
2025-05-27 21:00:00,1.35092,1.35153,1.35057,1.35124,1909.0
2025-05-27 22:00:00,1.35124,1.35149,1.35038,1.35052,1830.0
2025-05-27 23:00:00,1.35052,1.35089,1.35032,1.3507,1043.0
2025-05-28 00:00:00,1.3502399999999999,1.3507799999999999,1.35008,1.35057,643.0
2025-05-28 01:00:00,1.35057,1.3513600000000001,1.35038,1.35124,507.0
2025-05-28 02:00:00,1.35124,1.3515,1.35095,1.3513899999999999,805.0
2025-05-28 03:00:00,1.3513899999999999,1.35226,1.35133,1.35153,2508.0
2025-05-28 04:00:00,1.35153,1.3516599999999999,1.3489200000000001,1.34934,4332.0
2025-05-28 05:00:00,1.34934,1.35006,1.34795,1.34819,3506.0
2025-05-28 06:00:00,1.34823,1.3489499999999999,1.34764,1.34827,3461.0
2025-05-28 07:00:00,1.34827,1.34859,1.3470900000000001,1.34724,2279.0
2025-05-28 08:00:00,1.34724,1.3480699999999999,1.34611,1.34805,2755.0
2025-05-28 09:00:00,1.3480400000000001,1.34848,1.34715,1.3477999999999999,3614.0
2025-05-28 10:00:00,1.34779,1.3504399999999999,1.34764,1.34985,4132.0
2025-05-28 11:00:00,1.34985,1.3511199999999999,1.34962,1.35093,3452.0
2025-05-28 12:00:00,1.35093,1.35155,1.35054,1.351,2709.0
2025-05-28 13:00:00,1.351,1.3519700000000001,1.34894,1.3494,2716.0
2025-05-28 14:00:00,1.3494,1.34981,1.34767,1.34792,3148.0
2025-05-28 15:00:00,1.34792,1.34844,1.34659,1.34693,3462.0
2025-05-28 16:00:00,1.34693,1.34732,1.34501,1.34668,5133.0
2025-05-28 17:00:00,1.34667,1.34894,1.34635,1.3471199999999999,5896.0
2025-05-28 18:00:00,1.3471199999999999,1.34758,1.34543,1.34596,4326.0
2025-05-28 19:00:00,1.34596,1.3475,1.34596,1.34747,2793.0
2025-05-28 20:00:00,1.34747,1.34796,1.34686,1.34698,2241.0
2025-05-28 21:00:00,1.34701,1.3476,1.34622,1.34695,2587.0
2025-05-28 22:00:00,1.34695,1.3470900000000001,1.34628,1.34644,2231.0
2025-05-28 23:00:00,1.34644,1.34713,1.34644,1.34697,1377.0
2025-05-29 00:00:00,1.34652,1.34689,1.34639,1.34646,386.0
2025-05-29 01:00:00,1.34646,1.3471,1.34631,1.34667,1371.0
2025-05-29 02:00:00,1.34667,1.34676,1.3415599999999999,1.34284,5344.0
2025-05-29 03:00:00,1.34284,1.3443800000000001,1.3419400000000001,1.3428499999999999,6343.0
2025-05-29 04:00:00,1.34284,1.34456,1.34189,1.34445,4194.0
2025-05-29 05:00:00,1.34445,1.34467,1.34323,1.34336,2924.0
2025-05-29 06:00:00,1.34336,1.34426,1.34289,1.34362,2397.0
2025-05-29 07:00:00,1.34362,1.34462,1.34315,1.34401,1826.0
2025-05-29 08:00:00,1.34401,1.34422,1.34265,1.34342,3011.0
2025-05-29 09:00:00,1.34342,1.34578,1.34287,1.34568,4109.0
2025-05-29 10:00:00,1.34568,1.34708,1.34568,1.3464800000000001,4550.0
2025-05-29 11:00:00,1.3464800000000001,1.3475,1.34545,1.34604,3418.0
2025-05-29 12:00:00,1.34604,1.34774,1.34598,1.34689,2756.0
2025-05-29 13:00:00,1.34689,1.3484099999999999,1.3467500000000001,1.34729,3410.0
2025-05-29 14:00:00,1.3473,1.34778,1.34581,1.34608,3599.0
2025-05-29 15:00:00,1.34608,1.35054,1.34606,1.35016,6603.0
2025-05-29 16:00:00,1.35016,1.35072,1.3486500000000001,1.34928,5917.0
2025-05-29 17:00:00,1.34928,1.35004,1.34765,1.34829,5813.0
2025-05-29 18:00:00,1.34829,1.34954,1.3479999999999999,1.34884,4384.0
2025-05-29 19:00:00,1.34884,1.3505099999999999,1.34874,1.3493,3214.0
2025-05-29 20:00:00,1.3493,1.35046,1.34871,1.34971,2473.0
2025-05-29 21:00:00,1.34973,1.35047,1.34965,1.34985,2220.0
2025-05-29 22:00:00,1.34985,1.35007,1.3492600000000001,1.34947,2269.0
2025-05-29 23:00:00,1.34947,1.34964,1.34878,1.34913,1290.0
2025-05-30 00:00:00,1.34866,1.34913,1.34828,1.34882,1064.0
2025-05-30 01:00:00,1.34882,1.34995,1.34878,1.34943,1188.0
2025-05-30 02:00:00,1.34943,1.35013,1.34932,1.34993,1599.0
2025-05-30 03:00:00,1.34993,1.35098,1.3490199999999999,1.34966,3368.0
2025-05-30 04:00:00,1.34966,1.3511199999999999,1.34802,1.3482,4342.0
2025-05-30 05:00:00,1.3482,1.34867,1.34708,1.34727,2880.0
2025-05-30 06:00:00,1.34727,1.34798,1.34684,1.34711,2060.0
2025-05-30 07:00:00,1.34711,1.34757,1.34697,1.34717,1923.0
2025-05-30 08:00:00,1.34717,1.3483399999999999,1.34684,1.34795,2270.0
2025-05-30 09:00:00,1.34796,1.34857,1.34642,1.34782,3315.0
2025-05-30 10:00:00,1.34781,1.34818,1.34552,1.34784,4695.0
2025-05-30 11:00:00,1.34784,1.34847,1.3465,1.3466,3764.0
2025-05-30 12:00:00,1.3466,1.3473600000000001,1.34627,1.34705,3085.0
2025-05-30 13:00:00,1.34705,1.3482,1.3468499999999999,1.34722,2798.0
2025-05-30 14:00:00,1.34722,1.34814,1.34673,1.34756,2925.0
2025-05-30 15:00:00,1.34756,1.34995,1.3474300000000001,1.34928,5886.0
2025-05-30 16:00:00,1.34928,1.34945,1.34509,1.34516,5170.0
2025-05-30 17:00:00,1.34516,1.34894,1.3448,1.34827,6949.0
2025-05-30 18:00:00,1.34826,1.34842,1.34662,1.34673,5027.0
2025-05-30 19:00:00,1.34673,1.34727,1.3455,1.34608,3819.0
2025-05-30 20:00:00,1.34608,1.34765,1.34608,1.34647,2920.0
2025-06-02 00:00:00,1.34628,1.34628,1.34479,1.345,249.0
2025-06-02 01:00:00,1.345,1.34661,1.34489,1.34645,1477.0
2025-06-02 02:00:00,1.34645,1.34737,1.3463,1.34686,1546.0
2025-06-02 03:00:00,1.34686,1.34923,1.3467799999999999,1.34885,2950.0
2025-06-02 04:00:00,1.34885,1.35059,1.34854,1.3489499999999999,3428.0
2025-06-02 05:00:00,1.34896,1.34962,1.34844,1.34857,2086.0
2025-06-02 06:00:00,1.34856,1.34879,1.34734,1.34829,2192.0
2025-06-02 07:00:00,1.34829,1.34903,1.34815,1.34888,1711.0
2025-06-02 08:00:00,1.34888,1.35036,1.34881,1.35015,2635.0
2025-06-02 09:00:00,1.35015,1.35339,1.34986,1.35314,3608.0
2025-06-02 10:00:00,1.35316,1.35576,1.35287,1.3548499999999999,4481.0
2025-06-02 11:00:00,1.3548499999999999,1.35525,1.3538299999999999,1.35433,4093.0
2025-06-02 12:00:00,1.35433,1.35555,1.35403,1.3541400000000001,4034.0
2025-06-02 13:00:00,1.3541400000000001,1.35458,1.35303,1.35307,3167.0
2025-06-02 14:00:00,1.35307,1.35429,1.35272,1.35359,3277.0
2025-06-02 15:00:00,1.35359,1.3550900000000001,1.35318,1.35427,3920.0
2025-06-02 16:00:00,1.35428,1.35439,1.35186,1.3529,4672.0
2025-06-02 17:00:00,1.35281,1.35598,1.35281,1.35528,6274.0
2025-06-02 18:00:00,1.35528,1.35555,1.3544,1.35474,4875.0
2025-06-02 19:00:00,1.35474,1.35484,1.3519,1.35227,3802.0
2025-06-02 20:00:00,1.35225,1.35275,1.35181,1.35212,2709.0
2025-06-02 21:00:00,1.35212,1.3541699999999999,1.3517299999999999,1.3541,2569.0
2025-06-02 22:00:00,1.3541,1.35479,1.35355,1.35465,2097.0
2025-06-02 23:00:00,1.35464,1.35498,1.35434,1.35439,1080.0
2025-06-03 00:00:00,1.3543,1.3543,1.35318,1.35385,541.0
2025-06-03 01:00:00,1.35385,1.35487,1.35376,1.3548499999999999,1008.0
2025-06-03 02:00:00,1.3548499999999999,1.35595,1.35473,1.35572,1206.0
2025-06-03 03:00:00,1.35572,1.35578,1.35455,1.35476,2490.0
2025-06-03 04:00:00,1.35476,1.35477,1.35314,1.35337,3595.0
2025-06-03 05:00:00,1.35337,1.35338,1.35189,1.3522,2800.0
2025-06-03 06:00:00,1.3522,1.35255,1.35149,1.35185,2547.0
2025-06-03 07:00:00,1.35185,1.3525800000000001,1.35155,1.35241,2035.0
2025-06-03 08:00:00,1.35241,1.3526799999999999,1.3512,1.35241,2294.0
2025-06-03 09:00:00,1.35241,1.35375,1.35155,1.3532199999999999,3320.0
2025-06-03 10:00:00,1.35321,1.3533,1.35164,1.35196,3911.0
2025-06-03 11:00:00,1.35196,1.3520400000000001,1.35054,1.35154,3240.0
2025-06-03 12:00:00,1.35156,1.35266,1.35089,1.3515,3082.0
2025-06-03 13:00:00,1.3515,1.35199,1.35041,1.35059,2792.0
2025-06-03 14:00:00,1.35057,1.35079,1.3495,1.35036,3313.0
2025-06-03 15:00:00,1.35038,1.35054,1.3492,1.35038,3619.0
2025-06-03 16:00:00,1.35039,1.35224,1.35002,1.35131,4312.0
2025-06-03 17:00:00,1.3513,1.35335,1.3496299999999999,1.35288,5961.0
2025-06-03 18:00:00,1.35288,1.3532,1.35165,1.3519999999999999,4367.0
2025-06-03 19:00:00,1.3519999999999999,1.35266,1.35102,1.35185,3230.0
2025-06-03 20:00:00,1.35185,1.35293,1.3516599999999999,1.35277,2716.0
2025-06-03 21:00:00,1.35276,1.35281,1.35188,1.35247,2151.0
2025-06-03 22:00:00,1.35247,1.3526099999999999,1.3513899999999999,1.35158,1754.0
2025-06-03 23:00:00,1.35158,1.35222,1.35138,1.35181,1108.0
2025-06-04 00:00:00,1.35147,1.35162,1.35108,1.35108,844.0
2025-06-04 01:00:00,1.35108,1.35227,1.351,1.35213,877.0
2025-06-04 02:00:00,1.35213,1.35318,1.35213,1.35308,1082.0
2025-06-04 03:00:00,1.35307,1.35334,1.35255,1.35269,2876.0
2025-06-04 04:00:00,1.35269,1.3544800000000001,1.35153,1.35351,3832.0
2025-06-04 05:00:00,1.35351,1.3538700000000001,1.35203,1.3523100000000001,2309.0
2025-06-04 06:00:00,1.3523100000000001,1.35286,1.35141,1.3516599999999999,2190.0
2025-06-04 07:00:00,1.3516599999999999,1.35272,1.35107,1.35122,2180.0
2025-06-04 08:00:00,1.35122,1.35165,1.3501,1.35104,2677.0
2025-06-04 09:00:00,1.35104,1.35273,1.3504800000000001,1.3527,3779.0
2025-06-04 10:00:00,1.3527,1.3541400000000001,1.35227,1.35286,3642.0
2025-06-04 11:00:00,1.35287,1.35456,1.35243,1.354,3192.0
2025-06-04 12:00:00,1.354,1.3543,1.35301,1.35359,2887.0
2025-06-04 13:00:00,1.35359,1.35386,1.35203,1.35241,3005.0
2025-06-04 14:00:00,1.35241,1.35272,1.35131,1.3513899999999999,2612.0
2025-06-04 15:00:00,1.3513899999999999,1.35442,1.35119,1.35432,5421.0
2025-06-04 16:00:00,1.35432,1.3549,1.35315,1.35385,4658.0
2025-06-04 17:00:00,1.3536299999999999,1.35801,1.3536299999999999,1.35769,6374.0
2025-06-04 18:00:00,1.35769,1.35778,1.35588,1.3568,4186.0
2025-06-04 19:00:00,1.3568,1.3572,1.35569,1.35714,3265.0
2025-06-04 20:00:00,1.35714,1.35738,1.35595,1.3561,2665.0
2025-06-04 21:00:00,1.3561,1.35663,1.35571,1.35585,2269.0
2025-06-04 22:00:00,1.35585,1.3559999999999999,1.35463,1.35465,1959.0
2025-06-04 23:00:00,1.35465,1.3555,1.35454,1.35529,1059.0
2025-06-05 00:00:00,1.35521,1.35524,1.35466,1.35466,576.0
2025-06-05 01:00:00,1.35466,1.35542,1.35449,1.3551,653.0
2025-06-05 02:00:00,1.35511,1.35599,1.35503,1.3551,1158.0
2025-06-05 03:00:00,1.3551,1.35599,1.35467,1.35599,2562.0
2025-06-05 04:00:00,1.35598,1.35659,1.35434,1.35471,3307.0
2025-06-05 05:00:00,1.35471,1.35494,1.35408,1.35477,2110.0
2025-06-05 06:00:00,1.35477,1.35612,1.35443,1.35449,2334.0
2025-06-05 07:00:00,1.35449,1.35503,1.35429,1.35474,2151.0
2025-06-05 08:00:00,1.35474,1.355,1.35426,1.3544399999999999,2129.0
2025-06-05 09:00:00,1.35443,1.35589,1.35443,1.35469,3077.0
2025-06-05 10:00:00,1.35469,1.35743,1.35452,1.35606,3435.0
2025-06-05 11:00:00,1.35606,1.35732,1.35606,1.35674,2787.0
2025-06-05 12:00:00,1.35674,1.3573,1.35606,1.35648,2831.0
2025-06-05 13:00:00,1.35648,1.3584800000000001,1.35643,1.35747,2564.0
2025-06-05 14:00:00,1.35747,1.35786,1.35659,1.35707,2915.0
2025-06-05 15:00:00,1.35706,1.35946,1.35664,1.35789,6319.0
2025-06-05 16:00:00,1.35791,1.36168,1.35711,1.36025,8191.0
2025-06-05 17:00:00,1.36025,1.3607,1.35876,1.35917,6624.0
2025-06-05 18:00:00,1.35917,1.35988,1.35757,1.35822,5227.0
2025-06-05 19:00:00,1.35822,1.35881,1.35765,1.35863,3762.0
2025-06-05 20:00:00,1.35865,1.35896,1.35793,1.35893,3022.0
2025-06-05 21:00:00,1.35893,1.35893,1.35696,1.35801,2916.0
2025-06-05 22:00:00,1.35801,1.35809,1.35667,1.35739,3443.0
2025-06-05 23:00:00,1.35739,1.35762,1.3569499999999999,1.35698,1340.0
2025-06-06 00:00:00,1.3568,1.3572899999999999,1.35648,1.3572,1024.0
2025-06-06 01:00:00,1.3572,1.3578299999999999,1.35704,1.35782,938.0
2025-06-06 02:00:00,1.35782,1.35812,1.3575,1.3578999999999999,886.0
2025-06-06 03:00:00,1.3578999999999999,1.35847,1.3578700000000001,1.3578999999999999,2620.0
2025-06-06 04:00:00,1.3578999999999999,1.35838,1.35727,1.35742,2722.0
2025-06-06 05:00:00,1.35743,1.35752,1.3565800000000001,1.35698,2402.0
2025-06-06 06:00:00,1.35698,1.35758,1.35686,1.3571900000000001,1987.0
2025-06-06 07:00:00,1.3571900000000001,1.35769,1.35713,1.3575,1653.0
2025-06-06 08:00:00,1.35751,1.35751,1.35619,1.35664,1923.0
2025-06-06 09:00:00,1.35664,1.35674,1.35442,1.3550200000000001,3246.0
2025-06-06 10:00:00,1.3550200000000001,1.35523,1.35352,1.35459,3891.0
2025-06-06 11:00:00,1.35459,1.3548200000000001,1.35347,1.3538299999999999,2850.0
2025-06-06 12:00:00,1.3538299999999999,1.35399,1.35294,1.35339,2466.0
2025-06-06 13:00:00,1.35339,1.35523,1.35339,1.35497,2328.0
2025-06-06 14:00:00,1.35497,1.35552,1.35428,1.35514,2514.0
2025-06-06 15:00:00,1.35514,1.35642,1.35185,1.35366,7375.0
2025-06-06 16:00:00,1.35364,1.3544399999999999,1.35077,1.35214,7502.0
2025-06-06 17:00:00,1.35216,1.3548200000000001,1.3516599999999999,1.35263,6370.0
2025-06-06 18:00:00,1.35263,1.3535,1.3517000000000001,1.35309,4946.0
2025-06-06 19:00:00,1.35309,1.35357,1.35181,1.35194,3846.0
2025-06-06 20:00:00,1.35194,1.35289,1.35159,1.35264,3047.0
2025-06-09 00:00:00,1.3516599999999999,1.35259,1.35162,1.3525,506.0
2025-06-09 01:00:00,1.3525,1.35359,1.3525,1.35354,523.0
2025-06-09 02:00:00,1.35354,1.35399,1.35341,1.35373,838.0
2025-06-09 03:00:00,1.35373,1.35391,1.35283,1.35312,2004.0
2025-06-09 04:00:00,1.35313,1.35547,1.35313,1.35533,2239.0
2025-06-09 05:00:00,1.35534,1.35655,1.35518,1.35562,2155.0
2025-06-09 06:00:00,1.35562,1.35611,1.35518,1.35518,1568.0
2025-06-09 07:00:00,1.35518,1.3555,1.35497,1.35544,1222.0
2025-06-09 08:00:00,1.35544,1.35592,1.35488,1.3557299999999999,1348.0
2025-06-09 09:00:00,1.3557299999999999,1.35723,1.35538,1.3568500000000001,2440.0
2025-06-09 10:00:00,1.3568500000000001,1.3569499999999999,1.35589,1.35647,2688.0
2025-06-09 11:00:00,1.35647,1.3578000000000001,1.35636,1.35735,3306.0
2025-06-09 12:00:00,1.35735,1.35815,1.35711,1.35718,2391.0
2025-06-09 13:00:00,1.35718,1.35758,1.35581,1.3559,2206.0
2025-06-09 14:00:00,1.3559,1.35639,1.35551,1.35618,3020.0
2025-06-09 15:00:00,1.35618,1.35622,1.3534,1.35365,3448.0
2025-06-09 16:00:00,1.35365,1.35409,1.35247,1.3536000000000001,4090.0
2025-06-09 17:00:00,1.35361,1.35493,1.35284,1.35452,4186.0
2025-06-09 18:00:00,1.35452,1.35645,1.35442,1.3562400000000001,3135.0
2025-06-09 19:00:00,1.3562400000000001,1.3563,1.3553899999999999,1.35587,2158.0
2025-06-09 20:00:00,1.35586,1.35623,1.35517,1.3558,1902.0
2025-06-09 21:00:00,1.3558,1.3565800000000001,1.35561,1.3563,1588.0
2025-06-09 22:00:00,1.3563,1.3565800000000001,1.3557299999999999,1.35579,1578.0
2025-06-09 23:00:00,1.35579,1.35579,1.35483,1.3550200000000001,936.0
2025-06-10 00:00:00,1.3544,1.3552,1.35399,1.3548200000000001,2440.0
2025-06-10 01:00:00,1.3548200000000001,1.35544,1.35472,1.35529,653.0
2025-06-10 02:00:00,1.35529,1.35576,1.3550200000000001,1.35544,821.0
2025-06-10 03:00:00,1.35545,1.35644,1.35519,1.35547,2263.0
2025-06-10 04:00:00,1.35547,1.35605,1.35275,1.35306,3112.0
2025-06-10 05:00:00,1.35306,1.35403,1.35196,1.35381,3081.0
2025-06-10 06:00:00,1.35381,1.35442,1.3531900000000001,1.35438,2282.0
2025-06-10 07:00:00,1.35438,1.35447,1.35321,1.35381,1681.0
2025-06-10 08:00:00,1.35382,1.3546,1.35352,1.35404,3879.0
2025-06-10 09:00:00,1.35407,1.35409,1.34823,1.34823,4712.0
2025-06-10 10:00:00,1.34821,1.3485800000000001,1.34564,1.34725,4877.0
2025-06-10 11:00:00,1.34725,1.34971,1.34725,1.34878,3464.0
2025-06-10 12:00:00,1.34878,1.34954,1.34801,1.3492,2868.0
2025-06-10 13:00:00,1.34921,1.35074,1.3489200000000001,1.35064,2668.0
2025-06-10 14:00:00,1.35064,1.35087,1.34937,1.35054,3193.0
2025-06-10 15:00:00,1.35054,1.35128,1.34982,1.35072,3495.0
2025-06-10 16:00:00,1.35072,1.35344,1.35049,1.35333,4640.0
2025-06-10 17:00:00,1.35333,1.35368,1.3513600000000001,1.35142,3965.0
2025-06-10 18:00:00,1.35142,1.35167,1.3505099999999999,1.35072,3624.0
2025-06-10 19:00:00,1.35072,1.35095,1.34979,1.34985,2364.0
2025-06-10 20:00:00,1.34985,1.35052,1.34951,1.35004,2107.0
2025-06-10 21:00:00,1.35004,1.35004,1.34903,1.34943,2289.0
2025-06-10 22:00:00,1.34943,1.35084,1.34917,1.3502,2058.0
2025-06-10 23:00:00,1.35019,1.35037,1.3495599999999999,1.34978,1166.0
2025-06-11 00:00:00,1.3496000000000001,1.35002,1.34905,1.34958,1188.0
2025-06-11 01:00:00,1.34958,1.35039,1.34927,1.35028,1010.0
2025-06-11 02:00:00,1.35028,1.35102,1.34961,1.35076,1892.0
2025-06-11 03:00:00,1.35076,1.35098,1.34911,1.3492,3409.0
2025-06-11 04:00:00,1.3492,1.34958,1.34752,1.34765,2783.0
2025-06-11 05:00:00,1.34765,1.3483,1.34747,1.34805,2237.0
2025-06-11 06:00:00,1.34805,1.34839,1.34755,1.34823,1728.0
2025-06-11 07:00:00,1.34823,1.34863,1.34774,1.34828,1594.0
2025-06-11 08:00:00,1.34828,1.34915,1.34809,1.34903,1747.0
2025-06-11 09:00:00,1.34903,1.34912,1.3465799999999999,1.34674,3064.0
2025-06-11 10:00:00,1.3467500000000001,1.34893,1.34644,1.34833,3514.0
2025-06-11 11:00:00,1.34833,1.3496299999999999,1.34802,1.34945,2966.0
2025-06-11 12:00:00,1.34945,1.35059,1.34901,1.34976,3019.0
2025-06-11 13:00:00,1.34976,1.35034,1.34937,1.34964,2300.0
2025-06-11 14:00:00,1.3496299999999999,1.34973,1.34851,1.34952,2903.0
2025-06-11 15:00:00,1.34952,1.35499,1.34884,1.35188,6721.0
2025-06-11 16:00:00,1.35189,1.35306,1.3502,1.35186,6160.0
2025-06-11 17:00:00,1.35186,1.35449,1.35165,1.3538999999999999,4897.0
2025-06-11 18:00:00,1.3538999999999999,1.35581,1.35332,1.35551,4239.0
2025-06-11 19:00:00,1.35551,1.35575,1.3541400000000001,1.35498,2988.0
2025-06-11 20:00:00,1.35498,1.35645,1.35473,1.35628,2476.0
2025-06-11 21:00:00,1.35629,1.35674,1.35476,1.35476,3385.0
2025-06-11 22:00:00,1.35476,1.35484,1.35362,1.35381,2094.0
2025-06-11 23:00:00,1.3538299999999999,1.3547799999999999,1.3538000000000001,1.35474,1373.0
2025-06-12 00:00:00,1.3541,1.3547500000000001,1.35391,1.35428,606.0
2025-06-12 01:00:00,1.35428,1.3569,1.35411,1.35663,1307.0
2025-06-12 02:00:00,1.35663,1.35728,1.3562699999999999,1.35678,1468.0
2025-06-12 03:00:00,1.35678,1.35885,1.3562400000000001,1.35834,3520.0
2025-06-12 04:00:00,1.35834,1.35935,1.35793,1.35833,3810.0
2025-06-12 05:00:00,1.35832,1.35835,1.35671,1.35734,2525.0
2025-06-12 06:00:00,1.35734,1.35857,1.35727,1.35835,1913.0
2025-06-12 07:00:00,1.35835,1.35861,1.35771,1.35826,1914.0
2025-06-12 08:00:00,1.35826,1.35901,1.35782,1.35888,2359.0
2025-06-12 09:00:00,1.35896,1.35896,1.3556300000000001,1.35646,4435.0
2025-06-12 10:00:00,1.35646,1.35646,1.35228,1.3543,4918.0
2025-06-12 11:00:00,1.3543,1.35674,1.3538000000000001,1.35662,4602.0
2025-06-12 12:00:00,1.3566099999999999,1.35869,1.35601,1.35776,3973.0
2025-06-12 13:00:00,1.35776,1.35979,1.35712,1.35896,5017.0
2025-06-12 14:00:00,1.35896,1.35994,1.35793,1.35925,4310.0
2025-06-12 15:00:00,1.35925,1.36194,1.35799,1.36105,5934.0
2025-06-12 16:00:00,1.36105,1.36235,1.3588,1.35958,6051.0
2025-06-12 17:00:00,1.35958,1.36074,1.3593600000000001,1.35944,5272.0
2025-06-12 18:00:00,1.35944,1.3596599999999999,1.35824,1.35864,4751.0
2025-06-12 19:00:00,1.35864,1.35922,1.35822,1.35916,3568.0
2025-06-12 20:00:00,1.35916,1.35962,1.3584,1.3591,2526.0
2025-06-12 21:00:00,1.3591,1.35971,1.35863,1.3596300000000001,1899.0
2025-06-12 22:00:00,1.3596300000000001,1.36046,1.3593600000000001,1.36029,1547.0
2025-06-12 23:00:00,1.36029,1.36152,1.36011,1.3612600000000001,1256.0
2025-06-13 00:00:00,1.36116,1.36152,1.35968,1.36108,758.0
2025-06-13 01:00:00,1.36108,1.36218,1.36108,1.3617,1301.0
2025-06-13 02:00:00,1.3617,1.36306,1.36128,1.36291,1499.0
2025-06-13 03:00:00,1.36286,1.36327,1.3559,1.35704,8263.0
2025-06-13 04:00:00,1.35704,1.35716,1.3551199999999999,1.35653,5650.0
2025-06-13 05:00:00,1.35651,1.3569200000000001,1.35523,1.35572,4146.0
2025-06-13 06:00:00,1.35572,1.35586,1.35407,1.35529,3691.0
2025-06-13 07:00:00,1.35529,1.35535,1.35304,1.35343,3020.0
2025-06-13 08:00:00,1.35343,1.35461,1.35281,1.35393,3589.0
2025-06-13 09:00:00,1.35394,1.35537,1.35215,1.35379,5076.0
2025-06-13 10:00:00,1.35379,1.35704,1.35365,1.35594,5201.0
2025-06-13 11:00:00,1.35594,1.3569499999999999,1.35513,1.35593,3470.0
2025-06-13 12:00:00,1.35593,1.35629,1.35415,1.35442,4061.0
2025-06-13 13:00:00,1.35442,1.35531,1.3523100000000001,1.35344,4567.0
2025-06-13 14:00:00,1.35344,1.35479,1.35232,1.35393,4421.0
2025-06-13 15:00:00,1.35393,1.35422,1.3524,1.35342,3659.0
2025-06-13 16:00:00,1.35342,1.35428,1.35164,1.3541699999999999,4149.0
2025-06-13 17:00:00,1.35408,1.3576,1.35388,1.35752,5011.0
2025-06-13 18:00:00,1.35752,1.3603100000000001,1.35733,1.35923,4414.0
2025-06-13 19:00:00,1.35923,1.36015,1.3590499999999999,1.35948,3072.0
2025-06-13 20:00:00,1.35948,1.35948,1.35735,1.35834,2940.0
2025-06-16 00:00:00,1.35613,1.35614,1.35382,1.3541,879.0
2025-06-16 01:00:00,1.3541,1.35614,1.35344,1.35565,2631.0
2025-06-16 02:00:00,1.35565,1.35578,1.35415,1.35487,2571.0
2025-06-16 03:00:00,1.35487,1.35559,1.35438,1.35501,3278.0
2025-06-16 04:00:00,1.35499,1.35584,1.35452,1.35473,3647.0
2025-06-16 05:00:00,1.35474,1.3553600000000001,1.35419,1.35429,3072.0
2025-06-16 06:00:00,1.35429,1.35477,1.35349,1.35365,2857.0
2025-06-16 07:00:00,1.35365,1.35481,1.35361,1.35471,2418.0
2025-06-16 08:00:00,1.35471,1.35746,1.35471,1.35712,3194.0
2025-06-16 09:00:00,1.35711,1.3590499999999999,1.3558,1.35862,4131.0
2025-06-16 10:00:00,1.35862,1.35929,1.35781,1.35837,4461.0
2025-06-16 11:00:00,1.35837,1.35893,1.35772,1.35791,3443.0
2025-06-16 12:00:00,1.35791,1.3591,1.35777,1.35861,3193.0
2025-06-16 13:00:00,1.35861,1.35884,1.35758,1.35807,2913.0
2025-06-16 14:00:00,1.35807,1.3591,1.35765,1.35777,3012.0
2025-06-16 15:00:00,1.35777,1.35843,1.35739,1.35826,3817.0
2025-06-16 16:00:00,1.35826,1.3614600000000001,1.35825,1.36114,5196.0
2025-06-16 17:00:00,1.36114,1.36224,1.35948,1.35961,5878.0
2025-06-16 18:00:00,1.35962,1.35998,1.35895,1.3597299999999999,4025.0
2025-06-16 19:00:00,1.3597299999999999,1.36089,1.35956,1.36084,2896.0
2025-06-16 20:00:00,1.3608500000000001,1.36109,1.35921,1.3596599999999999,2706.0
2025-06-16 21:00:00,1.35964,1.36001,1.35941,1.35964,2673.0
2025-06-16 22:00:00,1.35964,1.35965,1.35738,1.35742,2632.0
2025-06-16 23:00:00,1.35742,1.35834,1.3572600000000001,1.35764,1496.0
2025-06-17 00:00:00,1.35725,1.35835,1.35638,1.3569,1047.0
2025-06-17 01:00:00,1.3569,1.358,1.35686,1.35739,2547.0
2025-06-17 02:00:00,1.35737,1.35797,1.35633,1.35681,2221.0
2025-06-17 03:00:00,1.35682,1.35683,1.35574,1.35672,3526.0
2025-06-17 04:00:00,1.35672,1.3575599999999999,1.3566500000000001,1.3568799999999999,3025.0
2025-06-17 05:00:00,1.3568799999999999,1.35715,1.35589,1.35697,2941.0
2025-06-17 06:00:00,1.35697,1.35761,1.3567,1.3574,2844.0
2025-06-17 07:00:00,1.3574,1.35794,1.35716,1.35734,2266.0
2025-06-17 08:00:00,1.35734,1.35789,1.35655,1.3569200000000001,2747.0
2025-06-17 09:00:00,1.3569200000000001,1.35775,1.35603,1.35623,3634.0
2025-06-17 10:00:00,1.35623,1.35739,1.35538,1.35657,4241.0
2025-06-17 11:00:00,1.35657,1.3567,1.3548200000000001,1.3548200000000001,3747.0
2025-06-17 12:00:00,1.35483,1.35588,1.3541699999999999,1.3544,3530.0
2025-06-17 13:00:00,1.3544,1.3563399999999999,1.35429,1.35585,3135.0
2025-06-17 14:00:00,1.35585,1.35715,1.35558,1.35618,3073.0
2025-06-17 15:00:00,1.35618,1.3574,1.35473,1.3547799999999999,4444.0
2025-06-17 16:00:00,1.3547799999999999,1.3565,1.35436,1.3544100000000001,4561.0
2025-06-17 17:00:00,1.3544,1.35454,1.34958,1.35122,5812.0
2025-06-17 18:00:00,1.35122,1.35188,1.34977,1.3514,4608.0
2025-06-17 19:00:00,1.3514,1.35168,1.34663,1.3471600000000001,4179.0
2025-06-17 20:00:00,1.3471600000000001,1.3474599999999999,1.34335,1.34453,5161.0
2025-06-17 21:00:00,1.34453,1.34479,1.34274,1.34281,4331.0
2025-06-17 22:00:00,1.34281,1.3437299999999999,1.34229,1.34261,3501.0
2025-06-17 23:00:00,1.34261,1.34315,1.34154,1.3428200000000001,2432.0
2025-06-18 00:00:00,1.34236,1.34341,1.3418999999999999,1.34232,811.0
2025-06-18 01:00:00,1.34232,1.34335,1.34141,1.3424,1834.0
2025-06-18 02:00:00,1.3424,1.34314,1.34228,1.3429,1553.0
2025-06-18 03:00:00,1.3429,1.34383,1.34283,1.34314,3847.0
2025-06-18 04:00:00,1.34314,1.34403,1.34271,1.3437999999999999,3033.0
2025-06-18 05:00:00,1.3437999999999999,1.34394,1.34302,1.34361,2625.0
2025-06-18 06:00:00,1.34361,1.3446500000000001,1.34342,1.34383,1885.0
2025-06-18 07:00:00,1.34383,1.34471,1.34358,1.34436,1929.0
2025-06-18 08:00:00,1.34436,1.34494,1.34381,1.34433,2193.0
2025-06-18 09:00:00,1.34435,1.34667,1.34395,1.34632,4259.0
2025-06-18 10:00:00,1.34631,1.34766,1.34544,1.3458999999999999,3986.0
2025-06-18 11:00:00,1.3458999999999999,1.34664,1.34488,1.34527,3618.0
2025-06-18 12:00:00,1.34528,1.34683,1.34496,1.3464,2952.0
2025-06-18 13:00:00,1.3464,1.3468499999999999,1.34396,1.34413,3173.0
2025-06-18 14:00:00,1.34412,1.34554,1.34382,1.34511,3008.0
2025-06-18 15:00:00,1.3451,1.34642,1.34432,1.3447200000000001,3624.0
2025-06-18 16:00:00,1.3447200000000001,1.3455300000000001,1.34351,1.34409,4465.0
2025-06-18 17:00:00,1.34409,1.34732,1.3437999999999999,1.3452,6770.0
2025-06-18 18:00:00,1.34519,1.34737,1.34494,1.3469,4126.0
2025-06-18 19:00:00,1.34691,1.34757,1.34558,1.34569,3240.0
2025-06-18 20:00:00,1.34569,1.34619,1.3433899999999999,1.34388,2678.0
2025-06-18 21:00:00,1.34364,1.34764,1.34108,1.3415300000000001,9120.0
2025-06-18 22:00:00,1.34154,1.3426,1.3400699999999999,1.3409900000000001,6547.0
2025-06-18 23:00:00,1.3409900000000001,1.34227,1.34079,1.34205,2211.0
2025-06-19 00:00:00,1.34174,1.34225,1.34096,1.34195,1872.0
2025-06-19 01:00:00,1.34195,1.34276,1.34164,1.34214,1638.0
2025-06-19 02:00:00,1.34214,1.34233,1.34108,1.34143,1836.0
2025-06-19 03:00:00,1.34143,1.34174,1.3408,1.34154,3172.0
2025-06-19 04:00:00,1.34155,1.3416000000000001,1.33935,1.3394300000000001,3940.0
2025-06-19 05:00:00,1.3394300000000001,1.34005,1.33872,1.3396,3144.0
2025-06-19 06:00:00,1.3396,1.34101,1.3395299999999999,1.34076,2525.0
2025-06-19 07:00:00,1.34076,1.34116,1.34048,1.3411,1802.0
2025-06-19 08:00:00,1.3411,1.34114,1.33895,1.33949,2505.0
2025-06-19 09:00:00,1.33949,1.34079,1.33827,1.3406500000000001,3826.0
2025-06-19 10:00:00,1.3406500000000001,1.34176,1.3401100000000001,1.34022,4151.0
2025-06-19 11:00:00,1.34022,1.3428499999999999,1.33976,1.34274,4415.0
2025-06-19 12:00:00,1.34274,1.34345,1.34173,1.34213,3198.0
2025-06-19 13:00:00,1.34213,1.34399,1.34201,1.3424,3491.0
2025-06-19 14:00:00,1.3424,1.3449499999999999,1.34043,1.34473,4284.0
2025-06-19 15:00:00,1.34473,1.34486,1.34239,1.3441100000000001,3721.0
2025-06-19 16:00:00,1.3441100000000001,1.34453,1.34215,1.34359,3756.0
2025-06-19 17:00:00,1.34359,1.34458,1.34172,1.34265,3683.0
2025-06-19 18:00:00,1.34265,1.3434300000000001,1.34234,1.343,2421.0
2025-06-19 19:00:00,1.34297,1.34299,1.3422100000000001,1.34252,2027.0
2025-06-19 20:00:00,1.34252,1.3458700000000001,1.34246,1.34538,1916.0
2025-06-19 21:00:00,1.34538,1.34606,1.34522,1.34583,1635.0
2025-06-19 22:00:00,1.34583,1.347,1.34571,1.34688,1836.0
2025-06-19 23:00:00,1.34688,1.347,1.34641,1.34676,1077.0
2025-06-20 00:00:00,1.34584,1.3465799999999999,1.34512,1.34593,903.0
2025-06-20 01:00:00,1.34593,1.34722,1.34593,1.34673,1727.0
2025-06-20 02:00:00,1.34673,1.3479700000000001,1.34662,1.34764,1582.0
2025-06-20 03:00:00,1.34763,1.34903,1.34761,1.34881,3085.0
2025-06-20 04:00:00,1.34881,1.349,1.34789,1.3479,3308.0
2025-06-20 05:00:00,1.3479,1.3489499999999999,1.3477000000000001,1.34866,2596.0
2025-06-20 06:00:00,1.34866,1.34994,1.34852,1.34973,2736.0
2025-06-20 07:00:00,1.34973,1.35001,1.34938,1.34954,1876.0
2025-06-20 08:00:00,1.34954,1.35009,1.34912,1.34965,2209.0
2025-06-20 09:00:00,1.34972,1.34972,1.34662,1.34671,4030.0
2025-06-20 10:00:00,1.3467,1.34814,1.3462399999999999,1.34761,3741.0
2025-06-20 11:00:00,1.34762,1.34974,1.3470900000000001,1.34912,3962.0
2025-06-20 12:00:00,1.34912,1.34961,1.34873,1.34942,3441.0
2025-06-20 13:00:00,1.34942,1.3498,1.34881,1.34957,2459.0
2025-06-20 14:00:00,1.34957,1.35002,1.3486099999999999,1.34975,3301.0
2025-06-20 15:00:00,1.34975,1.35111,1.34854,1.35016,4568.0
2025-06-20 16:00:00,1.3501699999999999,1.3506,1.34854,1.34876,4537.0
2025-06-20 17:00:00,1.34876,1.34909,1.34536,1.3464800000000001,5026.0
2025-06-20 18:00:00,1.34647,1.34809,1.34585,1.34647,4535.0
2025-06-20 19:00:00,1.34646,1.34801,1.3463,1.34707,3808.0
2025-06-20 20:00:00,1.34707,1.34766,1.34641,1.34683,3515.0
2025-06-23 00:00:00,1.34005,1.3405,1.33947,1.33998,257.0
2025-06-23 01:00:00,1.33998,1.3432,1.33992,1.3428,3924.0
2025-06-23 02:00:00,1.3428,1.34418,1.34241,1.34348,3163.0
2025-06-23 03:00:00,1.34348,1.34385,1.34116,1.34219,3919.0
2025-06-23 04:00:00,1.34219,1.34253,1.34033,1.34222,3606.0
2025-06-23 05:00:00,1.34223,1.34383,1.34222,1.3425099999999999,3232.0
2025-06-23 06:00:00,1.3425099999999999,1.343,1.34158,1.34173,3159.0
2025-06-23 07:00:00,1.34173,1.34226,1.34055,1.34098,3236.0
2025-06-23 08:00:00,1.34098,1.34315,1.34097,1.3431199999999999,3774.0
2025-06-23 09:00:00,1.3431199999999999,1.34419,1.3426,1.34376,4397.0
2025-06-23 10:00:00,1.34375,1.34486,1.34332,1.34399,4999.0
2025-06-23 11:00:00,1.34399,1.3446500000000001,1.34138,1.34144,4268.0
2025-06-23 12:00:00,1.34144,1.34171,1.33704,1.33847,5588.0
2025-06-23 13:00:00,1.33847,1.33938,1.33752,1.33802,4611.0
2025-06-23 14:00:00,1.33802,1.33957,1.3372,1.33944,4015.0
2025-06-23 15:00:00,1.33944,1.33976,1.3374,1.3392,4174.0
2025-06-23 16:00:00,1.3392,1.34302,1.33872,1.34247,5112.0
2025-06-23 17:00:00,1.34247,1.34951,1.34247,1.34881,7407.0
2025-06-23 18:00:00,1.34882,1.35061,1.3487,1.3489499999999999,5166.0
2025-06-23 19:00:00,1.3489499999999999,1.35062,1.34703,1.3492199999999999,5430.0
2025-06-23 20:00:00,1.34923,1.35229,1.349,1.3520699999999999,5065.0
2025-06-23 21:00:00,1.3520699999999999,1.35309,1.35165,1.35205,4074.0
2025-06-23 22:00:00,1.35205,1.35289,1.3519700000000001,1.35272,2786.0
2025-06-23 23:00:00,1.35272,1.35301,1.35224,1.3523800000000001,1642.0
2025-06-24 00:00:00,1.35219,1.3525,1.35128,1.35178,950.0
2025-06-24 01:00:00,1.35178,1.35473,1.35175,1.35385,2568.0
2025-06-24 02:00:00,1.35385,1.35551,1.3531,1.35455,3110.0
2025-06-24 03:00:00,1.35455,1.35534,1.35379,1.35486,4163.0
2025-06-24 04:00:00,1.35486,1.3556599999999999,1.3538999999999999,1.35405,3719.0
2025-06-24 05:00:00,1.35405,1.35558,1.3535300000000001,1.35544,3236.0
2025-06-24 06:00:00,1.35544,1.3566500000000001,1.35544,1.35638,2253.0
2025-06-24 07:00:00,1.35637,1.3572899999999999,1.35582,1.35652,2205.0
2025-06-24 08:00:00,1.35652,1.3571,1.35596,1.35693,2822.0
2025-06-24 09:00:00,1.35693,1.35946,1.3566099999999999,1.3581699999999999,5349.0
2025-06-24 10:00:00,1.35819,1.3587500000000001,1.3561,1.35799,5779.0
2025-06-24 11:00:00,1.35795,1.36035,1.35785,1.3600400000000001,4712.0
2025-06-24 12:00:00,1.3600400000000001,1.36177,1.36002,1.36094,3942.0
2025-06-24 13:00:00,1.36094,1.36135,1.36044,1.36083,2945.0
2025-06-24 14:00:00,1.36083,1.36264,1.36081,1.36134,3143.0
2025-06-24 15:00:00,1.36133,1.3614600000000001,1.35945,1.3601,3420.0
2025-06-24 16:00:00,1.3601,1.36064,1.3591,1.35994,4640.0
2025-06-24 17:00:00,1.35994,1.36483,1.35977,1.36221,6652.0
2025-06-24 18:00:00,1.36221,1.36343,1.36127,1.36142,4491.0
2025-06-24 19:00:00,1.36142,1.36269,1.36105,1.36253,3374.0
2025-06-24 20:00:00,1.36253,1.3639000000000001,1.36232,1.36354,2649.0
2025-06-24 21:00:00,1.36355,1.36378,1.3626,1.3631199999999999,2709.0
2025-06-24 22:00:00,1.3631199999999999,1.36328,1.36189,1.36199,2065.0
2025-06-24 23:00:00,1.36199,1.36242,1.36125,1.3614600000000001,1417.0
2025-06-25 00:00:00,1.36113,1.3623,1.36082,1.36106,426.0
2025-06-25 01:00:00,1.36106,1.36152,1.36096,1.36137,1008.0
2025-06-25 02:00:00,1.36137,1.36189,1.36133,1.3615,1193.0
2025-06-25 03:00:00,1.3615,1.36193,1.36136,1.36173,2826.0
2025-06-25 04:00:00,1.36173,1.36292,1.36145,1.36284,3077.0
2025-06-25 05:00:00,1.36284,1.36286,1.36189,1.36192,2719.0
2025-06-25 06:00:00,1.36192,1.3621400000000001,1.36118,1.3612199999999999,2401.0
2025-06-25 07:00:00,1.3612199999999999,1.36165,1.36113,1.36163,1969.0
2025-06-25 08:00:00,1.36163,1.3624800000000001,1.36145,1.36232,2107.0
2025-06-25 09:00:00,1.36232,1.3630499999999999,1.36161,1.36256,3302.0
2025-06-25 10:00:00,1.36256,1.3633600000000001,1.36064,1.36142,4197.0
2025-06-25 11:00:00,1.36143,1.36245,1.36101,1.36215,3572.0
2025-06-25 12:00:00,1.36216,1.36221,1.36032,1.36128,3759.0
2025-06-25 13:00:00,1.36128,1.36139,1.36019,1.36053,2897.0
2025-06-25 14:00:00,1.36054,1.36175,1.36036,1.36069,3099.0
2025-06-25 15:00:00,1.36069,1.36071,1.35907,1.35968,3173.0
2025-06-25 16:00:00,1.35968,1.36174,1.35941,1.3609,3533.0
2025-06-25 17:00:00,1.36089,1.36273,1.36077,1.36246,4508.0
2025-06-25 18:00:00,1.36246,1.36269,1.36173,1.3624800000000001,3332.0
2025-06-25 19:00:00,1.3624800000000001,1.36435,1.36247,1.36405,3156.0
2025-06-25 20:00:00,1.36405,1.36506,1.36365,1.36499,3024.0
2025-06-25 21:00:00,1.36499,1.36629,1.36467,1.36628,2697.0
2025-06-25 22:00:00,1.36628,1.36714,1.36619,1.36653,2560.0
2025-06-25 23:00:00,1.36653,1.36684,1.3660700000000001,1.36636,1577.0
2025-06-26 00:00:00,1.3661699999999999,1.3661699999999999,1.36482,1.36538,651.0
2025-06-26 01:00:00,1.36539,1.36667,1.36533,1.36665,1063.0
2025-06-26 02:00:00,1.36665,1.36916,1.36664,1.36897,2596.0
2025-06-26 03:00:00,1.36896,1.36954,1.36873,1.36896,2563.0
2025-06-26 04:00:00,1.36896,1.36948,1.36771,1.36921,2973.0
2025-06-26 05:00:00,1.36921,1.37084,1.36894,1.37064,2722.0
2025-06-26 06:00:00,1.37064,1.3725,1.37057,1.37111,3475.0
2025-06-26 07:00:00,1.37111,1.37113,1.36985,1.37009,2492.0
2025-06-26 08:00:00,1.37009,1.37116,1.36966,1.37093,2725.0
2025-06-26 09:00:00,1.37093,1.3719299999999999,1.36984,1.3719000000000001,4753.0
2025-06-26 10:00:00,1.37191,1.37406,1.37186,1.37369,5059.0
2025-06-26 11:00:00,1.37369,1.37648,1.37337,1.37497,5163.0
2025-06-26 12:00:00,1.37497,1.3753600000000001,1.37344,1.3744100000000001,4407.0
2025-06-26 13:00:00,1.3744100000000001,1.37509,1.3728500000000001,1.37286,3270.0
2025-06-26 14:00:00,1.37286,1.37297,1.36997,1.37076,4033.0
2025-06-26 15:00:00,1.37076,1.3728500000000001,1.36997,1.37184,5180.0
2025-06-26 16:00:00,1.37184,1.37418,1.3707,1.37408,5648.0
2025-06-26 17:00:00,1.3740700000000001,1.3753600000000001,1.3727800000000001,1.37325,6535.0
2025-06-26 18:00:00,1.37326,1.37528,1.37248,1.3752,4301.0
2025-06-26 19:00:00,1.3752,1.37708,1.37381,1.37549,3744.0
2025-06-26 20:00:00,1.37549,1.37632,1.37538,1.37577,3223.0
2025-06-26 21:00:00,1.37577,1.37602,1.37474,1.37484,2654.0
2025-06-26 22:00:00,1.37484,1.37485,1.37284,1.37326,2294.0
2025-06-26 23:00:00,1.37326,1.37361,1.3722699999999999,1.37274,1479.0
2025-06-27 00:00:00,1.37248,1.37283,1.37196,1.37247,994.0
2025-06-27 01:00:00,1.37247,1.37282,1.37165,1.37199,2001.0
2025-06-27 02:00:00,1.37199,1.37304,1.37199,1.3725100000000001,1335.0
2025-06-27 03:00:00,1.37252,1.37357,1.37246,1.37306,2796.0
2025-06-27 04:00:00,1.37305,1.37406,1.37241,1.3737599999999999,3169.0
2025-06-27 05:00:00,1.3737599999999999,1.37449,1.37344,1.37433,2350.0
2025-06-27 06:00:00,1.37432,1.375,1.37355,1.37364,2832.0
2025-06-27 07:00:00,1.37364,1.37378,1.3722699999999999,1.37229,2214.0
2025-06-27 08:00:00,1.37229,1.37308,1.37202,1.37262,2916.0
2025-06-27 09:00:00,1.37262,1.37478,1.37221,1.37476,3825.0
2025-06-27 10:00:00,1.37476,1.3749799999999999,1.3734199999999999,1.37398,4112.0
2025-06-27 11:00:00,1.37398,1.37504,1.37325,1.3743400000000001,3501.0
2025-06-27 12:00:00,1.37436,1.3746,1.37343,1.37401,3254.0
2025-06-27 13:00:00,1.3740299999999999,1.37472,1.3721,1.37241,3376.0
2025-06-27 14:00:00,1.37241,1.37388,1.37239,1.37377,2925.0
2025-06-27 15:00:00,1.37377,1.37526,1.37199,1.37406,5375.0
2025-06-27 16:00:00,1.37406,1.3747,1.37147,1.3721,5060.0
2025-06-27 17:00:00,1.3721,1.3728799999999999,1.37036,1.37151,4809.0
2025-06-27 18:00:00,1.37153,1.37282,1.37072,1.37178,3902.0
2025-06-27 19:00:00,1.37178,1.37247,1.37032,1.37074,3441.0
2025-06-27 20:00:00,1.37074,1.37123,1.36849,1.36924,3937.0
2025-06-30 00:00:00,1.36938,1.37146,1.36938,1.3712,676.0
2025-06-30 01:00:00,1.3712,1.37271,1.37119,1.3725,2471.0
2025-06-30 02:00:00,1.3725,1.37284,1.37179,1.37186,1805.0
2025-06-30 03:00:00,1.37186,1.37221,1.37077,1.3714,3201.0
2025-06-30 04:00:00,1.3714,1.37297,1.37114,1.37201,3149.0
2025-06-30 05:00:00,1.3719999999999999,1.37268,1.3716599999999999,1.37176,3295.0
2025-06-30 06:00:00,1.37176,1.37215,1.37113,1.37128,1898.0
2025-06-30 07:00:00,1.37128,1.37307,1.37117,1.37295,1967.0
2025-06-30 08:00:00,1.37295,1.37406,1.37268,1.37284,2639.0
2025-06-30 09:00:00,1.3728099999999999,1.37381,1.37222,1.37347,3828.0
2025-06-30 10:00:00,1.37347,1.37347,1.3702,1.37027,4527.0
2025-06-30 11:00:00,1.37027,1.37049,1.36931,1.36995,4136.0
2025-06-30 12:00:00,1.36995,1.37036,1.36916,1.36943,3528.0
2025-06-30 13:00:00,1.36943,1.37022,1.36904,1.3700999999999999,2592.0
2025-06-30 14:00:00,1.37011,1.37118,1.36966,1.37056,2590.0
2025-06-30 15:00:00,1.37055,1.3707,1.3685,1.36935,3343.0
2025-06-30 16:00:00,1.36935,1.36947,1.3677000000000001,1.3685399999999999,3996.0
2025-06-30 17:00:00,1.3685800000000001,1.37151,1.36742,1.37036,5876.0
2025-06-30 18:00:00,1.37036,1.3723,1.36964,1.37199,5063.0
2025-06-30 19:00:00,1.37199,1.37229,1.36985,1.37141,3526.0
2025-06-30 20:00:00,1.37141,1.37175,1.37036,1.37089,2945.0
2025-06-30 21:00:00,1.37089,1.37209,1.37076,1.37179,2729.0
2025-06-30 22:00:00,1.37179,1.3727800000000001,1.37158,1.37259,2147.0
2025-06-30 23:00:00,1.3725800000000001,1.37356,1.37239,1.37341,1559.0
2025-07-01 00:00:00,1.3729,1.37326,1.3716300000000001,1.3727800000000001,903.0
2025-07-01 01:00:00,1.3727800000000001,1.37372,1.37271,1.3731900000000001,1129.0
2025-07-01 02:00:00,1.3731900000000001,1.37336,1.37295,1.37311,1141.0
2025-07-01 03:00:00,1.37311,1.37415,1.37311,1.37409,2485.0
2025-07-01 04:00:00,1.37409,1.37487,1.3725399999999999,1.37269,3147.0
2025-07-01 05:00:00,1.37269,1.37382,1.37241,1.37369,2286.0
2025-07-01 06:00:00,1.37369,1.3746399999999999,1.37361,1.37378,2183.0
2025-07-01 07:00:00,1.37378,1.37474,1.37364,1.3740999999999999,2628.0
2025-07-01 08:00:00,1.3740999999999999,1.37486,1.37389,1.3747099999999999,2212.0
2025-07-01 09:00:00,1.3747099999999999,1.3750499999999999,1.3737,1.37392,3595.0
2025-07-01 10:00:00,1.37392,1.37684,1.37321,1.37674,4301.0
2025-07-01 11:00:00,1.37674,1.3783699999999999,1.3757,1.3774,4674.0
2025-07-01 12:00:00,1.3773900000000001,1.37817,1.37582,1.37755,4986.0
2025-07-01 13:00:00,1.37755,1.37887,1.3774899999999999,1.37753,3552.0
2025-07-01 14:00:00,1.37756,1.37787,1.3754,1.37541,3554.0
2025-07-01 15:00:00,1.37542,1.37602,1.3740700000000001,1.37415,3829.0
2025-07-01 16:00:00,1.37414,1.3743699999999999,1.37287,1.37304,4103.0
2025-07-01 17:00:00,1.3725100000000001,1.3735,1.3708,1.3718,6479.0
2025-07-01 18:00:00,1.3718,1.37245,1.37036,1.37243,4551.0
2025-07-01 19:00:00,1.37243,1.3725800000000001,1.37118,1.37245,3864.0
2025-07-01 20:00:00,1.37245,1.37388,1.37213,1.37368,2759.0
2025-07-01 21:00:00,1.37368,1.37377,1.37313,1.37375,2100.0
2025-07-01 22:00:00,1.37375,1.37426,1.37344,1.374,2493.0
2025-07-01 23:00:00,1.37401,1.3750499999999999,1.37394,1.3746,1567.0
2025-07-02 00:00:00,1.37417,1.37458,1.37369,1.37435,432.0
2025-07-02 01:00:00,1.37435,1.3747,1.37413,1.37433,1135.0
2025-07-02 02:00:00,1.37433,1.37474,1.37414,1.37458,965.0
2025-07-02 03:00:00,1.37458,1.37493,1.3742,1.37482,2149.0
2025-07-02 04:00:00,1.37482,1.37526,1.37365,1.37381,2736.0
2025-07-02 05:00:00,1.37381,1.37486,1.3732199999999999,1.37463,2474.0
2025-07-02 06:00:00,1.37463,1.37514,1.37401,1.37459,2008.0
2025-07-02 07:00:00,1.37459,1.3746399999999999,1.37435,1.37442,1475.0
2025-07-02 08:00:00,1.3744,1.37458,1.37321,1.37366,2247.0
2025-07-02 09:00:00,1.37366,1.37406,1.37191,1.37283,3039.0
2025-07-02 10:00:00,1.37283,1.37283,1.37057,1.37059,4135.0
2025-07-02 11:00:00,1.37059,1.37106,1.36943,1.36981,3491.0
2025-07-02 12:00:00,1.36979,1.3700700000000001,1.36881,1.36905,3492.0
2025-07-02 13:00:00,1.36905,1.37088,1.36898,1.3703400000000001,2537.0
2025-07-02 14:00:00,1.3703400000000001,1.3713,1.3655,1.36625,4016.0
2025-07-02 15:00:00,1.36625,1.36676,1.35888,1.36079,8510.0
2025-07-02 16:00:00,1.36079,1.36231,1.358,1.35864,6325.0
2025-07-02 17:00:00,1.35864,1.36029,1.35629,1.35935,5221.0
2025-07-02 18:00:00,1.3593600000000001,1.36232,1.35879,1.36209,3907.0
2025-07-02 19:00:00,1.36209,1.36322,1.36137,1.36311,3381.0
2025-07-02 20:00:00,1.3631,1.36445,1.36304,1.36331,2921.0
2025-07-02 21:00:00,1.36331,1.36411,1.36299,1.36362,2333.0
2025-07-02 22:00:00,1.36362,1.36382,1.36273,1.36354,2095.0
2025-07-02 23:00:00,1.36354,1.36354,1.36269,1.36334,1219.0
2025-07-03 00:00:00,1.36315,1.36657,1.36315,1.3648799999999999,2091.0
2025-07-03 01:00:00,1.3648799999999999,1.36565,1.36455,1.36547,1055.0
2025-07-03 02:00:00,1.36547,1.36548,1.36481,1.3649200000000001,1159.0
2025-07-03 03:00:00,1.3649200000000001,1.36538,1.36441,1.36473,2533.0
2025-07-03 04:00:00,1.36473,1.36538,1.36433,1.3649,2406.0
2025-07-03 05:00:00,1.3649,1.3649,1.36285,1.36344,2390.0
2025-07-03 06:00:00,1.36344,1.36381,1.36249,1.3627799999999999,1847.0
2025-07-03 07:00:00,1.3627799999999999,1.36298,1.36235,1.36295,1628.0
2025-07-03 08:00:00,1.36295,1.36419,1.3625099999999999,1.36395,2033.0
2025-07-03 09:00:00,1.36394,1.3651,1.3637299999999999,1.36504,2985.0
2025-07-03 10:00:00,1.36504,1.36752,1.365,1.3654899999999999,3641.0
2025-07-03 11:00:00,1.3655,1.36757,1.3654899999999999,1.36643,3230.0
2025-07-03 12:00:00,1.36643,1.36673,1.36511,1.3654899999999999,3352.0
2025-07-03 13:00:00,1.3654899999999999,1.36682,1.3646099999999999,1.3660999999999999,2834.0
2025-07-03 14:00:00,1.36605,1.36634,1.36545,1.36573,2707.0
2025-07-03 15:00:00,1.36573,1.36592,1.35858,1.36151,7140.0
2025-07-03 16:00:00,1.36151,1.36627,1.36116,1.36579,6816.0
2025-07-03 17:00:00,1.36577,1.36743,1.36328,1.36466,6263.0
2025-07-03 18:00:00,1.36465,1.36613,1.36401,1.3653,4309.0
2025-07-03 19:00:00,1.3653,1.36547,1.36359,1.36504,3014.0
2025-07-03 20:00:00,1.36504,1.36517,1.3643,1.36469,1491.0
2025-07-03 21:00:00,1.36469,1.36496,1.36407,1.36411,1246.0
2025-07-03 22:00:00,1.36411,1.36469,1.3639299999999999,1.36466,1033.0
2025-07-03 23:00:00,1.36466,1.3654,1.36437,1.36539,1112.0
2025-07-04 00:00:00,1.36538,1.36554,1.3643,1.36508,834.0
2025-07-04 01:00:00,1.36508,1.36538,1.3648,1.36537,1000.0
2025-07-04 02:00:00,1.36537,1.36685,1.3653,1.36659,1164.0
2025-07-04 03:00:00,1.36659,1.3667799999999999,1.36584,1.36631,2626.0
2025-07-04 04:00:00,1.36631,1.36656,1.3645100000000001,1.3648500000000001,2617.0
2025-07-04 05:00:00,1.3648500000000001,1.36564,1.3645800000000001,1.36533,2315.0
2025-07-04 06:00:00,1.36533,1.36621,1.3652,1.36579,2106.0
2025-07-04 07:00:00,1.36579,1.36746,1.36572,1.36738,1889.0
2025-07-04 08:00:00,1.36738,1.36813,1.36738,1.36761,2276.0
2025-07-04 09:00:00,1.36761,1.36815,1.36662,1.36761,2756.0
2025-07-04 10:00:00,1.36761,1.36783,1.36567,1.36582,3693.0
2025-07-04 11:00:00,1.3658299999999999,1.36672,1.36568,1.36643,3073.0
2025-07-04 12:00:00,1.36642,1.36647,1.3652,1.36571,3065.0
2025-07-04 13:00:00,1.36571,1.3660999999999999,1.36467,1.36481,3241.0
2025-07-04 14:00:00,1.36481,1.36559,1.36418,1.36478,2388.0
2025-07-04 15:00:00,1.36478,1.3648500000000001,1.36351,1.36354,2357.0
2025-07-04 16:00:00,1.36354,1.36523,1.36353,1.3649499999999999,2511.0
2025-07-04 17:00:00,1.3649499999999999,1.36536,1.36377,1.3642699999999999,2938.0
2025-07-04 18:00:00,1.36426,1.36473,1.3639700000000001,1.36444,2171.0
2025-07-04 19:00:00,1.36444,1.3651499999999999,1.36419,1.36471,1623.0
2025-07-04 20:00:00,1.36471,1.36521,1.36471,1.36489,3850.0
2025-07-07 00:00:00,1.3644,1.36532,1.3644,1.36462,789.0
2025-07-07 01:00:00,1.36462,1.36554,1.36462,1.36532,900.0
2025-07-07 02:00:00,1.36532,1.36545,1.36466,1.36509,1277.0
2025-07-07 03:00:00,1.36509,1.36578,1.3645,1.36472,3060.0
2025-07-07 04:00:00,1.36472,1.36472,1.3632,1.36338,3328.0
2025-07-07 05:00:00,1.36338,1.36379,1.36256,1.36284,2906.0
2025-07-07 06:00:00,1.36284,1.36334,1.36259,1.3627799999999999,2573.0
2025-07-07 07:00:00,1.3627799999999999,1.36299,1.36158,1.36173,2520.0
2025-07-07 08:00:00,1.36173,1.36254,1.36106,1.3623,3007.0
2025-07-07 09:00:00,1.3623,1.36264,1.36029,1.3612600000000001,3514.0
2025-07-07 10:00:00,1.3612600000000001,1.3624,1.36029,1.36045,4037.0
2025-07-07 11:00:00,1.36045,1.36063,1.35793,1.35806,3908.0
2025-07-07 12:00:00,1.35806,1.3611900000000001,1.3575300000000001,1.36091,3452.0
2025-07-07 13:00:00,1.36091,1.3609200000000001,1.35948,1.3602400000000001,2722.0
2025-07-07 14:00:00,1.3602400000000001,1.36213,1.3599700000000001,1.3615599999999999,2714.0
2025-07-07 15:00:00,1.3615599999999999,1.36211,1.36115,1.36174,3017.0
2025-07-07 16:00:00,1.36174,1.3633,1.36137,1.36276,3664.0
2025-07-07 17:00:00,1.36276,1.36479,1.36273,1.36362,3290.0
2025-07-07 18:00:00,1.3636,1.36438,1.36288,1.3636,3532.0
2025-07-07 19:00:00,1.36365,1.36407,1.35942,1.35952,4828.0
2025-07-07 20:00:00,1.35952,1.36117,1.35893,1.36052,4227.0
2025-07-07 21:00:00,1.36052,1.36148,1.3591,1.36117,3453.0
2025-07-07 22:00:00,1.36117,1.36167,1.36073,1.36099,2323.0
2025-07-07 23:00:00,1.36099,1.361,1.35977,1.36007,1522.0
2025-07-08 00:00:00,1.35988,1.36162,1.3594300000000001,1.36022,627.0
2025-07-08 01:00:00,1.36022,1.36193,1.36018,1.36181,1462.0
2025-07-08 02:00:00,1.36181,1.3624800000000001,1.36151,1.36237,1456.0
2025-07-08 03:00:00,1.36237,1.36369,1.36237,1.36289,3181.0
2025-07-08 04:00:00,1.36289,1.36335,1.36178,1.36254,3471.0
2025-07-08 05:00:00,1.36254,1.3639000000000001,1.36231,1.3631199999999999,2382.0
2025-07-08 06:00:00,1.36313,1.3639299999999999,1.36283,1.36334,1881.0
2025-07-08 07:00:00,1.36333,1.36428,1.36298,1.36317,2854.0
2025-07-08 08:00:00,1.36316,1.36346,1.36236,1.36286,3146.0
2025-07-08 09:00:00,1.36286,1.3633,1.36242,1.36274,3275.0
2025-07-08 10:00:00,1.36274,1.36464,1.36274,1.3641,3645.0
2025-07-08 11:00:00,1.3641,1.3641,1.36097,1.36123,3249.0
2025-07-08 12:00:00,1.36123,1.36147,1.35925,1.35951,2640.0
2025-07-08 13:00:00,1.35951,1.35956,1.35761,1.35773,2908.0
2025-07-08 14:00:00,1.35773,1.35856,1.35731,1.35737,2746.0
2025-07-08 15:00:00,1.35737,1.3584800000000001,1.35632,1.35782,3597.0
2025-07-08 16:00:00,1.35781,1.35792,1.35403,1.35525,4620.0
2025-07-08 17:00:00,1.35525,1.35619,1.35257,1.3544800000000001,5491.0
2025-07-08 18:00:00,1.3544800000000001,1.35794,1.354,1.35725,4296.0
2025-07-08 19:00:00,1.35725,1.3582,1.35635,1.3578700000000001,4113.0
2025-07-08 20:00:00,1.35786,1.3593600000000001,1.35773,1.3592,4236.0
2025-07-08 21:00:00,1.3592,1.3597000000000001,1.35856,1.35937,2908.0
2025-07-08 22:00:00,1.3593600000000001,1.35974,1.3585,1.35895,2486.0
2025-07-08 23:00:00,1.35892,1.35957,1.35877,1.35922,1503.0
2025-07-09 00:00:00,1.3588,1.35965,1.35608,1.35818,661.0
2025-07-09 01:00:00,1.35818,1.35948,1.35802,1.35931,1068.0
2025-07-09 02:00:00,1.35931,1.3593600000000001,1.3584,1.35849,998.0
2025-07-09 03:00:00,1.35849,1.35877,1.35762,1.35863,2652.0
2025-07-09 04:00:00,1.35863,1.35907,1.3577,1.35864,2515.0
2025-07-09 05:00:00,1.35864,1.3593,1.35648,1.35743,3210.0
2025-07-09 06:00:00,1.35743,1.35743,1.35645,1.3569,2388.0
2025-07-09 07:00:00,1.3569,1.35866,1.3566500000000001,1.35857,2131.0
2025-07-09 08:00:00,1.35857,1.35968,1.35842,1.35872,2516.0
2025-07-09 09:00:00,1.35872,1.3606500000000001,1.3581699999999999,1.3603,3198.0
2025-07-09 10:00:00,1.3603,1.36052,1.35791,1.35858,3961.0
2025-07-09 11:00:00,1.35858,1.36052,1.35823,1.36012,3398.0
2025-07-09 12:00:00,1.36011,1.36084,1.35924,1.3597000000000001,3382.0
2025-07-09 13:00:00,1.3597000000000001,1.36036,1.3582,1.35831,3019.0
2025-07-09 14:00:00,1.35831,1.35883,1.3574,1.35773,2503.0
2025-07-09 15:00:00,1.35773,1.3613,1.35766,1.36082,3936.0
2025-07-09 16:00:00,1.36082,1.36198,1.35846,1.3586,4508.0
2025-07-09 17:00:00,1.3586,1.36165,1.35826,1.35882,4384.0
2025-07-09 18:00:00,1.35882,1.35944,1.3580999999999999,1.35833,2928.0
2025-07-09 19:00:00,1.35833,1.35879,1.3578999999999999,1.3584100000000001,2381.0
2025-07-09 20:00:00,1.3584100000000001,1.35918,1.35808,1.35894,2550.0
2025-07-09 21:00:00,1.35892,1.35992,1.35833,1.35879,2834.0
2025-07-09 22:00:00,1.35879,1.36008,1.3587,1.35951,1654.0
2025-07-09 23:00:00,1.35951,1.35956,1.35839,1.35856,1455.0
2025-07-10 00:00:00,1.35842,1.35864,1.3575599999999999,1.35864,767.0
2025-07-10 01:00:00,1.35864,1.35925,1.35856,1.35897,1012.0
2025-07-10 02:00:00,1.35897,1.35987,1.35879,1.3598,1205.0
2025-07-10 03:00:00,1.3598,1.36134,1.35951,1.36096,3120.0
2025-07-10 04:00:00,1.36096,1.3612,1.3603,1.36069,2346.0
2025-07-10 05:00:00,1.36069,1.3612199999999999,1.36048,1.3607,2095.0
2025-07-10 06:00:00,1.3607,1.36093,1.3604,1.36044,2012.0
2025-07-10 07:00:00,1.36044,1.3605800000000001,1.35998,1.36052,1658.0
2025-07-10 08:00:00,1.36052,1.36105,1.3604,1.36091,1785.0
2025-07-10 09:00:00,1.3609200000000001,1.36177,1.3605800000000001,1.36111,2714.0
2025-07-10 10:00:00,1.36111,1.36196,1.36023,1.3612,2988.0
2025-07-10 11:00:00,1.3612,1.36154,1.36045,1.3606099999999999,1886.0
2025-07-10 12:00:00,1.3606099999999999,1.36164,1.3605800000000001,1.3609499999999999,1497.0
2025-07-10 13:00:00,1.3609499999999999,1.3613,1.35977,1.35993,1837.0
2025-07-10 14:00:00,1.35993,1.35995,1.35721,1.35807,2706.0
2025-07-10 15:00:00,1.35807,1.35865,1.35571,1.35603,3919.0
2025-07-10 16:00:00,1.35603,1.35706,1.35446,1.35528,4215.0
2025-07-10 17:00:00,1.35528,1.35574,1.35331,1.35552,5655.0
2025-07-10 18:00:00,1.35552,1.35714,1.35538,1.35673,3833.0
2025-07-10 19:00:00,1.35672,1.35728,1.35601,1.35641,2913.0
2025-07-10 20:00:00,1.35641,1.3575599999999999,1.3561,1.35716,2466.0
2025-07-10 21:00:00,1.35716,1.3575599999999999,1.35694,1.35745,2272.0
2025-07-10 22:00:00,1.35745,1.35828,1.35732,1.35759,1882.0
2025-07-10 23:00:00,1.35759,1.35834,1.35742,1.35795,1515.0
2025-07-11 00:00:00,1.3576,1.35799,1.35686,1.35717,1172.0
2025-07-11 01:00:00,1.35717,1.35854,1.35717,1.35845,1309.0
2025-07-11 02:00:00,1.35845,1.35855,1.35771,1.35801,1165.0
2025-07-11 03:00:00,1.35801,1.3581699999999999,1.3545,1.3555,5121.0
2025-07-11 04:00:00,1.3555,1.3569499999999999,1.35492,1.35588,3804.0
2025-07-11 05:00:00,1.35588,1.35615,1.3553600000000001,1.35542,2849.0
2025-07-11 06:00:00,1.35542,1.35667,1.35533,1.35652,2340.0
2025-07-11 07:00:00,1.35652,1.35657,1.35489,1.3556300000000001,2102.0
2025-07-11 08:00:00,1.3556300000000001,1.35647,1.3554599999999999,1.35621,2319.0
2025-07-11 09:00:00,1.35622,1.35622,1.35324,1.35342,4094.0
2025-07-11 10:00:00,1.35342,1.35571,1.35342,1.35413,3769.0
2025-07-11 11:00:00,1.35413,1.35474,1.35286,1.35355,3120.0
2025-07-11 12:00:00,1.35355,1.35529,1.3534,1.35434,2673.0
2025-07-11 13:00:00,1.35434,1.35499,1.3529,1.3529499999999999,3481.0
2025-07-11 14:00:00,1.3529499999999999,1.35382,1.34979,1.3503,3953.0
2025-07-11 15:00:00,1.3503,1.35106,1.34962,1.35042,3767.0
2025-07-11 16:00:00,1.35042,1.35202,1.3491,1.34952,4654.0
2025-07-11 17:00:00,1.34951,1.3507799999999999,1.34813,1.3504800000000001,4955.0
2025-07-11 18:00:00,1.3504800000000001,1.35133,1.34981,1.35028,3552.0
2025-07-11 19:00:00,1.35028,1.3514599999999999,1.34959,1.35065,3611.0
2025-07-11 20:00:00,1.35065,1.3516,1.35057,1.35135,2690.0
2025-07-14 00:00:00,1.34811,1.34889,1.34794,1.34821,556.0
2025-07-14 01:00:00,1.34821,1.34968,1.34783,1.34845,2452.0
2025-07-14 02:00:00,1.34845,1.34959,1.34836,1.3495599999999999,1866.0
2025-07-14 03:00:00,1.3495599999999999,1.3504399999999999,1.3495300000000001,1.34989,3073.0
2025-07-14 04:00:00,1.34989,1.35025,1.34884,1.3489200000000001,3178.0
2025-07-14 05:00:00,1.3489200000000001,1.34938,1.3472,1.34741,2868.0
2025-07-14 06:00:00,1.34742,1.34856,1.3473600000000001,1.34821,2306.0
2025-07-14 07:00:00,1.34821,1.34821,1.34757,1.34759,2043.0
2025-07-14 08:00:00,1.34759,1.34788,1.3464800000000001,1.34654,2390.0
2025-07-14 09:00:00,1.34654,1.34661,1.34516,1.34567,2956.0
2025-07-14 10:00:00,1.34567,1.34884,1.3456000000000001,1.34835,4169.0
2025-07-14 11:00:00,1.34835,1.3489499999999999,1.34744,1.34759,3116.0
2025-07-14 12:00:00,1.34758,1.34882,1.34718,1.34845,2465.0
2025-07-14 13:00:00,1.34835,1.34937,1.34801,1.34886,2324.0
2025-07-14 14:00:00,1.34886,1.34915,1.34778,1.34828,2652.0
2025-07-14 15:00:00,1.34828,1.3492,1.34704,1.34778,3022.0
2025-07-14 16:00:00,1.34778,1.34847,1.34679,1.34824,3688.0
2025-07-14 17:00:00,1.34824,1.3483800000000001,1.34433,1.34477,4401.0
2025-07-14 18:00:00,1.34476,1.34593,1.34308,1.34334,4159.0
2025-07-14 19:00:00,1.34334,1.34428,1.34271,1.34354,3591.0
2025-07-14 20:00:00,1.34354,1.3441100000000001,1.34263,1.34332,2144.0
2025-07-14 21:00:00,1.34332,1.34352,1.34267,1.34288,2161.0
2025-07-14 22:00:00,1.34288,1.3434,1.34244,1.34266,1515.0
2025-07-14 23:00:00,1.34265,1.34308,1.34247,1.34267,963.0
2025-07-15 00:00:00,1.3426,1.34299,1.34216,1.3424800000000001,1302.0
2025-07-15 01:00:00,1.3424800000000001,1.34305,1.34241,1.34267,1688.0
2025-07-15 02:00:00,1.34267,1.34291,1.34215,1.3428,905.0
2025-07-15 03:00:00,1.3428,1.3440699999999999,1.34263,1.34355,2109.0
2025-07-15 04:00:00,1.34355,1.34397,1.3427,1.34335,2421.0
2025-07-15 05:00:00,1.34335,1.34358,1.34272,1.34332,2537.0
2025-07-15 06:00:00,1.34332,1.3435000000000001,1.34288,1.34296,1471.0
2025-07-15 07:00:00,1.34296,1.34337,1.34284,1.3431600000000001,1602.0
2025-07-15 08:00:00,1.3431600000000001,1.34425,1.34314,1.34396,1819.0
2025-07-15 09:00:00,1.34396,1.34439,1.34306,1.34351,2485.0
2025-07-15 10:00:00,1.3435000000000001,1.34537,1.3427799999999999,1.34536,3420.0
2025-07-15 11:00:00,1.34536,1.34536,1.3441100000000001,1.34466,2829.0
2025-07-15 12:00:00,1.3446500000000001,1.34581,1.34456,1.34546,2545.0
2025-07-15 13:00:00,1.34546,1.3459400000000001,1.34482,1.34561,2551.0
2025-07-15 14:00:00,1.34561,1.34565,1.34426,1.3443399999999999,2770.0
2025-07-15 15:00:00,1.3443399999999999,1.34673,1.34318,1.3448,5183.0
2025-07-15 16:00:00,1.34481,1.34507,1.33998,1.34047,6378.0
2025-07-15 17:00:00,1.34048,1.34096,1.33856,1.33958,6648.0
2025-07-15 18:00:00,1.33958,1.34005,1.33803,1.33958,4788.0
2025-07-15 19:00:00,1.33957,1.33994,1.33817,1.33871,3860.0
2025-07-15 20:00:00,1.33871,1.33884,1.33789,1.33852,2843.0
2025-07-15 21:00:00,1.33852,1.33934,1.3382100000000001,1.33896,2268.0
2025-07-15 22:00:00,1.33896,1.33917,1.33835,1.33864,1871.0
2025-07-15 23:00:00,1.33864,1.33875,1.33805,1.33843,1068.0
2025-07-16 00:00:00,1.33789,1.33832,1.33781,1.33798,454.0
2025-07-16 01:00:00,1.33798,1.3385799999999999,1.33793,1.33856,533.0
2025-07-16 02:00:00,1.33856,1.33934,1.33844,1.33931,908.0
2025-07-16 03:00:00,1.33931,1.3399,1.3385099999999999,1.33934,2635.0
2025-07-16 04:00:00,1.33934,1.3400400000000001,1.33913,1.33965,2791.0
2025-07-16 05:00:00,1.33965,1.33968,1.33839,1.33859,1863.0
2025-07-16 06:00:00,1.33859,1.3394599999999999,1.33825,1.3388499999999999,1919.0
2025-07-16 07:00:00,1.3388499999999999,1.33967,1.33869,1.33965,1938.0
2025-07-16 08:00:00,1.33965,1.33998,1.33906,1.33982,2161.0
2025-07-16 09:00:00,1.33969,1.34165,1.33923,1.34083,3833.0
2025-07-16 10:00:00,1.34083,1.34105,1.3389,1.33937,3838.0
2025-07-16 11:00:00,1.33937,1.34016,1.33893,1.33913,2841.0
2025-07-16 12:00:00,1.33914,1.33974,1.33838,1.33965,2876.0
2025-07-16 13:00:00,1.33965,1.34063,1.33905,1.34058,2974.0
2025-07-16 14:00:00,1.34058,1.34116,1.33966,1.34013,2724.0
2025-07-16 15:00:00,1.34012,1.34125,1.33833,1.33929,5030.0
2025-07-16 16:00:00,1.33929,1.33981,1.3365,1.33764,5185.0
2025-07-16 17:00:00,1.33764,1.3402,1.3366500000000001,1.33924,5157.0
2025-07-16 18:00:00,1.33924,1.34857,1.33923,1.34243,12650.0
2025-07-16 19:00:00,1.34242,1.3446799999999999,1.34118,1.3422,7721.0
2025-07-16 20:00:00,1.34218,1.34406,1.34195,1.34204,4293.0
2025-07-16 21:00:00,1.34204,1.34233,1.34058,1.34088,3023.0
2025-07-16 22:00:00,1.34088,1.34196,1.34049,1.34176,2517.0
2025-07-16 23:00:00,1.34176,1.34223,1.34147,1.34195,1738.0
2025-07-17 00:00:00,1.34173,1.34209,1.34125,1.3413300000000001,1921.0
2025-07-17 01:00:00,1.3413300000000001,1.34205,1.34131,1.34138,1126.0
2025-07-17 02:00:00,1.34138,1.3417,1.34089,1.34103,1161.0
2025-07-17 03:00:00,1.34103,1.34111,1.33956,1.33997,2617.0
2025-07-17 04:00:00,1.33997,1.34052,1.33923,1.3404099999999999,2956.0
2025-07-17 05:00:00,1.3404,1.3404099999999999,1.33867,1.3388,2359.0
2025-07-17 06:00:00,1.3388,1.33931,1.33842,1.33925,2381.0
2025-07-17 07:00:00,1.33926,1.33958,1.33883,1.33956,1626.0
2025-07-17 08:00:00,1.33956,1.34003,1.3391,1.33939,1963.0
2025-07-17 09:00:00,1.3391600000000001,1.34025,1.33741,1.33838,5079.0
2025-07-17 10:00:00,1.33838,1.33989,1.33804,1.33834,4240.0
2025-07-17 11:00:00,1.33834,1.34107,1.33806,1.34106,3356.0
2025-07-17 12:00:00,1.34107,1.34137,1.33928,1.33985,2777.0
2025-07-17 13:00:00,1.33985,1.34042,1.33917,1.34003,2657.0
2025-07-17 14:00:00,1.34002,1.3403100000000001,1.33864,1.33922,2768.0
2025-07-17 15:00:00,1.33921,1.34105,1.33803,1.3401100000000001,4719.0
2025-07-17 16:00:00,1.3401100000000001,1.34091,1.33929,1.33994,4902.0
2025-07-17 17:00:00,1.33994,1.3414,1.33949,1.34093,4427.0
2025-07-17 18:00:00,1.34093,1.34192,1.34064,1.34128,3379.0
2025-07-17 19:00:00,1.34128,1.34206,1.33969,1.34006,2959.0
2025-07-17 20:00:00,1.34006,1.34087,1.33992,1.3403800000000001,2160.0
2025-07-17 21:00:00,1.3403800000000001,1.34121,1.34021,1.34097,1923.0
2025-07-17 22:00:00,1.34097,1.34199,1.34093,1.34186,1833.0
2025-07-17 23:00:00,1.34186,1.342,1.3412600000000001,1.34176,1118.0
2025-07-18 00:00:00,1.34141,1.34176,1.34056,1.34158,912.0
2025-07-18 01:00:00,1.34158,1.3432,1.34148,1.34298,1591.0
2025-07-18 02:00:00,1.34298,1.34349,1.34294,1.3431199999999999,946.0
2025-07-18 03:00:00,1.3431199999999999,1.3437999999999999,1.3428,1.3431899999999999,2055.0
2025-07-18 04:00:00,1.3431899999999999,1.3440699999999999,1.34292,1.3434300000000001,2006.0
2025-07-18 05:00:00,1.3434300000000001,1.34394,1.3428499999999999,1.34375,1860.0
2025-07-18 06:00:00,1.34375,1.34385,1.34272,1.34295,1444.0
2025-07-18 07:00:00,1.34295,1.34296,1.34238,1.34239,1581.0
2025-07-18 08:00:00,1.34239,1.34239,1.34134,1.34162,1499.0
2025-07-18 09:00:00,1.34161,1.3433,1.34108,1.3431199999999999,2443.0
2025-07-18 10:00:00,1.34315,1.34396,1.34269,1.34304,3504.0
2025-07-18 11:00:00,1.34304,1.3443,1.34302,1.3437000000000001,3090.0
2025-07-18 12:00:00,1.3437000000000001,1.3443399999999999,1.3435000000000001,1.34408,2267.0
2025-07-18 13:00:00,1.34408,1.34538,1.3436,1.34518,2029.0
2025-07-18 14:00:00,1.34518,1.34576,1.34498,1.34571,2353.0
2025-07-18 15:00:00,1.34571,1.34726,1.34507,1.34579,3414.0
2025-07-18 16:00:00,1.34579,1.34752,1.34539,1.34642,4305.0
2025-07-18 17:00:00,1.34639,1.3470900000000001,1.34397,1.34421,4881.0
2025-07-18 18:00:00,1.34421,1.34481,1.34341,1.34376,3570.0
2025-07-18 19:00:00,1.34376,1.34387,1.3417,1.34189,3767.0
2025-07-18 20:00:00,1.34189,1.34216,1.34117,1.34191,2382.0
2025-07-21 00:00:00,1.3413599999999999,1.3425,1.34059,1.34124,1222.0
2025-07-21 01:00:00,1.34124,1.34202,1.34082,1.34127,2191.0
2025-07-21 02:00:00,1.34127,1.3418,1.34103,1.34151,1169.0
2025-07-21 03:00:00,1.34151,1.34205,1.34029,1.34039,2357.0
2025-07-21 04:00:00,1.34039,1.34157,1.34021,1.34124,2487.0
2025-07-21 05:00:00,1.34124,1.34154,1.34063,1.34121,2712.0
2025-07-21 06:00:00,1.34121,1.3418,1.34108,1.34161,1454.0
2025-07-21 07:00:00,1.34161,1.3419400000000001,1.34141,1.34184,1375.0
2025-07-21 08:00:00,1.34184,1.34252,1.34168,1.34234,1825.0
2025-07-21 09:00:00,1.34234,1.34439,1.34205,1.34432,3263.0
2025-07-21 10:00:00,1.34432,1.34476,1.34356,1.34451,3327.0
2025-07-21 11:00:00,1.34451,1.34661,1.34414,1.34522,2774.0
2025-07-21 12:00:00,1.34522,1.34591,1.34451,1.34574,2409.0
2025-07-21 13:00:00,1.34576,1.34599,1.34467,1.34582,2228.0
2025-07-21 14:00:00,1.34582,1.34798,1.34567,1.34783,3311.0
2025-07-21 15:00:00,1.34782,1.34837,1.3474,1.3479999999999999,2735.0
2025-07-21 16:00:00,1.3479999999999999,1.34801,1.34669,1.3469,3297.0
2025-07-21 17:00:00,1.3469,1.34969,1.34688,1.3492899999999999,4670.0
2025-07-21 18:00:00,1.3492899999999999,1.35107,1.34921,1.34958,3905.0
2025-07-21 19:00:00,1.34958,1.34999,1.349,1.34945,3004.0
2025-07-21 20:00:00,1.34945,1.3496000000000001,1.34839,1.34862,2262.0
2025-07-21 21:00:00,1.34862,1.34928,1.34839,1.34903,1941.0
2025-07-21 22:00:00,1.34903,1.34921,1.34837,1.3484,1576.0
2025-07-21 23:00:00,1.3484,1.3492600000000001,1.3483100000000001,1.34915,1223.0
2025-07-22 00:00:00,1.34881,1.34889,1.34842,1.3485800000000001,996.0
2025-07-22 01:00:00,1.3485800000000001,1.3492,1.34851,1.34893,823.0
2025-07-22 02:00:00,1.34893,1.34901,1.34856,1.3489499999999999,839.0
2025-07-22 03:00:00,1.3489499999999999,1.349,1.34792,1.34833,2416.0
2025-07-22 04:00:00,1.34833,1.3485,1.34767,1.34798,2137.0
2025-07-22 05:00:00,1.34798,1.34878,1.34793,1.34824,1882.0
2025-07-22 06:00:00,1.34824,1.34829,1.34778,1.34789,1537.0
2025-07-22 07:00:00,1.34789,1.34822,1.34741,1.34767,1535.0
2025-07-22 08:00:00,1.34767,1.34794,1.34698,1.3473600000000001,2201.0
2025-07-22 09:00:00,1.34735,1.34741,1.34664,1.34714,2842.0
2025-07-22 10:00:00,1.34714,1.34744,1.34615,1.34671,2844.0
2025-07-22 11:00:00,1.34671,1.34923,1.34647,1.3489900000000001,3355.0
2025-07-22 12:00:00,1.3489900000000001,1.3496000000000001,1.3486500000000001,1.3495599999999999,2683.0
2025-07-22 13:00:00,1.3495599999999999,1.34998,1.3476,1.34778,2099.0
2025-07-22 14:00:00,1.34778,1.34882,1.34752,1.34862,2671.0
2025-07-22 15:00:00,1.34862,1.34896,1.34756,1.34811,2947.0
2025-07-22 16:00:00,1.34811,1.34891,1.34764,1.3485,4883.0
2025-07-22 17:00:00,1.34849,1.3508499999999999,1.3471199999999999,1.3501400000000001,5588.0
2025-07-22 18:00:00,1.35015,1.35196,1.3496299999999999,1.35194,4256.0
2025-07-22 19:00:00,1.35194,1.35328,1.3517700000000001,1.3529900000000001,3522.0
2025-07-22 20:00:00,1.3529900000000001,1.35307,1.35203,1.35232,2721.0
2025-07-22 21:00:00,1.35232,1.35278,1.35191,1.35272,2270.0
2025-07-22 22:00:00,1.35272,1.3532600000000001,1.35248,1.35311,1925.0
2025-07-22 23:00:00,1.35311,1.35337,1.3526099999999999,1.35335,1324.0
2025-07-23 00:00:00,1.35284,1.35297,1.35178,1.3523,848.0
2025-07-23 01:00:00,1.3523,1.35281,1.35223,1.35257,1161.0
2025-07-23 02:00:00,1.3525800000000001,1.35347,1.35185,1.35211,2220.0
2025-07-23 03:00:00,1.35211,1.35276,1.35172,1.35269,3461.0
2025-07-23 04:00:00,1.35269,1.35285,1.35163,1.35227,3233.0
2025-07-23 05:00:00,1.35227,1.35297,1.35162,1.3519700000000001,3314.0
2025-07-23 06:00:00,1.3519700000000001,1.35352,1.3519,1.35277,2664.0
2025-07-23 07:00:00,1.35277,1.35314,1.35219,1.35276,2231.0
2025-07-23 08:00:00,1.35276,1.35309,1.35196,1.35227,2582.0
2025-07-23 09:00:00,1.35227,1.35334,1.35152,1.3532899999999999,3510.0
2025-07-23 10:00:00,1.3532899999999999,1.35488,1.35325,1.35434,3495.0
2025-07-23 11:00:00,1.35434,1.3548499999999999,1.35362,1.35418,3007.0
2025-07-23 12:00:00,1.35418,1.35488,1.35367,1.35457,2172.0
2025-07-23 13:00:00,1.35457,1.35465,1.35346,1.35349,2710.0
2025-07-23 14:00:00,1.35349,1.35437,1.3532899999999999,1.35399,3043.0
2025-07-23 15:00:00,1.35399,1.35457,1.3529900000000001,1.35455,2979.0
2025-07-23 16:00:00,1.35455,1.3547500000000001,1.35235,1.35449,4524.0
2025-07-23 17:00:00,1.3544800000000001,1.35635,1.35393,1.35602,4463.0
2025-07-23 18:00:00,1.35602,1.35759,1.35532,1.3566099999999999,4093.0
2025-07-23 19:00:00,1.3566099999999999,1.3571900000000001,1.3553899999999999,1.35617,5202.0
2025-07-23 20:00:00,1.35617,1.35738,1.35574,1.3568,3731.0
2025-07-23 21:00:00,1.3568,1.35809,1.35678,1.35784,2724.0
2025-07-23 22:00:00,1.35784,1.35839,1.35755,1.3581699999999999,2310.0
2025-07-23 23:00:00,1.3581699999999999,1.35839,1.35786,1.35797,1772.0
2025-07-24 00:00:00,1.358,1.3580999999999999,1.357,1.35806,337.0
2025-07-24 01:00:00,1.35806,1.3586,1.358,1.35831,1052.0
2025-07-24 02:00:00,1.35831,1.35873,1.35778,1.35786,984.0
2025-07-24 03:00:00,1.35786,1.35789,1.35711,1.35741,3479.0
2025-07-24 04:00:00,1.35741,1.35889,1.35737,1.35823,3322.0
2025-07-24 05:00:00,1.35824,1.35843,1.3574899999999999,1.35808,2873.0
2025-07-24 06:00:00,1.35808,1.35849,1.35769,1.35781,2487.0
2025-07-24 07:00:00,1.35781,1.35815,1.3575,1.35796,2146.0
2025-07-24 08:00:00,1.35796,1.35819,1.3575599999999999,1.3578000000000001,2445.0
2025-07-24 09:00:00,1.3578000000000001,1.3578000000000001,1.35619,1.35628,3045.0
2025-07-24 10:00:00,1.35628,1.35677,1.3556599999999999,1.35603,3434.0
2025-07-24 11:00:00,1.35601,1.35663,1.35429,1.35439,3246.0
2025-07-24 12:00:00,1.35439,1.3548,1.35398,1.3547799999999999,2934.0
2025-07-24 13:00:00,1.3547799999999999,1.3551,1.35354,1.35389,2229.0
2025-07-24 14:00:00,1.35389,1.35518,1.35371,1.35516,2349.0
2025-07-24 15:00:00,1.35516,1.35541,1.35316,1.35354,4011.0
2025-07-24 16:00:00,1.35354,1.35541,1.35327,1.35526,6348.0
2025-07-24 17:00:00,1.35524,1.35628,1.3532,1.35422,5091.0
2025-07-24 18:00:00,1.3542100000000001,1.35431,1.3522,1.3523800000000001,4787.0
2025-07-24 19:00:00,1.35239,1.35274,1.35046,1.3511199999999999,3783.0
2025-07-24 20:00:00,1.35113,1.35281,1.35103,1.35185,2472.0
2025-07-24 21:00:00,1.35185,1.35214,1.35144,1.35161,2324.0
2025-07-24 22:00:00,1.35161,1.3519999999999999,1.35072,1.35077,1908.0
2025-07-24 23:00:00,1.35076,1.35111,1.35026,1.35068,2364.0
2025-07-25 00:00:00,1.3504399999999999,1.35111,1.3502,1.3505,841.0
2025-07-25 01:00:00,1.3505,1.35067,1.35031,1.35058,1466.0
2025-07-25 02:00:00,1.35058,1.35106,1.3504,1.3508499999999999,1368.0
2025-07-25 03:00:00,1.3508499999999999,1.35122,1.35026,1.3507500000000001,3350.0
2025-07-25 04:00:00,1.3507500000000001,1.35126,1.34973,1.34997,3746.0
2025-07-25 05:00:00,1.34997,1.35009,1.3490199999999999,1.34941,3078.0
2025-07-25 06:00:00,1.34939,1.34974,1.34882,1.34943,2078.0
2025-07-25 07:00:00,1.34943,1.34992,1.34864,1.34913,2459.0
2025-07-25 08:00:00,1.34913,1.35047,1.3489,1.35039,2635.0
2025-07-25 09:00:00,1.35039,1.35039,1.34816,1.3490199999999999,3768.0
2025-07-25 10:00:00,1.3490199999999999,1.34923,1.34672,1.34683,4099.0
2025-07-25 11:00:00,1.34683,1.34768,1.3459699999999999,1.34629,3987.0
2025-07-25 12:00:00,1.34629,1.34641,1.34506,1.3463,2787.0
2025-07-25 13:00:00,1.3463,1.34645,1.34524,1.34577,2504.0
2025-07-25 14:00:00,1.34577,1.34602,1.34388,1.3451,3134.0
2025-07-25 15:00:00,1.34508,1.34546,1.34233,1.34335,3353.0
2025-07-25 16:00:00,1.34335,1.3439999999999999,1.3416299999999999,1.34374,6395.0
2025-07-25 17:00:00,1.34374,1.34436,1.34284,1.34302,4507.0
2025-07-25 18:00:00,1.34302,1.34387,1.34177,1.3427,3759.0
2025-07-25 19:00:00,1.3427,1.34298,1.34167,1.34211,3339.0
2025-07-25 20:00:00,1.3421,1.343,1.34199,1.3427799999999999,2256.0
2025-07-28 00:00:00,1.34184,1.34403,1.34184,1.34357,704.0
2025-07-28 01:00:00,1.3437299999999999,1.34454,1.34286,1.34345,1745.0
2025-07-28 02:00:00,1.34345,1.3443399999999999,1.34324,1.34379,1775.0
2025-07-28 03:00:00,1.34379,1.34491,1.34361,1.34435,4064.0
2025-07-28 04:00:00,1.34435,1.3452899999999999,1.34314,1.34358,3606.0
2025-07-28 05:00:00,1.34358,1.3443399999999999,1.34298,1.34391,3004.0
2025-07-28 06:00:00,1.34391,1.3443,1.3434599999999999,1.34429,2485.0
2025-07-28 07:00:00,1.34429,1.34451,1.34328,1.34363,2202.0
2025-07-28 08:00:00,1.34363,1.34368,1.34257,1.3427,2164.0
2025-07-28 09:00:00,1.3427,1.3431199999999999,1.34066,1.34215,4001.0
2025-07-28 10:00:00,1.34215,1.3431600000000001,1.34059,1.3409,4861.0
2025-07-28 11:00:00,1.3409,1.3429,1.3406500000000001,1.34211,4181.0
2025-07-28 12:00:00,1.34211,1.34273,1.34111,1.34145,3936.0
2025-07-28 13:00:00,1.34145,1.3422,1.34086,1.3418700000000001,3183.0
2025-07-28 14:00:00,1.3418700000000001,1.34298,1.34026,1.34271,3870.0
2025-07-28 15:00:00,1.34269,1.34383,1.3422,1.34379,4500.0
2025-07-28 16:00:00,1.34379,1.34401,1.3409200000000001,1.34154,4936.0
2025-07-28 17:00:00,1.34154,1.34263,1.34093,1.34123,4606.0
2025-07-28 18:00:00,1.34124,1.3414,1.33913,1.33913,3742.0
2025-07-28 19:00:00,1.33913,1.3392,1.33764,1.33789,2849.0
2025-07-28 20:00:00,1.33789,1.33806,1.33572,1.33598,2704.0
2025-07-28 21:00:00,1.33598,1.3360400000000001,1.33521,1.33538,2470.0
2025-07-28 22:00:00,1.33538,1.33558,1.33514,1.33548,1577.0
2025-07-28 23:00:00,1.33548,1.33585,1.3351899999999999,1.33542,1422.0
2025-07-29 00:00:00,1.3351199999999999,1.33587,1.3349199999999999,1.33551,784.0
2025-07-29 01:00:00,1.33549,1.3361,1.33523,1.3360699999999999,1185.0
2025-07-29 02:00:00,1.3360699999999999,1.33617,1.33556,1.33597,884.0
2025-07-29 03:00:00,1.33597,1.33599,1.33447,1.33454,2440.0
2025-07-29 04:00:00,1.33454,1.33586,1.3345099999999999,1.33497,2849.0
2025-07-29 05:00:00,1.33497,1.33571,1.33494,1.33564,2475.0
2025-07-29 06:00:00,1.33564,1.33579,1.33407,1.33411,2441.0
2025-07-29 07:00:00,1.33411,1.33508,1.33368,1.33498,2398.0
2025-07-29 08:00:00,1.33498,1.33538,1.3344,1.33491,2216.0
2025-07-29 09:00:00,1.33491,1.33537,1.33243,1.33267,4742.0
2025-07-29 10:00:00,1.3326799999999999,1.33365,1.33158,1.33332,4826.0
2025-07-29 11:00:00,1.33331,1.33487,1.33287,1.33417,3365.0
2025-07-29 12:00:00,1.33417,1.33586,1.33417,1.33538,3267.0
2025-07-29 13:00:00,1.33538,1.33619,1.33497,1.33504,3294.0
2025-07-29 14:00:00,1.33504,1.33529,1.33271,1.33404,4109.0
2025-07-29 15:00:00,1.33403,1.33437,1.3315299999999999,1.3315299999999999,3901.0
2025-07-29 16:00:00,1.3315299999999999,1.33267,1.33078,1.3324,4642.0
2025-07-29 17:00:00,1.3324,1.3336999999999999,1.33098,1.3328,6543.0
2025-07-29 18:00:00,1.3328,1.33438,1.33264,1.33385,4371.0
2025-07-29 19:00:00,1.33385,1.33477,1.33377,1.33388,3493.0
2025-07-29 20:00:00,1.33388,1.33529,1.33369,1.33396,3810.0
2025-07-29 21:00:00,1.33396,1.33558,1.33356,1.33557,2650.0
2025-07-29 22:00:00,1.33557,1.3364,1.33528,1.33565,2304.0
2025-07-29 23:00:00,1.33565,1.33601,1.33474,1.335,1487.0
2025-07-30 00:00:00,1.3348200000000001,1.33523,1.33362,1.3342800000000001,765.0
2025-07-30 01:00:00,1.3342800000000001,1.33539,1.3342800000000001,1.33528,1081.0
2025-07-30 02:00:00,1.33528,1.33538,1.33494,1.33534,1072.0
2025-07-30 03:00:00,1.33534,1.3366500000000001,1.33525,1.33658,2976.0
2025-07-30 04:00:00,1.33658,1.33693,1.33564,1.33571,3174.0
2025-07-30 05:00:00,1.3357,1.33649,1.33547,1.33596,2294.0
2025-07-30 06:00:00,1.33596,1.33689,1.33562,1.33596,2750.0
2025-07-30 07:00:00,1.33596,1.336,1.33496,1.33508,3207.0
2025-07-30 08:00:00,1.33508,1.33555,1.33468,1.33484,2588.0
2025-07-30 09:00:00,1.33484,1.33654,1.33416,1.33646,3386.0
2025-07-30 10:00:00,1.33646,1.33686,1.33589,1.3361,3257.0
2025-07-30 11:00:00,1.3361,1.33689,1.33586,1.33676,2841.0
2025-07-30 12:00:00,1.33676,1.3382100000000001,1.33654,1.33817,3350.0
2025-07-30 13:00:00,1.33815,1.3385799999999999,1.33621,1.33635,3640.0
2025-07-30 14:00:00,1.3363399999999999,1.33737,1.33574,1.33732,2783.0
2025-07-30 15:00:00,1.33732,1.3379699999999999,1.33072,1.33091,6296.0
2025-07-30 16:00:00,1.3309,1.33137,1.32748,1.32817,5963.0
2025-07-30 17:00:00,1.32817,1.32951,1.32788,1.32908,4779.0
2025-07-30 18:00:00,1.32908,1.32917,1.32715,1.32729,3692.0
2025-07-30 19:00:00,1.32729,1.3282,1.32699,1.32819,2867.0
2025-07-30 20:00:00,1.3281800000000001,1.32922,1.32801,1.32901,2802.0
2025-07-30 21:00:00,1.329,1.33132,1.3238699999999999,1.32388,9135.0
2025-07-30 22:00:00,1.32388,1.32519,1.32276,1.32451,6860.0
2025-07-30 23:00:00,1.32451,1.32544,1.32329,1.32367,3280.0
2025-07-31 00:00:00,1.32338,1.3237999999999999,1.32276,1.32321,562.0
2025-07-31 01:00:00,1.32321,1.32549,1.32321,1.32539,1158.0
2025-07-31 02:00:00,1.32539,1.32591,1.32491,1.3256000000000001,1263.0
2025-07-31 03:00:00,1.3256000000000001,1.32575,1.32436,1.32515,3110.0
2025-07-31 04:00:00,1.32514,1.32592,1.3241800000000001,1.32577,3683.0
2025-07-31 05:00:00,1.32577,1.32619,1.32524,1.32599,3355.0
2025-07-31 06:00:00,1.32599,1.32632,1.32464,1.3259699999999999,2938.0
2025-07-31 07:00:00,1.3259699999999999,1.32701,1.32559,1.3269199999999999,2836.0
2025-07-31 08:00:00,1.3269199999999999,1.32724,1.32642,1.32644,2670.0
2025-07-31 09:00:00,1.32644,1.32821,1.3262800000000001,1.32782,3949.0
2025-07-31 10:00:00,1.32782,1.32785,1.32443,1.32593,4484.0
2025-07-31 11:00:00,1.32593,1.32612,1.32397,1.3249900000000001,4021.0
2025-07-31 12:00:00,1.3249900000000001,1.3250199999999999,1.32288,1.32294,3393.0
2025-07-31 13:00:00,1.32294,1.32344,1.32098,1.32285,3595.0
2025-07-31 14:00:00,1.32285,1.3242,1.32222,1.32391,3700.0
2025-07-31 15:00:00,1.3239,1.32405,1.32087,1.32165,4932.0
2025-07-31 16:00:00,1.32165,1.32187,1.31878,1.31888,4894.0
2025-07-31 17:00:00,1.31888,1.32394,1.31857,1.32317,6271.0
2025-07-31 18:00:00,1.32317,1.3237,1.32184,1.32196,4773.0
2025-07-31 19:00:00,1.32196,1.32372,1.32175,1.3223,4160.0
2025-07-31 20:00:00,1.3223,1.3223099999999999,1.32026,1.32036,3583.0
2025-07-31 21:00:00,1.32036,1.32242,1.31993,1.32188,2926.0
2025-07-31 22:00:00,1.32188,1.32271,1.32059,1.32062,2756.0
2025-07-31 23:00:00,1.32059,1.3210899999999999,1.3199100000000001,1.32031,2378.0
2025-08-01 00:00:00,1.32027,1.32103,1.31964,1.31986,1343.0
2025-08-01 01:00:00,1.31986,1.32091,1.31941,1.32064,1375.0
2025-08-01 02:00:00,1.32064,1.32117,1.31998,1.32078,1848.0
2025-08-01 03:00:00,1.32078,1.32134,1.32013,1.32101,3326.0
2025-08-01 04:00:00,1.32101,1.32129,1.31928,1.31958,4086.0
2025-08-01 05:00:00,1.31958,1.31986,1.319,1.31955,2973.0
2025-08-01 06:00:00,1.31951,1.3204799999999999,1.31947,1.32009,2685.0
2025-08-01 07:00:00,1.32009,1.32016,1.31942,1.31992,2032.0
2025-08-01 08:00:00,1.31992,1.32069,1.3195700000000001,1.32028,2618.0
2025-08-01 09:00:00,1.32028,1.32132,1.31985,1.32046,3456.0
2025-08-01 10:00:00,1.32046,1.32073,1.3186,1.31945,3831.0
2025-08-01 11:00:00,1.31944,1.31948,1.316,1.31609,3438.0
2025-08-01 12:00:00,1.31609,1.31665,1.31414,1.31477,3571.0
2025-08-01 13:00:00,1.31482,1.3167200000000001,1.31463,1.3167,3413.0
2025-08-01 14:00:00,1.3167,1.31738,1.31575,1.31585,3097.0
2025-08-01 15:00:00,1.31582,1.33032,1.31444,1.32852,9493.0
2025-08-01 16:00:00,1.32846,1.33108,1.3263,1.3271,11105.0
2025-08-01 17:00:00,1.3271,1.32901,1.32575,1.32636,10124.0
2025-08-01 18:00:00,1.32636,1.32725,1.32446,1.3258,5997.0
2025-08-01 19:00:00,1.3258,1.32651,1.3242099999999999,1.32453,4519.0
2025-08-01 20:00:00,1.32453,1.32457,1.3216,1.3228900000000001,4436.0
2025-08-04 00:00:00,1.32781,1.3282,1.32698,1.32722,507.0
2025-08-04 01:00:00,1.32722,1.32861,1.32722,1.32783,2358.0
2025-08-04 02:00:00,1.32783,1.32925,1.3276,1.32911,2289.0
2025-08-04 03:00:00,1.32911,1.3293300000000001,1.3258,1.32614,4658.0
2025-08-04 04:00:00,1.32615,1.32778,1.3253599999999999,1.32767,4562.0
2025-08-04 05:00:00,1.32767,1.3285,1.32724,1.32813,3228.0
2025-08-04 06:00:00,1.32813,1.32901,1.32813,1.3283,2930.0
2025-08-04 07:00:00,1.3283,1.32885,1.32779,1.32779,2422.0
2025-08-04 08:00:00,1.32779,1.32834,1.32698,1.3276,2799.0
2025-08-04 09:00:00,1.32759,1.32914,1.3269,1.3284,4400.0
2025-08-04 10:00:00,1.32843,1.32854,1.32646,1.32768,4902.0
2025-08-04 11:00:00,1.32768,1.32793,1.32656,1.3277700000000001,4775.0
2025-08-04 12:00:00,1.32778,1.3306200000000001,1.32758,1.32924,4520.0
2025-08-04 13:00:00,1.32924,1.32982,1.32707,1.3296999999999999,3754.0
2025-08-04 14:00:00,1.3296999999999999,1.3314,1.32908,1.32949,4093.0
2025-08-04 15:00:00,1.32949,1.3311899999999999,1.32827,1.32979,4735.0
2025-08-04 16:00:00,1.32979,1.33129,1.32953,1.33018,5260.0
2025-08-04 17:00:00,1.33025,1.33308,1.32874,1.3293300000000001,6356.0
2025-08-04 18:00:00,1.32934,1.3299,1.32783,1.3287499999999999,5195.0
2025-08-04 19:00:00,1.3287499999999999,1.32928,1.3277700000000001,1.32853,3517.0
2025-08-04 20:00:00,1.32853,1.3286,1.32765,1.32816,2922.0
2025-08-04 21:00:00,1.32816,1.32858,1.32734,1.32757,3133.0
2025-08-04 22:00:00,1.32757,1.3281800000000001,1.3272599999999999,1.32764,2944.0
2025-08-04 23:00:00,1.32763,1.3288,1.32749,1.32839,2198.0
2025-08-05 00:00:00,1.32815,1.3287200000000001,1.32764,1.32771,1208.0
2025-08-05 01:00:00,1.32771,1.3294000000000001,1.32737,1.32927,1378.0
2025-08-05 02:00:00,1.32927,1.3299699999999999,1.32917,1.32976,1151.0
2025-08-05 03:00:00,1.32976,1.3303,1.329,1.3299,3016.0
2025-08-05 04:00:00,1.3299,1.32998,1.32877,1.32893,3695.0
2025-08-05 05:00:00,1.32894,1.32897,1.3280699999999999,1.32843,3328.0
2025-08-05 06:00:00,1.32843,1.32851,1.32764,1.32768,2203.0
2025-08-05 07:00:00,1.32768,1.32877,1.32755,1.32859,2059.0
2025-08-05 08:00:00,1.32859,1.32859,1.32712,1.32748,2581.0
2025-08-05 09:00:00,1.32748,1.32928,1.32725,1.32789,3186.0
2025-08-05 10:00:00,1.32789,1.32954,1.32595,1.32729,4314.0
2025-08-05 11:00:00,1.32729,1.32891,1.32668,1.32797,5015.0
2025-08-05 12:00:00,1.32798,1.32951,1.3277,1.32921,4006.0
2025-08-05 13:00:00,1.32921,1.32953,1.3283,1.3286,3680.0
2025-08-05 14:00:00,1.3286,1.3286,1.32664,1.32806,3545.0
2025-08-05 15:00:00,1.32806,1.32896,1.32703,1.32819,5286.0
2025-08-05 16:00:00,1.32819,1.32951,1.32688,1.32717,5275.0
2025-08-05 17:00:00,1.32725,1.32929,1.3268499999999999,1.3289900000000001,7987.0
2025-08-05 18:00:00,1.3289900000000001,1.3309199999999999,1.3289,1.33074,4887.0
2025-08-05 19:00:00,1.33074,1.33164,1.33042,1.33096,3443.0
2025-08-05 20:00:00,1.33096,1.33156,1.33012,1.33044,3095.0
2025-08-05 21:00:00,1.33044,1.33059,1.32914,1.3295,3222.0
2025-08-05 22:00:00,1.3295,1.32969,1.32889,1.32962,2449.0
2025-08-05 23:00:00,1.32962,1.33018,1.32923,1.33005,1649.0
2025-08-06 00:00:00,1.3296000000000001,1.32975,1.32876,1.32917,957.0
2025-08-06 01:00:00,1.32917,1.32988,1.32917,1.32973,1537.0
2025-08-06 02:00:00,1.32973,1.33014,1.32957,1.32986,1164.0
2025-08-06 03:00:00,1.32986,1.3306,1.32978,1.33009,2410.0
2025-08-06 04:00:00,1.33009,1.33009,1.32948,1.32979,2488.0
2025-08-06 05:00:00,1.32979,1.33047,1.32957,1.33008,2461.0
2025-08-06 06:00:00,1.33008,1.33101,1.33008,1.33093,2169.0
2025-08-06 07:00:00,1.33093,1.33141,1.33076,1.33118,2197.0
2025-08-06 08:00:00,1.33118,1.33121,1.33023,1.33054,2484.0
2025-08-06 09:00:00,1.33054,1.3309199999999999,1.33005,1.33017,3462.0
2025-08-06 10:00:00,1.33017,1.33038,1.329,1.33032,3791.0
2025-08-06 11:00:00,1.33032,1.33033,1.3281100000000001,1.3284,4023.0
2025-08-06 12:00:00,1.3284099999999999,1.3302,1.32834,1.32982,3384.0
2025-08-06 13:00:00,1.3298,1.3323800000000001,1.32953,1.33172,4823.0
2025-08-06 14:00:00,1.33172,1.33301,1.33117,1.33178,3008.0
2025-08-06 15:00:00,1.33178,1.33208,1.3308,1.33172,3372.0
2025-08-06 16:00:00,1.33172,1.33292,1.33147,1.33257,4779.0
2025-08-06 17:00:00,1.33257,1.33321,1.33129,1.33305,4857.0
2025-08-06 18:00:00,1.33305,1.33588,1.3328,1.33582,5157.0
2025-08-06 19:00:00,1.33582,1.33623,1.3342100000000001,1.33472,4137.0
2025-08-06 20:00:00,1.33472,1.33603,1.33453,1.33556,3189.0
2025-08-06 21:00:00,1.33558,1.33684,1.33545,1.33632,2832.0
2025-08-06 22:00:00,1.33633,1.3365,1.33545,1.3357299999999999,2227.0
2025-08-06 23:00:00,1.3357299999999999,1.33602,1.33499,1.33569,1937.0
2025-08-07 00:00:00,1.33506,1.3355000000000001,1.3349199999999999,1.33505,1245.0
2025-08-07 01:00:00,1.33505,1.33603,1.33496,1.33583,1793.0
2025-08-07 02:00:00,1.33583,1.3360400000000001,1.33557,1.33579,1334.0
2025-08-07 03:00:00,1.33576,1.3358400000000001,1.33463,1.33481,2827.0
2025-08-07 04:00:00,1.33481,1.33595,1.3345799999999999,1.33548,2923.0
2025-08-07 05:00:00,1.33548,1.33605,1.33498,1.3351899999999999,2222.0
2025-08-07 06:00:00,1.3351899999999999,1.3361100000000001,1.3348499999999999,1.33598,2482.0
2025-08-07 07:00:00,1.33598,1.33688,1.33583,1.33684,2183.0
2025-08-07 08:00:00,1.33684,1.33713,1.33633,1.3370199999999999,2002.0
2025-08-07 09:00:00,1.3370199999999999,1.33768,1.33661,1.33746,3052.0
2025-08-07 10:00:00,1.33745,1.33799,1.33678,1.33745,3824.0
2025-08-07 11:00:00,1.33745,1.33803,1.33633,1.33693,4720.0
2025-08-07 12:00:00,1.33693,1.33727,1.33649,1.33682,3747.0
2025-08-07 13:00:00,1.33682,1.33793,1.33651,1.33753,3833.0
2025-08-07 14:00:00,1.33751,1.34318,1.33695,1.3412899999999999,6174.0
2025-08-07 15:00:00,1.3412899999999999,1.34366,1.34122,1.34209,5178.0
2025-08-07 16:00:00,1.34209,1.34311,1.34145,1.34237,5172.0
2025-08-07 17:00:00,1.34239,1.34264,1.33958,1.3403800000000001,6402.0
2025-08-07 18:00:00,1.3403800000000001,1.34345,1.33906,1.34314,4507.0
2025-08-07 19:00:00,1.34313,1.34333,1.34242,1.34299,3095.0
2025-08-07 20:00:00,1.34299,1.34329,1.3418999999999999,1.34202,3131.0
2025-08-07 21:00:00,1.34202,1.34242,1.34037,1.34101,2938.0
2025-08-07 22:00:00,1.34101,1.3444099999999999,1.34073,1.3443100000000001,4459.0
2025-08-07 23:00:00,1.3443100000000001,1.34482,1.34401,1.34426,2382.0
2025-08-08 00:00:00,1.34406,1.3443100000000001,1.34348,1.34353,629.0
2025-08-08 01:00:00,1.34353,1.345,1.34353,1.34483,2187.0
2025-08-08 02:00:00,1.34483,1.34523,1.3446,1.3451,1681.0
2025-08-08 03:00:00,1.34511,1.34531,1.34435,1.34481,3084.0
2025-08-08 04:00:00,1.34481,1.34508,1.34342,1.34372,3010.0
2025-08-08 05:00:00,1.34372,1.34454,1.34369,1.34426,1998.0
2025-08-08 06:00:00,1.34426,1.34427,1.34355,1.34391,2090.0
2025-08-08 07:00:00,1.34391,1.34398,1.34348,1.34354,1732.0
2025-08-08 08:00:00,1.34354,1.34365,1.34247,1.34261,2197.0
2025-08-08 09:00:00,1.34261,1.34317,1.34244,1.34291,2925.0
2025-08-08 10:00:00,1.34291,1.34488,1.3429,1.3442,3818.0
2025-08-08 11:00:00,1.3442,1.34513,1.34273,1.34344,4352.0
2025-08-08 12:00:00,1.34347,1.34535,1.34329,1.3447,4256.0
2025-08-08 13:00:00,1.3447,1.34483,1.34322,1.34421,3451.0
2025-08-08 14:00:00,1.34421,1.34524,1.3437000000000001,1.3440400000000001,3164.0
2025-08-08 15:00:00,1.3440400000000001,1.34416,1.34179,1.3423,4073.0
2025-08-08 16:00:00,1.34231,1.34416,1.34231,1.34281,4188.0
2025-08-08 17:00:00,1.34281,1.34477,1.34257,1.34382,4537.0
2025-08-08 18:00:00,1.34382,1.34543,1.34365,1.34422,3440.0
2025-08-08 19:00:00,1.34422,1.34477,1.3439,1.34476,2948.0
2025-08-08 20:00:00,1.34476,1.3458700000000001,1.3444099999999999,1.34535,2339.0
2025-08-11 00:00:00,1.34358,1.3444099999999999,1.34292,1.3434300000000001,703.0
2025-08-11 01:00:00,1.3434300000000001,1.34509,1.3434300000000001,1.34425,850.0
2025-08-11 02:00:00,1.34425,1.34476,1.3441,1.34432,1063.0
2025-08-11 03:00:00,1.34432,1.34456,1.34368,1.34425,2320.0
2025-08-11 04:00:00,1.34426,1.34513,1.3440699999999999,1.34512,2531.0
2025-08-11 05:00:00,1.34512,1.34588,1.34512,1.34557,2341.0
2025-08-11 06:00:00,1.34557,1.34663,1.34544,1.3465500000000001,2039.0
2025-08-11 07:00:00,1.3465500000000001,1.34684,1.34637,1.34665,1490.0
2025-08-11 08:00:00,1.34665,1.34693,1.34632,1.34681,1913.0
2025-08-11 09:00:00,1.34681,1.34767,1.3465099999999999,1.34683,2833.0
2025-08-11 10:00:00,1.34683,1.34683,1.34481,1.34535,3423.0
2025-08-11 11:00:00,1.34535,1.34666,1.34523,1.34647,3337.0
2025-08-11 12:00:00,1.34643,1.34692,1.3447,1.3453300000000001,3153.0
2025-08-11 13:00:00,1.34532,1.34589,1.34451,1.34461,2740.0
2025-08-11 14:00:00,1.34461,1.34473,1.3425500000000001,1.34301,3307.0
2025-08-11 15:00:00,1.34301,1.34326,1.34122,1.34233,3612.0
2025-08-11 16:00:00,1.34233,1.34267,1.3419400000000001,1.34213,4073.0
2025-08-11 17:00:00,1.34213,1.34219,1.33991,1.3407,4522.0
2025-08-11 18:00:00,1.3407,1.34168,1.34022,1.3414,3401.0
2025-08-11 19:00:00,1.3414,1.34259,1.34139,1.34245,2925.0
2025-08-11 20:00:00,1.34245,1.3432,1.34173,1.34302,2343.0
2025-08-11 21:00:00,1.34302,1.34372,1.34277,1.34354,2594.0
2025-08-11 22:00:00,1.34354,1.34357,1.34236,1.34275,2120.0
2025-08-11 23:00:00,1.34275,1.34356,1.34269,1.3431600000000001,1423.0
2025-08-12 00:00:00,1.3431199999999999,1.34329,1.3418999999999999,1.34281,996.0
2025-08-12 01:00:00,1.34281,1.34336,1.34281,1.34335,908.0
2025-08-12 02:00:00,1.34335,1.34351,1.34325,1.34337,789.0
2025-08-12 03:00:00,1.34337,1.34375,1.3428200000000001,1.34301,2233.0
2025-08-12 04:00:00,1.34301,1.34386,1.34281,1.3431199999999999,2441.0
2025-08-12 05:00:00,1.3431199999999999,1.34374,1.34301,1.3437299999999999,1842.0
2025-08-12 06:00:00,1.3437299999999999,1.34396,1.3430900000000001,1.34328,1956.0
2025-08-12 07:00:00,1.34328,1.34388,1.34242,1.34385,2367.0
2025-08-12 08:00:00,1.34385,1.34406,1.34205,1.34232,3480.0
2025-08-12 09:00:00,1.34233,1.34467,1.34219,1.3433899999999999,4825.0
2025-08-12 10:00:00,1.3433899999999999,1.34601,1.3431600000000001,1.3458999999999999,4633.0
2025-08-12 11:00:00,1.3458999999999999,1.34715,1.34477,1.34688,4251.0
2025-08-12 12:00:00,1.34688,1.34725,1.34527,1.34596,3746.0
2025-08-12 13:00:00,1.3459400000000001,1.3464,1.34554,1.34571,3057.0
2025-08-12 14:00:00,1.34571,1.34593,1.34464,1.34573,2979.0
2025-08-12 15:00:00,1.34573,1.35097,1.3446,1.34856,7714.0
2025-08-12 16:00:00,1.34856,1.35001,1.34633,1.34881,8483.0
2025-08-12 17:00:00,1.34881,1.34975,1.34788,1.34881,6097.0
2025-08-12 18:00:00,1.34881,1.3523800000000001,1.34864,1.35068,5561.0
2025-08-12 19:00:00,1.35067,1.35212,1.34998,1.35156,4290.0
2025-08-12 20:00:00,1.35156,1.3516,1.3507,1.35073,3228.0
2025-08-12 21:00:00,1.35072,1.35114,1.34918,1.34957,2631.0
2025-08-12 22:00:00,1.3495599999999999,1.34972,1.3488,1.34954,2084.0
2025-08-12 23:00:00,1.34954,1.34999,1.34923,1.34994,1391.0
2025-08-13 00:00:00,1.34975,1.34991,1.34917,1.3495300000000001,1564.0
2025-08-13 01:00:00,1.3495300000000001,1.3502100000000001,1.34923,1.35004,1503.0
2025-08-13 02:00:00,1.35004,1.3506,1.34996,1.35043,733.0
2025-08-13 03:00:00,1.35043,1.35062,1.34974,1.35027,2502.0
2025-08-13 04:00:00,1.35027,1.3508200000000001,1.34976,1.34988,2687.0
2025-08-13 05:00:00,1.34988,1.35049,1.34927,1.35029,2100.0
2025-08-13 06:00:00,1.35029,1.35064,1.35008,1.35031,1810.0
2025-08-13 07:00:00,1.35031,1.35057,1.35012,1.3504800000000001,1704.0
2025-08-13 08:00:00,1.3504800000000001,1.3507799999999999,1.34997,1.35072,1970.0
2025-08-13 09:00:00,1.35072,1.35174,1.35069,1.35159,3192.0
2025-08-13 10:00:00,1.35159,1.3547500000000001,1.35159,1.35449,4179.0
2025-08-13 11:00:00,1.3544399999999999,1.35633,1.35433,1.35572,4614.0
2025-08-13 12:00:00,1.35572,1.35782,1.35562,1.35763,3731.0
2025-08-13 13:00:00,1.35763,1.3578700000000001,1.35662,1.35682,3273.0
2025-08-13 14:00:00,1.35682,1.3578299999999999,1.35652,1.35768,3378.0
2025-08-13 15:00:00,1.35768,1.35797,1.35591,1.35606,3967.0
2025-08-13 16:00:00,1.35606,1.35773,1.35538,1.3574,4196.0
2025-08-13 17:00:00,1.35741,1.3585,1.3569200000000001,1.35717,4531.0
2025-08-13 18:00:00,1.35717,1.3575599999999999,1.35618,1.35711,3820.0
2025-08-13 19:00:00,1.35709,1.35791,1.35682,1.35733,2750.0
2025-08-13 20:00:00,1.35733,1.35772,1.3568,1.35704,2436.0
2025-08-13 21:00:00,1.35704,1.35714,1.3563100000000001,1.35672,2160.0
2025-08-13 22:00:00,1.35672,1.35744,1.35642,1.35735,1878.0
2025-08-13 23:00:00,1.35735,1.35805,1.35728,1.35768,1287.0
2025-08-14 00:00:00,1.35738,1.35738,1.35645,1.35682,684.0
2025-08-14 01:00:00,1.35682,1.35805,1.35682,1.35801,1028.0
2025-08-14 02:00:00,1.35801,1.35857,1.35797,1.35855,1042.0
2025-08-14 03:00:00,1.35855,1.35876,1.3582,1.3586,2420.0
2025-08-14 04:00:00,1.3586,1.35919,1.35822,1.35833,3474.0
2025-08-14 05:00:00,1.35834,1.3584800000000001,1.35723,1.35778,2622.0
2025-08-14 06:00:00,1.35778,1.35779,1.35706,1.35736,2268.0
2025-08-14 07:00:00,1.35736,1.35779,1.35718,1.35758,1742.0
2025-08-14 08:00:00,1.35758,1.3577,1.35687,1.35698,2453.0
2025-08-14 09:00:00,1.35742,1.35911,1.3565,1.35789,4317.0
2025-08-14 10:00:00,1.35789,1.35913,1.35684,1.35732,4978.0
2025-08-14 11:00:00,1.35732,1.35832,1.3563,1.35721,3893.0
2025-08-14 12:00:00,1.35721,1.35923,1.3568500000000001,1.35778,3804.0
2025-08-14 13:00:00,1.35778,1.35948,1.35748,1.35808,3909.0
2025-08-14 14:00:00,1.35806,1.35839,1.35727,1.35739,2974.0
2025-08-14 15:00:00,1.35744,1.35823,1.35462,1.35531,6436.0
2025-08-14 16:00:00,1.3553,1.35564,1.35348,1.35352,5561.0
2025-08-14 17:00:00,1.35352,1.3557000000000001,1.35336,1.35558,4739.0
2025-08-14 18:00:00,1.3556,1.35569,1.35273,1.353,4454.0
2025-08-14 19:00:00,1.353,1.35317,1.35209,1.35232,3239.0
2025-08-14 20:00:00,1.35232,1.35333,1.3523,1.3531900000000001,2476.0
2025-08-14 21:00:00,1.3531900000000001,1.35341,1.35243,1.3532899999999999,2251.0
2025-08-14 22:00:00,1.3532899999999999,1.35395,1.3532199999999999,1.35369,1881.0
2025-08-14 23:00:00,1.35369,1.3538700000000001,1.35293,1.3529499999999999,1383.0
2025-08-15 00:00:00,1.35281,1.35321,1.3523,1.3523100000000001,212.0
2025-08-15 01:00:00,1.3523100000000001,1.35328,1.3522,1.35285,891.0
2025-08-15 02:00:00,1.35285,1.35318,1.3526099999999999,1.3529900000000001,961.0
2025-08-15 03:00:00,1.3529900000000001,1.35355,1.35273,1.35346,1946.0
2025-08-15 04:00:00,1.35346,1.35401,1.35308,1.3537,2342.0
2025-08-15 05:00:00,1.3537,1.35445,1.35351,1.35434,2126.0
2025-08-15 06:00:00,1.35434,1.35514,1.35434,1.35473,2031.0
2025-08-15 07:00:00,1.35473,1.35495,1.3544800000000001,1.35477,1473.0
2025-08-15 08:00:00,1.35477,1.35529,1.3544,1.35518,2010.0
2025-08-15 09:00:00,1.35518,1.35552,1.35426,1.35529,2882.0
2025-08-15 10:00:00,1.35529,1.35603,1.35477,1.35552,3291.0
2025-08-15 11:00:00,1.35552,1.35582,1.35464,1.35464,3237.0
2025-08-15 12:00:00,1.35464,1.35578,1.35458,1.35569,3031.0
2025-08-15 13:00:00,1.35569,1.3563399999999999,1.35515,1.35591,2841.0
2025-08-15 14:00:00,1.35591,1.35641,1.35551,1.35599,2234.0
2025-08-15 15:00:00,1.35599,1.35696,1.35453,1.35612,4383.0
2025-08-15 16:00:00,1.35612,1.3575,1.3553899999999999,1.35667,4732.0
2025-08-15 17:00:00,1.3566500000000001,1.3572,1.35578,1.35596,4956.0
2025-08-15 18:00:00,1.35596,1.35714,1.35587,1.35625,3457.0
2025-08-15 19:00:00,1.35625,1.35643,1.35542,1.35574,2301.0
2025-08-15 20:00:00,1.35575,1.35592,1.3552,1.35554,2065.0
2025-08-18 00:00:00,1.3545,1.3560699999999999,1.35445,1.3557299999999999,635.0
2025-08-18 01:00:00,1.35598,1.3563,1.35531,1.35615,1045.0
2025-08-18 02:00:00,1.35615,1.35623,1.35541,1.3556,1038.0
2025-08-18 03:00:00,1.3556,1.3562400000000001,1.35526,1.35532,2065.0
2025-08-18 04:00:00,1.35532,1.35609,1.35498,1.35592,2490.0
2025-08-18 05:00:00,1.35591,1.3560699999999999,1.35489,1.35499,1563.0
2025-08-18 06:00:00,1.35499,1.35576,1.35497,1.35562,1535.0
2025-08-18 07:00:00,1.35562,1.35653,1.35555,1.3563,1368.0
2025-08-18 08:00:00,1.3563,1.35643,1.3559,1.35613,1890.0
2025-08-18 09:00:00,1.35611,1.35633,1.35406,1.35455,2901.0
2025-08-18 10:00:00,1.35456,1.3554599999999999,1.3538299999999999,1.35389,3750.0
2025-08-18 11:00:00,1.35389,1.35542,1.35311,1.35464,4262.0
2025-08-18 12:00:00,1.35463,1.3550499999999999,1.35391,1.35401,3994.0
2025-08-18 13:00:00,1.35397,1.35464,1.35369,1.35382,3085.0
2025-08-18 14:00:00,1.35381,1.35476,1.3535,1.35382,2443.0
2025-08-18 15:00:00,1.35381,1.3544100000000001,1.3535599999999999,1.3544100000000001,2786.0
2025-08-18 16:00:00,1.3544100000000001,1.35465,1.35358,1.3538000000000001,3260.0
2025-08-18 17:00:00,1.35381,1.35445,1.35132,1.35162,4308.0
2025-08-18 18:00:00,1.35161,1.35226,1.3511,1.35195,3281.0
2025-08-18 19:00:00,1.35195,1.35215,1.35069,1.35092,2736.0
2025-08-18 20:00:00,1.35091,1.35157,1.35071,1.35097,2528.0
2025-08-18 21:00:00,1.35096,1.35101,1.35028,1.35055,2031.0
2025-08-18 22:00:00,1.35056,1.35121,1.35054,1.35062,1971.0
2025-08-18 23:00:00,1.3506,1.3508,1.35018,1.3503,1095.0
2025-08-19 00:00:00,1.35026,1.3507799999999999,1.34993,1.35022,1003.0
2025-08-19 01:00:00,1.35068,1.35138,1.34978,1.35084,1066.0
2025-08-19 02:00:00,1.35087,1.35089,1.3501400000000001,1.35079,1372.0
2025-08-19 03:00:00,1.35079,1.35101,1.3501,1.35025,2662.0
2025-08-19 04:00:00,1.35025,1.3504399999999999,1.3486799999999999,1.34959,3381.0
2025-08-19 05:00:00,1.34958,1.35022,1.3494,1.34989,2339.0
2025-08-19 06:00:00,1.34991,1.3504800000000001,1.34969,1.35008,2314.0
2025-08-19 07:00:00,1.35008,1.35064,1.34974,1.35052,1812.0
2025-08-19 08:00:00,1.3505099999999999,1.35097,1.34977,1.34998,2395.0
2025-08-19 09:00:00,1.34998,1.35149,1.34967,1.35144,3254.0
2025-08-19 10:00:00,1.35144,1.35229,1.3513600000000001,1.3521,4015.0
2025-08-19 11:00:00,1.3521,1.35229,1.35133,1.3519999999999999,3099.0
2025-08-19 12:00:00,1.3519999999999999,1.3523800000000001,1.35104,1.35178,2694.0
2025-08-19 13:00:00,1.35178,1.35312,1.35165,1.35225,3064.0
2025-08-19 14:00:00,1.35225,1.35264,1.3514300000000001,1.35214,2342.0
2025-08-19 15:00:00,1.35214,1.3526,1.35035,1.35099,3541.0
2025-08-19 16:00:00,1.35099,1.35125,1.34962,1.35107,3671.0
2025-08-19 17:00:00,1.35106,1.35159,1.3495300000000001,1.35026,3904.0
2025-08-19 18:00:00,1.35026,1.35057,1.34904,1.34928,3476.0
2025-08-19 19:00:00,1.34931,1.34954,1.34855,1.34893,3065.0
2025-08-19 20:00:00,1.34893,1.3495599999999999,1.3485800000000001,1.3489900000000001,2213.0
2025-08-19 21:00:00,1.3489900000000001,1.34904,1.34778,1.34853,1952.0
2025-08-19 22:00:00,1.34852,1.34905,1.34821,1.34898,1536.0
2025-08-19 23:00:00,1.34897,1.34924,1.34877,1.34921,1100.0
2025-08-20 00:00:00,1.3489900000000001,1.34903,1.34794,1.34846,1793.0
2025-08-20 01:00:00,1.34843,1.3493,1.3484,1.3491,1040.0
2025-08-20 02:00:00,1.3491,1.34914,1.34846,1.34846,1353.0
2025-08-20 03:00:00,1.34846,1.3485800000000001,1.34749,1.3479999999999999,2505.0
2025-08-20 04:00:00,1.3479999999999999,1.34835,1.34703,1.3473600000000001,2844.0
2025-08-20 05:00:00,1.3473600000000001,1.3473600000000001,1.3462,1.34671,3593.0
2025-08-20 06:00:00,1.3467,1.34769,1.34668,1.34723,2432.0
2025-08-20 07:00:00,1.34723,1.34787,1.3472,1.34744,1545.0
2025-08-20 08:00:00,1.34744,1.34882,1.3471899999999999,1.34821,1812.0
2025-08-20 09:00:00,1.34808,1.35089,1.34803,1.34891,4870.0
2025-08-20 10:00:00,1.34891,1.35093,1.34887,1.35089,4153.0
2025-08-20 11:00:00,1.35089,1.35095,1.34904,1.35009,3994.0
2025-08-20 12:00:00,1.35009,1.35052,1.34964,1.35012,2962.0
2025-08-20 13:00:00,1.35012,1.35042,1.34903,1.34945,2831.0
2025-08-20 14:00:00,1.34945,1.34962,1.34717,1.34718,2126.0
2025-08-20 15:00:00,1.3471899999999999,1.34954,1.3471899999999999,1.34891,3854.0
2025-08-20 16:00:00,1.3489,1.34918,1.34704,1.34778,4038.0
2025-08-20 17:00:00,1.3477700000000001,1.3483800000000001,1.34607,1.3473,4862.0
2025-08-20 18:00:00,1.34731,1.3473899999999999,1.34477,1.34489,3739.0
2025-08-20 19:00:00,1.3449,1.3463,1.3449,1.34607,2709.0
2025-08-20 20:00:00,1.34607,1.34708,1.34591,1.34694,2580.0
2025-08-20 21:00:00,1.34693,1.34693,1.34506,1.3452,3020.0
2025-08-20 22:00:00,1.34519,1.3457,1.34481,1.34541,2001.0
2025-08-20 23:00:00,1.34541,1.34575,1.34496,1.34545,1012.0
2025-08-21 00:00:00,1.34559,1.34574,1.34484,1.34508,996.0
2025-08-21 01:00:00,1.34519,1.34576,1.34504,1.3455599999999999,1054.0
2025-08-21 02:00:00,1.34557,1.34671,1.34506,1.34663,1296.0
2025-08-21 03:00:00,1.34661,1.34661,1.34513,1.3457,2980.0
2025-08-21 04:00:00,1.34569,1.3464800000000001,1.3453,1.34588,2667.0
2025-08-21 05:00:00,1.3458700000000001,1.34601,1.34508,1.34514,1994.0
2025-08-21 06:00:00,1.34515,1.34565,1.34481,1.34539,1478.0
2025-08-21 07:00:00,1.34539,1.34551,1.34515,1.34522,1339.0
2025-08-21 08:00:00,1.34523,1.34541,1.34482,1.34538,1695.0
2025-08-21 09:00:00,1.34537,1.34589,1.34413,1.34454,3050.0
2025-08-21 10:00:00,1.34456,1.34576,1.34356,1.3456000000000001,4283.0
2025-08-21 11:00:00,1.34557,1.34715,1.34512,1.3465799999999999,3982.0
2025-08-21 12:00:00,1.3465799999999999,1.34829,1.3465500000000001,1.34755,3483.0
2025-08-21 13:00:00,1.34755,1.34757,1.34654,1.34732,3644.0
2025-08-21 14:00:00,1.34732,1.34749,1.34545,1.34545,3059.0
2025-08-21 15:00:00,1.34545,1.34733,1.34419,1.34463,4287.0
2025-08-21 16:00:00,1.34462,1.34595,1.3424,1.34263,5061.0
2025-08-21 17:00:00,1.34264,1.34439,1.34237,1.34263,5386.0
2025-08-21 18:00:00,1.34263,1.3434,1.34098,1.34145,5461.0
2025-08-21 19:00:00,1.34144,1.34218,1.34057,1.34191,3186.0
2025-08-21 20:00:00,1.34192,1.34268,1.34183,1.34225,2591.0
2025-08-21 21:00:00,1.3422399999999999,1.3424800000000001,1.34174,1.34184,2368.0
2025-08-21 22:00:00,1.34184,1.3419400000000001,1.34124,1.34127,1612.0
2025-08-21 23:00:00,1.34127,1.34154,1.34116,1.3413,958.0
2025-08-22 00:00:00,1.34105,1.34135,1.34039,1.3407,736.0
2025-08-22 01:00:00,1.3407,1.3418700000000001,1.34067,1.34178,941.0
2025-08-22 02:00:00,1.34178,1.34202,1.34143,1.34181,861.0
2025-08-22 03:00:00,1.34181,1.34203,1.3415,1.34202,2179.0
2025-08-22 04:00:00,1.34202,1.34234,1.34074,1.34112,2752.0
2025-08-22 05:00:00,1.34112,1.34165,1.34086,1.34118,2304.0
2025-08-22 06:00:00,1.34117,1.34139,1.3400699999999999,1.34017,2304.0
2025-08-22 07:00:00,1.34017,1.34045,1.33931,1.3394,1898.0
2025-08-22 08:00:00,1.3394,1.3397700000000001,1.3392,1.33944,2066.0
2025-08-22 09:00:00,1.33937,1.34048,1.33906,1.34016,3408.0
2025-08-22 10:00:00,1.34015,1.34106,1.34012,1.3406,3189.0
2025-08-22 11:00:00,1.34062,1.34148,1.34053,1.3413599999999999,3425.0
2025-08-22 12:00:00,1.34137,1.34193,1.34109,1.34115,3281.0
2025-08-22 13:00:00,1.34115,1.3415599999999999,1.34071,1.34109,3065.0
2025-08-22 14:00:00,1.34109,1.34188,1.34103,1.34154,2588.0
2025-08-22 15:00:00,1.34155,1.34205,1.34114,1.3413300000000001,3296.0
2025-08-22 16:00:00,1.3413300000000001,1.34322,1.34124,1.34233,3938.0
2025-08-22 17:00:00,1.34228,1.35247,1.34228,1.35246,11327.0
2025-08-22 18:00:00,1.35247,1.35442,1.35218,1.35252,6347.0
2025-08-22 19:00:00,1.35251,1.35385,1.35216,1.35257,4928.0
2025-08-22 20:00:00,1.35257,1.3544100000000001,1.35257,1.35369,3961.0
2025-08-25 00:00:00,1.35095,1.35214,1.35086,1.35107,2183.0
2025-08-25 01:00:00,1.35115,1.35241,1.35115,1.35157,1004.0
2025-08-25 02:00:00,1.35157,1.35179,1.3508200000000001,1.35084,1628.0
2025-08-25 03:00:00,1.35084,1.35091,1.3495,1.34973,2507.0
2025-08-25 04:00:00,1.34973,1.35016,1.34898,1.34939,2235.0
2025-08-25 05:00:00,1.34939,1.3501400000000001,1.34913,1.34999,1687.0
2025-08-25 06:00:00,1.34999,1.35125,1.34997,1.35114,1676.0
2025-08-25 07:00:00,1.35114,1.35151,1.35094,1.35117,1576.0
2025-08-25 08:00:00,1.35117,1.35119,1.3507,1.3511199999999999,1846.0
2025-08-25 09:00:00,1.3511199999999999,1.35274,1.3511199999999999,1.35195,3234.0
2025-08-25 10:00:00,1.35195,1.35199,1.35028,1.35038,3348.0
2025-08-25 11:00:00,1.35038,1.3509,1.3502100000000001,1.35032,3137.0
2025-08-25 12:00:00,1.35032,1.3504800000000001,1.34923,1.34947,2639.0
2025-08-25 13:00:00,1.34947,1.34965,1.34837,1.34906,3034.0
2025-08-25 14:00:00,1.34907,1.35195,1.3490199999999999,1.35195,2699.0
2025-08-25 15:00:00,1.35195,1.35208,1.34992,1.3504800000000001,2939.0
2025-08-25 16:00:00,1.3504800000000001,1.3513,1.35004,1.35089,3569.0
2025-08-25 17:00:00,1.35089,1.35118,1.35003,1.35025,4312.0
2025-08-25 18:00:00,1.35025,1.35033,1.34848,1.34893,4178.0
2025-08-25 19:00:00,1.34894,1.3493,1.34851,1.34883,3578.0
2025-08-25 20:00:00,1.34883,1.34901,1.34772,1.34792,3177.0
2025-08-25 21:00:00,1.34792,1.34813,1.34581,1.34608,3270.0
2025-08-25 22:00:00,1.34608,1.34619,1.3446,1.34539,2990.0
2025-08-25 23:00:00,1.34538,1.34613,1.34518,1.34518,1604.0
2025-08-26 00:00:00,1.34524,1.34659,1.34466,1.34537,1765.0
2025-08-26 01:00:00,1.3454,1.3458,1.34517,1.34558,1173.0
2025-08-26 02:00:00,1.34558,1.34571,1.3449900000000001,1.34545,988.0
2025-08-26 03:00:00,1.34544,1.34907,1.34482,1.3481,6773.0
2025-08-26 04:00:00,1.3481,1.3483100000000001,1.34673,1.34718,4164.0
2025-08-26 05:00:00,1.34718,1.34769,1.34613,1.3464800000000001,3273.0
2025-08-26 06:00:00,1.3464800000000001,1.3464800000000001,1.34501,1.34517,3128.0
2025-08-26 07:00:00,1.34517,1.34586,1.34504,1.34569,2345.0
2025-08-26 08:00:00,1.3457,1.3468,1.34535,1.3465799999999999,2509.0
2025-08-26 09:00:00,1.34652,1.34659,1.34454,1.3459400000000001,4975.0
2025-08-26 10:00:00,1.3459400000000001,1.34639,1.34348,1.3455300000000001,5463.0
2025-08-26 11:00:00,1.34555,1.34694,1.34554,1.34637,5121.0
2025-08-26 12:00:00,1.34636,1.34816,1.34613,1.34795,4586.0
2025-08-26 13:00:00,1.34796,1.34822,1.34721,1.3479,3666.0
2025-08-26 14:00:00,1.34791,1.34931,1.34767,1.3488,3017.0
2025-08-26 15:00:00,1.3488,1.34927,1.34771,1.34793,4277.0
2025-08-26 16:00:00,1.34789,1.34826,1.34702,1.34806,4531.0
2025-08-26 17:00:00,1.3480699999999999,1.34897,1.34703,1.34785,5420.0
2025-08-26 18:00:00,1.34786,1.34898,1.34757,1.34819,4067.0
2025-08-26 19:00:00,1.34819,1.3492899999999999,1.34772,1.3477700000000001,3097.0
2025-08-26 20:00:00,1.34778,1.34806,1.34725,1.34725,2519.0
2025-08-26 21:00:00,1.34727,1.3482,1.3468200000000001,1.34796,2556.0
2025-08-26 22:00:00,1.3479700000000001,1.34856,1.34784,1.34789,1901.0
2025-08-26 23:00:00,1.34787,1.34787,1.34729,1.34772,1187.0
2025-08-27 00:00:00,1.34776,1.34802,1.34732,1.34748,1771.0
2025-08-27 01:00:00,1.34748,1.3483,1.34734,1.34809,1090.0
2025-08-27 02:00:00,1.34809,1.34812,1.34752,1.34769,1011.0
2025-08-27 03:00:00,1.34768,1.34782,1.34688,1.34714,2432.0
2025-08-27 04:00:00,1.34715,1.34749,1.3468499999999999,1.34698,2970.0
2025-08-27 05:00:00,1.34698,1.34705,1.34601,1.34626,2276.0
2025-08-27 06:00:00,1.34626,1.34669,1.3455599999999999,1.34576,1974.0
2025-08-27 07:00:00,1.34577,1.3458,1.34469,1.34488,2345.0
2025-08-27 08:00:00,1.34488,1.34561,1.3447,1.3456000000000001,1784.0
2025-08-27 09:00:00,1.3456299999999999,1.34657,1.34525,1.34638,2979.0
2025-08-27 10:00:00,1.3464,1.34657,1.34415,1.34534,3899.0
2025-08-27 11:00:00,1.34534,1.34534,1.34303,1.34452,4609.0
2025-08-27 12:00:00,1.34452,1.3450199999999999,1.34392,1.34415,3159.0
2025-08-27 13:00:00,1.34415,1.34419,1.34214,1.34225,3512.0
2025-08-27 14:00:00,1.34225,1.34353,1.34166,1.34308,2946.0
2025-08-27 15:00:00,1.34308,1.3445,1.34308,1.34417,3794.0
2025-08-27 16:00:00,1.34416,1.3455599999999999,1.3436,1.34471,4116.0
2025-08-27 17:00:00,1.3447,1.34612,1.3443800000000001,1.34603,4620.0
2025-08-27 18:00:00,1.34602,1.34735,1.34602,1.34662,3950.0
2025-08-27 19:00:00,1.34662,1.34974,1.34661,1.3496299999999999,3345.0
2025-08-27 20:00:00,1.34962,1.3502100000000001,1.34931,1.35016,3160.0
2025-08-27 21:00:00,1.35016,1.3501699999999999,1.34905,1.34973,2610.0
2025-08-27 22:00:00,1.34974,1.34991,1.34932,1.34977,1982.0
2025-08-27 23:00:00,1.34977,1.34996,1.34935,1.34982,1603.0
2025-08-28 00:00:00,1.34952,1.34978,1.3485800000000001,1.3492899999999999,1112.0
2025-08-28 01:00:00,1.34927,1.3501400000000001,1.34927,1.34994,1255.0
2025-08-28 02:00:00,1.34994,1.35063,1.34982,1.35039,1257.0
2025-08-28 03:00:00,1.35039,1.3505099999999999,1.34974,1.3504800000000001,2393.0
2025-08-28 04:00:00,1.3504800000000001,1.35121,1.35011,1.35045,2442.0
2025-08-28 05:00:00,1.35045,1.35183,1.35038,1.35163,2108.0
2025-08-28 06:00:00,1.35163,1.35186,1.3507799999999999,1.35081,1778.0
2025-08-28 07:00:00,1.3508200000000001,1.35093,1.35032,1.35043,1902.0
2025-08-28 08:00:00,1.3504399999999999,1.35062,1.34998,1.3504399999999999,1928.0
2025-08-28 09:00:00,1.35043,1.35134,1.3502100000000001,1.35041,3330.0
2025-08-28 10:00:00,1.35041,1.35071,1.34877,1.34992,4140.0
2025-08-28 11:00:00,1.34992,1.35011,1.34829,1.3498999999999999,3748.0
2025-08-28 12:00:00,1.3498999999999999,1.35073,1.34988,1.35018,3368.0
2025-08-28 13:00:00,1.3501699999999999,1.3526500000000001,1.34999,1.35213,3811.0
2025-08-28 14:00:00,1.35211,1.35247,1.35122,1.35144,2885.0
2025-08-28 15:00:00,1.3514599999999999,1.35192,1.34978,1.35034,5398.0
2025-08-28 16:00:00,1.35034,1.3511199999999999,1.3489200000000001,1.35063,4976.0
2025-08-28 17:00:00,1.35064,1.35273,1.35015,1.35117,5216.0
2025-08-28 18:00:00,1.35118,1.35182,1.3505099999999999,1.35148,4155.0
2025-08-28 19:00:00,1.35147,1.35249,1.3513600000000001,1.35224,2880.0
2025-08-28 20:00:00,1.35224,1.35307,1.35183,1.35212,2933.0
2025-08-28 21:00:00,1.35212,1.35229,1.35138,1.3516,2087.0
2025-08-28 22:00:00,1.35159,1.35172,1.35106,1.35121,1557.0
2025-08-28 23:00:00,1.35121,1.35122,1.35072,1.35115,1348.0
2025-08-29 00:00:00,1.3511600000000001,1.3511600000000001,1.35041,1.3507500000000001,1328.0
2025-08-29 01:00:00,1.3507500000000001,1.35113,1.35063,1.35069,1979.0
2025-08-29 02:00:00,1.35069,1.35115,1.35069,1.3508200000000001,1004.0
2025-08-29 03:00:00,1.35083,1.3511199999999999,1.35029,1.35087,2499.0
2025-08-29 04:00:00,1.35088,1.3511600000000001,1.3495599999999999,1.34985,3854.0
2025-08-29 05:00:00,1.34985,1.35047,1.34985,1.35019,2585.0
2025-08-29 06:00:00,1.3502,1.3502399999999999,1.34957,1.3498700000000001,2325.0
2025-08-29 07:00:00,1.3498700000000001,1.35032,1.34942,1.35031,1741.0
2025-08-29 08:00:00,1.35032,1.35036,1.3492899999999999,1.35,2448.0
2025-08-29 09:00:00,1.35,1.3502399999999999,1.349,1.34907,3527.0
2025-08-29 10:00:00,1.34904,1.34951,1.3483800000000001,1.34914,3629.0
2025-08-29 11:00:00,1.34914,1.34943,1.34697,1.34772,3922.0
2025-08-29 12:00:00,1.3477299999999999,1.3479,1.3459699999999999,1.34599,3675.0
2025-08-29 13:00:00,1.34598,1.34654,1.3454,1.34622,3296.0
2025-08-29 14:00:00,1.3462,1.3462100000000001,1.34504,1.3453300000000001,2736.0
2025-08-29 15:00:00,1.34537,1.34627,1.34464,1.34603,4332.0
2025-08-29 16:00:00,1.34603,1.34695,1.3446799999999999,1.34691,4696.0
2025-08-29 17:00:00,1.34705,1.3513899999999999,1.34679,1.35094,6324.0
2025-08-29 18:00:00,1.35094,1.35161,1.35031,1.3507500000000001,4552.0
2025-08-29 19:00:00,1.35077,1.3513899999999999,1.34998,1.3508,3262.0
2025-08-29 20:00:00,1.35081,1.35081,1.3501699999999999,1.35032,2128.0
2025-09-01 00:00:00,1.34881,1.35022,1.34875,1.34973,657.0
2025-09-01 01:00:00,1.34982,1.35084,1.34978,1.35031,829.0
2025-09-01 02:00:00,1.3503,1.35054,1.35002,1.35033,1012.0
2025-09-01 03:00:00,1.35033,1.35193,1.3502399999999999,1.35184,2661.0
2025-09-01 04:00:00,1.35184,1.35193,1.35053,1.3512,3152.0
2025-09-01 05:00:00,1.35122,1.3529,1.35121,1.35271,3394.0
2025-09-01 06:00:00,1.35271,1.3529200000000001,1.3519999999999999,1.35235,2446.0
2025-09-01 07:00:00,1.3523399999999999,1.3523800000000001,1.35168,1.35183,1983.0
2025-09-01 08:00:00,1.35182,1.35279,1.35172,1.35252,2292.0
2025-09-01 09:00:00,1.3525,1.35407,1.35232,1.35317,3743.0
2025-09-01 10:00:00,1.35317,1.3536299999999999,1.35151,1.35301,3649.0
2025-09-01 11:00:00,1.353,1.35372,1.35244,1.3535300000000001,3643.0
2025-09-01 12:00:00,1.3535300000000001,1.35374,1.35235,1.35302,3836.0
2025-09-01 13:00:00,1.35302,1.35347,1.35233,1.3524,2622.0
2025-09-01 14:00:00,1.35241,1.35331,1.35225,1.35242,2809.0
2025-09-01 15:00:00,1.35242,1.35337,1.3524,1.35331,2735.0
2025-09-01 16:00:00,1.35334,1.35449,1.3531,1.35371,3199.0
2025-09-01 17:00:00,1.35369,1.35499,1.35349,1.3547500000000001,3111.0
2025-09-01 18:00:00,1.35473,1.35493,1.35381,1.35416,2304.0
2025-09-01 19:00:00,1.35416,1.35458,1.35398,1.35423,1481.0
2025-09-01 20:00:00,1.35423,1.3543,1.35399,1.35425,800.0
2025-09-01 21:00:00,1.35425,1.35442,1.35413,1.35438,794.0
2025-09-01 22:00:00,1.3544,1.35492,1.35437,1.3548499999999999,907.0
2025-09-01 23:00:00,1.35483,1.355,1.35439,1.35439,770.0
2025-09-02 00:00:00,1.35429,1.35449,1.35344,1.35398,1098.0
2025-09-02 01:00:00,1.35398,1.3548499999999999,1.35398,1.3545,1027.0
2025-09-02 02:00:00,1.3545,1.35496,1.3544,1.35464,1171.0
2025-09-02 03:00:00,1.35463,1.35484,1.3535,1.35376,2871.0
2025-09-02 04:00:00,1.35376,1.3541699999999999,1.35333,1.35364,3654.0
2025-09-02 05:00:00,1.35364,1.35364,1.3523800000000001,1.3529,2970.0
2025-09-02 06:00:00,1.3529,1.35306,1.35243,1.3526099999999999,2179.0
2025-09-02 07:00:00,1.3526099999999999,1.35304,1.35232,1.35276,1961.0
2025-09-02 08:00:00,1.35275,1.35312,1.35202,1.3521,2482.0
2025-09-02 09:00:00,1.3521,1.35336,1.35209,1.35315,3368.0
2025-09-02 10:00:00,1.35314,1.35333,1.3394,1.3403100000000001,8289.0
2025-09-02 11:00:00,1.34035,1.34341,1.33756,1.34134,7428.0
2025-09-02 12:00:00,1.34135,1.3418,1.33814,1.33995,5721.0
2025-09-02 13:00:00,1.33994,1.34017,1.33713,1.33786,5031.0
2025-09-02 14:00:00,1.33786,1.3385099999999999,1.33695,1.33836,4927.0
2025-09-02 15:00:00,1.33836,1.3397299999999999,1.33403,1.33517,6570.0
2025-09-02 16:00:00,1.3352,1.33958,1.3342399999999999,1.33893,5854.0
2025-09-02 17:00:00,1.33913,1.3418700000000001,1.3391199999999999,1.33971,6838.0
2025-09-02 18:00:00,1.33972,1.34002,1.33744,1.33897,5000.0
2025-09-02 19:00:00,1.33897,1.33928,1.33833,1.33926,3631.0
2025-09-02 20:00:00,1.33926,1.33941,1.3384,1.33842,2793.0
2025-09-02 21:00:00,1.33842,1.33868,1.33751,1.33791,2650.0
2025-09-02 22:00:00,1.33791,1.33915,1.3378999999999999,1.33904,2133.0
2025-09-02 23:00:00,1.33906,1.33969,1.33903,1.3394,1552.0
2025-09-03 00:00:00,1.33884,1.33935,1.33829,1.33922,999.0
2025-09-03 01:00:00,1.33925,1.33966,1.33866,1.33868,994.0
2025-09-03 02:00:00,1.33872,1.33879,1.33814,1.33814,1299.0
2025-09-03 03:00:00,1.33814,1.33834,1.33721,1.33758,2532.0
2025-09-03 04:00:00,1.33758,1.33779,1.3367200000000001,1.33693,3074.0
2025-09-03 05:00:00,1.33693,1.33754,1.33633,1.33655,2485.0
2025-09-03 06:00:00,1.33656,1.3370600000000001,1.33612,1.33612,2075.0
2025-09-03 07:00:00,1.3361100000000001,1.33709,1.3360699999999999,1.33694,2234.0
2025-09-03 08:00:00,1.33691,1.3374,1.33591,1.33623,2361.0
2025-09-03 09:00:00,1.33623,1.3391,1.33619,1.3376700000000001,3573.0
2025-09-03 10:00:00,1.33762,1.33806,1.3333300000000001,1.3366500000000001,5852.0
2025-09-03 11:00:00,1.33663,1.34093,1.33663,1.3407200000000001,5585.0
2025-09-03 12:00:00,1.3407200000000001,1.34176,1.34023,1.34078,4524.0
2025-09-03 13:00:00,1.34078,1.34113,1.33951,1.34039,3405.0
2025-09-03 14:00:00,1.3404,1.3412899999999999,1.33975,1.34119,3496.0
2025-09-03 15:00:00,1.34117,1.34294,1.34088,1.34247,4293.0
2025-09-03 16:00:00,1.34247,1.34362,1.34105,1.34157,5574.0
2025-09-03 17:00:00,1.3415599999999999,1.3446500000000001,1.3415599999999999,1.34335,6549.0
2025-09-03 18:00:00,1.34335,1.3454,1.34301,1.34476,4486.0
2025-09-03 19:00:00,1.34477,1.34522,1.34437,1.3449900000000001,3188.0
2025-09-03 20:00:00,1.34501,1.34585,1.3439,1.34414,2869.0
2025-09-03 21:00:00,1.34415,1.34478,1.34382,1.34418,2703.0
2025-09-03 22:00:00,1.34418,1.34419,1.3434599999999999,1.34384,2317.0
2025-09-03 23:00:00,1.34383,1.34459,1.34381,1.34456,1591.0
2025-09-04 00:00:00,1.34435,1.34445,1.34308,1.34387,2550.0
2025-09-04 01:00:00,1.3437299999999999,1.34428,1.34352,1.34391,1283.0
2025-09-04 02:00:00,1.34391,1.3443,1.34381,1.34409,1173.0
2025-09-04 03:00:00,1.3441,1.3444,1.3436,1.34422,3008.0
2025-09-04 04:00:00,1.34422,1.345,1.34332,1.34374,3351.0
2025-09-04 05:00:00,1.34374,1.34379,1.34294,1.34308,2618.0
2025-09-04 06:00:00,1.34308,1.3433,1.3425799999999999,1.34279,2236.0
2025-09-04 07:00:00,1.34279,1.34307,1.34254,1.3427,1709.0
2025-09-04 08:00:00,1.3427,1.34305,1.34241,1.34281,2048.0
2025-09-04 09:00:00,1.34284,1.3441,1.3428200000000001,1.34356,3039.0
2025-09-04 10:00:00,1.34356,1.34383,1.34164,1.34272,3886.0
2025-09-04 11:00:00,1.34271,1.34569,1.34266,1.34543,3691.0
2025-09-04 12:00:00,1.34543,1.34592,1.34338,1.34397,3596.0
2025-09-04 13:00:00,1.34397,1.3456000000000001,1.34376,1.34487,3275.0
2025-09-04 14:00:00,1.34486,1.34489,1.3425099999999999,1.34334,3139.0
2025-09-04 15:00:00,1.34335,1.34527,1.3422100000000001,1.3441,5541.0
2025-09-04 16:00:00,1.34408,1.34469,1.3425799999999999,1.34396,5174.0
2025-09-04 17:00:00,1.34297,1.34393,1.34172,1.34273,5849.0
2025-09-04 18:00:00,1.34275,1.34408,1.34262,1.34387,3485.0
2025-09-04 19:00:00,1.34387,1.34395,1.34175,1.34216,3006.0
2025-09-04 20:00:00,1.34216,1.34268,1.34189,1.34223,2061.0
2025-09-04 21:00:00,1.34223,1.3431600000000001,1.34222,1.34262,2052.0
2025-09-04 22:00:00,1.34262,1.34363,1.34261,1.34359,1817.0
2025-09-04 23:00:00,1.34358,1.3437000000000001,1.34321,1.34352,1050.0
2025-09-05 00:00:00,1.34327,1.34334,1.34212,1.34328,682.0
2025-09-05 01:00:00,1.34324,1.34361,1.34324,1.34337,983.0
2025-09-05 02:00:00,1.34334,1.3445,1.34333,1.3444,1308.0
2025-09-05 03:00:00,1.3444,1.34503,1.3442,1.34493,3282.0
2025-09-05 04:00:00,1.34493,1.34543,1.34467,1.34517,3224.0
2025-09-05 05:00:00,1.34517,1.34572,1.3449900000000001,1.3453,2727.0
2025-09-05 06:00:00,1.3452899999999999,1.34552,1.34519,1.3454,1912.0
2025-09-05 07:00:00,1.3454,1.34547,1.3448,1.3450199999999999,1906.0
2025-09-05 08:00:00,1.3450199999999999,1.34632,1.34496,1.3462,1781.0
2025-09-05 09:00:00,1.34623,1.3472,1.34557,1.34558,3997.0
2025-09-05 10:00:00,1.34558,1.34668,1.3450199999999999,1.34643,3565.0
2025-09-05 11:00:00,1.34639,1.34721,1.34619,1.347,2753.0
2025-09-05 12:00:00,1.34701,1.34813,1.34672,1.34811,3014.0
2025-09-05 13:00:00,1.34813,1.34855,1.34778,1.34786,2859.0
2025-09-05 14:00:00,1.34785,1.3483399999999999,1.34616,1.34622,3114.0
2025-09-05 15:00:00,1.3462100000000001,1.35324,1.34575,1.35211,9137.0
2025-09-05 16:00:00,1.35211,1.35498,1.3513899999999999,1.35484,8672.0
2025-09-05 17:00:00,1.35488,1.35548,1.35049,1.35203,7679.0
2025-09-05 18:00:00,1.3520400000000001,1.35435,1.35186,1.3541400000000001,5425.0
2025-09-05 19:00:00,1.35413,1.3542399999999999,1.35254,1.3526,4095.0
2025-09-05 20:00:00,1.3526,1.35262,1.3510900000000001,1.35126,3615.0
2025-09-08 00:00:00,1.34955,1.3498299999999999,1.34935,1.34942,375.0
2025-09-08 01:00:00,1.34966,1.34995,1.34824,1.34869,1762.0
2025-09-08 02:00:00,1.3487,1.34961,1.34862,1.34927,2529.0
2025-09-08 03:00:00,1.34927,1.34962,1.34832,1.34961,4019.0
2025-09-08 04:00:00,1.34961,1.35035,1.34907,1.3501699999999999,4012.0
2025-09-08 05:00:00,1.3501699999999999,1.35057,1.3497,1.3504,3780.0
2025-09-08 06:00:00,1.35039,1.35056,1.34947,1.34955,2791.0
2025-09-08 07:00:00,1.3495599999999999,1.34976,1.3486799999999999,1.34964,2294.0
2025-09-08 08:00:00,1.34964,1.3504,1.34957,1.3496299999999999,2591.0
2025-09-08 09:00:00,1.34967,1.35189,1.34967,1.35183,4329.0
2025-09-08 10:00:00,1.35183,1.35259,1.3511,1.35161,4600.0
2025-09-08 11:00:00,1.35161,1.35264,1.35061,1.35124,4185.0
2025-09-08 12:00:00,1.35125,1.3514300000000001,1.3508,1.35091,3319.0
2025-09-08 13:00:00,1.35091,1.3531900000000001,1.35022,1.35303,3298.0
2025-09-08 14:00:00,1.35301,1.35364,1.35222,1.3529499999999999,2986.0
2025-09-08 15:00:00,1.35293,1.3549,1.35273,1.3543,4133.0
2025-09-08 16:00:00,1.35433,1.35564,1.35402,1.3545099999999999,4659.0
2025-09-08 17:00:00,1.35452,1.35467,1.35309,1.3535300000000001,4563.0
2025-09-08 18:00:00,1.35352,1.35466,1.3532899999999999,1.35464,3670.0
2025-09-08 19:00:00,1.35465,1.35486,1.3528,1.35377,2755.0
2025-09-08 20:00:00,1.35377,1.354,1.35275,1.35279,2365.0
2025-09-08 21:00:00,1.35278,1.3553600000000001,1.35274,1.35531,2386.0
2025-09-08 22:00:00,1.35532,1.3555,1.3549,1.3550900000000001,1950.0
2025-09-08 23:00:00,1.3550499999999999,1.35511,1.35439,1.3544,1224.0
2025-09-09 00:00:00,1.3544399999999999,1.3545099999999999,1.35405,1.35416,1218.0
2025-09-09 01:00:00,1.35432,1.35499,1.35418,1.35491,1982.0
2025-09-09 02:00:00,1.35493,1.3558,1.35491,1.35528,1120.0
2025-09-09 03:00:00,1.35527,1.3562400000000001,1.35503,1.35585,2553.0
2025-09-09 04:00:00,1.35585,1.35705,1.3553,1.3567,2561.0
2025-09-09 05:00:00,1.35669,1.35715,1.35628,1.35637,2612.0
2025-09-09 06:00:00,1.35636,1.3565,1.35582,1.3559700000000001,2197.0
2025-09-09 07:00:00,1.3559700000000001,1.35754,1.35588,1.35736,1821.0
2025-09-09 08:00:00,1.35736,1.35807,1.35708,1.35793,2682.0
2025-09-09 09:00:00,1.35797,1.35827,1.35578,1.35662,4054.0
2025-09-09 10:00:00,1.35663,1.35767,1.35583,1.35652,4046.0
2025-09-09 11:00:00,1.35653,1.3575599999999999,1.3558,1.35732,5595.0
2025-09-09 12:00:00,1.35733,1.35906,1.3572899999999999,1.35867,3802.0
2025-09-09 13:00:00,1.35867,1.35895,1.35747,1.35774,3336.0
2025-09-09 14:00:00,1.35772,1.3578299999999999,1.3557299999999999,1.35582,2640.0
2025-09-09 15:00:00,1.35582,1.35603,1.35458,1.3554300000000001,3890.0
2025-09-09 16:00:00,1.3554300000000001,1.35655,1.35515,1.35541,4698.0
2025-09-09 17:00:00,1.35549,1.35745,1.35321,1.35397,7607.0
2025-09-09 18:00:00,1.35397,1.35411,1.3523100000000001,1.35314,4548.0
2025-09-09 19:00:00,1.35314,1.35467,1.35262,1.35346,3380.0
2025-09-09 20:00:00,1.35345,1.35388,1.35245,1.3526099999999999,3244.0
2025-09-09 21:00:00,1.3526099999999999,1.35278,1.3522,1.35227,2589.0
2025-09-09 22:00:00,1.35227,1.35251,1.35184,1.35195,1998.0
2025-09-09 23:00:00,1.35194,1.3527,1.3518,1.35269,1435.0
2025-09-10 00:00:00,1.35255,1.35273,1.35171,1.35211,1972.0
2025-09-10 01:00:00,1.35211,1.35307,1.35184,1.35301,1059.0
2025-09-10 02:00:00,1.35301,1.35302,1.35182,1.35205,1262.0
2025-09-10 03:00:00,1.35205,1.3523800000000001,1.35163,1.35222,3070.0
2025-09-10 04:00:00,1.35222,1.35281,1.35147,1.35222,3733.0
2025-09-10 05:00:00,1.35224,1.35324,1.3520699999999999,1.35318,3099.0
2025-09-10 06:00:00,1.35318,1.35365,1.35309,1.3532600000000001,2280.0
2025-09-10 07:00:00,1.35325,1.35426,1.35316,1.3542100000000001,2180.0
2025-09-10 08:00:00,1.3542,1.35422,1.3532199999999999,1.35348,2174.0
2025-09-10 09:00:00,1.35352,1.35435,1.35211,1.3525800000000001,4667.0
2025-09-10 10:00:00,1.35263,1.35388,1.35131,1.35335,4488.0
2025-09-10 11:00:00,1.35335,1.3534,1.3519700000000001,1.35274,3899.0
2025-09-10 12:00:00,1.35275,1.35459,1.3526500000000001,1.35425,3627.0
2025-09-10 13:00:00,1.35425,1.35436,1.35309,1.3538700000000001,3572.0
2025-09-10 14:00:00,1.35388,1.35394,1.35276,1.3534,3178.0
2025-09-10 15:00:00,1.3534,1.35647,1.35235,1.35303,6257.0
2025-09-10 16:00:00,1.35304,1.35577,1.35256,1.35552,6253.0
2025-09-10 17:00:00,1.35552,1.35613,1.35473,1.35506,5133.0
2025-09-10 18:00:00,1.35506,1.35553,1.3543,1.35465,3440.0
2025-09-10 19:00:00,1.35467,1.35495,1.35337,1.3536299999999999,2751.0
2025-09-10 20:00:00,1.3536299999999999,1.35408,1.35275,1.35344,2453.0
2025-09-10 21:00:00,1.35343,1.3542,1.3532199999999999,1.35359,2360.0
2025-09-10 22:00:00,1.3536000000000001,1.35369,1.35215,1.35306,2154.0
2025-09-10 23:00:00,1.35306,1.3532899999999999,1.35264,1.35305,1208.0
2025-09-11 00:00:00,1.35276,1.35307,1.35192,1.35232,986.0
2025-09-11 01:00:00,1.35225,1.35381,1.35225,1.35379,992.0
2025-09-11 02:00:00,1.35379,1.354,1.35331,1.35331,1118.0
2025-09-11 03:00:00,1.35331,1.35331,1.3526799999999999,1.35275,2755.0
2025-09-11 04:00:00,1.35275,1.3534,1.35266,1.35296,2874.0
2025-09-11 05:00:00,1.35296,1.353,1.35225,1.3526,2125.0
2025-09-11 06:00:00,1.35259,1.35301,1.35251,1.35276,2168.0
2025-09-11 07:00:00,1.35276,1.35288,1.3523100000000001,1.35271,1782.0
2025-09-11 08:00:00,1.3527,1.35272,1.35148,1.35164,2036.0
2025-09-11 09:00:00,1.35162,1.35246,1.3511600000000001,1.35164,3856.0
2025-09-11 10:00:00,1.35164,1.35224,1.35033,1.35158,4301.0
2025-09-11 11:00:00,1.35159,1.35214,1.35133,1.35145,3487.0
2025-09-11 12:00:00,1.35145,1.3516,1.34939,1.35028,3753.0
2025-09-11 13:00:00,1.35028,1.35158,1.34992,1.3515,3560.0
2025-09-11 14:00:00,1.3515,1.35227,1.35058,1.35073,3675.0
2025-09-11 15:00:00,1.35074,1.35491,1.34938,1.3545,8318.0
2025-09-11 16:00:00,1.35456,1.35618,1.35397,1.35529,8110.0
2025-09-11 17:00:00,1.3553,1.35667,1.355,1.35575,5971.0
2025-09-11 18:00:00,1.35575,1.3578999999999999,1.35526,1.3565800000000001,4406.0
2025-09-11 19:00:00,1.3566,1.35792,1.35656,1.35777,3444.0
2025-09-11 20:00:00,1.35777,1.35829,1.35686,1.35707,3212.0
2025-09-11 21:00:00,1.35707,1.35822,1.35697,1.35792,2465.0
2025-09-11 22:00:00,1.35792,1.35818,1.35768,1.35778,2247.0
2025-09-11 23:00:00,1.35778,1.35804,1.35699,1.3572,1797.0
2025-09-12 00:00:00,1.35708,1.35742,1.35636,1.3569,696.0
2025-09-12 01:00:00,1.3569,1.35803,1.3566799999999999,1.3578999999999999,1246.0
2025-09-12 02:00:00,1.35791,1.35806,1.3574,1.35741,1379.0
2025-09-12 03:00:00,1.35741,1.35759,1.3568500000000001,1.3572600000000001,3175.0
2025-09-12 04:00:00,1.3572600000000001,1.35735,1.3556599999999999,1.3557299999999999,2939.0
2025-09-12 05:00:00,1.3557299999999999,1.3563,1.35556,1.35583,2482.0
2025-09-12 06:00:00,1.35583,1.35585,1.35538,1.35553,1894.0
2025-09-12 07:00:00,1.35551,1.35569,1.35523,1.35565,2676.0
2025-09-12 08:00:00,1.35565,1.35609,1.35523,1.35584,2011.0
2025-09-12 09:00:00,1.35596,1.3562699999999999,1.3545,1.35568,4110.0
2025-09-12 10:00:00,1.35568,1.3574899999999999,1.35567,1.35643,4057.0
2025-09-12 11:00:00,1.35643,1.35643,1.35308,1.35338,5152.0
2025-09-12 12:00:00,1.35338,1.3548,1.3529900000000001,1.35466,3984.0
2025-09-12 13:00:00,1.35466,1.35583,1.35456,1.35568,4020.0
2025-09-12 14:00:00,1.35568,1.35628,1.3547,1.35488,3456.0
2025-09-12 15:00:00,1.35488,1.35494,1.35243,1.35433,4694.0
2025-09-12 16:00:00,1.35433,1.35494,1.35377,1.35467,5111.0
2025-09-12 17:00:00,1.35459,1.35697,1.35459,1.35589,5640.0
2025-09-12 18:00:00,1.35589,1.35619,1.35436,1.35453,4182.0
2025-09-12 19:00:00,1.3545099999999999,1.3568500000000001,1.35405,1.35602,3352.0
2025-09-12 20:00:00,1.35603,1.35683,1.35594,1.35598,2793.0
2025-09-15 00:00:00,1.35465,1.35615,1.35412,1.3558,1633.0
2025-09-15 01:00:00,1.35605,1.35617,1.35518,1.3557000000000001,1440.0
2025-09-15 02:00:00,1.3557000000000001,1.35587,1.35517,1.35527,1437.0
2025-09-15 03:00:00,1.35526,1.3556,1.35487,1.35559,2245.0
2025-09-15 04:00:00,1.35559,1.35602,1.35527,1.35587,2828.0
2025-09-15 05:00:00,1.35588,1.35613,1.35551,1.35598,2199.0
2025-09-15 06:00:00,1.35598,1.35677,1.35592,1.35649,2326.0
2025-09-15 07:00:00,1.35649,1.3571,1.35645,1.35673,2952.0
2025-09-15 08:00:00,1.35674,1.35682,1.35615,1.35616,2535.0
2025-09-15 09:00:00,1.35619,1.35679,1.3553,1.35626,3819.0
2025-09-15 10:00:00,1.35626,1.3593899999999999,1.35615,1.35819,5078.0
2025-09-15 11:00:00,1.35818,1.35992,1.35792,1.3582,4179.0
2025-09-15 12:00:00,1.3582,1.36005,1.35785,1.35922,3875.0
2025-09-15 13:00:00,1.3592,1.36133,1.35917,1.36071,4055.0
2025-09-15 14:00:00,1.36071,1.36195,1.36048,1.3615,3522.0
2025-09-15 15:00:00,1.36151,1.36199,1.36084,1.36148,4568.0
2025-09-15 16:00:00,1.36148,1.36177,1.35951,1.3596,4539.0
2025-09-15 17:00:00,1.35961,1.35962,1.35847,1.35892,5043.0
2025-09-15 18:00:00,1.35894,1.36074,1.3587099999999999,1.3607,4251.0
2025-09-15 19:00:00,1.36071,1.36097,1.35945,1.35989,3766.0
2025-09-15 20:00:00,1.35989,1.36113,1.35945,1.36091,3005.0
2025-09-15 21:00:00,1.36091,1.36105,1.36001,1.36054,2687.0
2025-09-15 22:00:00,1.36054,1.36104,1.3604,1.3609200000000001,2571.0
2025-09-15 23:00:00,1.3609200000000001,1.3611,1.3596300000000001,1.35977,1649.0
2025-09-16 00:00:00,1.35986,1.36021,1.35944,1.35976,746.0
2025-09-16 01:00:00,1.35976,1.36041,1.35976,1.36036,1191.0
2025-09-16 02:00:00,1.3604,1.36049,1.3601,1.3601,1121.0
2025-09-16 03:00:00,1.36011,1.36057,1.3598,1.36017,2522.0
2025-09-16 04:00:00,1.36016,1.36062,1.35979,1.36033,2764.0
2025-09-16 05:00:00,1.36032,1.36143,1.3603100000000001,1.3612199999999999,2988.0
2025-09-16 06:00:00,1.3612199999999999,1.3624800000000001,1.36106,1.36173,2703.0
2025-09-16 07:00:00,1.36173,1.36176,1.3612199999999999,1.3615599999999999,2471.0
2025-09-16 08:00:00,1.3615599999999999,1.3620999999999999,1.36143,1.36185,2739.0
2025-09-16 09:00:00,1.36211,1.3633600000000001,1.36197,1.363,4078.0
2025-09-16 10:00:00,1.36301,1.3643100000000001,1.36264,1.36283,4413.0
2025-09-16 11:00:00,1.36283,1.36383,1.3624100000000001,1.36267,4608.0
2025-09-16 12:00:00,1.36264,1.36459,1.36261,1.36421,4661.0
2025-09-16 13:00:00,1.36422,1.3642400000000001,1.36261,1.3626800000000001,3175.0
2025-09-16 14:00:00,1.3626800000000001,1.36497,1.36242,1.3643100000000001,3109.0
2025-09-16 15:00:00,1.36432,1.3646099999999999,1.36249,1.36407,4671.0
2025-09-16 16:00:00,1.36408,1.36592,1.36389,1.3658000000000001,4168.0
2025-09-16 17:00:00,1.36579,1.36719,1.3649200000000001,1.36567,5591.0
2025-09-16 18:00:00,1.36567,1.36577,1.36388,1.3653,4063.0
2025-09-16 19:00:00,1.36531,1.36638,1.36508,1.36579,2921.0
2025-09-16 20:00:00,1.36581,1.3668,1.36529,1.36587,2698.0
2025-09-16 21:00:00,1.36586,1.36642,1.36558,1.36594,2179.0
2025-09-16 22:00:00,1.36594,1.36616,1.36502,1.3651200000000001,1929.0
2025-09-16 23:00:00,1.36513,1.36539,1.36417,1.36449,1507.0
2025-09-17 00:00:00,1.36452,1.36493,1.3639700000000001,1.36422,1017.0
2025-09-17 01:00:00,1.36422,1.3654600000000001,1.3639999999999999,1.36501,880.0
2025-09-17 02:00:00,1.36501,1.3655599999999999,1.36491,1.36527,895.0
2025-09-17 03:00:00,1.36527,1.36591,1.36448,1.36452,2062.0
2025-09-17 04:00:00,1.36452,1.36481,1.36396,1.36433,2235.0
2025-09-17 05:00:00,1.36433,1.36453,1.36408,1.36432,1636.0
2025-09-17 06:00:00,1.36432,1.36462,1.36411,1.36432,1112.0
2025-09-17 07:00:00,1.36432,1.3644,1.3641,1.36419,1066.0
2025-09-17 08:00:00,1.3642,1.36493,1.3642,1.36486,1144.0
2025-09-17 09:00:00,1.3643399999999999,1.36507,1.3635,1.36398,2677.0
2025-09-17 10:00:00,1.36399,1.36417,1.36299,1.36347,3040.0
2025-09-17 11:00:00,1.36347,1.36523,1.36322,1.36401,2274.0
2025-09-17 12:00:00,1.36401,1.36564,1.3639999999999999,1.36487,2155.0
2025-09-17 13:00:00,1.36487,1.36524,1.36385,1.3644,2555.0
2025-09-17 14:00:00,1.36441,1.36523,1.36401,1.36468,2356.0
2025-09-17 15:00:00,1.36469,1.36542,1.36435,1.36541,2724.0
2025-09-17 16:00:00,1.36542,1.36647,1.36483,1.36627,3201.0
2025-09-17 17:00:00,1.36628,1.36694,1.3658000000000001,1.36594,3428.0
2025-09-17 18:00:00,1.36593,1.36665,1.36552,1.36589,2914.0
2025-09-17 19:00:00,1.36589,1.36696,1.36575,1.3665,2397.0
2025-09-17 20:00:00,1.36651,1.36686,1.36601,1.36634,2443.0
2025-09-17 21:00:00,1.36603,1.37265,1.36249,1.3639700000000001,13360.0
2025-09-17 22:00:00,1.3639700000000001,1.36657,1.36341,1.3637299999999999,8896.0
2025-09-17 23:00:00,1.3637299999999999,1.36385,1.36196,1.36229,2766.0
2025-09-18 00:00:00,1.36232,1.36293,1.36194,1.36239,593.0
2025-09-18 01:00:00,1.36239,1.36333,1.36239,1.36295,1440.0
2025-09-18 02:00:00,1.36295,1.36355,1.36276,1.36294,1821.0
2025-09-18 03:00:00,1.36294,1.36299,1.3620700000000001,1.3627,3042.0
2025-09-18 04:00:00,1.3627099999999999,1.36307,1.36102,1.36175,3302.0
2025-09-18 05:00:00,1.36175,1.36283,1.36175,1.36276,2047.0
2025-09-18 06:00:00,1.36276,1.36306,1.36202,1.36208,1569.0
2025-09-18 07:00:00,1.36208,1.36218,1.3605,1.36067,1814.0
2025-09-18 08:00:00,1.36067,1.36099,1.35918,1.35968,2089.0
2025-09-18 09:00:00,1.3597000000000001,1.36049,1.35862,1.35951,3823.0
2025-09-18 10:00:00,1.3595,1.36404,1.3595,1.3633,4187.0
2025-09-18 11:00:00,1.3633,1.36484,1.36269,1.36395,3427.0
2025-09-18 12:00:00,1.36395,1.36555,1.36369,1.36456,3437.0
2025-09-18 13:00:00,1.36455,1.36541,1.36417,1.36466,3970.0
2025-09-18 14:00:00,1.36466,1.36606,1.3613,1.3621699999999999,4928.0
2025-09-18 15:00:00,1.36218,1.36232,1.35945,1.35945,5779.0
2025-09-18 16:00:00,1.35945,1.35957,1.35341,1.35513,7635.0
2025-09-18 17:00:00,1.35515,1.35714,1.35456,1.35521,7393.0
2025-09-18 18:00:00,1.35521,1.35621,1.35359,1.35481,6174.0
2025-09-18 19:00:00,1.35481,1.35579,1.35419,1.35527,4205.0
2025-09-18 20:00:00,1.35527,1.35632,1.35507,1.35554,3413.0
2025-09-18 21:00:00,1.35552,1.35567,1.35445,1.35531,2647.0
2025-09-18 22:00:00,1.35531,1.35574,1.35477,1.35487,2285.0
2025-09-18 23:00:00,1.35486,1.35524,1.3545099999999999,1.35524,1666.0
2025-09-19 00:00:00,1.35526,1.35549,1.35431,1.35532,1939.0
2025-09-19 01:00:00,1.35535,1.35553,1.35516,1.3552,2708.0
2025-09-19 02:00:00,1.3552,1.35568,1.35517,1.3555,1200.0
2025-09-19 03:00:00,1.35552,1.35559,1.35404,1.3549,3096.0
2025-09-19 04:00:00,1.35489,1.35504,1.3536299999999999,1.3538700000000001,3316.0
2025-09-19 05:00:00,1.3538700000000001,1.35425,1.35309,1.35413,2878.0
2025-09-19 06:00:00,1.35412,1.35588,1.35412,1.3550499999999999,3909.0
2025-09-19 07:00:00,1.35508,1.35595,1.35419,1.3544399999999999,4491.0
2025-09-19 08:00:00,1.35445,1.35514,1.35409,1.35443,3188.0
2025-09-19 09:00:00,1.35443,1.35454,1.34972,1.35077,6433.0
2025-09-19 10:00:00,1.35079,1.35145,1.3485,1.34912,6386.0
2025-09-19 11:00:00,1.34913,1.35018,1.34825,1.34995,4782.0
2025-09-19 12:00:00,1.34995,1.3510499999999999,1.34952,1.3504800000000001,4710.0
2025-09-19 13:00:00,1.35047,1.35087,1.34947,1.34968,3173.0
2025-09-19 14:00:00,1.34968,1.34989,1.34729,1.34776,3519.0
2025-09-19 15:00:00,1.34776,1.34832,1.34631,1.3468499999999999,5126.0
2025-09-19 16:00:00,1.3468499999999999,1.34948,1.34683,1.34898,6020.0
2025-09-19 17:00:00,1.3489499999999999,1.34982,1.34809,1.34823,6461.0
2025-09-19 18:00:00,1.34823,1.34854,1.34721,1.34824,5256.0
2025-09-19 19:00:00,1.34826,1.34854,1.34706,1.34827,3994.0
2025-09-19 20:00:00,1.34825,1.34853,1.34735,1.34762,2600.0
2025-09-22 00:00:00,1.34632,1.34654,1.34595,1.34605,1355.0
2025-09-22 01:00:00,1.34616,1.3473600000000001,1.34616,1.34711,1857.0
2025-09-22 02:00:00,1.34711,1.34721,1.3462399999999999,1.34628,1617.0
2025-09-22 03:00:00,1.34627,1.34679,1.34573,1.34676,3141.0
2025-09-22 04:00:00,1.34676,1.34745,1.34657,1.34662,4323.0
2025-09-22 05:00:00,1.34663,1.34668,1.34585,1.3459400000000001,3374.0
2025-09-22 06:00:00,1.3459400000000001,1.34672,1.34576,1.34623,2390.0
2025-09-22 07:00:00,1.34623,1.34626,1.34531,1.34607,2577.0
2025-09-22 08:00:00,1.34605,1.3474,1.34592,1.3472,1932.0
2025-09-22 09:00:00,1.34717,1.3483,1.34703,1.34748,4480.0
2025-09-22 10:00:00,1.34748,1.34833,1.34717,1.34785,5274.0
2025-09-22 11:00:00,1.34785,1.35034,1.34768,1.34958,5121.0
2025-09-22 12:00:00,1.34958,1.35043,1.34904,1.35023,4461.0
2025-09-22 13:00:00,1.3502100000000001,1.35067,1.34949,1.34996,4047.0
2025-09-22 14:00:00,1.34996,1.35,1.34924,1.34981,3420.0
2025-09-22 15:00:00,1.34981,1.35161,1.3490199999999999,1.3508200000000001,4332.0
2025-09-22 16:00:00,1.35083,1.35148,1.3498299999999999,1.35071,5515.0
2025-09-22 17:00:00,1.3507,1.35073,1.34924,1.34946,5283.0
2025-09-22 18:00:00,1.34946,1.35055,1.34921,1.35026,3600.0
2025-09-22 19:00:00,1.35025,1.3520400000000001,1.35,1.35083,3491.0
2025-09-22 20:00:00,1.35083,1.35175,1.3507,1.35165,2015.0
2025-09-22 21:00:00,1.35165,1.35195,1.35148,1.35169,1904.0
2025-09-22 22:00:00,1.35169,1.35192,1.35149,1.35158,1398.0
2025-09-22 23:00:00,1.35159,1.35168,1.35118,1.35119,1196.0
2025-09-23 00:00:00,1.35122,1.35122,1.3503,1.35108,2462.0
2025-09-23 01:00:00,1.35108,1.3517000000000001,1.351,1.3514300000000001,3040.0
2025-09-23 02:00:00,1.35144,1.35165,1.35137,1.35141,1530.0
2025-09-23 03:00:00,1.35141,1.35206,1.3511199999999999,1.35206,2072.0
2025-09-23 04:00:00,1.35206,1.35274,1.35161,1.35232,2938.0
2025-09-23 05:00:00,1.35232,1.35245,1.35054,1.35092,3477.0
2025-09-23 06:00:00,1.35092,1.35157,1.3503,1.35157,2618.0
2025-09-23 07:00:00,1.35157,1.35174,1.35046,1.3507500000000001,2181.0
2025-09-23 08:00:00,1.3507,1.35148,1.35037,1.35074,2367.0
2025-09-23 09:00:00,1.35071,1.35223,1.35023,1.35157,5069.0
2025-09-23 10:00:00,1.35157,1.3523,1.35049,1.3520400000000001,6336.0
2025-09-23 11:00:00,1.3520400000000001,1.35279,1.3487,1.35037,6391.0
2025-09-23 12:00:00,1.35038,1.35144,1.34971,1.35052,5250.0
2025-09-23 13:00:00,1.3505099999999999,1.35163,1.34991,1.3510900000000001,4915.0
2025-09-23 14:00:00,1.3510900000000001,1.35198,1.35062,1.3514599999999999,3558.0
2025-09-23 15:00:00,1.3514599999999999,1.35294,1.35098,1.35246,4221.0
2025-09-23 16:00:00,1.35247,1.35366,1.3506,1.35176,6824.0
2025-09-23 17:00:00,1.35176,1.3526099999999999,1.35094,1.35246,6716.0
2025-09-23 18:00:00,1.35244,1.35256,1.35081,1.3516599999999999,4765.0
2025-09-23 19:00:00,1.3516599999999999,1.3524,1.35071,1.35209,4189.0
2025-09-23 20:00:00,1.35209,1.3525800000000001,1.35153,1.35168,4484.0
2025-09-23 21:00:00,1.35168,1.3522,1.35133,1.35168,3470.0
2025-09-23 22:00:00,1.35169,1.35271,1.35142,1.35252,3135.0
2025-09-23 23:00:00,1.35252,1.35271,1.3519999999999999,1.35245,1405.0
2025-09-24 00:00:00,1.35241,1.35241,1.35107,1.35182,1810.0
2025-09-24 01:00:00,1.35181,1.35286,1.3518,1.35254,2264.0
2025-09-24 02:00:00,1.35253,1.35274,1.35221,1.35243,1468.0
2025-09-24 03:00:00,1.35243,1.3526099999999999,1.3514,1.35148,3304.0
2025-09-24 04:00:00,1.35148,1.35161,1.35079,1.35111,3860.0
2025-09-24 05:00:00,1.35111,1.35164,1.35098,1.35111,2982.0
2025-09-24 06:00:00,1.35111,1.3514300000000001,1.35064,1.35072,2110.0
2025-09-24 07:00:00,1.35072,1.3510499999999999,1.35052,1.35089,2311.0
2025-09-24 08:00:00,1.35088,1.35122,1.3501,1.35064,2228.0
2025-09-24 09:00:00,1.35064,1.3511199999999999,1.34921,1.34989,3678.0
2025-09-24 10:00:00,1.34988,1.35018,1.34817,1.34847,4368.0
2025-09-24 11:00:00,1.34847,1.34849,1.34731,1.34839,4592.0
2025-09-24 12:00:00,1.34839,1.34877,1.34711,1.3477700000000001,3625.0
2025-09-24 13:00:00,1.3477700000000001,1.34799,1.34645,1.34646,3278.0
2025-09-24 14:00:00,1.34645,1.34698,1.34554,1.34575,3679.0
2025-09-24 15:00:00,1.34575,1.3470900000000001,1.34361,1.34459,5010.0
2025-09-24 16:00:00,1.34458,1.34478,1.34266,1.34374,5557.0
2025-09-24 17:00:00,1.3437999999999999,1.34575,1.34267,1.34512,6121.0
2025-09-24 18:00:00,1.34512,1.34568,1.34442,1.3447200000000001,4791.0
2025-09-24 19:00:00,1.34474,1.34497,1.34391,1.34428,3455.0
2025-09-24 20:00:00,1.34428,1.34558,1.34422,1.34539,2593.0
2025-09-24 21:00:00,1.34539,1.3455,1.34435,1.34485,2588.0
2025-09-24 22:00:00,1.34484,1.34507,1.34432,1.34463,2333.0
2025-09-24 23:00:00,1.34463,1.34488,1.3443100000000001,1.3447,1262.0
2025-09-25 00:00:00,1.34457,1.34493,1.34384,1.34452,2426.0
2025-09-25 01:00:00,1.34452,1.34521,1.34443,1.34509,1855.0
2025-09-25 02:00:00,1.34511,1.34537,1.34489,1.34494,1160.0
2025-09-25 03:00:00,1.34493,1.34578,1.34488,1.34566,3429.0
2025-09-25 04:00:00,1.34569,1.34591,1.3449200000000001,1.3454,3287.0
2025-09-25 05:00:00,1.34541,1.3462100000000001,1.34539,1.34585,2776.0
2025-09-25 06:00:00,1.34585,1.34626,1.34555,1.34613,2032.0
2025-09-25 07:00:00,1.34613,1.34647,1.346,1.3463,1858.0
2025-09-25 08:00:00,1.3463,1.34631,1.3453300000000001,1.3455,2025.0
2025-09-25 09:00:00,1.34546,1.3467,1.34498,1.34646,3787.0
2025-09-25 10:00:00,1.3464800000000001,1.3465099999999999,1.34364,1.3437700000000001,4768.0
2025-09-25 11:00:00,1.34378,1.34535,1.34345,1.34528,4981.0
2025-09-25 12:00:00,1.34532,1.34595,1.34462,1.34498,3808.0
2025-09-25 13:00:00,1.34498,1.34566,1.34462,1.34464,3404.0
2025-09-25 14:00:00,1.34462,1.34479,1.34178,1.34216,3563.0
2025-09-25 15:00:00,1.34216,1.34233,1.33723,1.33838,7350.0
2025-09-25 16:00:00,1.33839,1.33944,1.33632,1.33705,8641.0
2025-09-25 17:00:00,1.33703,1.33841,1.33471,1.33478,8009.0
2025-09-25 18:00:00,1.33478,1.33518,1.33411,1.3348499999999999,6414.0
2025-09-25 19:00:00,1.3348499999999999,1.33572,1.3336000000000001,1.33392,4481.0
2025-09-25 20:00:00,1.33391,1.33436,1.33267,1.33353,4253.0
2025-09-25 21:00:00,1.33354,1.33379,1.33236,1.33339,3880.0
2025-09-25 22:00:00,1.3334,1.33409,1.33337,1.33368,2728.0
2025-09-25 23:00:00,1.33368,1.33468,1.33364,1.33418,1482.0
2025-09-26 00:00:00,1.33406,1.33436,1.33322,1.33338,2513.0
2025-09-26 01:00:00,1.33338,1.3345799999999999,1.33338,1.33438,1609.0
2025-09-26 02:00:00,1.3344,1.3344,1.33323,1.33352,1703.0
2025-09-26 03:00:00,1.33352,1.33461,1.33293,1.33454,2986.0
2025-09-26 04:00:00,1.33454,1.33481,1.3339400000000001,1.33418,3074.0
2025-09-26 05:00:00,1.33419,1.33554,1.33416,1.33499,2423.0
2025-09-26 06:00:00,1.33499,1.33544,1.3348499999999999,1.33538,1949.0
2025-09-26 07:00:00,1.33538,1.33556,1.33495,1.3354300000000001,2002.0
2025-09-26 08:00:00,1.3354300000000001,1.33578,1.33528,1.33539,2022.0
2025-09-26 09:00:00,1.33536,1.33642,1.3351,1.33639,4135.0
2025-09-26 10:00:00,1.3363399999999999,1.33698,1.3345099999999999,1.33528,4593.0
2025-09-26 11:00:00,1.33527,1.33708,1.33511,1.3365,3962.0
2025-09-26 12:00:00,1.3365,1.3366,1.33506,1.33527,3771.0
2025-09-26 13:00:00,1.33525,1.33556,1.33435,1.33461,3598.0
2025-09-26 14:00:00,1.33462,1.33563,1.33439,1.33503,2980.0
2025-09-26 15:00:00,1.33503,1.33769,1.33486,1.33769,5866.0
2025-09-26 16:00:00,1.33771,1.3388200000000001,1.33753,1.33846,7169.0
2025-09-26 17:00:00,1.3384800000000001,1.34066,1.33846,1.34016,7233.0
2025-09-26 18:00:00,1.34016,1.34131,1.33944,1.34017,5188.0
2025-09-26 19:00:00,1.34017,1.34098,1.33965,1.33983,3637.0
2025-09-26 20:00:00,1.33984,1.34077,1.3397999999999999,1.34048,2456.0
2025-09-29 00:00:00,1.3385799999999999,1.34012,1.33857,1.33978,884.0
2025-09-29 01:00:00,1.3397999999999999,1.34063,1.3397999999999999,1.34046,1308.0
2025-09-29 02:00:00,1.34046,1.34113,1.3403800000000001,1.3407499999999999,1680.0
2025-09-29 03:00:00,1.34076,1.34253,1.34066,1.34241,2999.0
2025-09-29 04:00:00,1.3424,1.34284,1.3416299999999999,1.34268,3123.0
2025-09-29 05:00:00,1.34269,1.34341,1.34259,1.34297,2846.0
2025-09-29 06:00:00,1.34297,1.34347,1.34291,1.34318,2107.0
2025-09-29 07:00:00,1.34318,1.34416,1.3428200000000001,1.34375,1984.0
2025-09-29 08:00:00,1.34375,1.34429,1.34344,1.34418,2539.0
2025-09-29 09:00:00,1.34419,1.34424,1.34344,1.3437999999999999,4049.0
2025-09-29 10:00:00,1.3437999999999999,1.34498,1.34366,1.34466,4764.0
2025-09-29 11:00:00,1.34467,1.3450199999999999,1.34314,1.34355,4469.0
2025-09-29 12:00:00,1.34355,1.34427,1.34301,1.34313,4021.0
2025-09-29 13:00:00,1.34313,1.34331,1.3425,1.34283,3268.0
2025-09-29 14:00:00,1.34283,1.34474,1.34246,1.34473,3630.0
2025-09-29 15:00:00,1.34473,1.3457,1.34341,1.34516,5374.0
2025-09-29 16:00:00,1.34516,1.34522,1.34376,1.34384,5501.0
2025-09-29 17:00:00,1.34383,1.34399,1.34159,1.34182,6177.0
2025-09-29 18:00:00,1.34184,1.34364,1.34171,1.34322,5435.0
2025-09-29 19:00:00,1.34322,1.34361,1.34263,1.3430900000000001,2743.0
2025-09-29 20:00:00,1.3430900000000001,1.34341,1.34237,1.34249,2575.0
2025-09-29 21:00:00,1.3425099999999999,1.3439,1.34229,1.3437999999999999,2260.0
2025-09-29 22:00:00,1.3437999999999999,1.34385,1.34342,1.34359,2041.0
2025-09-29 23:00:00,1.34358,1.34359,1.34291,1.34306,1049.0
2025-09-30 00:00:00,1.34238,1.34276,1.3422,1.34247,831.0
2025-09-30 01:00:00,1.34245,1.3433899999999999,1.34243,1.34337,1715.0
2025-09-30 02:00:00,1.34337,1.34378,1.34333,1.34349,1050.0
2025-09-30 03:00:00,1.3435000000000001,1.34361,1.34204,1.34249,3293.0
2025-09-30 04:00:00,1.34252,1.3434599999999999,1.3422399999999999,1.34229,3541.0
2025-09-30 05:00:00,1.3423,1.34322,1.34205,1.3430900000000001,2545.0
2025-09-30 06:00:00,1.3430900000000001,1.34389,1.3427799999999999,1.34353,2170.0
2025-09-30 07:00:00,1.34353,1.34386,1.34277,1.34384,2381.0
2025-09-30 08:00:00,1.34385,1.34467,1.34333,1.34338,3205.0
2025-09-30 09:00:00,1.34342,1.34518,1.34284,1.34402,4489.0
2025-09-30 10:00:00,1.34402,1.34517,1.3431899999999999,1.34466,4777.0
2025-09-30 11:00:00,1.34471,1.34521,1.34405,1.34458,5118.0
2025-09-30 12:00:00,1.34458,1.34497,1.34409,1.34446,4001.0
2025-09-30 13:00:00,1.34445,1.34509,1.34364,1.3437700000000001,3496.0
2025-09-30 14:00:00,1.34378,1.34439,1.34247,1.3437000000000001,2918.0
2025-09-30 15:00:00,1.34371,1.34521,1.34363,1.34423,3611.0
2025-09-30 16:00:00,1.34424,1.3450199999999999,1.3413599999999999,1.3443399999999999,5250.0
2025-09-30 17:00:00,1.34436,1.3467,1.3435000000000001,1.34616,7255.0
2025-09-30 18:00:00,1.34615,1.34629,1.34363,1.3443,5385.0
2025-09-30 19:00:00,1.3443,1.34626,1.34396,1.34589,3771.0
2025-09-30 20:00:00,1.34589,1.34639,1.34496,1.34509,3133.0
2025-09-30 21:00:00,1.3451,1.34532,1.34403,1.34488,2636.0
2025-09-30 22:00:00,1.34489,1.34521,1.34436,1.34489,2389.0
2025-09-30 23:00:00,1.34494,1.34497,1.34394,1.34439,1387.0
2025-10-01 00:00:00,1.34442,1.3445,1.3437700000000001,1.3441100000000001,1387.0
2025-10-01 01:00:00,1.34408,1.34523,1.34408,1.3444099999999999,2096.0
2025-10-01 02:00:00,1.3444099999999999,1.345,1.34422,1.34425,1837.0
2025-10-01 03:00:00,1.34424,1.3444099999999999,1.34358,1.3440699999999999,3067.0
2025-10-01 04:00:00,1.34406,1.34424,1.34348,1.34421,2527.0
2025-10-01 05:00:00,1.34421,1.34437,1.34349,1.34413,2578.0
2025-10-01 06:00:00,1.34413,1.34429,1.34359,1.3441,2214.0
2025-10-01 07:00:00,1.3441,1.34641,1.34409,1.34633,2379.0
2025-10-01 08:00:00,1.34633,1.34724,1.34552,1.3455300000000001,2792.0
2025-10-01 09:00:00,1.34555,1.3477999999999999,1.34551,1.34663,4504.0
2025-10-01 10:00:00,1.34662,1.3477299999999999,1.34538,1.34672,6735.0
2025-10-01 11:00:00,1.34674,1.34803,1.34666,1.3467500000000001,4843.0
2025-10-01 12:00:00,1.3467500000000001,1.34752,1.34625,1.34645,4316.0
2025-10-01 13:00:00,1.34645,1.3476,1.34579,1.34711,4224.0
2025-10-01 14:00:00,1.34711,1.34887,1.34707,1.34821,3658.0
2025-10-01 15:00:00,1.34821,1.35219,1.34696,1.35125,9266.0
2025-10-01 16:00:00,1.35127,1.35275,1.35066,1.35154,6911.0
2025-10-01 17:00:00,1.35156,1.35243,1.34928,1.35068,9176.0
2025-10-01 18:00:00,1.35065,1.3508,1.34707,1.34718,5998.0
2025-10-01 19:00:00,1.3471600000000001,1.34768,1.34653,1.34742,3845.0
2025-10-01 20:00:00,1.34742,1.34791,1.34717,1.34729,2715.0
2025-10-01 21:00:00,1.34728,1.34893,1.34688,1.3485800000000001,3138.0
2025-10-01 22:00:00,1.3485800000000001,1.34882,1.3479,1.34796,1801.0
2025-10-01 23:00:00,1.34798,1.3479999999999999,1.3471600000000001,1.34762,1414.0
2025-10-02 00:00:00,1.34754,1.34784,1.34713,1.34766,808.0
2025-10-02 01:00:00,1.34774,1.34818,1.34756,1.34796,1158.0
2025-10-02 02:00:00,1.3479700000000001,1.34833,1.34779,1.34782,1242.0
2025-10-02 03:00:00,1.34781,1.34783,1.34694,1.34696,2938.0
2025-10-02 04:00:00,1.34696,1.34842,1.34676,1.3484,2908.0
2025-10-02 05:00:00,1.3484099999999999,1.34876,1.3479700000000001,1.3481,2199.0
2025-10-02 06:00:00,1.34809,1.34815,1.34758,1.3477999999999999,2185.0
2025-10-02 07:00:00,1.3477999999999999,1.34791,1.34737,1.34755,1904.0
2025-10-02 08:00:00,1.34755,1.34787,1.34691,1.34754,2366.0
2025-10-02 09:00:00,1.34759,1.34897,1.3473600000000001,1.34897,4171.0
2025-10-02 10:00:00,1.34898,1.35008,1.34877,1.34942,4586.0
2025-10-02 11:00:00,1.34945,1.35104,1.34918,1.35047,4246.0
2025-10-02 12:00:00,1.35047,1.35079,1.34967,1.34989,4147.0
2025-10-02 13:00:00,1.3498700000000001,1.3498700000000001,1.34799,1.34801,3717.0
2025-10-02 14:00:00,1.34802,1.3483100000000001,1.34706,1.34764,3316.0
2025-10-02 15:00:00,1.34763,1.3483,1.34639,1.3465799999999999,4034.0
2025-10-02 16:00:00,1.34659,1.34687,1.34265,1.34305,5795.0
2025-10-02 17:00:00,1.34305,1.34307,1.34121,1.34206,6636.0
2025-10-02 18:00:00,1.34205,1.34273,1.34009,1.34212,5416.0
2025-10-02 19:00:00,1.34213,1.34394,1.34204,1.34392,3484.0
2025-10-02 20:00:00,1.34392,1.34455,1.34359,1.34379,2645.0
2025-10-02 21:00:00,1.34379,1.3448,1.34362,1.3446799999999999,2391.0
2025-10-02 22:00:00,1.34469,1.34521,1.3443,1.3443,1736.0
2025-10-02 23:00:00,1.3443,1.34497,1.34383,1.34384,1528.0
2025-10-03 00:00:00,1.34372,1.34418,1.34297,1.34398,1492.0
2025-10-03 01:00:00,1.34398,1.34551,1.34381,1.3441100000000001,1497.0
2025-10-03 02:00:00,1.3441100000000001,1.34466,1.3440699999999999,1.34462,1379.0
2025-10-03 03:00:00,1.34462,1.34462,1.34393,1.34447,2474.0
2025-10-03 04:00:00,1.34446,1.34507,1.3433,1.3445,3086.0
2025-10-03 05:00:00,1.3445,1.34458,1.34359,1.34397,2268.0
2025-10-03 06:00:00,1.34397,1.34454,1.34356,1.34448,1817.0
2025-10-03 07:00:00,1.34448,1.34464,1.34351,1.34351,1742.0
2025-10-03 08:00:00,1.34351,1.34369,1.34307,1.34322,2335.0
2025-10-03 09:00:00,1.34322,1.3444,1.34289,1.3434,3556.0
2025-10-03 10:00:00,1.34342,1.34611,1.34342,1.34602,3765.0
2025-10-03 11:00:00,1.34604,1.34672,1.34527,1.34579,4723.0
2025-10-03 12:00:00,1.3458,1.34584,1.3442,1.34538,3798.0
2025-10-03 13:00:00,1.34538,1.34564,1.34485,1.34525,2800.0
2025-10-03 14:00:00,1.34528,1.34555,1.34446,1.3449200000000001,3242.0
2025-10-03 15:00:00,1.3449499999999999,1.34599,1.34369,1.34584,4144.0
2025-10-03 16:00:00,1.34586,1.34688,1.34505,1.34657,5276.0
2025-10-03 17:00:00,1.3471199999999999,1.34778,1.34571,1.3471899999999999,7944.0
2025-10-03 18:00:00,1.3471899999999999,1.34848,1.3465500000000001,1.34795,4320.0
2025-10-03 19:00:00,1.34793,1.34847,1.34732,1.34776,2510.0
2025-10-03 20:00:00,1.34776,1.34824,1.34669,1.3471199999999999,2708.0
2025-10-06 00:00:00,1.3431,1.3449200000000001,1.3428499999999999,1.3434300000000001,1211.0
2025-10-06 01:00:00,1.34359,1.34409,1.3423,1.34349,3625.0
2025-10-06 02:00:00,1.34349,1.34387,1.34262,1.34318,4892.0
2025-10-06 03:00:00,1.34321,1.34403,1.34276,1.34401,4718.0
2025-10-06 04:00:00,1.34406,1.3451,1.34355,1.3449900000000001,3542.0
2025-10-06 05:00:00,1.34498,1.34577,1.34491,1.34548,2363.0
2025-10-06 06:00:00,1.34548,1.34582,1.34515,1.34519,2401.0
2025-10-06 07:00:00,1.34518,1.34549,1.34455,1.3446799999999999,3050.0
2025-10-06 08:00:00,1.3446799999999999,1.34527,1.3439999999999999,1.34435,2469.0
2025-10-06 09:00:00,1.34442,1.34486,1.34307,1.34419,5563.0
2025-10-06 10:00:00,1.34416,1.34644,1.34362,1.34436,7280.0
2025-10-06 11:00:00,1.34433,1.34453,1.34183,1.34359,6800.0
2025-10-06 12:00:00,1.34355,1.3439,1.34244,1.3437000000000001,5058.0
2025-10-06 13:00:00,1.34369,1.3437700000000001,1.34223,1.3422399999999999,4543.0
2025-10-06 14:00:00,1.3422399999999999,1.3431899999999999,1.34166,1.34249,3826.0
2025-10-06 15:00:00,1.3424800000000001,1.34405,1.34233,1.34376,5594.0
2025-10-06 16:00:00,1.3437700000000001,1.34646,1.34375,1.34613,5310.0
2025-10-06 17:00:00,1.34612,1.34843,1.3458700000000001,1.34798,5919.0
2025-10-06 18:00:00,1.34801,1.3484099999999999,1.34684,1.34751,4831.0
2025-10-06 19:00:00,1.34751,1.3477000000000001,1.34659,1.34753,2775.0
2025-10-06 20:00:00,1.34752,1.3484,1.34752,1.34839,2344.0
2025-10-06 21:00:00,1.34839,1.3486799999999999,1.3479700000000001,1.34824,2097.0
2025-10-06 22:00:00,1.34824,1.349,1.34806,1.34817,2173.0
2025-10-06 23:00:00,1.34816,1.34869,1.34803,1.34844,1396.0
2025-10-07 00:00:00,1.34849,1.34849,1.34759,1.34763,612.0
2025-10-07 01:00:00,1.34763,1.34871,1.34763,1.34816,1731.0
2025-10-07 02:00:00,1.34817,1.34872,1.34798,1.34843,1412.0
2025-10-07 03:00:00,1.34844,1.34847,1.3477700000000001,1.34822,2790.0
2025-10-07 04:00:00,1.34822,1.34822,1.34726,1.3474,2384.0
2025-10-07 05:00:00,1.34741,1.34798,1.34729,1.34761,1657.0
2025-10-07 06:00:00,1.3476,1.34809,1.34745,1.34763,1623.0
2025-10-07 07:00:00,1.34761,1.3480699999999999,1.34676,1.34696,2161.0
2025-10-07 08:00:00,1.34698,1.34711,1.34546,1.34599,2643.0
2025-10-07 09:00:00,1.34601,1.34601,1.34447,1.34531,4616.0
2025-10-07 10:00:00,1.3453,1.34539,1.34296,1.34368,5573.0
2025-10-07 11:00:00,1.34368,1.34453,1.34327,1.34371,4490.0
2025-10-07 12:00:00,1.34371,1.34443,1.34327,1.3444099999999999,3808.0
2025-10-07 13:00:00,1.34442,1.34442,1.34243,1.34257,4079.0
2025-10-07 14:00:00,1.34259,1.34284,1.33921,1.3401399999999999,3999.0
2025-10-07 15:00:00,1.3401399999999999,1.34155,1.33937,1.34144,4894.0
2025-10-07 16:00:00,1.34145,1.34279,1.34098,1.3418,5235.0
2025-10-07 17:00:00,1.3418,1.34336,1.34143,1.3431199999999999,5841.0
2025-10-07 18:00:00,1.3431199999999999,1.34544,1.3431,1.34402,5388.0
2025-10-07 19:00:00,1.34401,1.34503,1.3439,1.34427,4049.0
2025-10-07 20:00:00,1.34427,1.3452,1.3439999999999999,1.34405,3281.0
2025-10-07 21:00:00,1.3440699999999999,1.34413,1.3429,1.34301,3190.0
2025-10-07 22:00:00,1.343,1.3431,1.34159,1.34214,2617.0
2025-10-07 23:00:00,1.34213,1.34259,1.3418700000000001,1.34225,1409.0
2025-10-08 00:00:00,1.34186,1.34326,1.34186,1.3425,1117.0
2025-10-08 01:00:00,1.3425,1.34288,1.34239,1.34254,1373.0
2025-10-08 02:00:00,1.34256,1.34265,1.34196,1.34202,1956.0
2025-10-08 03:00:00,1.34203,1.34214,1.34118,1.3416000000000001,2982.0
2025-10-08 04:00:00,1.34159,1.34159,1.33962,1.3397299999999999,4845.0
2025-10-08 05:00:00,1.33976,1.34028,1.33918,1.33969,3166.0
2025-10-08 06:00:00,1.3397000000000001,1.34,1.33905,1.33995,2395.0
2025-10-08 07:00:00,1.33995,1.3400699999999999,1.33902,1.33937,2197.0
2025-10-08 08:00:00,1.33937,1.33937,1.33849,1.3391600000000001,2607.0
2025-10-08 09:00:00,1.33918,1.33976,1.33841,1.33967,5070.0
2025-10-08 10:00:00,1.3397000000000001,1.34176,1.3394300000000001,1.34173,5764.0
2025-10-08 11:00:00,1.34173,1.34261,1.34054,1.34083,4662.0
2025-10-08 12:00:00,1.34084,1.34138,1.34003,1.3403,4596.0
2025-10-08 13:00:00,1.3403,1.34275,1.34015,1.34123,3914.0
2025-10-08 14:00:00,1.34122,1.34164,1.3401,1.3407499999999999,3441.0
2025-10-08 15:00:00,1.3407499999999999,1.34218,1.34073,1.34192,4403.0
2025-10-08 16:00:00,1.34192,1.3430900000000001,1.34171,1.34241,5316.0
2025-10-08 17:00:00,1.3424,1.34386,1.34192,1.34211,5459.0
2025-10-08 18:00:00,1.3421,1.34232,1.33871,1.3389,4524.0
2025-10-08 19:00:00,1.3389,1.3390900000000001,1.3372,1.33875,3639.0
2025-10-08 20:00:00,1.33875,1.33878,1.33793,1.33809,2710.0
2025-10-08 21:00:00,1.33812,1.33896,1.3371,1.33893,4700.0
2025-10-08 22:00:00,1.33895,1.34006,1.33895,1.33997,2729.0
2025-10-08 23:00:00,1.33997,1.34057,1.33968,1.34029,1519.0
2025-10-09 00:00:00,1.34024,1.34046,1.33934,1.3400400000000001,1735.0
2025-10-09 01:00:00,1.3400400000000001,1.34081,1.33998,1.34062,1959.0
2025-10-09 02:00:00,1.34062,1.34063,1.33993,1.3400400000000001,1675.0
2025-10-09 03:00:00,1.34003,1.34132,1.33993,1.34098,2650.0
2025-10-09 04:00:00,1.34097,1.34192,1.34078,1.34098,3877.0
2025-10-09 05:00:00,1.34098,1.3419400000000001,1.34063,1.34164,2256.0
2025-10-09 06:00:00,1.3416299999999999,1.34183,1.34085,1.34151,1696.0
2025-10-09 07:00:00,1.34151,1.34158,1.34085,1.34125,1545.0
2025-10-09 08:00:00,1.34125,1.3417,1.34052,1.34056,1863.0
2025-10-09 09:00:00,1.34061,1.34071,1.33578,1.33644,5939.0
2025-10-09 10:00:00,1.3364500000000001,1.33727,1.335,1.33526,5656.0
2025-10-09 11:00:00,1.33527,1.3364099999999999,1.33427,1.33618,4872.0
2025-10-09 12:00:00,1.33619,1.3389,1.33588,1.33871,5611.0
2025-10-09 13:00:00,1.33873,1.33901,1.33689,1.33694,4267.0
2025-10-09 14:00:00,1.33697,1.33818,1.33585,1.33751,3265.0
2025-10-09 15:00:00,1.33752,1.33886,1.33686,1.33846,4828.0
2025-10-09 16:00:00,1.3384800000000001,1.33952,1.33559,1.33688,7797.0
2025-10-09 17:00:00,1.33688,1.33689,1.3326,1.33323,8400.0
2025-10-09 18:00:00,1.33322,1.33344,1.32912,1.33091,7481.0
2025-10-09 19:00:00,1.33091,1.3315000000000001,1.32911,1.32941,5135.0
2025-10-09 20:00:00,1.32941,1.33034,1.32885,1.32982,4676.0
2025-10-09 21:00:00,1.32982,1.32984,1.32797,1.32813,3579.0
2025-10-09 22:00:00,1.3281800000000001,1.3298,1.32812,1.3296700000000001,3134.0
2025-10-09 23:00:00,1.32964,1.3306200000000001,1.32956,1.33017,1894.0
2025-10-10 00:00:00,1.3299699999999999,1.33048,1.32928,1.33026,597.0
2025-10-10 01:00:00,1.33026,1.3306200000000001,1.32988,1.33003,1843.0
2025-10-10 02:00:00,1.33004,1.33041,1.32928,1.33029,2186.0
2025-10-10 03:00:00,1.3302800000000001,1.33056,1.32959,1.33046,2788.0
2025-10-10 04:00:00,1.33046,1.33087,1.3299699999999999,1.3302,3217.0
2025-10-10 05:00:00,1.3302100000000001,1.33109,1.3301,1.33083,2283.0
2025-10-10 06:00:00,1.33083,1.3314,1.33064,1.33118,2114.0
2025-10-10 07:00:00,1.33118,1.33132,1.33052,1.33087,1982.0
2025-10-10 08:00:00,1.33088,1.3314599999999999,1.3306499999999999,1.3306499999999999,2292.0
2025-10-10 09:00:00,1.33064,1.33113,1.32882,1.32962,5320.0
2025-10-10 10:00:00,1.32962,1.33064,1.32793,1.3303099999999999,6094.0
2025-10-10 11:00:00,1.3303,1.3313,1.32979,1.3308200000000001,5083.0
2025-10-10 12:00:00,1.33081,1.33091,1.3287200000000001,1.32911,4124.0
2025-10-10 13:00:00,1.32913,1.32988,1.32617,1.3262,4647.0
2025-10-10 14:00:00,1.3262,1.32781,1.32619,1.32721,4076.0
2025-10-10 15:00:00,1.32721,1.32878,1.32718,1.32794,4303.0
2025-10-10 16:00:00,1.32794,1.3282,1.3268499999999999,1.32755,4892.0
2025-10-10 17:00:00,1.32748,1.33093,1.32722,1.33026,7468.0
2025-10-10 18:00:00,1.33026,1.33704,1.33011,1.33427,12144.0
2025-10-10 19:00:00,1.33422,1.3357700000000001,1.33381,1.3345099999999999,8001.0
2025-10-10 20:00:00,1.33452,1.33473,1.33318,1.33449,4715.0
2025-10-13 00:00:00,1.3344,1.3344,1.33229,1.33311,1132.0
2025-10-13 01:00:00,1.3333599999999999,1.33541,1.33314,1.3342100000000001,3817.0
2025-10-13 02:00:00,1.33422,1.33479,1.33352,1.33358,3685.0
2025-10-13 03:00:00,1.33356,1.33507,1.33351,1.33507,4150.0
2025-10-13 04:00:00,1.3351,1.33575,1.3345099999999999,1.33547,4490.0
2025-10-13 05:00:00,1.33548,1.33632,1.33503,1.33522,3053.0
2025-10-13 06:00:00,1.33522,1.33552,1.33484,1.33534,2647.0
2025-10-13 07:00:00,1.33534,1.3360400000000001,1.33524,1.33567,1845.0
2025-10-13 08:00:00,1.33567,1.33615,1.33471,1.3348200000000001,2919.0
2025-10-13 09:00:00,1.3348200000000001,1.3366500000000001,1.33462,1.3348499999999999,5123.0
2025-10-13 10:00:00,1.3348499999999999,1.33498,1.33297,1.33349,6596.0
2025-10-13 11:00:00,1.33349,1.33393,1.33151,1.33264,5461.0
2025-10-13 12:00:00,1.33263,1.33434,1.33247,1.33372,3705.0
2025-10-13 13:00:00,1.33372,1.3343,1.33284,1.33366,3988.0
2025-10-13 14:00:00,1.33366,1.33527,1.3327200000000001,1.3330899999999999,5251.0
2025-10-13 15:00:00,1.3331,1.334,1.3324500000000001,1.33339,4916.0
2025-10-13 16:00:00,1.33339,1.33388,1.33254,1.3332899999999999,5471.0
2025-10-13 17:00:00,1.3332899999999999,1.3333300000000001,1.33193,1.33269,5910.0
2025-10-13 18:00:00,1.3327,1.33356,1.33239,1.33285,4055.0
2025-10-13 19:00:00,1.33285,1.33374,1.33259,1.33304,3517.0
2025-10-13 20:00:00,1.33304,1.33343,1.3326500000000001,1.33324,2113.0
2025-10-13 21:00:00,1.33324,1.33405,1.3331,1.3334,2224.0
2025-10-13 22:00:00,1.3334,1.33392,1.33303,1.3330899999999999,2159.0
2025-10-13 23:00:00,1.3330899999999999,1.33345,1.33296,1.3333,1259.0
2025-10-14 00:00:00,1.33317,1.33348,1.33252,1.333,246.0
2025-10-14 01:00:00,1.33304,1.33373,1.3329,1.33311,1278.0
2025-10-14 02:00:00,1.33312,1.33352,1.3326799999999999,1.33325,1547.0
2025-10-14 03:00:00,1.33317,1.33385,1.33257,1.33362,3620.0
2025-10-14 04:00:00,1.33364,1.33474,1.33354,1.33437,3522.0
2025-10-14 05:00:00,1.33436,1.33459,1.3339699999999999,1.33438,2298.0
2025-10-14 06:00:00,1.33437,1.33502,1.334,1.33453,2489.0
2025-10-14 07:00:00,1.33453,1.33527,1.33436,1.33522,3684.0
2025-10-14 08:00:00,1.33523,1.33524,1.33402,1.33407,3733.0
2025-10-14 09:00:00,1.33392,1.33402,1.32752,1.32803,7714.0
2025-10-14 10:00:00,1.32803,1.32834,1.32522,1.32568,7762.0
2025-10-14 11:00:00,1.32566,1.3284,1.3253300000000001,1.3284,5647.0
2025-10-14 12:00:00,1.3284099999999999,1.3284099999999999,1.32642,1.32679,5339.0
2025-10-14 13:00:00,1.32672,1.32718,1.32586,1.32648,5252.0
2025-10-14 14:00:00,1.32648,1.32759,1.32612,1.3268900000000001,4896.0
2025-10-14 15:00:00,1.3268900000000001,1.32727,1.32486,1.32615,6638.0
2025-10-14 16:00:00,1.32615,1.32959,1.3261,1.32822,7729.0
2025-10-14 17:00:00,1.32821,1.33032,1.32797,1.32968,7186.0
2025-10-14 18:00:00,1.32968,1.33193,1.32883,1.33178,6585.0
2025-10-14 19:00:00,1.33179,1.33295,1.33069,1.3317700000000001,6126.0
2025-10-14 20:00:00,1.33174,1.333,1.33122,1.33279,4044.0
2025-10-14 21:00:00,1.33279,1.33318,1.33203,1.33276,3247.0
2025-10-14 22:00:00,1.33276,1.33323,1.33226,1.33257,3941.0
2025-10-14 23:00:00,1.33256,1.33274,1.33141,1.3318400000000001,1536.0
2025-10-15 00:00:00,1.33152,1.3321,1.33147,1.33162,150.0
2025-10-15 01:00:00,1.33162,1.33229,1.3314599999999999,1.3319,1422.0
2025-10-15 02:00:00,1.33192,1.33249,1.33172,1.3322,1352.0
2025-10-15 03:00:00,1.33217,1.3331,1.33201,1.33288,3398.0
2025-10-15 04:00:00,1.33288,1.33409,1.33257,1.334,3444.0
2025-10-15 05:00:00,1.33403,1.33515,1.33398,1.33495,2977.0
2025-10-15 06:00:00,1.33494,1.33542,1.33483,1.3351600000000001,2069.0
2025-10-15 07:00:00,1.33517,1.3354300000000001,1.33449,1.3348900000000001,2056.0
2025-10-15 08:00:00,1.33493,1.33589,1.33467,1.33527,2282.0
2025-10-15 09:00:00,1.33529,1.33734,1.33506,1.33625,5141.0
2025-10-15 10:00:00,1.33635,1.3364500000000001,1.33419,1.33497,5665.0
2025-10-15 11:00:00,1.33494,1.33557,1.33415,1.33457,5365.0
2025-10-15 12:00:00,1.3345500000000001,1.33575,1.33361,1.33507,4985.0
2025-10-15 13:00:00,1.33507,1.3366,1.33466,1.33649,3589.0
2025-10-15 14:00:00,1.33649,1.33669,1.33501,1.3351899999999999,3059.0
2025-10-15 15:00:00,1.3352,1.33566,1.33415,1.33459,5606.0
2025-10-15 16:00:00,1.3346,1.33528,1.33351,1.33496,7119.0
2025-10-15 17:00:00,1.33496,1.3367,1.33465,1.33652,5192.0
2025-10-15 18:00:00,1.33653,1.34035,1.33622,1.3394,6175.0
2025-10-15 19:00:00,1.3394,1.33948,1.33847,1.33908,5058.0
2025-10-15 20:00:00,1.33908,1.33908,1.33717,1.33769,5476.0
2025-10-15 21:00:00,1.3377,1.33871,1.33705,1.3383,3091.0
2025-10-15 22:00:00,1.33829,1.33939,1.33829,1.33935,2383.0
2025-10-15 23:00:00,1.33932,1.34078,1.33921,1.34029,1734.0
2025-10-16 00:00:00,1.34003,1.3401399999999999,1.33876,1.33901,432.0
2025-10-16 01:00:00,1.339,1.34083,1.339,1.34037,2379.0
2025-10-16 02:00:00,1.34039,1.34049,1.3400400000000001,1.3403399999999999,1702.0
2025-10-16 03:00:00,1.34032,1.3428499999999999,1.33999,1.34222,4604.0
2025-10-16 04:00:00,1.3422100000000001,1.34423,1.3421699999999999,1.3436,4176.0
2025-10-16 05:00:00,1.3436,1.3439999999999999,1.3428499999999999,1.3431,2845.0
2025-10-16 06:00:00,1.3430900000000001,1.34321,1.34219,1.34222,2055.0
2025-10-16 07:00:00,1.34222,1.34231,1.34127,1.34145,1624.0
2025-10-16 08:00:00,1.34144,1.34211,1.34119,1.34169,2934.0
2025-10-16 09:00:00,1.3417,1.34231,1.34043,1.34109,5566.0
2025-10-16 10:00:00,1.34108,1.3428,1.34084,1.34265,6256.0
2025-10-16 11:00:00,1.34268,1.3443,1.34238,1.34383,5111.0
2025-10-16 12:00:00,1.34382,1.34414,1.34328,1.34362,3483.0
2025-10-16 13:00:00,1.34362,1.34483,1.34299,1.34338,3875.0
2025-10-16 14:00:00,1.34338,1.34454,1.34216,1.34408,4288.0
2025-10-16 15:00:00,1.34408,1.3449,1.34226,1.34477,5709.0
2025-10-16 16:00:00,1.34478,1.34547,1.34202,1.34205,7126.0
2025-10-16 17:00:00,1.34205,1.34362,1.34117,1.34337,7510.0
2025-10-16 18:00:00,1.34337,1.34362,1.34175,1.34228,6149.0
2025-10-16 19:00:00,1.34228,1.34334,1.34149,1.34268,5789.0
2025-10-16 20:00:00,1.34268,1.3448,1.3425799999999999,1.34382,4452.0
2025-10-16 21:00:00,1.34382,1.34384,1.342,1.3435000000000001,3899.0
2025-10-16 22:00:00,1.34351,1.34386,1.343,1.34342,3158.0
2025-10-16 23:00:00,1.34342,1.34371,1.3431,1.34353,1640.0
2025-10-17 00:00:00,1.34327,1.34361,1.34275,1.34298,1052.0
2025-10-17 01:00:00,1.34288,1.34451,1.34288,1.3437000000000001,1787.0
2025-10-17 02:00:00,1.3437000000000001,1.34454,1.34358,1.3444,1525.0
2025-10-17 03:00:00,1.3444,1.34524,1.34401,1.3447200000000001,3060.0
2025-10-17 04:00:00,1.34471,1.34515,1.3437999999999999,1.34386,4053.0
2025-10-17 05:00:00,1.34387,1.3449,1.3431199999999999,1.34442,2712.0
2025-10-17 06:00:00,1.34442,1.34513,1.3443800000000001,1.34485,2349.0
2025-10-17 07:00:00,1.34485,1.34539,1.34459,1.34522,1854.0
2025-10-17 08:00:00,1.34522,1.34714,1.34518,1.34691,2424.0
2025-10-17 09:00:00,1.34691,1.34717,1.34501,1.3455599999999999,4941.0
2025-10-17 10:00:00,1.34554,1.3458,1.34245,1.34323,6839.0
2025-10-17 11:00:00,1.34326,1.3437299999999999,1.34112,1.3424,5037.0
2025-10-17 12:00:00,1.3424,1.34396,1.34236,1.34357,3752.0
2025-10-17 13:00:00,1.34355,1.34418,1.34279,1.34345,3986.0
2025-10-17 14:00:00,1.34345,1.34433,1.34304,1.3435000000000001,4895.0
2025-10-17 15:00:00,1.3435000000000001,1.34358,1.34084,1.34123,5276.0
2025-10-17 16:00:00,1.34122,1.34229,1.34018,1.3404,5539.0
2025-10-17 17:00:00,1.34037,1.34097,1.33913,1.33921,5977.0
2025-10-17 18:00:00,1.33921,1.34223,1.33911,1.34222,4942.0
2025-10-17 19:00:00,1.34222,1.34311,1.34131,1.34172,3658.0
2025-10-17 20:00:00,1.34171,1.3425,1.34107,1.34167,3488.0
2025-10-20 00:00:00,1.34254,1.34288,1.3410199999999999,1.34195,473.0
2025-10-20 01:00:00,1.34198,1.34298,1.34198,1.3428,1348.0
2025-10-20 02:00:00,1.3428,1.3430900000000001,1.34249,1.34252,1186.0
2025-10-20 03:00:00,1.34253,1.34349,1.34219,1.3434300000000001,2756.0
2025-10-20 04:00:00,1.3434300000000001,1.3437299999999999,1.34271,1.34325,3149.0
2025-10-20 05:00:00,1.34326,1.34433,1.34324,1.34356,1834.0
2025-10-20 06:00:00,1.34356,1.34412,1.34341,1.3440400000000001,1384.0
2025-10-20 07:00:00,1.34403,1.3443100000000001,1.34356,1.3436,1428.0
2025-10-20 08:00:00,1.34358,1.34413,1.34326,1.34406,1571.0
2025-10-20 09:00:00,1.3440699999999999,1.34408,1.3415599999999999,1.34171,4132.0
2025-10-20 10:00:00,1.34171,1.3428,1.34057,1.34159,4155.0
2025-10-20 11:00:00,1.34159,1.3428499999999999,1.34116,1.34279,3706.0
2025-10-20 12:00:00,1.34279,1.34388,1.34249,1.34281,4213.0
2025-10-20 13:00:00,1.3428,1.34323,1.34101,1.34106,3148.0
2025-10-20 14:00:00,1.34105,1.34134,1.34001,1.3412,2935.0
2025-10-20 15:00:00,1.3412,1.343,1.3409900000000001,1.34259,3890.0
2025-10-20 16:00:00,1.3426,1.34269,1.34023,1.34044,4175.0
2025-10-20 17:00:00,1.34045,1.34253,1.34019,1.34164,3751.0
2025-10-20 18:00:00,1.34164,1.34276,1.3411,1.34201,3754.0
2025-10-20 19:00:00,1.34201,1.34236,1.34119,1.3416000000000001,2669.0
2025-10-20 20:00:00,1.34157,1.34164,1.34021,1.34023,2126.0
2025-10-20 21:00:00,1.34022,1.34115,1.34003,1.34094,2061.0
2025-10-20 22:00:00,1.34094,1.34131,1.3405,1.34064,1442.0
2025-10-20 23:00:00,1.34064,1.3411,1.3403399999999999,1.34036,1086.0
2025-10-21 00:00:00,1.3404,1.34079,1.3399,1.3403,540.0
2025-10-21 01:00:00,1.3403,1.34087,1.34026,1.34042,894.0
2025-10-21 02:00:00,1.34042,1.34052,1.3403,1.34046,817.0
2025-10-21 03:00:00,1.34042,1.3416299999999999,1.34032,1.34144,2155.0
2025-10-21 04:00:00,1.34144,1.34144,1.33993,1.34005,2483.0
2025-10-21 05:00:00,1.3400699999999999,1.3400699999999999,1.3391199999999999,1.33929,2597.0
2025-10-21 06:00:00,1.33929,1.33939,1.33899,1.33931,1618.0
2025-10-21 07:00:00,1.33931,1.3394,1.33878,1.33924,1967.0
2025-10-21 08:00:00,1.33924,1.33941,1.33741,1.33753,2765.0
2025-10-21 09:00:00,1.33753,1.33925,1.33723,1.339,4058.0
2025-10-21 10:00:00,1.339,1.33974,1.33798,1.33933,5341.0
2025-10-21 11:00:00,1.33931,1.33931,1.33738,1.338,5402.0
2025-10-21 12:00:00,1.338,1.33918,1.33753,1.33845,3765.0
2025-10-21 13:00:00,1.33845,1.33877,1.33661,1.3382800000000001,4254.0
2025-10-21 14:00:00,1.3382800000000001,1.33947,1.33723,1.33845,3750.0
2025-10-21 15:00:00,1.33846,1.33893,1.33693,1.33868,5321.0
2025-10-21 16:00:00,1.33867,1.33881,1.33612,1.33765,5925.0
2025-10-21 17:00:00,1.33768,1.33867,1.33644,1.3373,6442.0
2025-10-21 18:00:00,1.3373,1.33941,1.3372899999999999,1.33888,4641.0
2025-10-21 19:00:00,1.3388900000000001,1.33983,1.33718,1.33735,4899.0
2025-10-21 20:00:00,1.33734,1.33735,1.33654,1.33723,3605.0
2025-10-21 21:00:00,1.33723,1.33771,1.33713,1.3372600000000001,2238.0
2025-10-21 22:00:00,1.3372600000000001,1.33756,1.33693,1.33721,1892.0
2025-10-21 23:00:00,1.33722,1.33723,1.33656,1.3369,1224.0
2025-10-22 00:00:00,1.33683,1.33714,1.3361399999999999,1.3369,570.0
2025-10-22 01:00:00,1.3369,1.33718,1.3367,1.33688,921.0
2025-10-22 02:00:00,1.33688,1.337,1.33639,1.33651,1432.0
2025-10-22 03:00:00,1.33652,1.33746,1.3364099999999999,1.33713,3136.0
2025-10-22 04:00:00,1.33713,1.33776,1.3368,1.33711,2617.0
2025-10-22 05:00:00,1.33712,1.33803,1.33712,1.33764,1708.0
2025-10-22 06:00:00,1.33764,1.3377,1.33711,1.33743,1580.0
2025-10-22 07:00:00,1.33743,1.33801,1.33741,1.3379400000000001,1610.0
2025-10-22 08:00:00,1.33793,1.33872,1.33793,1.3382,1580.0
2025-10-22 09:00:00,1.33809,1.33812,1.33295,1.3335,6238.0
2025-10-22 10:00:00,1.33349,1.33382,1.33195,1.33222,5142.0
2025-10-22 11:00:00,1.3322,1.3326,1.3312599999999999,1.33208,5467.0
2025-10-22 12:00:00,1.33208,1.33273,1.33166,1.33191,3692.0
2025-10-22 13:00:00,1.33188,1.33233,1.3305799999999999,1.33129,3385.0
2025-10-22 14:00:00,1.33129,1.33332,1.33115,1.33281,3556.0
2025-10-22 15:00:00,1.3328,1.33404,1.33102,1.33239,4460.0
2025-10-22 16:00:00,1.33239,1.33439,1.33163,1.3342,5072.0
2025-10-22 17:00:00,1.3342,1.33575,1.33418,1.33548,5240.0
2025-10-22 18:00:00,1.33548,1.33746,1.3354300000000001,1.33704,4776.0
2025-10-22 19:00:00,1.33704,1.33766,1.33644,1.33711,4108.0
2025-10-22 20:00:00,1.33711,1.33723,1.33579,1.33605,3310.0
2025-10-22 21:00:00,1.33605,1.33619,1.33541,1.33558,2460.0
2025-10-22 22:00:00,1.33558,1.3361100000000001,1.33527,1.33568,2324.0
2025-10-22 23:00:00,1.33568,1.3362,1.33552,1.33555,1090.0
2025-10-23 00:00:00,1.33537,1.33554,1.33493,1.33532,1191.0
2025-10-23 01:00:00,1.33532,1.336,1.33525,1.3356,998.0
2025-10-23 02:00:00,1.33563,1.33564,1.33497,1.33508,1161.0
2025-10-23 03:00:00,1.33508,1.33508,1.33395,1.3345799999999999,2170.0
2025-10-23 04:00:00,1.33459,1.33476,1.33389,1.33393,2039.0
2025-10-23 05:00:00,1.33393,1.334,1.33349,1.33369,1520.0
2025-10-23 06:00:00,1.3336999999999999,1.33403,1.33327,1.33331,1253.0
2025-10-23 07:00:00,1.3333,1.33396,1.33298,1.33392,1137.0
2025-10-23 08:00:00,1.33392,1.3351,1.33383,1.33477,1249.0
2025-10-23 09:00:00,1.33474,1.3357299999999999,1.33448,1.33497,3074.0
2025-10-23 10:00:00,1.33497,1.33562,1.33446,1.3351,3376.0
2025-10-23 11:00:00,1.33511,1.33555,1.3344,1.33498,3137.0
2025-10-23 12:00:00,1.33498,1.33544,1.3348,1.3349,2411.0
2025-10-23 13:00:00,1.3348900000000001,1.3351899999999999,1.33352,1.33372,2554.0
2025-10-23 14:00:00,1.33372,1.33423,1.33337,1.33362,2155.0
2025-10-23 15:00:00,1.33364,1.33503,1.3326500000000001,1.33434,3197.0
2025-10-23 16:00:00,1.33434,1.33481,1.33243,1.3327,4345.0
2025-10-23 17:00:00,1.3327,1.33373,1.33202,1.33221,4504.0
2025-10-23 18:00:00,1.33221,1.3326,1.33112,1.3321,3668.0
2025-10-23 19:00:00,1.3321,1.33262,1.3311899999999999,1.33124,2522.0
2025-10-23 20:00:00,1.33125,1.33212,1.33079,1.33172,2395.0
2025-10-23 21:00:00,1.33172,1.33244,1.33161,1.33235,1696.0
2025-10-23 22:00:00,1.33234,1.3326799999999999,1.3323,1.33242,1338.0
2025-10-23 23:00:00,1.3324099999999999,1.33285,1.3321100000000001,1.33254,792.0
2025-10-24 00:00:00,1.33249,1.33251,1.33185,1.33246,1823.0
2025-10-24 01:00:00,1.33246,1.3330199999999999,1.33242,1.33266,1047.0
2025-10-24 02:00:00,1.33266,1.33284,1.3324099999999999,1.3326799999999999,971.0
2025-10-24 03:00:00,1.3326799999999999,1.3332600000000001,1.33254,1.33303,2316.0
2025-10-24 04:00:00,1.33303,1.33314,1.33212,1.33216,2498.0
2025-10-24 05:00:00,1.33217,1.33263,1.33178,1.3318699999999999,2323.0
2025-10-24 06:00:00,1.3318699999999999,1.33284,1.3318699999999999,1.33255,1871.0
2025-10-24 07:00:00,1.33255,1.33256,1.33192,1.33212,1754.0
2025-10-24 08:00:00,1.33212,1.33213,1.3311600000000001,1.33169,1674.0
2025-10-24 09:00:00,1.33169,1.3333599999999999,1.33121,1.33327,3883.0
2025-10-24 10:00:00,1.33323,1.33332,1.3314,1.33157,4499.0
2025-10-24 11:00:00,1.33157,1.33264,1.33005,1.3320699999999999,4501.0
2025-10-24 12:00:00,1.33206,1.33253,1.33133,1.33219,3529.0
2025-10-24 13:00:00,1.33219,1.33255,1.33141,1.33176,2729.0
2025-10-24 14:00:00,1.33176,1.332,1.33003,1.33061,3158.0
2025-10-24 15:00:00,1.3306200000000001,1.33587,1.33045,1.33456,6779.0
2025-10-24 16:00:00,1.3346,1.33592,1.33289,1.33383,6484.0
2025-10-24 17:00:00,1.33373,1.33395,1.32937,1.33004,6121.0
2025-10-24 18:00:00,1.33004,1.33081,1.3291,1.3296299999999999,4530.0
2025-10-24 19:00:00,1.3296299999999999,1.32993,1.32876,1.32954,2795.0
2025-10-24 20:00:00,1.32954,1.33068,1.32953,1.33029,2215.0
2025-10-27 00:00:00,1.33162,1.33216,1.33129,1.3319,568.0
2025-10-27 01:00:00,1.3319,1.3327499999999999,1.33166,1.33231,2423.0
2025-10-27 02:00:00,1.33231,1.33253,1.33188,1.33218,1861.0
2025-10-27 03:00:00,1.33219,1.33283,1.3317700000000001,1.3324099999999999,2769.0
2025-10-27 04:00:00,1.3324099999999999,1.3336000000000001,1.33217,1.33279,2755.0
2025-10-27 05:00:00,1.33279,1.33282,1.33213,1.33234,1860.0
2025-10-27 06:00:00,1.33234,1.33269,1.33201,1.33218,1507.0
2025-10-27 07:00:00,1.33218,1.33224,1.33132,1.33162,1523.0
2025-10-27 08:00:00,1.33163,1.33225,1.3313,1.3320699999999999,1536.0
2025-10-27 09:00:00,1.3320699999999999,1.33345,1.3320699999999999,1.33237,2397.0
2025-10-27 10:00:00,1.33242,1.33261,1.33105,1.33157,3145.0
2025-10-27 11:00:00,1.33157,1.33342,1.33108,1.3326500000000001,4477.0
2025-10-27 12:00:00,1.33266,1.33469,1.33231,1.3345500000000001,4074.0
2025-10-27 13:00:00,1.3345500000000001,1.33513,1.33418,1.33449,2901.0
2025-10-27 14:00:00,1.33449,1.33533,1.33374,1.33479,2741.0
2025-10-27 15:00:00,1.33479,1.3351899999999999,1.33402,1.33478,3239.0
2025-10-27 16:00:00,1.33478,1.33518,1.33255,1.33347,3942.0
2025-10-27 17:00:00,1.33347,1.33371,1.33263,1.33311,3892.0
2025-10-27 18:00:00,1.3331,1.3332899999999999,1.33178,1.33293,3848.0
2025-10-27 19:00:00,1.33293,1.33352,1.33236,1.33351,2682.0
2025-10-27 20:00:00,1.33351,1.3338999999999999,1.33328,1.33339,2007.0
2025-10-27 21:00:00,1.33339,1.3338999999999999,1.3324799999999999,1.3338,2438.0
2025-10-27 22:00:00,1.33379,1.33388,1.33288,1.33351,2017.0
2025-10-27 23:00:00,1.33351,1.33385,1.3332600000000001,1.33344,1033.0
2025-10-28 00:00:00,1.33351,1.33374,1.33332,1.33349,1843.0
2025-10-28 01:00:00,1.33349,1.33401,1.33349,1.33393,1628.0
2025-10-28 02:00:00,1.33393,1.33448,1.3338700000000001,1.33406,1020.0
2025-10-28 03:00:00,1.33406,1.33541,1.33372,1.33501,2107.0
2025-10-28 04:00:00,1.335,1.33582,1.33478,1.33523,3012.0
2025-10-28 05:00:00,1.33524,1.33585,1.33487,1.33491,2208.0
2025-10-28 06:00:00,1.3349,1.33578,1.33487,1.33562,1847.0
2025-10-28 07:00:00,1.33562,1.3367200000000001,1.33554,1.33667,2685.0
2025-10-28 08:00:00,1.33667,1.337,1.33608,1.33623,2507.0
2025-10-28 09:00:00,1.33625,1.33673,1.33521,1.33524,2761.0
2025-10-28 10:00:00,1.33522,1.33527,1.33317,1.33362,3652.0
2025-10-28 11:00:00,1.33362,1.33382,1.33014,1.33078,5206.0
2025-10-28 12:00:00,1.33075,1.33227,1.33004,1.33174,3929.0
2025-10-28 13:00:00,1.33175,1.33286,1.33115,1.33252,3900.0
2025-10-28 14:00:00,1.33252,1.33259,1.33045,1.33078,3046.0
2025-10-28 15:00:00,1.33088,1.33136,1.32788,1.32842,4636.0
2025-10-28 16:00:00,1.32842,1.32852,1.3247499999999999,1.32565,5057.0
2025-10-28 17:00:00,1.32557,1.32789,1.3254000000000001,1.32765,4701.0
2025-10-28 18:00:00,1.32766,1.32835,1.32677,1.32773,4065.0
2025-10-28 19:00:00,1.32773,1.32911,1.32742,1.32898,4103.0
2025-10-28 20:00:00,1.32898,1.32901,1.32758,1.32772,2751.0
2025-10-28 21:00:00,1.32772,1.32828,1.32701,1.32799,2208.0
2025-10-28 22:00:00,1.32797,1.3283800000000001,1.32728,1.32732,2011.0
2025-10-28 23:00:00,1.32732,1.32791,1.32684,1.32694,1069.0
2025-10-29 00:00:00,1.32686,1.32734,1.3268,1.32706,201.0
2025-10-29 01:00:00,1.32706,1.32744,1.32694,1.32718,1566.0
2025-10-29 02:00:00,1.3271899999999999,1.3279,1.32694,1.3279,925.0
2025-10-29 03:00:00,1.3279,1.3280699999999999,1.32686,1.32725,3813.0
2025-10-29 04:00:00,1.32725,1.32744,1.32638,1.32642,3099.0
2025-10-29 05:00:00,1.32642,1.32683,1.32572,1.3264,2133.0
2025-10-29 06:00:00,1.32642,1.32645,1.32508,1.32525,1761.0
2025-10-29 07:00:00,1.32526,1.3255,1.32495,1.32512,1830.0
2025-10-29 08:00:00,1.32512,1.32515,1.32329,1.3235000000000001,2634.0
2025-10-29 09:00:00,1.32351,1.3241100000000001,1.32253,1.3227,2462.0
2025-10-29 10:00:00,1.3226200000000001,1.32344,1.3220399999999999,1.32285,3767.0
2025-10-29 11:00:00,1.32284,1.3229600000000001,1.32086,1.32086,3694.0
2025-10-29 12:00:00,1.32085,1.32288,1.31977,1.32203,4023.0
2025-10-29 13:00:00,1.32202,1.3223099999999999,1.32147,1.32184,3219.0
2025-10-29 14:00:00,1.32184,1.32252,1.32146,1.32179,3197.0
2025-10-29 15:00:00,1.32179,1.32214,1.31971,1.32037,3947.0
2025-10-29 16:00:00,1.32038,1.32243,1.31945,1.32064,4873.0
2025-10-29 17:00:00,1.32064,1.32276,1.32022,1.32276,4474.0
2025-10-29 18:00:00,1.32276,1.3247499999999999,1.3225500000000001,1.32416,4764.0
2025-10-29 19:00:00,1.32415,1.32447,1.32267,1.32279,3584.0
2025-10-29 20:00:00,1.32276,1.32318,1.32166,1.3223,2653.0
2025-10-29 21:00:00,1.32229,1.32279,1.31405,1.3161100000000001,10635.0
2025-10-29 22:00:00,1.31612,1.31952,1.3146,1.31943,8631.0
2025-10-29 23:00:00,1.31943,1.32006,1.31808,1.31941,2748.0
2025-10-30 00:00:00,1.31937,1.3195999999999999,1.3180399999999999,1.31938,1200.0
2025-10-30 01:00:00,1.31943,1.31979,1.31927,1.31938,1413.0
2025-10-30 02:00:00,1.31938,1.31988,1.3191899999999999,1.31948,1329.0
2025-10-30 03:00:00,1.31947,1.32077,1.31876,1.32037,3257.0
2025-10-30 04:00:00,1.32036,1.32076,1.31968,1.32063,3040.0
2025-10-30 05:00:00,1.32064,1.32104,1.32025,1.32043,2664.0
2025-10-30 06:00:00,1.32043,1.32096,1.31969,1.3203,3025.0
2025-10-30 07:00:00,1.32029,1.32182,1.3201,1.32165,4619.0
2025-10-30 08:00:00,1.32165,1.32191,1.32088,1.32104,2715.0
2025-10-30 09:00:00,1.32103,1.32141,1.31964,1.32025,3584.0
2025-10-30 10:00:00,1.3202099999999999,1.3212,1.3192300000000001,1.31978,4582.0
2025-10-30 11:00:00,1.31989,1.3211300000000001,1.31849,1.3207499999999999,5328.0
2025-10-30 12:00:00,1.3207499999999999,1.32095,1.31841,1.31886,4256.0
2025-10-30 13:00:00,1.3189,1.31897,1.31744,1.31765,3582.0
2025-10-30 14:00:00,1.31765,1.3191,1.31744,1.31783,3451.0
2025-10-30 15:00:00,1.31783,1.31854,1.31357,1.31375,4527.0
2025-10-30 16:00:00,1.31372,1.31642,1.31165,1.31568,6600.0
2025-10-30 17:00:00,1.3157,1.31808,1.31522,1.31575,5927.0
2025-10-30 18:00:00,1.31577,1.31694,1.3145,1.31463,3442.0
2025-10-30 19:00:00,1.31463,1.31602,1.3135,1.3155700000000001,3168.0
2025-10-30 20:00:00,1.31559,1.3159399999999999,1.31464,1.3153000000000001,3009.0
2025-10-30 21:00:00,1.31531,1.31578,1.31461,1.31474,2130.0
2025-10-30 22:00:00,1.31474,1.31505,1.31395,1.31446,2235.0
2025-10-30 23:00:00,1.31446,1.3155999999999999,1.31433,1.31491,1027.0
2025-10-31 00:00:00,1.31443,1.3153000000000001,1.31424,1.31521,2213.0
2025-10-31 01:00:00,1.31516,1.31546,1.31501,1.31535,1206.0
2025-10-31 02:00:00,1.31537,1.31603,1.31508,1.31586,1014.0
2025-10-31 03:00:00,1.31586,1.31613,1.31551,1.31592,1976.0
2025-10-31 04:00:00,1.31592,1.31651,1.31531,1.31535,2296.0
2025-10-31 05:00:00,1.31535,1.3158400000000001,1.31502,1.31528,1907.0
2025-10-31 06:00:00,1.31528,1.3155299999999999,1.31502,1.31518,1554.0
2025-10-31 07:00:00,1.31518,1.31574,1.31512,1.31571,1042.0
2025-10-31 08:00:00,1.3157,1.31573,1.3148,1.315,1621.0
2025-10-31 09:00:00,1.315,1.31571,1.31369,1.31402,2353.0
2025-10-31 10:00:00,1.31399,1.31508,1.31251,1.31453,3538.0
2025-10-31 11:00:00,1.31453,1.31466,1.31385,1.31411,3191.0
2025-10-31 12:00:00,1.31411,1.31481,1.3133,1.31434,3007.0
2025-10-31 13:00:00,1.31434,1.31479,1.31301,1.3131,3005.0
2025-10-31 14:00:00,1.3131,1.31399,1.3115,1.31287,2867.0
2025-10-31 15:00:00,1.3128600000000001,1.3129,1.31047,1.31067,4225.0
2025-10-31 16:00:00,1.31068,1.31164,1.30971,1.31137,4630.0
2025-10-31 17:00:00,1.31137,1.31271,1.31039,1.31247,4227.0
2025-10-31 18:00:00,1.31246,1.31392,1.31162,1.31384,5012.0
2025-10-31 19:00:00,1.31384,1.3143,1.31262,1.31281,3946.0
2025-10-31 20:00:00,1.3128199999999999,1.31378,1.31233,1.3131599999999999,2813.0
2025-11-03 00:00:00,1.31258,1.3139,1.31257,1.31384,674.0
2025-11-03 01:00:00,1.31384,1.31416,1.31324,1.31339,3046.0
2025-11-03 02:00:00,1.31339,1.31372,1.31302,1.31356,1958.0
2025-11-03 03:00:00,1.31355,1.31372,1.31326,1.3135,2464.0
2025-11-03 04:00:00,1.31351,1.31422,1.31332,1.31387,1684.0
2025-11-03 05:00:00,1.31387,1.31415,1.31376,1.31395,1323.0
2025-11-03 06:00:00,1.31395,1.31449,1.31388,1.31414,1292.0
2025-11-03 07:00:00,1.31414,1.31461,1.31397,1.31422,2002.0
2025-11-03 08:00:00,1.31422,1.31491,1.31417,1.31466,1648.0
2025-11-03 09:00:00,1.31463,1.3149199999999999,1.3134299999999999,1.31383,2691.0
2025-11-03 10:00:00,1.31382,1.31389,1.31175,1.31236,3393.0
2025-11-03 11:00:00,1.31237,1.3135,1.31185,1.31253,2795.0
2025-11-03 12:00:00,1.31254,1.3139,1.31207,1.31301,2900.0
2025-11-03 13:00:00,1.31301,1.3139,1.31243,1.3127900000000001,2552.0
2025-11-03 14:00:00,1.3127900000000001,1.31471,1.3126,1.31405,2094.0
2025-11-03 15:00:00,1.3140399999999999,1.3140399999999999,1.3121,1.31267,2994.0
2025-11-03 16:00:00,1.31267,1.31292,1.31083,1.3113299999999999,4019.0
2025-11-03 17:00:00,1.31193,1.31475,1.31168,1.3146200000000001,4984.0
2025-11-03 18:00:00,1.3146200000000001,1.3151,1.31409,1.31479,3474.0
2025-11-03 19:00:00,1.31479,1.31625,1.31427,1.3145,2600.0
2025-11-03 20:00:00,1.3145,1.31481,1.31354,1.31387,2017.0
2025-11-03 21:00:00,1.31387,1.31421,1.31348,1.31378,2044.0
2025-11-03 22:00:00,1.31378,1.31419,1.3136700000000001,1.31389,1331.0
2025-11-03 23:00:00,1.31389,1.31414,1.31357,1.31385,998.0
2025-11-04 00:00:00,1.31391,1.3140399999999999,1.3132,1.31344,990.0
2025-11-04 01:00:00,1.31344,1.31395,1.31328,1.3134700000000001,1595.0
2025-11-04 02:00:00,1.3134700000000001,1.3134700000000001,1.3119,1.3124799999999999,2412.0
2025-11-04 03:00:00,1.3124799999999999,1.3127499999999999,1.31188,1.3124799999999999,2272.0
2025-11-04 04:00:00,1.3124799999999999,1.31263,1.3118,1.31233,2103.0
2025-11-04 05:00:00,1.31234,1.31336,1.31234,1.31283,1958.0
2025-11-04 06:00:00,1.31283,1.31332,1.31234,1.31238,1649.0
2025-11-04 07:00:00,1.31237,1.31253,1.3118699999999999,1.31216,2396.0
2025-11-04 08:00:00,1.31217,1.3127,1.31169,1.31241,3052.0
2025-11-04 09:00:00,1.3124,1.31394,1.31179,1.3121,3465.0
2025-11-04 10:00:00,1.31209,1.31216,1.30857,1.3092,5393.0
2025-11-04 11:00:00,1.3092,1.30954,1.30592,1.30629,4265.0
2025-11-04 12:00:00,1.30629,1.3079100000000001,1.30613,1.30728,3125.0
2025-11-04 13:00:00,1.30728,1.30751,1.30571,1.30585,2681.0
2025-11-04 14:00:00,1.30587,1.30685,1.3053,1.30668,3145.0
2025-11-04 15:00:00,1.30668,1.3068,1.30572,1.30576,3271.0
2025-11-04 16:00:00,1.30575,1.30652,1.30337,1.30481,4463.0
2025-11-04 17:00:00,1.30481,1.30583,1.30406,1.30463,4492.0
2025-11-04 18:00:00,1.30463,1.30517,1.30401,1.3043,3561.0
2025-11-04 19:00:00,1.30431,1.30451,1.30261,1.30289,2237.0
2025-11-04 20:00:00,1.30288,1.30288,1.30173,1.30231,2174.0
2025-11-04 21:00:00,1.30231,1.30266,1.30134,1.30149,2022.0
2025-11-04 22:00:00,1.30149,1.30251,1.30102,1.30188,1725.0
2025-11-04 23:00:00,1.30187,1.30234,1.30157,1.30196,1212.0
2025-11-05 00:00:00,1.3020399999999999,1.30259,1.30152,1.3024499999999999,1361.0
2025-11-05 01:00:00,1.30244,1.30266,1.30193,1.30213,883.0
2025-11-05 02:00:00,1.30213,1.30231,1.3014700000000001,1.30191,1886.0
2025-11-05 03:00:00,1.30191,1.30244,1.30103,1.30157,3310.0
2025-11-05 04:00:00,1.30158,1.30228,1.30139,1.30158,2585.0
2025-11-05 05:00:00,1.30158,1.3020399999999999,1.30156,1.30203,1927.0
2025-11-05 06:00:00,1.30203,1.3027,1.3020100000000001,1.30258,1738.0
2025-11-05 07:00:00,1.30258,1.30302,1.30219,1.30219,1592.0
2025-11-05 08:00:00,1.30219,1.3031,1.30215,1.30284,1765.0
2025-11-05 09:00:00,1.30283,1.30311,1.30198,1.30274,2784.0
2025-11-05 10:00:00,1.30275,1.30495,1.3027199999999999,1.30451,3478.0
2025-11-05 11:00:00,1.30445,1.30533,1.30338,1.30399,3045.0
2025-11-05 12:00:00,1.30397,1.30405,1.3024,1.30252,2748.0
2025-11-05 13:00:00,1.30252,1.3036699999999999,1.3012000000000001,1.30352,2490.0
2025-11-05 14:00:00,1.30352,1.30465,1.30342,1.3042099999999999,2668.0
2025-11-05 15:00:00,1.3042099999999999,1.30468,1.30254,1.30257,3677.0
2025-11-05 16:00:00,1.30256,1.3035700000000001,1.30187,1.30328,3987.0
2025-11-05 17:00:00,1.3029600000000001,1.30472,1.30136,1.30415,5672.0
2025-11-05 18:00:00,1.30414,1.30493,1.30312,1.3048199999999999,3777.0
2025-11-05 19:00:00,1.30483,1.30494,1.30348,1.3039,2551.0
2025-11-05 20:00:00,1.30389,1.3046,1.30381,1.30454,2024.0
2025-11-05 21:00:00,1.30454,1.30481,1.30419,1.30451,1336.0
2025-11-05 22:00:00,1.30462,1.30519,1.3045900000000001,1.30501,1232.0
2025-11-05 23:00:00,1.30502,1.30544,1.30476,1.3051599999999999,1174.0
2025-11-06 00:00:00,1.30496,1.305,1.30414,1.30458,745.0
2025-11-06 01:00:00,1.30458,1.3053,1.3045,1.30523,893.0
2025-11-06 02:00:00,1.30522,1.306,1.30508,1.30599,1827.0
2025-11-06 03:00:00,1.30599,1.30654,1.30588,1.30632,2555.0
2025-11-06 04:00:00,1.30632,1.30641,1.30573,1.30596,1901.0
2025-11-06 05:00:00,1.30597,1.30648,1.3057400000000001,1.30636,1704.0
2025-11-06 06:00:00,1.30637,1.3066,1.30588,1.30626,1145.0
2025-11-06 07:00:00,1.30625,1.30648,1.30579,1.30609,1412.0
2025-11-06 08:00:00,1.3060800000000001,1.30678,1.30531,1.3054299999999999,2091.0
2025-11-06 09:00:00,1.30545,1.30719,1.30538,1.30629,2991.0
2025-11-06 10:00:00,1.3063,1.30873,1.3059,1.3084799999999999,3621.0
2025-11-06 11:00:00,1.30847,1.30897,1.30775,1.30805,3452.0
2025-11-06 12:00:00,1.30806,1.30876,1.30773,1.3078699999999999,3056.0
2025-11-06 13:00:00,1.30788,1.30949,1.30772,1.30922,2948.0
2025-11-06 14:00:00,1.30922,1.31046,1.30595,1.31003,5434.0
2025-11-06 15:00:00,1.31003,1.31253,1.30936,1.31081,4356.0
2025-11-06 16:00:00,1.31081,1.31107,1.30832,1.30835,4533.0
2025-11-06 17:00:00,1.30835,1.31051,1.30807,1.31021,5276.0
2025-11-06 18:00:00,1.31021,1.31106,1.3096999999999999,1.31051,4258.0
2025-11-06 19:00:00,1.31051,1.3125,1.31023,1.31224,3744.0
2025-11-06 20:00:00,1.3122500000000001,1.31427,1.31203,1.31396,2687.0
2025-11-06 21:00:00,1.31396,1.31424,1.31298,1.3132,2487.0
2025-11-06 22:00:00,1.31321,1.3140100000000001,1.31321,1.3136,2299.0
2025-11-06 23:00:00,1.3136,1.31389,1.31335,1.31368,1259.0
2025-11-07 00:00:00,1.3134299999999999,1.31362,1.31229,1.31298,2215.0
2025-11-07 01:00:00,1.31298,1.31424,1.31241,1.3140100000000001,1102.0
2025-11-07 02:00:00,1.31405,1.31419,1.31297,1.31297,2283.0
2025-11-07 03:00:00,1.31297,1.31297,1.31238,1.31254,2714.0
2025-11-07 04:00:00,1.31254,1.31308,1.31199,1.31216,2268.0
2025-11-07 05:00:00,1.3121800000000001,1.31238,1.31158,1.31188,1864.0
2025-11-07 06:00:00,1.31188,1.31189,1.31155,1.31171,1446.0
2025-11-07 07:00:00,1.31171,1.31224,1.31168,1.31195,1283.0
2025-11-07 08:00:00,1.31196,1.31207,1.31136,1.31138,2022.0
2025-11-07 09:00:00,1.31138,1.31253,1.31135,1.3125200000000001,2459.0
2025-11-07 10:00:00,1.3125200000000001,1.31277,1.31017,1.31032,3663.0
2025-11-07 11:00:00,1.3103099999999999,1.31063,1.30948,1.30978,2616.0
2025-11-07 12:00:00,1.3097699999999999,1.31103,1.30962,1.31097,3069.0
2025-11-07 13:00:00,1.31097,1.31241,1.31061,1.31206,3333.0
2025-11-07 14:00:00,1.31206,1.31287,1.3109899999999999,1.31156,3099.0
2025-11-07 15:00:00,1.31158,1.31379,1.3115700000000001,1.31308,4556.0
2025-11-07 16:00:00,1.3130899999999999,1.31501,1.31278,1.3149899999999999,4374.0
2025-11-07 17:00:00,1.31498,1.31747,1.31453,1.31514,5461.0
2025-11-07 18:00:00,1.31515,1.31708,1.31511,1.31624,3766.0
2025-11-07 19:00:00,1.31624,1.31725,1.31568,1.31705,2730.0
2025-11-07 20:00:00,1.31705,1.31748,1.31659,1.31683,2750.0
2025-11-10 00:00:00,1.3145,1.31593,1.31378,1.31482,585.0
2025-11-10 01:00:00,1.31474,1.31566,1.31397,1.31412,2192.0
2025-11-10 02:00:00,1.31412,1.31534,1.31365,1.3145,3860.0
2025-11-10 03:00:00,1.31451,1.31551,1.31402,1.31513,3230.0
2025-11-10 04:00:00,1.31513,1.31521,1.31463,1.31485,2068.0
2025-11-10 05:00:00,1.31484,1.31497,1.31426,1.31471,2353.0
2025-11-10 06:00:00,1.3147199999999999,1.31546,1.31455,1.3152599999999999,1939.0
2025-11-10 07:00:00,1.31525,1.31602,1.31509,1.31555,2133.0
2025-11-10 08:00:00,1.31555,1.3159100000000001,1.31391,1.31413,2331.0
2025-11-10 09:00:00,1.31415,1.31669,1.31414,1.31572,3845.0
2025-11-10 10:00:00,1.31572,1.31848,1.31558,1.3174000000000001,4207.0
2025-11-10 11:00:00,1.3174000000000001,1.31795,1.31669,1.3173300000000001,3985.0
2025-11-10 12:00:00,1.31734,1.31755,1.31573,1.31602,3345.0
2025-11-10 13:00:00,1.31602,1.31773,1.31521,1.3176,2980.0
2025-11-10 14:00:00,1.3176,1.31881,1.31757,1.31813,2478.0
2025-11-10 15:00:00,1.31813,1.31912,1.3171,1.31749,3082.0
2025-11-10 16:00:00,1.3175,1.31753,1.31527,1.3166,3944.0
2025-11-10 17:00:00,1.3166,1.31703,1.31457,1.31479,4419.0
2025-11-10 18:00:00,1.31478,1.31633,1.31471,1.3155999999999999,3547.0
2025-11-10 19:00:00,1.31561,1.31799,1.31554,1.31784,3229.0
2025-11-10 20:00:00,1.31786,1.3185,1.31773,1.31799,1968.0
2025-11-10 21:00:00,1.31799,1.31842,1.3179,1.3180100000000001,1844.0
2025-11-10 22:00:00,1.318,1.31843,1.31796,1.31811,1542.0
2025-11-10 23:00:00,1.3181,1.31821,1.31731,1.3174000000000001,1167.0
2025-11-11 00:00:00,1.31731,1.31765,1.31678,1.31687,1971.0
2025-11-11 01:00:00,1.31685,1.3177699999999999,1.31685,1.31725,1055.0
2025-11-11 02:00:00,1.31725,1.31752,1.31649,1.3165200000000001,2148.0
2025-11-11 03:00:00,1.31651,1.31667,1.31577,1.3164799999999999,2611.0
2025-11-11 04:00:00,1.3164799999999999,1.31683,1.31612,1.31635,2333.0
2025-11-11 05:00:00,1.31635,1.31704,1.31632,1.31684,2328.0
2025-11-11 06:00:00,1.31684,1.31719,1.31632,1.31661,1944.0
2025-11-11 07:00:00,1.31661,1.31722,1.31625,1.31663,2240.0
2025-11-11 08:00:00,1.31663,1.31714,1.31519,1.31542,2320.0
2025-11-11 09:00:00,1.3155700000000001,1.31582,1.31208,1.31257,5088.0
2025-11-11 10:00:00,1.31257,1.31353,1.31206,1.31235,4103.0
2025-11-11 11:00:00,1.31233,1.31344,1.31168,1.31296,3736.0
2025-11-11 12:00:00,1.31295,1.3141,1.31211,1.31386,2946.0
2025-11-11 13:00:00,1.31388,1.31522,1.31338,1.31486,3169.0
2025-11-11 14:00:00,1.31486,1.31546,1.31391,1.31421,2679.0
2025-11-11 15:00:00,1.3142,1.31784,1.3142,1.3171599999999999,4931.0
2025-11-11 16:00:00,1.3171599999999999,1.31846,1.31608,1.31808,4325.0
2025-11-11 17:00:00,1.31807,1.31808,1.3158699999999999,1.3173300000000001,4724.0
2025-11-11 18:00:00,1.31734,1.31796,1.31677,1.31728,3492.0
2025-11-11 19:00:00,1.31728,1.31791,1.31688,1.31744,2597.0
2025-11-11 20:00:00,1.3174299999999999,1.31782,1.31718,1.31753,2240.0
2025-11-11 21:00:00,1.31752,1.31753,1.3165499999999999,1.31668,2382.0
2025-11-11 22:00:00,1.31669,1.31718,1.31612,1.31616,1788.0
2025-11-11 23:00:00,1.31615,1.31626,1.31473,1.3149,1401.0
2025-11-12 00:00:00,1.3149,1.316,1.31467,1.31518,524.0
2025-11-12 01:00:00,1.31519,1.31542,1.31474,1.3152300000000001,971.0
2025-11-12 02:00:00,1.3152300000000001,1.3153299999999999,1.31411,1.31411,1879.0
2025-11-12 03:00:00,1.31412,1.31447,1.3137400000000001,1.31389,2504.0
2025-11-12 04:00:00,1.31389,1.31441,1.31376,1.31385,1817.0
2025-11-12 05:00:00,1.31385,1.3142800000000001,1.31354,1.314,1266.0
2025-11-12 06:00:00,1.314,1.31409,1.31287,1.31302,1792.0
2025-11-12 07:00:00,1.31302,1.31393,1.31287,1.31338,2405.0
2025-11-12 08:00:00,1.31338,1.31419,1.31307,1.31406,1760.0
2025-11-12 09:00:00,1.3140800000000001,1.31494,1.31388,1.31456,2821.0
2025-11-12 10:00:00,1.31458,1.31555,1.31167,1.31171,3965.0
2025-11-12 11:00:00,1.3117,1.31314,1.31152,1.31163,4262.0
2025-11-12 12:00:00,1.31163,1.31283,1.31108,1.31256,3379.0
2025-11-12 13:00:00,1.31257,1.31387,1.31158,1.31373,3210.0
2025-11-12 14:00:00,1.31372,1.314,1.31078,1.3118,3636.0
2025-11-12 15:00:00,1.31179,1.31229,1.30957,1.31051,3673.0
2025-11-12 16:00:00,1.31051,1.31076,1.3084500000000001,1.30991,4429.0
2025-11-12 17:00:00,1.3099,1.31324,1.3097699999999999,1.31307,4548.0
2025-11-12 18:00:00,1.31307,1.31364,1.31281,1.31302,3456.0
2025-11-12 19:00:00,1.31302,1.31398,1.31299,1.3139,2503.0
2025-11-12 20:00:00,1.31391,1.31441,1.31376,1.31403,1904.0
2025-11-12 21:00:00,1.31403,1.31413,1.3128,1.313,2420.0
2025-11-12 22:00:00,1.31299,1.31334,1.3127900000000001,1.3130899999999999,1551.0
2025-11-12 23:00:00,1.31308,1.31336,1.3124,1.31326,1330.0
2025-11-13 00:00:00,1.31325,1.31325,1.31208,1.3127900000000001,1804.0
2025-11-13 01:00:00,1.31281,1.31314,1.31267,1.3127900000000001,1190.0
2025-11-13 02:00:00,1.3127900000000001,1.3128600000000001,1.31156,1.31177,2867.0
2025-11-13 03:00:00,1.31177,1.3124799999999999,1.31107,1.31239,3430.0
2025-11-13 04:00:00,1.31239,1.31281,1.3118,1.31249,2549.0
2025-11-13 05:00:00,1.31249,1.31287,1.31219,1.3126,2050.0
2025-11-13 06:00:00,1.31259,1.31278,1.31206,1.31234,1888.0
2025-11-13 07:00:00,1.31234,1.31251,1.31151,1.31174,2021.0
2025-11-13 08:00:00,1.31172,1.31232,1.31151,1.31216,2651.0
2025-11-13 09:00:00,1.31215,1.31436,1.31006,1.3141,3954.0
2025-11-13 10:00:00,1.3141,1.31687,1.3130600000000001,1.31673,4550.0
2025-11-13 11:00:00,1.31673,1.31712,1.31427,1.31561,4834.0
2025-11-13 12:00:00,1.31561,1.31639,1.31516,1.31567,3775.0
2025-11-13 13:00:00,1.31567,1.31606,1.31433,1.31478,3951.0
2025-11-13 14:00:00,1.31478,1.3183,1.3147,1.31811,3694.0
2025-11-13 15:00:00,1.31813,1.31843,1.31582,1.3169,4215.0
2025-11-13 16:00:00,1.31691,1.31817,1.31657,1.3181,5053.0
2025-11-13 17:00:00,1.31811,1.3199100000000001,1.3173599999999999,1.3198400000000001,4873.0
2025-11-13 18:00:00,1.3198400000000001,1.3213300000000001,1.31912,1.32123,4443.0
2025-11-13 19:00:00,1.32123,1.32158,1.32039,1.32117,4058.0
2025-11-13 20:00:00,1.32117,1.32142,1.3192,1.31963,3889.0
2025-11-13 21:00:00,1.31962,1.31973,1.31898,1.31901,2986.0
2025-11-13 22:00:00,1.31902,1.31946,1.31846,1.31853,2535.0
2025-11-13 23:00:00,1.31852,1.31936,1.31846,1.3189899999999999,1201.0
2025-11-14 00:00:00,1.31868,1.31914,1.316,1.31624,992.0
2025-11-14 01:00:00,1.31623,1.31785,1.31366,1.31532,2242.0
2025-11-14 02:00:00,1.31532,1.31615,1.31359,1.31479,3185.0
2025-11-14 03:00:00,1.31479,1.31507,1.31416,1.3146900000000001,3190.0
2025-11-14 04:00:00,1.3146900000000001,1.31518,1.31425,1.31497,2637.0
2025-11-14 05:00:00,1.31497,1.3159399999999999,1.31442,1.31456,2654.0
2025-11-14 06:00:00,1.31456,1.31502,1.3139,1.31445,2101.0
2025-11-14 07:00:00,1.31445,1.31511,1.31413,1.31482,2632.0
2025-11-14 08:00:00,1.31483,1.31592,1.31407,1.31449,2599.0
2025-11-14 09:00:00,1.31449,1.31586,1.31265,1.31467,4433.0
2025-11-14 10:00:00,1.31467,1.32007,1.31081,1.31659,7246.0
2025-11-14 11:00:00,1.31658,1.31821,1.31486,1.31554,3484.0
2025-11-14 12:00:00,1.31555,1.31604,1.31412,1.31422,3035.0
2025-11-14 13:00:00,1.31421,1.3143500000000001,1.31224,1.31384,3099.0
2025-11-14 14:00:00,1.31384,1.31811,1.3131,1.31802,4402.0
2025-11-14 15:00:00,1.31799,1.31803,1.31581,1.3167200000000001,5264.0
2025-11-14 16:00:00,1.31673,1.31788,1.31484,1.31593,6240.0
2025-11-14 17:00:00,1.31593,1.31593,1.3125200000000001,1.31395,5929.0
2025-11-14 18:00:00,1.31395,1.31634,1.31391,1.31551,3849.0
2025-11-14 19:00:00,1.31551,1.31632,1.31512,1.31613,3185.0
2025-11-14 20:00:00,1.31613,1.31636,1.3149899999999999,1.31608,3099.0
2025-11-17 00:00:00,1.31475,1.31687,1.31475,1.31632,625.0
2025-11-17 01:00:00,1.31632,1.3171,1.31563,1.3159100000000001,1480.0
2025-11-17 02:00:00,1.3159100000000001,1.31592,1.315,1.31562,2321.0
2025-11-17 03:00:00,1.31562,1.3165200000000001,1.3154,1.31559,2518.0
2025-11-17 04:00:00,1.31559,1.3155999999999999,1.31516,1.31521,2177.0
2025-11-17 05:00:00,1.31521,1.31521,1.31417,1.31452,1540.0
2025-11-17 06:00:00,1.31452,1.31518,1.31443,1.31514,1142.0
2025-11-17 07:00:00,1.31514,1.31547,1.3142800000000001,1.31433,1576.0
2025-11-17 08:00:00,1.31433,1.31517,1.3136,1.31491,2110.0
2025-11-17 09:00:00,1.31491,1.31773,1.31488,1.31755,2928.0
2025-11-17 10:00:00,1.31757,1.31808,1.31593,1.31654,3922.0
2025-11-17 11:00:00,1.31654,1.31764,1.3158699999999999,1.31646,3279.0
2025-11-17 12:00:00,1.31647,1.31714,1.31517,1.31543,3291.0
2025-11-17 13:00:00,1.31543,1.31811,1.31493,1.31807,4032.0
2025-11-17 14:00:00,1.31807,1.31933,1.31766,1.3180100000000001,2970.0
2025-11-17 15:00:00,1.318,1.3188,1.31719,1.3173,3581.0
2025-11-17 16:00:00,1.31729,1.31779,1.31624,1.3165200000000001,3641.0
2025-11-17 17:00:00,1.31651,1.3177699999999999,1.31613,1.31773,4473.0
2025-11-17 18:00:00,1.31775,1.3179,1.3165200000000001,1.31781,3301.0
2025-11-17 19:00:00,1.3178,1.31793,1.3167499999999999,1.31702,2534.0
2025-11-17 20:00:00,1.31703,1.31711,1.3159,1.31602,2728.0
2025-11-17 21:00:00,1.31602,1.31647,1.31458,1.31464,2950.0
2025-11-17 22:00:00,1.31464,1.31579,1.31451,1.31547,2498.0
2025-11-17 23:00:00,1.31547,1.3159100000000001,1.31528,1.31534,1304.0
2025-11-18 00:00:00,1.31532,1.3157,1.31487,1.31504,1606.0
2025-11-18 01:00:00,1.31504,1.3157,1.3149,1.31554,1433.0
2025-11-18 02:00:00,1.31554,1.31555,1.3146,1.31483,2428.0
2025-11-18 03:00:00,1.31483,1.3155000000000001,1.31455,1.31512,2743.0
2025-11-18 04:00:00,1.31513,1.31547,1.3149199999999999,1.3153299999999999,2341.0
2025-11-18 05:00:00,1.31534,1.31556,1.31482,1.3149,2266.0
2025-11-18 06:00:00,1.3149199999999999,1.31635,1.31451,1.31631,3414.0
2025-11-18 07:00:00,1.3163,1.31641,1.31607,1.31609,2563.0
2025-11-18 08:00:00,1.31608,1.31624,1.31482,1.3149199999999999,3251.0
2025-11-18 09:00:00,1.3149199999999999,1.31635,1.31482,1.31504,4343.0
2025-11-18 10:00:00,1.31503,1.31771,1.31484,1.31559,4711.0
2025-11-18 11:00:00,1.31561,1.31639,1.31497,1.31528,3997.0
2025-11-18 12:00:00,1.31531,1.3155999999999999,1.31433,1.3148,3603.0
2025-11-18 13:00:00,1.3148,1.31495,1.31375,1.3141,2829.0
2025-11-18 14:00:00,1.3141,1.3154,1.31375,1.3153299999999999,3198.0
2025-11-18 15:00:00,1.31532,1.31609,1.3134000000000001,1.31544,5053.0
2025-11-18 16:00:00,1.31543,1.31632,1.31501,1.3158,4700.0
2025-11-18 17:00:00,1.31579,1.31714,1.3143500000000001,1.31445,5485.0
2025-11-18 18:00:00,1.31444,1.31503,1.31354,1.31502,4935.0
2025-11-18 19:00:00,1.31501,1.31513,1.3138,1.31411,3384.0
2025-11-18 20:00:00,1.31412,1.31568,1.31397,1.31525,3151.0
2025-11-18 21:00:00,1.31524,1.31571,1.31493,1.31551,2161.0
2025-11-18 22:00:00,1.31551,1.31568,1.31451,1.3146499999999999,2127.0
2025-11-18 23:00:00,1.31466,1.31494,1.3143799999999999,1.31447,1384.0
2025-11-19 00:00:00,1.31424,1.31477,1.31424,1.31441,603.0
2025-11-19 01:00:00,1.31441,1.31483,1.31424,1.31471,1422.0
2025-11-19 02:00:00,1.31471,1.3149,1.31402,1.31409,2578.0
2025-11-19 03:00:00,1.31409,1.3143,1.31317,1.31328,2849.0
2025-11-19 04:00:00,1.31329,1.31403,1.31291,1.31373,2372.0
2025-11-19 05:00:00,1.31373,1.31447,1.31365,1.3140399999999999,2155.0
2025-11-19 06:00:00,1.3140399999999999,1.3140399999999999,1.31323,1.31403,2335.0
2025-11-19 07:00:00,1.3140399999999999,1.31474,1.31394,1.31464,2335.0
2025-11-19 08:00:00,1.31464,1.3155000000000001,1.3145,1.3152300000000001,2135.0
2025-11-19 09:00:00,1.31501,1.31558,1.31322,1.31421,4312.0
2025-11-19 10:00:00,1.31422,1.31484,1.31235,1.31244,4219.0
2025-11-19 11:00:00,1.31243,1.31376,1.31177,1.31271,3938.0
2025-11-19 12:00:00,1.3127,1.31285,1.3093,1.31047,4730.0
2025-11-19 13:00:00,1.31052,1.31272,1.31039,1.31271,3894.0
2025-11-19 14:00:00,1.31272,1.31301,1.31154,1.31181,2652.0
2025-11-19 15:00:00,1.31181,1.31291,1.31132,1.31192,3484.0
2025-11-19 16:00:00,1.31192,1.31224,1.31054,1.31093,4430.0
2025-11-19 17:00:00,1.31093,1.31162,1.30715,1.308,5203.0
2025-11-19 18:00:00,1.30798,1.3085499999999999,1.30675,1.30752,4242.0
2025-11-19 19:00:00,1.30752,1.30803,1.30571,1.30682,4067.0
2025-11-19 20:00:00,1.30682,1.30768,1.30629,1.30655,3138.0
2025-11-19 21:00:00,1.30656,1.30678,1.30437,1.3045900000000001,3927.0
2025-11-19 22:00:00,1.30457,1.3054999999999999,1.30443,1.30498,2484.0
2025-11-19 23:00:00,1.30498,1.3061,1.30446,1.3058100000000001,2056.0
2025-11-20 00:00:00,1.30572,1.30583,1.30541,1.30564,593.0
2025-11-20 01:00:00,1.30564,1.30625,1.30527,1.30603,1519.0
2025-11-20 02:00:00,1.3060399999999999,1.3060399999999999,1.30495,1.30548,2305.0
2025-11-20 03:00:00,1.30548,1.30561,1.30453,1.30464,2980.0
2025-11-20 04:00:00,1.30464,1.30529,1.30381,1.30525,2269.0
2025-11-20 05:00:00,1.30524,1.30563,1.30407,1.30469,2534.0
2025-11-20 06:00:00,1.30469,1.30623,1.30441,1.30592,1607.0
2025-11-20 07:00:00,1.30592,1.30593,1.30523,1.30531,1704.0
2025-11-20 08:00:00,1.3053,1.30643,1.305,1.30628,2349.0
2025-11-20 09:00:00,1.30625,1.3070599999999999,1.30573,1.30694,3330.0
2025-11-20 10:00:00,1.30695,1.30769,1.30597,1.3065,4178.0
2025-11-20 11:00:00,1.30653,1.30802,1.30613,1.3079399999999999,3520.0
2025-11-20 12:00:00,1.30793,1.30849,1.3072300000000001,1.30729,3127.0
2025-11-20 13:00:00,1.30729,1.30769,1.30634,1.3065,2702.0
2025-11-20 14:00:00,1.3065,1.30657,1.30565,1.30571,2383.0
2025-11-20 15:00:00,1.30571,1.30998,1.3045,1.30959,6977.0
2025-11-20 16:00:00,1.30958,1.31241,1.30816,1.31115,6568.0
2025-11-20 17:00:00,1.31113,1.31132,1.3081,1.3094999999999999,4730.0
2025-11-20 18:00:00,1.3094999999999999,1.31029,1.30747,1.30769,5416.0
2025-11-20 19:00:00,1.3077,1.30826,1.3066,1.30681,5316.0
2025-11-20 20:00:00,1.30679,1.30802,1.3067,1.30754,3322.0
2025-11-20 21:00:00,1.30753,1.30876,1.30711,1.30872,2670.0
2025-11-20 22:00:00,1.30873,1.30873,1.30693,1.30702,2323.0
2025-11-20 23:00:00,1.3070300000000001,1.3073299999999999,1.30677,1.30721,1431.0
2025-11-21 00:00:00,1.30714,1.30741,1.30646,1.30666,948.0
2025-11-21 01:00:00,1.30666,1.30856,1.30666,1.30833,2144.0
2025-11-21 02:00:00,1.30833,1.30876,1.3075700000000001,1.30847,3191.0
2025-11-21 03:00:00,1.30846,1.30875,1.3079100000000001,1.3082099999999999,4229.0
2025-11-21 04:00:00,1.30822,1.30868,1.30751,1.30802,3113.0
2025-11-21 05:00:00,1.30802,1.30883,1.30768,1.30869,2657.0
2025-11-21 06:00:00,1.30869,1.30925,1.30856,1.3090600000000001,2982.0
2025-11-21 07:00:00,1.3090600000000001,1.30964,1.30881,1.30894,2473.0
2025-11-21 08:00:00,1.30894,1.3097699999999999,1.30885,1.30911,3141.0
2025-11-21 09:00:00,1.30911,1.3091599999999999,1.30661,1.30813,4305.0
2025-11-21 10:00:00,1.3081800000000001,1.31029,1.30731,1.30986,5659.0
2025-11-21 11:00:00,1.30985,1.30996,1.30591,1.30615,5108.0
2025-11-21 12:00:00,1.30616,1.30655,1.30507,1.30651,5133.0
2025-11-21 13:00:00,1.30652,1.3069600000000001,1.3042099999999999,1.30451,4091.0
2025-11-21 14:00:00,1.3045200000000001,1.30895,1.3038699999999999,1.30892,6216.0
2025-11-21 15:00:00,1.3088899999999999,1.30953,1.30804,1.30843,4489.0
2025-11-21 16:00:00,1.30843,1.30922,1.30697,1.30894,5897.0
2025-11-21 17:00:00,1.30898,1.30999,1.3076400000000001,1.30851,6658.0
2025-11-21 18:00:00,1.3085200000000001,1.30998,1.30732,1.3097699999999999,5100.0
2025-11-21 19:00:00,1.3097699999999999,1.31075,1.3088600000000001,1.31007,4095.0
2025-11-21 20:00:00,1.31007,1.31012,1.30917,1.30968,3507.0
2025-11-24 00:00:00,1.30941,1.30983,1.30941,1.30964,633.0
2025-11-24 01:00:00,1.30963,1.31,1.30929,1.30963,1573.0
2025-11-24 02:00:00,1.30963,1.3096700000000001,1.30857,1.3089,2001.0
2025-11-24 03:00:00,1.3089,1.30937,1.30876,1.30888,3684.0
2025-11-24 04:00:00,1.3088899999999999,1.30996,1.3088899999999999,1.3096,4528.0
2025-11-24 05:00:00,1.3096,1.31022,1.30945,1.30978,2313.0
2025-11-24 06:00:00,1.30978,1.3103099999999999,1.30968,1.31012,2111.0
2025-11-24 07:00:00,1.3101099999999999,1.31075,1.3100800000000001,1.31025,3339.0
2025-11-24 08:00:00,1.31024,1.3112,1.30987,1.30994,2670.0
2025-11-24 09:00:00,1.30994,1.31002,1.3088899999999999,1.30902,4066.0
2025-11-24 10:00:00,1.30903,1.31102,1.30891,1.30955,5287.0
2025-11-24 11:00:00,1.30955,1.30985,1.30881,1.30898,4087.0
2025-11-24 12:00:00,1.30898,1.30989,1.30891,1.30941,4163.0
2025-11-24 13:00:00,1.30942,1.30965,1.30894,1.3091300000000001,3512.0
2025-11-24 14:00:00,1.3091300000000001,1.31161,1.3088199999999999,1.31119,3076.0
2025-11-24 15:00:00,1.3112,1.31179,1.31045,1.31056,3257.0
2025-11-24 16:00:00,1.31055,1.31063,1.30851,1.30923,4527.0
2025-11-24 17:00:00,1.30923,1.3100100000000001,1.30808,1.30984,4340.0
2025-11-24 18:00:00,1.30983,1.31077,1.30945,1.30957,3133.0
2025-11-24 19:00:00,1.30957,1.31049,1.30859,1.31007,3024.0
2025-11-24 20:00:00,1.31007,1.3115999999999999,1.31,1.31159,2207.0
2025-11-24 21:00:00,1.3115999999999999,1.31169,1.31055,1.31091,2270.0
2025-11-24 22:00:00,1.31091,1.3112,1.31071,1.31088,2073.0
2025-11-24 23:00:00,1.31088,1.31106,1.31039,1.3104,1051.0
2025-11-25 00:00:00,1.31042,1.31104,1.3102,1.31071,2044.0
2025-11-25 01:00:00,1.3107,1.31088,1.31041,1.31059,1167.0
2025-11-25 02:00:00,1.31059,1.31084,1.31024,1.31082,2228.0
2025-11-25 03:00:00,1.31082,1.31161,1.31071,1.31078,2822.0
2025-11-25 04:00:00,1.31078,1.31131,1.31056,1.31129,2274.0
2025-11-25 05:00:00,1.31128,1.3115999999999999,1.30995,1.3100100000000001,2577.0
2025-11-25 06:00:00,1.31002,1.31003,1.30968,1.30982,1627.0
2025-11-25 07:00:00,1.30982,1.31039,1.30957,1.31018,2166.0
2025-11-25 08:00:00,1.31018,1.31064,1.30982,1.3104,2193.0
2025-11-25 09:00:00,1.31043,1.3129,1.31039,1.3122099999999999,3146.0
2025-11-25 10:00:00,1.31222,1.31287,1.31093,1.3109600000000001,3769.0
2025-11-25 11:00:00,1.3109600000000001,1.31383,1.3109,1.31352,3283.0
2025-11-25 12:00:00,1.31351,1.31406,1.31236,1.31299,2953.0
2025-11-25 13:00:00,1.31298,1.31298,1.31098,1.31124,2729.0
2025-11-25 14:00:00,1.31124,1.31387,1.3109199999999999,1.3135,4197.0
2025-11-25 15:00:00,1.31352,1.31597,1.31322,1.31538,5832.0
2025-11-25 16:00:00,1.31537,1.31833,1.3153000000000001,1.31784,5834.0
2025-11-25 17:00:00,1.31785,1.31959,1.31737,1.3176999999999999,5962.0
2025-11-25 18:00:00,1.3176999999999999,1.3185799999999999,1.31712,1.31721,3885.0
2025-11-25 19:00:00,1.3172,1.32042,1.31717,1.32009,5042.0
2025-11-25 20:00:00,1.3201,1.32138,1.3198699999999999,1.32058,3727.0
2025-11-25 21:00:00,1.32058,1.3214000000000001,1.32007,1.3212,2377.0
2025-11-25 22:00:00,1.3212,1.32144,1.31537,1.3162099999999999,3864.0
2025-11-25 23:00:00,1.3162099999999999,1.31719,1.31616,1.31644,2024.0
2025-11-26 00:00:00,1.31647,1.31756,1.31602,1.3165200000000001,569.0
2025-11-26 01:00:00,1.3165200000000001,1.31723,1.3158,1.31583,2331.0
2025-11-26 02:00:00,1.31583,1.31739,1.31583,1.3169,3348.0
2025-11-26 03:00:00,1.3169,1.3188,1.31654,1.31787,5873.0
2025-11-26 04:00:00,1.31788,1.31939,1.31769,1.31873,4302.0
2025-11-26 05:00:00,1.31873,1.31974,1.31873,1.31965,2573.0
2025-11-26 06:00:00,1.31965,1.31974,1.31876,1.31878,1921.0
2025-11-26 07:00:00,1.31878,1.3192,1.31873,1.31916,2162.0
2025-11-26 08:00:00,1.31916,1.31981,1.3183500000000001,1.31891,2767.0
2025-11-26 09:00:00,1.3189199999999999,1.31945,1.31654,1.31793,4190.0
2025-11-26 10:00:00,1.31793,1.31878,1.31681,1.31741,4441.0
2025-11-26 11:00:00,1.3174299999999999,1.31811,1.31687,1.31742,4117.0
2025-11-26 12:00:00,1.3174299999999999,1.31771,1.31576,1.31619,3285.0
2025-11-26 13:00:00,1.31619,1.32016,1.31507,1.31728,5032.0
2025-11-26 14:00:00,1.31722,1.31893,1.31244,1.31843,7463.0
2025-11-26 15:00:00,1.31845,1.32248,1.31768,1.31927,7652.0
2025-11-26 16:00:00,1.31928,1.32077,1.31849,1.3198699999999999,5679.0
2025-11-26 17:00:00,1.3198400000000001,1.32352,1.3195700000000001,1.32259,6270.0
2025-11-26 18:00:00,1.3226,1.32382,1.3219400000000001,1.32257,3983.0
2025-11-26 19:00:00,1.32257,1.32303,1.3219400000000001,1.32261,3338.0
2025-11-26 20:00:00,1.32261,1.32341,1.32239,1.3234,2699.0
2025-11-26 21:00:00,1.3234,1.32375,1.323,1.32347,1979.0
2025-11-26 22:00:00,1.32346,1.32419,1.32327,1.3235999999999999,1823.0
2025-11-26 23:00:00,1.32361,1.3243800000000001,1.32345,1.32428,1501.0
2025-11-27 00:00:00,1.32376,1.32395,1.32304,1.32354,249.0
2025-11-27 01:00:00,1.32354,1.32486,1.32354,1.3245,1586.0
2025-11-27 02:00:00,1.32449,1.32505,1.32436,1.32483,2240.0
2025-11-27 03:00:00,1.32483,1.32608,1.3248199999999999,1.32571,3418.0
2025-11-27 04:00:00,1.32571,1.3263,1.32491,1.32513,3128.0
2025-11-27 05:00:00,1.32513,1.32577,1.3248199999999999,1.32559,2594.0
2025-11-27 06:00:00,1.32559,1.3268499999999999,1.32544,1.32573,2233.0
2025-11-27 07:00:00,1.32574,1.3268499999999999,1.32571,1.32589,2937.0
2025-11-27 08:00:00,1.32591,1.32643,1.32392,1.3243,3246.0
2025-11-27 09:00:00,1.32429,1.32452,1.3229600000000001,1.32391,2785.0
2025-11-27 10:00:00,1.32391,1.3242,1.32183,1.3223500000000001,3433.0
2025-11-27 11:00:00,1.32234,1.3224,1.32102,1.3214000000000001,3356.0
2025-11-27 12:00:00,1.32141,1.32275,1.32121,1.32243,2604.0
2025-11-27 13:00:00,1.3224,1.3232,1.32206,1.32295,2834.0
2025-11-27 14:00:00,1.32295,1.32348,1.32256,1.32333,2236.0
2025-11-27 15:00:00,1.32332,1.32491,1.32329,1.32433,2946.0
2025-11-27 16:00:00,1.32434,1.32454,1.32291,1.32339,2471.0
2025-11-27 17:00:00,1.32339,1.32523,1.32328,1.32513,2366.0
2025-11-27 18:00:00,1.32512,1.32552,1.32399,1.3244,1734.0
2025-11-27 19:00:00,1.3244,1.3248,1.32306,1.3237999999999999,1339.0
2025-11-27 20:00:00,1.3237999999999999,1.32388,1.32337,1.32346,828.0
2025-11-27 21:00:00,1.32346,1.3238400000000001,1.32346,1.32371,793.0
2025-11-27 22:00:00,1.32371,1.32382,1.32361,1.32372,1445.0
2025-11-27 23:00:00,1.32372,1.32404,1.32367,1.32389,570.0
2025-11-28 00:00:00,1.32356,1.32375,1.32291,1.32333,739.0
2025-11-28 01:00:00,1.32333,1.32413,1.32293,1.32404,1013.0
2025-11-28 02:00:00,1.32404,1.32446,1.32328,1.32362,4125.0
2025-11-28 03:00:00,1.3235999999999999,1.32427,1.3228900000000001,1.3233,3175.0
2025-11-28 04:00:00,1.3233,1.32385,1.3229,1.3235999999999999,6765.0
2025-11-28 05:00:00,1.3235999999999999,1.32446,1.32327,1.32385,5380.0
2025-11-28 06:00:00,1.32383,1.3243800000000001,1.32337,1.32381,5432.0
2025-11-28 07:00:00,1.32376,1.32409,1.32275,1.32327,4193.0
2025-11-28 08:00:00,1.32335,1.3234,1.32154,1.32166,6121.0
2025-11-28 09:00:00,1.32163,1.3220100000000001,1.3210600000000001,1.3213,9061.0
2025-11-28 10:00:00,1.32131,1.32142,1.32023,1.32029,7801.0
2025-11-28 11:00:00,1.32029,1.32278,1.32012,1.32083,10899.0
2025-11-28 12:00:00,1.32083,1.32146,1.32036,1.3207499999999999,10848.0
2025-11-28 13:00:00,1.3207499999999999,1.32128,1.32013,1.32023,11307.0
2025-11-28 14:00:00,1.32022,1.32208,1.32012,1.32178,8994.0
2025-11-28 15:00:00,1.32178,1.3228,1.32117,1.3225500000000001,10455.0
2025-11-28 16:00:00,1.3225500000000001,1.32309,1.32162,1.32304,5363.0
2025-11-28 17:00:00,1.32304,1.32546,1.32066,1.32513,7437.0
2025-11-28 18:00:00,1.32513,1.3252,1.32349,1.32361,4781.0
2025-11-28 19:00:00,1.32361,1.32402,1.32272,1.32371,3271.0
2025-11-28 20:00:00,1.3237,1.32381,1.32304,1.32376,2603.0
2025-12-01 00:00:00,1.32243,1.32304,1.32165,1.3228900000000001,562.0
2025-12-01 01:00:00,1.32283,1.32486,1.32283,1.32392,2288.0
2025-12-01 02:00:00,1.32392,1.32443,1.32361,1.32368,3790.0
2025-12-01 03:00:00,1.32368,1.32469,1.3231,1.32378,5129.0
2025-12-01 04:00:00,1.32378,1.32401,1.32247,1.32277,3425.0
2025-12-01 05:00:00,1.32277,1.32311,1.32221,1.32305,2578.0
2025-12-01 06:00:00,1.32307,1.32337,1.32264,1.32269,2300.0
2025-12-01 07:00:00,1.32269,1.32315,1.32187,1.32213,3140.0
2025-12-01 08:00:00,1.32211,1.32225,1.32107,1.32159,3105.0
2025-12-01 09:00:00,1.32163,1.32365,1.32131,1.32203,4080.0
2025-12-01 10:00:00,1.32203,1.32295,1.32056,1.3210899999999999,5631.0
2025-12-01 11:00:00,1.3210899999999999,1.3235299999999999,1.3210899999999999,1.3233,4762.0
2025-12-01 12:00:00,1.3233,1.32332,1.32178,1.32284,4150.0
2025-12-01 13:00:00,1.32284,1.32366,1.32206,1.32335,3848.0
2025-12-01 14:00:00,1.32336,1.32701,1.32333,1.32673,4636.0
2025-12-01 15:00:00,1.32673,1.3275299999999999,1.32593,1.3266,5309.0
2025-12-01 16:00:00,1.3266,1.3266200000000001,1.3243800000000001,1.3248199999999999,5980.0
2025-12-01 17:00:00,1.32512,1.3259699999999999,1.32303,1.32521,6489.0
2025-12-01 18:00:00,1.32521,1.32526,1.32226,1.32271,4674.0
2025-12-01 19:00:00,1.32271,1.32322,1.32214,1.32247,3065.0
2025-12-01 20:00:00,1.32247,1.32279,1.32127,1.32154,2541.0
2025-12-01 21:00:00,1.32154,1.32154,1.32084,1.32125,2452.0
2025-12-01 22:00:00,1.32125,1.32146,1.32095,1.32131,1679.0
2025-12-01 23:00:00,1.3213,1.32147,1.32101,1.3212,1298.0
2025-12-02 00:00:00,1.32118,1.32151,1.32077,1.32084,320.0
2025-12-02 01:00:00,1.32084,1.32129,1.32084,1.3209,879.0
2025-12-02 02:00:00,1.3209,1.3212,1.32053,1.3207,1320.0
2025-12-02 03:00:00,1.3207,1.32141,1.3203,1.32121,2051.0
2025-12-02 04:00:00,1.32121,1.32171,1.32108,1.32161,1262.0
2025-12-02 05:00:00,1.32161,1.3218,1.3213,1.32172,1596.0
2025-12-02 06:00:00,1.32173,1.32218,1.32157,1.32161,1149.0
2025-12-02 07:00:00,1.32161,1.32173,1.3211,1.32145,1132.0
2025-12-02 08:00:00,1.32142,1.3216,1.3207900000000001,1.32129,1863.0
2025-12-02 09:00:00,1.32128,1.3219699999999999,1.32088,1.32154,3005.0
2025-12-02 10:00:00,1.32154,1.32199,1.3208,1.32119,4051.0
2025-12-02 11:00:00,1.32119,1.32208,1.3201,1.3210600000000001,4155.0
2025-12-02 12:00:00,1.32107,1.3212,1.31808,1.31956,4543.0
2025-12-02 13:00:00,1.3195700000000001,1.32017,1.31918,1.3198400000000001,3530.0
2025-12-02 14:00:00,1.3198400000000001,1.32101,1.31949,1.32093,3018.0
2025-12-02 15:00:00,1.32093,1.32094,1.31977,1.32068,3338.0
2025-12-02 16:00:00,1.32068,1.3213300000000001,1.31996,1.32108,4652.0
2025-12-02 17:00:00,1.3210899999999999,1.32134,1.31853,1.3201,5788.0
2025-12-02 18:00:00,1.3201100000000001,1.3204099999999999,1.31806,1.31836,4091.0
2025-12-02 19:00:00,1.31837,1.3195299999999999,1.3179699999999999,1.31941,2965.0
2025-12-02 20:00:00,1.31941,1.3202,1.31905,1.31977,2117.0
2025-12-02 21:00:00,1.31978,1.3213300000000001,1.31971,1.32098,2061.0
2025-12-02 22:00:00,1.32098,1.32147,1.32067,1.32118,1830.0
2025-12-02 23:00:00,1.32118,1.32154,1.32067,1.32119,1048.0
2025-12-03 00:00:00,1.32063,1.32123,1.3197999999999999,1.32004,495.0
2025-12-03 01:00:00,1.32004,1.32211,1.32004,1.32199,1053.0
2025-12-03 02:00:00,1.32198,1.3222800000000001,1.32173,1.32217,1839.0
2025-12-03 03:00:00,1.32217,1.3227,1.32216,1.32266,1884.0
2025-12-03 04:00:00,1.32266,1.32306,1.32245,1.32298,1571.0
2025-12-03 05:00:00,1.32298,1.32322,1.32286,1.32291,1395.0
2025-12-03 06:00:00,1.32291,1.3233,1.32269,1.32317,999.0
2025-12-03 07:00:00,1.32317,1.3237999999999999,1.3231600000000001,1.32367,1272.0
2025-12-03 08:00:00,1.32367,1.32426,1.32355,1.32426,1699.0
2025-12-03 09:00:00,1.32426,1.32527,1.32383,1.32428,3168.0
2025-12-03 10:00:00,1.32433,1.32633,1.32374,1.3259,3442.0
2025-12-03 11:00:00,1.32591,1.3284799999999999,1.32565,1.32789,4833.0
2025-12-03 12:00:00,1.3278699999999999,1.32897,1.3274,1.32836,3468.0
2025-12-03 13:00:00,1.32835,1.32965,1.32795,1.32965,2672.0
2025-12-03 14:00:00,1.32965,1.33039,1.32941,1.3299,2923.0
2025-12-03 15:00:00,1.3299,1.33151,1.3296700000000001,1.32993,4534.0
2025-12-03 16:00:00,1.3299400000000001,1.33168,1.32921,1.33133,5247.0
2025-12-03 17:00:00,1.33135,1.33316,1.33044,1.33313,6013.0
2025-12-03 18:00:00,1.33313,1.33474,1.33292,1.3332,4130.0
2025-12-03 19:00:00,1.3332,1.33477,1.33285,1.33427,2814.0
2025-12-03 20:00:00,1.33427,1.33533,1.33386,1.3348,2617.0
2025-12-03 21:00:00,1.3348,1.33529,1.33468,1.33508,1783.0
2025-12-03 22:00:00,1.33509,1.33523,1.33474,1.33478,1419.0
2025-12-03 23:00:00,1.33478,1.33534,1.33476,1.33525,1163.0
2025-12-04 00:00:00,1.3351600000000001,1.3351600000000001,1.33462,1.3348200000000001,98.0
2025-12-04 01:00:00,1.3348200000000001,1.33518,1.3345099999999999,1.33477,1222.0
2025-12-04 02:00:00,1.33477,1.33477,1.33377,1.33399,1614.0
2025-12-04 03:00:00,1.33399,1.33438,1.33349,1.33401,2181.0
2025-12-04 04:00:00,1.33402,1.33404,1.33346,1.3336700000000001,2062.0
2025-12-04 05:00:00,1.3336700000000001,1.33368,1.33276,1.3332,1516.0
2025-12-04 06:00:00,1.3332,1.3334,1.33313,1.33318,1003.0
2025-12-04 07:00:00,1.33318,1.33402,1.33316,1.3338,1924.0
2025-12-04 08:00:00,1.33381,1.33389,1.33322,1.33379,1771.0
2025-12-04 09:00:00,1.3338,1.33415,1.33316,1.33368,2055.0
2025-12-04 10:00:00,1.3336700000000001,1.33591,1.33337,1.33427,4267.0
2025-12-04 11:00:00,1.3342800000000001,1.33498,1.3336299999999999,1.33459,3470.0
2025-12-04 12:00:00,1.33459,1.3351,1.33372,1.33443,2968.0
2025-12-04 13:00:00,1.33442,1.33637,1.3341,1.33603,3346.0
2025-12-04 14:00:00,1.33602,1.33619,1.33401,1.33491,3269.0
2025-12-04 15:00:00,1.3349,1.33502,1.33208,1.3342399999999999,4546.0
2025-12-04 16:00:00,1.3342399999999999,1.33741,1.3342399999999999,1.33704,5472.0
2025-12-04 17:00:00,1.33703,1.33852,1.3354300000000001,1.3373,4853.0
2025-12-04 18:00:00,1.3373,1.3373300000000001,1.33477,1.33526,3694.0
2025-12-04 19:00:00,1.33526,1.3353,1.33408,1.33432,2314.0
2025-12-04 20:00:00,1.3343099999999999,1.33514,1.3336000000000001,1.3343099999999999,2261.0
2025-12-04 21:00:00,1.3343099999999999,1.3346,1.33377,1.334,2258.0
2025-12-04 22:00:00,1.33399,1.33399,1.33269,1.33287,2183.0
2025-12-04 23:00:00,1.33288,1.3332,1.3324500000000001,1.3326500000000001,963.0
2025-12-05 00:00:00,1.33234,1.33264,1.33185,1.33201,2512.0
2025-12-05 01:00:00,1.33201,1.33259,1.33201,1.33223,749.0
2025-12-05 02:00:00,1.33222,1.33301,1.3322,1.33301,1528.0
2025-12-05 03:00:00,1.33301,1.3333300000000001,1.33281,1.33332,2033.0
2025-12-05 04:00:00,1.33332,1.33342,1.3330199999999999,1.33321,1411.0
2025-12-05 05:00:00,1.33321,1.33322,1.3325,1.33271,1026.0
2025-12-05 06:00:00,1.33271,1.33371,1.3327,1.33362,1510.0
2025-12-05 07:00:00,1.33362,1.33456,1.3336000000000001,1.33452,1693.0
2025-12-05 08:00:00,1.3345099999999999,1.33523,1.33423,1.3348900000000001,1652.0
2025-12-05 09:00:00,1.3348900000000001,1.33624,1.33484,1.33531,3207.0
2025-12-05 10:00:00,1.33532,1.33603,1.33457,1.33501,3759.0
2025-12-05 11:00:00,1.33501,1.3354,1.3342800000000001,1.3346,2781.0
2025-12-05 12:00:00,1.33461,1.33483,1.33328,1.33379,2774.0
2025-12-05 13:00:00,1.3338,1.33402,1.33282,1.334,2518.0
2025-12-05 14:00:00,1.334,1.33488,1.3338700000000001,1.33484,3075.0
2025-12-05 15:00:00,1.33484,1.33557,1.33399,1.33508,3623.0
2025-12-05 16:00:00,1.33508,1.3362,1.33427,1.33478,4428.0
2025-12-05 17:00:00,1.33479,1.33593,1.3338999999999999,1.3342800000000001,5095.0
2025-12-05 18:00:00,1.3342800000000001,1.33436,1.33159,1.33227,5228.0
2025-12-05 19:00:00,1.33227,1.33311,1.33183,1.33308,3187.0
2025-12-05 20:00:00,1.33308,1.33408,1.33296,1.33338,2501.0
2025-12-08 00:00:00,1.3321,1.33266,1.3312599999999999,1.33244,709.0
2025-12-08 01:00:00,1.33244,1.33316,1.33218,1.33257,2900.0
2025-12-08 02:00:00,1.33258,1.3333599999999999,1.33224,1.33334,2533.0
2025-12-08 03:00:00,1.33334,1.33382,1.33311,1.33369,2767.0
2025-12-08 04:00:00,1.33369,1.33414,1.33347,1.33413,2058.0
2025-12-08 05:00:00,1.33413,1.33423,1.33362,1.33372,1493.0
2025-12-08 06:00:00,1.33372,1.3342100000000001,1.33364,1.33403,1097.0
2025-12-08 07:00:00,1.33402,1.33412,1.33358,1.33372,1569.0
2025-12-08 08:00:00,1.33371,1.33469,1.33274,1.33307,3173.0
2025-12-08 09:00:00,1.33314,1.33348,1.33219,1.3325,3102.0
2025-12-08 10:00:00,1.3325,1.33338,1.33191,1.33277,3787.0
2025-12-08 11:00:00,1.33276,1.33289,1.33136,1.33172,3604.0
2025-12-08 12:00:00,1.33172,1.33294,1.3316,1.33189,2710.0
2025-12-08 13:00:00,1.33188,1.3326799999999999,1.3314,1.3317700000000001,3201.0
2025-12-08 14:00:00,1.3317700000000001,1.33222,1.3314,1.332,2565.0
2025-12-08 15:00:00,1.33201,1.33294,1.3315000000000001,1.33197,3729.0
2025-12-08 16:00:00,1.33198,1.33383,1.33148,1.33267,5774.0
2025-12-08 17:00:00,1.33267,1.33279,1.3305799999999999,1.33118,5455.0
2025-12-08 18:00:00,1.3312,1.3325,1.3308499999999999,1.33188,4027.0
2025-12-08 19:00:00,1.33189,1.33243,1.33109,1.33237,3013.0
2025-12-08 20:00:00,1.3323800000000001,1.3330899999999999,1.33192,1.3324500000000001,2558.0
2025-12-08 21:00:00,1.33243,1.33291,1.33218,1.33266,1952.0
2025-12-08 22:00:00,1.33266,1.33297,1.3323,1.33251,1699.0
2025-12-08 23:00:00,1.33252,1.3326,1.33195,1.33213,1103.0
2025-12-09 00:00:00,1.33205,1.33213,1.33154,1.33179,1145.0
2025-12-09 01:00:00,1.33176,1.33269,1.33157,1.33269,844.0
2025-12-09 02:00:00,1.33269,1.33287,1.33188,1.33217,1858.0
2025-12-09 03:00:00,1.33217,1.3333,1.33183,1.33328,2317.0
2025-12-09 04:00:00,1.33328,1.33347,1.33261,1.33286,2264.0
2025-12-09 05:00:00,1.33286,1.33316,1.33263,1.33282,2038.0
2025-12-09 06:00:00,1.33282,1.3331,1.33267,1.333,2094.0
2025-12-09 07:00:00,1.33301,1.33371,1.33269,1.33334,2203.0
2025-12-09 08:00:00,1.3333300000000001,1.33347,1.33277,1.3330600000000001,2600.0
2025-12-09 09:00:00,1.3330600000000001,1.33325,1.33232,1.33281,2781.0
2025-12-09 10:00:00,1.33282,1.33513,1.33262,1.33442,4038.0
2025-12-09 11:00:00,1.33442,1.33562,1.33412,1.33469,4503.0
2025-12-09 12:00:00,1.33468,1.3349,1.33295,1.33373,3807.0
2025-12-09 13:00:00,1.33374,1.33378,1.3324,1.33289,3385.0
2025-12-09 14:00:00,1.33289,1.3331,1.33161,1.33197,3215.0
2025-12-09 15:00:00,1.33197,1.33277,1.33102,1.33145,4487.0
2025-12-09 16:00:00,1.33145,1.33205,1.3301,1.33163,5669.0
2025-12-09 17:00:00,1.33163,1.33163,1.32871,1.32969,6481.0
2025-12-09 18:00:00,1.32969,1.33183,1.32968,1.33178,4036.0
2025-12-09 19:00:00,1.33179,1.33195,1.32966,1.32976,3096.0
2025-12-09 20:00:00,1.32976,1.33033,1.3291,1.33011,2672.0
2025-12-09 21:00:00,1.33012,1.33045,1.32955,1.33017,2645.0
2025-12-09 22:00:00,1.33017,1.3307,1.32976,1.3300100000000001,1916.0
2025-12-09 23:00:00,1.3300100000000001,1.33043,1.32962,1.32977,1371.0
2025-12-10 00:00:00,1.32934,1.32998,1.32926,1.3299,1109.0
2025-12-10 01:00:00,1.3299,1.33043,1.3298,1.3303,940.0
2025-12-10 02:00:00,1.3303,1.33047,1.32986,1.33039,1666.0
2025-12-10 03:00:00,1.33038,1.3304,1.32959,1.32987,2212.0
2025-12-10 04:00:00,1.32986,1.33053,1.32979,1.3299699999999999,1718.0
2025-12-10 05:00:00,1.3299699999999999,1.33048,1.32984,1.33027,1691.0
2025-12-10 06:00:00,1.33026,1.33078,1.33026,1.33051,1768.0
2025-12-10 07:00:00,1.3305,1.33099,1.33042,1.33072,1969.0
2025-12-10 08:00:00,1.33072,1.3314,1.33057,1.33136,2262.0
2025-12-10 09:00:00,1.33139,1.33258,1.33128,1.33242,3189.0
2025-12-10 10:00:00,1.3324099999999999,1.3327200000000001,1.33166,1.33186,4079.0
2025-12-10 11:00:00,1.33185,1.33186,1.33073,1.33133,3752.0
2025-12-10 12:00:00,1.33131,1.33157,1.33067,1.33133,3468.0
2025-12-10 13:00:00,1.33132,1.33164,1.33015,1.33111,3444.0
2025-12-10 14:00:00,1.3311,1.33173,1.3307,1.33142,2754.0
2025-12-10 15:00:00,1.33142,1.33318,1.33048,1.33304,4038.0
2025-12-10 16:00:00,1.33304,1.33342,1.3323,1.333,5145.0
2025-12-10 17:00:00,1.3329900000000001,1.33368,1.3315000000000001,1.33208,4810.0
2025-12-10 18:00:00,1.33208,1.33392,1.33156,1.33381,3978.0
2025-12-10 19:00:00,1.33381,1.33476,1.3332,1.33457,2799.0
2025-12-10 20:00:00,1.33457,1.33466,1.3330199999999999,1.33315,2827.0
2025-12-10 21:00:00,1.33316,1.33694,1.33234,1.33651,10934.0
2025-12-10 22:00:00,1.3365,1.33888,1.33596,1.3385099999999999,6888.0
2025-12-10 23:00:00,1.3385099999999999,1.33871,1.33789,1.338,2236.0
2025-12-11 00:00:00,1.33811,1.3382100000000001,1.3371,1.33789,1118.0
2025-12-11 01:00:00,1.33789,1.3391600000000001,1.3375,1.33886,1553.0
2025-12-11 02:00:00,1.33886,1.3392,1.33762,1.33777,2605.0
2025-12-11 03:00:00,1.33777,1.33875,1.33776,1.3382100000000001,3086.0
2025-12-11 04:00:00,1.3382100000000001,1.33872,1.3369900000000001,1.3370600000000001,2700.0
2025-12-11 05:00:00,1.3370600000000001,1.33738,1.33662,1.3367200000000001,2680.0
2025-12-11 06:00:00,1.33671,1.33695,1.33629,1.33694,2195.0
2025-12-11 07:00:00,1.33693,1.33708,1.33615,1.33617,2125.0
2025-12-11 08:00:00,1.33617,1.33701,1.33593,1.33692,2326.0
2025-12-11 09:00:00,1.33692,1.33793,1.33658,1.33698,3785.0
2025-12-11 10:00:00,1.33698,1.33788,1.33658,1.3366799999999999,4127.0
2025-12-11 11:00:00,1.3366799999999999,1.33734,1.3354599999999999,1.3372,4322.0
2025-12-11 12:00:00,1.3372,1.33812,1.33679,1.33784,3851.0
2025-12-11 13:00:00,1.33784,1.33873,1.33755,1.33857,3221.0
2025-12-11 14:00:00,1.33857,1.33939,1.33786,1.3389199999999999,3750.0
2025-12-11 15:00:00,1.3389199999999999,1.34154,1.33847,1.3407499999999999,4937.0
2025-12-11 16:00:00,1.34076,1.34266,1.3407,1.34179,5915.0
2025-12-11 17:00:00,1.34177,1.34355,1.34115,1.3434599999999999,5950.0
2025-12-11 18:00:00,1.3434599999999999,1.34383,1.3416000000000001,1.34254,4527.0
2025-12-11 19:00:00,1.34254,1.34299,1.34166,1.34211,3509.0
2025-12-11 20:00:00,1.34211,1.34247,1.34125,1.34135,2653.0
2025-12-11 21:00:00,1.3413300000000001,1.34134,1.33897,1.33905,2763.0
2025-12-11 22:00:00,1.33904,1.3395000000000001,1.33825,1.3394,2327.0
2025-12-11 23:00:00,1.33939,1.33959,1.3384800000000001,1.33862,1334.0
2025-12-12 00:00:00,1.33837,1.33927,1.3381,1.33895,1267.0
2025-12-12 01:00:00,1.33895,1.33938,1.33888,1.33932,1067.0
2025-12-12 02:00:00,1.33932,1.33959,1.33922,1.3393,3344.0
2025-12-12 03:00:00,1.33929,1.33999,1.33899,1.33922,2755.0
2025-12-12 04:00:00,1.33921,1.3395000000000001,1.33903,1.33913,2334.0
2025-12-12 05:00:00,1.3391199999999999,1.3394,1.33895,1.33908,1882.0
2025-12-12 06:00:00,1.33908,1.33941,1.33884,1.33886,1434.0
2025-12-12 07:00:00,1.33886,1.3397000000000001,1.33884,1.33955,1935.0
2025-12-12 08:00:00,1.33955,1.3399,1.33906,1.33957,2383.0
2025-12-12 09:00:00,1.33956,1.33956,1.33745,1.3384800000000001,3814.0
2025-12-12 10:00:00,1.33847,1.33886,1.33771,1.33783,4439.0
2025-12-12 11:00:00,1.33782,1.33859,1.33734,1.3383,3767.0
2025-12-12 12:00:00,1.3383,1.33834,1.33691,1.33764,3109.0
2025-12-12 13:00:00,1.3376299999999999,1.33783,1.33678,1.33751,2561.0
2025-12-12 14:00:00,1.33751,1.33771,1.33647,1.33734,2817.0
2025-12-12 15:00:00,1.33735,1.33834,1.33682,1.33696,3670.0
2025-12-12 16:00:00,1.33696,1.33781,1.33631,1.33728,4698.0
2025-12-12 17:00:00,1.33727,1.33783,1.33522,1.33549,5571.0
2025-12-12 18:00:00,1.33549,1.33596,1.33422,1.33487,5757.0
2025-12-12 19:00:00,1.33486,1.33735,1.33479,1.33732,3639.0
2025-12-12 20:00:00,1.33731,1.33769,1.3360699999999999,1.33612,3026.0
2025-12-15 00:00:00,1.33712,1.33723,1.3354300000000001,1.3364500000000001,965.0
2025-12-15 01:00:00,1.3366,1.33721,1.33646,1.33673,1434.0
2025-12-15 02:00:00,1.33673,1.33679,1.33559,1.33656,1846.0
2025-12-15 03:00:00,1.33658,1.33744,1.33574,1.33735,2150.0
2025-12-15 04:00:00,1.33734,1.33743,1.33642,1.33682,2689.0
2025-12-15 05:00:00,1.33682,1.33703,1.3355299999999999,1.33569,1915.0
2025-12-15 06:00:00,1.33569,1.33605,1.3355000000000001,1.33581,1614.0
2025-12-15 07:00:00,1.33581,1.33659,1.33558,1.33642,1983.0
2025-12-15 08:00:00,1.33642,1.33671,1.33576,1.33657,2332.0
2025-12-15 09:00:00,1.33657,1.33701,1.33583,1.3363399999999999,3773.0
2025-12-15 10:00:00,1.33635,1.33737,1.33613,1.33677,4191.0
2025-12-15 11:00:00,1.33677,1.33887,1.3367,1.33879,3289.0
2025-12-15 12:00:00,1.33879,1.33881,1.33746,1.33802,2850.0
2025-12-15 13:00:00,1.33801,1.33897,1.33796,1.33834,2306.0
2025-12-15 14:00:00,1.33834,1.33944,1.33832,1.33899,2829.0
2025-12-15 15:00:00,1.33896,1.33967,1.33853,1.33872,3403.0
2025-12-15 16:00:00,1.3387,1.34015,1.33826,1.33967,4865.0
2025-12-15 17:00:00,1.33967,1.33981,1.33811,1.33949,5994.0
2025-12-15 18:00:00,1.33948,1.33957,1.33735,1.33796,4533.0
2025-12-15 19:00:00,1.33796,1.33811,1.33656,1.33677,3172.0
2025-12-15 20:00:00,1.33677,1.33751,1.33595,1.3366,2632.0
2025-12-15 21:00:00,1.3366,1.33732,1.33622,1.3373,1882.0
2025-12-15 22:00:00,1.3373,1.33757,1.3369900000000001,1.3374,1930.0
2025-12-15 23:00:00,1.33738,1.33782,1.33713,1.33768,1317.0
2025-12-16 00:00:00,1.33732,1.33741,1.3366,1.33723,1040.0
2025-12-16 01:00:00,1.33727,1.3381,1.33674,1.33791,1356.0
2025-12-16 02:00:00,1.33791,1.33835,1.33677,1.33697,2848.0
2025-12-16 03:00:00,1.33697,1.3372899999999999,1.33616,1.33681,3721.0
2025-12-16 04:00:00,1.33681,1.3371,1.33656,1.33692,2902.0
2025-12-16 05:00:00,1.33692,1.33741,1.33626,1.33655,2891.0
2025-12-16 06:00:00,1.33655,1.337,1.3364500000000001,1.33678,1920.0
2025-12-16 07:00:00,1.33678,1.33696,1.33609,1.33623,2750.0
2025-12-16 08:00:00,1.33623,1.33666,1.3355299999999999,1.3363399999999999,2386.0
2025-12-16 09:00:00,1.33636,1.33784,1.33622,1.33751,3600.0
2025-12-16 10:00:00,1.33752,1.33948,1.33749,1.33935,4465.0
2025-12-16 11:00:00,1.33935,1.34158,1.33924,1.3410199999999999,4621.0
2025-12-16 12:00:00,1.3410199999999999,1.34269,1.34066,1.34233,4186.0
2025-12-16 13:00:00,1.34232,1.3431199999999999,1.34116,1.3431,3506.0
2025-12-16 14:00:00,1.3431,1.34372,1.34264,1.34367,3578.0
2025-12-16 15:00:00,1.34367,1.3456000000000001,1.34106,1.34259,8199.0
2025-12-16 16:00:00,1.3426,1.34458,1.34164,1.3443100000000001,7753.0
2025-12-16 17:00:00,1.34432,1.34476,1.3404,1.34158,6656.0
2025-12-16 18:00:00,1.34157,1.34293,1.34119,1.34265,5399.0
2025-12-16 19:00:00,1.34268,1.34403,1.34202,1.3424,4669.0
2025-12-16 20:00:00,1.3424,1.34272,1.34089,1.34245,4046.0
2025-12-16 21:00:00,1.34245,1.34315,1.33992,1.3425799999999999,4439.0
2025-12-16 22:00:00,1.34256,1.3436,1.34223,1.34247,3502.0
2025-12-16 23:00:00,1.34247,1.34259,1.3418999999999999,1.34193,1503.0
2025-12-17 00:00:00,1.34172,1.34222,1.34172,1.34192,1300.0
2025-12-17 01:00:00,1.34193,1.34268,1.34193,1.34254,1142.0
2025-12-17 02:00:00,1.34254,1.34271,1.34195,1.34207,1763.0
2025-12-17 03:00:00,1.34207,1.34259,1.34201,1.34245,2364.0
2025-12-17 04:00:00,1.34245,1.34246,1.3406500000000001,1.34087,2390.0
2025-12-17 05:00:00,1.34087,1.34127,1.34067,1.34096,1790.0
2025-12-17 06:00:00,1.34096,1.34097,1.33932,1.33949,2040.0
2025-12-17 07:00:00,1.33949,1.33959,1.33799,1.33835,2770.0
2025-12-17 08:00:00,1.33835,1.339,1.33722,1.3376299999999999,2789.0
2025-12-17 09:00:00,1.3374,1.33755,1.33154,1.33229,5893.0
2025-12-17 10:00:00,1.33227,1.33317,1.33117,1.33269,4416.0
2025-12-17 11:00:00,1.33266,1.33354,1.33226,1.33257,4034.0
2025-12-17 12:00:00,1.33257,1.33355,1.33203,1.3335,3642.0
2025-12-17 13:00:00,1.33349,1.33375,1.33213,1.33276,3646.0
2025-12-17 14:00:00,1.33276,1.33461,1.33261,1.33446,3315.0
2025-12-17 15:00:00,1.33446,1.33591,1.3339699999999999,1.33562,4957.0
2025-12-17 16:00:00,1.33562,1.33663,1.33486,1.33629,5174.0
2025-12-17 17:00:00,1.33629,1.34003,1.33558,1.33992,6507.0
2025-12-17 18:00:00,1.33991,1.34066,1.3385,1.33898,5577.0
2025-12-17 19:00:00,1.33898,1.3395299999999999,1.3382,1.33873,3872.0
2025-12-17 20:00:00,1.33872,1.33949,1.33735,1.3376000000000001,3507.0
2025-12-17 21:00:00,1.3376000000000001,1.33809,1.3372600000000001,1.3377,2609.0
2025-12-17 22:00:00,1.33769,1.33843,1.33747,1.33783,1921.0
2025-12-17 23:00:00,1.33783,1.33799,1.33738,1.33746,1276.0
2025-12-18 00:00:00,1.33753,1.33761,1.3369900000000001,1.33748,1233.0
2025-12-18 01:00:00,1.33748,1.33779,1.3370199999999999,1.33737,1104.0
2025-12-18 02:00:00,1.33737,1.33769,1.33696,1.3376299999999999,1916.0
2025-12-18 03:00:00,1.3376299999999999,1.33791,1.33616,1.33646,2684.0
2025-12-18 04:00:00,1.33647,1.33709,1.3364,1.33688,2438.0
2025-12-18 05:00:00,1.33688,1.33711,1.33617,1.33646,1642.0
2025-12-18 06:00:00,1.33646,1.33691,1.33635,1.33687,1365.0
2025-12-18 07:00:00,1.33687,1.33739,1.33667,1.33696,1696.0
2025-12-18 08:00:00,1.33696,1.33708,1.33623,1.33669,2104.0
2025-12-18 09:00:00,1.3366799999999999,1.33754,1.33637,1.33662,3433.0
2025-12-18 10:00:00,1.33661,1.3373300000000001,1.33547,1.33595,3648.0
2025-12-18 11:00:00,1.33595,1.33595,1.33409,1.33487,3691.0
2025-12-18 12:00:00,1.33487,1.33534,1.33436,1.33524,2862.0
2025-12-18 13:00:00,1.33526,1.33585,1.3349199999999999,1.3349199999999999,2714.0
2025-12-18 14:00:00,1.33499,1.3397299999999999,1.33378,1.3395299999999999,5642.0
2025-12-18 15:00:00,1.3395299999999999,1.34427,1.33914,1.3427799999999999,8258.0
2025-12-18 16:00:00,1.34279,1.34464,1.34094,1.34158,7988.0
2025-12-18 17:00:00,1.34158,1.3416000000000001,1.33859,1.33947,6865.0
2025-12-18 18:00:00,1.33948,1.34053,1.33812,1.33862,5283.0
2025-12-18 19:00:00,1.33862,1.33869,1.33704,1.33809,4523.0
2025-12-18 20:00:00,1.33809,1.3385099999999999,1.33751,1.33813,3036.0
2025-12-18 21:00:00,1.33813,1.33906,1.33802,1.33862,3507.0
2025-12-18 22:00:00,1.3386,1.33897,1.33775,1.33783,2485.0
2025-12-18 23:00:00,1.33783,1.3382800000000001,1.3378,1.33816,1094.0
2025-12-19 00:00:00,1.3378999999999999,1.33817,1.33745,1.33788,657.0
2025-12-19 01:00:00,1.33788,1.33853,1.33734,1.33834,1600.0
2025-12-19 02:00:00,1.33835,1.3385799999999999,1.3378,1.33849,1735.0
2025-12-19 03:00:00,1.33849,1.3387,1.33789,1.33823,2585.0
2025-12-19 04:00:00,1.33822,1.33861,1.33775,1.33791,2084.0
2025-12-19 05:00:00,1.33793,1.33823,1.3373300000000001,1.33777,3146.0
2025-12-19 06:00:00,1.33777,1.33802,1.33696,1.33723,2387.0
2025-12-19 07:00:00,1.33723,1.33769,1.33723,1.33757,1678.0
2025-12-19 08:00:00,1.33755,1.33856,1.3370199999999999,1.33836,3441.0
2025-12-19 09:00:00,1.33834,1.3385500000000001,1.33632,1.33653,4407.0
2025-12-19 10:00:00,1.33653,1.33805,1.33649,1.3374,4430.0
2025-12-19 11:00:00,1.33739,1.33876,1.33723,1.3382,4644.0
2025-12-19 12:00:00,1.3382,1.33868,1.3374,1.3381,4109.0
2025-12-19 13:00:00,1.33811,1.33823,1.3369,1.33723,3370.0
2025-12-19 14:00:00,1.33723,1.3378700000000001,1.33681,1.3373300000000001,2945.0
2025-12-19 15:00:00,1.3373300000000001,1.33739,1.33571,1.33724,4707.0
2025-12-19 16:00:00,1.33724,1.33869,1.3366500000000001,1.33707,6144.0
2025-12-19 17:00:00,1.3368,1.3372600000000001,1.33571,1.33618,5355.0
2025-12-19 18:00:00,1.33617,1.33779,1.33595,1.33774,4047.0
2025-12-19 19:00:00,1.33775,1.33812,1.33692,1.33772,3289.0
2025-12-19 20:00:00,1.33771,1.33902,1.33759,1.33861,2741.0
2025-12-22 00:00:00,1.3377,1.33809,1.3372899999999999,1.33732,1020.0
2025-12-22 01:00:00,1.33735,1.33845,1.33716,1.3378999999999999,4402.0
2025-12-22 02:00:00,1.33792,1.33902,1.33785,1.33893,5736.0
2025-12-22 03:00:00,1.33893,1.33983,1.33893,1.33961,6855.0
2025-12-22 04:00:00,1.33961,1.34,1.3391600000000001,1.33927,1351.0
2025-12-22 05:00:00,1.33927,1.3397299999999999,1.33917,1.33929,1495.0
2025-12-22 06:00:00,1.33929,1.34018,1.33923,1.3399,1287.0
2025-12-22 07:00:00,1.3399,1.3401100000000001,1.33958,1.3397299999999999,1185.0
2025-12-22 08:00:00,1.3397299999999999,1.34001,1.33915,1.33942,1603.0
2025-12-22 09:00:00,1.33942,1.34192,1.33942,1.34138,3333.0
2025-12-22 10:00:00,1.34137,1.34238,1.34094,1.34201,3585.0
2025-12-22 11:00:00,1.342,1.34247,1.3410199999999999,1.34244,3097.0
2025-12-22 12:00:00,1.34245,1.3440400000000001,1.34242,1.3435000000000001,4049.0
2025-12-22 13:00:00,1.3435000000000001,1.34424,1.3431899999999999,1.34387,3169.0
2025-12-22 14:00:00,1.34387,1.3442,1.34261,1.34338,3153.0
2025-12-22 15:00:00,1.34338,1.34442,1.34317,1.34378,4038.0
2025-12-22 16:00:00,1.34378,1.34573,1.3431600000000001,1.34504,4420.0
2025-12-22 17:00:00,1.34504,1.3458999999999999,1.34443,1.3454,4564.0
2025-12-22 18:00:00,1.3454,1.34583,1.3446500000000001,1.34559,3571.0
2025-12-22 19:00:00,1.34558,1.34776,1.34558,1.3470900000000001,3016.0
2025-12-22 20:00:00,1.34708,1.3470900000000001,1.34564,1.34619,2368.0
2025-12-22 21:00:00,1.34619,1.34639,1.34539,1.34585,2385.0
2025-12-22 22:00:00,1.34585,1.34628,1.34546,1.34577,2260.0
2025-12-22 23:00:00,1.34577,1.34623,1.3456299999999999,1.3462100000000001,1305.0
2025-12-23 00:00:00,1.34592,1.34625,1.3446799999999999,1.34607,1666.0
2025-12-23 01:00:00,1.34607,1.34699,1.34577,1.34684,1496.0
2025-12-23 02:00:00,1.34684,1.34765,1.34681,1.3472,1362.0
2025-12-23 03:00:00,1.3472,1.34835,1.34697,1.34771,1900.0
2025-12-23 04:00:00,1.34771,1.34862,1.34768,1.34828,1812.0
2025-12-23 05:00:00,1.34828,1.349,1.3480400000000001,1.34891,1850.0
2025-12-23 06:00:00,1.34891,1.34925,1.34856,1.34879,2022.0
2025-12-23 07:00:00,1.34878,1.34939,1.3487,1.34888,1718.0
2025-12-23 08:00:00,1.34888,1.3489900000000001,1.3479999999999999,1.3481,2238.0
2025-12-23 09:00:00,1.3481,1.35031,1.34806,1.3501699999999999,3561.0
2025-12-23 10:00:00,1.3501699999999999,1.35115,1.3496000000000001,1.35094,3866.0
2025-12-23 11:00:00,1.35096,1.35186,1.3497,1.35056,4512.0
2025-12-23 12:00:00,1.35057,1.35174,1.3501,1.35156,4074.0
2025-12-23 13:00:00,1.35156,1.35187,1.35031,1.35036,3421.0
2025-12-23 14:00:00,1.35037,1.35111,1.35016,1.35023,2945.0
2025-12-23 15:00:00,1.3502399999999999,1.35129,1.34944,1.34949,5225.0
2025-12-23 16:00:00,1.3495,1.35003,1.3483100000000001,1.34839,6615.0
2025-12-23 17:00:00,1.34839,1.34964,1.34724,1.3483800000000001,7998.0
2025-12-23 18:00:00,1.3483800000000001,1.34878,1.3479,1.34848,5643.0
2025-12-23 19:00:00,1.34848,1.34871,1.3471,1.34732,4089.0
2025-12-23 20:00:00,1.34732,1.3489900000000001,1.3472,1.34896,3757.0
2025-12-23 21:00:00,1.34897,1.34975,1.34887,1.3497,3409.0
2025-12-23 22:00:00,1.34967,1.35005,1.34944,1.34991,2848.0
2025-12-23 23:00:00,1.34992,1.35236,1.34989,1.35168,1717.0
2025-12-24 00:00:00,1.35135,1.35192,1.3493,1.3511600000000001,2701.0
2025-12-24 01:00:00,1.3511600000000001,1.35171,1.35036,1.35129,2010.0
2025-12-24 02:00:00,1.3513,1.35172,1.35069,1.35148,3587.0
2025-12-24 03:00:00,1.35149,1.35321,1.3511,1.3529,4717.0
2025-12-24 04:00:00,1.35293,1.35341,1.35266,1.35271,3815.0
2025-12-24 05:00:00,1.35272,1.35273,1.35156,1.35164,3566.0
2025-12-24 06:00:00,1.35164,1.35165,1.35096,1.3514,2543.0
2025-12-24 07:00:00,1.3514,1.35225,1.35127,1.35191,2923.0
2025-12-24 08:00:00,1.3519,1.35242,1.35164,1.35209,4028.0
2025-12-24 09:00:00,1.35209,1.35232,1.35093,1.35108,5099.0
2025-12-24 10:00:00,1.35104,1.35221,1.35027,1.3522,6431.0
2025-12-24 11:00:00,1.35221,1.35281,1.3520400000000001,1.35219,4367.0
2025-12-24 12:00:00,1.35219,1.3524,1.35125,1.35168,2967.0
2025-12-24 13:00:00,1.35169,1.35192,1.3510900000000001,1.35142,2947.0
2025-12-24 14:00:00,1.35142,1.35145,1.35011,1.35035,2680.0
2025-12-24 15:00:00,1.35034,1.35097,1.35015,1.35046,4075.0
2025-12-24 16:00:00,1.35043,1.3511,1.34966,1.34967,4369.0
2025-12-24 17:00:00,1.3496299999999999,1.35097,1.3491900000000001,1.35071,4960.0
2025-12-24 18:00:00,1.35071,1.35107,1.34984,1.3502100000000001,3492.0
2025-12-24 19:00:00,1.3502100000000001,1.3506,1.34927,1.34974,2610.0
2025-12-24 20:00:00,1.34974,1.35054,1.34947,1.35016,3347.0
2025-12-24 21:00:00,1.35016,1.35028,1.34992,1.35016,3631.0
2025-12-24 22:00:00,1.35015,1.35035,1.34993,1.3501,3991.0
2025-12-24 23:00:00,1.3501,1.3507,1.3498999999999999,1.35031,2471.0
2025-12-26 00:00:00,1.35221,1.35221,1.3507500000000001,1.351,1798.0
2025-12-26 01:00:00,1.351,1.3511,1.3495300000000001,1.35083,5576.0
2025-12-26 02:00:00,1.35084,1.35189,1.35054,1.35099,3118.0
2025-12-26 03:00:00,1.35099,1.35228,1.35083,1.35126,3500.0
2025-12-26 04:00:00,1.35125,1.3519,1.35107,1.3517000000000001,3516.0
2025-12-26 05:00:00,1.3517000000000001,1.35176,1.3504800000000001,1.35057,2560.0
2025-12-26 06:00:00,1.35057,1.35083,1.34996,1.34999,1825.0
2025-12-26 07:00:00,1.34999,1.34999,1.34866,1.34946,2062.0
2025-12-26 08:00:00,1.34946,1.35005,1.34877,1.34894,3388.0
2025-12-26 09:00:00,1.34894,1.34908,1.34798,1.34828,3991.0
2025-12-26 10:00:00,1.34829,1.34964,1.34774,1.34958,4034.0
2025-12-26 11:00:00,1.34958,1.3498,1.3483,1.34851,3401.0
2025-12-26 12:00:00,1.34851,1.3495,1.34836,1.34884,3197.0
2025-12-26 13:00:00,1.34884,1.34977,1.34884,1.34947,3608.0
2025-12-26 14:00:00,1.34947,1.34971,1.34886,1.34966,2873.0
2025-12-26 15:00:00,1.34968,1.35273,1.34944,1.35168,4555.0
2025-12-26 16:00:00,1.35169,1.35214,1.35072,1.35157,4497.0
2025-12-26 17:00:00,1.35157,1.3525800000000001,1.35034,1.35069,4130.0
2025-12-26 18:00:00,1.35068,1.35076,1.34822,1.34875,4350.0
2025-12-26 19:00:00,1.34875,1.3497,1.34813,1.34949,3821.0
2025-12-26 20:00:00,1.34949,1.34998,1.34927,1.34954,3592.0
2025-12-29 00:00:00,1.34835,1.34932,1.3479999999999999,1.34881,1061.0
2025-12-29 01:00:00,1.34906,1.35011,1.3483800000000001,1.34971,2588.0
2025-12-29 02:00:00,1.34971,1.3508200000000001,1.34971,1.35076,2687.0
2025-12-29 03:00:00,1.3507500000000001,1.3512,1.35056,1.35093,3026.0
2025-12-29 04:00:00,1.35093,1.35102,1.35022,1.35069,2198.0
2025-12-29 05:00:00,1.35069,1.35098,1.3503,1.35068,1924.0
2025-12-29 06:00:00,1.35068,1.35069,1.34942,1.34943,1623.0
2025-12-29 07:00:00,1.34943,1.3495,1.34836,1.34912,2013.0
2025-12-29 08:00:00,1.34912,1.34974,1.34871,1.34966,2547.0
2025-12-29 09:00:00,1.34967,1.34976,1.3482,1.3485,4025.0
2025-12-29 10:00:00,1.34849,1.34982,1.34771,1.3486,4455.0
2025-12-29 11:00:00,1.3486,1.3507799999999999,1.3473600000000001,1.34905,5061.0
2025-12-29 12:00:00,1.34903,1.35088,1.34887,1.34974,4308.0
2025-12-29 13:00:00,1.34973,1.35108,1.34886,1.3489,3892.0
2025-12-29 14:00:00,1.3489,1.3489499999999999,1.34691,1.34826,4239.0
2025-12-29 15:00:00,1.34825,1.3497,1.34795,1.34938,4732.0
2025-12-29 16:00:00,1.34938,1.35074,1.34859,1.35008,5846.0
2025-12-29 17:00:00,1.35009,1.35128,1.34856,1.35007,6829.0
2025-12-29 18:00:00,1.35007,1.35008,1.34852,1.34937,5258.0
2025-12-29 19:00:00,1.34937,1.3495599999999999,1.34816,1.3485800000000001,3507.0
2025-12-29 20:00:00,1.34857,1.34959,1.34846,1.34909,2773.0
2025-12-29 21:00:00,1.34908,1.35084,1.34891,1.3507,2331.0
2025-12-29 22:00:00,1.3507,1.35102,1.3502,1.35049,1988.0
2025-12-29 23:00:00,1.35049,1.35155,1.35037,1.35131,1338.0
2025-12-30 00:00:00,1.35094,1.35094,1.34959,1.35013,2030.0
2025-12-30 01:00:00,1.35013,1.35098,1.34995,1.35091,1990.0
2025-12-30 02:00:00,1.35089,1.35104,1.34998,1.35025,1435.0
2025-12-30 03:00:00,1.35025,1.35095,1.34977,1.35089,2086.0
2025-12-30 04:00:00,1.35089,1.3512,1.35004,1.35027,1881.0
2025-12-30 05:00:00,1.35027,1.3507799999999999,1.34996,1.35053,1275.0
2025-12-30 06:00:00,1.35054,1.3511,1.3504,1.35104,1250.0
2025-12-30 07:00:00,1.3510499999999999,1.35172,1.3510499999999999,1.35149,1856.0
2025-12-30 08:00:00,1.35149,1.35217,1.35115,1.35157,2610.0
2025-12-30 09:00:00,1.35156,1.35156,1.35004,1.35058,2853.0
2025-12-30 10:00:00,1.35058,1.35187,1.3505,1.3509,3726.0
2025-12-30 11:00:00,1.3509,1.35188,1.35074,1.35145,3425.0
2025-12-30 12:00:00,1.35145,1.35307,1.3514300000000001,1.35213,3303.0
2025-12-30 13:00:00,1.35214,1.35247,1.3503,1.3504399999999999,2918.0
2025-12-30 14:00:00,1.3504399999999999,1.35084,1.34934,1.34968,3417.0
2025-12-30 15:00:00,1.34967,1.34995,1.34869,1.34879,4615.0
2025-12-30 16:00:00,1.34879,1.34882,1.34711,1.34763,4652.0
2025-12-30 17:00:00,1.34764,1.34785,1.3449499999999999,1.3473600000000001,4908.0
2025-12-30 18:00:00,1.3473600000000001,1.34835,1.3463,1.34766,4295.0
2025-12-30 19:00:00,1.34765,1.34789,1.34654,1.34697,2367.0
2025-12-30 20:00:00,1.34697,1.34749,1.34653,1.3467799999999999,1879.0
2025-12-30 21:00:00,1.34679,1.34728,1.34622,1.34657,2281.0
2025-12-30 22:00:00,1.34661,1.34676,1.34611,1.34637,1782.0
2025-12-30 23:00:00,1.34638,1.34688,1.34638,1.3467799999999999,963.0
2025-12-31 00:00:00,1.34662,1.34665,1.3458999999999999,1.34637,782.0
2025-12-31 01:00:00,1.34636,1.34677,1.3461,1.34664,1287.0
2025-12-31 02:00:00,1.34664,1.34676,1.34584,1.34638,1275.0
2025-12-31 03:00:00,1.34637,1.34665,1.34602,1.34611,2261.0
2025-12-31 04:00:00,1.34611,1.3464,1.34593,1.34613,2606.0
2025-12-31 05:00:00,1.34612,1.3465500000000001,1.34601,1.34639,1773.0
2025-12-31 06:00:00,1.34637,1.34642,1.34574,1.34585,1709.0
2025-12-31 07:00:00,1.34585,1.34633,1.34582,1.34607,1818.0
2025-12-31 08:00:00,1.34607,1.34612,1.34528,1.34576,1535.0
2025-12-31 09:00:00,1.34575,1.34604,1.34512,1.34564,2642.0
2025-12-31 10:00:00,1.34565,1.3465500000000001,1.34264,1.34294,4145.0
2025-12-31 11:00:00,1.34294,1.34447,1.3426,1.34372,3596.0
2025-12-31 12:00:00,1.34378,1.34401,1.34325,1.34384,3662.0
2025-12-31 13:00:00,1.34384,1.3457,1.34372,1.3455300000000001,3589.0
2025-12-31 14:00:00,1.3455300000000001,1.34688,1.3447200000000001,1.34671,4651.0
2025-12-31 15:00:00,1.34671,1.34767,1.34483,1.34542,5200.0
2025-12-31 16:00:00,1.34546,1.34552,1.34321,1.3433899999999999,5493.0
2025-12-31 17:00:00,1.3433899999999999,1.34535,1.34016,1.34507,6608.0
2025-12-31 18:00:00,1.34507,1.34604,1.34374,1.3446,5163.0
2025-12-31 19:00:00,1.3446,1.34559,1.34385,1.34521,3230.0
2025-12-31 20:00:00,1.34523,1.34579,1.3447,1.34534,3196.0
2025-12-31 21:00:00,1.34534,1.34608,1.34528,1.34596,2314.0
2025-12-31 22:00:00,1.34596,1.34816,1.34595,1.34803,2199.0
2025-12-31 23:00:00,1.34803,1.34837,1.34724,1.34729,1189.0
2026-01-02 00:00:00,1.34643,1.3466,1.34612,1.34642,933.0
2026-01-02 01:00:00,1.34641,1.34771,1.34641,1.34737,1280.0
2026-01-02 02:00:00,1.34737,1.34827,1.3471600000000001,1.34814,1288.0
2026-01-02 03:00:00,1.34815,1.34878,1.3480699999999999,1.34876,1611.0
2026-01-02 04:00:00,1.34876,1.34912,1.34866,1.3488,1402.0
2026-01-02 05:00:00,1.3488,1.34901,1.34843,1.3486799999999999,1179.0
2026-01-02 06:00:00,1.3486799999999999,1.34876,1.34779,1.34788,1275.0
2026-01-02 07:00:00,1.34788,1.34809,1.34696,1.3471199999999999,1262.0
2026-01-02 08:00:00,1.3471199999999999,1.34715,1.34638,1.34679,1366.0
2026-01-02 09:00:00,1.34674,1.3470900000000001,1.34577,1.34642,2981.0
2026-01-02 10:00:00,1.34641,1.34687,1.3449200000000001,1.34538,4625.0
2026-01-02 11:00:00,1.34538,1.34643,1.34509,1.34549,4235.0
2026-01-02 12:00:00,1.3455,1.34586,1.34439,1.3449900000000001,3591.0
2026-01-02 13:00:00,1.34498,1.34525,1.3433899999999999,1.34409,3234.0
2026-01-02 14:00:00,1.34409,1.3449499999999999,1.34358,1.34457,3114.0
2026-01-02 15:00:00,1.34457,1.3459699999999999,1.34423,1.34577,3863.0
2026-01-02 16:00:00,1.34576,1.34679,1.34534,1.3464800000000001,4732.0
2026-01-02 17:00:00,1.34643,1.3502,1.34641,1.34969,6024.0
2026-01-02 18:00:00,1.34969,1.3498700000000001,1.34732,1.34778,4866.0
2026-01-02 19:00:00,1.34779,1.34781,1.34615,1.34629,3152.0
2026-01-02 20:00:00,1.34629,1.34638,1.34464,1.34515,2708.0
2026-01-05 00:00:00,1.34455,1.34544,1.34412,1.3444099999999999,1444.0
2026-01-05 01:00:00,1.34436,1.34565,1.34374,1.3437999999999999,2118.0
2026-01-05 02:00:00,1.3437999999999999,1.34482,1.34374,1.34433,2868.0
2026-01-05 03:00:00,1.34433,1.34488,1.34385,1.34402,4362.0
2026-01-05 04:00:00,1.34402,1.34429,1.34257,1.34313,3134.0
2026-01-05 05:00:00,1.34313,1.34363,1.34141,1.34161,2601.0
2026-01-05 06:00:00,1.34161,1.34281,1.34143,1.34256,2023.0
2026-01-05 07:00:00,1.34256,1.3431899999999999,1.34227,1.34279,1640.0
2026-01-05 08:00:00,1.34279,1.34369,1.34206,1.34357,2207.0
2026-01-05 09:00:00,1.34356,1.34366,1.34205,1.34228,3707.0
2026-01-05 10:00:00,1.34229,1.34388,1.34173,1.34256,4726.0
2026-01-05 11:00:00,1.34257,1.34433,1.34219,1.34427,3986.0
2026-01-05 12:00:00,1.34426,1.34645,1.34405,1.34633,4501.0
2026-01-05 13:00:00,1.34633,1.3471,1.34579,1.34593,4154.0
2026-01-05 14:00:00,1.34593,1.3474300000000001,1.34527,1.34557,3941.0
2026-01-05 15:00:00,1.34558,1.3457,1.34249,1.3453,5308.0
2026-01-05 16:00:00,1.34531,1.34765,1.34508,1.34724,6283.0
2026-01-05 17:00:00,1.34724,1.35039,1.34717,1.35027,6361.0
2026-01-05 18:00:00,1.35028,1.35253,1.35026,1.35252,5244.0
2026-01-05 19:00:00,1.35251,1.35392,1.35243,1.3532600000000001,3662.0
2026-01-05 20:00:00,1.3532600000000001,1.35394,1.3529,1.35393,2723.0
2026-01-05 21:00:00,1.35394,1.35458,1.3535599999999999,1.35431,2572.0
2026-01-05 22:00:00,1.35431,1.35465,1.35419,1.35434,1639.0
2026-01-05 23:00:00,1.35433,1.35484,1.35395,1.35419,1476.0
2026-01-06 00:00:00,1.35409,1.3543,1.35366,1.3538700000000001,1318.0
2026-01-06 01:00:00,1.3538700000000001,1.35415,1.3532,1.35324,1020.0
2026-01-06 02:00:00,1.35325,1.35357,1.35281,1.3535599999999999,2217.0
2026-01-06 03:00:00,1.3535599999999999,1.35462,1.35316,1.35461,3089.0
2026-01-06 04:00:00,1.35461,1.35579,1.35416,1.35567,2906.0
2026-01-06 05:00:00,1.3556599999999999,1.35622,1.35508,1.35588,1715.0
2026-01-06 06:00:00,1.35588,1.35619,1.35541,1.35558,1687.0
2026-01-06 07:00:00,1.35558,1.3558,1.35457,1.35497,2202.0
2026-01-06 08:00:00,1.35497,1.35579,1.35484,1.3555,2688.0
2026-01-06 09:00:00,1.35551,1.35678,1.35469,1.35504,3386.0
2026-01-06 10:00:00,1.35503,1.35667,1.35472,1.3554,4996.0
2026-01-06 11:00:00,1.3554,1.35549,1.35357,1.35357,4929.0
2026-01-06 12:00:00,1.35357,1.35399,1.35297,1.35328,3802.0
2026-01-06 13:00:00,1.3532600000000001,1.35349,1.35174,1.35208,3300.0
2026-01-06 14:00:00,1.35208,1.35293,1.3508200000000001,1.35119,3413.0
2026-01-06 15:00:00,1.35119,1.3524,1.35065,1.3523800000000001,4282.0
2026-01-06 16:00:00,1.3523800000000001,1.35348,1.35155,1.35253,5827.0
2026-01-06 17:00:00,1.35254,1.35272,1.34939,1.3507500000000001,6239.0
2026-01-06 18:00:00,1.3507500000000001,1.35095,1.34916,1.34948,4432.0
2026-01-06 19:00:00,1.34948,1.3511199999999999,1.34927,1.35103,3074.0
2026-01-06 20:00:00,1.35103,1.35121,1.3498,1.34984,2858.0
2026-01-06 21:00:00,1.34984,1.35007,1.3492600000000001,1.35004,2474.0
2026-01-06 22:00:00,1.35004,1.3506,1.34985,1.34986,2325.0
2026-01-06 23:00:00,1.34986,1.35023,1.34977,1.3501699999999999,996.0
2026-01-07 00:00:00,1.34998,1.3501400000000001,1.34904,1.35,661.0
2026-01-07 01:00:00,1.35,1.35036,1.34986,1.34996,755.0
2026-01-07 02:00:00,1.34996,1.3505,1.34978,1.35026,2468.0
2026-01-07 03:00:00,1.35026,1.35099,1.35005,1.35059,2689.0
2026-01-07 04:00:00,1.35059,1.35135,1.35055,1.35101,2132.0
2026-01-07 05:00:00,1.351,1.3517000000000001,1.35098,1.35144,1667.0
2026-01-07 06:00:00,1.35142,1.35162,1.35043,1.35053,2509.0
2026-01-07 07:00:00,1.35053,1.351,1.35031,1.3508499999999999,1709.0
2026-01-07 08:00:00,1.3508499999999999,1.3517000000000001,1.35046,1.35134,2219.0
2026-01-07 09:00:00,1.35135,1.35167,1.34917,1.3492600000000001,3607.0
2026-01-07 10:00:00,1.34924,1.34969,1.34851,1.34962,4047.0
2026-01-07 11:00:00,1.34962,1.34979,1.34864,1.34948,3555.0
2026-01-07 12:00:00,1.34948,1.3504800000000001,1.34935,1.34978,3593.0
2026-01-07 13:00:00,1.34978,1.35054,1.34947,1.35002,3140.0
2026-01-07 14:00:00,1.35002,1.35027,1.3486,1.34917,3508.0
2026-01-07 15:00:00,1.34916,1.35005,1.34809,1.34945,4882.0
2026-01-07 16:00:00,1.34945,1.3501400000000001,1.34836,1.34999,5472.0
2026-01-07 17:00:00,1.35002,1.35002,1.34725,1.34808,7731.0
2026-01-07 18:00:00,1.34805,1.34862,1.34681,1.34714,4264.0
2026-01-07 19:00:00,1.34714,1.3479700000000001,1.34693,1.34732,2935.0
2026-01-07 20:00:00,1.34733,1.34738,1.34681,1.34693,2727.0
2026-01-07 21:00:00,1.34692,1.34707,1.34623,1.34646,2340.0
2026-01-07 22:00:00,1.34647,1.3468,1.3461400000000001,1.34627,2199.0
2026-01-07 23:00:00,1.34626,1.34627,1.3455599999999999,1.34566,1134.0
2026-01-08 00:00:00,1.34549,1.34615,1.3454,1.34572,983.0
2026-01-08 01:00:00,1.34572,1.34592,1.34551,1.34586,701.0
2026-01-08 02:00:00,1.34586,1.34607,1.34565,1.34585,1351.0
2026-01-08 03:00:00,1.34585,1.34607,1.34531,1.34558,2206.0
2026-01-08 04:00:00,1.34559,1.34596,1.34508,1.34565,2152.0
2026-01-08 05:00:00,1.34565,1.34656,1.3456299999999999,1.34635,1870.0
2026-01-08 06:00:00,1.34635,1.34636,1.34585,1.34603,1464.0
2026-01-08 07:00:00,1.34603,1.34608,1.34524,1.34581,2303.0
2026-01-08 08:00:00,1.3458,1.3462,1.34522,1.346,2843.0
2026-01-08 09:00:00,1.346,1.34609,1.34451,1.34456,3468.0
2026-01-08 10:00:00,1.34457,1.3446500000000001,1.34354,1.34386,4270.0
2026-01-08 11:00:00,1.34386,1.34459,1.34321,1.34383,3350.0
2026-01-08 12:00:00,1.34384,1.3448,1.34357,1.34474,3465.0
2026-01-08 13:00:00,1.34473,1.34506,1.34439,1.34444,3193.0
2026-01-08 14:00:00,1.34442,1.34474,1.34372,1.34384,2771.0
2026-01-08 15:00:00,1.34383,1.34475,1.34157,1.34233,4345.0
2026-01-08 16:00:00,1.34232,1.34359,1.34173,1.34352,5565.0
2026-01-08 17:00:00,1.34353,1.34469,1.3426,1.3441100000000001,5620.0
2026-01-08 18:00:00,1.3441100000000001,1.34444,1.3428499999999999,1.34299,4347.0
2026-01-08 19:00:00,1.34298,1.34372,1.34259,1.3436,3076.0
2026-01-08 20:00:00,1.3436,1.34379,1.3422100000000001,1.34227,2706.0
2026-01-08 21:00:00,1.34228,1.3431199999999999,1.34195,1.3431,2162.0
2026-01-08 22:00:00,1.34311,1.34379,1.34297,1.34363,1890.0
2026-01-08 23:00:00,1.34363,1.34449,1.34353,1.34399,1419.0
2026-01-09 00:00:00,1.34348,1.34393,1.3428,1.34345,883.0
2026-01-09 01:00:00,1.34344,1.3441100000000001,1.3428,1.3436,934.0
2026-01-09 02:00:00,1.34361,1.34371,1.34317,1.34322,1483.0
2026-01-09 03:00:00,1.34323,1.34362,1.34268,1.34281,2860.0
2026-01-09 04:00:00,1.3428200000000001,1.34337,1.34245,1.34325,2403.0
2026-01-09 05:00:00,1.34325,1.34378,1.3431199999999999,1.34368,1875.0
2026-01-09 06:00:00,1.34368,1.3437999999999999,1.3431600000000001,1.34357,1442.0
2026-01-09 07:00:00,1.34357,1.34381,1.34275,1.34301,1988.0
2026-01-09 08:00:00,1.34302,1.34325,1.34246,1.34276,2547.0
2026-01-09 09:00:00,1.34276,1.34292,1.34145,1.3429,3458.0
2026-01-09 10:00:00,1.34293,1.34345,1.34117,1.3415300000000001,4904.0
2026-01-09 11:00:00,1.34154,1.3421,1.34047,1.34103,3578.0
2026-01-09 12:00:00,1.34103,1.3412600000000001,1.3404,1.34086,3608.0
2026-01-09 13:00:00,1.34086,1.34144,1.34048,1.34135,3423.0
2026-01-09 14:00:00,1.34134,1.34195,1.34098,1.34195,3620.0
2026-01-09 15:00:00,1.34195,1.3451,1.33934,1.34354,8611.0
2026-01-09 16:00:00,1.34353,1.3443399999999999,1.34059,1.34125,9115.0
2026-01-09 17:00:00,1.34124,1.3418999999999999,1.33925,1.34178,7921.0
2026-01-09 18:00:00,1.34178,1.34226,1.34048,1.34106,4903.0
2026-01-09 19:00:00,1.34106,1.34113,1.33981,1.3403,3588.0
2026-01-09 20:00:00,1.3403100000000001,1.34145,1.33998,1.34058,2800.0
2026-01-12 00:00:00,1.3394300000000001,1.33978,1.33906,1.33914,556.0
2026-01-12 01:00:00,1.33914,1.33996,1.33913,1.33938,1528.0
2026-01-12 02:00:00,1.33938,1.34355,1.3391,1.34349,4134.0
2026-01-12 03:00:00,1.34349,1.3441100000000001,1.34266,1.34272,4033.0
2026-01-12 04:00:00,1.34272,1.3433899999999999,1.34213,1.34228,2618.0
2026-01-12 05:00:00,1.34228,1.3428200000000001,1.34203,1.34205,2015.0
2026-01-12 06:00:00,1.34205,1.3424,1.34164,1.34226,1279.0
2026-01-12 07:00:00,1.34226,1.34364,1.3421699999999999,1.3433899999999999,1860.0
2026-01-12 08:00:00,1.3433899999999999,1.34413,1.34295,1.34387,2131.0
2026-01-12 09:00:00,1.34383,1.34471,1.3433899999999999,1.34444,3987.0
2026-01-12 10:00:00,1.34444,1.34615,1.34428,1.34571,4923.0
2026-01-12 11:00:00,1.34571,1.34692,1.34503,1.34536,4388.0
2026-01-12 12:00:00,1.34536,1.3471199999999999,1.3448,1.34711,3497.0
2026-01-12 13:00:00,1.34711,1.34748,1.34546,1.34598,3331.0
2026-01-12 14:00:00,1.34598,1.3473600000000001,1.34576,1.3465500000000001,3539.0
2026-01-12 15:00:00,1.3465500000000001,1.34859,1.34613,1.34816,4452.0
2026-01-12 16:00:00,1.34815,1.3483399999999999,1.34635,1.34733,5530.0
2026-01-12 17:00:00,1.34735,1.3480400000000001,1.3468200000000001,1.34755,4578.0
2026-01-12 18:00:00,1.34755,1.34776,1.34638,1.34642,3535.0
2026-01-12 19:00:00,1.34642,1.3471899999999999,1.34555,1.34643,3304.0
2026-01-12 20:00:00,1.34642,1.34642,1.34573,1.34592,1953.0
2026-01-12 21:00:00,1.34592,1.34668,1.34572,1.3465799999999999,1608.0
2026-01-12 22:00:00,1.3465799999999999,1.3469,1.3462,1.34633,1672.0
2026-01-12 23:00:00,1.34633,1.34697,1.34618,1.34641,1173.0
2026-01-13 00:00:00,1.34595,1.34659,1.34586,1.34599,1275.0
2026-01-13 01:00:00,1.34603,1.3469,1.34573,1.3466,1378.0
2026-01-13 02:00:00,1.3466,1.34767,1.34625,1.34761,1770.0
2026-01-13 03:00:00,1.34761,1.34769,1.34665,1.34703,2651.0
2026-01-13 04:00:00,1.34701,1.34765,1.34697,1.34726,2633.0
2026-01-13 05:00:00,1.34726,1.34785,1.34694,1.34703,1601.0
2026-01-13 06:00:00,1.34703,1.34771,1.347,1.3473600000000001,1662.0
2026-01-13 07:00:00,1.3473600000000001,1.34769,1.34708,1.34723,1885.0
2026-01-13 08:00:00,1.34722,1.34728,1.34628,1.34728,2335.0
2026-01-13 09:00:00,1.34728,1.3473600000000001,1.34626,1.34671,2803.0
2026-01-13 10:00:00,1.34668,1.34779,1.34637,1.34765,3617.0
2026-01-13 11:00:00,1.34765,1.34854,1.34733,1.34806,3312.0
2026-01-13 12:00:00,1.34808,1.34833,1.34695,1.34714,3332.0
2026-01-13 13:00:00,1.3471199999999999,1.34738,1.34672,1.34727,2287.0
2026-01-13 14:00:00,1.34727,1.34734,1.34581,1.3461,2753.0
2026-01-13 15:00:00,1.3461,1.34947,1.34513,1.34751,7310.0
2026-01-13 16:00:00,1.3475,1.34772,1.34513,1.3458700000000001,6493.0
2026-01-13 17:00:00,1.34589,1.34599,1.34351,1.34421,6330.0
2026-01-13 18:00:00,1.3442,1.34452,1.3425,1.34341,4575.0
2026-01-13 19:00:00,1.34342,1.34378,1.34272,1.34337,3163.0
2026-01-13 20:00:00,1.34338,1.3441,1.34242,1.34397,2568.0
2026-01-13 21:00:00,1.34397,1.34398,1.3427799999999999,1.34349,2491.0
2026-01-13 22:00:00,1.34349,1.34361,1.34292,1.34306,2218.0
2026-01-13 23:00:00,1.34306,1.34317,1.34206,1.3421,1154.0
2026-01-14 00:00:00,1.3421,1.34239,1.34185,1.3421,800.0
2026-01-14 01:00:00,1.3421,1.3428499999999999,1.3421,1.34259,807.0
2026-01-14 02:00:00,1.34259,1.34272,1.3421,1.34271,1430.0
2026-01-14 03:00:00,1.34271,1.34271,1.34198,1.34228,2404.0
2026-01-14 04:00:00,1.34228,1.34371,1.34212,1.34359,1963.0
2026-01-14 05:00:00,1.3436,1.34478,1.3436,1.3445,1775.0
2026-01-14 06:00:00,1.3445,1.34462,1.34389,1.34398,1071.0
2026-01-14 07:00:00,1.34398,1.34416,1.34353,1.34354,1271.0
2026-01-14 08:00:00,1.34354,1.34481,1.34342,1.34471,2095.0
2026-01-14 09:00:00,1.34471,1.34497,1.3437299999999999,1.34393,2664.0
2026-01-14 10:00:00,1.34393,1.3449900000000001,1.3437000000000001,1.34498,4652.0
2026-01-14 11:00:00,1.34498,1.34586,1.3446500000000001,1.3457,3515.0
2026-01-14 12:00:00,1.3457,1.3458700000000001,1.34505,1.34538,3219.0
2026-01-14 13:00:00,1.34539,1.34539,1.34453,1.34491,2677.0
2026-01-14 14:00:00,1.3449200000000001,1.34583,1.34424,1.34522,3251.0
2026-01-14 15:00:00,1.34522,1.34528,1.34388,1.34447,3743.0
2026-01-14 16:00:00,1.34448,1.34643,1.34436,1.34565,5120.0
2026-01-14 17:00:00,1.34564,1.34615,1.34439,1.34561,5598.0
2026-01-14 18:00:00,1.3456000000000001,1.34585,1.34405,1.34437,3819.0
2026-01-14 19:00:00,1.34436,1.34451,1.34303,1.3431899999999999,3091.0
2026-01-14 20:00:00,1.34318,1.3433,1.34268,1.3427,2300.0
2026-01-14 21:00:00,1.3427,1.34331,1.34246,1.3430900000000001,2087.0
2026-01-14 22:00:00,1.3430900000000001,1.3441,1.34298,1.34329,2592.0
2026-01-14 23:00:00,1.34329,1.34467,1.34323,1.34467,1756.0
2026-01-15 00:00:00,1.34381,1.34447,1.34321,1.34366,1438.0
2026-01-15 01:00:00,1.34366,1.34442,1.34324,1.34401,1073.0
2026-01-15 02:00:00,1.34401,1.34401,1.34308,1.3437299999999999,1580.0
2026-01-15 03:00:00,1.34374,1.34387,1.34274,1.34355,3142.0
2026-01-15 04:00:00,1.34355,1.34355,1.34297,1.34332,2129.0
2026-01-15 05:00:00,1.34333,1.34337,1.3426,1.34277,1681.0
2026-01-15 06:00:00,1.34277,1.34289,1.34233,1.34239,1319.0
2026-01-15 07:00:00,1.34238,1.34321,1.34231,1.34268,2129.0
2026-01-15 08:00:00,1.34267,1.34329,1.34234,1.34273,2522.0
2026-01-15 09:00:00,1.3427799999999999,1.34432,1.34237,1.34347,3215.0
2026-01-15 10:00:00,1.34344,1.3444,1.34264,1.34388,3229.0
2026-01-15 11:00:00,1.34389,1.3445,1.34353,1.34365,3419.0
2026-01-15 12:00:00,1.34367,1.34385,1.34159,1.34204,2929.0
2026-01-15 13:00:00,1.34202,1.34281,1.3417,1.34182,2324.0
2026-01-15 14:00:00,1.3418,1.34207,1.34015,1.34039,2730.0
2026-01-15 15:00:00,1.34039,1.3404099999999999,1.33688,1.33728,4534.0
2026-01-15 16:00:00,1.3372899999999999,1.33872,1.33627,1.33712,4937.0
2026-01-15 17:00:00,1.33712,1.33887,1.3369,1.33861,4757.0
2026-01-15 18:00:00,1.3386,1.3394,1.3379699999999999,1.33849,3870.0
2026-01-15 19:00:00,1.3385,1.33939,1.33806,1.33876,2875.0
2026-01-15 20:00:00,1.33876,1.33938,1.33876,1.3391600000000001,2450.0
2026-01-15 21:00:00,1.3391600000000001,1.3392,1.33836,1.33857,2400.0
2026-01-15 22:00:00,1.33857,1.33859,1.33746,1.33758,1992.0
2026-01-15 23:00:00,1.33758,1.3384,1.33756,1.33816,1104.0
2026-01-16 00:00:00,1.33768,1.33818,1.3372,1.3374,882.0
2026-01-16 01:00:00,1.33739,1.33827,1.3373,1.3381,1449.0
2026-01-16 02:00:00,1.3381,1.33825,1.33707,1.33769,1718.0
2026-01-16 03:00:00,1.33769,1.3384,1.33754,1.3379699999999999,2195.0
2026-01-16 04:00:00,1.3379699999999999,1.33883,1.33789,1.33844,2476.0
2026-01-16 05:00:00,1.33844,1.33911,1.3383099999999999,1.3390900000000001,1620.0
2026-01-16 06:00:00,1.3390900000000001,1.33913,1.33881,1.3389199999999999,1203.0
2026-01-16 07:00:00,1.3389199999999999,1.33897,1.33817,1.33832,1351.0
2026-01-16 08:00:00,1.3383099999999999,1.33841,1.33772,1.33803,1731.0
2026-01-16 09:00:00,1.33803,1.33923,1.33775,1.33907,2677.0
2026-01-16 10:00:00,1.33907,1.33981,1.33895,1.33932,3117.0
2026-01-16 11:00:00,1.33932,1.34051,1.33905,1.33969,2729.0
2026-01-16 12:00:00,1.33968,1.34132,1.33967,1.34058,2840.0
2026-01-16 13:00:00,1.34058,1.34123,1.34048,1.34078,2165.0
2026-01-16 14:00:00,1.34079,1.3410199999999999,1.33928,1.34002,3090.0
2026-01-16 15:00:00,1.34002,1.34081,1.33886,1.34037,3746.0
2026-01-16 16:00:00,1.34037,1.34051,1.33952,1.33981,3854.0
2026-01-16 17:00:00,1.33981,1.34039,1.33661,1.3378,6416.0
2026-01-16 18:00:00,1.33778,1.339,1.33772,1.33818,4579.0
2026-01-16 19:00:00,1.33818,1.33867,1.33764,1.33788,3090.0
2026-01-16 20:00:00,1.33788,1.33872,1.33737,1.33799,2237.0
2026-01-19 00:00:00,1.33441,1.33557,1.33404,1.33517,829.0
2026-01-19 01:00:00,1.33517,1.3407499999999999,1.33507,1.34022,3356.0
2026-01-19 02:00:00,1.34022,1.34088,1.33823,1.34008,4881.0
2026-01-19 03:00:00,1.34009,1.34028,1.3391,1.3391899999999999,3668.0
2026-01-19 04:00:00,1.3391899999999999,1.33935,1.33812,1.3387,2988.0
2026-01-19 05:00:00,1.33869,1.3391600000000001,1.3385799999999999,1.3388499999999999,2660.0
2026-01-19 06:00:00,1.3388499999999999,1.33964,1.33884,1.33952,2292.0
2026-01-19 07:00:00,1.3395299999999999,1.3406,1.33932,1.33951,2462.0
2026-01-19 08:00:00,1.33951,1.3400699999999999,1.3394300000000001,1.33986,2692.0
2026-01-19 09:00:00,1.33986,1.34101,1.33841,1.33891,3715.0
2026-01-19 10:00:00,1.3389199999999999,1.34096,1.3387,1.34091,3438.0
2026-01-19 11:00:00,1.34091,1.3415599999999999,1.33906,1.3406,3727.0
2026-01-19 12:00:00,1.3406,1.3413,1.34051,1.34098,2564.0
2026-01-19 13:00:00,1.34098,1.34107,1.34019,1.34085,2122.0
2026-01-19 14:00:00,1.34085,1.34145,1.34049,1.34059,2291.0
2026-01-19 15:00:00,1.34058,1.34168,1.34057,1.3414,2350.0
2026-01-19 16:00:00,1.3413599999999999,1.34243,1.34104,1.34203,2644.0
2026-01-19 17:00:00,1.34202,1.34287,1.3418700000000001,1.3421699999999999,3292.0
2026-01-19 18:00:00,1.3421699999999999,1.3435000000000001,1.34207,1.34277,2410.0
2026-01-19 19:00:00,1.34277,1.34337,1.34263,1.3431199999999999,1520.0
2026-01-19 20:00:00,1.3431199999999999,1.34337,1.34262,1.34267,1010.0
2026-01-19 21:00:00,1.34267,1.34297,1.34257,1.34259,586.0
2026-01-19 22:00:00,1.34259,1.34286,1.3425,1.34279,507.0
2026-01-19 23:00:00,1.34279,1.34286,1.34226,1.3425,636.0
2026-01-20 00:00:00,1.34192,1.34267,1.3409,1.34207,962.0
2026-01-20 01:00:00,1.34207,1.3425799999999999,1.34169,1.3418999999999999,683.0
2026-01-20 02:00:00,1.3418999999999999,1.34203,1.3410199999999999,1.34186,1640.0
2026-01-20 03:00:00,1.34184,1.34242,1.34158,1.34239,2298.0
2026-01-20 04:00:00,1.34239,1.3428200000000001,1.34199,1.34236,1505.0
2026-01-20 05:00:00,1.34236,1.3439999999999999,1.34231,1.34351,1620.0
2026-01-20 06:00:00,1.34351,1.3443100000000001,1.34349,1.34409,2010.0
2026-01-20 07:00:00,1.34409,1.3449900000000001,1.34406,1.34416,2025.0
2026-01-20 08:00:00,1.34416,1.34437,1.34315,1.34351,2760.0
2026-01-20 09:00:00,1.34347,1.34828,1.34259,1.34747,5017.0
2026-01-20 10:00:00,1.34748,1.34916,1.3474599999999999,1.34783,6785.0
2026-01-20 11:00:00,1.34784,1.3489200000000001,1.34704,1.34751,5073.0
2026-01-20 12:00:00,1.34748,1.34852,1.34647,1.34801,4452.0
2026-01-20 13:00:00,1.34802,1.34828,1.34595,1.34632,4167.0
2026-01-20 14:00:00,1.34633,1.3465799999999999,1.34395,1.34458,4555.0
2026-01-20 15:00:00,1.34459,1.34794,1.3441,1.3452600000000001,6926.0
2026-01-20 16:00:00,1.34527,1.34626,1.34406,1.3458,6746.0
2026-01-20 17:00:00,1.34581,1.34772,1.34524,1.34568,5719.0
2026-01-20 18:00:00,1.34568,1.34705,1.34534,1.34694,4893.0
2026-01-20 19:00:00,1.34695,1.34755,1.34562,1.34564,3648.0
2026-01-20 20:00:00,1.34564,1.34577,1.34422,1.3443100000000001,2396.0
2026-01-20 21:00:00,1.34429,1.34454,1.34266,1.3427799999999999,2778.0
2026-01-20 22:00:00,1.34277,1.34357,1.34253,1.34336,2560.0
2026-01-20 23:00:00,1.34336,1.34424,1.34322,1.34419,1456.0
2026-01-21 00:00:00,1.3436,1.34455,1.3432,1.34374,1378.0
2026-01-21 01:00:00,1.34375,1.34427,1.34352,1.34406,976.0
2026-01-21 02:00:00,1.34406,1.34427,1.34333,1.34427,1702.0
2026-01-21 03:00:00,1.34425,1.34567,1.34399,1.34521,2886.0
2026-01-21 04:00:00,1.34521,1.34547,1.34435,1.3444,1754.0
2026-01-21 05:00:00,1.34439,1.34464,1.34333,1.34403,2157.0
2026-01-21 06:00:00,1.34403,1.34403,1.34331,1.3437700000000001,1621.0
2026-01-21 07:00:00,1.3437700000000001,1.34403,1.34354,1.34376,2066.0
2026-01-21 08:00:00,1.34376,1.34426,1.34354,1.34365,2198.0
2026-01-21 09:00:00,1.34362,1.3449,1.34292,1.34425,3850.0
2026-01-21 10:00:00,1.34425,1.34478,1.3433,1.34386,3752.0
2026-01-21 11:00:00,1.34386,1.34386,1.34086,1.34104,3447.0
2026-01-21 12:00:00,1.34104,1.34148,1.34032,1.3407499999999999,3734.0
2026-01-21 13:00:00,1.3407499999999999,1.3421699999999999,1.34013,1.34098,3726.0
2026-01-21 14:00:00,1.34098,1.34262,1.3401399999999999,1.3424800000000001,4378.0
2026-01-21 15:00:00,1.3424800000000001,1.3444099999999999,1.34123,1.34418,4537.0
2026-01-21 16:00:00,1.34418,1.34564,1.34228,1.34509,7391.0
2026-01-21 17:00:00,1.3451,1.34592,1.34246,1.34272,5711.0
2026-01-21 18:00:00,1.34272,1.34409,1.34239,1.34279,5680.0
2026-01-21 19:00:00,1.3428,1.34383,1.34165,1.3428,4920.0
2026-01-21 20:00:00,1.34279,1.34279,1.3418700000000001,1.34215,3450.0
2026-01-21 21:00:00,1.34216,1.34306,1.34098,1.34256,5074.0
2026-01-21 22:00:00,1.34256,1.34263,1.34123,1.3424800000000001,3391.0
2026-01-21 23:00:00,1.34247,1.34324,1.34234,1.34301,1400.0
2026-01-22 00:00:00,1.34246,1.3431199999999999,1.34216,1.3425099999999999,2123.0
2026-01-22 01:00:00,1.3425099999999999,1.34308,1.34179,1.3418,1272.0
2026-01-22 02:00:00,1.3418,1.34311,1.34169,1.34294,2617.0
2026-01-22 03:00:00,1.34294,1.34318,1.34245,1.34303,3319.0
2026-01-22 04:00:00,1.34304,1.34353,1.34227,1.34254,2219.0
2026-01-22 05:00:00,1.34254,1.34337,1.34254,1.34324,1752.0
2026-01-22 06:00:00,1.34324,1.34394,1.343,1.3431600000000001,1643.0
2026-01-22 07:00:00,1.3431600000000001,1.3431600000000001,1.34234,1.34291,1742.0
2026-01-22 08:00:00,1.3429,1.34297,1.34205,1.3425799999999999,2202.0
2026-01-22 09:00:00,1.3425799999999999,1.34376,1.3423,1.34315,2779.0
2026-01-22 10:00:00,1.34313,1.34329,1.34094,1.34181,3562.0
2026-01-22 11:00:00,1.3418700000000001,1.3446500000000001,1.34175,1.3444099999999999,3695.0
2026-01-22 12:00:00,1.3444099999999999,1.34507,1.34364,1.34477,2860.0
2026-01-22 13:00:00,1.34476,1.3452899999999999,1.34013,1.34208,6054.0
2026-01-22 14:00:00,1.34207,1.3441,1.34152,1.34254,4229.0
2026-01-22 15:00:00,1.34252,1.34386,1.34033,1.34231,5169.0
2026-01-22 16:00:00,1.34231,1.34525,1.34223,1.3446799999999999,5220.0
2026-01-22 17:00:00,1.3446799999999999,1.34847,1.34459,1.34774,5404.0
2026-01-22 18:00:00,1.34778,1.34991,1.34776,1.3489200000000001,4502.0
2026-01-22 19:00:00,1.3489,1.34957,1.34737,1.34925,3604.0
2026-01-22 20:00:00,1.3492199999999999,1.35022,1.34906,1.34988,2331.0
2026-01-22 21:00:00,1.3498700000000001,1.34994,1.34862,1.34909,2269.0
2026-01-22 22:00:00,1.34909,1.35034,1.34884,1.3497,1780.0
2026-01-22 23:00:00,1.34967,1.35071,1.3495599999999999,1.3501,1444.0
2026-01-23 00:00:00,1.3493,1.35045,1.34864,1.34994,1564.0
2026-01-23 01:00:00,1.34993,1.35087,1.34993,1.34995,949.0
2026-01-23 02:00:00,1.34995,1.35009,1.3495300000000001,1.3496299999999999,1990.0
2026-01-23 03:00:00,1.3496299999999999,1.35047,1.34958,1.34978,2987.0
2026-01-23 04:00:00,1.34979,1.3498299999999999,1.34914,1.34925,2469.0
2026-01-23 05:00:00,1.34925,1.34951,1.34886,1.34904,2417.0
2026-01-23 06:00:00,1.34903,1.34977,1.34897,1.34971,1712.0
2026-01-23 07:00:00,1.34969,1.35007,1.34957,1.34986,1747.0
2026-01-23 08:00:00,1.34986,1.34997,1.3483100000000001,1.34839,3333.0
2026-01-23 09:00:00,1.34843,1.35121,1.34843,1.34924,4926.0
2026-01-23 10:00:00,1.3492199999999999,1.35025,1.34824,1.35015,4583.0
2026-01-23 11:00:00,1.3501400000000001,1.35346,1.34985,1.3529900000000001,4933.0
2026-01-23 12:00:00,1.35298,1.35366,1.35223,1.3526799999999999,3827.0
2026-01-23 13:00:00,1.35269,1.35324,1.35144,1.35182,4090.0
2026-01-23 14:00:00,1.35182,1.35323,1.35178,1.35285,2997.0
2026-01-23 15:00:00,1.35285,1.3535,1.35243,1.3525,3478.0
2026-01-23 16:00:00,1.3525,1.35379,1.35206,1.3536000000000001,3832.0
2026-01-23 17:00:00,1.3536000000000001,1.35675,1.35346,1.35643,4466.0
2026-01-23 18:00:00,1.35645,1.35978,1.35609,1.35884,5391.0
2026-01-23 19:00:00,1.35884,1.3623,1.35862,1.36084,6675.0
2026-01-23 20:00:00,1.36084,1.36094,1.35921,1.36054,5231.0
2026-01-26 00:00:00,1.36612,1.36819,1.3657,1.36777,905.0
2026-01-26 01:00:00,1.36776,1.36805,1.3654899999999999,1.36647,3576.0
2026-01-26 02:00:00,1.36646,1.36674,1.3643399999999999,1.36672,4681.0
2026-01-26 03:00:00,1.36673,1.36743,1.36588,1.3660999999999999,5443.0
2026-01-26 04:00:00,1.36609,1.36796,1.36589,1.3669,4132.0
2026-01-26 05:00:00,1.3669,1.36691,1.3655,1.36599,2731.0
2026-01-26 06:00:00,1.36599,1.36677,1.36532,1.366,2955.0
2026-01-26 07:00:00,1.366,1.36697,1.3658299999999999,1.36669,2642.0
2026-01-26 08:00:00,1.36669,1.36685,1.36561,1.36564,3474.0
2026-01-26 09:00:00,1.36568,1.36762,1.36444,1.36465,4769.0
2026-01-26 10:00:00,1.36466,1.36682,1.36429,1.36621,5945.0
2026-01-26 11:00:00,1.3663,1.36771,1.36584,1.36719,4895.0
2026-01-26 12:00:00,1.36722,1.36756,1.3666800000000001,1.36708,4178.0
2026-01-26 13:00:00,1.3670900000000001,1.3673600000000001,1.36651,1.36662,3820.0
2026-01-26 14:00:00,1.36662,1.36728,1.36479,1.36533,3730.0
2026-01-26 15:00:00,1.36533,1.36619,1.36432,1.3661699999999999,4367.0
2026-01-26 16:00:00,1.3661699999999999,1.36916,1.3658299999999999,1.3691200000000001,4996.0
2026-01-26 17:00:00,1.36913,1.37128,1.3688500000000001,1.37082,5738.0
2026-01-26 18:00:00,1.37079,1.37131,1.36931,1.36968,5240.0
2026-01-26 19:00:00,1.36969,1.37043,1.36856,1.36879,4009.0
2026-01-26 20:00:00,1.3688,1.37015,1.36848,1.3688500000000001,3139.0
2026-01-26 21:00:00,1.36886,1.36886,1.36755,1.36823,3640.0
2026-01-26 22:00:00,1.3682400000000001,1.3686099999999999,1.36791,1.36804,2524.0
2026-01-26 23:00:00,1.36805,1.36865,1.36742,1.36776,1591.0
2026-01-27 00:00:00,1.36756,1.36775,1.36688,1.3676300000000001,1335.0
2026-01-27 01:00:00,1.3676300000000001,1.36796,1.36742,1.3675,1185.0
2026-01-27 02:00:00,1.3675,1.36816,1.36725,1.36733,2606.0
2026-01-27 03:00:00,1.3673199999999999,1.36825,1.36703,1.36798,3434.0
2026-01-27 04:00:00,1.36798,1.37008,1.36771,1.36961,3134.0
2026-01-27 05:00:00,1.36958,1.36958,1.36825,1.3683,2833.0
2026-01-27 06:00:00,1.36828,1.36883,1.36723,1.36746,2071.0
2026-01-27 07:00:00,1.36746,1.36817,1.36714,1.36783,2161.0
2026-01-27 08:00:00,1.36783,1.36902,1.36775,1.36819,2782.0
2026-01-27 09:00:00,1.36819,1.36903,1.36699,1.36742,3897.0
2026-01-27 10:00:00,1.36742,1.36773,1.3664,1.36749,4606.0
2026-01-27 11:00:00,1.36749,1.37001,1.36681,1.36991,4491.0
2026-01-27 12:00:00,1.36991,1.3703400000000001,1.3683,1.37031,4708.0
2026-01-27 13:00:00,1.37031,1.37124,1.37009,1.37107,3454.0
2026-01-27 14:00:00,1.37107,1.37415,1.3707799999999999,1.3740700000000001,6491.0
2026-01-27 15:00:00,1.3740700000000001,1.37486,1.37255,1.37351,6651.0
2026-01-27 16:00:00,1.3735,1.37765,1.37314,1.37705,6797.0
2026-01-27 17:00:00,1.37703,1.37908,1.37477,1.37517,7691.0
2026-01-27 18:00:00,1.37516,1.3791,1.37509,1.37799,5937.0
2026-01-27 19:00:00,1.37798,1.37882,1.37609,1.37874,5434.0
2026-01-27 20:00:00,1.37874,1.37911,1.37759,1.37771,4724.0
2026-01-27 21:00:00,1.37771,1.37843,1.37743,1.37833,3211.0
2026-01-27 22:00:00,1.37831,1.38692,1.37764,1.38368,6390.0
2026-01-27 23:00:00,1.38364,1.38564,1.38292,1.38473,5268.0
2026-01-28 00:00:00,1.3841999999999999,1.38476,1.38258,1.38433,834.0
2026-01-28 01:00:00,1.38431,1.38453,1.38224,1.38269,1980.0
2026-01-28 02:00:00,1.38269,1.38314,1.3814199999999999,1.38174,4206.0
2026-01-28 03:00:00,1.3817300000000001,1.38191,1.37992,1.38003,4256.0
2026-01-28 04:00:00,1.38003,1.38074,1.37917,1.38036,3325.0
2026-01-28 05:00:00,1.38039,1.38104,1.37972,1.37998,2505.0
2026-01-28 06:00:00,1.37999,1.38033,1.37941,1.38019,2066.0
2026-01-28 07:00:00,1.3801999999999999,1.38056,1.3789,1.38052,3503.0
2026-01-28 08:00:00,1.3805100000000001,1.38158,1.38038,1.38061,3635.0
2026-01-28 09:00:00,1.38063,1.38313,1.37927,1.38012,4966.0
2026-01-28 10:00:00,1.38013,1.38113,1.3775,1.3786800000000001,6211.0
2026-01-28 11:00:00,1.37867,1.3792499999999999,1.37756,1.37872,4857.0
2026-01-28 12:00:00,1.3787099999999999,1.37999,1.37764,1.3793,4741.0
2026-01-28 13:00:00,1.3793,1.3793,1.37677,1.37698,4948.0
2026-01-28 14:00:00,1.37698,1.37942,1.3768500000000001,1.37936,4542.0
2026-01-28 15:00:00,1.37937,1.37941,1.37652,1.37701,5091.0
2026-01-28 16:00:00,1.37703,1.38012,1.3768099999999999,1.37865,5707.0
2026-01-28 17:00:00,1.37865,1.37995,1.3749500000000001,1.3789500000000001,11242.0
2026-01-28 18:00:00,1.3789500000000001,1.37941,1.37639,1.37846,6571.0
2026-01-28 19:00:00,1.37846,1.3790499999999999,1.37723,1.37893,3991.0
2026-01-28 20:00:00,1.37894,1.37924,1.37634,1.3774199999999999,4594.0
2026-01-28 21:00:00,1.37699,1.37964,1.37526,1.37933,8842.0
2026-01-28 22:00:00,1.3793199999999999,1.3802400000000001,1.37862,1.3799000000000001,4554.0
2026-01-28 23:00:00,1.37989,1.38109,1.37974,1.38065,2381.0
2026-01-29 00:00:00,1.3801700000000001,1.3806,1.3792200000000001,1.38001,4684.0
2026-01-29 01:00:00,1.37999,1.38307,1.3795600000000001,1.3827,2605.0
2026-01-29 02:00:00,1.3827099999999999,1.38351,1.3813900000000001,1.38205,4116.0
2026-01-29 03:00:00,1.38206,1.38206,1.38001,1.38032,4811.0
2026-01-29 04:00:00,1.38032,1.38159,1.37931,1.38124,3804.0
2026-01-29 05:00:00,1.38123,1.3833199999999999,1.3811200000000001,1.38326,3375.0
2026-01-29 06:00:00,1.38326,1.38403,1.3824100000000001,1.38392,3773.0
2026-01-29 07:00:00,1.38392,1.38441,1.3835899999999999,1.38379,2968.0
2026-01-29 08:00:00,1.38379,1.384,1.38281,1.38379,4483.0
2026-01-29 09:00:00,1.38378,1.38476,1.3824,1.38318,4543.0
2026-01-29 10:00:00,1.38317,1.38463,1.3814199999999999,1.38208,5638.0
2026-01-29 11:00:00,1.3820700000000001,1.38244,1.38003,1.38034,4591.0
2026-01-29 12:00:00,1.38034,1.38068,1.37811,1.37828,4741.0
2026-01-29 13:00:00,1.37827,1.37982,1.37806,1.37943,4280.0
2026-01-29 14:00:00,1.37943,1.38143,1.37889,1.38134,4072.0
2026-01-29 15:00:00,1.38134,1.38181,1.37977,1.38061,6329.0
2026-01-29 16:00:00,1.38064,1.38341,1.38046,1.3826800000000001,7771.0
2026-01-29 17:00:00,1.3826800000000001,1.3827099999999999,1.37424,1.37637,12747.0
2026-01-29 18:00:00,1.37638,1.3799299999999999,1.376,1.37926,8973.0
2026-01-29 19:00:00,1.37926,1.38075,1.37926,1.37985,6489.0
2026-01-29 20:00:00,1.37982,1.38048,1.37881,1.37979,5703.0
2026-01-29 21:00:00,1.3798,1.38006,1.3792,1.37933,4234.0
2026-01-29 22:00:00,1.37933,1.38084,1.37885,1.38049,3330.0
2026-01-29 23:00:00,1.38049,1.38132,1.3799299999999999,1.3809,2206.0
2026-01-30 00:00:00,1.3801,1.38101,1.37942,1.38075,1430.0
2026-01-30 01:00:00,1.38075,1.38145,1.3805100000000001,1.38082,1767.0
2026-01-30 02:00:00,1.3808099999999999,1.38143,1.3773900000000001,1.37774,4100.0
2026-01-30 03:00:00,1.37775,1.3780000000000001,1.37583,1.37611,6240.0
2026-01-30 04:00:00,1.3761,1.37662,1.37316,1.3761999999999999,7231.0
2026-01-30 05:00:00,1.37623,1.37664,1.37477,1.37528,4176.0
2026-01-30 06:00:00,1.3752900000000001,1.37676,1.37487,1.3752900000000001,3004.0
2026-01-30 07:00:00,1.37531,1.37633,1.3746399999999999,1.3755899999999999,3284.0
2026-01-30 08:00:00,1.3756,1.37642,1.37404,1.3751,5384.0
2026-01-30 09:00:00,1.37511,1.37833,1.3746399999999999,1.37696,5735.0
2026-01-30 10:00:00,1.37702,1.37805,1.37589,1.37649,5821.0
2026-01-30 11:00:00,1.37643,1.37677,1.3725100000000001,1.37338,6161.0
2026-01-30 12:00:00,1.37336,1.37509,1.37323,1.37481,4822.0
2026-01-30 13:00:00,1.37483,1.37799,1.37448,1.37791,5106.0
2026-01-30 14:00:00,1.3779,1.37879,1.37572,1.37621,5450.0
2026-01-30 15:00:00,1.37621,1.37677,1.37355,1.37443,6492.0
2026-01-30 16:00:00,1.3744399999999999,1.37578,1.37361,1.37394,7386.0
2026-01-30 17:00:00,1.37393,1.3743699999999999,1.3709799999999999,1.3719999999999999,9139.0
2026-01-30 18:00:00,1.37199,1.37298,1.37131,1.37272,7712.0
2026-01-30 19:00:00,1.37273,1.37282,1.37001,1.37088,7369.0
2026-01-30 20:00:00,1.37089,1.3715899999999999,1.36807,1.37115,7720.0
2026-02-02 00:00:00,1.36876,1.36916,1.3673899999999999,1.36809,981.0
2026-02-02 01:00:00,1.36809,1.36909,1.36623,1.36761,4779.0
2026-02-02 02:00:00,1.36762,1.37059,1.36762,1.37003,6165.0
2026-02-02 03:00:00,1.37003,1.37005,1.36767,1.36934,7411.0
2026-02-02 04:00:00,1.36934,1.36999,1.36818,1.3682400000000001,5285.0
2026-02-02 05:00:00,1.3682400000000001,1.36926,1.36787,1.36842,4549.0
2026-02-02 06:00:00,1.3684,1.36881,1.36774,1.36823,4120.0
2026-02-02 07:00:00,1.3682400000000001,1.36833,1.3660700000000001,1.3672,4304.0
2026-02-02 08:00:00,1.3672,1.3676300000000001,1.36616,1.36757,6038.0
2026-02-02 09:00:00,1.36758,1.36887,1.3673600000000001,1.3679299999999999,5252.0
2026-02-02 10:00:00,1.3679299999999999,1.37013,1.36783,1.36921,5576.0
2026-02-02 11:00:00,1.36921,1.37109,1.36823,1.37092,5068.0
2026-02-02 12:00:00,1.3709,1.37153,1.36964,1.3702,5222.0
2026-02-02 13:00:00,1.3702,1.37119,1.36951,1.37003,4672.0
2026-02-02 14:00:00,1.37002,1.37067,1.36853,1.36881,5628.0
2026-02-02 15:00:00,1.3688,1.36882,1.36493,1.36517,6449.0
2026-02-02 16:00:00,1.36517,1.36771,1.36311,1.36677,7960.0
2026-02-02 17:00:00,1.36528,1.36615,1.3626800000000001,1.36282,9851.0
2026-02-02 18:00:00,1.36282,1.36567,1.3623,1.36531,7753.0
2026-02-02 19:00:00,1.36531,1.36628,1.36506,1.366,5623.0
2026-02-02 20:00:00,1.366,1.36616,1.36481,1.365,4619.0
2026-02-02 21:00:00,1.365,1.3661699999999999,1.36435,1.3659,3179.0
2026-02-02 22:00:00,1.36591,1.3667799999999999,1.36538,1.36657,3903.0
2026-02-02 23:00:00,1.36658,1.36683,1.36638,1.36681,1531.0
2026-02-03 00:00:00,1.36624,1.3666,1.3654600000000001,1.36625,1333.0
2026-02-03 01:00:00,1.36625,1.36731,1.36585,1.3673,1286.0
2026-02-03 02:00:00,1.3673,1.36807,1.36711,1.36803,2740.0
2026-02-03 03:00:00,1.36803,1.36862,1.36745,1.36862,4386.0
2026-02-03 04:00:00,1.36862,1.36864,1.36714,1.3672900000000001,3172.0
2026-02-03 05:00:00,1.3672900000000001,1.3688799999999999,1.36714,1.36849,3726.0
2026-02-03 06:00:00,1.36849,1.36942,1.36849,1.36875,2759.0
2026-02-03 07:00:00,1.36875,1.3692,1.36833,1.36895,2790.0
2026-02-03 08:00:00,1.36895,1.37011,1.36889,1.36929,3202.0
2026-02-03 09:00:00,1.36923,1.37064,1.36833,1.36972,5013.0
2026-02-03 10:00:00,1.3697,1.36997,1.36768,1.3686,5847.0
2026-02-03 11:00:00,1.3686099999999999,1.3691,1.36666,1.36669,6378.0
2026-02-03 12:00:00,1.3667,1.36735,1.3655,1.36554,4202.0
2026-02-03 13:00:00,1.3655300000000001,1.36622,1.36506,1.36506,4612.0
2026-02-03 14:00:00,1.36507,1.36832,1.36507,1.36818,4669.0
2026-02-03 15:00:00,1.36817,1.36897,1.36701,1.3670200000000001,5574.0
2026-02-03 16:00:00,1.3670200000000001,1.36846,1.36565,1.36688,6131.0
2026-02-03 17:00:00,1.36688,1.3704399999999999,1.3664,1.37031,7293.0
2026-02-03 18:00:00,1.37031,1.37069,1.36928,1.36991,5999.0
2026-02-03 19:00:00,1.36991,1.37072,1.36929,1.36957,6209.0
2026-02-03 20:00:00,1.36957,1.37018,1.36773,1.36777,4788.0
2026-02-03 21:00:00,1.36774,1.36916,1.3673199999999999,1.3688,4346.0
2026-02-03 22:00:00,1.36881,1.36997,1.3684,1.36962,4106.0
2026-02-03 23:00:00,1.36962,1.37023,1.36952,1.36977,1390.0
2026-02-04 00:00:00,1.3691499999999999,1.3700700000000001,1.36884,1.36895,1477.0
2026-02-04 01:00:00,1.36895,1.37013,1.3688,1.36971,1567.0
2026-02-04 02:00:00,1.36971,1.36978,1.36911,1.36941,2557.0
2026-02-04 03:00:00,1.3694,1.37101,1.36916,1.37065,3889.0
2026-02-04 04:00:00,1.37066,1.37128,1.36977,1.37003,3046.0
2026-02-04 05:00:00,1.37003,1.37052,1.36967,1.37043,2396.0
2026-02-04 06:00:00,1.37043,1.37168,1.37031,1.3716,1858.0
2026-02-04 07:00:00,1.3716,1.37196,1.37119,1.3715,1975.0
2026-02-04 08:00:00,1.3715,1.37218,1.37128,1.3713,2562.0
2026-02-04 09:00:00,1.3713,1.37189,1.3706,1.37157,3067.0
2026-02-04 10:00:00,1.3715600000000001,1.37331,1.3712,1.37294,4548.0
2026-02-04 11:00:00,1.37295,1.37332,1.3700999999999999,1.37089,4174.0
2026-02-04 12:00:00,1.37087,1.37161,1.3694899999999999,1.3716,3273.0
2026-02-04 13:00:00,1.37161,1.3716300000000001,1.37013,1.37089,4221.0
2026-02-04 14:00:00,1.37089,1.37244,1.37061,1.37198,3731.0
2026-02-04 15:00:00,1.37199,1.37291,1.3702,1.37131,6007.0
2026-02-04 16:00:00,1.37131,1.37175,1.36862,1.36876,7753.0
2026-02-04 17:00:00,1.36833,1.36952,1.3660999999999999,1.3664100000000001,9058.0
2026-02-04 18:00:00,1.3664100000000001,1.36643,1.36432,1.36575,7374.0
2026-02-04 19:00:00,1.36575,1.36725,1.36446,1.36463,6653.0
2026-02-04 20:00:00,1.36463,1.36552,1.3642400000000001,1.36506,5464.0
2026-02-04 21:00:00,1.36506,1.3663,1.36442,1.3663,4261.0
2026-02-04 22:00:00,1.3663,1.36636,1.3648,1.36507,2378.0
2026-02-04 23:00:00,1.36507,1.36566,1.36487,1.36521,2002.0
2026-02-05 00:00:00,1.36504,1.36631,1.36409,1.3648500000000001,1895.0
2026-02-05 01:00:00,1.3648500000000001,1.3651499999999999,1.3643100000000001,1.36457,1996.0
2026-02-05 02:00:00,1.36457,1.36523,1.36446,1.3652,2289.0
2026-02-05 03:00:00,1.3652,1.3654,1.36444,1.36481,3504.0
2026-02-05 04:00:00,1.36481,1.36486,1.36199,1.36211,5049.0
2026-02-05 05:00:00,1.36211,1.3630200000000001,1.36189,1.3625,4305.0
2026-02-05 06:00:00,1.3625,1.36288,1.36226,1.36253,2193.0
2026-02-05 07:00:00,1.36253,1.36266,1.36164,1.36199,2720.0
2026-02-05 08:00:00,1.362,1.36203,1.36068,1.3618299999999999,3252.0
2026-02-05 09:00:00,1.36182,1.36294,1.36164,1.36201,4528.0
2026-02-05 10:00:00,1.362,1.36325,1.3599,1.36033,4877.0
2026-02-05 11:00:00,1.36033,1.36041,1.35567,1.35657,5855.0
2026-02-05 12:00:00,1.3565800000000001,1.3597299999999999,1.35617,1.3587500000000001,4282.0
2026-02-05 13:00:00,1.35874,1.36154,1.35812,1.36112,4021.0
2026-02-05 14:00:00,1.36113,1.36113,1.35404,1.35815,10179.0
2026-02-05 15:00:00,1.35816,1.3595,1.35669,1.35854,8532.0
2026-02-05 16:00:00,1.3585099999999999,1.35893,1.35337,1.35376,9429.0
2026-02-05 17:00:00,1.35384,1.3557000000000001,1.35214,1.35282,10645.0
2026-02-05 18:00:00,1.35282,1.35562,1.35176,1.35497,8060.0
2026-02-05 19:00:00,1.35497,1.35574,1.35396,1.35513,5553.0
2026-02-05 20:00:00,1.35513,1.35571,1.3538000000000001,1.35427,4460.0
2026-02-05 21:00:00,1.35427,1.3552,1.3542,1.3549,3306.0
2026-02-05 22:00:00,1.3549,1.35518,1.35378,1.35386,2592.0
2026-02-05 23:00:00,1.35385,1.35401,1.35245,1.35296,1982.0
2026-02-06 00:00:00,1.35248,1.35357,1.35247,1.35294,1155.0
2026-02-06 01:00:00,1.35294,1.35324,1.35209,1.3521,1819.0
2026-02-06 02:00:00,1.3521,1.35308,1.35086,1.35302,4146.0
2026-02-06 03:00:00,1.35302,1.35429,1.35253,1.35399,5107.0
2026-02-06 04:00:00,1.35402,1.35503,1.354,1.35458,3630.0
2026-02-06 05:00:00,1.35458,1.3549,1.35438,1.35463,2679.0
2026-02-06 06:00:00,1.35465,1.35598,1.35452,1.35594,2434.0
2026-02-06 07:00:00,1.35594,1.35699,1.35586,1.35697,2800.0
2026-02-06 08:00:00,1.3569499999999999,1.35784,1.35674,1.35715,3167.0
2026-02-06 09:00:00,1.35716,1.35785,1.3563399999999999,1.3566500000000001,3844.0
2026-02-06 10:00:00,1.3566500000000001,1.3572199999999999,1.35579,1.3568,5557.0
2026-02-06 11:00:00,1.3568,1.3582,1.3565800000000001,1.35769,5140.0
2026-02-06 12:00:00,1.35769,1.35839,1.35718,1.35767,2950.0
2026-02-06 13:00:00,1.35767,1.35921,1.3576,1.3584100000000001,3273.0
2026-02-06 14:00:00,1.3584100000000001,1.35948,1.35834,1.35889,3044.0
2026-02-06 15:00:00,1.35889,1.3596300000000001,1.35819,1.35887,4343.0
2026-02-06 16:00:00,1.35888,1.36097,1.3587500000000001,1.36089,5490.0
2026-02-06 17:00:00,1.36091,1.3615300000000001,1.35937,1.36143,5620.0
2026-02-06 18:00:00,1.36142,1.3616,1.36018,1.36041,4498.0
2026-02-06 19:00:00,1.36042,1.36234,1.36018,1.3618299999999999,3674.0
2026-02-06 20:00:00,1.3618299999999999,1.36231,1.36132,1.36142,2879.0
2026-02-09 00:00:00,1.3593199999999999,1.36013,1.35862,1.35986,539.0
2026-02-09 01:00:00,1.35984,1.36117,1.3587799999999999,1.36098,3792.0
2026-02-09 02:00:00,1.36098,1.36206,1.3605800000000001,1.36114,4489.0
2026-02-09 03:00:00,1.36114,1.36127,1.35984,1.36012,3987.0
2026-02-09 04:00:00,1.36011,1.3609200000000001,1.35908,1.36045,2650.0
2026-02-09 05:00:00,1.36044,1.3608,1.35988,1.3599,1758.0
2026-02-09 06:00:00,1.3599,1.36056,1.3599,1.36045,1366.0
2026-02-09 07:00:00,1.36045,1.36171,1.3603399999999999,1.36143,1586.0
2026-02-09 08:00:00,1.36143,1.3629,1.36051,1.36158,4339.0
2026-02-09 09:00:00,1.36157,1.36158,1.35883,1.36042,4877.0
2026-02-09 10:00:00,1.36043,1.36109,1.35864,1.36017,5260.0
2026-02-09 11:00:00,1.36017,1.36124,1.3596300000000001,1.36008,4572.0
2026-02-09 12:00:00,1.36008,1.36142,1.35937,1.36091,4766.0
2026-02-09 13:00:00,1.36089,1.36456,1.3593199999999999,1.3637299999999999,5451.0
2026-02-09 14:00:00,1.3637299999999999,1.3662,1.3637299999999999,1.36604,4044.0
2026-02-09 15:00:00,1.36603,1.36701,1.3643,1.36508,6151.0
2026-02-09 16:00:00,1.36507,1.36527,1.36215,1.36443,7996.0
2026-02-09 17:00:00,1.3644,1.36877,1.36439,1.36777,5939.0
2026-02-09 18:00:00,1.36782,1.3691,1.36624,1.36658,4513.0
2026-02-09 19:00:00,1.36659,1.3675899999999999,1.36638,1.36718,3187.0
2026-02-09 20:00:00,1.36716,1.36913,1.3664399999999999,1.36898,3276.0
2026-02-09 21:00:00,1.36899,1.37003,1.36845,1.36972,2468.0
2026-02-09 22:00:00,1.36972,1.36991,1.3692,1.36947,2216.0
2026-02-09 23:00:00,1.36947,1.36995,1.36909,1.3694899999999999,1606.0
2026-02-10 00:00:00,1.36925,1.3695300000000001,1.36836,1.36914,1296.0
2026-02-10 01:00:00,1.36914,1.36968,1.36818,1.36823,1059.0
2026-02-10 02:00:00,1.36823,1.36841,1.36721,1.36803,1732.0
2026-02-10 03:00:00,1.36804,1.36898,1.36744,1.36845,3451.0
2026-02-10 04:00:00,1.36845,1.36934,1.36842,1.36933,2714.0
2026-02-10 05:00:00,1.36933,1.36963,1.36841,1.36853,2528.0
2026-02-10 06:00:00,1.36852,1.36865,1.36799,1.36815,1783.0
2026-02-10 07:00:00,1.36818,1.36841,1.36746,1.36783,1796.0
2026-02-10 08:00:00,1.36783,1.36818,1.3668,1.36718,2455.0
2026-02-10 09:00:00,1.3672,1.36796,1.36672,1.36723,3302.0
2026-02-10 10:00:00,1.36724,1.36795,1.36635,1.36707,4019.0
2026-02-10 11:00:00,1.36706,1.36843,1.36655,1.36682,3571.0
2026-02-10 12:00:00,1.36682,1.36737,1.36578,1.3665,3578.0
2026-02-10 13:00:00,1.36649,1.36654,1.36586,1.36632,2483.0
2026-02-10 14:00:00,1.36633,1.36928,1.36623,1.36857,4102.0
2026-02-10 15:00:00,1.36856,1.36913,1.36661,1.36813,5976.0
2026-02-10 16:00:00,1.36813,1.36967,1.36704,1.36772,6648.0
2026-02-10 17:00:00,1.3677000000000001,1.36809,1.36536,1.36741,6388.0
2026-02-10 18:00:00,1.36741,1.36743,1.36596,1.3663699999999999,4704.0
2026-02-10 19:00:00,1.36638,1.36661,1.36436,1.36536,3685.0
2026-02-10 20:00:00,1.36536,1.36551,1.3642699999999999,1.36442,3102.0
2026-02-10 21:00:00,1.36442,1.36569,1.36402,1.36568,2967.0
2026-02-10 22:00:00,1.36568,1.36574,1.36426,1.3643100000000001,2654.0
2026-02-10 23:00:00,1.36433,1.36449,1.36376,1.36414,1507.0
2026-02-11 00:00:00,1.36411,1.36514,1.36352,1.36379,976.0
2026-02-11 01:00:00,1.36379,1.36385,1.36315,1.36328,1129.0
2026-02-11 02:00:00,1.36328,1.36429,1.36316,1.3639000000000001,2787.0
2026-02-11 03:00:00,1.3639000000000001,1.3649200000000001,1.36389,1.36442,3951.0
2026-02-11 04:00:00,1.36442,1.36611,1.36442,1.3658000000000001,2561.0
2026-02-11 05:00:00,1.36581,1.3668,1.3655,1.36653,1828.0
2026-02-11 06:00:00,1.36652,1.36699,1.36588,1.36595,1428.0
2026-02-11 07:00:00,1.36595,1.3670200000000001,1.36579,1.36697,2295.0
2026-02-11 08:00:00,1.3669799999999999,1.36778,1.3667,1.36704,2711.0
2026-02-11 09:00:00,1.36704,1.36746,1.3664399999999999,1.36743,3028.0
2026-02-11 10:00:00,1.36744,1.36932,1.36689,1.36921,4190.0
2026-02-11 11:00:00,1.36928,1.3699,1.36839,1.36957,3297.0
2026-02-11 12:00:00,1.3695599999999999,1.37124,1.36863,1.37065,3689.0
2026-02-11 13:00:00,1.37063,1.37066,1.36907,1.36913,3835.0
2026-02-11 14:00:00,1.36913,1.3692199999999999,1.36757,1.36801,4011.0
2026-02-11 15:00:00,1.36802,1.36904,1.36096,1.36417,9518.0
2026-02-11 16:00:00,1.36415,1.3670200000000001,1.36379,1.36555,10042.0
2026-02-11 17:00:00,1.36554,1.3667099999999999,1.36264,1.36334,9351.0
2026-02-11 18:00:00,1.36335,1.36568,1.36284,1.36521,6038.0
2026-02-11 19:00:00,1.3652,1.36677,1.36448,1.36578,5548.0
2026-02-11 20:00:00,1.36578,1.36589,1.36395,1.36395,4828.0
2026-02-11 21:00:00,1.3639000000000001,1.36412,1.36326,1.36327,3897.0
2026-02-11 22:00:00,1.36327,1.36348,1.36208,1.36215,2907.0
2026-02-11 23:00:00,1.36215,1.3628,1.36191,1.36279,1602.0
2026-02-12 00:00:00,1.36266,1.36289,1.36202,1.3626800000000001,938.0
2026-02-12 01:00:00,1.3626800000000001,1.36287,1.36199,1.3623,1513.0
2026-02-12 02:00:00,1.3623,1.36319,1.3615599999999999,1.36316,2318.0
2026-02-12 03:00:00,1.36317,1.36401,1.36267,1.3639999999999999,3601.0
2026-02-12 04:00:00,1.3639999999999999,1.36421,1.36307,1.36352,2237.0
2026-02-12 05:00:00,1.36351,1.36372,1.36266,1.36317,2934.0
2026-02-12 06:00:00,1.36317,1.36357,1.36202,1.3625,2499.0
2026-02-12 07:00:00,1.36249,1.36263,1.36177,1.3622,2413.0
2026-02-12 08:00:00,1.3622,1.36256,1.36046,1.36167,4157.0
2026-02-12 09:00:00,1.3615599999999999,1.36347,1.36121,1.36326,4145.0
2026-02-12 10:00:00,1.36327,1.36467,1.36267,1.3637299999999999,4657.0
2026-02-12 11:00:00,1.36372,1.36539,1.36369,1.3649200000000001,3693.0
2026-02-12 12:00:00,1.3649200000000001,1.36503,1.36367,1.36386,2988.0
2026-02-12 13:00:00,1.36386,1.36511,1.36352,1.3649200000000001,3158.0
2026-02-12 14:00:00,1.3649200000000001,1.365,1.36219,1.36293,4032.0
2026-02-12 15:00:00,1.36292,1.36521,1.36288,1.365,4515.0
2026-02-12 16:00:00,1.36501,1.36691,1.36422,1.36645,5690.0
2026-02-12 17:00:00,1.3664399999999999,1.36715,1.36494,1.36538,6021.0
2026-02-12 18:00:00,1.36538,1.3658000000000001,1.36161,1.36321,9404.0
2026-02-12 19:00:00,1.36321,1.3633,1.36178,1.36192,6869.0
2026-02-12 20:00:00,1.36192,1.36243,1.36049,1.36164,6338.0
2026-02-12 21:00:00,1.36164,1.36265,1.36151,1.3624,3875.0
2026-02-12 22:00:00,1.3624,1.36247,1.36148,1.36212,2733.0
2026-02-12 23:00:00,1.36213,1.36238,1.36167,1.3622,1754.0
2026-02-13 00:00:00,1.36222,1.3627099999999999,1.36129,1.3616,861.0
2026-02-13 01:00:00,1.36158,1.36225,1.3615599999999999,1.36184,1686.0
2026-02-13 02:00:00,1.36184,1.36219,1.3615,1.36215,2843.0
2026-02-13 03:00:00,1.36213,1.36224,1.36121,1.3617,3656.0
2026-02-13 04:00:00,1.3617,1.3624100000000001,1.36128,1.36202,2166.0
2026-02-13 05:00:00,1.36202,1.36226,1.36142,1.36151,2014.0
2026-02-13 06:00:00,1.36151,1.36173,1.3608799999999999,1.3612,1981.0
2026-02-13 07:00:00,1.3611900000000001,1.3614600000000001,1.35995,1.36038,2474.0
2026-02-13 08:00:00,1.36039,1.36066,1.35946,1.36018,3321.0
2026-02-13 09:00:00,1.36017,1.36168,1.35904,1.36144,4230.0
2026-02-13 10:00:00,1.36139,1.36287,1.36118,1.36231,4399.0
2026-02-13 11:00:00,1.36231,1.36296,1.36209,1.36228,3781.0
2026-02-13 12:00:00,1.36229,1.36274,1.36148,1.36184,3353.0
2026-02-13 13:00:00,1.36184,1.36193,1.36009,1.3603,4341.0
2026-02-13 14:00:00,1.36029,1.36093,1.35988,1.36074,3139.0
2026-02-13 15:00:00,1.36076,1.3646,1.36036,1.36335,6736.0
2026-02-13 16:00:00,1.3633199999999999,1.3639299999999999,1.36155,1.36261,8696.0
2026-02-13 17:00:00,1.36262,1.36472,1.36106,1.36128,7436.0
2026-02-13 18:00:00,1.36129,1.36438,1.36069,1.36422,5701.0
2026-02-13 19:00:00,1.36422,1.36592,1.36383,1.3648500000000001,4277.0
2026-02-13 20:00:00,1.36486,1.36542,1.36463,1.3651900000000001,3461.0
2026-02-16 00:00:00,1.3639000000000001,1.36428,1.36347,1.36395,2639.0
2026-02-16 01:00:00,1.36395,1.36493,1.36377,1.36472,2449.0
2026-02-16 02:00:00,1.36473,1.36484,1.36407,1.36409,2520.0
2026-02-16 03:00:00,1.36409,1.36441,1.36371,1.36435,2165.0
2026-02-16 04:00:00,1.36435,1.36456,1.36389,1.36422,2256.0
2026-02-16 05:00:00,1.36421,1.3645,1.36379,1.36417,1575.0
2026-02-16 06:00:00,1.36417,1.36435,1.36357,1.36396,1291.0
2026-02-16 07:00:00,1.36396,1.36409,1.36354,1.36392,1060.0
2026-02-16 08:00:00,1.36392,1.36487,1.36381,1.3643100000000001,1486.0
2026-02-16 09:00:00,1.3643,1.36511,1.36356,1.36438,2262.0
2026-02-16 10:00:00,1.36438,1.36601,1.36401,1.3651900000000001,3960.0
2026-02-16 11:00:00,1.3651900000000001,1.36619,1.36411,1.36448,3472.0
2026-02-16 12:00:00,1.36446,1.3651900000000001,1.36411,1.36507,2492.0
2026-02-16 13:00:00,1.36507,1.36507,1.3643,1.36446,2216.0
2026-02-16 14:00:00,1.36443,1.36513,1.36396,1.36426,2099.0
2026-02-16 15:00:00,1.36425,1.36476,1.36287,1.36331,2509.0
2026-02-16 16:00:00,1.36331,1.36403,1.36301,1.3636,2280.0
2026-02-16 17:00:00,1.3636,1.3638,1.3627799999999999,1.36325,2326.0
2026-02-16 18:00:00,1.36327,1.36351,1.36259,1.36286,2037.0
2026-02-16 19:00:00,1.36286,1.36304,1.36261,1.36272,975.0
2026-02-16 20:00:00,1.36272,1.36314,1.36266,1.36291,595.0
2026-02-16 21:00:00,1.36291,1.3633199999999999,1.36289,1.36323,453.0
2026-02-16 22:00:00,1.36322,1.36323,1.36299,1.36301,388.0
2026-02-16 23:00:00,1.36301,1.3630499999999999,1.36246,1.36286,651.0
2026-02-17 00:00:00,1.36257,1.3633,1.36223,1.36272,907.0
2026-02-17 01:00:00,1.3627099999999999,1.36282,1.36228,1.36272,1114.0
2026-02-17 02:00:00,1.36272,1.36293,1.3618700000000001,1.36196,2137.0
2026-02-17 03:00:00,1.36195,1.36213,1.36137,1.36167,3018.0
2026-02-17 04:00:00,1.36166,1.36203,1.3611900000000001,1.36139,2038.0
2026-02-17 05:00:00,1.36138,1.36139,1.36059,1.36127,2166.0
2026-02-17 06:00:00,1.36127,1.36133,1.36068,1.36117,1703.0
2026-02-17 07:00:00,1.36117,1.36121,1.36035,1.36073,2412.0
2026-02-17 08:00:00,1.36073,1.3615,1.36073,1.36121,1469.0
2026-02-17 09:00:00,1.36117,1.36123,1.35523,1.35629,4835.0
2026-02-17 10:00:00,1.35628,1.3590499999999999,1.35612,1.35857,4127.0
2026-02-17 11:00:00,1.35857,1.35975,1.35839,1.35914,3156.0
2026-02-17 12:00:00,1.3591199999999999,1.3606,1.35894,1.35951,3275.0
2026-02-17 13:00:00,1.35951,1.35982,1.35598,1.35649,4003.0
2026-02-17 14:00:00,1.3565,1.35716,1.35469,1.35487,3969.0
2026-02-17 15:00:00,1.35484,1.3550200000000001,1.35244,1.35246,5359.0
2026-02-17 16:00:00,1.35246,1.35323,1.35179,1.35208,7164.0
2026-02-17 17:00:00,1.35206,1.35253,1.34958,1.35031,7185.0
2026-02-17 18:00:00,1.3503,1.35416,1.35027,1.3538000000000001,5079.0
2026-02-17 19:00:00,1.35381,1.35501,1.35346,1.35467,3948.0
2026-02-17 20:00:00,1.35467,1.35612,1.35412,1.35591,3276.0
2026-02-17 21:00:00,1.35591,1.3563,1.35559,1.35613,2458.0
2026-02-17 22:00:00,1.35612,1.35639,1.35576,1.35621,2444.0
2026-02-17 23:00:00,1.35621,1.3568799999999999,1.35601,1.35669,1221.0
2026-02-18 00:00:00,1.35626,1.35686,1.3548200000000001,1.35615,1516.0
2026-02-18 01:00:00,1.35615,1.3572600000000001,1.3555,1.3563,1137.0
2026-02-18 02:00:00,1.3563,1.35662,1.35608,1.35621,2054.0
2026-02-18 03:00:00,1.35621,1.35622,1.3554,1.35586,1949.0
2026-02-18 04:00:00,1.35586,1.35588,1.35518,1.3554599999999999,1546.0
2026-02-18 05:00:00,1.3554599999999999,1.35581,1.35526,1.35531,1425.0
2026-02-18 06:00:00,1.35532,1.35559,1.35498,1.3553899999999999,1649.0
2026-02-18 07:00:00,1.3553899999999999,1.35594,1.35537,1.35589,1131.0
2026-02-18 08:00:00,1.35589,1.35666,1.3553600000000001,1.35652,1633.0
2026-02-18 09:00:00,1.35653,1.35784,1.35538,1.35614,3279.0
2026-02-18 10:00:00,1.35613,1.35682,1.3557000000000001,1.35654,3313.0
2026-02-18 11:00:00,1.35655,1.35792,1.35653,1.35746,2901.0
2026-02-18 12:00:00,1.35746,1.35821,1.35656,1.35662,2831.0
2026-02-18 13:00:00,1.3566,1.3575,1.35657,1.35735,1951.0
2026-02-18 14:00:00,1.35736,1.35802,1.35698,1.35733,3283.0
2026-02-18 15:00:00,1.35733,1.3581400000000001,1.35519,1.3552,3254.0
2026-02-18 16:00:00,1.35522,1.35586,1.3533,1.35369,5693.0
2026-02-18 17:00:00,1.35369,1.35537,1.35354,1.35458,4305.0
2026-02-18 18:00:00,1.35458,1.35575,1.35334,1.35338,4317.0
2026-02-18 19:00:00,1.35339,1.35366,1.35125,1.35218,2991.0
2026-02-18 20:00:00,1.35217,1.35254,1.3506,1.35133,3256.0
2026-02-18 21:00:00,1.35134,1.3514599999999999,1.34972,1.35002,4535.0
2026-02-18 22:00:00,1.35001,1.3505,1.3495300000000001,1.34996,2517.0
2026-02-18 23:00:00,1.34996,1.3502,1.34909,1.3491900000000001,1497.0
2026-02-19 00:00:00,1.34901,1.35011,1.34901,1.34964,1644.0
2026-02-19 01:00:00,1.34964,1.34982,1.34941,1.34951,1000.0
2026-02-19 02:00:00,1.34951,1.34979,1.34884,1.34897,1956.0
2026-02-19 03:00:00,1.34897,1.34986,1.34896,1.34966,2178.0
2026-02-19 04:00:00,1.34965,1.34971,1.3491900000000001,1.34947,1553.0
2026-02-19 05:00:00,1.34948,1.34976,1.34882,1.34911,1601.0
2026-02-19 06:00:00,1.34911,1.3492600000000001,1.34817,1.34836,1282.0
2026-02-19 07:00:00,1.34836,1.34878,1.34806,1.34873,1589.0
2026-02-19 08:00:00,1.34873,1.35023,1.3485,1.34998,1517.0
2026-02-19 09:00:00,1.34998,1.35121,1.34946,1.35102,2521.0
2026-02-19 10:00:00,1.35102,1.3516,1.35018,1.35058,3456.0
2026-02-19 11:00:00,1.35059,1.35167,1.34944,1.35045,3537.0
2026-02-19 12:00:00,1.35045,1.35074,1.34849,1.34885,3402.0
2026-02-19 13:00:00,1.34885,1.3492,1.34657,1.34662,3554.0
2026-02-19 14:00:00,1.3466,1.34741,1.34571,1.34632,3703.0
2026-02-19 15:00:00,1.34633,1.34693,1.3449,1.34671,4571.0
2026-02-19 16:00:00,1.3467,1.34677,1.3434,1.34454,6651.0
2026-02-19 17:00:00,1.34452,1.3473899999999999,1.34414,1.3454,7877.0
2026-02-19 18:00:00,1.34541,1.34578,1.34395,1.3445,5561.0
2026-02-19 19:00:00,1.3445,1.34562,1.34388,1.34523,3928.0
2026-02-19 20:00:00,1.34524,1.34661,1.34509,1.34598,2890.0
2026-02-19 21:00:00,1.34598,1.3466,1.3447,1.34516,3236.0
2026-02-19 22:00:00,1.34518,1.34605,1.34518,1.34591,2081.0
2026-02-19 23:00:00,1.3458999999999999,1.3473,1.3458,1.34622,2132.0
2026-02-20 00:00:00,1.34625,1.34684,1.3458700000000001,1.34639,1463.0
2026-02-20 01:00:00,1.34639,1.3470900000000001,1.34596,1.34598,1279.0
2026-02-20 02:00:00,1.34598,1.34639,1.34557,1.3461699999999999,2029.0
2026-02-20 03:00:00,1.3461400000000001,1.34629,1.34416,1.3446799999999999,2829.0
2026-02-20 04:00:00,1.3446799999999999,1.34478,1.3435000000000001,1.3440699999999999,2235.0
2026-02-20 05:00:00,1.3440699999999999,1.34463,1.34388,1.34422,1563.0
2026-02-20 06:00:00,1.34423,1.34475,1.34386,1.34394,1623.0
2026-02-20 07:00:00,1.34394,1.34487,1.34372,1.34455,2070.0
2026-02-20 08:00:00,1.34456,1.34488,1.34416,1.34475,2122.0
2026-02-20 09:00:00,1.34473,1.34672,1.34449,1.34457,4066.0
2026-02-20 10:00:00,1.34457,1.34555,1.34362,1.34525,4981.0
2026-02-20 11:00:00,1.34524,1.34792,1.34507,1.34668,3773.0
2026-02-20 12:00:00,1.34668,1.34828,1.34619,1.34755,3124.0
2026-02-20 13:00:00,1.34754,1.34778,1.34661,1.34703,3484.0
2026-02-20 14:00:00,1.34702,1.34832,1.34686,1.34732,3464.0
2026-02-20 15:00:00,1.34734,1.34981,1.34668,1.34864,5670.0
2026-02-20 16:00:00,1.34862,1.34887,1.34677,1.3477999999999999,6005.0
2026-02-20 17:00:00,1.34779,1.3515,1.34607,1.35008,12825.0
2026-02-20 18:00:00,1.35007,1.35145,1.34863,1.34985,6698.0
2026-02-20 19:00:00,1.34986,1.35005,1.34749,1.3489499999999999,6516.0
2026-02-20 20:00:00,1.3489499999999999,1.35068,1.34849,1.34948,6668.0
2026-02-23 00:00:00,1.34882,1.3498999999999999,1.34782,1.34891,1393.0
2026-02-23 01:00:00,1.34893,1.35335,1.34836,1.35324,3353.0
2026-02-23 02:00:00,1.35325,1.35328,1.35196,1.35271,3359.0
2026-02-23 03:00:00,1.35271,1.35277,1.35156,1.35192,4162.0
2026-02-23 04:00:00,1.35191,1.35286,1.35167,1.35232,2995.0
2026-02-23 05:00:00,1.35232,1.3523800000000001,1.35102,1.35176,2108.0
2026-02-23 06:00:00,1.35176,1.3521,1.35126,1.3519999999999999,1507.0
2026-02-23 07:00:00,1.3519999999999999,1.35212,1.35125,1.35203,1284.0
2026-02-23 08:00:00,1.35203,1.35351,1.35175,1.35296,2071.0
2026-02-23 09:00:00,1.35297,1.35327,1.35214,1.3526,3213.0
2026-02-23 10:00:00,1.3526,1.35286,1.35099,1.35157,4692.0
2026-02-23 11:00:00,1.35157,1.35188,1.35057,1.35083,3204.0
2026-02-23 12:00:00,1.3508200000000001,1.35127,1.3502399999999999,1.3508,3247.0
2026-02-23 13:00:00,1.3508,1.351,1.34864,1.34909,3370.0
2026-02-23 14:00:00,1.34909,1.34909,1.34756,1.34867,3431.0
2026-02-23 15:00:00,1.34866,1.35089,1.34829,1.3506,4384.0
2026-02-23 16:00:00,1.35059,1.35236,1.3502100000000001,1.35206,5710.0
2026-02-23 17:00:00,1.3520400000000001,1.35249,1.3491900000000001,1.34947,6388.0
2026-02-23 18:00:00,1.34947,1.35149,1.34876,1.35069,5887.0
2026-02-23 19:00:00,1.35068,1.35083,1.34846,1.34957,4537.0
2026-02-23 20:00:00,1.34957,1.35015,1.34935,1.34975,3389.0
2026-02-23 21:00:00,1.34976,1.3498700000000001,1.34856,1.34893,3071.0
2026-02-23 22:00:00,1.34894,1.34944,1.3488,1.34918,2082.0
2026-02-23 23:00:00,1.34917,1.35001,1.3489499999999999,1.34904,1634.0
2026-02-24 00:00:00,1.34914,1.34918,1.34818,1.34859,4288.0
2026-02-24 01:00:00,1.34859,1.34998,1.34853,1.34957,1129.0
2026-02-24 02:00:00,1.34957,1.34988,1.3492899999999999,1.34944,2129.0
2026-02-24 03:00:00,1.34943,1.34944,1.3477700000000001,1.34908,4192.0
2026-02-24 04:00:00,1.34907,1.34988,1.34874,1.34985,2743.0
2026-02-24 05:00:00,1.34986,1.3501400000000001,1.34878,1.34883,2015.0
2026-02-24 06:00:00,1.34882,1.34897,1.34792,1.34827,1476.0
2026-02-24 07:00:00,1.34826,1.3489,1.34798,1.34888,1629.0
2026-02-24 08:00:00,1.34889,1.34921,1.34849,1.34876,2072.0
2026-02-24 09:00:00,1.34876,1.34876,1.34732,1.34784,4990.0
2026-02-24 10:00:00,1.34785,1.34904,1.34699,1.34848,4277.0
2026-02-24 11:00:00,1.34847,1.35026,1.34846,1.34996,3411.0
2026-02-24 12:00:00,1.34996,1.35059,1.34917,1.34935,2852.0
2026-02-24 13:00:00,1.34935,1.3494,1.34846,1.34862,2907.0
2026-02-24 14:00:00,1.34863,1.34904,1.34782,1.34887,3065.0
2026-02-24 15:00:00,1.34886,1.3492,1.34765,1.3486,3917.0
2026-02-24 16:00:00,1.34859,1.34995,1.34798,1.34988,5868.0
2026-02-24 17:00:00,1.34986,1.35246,1.34912,1.35145,5556.0
2026-02-24 18:00:00,1.35145,1.35366,1.35131,1.35297,4376.0
2026-02-24 19:00:00,1.35297,1.35304,1.35144,1.35182,3122.0
2026-02-24 20:00:00,1.35182,1.3519999999999999,1.35064,1.3507500000000001,2582.0
2026-02-24 21:00:00,1.35074,1.35124,1.35005,1.3501699999999999,2674.0
2026-02-24 22:00:00,1.3501699999999999,1.35088,1.34965,1.34976,2439.0
2026-02-24 23:00:00,1.34975,1.34996,1.34871,1.3488,1820.0
2026-02-25 00:00:00,1.3483,1.34978,1.3483,1.3491,2056.0
2026-02-25 01:00:00,1.3491,1.34979,1.34885,1.34954,1076.0
2026-02-25 02:00:00,1.34955,1.35047,1.34915,1.35037,2052.0
2026-02-25 03:00:00,1.35037,1.35067,1.35005,1.35028,2840.0
2026-02-25 04:00:00,1.35028,1.35215,1.35026,1.35188,3190.0
2026-02-25 05:00:00,1.35188,1.35215,1.3508200000000001,1.35127,3950.0
2026-02-25 06:00:00,1.35127,1.3519,1.35108,1.3516599999999999,2129.0
2026-02-25 07:00:00,1.35167,1.35251,1.35157,1.35217,1995.0
2026-02-25 08:00:00,1.35217,1.35267,1.35181,1.35255,2293.0
2026-02-25 09:00:00,1.35256,1.3529900000000001,1.35153,1.35264,3414.0
2026-02-25 10:00:00,1.3526500000000001,1.35337,1.35097,1.35168,3721.0
2026-02-25 11:00:00,1.35168,1.35218,1.35108,1.35179,4429.0
2026-02-25 12:00:00,1.35178,1.35214,1.35066,1.35114,3106.0
2026-02-25 13:00:00,1.35113,1.35125,1.34907,1.3505099999999999,2777.0
2026-02-25 14:00:00,1.3505099999999999,1.3524,1.35033,1.35227,2849.0
2026-02-25 15:00:00,1.35227,1.3535300000000001,1.3507500000000001,1.3508,3615.0
2026-02-25 16:00:00,1.35081,1.3523800000000001,1.35064,1.35213,5022.0
2026-02-25 17:00:00,1.35213,1.3537,1.3517700000000001,1.35337,5700.0
2026-02-25 18:00:00,1.35337,1.35515,1.3531900000000001,1.35503,4038.0
2026-02-25 19:00:00,1.35503,1.35659,1.3548499999999999,1.35557,2920.0
2026-02-25 20:00:00,1.35556,1.35603,1.35504,1.35525,1867.0
2026-02-25 21:00:00,1.35525,1.35558,1.35481,1.35504,1503.0
2026-02-25 22:00:00,1.3550499999999999,1.35559,1.35496,1.3553600000000001,1425.0
2026-02-25 23:00:00,1.3553600000000001,1.35602,1.35517,1.35591,1489.0
2026-02-26 00:00:00,1.3558,1.35591,1.3548200000000001,1.35541,1775.0
2026-02-26 01:00:00,1.35542,1.35598,1.35498,1.35576,2438.0
2026-02-26 02:00:00,1.35576,1.35639,1.35535,1.35638,2241.0
2026-02-26 03:00:00,1.35637,1.35737,1.3562400000000001,1.35735,3249.0
2026-02-26 04:00:00,1.35735,1.35751,1.35555,1.3564,2536.0
2026-02-26 05:00:00,1.35639,1.35657,1.35557,1.35559,1994.0
2026-02-26 06:00:00,1.35559,1.35586,1.35497,1.35581,1555.0
2026-02-26 07:00:00,1.35582,1.35623,1.3553899999999999,1.3560699999999999,2308.0
2026-02-26 08:00:00,1.3560699999999999,1.3562400000000001,1.35523,1.35556,2094.0
2026-02-26 09:00:00,1.35556,1.35568,1.3544100000000001,1.35465,3541.0
2026-02-26 10:00:00,1.35465,1.35474,1.35203,1.35237,4747.0
2026-02-26 11:00:00,1.35237,1.35336,1.35188,1.35275,3145.0
2026-02-26 12:00:00,1.35275,1.35359,1.35237,1.35354,2643.0
2026-02-26 13:00:00,1.3535300000000001,1.3545099999999999,1.35287,1.3529200000000001,2575.0
2026-02-26 14:00:00,1.3529200000000001,1.35503,1.35281,1.3548499999999999,2522.0
2026-02-26 15:00:00,1.3548499999999999,1.3556599999999999,1.35351,1.35366,4112.0
2026-02-26 16:00:00,1.35365,1.3553899999999999,1.35333,1.35457,5564.0
2026-02-26 17:00:00,1.35457,1.35477,1.34974,1.35145,7600.0
2026-02-26 18:00:00,1.3514599999999999,1.35155,1.34964,1.35026,5115.0
2026-02-26 19:00:00,1.35026,1.35037,1.3449200000000001,1.3451,4988.0
2026-02-26 20:00:00,1.34509,1.34696,1.34453,1.3465,4470.0
2026-02-26 21:00:00,1.34657,1.34897,1.34628,1.34874,2908.0
2026-02-26 22:00:00,1.34873,1.3493,1.34855,1.34917,1972.0
2026-02-26 23:00:00,1.34917,1.34932,1.34798,1.34826,1269.0
2026-02-27 00:00:00,1.34808,1.34847,1.34756,1.34813,1208.0
2026-02-27 01:00:00,1.34813,1.34915,1.34782,1.34915,922.0
2026-02-27 02:00:00,1.34915,1.34939,1.34825,1.3485800000000001,2595.0
2026-02-27 03:00:00,1.34859,1.34933,1.34764,1.34767,4303.0
2026-02-27 04:00:00,1.34767,1.34883,1.34767,1.34875,1934.0
2026-02-27 05:00:00,1.34876,1.34958,1.34876,1.34917,1899.0
2026-02-27 06:00:00,1.34916,1.35013,1.3490199999999999,1.34962,1757.0
2026-02-27 07:00:00,1.34961,1.34967,1.3488,1.34898,2060.0
2026-02-27 08:00:00,1.34898,1.34916,1.34672,1.34695,2567.0
2026-02-27 09:00:00,1.34694,1.34959,1.3461400000000001,1.3488,3757.0
2026-02-27 10:00:00,1.34881,1.35079,1.34874,1.34962,4300.0
2026-02-27 11:00:00,1.3496000000000001,1.34978,1.34825,1.34845,3614.0
2026-02-27 12:00:00,1.34844,1.3486500000000001,1.34731,1.34754,3826.0
2026-02-27 13:00:00,1.34755,1.34814,1.34653,1.34666,3137.0
2026-02-27 14:00:00,1.34664,1.34792,1.3466,1.34707,3570.0
2026-02-27 15:00:00,1.34707,1.34737,1.34396,1.34444,6815.0
2026-02-27 16:00:00,1.34447,1.34767,1.3442,1.345,6333.0
2026-02-27 17:00:00,1.345,1.34725,1.34432,1.34437,7483.0
2026-02-27 18:00:00,1.34437,1.3468499999999999,1.34412,1.34547,5580.0
2026-02-27 19:00:00,1.34546,1.34689,1.34493,1.346,4857.0
2026-02-27 20:00:00,1.34601,1.3473899999999999,1.34599,1.34726,3019.0
2026-03-02 00:00:00,1.34122,1.34173,1.3401399999999999,1.3412899999999999,1252.0
2026-03-02 01:00:00,1.34128,1.34359,1.34025,1.34055,5570.0
2026-03-02 02:00:00,1.34051,1.34338,1.3400699999999999,1.34325,5219.0
2026-03-02 03:00:00,1.34323,1.34538,1.34288,1.34507,6462.0
2026-03-02 04:00:00,1.34507,1.3451,1.34382,1.34447,3926.0
2026-03-02 05:00:00,1.34448,1.34559,1.3444099999999999,1.34475,2945.0
2026-03-02 06:00:00,1.34475,1.34508,1.34352,1.34387,2808.0
2026-03-02 07:00:00,1.34386,1.34386,1.34145,1.3415,3039.0
2026-03-02 08:00:00,1.3415,1.3415599999999999,1.33764,1.33819,6096.0
2026-03-02 09:00:00,1.33818,1.33857,1.33446,1.3362,7584.0
2026-03-02 10:00:00,1.33619,1.33711,1.3314300000000001,1.33502,7606.0
2026-03-02 11:00:00,1.33502,1.33799,1.33459,1.33725,6386.0
2026-03-02 12:00:00,1.33725,1.34091,1.33722,1.34063,5092.0
2026-03-02 13:00:00,1.34061,1.34264,1.33981,1.34121,4950.0
2026-03-02 14:00:00,1.34118,1.3418700000000001,1.33915,1.33957,5870.0
2026-03-02 15:00:00,1.33956,1.34055,1.33792,1.33827,7220.0
2026-03-02 16:00:00,1.3382100000000001,1.34256,1.33752,1.34125,9065.0
2026-03-02 17:00:00,1.34078,1.3413,1.33654,1.33718,9362.0
2026-03-02 18:00:00,1.33717,1.33948,1.33598,1.33904,7464.0
2026-03-02 19:00:00,1.33904,1.34183,1.33876,1.34155,5455.0
2026-03-02 20:00:00,1.3415599999999999,1.34159,1.3395299999999999,1.34057,3382.0
2026-03-02 21:00:00,1.34057,1.3432,1.34047,1.3428499999999999,3472.0
2026-03-02 22:00:00,1.34284,1.34298,1.33862,1.3401399999999999,7380.0
2026-03-02 23:00:00,1.34015,1.34109,1.34012,1.34049,2057.0
2026-03-03 00:00:00,1.34039,1.34082,1.3394599999999999,1.34003,637.0
2026-03-03 01:00:00,1.34003,1.34117,1.33994,1.34082,1671.0
2026-03-03 02:00:00,1.34083,1.3412899999999999,1.3397700000000001,1.34119,3150.0
2026-03-03 03:00:00,1.34118,1.34252,1.34059,1.34096,4955.0
2026-03-03 04:00:00,1.34094,1.34125,1.3392,1.34048,4956.0
2026-03-03 05:00:00,1.3405,1.34107,1.33952,1.33992,3442.0
2026-03-03 06:00:00,1.33993,1.3403,1.33822,1.33837,3093.0
2026-03-03 07:00:00,1.33837,1.3389,1.33608,1.33632,4573.0
2026-03-03 08:00:00,1.33633,1.33664,1.33538,1.3361399999999999,5051.0
2026-03-03 09:00:00,1.33616,1.33616,1.33335,1.33359,6403.0
2026-03-03 10:00:00,1.33359,1.33373,1.33003,1.33042,8067.0
2026-03-03 11:00:00,1.33042,1.33164,1.3281,1.32979,7840.0
2026-03-03 12:00:00,1.32976,1.33097,1.32833,1.32853,7249.0
2026-03-03 13:00:00,1.32853,1.33,1.32626,1.32931,8902.0
2026-03-03 14:00:00,1.3293,1.3327200000000001,1.32866,1.3322,7809.0
2026-03-03 15:00:00,1.33221,1.33258,1.3296700000000001,1.33011,8346.0
2026-03-03 16:00:00,1.33011,1.33138,1.32825,1.32843,9812.0
2026-03-03 17:00:00,1.32844,1.3307,1.32531,1.33017,12658.0
2026-03-03 18:00:00,1.33017,1.33308,1.32971,1.33278,11380.0
2026-03-03 19:00:00,1.33278,1.33376,1.33084,1.33232,9315.0
2026-03-03 20:00:00,1.33233,1.33639,1.33228,1.33537,6892.0
2026-03-03 21:00:00,1.33537,1.33685,1.33339,1.33556,7478.0
2026-03-03 22:00:00,1.33556,1.337,1.33555,1.33616,5871.0
2026-03-03 23:00:00,1.33616,1.33657,1.33548,1.33552,2044.0
2026-03-04 00:00:00,1.33508,1.33579,1.33386,1.33496,1991.0
2026-03-04 01:00:00,1.33496,1.33636,1.3346,1.33513,1902.0
2026-03-04 02:00:00,1.33515,1.33526,1.3327200000000001,1.333,4931.0
2026-03-04 03:00:00,1.33301,1.33352,1.33036,1.33256,6610.0
2026-03-04 04:00:00,1.33255,1.3339699999999999,1.33223,1.333,5346.0
2026-03-04 05:00:00,1.3329900000000001,1.3339400000000001,1.33231,1.33389,4590.0
2026-03-04 06:00:00,1.33389,1.33415,1.33112,1.33124,3787.0
2026-03-04 07:00:00,1.3312300000000001,1.3324500000000001,1.33111,1.33178,4676.0
2026-03-04 08:00:00,1.33178,1.33409,1.33054,1.33332,4286.0
2026-03-04 09:00:00,1.33332,1.3376299999999999,1.33324,1.33594,6448.0
2026-03-04 10:00:00,1.33594,1.33624,1.3333300000000001,1.3338999999999999,7445.0
2026-03-04 11:00:00,1.3338999999999999,1.33725,1.33327,1.3360699999999999,6812.0
2026-03-04 12:00:00,1.3360699999999999,1.33995,1.33605,1.33789,8424.0
2026-03-04 13:00:00,1.33789,1.34032,1.3372,1.33781,6426.0
2026-03-04 14:00:00,1.33782,1.33891,1.3348499999999999,1.3352,6623.0
2026-03-04 15:00:00,1.3351899999999999,1.3385500000000001,1.33515,1.33627,7132.0
2026-03-04 16:00:00,1.33621,1.33847,1.33574,1.33625,9338.0
2026-03-04 17:00:00,1.3361,1.33815,1.3354,1.33646,9738.0
2026-03-04 18:00:00,1.33647,1.33766,1.33552,1.3367499999999999,6318.0
2026-03-04 19:00:00,1.33674,1.33709,1.33465,1.3361,5294.0
2026-03-04 20:00:00,1.3361,1.33617,1.33468,1.33506,3858.0
2026-03-04 21:00:00,1.33507,1.3377,1.33506,1.33746,3707.0
2026-03-04 22:00:00,1.33745,1.33806,1.33707,1.33761,3432.0
2026-03-04 23:00:00,1.33761,1.33784,1.33694,1.33705,1973.0
2026-03-05 00:00:00,1.33704,1.33735,1.33663,1.33683,3424.0
2026-03-05 01:00:00,1.33683,1.3372,1.33652,1.33691,1798.0
2026-03-05 02:00:00,1.33691,1.3385,1.33646,1.33845,3261.0
2026-03-05 03:00:00,1.33846,1.33871,1.3365,1.3367200000000001,5870.0
2026-03-05 04:00:00,1.3367200000000001,1.33716,1.33592,1.3364,4341.0
2026-03-05 05:00:00,1.33642,1.33657,1.33378,1.3341,4600.0
2026-03-05 06:00:00,1.33407,1.33435,1.33288,1.33361,3819.0
2026-03-05 07:00:00,1.33361,1.33392,1.33136,1.33142,3970.0
2026-03-05 08:00:00,1.33142,1.33338,1.33059,1.33323,5439.0
2026-03-05 09:00:00,1.33323,1.3357700000000001,1.33307,1.33416,5380.0
2026-03-05 10:00:00,1.33416,1.33419,1.3315299999999999,1.33261,7042.0
2026-03-05 11:00:00,1.3326,1.33768,1.33223,1.33548,10427.0
2026-03-05 12:00:00,1.33547,1.33609,1.33325,1.33505,5935.0
2026-03-05 13:00:00,1.33506,1.33655,1.3345799999999999,1.33588,5185.0
2026-03-05 14:00:00,1.33588,1.33737,1.3353,1.3367200000000001,5880.0
2026-03-05 15:00:00,1.33669,1.3370199999999999,1.33375,1.3345500000000001,6863.0
2026-03-05 16:00:00,1.33453,1.33602,1.33328,1.33441,8109.0
2026-03-05 17:00:00,1.33443,1.33534,1.33095,1.33229,8851.0
2026-03-05 18:00:00,1.33229,1.33229,1.32975,1.3318699999999999,8421.0
2026-03-05 19:00:00,1.3318699999999999,1.33346,1.33141,1.33297,8576.0
2026-03-05 20:00:00,1.33297,1.33399,1.3317999999999999,1.33315,7784.0
2026-03-05 21:00:00,1.33315,1.33339,1.33182,1.332,5416.0
2026-03-05 22:00:00,1.332,1.33637,1.33186,1.33566,7807.0
2026-03-05 23:00:00,1.33566,1.33655,1.33539,1.33562,2209.0
2026-03-06 00:00:00,1.33538,1.33562,1.33286,1.3354,2726.0
2026-03-06 01:00:00,1.33536,1.33599,1.3345,1.3356,1945.0
2026-03-06 02:00:00,1.33559,1.33646,1.33555,1.33598,2711.0
2026-03-06 03:00:00,1.33598,1.33715,1.33547,1.33652,5220.0
2026-03-06 04:00:00,1.33652,1.33717,1.33639,1.33657,3438.0
2026-03-06 05:00:00,1.33658,1.3373,1.33644,1.33715,2615.0
2026-03-06 06:00:00,1.33715,1.33722,1.33624,1.33628,1975.0
2026-03-06 07:00:00,1.33628,1.33667,1.33554,1.33562,3293.0
2026-03-06 08:00:00,1.33562,1.33697,1.33523,1.33685,3536.0
2026-03-06 09:00:00,1.33684,1.33723,1.33606,1.33693,4207.0
2026-03-06 10:00:00,1.33695,1.33793,1.33616,1.33647,5437.0
2026-03-06 11:00:00,1.33648,1.33648,1.33179,1.33239,6776.0
2026-03-06 12:00:00,1.33239,1.3342800000000001,1.3320400000000001,1.33408,6051.0
2026-03-06 13:00:00,1.33408,1.3345799999999999,1.3317999999999999,1.3318400000000001,6348.0
2026-03-06 14:00:00,1.3318400000000001,1.33426,1.33114,1.33264,5803.0
2026-03-06 15:00:00,1.33262,1.33861,1.33257,1.33386,10675.0
2026-03-06 16:00:00,1.33386,1.3351899999999999,1.33255,1.33408,11778.0
2026-03-06 17:00:00,1.33407,1.33811,1.33403,1.33591,11526.0
2026-03-06 18:00:00,1.33591,1.34096,1.3359,1.33979,9075.0
2026-03-06 19:00:00,1.3397700000000001,1.34079,1.33847,1.33869,9027.0
2026-03-06 20:00:00,1.3387,1.34066,1.33781,1.33869,7367.0
2026-03-09 00:00:00,1.33362,1.33692,1.3333599999999999,1.33375,1430.0
2026-03-09 01:00:00,1.33375,1.3342399999999999,1.33173,1.3317999999999999,5514.0
2026-03-09 02:00:00,1.3317999999999999,1.33224,1.3300100000000001,1.3305500000000001,4687.0
2026-03-09 03:00:00,1.33051,1.33176,1.32965,1.33,6695.0
2026-03-09 04:00:00,1.33,1.33008,1.32831,1.32859,7363.0
2026-03-09 05:00:00,1.32859,1.33077,1.32846,1.33044,6817.0
2026-03-09 06:00:00,1.33044,1.33104,1.32904,1.32954,5326.0
2026-03-09 07:00:00,1.32956,1.33079,1.3293599999999999,1.32978,3929.0
2026-03-09 08:00:00,1.32979,1.33377,1.32962,1.33337,8322.0
2026-03-09 09:00:00,1.33338,1.33406,1.33118,1.3311899999999999,6901.0
2026-03-09 10:00:00,1.3312300000000001,1.33474,1.3306,1.33444,7538.0
2026-03-09 11:00:00,1.33448,1.33511,1.33026,1.33189,9471.0
2026-03-09 12:00:00,1.3319,1.33636,1.33139,1.33392,9032.0
2026-03-09 13:00:00,1.33392,1.33507,1.33263,1.33447,8395.0
2026-03-09 14:00:00,1.33447,1.33572,1.3338999999999999,1.33476,7797.0
2026-03-09 15:00:00,1.33476,1.33606,1.33457,1.33525,6450.0
2026-03-09 16:00:00,1.33527,1.33827,1.33504,1.3373,9479.0
2026-03-09 17:00:00,1.33732,1.33816,1.3346,1.33773,11646.0
2026-03-09 18:00:00,1.33773,1.34005,1.33765,1.33928,7706.0
2026-03-09 19:00:00,1.33928,1.34087,1.33867,1.33908,6499.0
2026-03-09 20:00:00,1.33908,1.33923,1.33823,1.3385099999999999,5365.0
2026-03-09 21:00:00,1.3385099999999999,1.3396,1.33837,1.33847,5206.0
2026-03-09 22:00:00,1.3384800000000001,1.34458,1.33835,1.34293,10465.0
2026-03-09 23:00:00,1.34293,1.3446,1.34244,1.34414,4243.0
2026-03-10 00:00:00,1.34299,1.34421,1.34241,1.34332,1201.0
2026-03-10 01:00:00,1.34332,1.34477,1.34271,1.34325,3486.0
2026-03-10 02:00:00,1.34325,1.3437999999999999,1.34203,1.34239,2567.0
2026-03-10 03:00:00,1.34239,1.34443,1.34181,1.34352,5630.0
2026-03-10 04:00:00,1.34352,1.34392,1.34216,1.34311,7040.0
2026-03-10 05:00:00,1.34311,1.34376,1.3419400000000001,1.34216,4536.0
2026-03-10 06:00:00,1.34216,1.34257,1.34135,1.3416299999999999,4324.0
2026-03-10 07:00:00,1.3416299999999999,1.3428499999999999,1.3414,1.3424800000000001,2758.0
2026-03-10 08:00:00,1.34246,1.3436,1.34245,1.34359,2995.0
2026-03-10 09:00:00,1.3436,1.34578,1.3436,1.34504,3813.0
2026-03-10 10:00:00,1.34509,1.34802,1.34471,1.34772,6073.0
2026-03-10 11:00:00,1.34771,1.34832,1.3452600000000001,1.34592,6802.0
2026-03-10 12:00:00,1.34595,1.34688,1.3456000000000001,1.34577,5057.0
2026-03-10 13:00:00,1.34577,1.34577,1.34384,1.34507,6149.0
2026-03-10 14:00:00,1.34507,1.34676,1.34433,1.34443,7439.0
2026-03-10 15:00:00,1.34444,1.34484,1.34304,1.34415,7794.0
2026-03-10 16:00:00,1.34415,1.34676,1.34405,1.34482,8395.0
2026-03-10 17:00:00,1.34482,1.34688,1.3437700000000001,1.34673,8251.0
2026-03-10 18:00:00,1.34672,1.3473,1.3453300000000001,1.34578,6698.0
2026-03-10 19:00:00,1.34579,1.34668,1.3446799999999999,1.34627,5973.0
2026-03-10 20:00:00,1.34628,1.34809,1.34557,1.34623,7225.0
2026-03-10 21:00:00,1.34625,1.34632,1.34263,1.34286,9628.0
2026-03-10 22:00:00,1.3428499999999999,1.34355,1.3412,1.34183,7850.0
2026-03-10 23:00:00,1.34185,1.34227,1.34128,1.34162,2665.0
2026-03-11 00:00:00,1.34167,1.34232,1.34111,1.34123,2765.0
2026-03-11 01:00:00,1.34115,1.34192,1.34105,1.34135,1357.0
2026-03-11 02:00:00,1.34135,1.34206,1.3412899999999999,1.3419400000000001,1596.0
2026-03-11 03:00:00,1.34195,1.34374,1.34147,1.34307,3982.0
2026-03-11 04:00:00,1.34307,1.34486,1.34264,1.34457,3753.0
2026-03-11 05:00:00,1.34458,1.34494,1.34364,1.34463,2243.0
2026-03-11 06:00:00,1.34463,1.3453,1.3443100000000001,1.3452,2403.0
2026-03-11 07:00:00,1.34519,1.34575,1.34481,1.34543,2218.0
2026-03-11 08:00:00,1.34543,1.34567,1.34459,1.34485,2710.0
2026-03-11 09:00:00,1.34485,1.34559,1.34429,1.34491,3332.0
2026-03-11 10:00:00,1.34484,1.34518,1.34292,1.3435000000000001,6275.0
2026-03-11 11:00:00,1.34351,1.34363,1.3409900000000001,1.34268,6715.0
2026-03-11 12:00:00,1.34268,1.34296,1.34021,1.34157,6826.0
2026-03-11 13:00:00,1.34157,1.34469,1.34127,1.3446,4986.0
2026-03-11 14:00:00,1.34458,1.3449499999999999,1.34234,1.3427799999999999,5200.0
2026-03-11 15:00:00,1.3427799999999999,1.34338,1.33945,1.33992,8489.0
2026-03-11 16:00:00,1.33992,1.34226,1.3397700000000001,1.34183,8874.0
2026-03-11 17:00:00,1.34183,1.3443100000000001,1.34154,1.34234,11241.0
2026-03-11 18:00:00,1.34234,1.34272,1.33934,1.3397700000000001,6223.0
2026-03-11 19:00:00,1.33976,1.34137,1.3394599999999999,1.34101,6068.0
2026-03-11 20:00:00,1.34101,1.34178,1.33985,1.3410199999999999,5593.0
2026-03-11 21:00:00,1.3410199999999999,1.34184,1.34012,1.34155,4297.0
2026-03-11 22:00:00,1.34155,1.34223,1.34106,1.34184,2447.0
2026-03-11 23:00:00,1.34184,1.34185,1.34096,1.34123,1596.0
2026-03-12 00:00:00,1.34104,1.3412899999999999,1.34063,1.34082,850.0
2026-03-12 01:00:00,1.34082,1.34105,1.33886,1.33896,2942.0
2026-03-12 02:00:00,1.33896,1.33938,1.3376299999999999,1.33823,2212.0
2026-03-12 03:00:00,1.33822,1.33928,1.3369900000000001,1.33827,3452.0
2026-03-12 04:00:00,1.33827,1.33972,1.33814,1.33884,3634.0
2026-03-12 05:00:00,1.3388499999999999,1.33936,1.33653,1.33708,3316.0
2026-03-12 06:00:00,1.33708,1.3374,1.33663,1.33716,2674.0
2026-03-12 07:00:00,1.33716,1.33728,1.33613,1.33627,2131.0
2026-03-12 08:00:00,1.33627,1.33764,1.33617,1.33684,3338.0
2026-03-12 09:00:00,1.33683,1.33826,1.33643,1.33811,3634.0
2026-03-12 10:00:00,1.3381,1.33926,1.33773,1.33924,3815.0
2026-03-12 11:00:00,1.33924,1.3397700000000001,1.33703,1.33788,5380.0
2026-03-12 12:00:00,1.33788,1.33959,1.33734,1.33935,4366.0
2026-03-12 13:00:00,1.33933,1.33963,1.3382,1.33926,4070.0
2026-03-12 14:00:00,1.33925,1.34096,1.33899,1.33976,4426.0
2026-03-12 15:00:00,1.3397700000000001,1.33986,1.3368,1.33782,6125.0
2026-03-12 16:00:00,1.33782,1.3391600000000001,1.33625,1.33688,8678.0
2026-03-12 17:00:00,1.33688,1.33747,1.33503,1.33567,9673.0
2026-03-12 18:00:00,1.33566,1.3361100000000001,1.3338999999999999,1.33483,9624.0
2026-03-12 19:00:00,1.3348200000000001,1.33657,1.33381,1.33481,8329.0
2026-03-12 20:00:00,1.33481,1.33615,1.33477,1.33564,6918.0
2026-03-12 21:00:00,1.33564,1.33594,1.33414,1.3342399999999999,5048.0
2026-03-12 22:00:00,1.33425,1.33494,1.334,1.33478,4215.0
2026-03-12 23:00:00,1.33478,1.33508,1.33413,1.33429,2442.0
2026-03-13 00:00:00,1.3342,1.33442,1.33335,1.33385,2477.0
2026-03-13 01:00:00,1.33385,1.33514,1.33382,1.33499,1377.0
2026-03-13 02:00:00,1.33499,1.33549,1.3345799999999999,1.3351600000000001,1253.0
2026-03-13 03:00:00,1.33517,1.33649,1.33507,1.33633,2827.0
2026-03-13 04:00:00,1.33633,1.33696,1.3354599999999999,1.33562,2289.0
2026-03-13 05:00:00,1.33562,1.33619,1.33468,1.3351899999999999,2435.0
2026-03-13 06:00:00,1.3351899999999999,1.33534,1.3339699999999999,1.33465,2637.0
2026-03-13 07:00:00,1.33461,1.33461,1.33296,1.33316,2070.0
2026-03-13 08:00:00,1.33316,1.33376,1.33285,1.33323,1950.0
2026-03-13 09:00:00,1.33324,1.33341,1.3315299999999999,1.33161,4025.0
2026-03-13 10:00:00,1.33159,1.33159,1.3274,1.32796,6130.0
2026-03-13 11:00:00,1.32795,1.32805,1.32554,1.32606,6773.0
2026-03-13 12:00:00,1.32607,1.32802,1.32586,1.32622,6033.0
2026-03-13 13:00:00,1.32622,1.3275000000000001,1.3252,1.326,5495.0
2026-03-13 14:00:00,1.326,1.32675,1.32456,1.32549,6148.0
2026-03-13 15:00:00,1.32549,1.32858,1.3250600000000001,1.32713,7995.0
2026-03-13 16:00:00,1.32712,1.32894,1.32637,1.32804,7647.0
2026-03-13 17:00:00,1.32804,1.32842,1.3254000000000001,1.32553,8711.0
2026-03-13 18:00:00,1.32552,1.32614,1.32304,1.32385,8557.0
2026-03-13 19:00:00,1.32385,1.3247900000000001,1.32321,1.32439,8874.0
2026-03-13 20:00:00,1.32439,1.32531,1.32379,1.32462,6449.0
2026-03-16 00:00:00,1.32496,1.32498,1.32196,1.32324,1153.0
2026-03-16 01:00:00,1.32348,1.32412,1.3225500000000001,1.32392,3751.0
2026-03-16 02:00:00,1.32392,1.32481,1.32347,1.32464,2522.0
2026-03-16 03:00:00,1.32464,1.32643,1.3246,1.32634,3769.0
2026-03-16 04:00:00,1.32634,1.3266200000000001,1.3247200000000001,1.32593,3827.0
2026-03-16 05:00:00,1.32593,1.3260399999999999,1.32526,1.32537,3599.0
2026-03-16 06:00:00,1.32538,1.32651,1.32515,1.32614,2608.0
2026-03-16 07:00:00,1.32615,1.32626,1.32507,1.32511,1702.0
2026-03-16 08:00:00,1.32511,1.32553,1.32491,1.32505,2393.0
2026-03-16 09:00:00,1.32504,1.32566,1.3241100000000001,1.32501,2773.0
2026-03-16 10:00:00,1.3250199999999999,1.3253599999999999,1.32303,1.32437,4358.0
2026-03-16 11:00:00,1.32437,1.32547,1.32345,1.32522,5977.0
2026-03-16 12:00:00,1.32521,1.32562,1.32413,1.32476,5513.0
2026-03-16 13:00:00,1.3247499999999999,1.32733,1.32461,1.32724,5276.0
2026-03-16 14:00:00,1.32724,1.3283800000000001,1.32666,1.3279,4083.0
2026-03-16 15:00:00,1.32797,1.32901,1.3277,1.32778,4475.0
2026-03-16 16:00:00,1.3277999999999999,1.33098,1.3277999999999999,1.33079,5774.0
2026-03-16 17:00:00,1.3308,1.33138,1.32931,1.32976,6493.0
2026-03-16 18:00:00,1.32973,1.33173,1.32953,1.33022,5152.0
2026-03-16 19:00:00,1.33023,1.33094,1.32888,1.33034,6137.0
2026-03-16 20:00:00,1.33036,1.33176,1.3300100000000001,1.33023,5970.0
2026-03-16 21:00:00,1.33022,1.33373,1.33022,1.33323,4292.0
2026-03-16 22:00:00,1.33323,1.33399,1.3323800000000001,1.33263,4631.0
2026-03-16 23:00:00,1.33262,1.33283,1.33185,1.33189,2164.0
2026-03-17 00:00:00,1.33189,1.3319,1.33141,1.33165,1000.0
2026-03-17 01:00:00,1.33165,1.33202,1.3312300000000001,1.33133,1304.0
2026-03-17 02:00:00,1.33132,1.33149,1.33081,1.33127,1088.0
2026-03-17 03:00:00,1.33127,1.33127,1.32998,1.33026,2711.0
2026-03-17 04:00:00,1.33026,1.33083,1.32955,1.33068,3090.0
2026-03-17 05:00:00,1.33068,1.33096,1.33044,1.3306,1679.0
2026-03-17 06:00:00,1.3306,1.3314599999999999,1.33016,1.33022,2815.0
2026-03-17 07:00:00,1.33022,1.33155,1.33002,1.33115,2100.0
2026-03-17 08:00:00,1.33115,1.33149,1.32864,1.32871,2208.0
2026-03-17 09:00:00,1.3287200000000001,1.3290600000000001,1.32735,1.3290600000000001,3717.0
2026-03-17 10:00:00,1.3290600000000001,1.33151,1.32873,1.33053,4580.0
2026-03-17 11:00:00,1.33053,1.33314,1.3299,1.33289,6380.0
2026-03-17 12:00:00,1.3329,1.33386,1.3324,1.33354,4384.0
2026-03-17 13:00:00,1.33353,1.33382,1.33229,1.3324099999999999,4131.0
2026-03-17 14:00:00,1.3324099999999999,1.33396,1.3315299999999999,1.33173,4007.0
2026-03-17 15:00:00,1.33173,1.33355,1.33117,1.33324,5441.0
2026-03-17 16:00:00,1.33323,1.33599,1.33323,1.33467,6629.0
2026-03-17 17:00:00,1.33467,1.33574,1.33392,1.33483,6509.0
2026-03-17 18:00:00,1.33483,1.33569,1.33358,1.3342800000000001,7016.0
2026-03-17 19:00:00,1.3342800000000001,1.3349,1.33334,1.33474,6161.0
2026-03-17 20:00:00,1.33474,1.33592,1.33446,1.33591,4173.0
2026-03-17 21:00:00,1.33592,1.33646,1.3356,1.33562,3542.0
2026-03-17 22:00:00,1.33563,1.33642,1.33517,1.33538,2150.0
2026-03-17 23:00:00,1.33538,1.33582,1.33518,1.3354599999999999,1472.0
2026-03-18 00:00:00,1.3354,1.3358400000000001,1.3348200000000001,1.3354,1186.0
2026-03-18 01:00:00,1.3354,1.33622,1.33531,1.33597,2399.0
2026-03-18 02:00:00,1.33597,1.33605,1.33563,1.3357999999999999,2398.0
2026-03-18 03:00:00,1.3357999999999999,1.3363399999999999,1.3351,1.33518,4560.0
2026-03-18 04:00:00,1.33517,1.3362,1.33507,1.33534,2366.0
2026-03-18 05:00:00,1.33537,1.33572,1.33503,1.33528,2241.0
2026-03-18 06:00:00,1.33528,1.33591,1.33509,1.33588,1430.0
2026-03-18 07:00:00,1.33587,1.33652,1.33583,1.33637,1974.0
2026-03-18 08:00:00,1.33637,1.33723,1.33636,1.3372,2145.0
2026-03-18 09:00:00,1.3372,1.33746,1.33624,1.33647,2156.0
2026-03-18 10:00:00,1.33646,1.33688,1.33479,1.3355000000000001,3164.0
2026-03-18 11:00:00,1.3355000000000001,1.33613,1.33413,1.33503,3875.0
2026-03-18 12:00:00,1.33502,1.3360400000000001,1.3342800000000001,1.33602,3467.0
2026-03-18 13:00:00,1.33603,1.33633,1.33488,1.33555,2940.0
2026-03-18 14:00:00,1.33554,1.33711,1.33461,1.33598,5536.0
2026-03-18 15:00:00,1.33599,1.33631,1.3312599999999999,1.33147,8534.0
2026-03-18 16:00:00,1.33148,1.3326500000000001,1.3304,1.33246,9024.0
2026-03-18 17:00:00,1.33256,1.3336000000000001,1.3302800000000001,1.3326,8055.0
2026-03-18 18:00:00,1.33261,1.33373,1.33183,1.33223,7034.0
2026-03-18 19:00:00,1.33224,1.33364,1.33201,1.33355,5024.0
2026-03-18 20:00:00,1.33354,1.33443,1.3323,1.33405,4674.0
2026-03-18 21:00:00,1.33398,1.33505,1.32893,1.32894,8924.0
2026-03-18 22:00:00,1.32894,1.32952,1.3274,1.32772,7014.0
2026-03-18 23:00:00,1.32771,1.32793,1.32523,1.32561,3358.0
2026-03-19 00:00:00,1.32549,1.32682,1.3251,1.32651,1065.0
2026-03-19 01:00:00,1.32652,1.3268,1.32514,1.32593,1603.0
2026-03-19 02:00:00,1.32592,1.32675,1.3256999999999999,1.32644,1907.0
2026-03-19 03:00:00,1.32644,1.32855,1.32634,1.32855,3519.0
2026-03-19 04:00:00,1.32855,1.32925,1.32826,1.32835,2998.0
2026-03-19 05:00:00,1.32835,1.32982,1.3277700000000001,1.32874,3335.0
2026-03-19 06:00:00,1.3287499999999999,1.32914,1.32816,1.32816,1575.0
2026-03-19 07:00:00,1.32817,1.32817,1.3268499999999999,1.3272599999999999,1800.0
2026-03-19 08:00:00,1.3272599999999999,1.32737,1.3263,1.32637,2741.0
2026-03-19 09:00:00,1.32645,1.32772,1.32616,1.32667,3743.0
2026-03-19 10:00:00,1.32668,1.32739,1.32515,1.32634,6552.0
2026-03-19 11:00:00,1.32634,1.32693,1.32459,1.32534,7758.0
2026-03-19 12:00:00,1.3253300000000001,1.32916,1.3253300000000001,1.32852,9446.0
2026-03-19 13:00:00,1.32852,1.32886,1.3271600000000001,1.32792,5995.0
2026-03-19 14:00:00,1.32792,1.32935,1.3271899999999999,1.32901,5174.0
2026-03-19 15:00:00,1.329,1.33101,1.32792,1.32992,10306.0
2026-03-19 16:00:00,1.32992,1.3358400000000001,1.32812,1.33504,12301.0
2026-03-19 17:00:00,1.33505,1.33744,1.33379,1.3364500000000001,11462.0
2026-03-19 18:00:00,1.3364099999999999,1.33897,1.33445,1.33589,9616.0
2026-03-19 19:00:00,1.3359,1.33765,1.33536,1.33693,9738.0
2026-03-19 20:00:00,1.33694,1.3410199999999999,1.33688,1.34036,6775.0
2026-03-19 21:00:00,1.34035,1.34198,1.3394300000000001,1.3418700000000001,5794.0
2026-03-19 22:00:00,1.3418999999999999,1.34672,1.3418999999999999,1.34305,10996.0
2026-03-19 23:00:00,1.34307,1.34361,1.3426,1.34302,2199.0
2026-03-20 00:00:00,1.34294,1.34359,1.34146,1.3423,1426.0
2026-03-20 01:00:00,1.3423,1.34425,1.3423,1.34259,1646.0
2026-03-20 02:00:00,1.34259,1.34306,1.34207,1.34244,1454.0
2026-03-20 03:00:00,1.34244,1.34281,1.34181,1.3424,3111.0
2026-03-20 04:00:00,1.3424,1.34293,1.3413,1.3416000000000001,3673.0
2026-03-20 05:00:00,1.34161,1.34182,1.3409900000000001,1.34117,1855.0
2026-03-20 06:00:00,1.34117,1.34118,1.34036,1.34039,1414.0
2026-03-20 07:00:00,1.34039,1.34069,1.34019,1.34029,1494.0
2026-03-20 08:00:00,1.34029,1.34097,1.33991,1.34001,2004.0
2026-03-20 09:00:00,1.34,1.34122,1.33999,1.34029,2406.0
2026-03-20 10:00:00,1.3403,1.34311,1.33981,1.34266,4933.0
2026-03-20 11:00:00,1.34269,1.34368,1.3417,1.34172,5549.0
2026-03-20 12:00:00,1.34173,1.34182,1.33809,1.3382,5827.0
2026-03-20 13:00:00,1.3382100000000001,1.33838,1.3363399999999999,1.33791,6358.0
2026-03-20 14:00:00,1.33791,1.33996,1.33756,1.33942,4957.0
2026-03-20 15:00:00,1.33942,1.34097,1.3377,1.3381,7430.0
2026-03-20 16:00:00,1.33811,1.33825,1.33478,1.3351199999999999,8846.0
2026-03-20 17:00:00,1.33511,1.33517,1.33056,1.33081,10532.0
2026-03-20 18:00:00,1.3308200000000001,1.33499,1.32988,1.33016,9597.0
2026-03-20 19:00:00,1.33017,1.33327,1.33009,1.3323,7141.0
2026-03-20 20:00:00,1.33235,1.33433,1.33161,1.33366,7804.0
2026-03-23 00:00:00,1.3304,1.3314,1.32975,1.33,1000.0
2026-03-23 01:00:00,1.33006,1.33273,1.33005,1.3324,2105.0
2026-03-23 02:00:00,1.3324,1.33354,1.33219,1.33345,3252.0
2026-03-23 03:00:00,1.33345,1.33395,1.33094,1.33199,6237.0
2026-03-23 04:00:00,1.33198,1.3343099999999999,1.33198,1.33327,6931.0
2026-03-23 05:00:00,1.33328,1.33398,1.33131,1.33192,4907.0
2026-03-23 06:00:00,1.33193,1.3323800000000001,1.33133,1.3314599999999999,3782.0
2026-03-23 07:00:00,1.33147,1.3324799999999999,1.33147,1.3324,2584.0
2026-03-23 08:00:00,1.3324,1.3327,1.33014,1.33014,4040.0
2026-03-23 09:00:00,1.33014,1.33018,1.32815,1.3289900000000001,6507.0
2026-03-23 10:00:00,1.3289900000000001,1.33072,1.32815,1.32895,7128.0
2026-03-23 11:00:00,1.32895,1.33311,1.32895,1.33088,9149.0
2026-03-23 12:00:00,1.3309,1.33124,1.32638,1.32693,7541.0
2026-03-23 13:00:00,1.32693,1.32801,1.32569,1.32625,7670.0
2026-03-23 14:00:00,1.32626,1.34341,1.3260399999999999,1.33569,18248.0
2026-03-23 15:00:00,1.33565,1.34314,1.3343,1.34294,14568.0
2026-03-23 16:00:00,1.34302,1.3434300000000001,1.33883,1.3415300000000001,13536.0
2026-03-23 17:00:00,1.3415300000000001,1.34792,1.3409,1.3443,13389.0
2026-03-23 18:00:00,1.34429,1.34612,1.33836,1.33845,12035.0
2026-03-23 19:00:00,1.33847,1.3415300000000001,1.33777,1.34008,11375.0
2026-03-23 20:00:00,1.34009,1.34303,1.33945,1.3424,8761.0
2026-03-23 21:00:00,1.3424,1.34582,1.34104,1.34543,8754.0
2026-03-23 22:00:00,1.34541,1.34552,1.34315,1.34315,5410.0
2026-03-23 23:00:00,1.3431600000000001,1.34336,1.34235,1.34239,2604.0
2026-03-24 00:00:00,1.34256,1.34352,1.34228,1.34262,1228.0
2026-03-24 01:00:00,1.34262,1.34366,1.34244,1.34328,2278.0
2026-03-24 02:00:00,1.34329,1.3435000000000001,1.34227,1.3425799999999999,2906.0
2026-03-24 03:00:00,1.3426,1.34269,1.33937,1.3401100000000001,6537.0
2026-03-24 04:00:00,1.3401,1.34037,1.33865,1.33944,7340.0
2026-03-24 05:00:00,1.33944,1.34088,1.33903,1.3401100000000001,5663.0
2026-03-24 06:00:00,1.3401,1.34074,1.33962,1.33983,3580.0
2026-03-24 07:00:00,1.33983,1.33993,1.33863,1.3394,2435.0
2026-03-24 08:00:00,1.33941,1.34015,1.33859,1.33988,4711.0
2026-03-24 09:00:00,1.33988,1.34149,1.33964,1.3412,5751.0
2026-03-24 10:00:00,1.34116,1.34454,1.3409499999999999,1.34308,7625.0
2026-03-24 11:00:00,1.3430900000000001,1.3430900000000001,1.33854,1.33902,7870.0
2026-03-24 12:00:00,1.33905,1.34045,1.33792,1.34026,7014.0
2026-03-24 13:00:00,1.34026,1.34077,1.3393,1.34054,5549.0
2026-03-24 14:00:00,1.34055,1.3415,1.33856,1.33966,5949.0
2026-03-24 15:00:00,1.33971,1.34045,1.3388900000000001,1.33928,7446.0
2026-03-24 16:00:00,1.33928,1.3394,1.33651,1.3377,10250.0
2026-03-24 17:00:00,1.33771,1.34252,1.33764,1.33988,10164.0
2026-03-24 18:00:00,1.33988,1.34071,1.33771,1.33811,8977.0
2026-03-24 19:00:00,1.33811,1.33944,1.3373599999999999,1.33832,6467.0
2026-03-24 20:00:00,1.33832,1.33846,1.33522,1.33778,10180.0
2026-03-24 21:00:00,1.3378,1.33954,1.3364,1.33835,8682.0
2026-03-24 22:00:00,1.33834,1.33925,1.33796,1.33827,4602.0
2026-03-24 23:00:00,1.33827,1.34321,1.33801,1.34097,6949.0
2026-03-25 00:00:00,1.34077,1.34146,1.34008,1.34118,2337.0
2026-03-25 01:00:00,1.34118,1.3419400000000001,1.3404099999999999,1.3418,3061.0
2026-03-25 02:00:00,1.3418,1.34227,1.34124,1.34151,2594.0
2026-03-25 03:00:00,1.34152,1.3436,1.34123,1.34289,5722.0
2026-03-25 04:00:00,1.34288,1.3433,1.3414,1.34148,5037.0
2026-03-25 05:00:00,1.34148,1.34176,1.33992,1.34029,4363.0
2026-03-25 06:00:00,1.34028,1.34071,1.3397700000000001,1.33989,3267.0
2026-03-25 07:00:00,1.33989,1.34,1.33914,1.3391899999999999,1865.0
2026-03-25 08:00:00,1.33918,1.3392,1.33722,1.33752,2875.0
2026-03-25 09:00:00,1.33752,1.33884,1.3373599999999999,1.3383099999999999,3938.0
2026-03-25 10:00:00,1.3383,1.33958,1.337,1.33908,5199.0
2026-03-25 11:00:00,1.3391199999999999,1.34244,1.33876,1.34076,7250.0
2026-03-25 12:00:00,1.34076,1.3412,1.33897,1.33963,5203.0
2026-03-25 13:00:00,1.33963,1.34113,1.33963,1.341,4247.0
2026-03-25 14:00:00,1.34101,1.34215,1.34051,1.34152,4399.0
2026-03-25 15:00:00,1.34155,1.34272,1.33896,1.33937,8063.0
2026-03-25 16:00:00,1.33937,1.34009,1.3390900000000001,1.33963,956.0
2026-03-25 17:00:00,1.33709,1.33891,1.3368,1.33849,2268.0
2026-03-25 18:00:00,1.3385,1.3391600000000001,1.33616,1.33713,7839.0
2026-03-25 19:00:00,1.33713,1.33837,1.33618,1.3378700000000001,6416.0
2026-03-25 20:00:00,1.3378700000000001,1.33924,1.3373,1.33843,5022.0
2026-03-25 21:00:00,1.33843,1.3386,1.33593,1.33663,4380.0
2026-03-25 22:00:00,1.33662,1.3366799999999999,1.33588,1.33664,4245.0
2026-03-25 23:00:00,1.33664,1.33666,1.33582,1.33647,1859.0
2026-03-26 00:00:00,1.3363,1.33677,1.3361,1.33617,1750.0
2026-03-26 01:00:00,1.33618,1.33653,1.33598,1.33619,1365.0
2026-03-26 02:00:00,1.33619,1.33639,1.33599,1.33633,1404.0
2026-03-26 03:00:00,1.33633,1.3366799999999999,1.3354300000000001,1.33591,2613.0
2026-03-26 04:00:00,1.33591,1.3367,1.33561,1.33621,2838.0
2026-03-26 05:00:00,1.33621,1.33633,1.33486,1.33515,2588.0
2026-03-26 06:00:00,1.33514,1.3366500000000001,1.33504,1.33651,2412.0
2026-03-26 07:00:00,1.33651,1.33678,1.33633,1.33655,1955.0
2026-03-26 08:00:00,1.33655,1.33663,1.33548,1.33551,2793.0
2026-03-26 09:00:00,1.33551,1.33673,1.33522,1.3365,3683.0
2026-03-26 10:00:00,1.3365,1.33663,1.33465,1.335,4260.0
2026-03-26 11:00:00,1.335,1.3354300000000001,1.33366,1.33529,6127.0
2026-03-26 12:00:00,1.33529,1.33592,1.33435,1.3354,4203.0
2026-03-26 13:00:00,1.3354,1.33616,1.33502,1.33535,3981.0
2026-03-26 14:00:00,1.33535,1.33565,1.33262,1.33263,3470.0
2026-03-26 15:00:00,1.33263,1.33371,1.33216,1.3330600000000001,5426.0
2026-03-26 16:00:00,1.3330600000000001,1.33655,1.33304,1.33554,6525.0
2026-03-26 17:00:00,1.3355299999999999,1.3378,1.33495,1.33613,8017.0
2026-03-26 18:00:00,1.33613,1.33676,1.33376,1.33506,7205.0
2026-03-26 19:00:00,1.33507,1.33528,1.33344,1.33372,5685.0
2026-03-26 20:00:00,1.33371,1.3345799999999999,1.33188,1.33189,4405.0
2026-03-26 21:00:00,1.33188,1.33286,1.33175,1.33285,3527.0
2026-03-26 22:00:00,1.33286,1.33295,1.33128,1.33133,2718.0
2026-03-26 23:00:00,1.33133,1.33685,1.33102,1.33285,4826.0
2026-03-27 00:00:00,1.3326500000000001,1.33364,1.3326500000000001,1.3330600000000001,1548.0
2026-03-27 01:00:00,1.3330600000000001,1.33405,1.3330600000000001,1.33377,1768.0
2026-03-27 02:00:00,1.33377,1.33399,1.33337,1.33348,1219.0
2026-03-27 03:00:00,1.33347,1.334,1.33221,1.33337,4477.0
2026-03-27 04:00:00,1.33337,1.33439,1.33321,1.33427,3450.0
2026-03-27 05:00:00,1.33433,1.33469,1.3338,1.33418,2272.0
2026-03-27 06:00:00,1.33418,1.33439,1.33348,1.33406,2282.0
2026-03-27 07:00:00,1.33406,1.33447,1.3338999999999999,1.33429,1967.0
2026-03-27 08:00:00,1.33429,1.33474,1.33366,1.3339699999999999,3061.0
2026-03-27 09:00:00,1.33396,1.33456,1.3333,1.33351,3331.0
2026-03-27 10:00:00,1.33348,1.33352,1.3312,1.33134,3387.0
2026-03-27 11:00:00,1.33134,1.33209,1.33094,1.3314,4666.0
2026-03-27 12:00:00,1.33136,1.33168,1.33022,1.33068,4583.0
2026-03-27 13:00:00,1.3306499999999999,1.3317999999999999,1.33004,1.3302,4431.0
2026-03-27 14:00:00,1.33019,1.33049,1.32824,1.32831,3937.0
2026-03-27 15:00:00,1.3283,1.32864,1.3272,1.32819,4916.0
2026-03-27 16:00:00,1.32822,1.33064,1.32764,1.32975,6365.0
2026-03-27 17:00:00,1.3296999999999999,1.3318699999999999,1.32962,1.33114,6313.0
2026-03-27 18:00:00,1.33114,1.33325,1.32869,1.32912,7395.0
2026-03-27 19:00:00,1.32912,1.32978,1.3274,1.32766,6032.0
2026-03-27 20:00:00,1.32766,1.32884,1.326,1.32674,4859.0
2026-03-30 00:00:00,1.32566,1.32669,1.32555,1.32596,356.0
2026-03-30 01:00:00,1.3262,1.3263,1.32363,1.32379,3458.0
2026-03-30 02:00:00,1.3237999999999999,1.32457,1.32338,1.32379,3088.0
2026-03-30 03:00:00,1.3238400000000001,1.3260100000000001,1.32325,1.32522,5801.0
2026-03-30 04:00:00,1.32522,1.32573,1.3247499999999999,1.32501,4267.0
2026-03-30 05:00:00,1.3250199999999999,1.32626,1.32454,1.32581,4584.0
2026-03-30 06:00:00,1.32582,1.3272599999999999,1.32575,1.32715,3000.0
2026-03-30 07:00:00,1.3271600000000001,1.32774,1.32681,1.32681,2430.0
2026-03-30 08:00:00,1.32681,1.32765,1.32675,1.32728,2814.0
2026-03-30 09:00:00,1.32729,1.32826,1.32656,1.3266200000000001,4027.0
2026-03-30 10:00:00,1.32656,1.32669,1.32416,1.32456,4321.0
2026-03-30 11:00:00,1.32455,1.32464,1.3232599999999999,1.32347,3988.0
2026-03-30 12:00:00,1.32349,1.32405,1.32242,1.32355,3834.0
2026-03-30 13:00:00,1.3235700000000001,1.32443,1.3228,1.32288,3320.0
2026-03-30 14:00:00,1.32288,1.32535,1.32282,1.32312,4769.0
2026-03-30 15:00:00,1.32313,1.32373,1.32206,1.3228,4587.0
2026-03-30 16:00:00,1.3228,1.32341,1.31809,1.3183799999999999,6486.0
2026-03-30 17:00:00,1.31839,1.3204,1.31749,1.3197999999999999,7071.0
2026-03-30 18:00:00,1.31982,1.3199,1.31738,1.3189899999999999,6503.0
2026-03-30 19:00:00,1.31898,1.31922,1.31818,1.31904,4398.0
2026-03-30 20:00:00,1.31904,1.31971,1.31819,1.31856,4256.0
2026-03-30 21:00:00,1.31856,1.31942,1.31837,1.31851,3200.0
2026-03-30 22:00:00,1.3185,1.31864,1.31741,1.31853,3451.0
2026-03-30 23:00:00,1.31852,1.31864,1.3177699999999999,1.3183,2452.0
2026-03-31 00:00:00,1.31843,1.31846,1.3173300000000001,1.3180399999999999,1848.0
2026-03-31 01:00:00,1.31806,1.3185799999999999,1.31781,1.31795,1126.0
2026-03-31 02:00:00,1.31795,1.31795,1.31693,1.31722,1941.0
2026-03-31 03:00:00,1.31722,1.32029,1.31592,1.32005,5737.0
2026-03-31 04:00:00,1.32005,1.32244,1.31961,1.32098,5326.0
2026-03-31 05:00:00,1.32098,1.3213,1.3205,1.32092,3980.0
2026-03-31 06:00:00,1.3209,1.32127,1.31981,1.32,2205.0
2026-03-31 07:00:00,1.32,1.32043,1.3197,1.3197,2155.0
2026-03-31 08:00:00,1.3197,1.32122,1.31929,1.3201800000000001,2803.0
2026-03-31 09:00:00,1.32019,1.3209,1.31934,1.32054,3800.0
2026-03-31 10:00:00,1.32054,1.32094,1.31911,1.3205200000000001,5011.0
2026-03-31 11:00:00,1.32051,1.32195,1.31988,1.32121,4035.0
2026-03-31 12:00:00,1.32121,1.32199,1.32066,1.3214000000000001,3628.0
2026-03-31 13:00:00,1.3214299999999999,1.32173,1.31976,1.3199100000000001,3008.0
2026-03-31 14:00:00,1.31992,1.3235000000000001,1.3191899999999999,1.32346,6134.0
2026-03-31 15:00:00,1.32346,1.32488,1.3228900000000001,1.32369,5831.0
2026-03-31 16:00:00,1.32372,1.32632,1.32297,1.32618,5562.0
2026-03-31 17:00:00,1.32621,1.32641,1.31722,1.31877,8569.0
2026-03-31 18:00:00,1.3188,1.32179,1.31791,1.31845,8408.0
2026-03-31 19:00:00,1.31845,1.32346,1.31757,1.32157,9059.0
2026-03-31 20:00:00,1.32158,1.3248,1.32158,1.32306,8410.0
2026-03-31 21:00:00,1.32306,1.32474,1.3227,1.3228,6085.0
2026-03-31 22:00:00,1.32279,1.32391,1.32209,1.32356,4790.0
2026-03-31 23:00:00,1.32356,1.32412,1.32242,1.3225500000000001,3129.0
2026-04-01 01:00:00,1.32307,1.32317,1.32305,1.32313,104.0
2026-04-01 02:00:00,1.32313,1.32443,1.32293,1.32433,1476.0
2026-04-01 03:00:00,1.32433,1.32545,1.32393,1.32464,3076.0
2026-04-01 04:00:00,1.32464,1.32474,1.32196,1.32314,4403.0
2026-04-01 05:00:00,1.32314,1.32435,1.32297,1.324,3017.0
2026-04-01 06:00:00,1.32398,1.324,1.32317,1.32336,2213.0
2026-04-01 07:00:00,1.32335,1.32436,1.32324,1.32429,1872.0
2026-04-01 08:00:00,1.3243,1.3265500000000001,1.32417,1.32566,2006.0
2026-04-01 09:00:00,1.32566,1.32927,1.32551,1.32888,6113.0
2026-04-01 10:00:00,1.32888,1.32916,1.3263,1.32657,6529.0
2026-04-01 11:00:00,1.3265500000000001,1.33009,1.32615,1.32888,5782.0
2026-04-01 12:00:00,1.32888,1.3296000000000001,1.32775,1.32931,5391.0
2026-04-01 13:00:00,1.3293599999999999,1.3318699999999999,1.32931,1.33017,4418.0
2026-04-01 14:00:00,1.33017,1.33246,1.3299,1.3321399999999999,3960.0
2026-04-01 15:00:00,1.33215,1.33267,1.32942,1.33057,6137.0
2026-04-01 16:00:00,1.3305799999999999,1.33251,1.32931,1.3315299999999999,8468.0
2026-04-01 17:00:00,1.33072,1.33358,1.33034,1.33341,8867.0
2026-04-01 18:00:00,1.33342,1.33378,1.33176,1.33294,5806.0
2026-04-01 19:00:00,1.33293,1.3338999999999999,1.33139,1.33388,3980.0
2026-04-01 20:00:00,1.33388,1.33463,1.33151,1.33176,3559.0
2026-04-01 21:00:00,1.33175,1.33181,1.32945,1.33003,5090.0
2026-04-01 22:00:00,1.33003,1.3306499999999999,1.32928,1.33,4019.0
2026-04-01 23:00:00,1.33,1.33069,1.33,1.3306,2654.0
2026-04-02 00:00:00,1.32995,1.33064,1.32918,1.3302,1149.0
2026-04-02 01:00:00,1.33023,1.33101,1.33023,1.33061,1325.0
2026-04-02 02:00:00,1.33063,1.33104,1.33008,1.33022,1449.0
2026-04-02 03:00:00,1.33022,1.33147,1.32975,1.33122,4498.0
2026-04-02 04:00:00,1.33122,1.33209,1.32478,1.32553,10752.0
2026-04-02 05:00:00,1.32552,1.32635,1.32423,1.3246,5308.0
2026-04-02 06:00:00,1.32459,1.32485,1.32311,1.32352,3647.0
2026-04-02 07:00:00,1.3235299999999999,1.32394,1.3229600000000001,1.3235999999999999,3448.0
2026-04-02 08:00:00,1.3235999999999999,1.3237999999999999,1.32144,1.32152,3762.0
2026-04-02 09:00:00,1.32153,1.32242,1.32015,1.32239,4918.0
2026-04-02 10:00:00,1.3223799999999999,1.3225799999999999,1.32017,1.3216999999999999,4873.0
2026-04-02 11:00:00,1.3217400000000001,1.32191,1.31961,1.3201399999999999,3882.0
2026-04-02 12:00:00,1.3201399999999999,1.32086,1.31943,1.3201800000000001,3807.0
2026-04-02 13:00:00,1.32019,1.32023,1.31856,1.3186200000000001,3788.0
2026-04-02 14:00:00,1.3186200000000001,1.32032,1.31816,1.3201800000000001,3922.0
2026-04-02 15:00:00,1.32022,1.32188,1.32004,1.32144,5136.0
2026-04-02 16:00:00,1.32148,1.32208,1.3202,1.3220100000000001,7006.0
2026-04-02 17:00:00,1.322,1.3248,1.32093,1.32436,9015.0
2026-04-02 18:00:00,1.32437,1.32515,1.32266,1.32386,6887.0
2026-04-02 19:00:00,1.32386,1.3242099999999999,1.32267,1.32314,5133.0
2026-04-02 20:00:00,1.32313,1.32425,1.32218,1.32247,4848.0
2026-04-02 21:00:00,1.3225,1.3229,1.32214,1.32236,3464.0
2026-04-02 22:00:00,1.32239,1.3231600000000001,1.32221,1.3223099999999999,3406.0
2026-04-02 23:00:00,1.32232,1.32283,1.32207,1.3226200000000001,1530.0
2026-04-03 00:00:00,1.32205,1.32246,1.3213,1.32206,1319.0
2026-04-03 01:00:00,1.3222,1.32269,1.32214,1.32263,636.0
2026-04-03 02:00:00,1.32263,1.32315,1.32254,1.3229899999999999,653.0
2026-04-03 03:00:00,1.32298,1.32378,1.32295,1.32346,1210.0
2026-04-03 04:00:00,1.32346,1.32348,1.3226499999999999,1.32275,781.0
2026-04-03 05:00:00,1.32275,1.3232,1.32218,1.32272,826.0
2026-04-03 06:00:00,1.32273,1.3231,1.3226,1.32295,489.0
2026-04-03 07:00:00,1.32295,1.32298,1.32261,1.32268,781.0
2026-04-03 08:00:00,1.32268,1.3234,1.32223,1.32339,772.0
2026-04-03 09:00:00,1.3234,1.32367,1.32295,1.32338,872.0
2026-04-03 10:00:00,1.32338,1.32428,1.32335,1.32388,1187.0
2026-04-03 11:00:00,1.32386,1.32405,1.32324,1.32383,1147.0
2026-04-03 12:00:00,1.32383,1.32391,1.32332,1.32351,1300.0
2026-04-03 13:00:00,1.32351,1.32379,1.3229899999999999,1.32336,932.0
2026-04-03 14:00:00,1.32331,1.32386,1.3233,1.32358,1251.0
2026-04-03 15:00:00,1.32358,1.32378,1.3206,1.32127,3134.0
2026-04-03 16:00:00,1.32127,1.32199,1.3208,1.32173,2003.0
2026-04-03 17:00:00,1.32173,1.32178,1.32025,1.32029,1751.0
2026-04-03 18:00:00,1.32028,1.3216700000000001,1.31964,1.3201399999999999,3454.0
2026-04-03 19:00:00,1.3201399999999999,1.32015,1.31941,1.31973,1375.0
2026-04-03 20:00:00,1.31975,1.32007,1.31961,1.31974,1178.0
2026-04-06 00:00:00,1.31887,1.31913,1.31861,1.31898,200.0
2026-04-06 01:00:00,1.31912,1.31936,1.31781,1.31912,2706.0
2026-04-06 02:00:00,1.31912,1.31941,1.31854,1.31859,1774.0
2026-04-06 03:00:00,1.31859,1.31983,1.31856,1.31971,3282.0
2026-04-06 04:00:00,1.31972,1.32006,1.31907,1.3193,2548.0
2026-04-06 05:00:00,1.3193,1.32182,1.31928,1.32111,3595.0
2026-04-06 06:00:00,1.32112,1.3213599999999999,1.32047,1.32068,2346.0
2026-04-06 07:00:00,1.32069,1.3214299999999999,1.32068,1.32127,1659.0
2026-04-06 08:00:00,1.32127,1.32211,1.3212,1.32161,1524.0
2026-04-06 09:00:00,1.32161,1.3226499999999999,1.3211300000000001,1.32192,2868.0
2026-04-06 10:00:00,1.32192,1.32584,1.32094,1.32531,4365.0
2026-04-06 11:00:00,1.32532,1.32591,1.32464,1.32492,3842.0
2026-04-06 12:00:00,1.32496,1.32559,1.32427,1.32454,3216.0
2026-04-06 13:00:00,1.32455,1.3253300000000001,1.32346,1.32443,3460.0
2026-04-06 14:00:00,1.32443,1.32457,1.32327,1.32369,3032.0
2026-04-06 15:00:00,1.32368,1.32488,1.32343,1.32456,3605.0
2026-04-06 16:00:00,1.32456,1.32607,1.32419,1.32574,4097.0
2026-04-06 17:00:00,1.32596,1.32686,1.32375,1.32381,7371.0
2026-04-06 18:00:00,1.32381,1.32381,1.3223799999999999,1.32337,5319.0
2026-04-06 19:00:00,1.32337,1.32398,1.32315,1.32347,3636.0
2026-04-06 20:00:00,1.32347,1.3235299999999999,1.3218,1.32264,4084.0
2026-04-06 21:00:00,1.3226499999999999,1.3244500000000001,1.32246,1.32376,4362.0
2026-04-06 22:00:00,1.32375,1.32405,1.32335,1.32344,2820.0
2026-04-06 23:00:00,1.32344,1.32374,1.32328,1.32369,1799.0
2026-04-07 00:00:00,1.32333,1.32412,1.32306,1.32327,645.0
2026-04-07 01:00:00,1.3231600000000001,1.32425,1.32304,1.3234,1155.0
2026-04-07 02:00:00,1.3234,1.32352,1.32304,1.32337,899.0
2026-04-07 03:00:00,1.32337,1.32391,1.3229600000000001,1.32311,3577.0
2026-04-07 04:00:00,1.3231,1.3235299999999999,1.32155,1.32195,4444.0
2026-04-07 05:00:00,1.32195,1.32209,1.32115,1.32177,2640.0
2026-04-07 06:00:00,1.32176,1.32257,1.3216700000000001,1.32252,1989.0
2026-04-07 07:00:00,1.32252,1.32343,1.32239,1.32329,2410.0
2026-04-07 08:00:00,1.32328,1.3234,1.32188,1.32307,3160.0
2026-04-07 09:00:00,1.32308,1.3248199999999999,1.32267,1.32464,3481.0
2026-04-07 10:00:00,1.32465,1.32478,1.32269,1.32337,4835.0
2026-04-07 11:00:00,1.32335,1.32851,1.32332,1.32832,6409.0
2026-04-07 12:00:00,1.3283,1.32842,1.32654,1.32657,4741.0
2026-04-07 13:00:00,1.3265799999999999,1.32686,1.32372,1.32429,6361.0
2026-04-07 14:00:00,1.3243,1.32488,1.32365,1.32461,4987.0
2026-04-07 15:00:00,1.32461,1.32651,1.32385,1.3250600000000001,6108.0
2026-04-07 16:00:00,1.3250600000000001,1.32573,1.3237,1.32415,6629.0
2026-04-07 17:00:00,1.32415,1.32664,1.32358,1.32466,6841.0
2026-04-07 18:00:00,1.32467,1.32553,1.32388,1.32395,6626.0
2026-04-07 19:00:00,1.32395,1.32589,1.32392,1.32505,6235.0
2026-04-07 20:00:00,1.32505,1.32667,1.32474,1.32627,4809.0
2026-04-07 21:00:00,1.32627,1.32701,1.32546,1.32588,3428.0
2026-04-07 22:00:00,1.32588,1.32939,1.32558,1.3287499999999999,6926.0
2026-04-07 23:00:00,1.3287499999999999,1.3300100000000001,1.32855,1.32926,3390.0
2026-04-08 00:00:00,1.32859,1.32996,1.32842,1.32985,1085.0
2026-04-08 01:00:00,1.32991,1.33748,1.32882,1.3372600000000001,6021.0
2026-04-08 02:00:00,1.3372899999999999,1.34089,1.3367200000000001,1.3401100000000001,7545.0
2026-04-08 03:00:00,1.3401100000000001,1.34104,1.33795,1.3388,8281.0
2026-04-08 04:00:00,1.33879,1.34157,1.33862,1.34045,6293.0
2026-04-08 05:00:00,1.34042,1.3412899999999999,1.33941,1.3400699999999999,4835.0
2026-04-08 06:00:00,1.34008,1.34045,1.33922,1.33987,3877.0
2026-04-08 07:00:00,1.33989,1.34175,1.33989,1.3416000000000001,3873.0
2026-04-08 08:00:00,1.34164,1.3446,1.34091,1.34336,4433.0
2026-04-08 09:00:00,1.34334,1.34443,1.3419400000000001,1.34301,6498.0
2026-04-08 10:00:00,1.34306,1.34342,1.34106,1.34243,6408.0
2026-04-08 11:00:00,1.34243,1.34326,1.3406500000000001,1.34279,5793.0
2026-04-08 12:00:00,1.34279,1.3440699999999999,1.34202,1.34249,4852.0
2026-04-08 13:00:00,1.3424800000000001,1.34453,1.34238,1.3441100000000001,3719.0
2026-04-08 14:00:00,1.34412,1.34701,1.3437299999999999,1.34662,5067.0
2026-04-08 15:00:00,1.34665,1.34844,1.3452,1.34733,6088.0
2026-04-08 16:00:00,1.3473,1.34823,1.34402,1.34481,8080.0
2026-04-08 17:00:00,1.34479,1.346,1.34353,1.34487,8427.0
2026-04-08 18:00:00,1.34487,1.34489,1.3428499999999999,1.34388,6555.0
2026-04-08 19:00:00,1.34388,1.34388,1.342,1.34246,5314.0
2026-04-08 20:00:00,1.34246,1.3428200000000001,1.3409900000000001,1.34195,4864.0
2026-04-08 21:00:00,1.34198,1.3425099999999999,1.3385500000000001,1.33862,5436.0
2026-04-08 22:00:00,1.33854,1.34086,1.33811,1.3407,5179.0
2026-04-08 23:00:00,1.34071,1.34091,1.3393,1.33941,2473.0
2026-04-09 00:00:00,1.33901,1.34017,1.33901,1.33978,1074.0
2026-04-09 01:00:00,1.33959,1.3403,1.33941,1.33982,1222.0
2026-04-09 02:00:00,1.33982,1.33991,1.33911,1.33926,1588.0
2026-04-09 03:00:00,1.33926,1.33961,1.33853,1.3391,3677.0
2026-04-09 04:00:00,1.3391,1.33934,1.33813,1.33914,3207.0
2026-04-09 05:00:00,1.33914,1.3402,1.33877,1.33958,2170.0
2026-04-09 06:00:00,1.33958,1.33986,1.339,1.33949,2901.0
2026-04-09 07:00:00,1.33949,1.34064,1.33945,1.33993,2199.0
2026-04-09 08:00:00,1.33994,1.3400699999999999,1.33896,1.3390900000000001,2542.0
2026-04-09 09:00:00,1.33911,1.33965,1.33825,1.33951,4114.0
2026-04-09 10:00:00,1.33957,1.34012,1.33809,1.33932,4743.0
2026-04-09 11:00:00,1.33932,1.3407499999999999,1.33838,1.34037,3918.0
2026-04-09 12:00:00,1.34036,1.34143,1.33994,1.3403399999999999,3536.0
2026-04-09 13:00:00,1.3403399999999999,1.34101,1.33974,1.33974,3154.0
2026-04-09 14:00:00,1.33974,1.34303,1.33957,1.3429,3472.0
2026-04-09 15:00:00,1.3429,1.34302,1.34074,1.34161,4274.0
2026-04-09 16:00:00,1.3416000000000001,1.34298,1.34134,1.34211,4875.0
2026-04-09 17:00:00,1.3421,1.3428200000000001,1.3404099999999999,1.34149,5519.0
2026-04-09 18:00:00,1.34151,1.34447,1.3403800000000001,1.34421,6589.0
2026-04-09 19:00:00,1.3442,1.34559,1.34383,1.34447,5334.0
2026-04-09 20:00:00,1.34447,1.34585,1.34447,1.34514,3943.0
2026-04-09 21:00:00,1.34516,1.34523,1.34298,1.34331,4532.0
2026-04-09 22:00:00,1.3433,1.34452,1.34308,1.34357,2635.0
2026-04-09 23:00:00,1.34357,1.34372,1.34301,1.34355,1966.0
2026-04-10 00:00:00,1.3433,1.34331,1.3424,1.34277,858.0
2026-04-10 01:00:00,1.34276,1.3437000000000001,1.34247,1.34273,1335.0
2026-04-10 02:00:00,1.34273,1.34344,1.34269,1.34295,1367.0
2026-04-10 03:00:00,1.34293,1.34293,1.3421,1.34252,2575.0
2026-04-10 04:00:00,1.34254,1.3432,1.34211,1.34288,1910.0
2026-04-10 05:00:00,1.34289,1.34296,1.34203,1.34245,1591.0
2026-04-10 06:00:00,1.34246,1.34267,1.3423,1.34247,1085.0
2026-04-10 07:00:00,1.3424800000000001,1.34269,1.3421,1.34215,1259.0
2026-04-10 08:00:00,1.34215,1.34228,1.34148,1.34191,1442.0
2026-04-10 09:00:00,1.34192,1.34247,1.3413300000000001,1.34172,2558.0
2026-04-10 10:00:00,1.34172,1.34286,1.34106,1.34121,3547.0
2026-04-10 11:00:00,1.34121,1.34262,1.34113,1.34208,2853.0
2026-04-10 12:00:00,1.34209,1.3439999999999999,1.34174,1.3437999999999999,3801.0
2026-04-10 13:00:00,1.3437999999999999,1.34443,1.34348,1.3437000000000001,2850.0
2026-04-10 14:00:00,1.3437000000000001,1.34456,1.34355,1.34444,2763.0
2026-04-10 15:00:00,1.34445,1.34681,1.34436,1.34584,4574.0
2026-04-10 16:00:00,1.34583,1.34769,1.3456000000000001,1.34623,5470.0
2026-04-10 17:00:00,1.3462399999999999,1.34792,1.34516,1.3461,6307.0
2026-04-10 18:00:00,1.3461,1.34778,1.34572,1.3458,4728.0
2026-04-10 19:00:00,1.3458,1.34615,1.34481,1.34562,4363.0
2026-04-10 20:00:00,1.34562,1.34643,1.34542,1.34578,2962.0
2026-04-13 00:00:00,1.33859,1.34067,1.3383099999999999,1.3401100000000001,678.0
2026-04-13 01:00:00,1.34017,1.34028,1.33872,1.3395000000000001,3288.0
2026-04-13 02:00:00,1.3395000000000001,1.33963,1.3381,1.33941,2298.0
2026-04-13 03:00:00,1.33941,1.34024,1.33861,1.34024,3986.0
2026-04-13 04:00:00,1.34025,1.34094,1.33983,1.3403100000000001,3139.0
2026-04-13 05:00:00,1.3403100000000001,1.34063,1.34002,1.34042,2190.0
2026-04-13 06:00:00,1.34042,1.34056,1.33999,1.34043,1547.0
2026-04-13 07:00:00,1.34043,1.34074,1.34028,1.3405,1802.0
2026-04-13 08:00:00,1.3405,1.3407499999999999,1.34018,1.34059,2272.0
2026-04-13 09:00:00,1.34059,1.34149,1.3402,1.34117,3142.0
2026-04-13 10:00:00,1.34118,1.3433899999999999,1.34113,1.34318,3901.0
2026-04-13 11:00:00,1.3431600000000001,1.34341,1.3423,1.34279,4040.0
2026-04-13 12:00:00,1.34279,1.3434,1.34241,1.34292,2993.0
2026-04-13 13:00:00,1.34292,1.34358,1.34227,1.34348,2601.0
2026-04-13 14:00:00,1.34349,1.34428,1.34185,1.34188,4172.0
2026-04-13 15:00:00,1.34188,1.34389,1.34158,1.3436,4463.0
2026-04-13 16:00:00,1.34361,1.3465799999999999,1.3434599999999999,1.3452600000000001,5352.0
2026-04-13 17:00:00,1.34525,1.34652,1.34447,1.34609,6108.0
2026-04-13 18:00:00,1.3461,1.3461699999999999,1.3449,1.3458,4846.0
2026-04-13 19:00:00,1.3458,1.34824,1.34524,1.3474,6151.0
2026-04-13 20:00:00,1.3474,1.34914,1.3473899999999999,1.34887,3547.0
2026-04-13 21:00:00,1.34887,1.35083,1.34849,1.3507799999999999,3228.0
2026-04-13 22:00:00,1.35072,1.3508,1.35002,1.3505099999999999,3034.0
2026-04-13 23:00:00,1.3505099999999999,1.35087,1.3504,1.35053,1872.0
2026-04-14 00:00:00,1.35049,1.35049,1.3493,1.3498,498.0
2026-04-14 01:00:00,1.3498,1.35121,1.34973,1.3511,800.0
2026-04-14 02:00:00,1.3511,1.35161,1.35099,1.35155,933.0
2026-04-14 03:00:00,1.35156,1.3516599999999999,1.3508499999999999,1.35147,2381.0
2026-04-14 04:00:00,1.35147,1.35158,1.3504800000000001,1.35058,2264.0
2026-04-14 05:00:00,1.35057,1.35089,1.35036,1.35089,1870.0
2026-04-14 06:00:00,1.35087,1.35172,1.35062,1.35168,1504.0
2026-04-14 07:00:00,1.35167,1.35216,1.35148,1.35192,1189.0
2026-04-14 08:00:00,1.35192,1.35217,1.3511,1.35168,1732.0
2026-04-14 09:00:00,1.35168,1.35274,1.3511,1.35226,3412.0
2026-04-14 10:00:00,1.35226,1.35393,1.35217,1.3532,4631.0
2026-04-14 11:00:00,1.35317,1.3538999999999999,1.35267,1.35377,3925.0
2026-04-14 12:00:00,1.35377,1.35499,1.35338,1.35428,3090.0
2026-04-14 13:00:00,1.35428,1.35625,1.35401,1.35595,3588.0
2026-04-14 14:00:00,1.35595,1.35785,1.35583,1.3571900000000001,3114.0
2026-04-14 15:00:00,1.35721,1.35896,1.35672,1.35869,4498.0
2026-04-14 16:00:00,1.3587,1.3588,1.3569,1.35829,5335.0
2026-04-14 17:00:00,1.35828,1.35889,1.35744,1.35872,5795.0
2026-04-14 18:00:00,1.3587099999999999,1.35873,1.35612,1.35612,5379.0
2026-04-14 19:00:00,1.35613,1.35682,1.35582,1.35676,3506.0
2026-04-14 20:00:00,1.35675,1.3573,1.35643,1.35703,3082.0
2026-04-14 21:00:00,1.35704,1.35723,1.35606,1.35635,3428.0
2026-04-14 22:00:00,1.3563399999999999,1.35667,1.35614,1.35628,2708.0
2026-04-14 23:00:00,1.3563100000000001,1.3569,1.35623,1.35645,1318.0
2026-04-15 00:00:00,1.35632,1.35699,1.35551,1.35629,787.0
2026-04-15 01:00:00,1.35629,1.35714,1.35623,1.35682,1349.0
2026-04-15 02:00:00,1.35682,1.35794,1.3566500000000001,1.35748,1792.0
2026-04-15 03:00:00,1.35748,1.35755,1.35656,1.35734,2953.0
2026-04-15 04:00:00,1.35734,1.35776,1.35676,1.3569499999999999,2692.0
2026-04-15 05:00:00,1.3569499999999999,1.357,1.35572,1.3559700000000001,1946.0
2026-04-15 06:00:00,1.3559700000000001,1.35673,1.35576,1.35657,1581.0
2026-04-15 07:00:00,1.35656,1.35678,1.35646,1.35675,1600.0
2026-04-15 08:00:00,1.35675,1.35784,1.35642,1.35653,2816.0
2026-04-15 09:00:00,1.35653,1.35737,1.35568,1.35596,3302.0
2026-04-15 10:00:00,1.35594,1.3569499999999999,1.35556,1.35602,4263.0
2026-04-15 11:00:00,1.35601,1.35678,1.35565,1.35642,3303.0
2026-04-15 12:00:00,1.35642,1.35699,1.3549,1.3557000000000001,4500.0
2026-04-15 13:00:00,1.3557000000000001,1.35611,1.35435,1.35476,4880.0
2026-04-15 14:00:00,1.35476,1.35559,1.35435,1.35544,4410.0
2026-04-15 15:00:00,1.35544,1.35578,1.35453,1.3555,4569.0
2026-04-15 16:00:00,1.3555,1.35666,1.35528,1.35574,5223.0
2026-04-15 17:00:00,1.35577,1.35773,1.35529,1.3568500000000001,5388.0
2026-04-15 18:00:00,1.3568500000000001,1.3578999999999999,1.35655,1.35672,4630.0
2026-04-15 19:00:00,1.35672,1.35746,1.35663,1.35734,4515.0
2026-04-15 20:00:00,1.35731,1.35748,1.35644,1.35699,2800.0
2026-04-15 21:00:00,1.35698,1.35763,1.35678,1.35742,3623.0
2026-04-15 22:00:00,1.35743,1.35767,1.35684,1.35705,2406.0
2026-04-15 23:00:00,1.35705,1.35707,1.3559,1.35603,1895.0
2026-04-16 00:00:00,1.35567,1.35635,1.35545,1.35565,783.0
2026-04-16 01:00:00,1.3556599999999999,1.35686,1.3556599999999999,1.35678,778.0
2026-04-16 02:00:00,1.35678,1.35738,1.35677,1.35728,835.0
2026-04-16 03:00:00,1.3572899999999999,1.3575,1.35687,1.35738,2074.0
2026-04-16 04:00:00,1.35738,1.35758,1.35611,1.3568799999999999,3070.0
2026-04-16 05:00:00,1.3568799999999999,1.35862,1.3568500000000001,1.35862,2504.0
2026-04-16 06:00:00,1.35862,1.35947,1.35805,1.3581699999999999,2254.0
2026-04-16 07:00:00,1.3581699999999999,1.35825,1.35759,1.35766,1513.0
2026-04-16 08:00:00,1.35766,1.35771,1.35657,1.35712,1967.0
2026-04-16 09:00:00,1.35715,1.35815,1.35636,1.3576,4070.0
2026-04-16 10:00:00,1.35761,1.35805,1.35572,1.35587,3670.0
2026-04-16 11:00:00,1.35587,1.35615,1.3547500000000001,1.35503,4145.0
2026-04-16 12:00:00,1.3550200000000001,1.35526,1.35366,1.3538700000000001,3445.0
2026-04-16 13:00:00,1.35388,1.35447,1.35316,1.35439,2696.0
2026-04-16 14:00:00,1.35438,1.3553600000000001,1.35433,1.35466,3120.0
2026-04-16 15:00:00,1.35466,1.35495,1.35371,1.35467,3851.0
2026-04-16 16:00:00,1.35469,1.35547,1.35354,1.3541699999999999,4589.0
2026-04-16 17:00:00,1.35416,1.35486,1.35165,1.3522,6808.0
2026-04-16 18:00:00,1.35221,1.35382,1.35179,1.35382,5301.0
2026-04-16 19:00:00,1.35381,1.35445,1.35209,1.35286,4680.0
2026-04-16 20:00:00,1.35288,1.353,1.35216,1.35249,3756.0
2026-04-16 21:00:00,1.35249,1.35336,1.35239,1.35312,4221.0
2026-04-16 22:00:00,1.35311,1.3535,1.35275,1.35296,2245.0
2026-04-16 23:00:00,1.35296,1.35317,1.35235,1.35259,1581.0
2026-04-17 00:00:00,1.35254,1.35306,1.35198,1.35218,794.0
2026-04-17 01:00:00,1.35224,1.35367,1.3522,1.35317,867.0
2026-04-17 02:00:00,1.35317,1.35332,1.35248,1.35256,1197.0
2026-04-17 03:00:00,1.3525,1.3526500000000001,1.3519,1.3520699999999999,2612.0
2026-04-17 04:00:00,1.35208,1.3522,1.35147,1.35165,2813.0
2026-04-17 05:00:00,1.35165,1.35198,1.35144,1.35192,1600.0
2026-04-17 06:00:00,1.35192,1.35275,1.35157,1.35255,1581.0
2026-04-17 07:00:00,1.35254,1.3526099999999999,1.35215,1.35224,1762.0
2026-04-17 08:00:00,1.35224,1.35226,1.35165,1.35191,1970.0
2026-04-17 09:00:00,1.35191,1.35191,1.35046,1.35052,3539.0
2026-04-17 10:00:00,1.35053,1.3526,1.35053,1.35251,3761.0
2026-04-17 11:00:00,1.35253,1.35341,1.3516599999999999,1.3531,3149.0
2026-04-17 12:00:00,1.35309,1.35398,1.3527,1.35314,3098.0
2026-04-17 13:00:00,1.35314,1.35367,1.35199,1.3523100000000001,2605.0
2026-04-17 14:00:00,1.3523100000000001,1.35358,1.35193,1.35293,2450.0
2026-04-17 15:00:00,1.35293,1.35858,1.35287,1.35834,6819.0
2026-04-17 16:00:00,1.35838,1.35993,1.35601,1.35738,9925.0
2026-04-17 17:00:00,1.35742,1.35888,1.3568500000000001,1.35696,7839.0
2026-04-17 18:00:00,1.35696,1.35696,1.35492,1.35544,7274.0
2026-04-17 19:00:00,1.35545,1.35596,1.3544399999999999,1.35538,4652.0
2026-04-17 20:00:00,1.35538,1.35538,1.35404,1.35516,5278.0
2026-04-20 00:00:00,1.34803,1.34882,1.34793,1.3480400000000001,288.0
2026-04-20 01:00:00,1.34803,1.34889,1.34727,1.34877,3119.0
2026-04-20 02:00:00,1.34877,1.34921,1.34782,1.34824,2171.0
2026-04-20 03:00:00,1.34826,1.34961,1.34785,1.34954,3707.0
2026-04-20 04:00:00,1.34954,1.35008,1.34894,1.34982,3158.0
2026-04-20 05:00:00,1.34982,1.35058,1.34969,1.35019,1763.0
2026-04-20 06:00:00,1.35019,1.35086,1.35004,1.35059,2000.0
2026-04-20 07:00:00,1.35059,1.35077,1.35005,1.35052,1622.0
2026-04-20 08:00:00,1.35052,1.35056,1.34862,1.34917,3327.0
2026-04-20 09:00:00,1.34916,1.3506,1.34818,1.35059,5149.0
2026-04-20 10:00:00,1.35063,1.35189,1.34957,1.35027,5186.0
2026-04-20 11:00:00,1.35027,1.3506,1.3493,1.34976,4344.0
2026-04-20 12:00:00,1.34976,1.35187,1.34968,1.35184,3575.0
2026-04-20 13:00:00,1.35184,1.3519700000000001,1.3511199999999999,1.3517299999999999,3300.0
2026-04-20 14:00:00,1.35174,1.35278,1.35149,1.35192,3953.0
2026-04-20 15:00:00,1.35192,1.35193,1.35058,1.35162,4288.0
2026-04-20 16:00:00,1.35162,1.35365,1.35122,1.3533,6033.0
2026-04-20 17:00:00,1.3533,1.3533,1.35072,1.35235,6127.0
2026-04-20 18:00:00,1.35236,1.35443,1.35183,1.35398,6805.0
2026-04-20 19:00:00,1.35402,1.3544399999999999,1.35354,1.35382,3997.0
2026-04-20 20:00:00,1.35382,1.35439,1.35315,1.35352,3257.0
2026-04-20 21:00:00,1.35352,1.35426,1.35314,1.35323,3474.0
2026-04-20 22:00:00,1.35323,1.35416,1.35321,1.35325,2777.0
2026-04-20 23:00:00,1.3532600000000001,1.35381,1.35302,1.35324,1660.0
2026-04-21 00:00:00,1.35239,1.3532899999999999,1.35239,1.35296,510.0
2026-04-21 01:00:00,1.35296,1.35389,1.35296,1.35389,1068.0
2026-04-21 02:00:00,1.35389,1.35393,1.35305,1.35309,1023.0
2026-04-21 03:00:00,1.3531,1.35318,1.35221,1.35243,3059.0
2026-04-21 04:00:00,1.35244,1.35293,1.35228,1.35246,2877.0
2026-04-21 05:00:00,1.35246,1.35266,1.35202,1.35215,1839.0
2026-04-21 06:00:00,1.35215,1.35223,1.35154,1.35178,1809.0
2026-04-21 07:00:00,1.35178,1.3519,1.35148,1.35151,1374.0
2026-04-21 08:00:00,1.35152,1.3525800000000001,1.35147,1.3518,2490.0
2026-04-21 09:00:00,1.35184,1.35302,1.3516599999999999,1.3519700000000001,3768.0
2026-04-21 10:00:00,1.3519700000000001,1.35227,1.35066,1.35077,5213.0
2026-04-21 11:00:00,1.35072,1.351,1.34827,1.35035,5760.0
2026-04-21 12:00:00,1.35035,1.35087,1.3495599999999999,1.35029,3406.0
2026-04-21 13:00:00,1.35029,1.35118,1.34996,1.35107,3282.0
2026-04-21 14:00:00,1.35107,1.35237,1.35067,1.35186,3815.0
2026-04-21 15:00:00,1.35188,1.35223,1.35065,1.35148,4477.0
2026-04-21 16:00:00,1.35149,1.35293,1.3513899999999999,1.35253,4907.0
2026-04-21 17:00:00,1.35253,1.35397,1.3508200000000001,1.35093,5888.0
2026-04-21 18:00:00,1.35092,1.3520699999999999,1.3498999999999999,1.35106,6426.0
2026-04-21 19:00:00,1.35107,1.35152,1.34972,1.34978,5107.0
2026-04-21 20:00:00,1.34978,1.35257,1.3476,1.35053,6567.0
2026-04-21 21:00:00,1.3505099999999999,1.35083,1.34839,1.35036,4832.0
2026-04-21 22:00:00,1.35036,1.35151,1.34753,1.34819,6239.0
2026-04-21 23:00:00,1.34819,1.3514,1.34772,1.35079,3791.0
2026-04-22 00:00:00,1.35012,1.3508,1.34924,1.3496000000000001,717.0
2026-04-22 01:00:00,1.34972,1.35059,1.34972,1.35026,1115.0
2026-04-22 02:00:00,1.35026,1.35101,1.3501699999999999,1.3509,1019.0
2026-04-22 03:00:00,1.35089,1.3520400000000001,1.35086,1.35098,3164.0
2026-04-22 04:00:00,1.35098,1.35149,1.35034,1.3511,2722.0
2026-04-22 05:00:00,1.3511,1.35147,1.35055,1.3506,2141.0
2026-04-22 06:00:00,1.3506,1.35126,1.35032,1.35069,1679.0
2026-04-22 07:00:00,1.35068,1.3511199999999999,1.35058,1.35074,1720.0
2026-04-22 08:00:00,1.35074,1.35342,1.35067,1.35243,3273.0
2026-04-22 09:00:00,1.35243,1.35259,1.35149,1.3516599999999999,2951.0
2026-04-22 10:00:00,1.35194,1.35274,1.35102,1.3526500000000001,3414.0
2026-04-22 11:00:00,1.35267,1.3532,1.35213,1.35287,4173.0
2026-04-22 12:00:00,1.35287,1.35355,1.35194,1.3520400000000001,3402.0
2026-04-22 13:00:00,1.35205,1.3523800000000001,1.3514,1.35216,3175.0
2026-04-22 14:00:00,1.35216,1.35216,1.34995,1.35028,3634.0
2026-04-22 15:00:00,1.35027,1.3508200000000001,1.3492600000000001,1.34942,3900.0
2026-04-22 16:00:00,1.34942,1.35239,1.3491900000000001,1.35184,5674.0
2026-04-22 17:00:00,1.35183,1.35244,1.34992,1.34993,6112.0
2026-04-22 18:00:00,1.34993,1.35094,1.34944,1.35035,4726.0
2026-04-22 19:00:00,1.35038,1.35068,1.3495599999999999,1.35046,4024.0
2026-04-22 20:00:00,1.35046,1.35167,1.35034,1.35111,3282.0
2026-04-22 21:00:00,1.35111,1.35127,1.35039,1.35055,2177.0
2026-04-22 22:00:00,1.35055,1.35096,1.3501,1.35036,2588.0
2026-04-22 23:00:00,1.35036,1.35047,1.34988,1.35027,1884.0
2026-04-23 00:00:00,1.34991,1.35063,1.34961,1.34993,539.0
2026-04-23 01:00:00,1.34993,1.3504800000000001,1.34993,1.35018,706.0
2026-04-23 02:00:00,1.35018,1.35025,1.34994,1.34997,1095.0
2026-04-23 03:00:00,1.34997,1.35102,1.3479,1.35087,5523.0
2026-04-23 04:00:00,1.35087,1.35103,1.34988,1.34997,3721.0
2026-04-23 05:00:00,1.34997,1.35007,1.34852,1.3487,3832.0
2026-04-23 06:00:00,1.3487,1.34914,1.34824,1.34855,3045.0
2026-04-23 07:00:00,1.34855,1.34907,1.3483100000000001,1.34905,2359.0
2026-04-23 08:00:00,1.34905,1.34936,1.34878,1.34935,2494.0
2026-04-23 09:00:00,1.34935,1.34971,1.34874,1.34916,2613.0
2026-04-23 10:00:00,1.34921,1.34997,1.34815,1.3489200000000001,4398.0
2026-04-23 11:00:00,1.34888,1.3507500000000001,1.34851,1.35047,4185.0
2026-04-23 12:00:00,1.35046,1.3507799999999999,1.34917,1.35002,4182.0
2026-04-23 13:00:00,1.35002,1.35037,1.34843,1.34845,3484.0
2026-04-23 14:00:00,1.34845,1.35129,1.3483399999999999,1.35058,4571.0
2026-04-23 15:00:00,1.35056,1.3510499999999999,1.34852,1.34876,5426.0
2026-04-23 16:00:00,1.34875,1.35027,1.34783,1.3498,5418.0
2026-04-23 17:00:00,1.34981,1.35182,1.34917,1.35104,5711.0
2026-04-23 18:00:00,1.35103,1.35121,1.3490199999999999,1.34934,4665.0
2026-04-23 19:00:00,1.34935,1.34937,1.34866,1.34918,4050.0
2026-04-23 20:00:00,1.3491900000000001,1.34935,1.34476,1.3477700000000001,9146.0
2026-04-23 21:00:00,1.34781,1.34857,1.34713,1.34737,6111.0
2026-04-23 22:00:00,1.3473600000000001,1.3474599999999999,1.34615,1.34676,3836.0
2026-04-23 23:00:00,1.34676,1.34677,1.3461400000000001,1.34659,1762.0
2026-04-24 00:00:00,1.3466,1.34705,1.34572,1.34618,685.0
2026-04-24 01:00:00,1.34629,1.34686,1.34629,1.3468,781.0
2026-04-24 02:00:00,1.3468,1.3468,1.34635,1.34657,1126.0
2026-04-24 03:00:00,1.34657,1.34713,1.34635,1.3468,3724.0
2026-04-24 04:00:00,1.3468,1.34727,1.34644,1.34725,3016.0
2026-04-24 05:00:00,1.34726,1.34731,1.34588,1.34604,2932.0
2026-04-24 06:00:00,1.34604,1.3461699999999999,1.34534,1.34599,2187.0
2026-04-24 07:00:00,1.34599,1.34646,1.34576,1.34629,1882.0
2026-04-24 08:00:00,1.3463,1.34674,1.346,1.34661,1965.0
2026-04-24 09:00:00,1.34661,1.34694,1.34602,1.3464,2733.0
2026-04-24 10:00:00,1.3464,1.3479700000000001,1.34602,1.34768,3214.0
2026-04-24 11:00:00,1.34766,1.34844,1.34711,1.34766,4025.0
2026-04-24 12:00:00,1.34766,1.34845,1.3474300000000001,1.34827,2742.0
2026-04-24 13:00:00,1.34827,1.34927,1.34783,1.3492199999999999,3105.0
2026-04-24 14:00:00,1.3492199999999999,1.35046,1.34863,1.3495,5646.0
2026-04-24 15:00:00,1.34952,1.35027,1.34847,1.35016,5207.0
2026-04-24 16:00:00,1.35019,1.35028,1.34864,1.34975,5621.0
2026-04-24 17:00:00,1.34971,1.35145,1.34905,1.35005,6897.0
2026-04-24 18:00:00,1.35005,1.35195,1.34923,1.35154,5116.0
2026-04-24 19:00:00,1.35154,1.35215,1.3508499999999999,1.35211,3833.0
2026-04-24 20:00:00,1.3521,1.35263,1.3517299999999999,1.35196,3097.0
2026-04-27 00:00:00,1.35036,1.35113,1.35005,1.35029,249.0
2026-04-27 01:00:00,1.35029,1.35225,1.35029,1.35149,1171.0
2026-04-27 02:00:00,1.35151,1.35182,1.35133,1.35135,1093.0
2026-04-27 03:00:00,1.35138,1.35233,1.35121,1.35216,2296.0
2026-04-27 04:00:00,1.35222,1.35371,1.35222,1.35343,3595.0
2026-04-27 05:00:00,1.35343,1.35403,1.35297,1.35384,2090.0
2026-04-27 06:00:00,1.35384,1.3548499999999999,1.3538299999999999,1.3544399999999999,1803.0
2026-04-27 07:00:00,1.35443,1.35463,1.35392,1.35409,1568.0
2026-04-27 08:00:00,1.35408,1.35411,1.35332,1.35332,2352.0
2026-04-27 09:00:00,1.35332,1.35393,1.35245,1.3536000000000001,3784.0
2026-04-27 10:00:00,1.3536000000000001,1.35469,1.35342,1.3544800000000001,3690.0
2026-04-27 11:00:00,1.3545,1.35576,1.3542,1.35541,3809.0
2026-04-27 12:00:00,1.3554,1.3556599999999999,1.35476,1.35506,2956.0
2026-04-27 13:00:00,1.3550499999999999,1.3563399999999999,1.3548499999999999,1.35603,3235.0
2026-04-27 14:00:00,1.35603,1.35621,1.35541,1.35583,3660.0
2026-04-27 15:00:00,1.35583,1.35761,1.3548499999999999,1.35486,3799.0
2026-04-27 16:00:00,1.35488,1.35594,1.35373,1.35449,5727.0
2026-04-27 17:00:00,1.35449,1.35641,1.35418,1.35553,5120.0
2026-04-27 18:00:00,1.35553,1.3556,1.35463,1.35516,4593.0
2026-04-27 19:00:00,1.35516,1.35556,1.3541400000000001,1.35434,3540.0
2026-04-27 20:00:00,1.35433,1.35447,1.35313,1.35385,3305.0
2026-04-27 21:00:00,1.35385,1.35397,1.35305,1.35325,2882.0
2026-04-27 22:00:00,1.35325,1.35376,1.35314,1.35314,2190.0
2026-04-27 23:00:00,1.35318,1.35343,1.35313,1.35324,940.0
2026-04-28 00:00:00,1.3532600000000001,1.35361,1.35302,1.35312,490.0
2026-04-28 01:00:00,1.35308,1.35373,1.3529499999999999,1.3536299999999999,1090.0
2026-04-28 02:00:00,1.3536299999999999,1.35377,1.35352,1.35376,1266.0
2026-04-28 03:00:00,1.35376,1.35413,1.35312,1.35323,2808.0
2026-04-28 04:00:00,1.3532199999999999,1.3532199999999999,1.3523,1.35233,3110.0
2026-04-28 05:00:00,1.35232,1.35251,1.35208,1.35221,2589.0
2026-04-28 06:00:00,1.35221,1.3536299999999999,1.35214,1.35318,2343.0
2026-04-28 07:00:00,1.3531900000000001,1.35345,1.35285,1.35304,1807.0
2026-04-28 08:00:00,1.35304,1.35313,1.35174,1.3517700000000001,2045.0
2026-04-28 09:00:00,1.35176,1.3520400000000001,1.35031,1.35047,4205.0
2026-04-28 10:00:00,1.35043,1.35135,1.3502399999999999,1.35093,3850.0
2026-04-28 11:00:00,1.35097,1.35151,1.3502100000000001,1.35054,4592.0
2026-04-28 12:00:00,1.35054,1.35055,1.34867,1.34907,3811.0
2026-04-28 13:00:00,1.3491,1.34955,1.34828,1.34843,3256.0
2026-04-28 14:00:00,1.34843,1.34913,1.3463,1.34686,5510.0
2026-04-28 15:00:00,1.34686,1.3495599999999999,1.34636,1.34925,4851.0
2026-04-28 16:00:00,1.34923,1.35013,1.34813,1.34957,5235.0
2026-04-28 17:00:00,1.34955,1.35064,1.34859,1.34976,6532.0
2026-04-28 18:00:00,1.34977,1.35126,1.34962,1.35113,5355.0
2026-04-28 19:00:00,1.35113,1.3516599999999999,1.35068,1.3514599999999999,4022.0
2026-04-28 20:00:00,1.3514599999999999,1.3520699999999999,1.35081,1.35178,3709.0
2026-04-28 21:00:00,1.35178,1.35206,1.3514300000000001,1.3517000000000001,2553.0
2026-04-28 22:00:00,1.3517000000000001,1.3521,1.35122,1.35167,2803.0
2026-04-28 23:00:00,1.35165,1.35224,1.35162,1.35169,1374.0
2026-04-29 00:00:00,1.35134,1.35179,1.35084,1.35121,385.0
2026-04-29 01:00:00,1.35122,1.3523399999999999,1.35095,1.35215,579.0
2026-04-29 02:00:00,1.35215,1.35243,1.35212,1.3524,587.0
2026-04-29 03:00:00,1.3524,1.3528,1.35215,1.35247,2025.0
2026-04-29 04:00:00,1.35247,1.35254,1.35129,1.3517299999999999,3578.0
2026-04-29 05:00:00,1.35174,1.35233,1.35103,1.35121,2928.0
2026-04-29 06:00:00,1.35121,1.3517000000000001,1.35107,1.35115,2048.0
2026-04-29 07:00:00,1.35117,1.35153,1.3510900000000001,1.35132,1396.0
2026-04-29 08:00:00,1.35132,1.35134,1.35032,1.3504800000000001,1952.0
2026-04-29 09:00:00,1.3504800000000001,1.35076,1.34948,1.35004,3706.0
2026-04-29 10:00:00,1.35003,1.35083,1.34991,1.35052,4346.0
2026-04-29 11:00:00,1.35052,1.35059,1.34951,1.34994,4150.0
2026-04-29 12:00:00,1.34995,1.35065,1.3496000000000001,1.35036,3200.0
2026-04-29 13:00:00,1.35035,1.35123,1.35008,1.35121,2624.0
2026-04-29 14:00:00,1.35119,1.35125,1.35018,1.35052,3919.0
2026-04-29 15:00:00,1.35052,1.35138,1.34988,1.35004,4226.0
2026-04-29 16:00:00,1.35005,1.35074,1.34733,1.34782,6144.0
2026-04-29 17:00:00,1.34782,1.35029,1.34714,1.3501699999999999,5719.0
2026-04-29 18:00:00,1.3501699999999999,1.3502399999999999,1.34813,1.3489200000000001,5030.0
2026-04-29 19:00:00,1.34893,1.3498999999999999,1.34795,1.34812,4723.0
2026-04-29 20:00:00,1.34813,1.34914,1.34748,1.34826,3713.0
2026-04-29 21:00:00,1.34816,1.34932,1.34576,1.34722,7334.0
2026-04-29 22:00:00,1.34725,1.34833,1.34671,1.34764,4506.0
2026-04-29 23:00:00,1.34764,1.34792,1.347,1.3475,2986.0
2026-04-30 00:00:00,1.34729,1.3479700000000001,1.3466,1.34714,1063.0
2026-04-30 01:00:00,1.34714,1.34829,1.34714,1.34805,1401.0
2026-04-30 02:00:00,1.34805,1.3489200000000001,1.34775,1.34883,1504.0
2026-04-30 03:00:00,1.34884,1.3495599999999999,1.34843,1.34846,4467.0
2026-04-30 04:00:00,1.34844,1.34866,1.34781,1.34818,4186.0
2026-04-30 05:00:00,1.34817,1.34845,1.3468200000000001,1.34749,3966.0
2026-04-30 06:00:00,1.34749,1.34795,1.34733,1.34756,3830.0
2026-04-30 07:00:00,1.34756,1.34758,1.34551,1.34608,4290.0
2026-04-30 08:00:00,1.34608,1.34686,1.34592,1.34596,3507.0
2026-04-30 09:00:00,1.3459400000000001,1.34781,1.34541,1.34734,5465.0
2026-04-30 10:00:00,1.34733,1.34924,1.3473,1.34863,5595.0
2026-04-30 11:00:00,1.34864,1.35003,1.34814,1.3485,6298.0
2026-04-30 12:00:00,1.34848,1.35053,1.34791,1.35026,5956.0
2026-04-30 13:00:00,1.35026,1.3529,1.34927,1.35242,7674.0
2026-04-30 14:00:00,1.35242,1.35352,1.35138,1.3517000000000001,8467.0
2026-04-30 15:00:00,1.35171,1.35193,1.34986,1.35128,7103.0
2026-04-30 16:00:00,1.35126,1.35208,1.35047,1.35156,7337.0
2026-04-30 17:00:00,1.35155,1.35913,1.35131,1.35826,9234.0
2026-04-30 18:00:00,1.35826,1.35937,1.35714,1.35784,6920.0
2026-04-30 19:00:00,1.35784,1.35886,1.35731,1.35778,5136.0
2026-04-30 20:00:00,1.35778,1.3587099999999999,1.35763,1.35812,4901.0
2026-04-30 21:00:00,1.3581400000000001,1.36073,1.35813,1.36016,3726.0
2026-04-30 22:00:00,1.36015,1.36123,1.36007,1.36039,3999.0
2026-04-30 23:00:00,1.36038,1.3609499999999999,1.36001,1.36025,2840.0
2026-05-01 00:00:00,1.36017,1.3605800000000001,1.35991,1.36016,460.0
2026-05-01 01:00:00,1.36016,1.3609200000000001,1.36016,1.36039,621.0
2026-05-01 02:00:00,1.36039,1.36069,1.36021,1.36022,1174.0
2026-05-01 03:00:00,1.36028,1.36062,1.35993,1.36038,3158.0
2026-05-01 04:00:00,1.36038,1.36072,1.35995,1.3606500000000001,3435.0
2026-05-01 05:00:00,1.3606500000000001,1.36093,1.36008,1.36064,2541.0
2026-05-01 06:00:00,1.3606500000000001,1.36121,1.36009,1.36025,2270.0
2026-05-01 07:00:00,1.3602400000000001,1.36047,1.35958,1.35971,2021.0
2026-05-01 08:00:00,1.35971,1.35979,1.35886,1.35891,1715.0
2026-05-01 09:00:00,1.35893,1.36227,1.35869,1.3611,4141.0
2026-05-01 10:00:00,1.3611,1.36144,1.35991,1.36048,5567.0
2026-05-01 11:00:00,1.36051,1.3612,1.36006,1.36082,3706.0
2026-05-01 12:00:00,1.36083,1.36098,1.35915,1.35931,2704.0
2026-05-01 13:00:00,1.3593,1.36102,1.35917,1.3606099999999999,2638.0
2026-05-01 14:00:00,1.3606099999999999,1.36228,1.3606,1.36203,2925.0
2026-05-01 15:00:00,1.36204,1.36432,1.36158,1.36298,5354.0
2026-05-01 16:00:00,1.36293,1.36396,1.36165,1.36374,5702.0
2026-05-01 17:00:00,1.36365,1.36579,1.36175,1.36233,7029.0
2026-05-01 18:00:00,1.36235,1.36303,1.36144,1.3618999999999999,5525.0
2026-05-01 19:00:00,1.3618999999999999,1.36233,1.35987,1.3599,4878.0
2026-05-01 20:00:00,1.3599,1.36018,1.35887,1.3593600000000001,3756.0
2026-05-04 00:00:00,1.35898,1.3602400000000001,1.3585,1.36019,279.0
2026-05-04 01:00:00,1.36019,1.36035,1.35843,1.35895,1471.0
2026-05-04 02:00:00,1.35895,1.35903,1.35801,1.35811,1413.0
2026-05-04 03:00:00,1.35807,1.35873,1.3575,1.35868,3388.0
2026-05-04 04:00:00,1.35867,1.35877,1.35765,1.35843,3154.0
2026-05-04 05:00:00,1.3584399999999999,1.359,1.35799,1.35853,2736.0
2026-05-04 06:00:00,1.3585099999999999,1.36014,1.35827,1.35977,3353.0
2026-05-04 07:00:00,1.35978,1.3599,1.3586,1.35877,2281.0
2026-05-04 08:00:00,1.35879,1.35935,1.35855,1.35924,2830.0
2026-05-04 09:00:00,1.35924,1.35985,1.35758,1.35806,4021.0
2026-05-04 10:00:00,1.35807,1.35809,1.3563,1.35662,4292.0
2026-05-04 11:00:00,1.35663,1.35672,1.35592,1.35609,4149.0
2026-05-04 12:00:00,1.35609,1.35664,1.3556599999999999,1.3559,2917.0
2026-05-04 13:00:00,1.35588,1.35596,1.3523399999999999,1.35454,6424.0
2026-05-04 14:00:00,1.35455,1.35508,1.3534,1.3541,4701.0
2026-05-04 15:00:00,1.3541,1.3563399999999999,1.3538999999999999,1.3557000000000001,4396.0
2026-05-04 16:00:00,1.35571,1.35678,1.35484,1.35601,5395.0
2026-05-04 17:00:00,1.35602,1.3569200000000001,1.35501,1.35533,5095.0
2026-05-04 18:00:00,1.3553600000000001,1.35592,1.35249,1.35328,7810.0
2026-05-04 19:00:00,1.35327,1.35365,1.35124,1.35189,7581.0
2026-05-04 20:00:00,1.35189,1.354,1.35187,1.3533,4423.0
2026-05-04 21:00:00,1.3532899999999999,1.35371,1.35259,1.3537,3589.0
2026-05-04 22:00:00,1.35369,1.3542399999999999,1.35318,1.35371,4419.0
2026-05-04 23:00:00,1.3537,1.35371,1.3526799999999999,1.35304,2117.0
2026-05-05 00:00:00,1.3529499999999999,1.35313,1.3519999999999999,1.35264,936.0
2026-05-05 01:00:00,1.3526799999999999,1.35305,1.35252,1.35282,899.0
2026-05-05 02:00:00,1.35282,1.3532199999999999,1.3528,1.35313,998.0
2026-05-05 03:00:00,1.35308,1.35347,1.3523100000000001,1.35248,2753.0
2026-05-05 04:00:00,1.35247,1.35272,1.3518,1.35259,2778.0
2026-05-05 05:00:00,1.35259,1.3532,1.35253,1.35259,2344.0
2026-05-05 06:00:00,1.35254,1.35273,1.3521,1.35213,1287.0
2026-05-05 07:00:00,1.35213,1.35279,1.3515,1.35158,2148.0
2026-05-05 08:00:00,1.35157,1.35251,1.35137,1.35191,2817.0
2026-05-05 09:00:00,1.35192,1.35361,1.35149,1.35312,4159.0
2026-05-05 10:00:00,1.3532199999999999,1.35477,1.35314,1.35378,4009.0
2026-05-05 11:00:00,1.35377,1.35506,1.35374,1.3542100000000001,3923.0
2026-05-05 12:00:00,1.35422,1.35469,1.3532199999999999,1.35422,4272.0
2026-05-05 13:00:00,1.3542100000000001,1.3550900000000001,1.35381,1.3546,3253.0
2026-05-05 14:00:00,1.35459,1.35471,1.35309,1.35409,4136.0
2026-05-05 15:00:00,1.35408,1.35496,1.35318,1.35439,4470.0
2026-05-05 16:00:00,1.35439,1.35591,1.35435,1.35534,4690.0
2026-05-05 17:00:00,1.35511,1.35674,1.35495,1.35643,6185.0
2026-05-05 18:00:00,1.35644,1.3578299999999999,1.35616,1.3574,4338.0
2026-05-05 19:00:00,1.35739,1.35761,1.35549,1.3556,3697.0
2026-05-05 20:00:00,1.3556,1.35591,1.35476,1.35506,3166.0
2026-05-05 21:00:00,1.35507,1.35534,1.35459,1.35489,2512.0
2026-05-05 22:00:00,1.3549,1.3550900000000001,1.35408,1.35429,2584.0
2026-05-05 23:00:00,1.35429,1.3544399999999999,1.35373,1.35378,1392.0
2026-05-06 00:00:00,1.35379,1.3553,1.35338,1.35377,631.0
2026-05-06 01:00:00,1.35378,1.35611,1.35378,1.3557299999999999,1494.0
2026-05-06 02:00:00,1.35574,1.35799,1.35569,1.35679,2534.0
2026-05-06 03:00:00,1.35679,1.35775,1.35648,1.3574899999999999,3991.0
2026-05-06 04:00:00,1.35748,1.35799,1.35727,1.35739,3800.0
2026-05-06 05:00:00,1.3574,1.35781,1.3566,1.35684,2515.0
2026-05-06 06:00:00,1.35683,1.3572,1.35638,1.35649,2555.0
2026-05-06 07:00:00,1.35649,1.35955,1.35633,1.35896,5285.0
2026-05-06 08:00:00,1.35895,1.35915,1.3583,1.35861,3424.0
2026-05-06 09:00:00,1.35862,1.3590200000000001,1.35811,1.35889,4485.0
2026-05-06 10:00:00,1.35889,1.3599,1.3584,1.35986,4329.0
2026-05-06 11:00:00,1.35987,1.36345,1.3592,1.3626,5805.0
2026-05-06 12:00:00,1.36259,1.3629,1.36139,1.36261,5987.0
2026-05-06 13:00:00,1.3626,1.3643399999999999,1.36138,1.36369,5698.0
2026-05-06 14:00:00,1.3637000000000001,1.3642,1.36202,1.36233,5905.0
2026-05-06 15:00:00,1.36236,1.36238,1.36077,1.36116,6530.0
2026-05-06 16:00:00,1.36115,1.36172,1.36007,1.36078,6756.0
2026-05-06 17:00:00,1.36078,1.36195,1.35988,1.36041,6465.0
2026-05-06 18:00:00,1.3604,1.36041,1.3594,1.35957,5731.0
2026-05-06 19:00:00,1.35956,1.35962,1.35786,1.35834,4747.0
2026-05-06 20:00:00,1.35835,1.35994,1.35815,1.35923,3694.0
2026-05-06 21:00:00,1.35923,1.3597299999999999,1.35889,1.35941,2794.0
2026-05-06 22:00:00,1.35942,1.35992,1.35921,1.35934,3282.0
2026-05-06 23:00:00,1.35933,1.35956,1.35892,1.35931,1679.0
2026-05-07 00:00:00,1.35911,1.35931,1.35855,1.35901,409.0
2026-05-07 01:00:00,1.35901,1.35948,1.35886,1.35946,782.0
2026-05-07 02:00:00,1.35946,1.35965,1.35906,1.35913,924.0
2026-05-07 03:00:00,1.35913,1.35993,1.359,1.35921,3608.0
2026-05-07 04:00:00,1.35922,1.36082,1.35904,1.3605,3141.0
2026-05-07 05:00:00,1.36049,1.36083,1.36007,1.36037,2884.0
2026-05-07 06:00:00,1.36036,1.36036,1.3593,1.3593,2282.0
2026-05-07 07:00:00,1.3593,1.36012,1.35913,1.35976,1806.0
2026-05-07 08:00:00,1.35976,1.36002,1.3594,1.35947,2180.0
2026-05-07 09:00:00,1.35946,1.36082,1.3591,1.36003,4277.0
2026-05-07 10:00:00,1.36001,1.3624399999999999,1.35999,1.36208,5359.0
2026-05-07 11:00:00,1.36211,1.36245,1.36147,1.36222,4268.0
2026-05-07 12:00:00,1.36221,1.36242,1.36174,1.3618999999999999,3913.0
2026-05-07 13:00:00,1.3618700000000001,1.36304,1.36169,1.36199,3824.0
2026-05-07 14:00:00,1.362,1.36243,1.36094,1.36178,4035.0
2026-05-07 15:00:00,1.36181,1.36287,1.3617,1.36234,4838.0
2026-05-07 16:00:00,1.36235,1.36288,1.36155,1.36188,5597.0
2026-05-07 17:00:00,1.36189,1.3631,1.36139,1.3630200000000001,5248.0
2026-05-07 18:00:00,1.3630200000000001,1.36324,1.3607,1.36079,5575.0
2026-05-07 19:00:00,1.3608,1.361,1.3590499999999999,1.3594300000000001,5894.0
2026-05-07 20:00:00,1.35944,1.3595,1.35689,1.35833,6298.0
2026-05-07 21:00:00,1.35832,1.3584800000000001,1.35702,1.35803,5218.0
2026-05-07 22:00:00,1.35807,1.35847,1.35618,1.3562400000000001,4235.0
2026-05-07 23:00:00,1.35623,1.35758,1.35464,1.35492,2930.0
2026-05-08 00:00:00,1.3553,1.35675,1.3546,1.35487,379.0
2026-05-08 01:00:00,1.35481,1.35541,1.35473,1.35473,1433.0
2026-05-08 02:00:00,1.35473,1.3556300000000001,1.35473,1.35555,923.0
2026-05-08 03:00:00,1.35558,1.35611,1.35488,1.3551,3194.0
2026-05-08 04:00:00,1.3551,1.35595,1.3551,1.35585,3389.0
2026-05-08 05:00:00,1.35585,1.35609,1.35498,1.3556,2713.0
2026-05-08 06:00:00,1.3556,1.35603,1.35529,1.3554599999999999,2192.0
2026-05-08 07:00:00,1.35545,1.35684,1.35496,1.35651,2524.0
2026-05-08 08:00:00,1.35651,1.3577,1.35651,1.35743,2203.0
2026-05-08 09:00:00,1.35744,1.35903,1.3572899999999999,1.35858,3396.0
2026-05-08 10:00:00,1.35859,1.35891,1.35779,1.35818,3678.0
2026-05-08 11:00:00,1.35815,1.36151,1.35786,1.36136,3767.0
2026-05-08 12:00:00,1.36136,1.36229,1.36123,1.3614899999999999,3046.0
2026-05-08 13:00:00,1.3614899999999999,1.3618999999999999,1.36019,1.36028,3444.0
2026-05-08 14:00:00,1.36029,1.36133,1.36003,1.36129,3557.0
2026-05-08 15:00:00,1.3613,1.3624399999999999,1.35982,1.36138,5316.0
2026-05-08 16:00:00,1.36138,1.36308,1.36062,1.36256,5992.0
2026-05-08 17:00:00,1.36257,1.36276,1.36099,1.36252,5631.0
2026-05-08 18:00:00,1.36252,1.36292,1.3617,1.36237,4225.0
2026-05-08 19:00:00,1.36238,1.36307,1.36159,1.36172,3376.0
2026-05-08 20:00:00,1.36171,1.36238,1.36162,1.36197,2507.0
2026-05-11 00:00:00,1.35495,1.35842,1.35494,1.35651,1190.0
2026-05-11 01:00:00,1.35651,1.35898,1.35639,1.35896,1720.0
2026-05-11 02:00:00,1.35896,1.3597000000000001,1.35896,1.3594,1173.0
2026-05-11 03:00:00,1.3594,1.36011,1.3591,1.35991,3041.0
2026-05-11 04:00:00,1.3599,1.36008,1.35901,1.3593199999999999,3995.0
2026-05-11 05:00:00,1.35931,1.35982,1.35903,1.3590499999999999,2011.0
2026-05-11 06:00:00,1.35903,1.35938,1.35884,1.35894,2454.0
2026-05-11 07:00:00,1.35894,1.3590200000000001,1.35791,1.35811,1504.0
2026-05-11 08:00:00,1.3580999999999999,1.35886,1.358,1.3584,2129.0
2026-05-11 09:00:00,1.3584100000000001,1.35989,1.35807,1.35988,3933.0
2026-05-11 10:00:00,1.3599999999999999,1.3603,1.3596300000000001,1.35998,3020.0
2026-05-11 11:00:00,1.35998,1.36145,1.35987,1.36077,3610.0
2026-05-11 12:00:00,1.36077,1.36124,1.35991,1.35992,3039.0
2026-05-11 13:00:00,1.35991,1.36044,1.35858,1.35885,3956.0
2026-05-11 14:00:00,1.35886,1.3614600000000001,1.35884,1.36071,3585.0
2026-05-11 15:00:00,1.36076,1.3615599999999999,1.3599700000000001,1.36111,4566.0
2026-05-11 16:00:00,1.36117,1.36296,1.36109,1.36237,4395.0
2026-05-11 17:00:00,1.36237,1.36395,1.36171,1.3639299999999999,5374.0
2026-05-11 18:00:00,1.36391,1.3653,1.36374,1.36496,4403.0
2026-05-11 19:00:00,1.36496,1.36498,1.36377,1.36411,3333.0
2026-05-11 20:00:00,1.36411,1.36453,1.36358,1.3642699999999999,3679.0
2026-05-11 21:00:00,1.3642699999999999,1.36443,1.36273,1.36288,3221.0
2026-05-11 22:00:00,1.36288,1.36298,1.36167,1.36179,3349.0
2026-05-11 23:00:00,1.36182,1.36201,1.36073,1.3609200000000001,1877.0
2026-05-12 00:00:00,1.3609,1.36096,1.3604,1.36047,539.0
2026-05-12 01:00:00,1.36064,1.36098,1.36056,1.36078,921.0
2026-05-12 02:00:00,1.36077,1.361,1.3603100000000001,1.36042,754.0
2026-05-12 03:00:00,1.36041,1.36049,1.35931,1.35938,2731.0
2026-05-12 04:00:00,1.35938,1.35957,1.358,1.3587099999999999,4168.0
2026-05-12 05:00:00,1.3587099999999999,1.35928,1.35856,1.3590900000000001,2412.0
2026-05-12 06:00:00,1.3591,1.35919,1.35815,1.3583,2325.0
2026-05-12 07:00:00,1.35831,1.3587,1.35799,1.35846,2150.0
2026-05-12 08:00:00,1.35846,1.35861,1.35687,1.35738,3223.0
2026-05-12 09:00:00,1.35738,1.35799,1.35443,1.35453,4691.0
2026-05-12 10:00:00,1.35454,1.3550200000000001,1.35148,1.35183,5150.0
2026-05-12 11:00:00,1.35183,1.35359,1.35022,1.35302,5777.0
2026-05-12 12:00:00,1.35302,1.35484,1.35224,1.35392,4997.0
2026-05-12 13:00:00,1.35392,1.35532,1.35327,1.3533,3910.0
2026-05-12 14:00:00,1.35331,1.35449,1.35227,1.35324,4644.0
2026-05-12 15:00:00,1.35324,1.35431,1.35131,1.35372,6228.0
2026-05-12 16:00:00,1.35372,1.35429,1.35073,1.35107,6870.0
2026-05-12 17:00:00,1.35108,1.35372,1.35106,1.35243,6650.0
2026-05-12 18:00:00,1.35243,1.35288,1.35004,1.3526500000000001,6281.0
2026-05-12 19:00:00,1.3526500000000001,1.35309,1.35152,1.35181,4566.0
2026-05-12 20:00:00,1.3518,1.35286,1.35174,1.35232,3436.0
2026-05-12 21:00:00,1.3523100000000001,1.35333,1.35163,1.35318,3677.0
2026-05-12 22:00:00,1.3531900000000001,1.35442,1.3531900000000001,1.35398,3060.0
2026-05-12 23:00:00,1.35396,1.3541,1.35357,1.35405,1367.0
2026-05-13 00:00:00,1.35375,1.3538999999999999,1.3528,1.35333,556.0
2026-05-13 01:00:00,1.35334,1.3542399999999999,1.35333,1.35401,666.0
2026-05-13 02:00:00,1.35401,1.35426,1.35348,1.35352,814.0
2026-05-13 03:00:00,1.3535,1.35389,1.35304,1.35367,3088.0
2026-05-13 04:00:00,1.35367,1.35456,1.35284,1.35413,3162.0
2026-05-13 05:00:00,1.35411,1.35463,1.35368,1.35382,2455.0
2026-05-13 06:00:00,1.35382,1.35402,1.3531,1.35378,2625.0
2026-05-13 07:00:00,1.35378,1.3538299999999999,1.3532,1.35341,1445.0
2026-05-13 08:00:00,1.35342,1.35495,1.35337,1.35487,2744.0
2026-05-13 09:00:00,1.35487,1.35513,1.3523399999999999,1.35281,4292.0
2026-05-13 10:00:00,1.35282,1.35373,1.35201,1.3520699999999999,4908.0
2026-05-13 11:00:00,1.3520400000000001,1.35333,1.35188,1.35244,4045.0
2026-05-13 12:00:00,1.35246,1.35246,1.35068,1.3518,4218.0
2026-05-13 13:00:00,1.35181,1.35219,1.34946,1.35072,5301.0
2026-05-13 14:00:00,1.35072,1.35102,1.34994,1.35037,3765.0
2026-05-13 15:00:00,1.35038,1.35103,1.34847,1.3490199999999999,5422.0
2026-05-13 16:00:00,1.3490199999999999,1.3517700000000001,1.3490199999999999,1.35142,5795.0
2026-05-13 17:00:00,1.35141,1.35206,1.35047,1.35135,6105.0
2026-05-13 18:00:00,1.35135,1.35293,1.35125,1.3519,4903.0
2026-05-13 19:00:00,1.35191,1.35278,1.35122,1.35151,4020.0
2026-05-13 20:00:00,1.35151,1.35192,1.3510900000000001,1.35122,2870.0
2026-05-13 21:00:00,1.35122,1.3520400000000001,1.35115,1.35183,3417.0
2026-05-13 22:00:00,1.35183,1.35243,1.35182,1.35227,2891.0
2026-05-13 23:00:00,1.35226,1.35267,1.3520400000000001,1.3523100000000001,1951.0
2026-05-14 00:00:00,1.35208,1.35228,1.35144,1.35184,337.0
2026-05-14 01:00:00,1.35196,1.35321,1.35182,1.35274,833.0
2026-05-14 02:00:00,1.35276,1.3529499999999999,1.35248,1.35267,1210.0
2026-05-14 03:00:00,1.35266,1.3532600000000001,1.35249,1.35297,2330.0
2026-05-14 04:00:00,1.35296,1.35311,1.35208,1.35222,2899.0
2026-05-14 05:00:00,1.35222,1.3526500000000001,1.35216,1.35236,2455.0
2026-05-14 06:00:00,1.35235,1.35298,1.35225,1.35267,1673.0
2026-05-14 07:00:00,1.35267,1.35327,1.35251,1.3528,1886.0
2026-05-14 08:00:00,1.35282,1.3529200000000001,1.3514,1.3514,3325.0
2026-05-14 09:00:00,1.3513899999999999,1.35325,1.35128,1.35273,3268.0
2026-05-14 10:00:00,1.35272,1.35272,1.35047,1.35058,4163.0
2026-05-14 11:00:00,1.35054,1.3520699999999999,1.35033,1.35198,3432.0
2026-05-14 12:00:00,1.3519700000000001,1.3520699999999999,1.35098,1.35114,2817.0
2026-05-14 13:00:00,1.35113,1.3520400000000001,1.35091,1.35118,3596.0
2026-05-14 14:00:00,1.35118,1.35174,1.3496000000000001,1.35002,3792.0
2026-05-14 15:00:00,1.35003,1.35182,1.34966,1.35077,4521.0
2026-05-14 16:00:00,1.35076,1.35104,1.34893,1.35,5420.0
2026-05-14 17:00:00,1.34994,1.35128,1.34832,1.34839,5303.0
2026-05-14 18:00:00,1.34837,1.34873,1.34729,1.3477700000000001,4922.0
2026-05-14 19:00:00,1.34776,1.34787,1.3432,1.3443100000000001,5596.0
2026-05-14 20:00:00,1.3443100000000001,1.34462,1.34101,1.34104,3998.0
2026-05-14 21:00:00,1.34105,1.34105,1.3395000000000001,1.34057,3533.0
2026-05-14 22:00:00,1.34056,1.34084,1.33964,1.34,3056.0
2026-05-14 23:00:00,1.34002,1.34028,1.3395299999999999,1.34006,1536.0
2026-05-15 00:00:00,1.3400699999999999,1.34036,1.33948,1.34008,509.0
2026-05-15 01:00:00,1.34008,1.34039,1.33976,1.33993,984.0
2026-05-15 02:00:00,1.33993,1.33994,1.3384800000000001,1.33908,1628.0
2026-05-15 03:00:00,1.33907,1.33922,1.33745,1.33804,3664.0
2026-05-15 04:00:00,1.33804,1.3382100000000001,1.33643,1.33667,4752.0
2026-05-15 05:00:00,1.33667,1.33806,1.3363800000000001,1.33755,2747.0
2026-05-15 06:00:00,1.33754,1.33774,1.3373,1.33761,2160.0
2026-05-15 07:00:00,1.33761,1.33761,1.33631,1.33635,2354.0
2026-05-15 08:00:00,1.33636,1.33636,1.33407,1.33426,4356.0
2026-05-15 09:00:00,1.33422,1.33593,1.3335,1.33507,5402.0
2026-05-15 10:00:00,1.33506,1.33755,1.3345500000000001,1.3364099999999999,5487.0
2026-05-15 11:00:00,1.33643,1.33664,1.33418,1.33457,5676.0
2026-05-15 12:00:00,1.33461,1.33515,1.3328,1.33481,5477.0
2026-05-15 13:00:00,1.33487,1.33934,1.3348200000000001,1.33822,5096.0
2026-05-15 14:00:00,1.33822,1.33842,1.33588,1.33598,4194.0
2026-05-15 15:00:00,1.33597,1.33625,1.33405,1.33535,5581.0
2026-05-15 16:00:00,1.33536,1.33632,1.33374,1.3341,6973.0
2026-05-15 17:00:00,1.3341,1.33624,1.33353,1.33442,7850.0
2026-05-15 18:00:00,1.33442,1.33461,1.33163,1.3330600000000001,6599.0
2026-05-15 19:00:00,1.3330600000000001,1.33355,1.33203,1.33308,4858.0
2026-05-15 20:00:00,1.3330600000000001,1.33384,1.3324799999999999,1.33283,4061.0
2026-05-18 00:00:00,1.33186,1.33223,1.3317,1.33188,250.0
2026-05-18 01:00:00,1.3319,1.33234,1.33109,1.33164,1766.0
2026-05-18 02:00:00,1.33164,1.33216,1.33077,1.33095,2631.0
2026-05-18 03:00:00,1.33095,1.3318699999999999,1.33049,1.33087,5193.0
2026-05-18 04:00:00,1.33086,1.33137,1.3302399999999999,1.3311600000000001,5359.0
2026-05-18 05:00:00,1.3311600000000001,1.33164,1.33054,1.33086,3842.0
2026-05-18 06:00:00,1.3308499999999999,1.33154,1.33072,1.33132,3673.0
2026-05-18 07:00:00,1.33132,1.33195,1.33122,1.33156,3177.0
2026-05-18 08:00:00,1.33156,1.33255,1.33132,1.33232,2977.0
2026-05-18 09:00:00,1.33231,1.33585,1.33221,1.33557,4668.0
2026-05-18 10:00:00,1.33558,1.3358400000000001,1.3343,1.33526,4996.0
2026-05-18 11:00:00,1.33526,1.33843,1.33501,1.33772,4780.0
2026-05-18 12:00:00,1.33772,1.33781,1.33605,1.33623,3174.0
2026-05-18 13:00:00,1.33623,1.3367499999999999,1.33465,1.33473,4170.0
2026-05-18 14:00:00,1.33472,1.33815,1.33471,1.3376299999999999,5743.0
2026-05-18 15:00:00,1.3376299999999999,1.3403,1.33751,1.3395299999999999,6347.0
2026-05-18 16:00:00,1.3395299999999999,1.34017,1.33801,1.33911,6010.0
2026-05-18 17:00:00,1.33911,1.34003,1.33814,1.33939,6900.0
2026-05-18 18:00:00,1.3394,1.34275,1.33819,1.34182,6719.0
2026-05-18 19:00:00,1.34182,1.34497,1.34152,1.34294,5207.0
2026-05-18 20:00:00,1.34291,1.34349,1.3422,1.3422100000000001,4307.0
2026-05-18 21:00:00,1.3422100000000001,1.34232,1.3401399999999999,1.34017,4766.0
2026-05-18 22:00:00,1.34022,1.34347,1.34005,1.34299,6086.0
2026-05-18 23:00:00,1.343,1.34391,1.34296,1.34329,2045.0
2026-05-19 00:00:00,1.34317,1.34331,1.34235,1.34257,379.0
2026-05-19 01:00:00,1.3424800000000001,1.34374,1.3424800000000001,1.34344,865.0
2026-05-19 02:00:00,1.34344,1.34367,1.3431199999999999,1.34315,1062.0
2026-05-19 03:00:00,1.34314,1.34345,1.3418999999999999,1.34195,3878.0
2026-05-19 04:00:00,1.3419400000000001,1.34252,1.34132,1.34172,4090.0
2026-05-19 05:00:00,1.34171,1.34184,1.3409,1.34161,4052.0
2026-05-19 06:00:00,1.34161,1.3419400000000001,1.34128,1.3413300000000001,2642.0
2026-05-19 07:00:00,1.34134,1.34155,1.3406,1.34061,2632.0
2026-05-19 08:00:00,1.34061,1.34179,1.34001,1.34131,3677.0
2026-05-19 09:00:00,1.3413599999999999,1.34166,1.3397299999999999,1.33998,4353.0
2026-05-19 10:00:00,1.3399,1.34067,1.33902,1.34022,4695.0
2026-05-19 11:00:00,1.34022,1.34025,1.3389,1.33928,4710.0
2026-05-19 12:00:00,1.33928,1.3408,1.33872,1.34074,3801.0
2026-05-19 13:00:00,1.34074,1.34159,1.33934,1.34074,4346.0
2026-05-19 14:00:00,1.34074,1.34096,1.34025,1.34033,4286.0
2026-05-19 15:00:00,1.3403399999999999,1.34195,1.34024,1.3408,5191.0
2026-05-19 16:00:00,1.34073,1.3407499999999999,1.33859,1.34021,7352.0
2026-05-19 17:00:00,1.3402,1.34025,1.33784,1.33926,8236.0
2026-05-19 18:00:00,1.33927,1.34015,1.33891,1.33988,5953.0
2026-05-19 19:00:00,1.33988,1.34026,1.33881,1.33992,5196.0
2026-05-19 20:00:00,1.33993,1.34122,1.33993,1.34086,3388.0
2026-05-19 21:00:00,1.34086,1.34117,1.33969,1.33972,3777.0
2026-05-19 22:00:00,1.33972,1.3404,1.33965,1.34002,3324.0
2026-05-19 23:00:00,1.34002,1.3403,1.33934,1.3394,1742.0
2026-05-20 00:00:00,1.33938,1.33986,1.3392,1.33963,1086.0
2026-05-20 01:00:00,1.3397700000000001,1.33988,1.33951,1.33975,1025.0
2026-05-20 02:00:00,1.33976,1.34043,1.33955,1.33957,1236.0
2026-05-20 03:00:00,1.33955,1.34017,1.33872,1.3389199999999999,4796.0
2026-05-20 04:00:00,1.3389199999999999,1.3392,1.33781,1.33867,5087.0
2026-05-20 05:00:00,1.33867,1.33964,1.33835,1.33907,3990.0
2026-05-20 06:00:00,1.33907,1.34032,1.33876,1.33995,3890.0
2026-05-20 07:00:00,1.33997,1.34064,1.33895,1.33907,3681.0
2026-05-20 08:00:00,1.33907,1.3397700000000001,1.33844,1.33844,4112.0
2026-05-20 09:00:00,1.33836,1.34069,1.3373300000000001,1.33867,5089.0
2026-05-20 10:00:00,1.33866,1.33979,1.33825,1.3385799999999999,4490.0
2026-05-20 11:00:00,1.33856,1.33929,1.33752,1.3382100000000001,5171.0
2026-05-20 12:00:00,1.33817,1.33926,1.33804,1.33826,3925.0
2026-05-20 13:00:00,1.33826,1.33987,1.33811,1.33969,4160.0
2026-05-20 14:00:00,1.33969,1.3408,1.33945,1.33998,3760.0
2026-05-20 15:00:00,1.33997,1.34062,1.33961,1.33976,4151.0
2026-05-20 16:00:00,1.33976,1.34061,1.33911,1.3393,5221.0
2026-05-20 17:00:00,1.33929,1.34405,1.33832,1.34326,9178.0
2026-05-20 18:00:00,1.34327,1.34634,1.34212,1.3441,8336.0
2026-05-20 19:00:00,1.3441,1.3454,1.34352,1.34417,6315.0
2026-05-20 20:00:00,1.3442,1.34464,1.34353,1.34354,5710.0
2026-05-20 21:00:00,1.34355,1.34493,1.34325,1.34425,4309.0
2026-05-20 22:00:00,1.34424,1.34508,1.34372,1.3437700000000001,3589.0
2026-05-20 23:00:00,1.34376,1.34408,1.34328,1.34335,2203.0
2026-05-21 00:00:00,1.34321,1.34365,1.3432,1.34347,281.0
2026-05-21 01:00:00,1.34347,1.34388,1.34335,1.34362,1005.0
2026-05-21 02:00:00,1.34362,1.34385,1.34323,1.34341,1209.0
2026-05-21 03:00:00,1.3434,1.34396,1.34284,1.34371,3728.0
2026-05-21 04:00:00,1.34372,1.34455,1.34311,1.34342,3868.0
2026-05-21 05:00:00,1.3434300000000001,1.34375,1.34191,1.3425500000000001,3321.0
2026-05-21 06:00:00,1.3425500000000001,1.34314,1.3425500000000001,1.34269,2033.0
2026-05-21 07:00:00,1.34268,1.34332,1.34257,1.34314,1980.0
2026-05-21 08:00:00,1.34314,1.34335,1.34263,1.3433,2422.0
2026-05-21 09:00:00,1.34329,1.34395,1.34276,1.34344,4157.0
2026-05-21 10:00:00,1.34345,1.34396,1.34155,1.34296,5632.0
2026-05-21 11:00:00,1.34298,1.34546,1.34277,1.34355,5844.0
2026-05-21 12:00:00,1.34354,1.3446500000000001,1.34326,1.34421,4667.0
2026-05-21 13:00:00,1.3442,1.3446,1.34152,1.34244,5885.0
2026-05-21 14:00:00,1.34244,1.34392,1.34188,1.3421699999999999,4142.0
2026-05-21 15:00:00,1.34218,1.34298,1.34107,1.34138,5877.0
2026-05-21 16:00:00,1.34138,1.34208,1.33887,1.34063,6868.0
2026-05-21 17:00:00,1.34064,1.3413,1.33963,1.34113,6640.0
2026-05-21 18:00:00,1.34113,1.34122,1.33956,1.34053,6289.0
2026-05-21 19:00:00,1.34053,1.34105,1.34009,1.34082,5193.0
2026-05-21 20:00:00,1.34083,1.34493,1.34054,1.3443100000000001,7469.0
2026-05-21 21:00:00,1.34424,1.34483,1.34207,1.34262,5751.0
2026-05-21 22:00:00,1.34262,1.3441100000000001,1.34254,1.34358,4281.0
2026-05-21 23:00:00,1.34363,1.34408,1.3427,1.34288,1783.0
2026-05-22 00:00:00,1.34283,1.34331,1.34205,1.34252,1253.0
2026-05-22 01:00:00,1.34274,1.34344,1.34267,1.34328,790.0
2026-05-22 02:00:00,1.34328,1.3434,1.3431,1.34322,939.0
2026-05-22 03:00:00,1.34321,1.34326,1.34246,1.3425500000000001,3622.0
2026-05-22 04:00:00,1.34252,1.34308,1.34238,1.34252,3433.0
2026-05-22 05:00:00,1.3425,1.34305,1.34245,1.34271,2015.0
2026-05-22 06:00:00,1.34271,1.34284,1.34231,1.34262,1643.0
2026-05-22 07:00:00,1.34262,1.3432,1.3425500000000001,1.34306,1854.0
2026-05-22 08:00:00,1.34306,1.34325,1.34195,1.34225,2384.0
2026-05-22 09:00:00,1.34225,1.3428499999999999,1.3417,1.34246,4054.0
2026-05-22 10:00:00,1.34245,1.34259,1.3413300000000001,1.3425099999999999,3364.0
2026-05-22 11:00:00,1.3425,1.34385,1.34231,1.34262,4144.0
2026-05-22 12:00:00,1.3426,1.3428200000000001,1.34167,1.34273,3674.0
2026-05-22 13:00:00,1.34273,1.34324,1.34203,1.34233,3508.0
2026-05-22 14:00:00,1.34233,1.3425500000000001,1.34189,1.34211,2949.0
2026-05-22 15:00:00,1.34211,1.34372,1.34168,1.34366,4716.0
2026-05-22 16:00:00,1.34372,1.34629,1.34332,1.3437700000000001,5779.0
2026-05-22 17:00:00,1.34348,1.34375,1.3418,1.3434,7004.0
2026-05-22 18:00:00,1.3434,1.3443399999999999,1.34292,1.3437000000000001,4923.0
2026-05-22 19:00:00,1.3437000000000001,1.3446500000000001,1.34336,1.34444,4079.0
2026-05-22 20:00:00,1.34443,1.34536,1.34427,1.3449200000000001,4767.0
2026-05-25 00:00:00,1.34536,1.34555,1.34476,1.34487,336.0
2026-05-25 01:00:00,1.34488,1.3486099999999999,1.34488,1.3484099999999999,1932.0
2026-05-25 02:00:00,1.3484099999999999,1.34882,1.34805,1.34811,1425.0
2026-05-25 03:00:00,1.3481,1.3488,1.34768,1.3479,2735.0
2026-05-25 04:00:00,1.3479,1.3490199999999999,1.3477299999999999,1.34801,2659.0
2026-05-25 05:00:00,1.34801,1.34837,1.34754,1.34768,1934.0
2026-05-25 06:00:00,1.34768,1.34794,1.34744,1.34751,2027.0
2026-05-25 07:00:00,1.3475,1.34854,1.34745,1.3483100000000001,1362.0
2026-05-25 08:00:00,1.3483100000000001,1.34889,1.34811,1.34824,1686.0
2026-05-25 09:00:00,1.34823,1.34874,1.34785,1.3486099999999999,2807.0
2026-05-25 10:00:00,1.34864,1.34866,1.34707,1.34848,3978.0
2026-05-25 11:00:00,1.34847,1.34938,1.34786,1.34936,2333.0
2026-05-25 12:00:00,1.34936,1.34959,1.34915,1.34927,1730.0
2026-05-25 13:00:00,1.34927,1.34949,1.34894,1.34912,1611.0
2026-05-25 14:00:00,1.34912,1.35059,1.34875,1.3498299999999999,2497.0
2026-05-25 15:00:00,1.34985,1.35066,1.34969,1.35007,2579.0
2026-05-25 16:00:00,1.35007,1.3504,1.34939,1.3494,2825.0
2026-05-25 17:00:00,1.3494,1.3502,1.3492600000000001,1.35008,2688.0
2026-05-25 18:00:00,1.35006,1.35052,1.34958,1.35019,2432.0
2026-05-25 19:00:00,1.35019,1.3505,1.34993,1.3504,1579.0
2026-05-25 20:00:00,1.35039,1.3507500000000001,1.35034,1.35056,775.0
2026-05-25 21:00:00,1.35056,1.35072,1.35047,1.35069,949.0
2026-05-25 22:00:00,1.35069,1.35091,1.35056,1.35081,944.0
2026-05-25 23:00:00,1.35081,1.3508499999999999,1.35053,1.35061,825.0
2026-05-26 00:00:00,1.3501,1.3505099999999999,1.34928,1.34999,578.0
2026-05-26 01:00:00,1.35027,1.35054,1.35002,1.35032,892.0
2026-05-26 02:00:00,1.35032,1.3505099999999999,1.34955,1.34958,1443.0
2026-05-26 03:00:00,1.34958,1.34969,1.34881,1.34944,3687.0
2026-05-26 04:00:00,1.34944,1.34951,1.34826,1.34871,3751.0
2026-05-26 05:00:00,1.34869,1.34903,1.3483100000000001,1.34871,2304.0
2026-05-26 06:00:00,1.34871,1.3492199999999999,1.34867,1.34885,1523.0
2026-05-26 07:00:00,1.34885,1.34889,1.34806,1.34808,1348.0
2026-05-26 08:00:00,1.34808,1.34816,1.3474300000000001,1.34752,2427.0
2026-05-26 09:00:00,1.34751,1.34851,1.34737,1.3477700000000001,3684.0
2026-05-26 10:00:00,1.34778,1.34783,1.34643,1.34748,4944.0
2026-05-26 11:00:00,1.34749,1.34809,1.34717,1.3475,3606.0
2026-05-26 12:00:00,1.3475,1.34849,1.34724,1.34839,3381.0
2026-05-26 13:00:00,1.34839,1.34893,1.34779,1.34847,3611.0
2026-05-26 14:00:00,1.34849,1.34894,1.34684,1.34693,4309.0
2026-05-26 15:00:00,1.34693,1.3475,1.34659,1.3467,4189.0
2026-05-26 16:00:00,1.3467,1.34702,1.34566,1.34635,5539.0
2026-05-26 17:00:00,1.34637,1.34689,1.34496,1.34496,5587.0
2026-05-26 18:00:00,1.3449499999999999,1.34503,1.3434599999999999,1.34359,5373.0
2026-05-26 19:00:00,1.34359,1.34488,1.34348,1.34412,3171.0
2026-05-26 20:00:00,1.34414,1.34482,1.34385,1.3441100000000001,2555.0
2026-05-26 21:00:00,1.34412,1.3446,1.34393,1.34449,2436.0
2026-05-26 22:00:00,1.34449,1.345,1.34425,1.34487,2324.0
2026-05-26 23:00:00,1.34487,1.34538,1.34447,1.34463,1291.0
2026-05-27 00:00:00,1.34453,1.34478,1.3436,1.34474,470.0
2026-05-27 01:00:00,1.34486,1.34515,1.34479,1.34505,951.0
2026-05-27 02:00:00,1.34505,1.3458999999999999,1.3449900000000001,1.34548,730.0
2026-05-27 03:00:00,1.34547,1.34581,1.34541,1.34555,2379.0
2026-05-27 04:00:00,1.34555,1.34557,1.34461,1.3447200000000001,3337.0
2026-05-27 05:00:00,1.3447200000000001,1.34543,1.34471,1.3452600000000001,2786.0
2026-05-27 06:00:00,1.3452600000000001,1.34586,1.34525,1.34548,1569.0
2026-05-27 07:00:00,1.34547,1.34566,1.34528,1.34541,1675.0
2026-05-27 08:00:00,1.3454,1.34569,1.34489,1.34496,2308.0
2026-05-27 09:00:00,1.3449499999999999,1.34561,1.34444,1.34523,3974.0
2026-05-27 10:00:00,1.3452600000000001,1.34565,1.3442,1.3443,3463.0
2026-05-27 11:00:00,1.34428,1.34519,1.34412,1.3446500000000001,3611.0
2026-05-27 12:00:00,1.3446500000000001,1.34522,1.3445,1.34454,2602.0
2026-05-27 13:00:00,1.34453,1.34462,1.34359,1.34409,3142.0
2026-05-27 14:00:00,1.3441,1.34427,1.34303,1.3434599999999999,3156.0
2026-05-27 15:00:00,1.3434599999999999,1.34567,1.34315,1.34401,6614.0
2026-05-27 16:00:00,1.34397,1.34489,1.34394,1.3446799999999999,6099.0
2026-05-27 17:00:00,1.34474,1.34581,1.34173,1.34188,6876.0
2026-05-27 18:00:00,1.34189,1.34317,1.3416299999999999,1.34292,6053.0
2026-05-27 19:00:00,1.34292,1.3431899999999999,1.34202,1.34308,3630.0
2026-05-27 20:00:00,1.3431,1.3431899999999999,1.34173,1.34266,3928.0
2026-05-27 21:00:00,1.34264,1.34311,1.3422100000000001,1.34298,2716.0
2026-05-27 22:00:00,1.34298,1.3433,1.3428499999999999,1.34304,2114.0
2026-05-27 23:00:00,1.34305,1.34328,1.34257,1.34268,1300.0
2026-05-28 00:00:00,1.34118,1.3428499999999999,1.34118,1.3424,401.0
2026-05-28 01:00:00,1.3424,1.3430900000000001,1.3424,1.34279,985.0
2026-05-28 02:00:00,1.34279,1.34291,1.34144,1.3416000000000001,1659.0
2026-05-28 03:00:00,1.34151,1.34201,1.34096,1.34135,3590.0
2026-05-28 04:00:00,1.34135,1.34141,1.33975,1.33986,3411.0
2026-05-28 05:00:00,1.33986,1.34067,1.33986,1.34018,2737.0
2026-05-28 06:00:00,1.34018,1.34037,1.33685,1.33686,4577.0
2026-05-28 07:00:00,1.33686,1.33782,1.3367499999999999,1.33778,3643.0
2026-05-28 08:00:00,1.33778,1.3396,1.33754,1.33921,2780.0
2026-05-28 09:00:00,1.33921,1.3408,1.33905,1.34039,4276.0
2026-05-28 10:00:00,1.34046,1.34116,1.33994,1.34026,4918.0
2026-05-28 11:00:00,1.3403,1.34069,1.3395000000000001,1.34019,3651.0
2026-05-28 12:00:00,1.34018,1.34098,1.33948,1.33958,3694.0
2026-05-28 13:00:00,1.33958,1.33981,1.33866,1.33891,4176.0
2026-05-28 14:00:00,1.33891,1.34104,1.3389,1.34067,3041.0
2026-05-28 15:00:00,1.34066,1.3425,1.3403,1.34208,4558.0
2026-05-28 16:00:00,1.34209,1.3428,1.34125,1.34125,5843.0
2026-05-28 17:00:00,1.3412600000000001,1.34511,1.34074,1.34329,8192.0
2026-05-28 18:00:00,1.34329,1.34419,1.34321,1.34358,5417.0
2026-05-28 19:00:00,1.34358,1.34482,1.34321,1.3446500000000001,4528.0
2026-05-28 20:00:00,1.34467,1.34481,1.34406,1.34457,3174.0
2026-05-28 21:00:00,1.34457,1.3448,1.34365,1.34405,3774.0
2026-05-28 22:00:00,1.34396,1.3444,1.34376,1.34392,2461.0
2026-05-28 23:00:00,1.34391,1.34435,1.34385,1.34428,1422.0
2026-05-29 00:00:00,1.34429,1.34457,1.3437299999999999,1.3440400000000001,220.0
2026-05-29 01:00:00,1.34442,1.34461,1.34416,1.34418,697.0
2026-05-29 02:00:00,1.34418,1.34455,1.34416,1.34439,838.0
2026-05-29 03:00:00,1.34439,1.34488,1.34396,1.34409,3016.0
2026-05-29 04:00:00,1.34409,1.34506,1.34382,1.34399,3249.0
2026-05-29 05:00:00,1.34398,1.34439,1.34382,1.34384,2045.0
2026-05-29 06:00:00,1.34384,1.3439,1.34305,1.34323,2184.0
2026-05-29 07:00:00,1.34324,1.34384,1.34321,1.34382,2021.0
2026-05-29 08:00:00,1.34384,1.34419,1.34359,1.34387,1660.0
2026-05-29 09:00:00,1.34386,1.34446,1.34356,1.34421,4014.0
2026-05-29 10:00:00,1.34418,1.34418,1.34177,1.3426,3711.0
2026-05-29 11:00:00,1.3425500000000001,1.34262,1.34084,1.34116,4235.0
2026-05-29 12:00:00,1.34116,1.3419400000000001,1.3409499999999999,1.34176,4284.0
2026-05-29 13:00:00,1.34175,1.34183,1.341,1.34178,3743.0
2026-05-29 14:00:00,1.34178,1.34297,1.3415599999999999,1.3429,3386.0
2026-05-29 15:00:00,1.34291,1.34344,1.34209,1.34341,4147.0
2026-05-29 16:00:00,1.34341,1.34471,1.3430900000000001,1.34389,4889.0
2026-05-29 17:00:00,1.34389,1.3481,1.34295,1.3477700000000001,6973.0
2026-05-29 18:00:00,1.34775,1.34854,1.34699,1.3474599999999999,6851.0
2026-05-29 19:00:00,1.3474599999999999,1.34757,1.34638,1.34672,5043.0
2026-05-29 20:00:00,1.34672,1.34698,1.3455599999999999,1.34559,3524.0
2026-06-01 00:00:00,1.34516,1.34566,1.34485,1.34503,1009.0
2026-06-01 01:00:00,1.34503,1.3456299999999999,1.34458,1.34491,2398.0
2026-06-01 02:00:00,1.34491,1.34589,1.34477,1.3451,2395.0
2026-06-01 03:00:00,1.34508,1.34545,1.34456,1.34515,3142.0
2026-06-01 04:00:00,1.34515,1.34539,1.34486,1.34537,2270.0
2026-06-01 05:00:00,1.34537,1.34562,1.34528,1.34558,1779.0
2026-06-01 06:00:00,1.34559,1.34593,1.34494,1.345,2087.0
2026-06-01 07:00:00,1.345,1.34578,1.34494,1.34571,1536.0
2026-06-01 08:00:00,1.34571,1.34659,1.3456299999999999,1.34631,2097.0
2026-06-01 09:00:00,1.34631,1.3476,1.3458,1.34726,3256.0
2026-06-01 10:00:00,1.34725,1.34727,1.3455300000000001,1.34607,4179.0
2026-06-01 11:00:00,1.34612,1.34735,1.34604,1.34708,3278.0
2026-06-01 12:00:00,1.34708,1.3475,1.34572,1.34598,3699.0
2026-06-01 13:00:00,1.34598,1.3465500000000001,1.34554,1.34631,3225.0
2026-06-01 14:00:00,1.34631,1.34662,1.34599,1.3465500000000001,3320.0
2026-06-01 15:00:00,1.3465500000000001,1.34688,1.34625,1.34639,4575.0
2026-06-01 16:00:00,1.34639,1.3464,1.34105,1.34135,8108.0
2026-06-01 17:00:00,1.3412600000000001,1.3437299999999999,1.3406799999999999,1.34371,5973.0
2026-06-01 18:00:00,1.34371,1.34557,1.34331,1.34493,5214.0
2026-06-01 19:00:00,1.34493,1.34628,1.34406,1.34607,4095.0
2026-06-01 20:00:00,1.34606,1.34701,1.34536,1.34647,4413.0
2026-06-01 21:00:00,1.34647,1.34659,1.34571,1.34572,2766.0
2026-06-01 22:00:00,1.34571,1.34612,1.34534,1.34591,2845.0
2026-06-01 23:00:00,1.34586,1.34609,1.3454,1.34545,1326.0
2026-06-02 00:00:00,1.34513,1.34599,1.3449900000000001,1.34525,1463.0
2026-06-02 01:00:00,1.34524,1.34596,1.34524,1.34582,1098.0
2026-06-02 02:00:00,1.34582,1.34607,1.34568,1.34598,1374.0
2026-06-02 03:00:00,1.34599,1.3462,1.34525,1.34537,2732.0
2026-06-02 04:00:00,1.34538,1.34613,1.34508,1.34519,3847.0
2026-06-02 05:00:00,1.34519,1.34568,1.3451,1.34537,2526.0
2026-06-02 06:00:00,1.34537,1.34589,1.34535,1.34583,1706.0
2026-06-02 07:00:00,1.34583,1.34647,1.34572,1.3464,1381.0
2026-06-02 08:00:00,1.3464,1.34669,1.34609,1.3461,1807.0
2026-06-02 09:00:00,1.34612,1.34816,1.34612,1.34782,3609.0
2026-06-02 10:00:00,1.34779,1.34788,1.3467799999999999,1.3471899999999999,4570.0
2026-06-02 11:00:00,1.3471899999999999,1.34756,1.34607,1.34634,3659.0
2026-06-02 12:00:00,1.34635,1.34707,1.34606,1.34703,2795.0
2026-06-02 13:00:00,1.34703,1.3474300000000001,1.34666,1.34679,2521.0
2026-06-02 14:00:00,1.34679,1.34771,1.34653,1.3473899999999999,3357.0
2026-06-02 15:00:00,1.3473899999999999,1.34775,1.34707,1.3472,3499.0
2026-06-02 16:00:00,1.34721,1.34776,1.34671,1.34704,4287.0
2026-06-02 17:00:00,1.34703,1.34806,1.34632,1.34721,4849.0
2026-06-02 18:00:00,1.34722,1.34802,1.34715,1.34791,3773.0
2026-06-02 19:00:00,1.34792,1.3479999999999999,1.34646,1.34662,3072.0
2026-06-02 20:00:00,1.34662,1.34677,1.34574,1.34591,3112.0
2026-06-02 21:00:00,1.34593,1.34705,1.34532,1.3469,3270.0
2026-06-02 22:00:00,1.34691,1.34721,1.34676,1.34686,1880.0
2026-06-02 23:00:00,1.34687,1.34718,1.34632,1.34634,1359.0
2026-06-03 00:00:00,1.34646,1.3465799999999999,1.34578,1.34591,727.0
2026-06-03 01:00:00,1.34647,1.34673,1.34616,1.34619,935.0
2026-06-03 02:00:00,1.34619,1.34626,1.3450199999999999,1.34527,2319.0
2026-06-03 03:00:00,1.34525,1.34671,1.34516,1.34659,2451.0
2026-06-03 04:00:00,1.34659,1.3472,1.34619,1.34674,2911.0
2026-06-03 05:00:00,1.34674,1.34708,1.34609,1.34631,2198.0
2026-06-03 06:00:00,1.34631,1.3465,1.34609,1.3463,2055.0
2026-06-03 07:00:00,1.3463,1.34639,1.34585,1.34601,1637.0
2026-06-03 08:00:00,1.34601,1.34636,1.34496,1.34498,2243.0
2026-06-03 09:00:00,1.34498,1.34537,1.34368,1.3450199999999999,4174.0
2026-06-03 10:00:00,1.34501,1.34623,1.34427,1.3456299999999999,3858.0
2026-06-03 11:00:00,1.34562,1.34581,1.34405,1.34427,4364.0
2026-06-03 12:00:00,1.34427,1.34511,1.34424,1.34481,3599.0
2026-06-03 13:00:00,1.3448,1.34598,1.34458,1.345,3736.0
2026-06-03 14:00:00,1.3449900000000001,1.3456000000000001,1.34486,1.34501,3007.0
2026-06-03 15:00:00,1.34501,1.34509,1.34276,1.3432,4088.0
2026-06-03 16:00:00,1.3432,1.34364,1.34216,1.3425799999999999,5919.0
2026-06-03 17:00:00,1.34238,1.34371,1.34213,1.34369,5815.0
2026-06-03 18:00:00,1.3437000000000001,1.34397,1.34261,1.34347,5463.0
2026-06-03 19:00:00,1.3434599999999999,1.34352,1.34157,1.34228,5068.0
2026-06-03 20:00:00,1.34231,1.34286,1.34151,1.3416000000000001,2809.0
2026-06-03 21:00:00,1.34161,1.34182,1.34119,1.34167,2717.0
2026-06-03 22:00:00,1.34166,1.34208,1.34157,1.34196,2138.0
2026-06-03 23:00:00,1.34195,1.34211,1.34158,1.34165,1354.0
2026-06-04 00:00:00,1.3415300000000001,1.34184,1.34115,1.34115,828.0
2026-06-04 01:00:00,1.34108,1.3428499999999999,1.34108,1.34229,1236.0
2026-06-04 02:00:00,1.34229,1.3428200000000001,1.34175,1.34266,1767.0
2026-06-04 03:00:00,1.34266,1.3432,1.34226,1.34256,3607.0
2026-06-04 04:00:00,1.34256,1.34276,1.34226,1.34272,3348.0
2026-06-04 05:00:00,1.34273,1.34277,1.34218,1.34263,3004.0
2026-06-04 06:00:00,1.34263,1.34263,1.34173,1.3423,1454.0
2026-06-04 07:00:00,1.3423,1.34313,1.34226,1.3431,1512.0
2026-06-04 08:00:00,1.34311,1.34321,1.34205,1.34281,2135.0
2026-06-04 09:00:00,1.3428,1.34349,1.34244,1.34279,4089.0
2026-06-04 10:00:00,1.3428,1.34293,1.34116,1.3422,4524.0
2026-06-04 11:00:00,1.34219,1.34354,1.3421699999999999,1.34301,3821.0
2026-06-04 12:00:00,1.343,1.34424,1.34298,1.3437000000000001,4076.0
2026-06-04 13:00:00,1.34369,1.34437,1.3434,1.3443,3910.0
2026-06-04 14:00:00,1.3443100000000001,1.34623,1.34428,1.34591,4686.0
2026-06-04 15:00:00,1.34589,1.34623,1.34521,1.34559,4382.0
2026-06-04 16:00:00,1.34559,1.34574,1.34484,1.34512,5078.0
2026-06-04 17:00:00,1.3451,1.34543,1.3435000000000001,1.34437,5416.0
2026-06-04 18:00:00,1.34437,1.3444,1.34299,1.34393,4682.0
2026-06-04 19:00:00,1.34393,1.34421,1.34344,1.34352,3692.0
2026-06-04 20:00:00,1.34353,1.34363,1.34262,1.34272,2267.0
2026-06-04 21:00:00,1.3427,1.34293,1.34235,1.3424800000000001,2462.0
2026-06-04 22:00:00,1.3424800000000001,1.3426,1.34216,1.34238,1676.0
2026-06-04 23:00:00,1.34239,1.34245,1.34205,1.34233,973.0
2026-06-05 00:00:00,1.34225,1.3429,1.34169,1.34174,1554.0
2026-06-05 01:00:00,1.34175,1.3425799999999999,1.34175,1.34236,690.0
2026-06-05 02:00:00,1.34236,1.3424800000000001,1.34218,1.34228,717.0
2026-06-05 03:00:00,1.34228,1.34238,1.34184,1.34236,3242.0
2026-06-05 04:00:00,1.34236,1.3425,1.34161,1.34239,3467.0
2026-06-05 05:00:00,1.34239,1.34284,1.34229,1.34241,2156.0
2026-06-05 06:00:00,1.34241,1.3428,1.3423,1.34267,1903.0
2026-06-05 07:00:00,1.34267,1.3431600000000001,1.34259,1.34294,2159.0
2026-06-05 08:00:00,1.34294,1.34318,1.3425,1.3425799999999999,2271.0
2026-06-05 09:00:00,1.34257,1.3436,1.34238,1.34353,3673.0
2026-06-05 10:00:00,1.34352,1.34484,1.3433899999999999,1.34453,3433.0
2026-06-05 11:00:00,1.34452,1.3458,1.34444,1.34555,3108.0
2026-06-05 12:00:00,1.34554,1.34698,1.34528,1.34645,3326.0
2026-06-05 13:00:00,1.34645,1.34833,1.34636,1.34745,3090.0
2026-06-05 14:00:00,1.3474300000000001,1.34752,1.34662,1.34684,3556.0
2026-06-05 15:00:00,1.34683,1.34692,1.3404099999999999,1.34045,6517.0
2026-06-05 16:00:00,1.34043,1.34218,1.33945,1.33987,8557.0
2026-06-05 17:00:00,1.3397999999999999,1.34084,1.3379699999999999,1.33863,7663.0
2026-06-05 18:00:00,1.33866,1.33878,1.33569,1.3358400000000001,5851.0
2026-06-05 19:00:00,1.3358400000000001,1.33592,1.33407,1.3356,5773.0
2026-06-05 20:00:00,1.33559,1.33569,1.33371,1.33415,4075.0
2026-06-08 00:00:00,1.33271,1.33271,1.33134,1.33134,347.0
2026-06-08 01:00:00,1.33134,1.333,1.33134,1.33237,2392.0
2026-06-08 02:00:00,1.33236,1.3336299999999999,1.33236,1.33351,1840.0
2026-06-08 03:00:00,1.33351,1.33491,1.33343,1.33491,2517.0
2026-06-08 04:00:00,1.33491,1.33504,1.33186,1.3336700000000001,5681.0
2026-06-08 05:00:00,1.3336700000000001,1.3343,1.33276,1.33395,3839.0
2026-06-08 06:00:00,1.33395,1.3342100000000001,1.33345,1.33411,2203.0
2026-06-08 07:00:00,1.33411,1.3345799999999999,1.33378,1.3339699999999999,2521.0
2026-06-08 08:00:00,1.33398,1.3348900000000001,1.33254,1.33281,4502.0
2026-06-08 09:00:00,1.33281,1.33312,1.332,1.33227,5655.0
2026-06-08 10:00:00,1.33229,1.33468,1.33208,1.33277,4696.0
2026-06-08 11:00:00,1.33277,1.33359,1.33199,1.33213,5818.0
2026-06-08 12:00:00,1.33215,1.33274,1.33059,1.3327,5411.0
2026-06-08 13:00:00,1.3327,1.3348499999999999,1.33233,1.33414,4296.0
2026-06-08 14:00:00,1.33413,1.33697,1.33406,1.33597,5121.0
2026-06-08 15:00:00,1.33596,1.33676,1.33453,1.33506,5628.0
2026-06-08 16:00:00,1.33506,1.3365,1.3348499999999999,1.33515,7097.0
2026-06-08 17:00:00,1.33515,1.3357999999999999,1.33369,1.33433,7092.0
2026-06-08 18:00:00,1.33435,1.33511,1.33353,1.33466,5519.0
2026-06-08 19:00:00,1.33466,1.3348,1.3342399999999999,1.33433,3934.0
2026-06-08 20:00:00,1.33433,1.33469,1.33398,1.33449,3908.0
2026-06-08 21:00:00,1.33449,1.33525,1.33377,1.33388,3235.0
2026-06-08 22:00:00,1.3338,1.33438,1.3338,1.33409,3865.0
2026-06-08 23:00:00,1.3341,1.33432,1.33368,1.33375,1708.0
2026-06-09 00:00:00,1.33385,1.33466,1.33345,1.3338700000000001,932.0
2026-06-09 01:00:00,1.3342100000000001,1.3342100000000001,1.33384,1.33407,1060.0
2026-06-09 02:00:00,1.33407,1.33413,1.33331,1.33338,1223.0
2026-06-09 03:00:00,1.3332899999999999,1.3336700000000001,1.33308,1.3336299999999999,3954.0
2026-06-09 04:00:00,1.3336299999999999,1.33513,1.33355,1.3351199999999999,3543.0
2026-06-09 05:00:00,1.3351199999999999,1.3353,1.33477,1.33488,2159.0
2026-06-09 06:00:00,1.33488,1.33523,1.33453,1.33493,2050.0
2026-06-09 07:00:00,1.33493,1.33629,1.33475,1.33603,2054.0
2026-06-09 08:00:00,1.3360400000000001,1.33649,1.33558,1.33615,2922.0
2026-06-09 09:00:00,1.33616,1.33746,1.33585,1.33632,4355.0
2026-06-09 10:00:00,1.33631,1.33744,1.33583,1.33674,4867.0
2026-06-09 11:00:00,1.33674,1.33827,1.33646,1.33799,3699.0
2026-06-09 12:00:00,1.33799,1.3391600000000001,1.3378999999999999,1.33876,2916.0
2026-06-09 13:00:00,1.33876,1.33981,1.3385,1.33954,2841.0
2026-06-09 14:00:00,1.33955,1.34063,1.33944,1.34027,2749.0
2026-06-09 15:00:00,1.34026,1.34077,1.33985,1.34035,3242.0
2026-06-09 16:00:00,1.34035,1.34108,1.33948,1.33979,5171.0
2026-06-09 17:00:00,1.33979,1.34073,1.3388499999999999,1.33968,7466.0
2026-06-09 18:00:00,1.33968,1.34045,1.33727,1.33869,7807.0
2026-06-09 19:00:00,1.33869,1.3388900000000001,1.3358400000000001,1.33716,8737.0
2026-06-09 20:00:00,1.33716,1.3389,1.33708,1.3383,5861.0
2026-06-09 21:00:00,1.3383,1.33908,1.33807,1.33878,4800.0
2026-06-09 22:00:00,1.33878,1.33888,1.33785,1.33795,3855.0
2026-06-09 23:00:00,1.33795,1.33829,1.33769,1.33782,1723.0
2026-06-10 00:00:00,1.33737,1.3381,1.33625,1.3367200000000001,1447.0
2026-06-10 01:00:00,1.3370199999999999,1.33768,1.33701,1.33717,1172.0
2026-06-10 02:00:00,1.33717,1.33753,1.33684,1.33715,1297.0
2026-06-10 03:00:00,1.33717,1.33804,1.33683,1.33789,3714.0
2026-06-10 04:00:00,1.33788,1.33802,1.33722,1.33747,3887.0
2026-06-10 05:00:00,1.33746,1.33837,1.33728,1.33792,3299.0
2026-06-10 06:00:00,1.33792,1.33907,1.33789,1.33888,3012.0
2026-06-10 07:00:00,1.33888,1.33893,1.3379699999999999,1.33823,3266.0
2026-06-10 08:00:00,1.33823,1.3394,1.33801,1.33915,3744.0
2026-06-10 09:00:00,1.33918,1.33971,1.33826,1.33834,3569.0
2026-06-10 10:00:00,1.33833,1.33935,1.33801,1.33906,4590.0
2026-06-10 11:00:00,1.3390900000000001,1.33924,1.3382399999999999,1.33862,4213.0
2026-06-10 12:00:00,1.33862,1.33996,1.33809,1.33972,4287.0
2026-06-10 13:00:00,1.33972,1.33992,1.33899,1.33903,3376.0
2026-06-10 14:00:00,1.33905,1.33937,1.3376000000000001,1.33783,6448.0
2026-06-10 15:00:00,1.33784,1.34086,1.33772,1.33894,6214.0
2026-06-10 16:00:00,1.33891,1.34234,1.33884,1.34096,6619.0
2026-06-10 17:00:00,1.3409900000000001,1.3417,1.33956,1.34015,7800.0
2026-06-10 18:00:00,1.34015,1.34052,1.33714,1.33897,8015.0
2026-06-10 19:00:00,1.33897,1.33976,1.33867,1.33893,6229.0
2026-06-10 20:00:00,1.33894,1.33948,1.3379400000000001,1.33914,6051.0
2026-06-10 21:00:00,1.33917,1.33965,1.33789,1.33793,5394.0
2026-06-10 22:00:00,1.33793,1.33799,1.33717,1.33721,4807.0
2026-06-10 23:00:00,1.33721,1.33727,1.33667,1.33673,1672.0
2026-06-11 00:00:00,1.3366799999999999,1.33722,1.33636,1.33639,3241.0
2026-06-11 01:00:00,1.33689,1.33689,1.3355299999999999,1.33559,2172.0
2026-06-11 02:00:00,1.33559,1.33649,1.33499,1.33615,3525.0
2026-06-11 03:00:00,1.33616,1.3371,1.33616,1.3370600000000001,5546.0
2026-06-11 04:00:00,1.33707,1.33918,1.33697,1.33857,3697.0
2026-06-11 05:00:00,1.33857,1.33863,1.33768,1.33793,4097.0
2026-06-11 06:00:00,1.33793,1.33806,1.33751,1.33784,3243.0
2026-06-11 07:00:00,1.33784,1.33867,1.3376299999999999,1.33836,2229.0
2026-06-11 08:00:00,1.33836,1.3387,1.338,1.33809,2630.0
2026-06-11 09:00:00,1.33809,1.33818,1.33753,1.33774,3663.0
2026-06-11 10:00:00,1.33774,1.33915,1.33766,1.33823,3284.0
2026-06-11 11:00:00,1.33823,1.33835,1.3361100000000001,1.33632,3465.0
2026-06-11 12:00:00,1.33635,1.33694,1.3358400000000001,1.33654,3339.0
2026-06-11 13:00:00,1.33652,1.33655,1.33525,1.33595,3554.0
2026-06-11 14:00:00,1.33595,1.33681,1.33594,1.33652,3483.0
2026-06-11 15:00:00,1.33654,1.33677,1.33405,1.33613,6267.0
2026-06-11 16:00:00,1.33612,1.33623,1.33389,1.33532,7123.0
2026-06-11 17:00:00,1.33533,1.33549,1.33253,1.33276,7250.0
2026-06-11 18:00:00,1.33276,1.33448,1.33246,1.33354,5984.0
2026-06-11 19:00:00,1.33354,1.33374,1.33278,1.33332,4469.0
2026-06-11 20:00:00,1.33331,1.3404,1.33264,1.33887,8126.0
2026-06-11 21:00:00,1.3388900000000001,1.34076,1.33785,1.33975,7452.0
2026-06-11 22:00:00,1.33976,1.34336,1.33974,1.34162,5994.0
2026-06-11 23:00:00,1.34162,1.34228,1.3412600000000001,1.3415,3207.0
2026-06-12 00:00:00,1.3415,1.34223,1.3401,1.3409,1134.0
2026-06-12 01:00:00,1.34186,1.3426,1.34142,1.34238,1566.0
2026-06-12 02:00:00,1.34238,1.34265,1.3413300000000001,1.34142,2335.0
2026-06-12 03:00:00,1.34143,1.34157,1.34056,1.34084,4113.0
2026-06-12 04:00:00,1.34084,1.34086,1.33998,1.34029,4295.0
2026-06-12 05:00:00,1.34029,1.34125,1.34023,1.34067,2883.0
2026-06-12 06:00:00,1.34067,1.34174,1.34047,1.34145,2553.0
2026-06-12 07:00:00,1.34145,1.34179,1.34097,1.34112,2076.0
2026-06-12 08:00:00,1.34111,1.34138,1.33945,1.33968,4038.0
2026-06-12 09:00:00,1.33978,1.34108,1.3397700000000001,1.34063,4289.0
2026-06-12 10:00:00,1.3406799999999999,1.3406799999999999,1.33836,1.33978,5792.0
2026-06-12 11:00:00,1.3397700000000001,1.34193,1.33947,1.34134,6340.0
2026-06-12 12:00:00,1.34134,1.34257,1.34088,1.34204,4625.0
2026-06-12 13:00:00,1.34203,1.34235,1.34046,1.34107,4958.0
2026-06-12 14:00:00,1.34107,1.34181,1.34084,1.3409200000000001,3231.0
2026-06-12 15:00:00,1.3409200000000001,1.34094,1.33896,1.33934,5003.0
2026-06-12 16:00:00,1.33936,1.34139,1.33903,1.34002,7049.0
2026-06-12 17:00:00,1.33996,1.34173,1.33952,1.34138,7708.0
2026-06-12 18:00:00,1.34139,1.34241,1.34081,1.34131,6719.0
2026-06-12 19:00:00,1.34131,1.34189,1.34076,1.34154,4956.0
2026-06-12 20:00:00,1.34154,1.3421699999999999,1.34144,1.34167,3440.0
2026-06-15 00:00:00,1.34021,1.34304,1.33992,1.3423,644.0
2026-06-15 01:00:00,1.34292,1.34546,1.34287,1.34523,3322.0
2026-06-15 02:00:00,1.34521,1.34542,1.34451,1.34496,1702.0
2026-06-15 03:00:00,1.3449499999999999,1.34611,1.3443800000000001,1.3444,3049.0
2026-06-15 04:00:00,1.3444,1.3444099999999999,1.3437000000000001,1.3437999999999999,3017.0
2026-06-15 05:00:00,1.3437999999999999,1.3440699999999999,1.3433,1.34392,2269.0
2026-06-15 06:00:00,1.34391,1.34461,1.34381,1.34428,1767.0
2026-06-15 07:00:00,1.34428,1.34509,1.34406,1.34503,1746.0
2026-06-15 08:00:00,1.34505,1.34601,1.3450199999999999,1.34551,2435.0
2026-06-15 09:00:00,1.3455,1.34559,1.3435000000000001,1.34421,3046.0
2026-06-15 10:00:00,1.34423,1.34447,1.3428200000000001,1.34326,4142.0
2026-06-15 11:00:00,1.34326,1.3436,1.34185,1.34228,3777.0
2026-06-15 12:00:00,1.34229,1.34337,1.34225,1.34267,2262.0
2026-06-15 13:00:00,1.34268,1.34342,1.34227,1.34249,2869.0
2026-06-15 14:00:00,1.34249,1.3431199999999999,1.3419400000000001,1.34232,3269.0
2026-06-15 15:00:00,1.34233,1.34314,1.3417,1.34298,4261.0
2026-06-15 16:00:00,1.34299,1.34393,1.34272,1.34341,4130.0
2026-06-15 17:00:00,1.3434,1.34445,1.34277,1.34403,4719.0
2026-06-15 18:00:00,1.34402,1.34402,1.3424,1.3425099999999999,3843.0
2026-06-15 19:00:00,1.3425099999999999,1.34334,1.34241,1.34293,2340.0
2026-06-15 20:00:00,1.34293,1.343,1.3425500000000001,1.34281,2794.0
2026-06-15 21:00:00,1.3428200000000001,1.34313,1.34189,1.34193,3018.0
2026-06-15 22:00:00,1.34193,1.3421,1.34077,1.34086,3266.0
2026-06-15 23:00:00,1.34084,1.3412899999999999,1.34058,1.34115,2046.0
2026-06-16 00:00:00,1.3412,1.34161,1.34045,1.3406500000000001,2751.0
2026-06-16 01:00:00,1.34093,1.34148,1.3407499999999999,1.34114,990.0
2026-06-16 02:00:00,1.34114,1.34168,1.34114,1.34154,924.0
2026-06-16 03:00:00,1.34154,1.34155,1.34093,1.34137,2104.0
2026-06-16 04:00:00,1.34137,1.3418,1.34048,1.3406500000000001,2486.0
2026-06-16 05:00:00,1.3406500000000001,1.34067,1.3397299999999999,1.34046,2109.0
2026-06-16 06:00:00,1.34045,1.34062,1.33999,1.34033,2284.0
2026-06-16 07:00:00,1.34033,1.34043,1.3390900000000001,1.33972,2148.0
2026-06-16 08:00:00,1.33971,1.34013,1.33922,1.33925,2169.0
2026-06-16 09:00:00,1.33925,1.34066,1.33905,1.34059,3534.0
2026-06-16 10:00:00,1.34057,1.34162,1.34027,1.34162,3448.0
2026-06-16 11:00:00,1.34165,1.34241,1.34131,1.34239,3082.0
2026-06-16 12:00:00,1.34239,1.34272,1.34149,1.34154,2823.0
2026-06-16 13:00:00,1.34154,1.34315,1.34147,1.34307,2860.0
2026-06-16 14:00:00,1.34307,1.34307,1.34115,1.3415300000000001,2525.0
2026-06-16 15:00:00,1.3415300000000001,1.34173,1.34076,1.3416000000000001,3541.0
2026-06-16 16:00:00,1.3416000000000001,1.34189,1.34064,1.34105,4754.0
2026-06-16 17:00:00,1.34105,1.3427799999999999,1.3403,1.34276,5235.0
2026-06-16 18:00:00,1.34276,1.34432,1.34188,1.3437299999999999,4423.0
2026-06-16 19:00:00,1.3437299999999999,1.3439999999999999,1.34289,1.34292,4081.0
2026-06-16 20:00:00,1.34292,1.34293,1.3424800000000001,1.34289,3195.0
2026-06-16 21:00:00,1.34289,1.34328,1.34233,1.34283,2285.0
2026-06-16 22:00:00,1.34283,1.34324,1.3422,1.34236,2631.0
2026-06-16 23:00:00,1.34236,1.34267,1.34218,1.34264,1412.0
2026-06-17 00:00:00,1.3425500000000001,1.34299,1.34184,1.3424800000000001,602.0
2026-06-17 01:00:00,1.34296,1.34296,1.34254,1.3427799999999999,1213.0
2026-06-17 02:00:00,1.3427799999999999,1.3430900000000001,1.34247,1.34252,1168.0
2026-06-17 03:00:00,1.34254,1.34323,1.34239,1.34307,4748.0
2026-06-17 04:00:00,1.34308,1.34337,1.34265,1.34268,1855.0
2026-06-17 05:00:00,1.34268,1.34314,1.34253,1.34256,1376.0
2026-06-17 06:00:00,1.34256,1.34287,1.34247,1.34272,1339.0
2026-06-17 07:00:00,1.34271,1.34328,1.34268,1.3431,1164.0
2026-06-17 08:00:00,1.3431,1.3433899999999999,1.34266,1.34304,1277.0
2026-06-17 09:00:00,1.34303,1.34303,1.34085,1.34146,2591.0
2026-06-17 10:00:00,1.34145,1.34211,1.34116,1.34208,3303.0
2026-06-17 11:00:00,1.34207,1.3421,1.34082,1.34169,2874.0
2026-06-17 12:00:00,1.34169,1.3419699999999999,1.34127,1.34173,2130.0
2026-06-17 13:00:00,1.34175,1.34178,1.34093,1.34121,2251.0
2026-06-17 14:00:00,1.34121,1.3413599999999999,1.33996,1.34049,2812.0
2026-06-17 15:00:00,1.34049,1.34162,1.34037,1.34151,3223.0
2026-06-17 16:00:00,1.34151,1.34184,1.34058,1.34062,4155.0
2026-06-17 17:00:00,1.34061,1.34078,1.33843,1.33939,5342.0
2026-06-17 18:00:00,1.33935,1.33984,1.33879,1.33961,3786.0
2026-06-17 19:00:00,1.33961,1.33979,1.33895,1.33964,2978.0
2026-06-17 20:00:00,1.33964,1.3403399999999999,1.33941,1.34019,2858.0
2026-06-17 21:00:00,1.33925,1.33925,1.33348,1.33371,10924.0
2026-06-17 22:00:00,1.3336299999999999,1.334,1.32622,1.32853,10430.0
2026-06-17 23:00:00,1.32852,1.32993,1.32772,1.32935,3560.0
2026-06-18 00:00:00,1.32882,1.32976,1.32795,1.3284099999999999,863.0
2026-06-18 01:00:00,1.32896,1.32965,1.32886,1.32955,1082.0
2026-06-18 02:00:00,1.32955,1.33025,1.32955,1.33008,1401.0
2026-06-18 03:00:00,1.33009,1.33179,1.33006,1.33066,4530.0
2026-06-18 04:00:00,1.3306499999999999,1.3318699999999999,1.33061,1.33102,3371.0
2026-06-18 05:00:00,1.33102,1.33156,1.33067,1.33121,2005.0
2026-06-18 06:00:00,1.33121,1.33183,1.3312,1.33169,1667.0
2026-06-18 07:00:00,1.33169,1.33197,1.33122,1.3314300000000001,2141.0
2026-06-18 08:00:00,1.33142,1.3315299999999999,1.3299400000000001,1.3299400000000001,1790.0
2026-06-18 09:00:00,1.3299400000000001,1.33249,1.32987,1.33125,4369.0
2026-06-18 10:00:00,1.33124,1.33166,1.32891,1.32969,4531.0
2026-06-18 11:00:00,1.32968,1.32971,1.32412,1.32452,4873.0
2026-06-18 12:00:00,1.32455,1.3249900000000001,1.32336,1.324,4504.0
2026-06-18 13:00:00,1.32399,1.32402,1.32252,1.32311,4417.0
2026-06-18 14:00:00,1.32311,1.32369,1.3205200000000001,1.3210899999999999,5176.0
2026-06-18 15:00:00,1.32105,1.32485,1.32096,1.32333,5790.0
2026-06-18 16:00:00,1.32334,1.32494,1.32242,1.3238400000000001,7228.0
2026-06-18 17:00:00,1.32383,1.32529,1.32307,1.32519,6832.0
2026-06-18 18:00:00,1.32525,1.32535,1.3225500000000001,1.32256,6364.0
2026-06-18 19:00:00,1.32257,1.32295,1.32112,1.32212,5393.0
2026-06-18 20:00:00,1.32215,1.32303,1.32083,1.32086,3310.0
2026-06-18 21:00:00,1.32086,1.32115,1.32025,1.32026,3713.0
2026-06-18 22:00:00,1.32027,1.3209,1.31932,1.31994,4309.0
2026-06-18 23:00:00,1.32001,1.3207499999999999,1.31971,1.32043,1791.0
2026-06-19 00:00:00,1.31972,1.32099,1.31961,1.32035,825.0
2026-06-19 01:00:00,1.32096,1.32108,1.32026,1.32054,1102.0
2026-06-19 02:00:00,1.32054,1.32064,1.32006,1.32016,732.0
2026-06-19 03:00:00,1.32015,1.3211300000000001,1.32013,1.32092,3148.0
2026-06-19 04:00:00,1.32093,1.32108,1.31946,1.31954,2165.0
2026-06-19 05:00:00,1.31952,1.32056,1.31935,1.32013,1669.0
2026-06-19 06:00:00,1.32013,1.3201800000000001,1.3186200000000001,1.31873,2472.0
2026-06-19 07:00:00,1.31873,1.31882,1.3168199999999999,1.317,2759.0
2026-06-19 08:00:00,1.31699,1.31994,1.31631,1.31924,3096.0
2026-06-19 09:00:00,1.3192,1.31997,1.31843,1.31985,3454.0
2026-06-19 10:00:00,1.3198400000000001,1.32078,1.31912,1.31954,3881.0
2026-06-19 11:00:00,1.31956,1.32328,1.31952,1.32324,3886.0
2026-06-19 12:00:00,1.32325,1.32405,1.32272,1.32345,3517.0
2026-06-19 13:00:00,1.32344,1.3235700000000001,1.3223099999999999,1.32349,2959.0
2026-06-19 14:00:00,1.32349,1.32405,1.32266,1.3229199999999999,2406.0
2026-06-19 15:00:00,1.3229600000000001,1.32398,1.32248,1.32352,3903.0
2026-06-19 16:00:00,1.32351,1.32365,1.32164,1.3220399999999999,3668.0
2026-06-19 17:00:00,1.3220399999999999,1.32356,1.32137,1.32302,4139.0
2026-06-19 18:00:00,1.32302,1.32355,1.32178,1.3220100000000001,3042.0
2026-06-19 19:00:00,1.3220100000000001,1.32294,1.3218,1.32284,1790.0
2026-06-19 20:00:00,1.32288,1.32391,1.32284,1.32311,3241.0
