open_time,open,high,low,close,volume
2024-07-17 14:00:00,2483.03,2483.69,2461.15,2463.74,17333.0
2024-07-17 15:00:00,2463.74,2465.98,2458.04,2463.54,14264.0
2024-07-17 16:00:00,2463.54,2465.11,2452.86,2455.67,11106.0
2024-07-17 17:00:00,2455.67,2459.34,2451.94,2452.64,9216.0
2024-07-17 18:00:00,2452.58,2458.22,2451.58,2458.03,5516.0
2024-07-17 19:00:00,2458.04,2460.42,2457.11,2458.08,5369.0
2024-07-17 20:00:00,2458.1,2459.46,2457.29,2458.66,2503.0
2024-07-17 22:00:00,2458.66,2459.89,2458.05,2459.27,1997.0
2024-07-17 23:00:00,2459.27,2461.91,2459.17,2461.39,3277.0
2024-07-18 00:00:00,2461.4,2461.55,2457.41,2458.92,4829.0
2024-07-18 01:00:00,2458.92,2464.14,2457.64,2462.49,8578.0
2024-07-18 02:00:00,2462.45,2466.05,2460.38,2465.65,6242.0
2024-07-18 03:00:00,2465.65,2469.03,2465.29,2468.05,5816.0
2024-07-18 04:00:00,2468.06,2468.28,2465.14,2465.31,4349.0
2024-07-18 05:00:00,2465.33,2469.95,2464.98,2466.96,6498.0
2024-07-18 06:00:00,2466.96,2472.17,2464.65,2471.53,8894.0
2024-07-18 07:00:00,2471.52,2474.94,2470.84,2471.97,7938.0
2024-07-18 08:00:00,2471.97,2473.72,2465.64,2466.03,7642.0
2024-07-18 09:00:00,2466.03,2467.71,2464.76,2465.73,6449.0
2024-07-18 10:00:00,2465.68,2466.38,2461.56,2464.21,6848.0
2024-07-18 11:00:00,2464.22,2466.37,2462.22,2464.53,6767.0
2024-07-18 12:00:00,2464.53,2468.9,2462.65,2464.06,10788.0
2024-07-18 13:00:00,2464.06,2466.28,2457.67,2465.1,15101.0
2024-07-18 14:00:00,2465.12,2469.91,2460.18,2468.47,13975.0
2024-07-18 15:00:00,2468.48,2469.1,2461.23,2461.31,12103.0
2024-07-18 16:00:00,2461.34,2462.13,2455.89,2456.23,9412.0
2024-07-18 17:00:00,2456.23,2457.58,2451.8,2456.36,8439.0
2024-07-18 18:00:00,2456.36,2456.57,2450.89,2451.51,6236.0
2024-07-18 19:00:00,2451.53,2451.82,2440.38,2442.97,8881.0
2024-07-18 20:00:00,2443.01,2445.51,2441.37,2445.08,3195.0
2024-07-18 22:00:00,2445.41,2445.86,2443.69,2444.42,1518.0
2024-07-18 23:00:00,2444.42,2445.27,2441.29,2441.29,1723.0
2024-07-19 00:00:00,2441.29,2441.37,2426.27,2434.39,8262.0
2024-07-19 01:00:00,2434.44,2434.69,2420.46,2426.22,11545.0
2024-07-19 02:00:00,2426.22,2428.75,2422.67,2428.42,8006.0
2024-07-19 03:00:00,2428.41,2429.56,2425.05,2428.8,5866.0
2024-07-19 04:00:00,2428.8,2429.32,2424.05,2425.55,3489.0
2024-07-19 05:00:00,2425.55,2426.19,2421.15,2423.37,6702.0
2024-07-19 06:00:00,2423.37,2424.04,2414.37,2420.02,11690.0
2024-07-19 07:00:00,2420.05,2422.24,2412.97,2418.26,9511.0
2024-07-19 08:00:00,2418.28,2421.7,2416.39,2420.5,8634.0
2024-07-19 09:00:00,2420.49,2421.14,2414.9,2416.19,7037.0
2024-07-19 10:00:00,2416.19,2416.37,2410.75,2412.53,7859.0
2024-07-19 11:00:00,2412.53,2414.4,2408.54,2410.09,7933.0
2024-07-19 12:00:00,2410.09,2410.21,2401.62,2403.78,11736.0
2024-07-19 13:00:00,2403.79,2406.69,2393.86,2403.88,15534.0
2024-07-19 14:00:00,2403.89,2404.76,2396.11,2398.1,14168.0
2024-07-19 15:00:00,2398.07,2408.49,2397.93,2405.45,11087.0
2024-07-19 16:00:00,2405.45,2406.02,2399.43,2399.68,7175.0
2024-07-19 17:00:00,2399.71,2400.84,2395.69,2399.2,7611.0
2024-07-19 18:00:00,2399.18,2400.38,2397.22,2398.65,5459.0
2024-07-19 19:00:00,2398.65,2400.16,2397.16,2398.7,4850.0
2024-07-19 20:00:00,2398.81,2400.56,2397.82,2400.3,2288.0
2024-07-21 22:00:00,2401.86,2411.7,2400.64,2411.37,3448.0
2024-07-21 23:00:00,2411.34,2412.03,2409.3,2411.59,3375.0
2024-07-22 00:00:00,2411.6,2411.71,2406.92,2407.9,4671.0
2024-07-22 01:00:00,2407.9,2412.17,2405.75,2406.45,9758.0
2024-07-22 02:00:00,2406.46,2408.25,2403.39,2406.56,7706.0
2024-07-22 03:00:00,2406.59,2409.56,2405.89,2406.82,4630.0
2024-07-22 04:00:00,2406.86,2407.19,2403.28,2405.63,3627.0
2024-07-22 05:00:00,2405.63,2407.39,2402.98,2402.98,6531.0
2024-07-22 06:00:00,2402.98,2405.32,2399.01,2402.42,11451.0
2024-07-22 07:00:00,2402.55,2404.64,2399.77,2402.58,8686.0
2024-07-22 08:00:00,2402.59,2404.73,2399.88,2400.9,6893.0
2024-07-22 09:00:00,2400.9,2405.77,2399.89,2404.51,6048.0
2024-07-22 10:00:00,2404.51,2408.43,2403.73,2406.9,6363.0
2024-07-22 11:00:00,2406.9,2407.64,2398.07,2398.07,6860.0
2024-07-22 12:00:00,2398.08,2399.61,2388.85,2394.35,11307.0
2024-07-22 13:00:00,2394.31,2400.19,2391.47,2392.78,13826.0
2024-07-22 14:00:00,2392.77,2394.87,2383.92,2387.26,12864.0
2024-07-22 15:00:00,2387.26,2390.53,2384.32,2386.32,10891.0
2024-07-22 16:00:00,2386.32,2393.34,2386.14,2393.08,7476.0
2024-07-22 17:00:00,2393.1,2396.4,2391.82,2394.07,6205.0
2024-07-22 18:00:00,2394.08,2396.48,2392.53,2395.75,4546.0
2024-07-22 19:00:00,2395.76,2400.08,2395.23,2399.06,4038.0
2024-07-22 20:00:00,2399.05,2399.49,2395.78,2396.35,2092.0
2024-07-22 22:00:00,2396.23,2398.1,2395.2,2395.23,1325.0
2024-07-22 23:00:00,2395.23,2396.22,2394.81,2395.76,1608.0
2024-07-23 00:00:00,2395.76,2400.3,2395.54,2399.95,4097.0
2024-07-23 01:00:00,2399.99,2404.02,2397.9,2401.12,9309.0
2024-07-23 02:00:00,2401.11,2402.46,2397.6,2399.68,6581.0
2024-07-23 03:00:00,2399.69,2400.79,2396.2,2398.38,6249.0
2024-07-23 04:00:00,2398.38,2399.65,2395.86,2396.54,4299.0
2024-07-23 05:00:00,2396.54,2396.89,2390.78,2392.6,6001.0
2024-07-23 06:00:00,2392.6,2393.82,2388.3,2390.47,9260.0
2024-07-23 07:00:00,2390.41,2399.25,2390.02,2397.92,9628.0
2024-07-23 08:00:00,2397.94,2407.15,2396.38,2404.05,8880.0
2024-07-23 09:00:00,2404.06,2408.18,2403.2,2406.89,7961.0
2024-07-23 10:00:00,2406.88,2408.31,2405.61,2407.72,7198.0
2024-07-23 11:00:00,2407.72,2412.06,2406.09,2407.68,7691.0
2024-07-23 12:00:00,2407.62,2409.31,2403.71,2405.5,9608.0
2024-07-23 13:00:00,2405.5,2407.72,2399.59,2402.01,12602.0
2024-07-23 14:00:00,2402.02,2407.49,2399.7,2403.0,12141.0
2024-07-23 15:00:00,2403.0,2407.25,2402.18,2405.47,7909.0
2024-07-23 16:00:00,2405.46,2406.87,2403.02,2405.36,6499.0
2024-07-23 17:00:00,2405.35,2408.26,2402.68,2404.98,7228.0
2024-07-23 18:00:00,2404.97,2406.22,2403.84,2405.75,4332.0
2024-07-23 19:00:00,2405.74,2409.07,2405.44,2407.56,4209.0
2024-07-23 20:00:00,2407.58,2410.02,2405.46,2409.53,2785.0
2024-07-23 22:00:00,2408.92,2409.75,2408.06,2409.37,1350.0
2024-07-23 23:00:00,2409.37,2409.49,2407.9,2408.54,1454.0
2024-07-24 00:00:00,2408.54,2410.28,2408.02,2408.3,3027.0
2024-07-24 01:00:00,2408.3,2412.2,2404.99,2408.25,9573.0
2024-07-24 02:00:00,2408.2,2415.91,2407.2,2414.21,8739.0
2024-07-24 03:00:00,2414.2,2418.45,2413.68,2416.56,6657.0
2024-07-24 04:00:00,2416.56,2418.04,2414.8,2417.9,5329.0
2024-07-24 05:00:00,2417.89,2418.02,2413.07,2416.2,6260.0
2024-07-24 06:00:00,2416.2,2419.23,2414.24,2417.59,9001.0
2024-07-24 07:00:00,2417.59,2417.91,2411.69,2414.66,7612.0
2024-07-24 08:00:00,2414.66,2415.14,2410.75,2411.85,6653.0
2024-07-24 09:00:00,2411.85,2414.91,2409.83,2413.46,6956.0
2024-07-24 10:00:00,2413.46,2416.5,2412.24,2413.68,6339.0
2024-07-24 11:00:00,2413.67,2417.82,2410.63,2417.52,6613.0
2024-07-24 12:00:00,2417.5,2422.04,2416.26,2421.47,10320.0
2024-07-24 13:00:00,2421.47,2426.69,2413.69,2421.89,13985.0
2024-07-24 14:00:00,2421.86,2432.02,2419.28,2430.29,15296.0
2024-07-24 15:00:00,2430.4,2431.4,2422.43,2424.86,10798.0
2024-07-24 16:00:00,2424.86,2424.95,2418.63,2419.09,8072.0
2024-07-24 17:00:00,2419.09,2419.62,2408.07,2409.25,8329.0
2024-07-24 18:00:00,2409.23,2409.48,2405.72,2408.28,8793.0
2024-07-24 19:00:00,2408.23,2408.77,2398.42,2398.47,7389.0
2024-07-24 20:00:00,2398.53,2400.51,2396.72,2397.23,4672.0
2024-07-24 22:00:00,2397.28,2398.53,2393.04,2397.89,3743.0
2024-07-24 23:00:00,2397.93,2401.24,2397.08,2398.76,3546.0
2024-07-25 00:00:00,2398.76,2399.32,2396.09,2397.13,7049.0
2024-07-25 01:00:00,2397.14,2400.06,2370.68,2376.51,15618.0
2024-07-25 02:00:00,2376.47,2380.78,2370.0,2372.65,14182.0
2024-07-25 03:00:00,2372.64,2375.63,2366.79,2374.86,10904.0
2024-07-25 04:00:00,2374.86,2378.02,2373.23,2377.68,5975.0
2024-07-25 05:00:00,2377.67,2377.93,2369.1,2376.35,9092.0
2024-07-25 06:00:00,2376.35,2378.78,2369.92,2372.12,11675.0
2024-07-25 07:00:00,2372.14,2377.55,2365.87,2374.13,10908.0
2024-07-25 08:00:00,2374.13,2377.64,2372.07,2374.74,10390.0
2024-07-25 09:00:00,2374.73,2376.26,2370.52,2373.73,8982.0
2024-07-25 10:00:00,2373.72,2382.52,2372.01,2381.29,7632.0
2024-07-25 11:00:00,2381.29,2381.79,2368.08,2368.56,10057.0
2024-07-25 12:00:00,2368.54,2376.98,2362.83,2371.18,16750.0
2024-07-25 13:00:00,2371.17,2376.37,2362.17,2365.12,18074.0
2024-07-25 14:00:00,2364.96,2368.5,2358.06,2366.73,17267.0
2024-07-25 15:00:00,2366.74,2368.47,2362.18,2363.24,12471.0
2024-07-25 16:00:00,2363.24,2364.62,2357.6,2362.69,10830.0
2024-07-25 17:00:00,2362.69,2365.52,2353.14,2356.2,11232.0
2024-07-25 18:00:00,2356.2,2360.32,2354.31,2357.24,7440.0
2024-07-25 19:00:00,2357.2,2363.92,2356.18,2362.58,6823.0
2024-07-25 20:00:00,2362.58,2365.27,2359.42,2364.49,4483.0
2024-07-25 22:00:00,2364.16,2365.45,2362.94,2363.34,1744.0
2024-07-25 23:00:00,2363.35,2364.82,2362.11,2363.85,2779.0
2024-07-26 00:00:00,2363.86,2365.42,2362.24,2362.76,4762.0
2024-07-26 01:00:00,2362.76,2374.03,2355.85,2373.6,11766.0
2024-07-26 02:00:00,2373.65,2379.36,2370.57,2374.29,8908.0
2024-07-26 03:00:00,2374.29,2378.41,2371.54,2371.77,7412.0
2024-07-26 04:00:00,2371.79,2372.85,2369.81,2369.86,4256.0
2024-07-26 05:00:00,2369.86,2375.31,2368.31,2374.29,7323.0
2024-07-26 06:00:00,2374.29,2374.48,2365.27,2369.71,9361.0
2024-07-26 07:00:00,2369.71,2372.02,2367.67,2371.58,7640.0
2024-07-26 08:00:00,2371.58,2374.17,2369.4,2373.01,8185.0
2024-07-26 09:00:00,2372.99,2374.54,2371.78,2373.84,6635.0
2024-07-26 10:00:00,2373.84,2375.36,2372.7,2372.79,5422.0
2024-07-26 11:00:00,2372.81,2375.84,2370.33,2373.3,6122.0
2024-07-26 12:00:00,2373.3,2379.07,2371.05,2377.57,12742.0
2024-07-26 13:00:00,2377.57,2383.2,2374.05,2381.65,14474.0
2024-07-26 14:00:00,2381.63,2390.81,2380.41,2381.98,15290.0
2024-07-26 15:00:00,2381.93,2386.95,2380.02,2385.3,10295.0
2024-07-26 16:00:00,2385.22,2390.41,2384.65,2389.21,7717.0
2024-07-26 17:00:00,2389.21,2389.24,2381.19,2383.51,7181.0
2024-07-26 18:00:00,2383.49,2386.28,2382.84,2384.44,5330.0
2024-07-26 19:00:00,2384.43,2387.09,2382.74,2386.37,4737.0
2024-07-26 20:00:00,2386.38,2388.77,2385.45,2387.34,2794.0
2024-07-28 22:00:00,2388.99,2403.16,2387.15,2395.85,6027.0
2024-07-28 23:00:00,2395.85,2398.98,2394.7,2397.11,3548.0
2024-07-29 00:00:00,2397.07,2401.7,2397.07,2400.06,5741.0
2024-07-29 01:00:00,2400.06,2402.53,2388.73,2392.9,12660.0
2024-07-29 02:00:00,2392.89,2394.74,2391.03,2393.26,8467.0
2024-07-29 03:00:00,2393.25,2395.27,2391.99,2394.64,5588.0
2024-07-29 04:00:00,2394.64,2396.1,2393.33,2394.93,4537.0
2024-07-29 05:00:00,2394.93,2396.23,2390.24,2392.75,6278.0
2024-07-29 06:00:00,2392.75,2395.52,2390.83,2391.78,8534.0
2024-07-29 07:00:00,2391.8,2394.4,2389.53,2391.61,9475.0
2024-07-29 08:00:00,2391.61,2392.76,2386.98,2390.37,8765.0
2024-07-29 09:00:00,2390.38,2393.48,2389.89,2392.84,7346.0
2024-07-29 10:00:00,2392.83,2395.43,2392.04,2392.64,6026.0
2024-07-29 11:00:00,2392.64,2393.09,2386.91,2387.79,7046.0
2024-07-29 12:00:00,2387.79,2394.21,2385.52,2393.89,10077.0
2024-07-29 13:00:00,2393.88,2396.77,2389.9,2391.89,12905.0
2024-07-29 14:00:00,2392.16,2394.13,2380.12,2381.37,13634.0
2024-07-29 15:00:00,2381.27,2383.04,2369.68,2376.85,13002.0
2024-07-29 16:00:00,2376.85,2379.04,2374.61,2378.17,7868.0
2024-07-29 17:00:00,2378.18,2383.45,2377.47,2378.28,8052.0
2024-07-29 18:00:00,2378.3,2380.77,2376.97,2379.61,5311.0
2024-07-29 19:00:00,2379.6,2385.46,2378.34,2383.09,5858.0
2024-07-29 20:00:00,2383.08,2384.61,2381.28,2383.5,2185.0
2024-07-29 22:00:00,2383.31,2384.94,2382.26,2384.1,928.0
2024-07-29 23:00:00,2384.1,2384.28,2380.92,2381.18,1851.0
2024-07-30 00:00:00,2381.2,2383.83,2380.26,2381.86,3883.0
2024-07-30 01:00:00,2381.86,2382.47,2376.51,2379.75,10476.0
2024-07-30 02:00:00,2379.71,2383.32,2378.54,2381.92,6813.0
2024-07-30 03:00:00,2381.93,2386.03,2381.46,2385.84,5606.0
2024-07-30 04:00:00,2385.82,2388.34,2385.73,2386.39,3974.0
2024-07-30 05:00:00,2386.39,2389.88,2386.08,2388.79,6774.0
2024-07-30 06:00:00,2388.82,2391.06,2387.77,2390.39,9871.0
2024-07-30 07:00:00,2390.53,2392.03,2388.92,2390.38,8412.0
2024-07-30 08:00:00,2390.39,2391.54,2388.58,2389.45,6679.0
2024-07-30 09:00:00,2389.45,2390.11,2387.85,2389.19,5953.0
2024-07-30 10:00:00,2389.2,2392.44,2387.94,2391.68,5973.0
2024-07-30 11:00:00,2391.69,2392.19,2387.01,2387.13,6107.0
2024-07-30 12:00:00,2387.19,2388.4,2385.8,2386.58,7972.0
2024-07-30 13:00:00,2386.58,2397.78,2385.83,2393.95,13621.0
2024-07-30 14:00:00,2393.95,2396.05,2387.62,2391.7,16035.0
2024-07-30 15:00:00,2391.69,2392.46,2383.46,2385.38,12683.0
2024-07-30 16:00:00,2385.38,2400.41,2385.09,2399.91,10714.0
2024-07-30 17:00:00,2399.95,2410.92,2399.94,2405.78,13147.0
2024-07-30 18:00:00,2405.83,2407.4,2403.73,2404.95,6750.0
2024-07-30 19:00:00,2404.93,2408.41,2403.87,2407.06,4612.0
2024-07-30 20:00:00,2407.05,2412.89,2407.03,2410.92,4931.0
2024-07-30 22:00:00,2410.23,2411.16,2408.12,2409.24,2787.0
2024-07-30 23:00:00,2409.26,2410.24,2408.58,2409.9,2247.0
2024-07-31 00:00:00,2409.91,2410.12,2407.96,2409.04,4821.0
2024-07-31 01:00:00,2409.04,2412.3,2403.92,2409.15,10899.0
2024-07-31 02:00:00,2409.16,2409.46,2404.09,2407.47,8117.0
2024-07-31 03:00:00,2407.47,2419.1,2407.26,2416.39,8183.0
2024-07-31 04:00:00,2416.52,2421.36,2414.46,2421.22,7733.0
2024-07-31 05:00:00,2421.22,2422.16,2417.44,2417.88,7376.0
2024-07-31 06:00:00,2417.88,2425.47,2416.57,2421.36,10809.0
2024-07-31 07:00:00,2421.4,2421.94,2416.03,2417.22,9681.0
2024-07-31 08:00:00,2417.22,2421.78,2415.46,2421.52,9343.0
2024-07-31 09:00:00,2421.52,2422.3,2417.95,2421.06,6147.0
2024-07-31 10:00:00,2421.05,2422.91,2417.64,2418.54,5997.0
2024-07-31 11:00:00,2418.54,2423.31,2418.18,2419.57,6865.0
2024-07-31 12:00:00,2419.57,2422.83,2417.4,2420.5,12736.0
2024-07-31 13:00:00,2420.48,2427.58,2417.88,2426.31,13914.0
2024-07-31 14:00:00,2426.22,2429.07,2419.25,2422.54,15458.0
2024-07-31 15:00:00,2422.51,2424.27,2420.12,2423.13,11425.0
2024-07-31 16:00:00,2423.13,2427.75,2422.47,2427.03,8339.0
2024-07-31 17:00:00,2427.04,2429.05,2425.81,2425.82,8777.0
2024-07-31 18:00:00,2425.84,2435.42,2421.59,2433.88,17466.0
2024-07-31 19:00:00,2433.67,2450.91,2431.18,2449.9,16973.0
2024-07-31 20:00:00,2449.9,2451.01,2446.15,2447.24,6104.0
2024-07-31 22:00:00,2448.4,2449.81,2446.99,2447.58,1953.0
2024-07-31 23:00:00,2447.59,2447.99,2444.37,2445.81,2571.0
2024-08-01 00:00:00,2445.81,2449.5,2445.3,2447.59,8432.0
2024-08-01 01:00:00,2447.58,2458.43,2446.08,2451.43,14611.0
2024-08-01 02:00:00,2451.48,2451.48,2437.37,2441.35,11864.0
2024-08-01 03:00:00,2441.34,2444.65,2439.39,2442.79,8226.0
2024-08-01 04:00:00,2442.77,2446.9,2442.52,2444.28,5335.0
2024-08-01 05:00:00,2444.3,2448.01,2443.64,2447.01,7871.0
2024-08-01 06:00:00,2447.01,2448.9,2444.14,2444.82,11650.0
2024-08-01 07:00:00,2444.84,2444.95,2439.96,2440.36,10255.0
2024-08-01 08:00:00,2440.36,2442.42,2433.26,2433.87,10421.0
2024-08-01 09:00:00,2433.89,2435.09,2430.27,2433.09,9560.0
2024-08-01 10:00:00,2433.06,2436.85,2432.04,2435.19,7224.0
2024-08-01 11:00:00,2435.2,2443.02,2434.38,2440.83,9265.0
2024-08-01 12:00:00,2440.83,2454.82,2440.37,2450.78,13039.0
2024-08-01 13:00:00,2450.78,2457.4,2448.6,2453.67,15678.0
2024-08-01 14:00:00,2453.4,2462.31,2443.29,2448.72,18754.0
2024-08-01 15:00:00,2448.62,2451.81,2442.17,2445.19,15354.0
2024-08-01 16:00:00,2445.23,2448.83,2443.47,2444.5,12009.0
2024-08-01 17:00:00,2444.5,2444.74,2435.86,2439.39,12400.0
2024-08-01 18:00:00,2439.39,2441.03,2434.97,2439.67,9647.0
2024-08-01 19:00:00,2439.66,2444.13,2438.39,2443.2,8272.0
2024-08-01 20:00:00,2443.2,2447.54,2441.83,2446.3,5371.0
2024-08-01 22:00:00,2446.36,2447.43,2443.79,2445.2,3640.0
2024-08-01 23:00:00,2445.2,2446.59,2444.1,2445.82,3967.0
2024-08-02 00:00:00,2445.82,2452.35,2443.91,2449.08,7855.0
2024-08-02 01:00:00,2449.07,2450.95,2435.06,2447.19,12908.0
2024-08-02 02:00:00,2447.18,2455.71,2446.78,2455.67,10685.0
2024-08-02 03:00:00,2455.66,2459.43,2451.76,2454.56,8579.0
2024-08-02 04:00:00,2454.55,2460.35,2454.34,2457.91,6088.0
2024-08-02 05:00:00,2457.92,2466.9,2457.7,2466.74,8595.0
2024-08-02 06:00:00,2466.78,2468.46,2462.5,2465.6,12245.0
2024-08-02 07:00:00,2465.6,2466.75,2460.25,2461.67,11295.0
2024-08-02 08:00:00,2461.67,2465.34,2460.97,2462.08,9788.0
2024-08-02 09:00:00,2462.06,2464.26,2461.04,2463.95,7765.0
2024-08-02 10:00:00,2463.95,2465.4,2461.0,2463.47,8076.0
2024-08-02 11:00:00,2463.59,2464.74,2457.66,2459.28,8736.0
2024-08-02 12:00:00,2459.23,2477.72,2455.94,2472.97,17458.0
2024-08-02 13:00:00,2472.91,2474.34,2455.83,2469.96,20918.0
2024-08-02 14:00:00,2469.96,2474.42,2428.41,2431.6,21270.0
2024-08-02 15:00:00,2431.57,2435.76,2410.87,2433.25,20143.0
2024-08-02 16:00:00,2433.25,2439.29,2426.39,2430.5,15908.0
2024-08-02 17:00:00,2430.49,2431.64,2423.2,2427.87,11691.0
2024-08-02 18:00:00,2427.87,2433.64,2426.8,2429.05,8031.0
2024-08-02 19:00:00,2429.05,2438.28,2425.68,2437.61,8944.0
2024-08-02 20:00:00,2437.61,2442.47,2435.68,2441.38,3636.0
2024-08-04 22:00:00,2442.1,2447.35,2437.87,2441.42,6954.0
2024-08-04 23:00:00,2441.42,2445.74,2439.2,2441.02,6541.0
2024-08-05 00:00:00,2441.03,2441.11,2414.0,2422.16,15516.0
2024-08-05 01:00:00,2422.11,2441.99,2420.2,2439.5,18124.0
2024-08-05 02:00:00,2439.52,2446.16,2433.12,2442.86,11036.0
2024-08-05 03:00:00,2442.86,2452.6,2442.73,2451.06,10774.0
2024-08-05 04:00:00,2451.09,2458.78,2450.96,2452.76,11219.0
2024-08-05 05:00:00,2452.7,2452.71,2432.57,2438.0,13851.0
2024-08-05 06:00:00,2437.98,2438.77,2422.24,2428.68,19455.0
2024-08-05 07:00:00,2428.66,2445.6,2424.71,2432.04,15460.0
2024-08-05 08:00:00,2432.03,2434.51,2423.37,2425.06,13751.0
2024-08-05 09:00:00,2425.06,2428.79,2419.22,2424.22,14091.0
2024-08-05 10:00:00,2424.21,2425.68,2408.13,2408.57,13659.0
2024-08-05 11:00:00,2408.57,2408.57,2383.33,2386.8,17752.0
2024-08-05 12:00:00,2386.76,2392.29,2364.35,2374.55,20950.0
2024-08-05 13:00:00,2374.56,2397.02,2374.55,2393.27,22214.0
2024-08-05 14:00:00,2393.27,2397.52,2387.01,2396.74,21154.0
2024-08-05 15:00:00,2396.68,2412.26,2396.58,2402.83,20158.0
2024-08-05 16:00:00,2402.83,2408.83,2399.11,2403.07,15974.0
2024-08-05 17:00:00,2403.07,2406.68,2400.28,2405.03,14515.0
2024-08-05 18:00:00,2405.05,2408.88,2403.82,2405.05,10937.0
2024-08-05 19:00:00,2405.06,2413.08,2404.71,2407.72,9907.0
2024-08-05 20:00:00,2407.73,2411.72,2405.47,2409.96,5655.0
2024-08-05 22:00:00,2410.23,2412.62,2408.0,2409.0,3284.0
2024-08-05 23:00:00,2409.0,2410.07,2404.45,2404.85,5199.0
2024-08-06 00:00:00,2404.86,2418.36,2404.62,2415.96,11441.0
2024-08-06 01:00:00,2415.95,2417.78,2410.72,2412.49,13633.0
2024-08-06 02:00:00,2412.48,2413.26,2405.97,2407.54,10747.0
2024-08-06 03:00:00,2407.54,2411.1,2406.6,2409.06,8549.0
2024-08-06 04:00:00,2409.05,2412.62,2406.51,2408.1,7406.0
2024-08-06 05:00:00,2408.11,2411.88,2398.17,2398.78,11566.0
2024-08-06 06:00:00,2398.77,2408.34,2394.89,2401.66,16304.0
2024-08-06 07:00:00,2401.65,2410.68,2401.57,2409.93,13041.0
2024-08-06 08:00:00,2409.94,2415.47,2408.22,2411.13,11250.0
2024-08-06 09:00:00,2411.15,2415.57,2410.35,2413.4,9711.0
2024-08-06 10:00:00,2413.4,2416.35,2411.66,2412.44,8909.0
2024-08-06 11:00:00,2412.44,2415.33,2410.18,2410.93,9387.0
2024-08-06 12:00:00,2410.98,2412.31,2391.84,2393.03,15583.0
2024-08-06 13:00:00,2393.05,2399.48,2388.85,2395.77,18781.0
2024-08-06 14:00:00,2395.7,2403.2,2386.37,2388.41,18359.0
2024-08-06 15:00:00,2388.42,2391.12,2381.78,2387.62,15346.0
2024-08-06 16:00:00,2387.62,2391.49,2385.73,2390.05,9808.0
2024-08-06 17:00:00,2390.04,2393.52,2387.7,2391.94,10079.0
2024-08-06 18:00:00,2391.94,2396.06,2391.39,2392.91,7491.0
2024-08-06 19:00:00,2392.91,2393.09,2386.51,2387.7,9537.0
2024-08-06 20:00:00,2387.71,2390.11,2386.94,2389.9,5343.0
2024-08-06 22:00:00,2391.85,2392.17,2388.05,2388.67,2877.0
2024-08-06 23:00:00,2388.67,2389.69,2382.88,2383.9,3791.0
2024-08-07 00:00:00,2383.9,2387.41,2381.15,2386.51,7980.0
2024-08-07 01:00:00,2386.6,2387.62,2379.07,2384.15,13845.0
2024-08-07 02:00:00,2384.14,2388.53,2380.9,2384.29,12298.0
2024-08-07 03:00:00,2384.35,2387.6,2383.26,2386.02,8128.0
2024-08-07 04:00:00,2386.03,2394.81,2385.75,2392.85,7196.0
2024-08-07 05:00:00,2392.83,2396.19,2388.68,2391.47,10017.0
2024-08-07 06:00:00,2391.52,2397.63,2389.63,2394.77,10511.0
2024-08-07 07:00:00,2394.75,2394.94,2388.09,2389.42,10174.0
2024-08-07 08:00:00,2389.42,2393.79,2388.42,2393.39,8657.0
2024-08-07 09:00:00,2393.4,2396.42,2392.49,2394.36,7370.0
2024-08-07 10:00:00,2394.37,2398.11,2393.18,2397.49,6687.0
2024-08-07 11:00:00,2397.46,2402.39,2394.34,2401.1,7578.0
2024-08-07 12:00:00,2401.16,2407.06,2399.05,2403.88,10714.0
2024-08-07 13:00:00,2403.88,2404.91,2397.09,2400.11,12658.0
2024-08-07 14:00:00,2400.11,2403.44,2397.98,2399.1,13994.0
2024-08-07 15:00:00,2399.1,2401.82,2392.02,2394.56,12749.0
2024-08-07 16:00:00,2394.56,2399.78,2392.88,2399.75,8706.0
2024-08-07 17:00:00,2399.74,2399.75,2389.53,2389.89,10022.0
2024-08-07 18:00:00,2389.87,2391.76,2383.88,2386.27,10483.0
2024-08-07 19:00:00,2386.27,2390.54,2385.4,2385.67,7794.0
2024-08-07 20:00:00,2385.68,2387.4,2381.85,2383.06,3980.0
2024-08-07 22:00:00,2382.79,2384.39,2380.96,2383.72,3361.0
2024-08-07 23:00:00,2383.72,2385.93,2382.84,2384.91,5103.0
2024-08-08 00:00:00,2384.89,2388.86,2383.3,2385.61,8598.0
2024-08-08 01:00:00,2385.62,2391.39,2385.07,2386.87,12551.0
2024-08-08 02:00:00,2386.82,2390.94,2386.3,2390.48,9369.0
2024-08-08 03:00:00,2390.48,2394.77,2388.72,2394.38,7282.0
2024-08-08 04:00:00,2394.36,2396.44,2392.74,2394.39,7712.0
2024-08-08 05:00:00,2394.41,2395.52,2392.49,2395.32,8882.0
2024-08-08 06:00:00,2395.31,2400.74,2392.69,2397.86,12475.0
2024-08-08 07:00:00,2397.84,2400.35,2394.81,2396.86,9214.0
2024-08-08 08:00:00,2396.84,2398.18,2392.91,2394.61,7441.0
2024-08-08 09:00:00,2394.61,2399.0,2393.86,2396.28,7406.0
2024-08-08 10:00:00,2396.27,2406.49,2396.27,2405.36,7525.0
2024-08-08 11:00:00,2405.37,2413.67,2405.01,2412.33,10767.0
2024-08-08 12:00:00,2412.35,2415.54,2407.17,2408.12,14575.0
2024-08-08 13:00:00,2408.12,2415.56,2402.36,2414.18,16081.0
2024-08-08 14:00:00,2414.17,2424.35,2409.29,2413.78,16589.0
2024-08-08 15:00:00,2413.77,2420.37,2411.93,2418.7,10907.0
2024-08-08 16:00:00,2418.69,2423.84,2416.76,2418.14,9373.0
2024-08-08 17:00:00,2418.15,2424.96,2415.85,2423.55,10085.0
2024-08-08 18:00:00,2423.56,2426.34,2422.38,2424.02,6493.0
2024-08-08 19:00:00,2424.02,2424.86,2421.64,2423.64,5442.0
2024-08-08 20:00:00,2423.66,2427.64,2423.12,2427.18,3037.0
2024-08-08 22:00:00,2426.89,2428.02,2424.62,2425.85,3073.0
2024-08-08 23:00:00,2425.84,2426.52,2422.88,2424.65,2842.0
2024-08-09 00:00:00,2424.65,2425.39,2422.61,2424.01,6025.0
2024-08-09 01:00:00,2424.01,2427.53,2420.14,2427.27,10771.0
2024-08-09 02:00:00,2427.28,2428.87,2422.4,2422.53,8086.0
2024-08-09 03:00:00,2422.53,2423.39,2419.41,2421.09,6492.0
2024-08-09 04:00:00,2421.07,2424.49,2420.24,2423.93,5070.0
2024-08-09 05:00:00,2423.93,2423.99,2417.19,2417.24,7919.0
2024-08-09 06:00:00,2417.24,2421.84,2416.93,2420.82,8926.0
2024-08-09 07:00:00,2420.8,2427.05,2420.38,2423.2,8093.0
2024-08-09 08:00:00,2423.2,2426.78,2422.26,2424.57,7496.0
2024-08-09 09:00:00,2424.51,2425.6,2422.76,2423.62,6469.0
2024-08-09 10:00:00,2423.61,2431.43,2423.08,2430.51,6147.0
2024-08-09 11:00:00,2430.51,2432.64,2425.2,2426.76,7933.0
2024-08-09 12:00:00,2426.76,2429.93,2423.82,2429.7,9675.0
2024-08-09 13:00:00,2429.71,2433.2,2421.1,2426.73,13892.0
2024-08-09 14:00:00,2426.72,2435.97,2425.46,2428.74,15624.0
2024-08-09 15:00:00,2428.74,2432.65,2426.62,2431.49,11646.0
2024-08-09 16:00:00,2431.48,2434.74,2427.64,2434.52,7348.0
2024-08-09 17:00:00,2434.52,2437.07,2430.53,2430.64,7704.0
2024-08-09 18:00:00,2430.66,2430.93,2427.29,2429.9,5728.0
2024-08-09 19:00:00,2429.9,2430.11,2427.44,2429.12,5320.0
2024-08-09 20:00:00,2429.13,2431.26,2429.13,2431.07,2662.0
2024-08-11 22:00:00,2429.67,2433.47,2427.01,2430.5,3751.0
2024-08-11 23:00:00,2430.5,2430.65,2427.39,2427.94,2776.0
2024-08-12 00:00:00,2427.97,2429.13,2426.83,2428.51,3047.0
2024-08-12 01:00:00,2428.51,2430.33,2424.69,2426.09,7437.0
2024-08-12 02:00:00,2426.09,2427.51,2423.88,2426.25,5599.0
2024-08-12 03:00:00,2426.22,2429.41,2425.76,2428.68,4177.0
2024-08-12 04:00:00,2428.68,2433.61,2428.3,2433.4,2738.0
2024-08-12 05:00:00,2433.4,2435.15,2429.15,2434.69,6050.0
2024-08-12 06:00:00,2434.69,2437.27,2433.81,2436.86,7993.0
2024-08-12 07:00:00,2436.86,2442.88,2435.6,2441.67,6585.0
2024-08-12 08:00:00,2441.68,2443.85,2439.69,2442.02,6914.0
2024-08-12 09:00:00,2442.03,2445.12,2440.62,2442.71,6392.0
2024-08-12 10:00:00,2442.71,2444.76,2441.52,2443.88,5084.0
2024-08-12 11:00:00,2443.88,2444.27,2439.72,2441.62,6664.0
2024-08-12 12:00:00,2441.62,2445.45,2441.46,2444.47,7564.0
2024-08-12 13:00:00,2444.48,2457.54,2442.16,2454.29,12845.0
2024-08-12 14:00:00,2454.27,2455.53,2444.58,2453.4,13733.0
2024-08-12 15:00:00,2453.41,2460.65,2452.99,2459.82,11926.0
2024-08-12 16:00:00,2459.87,2466.15,2459.09,2463.18,8806.0
2024-08-12 17:00:00,2463.18,2468.61,2461.83,2467.16,7535.0
2024-08-12 18:00:00,2467.21,2471.01,2466.51,2470.32,6194.0
2024-08-12 19:00:00,2470.3,2472.19,2469.79,2470.52,4803.0
2024-08-12 20:00:00,2470.52,2473.16,2470.46,2472.03,2485.0
2024-08-12 22:00:00,2470.53,2474.13,2469.99,2473.75,2342.0
2024-08-12 23:00:00,2473.75,2476.03,2472.79,2475.63,2814.0
2024-08-13 00:00:00,2475.64,2476.97,2468.5,2472.18,6267.0
2024-08-13 01:00:00,2472.18,2473.69,2460.91,2466.44,13036.0
2024-08-13 02:00:00,2466.43,2467.68,2461.52,2461.53,7170.0
2024-08-13 03:00:00,2461.54,2464.69,2461.42,2463.54,6750.0
2024-08-13 04:00:00,2463.54,2465.08,2460.26,2462.06,4758.0
2024-08-13 05:00:00,2462.05,2464.43,2458.51,2462.79,7221.0
2024-08-13 06:00:00,2462.79,2464.66,2461.19,2463.31,8577.0
2024-08-13 07:00:00,2463.31,2466.17,2460.9,2464.27,6830.0
2024-08-13 08:00:00,2464.27,2464.37,2459.02,2460.67,6404.0
2024-08-13 09:00:00,2460.64,2462.13,2458.98,2460.67,5520.0
2024-08-13 10:00:00,2460.67,2463.5,2459.44,2462.21,6146.0
2024-08-13 11:00:00,2462.21,2466.65,2461.54,2465.79,6648.0
2024-08-13 12:00:00,2465.78,2472.54,2464.39,2467.71,11538.0
2024-08-13 13:00:00,2467.71,2475.63,2458.95,2472.93,15224.0
2024-08-13 14:00:00,2472.91,2473.3,2464.3,2471.4,13621.0
2024-08-13 15:00:00,2471.42,2473.09,2466.06,2468.65,8946.0
2024-08-13 16:00:00,2468.66,2471.1,2466.36,2469.53,7043.0
2024-08-13 17:00:00,2469.53,2470.32,2465.98,2467.7,6108.0
2024-08-13 18:00:00,2467.72,2468.99,2466.39,2467.86,5094.0
2024-08-13 19:00:00,2467.82,2468.86,2462.29,2467.09,4598.0
2024-08-13 20:00:00,2467.09,2467.86,2464.58,2464.98,2873.0
2024-08-13 22:00:00,2465.72,2467.09,2463.89,2465.57,1730.0
2024-08-13 23:00:00,2465.57,2465.57,2463.03,2464.18,2253.0
2024-08-14 00:00:00,2464.2,2467.42,2464.06,2465.73,4160.0
2024-08-14 01:00:00,2465.71,2472.58,2464.61,2465.55,10505.0
2024-08-14 02:00:00,2465.55,2465.77,2455.42,2459.97,10427.0
2024-08-14 03:00:00,2459.97,2461.65,2458.82,2460.92,7154.0
2024-08-14 04:00:00,2460.88,2462.98,2460.11,2461.91,4083.0
2024-08-14 05:00:00,2461.91,2462.6,2459.28,2462.04,5470.0
2024-08-14 06:00:00,2462.04,2467.78,2460.42,2467.46,10103.0
2024-08-14 07:00:00,2467.46,2471.96,2466.39,2470.96,7944.0
2024-08-14 08:00:00,2470.97,2478.66,2468.77,2474.46,8571.0
2024-08-14 09:00:00,2474.48,2475.42,2471.15,2472.92,6934.0
2024-08-14 10:00:00,2472.97,2476.18,2470.58,2475.03,6074.0
2024-08-14 11:00:00,2475.03,2475.32,2471.78,2474.77,6146.0
2024-08-14 12:00:00,2474.77,2480.02,2462.6,2468.83,14259.0
2024-08-14 13:00:00,2468.82,2469.59,2449.5,2457.54,18018.0
2024-08-14 14:00:00,2457.5,2458.36,2447.08,2450.27,17095.0
2024-08-14 15:00:00,2450.27,2452.22,2442.15,2444.09,13602.0
2024-08-14 16:00:00,2444.11,2445.54,2438.13,2444.22,10333.0
2024-08-14 17:00:00,2444.24,2445.15,2440.37,2441.55,7484.0
2024-08-14 18:00:00,2441.58,2448.07,2440.67,2447.77,7196.0
2024-08-14 19:00:00,2447.78,2448.45,2444.43,2447.19,4961.0
2024-08-14 20:00:00,2447.2,2448.41,2446.59,2447.92,2511.0
2024-08-14 22:00:00,2447.56,2448.62,2446.65,2447.97,1445.0
2024-08-14 23:00:00,2447.97,2449.52,2447.22,2449.48,2373.0
2024-08-15 00:00:00,2449.49,2454.29,2448.57,2450.18,4672.0
2024-08-15 01:00:00,2450.18,2453.57,2448.23,2450.73,10165.0
2024-08-15 02:00:00,2450.73,2452.6,2449.86,2451.5,8286.0
2024-08-15 03:00:00,2451.5,2454.38,2451.38,2453.67,4718.0
2024-08-15 04:00:00,2453.67,2455.51,2452.86,2453.42,3790.0
2024-08-15 05:00:00,2453.42,2455.12,2450.38,2453.93,6516.0
2024-08-15 06:00:00,2453.93,2458.8,2452.79,2456.05,9301.0
2024-08-15 07:00:00,2456.05,2456.67,2454.46,2455.87,6171.0
2024-08-15 08:00:00,2455.87,2457.26,2453.64,2455.55,6574.0
2024-08-15 09:00:00,2455.56,2457.3,2455.39,2456.8,4411.0
2024-08-15 10:00:00,2456.84,2460.32,2456.81,2458.21,5114.0
2024-08-15 11:00:00,2458.21,2464.2,2457.97,2463.55,6453.0
2024-08-15 12:00:00,2463.55,2470.09,2441.11,2441.11,15268.0
2024-08-15 13:00:00,2441.22,2451.49,2432.23,2444.52,19785.0
2024-08-15 14:00:00,2444.51,2458.6,2444.51,2452.31,16118.0
2024-08-15 15:00:00,2452.35,2459.58,2450.58,2458.44,12032.0
2024-08-15 16:00:00,2458.45,2459.93,2455.09,2455.74,7333.0
2024-08-15 17:00:00,2455.78,2456.48,2453.52,2455.52,7326.0
2024-08-15 18:00:00,2455.53,2458.36,2454.83,2458.31,6143.0
2024-08-15 19:00:00,2458.32,2461.66,2454.19,2455.59,6763.0
2024-08-15 20:00:00,2455.59,2457.49,2454.82,2456.24,3254.0
2024-08-15 22:00:00,2456.42,2456.42,2454.65,2454.85,1143.0
2024-08-15 23:00:00,2454.86,2458.29,2454.4,2457.37,2461.0
2024-08-16 00:00:00,2457.35,2459.77,2456.95,2458.37,3789.0
2024-08-16 01:00:00,2458.49,2460.11,2455.77,2457.37,9705.0
2024-08-16 02:00:00,2457.36,2457.81,2453.64,2455.01,7262.0
2024-08-16 03:00:00,2455.01,2455.65,2450.82,2452.5,6363.0
2024-08-16 04:00:00,2452.5,2453.74,2452.04,2452.75,3192.0
2024-08-16 05:00:00,2452.75,2456.39,2452.62,2455.76,6164.0
2024-08-16 06:00:00,2455.75,2457.86,2454.68,2455.05,8403.0
2024-08-16 07:00:00,2455.04,2464.52,2451.19,2461.99,7172.0
2024-08-16 08:00:00,2461.99,2464.08,2459.15,2462.39,6688.0
2024-08-16 09:00:00,2462.39,2464.41,2461.27,2463.39,5065.0
2024-08-16 10:00:00,2463.39,2468.21,2462.9,2464.65,6744.0
2024-08-16 11:00:00,2464.65,2472.38,2464.65,2472.21,7951.0
2024-08-16 12:00:00,2472.21,2492.43,2471.35,2491.67,11635.0
2024-08-16 13:00:00,2491.67,2500.05,2483.69,2494.68,17686.0
2024-08-16 14:00:00,2494.7,2495.08,2477.57,2487.26,17052.0
2024-08-16 15:00:00,2487.27,2492.32,2485.69,2491.79,10878.0
2024-08-16 16:00:00,2491.8,2497.85,2491.75,2495.94,9836.0
2024-08-16 17:00:00,2495.94,2500.15,2493.16,2499.77,7938.0
2024-08-16 18:00:00,2499.77,2505.62,2498.48,2503.37,7255.0
2024-08-16 19:00:00,2503.37,2509.0,2501.8,2507.88,6403.0
2024-08-16 20:00:00,2507.96,2509.76,2505.57,2507.46,3633.0
2024-08-18 22:00:00,2510.66,2510.75,2502.42,2504.88,4676.0
2024-08-18 23:00:00,2504.95,2506.82,2503.44,2506.46,2407.0
2024-08-19 00:00:00,2506.46,2506.77,2500.38,2502.08,6235.0
2024-08-19 01:00:00,2502.07,2506.07,2495.01,2498.2,14623.0
2024-08-19 02:00:00,2498.25,2503.99,2496.27,2503.6,8530.0
2024-08-19 03:00:00,2503.59,2505.9,2500.58,2503.32,7804.0
2024-08-19 04:00:00,2503.31,2504.7,2498.82,2500.7,5457.0
2024-08-19 05:00:00,2500.7,2502.4,2499.15,2501.12,8369.0
2024-08-19 06:00:00,2501.12,2505.24,2499.72,2502.14,10903.0
2024-08-19 07:00:00,2502.15,2504.91,2499.76,2503.09,7758.0
2024-08-19 08:00:00,2503.07,2507.22,2502.38,2503.18,7503.0
2024-08-19 09:00:00,2503.18,2504.03,2499.85,2499.95,5633.0
2024-08-19 10:00:00,2499.95,2500.11,2489.58,2489.89,7225.0
2024-08-19 11:00:00,2489.89,2495.25,2486.57,2494.53,8678.0
2024-08-19 12:00:00,2494.51,2495.53,2488.9,2491.19,9961.0
2024-08-19 13:00:00,2491.22,2495.89,2485.67,2494.81,13453.0
2024-08-19 14:00:00,2494.8,2504.84,2493.94,2501.32,14372.0
2024-08-19 15:00:00,2501.33,2505.99,2499.99,2504.03,10904.0
2024-08-19 16:00:00,2504.03,2507.5,2501.98,2505.53,7697.0
2024-08-19 17:00:00,2505.54,2505.86,2500.76,2503.18,6589.0
2024-08-19 18:00:00,2503.2,2504.91,2502.54,2504.31,4580.0
2024-08-19 19:00:00,2504.31,2505.86,2503.12,2505.51,4168.0
2024-08-19 20:00:00,2505.51,2505.64,2503.37,2504.23,1723.0
2024-08-19 22:00:00,2503.13,2504.63,2502.17,2504.36,1503.0
2024-08-19 23:00:00,2504.33,2504.35,2502.49,2503.68,1872.0
2024-08-20 00:00:00,2503.7,2506.93,2503.39,2504.98,5010.0
2024-08-20 01:00:00,2504.97,2508.22,2501.39,2501.98,10092.0
2024-08-20 02:00:00,2501.98,2502.47,2498.72,2499.66,7945.0
2024-08-20 03:00:00,2499.66,2502.38,2499.13,2501.79,5251.0
2024-08-20 04:00:00,2501.8,2502.84,2499.58,2500.87,3828.0
2024-08-20 05:00:00,2500.87,2503.73,2499.55,2499.56,6494.0
2024-08-20 06:00:00,2499.56,2505.77,2497.36,2502.54,8821.0
2024-08-20 07:00:00,2502.44,2515.21,2501.26,2514.98,8323.0
2024-08-20 08:00:00,2514.98,2523.13,2514.38,2519.92,11657.0
2024-08-20 09:00:00,2519.93,2525.21,2519.87,2521.78,8710.0
2024-08-20 10:00:00,2521.79,2524.54,2521.22,2522.91,6161.0
2024-08-20 11:00:00,2522.91,2527.1,2522.23,2526.35,7162.0
2024-08-20 12:00:00,2526.35,2529.26,2521.7,2526.93,10165.0
2024-08-20 13:00:00,2526.75,2531.72,2519.96,2529.88,14648.0
2024-08-20 14:00:00,2529.98,2530.24,2520.51,2523.84,15240.0
2024-08-20 15:00:00,2523.84,2524.03,2505.91,2508.54,14288.0
2024-08-20 16:00:00,2508.54,2510.63,2500.9,2509.1,10838.0
2024-08-20 17:00:00,2509.13,2513.25,2506.81,2510.6,7089.0
2024-08-20 18:00:00,2510.6,2515.49,2509.33,2513.36,4330.0
2024-08-20 19:00:00,2513.36,2515.31,2510.96,2515.03,4823.0
2024-08-20 20:00:00,2515.04,2516.92,2513.42,2514.01,2054.0
2024-08-20 22:00:00,2513.64,2515.81,2513.34,2514.76,1672.0
2024-08-20 23:00:00,2514.76,2516.12,2512.85,2512.95,2785.0
2024-08-21 00:00:00,2512.95,2515.96,2512.52,2513.53,5498.0
2024-08-21 01:00:00,2513.58,2517.1,2510.89,2516.85,11049.0
2024-08-21 02:00:00,2516.84,2519.98,2515.96,2519.43,7560.0
2024-08-21 03:00:00,2519.43,2519.47,2513.14,2517.41,6640.0
2024-08-21 04:00:00,2517.45,2517.73,2513.87,2516.2,4274.0
2024-08-21 05:00:00,2516.19,2518.45,2515.06,2515.25,5201.0
2024-08-21 06:00:00,2515.25,2519.63,2511.82,2514.48,8883.0
2024-08-21 07:00:00,2514.48,2517.05,2508.14,2509.79,7844.0
2024-08-21 08:00:00,2509.79,2512.46,2506.97,2507.36,6547.0
2024-08-21 09:00:00,2507.36,2509.32,2504.64,2505.71,6324.0
2024-08-21 10:00:00,2505.71,2509.78,2504.51,2509.44,5853.0
2024-08-21 11:00:00,2509.44,2513.3,2506.96,2511.83,6521.0
2024-08-21 12:00:00,2511.83,2513.73,2507.16,2510.59,8508.0
2024-08-21 13:00:00,2510.59,2512.94,2498.03,2503.01,13340.0
2024-08-21 14:00:00,2503.1,2506.71,2494.03,2501.53,20926.0
2024-08-21 15:00:00,2501.54,2511.16,2501.51,2508.54,14005.0
2024-08-21 16:00:00,2508.39,2508.87,2503.25,2507.14,8775.0
2024-08-21 17:00:00,2507.16,2511.38,2506.98,2509.58,7427.0
2024-08-21 18:00:00,2509.59,2519.19,2509.49,2516.04,9979.0
2024-08-21 19:00:00,2516.06,2516.43,2510.98,2511.51,6068.0
2024-08-21 20:00:00,2511.51,2512.39,2509.79,2512.3,3140.0
2024-08-21 22:00:00,2511.89,2514.01,2511.42,2514.0,1760.0
2024-08-21 23:00:00,2513.98,2514.46,2512.3,2512.84,1528.0
2024-08-22 00:00:00,2512.79,2514.68,2511.25,2513.77,4694.0
2024-08-22 01:00:00,2513.78,2514.16,2507.09,2507.67,9851.0
2024-08-22 02:00:00,2507.67,2508.68,2499.99,2502.34,8775.0
2024-08-22 03:00:00,2502.34,2504.74,2501.23,2502.4,6995.0
2024-08-22 04:00:00,2502.4,2502.47,2499.34,2501.96,4698.0
2024-08-22 05:00:00,2501.96,2506.28,2500.72,2505.57,6799.0
2024-08-22 06:00:00,2505.57,2510.64,2503.6,2507.56,9961.0
2024-08-22 07:00:00,2507.56,2509.81,2504.51,2507.17,8271.0
2024-08-22 08:00:00,2507.14,2507.56,2502.48,2503.7,7375.0
2024-08-22 09:00:00,2503.68,2508.1,2501.13,2507.32,7334.0
2024-08-22 10:00:00,2507.32,2509.12,2505.26,2505.38,5614.0
2024-08-22 11:00:00,2505.37,2506.05,2498.06,2499.56,7603.0
2024-08-22 12:00:00,2499.59,2504.22,2495.24,2500.7,11407.0
2024-08-22 13:00:00,2500.7,2501.58,2483.04,2487.99,15200.0
2024-08-22 14:00:00,2487.99,2487.99,2470.87,2480.1,16777.0
2024-08-22 15:00:00,2480.09,2484.26,2475.06,2481.96,11089.0
2024-08-22 16:00:00,2481.97,2486.04,2481.39,2484.3,8919.0
2024-08-22 17:00:00,2484.3,2484.45,2479.71,2482.29,7956.0
2024-08-22 18:00:00,2482.28,2484.85,2480.38,2482.25,6285.0
2024-08-22 19:00:00,2482.3,2483.53,2478.61,2483.02,5333.0
2024-08-22 20:00:00,2483.03,2484.89,2482.52,2484.73,3131.0
2024-08-22 22:00:00,2484.76,2485.64,2484.46,2485.19,1175.0
2024-08-22 23:00:00,2485.19,2487.62,2484.99,2487.59,1618.0
2024-08-23 00:00:00,2487.58,2492.28,2486.52,2490.02,5564.0
2024-08-23 01:00:00,2490.02,2491.46,2487.94,2490.93,9796.0
2024-08-23 02:00:00,2490.93,2491.6,2486.74,2490.01,7582.0
2024-08-23 03:00:00,2489.99,2493.65,2489.53,2493.24,6092.0
2024-08-23 04:00:00,2493.23,2494.52,2492.64,2493.46,4705.0
2024-08-23 05:00:00,2493.46,2495.8,2491.17,2491.86,6558.0
2024-08-23 06:00:00,2491.86,2494.62,2490.66,2492.94,7837.0
2024-08-23 07:00:00,2493.06,2494.11,2491.76,2493.5,7331.0
2024-08-23 08:00:00,2493.46,2499.97,2493.1,2499.02,7170.0
2024-08-23 09:00:00,2499.03,2501.89,2497.05,2498.98,6746.0
2024-08-23 10:00:00,2498.96,2499.31,2495.65,2499.07,5517.0
2024-08-23 11:00:00,2499.07,2502.47,2497.47,2501.61,5595.0
2024-08-23 12:00:00,2501.61,2502.33,2498.44,2501.33,8985.0
2024-08-23 13:00:00,2501.32,2503.91,2494.48,2498.43,11802.0
2024-08-23 14:00:00,2498.27,2517.95,2497.92,2509.21,21905.0
2024-08-23 15:00:00,2509.21,2518.37,2508.04,2509.87,15623.0
2024-08-23 16:00:00,2509.87,2510.49,2501.85,2510.31,12363.0
2024-08-23 17:00:00,2510.31,2513.24,2509.58,2510.93,8812.0
2024-08-23 18:00:00,2510.93,2511.91,2509.15,2509.76,5781.0
2024-08-23 19:00:00,2509.76,2512.78,2507.92,2510.82,5771.0
2024-08-23 20:00:00,2510.81,2512.34,2509.64,2511.93,2738.0
2024-08-25 22:00:00,2512.77,2514.64,2511.01,2512.95,3214.0
2024-08-25 23:00:00,2512.98,2516.66,2512.92,2515.98,4802.0
2024-08-26 00:00:00,2515.98,2516.94,2512.48,2513.73,7131.0
2024-08-26 01:00:00,2513.74,2515.48,2510.62,2513.37,11505.0
2024-08-26 02:00:00,2513.37,2515.37,2511.81,2511.93,7578.0
2024-08-26 03:00:00,2511.92,2513.01,2509.38,2509.89,6568.0
2024-08-26 04:00:00,2509.88,2510.89,2509.01,2509.64,4786.0
2024-08-26 05:00:00,2509.62,2511.34,2508.76,2510.52,6308.0
2024-08-26 06:00:00,2510.54,2515.34,2509.85,2515.14,9369.0
2024-08-26 07:00:00,2515.07,2521.81,2514.19,2521.53,8291.0
2024-08-26 08:00:00,2521.49,2525.79,2520.78,2524.26,7164.0
2024-08-26 09:00:00,2524.26,2525.61,2523.43,2525.06,6057.0
2024-08-26 10:00:00,2525.06,2526.63,2522.61,2524.93,6039.0
2024-08-26 11:00:00,2524.93,2526.87,2520.96,2526.55,7205.0
2024-08-26 12:00:00,2526.55,2526.94,2522.58,2523.88,10057.0
2024-08-26 13:00:00,2523.88,2526.5,2515.51,2515.93,13945.0
2024-08-26 14:00:00,2515.97,2519.0,2510.66,2516.97,14522.0
2024-08-26 15:00:00,2516.94,2517.5,2511.45,2515.87,10969.0
2024-08-26 16:00:00,2515.87,2520.5,2513.63,2520.23,7577.0
2024-08-26 17:00:00,2520.23,2523.39,2516.53,2518.12,7657.0
2024-08-26 18:00:00,2518.13,2519.56,2515.68,2516.92,4687.0
2024-08-26 19:00:00,2516.96,2521.01,2516.89,2518.19,5380.0
2024-08-26 20:00:00,2518.18,2519.06,2517.5,2517.91,2263.0
2024-08-26 22:00:00,2517.98,2518.23,2517.07,2517.32,1090.0
2024-08-26 23:00:00,2517.31,2517.72,2515.5,2515.54,1401.0
2024-08-27 00:00:00,2515.54,2516.78,2512.95,2513.2,3968.0
2024-08-27 01:00:00,2513.23,2514.13,2508.32,2509.74,8877.0
2024-08-27 02:00:00,2509.74,2510.43,2505.88,2508.81,7340.0
2024-08-27 03:00:00,2508.78,2509.23,2505.91,2509.08,5100.0
2024-08-27 04:00:00,2509.08,2509.57,2506.3,2507.36,3663.0
2024-08-27 05:00:00,2507.36,2513.81,2506.64,2513.64,6858.0
2024-08-27 06:00:00,2513.64,2517.5,2512.81,2514.95,9767.0
2024-08-27 07:00:00,2514.94,2517.58,2504.61,2504.95,9481.0
2024-08-27 08:00:00,2504.95,2512.53,2503.58,2511.07,7821.0
2024-08-27 09:00:00,2511.07,2513.81,2508.15,2508.95,7411.0
2024-08-27 10:00:00,2508.95,2510.44,2506.93,2509.02,7552.0
2024-08-27 11:00:00,2509.02,2512.52,2508.68,2511.44,6847.0
2024-08-27 12:00:00,2511.44,2514.38,2507.79,2509.9,9085.0
2024-08-27 13:00:00,2509.88,2515.11,2503.6,2512.42,13017.0
2024-08-27 14:00:00,2512.32,2518.15,2507.84,2514.78,15416.0
2024-08-27 15:00:00,2514.79,2520.29,2511.6,2512.19,10766.0
2024-08-27 16:00:00,2512.19,2514.49,2509.95,2514.46,7023.0
2024-08-27 17:00:00,2514.47,2521.77,2514.14,2520.07,7701.0
2024-08-27 18:00:00,2520.1,2525.99,2519.93,2524.48,6162.0
2024-08-27 19:00:00,2524.48,2525.73,2523.1,2525.13,4573.0
2024-08-27 20:00:00,2525.12,2525.94,2523.82,2524.59,2660.0
2024-08-27 22:00:00,2524.44,2526.06,2524.41,2525.65,1595.0
2024-08-27 23:00:00,2525.65,2529.04,2524.2,2525.32,3207.0
2024-08-28 00:00:00,2525.32,2525.89,2523.92,2524.42,3405.0
2024-08-28 01:00:00,2524.42,2524.42,2516.86,2517.17,7573.0
2024-08-28 02:00:00,2517.15,2518.57,2513.43,2516.37,6554.0
2024-08-28 03:00:00,2516.35,2517.11,2513.32,2515.94,5018.0
2024-08-28 04:00:00,2515.94,2516.22,2510.32,2511.58,4636.0
2024-08-28 05:00:00,2511.58,2511.75,2505.54,2505.86,8635.0
2024-08-28 06:00:00,2505.86,2509.03,2503.37,2508.57,10405.0
2024-08-28 07:00:00,2508.55,2511.39,2507.58,2510.04,9444.0
2024-08-28 08:00:00,2510.04,2510.04,2506.05,2508.24,7112.0
2024-08-28 09:00:00,2508.24,2511.41,2507.87,2510.19,5845.0
2024-08-28 10:00:00,2510.18,2510.54,2502.65,2505.41,6371.0
2024-08-28 11:00:00,2505.4,2505.48,2500.76,2501.45,7292.0
2024-08-28 12:00:00,2501.45,2501.62,2493.66,2500.67,11588.0
2024-08-28 13:00:00,2500.67,2510.64,2499.5,2506.67,14306.0
2024-08-28 14:00:00,2506.58,2509.11,2504.04,2507.65,12670.0
2024-08-28 15:00:00,2507.65,2510.27,2505.05,2506.18,10816.0
2024-08-28 16:00:00,2506.18,2506.5,2496.44,2501.96,8646.0
2024-08-28 17:00:00,2501.95,2506.36,2500.63,2505.45,7224.0
2024-08-28 18:00:00,2505.46,2508.26,2503.69,2508.05,5497.0
2024-08-28 19:00:00,2508.05,2509.63,2506.86,2507.64,5671.0
2024-08-28 20:00:00,2507.64,2508.61,2502.88,2504.67,3867.0
2024-08-28 22:00:00,2504.48,2508.76,2504.25,2507.31,3188.0
2024-08-28 23:00:00,2507.31,2508.21,2506.41,2508.14,2149.0
2024-08-29 00:00:00,2508.15,2515.41,2508.0,2512.34,5590.0
2024-08-29 01:00:00,2512.33,2514.74,2511.75,2513.22,8143.0
2024-08-29 02:00:00,2513.16,2515.16,2511.74,2512.88,5952.0
2024-08-29 03:00:00,2512.9,2516.88,2512.42,2516.68,5408.0
2024-08-29 04:00:00,2516.68,2518.21,2515.64,2515.95,4672.0
2024-08-29 05:00:00,2515.92,2519.99,2513.8,2518.85,6631.0
2024-08-29 06:00:00,2518.85,2521.25,2516.33,2516.92,8468.0
2024-08-29 07:00:00,2516.92,2519.2,2515.29,2519.18,6380.0
2024-08-29 08:00:00,2519.18,2520.18,2515.15,2517.21,9812.0
2024-08-29 09:00:00,2517.21,2524.35,2515.97,2523.0,7588.0
2024-08-29 10:00:00,2523.0,2524.42,2520.92,2523.12,7142.0
2024-08-29 11:00:00,2523.12,2523.41,2519.07,2519.97,6441.0
2024-08-29 12:00:00,2519.94,2519.94,2503.69,2509.22,13843.0
2024-08-29 13:00:00,2509.22,2519.25,2508.28,2516.87,16169.0
2024-08-29 14:00:00,2516.82,2522.32,2514.49,2522.18,14673.0
2024-08-29 15:00:00,2522.18,2525.67,2518.61,2522.64,9946.0
2024-08-29 16:00:00,2522.64,2526.73,2517.51,2525.3,7817.0
2024-08-29 17:00:00,2525.28,2528.72,2523.52,2525.9,7499.0
2024-08-29 18:00:00,2525.93,2526.39,2521.01,2523.1,7030.0
2024-08-29 19:00:00,2523.08,2524.87,2520.91,2521.18,5673.0
2024-08-29 20:00:00,2521.16,2522.26,2520.75,2521.09,1854.0
2024-08-29 22:00:00,2521.26,2521.7,2520.2,2520.97,1234.0
2024-08-29 23:00:00,2520.96,2520.97,2518.91,2519.64,1827.0
2024-08-30 00:00:00,2519.66,2519.72,2516.76,2517.77,3773.0
2024-08-30 01:00:00,2517.78,2520.07,2514.5,2516.12,7710.0
2024-08-30 02:00:00,2516.11,2517.92,2514.24,2516.14,6121.0
2024-08-30 03:00:00,2516.14,2517.06,2512.34,2513.59,5008.0
2024-08-30 04:00:00,2513.59,2514.62,2512.2,2513.39,3603.0
2024-08-30 05:00:00,2513.4,2516.34,2512.54,2513.89,5918.0
2024-08-30 06:00:00,2513.89,2524.15,2513.22,2517.9,11051.0
2024-08-30 07:00:00,2517.9,2521.41,2517.64,2519.41,6827.0
2024-08-30 08:00:00,2519.41,2526.77,2518.95,2522.96,6905.0
2024-08-30 09:00:00,2522.95,2526.91,2522.66,2524.22,5948.0
2024-08-30 10:00:00,2524.22,2524.82,2515.14,2515.38,6337.0
2024-08-30 11:00:00,2515.38,2521.7,2515.07,2519.53,6600.0
2024-08-30 12:00:00,2519.52,2524.82,2516.36,2519.77,12615.0
2024-08-30 13:00:00,2519.72,2519.9,2512.98,2515.5,14872.0
2024-08-30 14:00:00,2515.5,2518.44,2506.47,2509.12,17064.0
2024-08-30 15:00:00,2509.11,2509.56,2500.3,2502.5,13943.0
2024-08-30 16:00:00,2502.52,2506.08,2496.68,2497.76,10647.0
2024-08-30 17:00:00,2497.76,2500.5,2494.17,2499.65,9538.0
2024-08-30 18:00:00,2499.64,2504.77,2499.47,2502.46,6456.0
2024-08-30 19:00:00,2502.45,2504.03,2498.34,2502.37,6106.0
2024-08-30 20:00:00,2502.37,2503.56,2501.91,2503.35,2883.0
2024-09-01 22:00:00,2503.75,2504.72,2501.84,2503.46,1917.0
2024-09-01 23:00:00,2503.46,2503.73,2501.98,2502.99,2574.0
2024-09-02 00:00:00,2502.99,2505.03,2501.18,2501.54,3308.0
2024-09-02 01:00:00,2501.54,2504.73,2496.66,2498.0,8900.0
2024-09-02 02:00:00,2498.0,2498.3,2490.06,2492.01,8686.0
2024-09-02 03:00:00,2491.99,2496.45,2491.52,2496.32,5247.0
2024-09-02 04:00:00,2496.32,2499.46,2496.27,2496.98,3415.0
2024-09-02 05:00:00,2496.98,2498.52,2495.33,2496.5,6037.0
2024-09-02 06:00:00,2496.53,2501.44,2495.9,2497.63,8987.0
2024-09-02 07:00:00,2497.63,2499.56,2496.21,2498.25,6302.0
2024-09-02 08:00:00,2498.22,2507.32,2497.33,2506.35,6837.0
2024-09-02 09:00:00,2506.35,2506.65,2498.25,2499.06,6110.0
2024-09-02 10:00:00,2499.04,2502.11,2498.2,2499.27,4468.0
2024-09-02 11:00:00,2499.27,2500.24,2497.2,2499.86,4474.0
2024-09-02 12:00:00,2499.85,2503.24,2498.87,2501.32,5205.0
2024-09-02 13:00:00,2501.32,2502.39,2498.53,2499.99,8669.0
2024-09-02 14:00:00,2499.99,2502.5,2497.79,2502.06,6763.0
2024-09-02 15:00:00,2502.06,2502.49,2499.95,2501.63,4627.0
2024-09-02 16:00:00,2501.63,2501.93,2498.64,2500.57,2433.0
2024-09-02 17:00:00,2500.57,2501.37,2498.83,2499.51,1758.0
2024-09-02 18:00:00,2499.51,2500.16,2498.88,2499.61,912.0
2024-09-02 22:00:00,2499.09,2500.56,2497.55,2497.78,1026.0
2024-09-02 23:00:00,2497.78,2498.52,2496.51,2497.2,1776.0
2024-09-03 00:00:00,2497.25,2497.72,2495.06,2495.8,4445.0
2024-09-03 01:00:00,2495.8,2495.9,2489.71,2493.8,9881.0
2024-09-03 02:00:00,2493.78,2496.45,2492.5,2495.33,8306.0
2024-09-03 03:00:00,2495.3,2495.91,2493.1,2494.83,6910.0
2024-09-03 04:00:00,2494.82,2497.0,2493.95,2496.01,4101.0
2024-09-03 05:00:00,2495.99,2495.99,2492.78,2495.09,6604.0
2024-09-03 06:00:00,2495.08,2498.89,2492.84,2497.91,9865.0
2024-09-03 07:00:00,2497.91,2502.07,2496.65,2500.9,8347.0
2024-09-03 08:00:00,2500.86,2506.31,2500.62,2503.99,7953.0
2024-09-03 09:00:00,2504.0,2505.03,2500.97,2500.97,6822.0
2024-09-03 10:00:00,2500.98,2501.08,2492.73,2497.39,8293.0
2024-09-03 11:00:00,2497.39,2501.66,2484.8,2489.73,9515.0
2024-09-03 12:00:00,2489.71,2502.16,2487.2,2493.26,13324.0
2024-09-03 13:00:00,2493.26,2497.66,2475.6,2480.07,17277.0
2024-09-03 14:00:00,2479.88,2485.73,2473.47,2478.32,18939.0
2024-09-03 15:00:00,2478.32,2489.53,2477.2,2488.44,11997.0
2024-09-03 16:00:00,2488.43,2488.98,2483.99,2486.16,8284.0
2024-09-03 17:00:00,2485.99,2492.05,2485.55,2489.5,6894.0
2024-09-03 18:00:00,2489.51,2490.05,2487.13,2489.35,5024.0
2024-09-03 19:00:00,2489.33,2494.4,2489.03,2492.05,5481.0
2024-09-03 20:00:00,2492.08,2493.16,2491.46,2492.86,2588.0
2024-09-03 22:00:00,2492.73,2494.51,2492.16,2493.16,1835.0
2024-09-03 23:00:00,2493.16,2494.75,2492.32,2493.27,2328.0
2024-09-04 00:00:00,2493.3,2494.99,2492.2,2492.41,6278.0
2024-09-04 01:00:00,2492.38,2494.58,2491.38,2493.49,8177.0
2024-09-04 02:00:00,2493.49,2496.92,2492.44,2495.3,6861.0
2024-09-04 03:00:00,2495.31,2496.59,2493.62,2495.08,5293.0
2024-09-04 04:00:00,2495.08,2496.8,2494.52,2495.94,3222.0
2024-09-04 05:00:00,2495.94,2496.65,2492.77,2493.16,5822.0
2024-09-04 06:00:00,2493.16,2493.43,2483.73,2484.29,9721.0
2024-09-04 07:00:00,2484.29,2488.28,2482.04,2482.21,8094.0
2024-09-04 08:00:00,2482.19,2483.35,2472.55,2473.32,8885.0
2024-09-04 09:00:00,2473.32,2483.32,2471.93,2481.68,8918.0
2024-09-04 10:00:00,2481.68,2490.03,2481.14,2489.09,7378.0
2024-09-04 11:00:00,2489.09,2491.28,2486.76,2489.29,7389.0
2024-09-04 12:00:00,2489.29,2491.13,2485.55,2486.58,9941.0
2024-09-04 13:00:00,2486.58,2490.09,2482.11,2485.34,13010.0
2024-09-04 14:00:00,2485.23,2500.27,2484.96,2496.3,18564.0
2024-09-04 15:00:00,2496.3,2498.37,2492.84,2494.12,11768.0
2024-09-04 16:00:00,2494.12,2497.99,2493.21,2496.77,7490.0
2024-09-04 17:00:00,2496.82,2497.35,2493.54,2494.07,5849.0
2024-09-04 18:00:00,2494.06,2495.59,2492.54,2494.72,4924.0
2024-09-04 19:00:00,2494.72,2494.84,2491.53,2493.43,5140.0
2024-09-04 20:00:00,2493.41,2496.93,2492.99,2495.45,2330.0
2024-09-04 22:00:00,2495.19,2495.78,2494.54,2495.42,1199.0
2024-09-04 23:00:00,2495.43,2496.93,2495.16,2495.92,2377.0
2024-09-05 00:00:00,2495.92,2496.64,2494.54,2495.25,4325.0
2024-09-05 01:00:00,2495.23,2499.33,2494.54,2496.44,8758.0
2024-09-05 02:00:00,2496.44,2499.0,2496.25,2498.14,5359.0
2024-09-05 03:00:00,2498.13,2498.63,2494.66,2494.88,5478.0
2024-09-05 04:00:00,2494.88,2495.1,2493.86,2494.33,3407.0
2024-09-05 05:00:00,2494.33,2502.32,2493.99,2502.02,6059.0
2024-09-05 06:00:00,2501.99,2506.98,2500.89,2504.41,10615.0
2024-09-05 07:00:00,2504.39,2507.55,2503.01,2506.49,7340.0
2024-09-05 08:00:00,2506.49,2516.66,2506.04,2514.75,8955.0
2024-09-05 09:00:00,2514.75,2517.3,2514.75,2515.54,7894.0
2024-09-05 10:00:00,2515.54,2516.99,2513.39,2516.33,5926.0
2024-09-05 11:00:00,2516.34,2518.4,2513.71,2515.28,7174.0
2024-09-05 12:00:00,2515.28,2523.47,2514.14,2517.77,14299.0
2024-09-05 13:00:00,2517.8,2519.43,2512.51,2514.78,15242.0
2024-09-05 14:00:00,2514.57,2520.59,2507.7,2508.78,16383.0
2024-09-05 15:00:00,2508.77,2511.0,2503.98,2507.18,12205.0
2024-09-05 16:00:00,2507.18,2511.61,2506.14,2510.43,7284.0
2024-09-05 17:00:00,2510.43,2515.46,2509.3,2515.16,6737.0
2024-09-05 18:00:00,2515.2,2516.9,2514.87,2515.61,4594.0
2024-09-05 19:00:00,2515.61,2516.11,2513.69,2514.92,4161.0
2024-09-05 20:00:00,2514.9,2516.86,2514.88,2516.63,2032.0
2024-09-05 22:00:00,2516.57,2516.95,2515.7,2516.18,1336.0
2024-09-05 23:00:00,2516.17,2517.97,2516.13,2517.28,2388.0
2024-09-06 00:00:00,2517.34,2517.7,2515.66,2515.98,4281.0
2024-09-06 01:00:00,2515.98,2516.7,2513.54,2513.86,7422.0
2024-09-06 02:00:00,2513.85,2518.07,2513.05,2517.8,6355.0
2024-09-06 03:00:00,2517.79,2518.48,2516.96,2518.28,4480.0
2024-09-06 04:00:00,2518.28,2519.53,2517.82,2518.46,3517.0
2024-09-06 05:00:00,2518.45,2521.86,2518.45,2520.09,5452.0
2024-09-06 06:00:00,2520.08,2521.47,2516.66,2519.26,8906.0
2024-09-06 07:00:00,2519.26,2519.96,2516.35,2516.53,7470.0
2024-09-06 08:00:00,2516.53,2518.29,2515.56,2517.9,6002.0
2024-09-06 09:00:00,2517.9,2519.95,2516.41,2519.28,4748.0
2024-09-06 10:00:00,2519.24,2519.88,2517.29,2518.99,4937.0
2024-09-06 11:00:00,2518.99,2520.35,2514.78,2516.37,6284.0
2024-09-06 12:00:00,2516.36,2529.22,2507.69,2522.3,15736.0
2024-09-06 13:00:00,2522.36,2523.09,2502.34,2509.41,19812.0
2024-09-06 14:00:00,2509.41,2515.64,2500.5,2506.82,18096.0
2024-09-06 15:00:00,2506.82,2518.51,2503.74,2505.64,16947.0
2024-09-06 16:00:00,2505.44,2505.81,2485.16,2489.03,14837.0
2024-09-06 17:00:00,2489.03,2497.09,2485.97,2495.57,12431.0
2024-09-06 18:00:00,2495.57,2496.94,2492.06,2494.67,8346.0
2024-09-06 19:00:00,2494.76,2496.9,2490.75,2495.96,7402.0
2024-09-06 20:00:00,2495.94,2497.87,2494.81,2497.61,2711.0
2024-09-08 22:00:00,2496.33,2498.93,2496.06,2497.95,2476.0
2024-09-08 23:00:00,2497.96,2498.34,2495.59,2496.94,3600.0
2024-09-09 00:00:00,2496.94,2498.24,2495.66,2496.02,5878.0
2024-09-09 01:00:00,2496.02,2498.67,2494.74,2497.77,11861.0
2024-09-09 02:00:00,2497.77,2499.19,2497.04,2497.26,6570.0
2024-09-09 03:00:00,2497.26,2500.51,2496.79,2499.33,4693.0
2024-09-09 04:00:00,2499.35,2499.58,2497.54,2498.25,3808.0
2024-09-09 05:00:00,2498.25,2498.35,2487.52,2487.95,7071.0
2024-09-09 06:00:00,2487.95,2493.64,2485.57,2489.8,11616.0
2024-09-09 07:00:00,2489.84,2496.72,2488.9,2494.25,10283.0
2024-09-09 08:00:00,2494.35,2495.68,2490.12,2492.29,9079.0
2024-09-09 09:00:00,2492.25,2497.66,2492.12,2496.44,6882.0
2024-09-09 10:00:00,2496.48,2499.24,2493.18,2494.45,6705.0
2024-09-09 11:00:00,2494.45,2498.9,2493.41,2497.25,6387.0
2024-09-09 12:00:00,2497.29,2504.17,2496.34,2500.95,9645.0
2024-09-09 13:00:00,2500.95,2505.25,2499.36,2499.83,12078.0
2024-09-09 14:00:00,2499.86,2501.24,2493.32,2496.9,12666.0
2024-09-09 15:00:00,2496.93,2499.57,2493.64,2499.18,10392.0
2024-09-09 16:00:00,2499.18,2505.31,2499.18,2504.43,6732.0
2024-09-09 17:00:00,2504.43,2506.55,2499.46,2500.01,6578.0
2024-09-09 18:00:00,2500.03,2505.34,2499.49,2504.77,5344.0
2024-09-09 19:00:00,2504.77,2506.14,2502.7,2506.02,4258.0
2024-09-09 20:00:00,2506.02,2507.18,2505.33,2506.14,2446.0
2024-09-09 22:00:00,2506.07,2507.24,2505.57,2507.06,1082.0
2024-09-09 23:00:00,2507.06,2507.68,2505.74,2506.8,1981.0
2024-09-10 00:00:00,2506.8,2507.53,2504.83,2505.44,5216.0
2024-09-10 01:00:00,2505.44,2506.89,2502.89,2503.88,9324.0
2024-09-10 02:00:00,2503.92,2504.05,2501.8,2503.04,6720.0
2024-09-10 03:00:00,2503.01,2504.39,2501.48,2502.58,5246.0
2024-09-10 04:00:00,2502.58,2502.88,2501.1,2501.84,2952.0
2024-09-10 05:00:00,2501.84,2505.0,2500.81,2503.9,6328.0
2024-09-10 06:00:00,2503.9,2506.56,2503.4,2505.12,9462.0
2024-09-10 07:00:00,2505.13,2507.76,2502.13,2502.82,7638.0
2024-09-10 08:00:00,2502.82,2503.21,2500.16,2502.35,7317.0
2024-09-10 09:00:00,2502.35,2506.08,2500.22,2506.08,7473.0
2024-09-10 10:00:00,2506.09,2509.69,2505.21,2505.72,7579.0
2024-09-10 11:00:00,2505.72,2507.19,2504.28,2504.64,6214.0
2024-09-10 12:00:00,2504.61,2514.09,2504.53,2513.87,9066.0
2024-09-10 13:00:00,2513.87,2515.37,2506.35,2506.83,12808.0
2024-09-10 14:00:00,2506.78,2509.31,2500.92,2509.12,14130.0
2024-09-10 15:00:00,2509.1,2518.47,2508.27,2512.73,11301.0
2024-09-10 16:00:00,2512.74,2515.55,2510.72,2514.43,8151.0
2024-09-10 17:00:00,2514.44,2515.71,2512.91,2513.18,6058.0
2024-09-10 18:00:00,2513.19,2516.65,2512.11,2516.38,5519.0
2024-09-10 19:00:00,2516.39,2517.5,2514.17,2517.29,5147.0
2024-09-10 20:00:00,2517.29,2517.44,2515.8,2516.54,2116.0
2024-09-10 22:00:00,2516.38,2517.1,2516.17,2516.44,1207.0
2024-09-10 23:00:00,2516.48,2518.84,2516.38,2518.72,2278.0
2024-09-11 00:00:00,2518.65,2519.18,2516.21,2516.57,4983.0
2024-09-11 01:00:00,2516.58,2522.58,2514.99,2518.76,10816.0
2024-09-11 02:00:00,2518.77,2520.37,2517.64,2518.81,7662.0
2024-09-11 03:00:00,2518.82,2519.97,2516.85,2519.45,7099.0
2024-09-11 04:00:00,2519.46,2520.16,2518.65,2519.65,4956.0
2024-09-11 05:00:00,2519.65,2522.48,2519.37,2521.34,8386.0
2024-09-11 06:00:00,2521.34,2529.06,2520.93,2526.67,12784.0
2024-09-11 07:00:00,2526.67,2527.77,2520.81,2521.5,8299.0
2024-09-11 08:00:00,2521.51,2527.26,2520.79,2524.33,7637.0
2024-09-11 09:00:00,2524.33,2524.74,2522.09,2523.28,5436.0
2024-09-11 10:00:00,2523.28,2523.35,2519.85,2521.81,6665.0
2024-09-11 11:00:00,2521.81,2524.26,2520.78,2522.29,6875.0
2024-09-11 12:00:00,2522.24,2523.59,2502.26,2508.19,15332.0
2024-09-11 13:00:00,2508.22,2512.93,2503.23,2509.67,18334.0
2024-09-11 14:00:00,2509.66,2510.46,2500.97,2509.5,17848.0
2024-09-11 15:00:00,2509.54,2514.97,2508.75,2514.83,12869.0
2024-09-11 16:00:00,2514.83,2520.1,2513.74,2515.22,9039.0
2024-09-11 17:00:00,2515.21,2516.92,2512.45,2514.67,8559.0
2024-09-11 18:00:00,2514.66,2516.39,2511.27,2511.54,6800.0
2024-09-11 19:00:00,2511.53,2513.3,2509.83,2513.04,5333.0
2024-09-11 20:00:00,2513.01,2513.91,2511.24,2511.42,2509.0
2024-09-11 22:00:00,2511.76,2513.93,2511.76,2512.92,1398.0
2024-09-11 23:00:00,2512.92,2513.09,2511.88,2511.99,1717.0
2024-09-12 00:00:00,2511.99,2512.47,2511.13,2512.2,4596.0
2024-09-12 01:00:00,2512.17,2515.25,2511.7,2513.19,9577.0
2024-09-12 02:00:00,2513.19,2514.13,2511.04,2512.29,6927.0
2024-09-12 03:00:00,2512.29,2516.12,2512.25,2515.89,5071.0
2024-09-12 04:00:00,2515.89,2517.79,2515.63,2517.07,3573.0
2024-09-12 05:00:00,2517.07,2519.75,2517.07,2519.49,5777.0
2024-09-12 06:00:00,2519.49,2522.27,2516.79,2516.94,8224.0
2024-09-12 07:00:00,2516.95,2517.79,2514.56,2515.98,7540.0
2024-09-12 08:00:00,2515.98,2519.36,2515.15,2517.42,6958.0
2024-09-12 09:00:00,2517.42,2519.26,2516.41,2518.82,5284.0
2024-09-12 10:00:00,2518.81,2521.11,2513.2,2513.25,6462.0
2024-09-12 11:00:00,2513.25,2520.39,2513.04,2519.54,7979.0
2024-09-12 12:00:00,2519.55,2535.3,2518.98,2528.92,13921.0
2024-09-12 13:00:00,2528.55,2551.69,2522.25,2545.46,19447.0
2024-09-12 14:00:00,2545.44,2554.77,2541.88,2553.39,17222.0
2024-09-12 15:00:00,2553.39,2555.21,2548.89,2553.35,12813.0
2024-09-12 16:00:00,2553.28,2553.7,2544.93,2550.76,9839.0
2024-09-12 17:00:00,2550.78,2554.84,2550.18,2554.04,8747.0
2024-09-12 18:00:00,2554.08,2558.84,2552.09,2555.91,8238.0
2024-09-12 19:00:00,2555.89,2559.15,2554.64,2557.91,8260.0
2024-09-12 20:00:00,2557.9,2560.12,2556.78,2558.6,3799.0
2024-09-12 22:00:00,2558.6,2559.51,2557.29,2557.47,2061.0
2024-09-12 23:00:00,2557.47,2558.62,2556.81,2558.51,3076.0
2024-09-13 00:00:00,2558.5,2562.74,2556.83,2561.61,6564.0
2024-09-13 01:00:00,2561.63,2568.02,2559.98,2563.31,13042.0
2024-09-13 02:00:00,2563.31,2565.65,2561.64,2565.4,8230.0
2024-09-13 03:00:00,2565.39,2570.06,2564.65,2567.97,8081.0
2024-09-13 04:00:00,2567.98,2570.14,2566.67,2568.88,4738.0
2024-09-13 05:00:00,2568.85,2570.3,2566.03,2566.63,8027.0
2024-09-13 06:00:00,2566.59,2568.86,2563.16,2567.17,11536.0
2024-09-13 07:00:00,2567.17,2571.1,2563.96,2569.81,9773.0
2024-09-13 08:00:00,2569.81,2570.98,2565.72,2569.99,8551.0
2024-09-13 09:00:00,2569.94,2572.95,2567.07,2568.6,8506.0
2024-09-13 10:00:00,2568.59,2569.37,2565.67,2567.12,7529.0
2024-09-13 11:00:00,2567.12,2568.34,2563.75,2567.37,7348.0
2024-09-13 12:00:00,2567.37,2575.95,2566.14,2575.87,10197.0
2024-09-13 13:00:00,2575.87,2583.43,2573.55,2577.61,14214.0
2024-09-13 14:00:00,2577.61,2580.25,2573.15,2578.39,15501.0
2024-09-13 15:00:00,2578.45,2582.5,2573.74,2582.3,11627.0
2024-09-13 16:00:00,2582.29,2585.18,2580.16,2584.35,8137.0
2024-09-13 17:00:00,2584.35,2586.08,2581.54,2582.71,7352.0
2024-09-13 18:00:00,2582.72,2584.06,2580.73,2582.35,6520.0
2024-09-13 19:00:00,2582.35,2582.98,2578.72,2582.66,5043.0
2024-09-13 20:00:00,2582.67,2582.93,2577.7,2578.38,2471.0
2024-09-15 22:00:00,2579.35,2580.73,2577.6,2580.08,3465.0
2024-09-15 23:00:00,2580.08,2580.37,2578.27,2579.27,3238.0
2024-09-16 00:00:00,2579.22,2582.4,2578.9,2581.39,3437.0
2024-09-16 01:00:00,2581.39,2582.88,2579.91,2581.76,3872.0
2024-09-16 02:00:00,2581.76,2585.97,2581.59,2585.45,4500.0
2024-09-16 03:00:00,2585.44,2589.0,2583.86,2586.38,5653.0
2024-09-16 04:00:00,2586.38,2586.79,2584.98,2585.84,3573.0
2024-09-16 05:00:00,2585.85,2589.54,2585.51,2588.8,3990.0
2024-09-16 06:00:00,2588.81,2589.68,2585.19,2585.39,7216.0
2024-09-16 07:00:00,2585.38,2585.68,2579.61,2582.18,9304.0
2024-09-16 08:00:00,2582.18,2588.56,2581.46,2586.92,8542.0
2024-09-16 09:00:00,2586.92,2588.37,2584.26,2585.6,7056.0
2024-09-16 10:00:00,2585.59,2586.43,2575.29,2579.87,7382.0
2024-09-16 11:00:00,2579.84,2583.25,2578.75,2583.01,6298.0
2024-09-16 12:00:00,2583.01,2583.57,2578.54,2583.47,10251.0
2024-09-16 13:00:00,2583.48,2589.37,2581.27,2588.27,12668.0
2024-09-16 14:00:00,2588.28,2588.54,2576.18,2580.25,13989.0
2024-09-16 15:00:00,2580.25,2581.94,2577.72,2579.95,9327.0
2024-09-16 16:00:00,2579.96,2584.12,2579.61,2583.68,6755.0
2024-09-16 17:00:00,2583.67,2584.16,2579.91,2582.65,5208.0
2024-09-16 18:00:00,2582.65,2582.9,2580.25,2581.06,4145.0
2024-09-16 19:00:00,2581.07,2583.3,2579.65,2582.57,3535.0
2024-09-16 20:00:00,2582.59,2583.5,2581.88,2582.42,2074.0
2024-09-16 22:00:00,2582.18,2583.63,2582.03,2582.94,1176.0
2024-09-16 23:00:00,2582.94,2583.95,2582.19,2583.74,1896.0
2024-09-17 00:00:00,2583.75,2584.48,2580.3,2580.31,4088.0
2024-09-17 01:00:00,2580.31,2582.78,2578.56,2582.63,5231.0
2024-09-17 02:00:00,2582.64,2586.34,2581.06,2581.59,5000.0
2024-09-17 03:00:00,2581.59,2581.59,2576.84,2577.25,5916.0
2024-09-17 04:00:00,2577.25,2579.18,2574.97,2576.96,4123.0
2024-09-17 05:00:00,2576.95,2579.6,2574.61,2579.4,4748.0
2024-09-17 06:00:00,2579.4,2586.95,2579.4,2584.38,8832.0
2024-09-17 07:00:00,2584.37,2585.71,2582.74,2583.85,7118.0
2024-09-17 08:00:00,2583.84,2584.2,2577.67,2580.18,7877.0
2024-09-17 09:00:00,2580.17,2580.18,2571.77,2573.66,8091.0
2024-09-17 10:00:00,2573.66,2576.15,2569.76,2573.06,6969.0
2024-09-17 11:00:00,2573.11,2581.69,2572.28,2579.84,8051.0
2024-09-17 12:00:00,2579.84,2581.66,2568.41,2577.79,13707.0
2024-09-17 13:00:00,2577.79,2579.55,2573.1,2573.76,15205.0
2024-09-17 14:00:00,2573.76,2582.26,2571.82,2576.49,12863.0
2024-09-17 15:00:00,2576.49,2577.16,2561.79,2565.66,11243.0
2024-09-17 16:00:00,2565.68,2566.7,2561.43,2563.18,8319.0
2024-09-17 17:00:00,2563.15,2570.53,2560.82,2569.95,8373.0
2024-09-17 18:00:00,2569.95,2571.7,2568.7,2570.17,5465.0
2024-09-17 19:00:00,2570.17,2571.19,2567.02,2568.69,5443.0
2024-09-17 20:00:00,2568.71,2570.29,2568.39,2569.45,2237.0
2024-09-17 22:00:00,2569.42,2571.45,2569.13,2570.81,1320.0
2024-09-17 23:00:00,2570.81,2574.43,2570.77,2574.08,2609.0
2024-09-18 00:00:00,2574.08,2574.82,2571.48,2573.08,4465.0
2024-09-18 01:00:00,2573.08,2576.47,2571.71,2572.29,11970.0
2024-09-18 02:00:00,2572.28,2574.2,2570.06,2573.78,6587.0
2024-09-18 03:00:00,2573.78,2576.49,2572.84,2575.95,5642.0
2024-09-18 04:00:00,2575.95,2576.49,2568.01,2568.7,4167.0
2024-09-18 05:00:00,2568.7,2569.25,2565.78,2567.74,6976.0
2024-09-18 06:00:00,2567.74,2570.06,2566.7,2569.18,7991.0
2024-09-18 07:00:00,2569.19,2571.98,2568.66,2571.58,7374.0
2024-09-18 08:00:00,2571.56,2571.98,2568.28,2569.83,6454.0
2024-09-18 09:00:00,2569.83,2571.98,2568.03,2571.98,5935.0
2024-09-18 10:00:00,2571.99,2578.14,2571.08,2576.18,6761.0
2024-09-18 11:00:00,2576.18,2580.77,2575.11,2577.51,6484.0
2024-09-18 12:00:00,2577.49,2578.88,2573.56,2576.28,8218.0
2024-09-18 13:00:00,2576.29,2578.6,2568.67,2571.86,12420.0
2024-09-18 14:00:00,2571.82,2574.88,2568.1,2571.73,12770.0
2024-09-18 15:00:00,2571.73,2574.5,2568.15,2569.78,9010.0
2024-09-18 16:00:00,2569.77,2575.24,2568.95,2574.93,5940.0
2024-09-18 17:00:00,2574.93,2574.93,2567.14,2567.57,7746.0
2024-09-18 18:00:00,2567.56,2600.16,2567.09,2575.78,23996.0
2024-09-18 19:00:00,2575.7,2576.23,2546.86,2549.1,23839.0
2024-09-18 20:00:00,2549.06,2560.93,2548.57,2559.27,8416.0
2024-09-18 22:00:00,2558.74,2561.65,2555.74,2559.36,4185.0
2024-09-18 23:00:00,2559.36,2559.71,2556.28,2559.32,3892.0
2024-09-19 00:00:00,2559.32,2559.58,2557.0,2558.8,7764.0
2024-09-19 01:00:00,2558.8,2558.81,2551.16,2555.32,13374.0
2024-09-19 02:00:00,2555.34,2566.73,2555.33,2564.2,11135.0
2024-09-19 03:00:00,2564.17,2565.36,2561.34,2564.06,7913.0
2024-09-19 04:00:00,2564.06,2564.2,2559.61,2564.12,5694.0
2024-09-19 05:00:00,2564.12,2574.55,2564.02,2574.55,8910.0
2024-09-19 06:00:00,2574.55,2578.79,2573.94,2575.88,12846.0
2024-09-19 07:00:00,2575.88,2584.67,2575.09,2584.42,11002.0
2024-09-19 08:00:00,2584.42,2586.68,2581.44,2585.0,8683.0
2024-09-19 09:00:00,2585.03,2594.89,2584.1,2591.87,10170.0
2024-09-19 10:00:00,2591.86,2591.9,2585.98,2588.69,8642.0
2024-09-19 11:00:00,2588.69,2589.81,2584.44,2589.46,9763.0
2024-09-19 12:00:00,2589.44,2591.29,2573.26,2576.84,13762.0
2024-09-19 13:00:00,2576.81,2582.55,2569.84,2575.33,17275.0
2024-09-19 14:00:00,2575.33,2584.65,2571.79,2581.29,15911.0
2024-09-19 15:00:00,2581.29,2589.45,2580.45,2589.11,11513.0
2024-09-19 16:00:00,2589.12,2592.62,2587.8,2591.78,8361.0
2024-09-19 17:00:00,2591.78,2592.72,2588.0,2590.63,6380.0
2024-09-19 18:00:00,2590.63,2590.83,2586.68,2588.26,5989.0
2024-09-19 19:00:00,2588.26,2588.93,2585.99,2588.4,5022.0
2024-09-19 20:00:00,2588.4,2589.78,2585.93,2586.61,2725.0
2024-09-19 22:00:00,2586.52,2587.87,2586.18,2587.76,1349.0
2024-09-19 23:00:00,2587.76,2587.79,2586.41,2587.26,1907.0
2024-09-20 00:00:00,2587.26,2588.52,2586.18,2588.12,4204.0
2024-09-20 01:00:00,2588.12,2589.52,2584.82,2588.27,9922.0
2024-09-20 02:00:00,2588.24,2592.55,2587.41,2591.62,6748.0
2024-09-20 03:00:00,2591.6,2593.65,2591.01,2591.46,7594.0
2024-09-20 04:00:00,2591.46,2594.42,2591.42,2593.75,3563.0
2024-09-20 05:00:00,2593.75,2595.24,2592.44,2594.58,5355.0
2024-09-20 06:00:00,2594.49,2607.01,2594.35,2605.51,10708.0
2024-09-20 07:00:00,2605.52,2609.78,2604.78,2607.2,10526.0
2024-09-20 08:00:00,2607.17,2612.77,2605.52,2609.83,9544.0
2024-09-20 09:00:00,2609.84,2610.57,2602.58,2606.39,6634.0
2024-09-20 10:00:00,2606.39,2614.25,2606.26,2613.26,7271.0
2024-09-20 11:00:00,2613.26,2615.48,2610.32,2613.74,8006.0
2024-09-20 12:00:00,2613.73,2619.38,2613.47,2615.64,10305.0
2024-09-20 13:00:00,2615.63,2616.62,2602.7,2606.68,16396.0
2024-09-20 14:00:00,2606.7,2617.18,2604.8,2614.05,15711.0
2024-09-20 15:00:00,2614.1,2623.02,2611.24,2622.84,15388.0
2024-09-20 16:00:00,2622.84,2625.79,2619.75,2624.94,10367.0
2024-09-20 17:00:00,2624.93,2625.43,2619.28,2619.6,8600.0
2024-09-20 18:00:00,2619.61,2622.23,2617.88,2621.74,7275.0
2024-09-20 19:00:00,2621.78,2623.42,2620.7,2621.17,5855.0
2024-09-20 20:00:00,2621.15,2622.47,2619.07,2622.26,3018.0
2024-09-22 22:00:00,2618.89,2622.04,2618.26,2620.47,3310.0
2024-09-22 23:00:00,2620.47,2621.51,2619.66,2620.27,2400.0
2024-09-23 00:00:00,2620.26,2620.46,2618.2,2618.32,3214.0
2024-09-23 01:00:00,2618.34,2621.53,2616.1,2620.16,8598.0
2024-09-23 02:00:00,2620.16,2626.3,2618.88,2625.43,7051.0
2024-09-23 03:00:00,2625.42,2631.15,2624.88,2628.57,6351.0
2024-09-23 04:00:00,2628.59,2631.06,2628.07,2629.44,2921.0
2024-09-23 05:00:00,2629.44,2631.38,2626.86,2630.06,5385.0
2024-09-23 06:00:00,2630.06,2630.18,2624.48,2624.48,9878.0
2024-09-23 07:00:00,2624.46,2625.05,2613.92,2615.2,11909.0
2024-09-23 08:00:00,2615.19,2619.71,2614.73,2616.88,9266.0
2024-09-23 09:00:00,2616.88,2622.09,2615.42,2621.64,6583.0
2024-09-23 10:00:00,2621.64,2623.65,2620.74,2621.56,6769.0
2024-09-23 11:00:00,2621.56,2625.79,2620.99,2624.13,6872.0
2024-09-23 12:00:00,2624.13,2628.16,2620.1,2627.08,9603.0
2024-09-23 13:00:00,2627.08,2634.29,2625.65,2631.96,13912.0
2024-09-23 14:00:00,2631.96,2634.88,2628.13,2630.43,14957.0
2024-09-23 15:00:00,2630.43,2631.98,2625.82,2629.33,11531.0
2024-09-23 16:00:00,2629.33,2630.87,2626.61,2628.27,9340.0
2024-09-23 17:00:00,2628.22,2629.17,2626.52,2628.01,6517.0
2024-09-23 18:00:00,2628.03,2628.82,2626.06,2627.37,5173.0
2024-09-23 19:00:00,2627.37,2627.97,2625.75,2626.31,4622.0
2024-09-23 20:00:00,2626.29,2628.52,2626.23,2628.39,2074.0
2024-09-23 22:00:00,2628.63,2628.79,2626.64,2627.5,1292.0
2024-09-23 23:00:00,2627.5,2627.53,2625.88,2626.36,1916.0
2024-09-24 00:00:00,2626.36,2626.67,2623.91,2625.24,4367.0
2024-09-24 01:00:00,2625.21,2630.22,2624.96,2629.17,10853.0
2024-09-24 02:00:00,2629.16,2629.34,2626.79,2628.97,7315.0
2024-09-24 03:00:00,2628.97,2636.12,2628.86,2634.05,8117.0
2024-09-24 04:00:00,2634.04,2638.27,2632.03,2638.13,6070.0
2024-09-24 05:00:00,2638.13,2640.09,2625.2,2625.42,9665.0
2024-09-24 06:00:00,2625.45,2629.93,2624.56,2628.75,14478.0
2024-09-24 07:00:00,2628.8,2630.3,2622.68,2628.97,10296.0
2024-09-24 08:00:00,2628.97,2629.58,2626.01,2629.1,7953.0
2024-09-24 09:00:00,2629.1,2630.93,2627.14,2630.82,6499.0
2024-09-24 10:00:00,2630.82,2636.16,2630.66,2633.37,7366.0
2024-09-24 11:00:00,2633.39,2633.42,2623.42,2626.41,9963.0
2024-09-24 12:00:00,2626.41,2633.34,2623.56,2633.19,11516.0
2024-09-24 13:00:00,2633.2,2637.33,2631.02,2635.54,14540.0
2024-09-24 14:00:00,2635.54,2647.2,2634.59,2643.6,16509.0
2024-09-24 15:00:00,2643.6,2648.45,2639.84,2643.15,13828.0
2024-09-24 16:00:00,2643.15,2655.2,2642.47,2653.57,12214.0
2024-09-24 17:00:00,2653.58,2654.53,2649.89,2654.11,8622.0
2024-09-24 18:00:00,2654.12,2657.74,2653.45,2657.33,6487.0
2024-09-24 19:00:00,2657.33,2664.39,2656.47,2662.7,7768.0
2024-09-24 20:00:00,2662.73,2663.73,2656.45,2656.99,4130.0
2024-09-24 22:00:00,2657.25,2659.89,2657.25,2659.22,2423.0
2024-09-24 23:00:00,2659.22,2659.28,2656.76,2658.23,3107.0
2024-09-25 00:00:00,2658.23,2661.04,2656.66,2660.86,5037.0
2024-09-25 01:00:00,2660.86,2662.89,2655.54,2660.13,14166.0
2024-09-25 02:00:00,2660.1,2670.52,2659.73,2670.14,9805.0
2024-09-25 03:00:00,2670.12,2670.22,2659.92,2661.55,8022.0
2024-09-25 04:00:00,2661.56,2661.73,2657.7,2658.98,5274.0
2024-09-25 05:00:00,2658.98,2659.83,2654.49,2657.26,7835.0
2024-09-25 06:00:00,2657.26,2659.85,2653.55,2654.78,10927.0
2024-09-25 07:00:00,2654.77,2657.69,2651.21,2656.98,8511.0
2024-09-25 08:00:00,2656.97,2658.58,2654.65,2655.94,7724.0
2024-09-25 09:00:00,2655.94,2657.77,2652.77,2656.99,6582.0
2024-09-25 10:00:00,2657.0,2658.19,2654.43,2655.63,6303.0
2024-09-25 11:00:00,2655.63,2658.11,2653.95,2657.49,6233.0
2024-09-25 12:00:00,2657.49,2660.81,2657.0,2659.58,10002.0
2024-09-25 13:00:00,2659.55,2666.18,2658.39,2664.54,14554.0
2024-09-25 14:00:00,2664.51,2667.54,2654.34,2658.98,15178.0
2024-09-25 15:00:00,2659.09,2660.85,2655.35,2657.86,12783.0
2024-09-25 16:00:00,2657.76,2658.83,2649.83,2653.77,9516.0
2024-09-25 17:00:00,2653.77,2663.0,2653.19,2660.64,8992.0
2024-09-25 18:00:00,2660.65,2661.74,2659.14,2660.45,4924.0
2024-09-25 19:00:00,2660.45,2661.63,2659.52,2659.74,3997.0
2024-09-25 20:00:00,2659.74,2660.29,2656.3,2657.02,3397.0
2024-09-25 22:00:00,2656.99,2659.69,2656.47,2658.35,2165.0
2024-09-25 23:00:00,2658.35,2659.49,2656.23,2656.38,2343.0
2024-09-26 00:00:00,2656.38,2660.38,2655.44,2659.15,4932.0
2024-09-26 01:00:00,2659.17,2661.44,2657.74,2660.85,9142.0
2024-09-26 02:00:00,2660.87,2661.67,2657.1,2658.2,7597.0
2024-09-26 03:00:00,2658.2,2662.59,2657.8,2662.58,6008.0
2024-09-26 04:00:00,2662.62,2662.95,2660.2,2660.71,3371.0
2024-09-26 05:00:00,2660.71,2663.48,2659.8,2661.5,8111.0
2024-09-26 06:00:00,2661.5,2662.68,2658.03,2661.76,9919.0
2024-09-26 07:00:00,2661.78,2666.93,2659.53,2664.75,9606.0
2024-09-26 08:00:00,2664.67,2670.55,2664.66,2669.07,8798.0
2024-09-26 09:00:00,2669.08,2669.85,2666.99,2668.92,7437.0
2024-09-26 10:00:00,2668.92,2675.68,2667.52,2672.72,9188.0
2024-09-26 11:00:00,2672.72,2685.58,2672.31,2682.83,10963.0
2024-09-26 12:00:00,2682.83,2684.26,2668.56,2677.3,16277.0
2024-09-26 13:00:00,2677.27,2679.74,2654.84,2660.89,19584.0
2024-09-26 14:00:00,2660.9,2669.62,2659.8,2665.88,17779.0
2024-09-26 15:00:00,2665.88,2673.2,2662.48,2671.43,13449.0
2024-09-26 16:00:00,2671.43,2672.48,2663.02,2668.22,12047.0
2024-09-26 17:00:00,2668.22,2672.27,2667.64,2670.99,8694.0
2024-09-26 18:00:00,2670.99,2677.17,2670.17,2675.94,7091.0
2024-09-26 19:00:00,2675.94,2677.93,2672.3,2673.71,5896.0
2024-09-26 20:00:00,2673.72,2674.04,2670.89,2672.23,2818.0
2024-09-26 22:00:00,2672.14,2673.3,2671.67,2672.4,1334.0
2024-09-26 23:00:00,2672.42,2673.27,2672.04,2672.73,2102.0
2024-09-27 00:00:00,2672.73,2672.76,2669.45,2669.85,5524.0
2024-09-27 01:00:00,2669.85,2672.84,2666.25,2669.6,12494.0
2024-09-27 02:00:00,2669.59,2671.08,2667.33,2669.05,9315.0
2024-09-27 03:00:00,2669.04,2673.99,2668.67,2673.7,7663.0
2024-09-27 04:00:00,2673.71,2673.95,2669.33,2670.49,4380.0
2024-09-27 05:00:00,2670.49,2671.36,2662.39,2664.94,10300.0
2024-09-27 06:00:00,2664.94,2669.54,2664.11,2665.89,14050.0
2024-09-27 07:00:00,2665.9,2668.32,2660.95,2664.78,11163.0
2024-09-27 08:00:00,2664.71,2665.47,2661.88,2662.6,8737.0
2024-09-27 09:00:00,2662.64,2665.02,2658.37,2663.78,8722.0
2024-09-27 10:00:00,2663.74,2665.65,2662.06,2664.37,6989.0
2024-09-27 11:00:00,2664.37,2669.23,2664.32,2666.17,7671.0
2024-09-27 12:00:00,2666.18,2674.34,2662.38,2670.14,12958.0
2024-09-27 13:00:00,2670.11,2670.96,2664.08,2666.38,15755.0
2024-09-27 14:00:00,2666.17,2666.96,2649.44,2649.54,16266.0
2024-09-27 15:00:00,2649.54,2654.66,2644.88,2649.88,15847.0
2024-09-27 16:00:00,2649.79,2656.35,2646.12,2651.81,12615.0
2024-09-27 17:00:00,2651.81,2652.43,2643.18,2645.18,9596.0
2024-09-27 18:00:00,2645.24,2648.96,2643.52,2648.02,8030.0
2024-09-27 19:00:00,2648.02,2652.87,2645.65,2652.16,6525.0
2024-09-27 20:00:00,2652.03,2660.03,2651.23,2659.81,3017.0
2024-09-29 22:00:00,2658.49,2663.54,2655.66,2662.75,5403.0
2024-09-29 23:00:00,2662.75,2665.13,2661.75,2663.64,4761.0
2024-09-30 00:00:00,2663.64,2666.04,2661.29,2661.69,7784.0
2024-09-30 01:00:00,2661.68,2664.4,2647.34,2652.76,13948.0
2024-09-30 02:00:00,2652.75,2656.46,2650.3,2652.68,9806.0
2024-09-30 03:00:00,2652.66,2655.62,2652.28,2653.61,5741.0
2024-09-30 04:00:00,2653.61,2655.93,2652.16,2655.9,3869.0
2024-09-30 05:00:00,2655.9,2659.35,2654.43,2657.88,7360.0
2024-09-30 06:00:00,2657.87,2660.16,2655.76,2657.87,9857.0
2024-09-30 07:00:00,2657.96,2660.66,2650.75,2650.99,8399.0
2024-09-30 08:00:00,2650.99,2656.65,2650.7,2653.53,8322.0
2024-09-30 09:00:00,2653.59,2653.7,2648.42,2649.76,7481.0
2024-09-30 10:00:00,2649.76,2650.1,2635.81,2636.97,9214.0
2024-09-30 11:00:00,2636.97,2642.88,2634.5,2641.7,8998.0
2024-09-30 12:00:00,2641.7,2644.29,2634.98,2639.0,9922.0
2024-09-30 13:00:00,2639.02,2642.16,2630.57,2635.83,14512.0
2024-09-30 14:00:00,2635.64,2636.2,2628.92,2633.29,16043.0
2024-09-30 15:00:00,2633.27,2636.48,2630.35,2633.94,11450.0
2024-09-30 16:00:00,2633.94,2639.48,2633.5,2639.14,8893.0
2024-09-30 17:00:00,2639.14,2641.85,2636.44,2637.87,7805.0
2024-09-30 18:00:00,2637.87,2638.35,2624.74,2631.58,13364.0
2024-09-30 19:00:00,2631.55,2631.81,2626.53,2631.04,8055.0
2024-09-30 20:00:00,2631.06,2635.09,2630.82,2634.53,2657.0
2024-09-30 22:00:00,2634.38,2635.06,2632.13,2635.06,1653.0
2024-09-30 23:00:00,2635.06,2636.26,2634.59,2635.75,2075.0
2024-10-01 00:00:00,2635.73,2637.23,2633.91,2636.55,3945.0
2024-10-01 01:00:00,2636.53,2639.79,2635.54,2639.77,4059.0
2024-10-01 02:00:00,2639.77,2639.97,2635.03,2636.43,4061.0
2024-10-01 03:00:00,2636.41,2638.64,2634.54,2638.01,3922.0
2024-10-01 04:00:00,2638.01,2640.42,2637.43,2639.67,3655.0
2024-10-01 05:00:00,2639.68,2644.38,2639.6,2643.12,5137.0
2024-10-01 06:00:00,2643.12,2645.58,2642.65,2645.28,7448.0
2024-10-01 07:00:00,2645.36,2647.46,2641.75,2645.66,10461.0
2024-10-01 08:00:00,2645.69,2646.85,2642.43,2646.58,7630.0
2024-10-01 09:00:00,2646.58,2649.31,2645.44,2648.72,7939.0
2024-10-01 10:00:00,2648.73,2650.58,2648.28,2650.4,6452.0
2024-10-01 11:00:00,2650.4,2652.15,2646.91,2650.27,7913.0
2024-10-01 12:00:00,2650.27,2656.69,2650.25,2651.55,10646.0
2024-10-01 13:00:00,2651.55,2671.82,2648.04,2668.17,16209.0
2024-10-01 14:00:00,2668.17,2669.88,2657.44,2659.24,19285.0
2024-10-01 15:00:00,2659.14,2665.47,2653.94,2663.5,14611.0
2024-10-01 16:00:00,2663.5,2673.11,2661.3,2666.51,11859.0
2024-10-01 17:00:00,2666.59,2671.83,2661.27,2662.54,13428.0
2024-10-01 18:00:00,2662.56,2664.95,2657.63,2661.16,9024.0
2024-10-01 19:00:00,2661.15,2664.38,2658.22,2658.72,6307.0
2024-10-01 20:00:00,2658.71,2664.0,2657.92,2663.37,2669.0
2024-10-01 22:00:00,2663.11,2663.46,2661.29,2662.13,1571.0
2024-10-01 23:00:00,2662.18,2662.31,2660.18,2660.42,2138.0
2024-10-02 00:00:00,2660.43,2660.7,2657.0,2657.43,5122.0
2024-10-02 01:00:00,2657.46,2662.05,2656.36,2660.65,6321.0
2024-10-02 02:00:00,2660.64,2661.17,2658.87,2660.18,5465.0
2024-10-02 03:00:00,2660.15,2661.59,2655.15,2655.38,5797.0
2024-10-02 04:00:00,2655.41,2656.52,2652.66,2654.19,5155.0
2024-10-02 05:00:00,2654.19,2656.23,2644.57,2648.07,9174.0
2024-10-02 06:00:00,2648.06,2650.75,2647.23,2649.78,8839.0
2024-10-02 07:00:00,2649.71,2655.55,2649.53,2655.46,9908.0
2024-10-02 08:00:00,2655.47,2655.88,2648.7,2652.48,7181.0
2024-10-02 09:00:00,2652.48,2655.53,2651.7,2652.95,6818.0
2024-10-02 10:00:00,2652.95,2654.43,2648.85,2649.22,6218.0
2024-10-02 11:00:00,2649.22,2652.64,2648.04,2649.58,7275.0
2024-10-02 12:00:00,2649.66,2653.01,2643.78,2649.64,11430.0
2024-10-02 13:00:00,2649.64,2660.9,2649.27,2659.57,14201.0
2024-10-02 14:00:00,2659.6,2663.4,2647.47,2648.12,16227.0
2024-10-02 15:00:00,2648.13,2650.75,2641.18,2650.0,12579.0
2024-10-02 16:00:00,2650.0,2652.35,2648.15,2649.77,8386.0
2024-10-02 17:00:00,2649.75,2652.83,2647.21,2652.22,6538.0
2024-10-02 18:00:00,2652.23,2655.98,2651.19,2654.09,6326.0
2024-10-02 19:00:00,2654.1,2658.98,2653.72,2658.66,5144.0
2024-10-02 20:00:00,2658.68,2659.92,2658.36,2658.67,2525.0
2024-10-02 22:00:00,2658.33,2660.37,2657.91,2659.56,2039.0
2024-10-02 23:00:00,2659.56,2661.28,2659.48,2660.33,3027.0
2024-10-03 00:00:00,2660.33,2662.94,2657.48,2657.83,5654.0
2024-10-03 01:00:00,2657.84,2658.94,2655.03,2658.26,6685.0
2024-10-03 02:00:00,2658.26,2658.68,2655.4,2655.8,5793.0
2024-10-03 03:00:00,2655.79,2658.01,2653.37,2656.09,5982.0
2024-10-03 04:00:00,2656.1,2656.57,2654.69,2655.03,4567.0
2024-10-03 05:00:00,2655.05,2656.66,2651.92,2653.31,7197.0
2024-10-03 06:00:00,2653.31,2657.53,2651.38,2655.93,8673.0
2024-10-03 07:00:00,2655.92,2656.31,2643.56,2645.32,10763.0
2024-10-03 08:00:00,2645.33,2647.49,2641.93,2645.2,9749.0
2024-10-03 09:00:00,2645.18,2647.63,2641.03,2644.9,9441.0
2024-10-03 10:00:00,2644.89,2648.11,2644.07,2646.81,8065.0
2024-10-03 11:00:00,2646.81,2649.04,2643.71,2648.03,7939.0
2024-10-03 12:00:00,2648.03,2653.92,2642.15,2642.48,14153.0
2024-10-03 13:00:00,2642.48,2651.38,2641.67,2647.39,14685.0
2024-10-03 14:00:00,2647.39,2654.44,2638.01,2650.21,18954.0
2024-10-03 15:00:00,2650.21,2654.61,2647.99,2648.86,12075.0
2024-10-03 16:00:00,2648.86,2661.15,2648.59,2660.08,9730.0
2024-10-03 17:00:00,2660.09,2662.14,2655.18,2656.77,9295.0
2024-10-03 18:00:00,2656.78,2659.7,2655.43,2657.54,5825.0
2024-10-03 19:00:00,2657.54,2659.46,2657.02,2657.95,5494.0
2024-10-03 20:00:00,2657.96,2657.98,2655.76,2656.01,1960.0
2024-10-03 22:00:00,2655.71,2657.09,2654.41,2656.06,1839.0
2024-10-03 23:00:00,2656.06,2656.65,2654.37,2655.85,1438.0
2024-10-04 00:00:00,2655.86,2657.56,2655.52,2657.3,4219.0
2024-10-04 01:00:00,2657.29,2659.2,2656.81,2658.34,6082.0
2024-10-04 02:00:00,2658.29,2663.53,2657.97,2662.1,5654.0
2024-10-04 03:00:00,2662.12,2663.62,2660.85,2661.14,5052.0
2024-10-04 04:00:00,2661.11,2665.86,2660.72,2664.14,3901.0
2024-10-04 05:00:00,2664.13,2667.91,2664.13,2667.47,5493.0
2024-10-04 06:00:00,2667.47,2667.64,2659.74,2660.29,7961.0
2024-10-04 07:00:00,2660.29,2663.17,2658.79,2661.08,9485.0
2024-10-04 08:00:00,2661.1,2661.58,2658.9,2659.1,6971.0
2024-10-04 09:00:00,2659.1,2660.25,2656.91,2657.51,5897.0
2024-10-04 10:00:00,2657.51,2660.76,2657.22,2658.34,5735.0
2024-10-04 11:00:00,2658.34,2662.59,2657.49,2661.4,6705.0
2024-10-04 12:00:00,2661.4,2661.55,2632.05,2638.83,16403.0
2024-10-04 13:00:00,2638.85,2655.18,2637.56,2651.93,18357.0
2024-10-04 14:00:00,2651.93,2661.17,2646.57,2658.44,15853.0
2024-10-04 15:00:00,2658.42,2670.2,2647.85,2653.3,17386.0
2024-10-04 16:00:00,2653.3,2653.9,2641.93,2645.39,12199.0
2024-10-04 17:00:00,2645.45,2650.47,2643.95,2650.09,9924.0
2024-10-04 18:00:00,2650.1,2650.8,2644.36,2645.64,7883.0
2024-10-04 19:00:00,2645.64,2652.11,2642.8,2651.66,6182.0
2024-10-04 20:00:00,2651.67,2653.96,2649.9,2653.57,2678.0
2024-10-06 22:00:00,2651.45,2652.85,2649.56,2650.88,4114.0
2024-10-06 23:00:00,2650.86,2652.44,2649.74,2650.16,2869.0
2024-10-07 00:00:00,2650.16,2651.13,2647.83,2649.32,4623.0
2024-10-07 01:00:00,2649.32,2651.94,2643.88,2646.22,7735.0
2024-10-07 02:00:00,2646.22,2648.67,2645.28,2645.31,6989.0
2024-10-07 03:00:00,2645.3,2647.48,2643.94,2647.45,5686.0
2024-10-07 04:00:00,2647.44,2648.66,2646.36,2646.78,3623.0
2024-10-07 05:00:00,2646.79,2646.79,2640.1,2640.73,5216.0
2024-10-07 06:00:00,2640.81,2643.97,2639.76,2643.27,8748.0
2024-10-07 07:00:00,2643.26,2652.87,2642.06,2652.06,11156.0
2024-10-07 08:00:00,2652.08,2656.42,2651.68,2652.32,10021.0
2024-10-07 09:00:00,2652.32,2657.28,2650.71,2656.62,7447.0
2024-10-07 10:00:00,2656.62,2658.55,2655.26,2655.43,7731.0
2024-10-07 11:00:00,2655.42,2659.66,2655.13,2656.97,7614.0
2024-10-07 12:00:00,2657.0,2659.3,2637.81,2640.12,13146.0
2024-10-07 13:00:00,2640.1,2653.77,2639.76,2642.79,16173.0
2024-10-07 14:00:00,2642.77,2647.8,2640.5,2640.86,13964.0
2024-10-07 15:00:00,2640.87,2650.17,2639.13,2645.73,11027.0
2024-10-07 16:00:00,2645.73,2646.95,2642.7,2646.86,7265.0
2024-10-07 17:00:00,2646.86,2648.8,2644.23,2648.03,5236.0
2024-10-07 18:00:00,2648.04,2648.13,2639.76,2640.86,6467.0
2024-10-07 19:00:00,2640.86,2644.72,2640.42,2643.32,5959.0
2024-10-07 20:00:00,2643.29,2643.73,2641.8,2642.51,2418.0
2024-10-07 22:00:00,2642.63,2649.18,2641.78,2644.24,3310.0
2024-10-07 23:00:00,2644.25,2644.89,2642.48,2643.06,3587.0
2024-10-08 00:00:00,2643.07,2645.15,2642.34,2643.55,4873.0
2024-10-08 01:00:00,2643.59,2647.96,2637.94,2647.3,14872.0
2024-10-08 02:00:00,2647.28,2648.22,2633.78,2635.75,14948.0
2024-10-08 03:00:00,2635.75,2645.74,2635.27,2643.01,11447.0
2024-10-08 04:00:00,2642.98,2643.82,2641.41,2643.12,4039.0
2024-10-08 05:00:00,2643.12,2646.34,2641.56,2645.03,8422.0
2024-10-08 06:00:00,2645.03,2646.51,2635.74,2636.46,12959.0
2024-10-08 07:00:00,2636.44,2638.56,2631.24,2634.05,11771.0
2024-10-08 08:00:00,2634.0,2640.35,2628.68,2637.92,11342.0
2024-10-08 09:00:00,2637.94,2641.99,2635.82,2641.45,8395.0
2024-10-08 10:00:00,2641.45,2647.49,2639.83,2646.34,8770.0
2024-10-08 11:00:00,2646.34,2651.9,2646.29,2650.74,9694.0
2024-10-08 12:00:00,2650.74,2653.09,2639.77,2645.9,12903.0
2024-10-08 13:00:00,2645.9,2647.64,2636.68,2639.7,16232.0
2024-10-08 14:00:00,2639.7,2640.47,2619.89,2621.0,17612.0
2024-10-08 15:00:00,2621.19,2621.19,2604.81,2613.06,16787.0
2024-10-08 16:00:00,2613.03,2616.27,2606.71,2608.99,10467.0
2024-10-08 17:00:00,2609.0,2618.16,2605.59,2614.56,10482.0
2024-10-08 18:00:00,2614.57,2617.04,2613.93,2615.8,6860.0
2024-10-08 19:00:00,2615.8,2623.65,2614.98,2622.99,7161.0
2024-10-08 20:00:00,2622.99,2623.16,2618.9,2621.85,3877.0
2024-10-08 22:00:00,2621.56,2622.41,2620.64,2622.03,1665.0
2024-10-08 23:00:00,2622.03,2623.78,2621.16,2621.96,2954.0
2024-10-09 00:00:00,2621.96,2623.25,2621.0,2621.17,4415.0
2024-10-09 01:00:00,2621.17,2624.31,2618.41,2620.01,12271.0
2024-10-09 02:00:00,2620.04,2620.4,2616.91,2618.49,10354.0
2024-10-09 03:00:00,2618.48,2618.82,2614.96,2617.19,7551.0
2024-10-09 04:00:00,2617.18,2618.65,2615.5,2616.02,2904.0
2024-10-09 05:00:00,2616.02,2624.3,2615.7,2619.72,11118.0
2024-10-09 06:00:00,2619.72,2619.72,2610.67,2612.78,11643.0
2024-10-09 07:00:00,2612.77,2615.68,2609.18,2611.71,9766.0
2024-10-09 08:00:00,2611.74,2617.44,2610.49,2616.29,8600.0
2024-10-09 09:00:00,2616.29,2618.65,2614.71,2618.1,6675.0
2024-10-09 10:00:00,2618.1,2621.54,2616.09,2621.18,5967.0
2024-10-09 11:00:00,2621.15,2622.46,2616.99,2619.06,7276.0
2024-10-09 12:00:00,2619.07,2622.36,2615.49,2618.9,10591.0
2024-10-09 13:00:00,2618.9,2620.72,2606.96,2609.69,16050.0
2024-10-09 14:00:00,2609.67,2611.93,2605.4,2609.89,14291.0
2024-10-09 15:00:00,2609.88,2617.92,2609.56,2614.85,11878.0
2024-10-09 16:00:00,2614.85,2615.87,2607.84,2608.74,8682.0
2024-10-09 17:00:00,2608.74,2609.94,2606.52,2609.65,7790.0
2024-10-09 18:00:00,2609.75,2611.13,2605.21,2606.4,6780.0
2024-10-09 19:00:00,2606.41,2610.26,2606.34,2609.3,4858.0
2024-10-09 20:00:00,2609.24,2609.47,2606.94,2607.68,2646.0
2024-10-09 22:00:00,2607.4,2609.03,2606.86,2608.94,1732.0
2024-10-09 23:00:00,2608.94,2609.43,2607.92,2608.48,1782.0
2024-10-10 00:00:00,2608.48,2610.22,2605.95,2609.35,5376.0
2024-10-10 01:00:00,2609.34,2612.54,2606.84,2609.18,10964.0
2024-10-10 02:00:00,2609.17,2615.66,2608.05,2615.29,10126.0
2024-10-10 03:00:00,2615.29,2616.94,2611.48,2611.79,8568.0
2024-10-10 04:00:00,2611.76,2614.73,2611.58,2613.95,3827.0
2024-10-10 05:00:00,2613.95,2615.55,2612.53,2613.34,6904.0
2024-10-10 06:00:00,2613.33,2616.46,2610.66,2612.54,9664.0
2024-10-10 07:00:00,2612.55,2617.08,2610.3,2616.74,9469.0
2024-10-10 08:00:00,2616.75,2617.36,2613.56,2615.54,7481.0
2024-10-10 09:00:00,2615.53,2618.51,2614.36,2617.23,5952.0
2024-10-10 10:00:00,2617.23,2618.45,2615.57,2618.01,5240.0
2024-10-10 11:00:00,2618.01,2618.93,2611.31,2613.07,7982.0
2024-10-10 12:00:00,2613.08,2627.37,2604.49,2625.13,17187.0
2024-10-10 13:00:00,2625.15,2627.98,2615.85,2626.78,19413.0
2024-10-10 14:00:00,2626.75,2629.85,2622.85,2625.53,17067.0
2024-10-10 15:00:00,2625.54,2626.22,2618.97,2623.64,12035.0
2024-10-10 16:00:00,2623.64,2629.18,2618.75,2619.33,10957.0
2024-10-10 17:00:00,2619.33,2626.29,2616.56,2623.9,11286.0
2024-10-10 18:00:00,2623.92,2629.17,2623.39,2626.5,7378.0
2024-10-10 19:00:00,2626.46,2631.43,2626.03,2629.24,6701.0
2024-10-10 20:00:00,2629.19,2631.51,2628.86,2630.05,2515.0
2024-10-10 22:00:00,2629.74,2629.9,2628.18,2628.28,1763.0
2024-10-10 23:00:00,2628.28,2635.84,2628.28,2633.22,4120.0
2024-10-11 00:00:00,2633.22,2634.41,2632.01,2633.84,6219.0
2024-10-11 01:00:00,2633.84,2638.02,2632.98,2637.89,10332.0
2024-10-11 02:00:00,2637.87,2644.12,2635.36,2642.43,9853.0
2024-10-11 03:00:00,2642.42,2646.06,2640.68,2645.54,6620.0
2024-10-11 04:00:00,2645.52,2646.09,2643.96,2645.62,3725.0
2024-10-11 05:00:00,2645.59,2645.97,2643.23,2644.77,5114.0
2024-10-11 06:00:00,2644.77,2647.19,2638.08,2639.52,10752.0
2024-10-11 07:00:00,2639.52,2645.55,2638.48,2645.39,7435.0
2024-10-11 08:00:00,2645.39,2646.21,2639.12,2639.29,6481.0
2024-10-11 09:00:00,2639.29,2641.71,2636.28,2637.92,5997.0
2024-10-11 10:00:00,2637.92,2642.27,2637.11,2641.64,5289.0
2024-10-11 11:00:00,2641.64,2644.85,2638.75,2644.76,5865.0
2024-10-11 12:00:00,2644.72,2650.13,2640.68,2643.09,13154.0
2024-10-11 13:00:00,2643.15,2653.35,2642.67,2649.68,14546.0
2024-10-11 14:00:00,2649.48,2655.31,2646.45,2653.12,14200.0
2024-10-11 15:00:00,2653.1,2659.26,2653.08,2658.8,10517.0
2024-10-11 16:00:00,2658.81,2661.45,2657.9,2660.46,7294.0
2024-10-11 17:00:00,2660.46,2661.21,2656.32,2659.65,7140.0
2024-10-11 18:00:00,2659.64,2659.68,2656.17,2658.67,5530.0
2024-10-11 19:00:00,2658.68,2658.85,2655.25,2656.12,4510.0
2024-10-11 20:00:00,2656.12,2657.25,2654.78,2656.38,2259.0
2024-10-13 22:00:00,2656.86,2657.96,2645.34,2650.36,5576.0
2024-10-13 23:00:00,2650.41,2650.74,2647.71,2648.1,3536.0
2024-10-14 00:00:00,2648.1,2648.4,2645.16,2646.78,5183.0
2024-10-14 01:00:00,2646.78,2648.48,2643.58,2646.12,11632.0
2024-10-14 02:00:00,2646.12,2655.47,2643.2,2655.16,9032.0
2024-10-14 03:00:00,2655.15,2657.4,2653.8,2655.67,5837.0
2024-10-14 04:00:00,2655.67,2660.37,2655.33,2659.25,2716.0
2024-10-14 05:00:00,2659.24,2660.72,2657.12,2658.98,5145.0
2024-10-14 06:00:00,2658.97,2666.82,2657.54,2664.1,9681.0
2024-10-14 07:00:00,2664.09,2665.26,2659.19,2660.49,8213.0
2024-10-14 08:00:00,2660.52,2661.99,2658.34,2659.44,6327.0
2024-10-14 09:00:00,2659.44,2663.04,2656.9,2658.57,5347.0
2024-10-14 10:00:00,2658.57,2660.92,2655.86,2655.87,5370.0
2024-10-14 11:00:00,2655.87,2656.87,2651.09,2652.2,6517.0
2024-10-14 12:00:00,2652.2,2654.63,2649.32,2651.44,8990.0
2024-10-14 13:00:00,2651.4,2661.23,2647.76,2655.51,13426.0
2024-10-14 14:00:00,2655.51,2657.05,2644.82,2645.72,13896.0
2024-10-14 15:00:00,2645.72,2649.08,2644.06,2646.81,8919.0
2024-10-14 16:00:00,2646.81,2649.78,2645.92,2648.61,5377.0
2024-10-14 17:00:00,2648.61,2649.92,2647.31,2648.65,4400.0
2024-10-14 18:00:00,2648.64,2650.94,2648.51,2649.27,3292.0
2024-10-14 19:00:00,2649.27,2652.63,2647.02,2652.47,5980.0
2024-10-14 20:00:00,2652.47,2653.33,2646.17,2648.52,2829.0
2024-10-14 22:00:00,2648.71,2650.33,2647.26,2650.05,1701.0
2024-10-14 23:00:00,2650.05,2651.0,2648.96,2649.42,1864.0
2024-10-15 00:00:00,2649.4,2650.23,2647.85,2648.19,4408.0
2024-10-15 01:00:00,2648.19,2651.24,2647.3,2648.41,8902.0
2024-10-15 02:00:00,2648.42,2652.77,2648.08,2651.64,7974.0
2024-10-15 03:00:00,2651.67,2651.67,2644.47,2645.7,6543.0
2024-10-15 04:00:00,2645.7,2645.72,2643.02,2644.43,5166.0
2024-10-15 05:00:00,2644.43,2644.44,2638.14,2641.93,9279.0
2024-10-15 06:00:00,2641.93,2649.19,2641.5,2648.62,11486.0
2024-10-15 07:00:00,2648.69,2653.9,2648.0,2650.81,9249.0
2024-10-15 08:00:00,2650.81,2655.74,2649.79,2653.98,8284.0
2024-10-15 09:00:00,2653.98,2655.61,2651.18,2653.59,6760.0
2024-10-15 10:00:00,2653.59,2656.79,2652.66,2653.05,6195.0
2024-10-15 11:00:00,2653.05,2654.6,2645.64,2647.75,7338.0
2024-10-15 12:00:00,2647.76,2657.47,2647.25,2648.35,11833.0
2024-10-15 13:00:00,2648.34,2653.37,2646.09,2648.74,14592.0
2024-10-15 14:00:00,2648.74,2664.2,2647.85,2659.78,17182.0
2024-10-15 15:00:00,2659.78,2665.21,2657.3,2664.66,12446.0
2024-10-15 16:00:00,2664.66,2668.93,2661.18,2661.89,9158.0
2024-10-15 17:00:00,2661.9,2664.21,2659.04,2663.63,7975.0
2024-10-15 18:00:00,2663.63,2665.83,2663.43,2665.12,5799.0
2024-10-15 19:00:00,2665.11,2666.49,2659.44,2661.66,6728.0
2024-10-15 20:00:00,2661.7,2663.11,2660.38,2662.64,2713.0
2024-10-15 22:00:00,2662.55,2662.9,2661.61,2662.15,1321.0
2024-10-15 23:00:00,2662.17,2662.62,2660.43,2660.51,2025.0
2024-10-16 00:00:00,2660.51,2660.52,2658.75,2660.25,4337.0
2024-10-16 01:00:00,2660.25,2668.03,2660.19,2668.01,12521.0
2024-10-16 02:00:00,2668.0,2670.1,2665.61,2668.1,9661.0
2024-10-16 03:00:00,2668.09,2669.18,2665.36,2667.22,7104.0
2024-10-16 04:00:00,2667.21,2668.3,2665.6,2666.78,3721.0
2024-10-16 05:00:00,2666.78,2670.56,2666.13,2669.51,6494.0
2024-10-16 06:00:00,2669.51,2677.75,2667.1,2677.26,14232.0
2024-10-16 07:00:00,2677.26,2677.54,2673.35,2676.18,9154.0
2024-10-16 08:00:00,2676.13,2680.2,2674.58,2679.55,7440.0
2024-10-16 09:00:00,2679.55,2682.75,2678.23,2680.29,7631.0
2024-10-16 10:00:00,2680.3,2681.01,2673.3,2674.37,7617.0
2024-10-16 11:00:00,2674.38,2680.63,2673.05,2678.37,7791.0
2024-10-16 12:00:00,2678.37,2681.97,2676.54,2681.81,10157.0
2024-10-16 13:00:00,2681.77,2685.34,2672.55,2675.14,15965.0
2024-10-16 14:00:00,2675.14,2681.47,2670.13,2672.23,16639.0
2024-10-16 15:00:00,2672.24,2675.75,2667.66,2670.07,11990.0
2024-10-16 16:00:00,2670.07,2674.27,2666.8,2674.21,8355.0
2024-10-16 17:00:00,2674.22,2676.34,2673.09,2675.31,6393.0
2024-10-16 18:00:00,2675.3,2676.73,2674.62,2674.97,4508.0
2024-10-16 19:00:00,2674.97,2675.03,2672.84,2674.78,4924.0
2024-10-16 20:00:00,2674.81,2674.98,2673.17,2673.64,1927.0
2024-10-16 22:00:00,2673.71,2674.95,2673.27,2673.78,1549.0
2024-10-16 23:00:00,2673.78,2674.71,2673.47,2674.13,1201.0
2024-10-17 00:00:00,2674.13,2678.02,2674.11,2677.93,4243.0
2024-10-17 01:00:00,2677.93,2683.04,2676.57,2683.02,10822.0
2024-10-17 02:00:00,2683.05,2684.92,2678.92,2682.04,12123.0
2024-10-17 03:00:00,2682.05,2682.3,2674.65,2676.74,9944.0
2024-10-17 04:00:00,2676.77,2679.71,2676.5,2679.09,5091.0
2024-10-17 05:00:00,2679.1,2684.36,2678.1,2683.6,8540.0
2024-10-17 06:00:00,2683.6,2685.73,2680.08,2681.18,12643.0
2024-10-17 07:00:00,2681.19,2683.78,2679.0,2682.04,9232.0
2024-10-17 08:00:00,2682.03,2683.93,2680.08,2681.93,7154.0
2024-10-17 09:00:00,2681.94,2682.14,2677.01,2679.52,7220.0
2024-10-17 10:00:00,2679.54,2688.84,2679.15,2687.46,7940.0
2024-10-17 11:00:00,2687.45,2688.5,2680.85,2681.34,7006.0
2024-10-17 12:00:00,2681.34,2682.3,2673.21,2680.68,14019.0
2024-10-17 13:00:00,2680.7,2690.12,2677.88,2688.72,16917.0
2024-10-17 14:00:00,2688.72,2696.47,2684.77,2695.69,16139.0
2024-10-17 15:00:00,2695.69,2696.76,2687.62,2693.37,13474.0
2024-10-17 16:00:00,2693.37,2693.43,2683.96,2692.26,10464.0
2024-10-17 17:00:00,2692.25,2694.26,2690.51,2692.02,6946.0
2024-10-17 18:00:00,2692.03,2692.26,2689.24,2689.56,4962.0
2024-10-17 19:00:00,2689.56,2692.66,2688.94,2692.05,3823.0
2024-10-17 20:00:00,2692.02,2693.02,2690.95,2692.83,1850.0
2024-10-17 22:00:00,2692.53,2693.4,2692.23,2692.69,1279.0
2024-10-17 23:00:00,2692.7,2694.36,2692.34,2693.76,1662.0
2024-10-18 00:00:00,2693.76,2695.85,2692.87,2693.05,5299.0
2024-10-18 01:00:00,2693.05,2706.85,2692.85,2704.65,11989.0
2024-10-18 02:00:00,2704.65,2711.95,2704.07,2708.2,12504.0
2024-10-18 03:00:00,2708.2,2710.9,2707.08,2710.06,8427.0
2024-10-18 04:00:00,2710.06,2711.38,2708.8,2710.21,3635.0
2024-10-18 05:00:00,2710.2,2714.06,2710.13,2711.5,8106.0
2024-10-18 06:00:00,2711.48,2711.7,2702.76,2707.5,13994.0
2024-10-18 07:00:00,2707.46,2709.22,2702.34,2702.36,9218.0
2024-10-18 08:00:00,2702.36,2706.34,2701.76,2706.3,7048.0
2024-10-18 09:00:00,2706.28,2713.21,2706.26,2711.42,8348.0
2024-10-18 10:00:00,2711.43,2713.2,2707.99,2712.58,8078.0
2024-10-18 11:00:00,2712.58,2713.18,2708.03,2709.88,8226.0
2024-10-18 12:00:00,2709.88,2717.07,2709.27,2709.6,10420.0
2024-10-18 13:00:00,2709.6,2715.79,2704.98,2713.77,15901.0
2024-10-18 14:00:00,2713.77,2720.18,2712.24,2717.47,15085.0
2024-10-18 15:00:00,2717.48,2719.28,2713.63,2714.92,10725.0
2024-10-18 16:00:00,2714.92,2719.08,2714.82,2717.68,8212.0
2024-10-18 17:00:00,2717.7,2719.98,2713.64,2715.91,8747.0
2024-10-18 18:00:00,2715.91,2721.26,2715.6,2720.31,6856.0
2024-10-18 19:00:00,2720.31,2720.54,2718.06,2719.68,6041.0
2024-10-18 20:00:00,2719.72,2722.54,2719.22,2721.91,3504.0
2024-10-20 22:00:00,2719.57,2723.89,2719.51,2723.62,3617.0
2024-10-20 23:00:00,2723.6,2725.14,2722.42,2723.53,3535.0
2024-10-21 00:00:00,2723.58,2725.86,2721.5,2721.7,6732.0
2024-10-21 01:00:00,2721.73,2729.34,2721.13,2726.39,13305.0
2024-10-21 02:00:00,2726.4,2731.41,2724.92,2730.79,11097.0
2024-10-21 03:00:00,2730.78,2732.85,2729.4,2731.58,7567.0
2024-10-21 04:00:00,2731.58,2732.02,2729.63,2730.41,3796.0
2024-10-21 05:00:00,2730.41,2730.43,2724.52,2724.92,9185.0
2024-10-21 06:00:00,2724.91,2730.68,2723.62,2730.35,10612.0
2024-10-21 07:00:00,2730.37,2732.52,2725.43,2730.45,8879.0
2024-10-21 08:00:00,2730.45,2733.11,2729.47,2731.43,8420.0
2024-10-21 09:00:00,2731.41,2736.9,2730.8,2734.57,8581.0
2024-10-21 10:00:00,2734.59,2734.93,2727.78,2733.36,8904.0
2024-10-21 11:00:00,2733.36,2738.11,2733.08,2734.52,9690.0
2024-10-21 12:00:00,2734.54,2739.81,2732.88,2738.67,12507.0
2024-10-21 13:00:00,2738.66,2740.58,2733.76,2739.05,15006.0
2024-10-21 14:00:00,2739.05,2739.47,2722.35,2725.29,16322.0
2024-10-21 15:00:00,2725.3,2727.19,2716.98,2720.35,14376.0
2024-10-21 16:00:00,2720.15,2724.12,2718.16,2723.56,9341.0
2024-10-21 17:00:00,2723.56,2725.64,2721.7,2722.87,7653.0
2024-10-21 18:00:00,2722.87,2723.22,2715.38,2716.43,6481.0
2024-10-21 19:00:00,2716.46,2721.07,2714.24,2719.93,8373.0
2024-10-21 20:00:00,2719.93,2721.03,2718.84,2719.5,2824.0
2024-10-21 22:00:00,2719.87,2721.71,2718.93,2720.83,1683.0
2024-10-21 23:00:00,2720.83,2722.61,2720.49,2721.53,2354.0
2024-10-22 00:00:00,2721.53,2725.15,2720.66,2724.77,6204.0
2024-10-22 01:00:00,2724.77,2730.32,2724.07,2728.19,10443.0
2024-10-22 02:00:00,2728.18,2730.69,2727.8,2728.88,8717.0
2024-10-22 03:00:00,2728.88,2733.13,2728.73,2731.05,6817.0
2024-10-22 04:00:00,2731.0,2736.03,2731.0,2734.81,5509.0
2024-10-22 05:00:00,2734.8,2735.19,2729.07,2730.5,7752.0
2024-10-22 06:00:00,2730.52,2737.16,2729.67,2735.2,10464.0
2024-10-22 07:00:00,2735.1,2736.35,2732.56,2733.67,8099.0
2024-10-22 08:00:00,2733.67,2738.38,2731.52,2734.96,7491.0
2024-10-22 09:00:00,2734.96,2736.15,2729.92,2731.53,7517.0
2024-10-22 10:00:00,2731.54,2739.36,2730.61,2738.94,9313.0
2024-10-22 11:00:00,2738.94,2739.34,2729.6,2732.05,8754.0
2024-10-22 12:00:00,2732.11,2738.08,2731.64,2736.28,12299.0
2024-10-22 13:00:00,2736.28,2742.06,2735.44,2736.61,15713.0
2024-10-22 14:00:00,2735.82,2743.19,2733.78,2741.92,15399.0
2024-10-22 15:00:00,2741.93,2744.24,2736.93,2737.65,11809.0
2024-10-22 16:00:00,2737.65,2745.59,2737.2,2745.37,9349.0
2024-10-22 17:00:00,2745.38,2748.32,2743.6,2746.77,10351.0
2024-10-22 18:00:00,2746.77,2747.27,2744.14,2744.69,6413.0
2024-10-22 19:00:00,2744.67,2748.9,2743.89,2748.41,6240.0
2024-10-22 20:00:00,2748.41,2748.81,2746.88,2748.81,3414.0
2024-10-22 22:00:00,2746.85,2748.41,2746.8,2747.41,1621.0
2024-10-22 23:00:00,2747.41,2748.11,2745.9,2746.56,1834.0
2024-10-23 00:00:00,2746.56,2747.03,2744.81,2745.24,3925.0
2024-10-23 01:00:00,2745.24,2747.18,2738.02,2738.65,10276.0
2024-10-23 02:00:00,2738.65,2741.14,2737.92,2738.97,9480.0
2024-10-23 03:00:00,2738.97,2747.04,2738.27,2746.11,8252.0
2024-10-23 04:00:00,2746.11,2750.69,2745.36,2750.02,7050.0
2024-10-23 05:00:00,2750.01,2753.21,2748.84,2751.58,9024.0
2024-10-23 06:00:00,2751.58,2753.27,2748.16,2750.58,10407.0
2024-10-23 07:00:00,2750.55,2755.62,2749.33,2754.96,8040.0
2024-10-23 08:00:00,2754.98,2758.45,2754.68,2756.93,7826.0
2024-10-23 09:00:00,2756.94,2757.61,2749.88,2750.74,8981.0
2024-10-23 10:00:00,2750.74,2752.55,2749.76,2750.8,6815.0
2024-10-23 11:00:00,2750.83,2752.95,2749.19,2749.99,7002.0
2024-10-23 12:00:00,2749.99,2750.52,2740.82,2743.39,12339.0
2024-10-23 13:00:00,2743.39,2744.11,2731.67,2737.56,17270.0
2024-10-23 14:00:00,2737.54,2738.74,2716.5,2717.78,17342.0
2024-10-23 15:00:00,2717.79,2722.61,2708.79,2721.84,15076.0
2024-10-23 16:00:00,2721.81,2723.32,2718.58,2719.47,10371.0
2024-10-23 17:00:00,2719.48,2720.68,2713.79,2716.73,9348.0
2024-10-23 18:00:00,2716.73,2716.73,2712.01,2714.14,9077.0
2024-10-23 19:00:00,2714.15,2718.29,2713.26,2716.24,7238.0
2024-10-23 20:00:00,2716.19,2716.71,2714.25,2715.57,3348.0
2024-10-23 22:00:00,2715.48,2718.33,2715.09,2718.06,2065.0
2024-10-23 23:00:00,2718.08,2721.9,2718.08,2721.31,2881.0
2024-10-24 00:00:00,2721.31,2721.43,2717.87,2721.28,6333.0
2024-10-24 01:00:00,2721.28,2726.78,2720.28,2723.81,12098.0
2024-10-24 02:00:00,2723.81,2724.53,2720.29,2723.38,9713.0
2024-10-24 03:00:00,2723.37,2724.14,2721.44,2723.0,6511.0
2024-10-24 04:00:00,2723.0,2727.11,2722.92,2726.54,5116.0
2024-10-24 05:00:00,2726.54,2729.79,2725.93,2728.96,7237.0
2024-10-24 06:00:00,2728.96,2736.47,2728.36,2735.23,11182.0
2024-10-24 07:00:00,2735.23,2737.11,2732.24,2733.69,9782.0
2024-10-24 08:00:00,2733.69,2737.89,2732.55,2736.88,8923.0
2024-10-24 09:00:00,2736.81,2739.17,2735.85,2736.58,6102.0
2024-10-24 10:00:00,2736.59,2739.16,2736.3,2736.87,6252.0
2024-10-24 11:00:00,2736.88,2739.66,2735.2,2738.75,8559.0
2024-10-24 12:00:00,2738.59,2741.65,2734.65,2739.07,12094.0
2024-10-24 13:00:00,2739.09,2743.26,2729.65,2733.73,15752.0
2024-10-24 14:00:00,2733.71,2736.22,2722.51,2732.45,18055.0
2024-10-24 15:00:00,2732.47,2734.42,2726.89,2731.18,13588.0
2024-10-24 16:00:00,2731.18,2735.45,2725.85,2733.66,11216.0
2024-10-24 17:00:00,2733.68,2737.03,2732.95,2735.45,8756.0
2024-10-24 18:00:00,2735.45,2737.81,2734.52,2735.58,6463.0
2024-10-24 19:00:00,2735.62,2736.98,2733.47,2736.98,5422.0
2024-10-24 20:00:00,2737.05,2737.05,2735.05,2735.84,2467.0
2024-10-24 22:00:00,2735.83,2736.03,2734.54,2734.68,1483.0
2024-10-24 23:00:00,2734.68,2735.57,2733.76,2733.9,1774.0
2024-10-25 00:00:00,2733.9,2734.93,2731.33,2732.53,3969.0
2024-10-25 01:00:00,2732.47,2735.14,2729.85,2730.05,9304.0
2024-10-25 02:00:00,2730.04,2730.25,2726.26,2728.4,8665.0
2024-10-25 03:00:00,2728.39,2728.4,2724.47,2726.12,5995.0
2024-10-25 04:00:00,2726.13,2727.83,2723.95,2725.96,4727.0
2024-10-25 05:00:00,2726.03,2729.76,2726.0,2728.57,8153.0
2024-10-25 06:00:00,2728.57,2732.62,2725.02,2732.24,9737.0
2024-10-25 07:00:00,2732.24,2732.25,2725.95,2726.5,7759.0
2024-10-25 08:00:00,2726.5,2727.05,2718.93,2719.45,8005.0
2024-10-25 09:00:00,2719.5,2721.33,2717.08,2721.26,7723.0
2024-10-25 10:00:00,2721.26,2722.7,2717.27,2722.32,6821.0
2024-10-25 11:00:00,2722.32,2729.39,2721.24,2724.2,8656.0
2024-10-25 12:00:00,2724.23,2732.46,2723.28,2731.52,9804.0
2024-10-25 13:00:00,2731.52,2732.13,2725.27,2727.77,14317.0
2024-10-25 14:00:00,2727.63,2740.61,2727.63,2738.58,16065.0
2024-10-25 15:00:00,2738.56,2742.1,2736.55,2737.18,11575.0
2024-10-25 16:00:00,2737.18,2739.42,2734.07,2739.28,8621.0
2024-10-25 17:00:00,2739.27,2745.11,2738.9,2744.39,7744.0
2024-10-25 18:00:00,2744.39,2744.78,2741.34,2742.14,6521.0
2024-10-25 19:00:00,2742.16,2744.44,2740.38,2742.61,6135.0
2024-10-25 20:00:00,2742.59,2747.75,2742.54,2747.39,3348.0
2024-10-27 22:00:00,2734.61,2738.41,2730.31,2734.6,7881.0
2024-10-27 23:00:00,2734.62,2740.22,2734.62,2735.83,5847.0
2024-10-28 00:00:00,2735.82,2736.3,2732.28,2732.5,5746.0
2024-10-28 01:00:00,2732.5,2733.06,2724.75,2732.42,11816.0
2024-10-28 02:00:00,2732.4,2735.6,2730.81,2734.21,7692.0
2024-10-28 03:00:00,2734.23,2734.75,2729.75,2729.75,6209.0
2024-10-28 04:00:00,2729.75,2733.36,2729.17,2732.95,4214.0
2024-10-28 05:00:00,2732.94,2738.84,2731.18,2738.44,6865.0
2024-10-28 06:00:00,2738.44,2744.61,2737.56,2740.61,10192.0
2024-10-28 07:00:00,2740.61,2743.61,2735.87,2738.96,7630.0
2024-10-28 08:00:00,2738.96,2740.86,2731.49,2732.06,8167.0
2024-10-28 09:00:00,2732.05,2734.1,2728.45,2729.32,7640.0
2024-10-28 10:00:00,2729.3,2733.32,2727.88,2732.23,6656.0
2024-10-28 11:00:00,2732.24,2732.88,2729.81,2732.3,5859.0
2024-10-28 12:00:00,2732.3,2734.87,2731.29,2734.36,8846.0
2024-10-28 13:00:00,2734.36,2743.44,2732.83,2740.92,14164.0
2024-10-28 14:00:00,2740.9,2745.98,2739.0,2744.24,13011.0
2024-10-28 15:00:00,2744.28,2744.65,2739.74,2740.78,11262.0
2024-10-28 16:00:00,2740.78,2744.99,2740.07,2742.78,7965.0
2024-10-28 17:00:00,2742.79,2745.01,2740.36,2743.39,6488.0
2024-10-28 18:00:00,2743.39,2743.48,2740.21,2741.98,5428.0
2024-10-28 19:00:00,2741.97,2743.6,2740.36,2742.56,5097.0
2024-10-28 20:00:00,2742.57,2743.08,2741.42,2742.24,2390.0
2024-10-28 22:00:00,2742.21,2742.31,2739.93,2742.09,1991.0
2024-10-28 23:00:00,2742.09,2744.5,2741.19,2744.5,2275.0
2024-10-29 00:00:00,2744.5,2746.82,2743.34,2745.78,4192.0
2024-10-29 01:00:00,2745.78,2752.38,2745.58,2752.15,10246.0
2024-10-29 02:00:00,2752.15,2757.74,2750.53,2753.04,10057.0
2024-10-29 03:00:00,2753.07,2753.33,2748.69,2751.78,7034.0
2024-10-29 04:00:00,2751.78,2755.27,2751.38,2754.78,4332.0
2024-10-29 05:00:00,2754.75,2756.83,2749.76,2750.01,7609.0
2024-10-29 06:00:00,2750.01,2756.55,2748.99,2755.89,7982.0
2024-10-29 07:00:00,2755.89,2756.37,2752.0,2752.51,6204.0
2024-10-29 08:00:00,2752.53,2755.11,2746.37,2754.68,9070.0
2024-10-29 09:00:00,2754.69,2756.63,2750.12,2752.46,7915.0
2024-10-29 10:00:00,2752.46,2753.19,2747.48,2749.98,7141.0
2024-10-29 11:00:00,2749.98,2753.3,2746.34,2751.86,7912.0
2024-10-29 12:00:00,2751.86,2753.52,2749.01,2749.16,9893.0
2024-10-29 13:00:00,2749.17,2764.05,2748.28,2760.86,14911.0
2024-10-29 14:00:00,2760.88,2771.75,2760.88,2769.63,17517.0
2024-10-29 15:00:00,2769.64,2770.55,2760.89,2764.31,14150.0
2024-10-29 16:00:00,2764.31,2770.26,2764.19,2769.43,10204.0
2024-10-29 17:00:00,2769.42,2772.56,2766.35,2769.84,9555.0
2024-10-29 18:00:00,2769.85,2773.51,2768.29,2773.0,7163.0
2024-10-29 19:00:00,2773.01,2774.8,2771.03,2772.22,5430.0
2024-10-29 20:00:00,2772.22,2774.75,2771.9,2774.44,2889.0
2024-10-29 22:00:00,2774.29,2775.44,2772.99,2774.68,2042.0
2024-10-29 23:00:00,2774.68,2775.19,2773.45,2775.06,2130.0
2024-10-30 00:00:00,2775.1,2779.2,2774.88,2778.1,4602.0
2024-10-30 01:00:00,2778.1,2782.18,2776.96,2781.66,10225.0
2024-10-30 02:00:00,2781.66,2781.88,2776.12,2780.51,8634.0
2024-10-30 03:00:00,2780.52,2781.29,2777.3,2779.0,7209.0
2024-10-30 04:00:00,2779.0,2780.99,2777.45,2780.2,3418.0
2024-10-30 05:00:00,2780.19,2784.92,2778.06,2783.15,6778.0
2024-10-30 06:00:00,2783.15,2789.83,2781.21,2787.19,10230.0
2024-10-30 07:00:00,2787.19,2788.14,2780.62,2782.27,7788.0
2024-10-30 08:00:00,2782.29,2784.67,2779.6,2781.99,7952.0
2024-10-30 09:00:00,2781.88,2784.71,2780.32,2784.61,6493.0
2024-10-30 10:00:00,2784.61,2786.51,2780.19,2780.25,5740.0
2024-10-30 11:00:00,2780.25,2782.03,2778.35,2778.61,7252.0
2024-10-30 12:00:00,2778.61,2783.48,2774.12,2782.52,11932.0
2024-10-30 13:00:00,2782.53,2787.52,2770.94,2777.59,17426.0
2024-10-30 14:00:00,2777.57,2781.84,2775.22,2780.41,16918.0
2024-10-30 15:00:00,2780.38,2785.95,2772.0,2784.74,15222.0
2024-10-30 16:00:00,2784.72,2787.48,2783.08,2785.42,9954.0
2024-10-30 17:00:00,2785.42,2789.61,2784.03,2788.61,8194.0
2024-10-30 18:00:00,2788.61,2790.01,2787.37,2787.77,6262.0
2024-10-30 19:00:00,2787.8,2788.11,2784.45,2787.38,7342.0
2024-10-30 20:00:00,2787.49,2788.04,2784.8,2787.21,3783.0
2024-10-30 22:00:00,2787.47,2788.18,2786.26,2787.47,1997.0
2024-10-30 23:00:00,2787.47,2788.13,2785.25,2785.44,1833.0
2024-10-31 00:00:00,2785.44,2788.24,2784.72,2787.6,3720.0
2024-10-31 01:00:00,2787.65,2790.1,2783.59,2784.76,8865.0
2024-10-31 02:00:00,2784.76,2789.12,2784.49,2787.11,8041.0
2024-10-31 03:00:00,2787.1,2788.42,2784.4,2784.64,4514.0
2024-10-31 04:00:00,2784.75,2785.39,2782.12,2784.48,4238.0
2024-10-31 05:00:00,2784.48,2786.59,2782.62,2785.2,7130.0
2024-10-31 06:00:00,2785.2,2786.08,2779.77,2779.86,8957.0
2024-10-31 07:00:00,2779.84,2784.1,2778.21,2782.09,7922.0
2024-10-31 08:00:00,2782.09,2783.16,2777.02,2779.13,7612.0
2024-10-31 09:00:00,2779.13,2780.3,2777.23,2778.25,7008.0
2024-10-31 10:00:00,2778.25,2781.2,2773.33,2780.98,7613.0
2024-10-31 11:00:00,2780.98,2782.63,2776.8,2779.62,7091.0
2024-10-31 12:00:00,2779.61,2781.97,2772.04,2773.66,12489.0
2024-10-31 13:00:00,2773.66,2773.95,2754.66,2755.36,17877.0
2024-10-31 14:00:00,2755.36,2756.9,2734.75,2734.8,20004.0
2024-10-31 15:00:00,2734.77,2740.99,2731.59,2740.69,17189.0
2024-10-31 16:00:00,2740.66,2743.7,2738.08,2740.71,12025.0
2024-10-31 17:00:00,2740.7,2743.86,2738.29,2739.63,8926.0
2024-10-31 18:00:00,2739.64,2748.04,2739.6,2747.0,9369.0
2024-10-31 19:00:00,2746.97,2749.75,2745.8,2746.54,8401.0
2024-10-31 20:00:00,2746.53,2748.21,2743.32,2743.77,4287.0
2024-10-31 22:00:00,2743.83,2747.69,2743.57,2746.21,1930.0
2024-10-31 23:00:00,2746.22,2747.99,2745.52,2746.76,2244.0
2024-11-01 00:00:00,2746.75,2747.32,2744.95,2745.01,3591.0
2024-11-01 01:00:00,2745.01,2750.02,2744.85,2749.78,11381.0
2024-11-01 02:00:00,2749.79,2750.99,2745.84,2748.78,9626.0
2024-11-01 03:00:00,2748.77,2751.98,2747.47,2751.8,7373.0
2024-11-01 04:00:00,2751.8,2753.0,2750.8,2752.28,3192.0
2024-11-01 05:00:00,2752.34,2755.23,2751.65,2755.0,7422.0
2024-11-01 06:00:00,2755.0,2757.74,2751.35,2752.07,10122.0
2024-11-01 07:00:00,2752.06,2753.19,2747.2,2749.71,6734.0
2024-11-01 08:00:00,2749.7,2755.07,2748.53,2753.41,8771.0
2024-11-01 09:00:00,2753.44,2755.48,2748.06,2751.35,7725.0
2024-11-01 10:00:00,2751.35,2751.92,2744.86,2749.65,7005.0
2024-11-01 11:00:00,2749.66,2754.11,2749.66,2753.01,6978.0
2024-11-01 12:00:00,2753.02,2759.89,2749.15,2753.89,15093.0
2024-11-01 13:00:00,2753.91,2762.22,2752.2,2756.17,18607.0
2024-11-01 14:00:00,2756.17,2759.02,2739.73,2747.26,18550.0
2024-11-01 15:00:00,2747.27,2750.38,2742.59,2744.76,15517.0
2024-11-01 16:00:00,2744.76,2746.18,2740.44,2743.16,11114.0
2024-11-01 17:00:00,2743.16,2743.93,2735.1,2736.33,9614.0
2024-11-01 18:00:00,2736.3,2738.03,2733.54,2736.2,8007.0
2024-11-01 19:00:00,2736.2,2737.07,2733.26,2734.19,6940.0
2024-11-01 20:00:00,2734.18,2736.17,2733.37,2735.84,3416.0
2024-11-03 22:00:00,2735.95,2740.88,2730.55,2738.41,6079.0
2024-11-03 23:00:00,2738.4,2740.96,2737.03,2740.37,4657.0
2024-11-04 00:00:00,2740.38,2741.34,2735.42,2739.96,10941.0
2024-11-04 01:00:00,2739.96,2741.02,2737.0,2739.93,7852.0
2024-11-04 02:00:00,2739.94,2742.44,2739.42,2741.03,6555.0
2024-11-04 03:00:00,2741.04,2742.27,2739.76,2741.07,3283.0
2024-11-04 04:00:00,2741.07,2743.76,2737.7,2741.6,7202.0
2024-11-04 05:00:00,2741.61,2741.67,2735.79,2741.48,8634.0
2024-11-04 06:00:00,2741.46,2744.8,2735.16,2735.86,8001.0
2024-11-04 07:00:00,2735.86,2738.45,2731.97,2733.43,8293.0
2024-11-04 08:00:00,2733.4,2744.09,2732.63,2743.36,9720.0
2024-11-04 09:00:00,2743.37,2745.35,2737.28,2738.64,7798.0
2024-11-04 10:00:00,2738.63,2741.05,2736.56,2740.63,6678.0
2024-11-04 11:00:00,2740.63,2744.06,2739.55,2743.38,7823.0
2024-11-04 12:00:00,2743.38,2746.8,2738.79,2746.8,13383.0
2024-11-04 13:00:00,2746.79,2748.22,2737.93,2743.5,14420.0
2024-11-04 14:00:00,2743.41,2745.62,2737.79,2738.6,15488.0
2024-11-04 15:00:00,2738.56,2738.95,2732.36,2734.26,12963.0
2024-11-04 16:00:00,2734.27,2738.48,2731.84,2738.4,8298.0
2024-11-04 17:00:00,2738.43,2739.34,2735.61,2738.2,8311.0
2024-11-04 18:00:00,2738.21,2739.73,2737.32,2738.36,5417.0
2024-11-04 19:00:00,2738.36,2738.64,2736.43,2737.41,5622.0
2024-11-04 20:00:00,2737.41,2737.7,2735.92,2736.46,1760.0
2024-11-04 22:00:00,2735.83,2738.06,2735.83,2736.07,1967.0
2024-11-04 23:00:00,2736.07,2736.68,2734.1,2735.09,3474.0
2024-11-05 00:00:00,2735.08,2736.16,2732.98,2734.22,8201.0
2024-11-05 01:00:00,2734.22,2735.42,2724.76,2728.53,10621.0
2024-11-05 02:00:00,2728.53,2735.99,2727.82,2735.35,7241.0
2024-11-05 03:00:00,2735.35,2736.39,2733.14,2734.45,4386.0
2024-11-05 04:00:00,2734.44,2737.24,2731.99,2732.61,7052.0
2024-11-05 05:00:00,2732.61,2738.85,2731.8,2737.8,8083.0
2024-11-05 06:00:00,2737.81,2741.35,2735.24,2736.5,6667.0
2024-11-05 07:00:00,2736.52,2743.25,2732.17,2742.51,8926.0
2024-11-05 08:00:00,2742.51,2745.03,2738.92,2739.95,7773.0
2024-11-05 09:00:00,2739.94,2740.24,2735.62,2737.93,7537.0
2024-11-05 10:00:00,2737.93,2743.01,2737.93,2741.75,7780.0
2024-11-05 11:00:00,2741.75,2743.13,2737.6,2738.02,6674.0
2024-11-05 12:00:00,2738.04,2746.78,2736.41,2744.77,14439.0
2024-11-05 13:00:00,2744.78,2749.97,2741.51,2746.76,15254.0
2024-11-05 14:00:00,2746.71,2746.71,2733.08,2742.06,19494.0
2024-11-05 15:00:00,2742.05,2744.53,2736.36,2738.99,12519.0
2024-11-05 16:00:00,2738.99,2743.69,2738.28,2741.99,8970.0
2024-11-05 17:00:00,2742.02,2743.93,2739.41,2741.28,8539.0
2024-11-05 18:00:00,2741.27,2742.31,2739.59,2740.57,5499.0
2024-11-05 19:00:00,2740.57,2743.51,2739.72,2743.02,5732.0
2024-11-05 20:00:00,2743.03,2744.95,2742.6,2743.72,2629.0
2024-11-05 22:00:00,2743.26,2746.37,2741.99,2745.6,3492.0
2024-11-05 23:00:00,2745.6,2745.61,2735.3,2737.98,12183.0
2024-11-06 00:00:00,2738.02,2749.73,2732.71,2747.14,19348.0
2024-11-06 01:00:00,2747.13,2748.38,2736.84,2737.5,19402.0
2024-11-06 02:00:00,2737.5,2743.5,2730.72,2734.21,19463.0
2024-11-06 03:00:00,2734.19,2743.05,2733.22,2741.78,13588.0
2024-11-06 04:00:00,2741.81,2743.62,2736.5,2739.03,16224.0
2024-11-06 05:00:00,2739.03,2739.32,2701.5,2707.05,22230.0
2024-11-06 06:00:00,2707.05,2733.21,2704.16,2725.88,20520.0
2024-11-06 07:00:00,2725.79,2733.74,2722.76,2724.52,17200.0
2024-11-06 08:00:00,2724.52,2728.55,2716.48,2724.71,13624.0
2024-11-06 09:00:00,2724.7,2727.22,2718.69,2720.29,10577.0
2024-11-06 10:00:00,2720.26,2722.83,2696.22,2699.38,15063.0
2024-11-06 11:00:00,2699.12,2708.04,2693.42,2695.18,17191.0
2024-11-06 12:00:00,2695.07,2695.07,2659.17,2664.23,26033.0
2024-11-06 13:00:00,2664.24,2670.45,2652.41,2659.97,24376.0
2024-11-06 14:00:00,2659.92,2675.9,2657.52,2675.8,24480.0
2024-11-06 15:00:00,2675.83,2678.29,2662.86,2666.2,18475.0
2024-11-06 16:00:00,2666.2,2669.35,2661.67,2663.37,13511.0
2024-11-06 17:00:00,2663.38,2669.64,2662.9,2665.61,12605.0
2024-11-06 18:00:00,2665.61,2668.6,2664.99,2667.1,9159.0
2024-11-06 19:00:00,2667.07,2667.82,2659.4,2660.74,8438.0
2024-11-06 20:00:00,2660.72,2662.49,2658.89,2658.94,2650.0
2024-11-06 22:00:00,2659.17,2664.31,2659.08,2664.08,3465.0
2024-11-06 23:00:00,2664.08,2664.27,2660.98,2661.49,5189.0
2024-11-07 00:00:00,2661.48,2664.02,2643.44,2649.48,18364.0
2024-11-07 01:00:00,2649.47,2657.56,2649.47,2657.44,13313.0
2024-11-07 02:00:00,2657.47,2661.27,2655.66,2659.21,8261.0
2024-11-07 03:00:00,2659.2,2659.64,2654.15,2654.61,4822.0
2024-11-07 04:00:00,2654.65,2660.76,2654.65,2659.26,8262.0
2024-11-07 05:00:00,2659.19,2659.45,2652.78,2657.14,9718.0
2024-11-07 06:00:00,2657.14,2667.66,2656.2,2663.3,11222.0
2024-11-07 07:00:00,2663.3,2666.72,2657.41,2657.68,10599.0
2024-11-07 08:00:00,2657.66,2666.07,2657.57,2661.75,8862.0
2024-11-07 09:00:00,2661.71,2668.42,2659.84,2666.6,7946.0
2024-11-07 10:00:00,2666.6,2668.14,2663.84,2666.34,7090.0
2024-11-07 11:00:00,2666.34,2674.11,2664.31,2673.72,10937.0
2024-11-07 12:00:00,2673.68,2685.22,2672.37,2684.64,21514.0
2024-11-07 13:00:00,2684.62,2695.04,2682.36,2691.88,20636.0
2024-11-07 14:00:00,2691.87,2700.24,2690.14,2698.82,20535.0
2024-11-07 15:00:00,2698.85,2699.46,2690.63,2695.84,15573.0
2024-11-07 16:00:00,2695.84,2700.37,2694.31,2699.39,10906.0
2024-11-07 17:00:00,2699.38,2699.43,2694.05,2695.28,10073.0
2024-11-07 18:00:00,2695.28,2698.1,2687.48,2694.4,19444.0
2024-11-07 19:00:00,2694.39,2710.26,2692.85,2704.44,16252.0
2024-11-07 20:00:00,2704.45,2708.56,2703.7,2706.24,3920.0
2024-11-07 22:00:00,2705.86,2708.07,2704.17,2706.91,3561.0
2024-11-07 23:00:00,2706.91,2710.42,2705.72,2706.36,4908.0
2024-11-08 00:00:00,2706.35,2707.62,2699.23,2699.94,13403.0
2024-11-08 01:00:00,2699.94,2701.03,2695.22,2697.57,10801.0
2024-11-08 02:00:00,2697.53,2700.5,2694.1,2695.22,7766.0
2024-11-08 03:00:00,2695.2,2696.12,2693.3,2693.61,4812.0
2024-11-08 04:00:00,2693.6,2696.32,2693.6,2695.28,7770.0
2024-11-08 05:00:00,2695.27,2695.82,2686.0,2686.47,11859.0
2024-11-08 06:00:00,2686.47,2687.91,2680.34,2687.52,9129.0
2024-11-08 07:00:00,2687.52,2691.8,2682.0,2688.76,16126.0
2024-11-08 08:00:00,2688.73,2691.06,2687.16,2689.36,9381.0
2024-11-08 09:00:00,2689.4,2689.4,2682.02,2688.61,9001.0
2024-11-08 10:00:00,2688.61,2694.94,2686.73,2691.96,7992.0
2024-11-08 11:00:00,2691.95,2693.14,2686.26,2691.95,9149.0
2024-11-08 12:00:00,2691.93,2701.09,2687.91,2697.61,18286.0
2024-11-08 13:00:00,2697.69,2704.01,2687.85,2691.72,19271.0
2024-11-08 14:00:00,2691.4,2692.89,2683.46,2687.59,19030.0
2024-11-08 15:00:00,2687.51,2689.33,2682.9,2683.28,13965.0
2024-11-08 16:00:00,2683.35,2688.69,2683.35,2687.99,10926.0
2024-11-08 17:00:00,2687.98,2688.84,2683.88,2685.04,9689.0
2024-11-08 18:00:00,2685.03,2687.57,2683.32,2687.15,6530.0
2024-11-08 19:00:00,2687.16,2688.63,2685.02,2685.17,7112.0
2024-11-08 20:00:00,2685.17,2685.9,2682.92,2684.15,2348.0
2024-11-10 22:00:00,2685.59,2686.21,2678.87,2685.63,4415.0
2024-11-10 23:00:00,2685.63,2686.19,2682.68,2684.05,4188.0
2024-11-11 00:00:00,2684.01,2684.89,2671.95,2672.99,14218.0
2024-11-11 01:00:00,2673.05,2675.25,2666.55,2672.0,10038.0
2024-11-11 02:00:00,2672.01,2672.01,2668.01,2670.31,6070.0
2024-11-11 03:00:00,2670.27,2672.45,2668.82,2672.17,5431.0
2024-11-11 04:00:00,2672.16,2674.34,2667.02,2669.27,7474.0
2024-11-11 05:00:00,2669.29,2674.15,2668.5,2673.31,7614.0
2024-11-11 06:00:00,2673.31,2674.07,2668.84,2669.61,10518.0
2024-11-11 07:00:00,2669.59,2671.79,2667.61,2669.63,9320.0
2024-11-11 08:00:00,2669.6,2670.85,2663.87,2666.9,9682.0
2024-11-11 09:00:00,2666.86,2675.27,2661.01,2661.9,9380.0
2024-11-11 10:00:00,2661.9,2667.07,2659.01,2662.65,9298.0
2024-11-11 11:00:00,2662.65,2663.19,2656.72,2657.36,9992.0
2024-11-11 12:00:00,2657.3,2657.66,2634.39,2635.59,19498.0
2024-11-11 13:00:00,2635.55,2635.69,2617.79,2622.56,21954.0
2024-11-11 14:00:00,2622.57,2626.4,2613.51,2614.62,19280.0
2024-11-11 15:00:00,2614.63,2618.17,2612.69,2615.21,14603.0
2024-11-11 16:00:00,2615.21,2616.96,2611.55,2612.6,10240.0
2024-11-11 17:00:00,2612.59,2619.27,2610.71,2619.03,9520.0
2024-11-11 18:00:00,2619.03,2620.74,2617.96,2619.3,6082.0
2024-11-11 19:00:00,2619.3,2626.25,2619.3,2622.02,6185.0
2024-11-11 20:00:00,2622.02,2623.2,2619.17,2619.3,2204.0
2024-11-11 22:00:00,2618.73,2624.1,2618.73,2623.96,2265.0
2024-11-11 23:00:00,2623.96,2625.07,2622.24,2624.0,4457.0
2024-11-12 00:00:00,2623.98,2627.12,2619.23,2624.12,13473.0
2024-11-12 01:00:00,2624.06,2625.53,2620.54,2621.99,11446.0
2024-11-12 02:00:00,2622.01,2623.74,2618.83,2618.97,7381.0
2024-11-12 03:00:00,2618.94,2619.11,2615.7,2617.76,6073.0
2024-11-12 04:00:00,2617.81,2618.18,2605.38,2606.88,11791.0
2024-11-12 05:00:00,2606.88,2610.18,2603.51,2607.92,13629.0
2024-11-12 06:00:00,2607.92,2609.11,2595.25,2598.18,13793.0
2024-11-12 07:00:00,2598.32,2606.6,2598.21,2600.61,11991.0
2024-11-12 08:00:00,2600.58,2600.73,2590.88,2593.34,11779.0
2024-11-12 09:00:00,2593.36,2598.65,2589.69,2596.76,10251.0
2024-11-12 10:00:00,2596.7,2599.12,2592.56,2597.9,10550.0
2024-11-12 11:00:00,2597.9,2607.03,2597.9,2605.31,14058.0
2024-11-12 12:00:00,2605.3,2616.36,2604.53,2611.66,18182.0
2024-11-12 13:00:00,2611.66,2617.11,2608.99,2610.45,18718.0
2024-11-12 14:00:00,2610.44,2611.83,2597.47,2598.55,18856.0
2024-11-12 15:00:00,2598.52,2604.21,2597.97,2600.84,14783.0
2024-11-12 16:00:00,2600.82,2601.17,2592.56,2597.52,13060.0
2024-11-12 17:00:00,2597.47,2602.11,2596.58,2599.24,9967.0
2024-11-12 18:00:00,2599.25,2601.46,2597.96,2598.2,7034.0
2024-11-12 19:00:00,2598.19,2601.36,2595.16,2599.88,6947.0
2024-11-12 20:00:00,2599.82,2600.77,2597.1,2597.98,2455.0
2024-11-12 22:00:00,2597.75,2599.86,2597.57,2598.92,2080.0
2024-11-12 23:00:00,2598.92,2599.94,2598.06,2599.47,3130.0
2024-11-13 00:00:00,2599.46,2611.19,2599.43,2608.18,14174.0
2024-11-13 01:00:00,2608.16,2612.61,2605.22,2612.14,10478.0
2024-11-13 02:00:00,2612.19,2613.32,2606.53,2611.57,8892.0
2024-11-13 03:00:00,2611.56,2612.37,2606.1,2606.25,5803.0
2024-11-13 04:00:00,2606.32,2607.92,2603.64,2605.82,7897.0
2024-11-13 05:00:00,2605.81,2607.44,2604.24,2605.48,8617.0
2024-11-13 06:00:00,2605.44,2607.48,2604.32,2606.2,7415.0
2024-11-13 07:00:00,2606.24,2610.73,2601.08,2607.66,10321.0
2024-11-13 08:00:00,2607.67,2611.74,2607.35,2608.62,8565.0
2024-11-13 09:00:00,2608.66,2610.49,2607.0,2609.13,6853.0
2024-11-13 10:00:00,2609.12,2611.68,2605.88,2610.85,7099.0
2024-11-13 11:00:00,2610.85,2612.73,2608.95,2609.72,9521.0
2024-11-13 12:00:00,2609.73,2618.81,2607.2,2612.37,21491.0
2024-11-13 13:00:00,2612.36,2616.39,2601.23,2602.06,23793.0
2024-11-13 14:00:00,2602.1,2606.85,2593.66,2605.43,24122.0
2024-11-13 15:00:00,2605.37,2606.0,2584.78,2585.85,18758.0
2024-11-13 16:00:00,2585.86,2586.84,2577.64,2583.37,17107.0
2024-11-13 17:00:00,2583.4,2585.45,2579.43,2582.8,11391.0
2024-11-13 18:00:00,2582.8,2584.97,2580.58,2581.03,7784.0
2024-11-13 19:00:00,2581.01,2581.2,2573.08,2573.87,9967.0
2024-11-13 20:00:00,2573.87,2577.2,2572.65,2572.7,3213.0
2024-11-13 22:00:00,2574.82,2581.45,2569.3,2571.0,6361.0
2024-11-13 23:00:00,2571.0,2574.73,2569.63,2572.55,5575.0
2024-11-14 00:00:00,2572.54,2572.91,2561.56,2562.62,15071.0
2024-11-14 01:00:00,2562.62,2564.67,2558.94,2560.63,12090.0
2024-11-14 02:00:00,2560.59,2565.04,2559.96,2560.72,8352.0
2024-11-14 03:00:00,2560.71,2565.31,2559.32,2565.18,5210.0
2024-11-14 04:00:00,2565.2,2565.2,2555.32,2558.67,10369.0
2024-11-14 05:00:00,2558.64,2560.55,2551.89,2555.07,12752.0
2024-11-14 06:00:00,2555.07,2558.9,2550.49,2557.01,12723.0
2024-11-14 07:00:00,2556.99,2559.84,2554.57,2556.19,12471.0
2024-11-14 08:00:00,2556.16,2558.36,2536.85,2543.59,15094.0
2024-11-14 09:00:00,2543.56,2548.04,2539.07,2547.14,11202.0
2024-11-14 10:00:00,2547.15,2555.04,2545.22,2553.71,11573.0
2024-11-14 11:00:00,2553.68,2556.9,2550.16,2552.27,10464.0
2024-11-14 12:00:00,2552.26,2560.35,2551.3,2557.18,20182.0
2024-11-14 13:00:00,2557.18,2565.93,2554.37,2559.76,19514.0
2024-11-14 14:00:00,2559.75,2573.0,2558.64,2570.31,19177.0
2024-11-14 15:00:00,2570.31,2577.5,2569.27,2574.02,12744.0
2024-11-14 16:00:00,2574.02,2575.94,2567.54,2573.01,11074.0
2024-11-14 17:00:00,2573.03,2573.52,2567.21,2569.9,10328.0
2024-11-14 18:00:00,2569.92,2576.92,2569.87,2576.05,7286.0
2024-11-14 19:00:00,2576.02,2576.47,2563.96,2567.31,16976.0
2024-11-14 20:00:00,2567.3,2569.67,2564.2,2564.53,3806.0
2024-11-14 22:00:00,2564.95,2567.32,2564.78,2566.94,2547.0
2024-11-14 23:00:00,2566.94,2567.64,2565.93,2566.94,4689.0
2024-11-15 00:00:00,2566.94,2571.67,2563.1,2565.08,11145.0
2024-11-15 01:00:00,2565.07,2571.04,2564.99,2570.22,8424.0
2024-11-15 02:00:00,2570.23,2571.16,2567.7,2567.79,5372.0
2024-11-15 03:00:00,2567.78,2569.54,2567.1,2567.12,2501.0
2024-11-15 04:00:00,2567.12,2567.26,2559.76,2559.94,6964.0
2024-11-15 05:00:00,2559.92,2563.61,2554.5,2561.49,9882.0
2024-11-15 06:00:00,2561.49,2564.93,2559.44,2563.83,8324.0
2024-11-15 07:00:00,2563.83,2569.0,2560.91,2566.89,9639.0
2024-11-15 08:00:00,2566.88,2568.98,2563.97,2564.03,8382.0
2024-11-15 09:00:00,2564.0,2570.52,2563.03,2567.94,10057.0
2024-11-15 10:00:00,2567.92,2573.31,2566.69,2570.76,9111.0
2024-11-15 11:00:00,2570.76,2571.08,2565.55,2569.22,8269.0
2024-11-15 12:00:00,2569.23,2575.84,2561.27,2565.33,20949.0
2024-11-15 13:00:00,2565.33,2575.55,2564.3,2572.86,20763.0
2024-11-15 14:00:00,2572.85,2576.02,2565.12,2570.87,20789.0
2024-11-15 15:00:00,2570.88,2573.34,2562.09,2562.21,16186.0
2024-11-15 16:00:00,2562.21,2564.84,2560.19,2563.03,10638.0
2024-11-15 17:00:00,2563.04,2567.84,2559.52,2567.6,11466.0
2024-11-15 18:00:00,2567.57,2568.1,2562.78,2563.85,7166.0
2024-11-15 19:00:00,2563.87,2563.98,2559.85,2562.25,9104.0
2024-11-15 20:00:00,2562.24,2562.47,2561.11,2561.78,2057.0
2024-11-17 22:00:00,2563.07,2575.52,2561.5,2571.41,5965.0
2024-11-17 23:00:00,2571.41,2577.16,2569.88,2576.53,6431.0
2024-11-18 00:00:00,2576.53,2597.23,2576.52,2587.11,18088.0
2024-11-18 01:00:00,2587.08,2595.12,2586.92,2591.11,10924.0
2024-11-18 02:00:00,2591.08,2592.6,2587.83,2589.95,6431.0
2024-11-18 03:00:00,2589.94,2593.16,2589.32,2592.28,3929.0
2024-11-18 04:00:00,2592.22,2592.32,2585.1,2585.6,7744.0
2024-11-18 05:00:00,2585.57,2587.74,2580.42,2586.03,11599.0
2024-11-18 06:00:00,2586.03,2587.12,2581.71,2582.93,9527.0
2024-11-18 07:00:00,2582.93,2590.02,2582.07,2585.65,12508.0
2024-11-18 08:00:00,2585.64,2597.29,2583.85,2595.74,12386.0
2024-11-18 09:00:00,2595.75,2596.72,2589.58,2594.09,9979.0
2024-11-18 10:00:00,2594.09,2595.46,2590.55,2594.39,8799.0
2024-11-18 11:00:00,2594.42,2597.17,2590.41,2595.18,9956.0
2024-11-18 12:00:00,2595.18,2605.17,2592.93,2603.95,15755.0
2024-11-18 13:00:00,2604.02,2610.21,2602.84,2608.16,16760.0
2024-11-18 14:00:00,2608.18,2613.38,2605.94,2613.01,14063.0
2024-11-18 15:00:00,2613.04,2615.12,2609.46,2611.6,12063.0
2024-11-18 16:00:00,2611.6,2612.0,2607.38,2610.46,8620.0
2024-11-18 17:00:00,2610.47,2612.12,2607.78,2611.17,6891.0
2024-11-18 18:00:00,2611.17,2612.65,2608.39,2609.84,6025.0
2024-11-18 19:00:00,2609.83,2611.6,2608.25,2610.25,5353.0
2024-11-18 20:00:00,2610.26,2612.29,2609.88,2611.72,2454.0
2024-11-18 22:00:00,2611.77,2613.06,2610.47,2612.65,1690.0
2024-11-18 23:00:00,2612.65,2613.71,2611.08,2613.33,4148.0
2024-11-19 00:00:00,2613.33,2617.88,2611.58,2615.74,12607.0
2024-11-19 01:00:00,2615.71,2624.21,2615.68,2622.56,11697.0
2024-11-19 02:00:00,2622.56,2625.54,2621.4,2624.52,10046.0
2024-11-19 03:00:00,2624.51,2625.24,2621.57,2622.98,6511.0
2024-11-19 04:00:00,2622.98,2623.49,2620.9,2622.64,9614.0
2024-11-19 05:00:00,2622.66,2626.7,2621.35,2625.13,11205.0
2024-11-19 06:00:00,2625.16,2625.33,2617.75,2619.15,9844.0
2024-11-19 07:00:00,2619.11,2627.03,2618.7,2626.36,14315.0
2024-11-19 08:00:00,2626.33,2634.52,2625.34,2630.32,16740.0
2024-11-19 09:00:00,2630.31,2636.54,2629.98,2635.21,11255.0
2024-11-19 10:00:00,2635.22,2636.1,2629.07,2629.59,9871.0
2024-11-19 11:00:00,2629.59,2639.35,2628.81,2639.25,12442.0
2024-11-19 12:00:00,2639.28,2639.47,2629.28,2635.32,18101.0
2024-11-19 13:00:00,2635.24,2636.98,2622.82,2623.47,21027.0
2024-11-19 14:00:00,2623.48,2628.7,2621.0,2624.5,17089.0
2024-11-19 15:00:00,2624.58,2628.49,2622.35,2626.51,13679.0
2024-11-19 16:00:00,2626.51,2633.15,2625.69,2628.12,9578.0
2024-11-19 17:00:00,2628.12,2630.47,2626.36,2630.22,8268.0
2024-11-19 18:00:00,2630.24,2631.65,2628.92,2630.75,6753.0
2024-11-19 19:00:00,2630.76,2634.66,2630.47,2633.76,5271.0
2024-11-19 20:00:00,2633.75,2633.96,2630.64,2632.11,3127.0
2024-11-19 22:00:00,2631.96,2635.53,2631.86,2635.19,2947.0
2024-11-19 23:00:00,2635.19,2639.16,2634.7,2637.86,5208.0
2024-11-20 00:00:00,2637.9,2641.49,2635.74,2639.65,12368.0
2024-11-20 01:00:00,2639.64,2641.88,2638.4,2640.28,8799.0
2024-11-20 02:00:00,2640.25,2641.28,2637.64,2637.99,6300.0
2024-11-20 03:00:00,2637.99,2638.79,2636.22,2636.68,3428.0
2024-11-20 04:00:00,2636.64,2638.51,2634.93,2636.91,6470.0
2024-11-20 05:00:00,2636.82,2637.14,2628.6,2629.53,11073.0
2024-11-20 06:00:00,2629.53,2630.23,2621.16,2621.62,9916.0
2024-11-20 07:00:00,2621.58,2624.56,2618.82,2624.24,10253.0
2024-11-20 08:00:00,2624.25,2625.71,2621.1,2621.93,9066.0
2024-11-20 09:00:00,2621.87,2626.25,2620.97,2625.16,7672.0
2024-11-20 10:00:00,2625.16,2628.2,2621.49,2628.12,7858.0
2024-11-20 11:00:00,2628.12,2632.42,2627.07,2631.84,9600.0
2024-11-20 12:00:00,2631.82,2640.54,2631.19,2636.1,13334.0
2024-11-20 13:00:00,2636.1,2646.4,2634.17,2643.22,14720.0
2024-11-20 14:00:00,2643.22,2648.89,2640.87,2648.88,14697.0
2024-11-20 15:00:00,2648.88,2650.86,2646.17,2650.67,11728.0
2024-11-20 16:00:00,2650.67,2655.45,2649.32,2651.84,10355.0
2024-11-20 17:00:00,2651.85,2652.1,2645.45,2648.65,9437.0
2024-11-20 18:00:00,2648.65,2653.15,2648.5,2650.9,7540.0
2024-11-20 19:00:00,2650.88,2651.27,2647.23,2648.93,6386.0
2024-11-20 20:00:00,2648.95,2650.43,2648.08,2650.08,3326.0
2024-11-20 22:00:00,2649.94,2652.97,2648.63,2652.19,2438.0
2024-11-20 23:00:00,2652.22,2658.86,2651.8,2658.5,5873.0
2024-11-21 00:00:00,2658.51,2660.43,2651.82,2653.45,12721.0
2024-11-21 01:00:00,2653.44,2658.16,2652.6,2653.75,7846.0
2024-11-21 02:00:00,2653.69,2657.24,2650.38,2656.96,6283.0
2024-11-21 03:00:00,2656.96,2658.96,2656.85,2656.99,3714.0
2024-11-21 04:00:00,2656.99,2658.12,2654.65,2656.97,6752.0
2024-11-21 05:00:00,2656.99,2662.26,2656.6,2661.44,8563.0
2024-11-21 06:00:00,2661.44,2664.65,2660.11,2663.15,7932.0
2024-11-21 07:00:00,2663.14,2670.32,2662.04,2668.86,9832.0
2024-11-21 08:00:00,2668.89,2671.66,2663.52,2668.91,10130.0
2024-11-21 09:00:00,2668.9,2670.38,2665.1,2669.97,7080.0
2024-11-21 10:00:00,2669.99,2673.54,2668.36,2671.53,7775.0
2024-11-21 11:00:00,2671.53,2671.8,2663.05,2663.33,8856.0
2024-11-21 12:00:00,2663.31,2667.77,2660.45,2665.48,17947.0
2024-11-21 13:00:00,2665.49,2671.61,2661.46,2665.06,17845.0
2024-11-21 14:00:00,2665.05,2670.6,2664.45,2667.76,16274.0
2024-11-21 15:00:00,2667.75,2669.78,2661.37,2664.78,13573.0
2024-11-21 16:00:00,2664.78,2672.84,2661.83,2671.87,9854.0
2024-11-21 17:00:00,2671.87,2673.13,2669.13,2672.47,8289.0
2024-11-21 18:00:00,2672.47,2673.53,2667.87,2669.69,6670.0
2024-11-21 19:00:00,2669.71,2671.86,2668.58,2671.55,5365.0
2024-11-21 20:00:00,2671.54,2671.89,2668.07,2669.41,2774.0
2024-11-21 22:00:00,2669.42,2669.99,2668.16,2669.17,2795.0
2024-11-21 23:00:00,2669.17,2673.62,2668.88,2673.14,5128.0
2024-11-22 00:00:00,2673.14,2679.46,2673.04,2677.84,12452.0
2024-11-22 01:00:00,2677.82,2686.4,2677.34,2686.09,11808.0
2024-11-22 02:00:00,2686.08,2690.52,2681.48,2686.22,10376.0
2024-11-22 03:00:00,2686.2,2692.36,2683.06,2688.74,6057.0
2024-11-22 04:00:00,2688.82,2689.19,2683.09,2686.68,10361.0
2024-11-22 05:00:00,2686.69,2693.22,2685.86,2693.0,10950.0
2024-11-22 06:00:00,2693.0,2699.04,2690.49,2696.47,10608.0
2024-11-22 07:00:00,2696.48,2700.52,2694.76,2697.34,13471.0
2024-11-22 08:00:00,2697.35,2707.47,2693.58,2703.38,15510.0
2024-11-22 09:00:00,2703.39,2708.58,2702.7,2707.73,11385.0
2024-11-22 10:00:00,2707.75,2710.13,2697.1,2698.87,11976.0
2024-11-22 11:00:00,2698.87,2704.97,2697.1,2703.01,10874.0
2024-11-22 12:00:00,2703.0,2704.15,2689.38,2692.96,18807.0
2024-11-22 13:00:00,2692.94,2696.34,2684.47,2694.74,18873.0
2024-11-22 14:00:00,2694.34,2705.12,2694.34,2703.69,18912.0
2024-11-22 15:00:00,2703.69,2706.59,2700.87,2705.21,13276.0
2024-11-22 16:00:00,2705.21,2707.27,2703.66,2706.84,8785.0
2024-11-22 17:00:00,2706.84,2711.47,2706.72,2710.93,8530.0
2024-11-22 18:00:00,2710.94,2711.46,2707.06,2708.24,5950.0
2024-11-22 19:00:00,2708.22,2708.84,2705.1,2705.86,6489.0
2024-11-22 20:00:00,2705.8,2715.5,2705.8,2715.34,3854.0
2024-11-24 22:00:00,2714.29,2721.38,2691.7,2719.86,7749.0
2024-11-24 23:00:00,2719.86,2720.21,2709.9,2710.6,8920.0
2024-11-25 00:00:00,2710.71,2711.13,2694.9,2701.27,18216.0
2024-11-25 01:00:00,2701.28,2704.48,2692.39,2695.35,12776.0
2024-11-25 02:00:00,2695.35,2697.39,2659.18,2672.34,14080.0
2024-11-25 03:00:00,2672.32,2676.37,2663.95,2672.52,9038.0
2024-11-25 04:00:00,2672.51,2674.02,2658.26,2664.76,13028.0
2024-11-25 05:00:00,2664.73,2670.12,2661.73,2667.0,14384.0
2024-11-25 06:00:00,2667.0,2672.62,2663.82,2667.94,13521.0
2024-11-25 07:00:00,2667.95,2673.61,2667.2,2672.07,13148.0
2024-11-25 08:00:00,2672.06,2675.24,2669.98,2673.97,11256.0
2024-11-25 09:00:00,2673.97,2678.06,2668.79,2677.77,8701.0
2024-11-25 10:00:00,2677.73,2688.79,2677.68,2686.88,9053.0
2024-11-25 11:00:00,2686.88,2686.99,2680.0,2681.03,9894.0
2024-11-25 12:00:00,2680.85,2687.99,2676.72,2678.3,18064.0
2024-11-25 13:00:00,2678.36,2678.75,2633.68,2641.37,24814.0
2024-11-25 14:00:00,2641.33,2641.7,2626.3,2628.39,19919.0
2024-11-25 15:00:00,2628.39,2639.42,2628.39,2632.08,14397.0
2024-11-25 16:00:00,2632.01,2634.21,2624.55,2627.9,10542.0
2024-11-25 17:00:00,2627.9,2628.53,2615.65,2618.91,12170.0
2024-11-25 18:00:00,2618.91,2626.19,2618.43,2625.78,7652.0
2024-11-25 19:00:00,2625.78,2628.77,2622.7,2626.1,7246.0
2024-11-25 20:00:00,2626.08,2628.39,2625.19,2625.46,2797.0
2024-11-25 22:00:00,2625.05,2628.58,2605.28,2610.49,7638.0
2024-11-25 23:00:00,2610.56,2624.61,2608.7,2619.89,11895.0
2024-11-26 00:00:00,2619.87,2632.19,2618.11,2628.19,16259.0
2024-11-26 01:00:00,2628.2,2630.56,2625.0,2625.43,11705.0
2024-11-26 02:00:00,2625.44,2631.09,2622.96,2630.42,9496.0
2024-11-26 03:00:00,2630.43,2631.47,2625.11,2626.45,5335.0
2024-11-26 04:00:00,2626.39,2626.51,2617.9,2624.42,9432.0
2024-11-26 05:00:00,2624.4,2626.07,2621.23,2622.1,10671.0
2024-11-26 06:00:00,2622.1,2622.87,2610.82,2614.1,10970.0
2024-11-26 07:00:00,2614.1,2618.37,2612.5,2613.42,11919.0
2024-11-26 08:00:00,2613.42,2627.18,2612.97,2626.04,11881.0
2024-11-26 09:00:00,2626.04,2633.15,2625.13,2631.35,9844.0
2024-11-26 10:00:00,2631.35,2633.28,2627.69,2633.28,8600.0
2024-11-26 11:00:00,2633.28,2634.81,2629.35,2631.07,10489.0
2024-11-26 12:00:00,2631.05,2641.96,2624.03,2629.95,18226.0
2024-11-26 13:00:00,2629.95,2633.85,2616.84,2622.81,17635.0
2024-11-26 14:00:00,2622.8,2632.82,2620.39,2629.54,17397.0
2024-11-26 15:00:00,2629.55,2631.44,2626.47,2628.71,10740.0
2024-11-26 16:00:00,2628.71,2628.73,2624.97,2624.98,8936.0
2024-11-26 17:00:00,2624.97,2624.99,2619.62,2623.51,9785.0
2024-11-26 18:00:00,2623.52,2629.05,2622.69,2628.12,8476.0
2024-11-26 19:00:00,2628.13,2632.83,2627.59,2631.69,6486.0
2024-11-26 20:00:00,2631.69,2633.59,2630.78,2633.02,2817.0
2024-11-26 22:00:00,2632.76,2634.19,2630.16,2632.27,2450.0
2024-11-26 23:00:00,2632.27,2633.11,2627.22,2627.81,3728.0
2024-11-27 00:00:00,2627.81,2632.74,2627.07,2631.38,12588.0
2024-11-27 01:00:00,2631.39,2640.55,2631.14,2637.59,10983.0
2024-11-27 02:00:00,2637.61,2639.45,2635.98,2637.85,7294.0
2024-11-27 03:00:00,2637.84,2640.6,2636.77,2638.98,4892.0
2024-11-27 04:00:00,2639.0,2645.76,2638.28,2642.03,8284.0
2024-11-27 05:00:00,2642.08,2648.01,2639.04,2647.8,10550.0
2024-11-27 06:00:00,2647.78,2648.53,2645.86,2646.64,7964.0
2024-11-27 07:00:00,2646.63,2653.68,2645.29,2653.5,11771.0
2024-11-27 08:00:00,2653.49,2653.8,2647.96,2648.46,7768.0
2024-11-27 09:00:00,2648.45,2649.97,2647.71,2648.63,7743.0
2024-11-27 10:00:00,2648.7,2652.33,2643.3,2651.1,8653.0
2024-11-27 11:00:00,2651.1,2655.09,2649.56,2651.33,9704.0
2024-11-27 12:00:00,2651.36,2658.25,2645.87,2656.32,17302.0
2024-11-27 13:00:00,2656.34,2656.89,2649.13,2651.39,15387.0
2024-11-27 14:00:00,2651.46,2651.59,2635.52,2642.75,19406.0
2024-11-27 15:00:00,2642.75,2644.34,2638.13,2639.06,12719.0
2024-11-27 16:00:00,2639.05,2642.83,2635.28,2637.28,8832.0
2024-11-27 17:00:00,2637.28,2640.78,2636.57,2638.92,5673.0
2024-11-27 18:00:00,2638.91,2639.41,2633.82,2634.8,4792.0
2024-11-27 19:00:00,2634.78,2639.05,2634.25,2637.08,4781.0
2024-11-27 20:00:00,2637.09,2637.59,2634.86,2635.95,2126.0
2024-11-27 22:00:00,2637.8,2638.04,2636.25,2637.11,1647.0
2024-11-27 23:00:00,2637.12,2638.44,2635.16,2635.72,3467.0
2024-11-28 00:00:00,2635.73,2636.31,2620.95,2628.87,17458.0
2024-11-28 01:00:00,2628.88,2630.22,2625.69,2628.25,8688.0
2024-11-28 02:00:00,2628.21,2632.15,2625.71,2630.33,6120.0
2024-11-28 03:00:00,2630.34,2634.01,2629.43,2631.31,4004.0
2024-11-28 04:00:00,2631.33,2634.03,2630.21,2633.5,6902.0
2024-11-28 05:00:00,2633.5,2639.61,2631.9,2636.82,8509.0
2024-11-28 06:00:00,2636.82,2639.31,2634.55,2637.33,5812.0
2024-11-28 07:00:00,2637.3,2646.36,2635.75,2644.12,8301.0
2024-11-28 08:00:00,2644.16,2647.92,2642.88,2646.2,8111.0
2024-11-28 09:00:00,2646.22,2649.73,2644.89,2647.52,5332.0
2024-11-28 10:00:00,2647.52,2649.5,2644.93,2646.89,4668.0
2024-11-28 11:00:00,2646.89,2647.28,2643.9,2646.1,5076.0
2024-11-28 12:00:00,2646.08,2647.81,2642.79,2647.06,12739.0
2024-11-28 13:00:00,2647.07,2647.96,2640.87,2641.31,8476.0
2024-11-28 14:00:00,2641.34,2643.12,2636.3,2638.2,9030.0
2024-11-28 15:00:00,2638.19,2642.54,2637.59,2642.08,4765.0
2024-11-28 16:00:00,2642.08,2642.34,2639.63,2640.93,2405.0
2024-11-28 17:00:00,2640.91,2641.41,2639.61,2640.0,1240.0
2024-11-28 18:00:00,2639.99,2640.1,2637.47,2637.84,1375.0
2024-11-28 22:00:00,2637.56,2639.4,2637.24,2638.81,2004.0
2024-11-28 23:00:00,2638.79,2639.2,2635.65,2636.08,4664.0
2024-11-29 00:00:00,2636.07,2647.2,2634.05,2644.96,14807.0
2024-11-29 01:00:00,2644.93,2662.74,2644.76,2657.47,13254.0
2024-11-29 02:00:00,2657.48,2660.56,2654.88,2659.98,8454.0
2024-11-29 03:00:00,2659.99,2664.19,2658.41,2659.97,6771.0
2024-11-29 04:00:00,2659.95,2664.06,2659.48,2662.46,8365.0
2024-11-29 05:00:00,2662.46,2666.26,2661.76,2665.32,10617.0
2024-11-29 06:00:00,2665.32,2665.6,2659.12,2660.62,9494.0
2024-11-29 07:00:00,2660.62,2662.63,2654.63,2657.31,9562.0
2024-11-29 08:00:00,2657.3,2664.78,2655.93,2664.2,8838.0
2024-11-29 09:00:00,2664.22,2665.88,2661.37,2662.81,7538.0
2024-11-29 10:00:00,2662.78,2664.39,2659.5,2659.63,7239.0
2024-11-29 11:00:00,2659.63,2665.03,2659.05,2659.93,8936.0
2024-11-29 12:00:00,2660.1,2663.27,2656.17,2658.08,15317.0
2024-11-29 13:00:00,2658.07,2662.76,2651.95,2653.54,15564.0
2024-11-29 14:00:00,2653.52,2658.99,2650.64,2658.99,14964.0
2024-11-29 15:00:00,2658.99,2662.35,2658.01,2662.25,13149.0
2024-11-29 16:00:00,2662.25,2662.31,2657.55,2660.56,9637.0
2024-11-29 17:00:00,2660.58,2660.62,2651.79,2652.75,6842.0
2024-11-29 18:00:00,2652.69,2653.1,2648.64,2650.39,3401.0
2024-12-01 22:00:00,2652.29,2654.93,2643.14,2645.79,5493.0
2024-12-01 23:00:00,2645.94,2647.7,2630.25,2637.53,8417.0
2024-12-02 00:00:00,2637.51,2639.16,2622.93,2635.94,17763.0
2024-12-02 01:00:00,2635.93,2638.07,2625.57,2626.78,13204.0
2024-12-02 02:00:00,2626.74,2631.15,2624.14,2629.42,9741.0
2024-12-02 03:00:00,2629.39,2630.6,2626.23,2628.67,6183.0
2024-12-02 04:00:00,2628.66,2628.79,2621.94,2623.25,10401.0
2024-12-02 05:00:00,2623.24,2627.74,2621.98,2625.96,11067.0
2024-12-02 06:00:00,2625.96,2633.65,2625.29,2629.92,10482.0
2024-12-02 07:00:00,2629.63,2632.83,2626.66,2629.52,11394.0
2024-12-02 08:00:00,2629.54,2636.9,2628.59,2633.67,9413.0
2024-12-02 09:00:00,2633.66,2637.77,2633.32,2635.92,8382.0
2024-12-02 10:00:00,2635.92,2646.29,2635.77,2641.92,10825.0
2024-12-02 11:00:00,2641.92,2645.19,2639.19,2641.05,10093.0
2024-12-02 12:00:00,2641.04,2648.86,2637.07,2647.03,16775.0
2024-12-02 13:00:00,2647.02,2651.87,2642.58,2645.79,16887.0
2024-12-02 14:00:00,2645.35,2649.34,2640.29,2642.36,19126.0
2024-12-02 15:00:00,2642.36,2644.41,2638.63,2641.36,13975.0
2024-12-02 16:00:00,2641.36,2642.07,2637.43,2638.85,8726.0
2024-12-02 17:00:00,2638.86,2638.96,2633.55,2637.08,8154.0
2024-12-02 18:00:00,2637.08,2640.28,2636.6,2637.64,5864.0
2024-12-02 19:00:00,2637.64,2644.25,2635.33,2637.13,8153.0
2024-12-02 20:00:00,2637.13,2639.06,2636.55,2638.62,2054.0
2024-12-02 22:00:00,2638.76,2642.96,2638.62,2642.27,2198.0
2024-12-02 23:00:00,2642.27,2644.38,2640.56,2641.14,4307.0
2024-12-03 00:00:00,2641.13,2645.25,2634.12,2636.58,15627.0
2024-12-03 01:00:00,2636.58,2639.12,2634.51,2637.11,12097.0
2024-12-03 02:00:00,2637.06,2640.69,2636.23,2640.56,8402.0
2024-12-03 03:00:00,2640.55,2643.02,2638.44,2639.9,5300.0
2024-12-03 04:00:00,2639.89,2641.96,2637.22,2641.23,7870.0
2024-12-03 05:00:00,2641.26,2650.07,2641.26,2646.92,12745.0
2024-12-03 06:00:00,2646.92,2647.79,2644.46,2644.67,7913.0
2024-12-03 07:00:00,2644.69,2645.42,2639.3,2645.12,11377.0
2024-12-03 08:00:00,2645.13,2648.11,2643.99,2644.06,10246.0
2024-12-03 09:00:00,2644.05,2645.58,2642.6,2642.87,7032.0
2024-12-03 10:00:00,2642.87,2645.69,2642.78,2643.67,6058.0
2024-12-03 11:00:00,2643.67,2644.21,2638.31,2639.9,7985.0
2024-12-03 12:00:00,2639.91,2653.74,2637.78,2652.9,15863.0
2024-12-03 13:00:00,2652.9,2655.66,2645.77,2646.74,17807.0
2024-12-03 14:00:00,2646.82,2647.31,2635.19,2640.49,18276.0
2024-12-03 15:00:00,2640.48,2648.72,2638.94,2648.41,11827.0
2024-12-03 16:00:00,2648.41,2648.85,2643.46,2647.04,8483.0
2024-12-03 17:00:00,2647.04,2649.16,2643.24,2645.79,6815.0
2024-12-03 18:00:00,2645.8,2646.31,2640.24,2640.98,6085.0
2024-12-03 19:00:00,2640.97,2644.23,2640.74,2642.19,4115.0
2024-12-03 20:00:00,2642.16,2644.04,2641.96,2643.5,1837.0
2024-12-03 22:00:00,2643.29,2643.3,2641.16,2642.85,2615.0
2024-12-03 23:00:00,2642.85,2643.59,2639.6,2640.55,3663.0
2024-12-04 00:00:00,2640.56,2643.28,2637.72,2642.22,12571.0
2024-12-04 01:00:00,2642.06,2648.12,2641.93,2645.88,10476.0
2024-12-04 02:00:00,2645.88,2647.9,2643.23,2644.5,7903.0
2024-12-04 03:00:00,2644.5,2648.67,2643.8,2648.46,4859.0
2024-12-04 04:00:00,2648.46,2651.23,2647.58,2649.77,7498.0
2024-12-04 05:00:00,2649.79,2651.4,2647.44,2649.32,9383.0
2024-12-04 06:00:00,2649.32,2649.35,2640.42,2641.57,8785.0
2024-12-04 07:00:00,2641.51,2642.25,2636.72,2641.35,10143.0
2024-12-04 08:00:00,2641.36,2642.82,2638.64,2641.04,8958.0
2024-12-04 09:00:00,2641.04,2644.57,2640.26,2644.42,8022.0
2024-12-04 10:00:00,2644.43,2647.78,2643.5,2646.21,8013.0
2024-12-04 11:00:00,2646.21,2646.57,2636.25,2637.06,9621.0
2024-12-04 12:00:00,2637.06,2649.24,2632.46,2648.44,16250.0
2024-12-04 13:00:00,2648.44,2653.45,2645.1,2649.22,15807.0
2024-12-04 14:00:00,2648.7,2657.21,2648.7,2655.12,17578.0
2024-12-04 15:00:00,2655.12,2655.55,2647.03,2649.8,11930.0
2024-12-04 16:00:00,2649.8,2653.04,2648.56,2651.47,7128.0
2024-12-04 17:00:00,2651.48,2653.06,2648.84,2649.04,7392.0
2024-12-04 18:00:00,2649.09,2655.51,2646.87,2651.77,9166.0
2024-12-04 19:00:00,2651.74,2651.99,2648.07,2650.08,7093.0
2024-12-04 20:00:00,2650.12,2651.26,2648.87,2649.88,2002.0
2024-12-04 22:00:00,2649.6,2651.57,2647.74,2650.38,2012.0
2024-12-04 23:00:00,2650.38,2650.41,2647.74,2648.36,3359.0
2024-12-05 00:00:00,2648.38,2650.74,2646.2,2647.06,9342.0
2024-12-05 01:00:00,2647.07,2649.69,2645.31,2646.61,6925.0
2024-12-05 02:00:00,2646.6,2649.3,2644.76,2648.87,5063.0
2024-12-05 03:00:00,2648.88,2649.62,2645.78,2646.28,3334.0
2024-12-05 04:00:00,2646.27,2655.54,2645.56,2653.15,7336.0
2024-12-05 05:00:00,2653.1,2654.12,2646.65,2646.98,8438.0
2024-12-05 06:00:00,2646.98,2650.9,2645.53,2648.87,7755.0
2024-12-05 07:00:00,2648.76,2650.24,2642.07,2643.24,8976.0
2024-12-05 08:00:00,2643.22,2646.23,2641.95,2644.86,7096.0
2024-12-05 09:00:00,2644.84,2650.39,2644.75,2648.91,7984.0
2024-12-05 10:00:00,2648.9,2652.67,2648.19,2651.44,5242.0
2024-12-05 11:00:00,2651.44,2653.44,2647.56,2653.33,6965.0
2024-12-05 12:00:00,2653.38,2654.55,2644.35,2649.01,15729.0
2024-12-05 13:00:00,2648.98,2650.29,2639.6,2640.32,16531.0
2024-12-05 14:00:00,2640.39,2642.06,2631.95,2640.26,16219.0
2024-12-05 15:00:00,2640.26,2643.39,2632.94,2635.17,12215.0
2024-12-05 16:00:00,2635.17,2635.88,2623.74,2628.08,11873.0
2024-12-05 17:00:00,2628.07,2629.74,2623.6,2629.65,8194.0
2024-12-05 18:00:00,2629.66,2631.69,2628.65,2629.85,6195.0
2024-12-05 19:00:00,2629.84,2631.75,2628.0,2631.34,5024.0
2024-12-05 20:00:00,2631.35,2632.38,2631.09,2631.66,1842.0
2024-12-05 22:00:00,2631.62,2633.91,2631.53,2633.84,2303.0
2024-12-05 23:00:00,2633.84,2633.84,2628.22,2628.53,3484.0
2024-12-06 00:00:00,2628.5,2630.5,2613.42,2617.58,15303.0
2024-12-06 01:00:00,2617.59,2625.55,2616.96,2625.4,9454.0
2024-12-06 02:00:00,2625.41,2642.6,2624.96,2640.87,10181.0
2024-12-06 03:00:00,2640.86,2644.58,2640.27,2642.31,5303.0
2024-12-06 04:00:00,2642.3,2642.72,2635.37,2637.95,7336.0
2024-12-06 05:00:00,2637.96,2642.24,2636.38,2639.45,8362.0
2024-12-06 06:00:00,2639.45,2640.15,2636.14,2639.75,7277.0
2024-12-06 07:00:00,2639.74,2645.16,2637.86,2644.2,8974.0
2024-12-06 08:00:00,2644.19,2645.63,2639.8,2640.81,8613.0
2024-12-06 09:00:00,2640.8,2641.01,2633.61,2634.15,8260.0
2024-12-06 10:00:00,2634.14,2639.3,2632.54,2638.52,6104.0
2024-12-06 11:00:00,2638.52,2641.53,2635.76,2638.58,10233.0
2024-12-06 12:00:00,2638.52,2643.51,2631.41,2635.78,19095.0
2024-12-06 13:00:00,2635.78,2638.98,2624.12,2635.6,22424.0
2024-12-06 14:00:00,2635.62,2640.68,2632.64,2637.64,18429.0
2024-12-06 15:00:00,2637.66,2641.67,2635.62,2640.48,11375.0
2024-12-06 16:00:00,2640.45,2640.66,2634.25,2634.98,9227.0
2024-12-06 17:00:00,2634.92,2639.04,2634.14,2637.26,7210.0
2024-12-06 18:00:00,2637.26,2637.45,2633.02,2634.88,5845.0
2024-12-06 19:00:00,2634.91,2636.43,2631.55,2631.95,4972.0
2024-12-06 20:00:00,2631.93,2633.88,2631.22,2632.67,2073.0
2024-12-08 22:00:00,2644.77,2648.35,2636.42,2640.16,6787.0
2024-12-08 23:00:00,2640.16,2640.16,2627.55,2631.01,7681.0
2024-12-09 00:00:00,2631.02,2650.59,2630.92,2646.73,14404.0
2024-12-09 01:00:00,2646.73,2648.6,2640.99,2646.17,9525.0
2024-12-09 02:00:00,2646.16,2646.68,2638.24,2638.8,8267.0
2024-12-09 03:00:00,2638.8,2639.24,2634.78,2636.09,6369.0
2024-12-09 04:00:00,2636.11,2640.49,2635.91,2638.36,6808.0
2024-12-09 05:00:00,2638.36,2644.57,2638.2,2643.91,9082.0
2024-12-09 06:00:00,2643.91,2651.24,2643.06,2650.56,10610.0
2024-12-09 07:00:00,2650.57,2651.1,2646.12,2649.42,9694.0
2024-12-09 08:00:00,2649.42,2657.45,2648.83,2655.65,9236.0
2024-12-09 09:00:00,2655.71,2658.36,2653.51,2657.54,7987.0
2024-12-09 10:00:00,2657.6,2660.46,2653.48,2656.35,8590.0
2024-12-09 11:00:00,2656.31,2658.27,2653.3,2656.26,8159.0
2024-12-09 12:00:00,2656.29,2666.25,2654.77,2665.51,16475.0
2024-12-09 13:00:00,2665.58,2675.3,2662.84,2674.12,17064.0
2024-12-09 14:00:00,2674.19,2676.51,2666.72,2668.4,16830.0
2024-12-09 15:00:00,2668.4,2670.61,2665.69,2667.7,12218.0
2024-12-09 16:00:00,2667.7,2669.42,2663.74,2664.54,8079.0
2024-12-09 17:00:00,2664.6,2664.69,2661.73,2663.03,7736.0
2024-12-09 18:00:00,2663.07,2663.31,2658.96,2660.19,6354.0
2024-12-09 19:00:00,2660.24,2660.26,2656.79,2657.93,5022.0
2024-12-09 20:00:00,2657.92,2660.93,2657.9,2660.18,2817.0
2024-12-09 22:00:00,2660.72,2661.64,2659.58,2660.56,2107.0
2024-12-09 23:00:00,2660.56,2665.54,2657.96,2665.04,4107.0
2024-12-10 00:00:00,2665.04,2668.69,2660.6,2667.42,12410.0
2024-12-10 01:00:00,2667.43,2671.48,2666.14,2669.08,10734.0
2024-12-10 02:00:00,2669.06,2671.79,2665.52,2669.96,9644.0
2024-12-10 03:00:00,2669.98,2673.82,2669.7,2670.4,6064.0
2024-12-10 04:00:00,2670.43,2671.66,2668.22,2668.83,8670.0
2024-12-10 05:00:00,2668.83,2670.93,2665.71,2670.05,8802.0
2024-12-10 06:00:00,2670.05,2670.84,2663.66,2664.72,6968.0
2024-12-10 07:00:00,2664.72,2665.68,2661.22,2663.26,8833.0
2024-12-10 08:00:00,2663.28,2666.91,2661.68,2665.09,8630.0
2024-12-10 09:00:00,2665.13,2676.78,2664.45,2675.64,9887.0
2024-12-10 10:00:00,2675.64,2675.66,2669.82,2674.58,9791.0
2024-12-10 11:00:00,2674.59,2679.34,2672.8,2677.77,10628.0
2024-12-10 12:00:00,2677.78,2682.07,2672.31,2680.42,13844.0
2024-12-10 13:00:00,2680.43,2691.7,2679.53,2688.87,15455.0
2024-12-10 14:00:00,2688.81,2690.46,2684.57,2687.33,14872.0
2024-12-10 15:00:00,2687.34,2692.53,2684.66,2692.34,11419.0
2024-12-10 16:00:00,2692.34,2695.59,2690.53,2694.35,6775.0
2024-12-10 17:00:00,2694.34,2695.19,2691.94,2692.38,6320.0
2024-12-10 18:00:00,2692.38,2694.57,2691.11,2691.97,4301.0
2024-12-10 19:00:00,2691.96,2693.15,2690.96,2691.75,4552.0
2024-12-10 20:00:00,2691.88,2694.34,2691.65,2693.8,2224.0
2024-12-10 22:00:00,2694.07,2698.46,2693.57,2696.07,3530.0
2024-12-10 23:00:00,2696.07,2701.84,2693.53,2700.98,6145.0
2024-12-11 00:00:00,2700.95,2703.58,2696.5,2699.84,12765.0
2024-12-11 01:00:00,2699.83,2704.41,2698.3,2699.14,8890.0
2024-12-11 02:00:00,2699.13,2702.21,2693.92,2695.48,9527.0
2024-12-11 03:00:00,2695.48,2696.43,2682.62,2684.86,7933.0
2024-12-11 04:00:00,2684.85,2694.9,2675.7,2687.81,11273.0
2024-12-11 05:00:00,2687.81,2698.1,2687.46,2696.52,8746.0
2024-12-11 06:00:00,2696.52,2696.68,2688.22,2690.32,9657.0
2024-12-11 07:00:00,2690.3,2696.27,2688.77,2691.35,11707.0
2024-12-11 08:00:00,2691.37,2696.01,2686.53,2695.8,11876.0
2024-12-11 09:00:00,2695.83,2699.9,2692.4,2694.35,8259.0
2024-12-11 10:00:00,2694.32,2697.66,2692.61,2696.49,7106.0
2024-12-11 11:00:00,2696.49,2697.47,2693.75,2695.77,7864.0
2024-12-11 12:00:00,2695.79,2702.15,2690.77,2700.97,15225.0
2024-12-11 13:00:00,2700.98,2706.92,2696.59,2706.32,16431.0
2024-12-11 14:00:00,2706.35,2715.96,2705.58,2713.24,18285.0
2024-12-11 15:00:00,2713.25,2718.58,2711.08,2715.39,12286.0
2024-12-11 16:00:00,2715.39,2720.04,2714.02,2718.08,7916.0
2024-12-11 17:00:00,2718.1,2721.18,2713.96,2714.22,8571.0
2024-12-11 18:00:00,2714.22,2719.71,2713.34,2718.06,9934.0
2024-12-11 19:00:00,2718.07,2720.13,2716.07,2717.23,5900.0
2024-12-11 20:00:00,2717.26,2718.8,2716.07,2717.95,2234.0
2024-12-11 22:00:00,2717.54,2720.41,2716.98,2720.07,2267.0
2024-12-11 23:00:00,2720.07,2724.64,2718.82,2724.43,3852.0
2024-12-12 00:00:00,2724.33,2726.16,2700.7,2711.04,11083.0
2024-12-12 01:00:00,2711.01,2711.54,2703.66,2705.97,6914.0
2024-12-12 02:00:00,2706.04,2711.49,2705.19,2710.43,6257.0
2024-12-12 03:00:00,2710.47,2715.23,2709.84,2712.62,5546.0
2024-12-12 04:00:00,2712.62,2716.28,2711.46,2713.53,6143.0
2024-12-12 05:00:00,2713.54,2718.48,2709.98,2718.4,6490.0
2024-12-12 06:00:00,2718.41,2720.46,2715.39,2716.31,5757.0
2024-12-12 07:00:00,2716.3,2719.54,2714.9,2718.08,8064.0
2024-12-12 08:00:00,2718.16,2718.94,2714.16,2714.68,9713.0
2024-12-12 09:00:00,2714.67,2715.72,2709.87,2711.55,8325.0
2024-12-12 10:00:00,2711.61,2713.53,2707.36,2710.83,9416.0
2024-12-12 11:00:00,2710.83,2712.54,2706.08,2706.76,7696.0
2024-12-12 12:00:00,2706.85,2711.4,2697.42,2697.61,15605.0
2024-12-12 13:00:00,2697.66,2699.64,2680.94,2686.59,21235.0
2024-12-12 14:00:00,2686.54,2688.22,2675.16,2679.71,19727.0
2024-12-12 15:00:00,2679.7,2683.84,2677.49,2683.52,12617.0
2024-12-12 16:00:00,2683.52,2686.69,2681.58,2686.42,10205.0
2024-12-12 17:00:00,2686.42,2687.22,2682.94,2684.28,8861.0
2024-12-12 18:00:00,2684.27,2686.86,2682.52,2683.04,6114.0
2024-12-12 19:00:00,2683.06,2683.56,2679.44,2679.73,7204.0
2024-12-12 20:00:00,2679.71,2682.94,2679.7,2680.55,2787.0
2024-12-12 22:00:00,2680.96,2681.68,2679.74,2680.74,1563.0
2024-12-12 23:00:00,2680.76,2685.59,2679.02,2685.47,4339.0
2024-12-13 00:00:00,2685.47,2692.69,2685.25,2689.78,13075.0
2024-12-13 01:00:00,2689.78,2691.29,2684.28,2686.67,11216.0
2024-12-13 02:00:00,2686.66,2691.35,2686.15,2688.2,7335.0
2024-12-13 03:00:00,2688.18,2688.7,2685.55,2687.4,5364.0
2024-12-13 04:00:00,2687.41,2689.52,2685.17,2688.34,7244.0
2024-12-13 05:00:00,2688.36,2690.54,2683.37,2689.71,8975.0
2024-12-13 06:00:00,2689.71,2690.16,2681.12,2683.32,8102.0
2024-12-13 07:00:00,2683.32,2684.8,2674.49,2675.01,10090.0
2024-12-13 08:00:00,2674.89,2676.94,2667.52,2669.08,11105.0
2024-12-13 09:00:00,2669.06,2670.23,2665.18,2666.67,8638.0
2024-12-13 10:00:00,2666.68,2669.42,2664.39,2665.05,8196.0
2024-12-13 11:00:00,2665.05,2672.82,2663.03,2672.6,9304.0
2024-12-13 12:00:00,2672.63,2673.02,2659.62,2662.24,15483.0
2024-12-13 13:00:00,2662.26,2664.05,2657.43,2660.3,15071.0
2024-12-13 14:00:00,2660.29,2662.76,2654.8,2659.97,15270.0
2024-12-13 15:00:00,2659.92,2664.56,2658.91,2662.18,11131.0
2024-12-13 16:00:00,2662.24,2662.33,2655.63,2656.3,9103.0
2024-12-13 17:00:00,2656.28,2657.04,2652.27,2654.26,8604.0
2024-12-13 18:00:00,2654.27,2655.28,2652.34,2652.98,6085.0
2024-12-13 19:00:00,2652.98,2653.49,2646.52,2647.88,8156.0
2024-12-13 20:00:00,2647.94,2649.95,2646.16,2648.8,3927.0
2024-12-15 22:00:00,2652.63,2652.97,2648.63,2651.5,3422.0
2024-12-15 23:00:00,2651.5,2651.68,2643.53,2647.1,4777.0
2024-12-16 00:00:00,2647.1,2655.61,2646.7,2653.49,10129.0
2024-12-16 01:00:00,2653.48,2654.79,2650.49,2651.97,8245.0
2024-12-16 02:00:00,2651.96,2655.62,2651.67,2653.85,6574.0
2024-12-16 03:00:00,2653.85,2654.52,2652.01,2652.81,3712.0
2024-12-16 04:00:00,2652.8,2653.46,2649.5,2652.87,6971.0
2024-12-16 05:00:00,2652.88,2654.81,2652.11,2653.67,5566.0
2024-12-16 06:00:00,2653.67,2655.81,2651.65,2653.72,6004.0
2024-12-16 07:00:00,2653.76,2662.06,2652.35,2658.06,8615.0
2024-12-16 08:00:00,2658.02,2660.06,2655.78,2658.2,6803.0
2024-12-16 09:00:00,2658.15,2661.09,2658.05,2658.88,6212.0
2024-12-16 10:00:00,2658.93,2664.07,2657.81,2663.56,7030.0
2024-12-16 11:00:00,2663.56,2664.42,2657.44,2660.06,6423.0
2024-12-16 12:00:00,2660.05,2664.22,2658.98,2661.92,11399.0
2024-12-16 13:00:00,2662.09,2663.04,2654.2,2654.87,13433.0
2024-12-16 14:00:00,2654.89,2656.92,2650.9,2654.46,12850.0
2024-12-16 15:00:00,2654.46,2655.78,2648.58,2652.18,9696.0
2024-12-16 16:00:00,2652.18,2655.33,2651.84,2652.18,6584.0
2024-12-16 17:00:00,2652.16,2655.62,2651.33,2655.36,5738.0
2024-12-16 18:00:00,2655.38,2655.78,2652.16,2653.28,4430.0
2024-12-16 19:00:00,2653.28,2653.56,2651.93,2652.73,5086.0
2024-12-16 20:00:00,2652.74,2653.1,2651.51,2652.62,1760.0
2024-12-16 22:00:00,2652.74,2652.95,2651.59,2651.71,1592.0
2024-12-16 23:00:00,2651.71,2655.42,2651.1,2655.2,3324.0
2024-12-17 00:00:00,2655.2,2658.65,2654.32,2658.08,8283.0
2024-12-17 01:00:00,2658.07,2658.64,2653.95,2654.92,6617.0
2024-12-17 02:00:00,2654.92,2656.21,2651.3,2653.63,5861.0
2024-12-17 03:00:00,2653.61,2655.31,2650.92,2651.71,4040.0
2024-12-17 04:00:00,2651.71,2654.76,2649.16,2653.65,7420.0
2024-12-17 05:00:00,2653.68,2654.53,2646.38,2648.93,8539.0
2024-12-17 06:00:00,2648.93,2657.04,2648.27,2653.75,8128.0
2024-12-17 07:00:00,2653.76,2653.76,2641.73,2644.29,10212.0
2024-12-17 08:00:00,2644.29,2646.23,2638.05,2639.87,11049.0
2024-12-17 09:00:00,2639.84,2643.25,2638.14,2638.18,8439.0
2024-12-17 10:00:00,2638.19,2642.43,2636.2,2642.16,7456.0
2024-12-17 11:00:00,2642.17,2645.52,2640.81,2642.88,8599.0
2024-12-17 12:00:00,2642.86,2646.89,2634.87,2637.07,14907.0
2024-12-17 13:00:00,2637.07,2642.0,2633.12,2636.72,15754.0
2024-12-17 14:00:00,2636.77,2642.97,2636.03,2640.14,13408.0
2024-12-17 15:00:00,2640.13,2641.46,2636.8,2638.86,10101.0
2024-12-17 16:00:00,2638.86,2647.02,2637.94,2645.94,7793.0
2024-12-17 17:00:00,2645.92,2649.06,2644.98,2647.27,6529.0
2024-12-17 18:00:00,2647.26,2648.2,2645.2,2645.34,4699.0
2024-12-17 19:00:00,2645.42,2646.97,2643.08,2643.6,5167.0
2024-12-17 20:00:00,2643.6,2646.41,2643.56,2646.4,2199.0
2024-12-17 22:00:00,2646.5,2647.66,2644.92,2647.47,1798.0
2024-12-17 23:00:00,2647.47,2650.32,2646.58,2650.03,3773.0
2024-12-18 00:00:00,2650.02,2651.69,2648.08,2650.92,9339.0
2024-12-18 01:00:00,2650.92,2651.03,2646.98,2647.43,7451.0
2024-12-18 02:00:00,2647.43,2648.94,2645.34,2645.75,6788.0
2024-12-18 03:00:00,2645.75,2645.9,2642.72,2645.12,5797.0
2024-12-18 04:00:00,2645.05,2649.4,2643.93,2647.49,7118.0
2024-12-18 05:00:00,2647.49,2647.97,2644.57,2646.79,8059.0
2024-12-18 06:00:00,2646.79,2647.48,2643.34,2644.68,6677.0
2024-12-18 07:00:00,2644.53,2649.61,2642.06,2648.0,9451.0
2024-12-18 08:00:00,2647.96,2649.22,2645.44,2646.81,7695.0
2024-12-18 09:00:00,2646.81,2649.49,2646.15,2648.56,5077.0
2024-12-18 10:00:00,2648.57,2649.48,2645.96,2646.34,5735.0
2024-12-18 11:00:00,2646.34,2647.77,2643.54,2644.13,5641.0
2024-12-18 12:00:00,2644.12,2647.52,2641.18,2644.07,12918.0
2024-12-18 13:00:00,2644.08,2644.92,2637.04,2638.0,14283.0
2024-12-18 14:00:00,2638.01,2638.44,2633.86,2638.25,12119.0
2024-12-18 15:00:00,2638.23,2639.51,2633.14,2634.83,9887.0
2024-12-18 16:00:00,2634.83,2640.03,2634.73,2636.0,8331.0
2024-12-18 17:00:00,2636.01,2638.96,2635.31,2636.78,6701.0
2024-12-18 18:00:00,2636.78,2636.94,2604.08,2604.58,23142.0
2024-12-18 19:00:00,2604.66,2609.38,2587.26,2592.51,20661.0
2024-12-18 20:00:00,2592.64,2595.62,2583.62,2585.31,8457.0
2024-12-18 22:00:00,2585.44,2592.3,2582.92,2588.02,4629.0
2024-12-18 23:00:00,2588.02,2597.18,2587.83,2595.25,6805.0
2024-12-19 00:00:00,2595.28,2618.0,2593.34,2611.9,14478.0
2024-12-19 01:00:00,2611.86,2613.92,2606.29,2612.02,9703.0
2024-12-19 02:00:00,2612.01,2613.27,2607.64,2610.34,6746.0
2024-12-19 03:00:00,2610.34,2611.53,2607.04,2609.32,4462.0
2024-12-19 04:00:00,2609.27,2610.47,2606.5,2607.22,5136.0
2024-12-19 05:00:00,2607.18,2614.16,2603.37,2612.98,7806.0
2024-12-19 06:00:00,2612.98,2622.6,2611.86,2616.58,9953.0
2024-12-19 07:00:00,2616.59,2619.16,2613.27,2618.49,8956.0
2024-12-19 08:00:00,2618.48,2622.86,2618.48,2620.44,10693.0
2024-12-19 09:00:00,2620.45,2626.4,2617.38,2619.58,9783.0
2024-12-19 10:00:00,2619.57,2622.02,2616.18,2616.85,8056.0
2024-12-19 11:00:00,2616.85,2616.85,2604.42,2606.25,11489.0
2024-12-19 12:00:00,2606.27,2606.27,2595.34,2596.45,18720.0
2024-12-19 13:00:00,2596.44,2600.84,2591.99,2592.54,18392.0
2024-12-19 14:00:00,2592.41,2595.9,2587.02,2588.5,18716.0
2024-12-19 15:00:00,2588.49,2596.61,2587.25,2591.8,13523.0
2024-12-19 16:00:00,2591.79,2594.24,2590.78,2592.72,9543.0
2024-12-19 17:00:00,2592.73,2599.98,2591.87,2599.76,10378.0
2024-12-19 18:00:00,2599.78,2601.06,2596.72,2596.79,7239.0
2024-12-19 19:00:00,2596.81,2600.34,2596.54,2596.77,8746.0
2024-12-19 20:00:00,2596.79,2597.05,2593.24,2594.39,2229.0
2024-12-19 22:00:00,2594.36,2595.82,2592.33,2593.58,2139.0
2024-12-19 23:00:00,2593.55,2595.36,2590.48,2590.82,3833.0
2024-12-20 00:00:00,2590.82,2603.8,2589.62,2603.74,12745.0
2024-12-20 01:00:00,2603.73,2603.95,2595.61,2597.14,9929.0
2024-12-20 02:00:00,2597.14,2599.05,2595.81,2598.52,5577.0
2024-12-20 03:00:00,2598.52,2601.05,2597.49,2598.05,4173.0
2024-12-20 04:00:00,2598.05,2601.31,2596.5,2600.43,5649.0
2024-12-20 05:00:00,2600.44,2605.36,2598.96,2604.83,7340.0
2024-12-20 06:00:00,2604.83,2607.52,2602.52,2606.37,7525.0
2024-12-20 07:00:00,2606.39,2607.7,2604.34,2605.48,9556.0
2024-12-20 08:00:00,2605.48,2606.64,2603.2,2605.04,8745.0
2024-12-20 09:00:00,2605.04,2606.91,2604.09,2604.29,6977.0
2024-12-20 10:00:00,2604.28,2604.83,2600.21,2603.71,8095.0
2024-12-20 11:00:00,2603.71,2606.24,2602.24,2603.65,7869.0
2024-12-20 12:00:00,2603.64,2614.12,2600.22,2609.61,14257.0
2024-12-20 13:00:00,2609.62,2618.39,2608.54,2617.17,15750.0
2024-12-20 14:00:00,2617.3,2631.18,2616.36,2630.4,17737.0
2024-12-20 15:00:00,2630.42,2632.06,2622.42,2625.13,13223.0
2024-12-20 16:00:00,2625.13,2627.5,2622.2,2625.67,10282.0
2024-12-20 17:00:00,2625.67,2627.38,2623.46,2626.21,9331.0
2024-12-20 18:00:00,2626.2,2629.34,2625.1,2627.9,6737.0
2024-12-20 19:00:00,2627.87,2628.08,2622.27,2622.81,8012.0
2024-12-20 20:00:00,2622.8,2624.15,2619.36,2623.03,3028.0
2024-12-22 22:00:00,2621.51,2626.27,2619.85,2624.2,3433.0
2024-12-22 23:00:00,2624.33,2625.19,2617.38,2621.68,4887.0
2024-12-23 00:00:00,2621.65,2624.09,2618.44,2620.81,10052.0
2024-12-23 01:00:00,2620.74,2627.46,2620.55,2625.85,6888.0
2024-12-23 02:00:00,2625.84,2626.99,2622.4,2624.1,5601.0
2024-12-23 03:00:00,2624.1,2626.42,2623.93,2625.46,3362.0
2024-12-23 04:00:00,2625.45,2629.22,2624.97,2626.84,5287.0
2024-12-23 05:00:00,2626.83,2632.97,2624.63,2631.64,7435.0
2024-12-23 06:00:00,2631.64,2633.41,2629.52,2630.35,6501.0
2024-12-23 07:00:00,2630.34,2632.12,2626.12,2630.0,7477.0
2024-12-23 08:00:00,2629.99,2630.8,2626.0,2626.32,6311.0
2024-12-23 09:00:00,2626.31,2626.93,2619.09,2619.46,8196.0
2024-12-23 10:00:00,2619.44,2620.09,2613.14,2616.28,7195.0
2024-12-23 11:00:00,2616.28,2618.74,2614.12,2615.1,6870.0
2024-12-23 12:00:00,2615.08,2619.94,2614.0,2617.49,10497.0
2024-12-23 13:00:00,2617.48,2619.9,2613.76,2615.74,10999.0
2024-12-23 14:00:00,2615.72,2616.68,2609.41,2609.84,14439.0
2024-12-23 15:00:00,2609.85,2616.12,2608.16,2615.92,10120.0
2024-12-23 16:00:00,2615.92,2616.64,2610.73,2611.26,8251.0
2024-12-23 17:00:00,2611.22,2612.71,2609.97,2610.49,6720.0
2024-12-23 18:00:00,2610.51,2612.64,2609.76,2611.24,4134.0
2024-12-23 19:00:00,2611.23,2612.69,2609.18,2611.0,4524.0
2024-12-23 20:00:00,2611.1,2613.61,2610.3,2612.77,1363.0
2024-12-23 22:00:00,2613.02,2617.09,2612.87,2615.52,1989.0
2024-12-23 23:00:00,2615.52,2617.44,2613.49,2616.71,2390.0
2024-12-24 00:00:00,2616.72,2617.98,2614.58,2617.58,7927.0
2024-12-24 01:00:00,2617.55,2619.98,2616.78,2616.91,5864.0
2024-12-24 02:00:00,2616.9,2618.74,2615.78,2618.74,4884.0
2024-12-24 03:00:00,2618.74,2620.46,2618.34,2620.24,3173.0
2024-12-24 04:00:00,2620.22,2621.48,2618.34,2619.33,5015.0
2024-12-24 05:00:00,2619.34,2619.88,2616.42,2619.0,5726.0
2024-12-24 06:00:00,2618.97,2621.51,2617.93,2618.33,4990.0
2024-12-24 07:00:00,2618.39,2619.81,2616.69,2617.32,4944.0
2024-12-24 08:00:00,2617.33,2618.45,2613.39,2613.68,5428.0
2024-12-24 09:00:00,2613.68,2618.03,2613.16,2615.63,4905.0
2024-12-24 10:00:00,2615.63,2616.24,2612.52,2615.11,4490.0
2024-12-24 11:00:00,2615.11,2616.4,2612.65,2613.86,4961.0
2024-12-24 12:00:00,2613.8,2614.86,2611.35,2614.19,8875.0
2024-12-24 13:00:00,2614.19,2617.2,2610.27,2611.06,8872.0
2024-12-24 14:00:00,2611.09,2613.58,2610.18,2611.75,8523.0
2024-12-24 15:00:00,2611.75,2617.9,2611.62,2615.98,6784.0
2024-12-24 16:00:00,2615.98,2619.36,2615.28,2617.03,8470.0
2024-12-24 17:00:00,2616.95,2617.85,2615.07,2616.98,2776.0
2024-12-25 22:00:00,2615.88,2620.21,2614.78,2618.64,2002.0
2024-12-25 23:00:00,2618.64,2622.86,2618.62,2621.54,2927.0
2024-12-26 00:00:00,2621.53,2627.78,2620.87,2626.74,7750.0
2024-12-26 01:00:00,2626.73,2627.86,2625.82,2627.61,4055.0
2024-12-26 02:00:00,2627.63,2629.05,2625.7,2626.99,4341.0
2024-12-26 03:00:00,2626.99,2629.24,2626.38,2627.32,2919.0
2024-12-26 04:00:00,2627.32,2628.18,2626.07,2626.38,4662.0
2024-12-26 05:00:00,2626.37,2627.45,2624.6,2626.06,4176.0
2024-12-26 06:00:00,2626.06,2629.6,2623.63,2625.43,4386.0
2024-12-26 07:00:00,2625.43,2629.01,2625.04,2627.46,4364.0
2024-12-26 08:00:00,2627.46,2628.18,2625.82,2627.31,3210.0
2024-12-26 09:00:00,2627.38,2629.42,2626.7,2628.73,3477.0
2024-12-26 10:00:00,2628.73,2629.95,2627.73,2627.83,3704.0
2024-12-26 11:00:00,2627.82,2628.44,2624.59,2626.68,4197.0
2024-12-26 12:00:00,2626.66,2631.11,2621.72,2623.13,10536.0
2024-12-26 13:00:00,2623.12,2630.18,2622.56,2630.0,8935.0
2024-12-26 14:00:00,2629.94,2639.13,2629.04,2636.47,10388.0
2024-12-26 15:00:00,2636.5,2636.77,2631.53,2632.11,7852.0
2024-12-26 16:00:00,2632.1,2632.18,2627.98,2629.36,7238.0
2024-12-26 17:00:00,2629.33,2635.98,2629.24,2634.73,6676.0
2024-12-26 18:00:00,2634.7,2635.96,2632.64,2635.0,6026.0
2024-12-26 19:00:00,2635.02,2636.16,2633.7,2634.29,6256.0
2024-12-26 20:00:00,2634.32,2634.52,2633.12,2633.53,1940.0
2024-12-26 22:00:00,2636.16,2636.16,2629.4,2632.62,2387.0
2024-12-26 23:00:00,2632.62,2633.95,2631.3,2631.32,2019.0
2024-12-27 00:00:00,2631.32,2633.86,2630.76,2632.28,6498.0
2024-12-27 01:00:00,2632.28,2633.68,2628.92,2632.93,5508.0
2024-12-27 02:00:00,2632.94,2635.53,2631.61,2633.86,4887.0
2024-12-27 03:00:00,2633.86,2634.1,2632.08,2633.64,2694.0
2024-12-27 04:00:00,2633.61,2634.26,2631.46,2631.47,4222.0
2024-12-27 05:00:00,2631.46,2637.0,2631.37,2634.59,5621.0
2024-12-27 06:00:00,2634.59,2638.16,2633.28,2633.55,5058.0
2024-12-27 07:00:00,2633.47,2633.47,2626.07,2626.17,6896.0
2024-12-27 08:00:00,2626.2,2627.69,2623.72,2624.1,4694.0
2024-12-27 09:00:00,2624.12,2628.11,2623.49,2626.68,4603.0
2024-12-27 10:00:00,2626.68,2628.9,2625.3,2628.72,5364.0
2024-12-27 11:00:00,2628.72,2631.68,2625.74,2626.34,5628.0
2024-12-27 12:00:00,2626.35,2627.22,2618.12,2618.79,11583.0
2024-12-27 13:00:00,2618.8,2619.38,2611.68,2615.82,13257.0
2024-12-27 14:00:00,2615.75,2619.4,2613.02,2618.19,13883.0
2024-12-27 15:00:00,2618.2,2619.8,2615.4,2617.94,8494.0
2024-12-27 16:00:00,2617.94,2618.28,2614.16,2615.94,8132.0
2024-12-27 17:00:00,2615.93,2620.15,2615.29,2618.5,5980.0
2024-12-27 18:00:00,2618.51,2621.36,2617.4,2620.68,4588.0
2024-12-27 19:00:00,2620.69,2620.78,2612.74,2615.42,5076.0
2024-12-27 20:00:00,2615.47,2621.56,2615.38,2621.54,2539.0
2024-12-29 22:00:00,2618.93,2626.04,2618.93,2624.0,2795.0
2024-12-29 23:00:00,2624.0,2625.41,2621.39,2622.5,2238.0
2024-12-30 00:00:00,2622.38,2626.71,2622.16,2624.2,7257.0
2024-12-30 01:00:00,2624.22,2625.4,2622.44,2623.96,5021.0
2024-12-30 02:00:00,2623.96,2627.99,2623.17,2626.52,4263.0
2024-12-30 03:00:00,2626.52,2626.52,2621.58,2622.26,3669.0
2024-12-30 04:00:00,2622.27,2624.27,2620.56,2623.76,4965.0
2024-12-30 05:00:00,2623.75,2624.56,2618.24,2619.1,6174.0
2024-12-30 06:00:00,2619.13,2620.01,2615.94,2616.99,5669.0
2024-12-30 07:00:00,2616.98,2617.45,2609.43,2612.03,7543.0
2024-12-30 08:00:00,2612.05,2617.44,2611.38,2612.76,5532.0
2024-12-30 09:00:00,2612.73,2615.35,2610.63,2610.68,5872.0
2024-12-30 10:00:00,2610.68,2618.75,2609.19,2616.36,7248.0
2024-12-30 11:00:00,2616.36,2622.49,2615.48,2621.54,5233.0
2024-12-30 12:00:00,2621.52,2622.61,2606.46,2606.68,12878.0
2024-12-30 13:00:00,2606.69,2613.81,2605.47,2611.47,13019.0
2024-12-30 14:00:00,2611.54,2611.73,2599.73,2601.64,15781.0
2024-12-30 15:00:00,2601.64,2602.88,2596.2,2599.84,10237.0
2024-12-30 16:00:00,2599.83,2605.62,2599.83,2605.24,7963.0
2024-12-30 17:00:00,2605.25,2606.73,2603.52,2606.12,6810.0
2024-12-30 18:00:00,2606.1,2608.39,2603.68,2607.16,5385.0
2024-12-30 19:00:00,2607.16,2609.54,2606.46,2607.81,7067.0
2024-12-30 20:00:00,2607.82,2608.13,2605.76,2605.96,1719.0
2024-12-30 22:00:00,2604.67,2607.37,2603.86,2606.64,1461.0
2024-12-30 23:00:00,2606.64,2608.61,2605.04,2607.7,1653.0
2024-12-31 00:00:00,2607.64,2611.54,2606.65,2608.82,7274.0
2024-12-31 01:00:00,2608.84,2609.55,2606.8,2607.15,4436.0
2024-12-31 02:00:00,2607.1,2607.67,2603.48,2604.65,4223.0
2024-12-31 03:00:00,2604.65,2607.01,2604.33,2606.46,2208.0
2024-12-31 04:00:00,2606.48,2608.04,2602.64,2604.41,3868.0
2024-12-31 05:00:00,2604.39,2608.56,2603.55,2607.83,6246.0
2024-12-31 06:00:00,2607.83,2614.2,2607.26,2613.83,5490.0
2024-12-31 07:00:00,2613.87,2617.76,2612.83,2616.59,6107.0
2024-12-31 08:00:00,2616.59,2616.78,2613.04,2615.3,4827.0
2024-12-31 09:00:00,2615.31,2615.77,2610.88,2611.8,5531.0
2024-12-31 10:00:00,2611.81,2614.19,2609.74,2611.08,4333.0
2024-12-31 11:00:00,2611.08,2612.76,2609.36,2611.22,5862.0
2024-12-31 12:00:00,2611.24,2616.24,2605.42,2613.22,9554.0
2024-12-31 13:00:00,2613.25,2617.86,2611.33,2613.83,11048.0
2024-12-31 14:00:00,2613.69,2626.62,2612.42,2625.72,13906.0
2024-12-31 15:00:00,2625.67,2627.17,2622.29,2625.31,10359.0
2024-12-31 16:00:00,2625.37,2627.5,2623.13,2624.28,7480.0
2024-12-31 17:00:00,2624.18,2627.12,2622.54,2624.98,7541.0
2024-12-31 18:00:00,2624.99,2627.24,2622.82,2623.7,5371.0
2024-12-31 19:00:00,2623.7,2624.98,2622.08,2623.1,5011.0
2024-12-31 20:00:00,2623.12,2624.98,2622.85,2624.43,1376.0
2025-01-01 22:00:00,2625.14,2625.66,2621.74,2623.72,2373.0
2025-01-01 23:00:00,2623.72,2627.78,2622.66,2625.36,3646.0
2025-01-02 00:00:00,2625.36,2634.58,2623.84,2632.98,11378.0
2025-01-02 01:00:00,2632.98,2636.56,2632.32,2634.78,7408.0
2025-01-02 02:00:00,2634.76,2635.44,2632.26,2633.62,4892.0
2025-01-02 03:00:00,2633.63,2634.16,2631.1,2634.0,3435.0
2025-01-02 04:00:00,2634.0,2636.43,2633.01,2634.0,5721.0
2025-01-02 05:00:00,2633.98,2635.43,2631.36,2634.24,6998.0
2025-01-02 06:00:00,2634.24,2636.07,2632.98,2636.03,6145.0
2025-01-02 07:00:00,2636.02,2637.68,2631.22,2636.5,8141.0
2025-01-02 08:00:00,2636.5,2640.01,2636.0,2636.08,7681.0
2025-01-02 09:00:00,2636.08,2646.24,2632.76,2642.76,10611.0
2025-01-02 10:00:00,2642.77,2644.61,2640.35,2642.04,6889.0
2025-01-02 11:00:00,2642.04,2646.43,2640.36,2643.44,8039.0
2025-01-02 12:00:00,2643.38,2647.26,2636.12,2642.91,15210.0
2025-01-02 13:00:00,2642.87,2651.01,2640.42,2647.69,15705.0
2025-01-02 14:00:00,2647.55,2655.84,2645.21,2654.08,16525.0
2025-01-02 15:00:00,2654.08,2660.38,2650.0,2659.26,13884.0
2025-01-02 16:00:00,2659.26,2660.44,2652.5,2656.56,8609.0
2025-01-02 17:00:00,2656.56,2658.79,2653.78,2655.46,8850.0
2025-01-02 18:00:00,2655.46,2657.17,2653.8,2654.68,7621.0
2025-01-02 19:00:00,2654.68,2660.43,2654.12,2659.74,7248.0
2025-01-02 20:00:00,2659.66,2660.18,2656.55,2657.98,2168.0
2025-01-02 22:00:00,2658.32,2659.6,2657.43,2658.42,2129.0
2025-01-02 23:00:00,2658.48,2661.09,2658.42,2660.8,3667.0
2025-01-03 00:00:00,2660.82,2662.58,2656.66,2659.5,7158.0
2025-01-03 01:00:00,2659.44,2664.08,2656.28,2662.56,7990.0
2025-01-03 02:00:00,2662.56,2665.36,2661.26,2662.37,6160.0
2025-01-03 03:00:00,2662.38,2664.35,2661.79,2662.88,2704.0
2025-01-03 04:00:00,2662.88,2662.96,2655.93,2658.66,4920.0
2025-01-03 05:00:00,2658.66,2660.34,2656.72,2659.64,5313.0
2025-01-03 06:00:00,2659.64,2659.64,2651.84,2654.32,7120.0
2025-01-03 07:00:00,2654.22,2655.8,2649.92,2653.04,8794.0
2025-01-03 08:00:00,2653.03,2655.85,2652.91,2653.76,6734.0
2025-01-03 09:00:00,2653.75,2658.16,2653.17,2657.84,5626.0
2025-01-03 10:00:00,2657.83,2659.37,2656.22,2657.65,5306.0
2025-01-03 11:00:00,2657.65,2658.33,2654.78,2655.3,5600.0
2025-01-03 12:00:00,2655.28,2656.39,2643.48,2649.94,12899.0
2025-01-03 13:00:00,2649.94,2652.65,2645.16,2647.86,14326.0
2025-01-03 14:00:00,2647.63,2648.29,2640.95,2644.01,16664.0
2025-01-03 15:00:00,2643.97,2647.22,2639.12,2640.01,10964.0
2025-01-03 16:00:00,2640.01,2642.68,2639.19,2641.82,6750.0
2025-01-03 17:00:00,2641.83,2642.35,2639.73,2641.93,7463.0
2025-01-03 18:00:00,2641.91,2642.94,2639.2,2639.56,4891.0
2025-01-03 19:00:00,2639.54,2640.14,2637.02,2638.33,4204.0
2025-01-03 20:00:00,2638.34,2640.77,2636.7,2639.98,2196.0
2025-01-05 22:00:00,2642.74,2642.85,2639.04,2641.08,2949.0
2025-01-05 23:00:00,2641.07,2643.32,2638.63,2643.22,3988.0
2025-01-06 00:00:00,2643.22,2647.41,2640.8,2641.38,10640.0
2025-01-06 01:00:00,2641.39,2645.26,2639.83,2644.52,6750.0
2025-01-06 02:00:00,2644.52,2645.31,2639.22,2640.21,5561.0
2025-01-06 03:00:00,2640.2,2640.78,2634.56,2635.48,4705.0
2025-01-06 04:00:00,2635.48,2636.21,2631.6,2633.92,7461.0
2025-01-06 05:00:00,2633.96,2635.31,2630.28,2631.52,7511.0
2025-01-06 06:00:00,2631.52,2633.68,2625.26,2626.86,7763.0
2025-01-06 07:00:00,2626.89,2632.55,2625.79,2631.49,7827.0
2025-01-06 08:00:00,2631.48,2635.79,2631.15,2632.83,7253.0
2025-01-06 09:00:00,2632.82,2635.04,2631.02,2633.64,5232.0
2025-01-06 10:00:00,2633.65,2649.48,2632.58,2645.63,15567.0
2025-01-06 11:00:00,2645.63,2647.84,2642.03,2645.35,10742.0
2025-01-06 12:00:00,2645.33,2648.85,2622.04,2624.23,18329.0
2025-01-06 13:00:00,2624.22,2634.82,2614.79,2631.63,21702.0
2025-01-06 14:00:00,2631.48,2639.63,2629.36,2634.37,18310.0
2025-01-06 15:00:00,2634.4,2641.25,2632.58,2640.74,12528.0
2025-01-06 16:00:00,2640.73,2641.02,2634.27,2636.74,7750.0
2025-01-06 17:00:00,2636.76,2638.6,2633.82,2634.62,8476.0
2025-01-06 18:00:00,2634.64,2635.51,2632.98,2634.34,6884.0
2025-01-06 19:00:00,2634.33,2635.47,2633.17,2634.58,5525.0
2025-01-06 20:00:00,2634.6,2637.06,2634.6,2635.77,2177.0
2025-01-06 22:00:00,2636.2,2636.21,2633.58,2634.62,1680.0
2025-01-06 23:00:00,2634.62,2635.19,2632.91,2635.04,3060.0
2025-01-07 00:00:00,2635.02,2641.15,2634.78,2638.98,9645.0
2025-01-07 01:00:00,2638.97,2640.1,2636.98,2638.5,6050.0
2025-01-07 02:00:00,2638.62,2640.22,2637.56,2639.58,3322.0
2025-01-07 03:00:00,2639.58,2639.78,2637.4,2638.3,3358.0
2025-01-07 04:00:00,2638.28,2645.74,2637.1,2644.46,6700.0
2025-01-07 05:00:00,2644.46,2646.72,2639.78,2640.22,7599.0
2025-01-07 06:00:00,2640.23,2642.21,2638.07,2640.59,7742.0
2025-01-07 07:00:00,2640.59,2644.89,2640.2,2642.74,7862.0
2025-01-07 08:00:00,2642.74,2644.15,2640.12,2641.42,6446.0
2025-01-07 09:00:00,2641.46,2644.85,2641.35,2643.98,5905.0
2025-01-07 10:00:00,2643.98,2648.68,2642.01,2648.5,5899.0
2025-01-07 11:00:00,2648.44,2652.76,2647.44,2651.66,8160.0
2025-01-07 12:00:00,2651.66,2664.27,2650.03,2662.36,16650.0
2025-01-07 13:00:00,2662.38,2663.06,2655.82,2658.67,15389.0
2025-01-07 14:00:00,2658.51,2658.51,2642.24,2647.71,22531.0
2025-01-07 15:00:00,2647.69,2655.67,2646.54,2651.87,15768.0
2025-01-07 16:00:00,2651.84,2656.11,2650.38,2652.63,10937.0
2025-01-07 17:00:00,2652.63,2652.73,2647.38,2649.21,10270.0
2025-01-07 18:00:00,2649.22,2650.48,2647.03,2649.41,7878.0
2025-01-07 19:00:00,2649.39,2651.55,2647.24,2650.46,6945.0
2025-01-07 20:00:00,2650.49,2650.51,2647.75,2648.42,1555.0
2025-01-07 22:00:00,2648.38,2650.24,2648.22,2649.7,1852.0
2025-01-07 23:00:00,2649.7,2651.58,2648.64,2650.56,2870.0
2025-01-08 00:00:00,2650.56,2650.98,2647.2,2648.81,8448.0
2025-01-08 01:00:00,2648.82,2650.28,2645.96,2648.85,5396.0
2025-01-08 02:00:00,2648.83,2648.83,2645.61,2646.91,3986.0
2025-01-08 03:00:00,2646.89,2648.76,2645.3,2647.01,2908.0
2025-01-08 04:00:00,2646.99,2650.68,2646.71,2649.99,5144.0
2025-01-08 05:00:00,2649.98,2653.06,2648.9,2652.23,6873.0
2025-01-08 06:00:00,2652.23,2654.47,2651.67,2652.65,6031.0
2025-01-08 07:00:00,2652.69,2653.83,2649.63,2652.02,7532.0
2025-01-08 08:00:00,2652.05,2655.02,2651.8,2653.68,6648.0
2025-01-08 09:00:00,2653.67,2655.13,2652.62,2653.16,5590.0
2025-01-08 10:00:00,2653.17,2653.17,2647.56,2650.83,9436.0
2025-01-08 11:00:00,2650.83,2652.43,2645.87,2652.04,9249.0
2025-01-08 12:00:00,2652.03,2660.39,2651.52,2660.23,16162.0
2025-01-08 13:00:00,2660.21,2667.63,2660.0,2661.45,17456.0
2025-01-08 14:00:00,2661.46,2667.84,2659.49,2665.78,16117.0
2025-01-08 15:00:00,2665.8,2669.98,2662.64,2669.53,10746.0
2025-01-08 16:00:00,2669.57,2669.75,2649.48,2655.6,12596.0
2025-01-08 17:00:00,2655.58,2659.16,2651.68,2653.23,9787.0
2025-01-08 18:00:00,2653.38,2660.6,2652.43,2658.27,9584.0
2025-01-08 19:00:00,2658.29,2664.03,2658.29,2663.38,7658.0
2025-01-08 20:00:00,2663.39,2664.07,2660.78,2661.44,2770.0
2025-01-08 22:00:00,2660.75,2663.22,2660.75,2662.57,1580.0
2025-01-08 23:00:00,2662.57,2662.81,2659.45,2660.01,2971.0
2025-01-09 00:00:00,2659.99,2661.5,2657.32,2658.53,7129.0
2025-01-09 01:00:00,2658.52,2660.12,2656.43,2658.88,5490.0
2025-01-09 02:00:00,2658.88,2662.08,2658.65,2659.42,4472.0
2025-01-09 03:00:00,2659.43,2659.77,2655.56,2659.08,3530.0
2025-01-09 04:00:00,2659.08,2660.97,2657.72,2658.43,5170.0
2025-01-09 05:00:00,2658.43,2666.92,2658.42,2666.73,6734.0
2025-01-09 06:00:00,2666.75,2666.76,2662.26,2662.4,5719.0
2025-01-09 07:00:00,2662.4,2666.85,2660.45,2664.53,9730.0
2025-01-09 08:00:00,2664.52,2666.48,2662.39,2664.9,6637.0
2025-01-09 09:00:00,2664.91,2668.64,2664.45,2667.49,6180.0
2025-01-09 10:00:00,2667.48,2673.29,2665.28,2670.25,7909.0
2025-01-09 11:00:00,2670.27,2675.18,2669.54,2674.11,6959.0
2025-01-09 12:00:00,2674.1,2678.22,2672.02,2672.8,13191.0
2025-01-09 13:00:00,2672.79,2675.7,2667.29,2672.41,10939.0
2025-01-09 14:00:00,2672.44,2675.46,2668.1,2668.32,9390.0
2025-01-09 15:00:00,2668.32,2670.98,2666.35,2667.67,7696.0
2025-01-09 16:00:00,2667.67,2668.67,2662.73,2665.97,7626.0
2025-01-09 17:00:00,2665.98,2672.58,2665.06,2671.39,6946.0
2025-01-09 18:00:00,2671.4,2671.79,2668.66,2670.14,5035.0
2025-01-09 19:00:00,2670.19,2670.92,2669.28,2669.54,3378.0
2025-01-09 20:00:00,2669.53,2671.28,2668.99,2670.34,1333.0
2025-01-09 22:00:00,2670.44,2671.27,2668.42,2670.08,2075.0
2025-01-09 23:00:00,2670.08,2671.22,2668.98,2670.51,4283.0
2025-01-10 00:00:00,2670.52,2671.99,2669.2,2671.11,7512.0
2025-01-10 01:00:00,2671.11,2674.75,2670.51,2673.42,5814.0
2025-01-10 02:00:00,2673.41,2674.83,2672.55,2673.77,3868.0
2025-01-10 03:00:00,2673.77,2674.08,2671.76,2671.77,3233.0
2025-01-10 04:00:00,2671.73,2675.94,2671.57,2675.0,5569.0
2025-01-10 05:00:00,2675.0,2678.48,2674.28,2678.18,7034.0
2025-01-10 06:00:00,2678.18,2678.68,2673.5,2676.24,6866.0
2025-01-10 07:00:00,2676.25,2680.38,2675.78,2680.1,9942.0
2025-01-10 08:00:00,2680.07,2682.29,2677.73,2678.6,9448.0
2025-01-10 09:00:00,2678.61,2682.66,2678.36,2681.02,8393.0
2025-01-10 10:00:00,2681.03,2683.11,2680.21,2681.3,7282.0
2025-01-10 11:00:00,2681.3,2681.37,2674.99,2678.3,9714.0
2025-01-10 12:00:00,2678.29,2683.73,2664.1,2682.63,18610.0
2025-01-10 13:00:00,2682.58,2693.41,2680.93,2688.18,23342.0
2025-01-10 14:00:00,2686.91,2697.88,2682.51,2692.71,21966.0
2025-01-10 15:00:00,2692.6,2697.21,2686.78,2696.4,19254.0
2025-01-10 16:00:00,2696.4,2697.8,2692.46,2696.06,12906.0
2025-01-10 17:00:00,2696.07,2697.18,2685.11,2687.27,13088.0
2025-01-10 18:00:00,2687.29,2687.94,2684.55,2686.07,10145.0
2025-01-10 19:00:00,2686.06,2690.88,2684.64,2690.64,9083.0
2025-01-10 20:00:00,2690.56,2693.38,2688.76,2688.96,3651.0
2025-01-12 22:00:00,2690.82,2692.15,2686.17,2691.09,4248.0
2025-01-12 23:00:00,2691.09,2693.44,2688.19,2689.64,3578.0
2025-01-13 00:00:00,2689.68,2689.89,2679.34,2685.78,15635.0
2025-01-13 01:00:00,2685.75,2690.58,2684.94,2688.67,9357.0
2025-01-13 02:00:00,2688.68,2688.73,2685.42,2687.92,7038.0
2025-01-13 03:00:00,2687.96,2690.76,2684.39,2686.02,7048.0
2025-01-13 04:00:00,2686.06,2686.98,2683.34,2686.98,8635.0
2025-01-13 05:00:00,2686.97,2691.26,2686.97,2689.91,7786.0
2025-01-13 06:00:00,2689.91,2690.3,2684.48,2685.18,9811.0
2025-01-13 07:00:00,2685.21,2689.71,2684.09,2687.27,11138.0
2025-01-13 08:00:00,2687.26,2688.51,2683.32,2684.82,11819.0
2025-01-13 09:00:00,2684.74,2685.03,2677.35,2679.44,11049.0
2025-01-13 10:00:00,2679.44,2680.59,2675.52,2676.04,9534.0
2025-01-13 11:00:00,2676.0,2677.24,2664.24,2671.11,14804.0
2025-01-13 12:00:00,2671.29,2672.23,2663.8,2669.27,18411.0
2025-01-13 13:00:00,2669.29,2674.36,2664.18,2671.85,17202.0
2025-01-13 14:00:00,2671.86,2672.96,2661.16,2661.9,15354.0
2025-01-13 15:00:00,2661.87,2667.92,2660.92,2661.42,11574.0
2025-01-13 16:00:00,2661.42,2664.22,2659.34,2660.9,9102.0
2025-01-13 17:00:00,2660.9,2662.48,2657.64,2659.3,6939.0
2025-01-13 18:00:00,2659.31,2660.73,2656.76,2658.9,5433.0
2025-01-13 19:00:00,2658.88,2662.8,2658.76,2662.25,4509.0
2025-01-13 20:00:00,2662.26,2664.18,2660.87,2662.98,2014.0
2025-01-13 22:00:00,2663.54,2669.42,2663.15,2667.92,3289.0
2025-01-13 23:00:00,2667.92,2671.1,2666.41,2670.44,3956.0
2025-01-14 00:00:00,2670.43,2672.2,2667.92,2670.75,10512.0
2025-01-14 01:00:00,2670.77,2672.18,2668.6,2670.44,8663.0
2025-01-14 02:00:00,2670.42,2672.32,2668.86,2669.81,7218.0
2025-01-14 03:00:00,2669.82,2674.08,2668.47,2673.59,4665.0
2025-01-14 04:00:00,2673.62,2675.29,2667.35,2668.64,7339.0
2025-01-14 05:00:00,2668.68,2669.63,2667.4,2669.21,6840.0
2025-01-14 06:00:00,2669.21,2671.02,2667.34,2669.29,8468.0
2025-01-14 07:00:00,2669.33,2674.44,2667.37,2671.05,10917.0
2025-01-14 08:00:00,2671.02,2671.59,2664.9,2667.24,9402.0
2025-01-14 09:00:00,2667.27,2668.86,2664.73,2666.66,8012.0
2025-01-14 10:00:00,2666.67,2669.86,2664.64,2669.34,7725.0
2025-01-14 11:00:00,2669.34,2671.63,2666.6,2668.4,8134.0
2025-01-14 12:00:00,2668.39,2674.29,2660.89,2663.0,17148.0
2025-01-14 13:00:00,2662.98,2666.0,2659.97,2665.34,17723.0
2025-01-14 14:00:00,2665.34,2672.77,2665.21,2671.77,15486.0
2025-01-14 15:00:00,2671.78,2673.97,2669.88,2671.57,13088.0
2025-01-14 16:00:00,2671.55,2671.89,2668.12,2669.07,8516.0
2025-01-14 17:00:00,2669.04,2672.57,2666.66,2672.38,6869.0
2025-01-14 18:00:00,2672.38,2676.31,2671.89,2674.26,6641.0
2025-01-14 19:00:00,2674.27,2676.46,2671.85,2676.46,6100.0
2025-01-14 20:00:00,2676.46,2678.2,2675.76,2677.37,2036.0
2025-01-14 22:00:00,2675.04,2679.22,2674.04,2675.62,1725.0
2025-01-14 23:00:00,2675.62,2675.95,2672.57,2672.7,2242.0
2025-01-15 00:00:00,2672.71,2674.36,2669.83,2669.89,5424.0
2025-01-15 01:00:00,2669.89,2675.06,2669.27,2673.42,6078.0
2025-01-15 02:00:00,2673.42,2676.43,2672.26,2676.18,4226.0
2025-01-15 03:00:00,2676.19,2676.81,2674.27,2675.65,3632.0
2025-01-15 04:00:00,2675.65,2679.41,2674.67,2679.38,7587.0
2025-01-15 05:00:00,2679.4,2683.34,2679.12,2681.0,7114.0
2025-01-15 06:00:00,2681.0,2684.15,2679.98,2681.36,7284.0
2025-01-15 07:00:00,2681.4,2685.48,2681.23,2683.88,8167.0
2025-01-15 08:00:00,2684.02,2688.49,2683.0,2685.9,7686.0
2025-01-15 09:00:00,2685.9,2689.01,2684.71,2688.43,8223.0
2025-01-15 10:00:00,2688.55,2688.95,2685.11,2686.82,9439.0
2025-01-15 11:00:00,2686.82,2687.41,2684.12,2684.69,9005.0
2025-01-15 12:00:00,2684.71,2694.16,2682.15,2693.83,19382.0
2025-01-15 13:00:00,2693.75,2695.96,2678.2,2682.09,21086.0
2025-01-15 14:00:00,2682.1,2683.05,2676.72,2678.52,18435.0
2025-01-15 15:00:00,2678.55,2690.03,2677.04,2689.37,13904.0
2025-01-15 16:00:00,2689.37,2692.9,2688.39,2692.81,8829.0
2025-01-15 17:00:00,2692.77,2694.87,2691.1,2694.07,8580.0
2025-01-15 18:00:00,2694.04,2695.1,2692.56,2694.0,5134.0
2025-01-15 19:00:00,2694.01,2696.52,2693.22,2696.32,4999.0
2025-01-15 20:00:00,2696.32,2697.32,2693.85,2696.28,2620.0
2025-01-15 22:00:00,2694.56,2697.46,2694.42,2694.94,2084.0
2025-01-15 23:00:00,2694.94,2698.21,2693.04,2695.19,6535.0
2025-01-16 00:00:00,2695.21,2702.12,2694.41,2696.16,13064.0
2025-01-16 01:00:00,2696.19,2698.2,2695.33,2697.51,8416.0
2025-01-16 02:00:00,2697.49,2698.3,2695.58,2697.23,6428.0
2025-01-16 03:00:00,2697.15,2698.05,2696.64,2697.24,4193.0
2025-01-16 04:00:00,2697.24,2697.46,2693.69,2694.87,7047.0
2025-01-16 05:00:00,2694.9,2695.73,2689.94,2693.98,8286.0
2025-01-16 06:00:00,2693.98,2699.98,2693.48,2698.24,8994.0
2025-01-16 07:00:00,2698.31,2703.37,2697.1,2698.94,10386.0
2025-01-16 08:00:00,2698.95,2706.25,2697.5,2705.49,10858.0
2025-01-16 09:00:00,2705.49,2708.61,2704.77,2707.72,7679.0
2025-01-16 10:00:00,2707.76,2711.26,2706.24,2706.4,7397.0
2025-01-16 11:00:00,2706.41,2707.3,2700.21,2703.67,12041.0
2025-01-16 12:00:00,2703.66,2718.23,2701.36,2715.44,17210.0
2025-01-16 13:00:00,2715.46,2719.21,2712.99,2718.37,17081.0
2025-01-16 14:00:00,2718.58,2719.52,2712.54,2716.9,18907.0
2025-01-16 15:00:00,2716.9,2722.51,2716.69,2720.39,15434.0
2025-01-16 16:00:00,2720.39,2724.76,2719.5,2721.76,10374.0
2025-01-16 17:00:00,2721.77,2723.21,2714.8,2715.26,10085.0
2025-01-16 18:00:00,2715.27,2717.3,2714.72,2715.28,7331.0
2025-01-16 19:00:00,2715.28,2717.02,2714.36,2715.78,5347.0
2025-01-16 20:00:00,2715.74,2715.88,2712.52,2714.26,3575.0
2025-01-16 22:00:00,2714.2,2715.03,2712.37,2714.57,1897.0
2025-01-16 23:00:00,2714.57,2716.12,2713.85,2714.74,4015.0
2025-01-17 00:00:00,2714.73,2714.8,2709.92,2714.74,11035.0
2025-01-17 01:00:00,2714.79,2717.08,2713.97,2715.94,7623.0
2025-01-17 02:00:00,2715.86,2717.39,2714.65,2715.41,5902.0
2025-01-17 03:00:00,2715.41,2716.55,2714.32,2714.82,4270.0
2025-01-17 04:00:00,2714.8,2715.45,2711.18,2711.58,7380.0
2025-01-17 05:00:00,2711.59,2713.33,2710.62,2712.76,8390.0
2025-01-17 06:00:00,2712.76,2714.73,2708.72,2710.51,7588.0
2025-01-17 07:00:00,2710.53,2713.03,2709.48,2711.74,7988.0
2025-01-17 08:00:00,2711.74,2712.13,2704.13,2705.07,9696.0
2025-01-17 09:00:00,2705.08,2706.17,2702.88,2704.04,7514.0
2025-01-17 10:00:00,2704.1,2708.68,2703.79,2708.09,7016.0
2025-01-17 11:00:00,2708.09,2711.71,2706.97,2710.85,10253.0
2025-01-17 12:00:00,2710.84,2712.17,2704.48,2704.95,17464.0
2025-01-17 13:00:00,2704.97,2712.64,2702.74,2711.78,18386.0
2025-01-17 14:00:00,2711.83,2715.2,2710.2,2714.3,13121.0
2025-01-17 15:00:00,2714.31,2717.37,2713.61,2716.08,11437.0
2025-01-17 16:00:00,2716.07,2716.27,2710.64,2712.61,8359.0
2025-01-17 17:00:00,2712.63,2713.35,2705.3,2705.61,8764.0
2025-01-17 18:00:00,2705.62,2707.29,2702.74,2703.1,7116.0
2025-01-17 19:00:00,2703.12,2704.31,2700.0,2700.91,8326.0
2025-01-17 20:00:00,2700.89,2703.04,2699.3,2702.92,2612.0
2025-01-19 22:00:00,2704.56,2704.56,2691.24,2696.48,5226.0
2025-01-19 23:00:00,2696.45,2696.49,2692.64,2694.62,4132.0
2025-01-20 00:00:00,2694.6,2695.98,2689.37,2693.88,13526.0
2025-01-20 01:00:00,2693.89,2698.0,2693.74,2697.49,9155.0
2025-01-20 02:00:00,2697.5,2703.94,2697.46,2703.46,7196.0
2025-01-20 03:00:00,2703.46,2706.6,2702.29,2706.04,5958.0
2025-01-20 04:00:00,2706.04,2707.57,2703.76,2707.26,8451.0
2025-01-20 05:00:00,2707.26,2713.71,2706.61,2711.77,9365.0
2025-01-20 06:00:00,2711.77,2711.92,2703.02,2703.54,7233.0
2025-01-20 07:00:00,2703.53,2708.1,2703.18,2707.02,7832.0
2025-01-20 08:00:00,2707.03,2708.82,2702.9,2706.02,9026.0
2025-01-20 09:00:00,2706.01,2709.95,2705.21,2708.57,7784.0
2025-01-20 10:00:00,2708.48,2712.47,2704.82,2708.54,9158.0
2025-01-20 11:00:00,2708.54,2710.1,2706.07,2708.33,9120.0
2025-01-20 12:00:00,2708.31,2710.63,2701.57,2705.15,17724.0
2025-01-20 13:00:00,2705.24,2712.37,2705.16,2710.52,18809.0
2025-01-20 14:00:00,2710.53,2710.79,2705.23,2707.03,11825.0
2025-01-20 15:00:00,2707.02,2709.31,2703.37,2707.64,9560.0
2025-01-20 16:00:00,2707.64,2710.15,2704.03,2707.44,7138.0
2025-01-20 17:00:00,2707.44,2711.06,2705.57,2710.63,4210.0
2025-01-20 18:00:00,2710.7,2711.12,2705.66,2707.19,2394.0
2025-01-20 22:00:00,2707.9,2711.24,2706.28,2710.37,3462.0
2025-01-20 23:00:00,2710.37,2711.61,2702.9,2705.65,8726.0
2025-01-21 00:00:00,2705.68,2719.3,2703.18,2717.97,16121.0
2025-01-21 01:00:00,2717.97,2725.74,2717.81,2724.86,12621.0
2025-01-21 02:00:00,2724.8,2727.07,2721.15,2724.2,10253.0
2025-01-21 03:00:00,2724.25,2727.97,2723.04,2727.41,6842.0
2025-01-21 04:00:00,2727.43,2729.2,2725.36,2726.21,8309.0
2025-01-21 05:00:00,2726.19,2729.38,2723.84,2724.27,9245.0
2025-01-21 06:00:00,2724.27,2732.94,2722.68,2729.84,10273.0
2025-01-21 07:00:00,2729.83,2729.83,2721.62,2723.34,12713.0
2025-01-21 08:00:00,2723.35,2724.23,2718.03,2721.25,13606.0
2025-01-21 09:00:00,2721.24,2724.07,2719.04,2719.98,11198.0
2025-01-21 10:00:00,2719.97,2724.62,2716.6,2724.03,9054.0
2025-01-21 11:00:00,2724.03,2727.37,2721.89,2726.91,12160.0
2025-01-21 12:00:00,2726.91,2730.06,2724.59,2726.31,16101.0
2025-01-21 13:00:00,2726.32,2738.61,2725.37,2738.15,16807.0
2025-01-21 14:00:00,2738.14,2740.48,2734.71,2738.85,17236.0
2025-01-21 15:00:00,2738.86,2744.86,2737.75,2743.3,13236.0
2025-01-21 16:00:00,2743.3,2745.66,2740.1,2740.28,8589.0
2025-01-21 17:00:00,2740.27,2745.95,2740.02,2744.62,6900.0
2025-01-21 18:00:00,2744.63,2745.54,2741.34,2742.76,6547.0
2025-01-21 19:00:00,2742.74,2743.27,2740.0,2742.58,5078.0
2025-01-21 20:00:00,2742.55,2745.67,2742.06,2744.69,1731.0
2025-01-21 22:00:00,2740.77,2745.61,2740.56,2744.3,4613.0
2025-01-21 23:00:00,2744.3,2749.12,2742.6,2748.39,4280.0
2025-01-22 00:00:00,2748.37,2749.96,2746.9,2748.01,11012.0
2025-01-22 01:00:00,2748.01,2749.74,2746.22,2749.02,9203.0
2025-01-22 02:00:00,2749.04,2751.26,2748.0,2750.38,6966.0
2025-01-22 03:00:00,2750.37,2752.91,2749.28,2752.13,4555.0
2025-01-22 04:00:00,2752.14,2758.66,2750.4,2758.11,8958.0
2025-01-22 05:00:00,2758.14,2758.21,2745.55,2747.04,13928.0
2025-01-22 06:00:00,2747.04,2754.1,2746.64,2748.72,8633.0
2025-01-22 07:00:00,2748.71,2753.86,2746.93,2753.29,11470.0
2025-01-22 08:00:00,2753.29,2762.31,2752.95,2758.39,10624.0
2025-01-22 09:00:00,2758.41,2763.41,2758.25,2759.95,7869.0
2025-01-22 10:00:00,2760.05,2760.4,2756.31,2756.44,7457.0
2025-01-22 11:00:00,2756.44,2758.72,2751.81,2758.42,8562.0
2025-01-22 12:00:00,2758.43,2761.65,2751.11,2757.83,15913.0
2025-01-22 13:00:00,2757.82,2758.4,2750.38,2754.08,17760.0
2025-01-22 14:00:00,2754.07,2760.27,2750.45,2759.33,15015.0
2025-01-22 15:00:00,2759.32,2760.21,2755.99,2758.37,10640.0
2025-01-22 16:00:00,2758.38,2758.57,2755.96,2756.57,7365.0
2025-01-22 17:00:00,2756.58,2759.42,2754.91,2757.89,8178.0
2025-01-22 18:00:00,2757.91,2757.91,2755.06,2755.37,5670.0
2025-01-22 19:00:00,2755.38,2757.19,2754.9,2756.74,5463.0
2025-01-22 20:00:00,2756.76,2757.18,2754.75,2756.18,2129.0
2025-01-22 22:00:00,2756.12,2756.5,2753.88,2755.29,2411.0
2025-01-22 23:00:00,2755.3,2755.97,2753.16,2755.38,3281.0
2025-01-23 00:00:00,2755.41,2756.24,2750.66,2752.67,11499.0
2025-01-23 01:00:00,2752.67,2754.91,2752.15,2752.67,8373.0
2025-01-23 02:00:00,2752.73,2753.23,2749.54,2750.11,6730.0
2025-01-23 03:00:00,2750.09,2753.64,2749.95,2751.77,3528.0
2025-01-23 04:00:00,2751.78,2753.49,2751.44,2752.0,6650.0
2025-01-23 05:00:00,2752.02,2755.58,2751.17,2753.17,7869.0
2025-01-23 06:00:00,2753.19,2754.74,2751.77,2752.92,6670.0
2025-01-23 07:00:00,2752.86,2754.93,2752.09,2752.73,8296.0
2025-01-23 08:00:00,2752.73,2753.77,2740.96,2745.98,11702.0
2025-01-23 09:00:00,2745.93,2752.52,2745.38,2751.26,7042.0
2025-01-23 10:00:00,2751.33,2754.35,2750.92,2751.89,6390.0
2025-01-23 11:00:00,2751.91,2753.35,2742.11,2744.83,9598.0
2025-01-23 12:00:00,2744.83,2746.14,2735.98,2741.61,12470.0
2025-01-23 13:00:00,2741.65,2747.44,2740.41,2746.27,12200.0
2025-01-23 14:00:00,2746.19,2749.53,2742.29,2746.64,9396.0
2025-01-23 15:00:00,2746.47,2757.53,2744.2,2754.03,10303.0
2025-01-23 16:00:00,2754.02,2758.79,2752.44,2757.74,8025.0
2025-01-23 17:00:00,2757.75,2758.24,2755.22,2755.83,6384.0
2025-01-23 18:00:00,2755.83,2758.16,2753.8,2754.12,5630.0
2025-01-23 19:00:00,2754.13,2754.7,2751.45,2753.9,7712.0
2025-01-23 20:00:00,2753.91,2754.52,2752.22,2754.52,1867.0
2025-01-23 22:00:00,2754.2,2755.62,2753.5,2754.57,1438.0
2025-01-23 23:00:00,2754.57,2760.96,2754.36,2759.62,3409.0
2025-01-24 00:00:00,2759.62,2762.55,2758.65,2762.33,7559.0
2025-01-24 01:00:00,2762.33,2775.32,2762.33,2774.35,9908.0
2025-01-24 02:00:00,2774.27,2777.34,2771.02,2772.5,8188.0
2025-01-24 03:00:00,2772.5,2774.98,2770.57,2772.18,5833.0
2025-01-24 04:00:00,2772.17,2776.63,2772.17,2775.27,6978.0
2025-01-24 05:00:00,2775.26,2778.3,2773.3,2773.9,8364.0
2025-01-24 06:00:00,2773.9,2775.48,2772.08,2772.61,6574.0
2025-01-24 07:00:00,2772.66,2775.42,2770.08,2773.63,6950.0
2025-01-24 08:00:00,2773.47,2777.9,2770.97,2772.88,6180.0
2025-01-24 09:00:00,2772.88,2776.24,2771.56,2775.72,6090.0
2025-01-24 10:00:00,2775.73,2780.04,2774.06,2776.83,6489.0
2025-01-24 11:00:00,2776.83,2779.2,2776.18,2778.64,5588.0
2025-01-24 12:00:00,2778.6,2784.65,2777.82,2782.47,10602.0
2025-01-24 13:00:00,2782.47,2784.45,2773.9,2778.56,12441.0
2025-01-24 14:00:00,2778.56,2786.02,2775.43,2775.72,10971.0
2025-01-24 15:00:00,2775.79,2777.61,2769.99,2771.99,10512.0
2025-01-24 16:00:00,2771.95,2776.16,2770.55,2773.3,6145.0
2025-01-24 17:00:00,2773.3,2774.11,2771.49,2773.42,5225.0
2025-01-24 18:00:00,2773.44,2775.34,2771.35,2774.69,4267.0
2025-01-24 19:00:00,2774.68,2774.88,2770.7,2771.0,4375.0
2025-01-24 20:00:00,2771.05,2772.26,2770.6,2771.48,2149.0
2025-01-26 22:00:00,2770.61,2772.0,2764.89,2767.57,3809.0
2025-01-26 23:00:00,2767.57,2771.0,2766.2,2769.68,4247.0
2025-01-27 00:00:00,2769.68,2772.63,2762.95,2763.03,8346.0
2025-01-27 01:00:00,2763.03,2763.68,2753.97,2756.32,8694.0
2025-01-27 02:00:00,2756.32,2762.75,2755.27,2761.18,6472.0
2025-01-27 03:00:00,2761.15,2761.16,2755.77,2758.2,5285.0
2025-01-27 04:00:00,2758.2,2758.2,2752.88,2753.25,6342.0
2025-01-27 05:00:00,2753.25,2755.09,2750.86,2754.65,7172.0
2025-01-27 06:00:00,2754.65,2755.14,2747.39,2749.4,8656.0
2025-01-27 07:00:00,2749.41,2759.77,2749.31,2757.23,9585.0
2025-01-27 08:00:00,2757.23,2765.0,2755.75,2763.44,9284.0
2025-01-27 09:00:00,2763.44,2770.96,2762.87,2768.04,9266.0
2025-01-27 10:00:00,2767.99,2772.03,2765.04,2771.43,8713.0
2025-01-27 11:00:00,2771.42,2771.73,2760.62,2761.39,8415.0
2025-01-27 12:00:00,2761.39,2762.52,2752.35,2757.29,10082.0
2025-01-27 13:00:00,2757.29,2757.94,2745.1,2751.42,11365.0
2025-01-27 14:00:00,2751.42,2751.43,2739.55,2742.24,10704.0
2025-01-27 15:00:00,2742.22,2743.18,2733.42,2734.51,9975.0
2025-01-27 16:00:00,2734.51,2737.05,2730.59,2733.8,7807.0
2025-01-27 17:00:00,2733.8,2737.94,2733.16,2737.02,6463.0
2025-01-27 18:00:00,2737.02,2740.47,2736.92,2739.31,5248.0
2025-01-27 19:00:00,2739.31,2742.55,2738.12,2741.43,4283.0
2025-01-27 20:00:00,2741.43,2743.92,2740.22,2740.7,1455.0
2025-01-27 22:00:00,2740.35,2745.22,2739.56,2741.89,3826.0
2025-01-27 23:00:00,2741.89,2744.49,2739.87,2740.69,3464.0
2025-01-28 00:00:00,2740.69,2745.14,2739.48,2741.5,4158.0
2025-01-28 01:00:00,2741.49,2741.62,2738.4,2739.46,5840.0
2025-01-28 02:00:00,2739.46,2741.86,2737.89,2738.8,4542.0
2025-01-28 03:00:00,2738.8,2742.59,2738.55,2742.35,3652.0
2025-01-28 04:00:00,2742.35,2744.95,2741.34,2741.79,4029.0
2025-01-28 05:00:00,2741.74,2742.92,2739.12,2739.53,3450.0
2025-01-28 06:00:00,2739.53,2743.12,2738.41,2738.64,5164.0
2025-01-28 07:00:00,2739.01,2741.89,2734.78,2741.23,6706.0
2025-01-28 08:00:00,2741.23,2745.07,2740.46,2743.49,6908.0
2025-01-28 09:00:00,2743.49,2745.31,2741.1,2743.3,5280.0
2025-01-28 10:00:00,2743.3,2744.72,2741.62,2742.77,4444.0
2025-01-28 11:00:00,2742.77,2745.59,2741.24,2745.57,5210.0
2025-01-28 12:00:00,2745.57,2749.56,2745.18,2748.93,7633.0
2025-01-28 13:00:00,2748.93,2756.33,2748.93,2753.56,9671.0
2025-01-28 14:00:00,2753.64,2757.34,2751.15,2755.3,9837.0
2025-01-28 15:00:00,2755.29,2759.64,2755.28,2758.72,8137.0
2025-01-28 16:00:00,2758.74,2760.18,2757.7,2759.8,6666.0
2025-01-28 17:00:00,2759.8,2763.52,2759.41,2762.16,6106.0
2025-01-28 18:00:00,2762.16,2764.99,2761.35,2764.89,3822.0
2025-01-28 19:00:00,2764.9,2764.96,2762.36,2764.1,4619.0
2025-01-28 20:00:00,2764.1,2764.28,2762.82,2763.17,1827.0
2025-01-28 22:00:00,2763.14,2764.41,2762.31,2762.69,1701.0
2025-01-28 23:00:00,2762.69,2764.84,2762.18,2763.9,2563.0
2025-01-29 00:00:00,2763.9,2766.2,2763.64,2763.76,4445.0
2025-01-29 01:00:00,2763.76,2765.63,2763.36,2764.33,4139.0
2025-01-29 02:00:00,2764.34,2764.61,2762.35,2762.76,4525.0
2025-01-29 03:00:00,2762.76,2764.1,2761.48,2762.49,4235.0
2025-01-29 04:00:00,2762.49,2763.01,2760.25,2760.67,3661.0
2025-01-29 05:00:00,2760.67,2762.37,2759.23,2759.24,4696.0
2025-01-29 06:00:00,2759.23,2760.77,2757.43,2759.04,5512.0
2025-01-29 07:00:00,2759.05,2766.07,2759.05,2764.1,7113.0
2025-01-29 08:00:00,2764.1,2764.42,2760.46,2762.77,6689.0
2025-01-29 09:00:00,2762.77,2763.35,2757.11,2758.23,7922.0
2025-01-29 10:00:00,2758.23,2759.83,2757.52,2759.11,5559.0
2025-01-29 11:00:00,2759.11,2759.16,2755.57,2756.52,8049.0
2025-01-29 12:00:00,2756.52,2759.53,2752.22,2758.72,11027.0
2025-01-29 13:00:00,2758.67,2761.14,2756.43,2759.32,11057.0
2025-01-29 14:00:00,2759.31,2759.7,2748.58,2754.21,10949.0
2025-01-29 15:00:00,2754.21,2756.2,2748.41,2751.61,9479.0
2025-01-29 16:00:00,2751.64,2754.51,2751.12,2752.88,5161.0
2025-01-29 17:00:00,2752.89,2753.86,2748.74,2750.84,6082.0
2025-01-29 18:00:00,2750.84,2757.72,2744.73,2755.25,12076.0
2025-01-29 19:00:00,2755.23,2758.95,2752.73,2755.03,7505.0
2025-01-29 20:00:00,2755.01,2759.77,2754.14,2759.68,3475.0
2025-01-29 22:00:00,2759.32,2760.74,2758.24,2760.25,2139.0
2025-01-29 23:00:00,2760.24,2762.68,2759.06,2762.09,2384.0
2025-01-30 00:00:00,2762.09,2762.09,2758.97,2760.15,4098.0
2025-01-30 01:00:00,2760.15,2761.59,2759.28,2760.47,4198.0
2025-01-30 02:00:00,2760.47,2762.57,2759.36,2761.86,3433.0
2025-01-30 03:00:00,2761.86,2763.39,2759.84,2760.44,3315.0
2025-01-30 04:00:00,2760.44,2761.25,2758.77,2760.65,3129.0
2025-01-30 05:00:00,2760.65,2766.44,2760.31,2765.57,4255.0
2025-01-30 06:00:00,2765.57,2769.47,2764.95,2769.16,5940.0
2025-01-30 07:00:00,2769.16,2776.51,2768.4,2776.13,6551.0
2025-01-30 08:00:00,2776.15,2776.33,2771.62,2774.3,6857.0
2025-01-30 09:00:00,2774.3,2779.31,2773.88,2778.35,5821.0
2025-01-30 10:00:00,2778.35,2779.49,2777.02,2777.63,4374.0
2025-01-30 11:00:00,2777.63,2781.26,2776.23,2780.32,5781.0
2025-01-30 12:00:00,2780.27,2785.99,2778.48,2785.75,10275.0
2025-01-30 13:00:00,2785.73,2789.12,2780.22,2787.72,13266.0
2025-01-30 14:00:00,2787.72,2796.71,2786.81,2795.39,12666.0
2025-01-30 15:00:00,2795.38,2798.45,2790.24,2790.55,12418.0
2025-01-30 16:00:00,2790.55,2795.84,2788.9,2795.63,8971.0
2025-01-30 17:00:00,2795.63,2797.05,2792.28,2795.11,7033.0
2025-01-30 18:00:00,2795.08,2795.28,2790.69,2793.46,5095.0
2025-01-30 19:00:00,2793.46,2798.07,2792.34,2795.45,7382.0
2025-01-30 20:00:00,2795.45,2798.35,2788.76,2794.06,4709.0
2025-01-30 22:00:00,2796.18,2797.15,2792.16,2796.2,3470.0
2025-01-30 23:00:00,2796.2,2799.44,2794.56,2795.84,3828.0
2025-01-31 00:00:00,2795.85,2796.68,2794.65,2796.36,4879.0
2025-01-31 01:00:00,2796.36,2798.06,2794.77,2796.11,4453.0
2025-01-31 02:00:00,2796.11,2798.19,2795.64,2796.34,4483.0
2025-01-31 03:00:00,2796.33,2796.47,2794.51,2795.81,3807.0
2025-01-31 04:00:00,2795.82,2796.55,2794.01,2795.61,4354.0
2025-01-31 05:00:00,2795.61,2795.73,2792.14,2792.75,3838.0
2025-01-31 06:00:00,2792.75,2800.98,2792.34,2798.4,6073.0
2025-01-31 07:00:00,2798.32,2799.43,2791.76,2793.25,6625.0
2025-01-31 08:00:00,2793.26,2796.49,2792.71,2793.75,6284.0
2025-01-31 09:00:00,2793.75,2795.22,2791.08,2794.31,6318.0
2025-01-31 10:00:00,2794.31,2800.77,2792.42,2800.31,7049.0
2025-01-31 11:00:00,2800.31,2807.89,2800.11,2805.43,7210.0
2025-01-31 12:00:00,2805.46,2808.32,2803.32,2806.41,9517.0
2025-01-31 13:00:00,2806.4,2812.58,2804.54,2812.35,10594.0
2025-01-31 14:00:00,2812.35,2817.11,2808.33,2809.31,10944.0
2025-01-31 15:00:00,2809.29,2810.26,2805.02,2807.55,8006.0
2025-01-31 16:00:00,2807.55,2816.17,2803.04,2808.67,12724.0
2025-01-31 17:00:00,2808.67,2808.88,2795.51,2798.96,12449.0
2025-01-31 18:00:00,2798.91,2803.0,2795.46,2796.16,9123.0
2025-01-31 19:00:00,2796.21,2802.17,2794.34,2800.9,8576.0
2025-01-31 20:00:00,2800.76,2802.83,2798.1,2798.47,3786.0
2025-02-02 22:00:00,2797.69,2806.92,2784.83,2793.71,8094.0
2025-02-02 23:00:00,2793.71,2796.72,2790.11,2792.41,7693.0
2025-02-03 00:00:00,2792.42,2792.42,2778.44,2782.25,9741.0
2025-02-03 01:00:00,2782.25,2782.73,2773.82,2778.19,10724.0
2025-02-03 02:00:00,2778.19,2778.43,2772.21,2774.51,7330.0
2025-02-03 03:00:00,2774.51,2783.01,2774.26,2780.83,7278.0
2025-02-03 04:00:00,2780.83,2785.19,2780.12,2783.19,6897.0
2025-02-03 05:00:00,2783.19,2787.97,2782.94,2786.8,6545.0
2025-02-03 06:00:00,2786.81,2789.97,2785.39,2789.36,8324.0
2025-02-03 07:00:00,2789.36,2800.47,2786.86,2796.76,9522.0
2025-02-03 08:00:00,2796.76,2800.82,2794.74,2796.46,8878.0
2025-02-03 09:00:00,2796.45,2800.09,2793.13,2798.13,8508.0
2025-02-03 10:00:00,2798.13,2804.22,2797.95,2801.33,7679.0
2025-02-03 11:00:00,2801.22,2810.82,2800.53,2810.45,7882.0
2025-02-03 12:00:00,2810.45,2811.93,2807.56,2811.11,9640.0
2025-02-03 13:00:00,2811.11,2830.77,2810.31,2830.62,12378.0
2025-02-03 14:00:00,2830.62,2830.62,2813.6,2817.54,15756.0
2025-02-03 15:00:00,2817.53,2825.21,2813.05,2814.19,11491.0
2025-02-03 16:00:00,2814.19,2822.19,2814.04,2817.15,9239.0
2025-02-03 17:00:00,2817.15,2821.7,2816.07,2821.08,8758.0
2025-02-03 18:00:00,2821.08,2823.02,2817.97,2818.3,8328.0
2025-02-03 19:00:00,2818.3,2819.49,2815.72,2816.63,7484.0
2025-02-03 20:00:00,2816.61,2817.55,2812.41,2814.75,5286.0
2025-02-03 22:00:00,2814.12,2815.37,2812.64,2813.98,3173.0
2025-02-03 23:00:00,2813.98,2817.59,2812.76,2817.35,2771.0
2025-02-04 00:00:00,2817.35,2824.32,2816.01,2823.45,6175.0
2025-02-04 01:00:00,2823.48,2824.61,2817.06,2821.26,6746.0
2025-02-04 02:00:00,2821.26,2824.3,2817.43,2821.44,5589.0
2025-02-04 03:00:00,2821.43,2821.61,2818.18,2819.08,4738.0
2025-02-04 04:00:00,2819.08,2819.24,2813.51,2815.84,9434.0
2025-02-04 05:00:00,2815.84,2816.1,2810.87,2813.43,6918.0
2025-02-04 06:00:00,2813.43,2814.64,2807.36,2812.69,8300.0
2025-02-04 07:00:00,2812.69,2819.18,2810.16,2815.12,10341.0
2025-02-04 08:00:00,2815.11,2821.77,2814.11,2820.53,8981.0
2025-02-04 09:00:00,2820.53,2820.53,2812.67,2814.88,8337.0
2025-02-04 10:00:00,2814.88,2816.96,2813.28,2815.4,7303.0
2025-02-04 11:00:00,2815.42,2823.07,2814.55,2821.89,8142.0
2025-02-04 12:00:00,2821.89,2837.11,2821.57,2831.71,11157.0
2025-02-04 13:00:00,2831.71,2841.45,2828.96,2838.86,13174.0
2025-02-04 14:00:00,2838.86,2845.39,2833.66,2835.97,13321.0
2025-02-04 15:00:00,2835.88,2842.48,2832.65,2840.5,10250.0
2025-02-04 16:00:00,2840.47,2844.76,2839.38,2843.98,8545.0
2025-02-04 17:00:00,2844.02,2845.0,2842.46,2842.7,7048.0
2025-02-04 18:00:00,2842.7,2844.15,2841.75,2843.1,6320.0
2025-02-04 19:00:00,2843.12,2844.85,2840.98,2844.32,4803.0
2025-02-04 20:00:00,2844.3,2844.78,2841.18,2842.01,3178.0
2025-02-04 22:00:00,2842.81,2842.81,2840.66,2841.46,1929.0
2025-02-04 23:00:00,2841.46,2848.29,2840.86,2845.25,4116.0
2025-02-05 00:00:00,2845.26,2849.22,2839.8,2844.61,10842.0
2025-02-05 01:00:00,2844.62,2853.87,2844.15,2851.27,7382.0
2025-02-05 02:00:00,2851.26,2854.7,2849.85,2852.39,5089.0
2025-02-05 03:00:00,2852.39,2858.13,2851.91,2855.3,3614.0
2025-02-05 04:00:00,2855.3,2860.75,2853.81,2859.31,4351.0
2025-02-05 05:00:00,2859.31,2862.04,2857.27,2859.42,4595.0
2025-02-05 06:00:00,2859.39,2864.22,2855.02,2864.16,7163.0
2025-02-05 07:00:00,2864.16,2869.72,2863.71,2867.69,7076.0
2025-02-05 08:00:00,2867.68,2872.11,2865.39,2870.34,5893.0
2025-02-05 09:00:00,2870.34,2877.04,2866.08,2867.84,6667.0
2025-02-05 10:00:00,2867.84,2870.46,2864.77,2868.75,6999.0
2025-02-05 11:00:00,2868.75,2870.94,2867.14,2870.28,5919.0
2025-02-05 12:00:00,2870.28,2870.7,2858.59,2861.88,12028.0
2025-02-05 13:00:00,2861.85,2872.67,2860.74,2870.9,11803.0
2025-02-05 14:00:00,2870.9,2882.27,2870.9,2880.18,12625.0
2025-02-05 15:00:00,2880.19,2881.04,2863.17,2875.01,11359.0
2025-02-05 16:00:00,2875.05,2876.62,2871.46,2873.1,7004.0
2025-02-05 17:00:00,2873.09,2873.52,2863.99,2865.77,7066.0
2025-02-05 18:00:00,2865.77,2869.0,2862.86,2863.61,6390.0
2025-02-05 19:00:00,2863.61,2866.17,2859.97,2862.61,6528.0
2025-02-05 20:00:00,2862.62,2867.18,2861.21,2867.02,2234.0
2025-02-05 22:00:00,2866.24,2870.86,2861.79,2869.17,2323.0
2025-02-05 23:00:00,2869.17,2869.98,2867.27,2869.82,2571.0
2025-02-06 00:00:00,2869.82,2871.8,2863.69,2871.63,6874.0
2025-02-06 01:00:00,2871.63,2873.37,2868.33,2870.57,5997.0
2025-02-06 02:00:00,2870.57,2870.57,2864.36,2869.37,5953.0
2025-02-06 03:00:00,2869.37,2872.35,2868.36,2868.53,2950.0
2025-02-06 04:00:00,2868.53,2870.07,2865.52,2868.38,4945.0
2025-02-06 05:00:00,2868.38,2871.25,2858.53,2859.35,6962.0
2025-02-06 06:00:00,2859.39,2861.87,2855.07,2855.75,7663.0
2025-02-06 07:00:00,2855.75,2858.62,2848.83,2856.19,8154.0
2025-02-06 08:00:00,2856.19,2860.04,2855.72,2859.37,6532.0
2025-02-06 09:00:00,2859.37,2861.86,2855.71,2859.3,6140.0
2025-02-06 10:00:00,2859.3,2867.53,2858.22,2865.99,6706.0
2025-02-06 11:00:00,2865.97,2870.26,2863.7,2864.49,7515.0
2025-02-06 12:00:00,2864.49,2865.04,2855.65,2856.83,10876.0
2025-02-06 13:00:00,2856.83,2859.82,2841.29,2841.97,12404.0
2025-02-06 14:00:00,2841.97,2853.21,2834.28,2850.68,12207.0
2025-02-06 15:00:00,2850.68,2854.69,2848.78,2848.78,7686.0
2025-02-06 16:00:00,2848.78,2852.71,2848.13,2852.35,5911.0
2025-02-06 17:00:00,2852.35,2853.7,2849.81,2852.7,6244.0
2025-02-06 18:00:00,2852.7,2854.24,2850.43,2854.0,5493.0
2025-02-06 19:00:00,2853.99,2857.34,2853.85,2856.48,6202.0
2025-02-06 20:00:00,2856.48,2857.01,2854.9,2855.55,2321.0
2025-02-06 22:00:00,2856.05,2858.63,2855.63,2858.11,2230.0
2025-02-06 23:00:00,2858.11,2860.59,2857.96,2858.4,2486.0
2025-02-07 00:00:00,2858.37,2868.03,2857.81,2866.23,6808.0
2025-02-07 01:00:00,2866.23,2869.27,2865.42,2868.76,5293.0
2025-02-07 02:00:00,2868.76,2870.52,2866.0,2867.29,5002.0
2025-02-07 03:00:00,2867.29,2869.76,2866.2,2866.55,3553.0
2025-02-07 04:00:00,2866.55,2867.19,2862.17,2862.24,5381.0
2025-02-07 05:00:00,2862.25,2866.14,2858.98,2860.89,6587.0
2025-02-07 06:00:00,2860.89,2865.67,2860.3,2864.08,5332.0
2025-02-07 07:00:00,2864.08,2866.77,2863.23,2866.5,5763.0
2025-02-07 08:00:00,2866.49,2870.74,2865.66,2868.95,6880.0
2025-02-07 09:00:00,2868.95,2869.22,2863.4,2867.59,6561.0
2025-02-07 10:00:00,2867.57,2868.39,2865.13,2867.76,6109.0
2025-02-07 11:00:00,2867.76,2868.06,2863.57,2863.64,6419.0
2025-02-07 12:00:00,2863.64,2871.25,2852.52,2862.57,12670.0
2025-02-07 13:00:00,2862.57,2878.31,2856.16,2876.2,13876.0
2025-02-07 14:00:00,2876.18,2886.8,2873.69,2880.46,11751.0
2025-02-07 15:00:00,2880.54,2881.55,2860.38,2860.67,11541.0
2025-02-07 16:00:00,2860.68,2862.7,2853.44,2860.01,9833.0
2025-02-07 17:00:00,2860.01,2865.2,2859.67,2861.21,5604.0
2025-02-07 18:00:00,2861.26,2863.17,2859.01,2860.31,4190.0
2025-02-07 19:00:00,2860.31,2863.82,2859.41,2860.72,6035.0
2025-02-07 20:00:00,2860.69,2863.38,2860.42,2861.3,3028.0
2025-02-09 22:00:00,2858.37,2870.51,2854.81,2867.54,3843.0
2025-02-09 23:00:00,2867.54,2869.22,2865.75,2867.98,3764.0
2025-02-10 00:00:00,2867.98,2876.62,2866.07,2871.98,8781.0
2025-02-10 01:00:00,2871.98,2875.16,2871.49,2873.9,6395.0
2025-02-10 02:00:00,2873.9,2875.83,2871.35,2875.62,4527.0
2025-02-10 03:00:00,2875.61,2879.64,2874.43,2879.13,4239.0
2025-02-10 04:00:00,2879.29,2880.04,2876.1,2879.26,5429.0
2025-02-10 05:00:00,2879.26,2892.34,2878.9,2888.48,6937.0
2025-02-10 06:00:00,2888.46,2896.65,2886.65,2895.67,7520.0
2025-02-10 07:00:00,2895.64,2898.89,2892.23,2896.61,7907.0
2025-02-10 08:00:00,2896.61,2903.25,2896.16,2903.01,7144.0
2025-02-10 09:00:00,2902.99,2906.29,2898.24,2902.34,7417.0
2025-02-10 10:00:00,2902.37,2905.82,2898.38,2904.72,6574.0
2025-02-10 11:00:00,2904.71,2907.01,2902.73,2903.0,7925.0
2025-02-10 12:00:00,2902.99,2910.97,2899.82,2901.15,12143.0
2025-02-10 13:00:00,2901.14,2909.31,2896.4,2908.69,11840.0
2025-02-10 14:00:00,2908.69,2911.96,2904.5,2909.01,9215.0
2025-02-10 15:00:00,2909.01,2910.33,2899.27,2901.1,7710.0
2025-02-10 16:00:00,2901.1,2904.33,2896.69,2903.22,7411.0
2025-02-10 17:00:00,2903.22,2906.88,2900.88,2905.13,6645.0
2025-02-10 18:00:00,2905.13,2906.65,2902.52,2904.36,5416.0
2025-02-10 19:00:00,2904.36,2907.82,2902.94,2907.43,5114.0
2025-02-10 20:00:00,2907.21,2908.22,2905.36,2907.88,3017.0
2025-02-10 22:00:00,2907.87,2921.66,2907.87,2917.77,3883.0
2025-02-10 23:00:00,2917.77,2925.23,2916.46,2922.43,3915.0
2025-02-11 00:00:00,2922.43,2936.12,2919.74,2933.92,9510.0
2025-02-11 01:00:00,2933.92,2942.71,2905.98,2918.9,11598.0
2025-02-11 02:00:00,2918.87,2925.75,2911.59,2919.75,8856.0
2025-02-11 03:00:00,2919.78,2920.89,2915.11,2916.59,5653.0
2025-02-11 04:00:00,2916.37,2923.82,2915.4,2922.94,6827.0
2025-02-11 05:00:00,2922.94,2929.49,2915.44,2917.86,8841.0
2025-02-11 06:00:00,2917.85,2918.44,2907.26,2913.31,8949.0
2025-02-11 07:00:00,2913.42,2915.33,2907.07,2907.43,7493.0
2025-02-11 08:00:00,2907.43,2912.38,2903.01,2903.18,9037.0
2025-02-11 09:00:00,2903.16,2907.1,2901.9,2902.71,7897.0
2025-02-11 10:00:00,2902.71,2906.7,2902.27,2903.9,7314.0
2025-02-11 11:00:00,2903.9,2904.25,2886.96,2889.4,10881.0
2025-02-11 12:00:00,2889.39,2898.24,2881.71,2896.59,14248.0
2025-02-11 13:00:00,2896.58,2904.4,2895.03,2896.83,13253.0
2025-02-11 14:00:00,2896.78,2906.59,2890.85,2904.76,11818.0
2025-02-11 15:00:00,2904.72,2908.66,2902.32,2902.41,9503.0
2025-02-11 16:00:00,2902.41,2907.34,2899.74,2905.62,8128.0
2025-02-11 17:00:00,2905.63,2907.25,2903.32,2905.98,7086.0
2025-02-11 18:00:00,2905.98,2906.51,2899.74,2900.19,6562.0
2025-02-11 19:00:00,2900.19,2900.49,2894.12,2897.66,7607.0
2025-02-11 20:00:00,2897.64,2899.78,2897.49,2897.53,2901.0
2025-02-11 22:00:00,2898.21,2900.76,2896.99,2898.66,1794.0
2025-02-11 23:00:00,2898.66,2898.85,2889.17,2892.22,3466.0
2025-02-12 00:00:00,2892.22,2897.69,2883.59,2893.29,8989.0
2025-02-12 01:00:00,2893.29,2897.83,2891.92,2892.45,6784.0
2025-02-12 02:00:00,2892.45,2893.01,2886.78,2888.98,6475.0
2025-02-12 03:00:00,2888.98,2890.48,2884.11,2885.36,4452.0
2025-02-12 04:00:00,2885.36,2888.03,2883.85,2886.41,5527.0
2025-02-12 05:00:00,2886.41,2894.69,2885.7,2892.61,6704.0
2025-02-12 06:00:00,2892.61,2895.82,2890.9,2892.96,6810.0
2025-02-12 07:00:00,2892.96,2894.11,2888.0,2891.72,7114.0
2025-02-12 08:00:00,2891.71,2893.39,2886.38,2886.84,6682.0
2025-02-12 09:00:00,2886.84,2889.9,2879.43,2882.84,6802.0
2025-02-12 10:00:00,2882.84,2885.97,2879.38,2879.68,5755.0
2025-02-12 11:00:00,2879.68,2886.0,2878.98,2885.31,6649.0
2025-02-12 12:00:00,2885.32,2885.8,2864.22,2884.81,14346.0
2025-02-12 13:00:00,2884.8,2898.1,2882.01,2894.64,13545.0
2025-02-12 14:00:00,2894.64,2896.02,2886.88,2894.75,11264.0
2025-02-12 15:00:00,2894.75,2904.52,2892.23,2902.51,9456.0
2025-02-12 16:00:00,2902.48,2909.2,2901.95,2902.87,8891.0
2025-02-12 17:00:00,2902.87,2903.84,2900.48,2901.0,7489.0
2025-02-12 18:00:00,2901.0,2901.75,2893.58,2897.94,6391.0
2025-02-12 19:00:00,2897.94,2901.37,2895.55,2901.03,4999.0
2025-02-12 20:00:00,2901.02,2904.08,2900.2,2903.97,4767.0
2025-02-12 22:00:00,2904.05,2906.58,2900.52,2905.8,2028.0
2025-02-12 23:00:00,2905.8,2909.1,2904.54,2906.29,3125.0
2025-02-13 00:00:00,2906.29,2907.41,2901.51,2906.05,6242.0
2025-02-13 01:00:00,2906.05,2909.06,2905.35,2908.91,5559.0
2025-02-13 02:00:00,2908.91,2918.1,2907.3,2916.59,5044.0
2025-02-13 03:00:00,2916.59,2919.26,2916.29,2918.63,3998.0
2025-02-13 04:00:00,2918.63,2922.86,2916.49,2918.1,4499.0
2025-02-13 05:00:00,2918.17,2918.82,2912.61,2916.18,6471.0
2025-02-13 06:00:00,2916.15,2920.83,2913.25,2914.6,6579.0
2025-02-13 07:00:00,2914.68,2918.06,2909.39,2911.73,7077.0
2025-02-13 08:00:00,2911.73,2918.35,2909.88,2915.28,5350.0
2025-02-13 09:00:00,2915.28,2919.48,2914.01,2918.07,3904.0
2025-02-13 10:00:00,2918.08,2918.37,2915.48,2918.09,5789.0
2025-02-13 11:00:00,2918.09,2921.41,2915.81,2917.72,5520.0
2025-02-13 12:00:00,2917.72,2917.99,2905.92,2908.5,11420.0
2025-02-13 13:00:00,2908.44,2917.42,2906.56,2915.19,10912.0
2025-02-13 14:00:00,2915.15,2921.0,2914.63,2920.32,9744.0
2025-02-13 15:00:00,2920.29,2920.84,2913.06,2913.85,7233.0
2025-02-13 16:00:00,2913.91,2919.15,2913.6,2918.95,6265.0
2025-02-13 17:00:00,2918.96,2925.33,2914.34,2924.14,7829.0
2025-02-13 18:00:00,2924.14,2927.37,2923.93,2926.89,5455.0
2025-02-13 19:00:00,2926.85,2928.97,2924.91,2928.47,5815.0
2025-02-13 20:00:00,2928.47,2929.36,2928.03,2928.34,2650.0
2025-02-13 22:00:00,2927.62,2932.35,2927.32,2931.16,2402.0
2025-02-13 23:00:00,2931.16,2931.37,2927.54,2927.87,2877.0
2025-02-14 00:00:00,2927.87,2933.88,2927.87,2929.97,6363.0
2025-02-14 01:00:00,2929.97,2930.56,2925.92,2927.4,4862.0
2025-02-14 02:00:00,2927.39,2930.39,2923.33,2924.48,4395.0
2025-02-14 03:00:00,2924.48,2929.22,2923.94,2928.46,3419.0
2025-02-14 04:00:00,2928.46,2932.45,2926.87,2930.96,4777.0
2025-02-14 05:00:00,2930.97,2936.84,2929.89,2934.33,7122.0
2025-02-14 06:00:00,2934.35,2935.14,2930.64,2931.86,5838.0
2025-02-14 07:00:00,2931.85,2938.53,2930.84,2935.41,6228.0
2025-02-14 08:00:00,2935.41,2938.76,2934.16,2935.29,5780.0
2025-02-14 09:00:00,2935.29,2940.06,2934.38,2935.97,6499.0
2025-02-14 10:00:00,2935.97,2937.6,2929.35,2931.04,5197.0
2025-02-14 11:00:00,2931.04,2933.14,2927.84,2930.88,6508.0
2025-02-14 12:00:00,2930.88,2933.11,2917.77,2920.62,13143.0
2025-02-14 13:00:00,2920.61,2928.37,2914.44,2921.02,13612.0
2025-02-14 14:00:00,2921.08,2921.9,2893.03,2901.96,15288.0
2025-02-14 15:00:00,2901.96,2903.91,2888.62,2896.03,12642.0
2025-02-14 16:00:00,2896.11,2897.64,2885.49,2887.05,9972.0
2025-02-14 17:00:00,2887.09,2888.04,2882.2,2883.95,7996.0
2025-02-14 18:00:00,2883.95,2886.1,2878.86,2880.63,5719.0
2025-02-14 19:00:00,2880.63,2886.26,2876.98,2885.38,6919.0
2025-02-14 20:00:00,2885.34,2885.63,2882.15,2882.5,3304.0
2025-02-16 22:00:00,2884.74,2893.87,2878.15,2879.22,5843.0
2025-02-16 23:00:00,2879.22,2888.09,2879.22,2883.75,3822.0
2025-02-17 00:00:00,2883.75,2896.81,2882.72,2895.76,8627.0
2025-02-17 01:00:00,2895.76,2899.8,2893.94,2899.22,6116.0
2025-02-17 02:00:00,2899.25,2904.7,2897.74,2903.67,5218.0
2025-02-17 03:00:00,2903.67,2904.97,2898.51,2899.34,4331.0
2025-02-17 04:00:00,2899.34,2905.26,2896.05,2896.26,5936.0
2025-02-17 05:00:00,2896.26,2897.83,2888.27,2896.63,7133.0
2025-02-17 06:00:00,2896.67,2903.66,2896.6,2902.5,5097.0
2025-02-17 07:00:00,2902.5,2902.68,2895.06,2900.42,5608.0
2025-02-17 08:00:00,2900.42,2906.44,2900.42,2902.59,5771.0
2025-02-17 09:00:00,2902.58,2903.02,2895.5,2902.82,5733.0
2025-02-17 10:00:00,2902.82,2903.87,2897.9,2901.11,5472.0
2025-02-17 11:00:00,2901.1,2901.66,2895.41,2897.8,6489.0
2025-02-17 12:00:00,2897.81,2899.21,2895.53,2896.82,8182.0
2025-02-17 13:00:00,2896.82,2903.9,2896.48,2902.96,7739.0
2025-02-17 14:00:00,2902.96,2904.06,2897.97,2899.24,6627.0
2025-02-17 15:00:00,2899.24,2901.18,2896.64,2899.32,4870.0
2025-02-17 16:00:00,2899.32,2899.86,2898.04,2898.42,3782.0
2025-02-17 17:00:00,2898.42,2899.11,2897.16,2898.32,2751.0
2025-02-17 18:00:00,2898.28,2899.19,2896.88,2899.13,1302.0
2025-02-17 22:00:00,2898.42,2899.51,2897.3,2899.19,1123.0
2025-02-17 23:00:00,2899.19,2900.28,2898.3,2899.25,1713.0
2025-02-18 00:00:00,2899.25,2899.95,2892.01,2895.85,5528.0
2025-02-18 01:00:00,2895.85,2905.17,2895.33,2903.13,5300.0
2025-02-18 02:00:00,2903.17,2910.72,2902.88,2909.04,5618.0
2025-02-18 03:00:00,2909.04,2911.06,2907.27,2910.94,2672.0
2025-02-18 04:00:00,2910.88,2915.7,2909.88,2910.8,5625.0
2025-02-18 05:00:00,2910.8,2914.41,2910.05,2913.7,4377.0
2025-02-18 06:00:00,2913.7,2915.43,2908.52,2911.64,4668.0
2025-02-18 07:00:00,2911.64,2913.34,2908.21,2912.51,5493.0
2025-02-18 08:00:00,2912.47,2913.43,2910.08,2912.8,4908.0
2025-02-18 09:00:00,2912.8,2913.57,2907.19,2911.29,4676.0
2025-02-18 10:00:00,2911.29,2914.87,2909.84,2914.23,4945.0
2025-02-18 11:00:00,2914.23,2918.9,2912.23,2918.22,6382.0
2025-02-18 12:00:00,2918.22,2921.32,2913.47,2918.82,9389.0
2025-02-18 13:00:00,2918.82,2928.73,2917.89,2928.06,10197.0
2025-02-18 14:00:00,2928.04,2929.76,2923.62,2927.11,9595.0
2025-02-18 15:00:00,2927.08,2933.72,2924.24,2932.97,8889.0
2025-02-18 16:00:00,2932.94,2933.66,2929.64,2931.25,6745.0
2025-02-18 17:00:00,2931.25,2933.66,2928.36,2933.38,5678.0
2025-02-18 18:00:00,2933.38,2936.92,2931.99,2935.75,4970.0
2025-02-18 19:00:00,2935.75,2936.71,2932.46,2933.51,3762.0
2025-02-18 20:00:00,2933.52,2936.4,2933.31,2935.08,2804.0
2025-02-18 22:00:00,2935.5,2935.97,2933.18,2934.06,1003.0
2025-02-18 23:00:00,2934.06,2934.29,2928.51,2929.4,2365.0
2025-02-19 00:00:00,2929.4,2939.75,2928.29,2938.6,5848.0
2025-02-19 01:00:00,2938.6,2939.72,2924.09,2929.22,6154.0
2025-02-19 02:00:00,2929.29,2930.53,2925.03,2928.93,5013.0
2025-02-19 03:00:00,2928.93,2929.54,2926.55,2929.21,3096.0
2025-02-19 04:00:00,2929.21,2934.38,2927.96,2932.91,4180.0
2025-02-19 05:00:00,2932.89,2935.92,2930.88,2931.73,4697.0
2025-02-19 06:00:00,2931.73,2935.78,2930.52,2934.17,5254.0
2025-02-19 07:00:00,2934.17,2940.14,2933.64,2938.74,6754.0
2025-02-19 08:00:00,2938.74,2946.55,2938.3,2945.57,6359.0
2025-02-19 09:00:00,2945.57,2946.94,2942.77,2944.95,5453.0
2025-02-19 10:00:00,2944.95,2946.22,2934.18,2935.15,5900.0
2025-02-19 11:00:00,2935.15,2936.79,2931.34,2933.5,7376.0
2025-02-19 12:00:00,2933.42,2941.7,2932.47,2936.34,9823.0
2025-02-19 13:00:00,2936.31,2940.6,2930.26,2938.14,11969.0
2025-02-19 14:00:00,2938.15,2939.19,2925.49,2925.7,10481.0
2025-02-19 15:00:00,2925.72,2931.05,2923.03,2928.11,9445.0
2025-02-19 16:00:00,2928.11,2929.88,2921.46,2923.84,6776.0
2025-02-19 17:00:00,2923.82,2926.77,2918.58,2924.9,8522.0
2025-02-19 18:00:00,2924.91,2932.36,2923.64,2931.75,7480.0
2025-02-19 19:00:00,2931.75,2936.57,2931.42,2935.89,7188.0
2025-02-19 20:00:00,2935.87,2937.34,2932.3,2932.99,2830.0
2025-02-19 22:00:00,2933.5,2936.24,2933.33,2935.63,1201.0
2025-02-19 23:00:00,2935.63,2941.34,2935.63,2941.06,2290.0
2025-02-20 00:00:00,2941.06,2942.39,2934.74,2937.0,6842.0
2025-02-20 01:00:00,2937.03,2941.76,2933.97,2940.95,6178.0
2025-02-20 02:00:00,2940.97,2944.07,2940.63,2941.88,3677.0
2025-02-20 03:00:00,2941.89,2942.54,2939.37,2940.04,2830.0
2025-02-20 04:00:00,2940.05,2946.97,2939.41,2946.89,3832.0
2025-02-20 05:00:00,2946.89,2948.98,2943.87,2947.87,4367.0
2025-02-20 06:00:00,2947.87,2954.24,2946.52,2949.01,5340.0
2025-02-20 07:00:00,2949.01,2954.87,2949.01,2954.57,5803.0
2025-02-20 08:00:00,2954.56,2954.94,2949.88,2951.6,5380.0
2025-02-20 09:00:00,2951.6,2954.87,2949.24,2952.26,6873.0
2025-02-20 10:00:00,2952.3,2952.93,2947.3,2948.79,5630.0
2025-02-20 11:00:00,2948.77,2950.89,2938.9,2945.39,7940.0
2025-02-20 12:00:00,2945.45,2947.78,2933.85,2934.06,11019.0
2025-02-20 13:00:00,2933.98,2939.97,2924.21,2935.19,13376.0
2025-02-20 14:00:00,2935.24,2939.63,2931.78,2938.47,10865.0
2025-02-20 15:00:00,2938.47,2945.62,2935.99,2943.08,8199.0
2025-02-20 16:00:00,2943.09,2947.04,2940.04,2940.5,7054.0
2025-02-20 17:00:00,2940.46,2942.52,2937.36,2941.73,7356.0
2025-02-20 18:00:00,2941.72,2941.97,2933.62,2937.99,6507.0
2025-02-20 19:00:00,2937.99,2938.75,2935.54,2937.79,5406.0
2025-02-20 20:00:00,2937.85,2940.28,2937.51,2939.06,2755.0
2025-02-20 22:00:00,2937.7,2943.4,2937.7,2941.64,1565.0
2025-02-20 23:00:00,2941.64,2942.8,2937.27,2939.99,2553.0
2025-02-21 00:00:00,2939.99,2949.77,2926.86,2928.87,8693.0
2025-02-21 01:00:00,2928.87,2941.07,2926.48,2939.23,7049.0
2025-02-21 02:00:00,2939.21,2939.82,2927.17,2931.19,6703.0
2025-02-21 03:00:00,2931.19,2932.33,2926.64,2928.53,4021.0
2025-02-21 04:00:00,2928.47,2934.15,2924.27,2930.24,6080.0
2025-02-21 05:00:00,2930.24,2931.48,2925.66,2929.8,5934.0
2025-02-21 06:00:00,2929.76,2933.09,2929.05,2930.02,4016.0
2025-02-21 07:00:00,2929.96,2931.28,2916.79,2923.26,7629.0
2025-02-21 08:00:00,2923.26,2929.57,2923.13,2929.36,5214.0
2025-02-21 09:00:00,2929.36,2931.05,2928.98,2930.55,3991.0
2025-02-21 10:00:00,2930.55,2936.08,2928.05,2928.39,4656.0
2025-02-21 11:00:00,2928.39,2935.2,2927.66,2930.1,5947.0
2025-02-21 12:00:00,2930.1,2934.74,2926.99,2931.0,8897.0
2025-02-21 13:00:00,2931.0,2939.02,2928.19,2933.9,9927.0
2025-02-21 14:00:00,2933.89,2935.64,2921.63,2928.73,11446.0
2025-02-21 15:00:00,2928.68,2938.48,2927.38,2936.74,7749.0
2025-02-21 16:00:00,2936.74,2941.71,2936.09,2939.79,5935.0
2025-02-21 17:00:00,2939.79,2942.88,2937.8,2941.81,6651.0
2025-02-21 18:00:00,2941.82,2942.63,2933.0,2933.48,6032.0
2025-02-21 19:00:00,2933.44,2937.29,2932.46,2934.71,6468.0
2025-02-21 20:00:00,2934.74,2938.16,2932.02,2935.89,3275.0
2025-02-23 22:00:00,2934.55,2940.55,2932.95,2936.83,4052.0
2025-02-23 23:00:00,2936.84,2938.04,2929.75,2930.1,4128.0
2025-02-24 00:00:00,2930.13,2931.27,2921.34,2928.09,9898.0
2025-02-24 01:00:00,2928.15,2940.92,2925.09,2940.89,7955.0
2025-02-24 02:00:00,2940.89,2944.75,2939.82,2941.23,7696.0
2025-02-24 03:00:00,2941.23,2943.1,2937.96,2941.0,5407.0
2025-02-24 04:00:00,2941.0,2942.3,2935.56,2936.28,5599.0
2025-02-24 05:00:00,2936.28,2941.89,2935.24,2938.61,4755.0
2025-02-24 06:00:00,2938.62,2944.94,2938.18,2944.01,4473.0
2025-02-24 07:00:00,2944.0,2948.84,2938.16,2946.39,6432.0
2025-02-24 08:00:00,2946.39,2948.23,2942.63,2944.36,6252.0
2025-02-24 09:00:00,2944.33,2944.75,2935.02,2938.32,5126.0
2025-02-24 10:00:00,2938.32,2948.19,2937.77,2947.67,5402.0
2025-02-24 11:00:00,2947.67,2951.13,2945.46,2946.55,5778.0
2025-02-24 12:00:00,2946.55,2954.55,2946.33,2954.4,8914.0
2025-02-24 13:00:00,2954.41,2956.29,2934.85,2938.59,11816.0
2025-02-24 14:00:00,2938.61,2940.53,2930.86,2936.54,11836.0
2025-02-24 15:00:00,2936.52,2943.61,2936.5,2943.42,8751.0
2025-02-24 16:00:00,2943.44,2944.85,2941.07,2943.34,8686.0
2025-02-24 17:00:00,2943.41,2948.1,2942.87,2947.42,7128.0
2025-02-24 18:00:00,2947.42,2949.97,2946.88,2949.23,5812.0
2025-02-24 19:00:00,2949.23,2951.53,2947.02,2950.6,4060.0
2025-02-24 20:00:00,2950.56,2953.02,2950.33,2952.62,2460.0
2025-02-24 22:00:00,2952.35,2953.79,2948.29,2950.16,3091.0
2025-02-24 23:00:00,2950.16,2952.49,2948.45,2949.53,2808.0
2025-02-25 00:00:00,2949.53,2952.47,2945.3,2949.64,7411.0
2025-02-25 01:00:00,2949.64,2952.21,2947.21,2948.67,5319.0
2025-02-25 02:00:00,2948.67,2949.52,2937.56,2939.53,6560.0
2025-02-25 03:00:00,2939.53,2939.83,2935.12,2936.89,4048.0
2025-02-25 04:00:00,2936.89,2940.9,2936.77,2938.13,4578.0
2025-02-25 05:00:00,2938.13,2938.48,2933.58,2935.9,4932.0
2025-02-25 06:00:00,2935.91,2940.61,2930.66,2931.6,7558.0
2025-02-25 07:00:00,2931.69,2942.34,2929.53,2941.59,8502.0
2025-02-25 08:00:00,2941.59,2942.37,2937.43,2938.88,6618.0
2025-02-25 09:00:00,2938.88,2941.63,2937.29,2937.49,6563.0
2025-02-25 10:00:00,2937.49,2940.73,2937.12,2938.7,6117.0
2025-02-25 11:00:00,2938.7,2941.37,2924.08,2928.63,10669.0
2025-02-25 12:00:00,2928.65,2938.05,2926.18,2937.51,12011.0
2025-02-25 13:00:00,2937.52,2944.8,2931.34,2931.47,11865.0
2025-02-25 14:00:00,2931.5,2934.91,2900.68,2905.92,15802.0
2025-02-25 15:00:00,2905.98,2906.87,2888.22,2896.42,13038.0
2025-02-25 16:00:00,2896.44,2908.89,2893.7,2907.69,9308.0
2025-02-25 17:00:00,2907.68,2912.34,2905.42,2909.45,7715.0
2025-02-25 18:00:00,2909.45,2913.82,2905.8,2912.07,6167.0
2025-02-25 19:00:00,2912.07,2913.36,2910.86,2912.75,5972.0
2025-02-25 20:00:00,2912.75,2917.27,2912.64,2914.82,4142.0
2025-02-25 22:00:00,2915.2,2918.91,2913.64,2918.56,3126.0
2025-02-25 23:00:00,2918.56,2926.11,2918.56,2923.45,4379.0
2025-02-26 00:00:00,2923.45,2930.2,2915.33,2917.99,7544.0
2025-02-26 01:00:00,2917.99,2923.2,2914.83,2921.25,6317.0
2025-02-26 02:00:00,2921.25,2921.76,2916.42,2917.15,2825.0
2025-02-26 03:00:00,2917.18,2918.87,2912.64,2914.89,3141.0
2025-02-26 04:00:00,2914.89,2921.14,2914.83,2915.47,3971.0
2025-02-26 05:00:00,2915.47,2916.22,2906.74,2906.86,5275.0
2025-02-26 06:00:00,2906.85,2917.65,2905.86,2915.45,6470.0
2025-02-26 07:00:00,2915.45,2918.33,2909.69,2917.99,6205.0
2025-02-26 08:00:00,2917.96,2919.08,2912.23,2913.11,5477.0
2025-02-26 09:00:00,2913.11,2916.85,2911.0,2912.74,4677.0
2025-02-26 10:00:00,2912.74,2915.46,2912.13,2913.76,4016.0
2025-02-26 11:00:00,2913.76,2915.55,2910.14,2913.92,4716.0
2025-02-26 12:00:00,2913.92,2915.07,2905.61,2906.01,8700.0
2025-02-26 13:00:00,2906.0,2906.14,2890.84,2901.68,13563.0
2025-02-26 14:00:00,2901.8,2914.36,2898.59,2913.31,10424.0
2025-02-26 15:00:00,2913.32,2916.7,2909.89,2913.12,8212.0
2025-02-26 16:00:00,2913.12,2916.22,2910.34,2913.89,7510.0
2025-02-26 17:00:00,2913.89,2916.16,2912.43,2914.93,5664.0
2025-02-26 18:00:00,2914.93,2916.26,2913.35,2913.91,4094.0
2025-02-26 19:00:00,2913.91,2916.73,2912.04,2916.42,4425.0
2025-02-26 20:00:00,2916.33,2918.81,2915.84,2916.11,4068.0
2025-02-26 22:00:00,2916.73,2920.85,2915.95,2919.33,1880.0
2025-02-26 23:00:00,2919.33,2919.33,2915.97,2917.12,2300.0
2025-02-27 00:00:00,2917.12,2918.39,2911.03,2912.65,6877.0
2025-02-27 01:00:00,2912.65,2914.9,2904.33,2906.68,5649.0
2025-02-27 02:00:00,2906.75,2909.15,2905.32,2905.65,3956.0
2025-02-27 03:00:00,2905.78,2906.44,2896.32,2897.48,4950.0
2025-02-27 04:00:00,2897.48,2898.66,2888.67,2890.95,7767.0
2025-02-27 05:00:00,2890.95,2898.37,2890.55,2894.25,6702.0
2025-02-27 06:00:00,2894.25,2896.71,2888.0,2891.98,6828.0
2025-02-27 07:00:00,2891.98,2892.08,2880.7,2881.41,10048.0
2025-02-27 08:00:00,2881.41,2893.54,2877.18,2887.37,8370.0
2025-02-27 09:00:00,2887.37,2895.09,2886.6,2892.3,5793.0
2025-02-27 10:00:00,2892.3,2894.89,2883.52,2884.1,6890.0
2025-02-27 11:00:00,2884.13,2888.85,2883.21,2885.13,6493.0
2025-02-27 12:00:00,2885.13,2892.17,2881.19,2889.05,12312.0
2025-02-27 13:00:00,2889.06,2892.39,2867.89,2872.47,13201.0
2025-02-27 14:00:00,2872.41,2882.6,2870.49,2872.28,13285.0
2025-02-27 15:00:00,2872.34,2878.14,2871.98,2877.44,9187.0
2025-02-27 16:00:00,2877.59,2883.83,2876.15,2883.27,7367.0
2025-02-27 17:00:00,2883.27,2887.35,2882.84,2887.35,5431.0
2025-02-27 18:00:00,2887.35,2887.69,2877.28,2879.27,6682.0
2025-02-27 19:00:00,2879.25,2879.34,2872.75,2873.9,7951.0
2025-02-27 20:00:00,2873.87,2878.06,2871.31,2877.12,3093.0
2025-02-27 22:00:00,2877.26,2878.39,2874.96,2875.84,1861.0
2025-02-27 23:00:00,2875.84,2880.19,2874.96,2877.01,3486.0
2025-02-28 00:00:00,2877.01,2885.13,2873.88,2874.87,9025.0
2025-02-28 01:00:00,2874.86,2877.86,2870.47,2873.35,8307.0
2025-02-28 02:00:00,2873.35,2876.21,2863.56,2865.78,7577.0
2025-02-28 03:00:00,2865.78,2866.09,2856.96,2863.56,7099.0
2025-02-28 04:00:00,2863.46,2867.04,2861.88,2864.14,6602.0
2025-02-28 05:00:00,2864.14,2866.58,2861.96,2863.67,6529.0
2025-02-28 06:00:00,2863.67,2865.28,2857.52,2858.65,7204.0
2025-02-28 07:00:00,2858.61,2860.44,2851.13,2856.03,8285.0
2025-02-28 08:00:00,2856.03,2864.35,2855.85,2862.42,7020.0
2025-02-28 09:00:00,2862.42,2864.98,2860.76,2862.88,5382.0
2025-02-28 10:00:00,2862.88,2863.74,2859.1,2862.35,5254.0
2025-02-28 11:00:00,2862.32,2864.94,2854.43,2856.4,7412.0
2025-02-28 12:00:00,2856.41,2862.3,2848.35,2848.52,11486.0
2025-02-28 13:00:00,2848.52,2851.76,2833.59,2834.03,14062.0
2025-02-28 14:00:00,2833.96,2850.77,2832.7,2850.15,13553.0
2025-02-28 15:00:00,2850.25,2853.92,2846.34,2848.65,10436.0
2025-02-28 16:00:00,2848.65,2851.58,2844.6,2845.14,8139.0
2025-02-28 17:00:00,2845.13,2847.86,2838.11,2845.25,9504.0
2025-02-28 18:00:00,2845.36,2850.96,2844.18,2849.69,6735.0
2025-02-28 19:00:00,2849.62,2855.12,2847.78,2854.72,5972.0
2025-02-28 20:00:00,2854.72,2859.28,2853.28,2859.06,2624.0
2025-03-02 22:00:00,2856.12,2876.88,2855.87,2871.09,5322.0
2025-03-02 23:00:00,2871.09,2871.42,2865.29,2865.94,5763.0
2025-03-03 00:00:00,2865.94,2872.09,2864.21,2870.88,7581.0
2025-03-03 01:00:00,2870.88,2872.12,2867.8,2868.22,4071.0
2025-03-03 02:00:00,2868.2,2868.2,2859.44,2864.84,6644.0
2025-03-03 03:00:00,2864.84,2868.49,2863.11,2867.27,3362.0
2025-03-03 04:00:00,2867.27,2867.39,2861.32,2863.91,4796.0
2025-03-03 05:00:00,2863.91,2866.02,2861.74,2865.52,4821.0
2025-03-03 06:00:00,2865.52,2866.32,2860.23,2863.34,5711.0
2025-03-03 07:00:00,2863.34,2868.93,2858.94,2868.7,7913.0
2025-03-03 08:00:00,2868.69,2871.51,2864.35,2867.5,7894.0
2025-03-03 09:00:00,2867.5,2873.62,2867.35,2871.88,5874.0
2025-03-03 10:00:00,2871.88,2875.51,2871.21,2874.38,4564.0
2025-03-03 11:00:00,2874.38,2877.6,2874.04,2875.66,4966.0
2025-03-03 12:00:00,2875.66,2876.22,2868.95,2872.66,8690.0
2025-03-03 13:00:00,2872.65,2882.98,2871.34,2877.34,9302.0
2025-03-03 14:00:00,2877.41,2890.46,2873.97,2887.88,11983.0
2025-03-03 15:00:00,2887.88,2893.09,2886.11,2891.7,7442.0
2025-03-03 16:00:00,2891.7,2892.97,2887.37,2890.85,6340.0
2025-03-03 17:00:00,2890.84,2892.46,2886.64,2890.01,7743.0
2025-03-03 18:00:00,2890.01,2891.3,2879.84,2881.6,6883.0
2025-03-03 19:00:00,2881.6,2891.51,2878.36,2890.5,8003.0
2025-03-03 20:00:00,2890.6,2895.27,2890.26,2892.99,3363.0
2025-03-03 22:00:00,2892.22,2893.32,2890.67,2891.04,1882.0
2025-03-03 23:00:00,2891.04,2893.8,2890.08,2891.86,3040.0
2025-03-04 00:00:00,2891.87,2893.05,2881.96,2888.26,7371.0
2025-03-04 01:00:00,2888.26,2889.38,2884.86,2885.48,5090.0
2025-03-04 02:00:00,2885.49,2893.08,2884.91,2888.67,4588.0
2025-03-04 03:00:00,2888.67,2892.7,2886.67,2891.38,3824.0
2025-03-04 04:00:00,2891.38,2894.38,2888.56,2889.73,4713.0
2025-03-04 05:00:00,2889.73,2889.87,2884.46,2887.42,4964.0
2025-03-04 06:00:00,2887.42,2901.46,2887.07,2899.99,6524.0
2025-03-04 07:00:00,2899.99,2918.63,2896.72,2914.05,10090.0
2025-03-04 08:00:00,2914.1,2921.19,2912.51,2917.99,5598.0
2025-03-04 09:00:00,2918.0,2918.05,2912.05,2914.69,6605.0
2025-03-04 10:00:00,2914.69,2921.72,2913.11,2919.9,5944.0
2025-03-04 11:00:00,2919.92,2925.52,2918.68,2924.88,7322.0
2025-03-04 12:00:00,2924.9,2927.81,2919.91,2922.54,11117.0
2025-03-04 13:00:00,2922.55,2923.07,2903.46,2903.58,12100.0
2025-03-04 14:00:00,2903.41,2912.36,2900.48,2906.14,12735.0
2025-03-04 15:00:00,2906.14,2916.05,2903.73,2915.14,9711.0
2025-03-04 16:00:00,2915.14,2916.43,2911.11,2911.62,6721.0
2025-03-04 17:00:00,2911.62,2915.22,2908.3,2911.33,5577.0
2025-03-04 18:00:00,2911.33,2916.51,2911.27,2916.12,5623.0
2025-03-04 19:00:00,2916.12,2920.62,2914.39,2917.28,7306.0
2025-03-04 20:00:00,2917.28,2918.43,2913.35,2917.7,4064.0
2025-03-04 22:00:00,2917.87,2918.27,2914.35,2914.48,1690.0
2025-03-04 23:00:00,2914.48,2917.11,2912.21,2914.19,3408.0
2025-03-05 00:00:00,2914.19,2915.11,2903.55,2907.15,7997.0
2025-03-05 01:00:00,2907.15,2914.56,2902.03,2904.33,7445.0
2025-03-05 02:00:00,2904.33,2913.55,2903.49,2908.71,6268.0
2025-03-05 03:00:00,2908.71,2912.68,2908.56,2910.49,2297.0
2025-03-05 04:00:00,2910.5,2918.86,2910.06,2918.8,4110.0
2025-03-05 05:00:00,2918.8,2921.71,2913.5,2917.0,5647.0
2025-03-05 06:00:00,2917.0,2919.81,2913.11,2918.19,7533.0
2025-03-05 07:00:00,2918.15,2921.96,2916.84,2919.99,9644.0
2025-03-05 08:00:00,2920.01,2922.53,2913.41,2918.96,8399.0
2025-03-05 09:00:00,2918.96,2919.24,2908.93,2913.23,8245.0
2025-03-05 10:00:00,2913.24,2917.29,2912.0,2913.3,7475.0
2025-03-05 11:00:00,2913.3,2919.18,2912.47,2916.13,8229.0
2025-03-05 12:00:00,2916.2,2916.63,2894.39,2900.0,12834.0
2025-03-05 13:00:00,2900.0,2917.17,2897.76,2912.54,13440.0
2025-03-05 14:00:00,2912.5,2923.86,2908.16,2917.17,14228.0
2025-03-05 15:00:00,2917.17,2929.96,2915.25,2923.86,10787.0
2025-03-05 16:00:00,2923.86,2925.25,2913.76,2916.02,9090.0
2025-03-05 17:00:00,2915.97,2920.75,2911.55,2917.53,8065.0
2025-03-05 18:00:00,2917.53,2921.39,2916.14,2920.53,5960.0
2025-03-05 19:00:00,2920.53,2923.06,2919.5,2922.02,5690.0
2025-03-05 20:00:00,2922.11,2922.4,2917.64,2919.13,2174.0
2025-03-05 22:00:00,2919.62,2919.67,2916.74,2918.24,1603.0
2025-03-05 23:00:00,2918.24,2920.23,2916.53,2916.68,2654.0
2025-03-06 00:00:00,2916.68,2925.7,2915.95,2924.69,6739.0
2025-03-06 01:00:00,2924.69,2926.55,2923.02,2925.6,5294.0
2025-03-06 02:00:00,2925.6,2925.63,2920.15,2921.27,3934.0
2025-03-06 03:00:00,2921.27,2921.55,2916.46,2917.4,3092.0
2025-03-06 04:00:00,2917.4,2920.66,2914.75,2919.86,5033.0
2025-03-06 05:00:00,2919.86,2922.92,2919.85,2920.49,4943.0
2025-03-06 06:00:00,2920.49,2922.44,2909.8,2910.04,8721.0
2025-03-06 07:00:00,2910.11,2911.41,2901.11,2904.82,10131.0
2025-03-06 08:00:00,2904.82,2905.49,2891.02,2894.24,10862.0
2025-03-06 09:00:00,2894.24,2905.25,2891.96,2899.28,10309.0
2025-03-06 10:00:00,2899.28,2907.74,2898.62,2905.85,8324.0
2025-03-06 11:00:00,2905.85,2907.1,2899.38,2903.23,8643.0
2025-03-06 12:00:00,2903.23,2909.33,2900.89,2904.59,12675.0
2025-03-06 13:00:00,2904.55,2916.7,2903.39,2915.24,12614.0
2025-03-06 14:00:00,2915.24,2922.74,2909.19,2914.53,13117.0
2025-03-06 15:00:00,2914.53,2918.47,2912.62,2917.21,9560.0
2025-03-06 16:00:00,2917.21,2921.51,2914.49,2915.47,8313.0
2025-03-06 17:00:00,2915.44,2920.73,2913.88,2916.26,7994.0
2025-03-06 18:00:00,2916.26,2917.76,2912.26,2914.0,7521.0
2025-03-06 19:00:00,2914.0,2916.57,2908.48,2908.8,6474.0
2025-03-06 20:00:00,2908.81,2911.77,2908.44,2910.74,2543.0
2025-03-06 22:00:00,2911.22,2913.53,2909.96,2910.47,1943.0
2025-03-06 23:00:00,2910.47,2910.47,2896.84,2904.56,5745.0
2025-03-07 00:00:00,2904.56,2910.24,2901.56,2906.95,7833.0
2025-03-07 01:00:00,2906.94,2909.1,2901.25,2908.07,7180.0
2025-03-07 02:00:00,2908.08,2909.03,2903.94,2905.38,4749.0
2025-03-07 03:00:00,2905.38,2908.29,2904.88,2906.66,4091.0
2025-03-07 04:00:00,2906.66,2912.48,2906.44,2909.63,5913.0
2025-03-07 05:00:00,2909.63,2914.78,2907.79,2913.55,5116.0
2025-03-07 06:00:00,2913.56,2917.38,2911.8,2917.11,6653.0
2025-03-07 07:00:00,2917.12,2922.93,2915.22,2922.48,8261.0
2025-03-07 08:00:00,2922.44,2922.94,2920.33,2921.67,7079.0
2025-03-07 09:00:00,2921.67,2921.98,2917.1,2918.07,7727.0
2025-03-07 10:00:00,2918.07,2922.05,2916.85,2918.81,7574.0
2025-03-07 11:00:00,2918.81,2922.83,2918.06,2918.64,8101.0
2025-03-07 12:00:00,2918.65,2926.36,2910.34,2913.78,13041.0
2025-03-07 13:00:00,2913.77,2928.75,2904.17,2926.88,13378.0
2025-03-07 14:00:00,2926.88,2930.54,2908.71,2915.82,12811.0
2025-03-07 15:00:00,2915.86,2919.35,2911.63,2914.1,10194.0
2025-03-07 16:00:00,2914.11,2916.24,2905.14,2908.2,9872.0
2025-03-07 17:00:00,2908.2,2908.75,2902.11,2906.64,9436.0
2025-03-07 18:00:00,2906.64,2909.54,2904.65,2905.33,7488.0
2025-03-07 19:00:00,2905.26,2911.22,2904.84,2909.69,5828.0
2025-03-07 20:00:00,2909.68,2912.42,2908.5,2911.94,1745.0
2025-03-09 22:00:00,2911.53,2915.14,2909.81,2912.0,3014.0
2025-03-09 23:00:00,2912.0,2917.02,2911.55,2916.33,3169.0
2025-03-10 00:00:00,2916.33,2917.96,2913.21,2913.94,4130.0
2025-03-10 01:00:00,2913.94,2918.3,2911.42,2912.11,6180.0
2025-03-10 02:00:00,2912.11,2914.43,2909.6,2911.47,4841.0
2025-03-10 03:00:00,2911.48,2913.52,2908.22,2910.99,4103.0
2025-03-10 04:00:00,2910.99,2912.67,2910.25,2911.01,2667.0
2025-03-10 05:00:00,2911.02,2911.94,2906.99,2909.95,4361.0
2025-03-10 06:00:00,2909.95,2914.64,2909.38,2914.51,5001.0
2025-03-10 07:00:00,2914.45,2915.45,2904.32,2908.36,6713.0
2025-03-10 08:00:00,2908.42,2910.64,2897.71,2897.91,8622.0
2025-03-10 09:00:00,2897.9,2915.37,2896.78,2911.35,8113.0
2025-03-10 10:00:00,2911.3,2911.41,2898.36,2903.09,7875.0
2025-03-10 11:00:00,2903.18,2904.81,2895.52,2904.16,8229.0
2025-03-10 12:00:00,2904.16,2907.76,2900.28,2906.68,9897.0
2025-03-10 13:00:00,2906.76,2908.53,2897.67,2903.81,12483.0
2025-03-10 14:00:00,2903.75,2909.13,2901.0,2908.09,13091.0
2025-03-10 15:00:00,2908.09,2910.62,2900.55,2904.5,9561.0
2025-03-10 16:00:00,2904.45,2906.89,2895.92,2895.96,8084.0
2025-03-10 17:00:00,2895.96,2896.23,2882.84,2886.09,10121.0
2025-03-10 18:00:00,2886.18,2889.68,2880.41,2885.61,7765.0
2025-03-10 19:00:00,2885.61,2891.02,2880.31,2885.34,8110.0
2025-03-10 20:00:00,2885.56,2889.43,2884.39,2889.24,2750.0
2025-03-10 22:00:00,2888.78,2890.17,2884.03,2884.66,1976.0
2025-03-10 23:00:00,2884.66,2885.85,2882.38,2884.73,2522.0
2025-03-11 00:00:00,2884.75,2888.57,2884.23,2887.18,4478.0
2025-03-11 01:00:00,2887.18,2890.98,2880.25,2890.62,7658.0
2025-03-11 02:00:00,2890.62,2900.55,2889.85,2899.02,6485.0
2025-03-11 03:00:00,2899.02,2899.4,2895.23,2896.87,4526.0
2025-03-11 04:00:00,2896.87,2898.66,2895.5,2897.76,2238.0
2025-03-11 05:00:00,2897.76,2898.98,2892.75,2895.92,3948.0
2025-03-11 06:00:00,2895.92,2902.78,2893.56,2902.38,5657.0
2025-03-11 07:00:00,2902.38,2903.61,2897.52,2901.07,5419.0
2025-03-11 08:00:00,2901.08,2910.49,2900.45,2909.95,6333.0
2025-03-11 09:00:00,2909.95,2912.49,2908.9,2911.81,5719.0
2025-03-11 10:00:00,2911.81,2914.54,2910.93,2912.03,4541.0
2025-03-11 11:00:00,2912.02,2915.35,2910.77,2913.59,5022.0
2025-03-11 12:00:00,2913.6,2916.02,2910.56,2913.15,7349.0
2025-03-11 13:00:00,2913.09,2922.09,2906.92,2918.14,11170.0
2025-03-11 14:00:00,2918.12,2920.71,2911.8,2914.24,10947.0
2025-03-11 15:00:00,2914.2,2919.96,2914.06,2916.79,9103.0
2025-03-11 16:00:00,2916.8,2918.08,2915.1,2917.23,6026.0
2025-03-11 17:00:00,2917.23,2920.63,2914.25,2917.78,6863.0
2025-03-11 18:00:00,2917.78,2919.59,2915.24,2918.27,5587.0
2025-03-11 19:00:00,2918.24,2921.31,2917.53,2918.42,6018.0
2025-03-11 20:00:00,2918.44,2919.06,2915.11,2915.5,2469.0
2025-03-11 22:00:00,2915.65,2918.1,2914.42,2917.67,2037.0
2025-03-11 23:00:00,2917.67,2919.74,2915.32,2915.58,1631.0
2025-03-12 00:00:00,2915.58,2915.6,2912.04,2914.22,2345.0
2025-03-12 01:00:00,2914.17,2917.37,2910.87,2914.92,4750.0
2025-03-12 02:00:00,2914.92,2918.25,2913.93,2916.28,3853.0
2025-03-12 03:00:00,2916.28,2920.07,2914.75,2914.85,3137.0
2025-03-12 04:00:00,2914.85,2916.14,2912.7,2914.97,2544.0
2025-03-12 05:00:00,2914.98,2916.61,2912.09,2916.06,4232.0
2025-03-12 06:00:00,2916.06,2921.13,2911.49,2912.07,6136.0
2025-03-12 07:00:00,2912.07,2915.69,2908.99,2914.61,6227.0
2025-03-12 08:00:00,2914.63,2922.12,2914.18,2922.12,6672.0
2025-03-12 09:00:00,2922.12,2925.34,2913.77,2914.72,6507.0
2025-03-12 10:00:00,2914.72,2916.97,2912.88,2914.37,4735.0
2025-03-12 11:00:00,2914.37,2916.82,2912.64,2915.25,5109.0
2025-03-12 12:00:00,2915.25,2923.19,2912.19,2917.63,9949.0
2025-03-12 13:00:00,2917.5,2918.8,2906.17,2915.77,13167.0
2025-03-12 14:00:00,2915.77,2922.54,2914.29,2922.03,10599.0
2025-03-12 15:00:00,2922.04,2929.32,2921.43,2928.5,9821.0
2025-03-12 16:00:00,2928.5,2939.06,2927.91,2936.25,9883.0
2025-03-12 17:00:00,2936.24,2940.53,2936.05,2936.26,7241.0
2025-03-12 18:00:00,2936.26,2937.45,2933.78,2935.14,5440.0
2025-03-12 19:00:00,2935.14,2935.62,2931.07,2931.66,5230.0
2025-03-12 20:00:00,2931.65,2934.19,2930.8,2933.31,2052.0
2025-03-12 22:00:00,2934.39,2939.09,2933.51,2938.35,2084.0
2025-03-12 23:00:00,2938.35,2939.54,2934.72,2938.17,2102.0
2025-03-13 00:00:00,2938.17,2939.36,2937.64,2938.76,2429.0
2025-03-13 01:00:00,2938.78,2941.42,2936.61,2938.02,5198.0
2025-03-13 02:00:00,2938.02,2945.95,2937.63,2944.23,4482.0
2025-03-13 03:00:00,2944.23,2947.11,2943.0,2945.68,3095.0
2025-03-13 04:00:00,2945.68,2946.44,2943.55,2944.74,2369.0
2025-03-13 05:00:00,2944.74,2945.08,2938.19,2940.09,4446.0
2025-03-13 06:00:00,2940.09,2940.31,2935.48,2937.02,4853.0
2025-03-13 07:00:00,2937.02,2938.15,2932.92,2935.22,4958.0
2025-03-13 08:00:00,2935.2,2945.02,2934.89,2941.53,6232.0
2025-03-13 09:00:00,2941.53,2948.83,2941.05,2947.71,5669.0
2025-03-13 10:00:00,2947.71,2948.66,2942.11,2944.12,4905.0
2025-03-13 11:00:00,2944.12,2948.76,2944.12,2946.28,5630.0
2025-03-13 12:00:00,2946.28,2949.25,2941.21,2942.56,10172.0
2025-03-13 13:00:00,2942.52,2952.5,2939.2,2950.53,10917.0
2025-03-13 14:00:00,2950.56,2971.26,2949.97,2969.95,12289.0
2025-03-13 15:00:00,2969.95,2978.36,2966.51,2977.88,13187.0
2025-03-13 16:00:00,2977.88,2985.36,2976.7,2980.11,10491.0
2025-03-13 17:00:00,2980.11,2982.26,2976.36,2979.43,8016.0
2025-03-13 18:00:00,2979.43,2984.32,2979.06,2983.23,6063.0
2025-03-13 19:00:00,2983.23,2985.44,2980.52,2982.79,5511.0
2025-03-13 20:00:00,2982.81,2989.1,2981.33,2988.8,2621.0
2025-03-13 22:00:00,2989.32,2990.13,2983.03,2987.19,2398.0
2025-03-13 23:00:00,2987.19,2989.3,2985.38,2986.43,2209.0
2025-03-14 00:00:00,2986.43,2988.68,2984.59,2986.68,3899.0
2025-03-14 01:00:00,2986.68,2990.19,2981.77,2987.84,8485.0
2025-03-14 02:00:00,2987.84,2988.42,2983.8,2984.15,5028.0
2025-03-14 03:00:00,2984.16,2992.93,2983.82,2992.71,4488.0
2025-03-14 04:00:00,2992.72,2994.03,2984.5,2985.5,4092.0
2025-03-14 05:00:00,2985.5,2986.84,2981.88,2986.42,5389.0
2025-03-14 06:00:00,2986.42,2987.58,2981.23,2985.87,5923.0
2025-03-14 07:00:00,2985.86,2987.11,2980.75,2986.99,5803.0
2025-03-14 08:00:00,2986.99,2993.36,2985.24,2992.98,6026.0
2025-03-14 09:00:00,2992.98,2999.74,2992.64,2998.78,6574.0
2025-03-14 10:00:00,2998.78,3004.97,2986.55,2993.47,8011.0
2025-03-14 11:00:00,2993.48,2999.25,2993.32,2993.56,6997.0
2025-03-14 12:00:00,2993.55,2999.74,2993.27,2993.91,7799.0
2025-03-14 13:00:00,2993.94,2996.24,2983.32,2985.83,11388.0
2025-03-14 14:00:00,2985.86,2993.42,2981.94,2985.45,11868.0
2025-03-14 15:00:00,2985.45,2986.53,2978.52,2984.61,9556.0
2025-03-14 16:00:00,2984.62,2990.03,2982.94,2989.79,6686.0
2025-03-14 17:00:00,2989.76,2990.36,2986.44,2986.62,5247.0
2025-03-14 18:00:00,2986.62,2987.02,2983.16,2983.36,3841.0
2025-03-14 19:00:00,2983.36,2986.05,2982.31,2984.07,3856.0
2025-03-14 20:00:00,2983.99,2988.84,2981.8,2986.24,1968.0
2025-03-16 22:00:00,2985.02,2990.69,2983.44,2989.07,2903.0
2025-03-16 23:00:00,2989.07,2994.15,2988.26,2990.07,1978.0
2025-03-17 00:00:00,2990.07,2991.04,2986.46,2990.8,2602.0
2025-03-17 01:00:00,2990.83,2993.07,2988.73,2990.89,5556.0
2025-03-17 02:00:00,2990.89,2992.04,2987.01,2988.1,3539.0
2025-03-17 03:00:00,2988.09,2988.62,2985.4,2987.11,3267.0
2025-03-17 04:00:00,2987.11,2987.84,2982.48,2982.65,2558.0
2025-03-17 05:00:00,2982.65,2986.33,2982.31,2986.18,3237.0
2025-03-17 06:00:00,2986.18,2990.79,2985.43,2989.94,4235.0
2025-03-17 07:00:00,2989.94,2989.94,2984.22,2985.57,4035.0
2025-03-17 08:00:00,2985.56,2988.45,2983.17,2988.45,4213.0
2025-03-17 09:00:00,2988.46,2996.82,2987.69,2995.73,4601.0
2025-03-17 10:00:00,2995.73,2999.65,2994.83,2999.07,3841.0
2025-03-17 11:00:00,2999.07,3001.23,2996.45,2997.44,4601.0
2025-03-17 12:00:00,2997.44,2997.82,2984.89,2987.16,9401.0
2025-03-17 13:00:00,2987.21,2991.3,2986.16,2988.37,9976.0
2025-03-17 14:00:00,2988.37,3000.56,2987.28,2998.66,10496.0
2025-03-17 15:00:00,2998.65,2999.32,2992.97,2997.15,7548.0
2025-03-17 16:00:00,2997.15,2997.82,2993.06,2994.52,6358.0
2025-03-17 17:00:00,2994.52,2999.5,2994.52,2997.82,5907.0
2025-03-17 18:00:00,2997.83,3000.26,2996.91,2999.36,5327.0
2025-03-17 19:00:00,2999.36,3000.77,2997.65,3000.22,4077.0
2025-03-17 20:00:00,3000.11,3001.68,3000.06,3001.02,2513.0
2025-03-17 22:00:00,3000.67,3002.01,2999.94,3000.21,857.0
2025-03-17 23:00:00,3000.21,3002.8,2999.62,2999.77,1320.0
2025-03-18 00:00:00,2999.77,3003.53,2999.54,3001.51,2856.0
2025-03-18 01:00:00,3001.49,3008.48,2999.41,3005.69,6165.0
2025-03-18 02:00:00,3005.69,3012.16,3002.96,3010.89,4837.0
2025-03-18 03:00:00,3010.89,3014.97,3009.64,3011.4,4168.0
2025-03-18 04:00:00,3011.4,3017.23,3011.29,3014.32,2744.0
2025-03-18 05:00:00,3014.32,3014.72,3006.16,3011.93,4717.0
2025-03-18 06:00:00,3011.93,3017.73,3010.62,3015.8,4747.0
2025-03-18 07:00:00,3015.8,3018.96,3014.53,3016.48,5090.0
2025-03-18 08:00:00,3016.48,3027.34,3016.36,3026.5,6649.0
2025-03-18 09:00:00,3026.64,3028.55,3018.13,3020.3,6393.0
2025-03-18 10:00:00,3020.3,3025.85,3019.67,3024.18,6362.0
2025-03-18 11:00:00,3024.18,3029.58,3022.5,3026.86,4873.0
2025-03-18 12:00:00,3026.86,3035.91,3026.72,3034.28,8373.0
2025-03-18 13:00:00,3034.28,3038.24,3026.11,3033.29,11798.0
2025-03-18 14:00:00,3033.29,3033.29,3024.7,3028.04,11655.0
2025-03-18 15:00:00,3028.04,3032.64,3025.28,3031.73,8651.0
2025-03-18 16:00:00,3031.73,3036.92,3030.41,3035.99,6617.0
2025-03-18 17:00:00,3035.99,3036.25,3029.87,3032.66,6353.0
2025-03-18 18:00:00,3032.66,3036.28,3032.48,3035.9,3680.0
2025-03-18 19:00:00,3035.9,3038.04,3035.17,3035.52,4014.0
2025-03-18 20:00:00,3035.58,3036.05,3033.31,3033.76,1852.0
2025-03-18 22:00:00,3033.79,3034.6,3032.65,3034.41,1116.0
2025-03-18 23:00:00,3034.41,3035.0,3031.42,3031.58,1392.0
2025-03-19 00:00:00,3031.61,3034.06,3030.47,3031.5,1960.0
2025-03-19 01:00:00,3031.5,3032.7,3027.44,3029.65,3894.0
2025-03-19 02:00:00,3029.65,3033.79,3029.16,3033.46,3933.0
2025-03-19 03:00:00,3033.48,3039.0,3032.15,3036.19,3394.0
2025-03-19 04:00:00,3036.15,3037.65,3034.43,3036.47,2470.0
2025-03-19 05:00:00,3036.47,3045.42,3036.47,3044.5,4553.0
2025-03-19 06:00:00,3044.5,3044.73,3034.52,3042.32,6748.0
2025-03-19 07:00:00,3042.33,3042.9,3035.5,3035.97,5928.0
2025-03-19 08:00:00,3035.97,3037.2,3024.59,3025.09,6573.0
2025-03-19 09:00:00,3025.1,3031.46,3022.74,3030.36,5235.0
2025-03-19 10:00:00,3030.36,3038.0,3028.26,3034.64,5355.0
2025-03-19 11:00:00,3034.64,3040.05,3033.84,3039.1,4174.0
2025-03-19 12:00:00,3039.1,3041.13,3036.28,3037.1,6068.0
2025-03-19 13:00:00,3037.1,3038.21,3027.73,3033.32,9613.0
2025-03-19 14:00:00,3033.28,3033.28,3026.03,3027.69,8969.0
2025-03-19 15:00:00,3027.69,3033.05,3026.78,3031.55,5992.0
2025-03-19 16:00:00,3031.56,3038.31,3031.4,3033.18,5158.0
2025-03-19 17:00:00,3033.18,3034.24,3029.49,3030.2,5407.0
2025-03-19 18:00:00,3030.22,3048.62,3029.69,3046.88,10054.0
2025-03-19 19:00:00,3046.91,3051.82,3040.97,3047.9,8147.0
2025-03-19 20:00:00,3047.9,3048.27,3044.33,3047.16,2452.0
2025-03-19 22:00:00,3047.97,3050.58,3046.94,3050.2,1543.0
2025-03-19 23:00:00,3050.2,3051.07,3048.69,3050.1,1252.0
2025-03-20 00:00:00,3050.1,3055.57,3050.1,3053.23,3688.0
2025-03-20 01:00:00,3053.23,3056.42,3049.29,3049.49,6487.0
2025-03-20 02:00:00,3049.49,3052.24,3044.95,3045.89,4834.0
2025-03-20 03:00:00,3045.89,3050.49,3045.46,3050.01,3475.0
2025-03-20 04:00:00,3050.01,3057.58,3048.15,3052.31,3505.0
2025-03-20 05:00:00,3052.31,3053.3,3044.9,3047.02,5447.0
2025-03-20 06:00:00,3047.02,3051.54,3045.64,3049.04,4406.0
2025-03-20 07:00:00,3049.06,3049.06,3041.85,3042.28,5390.0
2025-03-20 08:00:00,3042.28,3044.11,3038.74,3041.96,6216.0
2025-03-20 09:00:00,3041.97,3046.4,3040.69,3041.45,6149.0
2025-03-20 10:00:00,3041.45,3041.45,3025.77,3034.42,9076.0
2025-03-20 11:00:00,3034.42,3035.3,3029.36,3034.46,6253.0
2025-03-20 12:00:00,3034.46,3042.38,3033.46,3041.01,8273.0
2025-03-20 13:00:00,3041.03,3041.19,3029.98,3032.88,10512.0
2025-03-20 14:00:00,3032.85,3040.73,3030.71,3040.27,9710.0
2025-03-20 15:00:00,3040.27,3041.9,3037.65,3040.71,7134.0
2025-03-20 16:00:00,3040.72,3043.15,3033.98,3038.22,6537.0
2025-03-20 17:00:00,3038.22,3042.02,3034.81,3041.79,4479.0
2025-03-20 18:00:00,3041.8,3045.28,3040.92,3043.28,4636.0
2025-03-20 19:00:00,3043.28,3046.06,3043.18,3044.8,3645.0
2025-03-20 20:00:00,3044.8,3045.88,3044.07,3044.47,1915.0
2025-03-20 22:00:00,3044.29,3046.42,3043.52,3046.04,912.0
2025-03-20 23:00:00,3046.04,3046.69,3044.51,3046.46,1408.0
2025-03-21 00:00:00,3046.46,3047.47,3042.39,3042.83,2295.0
2025-03-21 01:00:00,3042.83,3044.6,3035.76,3035.79,5394.0
2025-03-21 02:00:00,3035.79,3036.98,3033.8,3034.65,4890.0
2025-03-21 03:00:00,3034.62,3034.64,3029.91,3030.56,4240.0
2025-03-21 04:00:00,3030.56,3032.16,3027.92,3029.89,3229.0
2025-03-21 05:00:00,3029.89,3030.37,3021.82,3028.13,4771.0
2025-03-21 06:00:00,3028.13,3034.06,3027.57,3029.78,5067.0
2025-03-21 07:00:00,3029.78,3033.39,3028.12,3032.16,4561.0
2025-03-21 08:00:00,3032.16,3034.82,3027.15,3032.89,5552.0
2025-03-21 09:00:00,3032.89,3033.03,3027.71,3029.64,4854.0
2025-03-21 10:00:00,3029.64,3033.42,3029.61,3030.73,4140.0
2025-03-21 11:00:00,3030.73,3037.67,3028.88,3034.26,5160.0
2025-03-21 12:00:00,3034.27,3038.2,3033.47,3034.2,6372.0
2025-03-21 13:00:00,3034.07,3036.9,3004.19,3006.76,11716.0
2025-03-21 14:00:00,3006.72,3016.74,2999.37,3015.76,12743.0
2025-03-21 15:00:00,3015.76,3017.86,3010.06,3011.07,8244.0
2025-03-21 16:00:00,3011.07,3016.88,3010.68,3015.18,6306.0
2025-03-21 17:00:00,3015.18,3018.21,3013.02,3013.83,4699.0
2025-03-21 18:00:00,3013.83,3021.51,3013.56,3017.55,4134.0
2025-03-21 19:00:00,3017.56,3022.04,3016.08,3019.83,4243.0
2025-03-21 20:00:00,3019.83,3024.53,3019.83,3022.94,2035.0
2025-03-23 22:00:00,3016.09,3026.1,3016.09,3025.54,2569.0
2025-03-23 23:00:00,3025.54,3026.45,3023.27,3024.73,1950.0
2025-03-24 00:00:00,3024.73,3025.49,3017.25,3018.54,4247.0
2025-03-24 01:00:00,3018.46,3025.66,3018.21,3020.86,6950.0
2025-03-24 02:00:00,3020.91,3024.48,3013.76,3016.44,5268.0
2025-03-24 03:00:00,3016.44,3019.69,3015.49,3016.97,3867.0
2025-03-24 04:00:00,3016.95,3020.11,3016.63,3019.27,2537.0
2025-03-24 05:00:00,3019.27,3023.21,3018.84,3022.03,3606.0
2025-03-24 06:00:00,3022.03,3025.77,3017.3,3025.06,4231.0
2025-03-24 07:00:00,3025.06,3028.9,3021.12,3022.47,5586.0
2025-03-24 08:00:00,3022.48,3029.0,3021.86,3028.87,6716.0
2025-03-24 09:00:00,3029.0,3030.95,3022.64,3023.61,6274.0
2025-03-24 10:00:00,3023.61,3033.48,3023.61,3028.34,6642.0
2025-03-24 11:00:00,3028.35,3029.42,3024.46,3024.82,4904.0
2025-03-24 12:00:00,3024.82,3028.65,3022.49,3024.29,6846.0
2025-03-24 13:00:00,3024.2,3028.43,3019.2,3022.62,10318.0
2025-03-24 14:00:00,3022.54,3024.09,3008.02,3012.17,10482.0
2025-03-24 15:00:00,3012.17,3015.36,3005.78,3014.22,8706.0
2025-03-24 16:00:00,3014.22,3015.63,3008.1,3009.87,6187.0
2025-03-24 17:00:00,3009.88,3009.96,3005.91,3007.16,5475.0
2025-03-24 18:00:00,3007.16,3008.1,3002.48,3006.8,5211.0
2025-03-24 19:00:00,3006.8,3008.25,3005.1,3006.18,3162.0
2025-03-24 20:00:00,3006.17,3014.3,3005.71,3011.96,2155.0
2025-03-24 22:00:00,3011.72,3012.4,3009.01,3011.53,1730.0
2025-03-24 23:00:00,3011.53,3012.36,3009.49,3010.02,1601.0
2025-03-25 00:00:00,3010.02,3014.9,3009.21,3014.07,2332.0
2025-03-25 01:00:00,3014.07,3014.66,3010.47,3011.88,4459.0
2025-03-25 02:00:00,3011.88,3012.4,3007.51,3009.21,4109.0
2025-03-25 03:00:00,3009.21,3016.3,3008.72,3015.15,3998.0
2025-03-25 04:00:00,3015.18,3016.32,3014.61,3015.21,2423.0
2025-03-25 05:00:00,3015.21,3021.04,3014.4,3018.35,3769.0
2025-03-25 06:00:00,3018.35,3018.69,3014.84,3017.88,3846.0
2025-03-25 07:00:00,3017.88,3018.15,3010.54,3011.33,4750.0
2025-03-25 08:00:00,3011.33,3021.83,3010.72,3021.28,5489.0
2025-03-25 09:00:00,3021.28,3023.55,3018.96,3023.37,4194.0
2025-03-25 10:00:00,3023.37,3024.8,3020.6,3023.65,4179.0
2025-03-25 11:00:00,3023.65,3026.52,3020.43,3020.77,4576.0
2025-03-25 12:00:00,3020.77,3023.26,3014.18,3021.62,7641.0
2025-03-25 13:00:00,3021.62,3030.63,3020.88,3028.84,9180.0
2025-03-25 14:00:00,3028.82,3035.94,3025.11,3025.11,10065.0
2025-03-25 15:00:00,3025.13,3028.09,3018.02,3021.6,7959.0
2025-03-25 16:00:00,3021.6,3025.59,3021.43,3023.17,5335.0
2025-03-25 17:00:00,3023.19,3023.46,3019.86,3022.63,4518.0
2025-03-25 18:00:00,3022.63,3022.89,3017.83,3018.66,3555.0
2025-03-25 19:00:00,3018.66,3020.75,3017.85,3019.6,2959.0
2025-03-25 20:00:00,3019.64,3020.84,3018.84,3019.81,1406.0
2025-03-25 22:00:00,3019.57,3022.43,3019.48,3021.41,1117.0
2025-03-25 23:00:00,3021.41,3021.92,3020.58,3021.01,1081.0
2025-03-26 00:00:00,3021.01,3022.25,3017.79,3018.27,2518.0
2025-03-26 01:00:00,3018.27,3025.6,3016.36,3024.89,6023.0
2025-03-26 02:00:00,3024.89,3027.17,3022.81,3024.24,4796.0
2025-03-26 03:00:00,3024.24,3024.24,3016.52,3017.64,4469.0
2025-03-26 04:00:00,3017.64,3017.75,3014.26,3015.27,2905.0
2025-03-26 05:00:00,3015.27,3024.18,3013.19,3022.59,4427.0
2025-03-26 06:00:00,3022.6,3026.22,3022.03,3026.04,5879.0
2025-03-26 07:00:00,3026.04,3030.79,3024.86,3030.43,5276.0
2025-03-26 08:00:00,3030.43,3031.97,3023.62,3024.01,4844.0
2025-03-26 09:00:00,3024.01,3024.21,3017.62,3018.69,5143.0
2025-03-26 10:00:00,3018.69,3024.91,3017.08,3023.18,5646.0
2025-03-26 11:00:00,3023.18,3030.36,3023.16,3027.65,5372.0
2025-03-26 12:00:00,3027.65,3030.02,3025.18,3027.0,7240.0
2025-03-26 13:00:00,3027.03,3027.45,3016.0,3016.77,9366.0
2025-03-26 14:00:00,3016.76,3021.7,3014.93,3017.48,8993.0
2025-03-26 15:00:00,3017.47,3018.82,3012.26,3015.85,9132.0
2025-03-26 16:00:00,3015.86,3020.06,3015.21,3015.7,7225.0
2025-03-26 17:00:00,3015.7,3018.99,3015.3,3018.7,6442.0
2025-03-26 18:00:00,3018.7,3020.8,3018.17,3018.33,6613.0
2025-03-26 19:00:00,3018.32,3019.03,3015.77,3017.34,6641.0
2025-03-26 20:00:00,3017.34,3021.69,3017.22,3018.85,3370.0
2025-03-26 22:00:00,3017.01,3020.75,3017.01,3019.21,3338.0
2025-03-26 23:00:00,3019.2,3021.62,3017.36,3021.48,3864.0
2025-03-27 00:00:00,3021.48,3025.58,3021.45,3025.18,5018.0
2025-03-27 01:00:00,3025.19,3028.32,3022.84,3023.52,9112.0
2025-03-27 02:00:00,3023.52,3032.72,3023.16,3031.63,9189.0
2025-03-27 03:00:00,3031.63,3034.14,3029.62,3033.55,6308.0
2025-03-27 04:00:00,3033.55,3038.41,3031.61,3034.11,6635.0
2025-03-27 05:00:00,3034.03,3035.82,3029.25,3029.7,7367.0
2025-03-27 06:00:00,3029.65,3033.31,3026.73,3030.06,8618.0
2025-03-27 07:00:00,3029.93,3036.68,3029.28,3035.84,10168.0
2025-03-27 08:00:00,3035.85,3037.89,3033.85,3036.17,10701.0
2025-03-27 09:00:00,3036.17,3041.06,3034.7,3040.08,8436.0
2025-03-27 10:00:00,3040.03,3055.88,3039.89,3051.39,12006.0
2025-03-27 11:00:00,3051.4,3055.65,3048.86,3054.6,10123.0
2025-03-27 12:00:00,3054.6,3055.93,3047.14,3050.04,12057.0
2025-03-27 13:00:00,3050.04,3052.21,3033.57,3040.71,16672.0
2025-03-27 14:00:00,3040.77,3059.74,3040.77,3057.66,16303.0
2025-03-27 15:00:00,3057.69,3059.22,3051.48,3052.23,15214.0
2025-03-27 16:00:00,3052.23,3054.23,3047.89,3048.48,13101.0
2025-03-27 17:00:00,3048.51,3053.26,3047.91,3052.93,9851.0
2025-03-27 18:00:00,3052.92,3057.53,3052.81,3055.92,8175.0
2025-03-27 19:00:00,3055.9,3057.85,3054.94,3057.53,7681.0
2025-03-27 20:00:00,3057.54,3057.61,3055.15,3056.42,2638.0
2025-03-27 22:00:00,3055.19,3057.62,3054.07,3054.71,2565.0
2025-03-27 23:00:00,3054.71,3055.83,3053.91,3055.46,2407.0
2025-03-28 00:00:00,3055.47,3063.21,3054.8,3061.75,7426.0
2025-03-28 01:00:00,3061.75,3074.06,3061.54,3073.88,11604.0
2025-03-28 02:00:00,3073.84,3077.45,3070.05,3071.75,10454.0
2025-03-28 03:00:00,3071.75,3076.52,3069.6,3075.1,8761.0
2025-03-28 04:00:00,3075.1,3075.16,3072.47,3073.79,4992.0
2025-03-28 05:00:00,3073.79,3082.04,3072.46,3077.79,8484.0
2025-03-28 06:00:00,3077.8,3084.92,3076.72,3084.74,10119.0
2025-03-28 07:00:00,3084.72,3085.97,3077.65,3079.39,9690.0
2025-03-28 08:00:00,3079.39,3081.27,3066.13,3073.02,10677.0
2025-03-28 09:00:00,3073.02,3076.22,3069.69,3072.96,8384.0
2025-03-28 10:00:00,3072.98,3074.68,3067.42,3074.34,8128.0
2025-03-28 11:00:00,3074.33,3079.87,3074.17,3076.32,5765.0
2025-03-28 12:00:00,3076.32,3081.92,3072.49,3077.47,8172.0
2025-03-28 13:00:00,3077.47,3084.16,3070.79,3083.43,11370.0
2025-03-28 14:00:00,3083.15,3086.76,3068.1,3070.09,13454.0
2025-03-28 15:00:00,3070.01,3085.82,3067.43,3083.77,9893.0
2025-03-28 16:00:00,3083.77,3086.59,3080.42,3083.81,7067.0
2025-03-28 17:00:00,3083.81,3085.93,3076.13,3077.4,6371.0
2025-03-28 18:00:00,3077.4,3080.49,3073.61,3079.66,5809.0
2025-03-28 19:00:00,3079.65,3081.85,3079.46,3080.75,5006.0
2025-03-28 20:00:00,3080.67,3085.74,3080.67,3084.2,2592.0
2025-03-30 22:00:00,3086.99,3097.74,3085.97,3090.17,4211.0
2025-03-30 23:00:00,3090.16,3090.95,3087.92,3089.16,2889.0
2025-03-31 00:00:00,3089.16,3089.7,3077.48,3079.11,4294.0
2025-03-31 01:00:00,3079.11,3095.44,3076.67,3094.8,7682.0
2025-03-31 02:00:00,3094.79,3107.17,3094.01,3106.74,7820.0
2025-03-31 03:00:00,3106.74,3111.67,3105.25,3107.19,5105.0
2025-03-31 04:00:00,3107.19,3115.89,3105.93,3113.31,3194.0
2025-03-31 05:00:00,3113.31,3119.88,3107.58,3116.58,4859.0
2025-03-31 06:00:00,3116.58,3127.92,3113.41,3119.38,8291.0
2025-03-31 07:00:00,3119.4,3125.3,3118.62,3124.44,8452.0
2025-03-31 08:00:00,3124.45,3127.18,3121.02,3122.26,6943.0
2025-03-31 09:00:00,3122.27,3123.44,3111.93,3115.01,6911.0
2025-03-31 10:00:00,3115.03,3123.76,3111.9,3118.51,7222.0
2025-03-31 11:00:00,3118.5,3119.87,3113.4,3119.47,5912.0
2025-03-31 12:00:00,3119.47,3126.54,3118.12,3124.57,9379.0
2025-03-31 13:00:00,3124.57,3124.73,3099.96,3113.43,14090.0
2025-03-31 14:00:00,3113.53,3123.62,3110.99,3123.22,13101.0
2025-03-31 15:00:00,3123.24,3127.24,3112.94,3113.75,10121.0
2025-03-31 16:00:00,3113.81,3120.62,3111.62,3117.59,8149.0
2025-03-31 17:00:00,3117.57,3120.28,3115.92,3117.9,6997.0
2025-03-31 18:00:00,3117.9,3123.38,3117.38,3121.46,5912.0
2025-03-31 19:00:00,3121.46,3124.64,3120.89,3124.44,3718.0
2025-03-31 20:00:00,3124.44,3124.73,3122.91,3123.96,2024.0
2025-03-31 22:00:00,3123.08,3125.78,3121.61,3122.83,1523.0
2025-03-31 23:00:00,3122.83,3126.46,3120.02,3120.43,2578.0
2025-04-01 00:00:00,3120.43,3127.97,3120.18,3127.2,3215.0
2025-04-01 01:00:00,3127.2,3138.3,3126.56,3135.42,8194.0
2025-04-01 02:00:00,3135.42,3145.56,3133.02,3145.09,6896.0
2025-04-01 03:00:00,3145.09,3147.37,3142.62,3146.06,4771.0
2025-04-01 04:00:00,3146.06,3147.93,3142.8,3144.8,3642.0
2025-04-01 05:00:00,3144.8,3148.98,3130.55,3132.08,6472.0
2025-04-01 06:00:00,3132.08,3138.27,3126.71,3133.71,11690.0
2025-04-01 07:00:00,3133.78,3137.73,3124.14,3127.62,9886.0
2025-04-01 08:00:00,3127.62,3135.67,3126.42,3130.9,7295.0
2025-04-01 09:00:00,3130.91,3134.13,3130.18,3132.33,5821.0
2025-04-01 10:00:00,3132.37,3138.97,3130.8,3132.4,8230.0
2025-04-01 11:00:00,3132.4,3135.96,3128.68,3130.42,7867.0
2025-04-01 12:00:00,3130.42,3134.6,3127.75,3133.37,8115.0
2025-04-01 13:00:00,3133.38,3137.09,3128.22,3134.13,10537.0
2025-04-01 14:00:00,3134.13,3135.35,3123.92,3128.68,11903.0
2025-04-01 15:00:00,3128.7,3133.02,3113.47,3113.75,10925.0
2025-04-01 16:00:00,3113.79,3116.81,3100.93,3106.64,11569.0
2025-04-01 17:00:00,3106.65,3114.62,3105.75,3113.77,7183.0
2025-04-01 18:00:00,3113.77,3118.64,3113.4,3114.21,6090.0
2025-04-01 19:00:00,3114.21,3118.96,3113.77,3118.7,4075.0
2025-04-01 20:00:00,3118.7,3120.66,3113.12,3114.12,1997.0
2025-04-01 22:00:00,3113.71,3114.85,3107.83,3111.38,2434.0
2025-04-01 23:00:00,3111.38,3116.25,3111.32,3115.27,2222.0
2025-04-02 00:00:00,3115.27,3123.64,3113.04,3123.02,4064.0
2025-04-02 01:00:00,3123.02,3135.26,3121.44,3133.08,6964.0
2025-04-02 02:00:00,3133.17,3135.66,3128.52,3128.56,5065.0
2025-04-02 03:00:00,3128.56,3132.1,3124.58,3125.58,3501.0
2025-04-02 04:00:00,3125.58,3126.79,3115.5,3116.08,3278.0
2025-04-02 05:00:00,3116.13,3119.16,3108.7,3118.08,5759.0
2025-04-02 06:00:00,3118.08,3119.69,3114.09,3116.56,6472.0
2025-04-02 07:00:00,3116.56,3126.09,3112.16,3125.13,6651.0
2025-04-02 08:00:00,3125.16,3133.78,3123.41,3131.31,6595.0
2025-04-02 09:00:00,3131.31,3131.49,3126.96,3131.11,4836.0
2025-04-02 10:00:00,3131.11,3131.39,3110.23,3114.58,5605.0
2025-04-02 11:00:00,3114.58,3123.9,3114.5,3121.32,5793.0
2025-04-02 12:00:00,3121.32,3127.28,3117.12,3122.47,7388.0
2025-04-02 13:00:00,3122.45,3132.1,3116.62,3122.1,11340.0
2025-04-02 14:00:00,3122.14,3129.44,3119.35,3125.02,8418.0
2025-04-02 15:00:00,3125.02,3128.17,3120.95,3125.87,6621.0
2025-04-02 16:00:00,3125.93,3134.28,3125.93,3131.52,7484.0
2025-04-02 17:00:00,3131.52,3131.52,3120.82,3123.63,7726.0
2025-04-02 18:00:00,3123.59,3126.21,3118.88,3121.97,6643.0
2025-04-02 19:00:00,3121.97,3127.22,3121.68,3124.1,4067.0
2025-04-02 20:00:00,3124.1,3144.3,3105.28,3132.12,11230.0
2025-04-02 22:00:00,3140.27,3148.0,3116.81,3145.9,9750.0
2025-04-02 23:00:00,3145.9,3167.72,3145.9,3162.6,8986.0
2025-04-03 00:00:00,3162.6,3164.88,3140.64,3151.36,10386.0
2025-04-03 01:00:00,3151.36,3163.02,3147.91,3153.46,11606.0
2025-04-03 02:00:00,3153.46,3155.4,3142.36,3145.17,7322.0
2025-04-03 03:00:00,3145.18,3152.2,3144.82,3148.08,6743.0
2025-04-03 04:00:00,3148.08,3149.68,3139.12,3140.42,4417.0
2025-04-03 05:00:00,3140.42,3140.98,3124.18,3131.98,8490.0
2025-04-03 06:00:00,3131.95,3134.0,3116.63,3127.59,10191.0
2025-04-03 07:00:00,3127.7,3130.21,3120.02,3129.19,8233.0
2025-04-03 08:00:00,3129.19,3132.08,3126.1,3129.1,8192.0
2025-04-03 09:00:00,3129.1,3129.64,3121.67,3121.68,9723.0
2025-04-03 10:00:00,3121.66,3123.03,3089.51,3095.58,13074.0
2025-04-03 11:00:00,3095.54,3100.06,3085.33,3093.09,11629.0
2025-04-03 12:00:00,3093.09,3094.74,3062.21,3076.26,14762.0
2025-04-03 13:00:00,3076.18,3093.46,3054.24,3086.15,16003.0
2025-04-03 14:00:00,3085.94,3135.55,3085.94,3128.87,15746.0
2025-04-03 15:00:00,3128.9,3129.5,3104.12,3110.62,12920.0
2025-04-03 16:00:00,3110.62,3114.19,3101.84,3107.57,8902.0
2025-04-03 17:00:00,3107.58,3109.85,3100.03,3109.56,7613.0
2025-04-03 18:00:00,3109.56,3111.63,3102.15,3111.61,5591.0
2025-04-03 19:00:00,3111.61,3113.29,3101.69,3107.61,5193.0
2025-04-03 20:00:00,3107.61,3119.82,3107.48,3114.19,2976.0
2025-04-03 22:00:00,3115.15,3116.75,3112.46,3115.46,2300.0
2025-04-03 23:00:00,3115.46,3116.39,3109.93,3113.03,3080.0
2025-04-04 00:00:00,3113.03,3115.14,3106.0,3110.58,5118.0
2025-04-04 01:00:00,3110.58,3115.73,3109.15,3109.82,5105.0
2025-04-04 02:00:00,3109.83,3113.0,3091.22,3096.84,7019.0
2025-04-04 03:00:00,3096.84,3099.12,3087.14,3098.4,7062.0
2025-04-04 04:00:00,3098.41,3105.04,3096.12,3100.15,5447.0
2025-04-04 05:00:00,3100.15,3108.82,3098.88,3108.82,5024.0
2025-04-04 06:00:00,3108.82,3109.89,3100.6,3101.12,7840.0
2025-04-04 07:00:00,3101.11,3103.42,3092.04,3092.81,10820.0
2025-04-04 08:00:00,3092.77,3094.21,3078.37,3084.31,10931.0
2025-04-04 09:00:00,3084.31,3096.03,3083.96,3090.74,7763.0
2025-04-04 10:00:00,3090.75,3116.15,3090.67,3110.41,12201.0
2025-04-04 11:00:00,3110.31,3136.45,3095.58,3110.38,14514.0
2025-04-04 12:00:00,3110.39,3111.93,3069.86,3071.21,15576.0
2025-04-04 13:00:00,3071.27,3087.36,3059.76,3061.94,14432.0
2025-04-04 14:00:00,3061.93,3061.93,3027.18,3038.5,15262.0
2025-04-04 15:00:00,3038.48,3050.38,3017.15,3021.93,15281.0
2025-04-04 16:00:00,3021.93,3036.8,3017.93,3030.96,11887.0
2025-04-04 17:00:00,3030.96,3032.94,3015.83,3025.81,11051.0
2025-04-04 18:00:00,3025.81,3027.76,3018.02,3025.54,8560.0
2025-04-04 19:00:00,3025.54,3040.88,3022.09,3036.46,9763.0
2025-04-04 20:00:00,3036.5,3041.07,3033.87,3037.34,4132.0
2025-04-06 22:00:00,3007.64,3036.38,2973.05,3009.89,8153.0
2025-04-06 23:00:00,3009.87,3017.12,2977.3,2999.73,8084.0
2025-04-07 00:00:00,2999.7,3009.53,2970.6,2979.02,10449.0
2025-04-07 01:00:00,2979.02,3054.9,2972.28,3038.33,16112.0
2025-04-07 02:00:00,3038.38,3055.48,3024.31,3025.98,10616.0
2025-04-07 03:00:00,3025.9,3033.98,3017.26,3019.02,8152.0
2025-04-07 04:00:00,3019.02,3035.83,3019.02,3035.67,5183.0
2025-04-07 05:00:00,3035.68,3044.57,3024.91,3031.8,7960.0
2025-04-07 06:00:00,3031.8,3033.56,3016.73,3029.37,11613.0
2025-04-07 07:00:00,3029.83,3030.71,3013.3,3018.63,14074.0
2025-04-07 08:00:00,3018.65,3035.48,3017.99,3031.15,11263.0
2025-04-07 09:00:00,3031.66,3033.43,3019.58,3025.0,10204.0
2025-04-07 10:00:00,3025.06,3036.48,3024.1,3031.4,9920.0
2025-04-07 11:00:00,3031.4,3046.09,3030.21,3031.2,10522.0
2025-04-07 12:00:00,3031.27,3032.91,3014.9,3031.36,13546.0
2025-04-07 13:00:00,3031.26,3034.06,3002.32,3015.51,14539.0
2025-04-07 14:00:00,3015.58,3038.0,2996.58,2999.26,17198.0
2025-04-07 15:00:00,2999.31,3004.74,2980.12,2987.62,15432.0
2025-04-07 16:00:00,2987.62,2987.93,2970.27,2970.71,13521.0
2025-04-07 17:00:00,2970.9,2975.25,2956.56,2970.25,14000.0
2025-04-07 18:00:00,2970.22,2976.69,2964.09,2965.87,9747.0
2025-04-07 19:00:00,2965.87,2981.99,2965.41,2976.6,8589.0
2025-04-07 20:00:00,2976.8,2986.0,2970.1,2982.01,4858.0
2025-04-07 22:00:00,2982.76,2988.6,2981.0,2986.82,3102.0
2025-04-07 23:00:00,2986.82,2987.45,2978.56,2981.33,3599.0
2025-04-08 00:00:00,2981.33,2992.7,2980.48,2985.42,7092.0
2025-04-08 01:00:00,2985.42,3003.13,2983.68,2999.91,9726.0
2025-04-08 02:00:00,2999.91,3004.93,2998.3,3000.98,6114.0
2025-04-08 03:00:00,3001.02,3001.1,2993.12,2994.73,5048.0
2025-04-08 04:00:00,2994.73,3003.03,2990.87,3002.38,4668.0
2025-04-08 05:00:00,3002.38,3008.42,2999.52,3005.74,6197.0
2025-04-08 06:00:00,3005.74,3015.85,3002.44,3013.37,9509.0
2025-04-08 07:00:00,3013.37,3014.01,3001.91,3003.75,10894.0
2025-04-08 08:00:00,3003.71,3009.36,3001.35,3007.51,5709.0
2025-04-08 09:00:00,3007.49,3007.72,2994.92,3006.9,6956.0
2025-04-08 10:00:00,3006.9,3010.21,3004.08,3008.98,5992.0
2025-04-08 11:00:00,3008.98,3019.4,3008.7,3017.49,7510.0
2025-04-08 12:00:00,3017.49,3019.55,3002.45,3002.63,12328.0
2025-04-08 13:00:00,3002.63,3022.69,3002.57,3010.41,15056.0
2025-04-08 14:00:00,3010.33,3018.21,3005.83,3006.22,14918.0
2025-04-08 15:00:00,3006.22,3012.39,3001.08,3001.13,11662.0
2025-04-08 16:00:00,3001.46,3001.5,2984.14,2986.07,12339.0
2025-04-08 17:00:00,2986.05,2987.48,2974.75,2985.23,13397.0
2025-04-08 18:00:00,2985.23,2992.37,2979.35,2983.69,10486.0
2025-04-08 19:00:00,2983.69,2987.56,2976.72,2984.96,9238.0
2025-04-08 20:00:00,2984.98,2986.56,2977.02,2981.96,3868.0
2025-04-08 22:00:00,2983.32,2985.64,2980.23,2981.91,3249.0
2025-04-08 23:00:00,2981.91,2990.79,2970.05,2978.31,5382.0
2025-04-09 00:00:00,2978.53,2987.04,2974.77,2980.4,9639.0
2025-04-09 01:00:00,2980.4,3009.87,2972.52,3008.69,13467.0
2025-04-09 02:00:00,3008.76,3011.16,3000.0,3003.12,8897.0
2025-04-09 03:00:00,3003.12,3009.57,3002.63,3004.5,7337.0
2025-04-09 04:00:00,3004.5,3014.08,2999.71,3012.37,7959.0
2025-04-09 05:00:00,3012.37,3020.48,3005.45,3015.49,9677.0
2025-04-09 06:00:00,3015.49,3040.8,3015.0,3038.97,12497.0
2025-04-09 07:00:00,3038.97,3052.35,3034.32,3041.0,12695.0
2025-04-09 08:00:00,3041.0,3051.06,3038.36,3044.09,9432.0
2025-04-09 09:00:00,3044.08,3049.86,3038.78,3045.03,8185.0
2025-04-09 10:00:00,3045.03,3047.18,3038.35,3042.81,9482.0
2025-04-09 11:00:00,3042.87,3068.08,3036.04,3066.51,13485.0
2025-04-09 12:00:00,3066.56,3073.05,3042.66,3047.46,13676.0
2025-04-09 13:00:00,3047.5,3077.98,3047.42,3075.18,15145.0
2025-04-09 14:00:00,3075.16,3084.68,3068.48,3070.53,13097.0
2025-04-09 15:00:00,3070.57,3087.79,3065.31,3086.38,10819.0
2025-04-09 16:00:00,3086.37,3094.84,3082.71,3092.43,8259.0
2025-04-09 17:00:00,3092.43,3099.05,3051.41,3059.87,15579.0
2025-04-09 18:00:00,3059.88,3073.48,3048.74,3067.27,13123.0
2025-04-09 19:00:00,3067.27,3099.49,3064.32,3093.54,11818.0
2025-04-09 20:00:00,3093.38,3095.44,3077.98,3082.78,5006.0
2025-04-09 22:00:00,3082.85,3090.16,3071.42,3080.07,3972.0
2025-04-09 23:00:00,3080.07,3089.05,3079.65,3086.79,4561.0
2025-04-10 00:00:00,3086.79,3101.31,3081.32,3097.28,8650.0
2025-04-10 01:00:00,3097.28,3100.62,3078.55,3094.15,11398.0
2025-04-10 02:00:00,3094.15,3120.39,3093.99,3119.34,10507.0
2025-04-10 03:00:00,3119.34,3132.03,3115.52,3125.5,7912.0
2025-04-10 04:00:00,3125.5,3129.39,3120.99,3125.4,5154.0
2025-04-10 05:00:00,3125.41,3132.66,3112.75,3122.58,6633.0
2025-04-10 06:00:00,3122.58,3126.49,3118.98,3122.2,9966.0
2025-04-10 07:00:00,3122.2,3123.56,3106.66,3108.8,11585.0
2025-04-10 08:00:00,3108.83,3115.82,3104.49,3105.0,10243.0
2025-04-10 09:00:00,3105.0,3118.06,3103.47,3116.62,8892.0
2025-04-10 10:00:00,3116.7,3122.57,3114.33,3119.78,9667.0
2025-04-10 11:00:00,3120.27,3125.7,3113.32,3124.77,10201.0
2025-04-10 12:00:00,3124.77,3134.02,3116.14,3123.13,12221.0
2025-04-10 13:00:00,3123.13,3136.74,3116.21,3117.05,13567.0
2025-04-10 14:00:00,3116.98,3154.81,3116.86,3154.66,13708.0
2025-04-10 15:00:00,3154.56,3175.07,3154.5,3158.13,12447.0
2025-04-10 16:00:00,3158.16,3167.2,3154.19,3158.5,11449.0
2025-04-10 17:00:00,3158.42,3165.65,3151.52,3162.81,9223.0
2025-04-10 18:00:00,3162.81,3175.59,3158.07,3173.23,9366.0
2025-04-10 19:00:00,3173.22,3176.33,3167.98,3170.82,7852.0
2025-04-10 20:00:00,3170.82,3176.31,3168.42,3175.39,2516.0
2025-04-10 22:00:00,3175.76,3190.14,3175.73,3189.3,4718.0
2025-04-10 23:00:00,3189.3,3191.4,3183.15,3189.06,4997.0
2025-04-11 00:00:00,3189.06,3218.08,3185.1,3205.85,11476.0
2025-04-11 01:00:00,3205.78,3219.63,3200.99,3207.28,13735.0
2025-04-11 02:00:00,3207.28,3219.76,3206.06,3217.49,9032.0
2025-04-11 03:00:00,3217.49,3220.14,3214.15,3217.8,6919.0
2025-04-11 04:00:00,3217.8,3218.18,3208.47,3208.52,5226.0
2025-04-11 05:00:00,3208.52,3219.21,3187.47,3195.89,10752.0
2025-04-11 06:00:00,3195.89,3209.69,3190.34,3196.68,12285.0
2025-04-11 07:00:00,3197.28,3213.04,3193.95,3212.41,10569.0
2025-04-11 08:00:00,3212.41,3227.3,3208.52,3216.02,11238.0
2025-04-11 09:00:00,3216.02,3230.17,3211.88,3227.79,8440.0
2025-04-11 10:00:00,3227.79,3237.76,3210.15,3212.72,9186.0
2025-04-11 11:00:00,3212.72,3224.77,3211.49,3213.8,8679.0
2025-04-11 12:00:00,3213.82,3234.1,3211.16,3233.62,11169.0
2025-04-11 13:00:00,3233.62,3244.35,3219.68,3223.77,14238.0
2025-04-11 14:00:00,3223.93,3237.8,3222.88,3230.22,13883.0
2025-04-11 15:00:00,3230.19,3241.95,3229.5,3240.47,10019.0
2025-04-11 16:00:00,3240.51,3245.37,3219.81,3223.3,10502.0
2025-04-11 17:00:00,3223.29,3235.61,3223.29,3233.95,10548.0
2025-04-11 18:00:00,3234.0,3238.3,3231.23,3235.74,7020.0
2025-04-11 19:00:00,3235.76,3235.76,3227.44,3230.97,7063.0
2025-04-11 20:00:00,3230.95,3238.3,3230.76,3237.53,2557.0
2025-04-13 22:00:00,3228.56,3229.06,3210.24,3221.07,5852.0
2025-04-13 23:00:00,3221.09,3224.49,3216.83,3223.8,4342.0
2025-04-14 00:00:00,3223.8,3227.37,3219.28,3220.91,5624.0
2025-04-14 01:00:00,3220.93,3243.51,3215.38,3239.75,11828.0
2025-04-14 02:00:00,3239.75,3245.78,3229.62,3232.06,8082.0
2025-04-14 03:00:00,3232.06,3234.72,3227.03,3232.41,5130.0
2025-04-14 04:00:00,3232.41,3235.74,3226.2,3227.41,4381.0
2025-04-14 05:00:00,3227.41,3236.1,3221.34,3234.51,6665.0
2025-04-14 06:00:00,3234.45,3238.08,3228.8,3231.05,8952.0
2025-04-14 07:00:00,3231.09,3233.74,3224.76,3228.03,8371.0
2025-04-14 08:00:00,3228.06,3230.05,3216.58,3226.98,8818.0
2025-04-14 09:00:00,3226.98,3231.68,3220.73,3223.99,7285.0
2025-04-14 10:00:00,3223.99,3224.67,3206.3,3215.35,9715.0
2025-04-14 11:00:00,3215.35,3225.86,3213.99,3223.42,7846.0
2025-04-14 12:00:00,3223.42,3227.73,3200.77,3206.66,11306.0
2025-04-14 13:00:00,3206.88,3210.8,3193.76,3204.7,14836.0
2025-04-14 14:00:00,3204.7,3215.63,3195.4,3211.16,10118.0
2025-04-14 15:00:00,3211.16,3211.21,3196.42,3198.13,10141.0
2025-04-14 16:00:00,3198.13,3208.29,3197.75,3207.61,8219.0
2025-04-14 17:00:00,3207.6,3216.44,3207.11,3214.11,7649.0
2025-04-14 18:00:00,3214.11,3214.84,3201.39,3208.12,5952.0
2025-04-14 19:00:00,3208.12,3213.07,3207.8,3212.76,4524.0
2025-04-14 20:00:00,3212.76,3213.75,3207.35,3210.46,2128.0
2025-04-14 22:00:00,3211.13,3215.21,3210.85,3212.25,1654.0
2025-04-14 23:00:00,3212.25,3214.36,3210.51,3212.61,1983.0
2025-04-15 00:00:00,3212.61,3215.34,3210.83,3211.94,3246.0
2025-04-15 01:00:00,3211.94,3225.96,3210.03,3223.73,7670.0
2025-04-15 02:00:00,3223.73,3225.01,3218.79,3224.45,4799.0
2025-04-15 03:00:00,3224.34,3229.15,3223.18,3228.4,5025.0
2025-04-15 04:00:00,3228.48,3232.58,3226.9,3231.91,3363.0
2025-04-15 05:00:00,3231.87,3232.14,3220.82,3224.63,5526.0
2025-04-15 06:00:00,3224.63,3228.74,3223.23,3225.27,5930.0
2025-04-15 07:00:00,3225.27,3226.59,3217.35,3225.62,7390.0
2025-04-15 08:00:00,3225.61,3232.15,3224.44,3227.73,7650.0
2025-04-15 09:00:00,3227.73,3230.11,3221.14,3222.6,5146.0
2025-04-15 10:00:00,3222.6,3226.97,3219.75,3220.24,5062.0
2025-04-15 11:00:00,3220.26,3224.16,3216.82,3219.92,5827.0
2025-04-15 12:00:00,3220.1,3226.22,3214.31,3221.51,9162.0
2025-04-15 13:00:00,3221.51,3226.36,3211.66,3213.03,10903.0
2025-04-15 14:00:00,3213.03,3226.86,3212.99,3222.65,10101.0
2025-04-15 15:00:00,3222.65,3224.14,3216.98,3221.35,7526.0
2025-04-15 16:00:00,3221.35,3223.42,3219.54,3221.43,4592.0
2025-04-15 17:00:00,3221.43,3230.7,3220.36,3227.95,4790.0
2025-04-15 18:00:00,3227.95,3229.71,3225.66,3229.17,4477.0
2025-04-15 19:00:00,3229.17,3231.91,3226.21,3229.85,3591.0
2025-04-15 20:00:00,3229.88,3233.58,3226.55,3229.36,2585.0
2025-04-15 22:00:00,3231.17,3242.27,3229.84,3241.41,2749.0
2025-04-15 23:00:00,3241.41,3251.85,3238.37,3251.85,4742.0
2025-04-16 00:00:00,3251.85,3268.0,3251.69,3264.59,8410.0
2025-04-16 01:00:00,3264.59,3274.98,3255.98,3270.11,11036.0
2025-04-16 02:00:00,3270.11,3275.4,3266.99,3267.76,6752.0
2025-04-16 03:00:00,3267.76,3281.79,3266.31,3281.55,6127.0
2025-04-16 04:00:00,3281.54,3287.63,3269.24,3283.78,6710.0
2025-04-16 05:00:00,3283.78,3291.8,3283.74,3289.84,7111.0
2025-04-16 06:00:00,3289.83,3295.11,3286.04,3291.82,8682.0
2025-04-16 07:00:00,3291.82,3300.74,3291.44,3300.45,9760.0
2025-04-16 08:00:00,3300.45,3317.74,3288.83,3307.01,13580.0
2025-04-16 09:00:00,3307.01,3310.96,3300.06,3303.57,7608.0
2025-04-16 10:00:00,3303.57,3306.91,3299.73,3304.17,6069.0
2025-04-16 11:00:00,3304.16,3313.62,3292.96,3306.88,8617.0
2025-04-16 12:00:00,3306.88,3313.46,3302.61,3307.3,9892.0
2025-04-16 13:00:00,3307.3,3316.49,3296.88,3311.61,13145.0
2025-04-16 14:00:00,3311.73,3319.39,3306.24,3308.6,12087.0
2025-04-16 15:00:00,3308.6,3328.21,3305.28,3325.42,10748.0
2025-04-16 16:00:00,3325.42,3332.97,3321.45,3327.28,9767.0
2025-04-16 17:00:00,3327.31,3332.81,3324.42,3327.66,9733.0
2025-04-16 18:00:00,3328.17,3340.8,3326.41,3338.32,9071.0
2025-04-16 19:00:00,3338.32,3342.45,3335.92,3336.61,6889.0
2025-04-16 20:00:00,3336.73,3342.94,3334.42,3342.85,4093.0
2025-04-16 22:00:00,3343.15,3357.74,3342.84,3351.03,4111.0
2025-04-16 23:00:00,3351.03,3353.42,3347.08,3350.17,4196.0
2025-04-17 00:00:00,3350.12,3351.25,3342.03,3345.37,7192.0
2025-04-17 01:00:00,3345.33,3356.27,3320.76,3324.03,13306.0
2025-04-17 02:00:00,3324.04,3340.57,3321.14,3340.4,10117.0
2025-04-17 03:00:00,3340.39,3344.59,3337.61,3344.54,6207.0
2025-04-17 04:00:00,3344.54,3344.54,3337.97,3341.62,4726.0
2025-04-17 05:00:00,3341.62,3345.45,3328.57,3329.44,6822.0
2025-04-17 06:00:00,3329.44,3333.08,3325.27,3329.06,9331.0
2025-04-17 07:00:00,3329.06,3330.24,3314.48,3323.48,9452.0
2025-04-17 08:00:00,3323.46,3325.05,3312.79,3324.23,7013.0
2025-04-17 09:00:00,3324.23,3326.95,3320.76,3321.65,5839.0
2025-04-17 10:00:00,3321.65,3334.0,3321.2,3327.67,6355.0
2025-04-17 11:00:00,3327.67,3332.5,3322.54,3327.41,6746.0
2025-04-17 12:00:00,3327.41,3342.08,3322.28,3328.22,10958.0
2025-04-17 13:00:00,3328.22,3332.09,3312.04,3315.32,14279.0
2025-04-17 14:00:00,3315.22,3315.22,3283.73,3291.34,15864.0
2025-04-17 15:00:00,3291.41,3304.91,3290.75,3296.42,10745.0
2025-04-17 16:00:00,3296.42,3318.82,3294.93,3316.22,10418.0
2025-04-17 17:00:00,3316.22,3322.64,3314.28,3318.99,8311.0
2025-04-17 18:00:00,3318.99,3320.91,3314.24,3316.32,4957.0
2025-04-17 19:00:00,3316.32,3321.99,3311.04,3320.74,4339.0
2025-04-17 20:00:00,3320.74,3328.72,3317.98,3327.24,2602.0
2025-04-20 22:00:00,3333.47,3352.54,3326.27,3345.92,5797.0
2025-04-20 23:00:00,3345.92,3351.87,3343.42,3348.18,4481.0
2025-04-21 00:00:00,3348.18,3370.78,3347.58,3368.8,8170.0
2025-04-21 01:00:00,3368.8,3378.67,3367.47,3377.56,9923.0
2025-04-21 02:00:00,3377.56,3385.05,3374.16,3384.84,7753.0
2025-04-21 03:00:00,3384.84,3385.33,3378.32,3382.42,5659.0
2025-04-21 04:00:00,3382.42,3382.44,3369.41,3376.52,5202.0
2025-04-21 05:00:00,3376.51,3385.97,3375.74,3385.49,5541.0
2025-04-21 06:00:00,3385.52,3393.39,3382.46,3392.62,8732.0
2025-04-21 07:00:00,3392.28,3396.05,3381.87,3384.96,8679.0
2025-04-21 08:00:00,3384.97,3394.2,3383.7,3392.8,6999.0
2025-04-21 09:00:00,3392.8,3397.1,3390.88,3394.92,6856.0
2025-04-21 10:00:00,3394.94,3397.8,3392.06,3395.02,7010.0
2025-04-21 11:00:00,3395.0,3405.96,3386.42,3404.47,9182.0
2025-04-21 12:00:00,3404.47,3415.8,3398.11,3415.04,10250.0
2025-04-21 13:00:00,3414.94,3426.75,3405.14,3420.5,13905.0
2025-04-21 14:00:00,3420.5,3430.36,3408.94,3416.86,11822.0
2025-04-21 15:00:00,3416.86,3426.15,3407.82,3423.03,10283.0
2025-04-21 16:00:00,3423.03,3424.11,3410.17,3414.62,8277.0
2025-04-21 17:00:00,3414.59,3422.88,3406.0,3422.54,9534.0
2025-04-21 18:00:00,3422.54,3426.69,3417.77,3426.39,8127.0
2025-04-21 19:00:00,3426.4,3430.57,3417.48,3423.49,6183.0
2025-04-21 20:00:00,3423.5,3427.08,3419.78,3424.4,3020.0
2025-04-21 22:00:00,3424.22,3436.03,3423.54,3431.1,4274.0
2025-04-21 23:00:00,3431.1,3444.58,3429.38,3434.62,5981.0
2025-04-22 00:00:00,3434.53,3435.41,3412.46,3425.55,9035.0
2025-04-22 01:00:00,3425.55,3455.07,3421.75,3453.08,11585.0
2025-04-22 02:00:00,3453.08,3476.0,3442.45,3473.15,10490.0
2025-04-22 03:00:00,3473.02,3494.73,3472.1,3487.89,8617.0
2025-04-22 04:00:00,3487.89,3488.47,3479.7,3484.46,5840.0
2025-04-22 05:00:00,3484.46,3495.52,3473.62,3494.28,8443.0
2025-04-22 06:00:00,3494.28,3500.12,3475.26,3479.81,13303.0
2025-04-22 07:00:00,3479.81,3480.69,3461.01,3468.66,12239.0
2025-04-22 08:00:00,3468.7,3472.72,3443.24,3443.97,11416.0
2025-04-22 09:00:00,3443.99,3458.8,3443.91,3454.51,9978.0
2025-04-22 10:00:00,3454.51,3468.29,3451.42,3452.48,8888.0
2025-04-22 11:00:00,3452.48,3461.25,3448.29,3456.79,7605.0
2025-04-22 12:00:00,3456.79,3464.79,3424.37,3431.59,13228.0
2025-04-22 13:00:00,3431.4,3449.73,3408.79,3418.72,16689.0
2025-04-22 14:00:00,3418.72,3438.92,3418.18,3430.02,13223.0
2025-04-22 15:00:00,3430.02,3433.27,3410.38,3417.74,11809.0
2025-04-22 16:00:00,3417.68,3421.04,3372.16,3393.06,16438.0
2025-04-22 17:00:00,3393.08,3410.31,3386.12,3401.87,13176.0
2025-04-22 18:00:00,3401.87,3402.55,3373.38,3381.48,10039.0
2025-04-22 19:00:00,3381.48,3386.02,3366.88,3374.81,9731.0
2025-04-22 20:00:00,3374.84,3382.92,3373.52,3380.93,4106.0
2025-04-22 22:00:00,3348.87,3353.29,3312.89,3327.86,8794.0
2025-04-22 23:00:00,3327.94,3349.99,3326.88,3336.7,6795.0
2025-04-23 00:00:00,3336.7,3371.26,3334.73,3367.84,8888.0
2025-04-23 01:00:00,3367.84,3386.68,3358.99,3379.23,13810.0
2025-04-23 02:00:00,3379.23,3379.9,3348.72,3354.22,10181.0
2025-04-23 03:00:00,3354.23,3355.65,3329.3,3338.99,10429.0
2025-04-23 04:00:00,3338.99,3347.27,3335.69,3346.81,4518.0
2025-04-23 05:00:00,3346.81,3349.47,3315.96,3319.29,10252.0
2025-04-23 06:00:00,3319.29,3326.09,3291.73,3300.88,15024.0
2025-04-23 07:00:00,3301.15,3320.51,3301.15,3319.21,9695.0
2025-04-23 08:00:00,3319.24,3321.62,3305.81,3321.62,8201.0
2025-04-23 09:00:00,3321.62,3340.59,3317.37,3317.73,8736.0
2025-04-23 10:00:00,3317.73,3336.38,3316.77,3329.94,7335.0
2025-04-23 11:00:00,3330.08,3339.06,3322.08,3324.66,7928.0
2025-04-23 12:00:00,3324.66,3333.46,3310.6,3310.8,11574.0
2025-04-23 13:00:00,3310.81,3313.7,3271.35,3277.24,16160.0
2025-04-23 14:00:00,3277.13,3296.29,3260.33,3287.49,16924.0
2025-04-23 15:00:00,3287.49,3294.48,3269.2,3280.34,14234.0
2025-04-23 16:00:00,3280.34,3305.62,3279.18,3295.12,11516.0
2025-04-23 17:00:00,3295.07,3301.65,3277.82,3281.36,9929.0
2025-04-23 18:00:00,3281.36,3286.98,3277.84,3282.81,6158.0
2025-04-23 19:00:00,3282.83,3297.16,3282.69,3294.06,6174.0
2025-04-23 20:00:00,3294.06,3295.77,3283.98,3288.12,3453.0
2025-04-23 22:00:00,3288.53,3315.89,3288.47,3309.24,5055.0
2025-04-23 23:00:00,3309.24,3316.93,3308.34,3316.33,3313.0
2025-04-24 00:00:00,3316.33,3339.05,3313.46,3331.76,8283.0
2025-04-24 01:00:00,3331.71,3367.5,3330.84,3357.35,14833.0
2025-04-24 02:00:00,3357.35,3363.35,3335.86,3342.14,10512.0
2025-04-24 03:00:00,3342.21,3342.73,3320.63,3327.0,7865.0
2025-04-24 04:00:00,3327.0,3331.64,3325.98,3326.2,4043.0
2025-04-24 05:00:00,3326.2,3335.49,3320.54,3323.84,6909.0
2025-04-24 06:00:00,3323.83,3328.13,3314.67,3324.74,12720.0
2025-04-24 07:00:00,3324.7,3339.81,3323.22,3333.92,9335.0
2025-04-24 08:00:00,3333.83,3341.66,3327.34,3336.17,7629.0
2025-04-24 09:00:00,3336.17,3342.88,3325.55,3335.76,7248.0
2025-04-24 10:00:00,3335.76,3336.72,3325.56,3329.93,5841.0
2025-04-24 11:00:00,3329.93,3343.94,3329.63,3337.01,6513.0
2025-04-24 12:00:00,3336.98,3344.65,3335.59,3335.95,8947.0
2025-04-24 13:00:00,3335.99,3336.24,3312.36,3315.48,13218.0
2025-04-24 14:00:00,3315.48,3330.37,3306.63,3327.55,14065.0
2025-04-24 15:00:00,3327.55,3330.46,3319.6,3329.45,9988.0
2025-04-24 16:00:00,3329.45,3335.41,3322.46,3331.63,7818.0
2025-04-24 17:00:00,3331.63,3338.63,3330.02,3336.81,7445.0
2025-04-24 18:00:00,3336.81,3340.24,3333.66,3334.79,4957.0
2025-04-24 19:00:00,3334.78,3347.02,3333.45,3342.37,4581.0
2025-04-24 20:00:00,3342.38,3349.84,3338.18,3348.58,2694.0
2025-04-24 22:00:00,3350.45,3370.75,3341.19,3367.03,5391.0
2025-04-24 23:00:00,3367.03,3368.16,3346.96,3348.77,5243.0
2025-04-25 00:00:00,3348.75,3361.42,3347.17,3357.84,7460.0
2025-04-25 01:00:00,3357.81,3363.02,3342.93,3345.63,9431.0
2025-04-25 02:00:00,3345.63,3353.36,3344.59,3348.88,7177.0
2025-04-25 03:00:00,3348.88,3354.35,3322.62,3323.67,7358.0
2025-04-25 04:00:00,3323.71,3327.77,3316.46,3324.84,7915.0
2025-04-25 05:00:00,3324.84,3327.12,3286.59,3294.58,10250.0
2025-04-25 06:00:00,3294.22,3306.45,3287.61,3304.55,13219.0
2025-04-25 07:00:00,3304.49,3314.54,3303.17,3307.46,7591.0
2025-04-25 08:00:00,3307.47,3307.97,3292.0,3303.71,8709.0
2025-04-25 09:00:00,3303.96,3308.89,3292.06,3292.16,8322.0
2025-04-25 10:00:00,3292.09,3306.41,3292.0,3298.06,8485.0
2025-04-25 11:00:00,3298.05,3300.98,3288.0,3293.61,7479.0
2025-04-25 12:00:00,3293.54,3303.25,3291.19,3292.72,9305.0
2025-04-25 13:00:00,3292.72,3292.97,3265.08,3280.75,15706.0
2025-04-25 14:00:00,3280.75,3287.18,3274.77,3278.06,13642.0
2025-04-25 15:00:00,3278.02,3285.63,3270.15,3283.0,9943.0
2025-04-25 16:00:00,3283.0,3287.51,3280.35,3285.35,6955.0
2025-04-25 17:00:00,3285.43,3295.16,3281.84,3293.29,8136.0
2025-04-25 18:00:00,3293.28,3297.07,3288.38,3288.41,4450.0
2025-04-25 19:00:00,3288.4,3312.46,3287.83,3304.84,5328.0
2025-04-25 20:00:00,3304.84,3319.18,3304.78,3318.62,2816.0
2025-04-27 22:00:00,3324.76,3337.54,3309.16,3310.65,4505.0
2025-04-27 23:00:00,3310.65,3318.16,3298.61,3302.66,5513.0
2025-04-28 00:00:00,3302.66,3315.95,3301.54,3314.17,5863.0
2025-04-28 01:00:00,3314.17,3315.04,3279.18,3280.89,10969.0
2025-04-28 02:00:00,3280.91,3286.41,3267.99,3280.97,8013.0
2025-04-28 03:00:00,3280.82,3295.15,3280.39,3290.9,4568.0
2025-04-28 04:00:00,3290.9,3299.08,3288.68,3298.96,3137.0
2025-04-28 05:00:00,3298.96,3300.95,3287.92,3294.99,5124.0
2025-04-28 06:00:00,3294.99,3296.5,3281.9,3283.17,10207.0
2025-04-28 07:00:00,3283.17,3292.43,3277.82,3287.49,10183.0
2025-04-28 08:00:00,3287.41,3288.57,3279.2,3282.72,7180.0
2025-04-28 09:00:00,3282.72,3287.47,3274.55,3274.55,7168.0
2025-04-28 10:00:00,3274.55,3291.88,3273.06,3289.64,7339.0
2025-04-28 11:00:00,3289.64,3297.21,3285.01,3294.27,7218.0
2025-04-28 12:00:00,3294.24,3302.35,3292.88,3296.07,9421.0
2025-04-28 13:00:00,3296.21,3301.46,3286.98,3293.21,13089.0
2025-04-28 14:00:00,3293.2,3333.02,3293.2,3328.63,13762.0
2025-04-28 15:00:00,3328.63,3335.99,3319.12,3325.07,10208.0
2025-04-28 16:00:00,3325.07,3339.24,3324.54,3336.68,8129.0
2025-04-28 17:00:00,3336.68,3340.09,3333.23,3335.4,6725.0
2025-04-28 18:00:00,3335.4,3350.03,3334.01,3349.02,7201.0
2025-04-28 19:00:00,3349.02,3353.06,3345.61,3352.18,5485.0
2025-04-28 20:00:00,3352.14,3352.34,3342.31,3343.99,2441.0
2025-04-28 22:00:00,3344.73,3348.67,3332.34,3337.99,3315.0
2025-04-28 23:00:00,3337.99,3342.78,3333.76,3337.74,3837.0
2025-04-29 00:00:00,3337.74,3339.16,3327.73,3329.92,5272.0
2025-04-29 01:00:00,3329.93,3340.01,3322.91,3326.54,8155.0
2025-04-29 02:00:00,3326.54,3334.01,3319.46,3320.68,6619.0
2025-04-29 03:00:00,3320.68,3321.66,3307.99,3315.98,7059.0
2025-04-29 04:00:00,3315.98,3318.08,3306.94,3309.34,3910.0
2025-04-29 05:00:00,3309.34,3316.59,3305.18,3310.35,5573.0
2025-04-29 06:00:00,3310.35,3324.02,3308.93,3318.78,8196.0
2025-04-29 07:00:00,3318.78,3323.19,3312.37,3322.8,6284.0
2025-04-29 08:00:00,3323.02,3324.87,3311.76,3311.91,6028.0
2025-04-29 09:00:00,3311.91,3316.04,3308.74,3309.22,6514.0
2025-04-29 10:00:00,3309.09,3315.69,3306.22,3312.91,6708.0
2025-04-29 11:00:00,3312.89,3315.99,3307.91,3309.38,6433.0
2025-04-29 12:00:00,3309.28,3314.71,3300.52,3312.93,10038.0
2025-04-29 13:00:00,3312.93,3321.28,3299.73,3307.13,13459.0
2025-04-29 14:00:00,3307.13,3317.82,3299.66,3314.58,11548.0
2025-04-29 15:00:00,3314.58,3315.64,3305.32,3312.48,8723.0
2025-04-29 16:00:00,3312.48,3330.1,3312.3,3328.8,7614.0
2025-04-29 17:00:00,3328.8,3329.76,3314.25,3314.4,6803.0
2025-04-29 18:00:00,3314.4,3320.11,3313.28,3319.95,5831.0
2025-04-29 19:00:00,3319.95,3325.01,3318.03,3320.55,5015.0
2025-04-29 20:00:00,3320.51,3323.57,3316.73,3317.2,2621.0
2025-04-29 22:00:00,3313.79,3322.87,3313.41,3319.35,2082.0
2025-04-29 23:00:00,3319.35,3319.43,3311.09,3317.15,2542.0
2025-04-30 00:00:00,3317.15,3328.12,3311.51,3313.3,5440.0
2025-04-30 01:00:00,3313.3,3322.85,3307.8,3308.13,7675.0
2025-04-30 02:00:00,3308.08,3313.17,3305.2,3306.69,5979.0
2025-04-30 03:00:00,3306.69,3311.32,3303.79,3304.6,4713.0
2025-04-30 04:00:00,3304.6,3308.96,3301.3,3307.99,4591.0
2025-04-30 05:00:00,3307.99,3314.74,3307.66,3309.63,5744.0
2025-04-30 06:00:00,3309.65,3311.31,3305.04,3305.96,7561.0
2025-04-30 07:00:00,3305.96,3314.68,3303.18,3307.22,7200.0
2025-04-30 08:00:00,3307.22,3307.66,3280.31,3284.55,9354.0
2025-04-30 09:00:00,3284.51,3286.89,3275.11,3276.0,7232.0
2025-04-30 10:00:00,3275.99,3280.87,3271.87,3272.61,6225.0
2025-04-30 11:00:00,3272.61,3281.69,3268.33,3272.29,6635.0
2025-04-30 12:00:00,3272.32,3304.84,3266.98,3298.69,12783.0
2025-04-30 13:00:00,3298.7,3319.81,3296.3,3309.28,12938.0
2025-04-30 14:00:00,3309.08,3313.82,3293.02,3310.04,14269.0
2025-04-30 15:00:00,3309.96,3314.66,3299.06,3308.05,10688.0
2025-04-30 16:00:00,3308.05,3314.29,3307.22,3310.87,7768.0
2025-04-30 17:00:00,3310.76,3313.6,3304.92,3305.25,6534.0
2025-04-30 18:00:00,3305.22,3307.76,3300.41,3301.75,6002.0
2025-04-30 19:00:00,3301.75,3305.74,3292.14,3295.89,5266.0
2025-04-30 20:00:00,3295.82,3297.97,3283.14,3288.27,4568.0
2025-04-30 22:00:00,3289.25,3290.21,3271.43,3274.02,5139.0
2025-04-30 23:00:00,3274.02,3285.1,3269.83,3272.69,4882.0
2025-05-01 00:00:00,3272.69,3276.33,3241.21,3246.51,8492.0
2025-05-01 01:00:00,3246.51,3251.34,3234.38,3238.92,6696.0
2025-05-01 02:00:00,3238.95,3251.74,3235.17,3241.58,5173.0
2025-05-01 03:00:00,3241.58,3242.56,3228.94,3229.51,6458.0
2025-05-01 04:00:00,3229.57,3231.98,3221.32,3226.63,5704.0
2025-05-01 05:00:00,3226.63,3238.83,3223.44,3236.64,6494.0
2025-05-01 06:00:00,3236.64,3243.19,3233.87,3235.75,7642.0
2025-05-01 07:00:00,3235.75,3236.96,3226.09,3230.12,6950.0
2025-05-01 08:00:00,3230.12,3236.76,3229.97,3235.24,5150.0
2025-05-01 09:00:00,3235.24,3236.21,3215.28,3218.51,6591.0
2025-05-01 10:00:00,3218.48,3225.35,3213.57,3223.02,7230.0
2025-05-01 11:00:00,3222.96,3227.09,3203.5,3205.58,7625.0
2025-05-01 12:00:00,3205.54,3232.65,3202.04,3226.9,11816.0
2025-05-01 13:00:00,3226.83,3233.4,3218.9,3225.0,11391.0
2025-05-01 14:00:00,3225.0,3231.54,3214.39,3219.17,13091.0
2025-05-01 15:00:00,3219.17,3221.86,3205.02,3216.46,9618.0
2025-05-01 16:00:00,3216.46,3220.76,3209.03,3219.64,8018.0
2025-05-01 17:00:00,3219.64,3220.95,3209.86,3214.69,6504.0
2025-05-01 18:00:00,3214.58,3226.91,3212.95,3223.91,5642.0
2025-05-01 19:00:00,3223.91,3229.82,3223.91,3228.22,4851.0
2025-05-01 20:00:00,3228.26,3239.49,3228.1,3237.89,3825.0
2025-05-01 22:00:00,3238.74,3243.3,3232.66,3237.71,3273.0
2025-05-01 23:00:00,3237.71,3241.55,3234.78,3237.35,2841.0
2025-05-02 00:00:00,3237.35,3244.36,3227.46,3231.41,6513.0
2025-05-02 01:00:00,3231.31,3237.52,3231.31,3236.42,6397.0
2025-05-02 02:00:00,3236.5,3249.26,3235.9,3248.16,5846.0
2025-05-02 03:00:00,3248.16,3258.64,3245.9,3254.98,5611.0
2025-05-02 04:00:00,3254.99,3257.53,3250.57,3251.88,4407.0
2025-05-02 05:00:00,3251.88,3256.86,3249.65,3251.81,4495.0
2025-05-02 06:00:00,3251.81,3262.38,3246.31,3252.89,6957.0
2025-05-02 07:00:00,3252.89,3263.37,3251.56,3258.97,6411.0
2025-05-02 08:00:00,3258.97,3261.59,3255.38,3258.18,5598.0
2025-05-02 09:00:00,3258.18,3267.08,3255.19,3265.32,6361.0
2025-05-02 10:00:00,3265.3,3265.75,3257.37,3259.52,5956.0
2025-05-02 11:00:00,3259.52,3269.27,3258.19,3262.74,6260.0
2025-05-02 12:00:00,3262.74,3264.95,3250.31,3250.45,11781.0
2025-05-02 13:00:00,3250.37,3259.62,3239.51,3250.49,14719.0
2025-05-02 14:00:00,3250.49,3264.64,3242.23,3262.9,13149.0
2025-05-02 15:00:00,3262.9,3264.27,3230.27,3231.6,11462.0
2025-05-02 16:00:00,3231.64,3236.34,3222.51,3224.98,12155.0
2025-05-02 17:00:00,3224.97,3239.83,3223.53,3231.42,8827.0
2025-05-02 18:00:00,3231.42,3232.48,3224.38,3226.41,6266.0
2025-05-02 19:00:00,3226.41,3234.57,3226.4,3233.56,5213.0
2025-05-02 20:00:00,3233.74,3241.44,3232.62,3240.3,2627.0
2025-05-04 22:00:00,3239.46,3244.54,3237.44,3239.5,4074.0
2025-05-04 23:00:00,3239.5,3252.33,3238.96,3248.02,4745.0
2025-05-05 00:00:00,3248.11,3248.76,3241.1,3246.75,4558.0
2025-05-05 01:00:00,3246.75,3271.1,3246.57,3264.73,8001.0
2025-05-05 02:00:00,3264.73,3272.33,3259.74,3270.2,6904.0
2025-05-05 03:00:00,3270.2,3271.34,3253.09,3254.57,5889.0
2025-05-05 04:00:00,3254.57,3259.54,3253.68,3256.59,3951.0
2025-05-05 05:00:00,3256.59,3261.99,3254.12,3259.7,4866.0
2025-05-05 06:00:00,3259.7,3265.71,3256.81,3262.08,7126.0
2025-05-05 07:00:00,3262.12,3267.84,3258.82,3264.81,7042.0
2025-05-05 08:00:00,3264.8,3283.0,3263.2,3282.7,8435.0
2025-05-05 09:00:00,3282.75,3308.99,3282.34,3308.81,10662.0
2025-05-05 10:00:00,3308.81,3318.67,3308.58,3313.3,9998.0
2025-05-05 11:00:00,3313.29,3319.01,3311.43,3313.01,7672.0
2025-05-05 12:00:00,3313.01,3322.61,3312.91,3319.67,9878.0
2025-05-05 13:00:00,3319.68,3321.02,3311.99,3315.63,9238.0
2025-05-05 14:00:00,3315.62,3328.86,3309.91,3312.73,11799.0
2025-05-05 15:00:00,3312.74,3317.89,3309.14,3312.14,9174.0
2025-05-05 16:00:00,3312.08,3313.61,3305.66,3309.83,8684.0
2025-05-05 17:00:00,3309.82,3318.2,3309.22,3317.15,7156.0
2025-05-05 18:00:00,3317.15,3323.5,3313.97,3323.22,6231.0
2025-05-05 19:00:00,3323.22,3337.64,3322.86,3328.84,7816.0
2025-05-05 20:00:00,3328.81,3334.56,3328.81,3333.96,3548.0
2025-05-05 22:00:00,3336.26,3338.0,3327.55,3330.74,3279.0
2025-05-05 23:00:00,3330.74,3334.98,3328.97,3334.11,3243.0
2025-05-06 00:00:00,3334.11,3334.36,3323.49,3329.67,6475.0
2025-05-06 01:00:00,3329.67,3381.76,3329.67,3379.65,14217.0
2025-05-06 02:00:00,3379.65,3386.96,3356.54,3358.42,11256.0
2025-05-06 03:00:00,3358.43,3372.39,3352.58,3360.35,8610.0
2025-05-06 04:00:00,3360.35,3366.04,3356.14,3363.12,5982.0
2025-05-06 05:00:00,3363.12,3363.9,3350.28,3362.07,7293.0
2025-05-06 06:00:00,3362.07,3367.9,3358.76,3364.77,8784.0
2025-05-06 07:00:00,3364.77,3379.53,3364.77,3371.24,9031.0
2025-05-06 08:00:00,3371.24,3383.17,3368.61,3377.2,8205.0
2025-05-06 09:00:00,3377.19,3383.26,3371.44,3383.23,7520.0
2025-05-06 10:00:00,3383.22,3383.84,3376.75,3383.7,7102.0
2025-05-06 11:00:00,3383.71,3385.02,3373.87,3379.15,7896.0
2025-05-06 12:00:00,3379.2,3392.4,3373.2,3391.1,10490.0
2025-05-06 13:00:00,3391.1,3397.68,3387.85,3391.78,13514.0
2025-05-06 14:00:00,3391.78,3398.08,3378.25,3386.39,13112.0
2025-05-06 15:00:00,3386.37,3399.83,3385.38,3395.18,8902.0
2025-05-06 16:00:00,3395.18,3411.67,3394.78,3408.92,10421.0
2025-05-06 17:00:00,3408.93,3417.83,3407.57,3414.05,9417.0
2025-05-06 18:00:00,3414.05,3417.49,3410.29,3415.65,6867.0
2025-05-06 19:00:00,3415.66,3424.16,3412.65,3423.16,6294.0
2025-05-06 20:00:00,3423.08,3434.74,3419.32,3430.46,5762.0
2025-05-06 22:00:00,3438.27,3438.27,3380.78,3381.92,10715.0
2025-05-06 23:00:00,3381.92,3404.52,3377.17,3400.8,7499.0
2025-05-07 00:00:00,3400.84,3401.47,3361.0,3379.76,12445.0
2025-05-07 01:00:00,3379.48,3385.08,3360.26,3374.76,12074.0
2025-05-07 02:00:00,3374.76,3393.71,3372.04,3390.61,9117.0
2025-05-07 03:00:00,3390.61,3392.54,3370.1,3375.58,6360.0
2025-05-07 04:00:00,3375.58,3387.46,3375.26,3382.12,5220.0
2025-05-07 05:00:00,3382.12,3389.44,3378.63,3387.9,6220.0
2025-05-07 06:00:00,3387.9,3395.88,3387.45,3392.51,6986.0
2025-05-07 07:00:00,3392.49,3397.49,3383.79,3387.91,7128.0
2025-05-07 08:00:00,3387.92,3388.66,3378.29,3382.81,7111.0
2025-05-07 09:00:00,3382.81,3385.17,3369.82,3370.08,6807.0
2025-05-07 10:00:00,3370.02,3393.46,3369.3,3391.44,8145.0
2025-05-07 11:00:00,3391.43,3391.62,3383.74,3387.1,6425.0
2025-05-07 12:00:00,3387.1,3393.88,3384.1,3390.9,9322.0
2025-05-07 13:00:00,3390.91,3398.0,3381.6,3394.37,12561.0
2025-05-07 14:00:00,3394.36,3394.82,3375.4,3385.91,11946.0
2025-05-07 15:00:00,3385.91,3389.58,3381.99,3385.23,8735.0
2025-05-07 16:00:00,3385.22,3389.8,3378.86,3386.91,6549.0
2025-05-07 17:00:00,3386.92,3389.73,3383.81,3385.01,6128.0
2025-05-07 18:00:00,3384.98,3397.92,3376.06,3384.62,12291.0
2025-05-07 19:00:00,3384.64,3386.89,3363.83,3372.01,10955.0
2025-05-07 20:00:00,3372.01,3374.62,3363.66,3364.44,4258.0
2025-05-07 22:00:00,3366.2,3373.68,3364.89,3370.04,3466.0
2025-05-07 23:00:00,3370.04,3377.2,3369.7,3376.51,2746.0
2025-05-08 00:00:00,3376.51,3387.02,3373.88,3380.42,6153.0
2025-05-08 01:00:00,3380.48,3409.77,3379.12,3408.67,10703.0
2025-05-08 02:00:00,3408.74,3414.79,3402.11,3402.11,9051.0
2025-05-08 03:00:00,3402.08,3408.46,3395.58,3396.95,6837.0
2025-05-08 04:00:00,3396.88,3399.3,3382.03,3382.09,6264.0
2025-05-08 05:00:00,3382.09,3384.28,3354.74,3355.23,9957.0
2025-05-08 06:00:00,3355.21,3361.89,3320.35,3329.96,13741.0
2025-05-08 07:00:00,3329.96,3349.29,3327.31,3342.98,9750.0
2025-05-08 08:00:00,3342.98,3344.22,3337.29,3339.37,6837.0
2025-05-08 09:00:00,3339.37,3344.38,3331.33,3331.99,7759.0
2025-05-08 10:00:00,3331.99,3346.71,3330.41,3342.46,8091.0
2025-05-08 11:00:00,3342.46,3345.53,3339.25,3344.46,5960.0
2025-05-08 12:00:00,3344.46,3358.58,3343.11,3356.17,10334.0
2025-05-08 13:00:00,3356.17,3369.59,3354.74,3356.09,12105.0
2025-05-08 14:00:00,3356.06,3362.9,3350.9,3356.51,11904.0
2025-05-08 15:00:00,3356.53,3360.06,3326.63,3330.78,12749.0
2025-05-08 16:00:00,3330.42,3330.42,3304.43,3310.41,12156.0
2025-05-08 17:00:00,3310.41,3311.22,3297.86,3308.35,10224.0
2025-05-08 18:00:00,3308.33,3311.0,3305.71,3308.46,6607.0
2025-05-08 19:00:00,3308.46,3310.02,3288.75,3306.41,8091.0
2025-05-08 20:00:00,3306.42,3310.87,3303.76,3305.85,3829.0
2025-05-08 22:00:00,3304.71,3324.0,3304.54,3323.8,4969.0
2025-05-08 23:00:00,3323.8,3323.96,3312.28,3316.39,3896.0
2025-05-09 00:00:00,3316.39,3323.03,3308.83,3322.15,6781.0
2025-05-09 01:00:00,3322.2,3322.43,3286.87,3291.36,11586.0
2025-05-09 02:00:00,3291.36,3308.59,3274.79,3308.42,11520.0
2025-05-09 03:00:00,3308.42,3313.52,3299.73,3308.19,7853.0
2025-05-09 04:00:00,3308.19,3327.45,3308.19,3324.64,5811.0
2025-05-09 05:00:00,3324.64,3330.32,3312.95,3321.54,7777.0
2025-05-09 06:00:00,3321.56,3326.82,3315.42,3325.5,8634.0
2025-05-09 07:00:00,3325.5,3332.28,3322.5,3327.24,9078.0
2025-05-09 08:00:00,3327.32,3329.02,3320.3,3328.57,7877.0
2025-05-09 09:00:00,3328.57,3329.36,3323.46,3325.22,6069.0
2025-05-09 10:00:00,3325.08,3329.82,3322.05,3323.36,5387.0
2025-05-09 11:00:00,3323.36,3338.31,3323.27,3333.1,8399.0
2025-05-09 12:00:00,3333.1,3335.65,3329.09,3333.59,8873.0
2025-05-09 13:00:00,3333.59,3340.44,3328.76,3330.76,12069.0
2025-05-09 14:00:00,3330.76,3341.08,3320.36,3337.14,12437.0
2025-05-09 15:00:00,3337.19,3346.14,3336.2,3345.06,9581.0
2025-05-09 16:00:00,3345.06,3347.52,3336.36,3336.85,8316.0
2025-05-09 17:00:00,3336.86,3342.63,3336.11,3340.95,6522.0
2025-05-09 18:00:00,3340.95,3342.96,3336.28,3338.66,5126.0
2025-05-09 19:00:00,3338.66,3339.85,3325.66,3328.98,6114.0
2025-05-09 20:00:00,3328.98,3330.38,3325.28,3327.15,2790.0
2025-05-11 22:00:00,3287.31,3303.19,3266.99,3272.65,7277.0
2025-05-11 23:00:00,3272.65,3288.96,3265.96,3287.62,7549.0
2025-05-12 00:00:00,3287.65,3290.01,3272.17,3279.13,7820.0
2025-05-12 01:00:00,3279.21,3282.15,3258.86,3271.92,12375.0
2025-05-12 02:00:00,3271.92,3279.77,3269.58,3272.12,8842.0
2025-05-12 03:00:00,3272.12,3284.7,3270.53,3283.38,6733.0
2025-05-12 04:00:00,3283.38,3283.68,3275.62,3278.8,4721.0
2025-05-12 05:00:00,3278.8,3279.6,3268.57,3276.08,6857.0
2025-05-12 06:00:00,3276.08,3281.64,3273.08,3277.68,9862.0
2025-05-12 07:00:00,3277.68,3277.91,3216.19,3222.77,16529.0
2025-05-12 08:00:00,3222.79,3234.45,3220.9,3231.43,12349.0
2025-05-12 09:00:00,3231.52,3231.52,3213.06,3214.83,8843.0
2025-05-12 10:00:00,3215.16,3219.48,3207.85,3208.16,9543.0
2025-05-12 11:00:00,3208.17,3229.18,3208.03,3224.87,10200.0
2025-05-12 12:00:00,3224.86,3234.34,3220.37,3233.77,11082.0
2025-05-12 13:00:00,3233.58,3248.72,3231.82,3240.82,15350.0
2025-05-12 14:00:00,3240.59,3247.82,3233.53,3237.62,14313.0
2025-05-12 15:00:00,3237.66,3243.96,3232.75,3239.27,10051.0
2025-05-12 16:00:00,3239.23,3240.08,3223.21,3224.23,9079.0
2025-05-12 17:00:00,3224.23,3227.56,3221.21,3223.25,7841.0
2025-05-12 18:00:00,3223.26,3230.05,3220.43,3229.69,6082.0
2025-05-12 19:00:00,3229.69,3238.8,3228.95,3235.41,6880.0
2025-05-12 20:00:00,3235.36,3238.43,3232.57,3234.78,2595.0
2025-05-12 22:00:00,3236.61,3241.83,3229.85,3233.83,3489.0
2025-05-12 23:00:00,3233.83,3240.14,3233.41,3236.88,3276.0
2025-05-13 00:00:00,3236.88,3243.31,3233.88,3239.93,6437.0
2025-05-13 01:00:00,3239.93,3243.34,3215.9,3225.16,10415.0
2025-05-13 02:00:00,3225.16,3241.24,3223.22,3228.93,8089.0
2025-05-13 03:00:00,3228.94,3238.38,3228.23,3236.75,6062.0
2025-05-13 04:00:00,3236.75,3253.51,3234.96,3252.65,5222.0
2025-05-13 05:00:00,3252.62,3260.67,3251.27,3256.52,7169.0
2025-05-13 06:00:00,3256.52,3265.52,3247.39,3262.02,8904.0
2025-05-13 07:00:00,3262.28,3264.98,3254.32,3259.04,8295.0
2025-05-13 08:00:00,3259.14,3261.08,3250.41,3255.6,7359.0
2025-05-13 09:00:00,3255.57,3256.62,3250.59,3253.39,6587.0
2025-05-13 10:00:00,3253.39,3256.26,3251.2,3252.95,5679.0
2025-05-13 11:00:00,3252.95,3258.65,3248.79,3249.21,7099.0
2025-05-13 12:00:00,3249.21,3249.9,3237.4,3241.83,12062.0
2025-05-13 13:00:00,3241.83,3246.91,3227.34,3227.62,13000.0
2025-05-13 14:00:00,3227.57,3248.74,3225.5,3242.74,12305.0
2025-05-13 15:00:00,3242.76,3255.92,3242.07,3253.42,9383.0
2025-05-13 16:00:00,3253.44,3257.83,3248.72,3251.11,7227.0
2025-05-13 17:00:00,3251.01,3252.74,3242.13,3247.13,6310.0
2025-05-13 18:00:00,3247.12,3250.9,3245.84,3248.76,4936.0
2025-05-13 19:00:00,3248.76,3251.14,3246.38,3249.44,4226.0
2025-05-13 20:00:00,3249.42,3254.76,3248.1,3249.98,2075.0
2025-05-13 22:00:00,3249.83,3254.64,3249.35,3254.59,2052.0
2025-05-13 23:00:00,3254.59,3257.1,3252.15,3254.33,2292.0
2025-05-14 00:00:00,3254.33,3254.55,3240.59,3243.87,6600.0
2025-05-14 01:00:00,3243.87,3251.99,3237.44,3239.01,9832.0
2025-05-14 02:00:00,3239.01,3241.53,3229.03,3232.76,8325.0
2025-05-14 03:00:00,3232.76,3233.64,3226.27,3228.51,7237.0
2025-05-14 04:00:00,3228.51,3230.35,3222.63,3223.97,6287.0
2025-05-14 05:00:00,3223.97,3234.35,3221.69,3233.78,6402.0
2025-05-14 06:00:00,3233.86,3236.77,3227.77,3228.7,8447.0
2025-05-14 07:00:00,3228.71,3238.87,3224.3,3238.09,9557.0
2025-05-14 08:00:00,3238.09,3243.83,3230.51,3232.62,10130.0
2025-05-14 09:00:00,3232.62,3236.54,3229.15,3232.4,9003.0
2025-05-14 10:00:00,3232.4,3236.52,3229.66,3235.67,7271.0
2025-05-14 11:00:00,3235.67,3239.23,3219.59,3220.16,7906.0
2025-05-14 12:00:00,3220.13,3222.54,3184.14,3184.93,14326.0
2025-05-14 13:00:00,3184.93,3198.32,3175.07,3191.45,15920.0
2025-05-14 14:00:00,3191.44,3194.28,3179.44,3181.87,13229.0
2025-05-14 15:00:00,3181.78,3186.74,3179.14,3182.66,10676.0
2025-05-14 16:00:00,3182.67,3190.95,3173.88,3188.58,9828.0
2025-05-14 17:00:00,3188.55,3190.51,3181.04,3181.92,8199.0
2025-05-14 18:00:00,3181.92,3183.03,3171.74,3171.9,7253.0
2025-05-14 19:00:00,3171.9,3181.58,3168.06,3180.6,8238.0
2025-05-14 20:00:00,3180.59,3183.21,3176.92,3177.4,3572.0
2025-05-14 22:00:00,3177.53,3183.97,3177.3,3182.68,2720.0
2025-05-14 23:00:00,3182.68,3187.26,3181.22,3186.1,2713.0
2025-05-15 00:00:00,3186.04,3187.91,3180.2,3187.79,5452.0
2025-05-15 01:00:00,3187.79,3192.6,3171.37,3172.42,9173.0
2025-05-15 02:00:00,3172.42,3175.59,3150.3,3154.3,9745.0
2025-05-15 03:00:00,3154.3,3157.1,3148.39,3150.67,6949.0
2025-05-15 04:00:00,3150.67,3152.66,3135.62,3138.53,6369.0
2025-05-15 05:00:00,3138.53,3143.06,3123.59,3128.99,8432.0
2025-05-15 06:00:00,3129.03,3153.95,3120.57,3149.85,13155.0
2025-05-15 07:00:00,3149.85,3152.04,3130.72,3142.33,11441.0
2025-05-15 08:00:00,3142.33,3164.26,3139.15,3162.6,9967.0
2025-05-15 09:00:00,3162.6,3171.73,3159.34,3165.33,9201.0
2025-05-15 10:00:00,3165.33,3179.11,3164.16,3178.36,8142.0
2025-05-15 11:00:00,3178.34,3180.21,3172.55,3179.18,7865.0
2025-05-15 12:00:00,3179.16,3189.88,3177.52,3188.89,11078.0
2025-05-15 13:00:00,3188.88,3199.76,3185.26,3192.22,14172.0
2025-05-15 14:00:00,3192.16,3207.11,3190.54,3205.38,13252.0
2025-05-15 15:00:00,3205.39,3220.17,3204.71,3219.84,10285.0
2025-05-15 16:00:00,3219.84,3222.69,3215.93,3222.48,6890.0
2025-05-15 17:00:00,3222.48,3229.14,3216.48,3221.21,7226.0
2025-05-15 18:00:00,3221.21,3225.98,3219.85,3223.32,5785.0
2025-05-15 19:00:00,3223.32,3232.73,3222.38,3232.0,6105.0
2025-05-15 20:00:00,3232.0,3240.5,3231.13,3239.64,3663.0
2025-05-15 22:00:00,3240.3,3252.23,3236.99,3251.24,4647.0
2025-05-15 23:00:00,3251.24,3251.3,3236.62,3237.17,5674.0
2025-05-16 00:00:00,3237.17,3243.99,3232.06,3243.18,7744.0
2025-05-16 01:00:00,3243.18,3244.51,3215.13,3222.38,10413.0
2025-05-16 02:00:00,3222.32,3227.56,3212.94,3215.51,7672.0
2025-05-16 03:00:00,3215.52,3217.49,3206.52,3211.94,7699.0
2025-05-16 04:00:00,3211.76,3222.53,3211.76,3219.63,5266.0
2025-05-16 05:00:00,3219.58,3222.29,3211.93,3218.64,6413.0
2025-05-16 06:00:00,3218.64,3231.29,3212.85,3214.89,9481.0
2025-05-16 07:00:00,3214.89,3218.03,3205.46,3207.67,9301.0
2025-05-16 08:00:00,3207.59,3209.28,3195.6,3207.43,8436.0
2025-05-16 09:00:00,3207.43,3212.92,3203.74,3209.26,7600.0
2025-05-16 10:00:00,3209.26,3211.05,3169.1,3175.86,10229.0
2025-05-16 11:00:00,3176.07,3179.26,3154.3,3163.16,10384.0
2025-05-16 12:00:00,3163.23,3182.17,3154.98,3177.49,12090.0
2025-05-16 13:00:00,3177.49,3186.63,3169.58,3180.96,13153.0
2025-05-16 14:00:00,3181.01,3187.95,3166.0,3173.34,12367.0
2025-05-16 15:00:00,3173.34,3185.17,3172.81,3183.58,8434.0
2025-05-16 16:00:00,3183.58,3189.79,3180.57,3189.37,6955.0
2025-05-16 17:00:00,3189.37,3192.21,3183.46,3189.47,6097.0
2025-05-16 18:00:00,3189.47,3191.17,3184.89,3187.49,4260.0
2025-05-16 19:00:00,3187.57,3195.77,3187.56,3192.64,4733.0
2025-05-16 20:00:00,3192.62,3202.8,3192.22,3201.0,3948.0
2025-05-18 22:00:00,3219.99,3240.7,3206.42,3239.03,7058.0
2025-05-18 23:00:00,3239.03,3245.26,3226.72,3234.97,5657.0
2025-05-19 00:00:00,3234.97,3249.79,3233.6,3246.49,7069.0
2025-05-19 01:00:00,3246.4,3246.64,3214.61,3218.49,10566.0
2025-05-19 02:00:00,3218.49,3230.11,3217.31,3228.53,7113.0
2025-05-19 03:00:00,3228.66,3230.56,3208.14,3212.22,5412.0
2025-05-19 04:00:00,3212.22,3218.14,3206.7,3215.9,4265.0
2025-05-19 05:00:00,3215.9,3224.36,3215.03,3224.01,5344.0
2025-05-19 06:00:00,3224.12,3231.66,3220.27,3224.21,8952.0
2025-05-19 07:00:00,3224.28,3234.55,3224.12,3232.42,8622.0
2025-05-19 08:00:00,3232.41,3244.9,3230.02,3244.49,7299.0
2025-05-19 09:00:00,3244.49,3247.62,3233.65,3242.02,7145.0
2025-05-19 10:00:00,3242.03,3245.3,3234.1,3241.8,5464.0
2025-05-19 11:00:00,3241.8,3248.52,3239.16,3243.81,5654.0
2025-05-19 12:00:00,3243.81,3244.48,3228.97,3229.42,8842.0
2025-05-19 13:00:00,3229.43,3241.6,3224.69,3230.09,12670.0
2025-05-19 14:00:00,3230.09,3236.12,3217.08,3233.95,11671.0
2025-05-19 15:00:00,3233.95,3239.96,3229.58,3231.64,8149.0
2025-05-19 16:00:00,3231.72,3234.2,3228.17,3231.84,6389.0
2025-05-19 17:00:00,3231.79,3233.25,3225.58,3226.45,6314.0
2025-05-19 18:00:00,3226.45,3235.14,3225.38,3233.5,4950.0
2025-05-19 19:00:00,3233.5,3235.86,3231.65,3233.1,3477.0
2025-05-19 20:00:00,3233.12,3233.73,3228.04,3230.12,2176.0
2025-05-19 22:00:00,3230.46,3231.19,3224.73,3226.85,2383.0
2025-05-19 23:00:00,3226.85,3227.47,3219.09,3222.56,3058.0
2025-05-20 00:00:00,3222.56,3224.21,3214.35,3222.8,5844.0
2025-05-20 01:00:00,3222.86,3232.75,3220.6,3221.2,9128.0
2025-05-20 02:00:00,3221.2,3223.05,3206.57,3206.79,8148.0
2025-05-20 03:00:00,3206.84,3214.24,3204.84,3211.47,6330.0
2025-05-20 04:00:00,3211.47,3218.03,3211.29,3217.28,4565.0
2025-05-20 05:00:00,3217.28,3219.82,3209.96,3213.84,5785.0
2025-05-20 06:00:00,3213.89,3219.19,3208.83,3209.95,7785.0
2025-05-20 07:00:00,3209.95,3225.42,3208.01,3222.91,7799.0
2025-05-20 08:00:00,3222.92,3236.0,3218.32,3235.92,7763.0
2025-05-20 09:00:00,3235.91,3239.41,3230.61,3236.43,8062.0
2025-05-20 10:00:00,3236.41,3238.45,3231.96,3235.3,5334.0
2025-05-20 11:00:00,3235.3,3241.64,3235.22,3241.32,5713.0
2025-05-20 12:00:00,3241.32,3250.76,3234.42,3242.86,9182.0
2025-05-20 13:00:00,3242.86,3261.96,3233.01,3261.22,12640.0
2025-05-20 14:00:00,3261.24,3285.8,3260.78,3282.53,15335.0
2025-05-20 15:00:00,3282.53,3283.61,3273.48,3277.33,10025.0
2025-05-20 16:00:00,3277.33,3282.55,3275.3,3278.88,6960.0
2025-05-20 17:00:00,3278.87,3287.86,3278.4,3286.47,6992.0
2025-05-20 18:00:00,3286.52,3289.67,3284.23,3287.74,6630.0
2025-05-20 19:00:00,3287.78,3295.12,3287.32,3294.15,5538.0
2025-05-20 20:00:00,3294.14,3295.68,3289.27,3289.66,3151.0
2025-05-20 22:00:00,3289.68,3304.2,3289.68,3296.85,5112.0
2025-05-20 23:00:00,3296.85,3296.87,3288.61,3290.73,4118.0
2025-05-21 00:00:00,3290.7,3304.16,3288.97,3303.48,6044.0
2025-05-21 01:00:00,3303.48,3314.54,3285.51,3294.64,11216.0
2025-05-21 02:00:00,3294.64,3305.25,3289.42,3301.84,7978.0
2025-05-21 03:00:00,3301.84,3309.68,3299.24,3307.63,6009.0
2025-05-21 04:00:00,3307.55,3308.26,3301.26,3302.13,4608.0
2025-05-21 05:00:00,3302.13,3319.67,3298.46,3316.37,6848.0
2025-05-21 06:00:00,3316.37,3320.55,3310.89,3320.07,9103.0
2025-05-21 07:00:00,3320.09,3320.12,3307.82,3309.8,8376.0
2025-05-21 08:00:00,3309.8,3312.3,3304.01,3308.44,7369.0
2025-05-21 09:00:00,3308.46,3313.59,3307.12,3313.59,6393.0
2025-05-21 10:00:00,3313.59,3318.32,3308.64,3311.84,7185.0
2025-05-21 11:00:00,3311.84,3316.38,3306.56,3311.24,7116.0
2025-05-21 12:00:00,3311.25,3312.7,3290.78,3302.64,11879.0
2025-05-21 13:00:00,3302.66,3309.6,3295.44,3303.63,12623.0
2025-05-21 14:00:00,3303.63,3307.7,3295.35,3304.45,11712.0
2025-05-21 15:00:00,3304.44,3315.27,3303.67,3311.97,9263.0
2025-05-21 16:00:00,3311.97,3314.64,3302.79,3303.14,7343.0
2025-05-21 17:00:00,3303.15,3316.39,3302.82,3316.38,9811.0
2025-05-21 18:00:00,3316.38,3316.43,3312.03,3314.41,6646.0
2025-05-21 19:00:00,3314.38,3324.86,3314.38,3318.33,7292.0
2025-05-21 20:00:00,3318.33,3319.85,3313.22,3315.11,3309.0
2025-05-21 22:00:00,3314.74,3321.15,3314.74,3318.04,3392.0
2025-05-21 23:00:00,3318.04,3324.26,3317.39,3320.1,4055.0
2025-05-22 00:00:00,3320.1,3326.17,3319.47,3323.82,5683.0
2025-05-22 01:00:00,3323.82,3342.92,3320.37,3338.17,11093.0
2025-05-22 02:00:00,3338.13,3344.72,3336.58,3341.17,7609.0
2025-05-22 03:00:00,3341.17,3345.43,3334.97,3335.43,6092.0
2025-05-22 04:00:00,3335.43,3339.13,3332.78,3338.55,4656.0
2025-05-22 05:00:00,3338.5,3339.56,3326.36,3332.38,5753.0
2025-05-22 06:00:00,3332.36,3335.63,3325.37,3326.42,9366.0
2025-05-22 07:00:00,3326.49,3331.17,3322.62,3327.66,9042.0
2025-05-22 08:00:00,3327.65,3329.9,3310.24,3311.24,10771.0
2025-05-22 09:00:00,3311.24,3313.89,3304.21,3304.82,9261.0
2025-05-22 10:00:00,3304.82,3307.48,3288.54,3289.68,10154.0
2025-05-22 11:00:00,3289.66,3314.75,3283.03,3314.59,11622.0
2025-05-22 12:00:00,3314.23,3314.56,3300.96,3304.13,12611.0
2025-05-22 13:00:00,3304.13,3315.8,3286.98,3287.78,14246.0
2025-05-22 14:00:00,3287.78,3304.57,3279.2,3297.09,13665.0
2025-05-22 15:00:00,3297.09,3298.78,3281.56,3294.72,11518.0
2025-05-22 16:00:00,3294.9,3305.0,3291.1,3301.56,8695.0
2025-05-22 17:00:00,3301.56,3301.79,3290.11,3296.62,8846.0
2025-05-22 18:00:00,3296.63,3298.92,3292.46,3293.86,6649.0
2025-05-22 19:00:00,3293.86,3297.18,3289.14,3290.26,6602.0
2025-05-22 20:00:00,3290.26,3295.52,3289.61,3294.71,2947.0
2025-05-22 22:00:00,3295.14,3299.37,3294.13,3297.73,2332.0
2025-05-22 23:00:00,3297.73,3302.07,3297.45,3300.07,2736.0
2025-05-23 00:00:00,3300.07,3308.95,3287.13,3301.06,8162.0
2025-05-23 01:00:00,3301.06,3306.47,3295.95,3305.23,8810.0
2025-05-23 02:00:00,3305.23,3305.37,3291.02,3296.9,6387.0
2025-05-23 03:00:00,3296.89,3303.43,3296.54,3302.11,4610.0
2025-05-23 04:00:00,3302.11,3316.15,3302.01,3313.65,5160.0
2025-05-23 05:00:00,3313.65,3325.64,3312.56,3323.81,6827.0
2025-05-23 06:00:00,3323.83,3332.02,3323.03,3331.1,9422.0
2025-05-23 07:00:00,3331.11,3334.43,3326.74,3329.27,7553.0
2025-05-23 08:00:00,3329.19,3329.42,3322.66,3326.43,7123.0
2025-05-23 09:00:00,3326.41,3334.0,3324.9,3328.8,7258.0
2025-05-23 10:00:00,3328.8,3331.94,3323.57,3328.67,6432.0
2025-05-23 11:00:00,3328.66,3349.76,3324.44,3348.05,11100.0
2025-05-23 12:00:00,3348.15,3360.3,3344.89,3357.24,15455.0
2025-05-23 13:00:00,3356.99,3364.74,3337.28,3340.01,15381.0
2025-05-23 14:00:00,3340.02,3359.68,3336.62,3359.31,13714.0
2025-05-23 15:00:00,3359.31,3362.46,3352.15,3361.74,10230.0
2025-05-23 16:00:00,3361.74,3364.67,3357.26,3359.0,8962.0
2025-05-23 17:00:00,3358.99,3365.81,3356.49,3362.76,7645.0
2025-05-23 18:00:00,3362.76,3365.95,3361.19,3362.07,6558.0
2025-05-23 19:00:00,3362.05,3365.76,3358.3,3360.78,5958.0
2025-05-23 20:00:00,3360.78,3361.75,3356.72,3357.9,3185.0
2025-05-25 22:00:00,3355.33,3356.33,3341.41,3344.29,5518.0
2025-05-25 23:00:00,3344.29,3350.72,3341.42,3342.69,3265.0
2025-05-26 00:00:00,3342.69,3346.28,3331.56,3341.84,5873.0
2025-05-26 01:00:00,3342.08,3347.6,3335.62,3345.03,7908.0
2025-05-26 02:00:00,3345.06,3356.81,3343.32,3348.12,6512.0
2025-05-26 03:00:00,3348.05,3349.97,3344.34,3347.66,4554.0
2025-05-26 04:00:00,3347.66,3351.16,3346.34,3349.89,3308.0
2025-05-26 05:00:00,3349.89,3351.87,3344.36,3347.45,4669.0
2025-05-26 06:00:00,3347.45,3347.59,3337.17,3337.34,7049.0
2025-05-26 07:00:00,3337.32,3338.76,3332.12,3337.39,7232.0
2025-05-26 08:00:00,3337.47,3339.73,3331.11,3334.5,6476.0
2025-05-26 09:00:00,3334.7,3336.32,3323.7,3328.77,6621.0
2025-05-26 10:00:00,3328.77,3333.7,3328.77,3331.57,3854.0
2025-05-26 11:00:00,3331.57,3334.47,3329.22,3333.22,2969.0
2025-05-26 12:00:00,3333.22,3335.05,3326.44,3334.35,5495.0
2025-05-26 13:00:00,3334.35,3339.02,3331.52,3338.41,6971.0
2025-05-26 14:00:00,3338.41,3341.77,3335.65,3337.35,6678.0
2025-05-26 15:00:00,3337.35,3339.72,3336.96,3337.95,3986.0
2025-05-26 16:00:00,3338.0,3343.64,3337.58,3342.1,3183.0
2025-05-26 17:00:00,3342.1,3343.16,3340.56,3341.26,2461.0
2025-05-26 18:00:00,3341.26,3343.19,3341.03,3342.3,1253.0
2025-05-26 22:00:00,3342.87,3348.84,3342.85,3347.76,3152.0
2025-05-26 23:00:00,3347.76,3348.6,3344.5,3346.18,2692.0
2025-05-27 00:00:00,3346.18,3350.0,3342.47,3345.13,4652.0
2025-05-27 01:00:00,3345.13,3347.3,3331.82,3336.0,7551.0
2025-05-27 02:00:00,3336.0,3344.45,3335.16,3343.06,6124.0
2025-05-27 03:00:00,3343.08,3347.31,3340.97,3341.31,4874.0
2025-05-27 04:00:00,3341.31,3341.58,3330.75,3330.89,5077.0
2025-05-27 05:00:00,3330.89,3332.73,3316.11,3323.47,9126.0
2025-05-27 06:00:00,3323.46,3328.35,3305.09,3308.75,11127.0
2025-05-27 07:00:00,3308.61,3312.53,3292.57,3296.44,10780.0
2025-05-27 08:00:00,3296.31,3310.47,3296.14,3298.58,9758.0
2025-05-27 09:00:00,3298.58,3309.66,3294.62,3296.49,8933.0
2025-05-27 10:00:00,3296.24,3299.59,3290.75,3293.24,8075.0
2025-05-27 11:00:00,3293.24,3298.06,3287.85,3288.39,7821.0
2025-05-27 12:00:00,3288.39,3297.88,3288.06,3293.75,9790.0
2025-05-27 13:00:00,3293.75,3304.92,3292.28,3295.36,12128.0
2025-05-27 14:00:00,3295.36,3303.29,3285.38,3299.93,12281.0
2025-05-27 15:00:00,3299.93,3303.07,3289.64,3293.58,9333.0
2025-05-27 16:00:00,3293.58,3298.78,3293.11,3297.78,6397.0
2025-05-27 17:00:00,3297.78,3304.36,3296.76,3301.37,5720.0
2025-05-27 18:00:00,3301.36,3303.99,3299.12,3303.18,4447.0
2025-05-27 19:00:00,3303.18,3308.04,3303.05,3304.4,3936.0
2025-05-27 20:00:00,3304.4,3305.14,3299.58,3300.56,2122.0
2025-05-27 22:00:00,3301.03,3305.76,3300.87,3303.25,2981.0
2025-05-27 23:00:00,3303.38,3310.92,3297.26,3309.4,3908.0
2025-05-28 00:00:00,3309.4,3315.87,3308.29,3308.67,4307.0
2025-05-28 01:00:00,3308.67,3310.79,3298.6,3301.8,7617.0
2025-05-28 02:00:00,3301.8,3313.28,3300.33,3302.53,7977.0
2025-05-28 03:00:00,3302.57,3304.19,3291.68,3297.81,7275.0
2025-05-28 04:00:00,3297.81,3299.4,3294.43,3296.44,4282.0
2025-05-28 05:00:00,3296.44,3310.29,3296.03,3307.36,6634.0
2025-05-28 06:00:00,3307.32,3308.74,3298.58,3308.29,7029.0
2025-05-28 07:00:00,3308.29,3322.51,3307.32,3319.16,9235.0
2025-05-28 08:00:00,3319.18,3323.83,3315.26,3321.71,8245.0
2025-05-28 09:00:00,3321.71,3325.5,3320.22,3324.2,5434.0
2025-05-28 10:00:00,3324.2,3324.67,3311.78,3313.35,6308.0
2025-05-28 11:00:00,3313.35,3315.16,3307.45,3311.15,6967.0
2025-05-28 12:00:00,3311.08,3314.52,3305.44,3312.28,8907.0
2025-05-28 13:00:00,3312.28,3316.44,3297.64,3305.26,12466.0
2025-05-28 14:00:00,3305.27,3309.12,3300.58,3302.69,11073.0
2025-05-28 15:00:00,3302.69,3302.82,3292.59,3296.09,9639.0
2025-05-28 16:00:00,3296.09,3299.16,3288.64,3293.5,7003.0
2025-05-28 17:00:00,3293.5,3299.1,3291.39,3296.58,6290.0
2025-05-28 18:00:00,3296.52,3302.88,3296.48,3302.03,6805.0
2025-05-28 19:00:00,3302.0,3302.95,3293.92,3297.03,6419.0
2025-05-28 20:00:00,3297.03,3297.4,3276.76,3288.64,3876.0
2025-05-28 22:00:00,3286.95,3294.83,3282.07,3286.73,4286.0
2025-05-28 23:00:00,3286.73,3287.77,3250.08,3259.66,11065.0
2025-05-29 00:00:00,3259.67,3269.16,3253.96,3265.01,10865.0
2025-05-29 01:00:00,3265.04,3265.85,3245.53,3263.66,11574.0
2025-05-29 02:00:00,3263.66,3275.42,3261.14,3270.16,8639.0
2025-05-29 03:00:00,3270.16,3280.18,3268.13,3274.71,7074.0
2025-05-29 04:00:00,3274.62,3275.46,3269.14,3269.18,5440.0
2025-05-29 05:00:00,3269.18,3272.71,3266.1,3272.56,6545.0
2025-05-29 06:00:00,3272.56,3276.42,3268.14,3271.79,7945.0
2025-05-29 07:00:00,3271.78,3287.44,3271.78,3286.65,7911.0
2025-05-29 08:00:00,3286.47,3289.35,3278.29,3281.75,6897.0
2025-05-29 09:00:00,3281.75,3283.28,3276.27,3282.11,5629.0
2025-05-29 10:00:00,3282.11,3300.79,3281.99,3296.77,8121.0
2025-05-29 11:00:00,3296.77,3305.5,3295.46,3299.78,7630.0
2025-05-29 12:00:00,3299.8,3317.56,3298.71,3316.5,11847.0
2025-05-29 13:00:00,3316.52,3321.94,3310.35,3312.67,13227.0
2025-05-29 14:00:00,3312.67,3319.42,3304.85,3310.33,11460.0
2025-05-29 15:00:00,3310.33,3322.01,3309.82,3321.03,7717.0
2025-05-29 16:00:00,3321.15,3331.23,3319.82,3322.3,8141.0
2025-05-29 17:00:00,3322.3,3324.46,3318.2,3324.26,6815.0
2025-05-29 18:00:00,3324.26,3325.82,3317.66,3321.35,5879.0
2025-05-29 19:00:00,3321.35,3321.54,3315.55,3316.64,5138.0
2025-05-29 20:00:00,3316.67,3318.22,3315.33,3317.56,2109.0
2025-05-29 22:00:00,3318.59,3320.96,3313.58,3314.38,2703.0
2025-05-29 23:00:00,3314.38,3317.38,3312.95,3315.56,3239.0
2025-05-30 00:00:00,3315.56,3318.9,3309.64,3312.57,5356.0
2025-05-30 01:00:00,3312.57,3322.7,3308.18,3309.91,8404.0
2025-05-30 02:00:00,3309.91,3312.23,3295.06,3297.14,7961.0
2025-05-30 03:00:00,3297.3,3302.4,3291.33,3294.55,5939.0
2025-05-30 04:00:00,3294.55,3296.47,3291.5,3296.29,3970.0
2025-05-30 05:00:00,3296.29,3305.08,3290.28,3303.89,5963.0
2025-05-30 06:00:00,3303.89,3304.26,3290.55,3301.86,7789.0
2025-05-30 07:00:00,3301.82,3301.84,3287.53,3295.04,8363.0
2025-05-30 08:00:00,3295.02,3299.24,3291.76,3295.8,6997.0
2025-05-30 09:00:00,3295.81,3299.25,3292.59,3295.62,6020.0
2025-05-30 10:00:00,3295.63,3300.66,3292.59,3295.29,5383.0
2025-05-30 11:00:00,3295.29,3297.28,3288.69,3294.02,6311.0
2025-05-30 12:00:00,3294.02,3306.77,3282.66,3304.09,12973.0
2025-05-30 13:00:00,3304.04,3308.24,3275.35,3276.76,13054.0
2025-05-30 14:00:00,3276.76,3287.34,3271.52,3282.75,13585.0
2025-05-30 15:00:00,3282.76,3292.74,3276.07,3288.67,10751.0
2025-05-30 16:00:00,3288.67,3295.76,3284.02,3293.42,8739.0
2025-05-30 17:00:00,3293.37,3294.75,3289.81,3291.03,6072.0
2025-05-30 18:00:00,3291.03,3295.04,3291.03,3293.89,4314.0
2025-05-30 19:00:00,3293.89,3295.07,3291.65,3294.92,3914.0
2025-05-30 20:00:00,3294.93,3295.79,3288.72,3288.72,2314.0
2025-06-01 22:00:00,3298.26,3315.12,3295.92,3313.18,5631.0
2025-06-01 23:00:00,3313.18,3316.66,3309.23,3310.24,3681.0
2025-06-02 00:00:00,3310.24,3314.97,3303.34,3311.36,6293.0
2025-06-02 01:00:00,3311.36,3313.65,3301.48,3303.72,6958.0
2025-06-02 02:00:00,3303.72,3311.52,3303.5,3307.38,5082.0
2025-06-02 03:00:00,3307.38,3308.9,3303.34,3308.65,4414.0
2025-06-02 04:00:00,3308.64,3318.18,3308.64,3313.91,4875.0
2025-06-02 05:00:00,3313.91,3325.69,3313.86,3323.79,5583.0
2025-06-02 06:00:00,3323.79,3345.4,3323.79,3344.47,9340.0
2025-06-02 07:00:00,3344.47,3359.03,3343.22,3352.62,10554.0
2025-06-02 08:00:00,3352.62,3356.43,3350.11,3352.08,6537.0
2025-06-02 09:00:00,3352.08,3352.48,3344.54,3348.38,6942.0
2025-06-02 10:00:00,3348.38,3351.37,3344.64,3348.65,6867.0
2025-06-02 11:00:00,3348.65,3360.1,3346.12,3356.37,7635.0
2025-06-02 12:00:00,3356.33,3363.65,3354.01,3355.48,9424.0
2025-06-02 13:00:00,3355.48,3376.23,3350.41,3371.0,12319.0
2025-06-02 14:00:00,3371.0,3378.82,3367.73,3376.17,13159.0
2025-06-02 15:00:00,3376.05,3378.79,3369.85,3374.37,9321.0
2025-06-02 16:00:00,3374.33,3379.32,3369.37,3371.93,8221.0
2025-06-02 17:00:00,3371.8,3376.02,3371.36,3374.43,6834.0
2025-06-02 18:00:00,3374.43,3380.05,3370.85,3379.31,6079.0
2025-06-02 19:00:00,3379.31,3382.38,3377.95,3381.54,5104.0
2025-06-02 20:00:00,3381.54,3382.78,3378.44,3381.6,3093.0
2025-06-02 22:00:00,3384.37,3391.56,3382.13,3389.96,4024.0
2025-06-02 23:00:00,3389.96,3392.17,3383.19,3387.45,3442.0
2025-06-03 00:00:00,3387.45,3388.65,3373.86,3375.9,6568.0
2025-06-03 01:00:00,3375.89,3376.0,3363.34,3372.61,11215.0
2025-06-03 02:00:00,3372.61,3378.05,3364.48,3368.89,8262.0
2025-06-03 03:00:00,3368.88,3369.71,3359.79,3361.16,6178.0
2025-06-03 04:00:00,3361.16,3365.19,3359.24,3362.69,4874.0
2025-06-03 05:00:00,3362.69,3367.77,3356.4,3365.16,6489.0
2025-06-03 06:00:00,3365.08,3367.4,3351.21,3358.91,9143.0
2025-06-03 07:00:00,3358.89,3361.27,3352.58,3359.68,8850.0
2025-06-03 08:00:00,3359.68,3364.86,3359.68,3361.34,6763.0
2025-06-03 09:00:00,3361.34,3362.8,3355.01,3356.88,6195.0
2025-06-03 10:00:00,3356.88,3358.72,3354.98,3355.5,5421.0
2025-06-03 11:00:00,3355.5,3360.47,3353.54,3359.29,5311.0
2025-06-03 12:00:00,3359.29,3363.08,3349.02,3359.41,9575.0
2025-06-03 13:00:00,3359.42,3363.14,3340.95,3345.75,11630.0
2025-06-03 14:00:00,3345.93,3350.26,3333.08,3346.54,11947.0
2025-06-03 15:00:00,3346.49,3351.56,3344.12,3350.3,8269.0
2025-06-03 16:00:00,3350.3,3353.52,3344.63,3348.5,6297.0
2025-06-03 17:00:00,3348.5,3354.59,3347.34,3353.23,5095.0
2025-06-03 18:00:00,3353.18,3353.85,3350.5,3353.61,3397.0
2025-06-03 19:00:00,3353.6,3355.46,3351.3,3352.61,3457.0
2025-06-03 20:00:00,3352.6,3355.35,3352.58,3353.3,1756.0
2025-06-03 22:00:00,3354.18,3358.52,3354.0,3357.25,2084.0
2025-06-03 23:00:00,3357.25,3361.58,3355.4,3359.98,2925.0
2025-06-04 00:00:00,3359.98,3360.21,3349.81,3350.25,6806.0
2025-06-04 01:00:00,3350.23,3372.35,3346.48,3370.76,9535.0
2025-06-04 02:00:00,3370.89,3372.6,3362.89,3365.6,6125.0
2025-06-04 03:00:00,3365.59,3367.5,3358.29,3359.18,4769.0
2025-06-04 04:00:00,3359.18,3361.46,3352.4,3354.81,5045.0
2025-06-04 05:00:00,3354.81,3356.5,3347.98,3351.08,6547.0
2025-06-04 06:00:00,3351.08,3358.5,3349.08,3355.62,8291.0
2025-06-04 07:00:00,3355.65,3365.2,3353.66,3354.64,7514.0
2025-06-04 08:00:00,3354.63,3364.2,3351.65,3362.82,7201.0
2025-06-04 09:00:00,3362.88,3364.99,3359.44,3362.98,6142.0
2025-06-04 10:00:00,3362.98,3363.95,3347.28,3350.95,6988.0
2025-06-04 11:00:00,3350.95,3352.03,3343.86,3346.58,7428.0
2025-06-04 12:00:00,3346.64,3360.83,3344.44,3358.89,11711.0
2025-06-04 13:00:00,3358.89,3362.79,3350.93,3352.74,10981.0
2025-06-04 14:00:00,3352.6,3384.71,3351.2,3377.51,13256.0
2025-06-04 15:00:00,3377.48,3378.99,3369.82,3371.78,9060.0
2025-06-04 16:00:00,3371.78,3376.34,3370.88,3375.13,5854.0
2025-06-04 17:00:00,3375.13,3380.83,3373.06,3379.22,4848.0
2025-06-04 18:00:00,3379.22,3382.16,3375.01,3376.22,4349.0
2025-06-04 19:00:00,3376.18,3376.31,3371.9,3373.64,4102.0
2025-06-04 20:00:00,3373.62,3375.17,3370.8,3372.6,2418.0
2025-06-04 22:00:00,3373.04,3375.93,3372.5,3373.62,1962.0
2025-06-04 23:00:00,3373.62,3379.12,3372.54,3378.15,2604.0
2025-06-05 00:00:00,3378.17,3381.75,3372.44,3380.31,6096.0
2025-06-05 01:00:00,3380.29,3384.15,3370.71,3373.83,7968.0
2025-06-05 02:00:00,3373.77,3375.13,3368.28,3370.9,5591.0
2025-06-05 03:00:00,3370.9,3377.37,3369.38,3369.78,4776.0
2025-06-05 04:00:00,3369.78,3372.56,3363.96,3368.43,5054.0
2025-06-05 05:00:00,3368.43,3369.8,3361.21,3364.34,5587.0
2025-06-05 06:00:00,3364.35,3370.03,3363.87,3366.05,7110.0
2025-06-05 07:00:00,3366.05,3374.5,3365.35,3371.26,6571.0
2025-06-05 08:00:00,3371.26,3376.93,3369.79,3375.24,5858.0
2025-06-05 09:00:00,3375.24,3391.34,3374.1,3389.63,10562.0
2025-06-05 10:00:00,3389.55,3400.44,3388.31,3399.98,8931.0
2025-06-05 11:00:00,3399.98,3403.53,3391.7,3392.36,9584.0
2025-06-05 12:00:00,3392.35,3400.06,3377.84,3383.03,12429.0
2025-06-05 13:00:00,3383.09,3388.6,3371.36,3378.21,16399.0
2025-06-05 14:00:00,3378.21,3383.3,3363.92,3367.68,15258.0
2025-06-05 15:00:00,3367.66,3373.17,3339.58,3344.8,14761.0
2025-06-05 16:00:00,3344.8,3356.42,3339.93,3354.07,11307.0
2025-06-05 17:00:00,3354.07,3354.79,3348.93,3353.96,7568.0
2025-06-05 18:00:00,3353.96,3355.94,3350.52,3353.58,6197.0
2025-06-05 19:00:00,3353.58,3361.37,3352.88,3357.26,7522.0
2025-06-05 20:00:00,3356.74,3357.72,3351.96,3352.6,3245.0
2025-06-05 22:00:00,3354.17,3363.37,3353.16,3359.11,4559.0
2025-06-05 23:00:00,3359.11,3362.65,3357.25,3361.89,3250.0
2025-06-06 00:00:00,3361.89,3364.12,3357.46,3359.46,5224.0
2025-06-06 01:00:00,3359.46,3368.6,3356.22,3363.9,8499.0
2025-06-06 02:00:00,3363.9,3366.5,3362.14,3363.99,5891.0
2025-06-06 03:00:00,3363.99,3371.83,3359.29,3369.79,5647.0
2025-06-06 04:00:00,3369.79,3374.62,3369.05,3373.68,4755.0
2025-06-06 05:00:00,3373.68,3375.6,3362.08,3366.2,7168.0
2025-06-06 06:00:00,3366.1,3366.98,3356.18,3360.8,10509.0
2025-06-06 07:00:00,3360.8,3362.38,3352.8,3359.48,8727.0
2025-06-06 08:00:00,3359.48,3367.75,3358.45,3365.41,7112.0
2025-06-06 09:00:00,3365.41,3365.45,3352.9,3356.78,7085.0
2025-06-06 10:00:00,3356.78,3360.84,3355.9,3360.58,6028.0
2025-06-06 11:00:00,3360.64,3364.28,3358.24,3358.4,6684.0
2025-06-06 12:00:00,3358.4,3364.16,3343.56,3353.31,12956.0
2025-06-06 13:00:00,3353.26,3360.96,3342.64,3343.2,15810.0
2025-06-06 14:00:00,3343.32,3344.99,3316.65,3326.11,15639.0
2025-06-06 15:00:00,3326.21,3336.8,3323.39,3332.17,11347.0
2025-06-06 16:00:00,3332.23,3332.7,3320.54,3322.72,9072.0
2025-06-06 17:00:00,3322.79,3326.76,3321.5,3323.61,6903.0
2025-06-06 18:00:00,3323.6,3323.98,3313.7,3317.39,6409.0
2025-06-06 19:00:00,3317.5,3318.95,3311.32,3312.39,5208.0
2025-06-06 20:00:00,3312.39,3312.8,3307.16,3312.12,2974.0
2025-06-08 22:00:00,3311.86,3321.11,3309.28,3314.86,4315.0
2025-06-08 23:00:00,3314.86,3318.53,3313.41,3318.06,3684.0
2025-06-09 00:00:00,3318.06,3318.65,3298.32,3305.46,8018.0
2025-06-09 01:00:00,3305.46,3309.42,3295.08,3295.92,9056.0
2025-06-09 02:00:00,3296.14,3307.52,3293.6,3305.61,7072.0
2025-06-09 03:00:00,3305.61,3312.08,3304.25,3310.86,5866.0
2025-06-09 04:00:00,3310.86,3313.42,3309.26,3311.75,3931.0
2025-06-09 05:00:00,3311.75,3316.6,3309.61,3314.69,5342.0
2025-06-09 06:00:00,3314.69,3324.92,3312.51,3324.4,7756.0
2025-06-09 07:00:00,3324.34,3328.52,3321.63,3324.18,7653.0
2025-06-09 08:00:00,3324.17,3325.66,3319.8,3319.8,6678.0
2025-06-09 09:00:00,3319.81,3323.52,3316.87,3318.7,6250.0
2025-06-09 10:00:00,3318.7,3319.75,3312.13,3314.65,5239.0
2025-06-09 11:00:00,3314.65,3321.35,3313.68,3317.48,6518.0
2025-06-09 12:00:00,3317.48,3322.47,3313.1,3320.11,8556.0
2025-06-09 13:00:00,3320.1,3321.72,3310.76,3319.4,12096.0
2025-06-09 14:00:00,3319.4,3326.84,3316.18,3320.87,11373.0
2025-06-09 15:00:00,3320.87,3332.11,3320.45,3328.7,7747.0
2025-06-09 16:00:00,3328.7,3337.93,3327.58,3337.74,7668.0
2025-06-09 17:00:00,3337.74,3338.25,3332.95,3333.69,6099.0
2025-06-09 18:00:00,3333.68,3337.12,3332.75,3333.22,5456.0
2025-06-09 19:00:00,3333.22,3335.49,3325.93,3327.28,5502.0
2025-06-09 20:00:00,3327.28,3329.49,3324.82,3325.39,2739.0
2025-06-09 22:00:00,3325.84,3327.44,3321.6,3323.61,2914.0
2025-06-09 23:00:00,3323.61,3327.86,3323.61,3326.78,2318.0
2025-06-10 00:00:00,3326.78,3326.86,3314.59,3316.67,6494.0
2025-06-10 01:00:00,3316.67,3319.89,3302.86,3306.3,10274.0
2025-06-10 02:00:00,3306.3,3310.31,3301.94,3309.39,7350.0
2025-06-10 03:00:00,3309.39,3310.45,3305.18,3307.56,5256.0
2025-06-10 04:00:00,3307.56,3308.67,3302.82,3307.28,4215.0
2025-06-10 05:00:00,3307.28,3319.23,3306.82,3317.55,7971.0
2025-06-10 06:00:00,3317.8,3331.3,3315.57,3325.48,9965.0
2025-06-10 07:00:00,3325.48,3332.21,3324.1,3330.14,8609.0
2025-06-10 08:00:00,3330.14,3334.9,3326.07,3329.39,6816.0
2025-06-10 09:00:00,3329.39,3331.81,3327.18,3329.77,5213.0
2025-06-10 10:00:00,3329.77,3336.31,3328.44,3335.42,5628.0
2025-06-10 11:00:00,3335.42,3342.59,3332.34,3333.79,7466.0
2025-06-10 12:00:00,3333.79,3340.28,3328.28,3337.2,8835.0
2025-06-10 13:00:00,3337.2,3349.2,3335.66,3343.63,11542.0
2025-06-10 14:00:00,3343.67,3343.75,3325.49,3328.57,11694.0
2025-06-10 15:00:00,3328.57,3329.32,3323.26,3326.68,9317.0
2025-06-10 16:00:00,3326.68,3327.77,3320.02,3321.38,7482.0
2025-06-10 17:00:00,3321.38,3325.85,3320.48,3324.81,6098.0
2025-06-10 18:00:00,3324.81,3325.4,3319.48,3321.64,5834.0
2025-06-10 19:00:00,3321.64,3334.59,3321.48,3328.76,6322.0
2025-06-10 20:00:00,3328.88,3328.92,3322.4,3322.4,3934.0
2025-06-10 22:00:00,3322.96,3327.5,3320.37,3324.49,3190.0
2025-06-10 23:00:00,3324.49,3328.17,3315.53,3328.01,5124.0
2025-06-11 00:00:00,3328.01,3335.22,3325.1,3332.47,6370.0
2025-06-11 01:00:00,3332.47,3337.42,3327.67,3328.5,6991.0
2025-06-11 02:00:00,3328.47,3339.67,3327.17,3338.26,6100.0
2025-06-11 03:00:00,3338.29,3341.69,3336.46,3339.47,4246.0
2025-06-11 04:00:00,3339.47,3342.96,3336.98,3341.9,4301.0
2025-06-11 05:00:00,3341.88,3343.12,3335.52,3339.7,5660.0
2025-06-11 06:00:00,3339.7,3340.19,3332.52,3337.15,7220.0
2025-06-11 07:00:00,3337.34,3348.56,3335.23,3345.75,7137.0
2025-06-11 08:00:00,3345.75,3346.76,3342.53,3344.55,5800.0
2025-06-11 09:00:00,3344.55,3344.61,3331.43,3333.79,8202.0
2025-06-11 10:00:00,3333.8,3336.78,3328.6,3329.91,5961.0
2025-06-11 11:00:00,3329.91,3335.29,3326.2,3333.18,6943.0
2025-06-11 12:00:00,3333.15,3360.7,3327.3,3336.74,13877.0
2025-06-11 13:00:00,3336.77,3344.57,3328.08,3329.99,14848.0
2025-06-11 14:00:00,3329.99,3341.29,3328.6,3337.63,11243.0
2025-06-11 15:00:00,3337.64,3342.83,3329.62,3333.14,9110.0
2025-06-11 16:00:00,3333.14,3334.45,3328.2,3330.26,7026.0
2025-06-11 17:00:00,3330.26,3331.35,3319.41,3324.35,8457.0
2025-06-11 18:00:00,3324.35,3347.36,3323.88,3343.87,10947.0
2025-06-11 19:00:00,3343.87,3349.35,3342.4,3346.89,6433.0
2025-06-11 20:00:00,3346.84,3355.41,3346.72,3354.82,3454.0
2025-06-11 22:00:00,3357.18,3369.76,3356.15,3369.02,4882.0
2025-06-11 23:00:00,3369.02,3373.58,3357.55,3365.51,6221.0
2025-06-12 00:00:00,3365.51,3371.4,3362.23,3365.86,8585.0
2025-06-12 01:00:00,3365.89,3376.82,3362.61,3371.09,9650.0
2025-06-12 02:00:00,3371.09,3377.86,3368.98,3374.68,7815.0
2025-06-12 03:00:00,3374.68,3376.67,3371.68,3373.42,5832.0
2025-06-12 04:00:00,3373.42,3373.76,3369.54,3370.61,3475.0
2025-06-12 05:00:00,3370.61,3375.82,3367.8,3374.51,4922.0
2025-06-12 06:00:00,3374.5,3375.67,3365.32,3375.03,7896.0
2025-06-12 07:00:00,3375.04,3375.28,3338.63,3346.22,10729.0
2025-06-12 08:00:00,3346.22,3361.13,3346.22,3356.85,10962.0
2025-06-12 09:00:00,3356.85,3368.02,3355.38,3365.44,7677.0
2025-06-12 10:00:00,3365.44,3385.89,3362.59,3382.69,9976.0
2025-06-12 11:00:00,3382.69,3388.56,3373.21,3379.32,9665.0
2025-06-12 12:00:00,3379.32,3390.48,3376.41,3388.08,11227.0
2025-06-12 13:00:00,3388.29,3398.97,3379.5,3392.06,14286.0
2025-06-12 14:00:00,3391.98,3393.2,3383.08,3383.9,12772.0
2025-06-12 15:00:00,3383.9,3390.27,3377.89,3385.86,11229.0
2025-06-12 16:00:00,3385.86,3391.37,3380.99,3383.82,8806.0
2025-06-12 17:00:00,3383.82,3385.05,3378.2,3382.64,7116.0
2025-06-12 18:00:00,3382.64,3386.39,3381.96,3385.98,5676.0
2025-06-12 19:00:00,3385.98,3389.25,3384.78,3388.24,4789.0
2025-06-12 20:00:00,3388.21,3388.94,3384.88,3386.66,2336.0
2025-06-12 22:00:00,3386.3,3386.58,3379.73,3383.5,2818.0
2025-06-12 23:00:00,3383.5,3396.22,3382.65,3395.92,3419.0
2025-06-13 00:00:00,3395.81,3419.93,3391.83,3416.53,14871.0
2025-06-13 01:00:00,3415.11,3433.37,3413.94,3427.79,12524.0
2025-06-13 02:00:00,3427.73,3444.15,3424.91,3441.4,10987.0
2025-06-13 03:00:00,3441.33,3444.56,3423.87,3425.57,9748.0
2025-06-13 04:00:00,3425.51,3430.32,3422.91,3425.37,5529.0
2025-06-13 05:00:00,3425.37,3428.82,3418.0,3426.18,7356.0
2025-06-13 06:00:00,3426.18,3428.5,3408.53,3416.34,10373.0
2025-06-13 07:00:00,3416.39,3419.03,3407.94,3414.93,9784.0
2025-06-13 08:00:00,3414.92,3426.08,3414.38,3424.4,7761.0
2025-06-13 09:00:00,3424.4,3427.33,3420.16,3424.33,8131.0
2025-06-13 10:00:00,3424.33,3427.66,3411.58,3415.89,9659.0
2025-06-13 11:00:00,3415.89,3423.1,3412.58,3422.25,7713.0
2025-06-13 12:00:00,3422.25,3438.24,3421.82,3436.89,10086.0
2025-06-13 13:00:00,3436.5,3446.75,3434.02,3437.08,13742.0
2025-06-13 14:00:00,3437.16,3439.97,3423.8,3427.95,13451.0
2025-06-13 15:00:00,3427.89,3430.43,3421.15,3426.22,10777.0
2025-06-13 16:00:00,3426.22,3431.09,3419.28,3430.07,7931.0
2025-06-13 17:00:00,3430.06,3433.49,3427.46,3430.41,6752.0
2025-06-13 18:00:00,3430.41,3439.56,3428.78,3436.54,7855.0
2025-06-13 19:00:00,3436.54,3438.12,3431.82,3432.39,6947.0
2025-06-13 20:00:00,3432.39,3434.54,3429.14,3434.15,4079.0
2025-06-15 22:00:00,3449.03,3451.59,3425.06,3448.44,7788.0
2025-06-15 23:00:00,3448.44,3450.17,3439.62,3444.14,5256.0
2025-06-16 00:00:00,3444.14,3451.19,3434.36,3436.37,8224.0
2025-06-16 01:00:00,3436.39,3443.1,3433.28,3441.22,8621.0
2025-06-16 02:00:00,3441.22,3446.39,3437.9,3438.5,6545.0
2025-06-16 03:00:00,3438.46,3439.69,3429.32,3431.59,5714.0
2025-06-16 04:00:00,3431.59,3433.3,3426.95,3427.5,4319.0
2025-06-16 05:00:00,3427.5,3430.4,3417.88,3421.56,8042.0
2025-06-16 06:00:00,3421.56,3421.56,3412.72,3418.37,9982.0
2025-06-16 07:00:00,3418.29,3419.83,3409.54,3412.34,8425.0
2025-06-16 08:00:00,3412.34,3418.54,3409.81,3413.85,7236.0
2025-06-16 09:00:00,3413.85,3419.55,3411.96,3412.14,6392.0
2025-06-16 10:00:00,3412.14,3421.32,3410.78,3420.97,6561.0
2025-06-16 11:00:00,3420.96,3422.65,3410.84,3415.1,6413.0
2025-06-16 12:00:00,3415.1,3417.72,3411.12,3415.53,8360.0
2025-06-16 13:00:00,3415.53,3418.02,3382.76,3387.56,12812.0
2025-06-16 14:00:00,3388.34,3399.34,3387.5,3396.98,12810.0
2025-06-16 15:00:00,3396.98,3405.7,3396.98,3404.57,8864.0
2025-06-16 16:00:00,3404.57,3404.89,3397.44,3399.5,6116.0
2025-06-16 17:00:00,3399.5,3400.22,3391.25,3392.78,5731.0
2025-06-16 18:00:00,3392.7,3394.1,3384.06,3385.33,5258.0
2025-06-16 19:00:00,3385.33,3388.5,3382.89,3384.16,5739.0
2025-06-16 20:00:00,3384.1,3386.05,3383.39,3385.14,2272.0
2025-06-16 22:00:00,3386.78,3398.47,3385.86,3395.73,4348.0
2025-06-16 23:00:00,3395.71,3402.68,3393.08,3402.68,5438.0
2025-06-17 00:00:00,3402.77,3403.33,3391.59,3394.42,6943.0
2025-06-17 01:00:00,3394.42,3402.66,3393.36,3394.87,7009.0
2025-06-17 02:00:00,3394.87,3400.43,3388.68,3390.04,6761.0
2025-06-17 03:00:00,3390.04,3392.66,3374.0,3387.72,8023.0
2025-06-17 04:00:00,3387.72,3396.26,3387.12,3394.17,4394.0
2025-06-17 05:00:00,3394.17,3395.51,3390.75,3392.81,4753.0
2025-06-17 06:00:00,3392.81,3392.88,3381.15,3385.78,8158.0
2025-06-17 07:00:00,3385.78,3391.84,3383.16,3387.86,7413.0
2025-06-17 08:00:00,3387.86,3388.56,3377.87,3378.91,6999.0
2025-06-17 09:00:00,3378.91,3385.99,3375.8,3385.62,8516.0
2025-06-17 10:00:00,3385.62,3398.71,3385.39,3398.14,8453.0
2025-06-17 11:00:00,3398.14,3400.14,3388.29,3388.57,7867.0
2025-06-17 12:00:00,3388.57,3391.56,3383.55,3386.79,10605.0
2025-06-17 13:00:00,3386.79,3397.46,3385.95,3390.65,12391.0
2025-06-17 14:00:00,3390.68,3392.07,3366.18,3385.1,13618.0
2025-06-17 15:00:00,3385.06,3388.35,3372.75,3379.34,9538.0
2025-06-17 16:00:00,3379.34,3385.92,3376.74,3382.92,8076.0
2025-06-17 17:00:00,3382.92,3391.26,3381.3,3390.4,8216.0
2025-06-17 18:00:00,3390.4,3392.55,3382.53,3382.8,7016.0
2025-06-17 19:00:00,3382.83,3386.39,3382.43,3385.73,4902.0
2025-06-17 20:00:00,3385.74,3390.4,3383.67,3388.47,2527.0
2025-06-17 22:00:00,3390.34,3396.07,3388.75,3388.84,3703.0
2025-06-17 23:00:00,3388.84,3390.41,3385.06,3387.38,3139.0
2025-06-18 00:00:00,3387.38,3388.88,3383.03,3385.8,5637.0
2025-06-18 01:00:00,3385.81,3388.66,3378.79,3379.04,6313.0
2025-06-18 02:00:00,3379.04,3379.68,3370.7,3379.4,6285.0
2025-06-18 03:00:00,3379.39,3391.5,3379.34,3390.99,6503.0
2025-06-18 04:00:00,3390.99,3400.03,3389.49,3395.18,4973.0
2025-06-18 05:00:00,3395.18,3395.71,3384.32,3386.71,6978.0
2025-06-18 06:00:00,3386.54,3386.84,3379.45,3382.43,7890.0
2025-06-18 07:00:00,3382.46,3386.16,3377.1,3385.96,7012.0
2025-06-18 08:00:00,3385.96,3388.39,3382.6,3383.6,5699.0
2025-06-18 09:00:00,3383.6,3385.57,3375.53,3378.21,5398.0
2025-06-18 10:00:00,3378.21,3382.42,3375.77,3380.26,6439.0
2025-06-18 11:00:00,3380.27,3387.08,3379.06,3382.06,7130.0
2025-06-18 12:00:00,3382.06,3389.86,3381.7,3386.64,7967.0
2025-06-18 13:00:00,3386.64,3396.78,3385.62,3392.33,9773.0
2025-06-18 14:00:00,3392.3,3392.44,3373.49,3386.87,13348.0
2025-06-18 15:00:00,3386.9,3392.91,3381.08,3392.72,7785.0
2025-06-18 16:00:00,3392.72,3394.72,3390.01,3390.96,6263.0
2025-06-18 17:00:00,3390.95,3391.21,3384.48,3385.27,5951.0
2025-06-18 18:00:00,3385.3,3395.82,3378.38,3379.13,13135.0
2025-06-18 19:00:00,3379.2,3379.28,3363.0,3366.87,10886.0
2025-06-18 20:00:00,3366.87,3369.4,3362.58,3369.15,4617.0
2025-06-18 22:00:00,3368.42,3379.87,3367.76,3375.16,4101.0
2025-06-18 23:00:00,3375.16,3377.03,3370.74,3375.12,3763.0
2025-06-19 00:00:00,3375.12,3383.29,3374.8,3379.5,5203.0
2025-06-19 01:00:00,3379.5,3387.98,3374.62,3374.92,7619.0
2025-06-19 02:00:00,3374.92,3379.48,3374.16,3376.78,4868.0
2025-06-19 03:00:00,3376.78,3377.33,3369.7,3373.62,4629.0
2025-06-19 04:00:00,3373.62,3375.21,3372.11,3374.6,2867.0
2025-06-19 05:00:00,3374.6,3375.35,3360.28,3364.65,6077.0
2025-06-19 06:00:00,3364.68,3364.82,3347.69,3357.41,12327.0
2025-06-19 07:00:00,3357.36,3369.11,3350.67,3365.91,10092.0
2025-06-19 08:00:00,3365.91,3371.66,3362.35,3368.73,8226.0
2025-06-19 09:00:00,3368.73,3373.68,3363.74,3370.27,7051.0
2025-06-19 10:00:00,3370.35,3379.09,3369.14,3375.0,6264.0
2025-06-19 11:00:00,3375.1,3375.52,3370.44,3372.01,5747.0
2025-06-19 12:00:00,3372.01,3372.56,3363.81,3368.03,7553.0
2025-06-19 13:00:00,3368.03,3372.94,3361.6,3369.51,9109.0
2025-06-19 14:00:00,3369.52,3370.95,3361.67,3364.74,8162.0
2025-06-19 15:00:00,3364.74,3372.12,3362.26,3369.25,7140.0
2025-06-19 16:00:00,3369.28,3371.69,3366.16,3371.09,4988.0
2025-06-19 17:00:00,3371.09,3375.36,3365.93,3368.37,5308.0
2025-06-19 18:00:00,3368.37,3371.46,3366.64,3370.7,2303.0
2025-06-19 22:00:00,3370.34,3370.42,3362.01,3365.74,3550.0
2025-06-19 23:00:00,3365.74,3370.49,3363.67,3368.82,3518.0
2025-06-20 00:00:00,3368.82,3370.36,3364.7,3368.01,4765.0
2025-06-20 01:00:00,3368.01,3368.28,3356.24,3356.53,7247.0
2025-06-20 02:00:00,3356.53,3360.58,3351.69,3352.43,6914.0
2025-06-20 03:00:00,3352.53,3356.2,3344.71,3355.53,7363.0
2025-06-20 04:00:00,3355.54,3357.88,3352.56,3354.32,3949.0
2025-06-20 05:00:00,3354.32,3355.13,3342.4,3344.77,6208.0
2025-06-20 06:00:00,3344.77,3348.73,3340.41,3345.27,8245.0
2025-06-20 07:00:00,3345.27,3355.35,3343.34,3347.7,7277.0
2025-06-20 08:00:00,3347.7,3352.5,3346.73,3351.1,5828.0
2025-06-20 09:00:00,3351.1,3359.24,3349.3,3355.32,6578.0
2025-06-20 10:00:00,3355.32,3357.96,3355.04,3355.41,4592.0
2025-06-20 11:00:00,3355.43,3356.05,3346.78,3347.1,6420.0
2025-06-20 12:00:00,3347.09,3350.81,3342.06,3344.5,8839.0
2025-06-20 13:00:00,3344.5,3373.87,3343.04,3370.36,11847.0
2025-06-20 14:00:00,3370.39,3374.48,3365.25,3369.35,10835.0
2025-06-20 15:00:00,3369.35,3371.76,3365.9,3369.88,6666.0
2025-06-20 16:00:00,3369.88,3373.36,3367.82,3371.5,5858.0
2025-06-20 17:00:00,3371.5,3371.75,3366.56,3367.34,5246.0
2025-06-20 18:00:00,3367.34,3367.95,3364.59,3366.56,4412.0
2025-06-20 19:00:00,3366.56,3370.62,3364.91,3365.5,4064.0
2025-06-20 20:00:00,3365.49,3369.14,3364.7,3368.64,2850.0
2025-06-22 22:00:00,3389.87,3396.7,3372.55,3379.13,8173.0
2025-06-22 23:00:00,3379.13,3380.56,3371.4,3372.83,4758.0
2025-06-23 00:00:00,3372.83,3373.6,3358.27,3365.69,7151.0
2025-06-23 01:00:00,3365.66,3368.09,3352.0,3355.27,8607.0
2025-06-23 02:00:00,3355.27,3364.89,3354.92,3361.34,6216.0
2025-06-23 03:00:00,3361.51,3366.34,3360.42,3363.42,5153.0
2025-06-23 04:00:00,3363.42,3365.01,3356.86,3358.56,3528.0
2025-06-23 05:00:00,3358.56,3360.63,3347.1,3356.84,6666.0
2025-06-23 06:00:00,3356.84,3359.9,3352.62,3357.64,7364.0
2025-06-23 07:00:00,3357.64,3358.84,3351.68,3357.67,6680.0
2025-06-23 08:00:00,3357.68,3362.35,3357.68,3361.87,6511.0
2025-06-23 09:00:00,3361.87,3369.02,3361.63,3366.62,7241.0
2025-06-23 10:00:00,3366.62,3368.28,3364.03,3367.86,5307.0
2025-06-23 11:00:00,3367.86,3382.02,3367.86,3380.73,8701.0
2025-06-23 12:00:00,3380.75,3381.08,3355.93,3360.46,9330.0
2025-06-23 13:00:00,3360.46,3387.81,3359.95,3380.82,11972.0
2025-06-23 14:00:00,3380.81,3386.72,3369.98,3386.4,12143.0
2025-06-23 15:00:00,3386.4,3389.88,3384.53,3387.23,8776.0
2025-06-23 16:00:00,3387.23,3393.46,3380.62,3389.87,9866.0
2025-06-23 17:00:00,3389.84,3391.49,3375.69,3382.51,9989.0
2025-06-23 18:00:00,3382.51,3387.59,3376.89,3378.61,7248.0
2025-06-23 19:00:00,3378.63,3382.14,3375.64,3376.43,5714.0
2025-06-23 20:00:00,3376.45,3377.3,3367.24,3369.04,3676.0
2025-06-23 22:00:00,3368.37,3369.94,3350.44,3355.5,6024.0
2025-06-23 23:00:00,3355.5,3357.32,3341.52,3344.36,6639.0
2025-06-24 00:00:00,3344.32,3355.17,3333.23,3351.12,8529.0
2025-06-24 01:00:00,3351.12,3354.34,3342.2,3347.79,9242.0
2025-06-24 02:00:00,3347.79,3352.92,3345.92,3351.94,6133.0
2025-06-24 03:00:00,3351.94,3357.92,3351.61,3352.58,5365.0
2025-06-24 04:00:00,3352.59,3353.36,3347.08,3348.63,3678.0
2025-06-24 05:00:00,3348.63,3348.83,3326.74,3332.08,7351.0
2025-06-24 06:00:00,3332.08,3333.17,3316.08,3322.8,11419.0
2025-06-24 07:00:00,3322.81,3331.66,3316.6,3329.74,9822.0
2025-06-24 08:00:00,3329.66,3332.43,3324.64,3327.31,7884.0
2025-06-24 09:00:00,3327.33,3328.69,3317.95,3318.28,6974.0
2025-06-24 10:00:00,3318.54,3327.64,3318.51,3325.54,5315.0
2025-06-24 11:00:00,3325.55,3328.96,3317.95,3321.21,6529.0
2025-06-24 12:00:00,3321.2,3321.2,3304.49,3314.84,11223.0
2025-06-24 13:00:00,3314.84,3317.9,3295.46,3302.14,13225.0
2025-06-24 14:00:00,3302.15,3310.3,3298.85,3304.64,12098.0
2025-06-24 15:00:00,3304.64,3317.01,3299.84,3313.29,9502.0
2025-06-24 16:00:00,3313.29,3320.42,3311.31,3318.43,6659.0
2025-06-24 17:00:00,3318.43,3321.25,3317.97,3318.03,6048.0
2025-06-24 18:00:00,3318.03,3319.03,3315.69,3317.19,5208.0
2025-06-24 19:00:00,3317.19,3325.28,3316.09,3323.65,4781.0
2025-06-24 20:00:00,3323.64,3324.51,3321.18,3322.81,2570.0
2025-06-24 22:00:00,3324.37,3325.0,3320.81,3321.52,2142.0
2025-06-24 23:00:00,3321.52,3324.82,3321.52,3324.17,1943.0
2025-06-25 00:00:00,3324.17,3330.06,3323.62,3326.97,4426.0
2025-06-25 01:00:00,3326.97,3334.9,3326.45,3334.68,6534.0
2025-06-25 02:00:00,3334.68,3335.25,3327.79,3329.42,5229.0
2025-06-25 03:00:00,3329.42,3332.09,3327.23,3328.36,3993.0
2025-06-25 04:00:00,3328.36,3329.28,3325.8,3327.47,2608.0
2025-06-25 05:00:00,3327.5,3333.67,3326.75,3331.63,3917.0
2025-06-25 06:00:00,3331.63,3333.44,3329.16,3331.49,5174.0
2025-06-25 07:00:00,3331.82,3337.18,3326.77,3330.71,7028.0
2025-06-25 08:00:00,3330.71,3332.42,3326.54,3327.3,5979.0
2025-06-25 09:00:00,3327.27,3327.28,3321.61,3325.36,5803.0
2025-06-25 10:00:00,3325.36,3329.52,3324.08,3324.52,5128.0
2025-06-25 11:00:00,3324.52,3329.53,3322.2,3322.68,6050.0
2025-06-25 12:00:00,3322.67,3329.45,3318.19,3320.66,7010.0
2025-06-25 13:00:00,3320.66,3321.61,3311.98,3314.68,9478.0
2025-06-25 14:00:00,3314.68,3326.36,3311.92,3323.45,9877.0
2025-06-25 15:00:00,3323.45,3327.13,3321.64,3325.63,6518.0
2025-06-25 16:00:00,3325.64,3335.18,3324.26,3334.82,6943.0
2025-06-25 17:00:00,3334.82,3335.39,3324.84,3328.05,7586.0
2025-06-25 18:00:00,3328.04,3331.79,3326.3,3331.65,5112.0
2025-06-25 19:00:00,3331.65,3336.01,3330.46,3333.7,5017.0
2025-06-25 20:00:00,3333.7,3335.61,3331.44,3332.15,2810.0
2025-06-25 22:00:00,3332.7,3335.46,3331.36,3333.28,2480.0
2025-06-25 23:00:00,3333.28,3340.13,3332.92,3339.07,3657.0
2025-06-26 00:00:00,3339.07,3339.32,3332.18,3334.07,4440.0
2025-06-26 01:00:00,3334.07,3336.7,3329.46,3330.29,6563.0
2025-06-26 02:00:00,3330.21,3341.79,3329.33,3339.55,5645.0
2025-06-26 03:00:00,3339.55,3343.27,3336.45,3338.02,4786.0
2025-06-26 04:00:00,3338.03,3338.15,3333.42,3333.96,3209.0
2025-06-26 05:00:00,3333.96,3338.24,3332.48,3334.16,4659.0
2025-06-26 06:00:00,3334.16,3340.45,3331.05,3339.86,7075.0
2025-06-26 07:00:00,3339.87,3347.16,3339.78,3346.11,6942.0
2025-06-26 08:00:00,3346.11,3350.27,3344.47,3348.23,6285.0
2025-06-26 09:00:00,3348.18,3348.76,3338.83,3340.6,7288.0
2025-06-26 10:00:00,3340.6,3343.51,3338.0,3343.3,4916.0
2025-06-26 11:00:00,3343.31,3344.15,3331.58,3333.01,6250.0
2025-06-26 12:00:00,3333.01,3344.08,3321.74,3322.08,9680.0
2025-06-26 13:00:00,3322.07,3328.76,3309.94,3319.42,13797.0
2025-06-26 14:00:00,3319.42,3323.82,3311.96,3318.37,11497.0
2025-06-26 15:00:00,3318.38,3324.95,3318.38,3324.89,7241.0
2025-06-26 16:00:00,3324.89,3333.35,3323.82,3331.37,6970.0
2025-06-26 17:00:00,3331.37,3336.46,3331.28,3332.71,6501.0
2025-06-26 18:00:00,3332.72,3334.94,3331.28,3334.12,5009.0
2025-06-26 19:00:00,3334.12,3334.34,3328.25,3331.38,4398.0
2025-06-26 20:00:00,3331.35,3332.34,3327.67,3327.76,2125.0
2025-06-26 22:00:00,3327.49,3327.98,3318.9,3321.5,2968.0
2025-06-26 23:00:00,3321.5,3323.69,3316.29,3318.76,3277.0
2025-06-27 00:00:00,3318.74,3320.0,3313.15,3318.92,4870.0
2025-06-27 01:00:00,3318.92,3322.07,3314.81,3316.52,6453.0
2025-06-27 02:00:00,3316.52,3320.38,3308.57,3308.84,6946.0
2025-06-27 03:00:00,3308.84,3311.06,3292.61,3294.37,7674.0
2025-06-27 04:00:00,3294.37,3297.57,3291.18,3293.98,5442.0
2025-06-27 05:00:00,3293.98,3301.04,3289.12,3297.19,6753.0
2025-06-27 06:00:00,3297.45,3299.92,3286.82,3294.96,9137.0
2025-06-27 07:00:00,3295.04,3295.38,3283.62,3284.48,8987.0
2025-06-27 08:00:00,3284.54,3291.11,3281.97,3289.32,7822.0
2025-06-27 09:00:00,3289.33,3289.71,3281.98,3282.8,7235.0
2025-06-27 10:00:00,3282.8,3290.91,3279.74,3285.63,6405.0
2025-06-27 11:00:00,3285.63,3287.98,3276.1,3281.48,7723.0
2025-06-27 12:00:00,3281.39,3282.36,3269.6,3270.1,11538.0
2025-06-27 13:00:00,3270.21,3274.44,3255.84,3274.31,14236.0
2025-06-27 14:00:00,3274.38,3278.11,3263.74,3272.48,12617.0
2025-06-27 15:00:00,3272.48,3277.56,3271.03,3274.64,8614.0
2025-06-27 16:00:00,3274.64,3278.67,3273.48,3277.69,7007.0
2025-06-27 17:00:00,3277.69,3282.86,3272.89,3277.47,7051.0
2025-06-27 18:00:00,3277.47,3278.43,3270.58,3275.87,7409.0
2025-06-27 19:00:00,3275.87,3276.49,3268.43,3270.61,5849.0
2025-06-27 20:00:00,3270.6,3275.66,3270.37,3274.96,2876.0
2025-06-29 22:00:00,3269.97,3281.68,3247.54,3263.83,7301.0
2025-06-29 23:00:00,3263.83,3270.89,3262.91,3263.94,4615.0
2025-06-30 00:00:00,3263.79,3269.84,3262.67,3264.6,4490.0
2025-06-30 01:00:00,3264.55,3275.92,3259.51,3273.99,7896.0
2025-06-30 02:00:00,3273.99,3283.29,3273.71,3280.32,5896.0
2025-06-30 03:00:00,3280.32,3282.81,3277.97,3278.98,4197.0
2025-06-30 04:00:00,3279.0,3286.37,3277.03,3285.66,3577.0
2025-06-30 05:00:00,3285.66,3291.35,3284.73,3288.96,5082.0
2025-06-30 06:00:00,3288.96,3295.53,3287.94,3292.12,7040.0
2025-06-30 07:00:00,3292.13,3296.82,3290.82,3292.97,6185.0
2025-06-30 08:00:00,3292.97,3296.55,3288.18,3289.23,5786.0
2025-06-30 09:00:00,3289.23,3289.23,3277.54,3287.9,6995.0
2025-06-30 10:00:00,3287.93,3288.84,3282.53,3283.5,4420.0
2025-06-30 11:00:00,3283.54,3283.76,3274.59,3277.99,6708.0
2025-06-30 12:00:00,3277.99,3289.01,3277.99,3282.16,7208.0
2025-06-30 13:00:00,3282.08,3287.07,3278.02,3284.84,9757.0
2025-06-30 14:00:00,3284.84,3289.6,3279.32,3287.75,9600.0
2025-06-30 15:00:00,3287.7,3290.74,3283.75,3289.57,7983.0
2025-06-30 16:00:00,3289.57,3297.46,3289.14,3297.3,6727.0
2025-06-30 17:00:00,3297.3,3298.52,3292.16,3294.03,5992.0
2025-06-30 18:00:00,3294.03,3299.61,3292.64,3298.45,4804.0
2025-06-30 19:00:00,3298.45,3309.5,3298.07,3308.68,5056.0
2025-06-30 20:00:00,3308.71,3309.2,3302.2,3302.92,2843.0
2025-06-30 22:00:00,3303.27,3314.48,3302.43,3311.49,3739.0
2025-06-30 23:00:00,3311.49,3312.55,3308.65,3312.53,3621.0
2025-07-01 00:00:00,3312.53,3314.89,3309.98,3314.78,3842.0
2025-07-01 01:00:00,3314.78,3321.08,3313.98,3317.92,7095.0
2025-07-01 02:00:00,3317.87,3319.41,3314.48,3316.2,5675.0
2025-07-01 03:00:00,3316.18,3322.61,3315.9,3321.2,4758.0
2025-07-01 04:00:00,3321.2,3323.09,3318.96,3322.95,3331.0
2025-07-01 05:00:00,3322.95,3332.3,3322.9,3328.78,5844.0
2025-07-01 06:00:00,3328.77,3334.54,3325.08,3331.38,7307.0
2025-07-01 07:00:00,3331.42,3339.89,3330.85,3339.54,8526.0
2025-07-01 08:00:00,3339.54,3342.48,3336.82,3339.61,6864.0
2025-07-01 09:00:00,3339.59,3348.09,3338.31,3345.76,7486.0
2025-07-01 10:00:00,3345.76,3349.72,3344.48,3348.68,5820.0
2025-07-01 11:00:00,3348.68,3352.92,3347.09,3349.06,7085.0
2025-07-01 12:00:00,3349.08,3358.04,3348.4,3354.47,9243.0
2025-07-01 13:00:00,3354.6,3355.66,3344.46,3351.88,11489.0
2025-07-01 14:00:00,3351.88,3354.45,3343.65,3345.74,11344.0
2025-07-01 15:00:00,3345.75,3346.69,3337.06,3340.25,9586.0
2025-07-01 16:00:00,3340.25,3343.48,3337.6,3341.76,7414.0
2025-07-01 17:00:00,3341.77,3342.19,3337.0,3339.77,6508.0
2025-07-01 18:00:00,3339.77,3339.91,3336.97,3337.99,4703.0
2025-07-01 19:00:00,3337.99,3340.1,3336.93,3338.04,4577.0
2025-07-01 20:00:00,3338.09,3340.33,3336.98,3338.78,2349.0
2025-07-01 22:00:00,3339.34,3343.79,3336.7,3341.6,3488.0
2025-07-01 23:00:00,3341.6,3341.9,3336.83,3338.11,2868.0
2025-07-02 00:00:00,3338.11,3344.99,3334.82,3338.89,5991.0
2025-07-02 01:00:00,3338.89,3342.86,3331.0,3332.12,7207.0
2025-07-02 02:00:00,3332.22,3338.22,3328.62,3336.7,5390.0
2025-07-02 03:00:00,3336.7,3342.1,3334.94,3339.98,4196.0
2025-07-02 04:00:00,3339.98,3341.98,3339.58,3340.06,3150.0
2025-07-02 05:00:00,3340.06,3343.76,3336.58,3338.75,4908.0
2025-07-02 06:00:00,3338.81,3339.37,3329.94,3333.5,6172.0
2025-07-02 07:00:00,3333.46,3336.86,3327.62,3334.8,6921.0
2025-07-02 08:00:00,3334.79,3337.95,3332.93,3333.61,5665.0
2025-07-02 09:00:00,3333.6,3342.29,3333.15,3341.69,5939.0
2025-07-02 10:00:00,3341.69,3345.7,3340.64,3344.42,4490.0
2025-07-02 11:00:00,3344.42,3347.78,3339.84,3342.29,5789.0
2025-07-02 12:00:00,3342.29,3351.24,3337.85,3346.71,9661.0
2025-07-02 13:00:00,3346.71,3346.71,3334.98,3337.42,10133.0
2025-07-02 14:00:00,3337.41,3343.54,3334.01,3343.02,8333.0
2025-07-02 15:00:00,3343.01,3343.79,3338.77,3341.01,6655.0
2025-07-02 16:00:00,3341.04,3349.1,3340.98,3348.7,5562.0
2025-07-02 17:00:00,3348.66,3350.44,3347.44,3349.72,3919.0
2025-07-02 18:00:00,3349.72,3355.16,3348.56,3354.92,3346.0
2025-07-02 19:00:00,3354.92,3359.52,3354.62,3358.2,4552.0
2025-07-02 20:00:00,3358.2,3360.04,3355.42,3356.93,1904.0
2025-07-02 22:00:00,3357.62,3365.74,3357.62,3361.96,3165.0
2025-07-02 23:00:00,3361.96,3362.26,3348.9,3349.38,4771.0
2025-07-03 00:00:00,3349.38,3349.85,3343.58,3344.75,4710.0
2025-07-03 01:00:00,3344.75,3348.3,3341.94,3346.01,5464.0
2025-07-03 02:00:00,3346.07,3351.47,3345.81,3351.04,4490.0
2025-07-03 03:00:00,3351.04,3351.48,3345.51,3347.53,3373.0
2025-07-03 04:00:00,3347.53,3351.74,3347.45,3350.76,2634.0
2025-07-03 05:00:00,3350.76,3360.38,3350.19,3359.42,5031.0
2025-07-03 06:00:00,3359.42,3363.74,3356.67,3361.85,6234.0
2025-07-03 07:00:00,3361.85,3363.08,3352.57,3353.11,5276.0
2025-07-03 08:00:00,3353.11,3358.34,3351.81,3356.17,4579.0
2025-07-03 09:00:00,3356.17,3356.32,3343.9,3345.73,5648.0
2025-07-03 10:00:00,3345.73,3355.5,3344.84,3353.14,4892.0
2025-07-03 11:00:00,3353.19,3353.81,3343.13,3346.04,5273.0
2025-07-03 12:00:00,3346.04,3352.33,3311.67,3324.53,12104.0
2025-07-03 13:00:00,3324.46,3338.46,3322.18,3332.32,12634.0
2025-07-03 14:00:00,3332.29,3334.7,3323.55,3324.64,10294.0
2025-07-03 15:00:00,3324.64,3331.46,3323.15,3328.03,7610.0
2025-07-03 16:00:00,3328.03,3334.68,3325.72,3333.97,5543.0
2025-07-03 17:00:00,3333.97,3334.85,3328.91,3329.14,3205.0
2025-07-03 18:00:00,3329.14,3330.24,3327.95,3329.1,1679.0
2025-07-03 19:00:00,3329.1,3329.56,3327.04,3328.81,1533.0
2025-07-03 20:00:00,3328.79,3329.01,3325.26,3325.92,1072.0
2025-07-03 22:00:00,3325.68,3329.66,3323.64,3329.14,1699.0
2025-07-03 23:00:00,3329.14,3332.01,3328.44,3330.89,2745.0
2025-07-04 00:00:00,3330.89,3331.17,3325.88,3328.99,3165.0
2025-07-04 01:00:00,3328.94,3334.33,3326.54,3330.1,4459.0
2025-07-04 02:00:00,3330.1,3332.38,3327.21,3327.4,4078.0
2025-07-04 03:00:00,3327.4,3338.96,3326.19,3338.32,4417.0
2025-07-04 04:00:00,3338.32,3342.24,3338.0,3340.87,3563.0
2025-07-04 05:00:00,3340.87,3342.27,3338.51,3339.62,3466.0
2025-07-04 06:00:00,3339.59,3345.12,3339.31,3342.41,6413.0
2025-07-04 07:00:00,3342.64,3343.71,3336.39,3342.94,5531.0
2025-07-04 08:00:00,3342.94,3344.2,3340.9,3342.86,4291.0
2025-07-04 09:00:00,3342.86,3343.08,3333.0,3334.57,4648.0
2025-07-04 10:00:00,3334.57,3338.14,3331.57,3336.88,4095.0
2025-07-04 11:00:00,3336.88,3337.93,3334.51,3334.74,3239.0
2025-07-04 12:00:00,3334.74,3337.92,3331.48,3333.95,4835.0
2025-07-04 13:00:00,3333.95,3337.99,3332.29,3333.9,5319.0
2025-07-04 14:00:00,3333.9,3334.23,3330.93,3333.3,4677.0
2025-07-04 15:00:00,3333.3,3334.07,3330.87,3332.49,2746.0
2025-07-04 16:00:00,3332.49,3337.48,3332.31,3337.06,2442.0
2025-07-06 22:00:00,3334.35,3342.76,3332.5,3333.46,3785.0
2025-07-06 23:00:00,3333.46,3334.59,3326.21,3328.88,3879.0
2025-07-07 00:00:00,3328.88,3329.63,3321.75,3326.51,5687.0
2025-07-07 01:00:00,3326.51,3327.66,3306.72,3316.64,9232.0
2025-07-07 02:00:00,3316.64,3317.76,3306.12,3308.91,5963.0
2025-07-07 03:00:00,3308.91,3315.28,3307.17,3310.92,5597.0
2025-07-07 04:00:00,3310.9,3312.33,3305.34,3307.85,5332.0
2025-07-07 05:00:00,3307.85,3315.26,3307.13,3313.43,6255.0
2025-07-07 06:00:00,3313.37,3315.26,3308.38,3310.04,6919.0
2025-07-07 07:00:00,3310.04,3313.3,3300.69,3302.25,6392.0
2025-07-07 08:00:00,3302.24,3312.77,3301.26,3310.28,6678.0
2025-07-07 09:00:00,3310.28,3311.98,3306.21,3309.04,5651.0
2025-07-07 10:00:00,3309.04,3310.72,3296.5,3302.08,6771.0
2025-07-07 11:00:00,3302.08,3307.58,3299.78,3301.94,7931.0
2025-07-07 12:00:00,3301.88,3312.69,3300.59,3309.62,9313.0
2025-07-07 13:00:00,3309.62,3317.11,3306.25,3316.5,9532.0
2025-07-07 14:00:00,3316.58,3321.35,3313.32,3318.01,8620.0
2025-07-07 15:00:00,3318.01,3322.01,3316.17,3320.89,5446.0
2025-07-07 16:00:00,3320.89,3328.07,3320.15,3327.48,7658.0
2025-07-07 17:00:00,3327.5,3335.9,3327.45,3332.05,7216.0
2025-07-07 18:00:00,3332.05,3335.78,3328.6,3334.42,4886.0
2025-07-07 19:00:00,3334.42,3340.39,3334.38,3337.04,4498.0
2025-07-07 20:00:00,3337.17,3337.82,3335.44,3336.16,1910.0
2025-07-07 22:00:00,3338.83,3345.88,3338.83,3339.85,3000.0
2025-07-07 23:00:00,3339.85,3340.19,3333.89,3334.59,2708.0
2025-07-08 00:00:00,3334.59,3337.28,3331.14,3334.25,5018.0
2025-07-08 01:00:00,3334.25,3337.0,3329.7,3334.76,6471.0
2025-07-08 02:00:00,3334.82,3338.07,3332.82,3334.49,4965.0
2025-07-08 03:00:00,3334.49,3335.54,3329.68,3331.54,3327.0
2025-07-08 04:00:00,3331.54,3332.78,3327.45,3329.69,2876.0
2025-07-08 05:00:00,3329.62,3336.58,3329.55,3334.12,4311.0
2025-07-08 06:00:00,3334.12,3336.05,3330.84,3335.79,4452.0
2025-07-08 07:00:00,3335.79,3339.54,3330.54,3334.0,5274.0
2025-07-08 08:00:00,3334.0,3334.0,3323.35,3323.69,6823.0
2025-07-08 09:00:00,3323.71,3326.78,3321.16,3322.13,4809.0
2025-07-08 10:00:00,3322.13,3327.08,3320.52,3324.72,4058.0
2025-07-08 11:00:00,3324.72,3327.52,3320.11,3325.04,4837.0
2025-07-08 12:00:00,3325.05,3329.88,3324.68,3328.18,6056.0
2025-07-08 13:00:00,3328.18,3328.67,3314.55,3315.28,9948.0
2025-07-08 14:00:00,3315.26,3315.86,3294.35,3296.62,13099.0
2025-07-08 15:00:00,3296.62,3300.31,3286.67,3298.2,10261.0
2025-07-08 16:00:00,3298.19,3301.53,3295.94,3300.43,7571.0
2025-07-08 17:00:00,3300.37,3310.39,3299.38,3306.43,9582.0
2025-07-08 18:00:00,3306.43,3308.2,3300.68,3305.43,5602.0
2025-07-08 19:00:00,3305.44,3306.18,3302.45,3302.93,4319.0
2025-07-08 20:00:00,3302.95,3303.79,3299.44,3301.48,2140.0
2025-07-08 22:00:00,3301.98,3304.05,3300.4,3301.6,2551.0
2025-07-08 23:00:00,3301.6,3303.97,3297.26,3302.3,3190.0
2025-07-09 00:00:00,3302.3,3308.03,3301.83,3307.07,3852.0
2025-07-09 01:00:00,3307.07,3307.26,3299.25,3301.78,6446.0
2025-07-09 02:00:00,3301.78,3303.0,3286.66,3288.55,6411.0
2025-07-09 03:00:00,3288.55,3294.78,3285.0,3293.38,5338.0
2025-07-09 04:00:00,3293.38,3296.41,3291.22,3293.98,3073.0
2025-07-09 05:00:00,3293.98,3297.84,3289.0,3289.43,4637.0
2025-07-09 06:00:00,3289.43,3292.79,3285.63,3292.37,5967.0
2025-07-09 07:00:00,3292.37,3296.01,3288.34,3291.88,5850.0
2025-07-09 08:00:00,3291.88,3292.66,3282.68,3285.06,6248.0
2025-07-09 09:00:00,3285.06,3290.49,3284.45,3289.23,4266.0
2025-07-09 10:00:00,3289.05,3295.9,3288.31,3295.53,3938.0
2025-07-09 11:00:00,3295.53,3296.02,3283.24,3284.98,4890.0
2025-07-09 12:00:00,3284.98,3297.58,3284.98,3296.45,7125.0
2025-07-09 13:00:00,3296.48,3305.25,3291.92,3300.33,9884.0
2025-07-09 14:00:00,3300.25,3312.96,3299.88,3312.37,9520.0
2025-07-09 15:00:00,3312.37,3312.93,3306.4,3309.71,6586.0
2025-07-09 16:00:00,3309.64,3313.31,3307.98,3311.89,4460.0
2025-07-09 17:00:00,3311.89,3314.73,3308.19,3309.29,5661.0
2025-07-09 18:00:00,3309.29,3313.77,3308.15,3311.46,5153.0
2025-07-09 19:00:00,3311.46,3316.89,3311.0,3315.71,4936.0
2025-07-09 20:00:00,3315.68,3315.89,3311.52,3313.55,2418.0
2025-07-09 22:00:00,3313.94,3321.16,3313.52,3319.61,2987.0
2025-07-09 23:00:00,3319.61,3319.76,3315.75,3317.63,3118.0
2025-07-10 00:00:00,3317.67,3321.86,3316.65,3317.7,4326.0
2025-07-10 01:00:00,3317.74,3326.34,3316.48,3322.25,5655.0
2025-07-10 02:00:00,3322.18,3323.62,3318.21,3319.2,3484.0
2025-07-10 03:00:00,3319.2,3320.18,3315.44,3315.78,3297.0
2025-07-10 04:00:00,3315.76,3322.54,3314.85,3322.2,2489.0
2025-07-10 05:00:00,3322.2,3325.05,3320.6,3321.17,3576.0
2025-07-10 06:00:00,3321.17,3328.36,3320.91,3325.32,4634.0
2025-07-10 07:00:00,3325.32,3329.49,3319.92,3321.14,4893.0
2025-07-10 08:00:00,3321.14,3330.08,3320.03,3328.66,3991.0
2025-07-10 09:00:00,3328.66,3330.34,3323.28,3326.48,4379.0
2025-07-10 10:00:00,3326.54,3328.76,3322.32,3325.29,4594.0
2025-07-10 11:00:00,3325.28,3330.26,3318.33,3320.47,6454.0
2025-07-10 12:00:00,3320.47,3326.09,3317.99,3323.82,7598.0
2025-07-10 13:00:00,3323.8,3329.44,3312.03,3312.89,10488.0
2025-07-10 14:00:00,3312.89,3321.64,3310.16,3314.97,10374.0
2025-07-10 15:00:00,3314.97,3321.51,3314.64,3319.67,6158.0
2025-07-10 16:00:00,3319.67,3319.99,3312.19,3315.11,5400.0
2025-07-10 17:00:00,3315.11,3318.63,3314.73,3317.37,4699.0
2025-07-10 18:00:00,3317.37,3321.92,3316.51,3321.51,4203.0
2025-07-10 19:00:00,3321.51,3326.0,3321.44,3324.92,5079.0
2025-07-10 20:00:00,3324.91,3325.37,3323.36,3323.85,1611.0
2025-07-10 22:00:00,3324.06,3326.37,3321.9,3323.36,3008.0
2025-07-10 23:00:00,3323.36,3326.4,3323.0,3323.76,1875.0
2025-07-11 00:00:00,3323.76,3336.09,3323.54,3330.68,6038.0
2025-07-11 01:00:00,3330.65,3331.57,3325.3,3329.56,6984.0
2025-07-11 02:00:00,3329.64,3335.14,3327.17,3332.4,4893.0
2025-07-11 03:00:00,3332.46,3336.05,3332.14,3333.72,3562.0
2025-07-11 04:00:00,3333.72,3335.39,3329.77,3332.05,3047.0
2025-07-11 05:00:00,3332.05,3341.68,3331.96,3334.18,6608.0
2025-07-11 06:00:00,3334.18,3343.94,3332.16,3332.53,7519.0
2025-07-11 07:00:00,3332.36,3342.26,3331.16,3342.01,6929.0
2025-07-11 08:00:00,3342.01,3343.82,3332.98,3333.14,6925.0
2025-07-11 09:00:00,3333.14,3340.02,3332.86,3339.47,5380.0
2025-07-11 10:00:00,3339.47,3348.28,3339.47,3345.0,5771.0
2025-07-11 11:00:00,3345.0,3350.29,3342.13,3347.5,6218.0
2025-07-11 12:00:00,3347.5,3357.23,3344.25,3355.22,9358.0
2025-07-11 13:00:00,3355.22,3359.26,3350.16,3351.9,11253.0
2025-07-11 14:00:00,3351.9,3363.66,3350.37,3361.26,10594.0
2025-07-11 15:00:00,3361.28,3368.78,3356.99,3358.96,9209.0
2025-07-11 16:00:00,3358.96,3359.77,3352.84,3353.89,6923.0
2025-07-11 17:00:00,3353.87,3354.23,3349.24,3353.45,5883.0
2025-07-11 18:00:00,3353.44,3358.51,3353.43,3356.13,5160.0
2025-07-11 19:00:00,3356.13,3359.83,3355.66,3356.32,4932.0
2025-07-11 20:00:00,3356.32,3358.48,3353.54,3355.5,1818.0
2025-07-13 22:00:00,3364.3,3371.03,3359.56,3369.5,5808.0
2025-07-13 23:00:00,3369.58,3374.06,3366.43,3367.81,3984.0
2025-07-14 00:00:00,3367.81,3373.27,3364.92,3367.63,5463.0
2025-07-14 01:00:00,3367.63,3370.16,3357.1,3358.73,7560.0
2025-07-14 02:00:00,3358.67,3359.49,3353.8,3357.38,5638.0
2025-07-14 03:00:00,3357.5,3359.72,3355.49,3357.01,4095.0
2025-07-14 04:00:00,3357.01,3361.68,3353.8,3359.81,4814.0
2025-07-14 05:00:00,3359.81,3360.46,3353.95,3357.63,5209.0
2025-07-14 06:00:00,3357.63,3369.68,3356.63,3368.94,6524.0
2025-07-14 07:00:00,3368.94,3374.91,3366.64,3372.04,6682.0
2025-07-14 08:00:00,3372.04,3372.66,3365.47,3365.98,5030.0
2025-07-14 09:00:00,3365.98,3370.4,3364.07,3370.26,3792.0
2025-07-14 10:00:00,3370.26,3374.62,3369.79,3372.06,5265.0
2025-07-14 11:00:00,3372.06,3373.09,3364.03,3364.24,5238.0
2025-07-14 12:00:00,3364.24,3366.63,3349.46,3350.08,9560.0
2025-07-14 13:00:00,3350.08,3359.06,3347.23,3355.3,9858.0
2025-07-14 14:00:00,3355.29,3356.34,3341.08,3343.11,10580.0
2025-07-14 15:00:00,3343.11,3349.68,3342.5,3345.09,8119.0
2025-07-14 16:00:00,3345.09,3349.21,3343.13,3347.8,6297.0
2025-07-14 17:00:00,3347.8,3351.8,3347.44,3351.07,5082.0
2025-07-14 18:00:00,3351.07,3351.25,3347.94,3348.98,3920.0
2025-07-14 19:00:00,3348.98,3350.54,3343.14,3344.15,5456.0
2025-07-14 20:00:00,3344.15,3345.64,3341.16,3343.26,2151.0
2025-07-14 22:00:00,3343.9,3345.84,3341.36,3345.83,1577.0
2025-07-14 23:00:00,3345.83,3346.57,3343.99,3345.33,1957.0
2025-07-15 00:00:00,3345.33,3349.34,3344.79,3347.72,2992.0
2025-07-15 01:00:00,3347.72,3350.63,3346.2,3346.54,4237.0
2025-07-15 02:00:00,3346.54,3352.09,3345.86,3350.98,4329.0
2025-07-15 03:00:00,3350.94,3358.35,3350.8,3357.96,4369.0
2025-07-15 04:00:00,3357.96,3361.38,3357.64,3360.22,3504.0
2025-07-15 05:00:00,3360.22,3365.23,3360.22,3362.19,3983.0
2025-07-15 06:00:00,3362.19,3364.14,3357.71,3358.22,5313.0
2025-07-15 07:00:00,3358.29,3365.19,3357.48,3364.33,4670.0
2025-07-15 08:00:00,3364.33,3365.62,3356.74,3361.07,6049.0
2025-07-15 09:00:00,3361.07,3364.76,3358.68,3363.48,4945.0
2025-07-15 10:00:00,3363.48,3366.42,3361.22,3361.38,4162.0
2025-07-15 11:00:00,3361.45,3362.02,3354.24,3354.91,5275.0
2025-07-15 12:00:00,3354.91,3360.11,3346.42,3348.93,9734.0
2025-07-15 13:00:00,3348.94,3352.48,3334.39,3346.61,13133.0
2025-07-15 14:00:00,3346.75,3352.15,3342.52,3347.96,10186.0
2025-07-15 15:00:00,3347.96,3349.9,3325.37,3328.99,10726.0
2025-07-15 16:00:00,3328.96,3330.37,3320.22,3329.32,8293.0
2025-07-15 17:00:00,3329.32,3331.35,3325.86,3328.2,5567.0
2025-07-15 18:00:00,3328.2,3331.94,3325.89,3328.85,4389.0
2025-07-15 19:00:00,3328.85,3331.27,3326.54,3330.44,3896.0
2025-07-15 20:00:00,3330.45,3331.02,3324.64,3324.65,2020.0
2025-07-15 22:00:00,3324.78,3327.65,3323.78,3326.64,1516.0
2025-07-15 23:00:00,3326.64,3331.79,3326.27,3331.12,1930.0
2025-07-16 00:00:00,3331.12,3332.62,3328.96,3330.46,3550.0
2025-07-16 01:00:00,3330.46,3335.08,3328.93,3330.96,5407.0
2025-07-16 02:00:00,3330.96,3331.57,3325.09,3326.23,4436.0
2025-07-16 03:00:00,3326.23,3335.08,3325.97,3334.4,4473.0
2025-07-16 04:00:00,3334.4,3338.71,3332.85,3338.39,3653.0
2025-07-16 05:00:00,3338.39,3339.9,3335.66,3338.21,3652.0
2025-07-16 06:00:00,3338.21,3342.08,3337.76,3339.26,4873.0
2025-07-16 07:00:00,3339.25,3340.15,3335.98,3337.87,4038.0
2025-07-16 08:00:00,3337.87,3342.69,3337.77,3342.03,4340.0
2025-07-16 09:00:00,3342.03,3343.01,3339.2,3340.03,3832.0
2025-07-16 10:00:00,3340.03,3340.4,3334.0,3334.98,3921.0
2025-07-16 11:00:00,3335.0,3340.25,3333.85,3339.31,5103.0
2025-07-16 12:00:00,3339.32,3340.96,3331.06,3334.64,8842.0
2025-07-16 13:00:00,3334.64,3339.45,3322.03,3326.88,10831.0
2025-07-16 14:00:00,3326.88,3342.6,3319.72,3338.13,11855.0
2025-07-16 15:00:00,3338.13,3377.53,3336.06,3343.98,18744.0
2025-07-16 16:00:00,3343.55,3355.23,3339.28,3349.15,11792.0
2025-07-16 17:00:00,3349.15,3357.25,3348.89,3354.86,6927.0
2025-07-16 18:00:00,3354.86,3357.46,3349.12,3350.33,5354.0
2025-07-16 19:00:00,3350.33,3350.56,3346.17,3347.19,5728.0
2025-07-16 20:00:00,3347.18,3349.47,3346.34,3347.42,2590.0
2025-07-16 22:00:00,3347.68,3352.23,3347.68,3349.66,2314.0
2025-07-16 23:00:00,3349.66,3350.28,3345.21,3346.5,2064.0
2025-07-17 00:00:00,3346.5,3347.34,3339.76,3340.8,4252.0
2025-07-17 01:00:00,3340.81,3344.54,3337.04,3344.07,6298.0
2025-07-17 02:00:00,3344.07,3344.79,3337.89,3341.39,4833.0
2025-07-17 03:00:00,3341.39,3342.38,3336.4,3341.54,3920.0
2025-07-17 04:00:00,3341.54,3344.78,3338.39,3342.73,2730.0
2025-07-17 05:00:00,3342.73,3342.95,3335.84,3339.41,3943.0
2025-07-17 06:00:00,3339.41,3339.92,3328.36,3335.44,7602.0
2025-07-17 07:00:00,3335.45,3336.19,3325.16,3325.81,5859.0
2025-07-17 08:00:00,3325.81,3332.15,3325.61,3328.82,5292.0
2025-07-17 09:00:00,3328.81,3332.43,3324.76,3325.66,4871.0
2025-07-17 10:00:00,3325.66,3331.18,3324.98,3325.86,4929.0
2025-07-17 11:00:00,3325.86,3328.6,3322.38,3324.27,5126.0
2025-07-17 12:00:00,3324.27,3328.57,3309.81,3313.09,10876.0
2025-07-17 13:00:00,3313.04,3321.82,3311.28,3319.12,11964.0
2025-07-17 14:00:00,3319.12,3335.13,3318.35,3334.18,10487.0
2025-07-17 15:00:00,3334.16,3338.49,3331.4,3336.77,8309.0
2025-07-17 16:00:00,3336.77,3340.0,3335.57,3338.86,6298.0
2025-07-17 17:00:00,3338.86,3341.06,3336.35,3337.49,5170.0
2025-07-17 18:00:00,3337.49,3338.99,3335.72,3338.62,3865.0
2025-07-17 19:00:00,3338.62,3340.86,3338.3,3339.76,4198.0
2025-07-17 20:00:00,3339.84,3340.32,3337.2,3338.86,2015.0
2025-07-17 22:00:00,3340.32,3343.94,3338.19,3343.32,3256.0
2025-07-17 23:00:00,3343.29,3343.46,3339.52,3340.26,2002.0
2025-07-18 00:00:00,3340.3,3341.49,3338.02,3339.92,2433.0
2025-07-18 01:00:00,3339.92,3343.0,3335.36,3337.73,5268.0
2025-07-18 02:00:00,3337.73,3344.27,3336.88,3337.8,5088.0
2025-07-18 03:00:00,3337.8,3338.5,3334.13,3334.69,3408.0
2025-07-18 04:00:00,3334.69,3337.16,3333.87,3337.16,2939.0
2025-07-18 05:00:00,3337.16,3340.19,3333.4,3333.54,4219.0
2025-07-18 06:00:00,3333.53,3342.77,3331.8,3342.08,6454.0
2025-07-18 07:00:00,3342.08,3350.16,3340.76,3349.95,5669.0
2025-07-18 08:00:00,3349.95,3350.37,3346.29,3347.58,4522.0
2025-07-18 09:00:00,3347.58,3354.96,3347.48,3352.44,4694.0
2025-07-18 10:00:00,3352.29,3352.8,3347.9,3351.46,4408.0
2025-07-18 11:00:00,3351.46,3357.68,3350.83,3354.46,4958.0
2025-07-18 12:00:00,3354.46,3361.23,3354.27,3360.02,7077.0
2025-07-18 13:00:00,3360.02,3360.34,3352.24,3355.6,9585.0
2025-07-18 14:00:00,3355.6,3359.17,3351.24,3354.73,9657.0
2025-07-18 15:00:00,3354.73,3356.39,3352.4,3353.69,6982.0
2025-07-18 16:00:00,3353.68,3357.51,3351.24,3353.67,6428.0
2025-07-18 17:00:00,3353.67,3353.75,3350.59,3352.27,4495.0
2025-07-18 18:00:00,3352.27,3353.4,3350.27,3351.39,3782.0
2025-07-18 19:00:00,3351.39,3352.77,3347.71,3348.3,4116.0
2025-07-18 20:00:00,3348.31,3351.8,3347.86,3350.12,1859.0
2025-07-20 22:00:00,3349.28,3350.5,3345.02,3347.84,2835.0
2025-07-20 23:00:00,3347.82,3349.54,3345.48,3349.18,2053.0
2025-07-21 00:00:00,3349.18,3354.53,3347.71,3352.3,3331.0
2025-07-21 01:00:00,3352.3,3358.61,3351.93,3356.5,4827.0
2025-07-21 02:00:00,3356.5,3357.45,3352.38,3354.21,3452.0
2025-07-21 03:00:00,3354.21,3356.96,3351.18,3351.35,2683.0
2025-07-21 04:00:00,3351.35,3358.71,3350.69,3357.79,2531.0
2025-07-21 05:00:00,3357.79,3369.69,3357.61,3366.66,6077.0
2025-07-21 06:00:00,3366.66,3370.72,3365.37,3368.34,5934.0
2025-07-21 07:00:00,3368.34,3370.45,3363.98,3364.77,5126.0
2025-07-21 08:00:00,3364.77,3366.79,3363.1,3365.98,4635.0
2025-07-21 09:00:00,3365.98,3366.47,3362.81,3366.16,3654.0
2025-07-21 10:00:00,3366.16,3368.14,3362.89,3366.18,3626.0
2025-07-21 11:00:00,3366.18,3375.72,3365.34,3375.45,5778.0
2025-07-21 12:00:00,3375.35,3388.65,3374.58,3387.22,9134.0
2025-07-21 13:00:00,3387.22,3395.24,3383.6,3388.54,10860.0
2025-07-21 14:00:00,3388.72,3401.53,3386.25,3400.4,12315.0
2025-07-21 15:00:00,3400.38,3400.92,3395.6,3397.98,9453.0
2025-07-21 16:00:00,3397.98,3399.08,3393.87,3395.69,6350.0
2025-07-21 17:00:00,3395.69,3395.83,3391.54,3393.34,5115.0
2025-07-21 18:00:00,3393.34,3395.88,3393.18,3395.42,4574.0
2025-07-21 19:00:00,3395.42,3399.79,3395.16,3398.91,6039.0
2025-07-21 20:00:00,3398.89,3399.39,3396.71,3396.93,2417.0
2025-07-21 22:00:00,3397.32,3400.89,3397.16,3399.39,1677.0
2025-07-21 23:00:00,3399.39,3402.58,3393.34,3396.63,2517.0
2025-07-22 00:00:00,3396.63,3397.62,3390.62,3394.37,4215.0
2025-07-22 01:00:00,3394.37,3395.86,3385.14,3386.02,6104.0
2025-07-22 02:00:00,3386.02,3392.03,3385.36,3391.62,4624.0
2025-07-22 03:00:00,3391.61,3393.71,3388.86,3392.68,3387.0
2025-07-22 04:00:00,3392.68,3392.68,3388.1,3391.08,2668.0
2025-07-22 05:00:00,3391.08,3391.9,3384.75,3385.57,4732.0
2025-07-22 06:00:00,3385.57,3387.98,3384.48,3384.8,5361.0
2025-07-22 07:00:00,3384.8,3387.56,3383.37,3387.56,4357.0
2025-07-22 08:00:00,3387.56,3390.12,3386.18,3388.98,5147.0
2025-07-22 09:00:00,3388.98,3390.65,3384.7,3386.2,4991.0
2025-07-22 10:00:00,3386.2,3388.7,3385.94,3387.14,3511.0
2025-07-22 11:00:00,3387.06,3391.68,3386.76,3391.38,4755.0
2025-07-22 12:00:00,3391.38,3407.9,3391.17,3407.63,8519.0
2025-07-22 13:00:00,3407.66,3420.22,3406.54,3412.36,12839.0
2025-07-22 14:00:00,3412.46,3427.8,3405.14,3426.42,13468.0
2025-07-22 15:00:00,3426.38,3430.61,3423.7,3426.52,9505.0
2025-07-22 16:00:00,3426.53,3432.86,3426.31,3432.25,7486.0
2025-07-22 17:00:00,3432.26,3433.5,3426.56,3429.39,7945.0
2025-07-22 18:00:00,3429.39,3431.06,3427.88,3429.74,5740.0
2025-07-22 19:00:00,3429.74,3432.57,3429.07,3431.68,5764.0
2025-07-22 20:00:00,3431.6,3432.76,3427.63,3431.52,3886.0
2025-07-22 22:00:00,3432.2,3432.97,3427.58,3427.97,1917.0
2025-07-22 23:00:00,3427.97,3433.28,3426.39,3427.51,3760.0
2025-07-23 00:00:00,3427.51,3438.82,3427.17,3428.76,6464.0
2025-07-23 01:00:00,3428.76,3430.74,3421.03,3421.16,8330.0
2025-07-23 02:00:00,3421.15,3424.94,3419.34,3423.15,6274.0
2025-07-23 03:00:00,3423.13,3428.65,3422.89,3423.02,5708.0
2025-07-23 04:00:00,3423.02,3425.3,3422.03,3423.64,4208.0
2025-07-23 05:00:00,3423.64,3423.78,3416.44,3420.44,6423.0
2025-07-23 06:00:00,3420.44,3425.19,3419.55,3425.14,6977.0
2025-07-23 07:00:00,3425.09,3429.69,3420.02,3420.7,6431.0
2025-07-23 08:00:00,3420.7,3428.78,3420.58,3428.49,5671.0
2025-07-23 09:00:00,3428.49,3433.85,3428.36,3431.17,5055.0
2025-07-23 10:00:00,3431.18,3431.41,3421.15,3422.81,5754.0
2025-07-23 11:00:00,3422.76,3429.79,3420.46,3428.23,5935.0
2025-07-23 12:00:00,3428.23,3429.89,3419.97,3420.03,7990.0
2025-07-23 13:00:00,3420.03,3420.56,3405.7,3413.47,12628.0
2025-07-23 14:00:00,3413.47,3419.91,3410.75,3413.54,10212.0
2025-07-23 15:00:00,3413.54,3415.9,3398.29,3398.29,8491.0
2025-07-23 16:00:00,3398.2,3398.2,3381.63,3387.51,13808.0
2025-07-23 17:00:00,3387.45,3394.82,3385.7,3393.29,8447.0
2025-07-23 18:00:00,3393.29,3395.98,3392.11,3393.65,5102.0
2025-07-23 19:00:00,3393.65,3395.92,3388.6,3390.08,5065.0
2025-07-23 20:00:00,3390.08,3390.47,3385.9,3387.04,2542.0
2025-07-23 22:00:00,3388.49,3392.48,3386.76,3386.8,2039.0
2025-07-23 23:00:00,3386.8,3391.47,3386.5,3390.04,2354.0
2025-07-24 00:00:00,3390.04,3393.22,3388.66,3391.5,3224.0
2025-07-24 01:00:00,3391.5,3393.41,3384.08,3387.67,7850.0
2025-07-24 02:00:00,3387.67,3388.96,3380.66,3383.84,7095.0
2025-07-24 03:00:00,3383.84,3386.03,3374.74,3383.78,6391.0
2025-07-24 04:00:00,3383.77,3385.37,3381.07,3382.67,3143.0
2025-07-24 05:00:00,3382.67,3382.97,3374.54,3379.25,5487.0
2025-07-24 06:00:00,3379.25,3379.77,3370.02,3375.97,7400.0
2025-07-24 07:00:00,3375.94,3377.57,3366.07,3367.68,6879.0
2025-07-24 08:00:00,3367.68,3374.6,3365.87,3369.75,6959.0
2025-07-24 09:00:00,3369.75,3370.11,3362.01,3363.71,5736.0
2025-07-24 10:00:00,3363.71,3367.25,3362.21,3364.41,4499.0
2025-07-24 11:00:00,3364.41,3366.53,3361.3,3362.23,4972.0
2025-07-24 12:00:00,3362.19,3365.57,3352.65,3353.48,9502.0
2025-07-24 13:00:00,3353.54,3372.07,3351.45,3366.83,12326.0
2025-07-24 14:00:00,3366.82,3377.43,3365.91,3373.66,11055.0
2025-07-24 15:00:00,3373.6,3375.27,3370.4,3372.56,7871.0
2025-07-24 16:00:00,3372.58,3373.8,3366.96,3366.98,6096.0
2025-07-24 17:00:00,3366.98,3371.82,3366.31,3370.05,5147.0
2025-07-24 18:00:00,3370.05,3373.42,3367.52,3372.05,4401.0
2025-07-24 19:00:00,3372.05,3373.16,3370.11,3370.49,4660.0
2025-07-24 20:00:00,3370.5,3371.13,3367.18,3368.41,2574.0
2025-07-24 22:00:00,3368.59,3369.97,3365.2,3368.76,2947.0
2025-07-24 23:00:00,3368.76,3371.44,3366.84,3369.5,2426.0
2025-07-25 00:00:00,3369.5,3373.52,3368.41,3372.23,2859.0
2025-07-25 01:00:00,3372.23,3372.76,3366.4,3371.1,4990.0
2025-07-25 02:00:00,3370.48,3370.58,3362.42,3363.09,4079.0
2025-07-25 03:00:00,3363.09,3363.49,3358.8,3359.11,3178.0
2025-07-25 04:00:00,3359.11,3363.54,3357.93,3361.0,3343.0
2025-07-25 05:00:00,3361.0,3362.37,3355.38,3358.73,3439.0
2025-07-25 06:00:00,3358.73,3359.72,3354.82,3359.41,4960.0
2025-07-25 07:00:00,3359.39,3360.14,3352.66,3354.08,4150.0
2025-07-25 08:00:00,3354.08,3355.29,3344.48,3345.53,4875.0
2025-07-25 09:00:00,3345.53,3348.95,3343.16,3345.88,3992.0
2025-07-25 10:00:00,3345.86,3348.08,3341.04,3342.89,3773.0
2025-07-25 11:00:00,3342.89,3345.18,3338.72,3341.15,4921.0
2025-07-25 12:00:00,3341.08,3344.16,3336.62,3340.8,6800.0
2025-07-25 13:00:00,3340.8,3347.55,3336.83,3343.89,10316.0
2025-07-25 14:00:00,3343.9,3344.88,3330.64,3331.98,11605.0
2025-07-25 15:00:00,3331.97,3335.95,3325.04,3327.86,10520.0
2025-07-25 16:00:00,3327.91,3331.43,3326.28,3329.68,6393.0
2025-07-25 17:00:00,3329.68,3336.89,3329.65,3335.98,5661.0
2025-07-25 18:00:00,3335.98,3339.39,3335.87,3338.81,4294.0
2025-07-25 19:00:00,3338.81,3340.3,3337.22,3337.64,4396.0
2025-07-25 20:00:00,3337.68,3339.14,3336.12,3336.8,2111.0
2025-07-27 22:00:00,3329.24,3335.46,3319.8,3329.73,5340.0
2025-07-27 23:00:00,3329.73,3337.41,3329.52,3333.71,4107.0
2025-07-28 00:00:00,3333.71,3336.1,3327.69,3333.42,4311.0
2025-07-28 01:00:00,3333.35,3338.77,3329.9,3332.01,6962.0
2025-07-28 02:00:00,3332.01,3336.59,3330.6,3335.61,4609.0
2025-07-28 03:00:00,3335.61,3343.25,3334.49,3343.24,3704.0
2025-07-28 04:00:00,3343.24,3344.01,3339.47,3339.67,3384.0
2025-07-28 05:00:00,3339.67,3344.24,3338.13,3343.35,4075.0
2025-07-28 06:00:00,3343.35,3345.34,3335.82,3340.22,5946.0
2025-07-28 07:00:00,3340.2,3342.01,3334.0,3334.99,5442.0
2025-07-28 08:00:00,3334.99,3338.85,3332.39,3336.15,5341.0
2025-07-28 09:00:00,3336.15,3340.81,3335.99,3337.84,5109.0
2025-07-28 10:00:00,3337.83,3338.87,3334.24,3335.94,4825.0
2025-07-28 11:00:00,3335.94,3338.39,3334.42,3336.59,4001.0
2025-07-28 12:00:00,3336.66,3338.38,3325.6,3328.47,8227.0
2025-07-28 13:00:00,3328.47,3330.62,3301.77,3302.17,10476.0
2025-07-28 14:00:00,3302.22,3314.87,3301.83,3308.0,11911.0
2025-07-28 15:00:00,3307.99,3317.26,3306.52,3314.79,7859.0
2025-07-28 16:00:00,3314.79,3314.99,3311.48,3312.21,5335.0
2025-07-28 17:00:00,3312.21,3313.19,3308.81,3310.82,5156.0
2025-07-28 18:00:00,3310.84,3315.62,3310.28,3313.67,4172.0
2025-07-28 19:00:00,3313.67,3318.88,3313.06,3317.14,5162.0
2025-07-28 20:00:00,3317.15,3318.5,3314.12,3314.36,2380.0
2025-07-28 22:00:00,3314.42,3315.46,3311.95,3314.76,3356.0
2025-07-28 23:00:00,3314.76,3314.76,3310.57,3312.64,2417.0
2025-07-29 00:00:00,3312.64,3315.84,3308.04,3311.68,4865.0
2025-07-29 01:00:00,3311.68,3320.96,3308.63,3318.99,6327.0
2025-07-29 02:00:00,3318.99,3320.36,3317.56,3318.92,4698.0
2025-07-29 03:00:00,3318.92,3318.94,3311.25,3312.61,4149.0
2025-07-29 04:00:00,3312.63,3317.48,3308.99,3316.52,3890.0
2025-07-29 05:00:00,3316.52,3320.21,3314.31,3319.96,4481.0
2025-07-29 06:00:00,3319.96,3322.38,3316.35,3317.0,8340.0
2025-07-29 07:00:00,3317.11,3318.71,3311.3,3317.1,6931.0
2025-07-29 08:00:00,3317.1,3329.96,3316.7,3326.42,6583.0
2025-07-29 09:00:00,3326.4,3328.23,3320.9,3324.6,6817.0
2025-07-29 10:00:00,3324.6,3326.4,3322.09,3322.22,4856.0
2025-07-29 11:00:00,3322.22,3322.33,3314.95,3315.22,6573.0
2025-07-29 12:00:00,3315.28,3324.59,3315.28,3323.39,8101.0
2025-07-29 13:00:00,3323.39,3324.41,3312.84,3318.03,10727.0
2025-07-29 14:00:00,3318.03,3329.54,3311.97,3328.95,10871.0
2025-07-29 15:00:00,3328.95,3334.16,3319.68,3320.74,9047.0
2025-07-29 16:00:00,3320.74,3324.77,3319.12,3323.19,5569.0
2025-07-29 17:00:00,3323.26,3329.28,3323.05,3328.33,5594.0
2025-07-29 18:00:00,3328.33,3330.88,3325.44,3325.89,4390.0
2025-07-29 19:00:00,3325.89,3328.78,3322.66,3325.03,5434.0
2025-07-29 20:00:00,3325.04,3326.68,3324.76,3326.34,2608.0
2025-07-29 22:00:00,3326.74,3329.23,3326.04,3327.76,1362.0
2025-07-29 23:00:00,3327.76,3328.31,3326.24,3327.66,1324.0
2025-07-30 00:00:00,3327.66,3333.6,3327.3,3330.27,3189.0
2025-07-30 01:00:00,3330.27,3333.32,3321.83,3323.48,5749.0
2025-07-30 02:00:00,3323.36,3332.39,3323.34,3329.41,5444.0
2025-07-30 03:00:00,3329.41,3329.84,3326.28,3328.41,3067.0
2025-07-30 04:00:00,3328.41,3329.83,3325.86,3327.21,2517.0
2025-07-30 05:00:00,3327.21,3330.67,3324.53,3324.98,3885.0
2025-07-30 06:00:00,3325.02,3327.58,3323.14,3327.25,5050.0
2025-07-30 07:00:00,3327.27,3332.15,3325.61,3327.78,4970.0
2025-07-30 08:00:00,3327.78,3333.47,3327.56,3332.25,4383.0
2025-07-30 09:00:00,3332.25,3334.01,3329.4,3331.32,3610.0
2025-07-30 10:00:00,3331.32,3333.05,3326.72,3328.54,5049.0
2025-07-30 11:00:00,3328.54,3331.65,3324.02,3330.84,5494.0
2025-07-30 12:00:00,3330.84,3331.88,3310.54,3313.28,9072.0
2025-07-30 13:00:00,3313.38,3316.13,3298.42,3303.14,12374.0
2025-07-30 14:00:00,3303.14,3308.41,3301.34,3302.23,8853.0
2025-07-30 15:00:00,3302.23,3303.4,3288.67,3290.39,8811.0
2025-07-30 16:00:00,3290.45,3298.59,3289.95,3298.1,6016.0
2025-07-30 17:00:00,3298.1,3302.21,3297.72,3302.21,5233.0
2025-07-30 18:00:00,3302.21,3304.98,3279.61,3280.23,13954.0
2025-07-30 19:00:00,3280.19,3282.67,3268.1,3269.27,12675.0
2025-07-30 20:00:00,3269.31,3276.13,3268.95,3274.9,4917.0
2025-07-30 22:00:00,3275.86,3280.16,3273.84,3279.0,3107.0
2025-07-30 23:00:00,3279.0,3285.81,3277.78,3285.34,2833.0
2025-07-31 00:00:00,3285.34,3288.44,3282.81,3286.33,5176.0
2025-07-31 01:00:00,3286.56,3293.99,3285.02,3293.81,7381.0
2025-07-31 02:00:00,3293.81,3297.49,3290.55,3297.22,5283.0
2025-07-31 03:00:00,3297.26,3298.57,3293.46,3295.06,4726.0
2025-07-31 04:00:00,3295.0,3298.45,3293.68,3298.13,3203.0
2025-07-31 05:00:00,3298.2,3301.56,3294.74,3299.69,3670.0
2025-07-31 06:00:00,3299.66,3304.73,3298.12,3299.13,6603.0
2025-07-31 07:00:00,3299.12,3309.67,3298.12,3304.66,5989.0
2025-07-31 08:00:00,3304.66,3314.82,3303.71,3309.92,5492.0
2025-07-31 09:00:00,3309.92,3313.12,3304.86,3306.69,5223.0
2025-07-31 10:00:00,3306.69,3308.06,3293.88,3296.27,5990.0
2025-07-31 11:00:00,3296.27,3307.8,3295.19,3306.25,7163.0
2025-07-31 12:00:00,3306.25,3311.06,3303.68,3307.67,8143.0
2025-07-31 13:00:00,3307.67,3310.34,3300.62,3301.43,10941.0
2025-07-31 14:00:00,3301.43,3303.2,3291.41,3296.26,11142.0
2025-07-31 15:00:00,3296.16,3299.03,3291.34,3295.54,8509.0
2025-07-31 16:00:00,3295.53,3297.35,3289.76,3295.05,7978.0
2025-07-31 17:00:00,3295.04,3298.43,3294.09,3294.98,6555.0
2025-07-31 18:00:00,3294.98,3297.13,3292.83,3295.78,4388.0
2025-07-31 19:00:00,3295.78,3296.37,3290.57,3291.02,5142.0
2025-07-31 20:00:00,3291.02,3293.76,3289.75,3289.94,2858.0
2025-07-31 22:00:00,3290.51,3295.14,3289.01,3295.01,2423.0
2025-07-31 23:00:00,3295.01,3295.12,3288.15,3288.69,3830.0
2025-08-01 00:00:00,3288.61,3293.88,3286.59,3290.42,5169.0
2025-08-01 01:00:00,3290.42,3293.59,3281.63,3283.77,6431.0
2025-08-01 02:00:00,3283.77,3292.5,3283.41,3291.8,6420.0
2025-08-01 03:00:00,3291.79,3297.16,3290.62,3291.43,4701.0
2025-08-01 04:00:00,3291.43,3295.55,3290.09,3292.19,4141.0
2025-08-01 05:00:00,3292.19,3300.44,3291.83,3296.67,4750.0
2025-08-01 06:00:00,3296.67,3297.39,3290.6,3292.35,5962.0
2025-08-01 07:00:00,3292.35,3293.42,3285.26,3286.83,6207.0
2025-08-01 08:00:00,3286.77,3294.49,3285.4,3294.32,5583.0
2025-08-01 09:00:00,3294.32,3296.38,3292.76,3294.48,5362.0
2025-08-01 10:00:00,3294.58,3303.14,3293.41,3298.38,4998.0
2025-08-01 11:00:00,3298.38,3301.47,3296.93,3300.41,5435.0
2025-08-01 12:00:00,3300.41,3345.21,3297.49,3341.25,12696.0
2025-08-01 13:00:00,3341.25,3354.76,3338.87,3342.06,15898.0
2025-08-01 14:00:00,3342.11,3355.12,3341.34,3345.87,14355.0
2025-08-01 15:00:00,3345.91,3351.17,3341.62,3348.55,10534.0
2025-08-01 16:00:00,3348.55,3349.47,3340.62,3347.34,8693.0
2025-08-01 17:00:00,3347.34,3349.46,3345.64,3348.3,6911.0
2025-08-01 18:00:00,3348.22,3351.32,3345.91,3347.65,6380.0
2025-08-01 19:00:00,3347.65,3361.33,3347.65,3357.24,8195.0
2025-08-01 20:00:00,3357.24,3363.3,3357.09,3362.38,4146.0
2025-08-03 22:00:00,3365.64,3369.07,3357.65,3359.22,4415.0
2025-08-03 23:00:00,3359.22,3362.1,3354.63,3362.05,3238.0
2025-08-04 00:00:00,3362.04,3362.34,3350.29,3352.15,5738.0
2025-08-04 01:00:00,3352.2,3353.66,3345.05,3352.26,7693.0
2025-08-04 02:00:00,3352.26,3355.22,3350.28,3354.32,4931.0
2025-08-04 03:00:00,3354.32,3360.84,3354.32,3360.35,5178.0
2025-08-04 04:00:00,3360.35,3362.14,3358.77,3358.97,3600.0
2025-08-04 05:00:00,3358.97,3361.01,3355.48,3357.52,4171.0
2025-08-04 06:00:00,3357.52,3362.62,3353.56,3362.59,6637.0
2025-08-04 07:00:00,3362.6,3362.6,3351.74,3355.79,6909.0
2025-08-04 08:00:00,3355.93,3359.93,3354.12,3358.51,5845.0
2025-08-04 09:00:00,3358.51,3361.88,3356.96,3358.04,5226.0
2025-08-04 10:00:00,3358.04,3358.89,3353.0,3357.92,5091.0
2025-08-04 11:00:00,3357.92,3370.77,3357.62,3370.36,6613.0
2025-08-04 12:00:00,3370.36,3371.54,3361.12,3367.83,7911.0
2025-08-04 13:00:00,3367.83,3385.5,3367.13,3383.42,11304.0
2025-08-04 14:00:00,3383.46,3384.67,3371.96,3374.08,10451.0
2025-08-04 15:00:00,3374.08,3376.15,3370.73,3374.37,8064.0
2025-08-04 16:00:00,3374.37,3378.2,3370.59,3371.08,6348.0
2025-08-04 17:00:00,3371.08,3374.38,3370.69,3374.1,5276.0
2025-08-04 18:00:00,3374.07,3376.93,3373.25,3375.87,4168.0
2025-08-04 19:00:00,3375.87,3377.22,3374.51,3376.07,4294.0
2025-08-04 20:00:00,3376.05,3377.16,3373.12,3373.32,2042.0
2025-08-04 22:00:00,3374.51,3376.53,3373.78,3374.79,1598.0
2025-08-04 23:00:00,3374.79,3379.68,3374.77,3377.44,2824.0
2025-08-05 00:00:00,3377.44,3381.34,3375.96,3379.86,3978.0
2025-08-05 01:00:00,3379.87,3382.48,3377.99,3379.08,5222.0
2025-08-05 02:00:00,3379.07,3381.43,3373.72,3373.72,4435.0
2025-08-05 03:00:00,3373.72,3375.41,3372.13,3372.19,3546.0
2025-08-05 04:00:00,3372.19,3373.24,3371.0,3371.18,2801.0
2025-08-05 05:00:00,3371.18,3374.13,3367.72,3374.04,4689.0
2025-08-05 06:00:00,3374.04,3374.16,3365.77,3366.31,4984.0
2025-08-05 07:00:00,3366.31,3375.56,3366.18,3373.74,6715.0
2025-08-05 08:00:00,3373.74,3374.73,3366.1,3366.16,5986.0
2025-08-05 09:00:00,3366.15,3366.35,3358.92,3359.65,5319.0
2025-08-05 10:00:00,3359.66,3361.76,3352.88,3353.09,5922.0
2025-08-05 11:00:00,3353.1,3354.36,3349.98,3351.47,5832.0
2025-08-05 12:00:00,3351.47,3367.03,3349.98,3366.17,8555.0
2025-08-05 13:00:00,3366.3,3379.61,3365.91,3373.68,10366.0
2025-08-05 14:00:00,3373.68,3386.63,3370.59,3385.3,12710.0
2025-08-05 15:00:00,3385.31,3390.11,3382.28,3389.62,8252.0
2025-08-05 16:00:00,3389.62,3390.48,3377.0,3382.1,6679.0
2025-08-05 17:00:00,3382.14,3382.85,3379.08,3380.16,4815.0
2025-08-05 18:00:00,3380.16,3381.2,3378.47,3380.03,4675.0
2025-08-05 19:00:00,3380.03,3381.39,3378.16,3379.04,3683.0
2025-08-05 20:00:00,3379.04,3380.76,3378.5,3380.66,1802.0
2025-08-05 22:00:00,3380.82,3382.0,3378.11,3379.79,1766.0
2025-08-05 23:00:00,3379.79,3383.99,3379.06,3383.24,2600.0
2025-08-06 00:00:00,3383.24,3385.38,3380.96,3383.5,4345.0
2025-08-06 01:00:00,3383.5,3383.64,3373.18,3376.12,6358.0
2025-08-06 02:00:00,3376.07,3377.89,3374.28,3376.39,4482.0
2025-08-06 03:00:00,3376.39,3378.37,3373.54,3374.59,3515.0
2025-08-06 04:00:00,3374.59,3376.48,3372.29,3372.49,2539.0
2025-08-06 05:00:00,3372.49,3374.69,3370.69,3374.31,4186.0
2025-08-06 06:00:00,3374.31,3378.64,3373.22,3375.22,4588.0
2025-08-06 07:00:00,3375.21,3377.17,3369.06,3373.54,5604.0
2025-08-06 08:00:00,3373.53,3374.64,3364.85,3365.17,5939.0
2025-08-06 09:00:00,3365.17,3367.8,3358.26,3358.86,6123.0
2025-08-06 10:00:00,3358.86,3365.61,3358.26,3363.67,6269.0
2025-08-06 11:00:00,3363.67,3367.05,3360.74,3365.14,4696.0
2025-08-06 12:00:00,3365.14,3369.27,3360.22,3367.53,7908.0
2025-08-06 13:00:00,3367.56,3373.58,3365.22,3371.74,10411.0
2025-08-06 14:00:00,3371.71,3379.39,3369.53,3379.39,9076.0
2025-08-06 15:00:00,3379.37,3379.98,3370.22,3377.51,8867.0
2025-08-06 16:00:00,3377.51,3379.45,3372.89,3376.15,6813.0
2025-08-06 17:00:00,3376.15,3377.62,3370.87,3374.56,6580.0
2025-08-06 18:00:00,3374.54,3374.58,3369.05,3371.64,5414.0
2025-08-06 19:00:00,3371.61,3373.12,3370.42,3371.74,5222.0
2025-08-06 20:00:00,3371.72,3372.24,3367.08,3369.28,3239.0
2025-08-06 22:00:00,3369.65,3374.92,3369.35,3372.05,3473.0
2025-08-06 23:00:00,3372.05,3372.06,3367.81,3370.17,3469.0
2025-08-07 00:00:00,3370.16,3374.85,3365.39,3372.19,7165.0
2025-08-07 01:00:00,3372.19,3382.63,3370.06,3382.36,8256.0
2025-08-07 02:00:00,3382.36,3384.02,3378.27,3379.67,5746.0
2025-08-07 03:00:00,3379.67,3380.43,3376.58,3379.78,4525.0
2025-08-07 04:00:00,3379.78,3380.76,3376.91,3377.68,3729.0
2025-08-07 05:00:00,3377.68,3380.94,3371.4,3375.53,6494.0
2025-08-07 06:00:00,3375.57,3387.86,3375.14,3387.73,7965.0
2025-08-07 07:00:00,3387.73,3397.29,3386.31,3396.02,8459.0
2025-08-07 08:00:00,3396.02,3396.52,3372.47,3378.21,11283.0
2025-08-07 09:00:00,3378.3,3381.4,3373.35,3376.72,8626.0
2025-08-07 10:00:00,3376.72,3378.9,3371.6,3373.04,7244.0
2025-08-07 11:00:00,3373.04,3383.3,3371.79,3378.29,9334.0
2025-08-07 12:00:00,3378.27,3389.82,3375.44,3380.86,9832.0
2025-08-07 13:00:00,3380.85,3393.8,3380.1,3385.07,12768.0
2025-08-07 14:00:00,3385.07,3390.32,3374.64,3387.84,14964.0
2025-08-07 15:00:00,3387.87,3390.89,3384.42,3390.18,8583.0
2025-08-07 16:00:00,3390.18,3392.7,3387.17,3388.83,6422.0
2025-08-07 17:00:00,3388.84,3393.08,3384.33,3392.34,7558.0
2025-08-07 18:00:00,3392.34,3394.0,3387.62,3388.27,5279.0
2025-08-07 19:00:00,3388.27,3400.79,3387.38,3399.85,8201.0
2025-08-07 20:00:00,3399.83,3402.06,3392.36,3395.88,7430.0
2025-08-07 22:00:00,3403.1,3409.48,3389.03,3405.37,8697.0
2025-08-07 23:00:00,3405.37,3408.03,3393.88,3400.14,4097.0
2025-08-08 00:00:00,3400.24,3402.52,3387.4,3390.62,12258.0
2025-08-08 01:00:00,3390.59,3391.06,3381.16,3383.5,12081.0
2025-08-08 02:00:00,3383.58,3389.94,3383.22,3388.38,8491.0
2025-08-08 03:00:00,3388.37,3397.83,3383.26,3395.96,9588.0
2025-08-08 04:00:00,3395.97,3399.39,3393.28,3394.41,7938.0
2025-08-08 05:00:00,3394.41,3396.0,3390.04,3392.3,7403.0
2025-08-08 06:00:00,3392.3,3397.75,3388.8,3393.51,9377.0
2025-08-08 07:00:00,3393.49,3404.21,3391.84,3402.15,10977.0
2025-08-08 08:00:00,3402.2,3402.72,3394.16,3394.32,10114.0
2025-08-08 09:00:00,3394.32,3401.54,3393.95,3400.79,9424.0
2025-08-08 10:00:00,3400.77,3400.97,3384.35,3385.15,9922.0
2025-08-08 11:00:00,3385.15,3388.49,3380.58,3386.12,11415.0
2025-08-08 12:00:00,3386.12,3401.8,3385.0,3391.46,14827.0
2025-08-08 13:00:00,3391.47,3401.65,3387.48,3400.22,15214.0
2025-08-08 14:00:00,3400.23,3401.07,3381.22,3390.66,13524.0
2025-08-08 15:00:00,3390.68,3395.32,3388.78,3395.25,10515.0
2025-08-08 16:00:00,3395.25,3400.8,3393.59,3397.67,9368.0
2025-08-08 17:00:00,3397.67,3399.64,3384.18,3384.18,8417.0
2025-08-08 18:00:00,3383.09,3404.38,3379.2,3395.54,13735.0
2025-08-08 19:00:00,3395.54,3400.92,3392.34,3398.7,10636.0
2025-08-08 20:00:00,3398.76,3398.95,3392.19,3397.42,4754.0
2025-08-10 22:00:00,3397.72,3405.21,3390.57,3395.36,3873.0
2025-08-10 23:00:00,3395.36,3396.98,3390.22,3391.41,2708.0
2025-08-11 00:00:00,3391.41,3391.76,3381.45,3381.7,6377.0
2025-08-11 01:00:00,3381.53,3383.93,3367.8,3377.64,9679.0
2025-08-11 02:00:00,3377.64,3380.04,3369.77,3377.16,7565.0
2025-08-11 03:00:00,3377.16,3380.25,3374.14,3378.33,5087.0
2025-08-11 04:00:00,3378.33,3379.92,3375.6,3376.0,3818.0
2025-08-11 05:00:00,3376.0,3380.2,3373.95,3377.21,5390.0
2025-08-11 06:00:00,3377.16,3377.23,3363.8,3365.76,8354.0
2025-08-11 07:00:00,3365.76,3366.46,3357.18,3360.23,8994.0
2025-08-11 08:00:00,3360.23,3365.99,3358.88,3362.0,7387.0
2025-08-11 09:00:00,3362.0,3363.83,3353.03,3353.28,7810.0
2025-08-11 10:00:00,3353.38,3363.99,3353.22,3358.6,6644.0
2025-08-11 11:00:00,3358.6,3358.92,3349.92,3355.39,8126.0
2025-08-11 12:00:00,3355.39,3357.54,3344.44,3356.84,9968.0
2025-08-11 13:00:00,3356.84,3362.89,3348.48,3358.7,11721.0
2025-08-11 14:00:00,3358.7,3359.42,3341.53,3346.29,10733.0
2025-08-11 15:00:00,3346.3,3352.27,3344.91,3349.18,7759.0
2025-08-11 16:00:00,3349.18,3350.23,3342.54,3344.18,6762.0
2025-08-11 17:00:00,3344.23,3358.84,3341.19,3357.67,9313.0
2025-08-11 18:00:00,3357.67,3358.69,3352.38,3356.25,6013.0
2025-08-11 19:00:00,3356.23,3356.91,3350.53,3351.62,4303.0
2025-08-11 20:00:00,3351.57,3351.81,3342.02,3342.78,4177.0
2025-08-11 22:00:00,3343.1,3347.18,3342.55,3347.08,3180.0
2025-08-11 23:00:00,3347.08,3349.6,3346.3,3349.03,2471.0
2025-08-12 00:00:00,3349.03,3355.74,3347.46,3354.46,5002.0
2025-08-12 01:00:00,3354.5,3357.45,3346.26,3349.83,7246.0
2025-08-12 02:00:00,3349.84,3354.41,3349.74,3353.08,4360.0
2025-08-12 03:00:00,3353.1,3355.38,3348.15,3349.37,3921.0
2025-08-12 04:00:00,3349.37,3355.75,3348.61,3354.45,3814.0
2025-08-12 05:00:00,3354.52,3355.69,3350.51,3354.62,4390.0
2025-08-12 06:00:00,3354.62,3354.91,3342.31,3345.46,6909.0
2025-08-12 07:00:00,3345.46,3358.16,3343.84,3355.69,5789.0
2025-08-12 08:00:00,3355.69,3355.86,3345.56,3348.02,4987.0
2025-08-12 09:00:00,3348.02,3351.61,3344.58,3345.6,4433.0
2025-08-12 10:00:00,3345.5,3350.61,3343.97,3344.69,5489.0
2025-08-12 11:00:00,3344.69,3348.35,3336.12,3347.53,7485.0
2025-08-12 12:00:00,3347.54,3358.11,3338.68,3349.96,12197.0
2025-08-12 13:00:00,3349.93,3357.02,3340.16,3345.53,14384.0
2025-08-12 14:00:00,3345.53,3346.58,3331.15,3337.5,13099.0
2025-08-12 15:00:00,3337.51,3359.17,3337.01,3349.89,12185.0
2025-08-12 16:00:00,3349.88,3351.24,3345.93,3349.46,8340.0
2025-08-12 17:00:00,3349.46,3350.64,3346.5,3349.05,6150.0
2025-08-12 18:00:00,3349.05,3350.9,3347.46,3349.07,4919.0
2025-08-12 19:00:00,3349.07,3349.37,3345.62,3347.66,4626.0
2025-08-12 20:00:00,3347.65,3350.11,3346.0,3348.03,2849.0
2025-08-12 22:00:00,3348.74,3353.67,3348.67,3350.61,2629.0
2025-08-12 23:00:00,3350.61,3352.13,3349.73,3350.58,2509.0
2025-08-13 00:00:00,3350.58,3350.77,3342.73,3343.67,5772.0
2025-08-13 01:00:00,3343.68,3352.15,3342.76,3350.91,8067.0
2025-08-13 02:00:00,3350.91,3354.36,3346.71,3351.81,6289.0
2025-08-13 03:00:00,3351.81,3352.98,3348.55,3349.67,4578.0
2025-08-13 04:00:00,3349.66,3352.4,3348.22,3351.78,3140.0
2025-08-13 05:00:00,3351.78,3352.03,3345.69,3349.29,4385.0
2025-08-13 06:00:00,3349.29,3357.66,3348.97,3357.06,6972.0
2025-08-13 07:00:00,3357.21,3360.95,3354.0,3354.79,6158.0
2025-08-13 08:00:00,3354.78,3363.46,3352.87,3360.28,6808.0
2025-08-13 09:00:00,3360.29,3366.6,3358.79,3364.73,6223.0
2025-08-13 10:00:00,3364.73,3366.97,3363.23,3366.2,4653.0
2025-08-13 11:00:00,3366.2,3367.16,3358.96,3362.32,6452.0
2025-08-13 12:00:00,3362.32,3363.81,3355.55,3358.12,8277.0
2025-08-13 13:00:00,3358.12,3365.9,3354.24,3365.12,9894.0
2025-08-13 14:00:00,3365.12,3370.8,3361.08,3363.17,9483.0
2025-08-13 15:00:00,3363.17,3363.74,3354.42,3357.84,7388.0
2025-08-13 16:00:00,3357.73,3360.91,3357.1,3357.98,5096.0
2025-08-13 17:00:00,3357.98,3359.45,3352.79,3353.67,4485.0
2025-08-13 18:00:00,3353.67,3354.43,3349.98,3353.79,4015.0
2025-08-13 19:00:00,3353.79,3358.86,3352.73,3357.87,3792.0
2025-08-13 20:00:00,3357.86,3358.2,3355.5,3355.88,1993.0
2025-08-13 22:00:00,3357.01,3359.09,3356.65,3357.67,2248.0
2025-08-13 23:00:00,3357.7,3363.5,3357.54,3362.81,2977.0
2025-08-14 00:00:00,3362.81,3374.71,3362.8,3369.6,6576.0
2025-08-14 01:00:00,3369.6,3370.93,3365.25,3367.45,7930.0
2025-08-14 02:00:00,3367.42,3369.32,3362.8,3362.88,5916.0
2025-08-14 03:00:00,3362.85,3364.08,3355.56,3360.47,6799.0
2025-08-14 04:00:00,3360.56,3361.81,3358.61,3360.54,3569.0
2025-08-14 05:00:00,3360.54,3361.91,3356.22,3358.89,4878.0
2025-08-14 06:00:00,3358.89,3362.29,3356.01,3362.04,7421.0
2025-08-14 07:00:00,3362.03,3366.43,3343.7,3346.04,8232.0
2025-08-14 08:00:00,3346.03,3350.37,3341.5,3346.24,8331.0
2025-08-14 09:00:00,3346.24,3359.15,3345.12,3356.53,7893.0
2025-08-14 10:00:00,3356.51,3359.03,3352.13,3355.04,4893.0
2025-08-14 11:00:00,3355.04,3357.16,3352.56,3355.47,5323.0
2025-08-14 12:00:00,3355.5,3358.51,3342.04,3350.65,11353.0
2025-08-14 13:00:00,3350.65,3356.06,3343.9,3344.2,13287.0
2025-08-14 14:00:00,3344.17,3346.62,3334.3,3340.67,12794.0
2025-08-14 15:00:00,3340.67,3342.88,3335.49,3341.83,8370.0
2025-08-14 16:00:00,3341.81,3342.08,3329.89,3334.44,8994.0
2025-08-14 17:00:00,3334.44,3338.6,3331.89,3337.86,6388.0
2025-08-14 18:00:00,3337.86,3339.41,3336.11,3338.31,4673.0
2025-08-14 19:00:00,3338.31,3341.06,3337.98,3337.99,4136.0
2025-08-14 20:00:00,3338.02,3338.54,3334.52,3335.38,2820.0
2025-08-14 22:00:00,3336.15,3337.65,3332.52,3333.36,2697.0
2025-08-14 23:00:00,3333.36,3336.63,3332.23,3335.66,2316.0
2025-08-15 00:00:00,3335.66,3338.76,3332.39,3337.07,4062.0
2025-08-15 01:00:00,3337.07,3340.26,3333.37,3339.6,6081.0
2025-08-15 02:00:00,3339.6,3340.83,3336.72,3340.5,4789.0
2025-08-15 03:00:00,3340.5,3344.78,3340.07,3343.46,4093.0
2025-08-15 04:00:00,3343.37,3346.77,3343.34,3345.46,4463.0
2025-08-15 05:00:00,3345.47,3348.79,3342.03,3343.83,4877.0
2025-08-15 06:00:00,3343.83,3344.07,3340.19,3340.42,4979.0
2025-08-15 07:00:00,3340.42,3346.57,3340.16,3346.27,6235.0
2025-08-15 08:00:00,3346.27,3348.24,3338.38,3341.28,5865.0
2025-08-15 09:00:00,3341.28,3345.03,3338.54,3342.79,5664.0
2025-08-15 10:00:00,3342.79,3342.79,3336.41,3337.71,5028.0
2025-08-15 11:00:00,3337.71,3344.1,3337.14,3342.39,5656.0
2025-08-15 12:00:00,3342.39,3343.88,3333.64,3342.74,9604.0
2025-08-15 13:00:00,3342.74,3345.95,3333.04,3335.66,10964.0
2025-08-15 14:00:00,3335.66,3343.64,3335.1,3341.83,9626.0
2025-08-15 15:00:00,3341.87,3345.18,3341.38,3342.4,6431.0
2025-08-15 16:00:00,3342.4,3342.52,3335.8,3338.21,5388.0
2025-08-15 17:00:00,3338.2,3338.74,3335.09,3336.09,4396.0
2025-08-15 18:00:00,3336.09,3338.32,3334.7,3336.02,4056.0
2025-08-15 19:00:00,3336.02,3339.66,3334.5,3339.19,4378.0
2025-08-15 20:00:00,3339.19,3339.49,3335.53,3335.78,2548.0
2025-08-17 22:00:00,3336.35,3339.1,3333.04,3334.36,3025.0
2025-08-17 23:00:00,3334.41,3334.46,3323.54,3327.07,4344.0
2025-08-18 00:00:00,3327.07,3342.87,3326.74,3340.65,7115.0
2025-08-18 01:00:00,3340.59,3347.36,3339.59,3346.86,7259.0
2025-08-18 02:00:00,3346.88,3347.6,3342.37,3343.4,4892.0
2025-08-18 03:00:00,3343.35,3351.78,3343.32,3347.09,5099.0
2025-08-18 04:00:00,3347.06,3358.16,3346.82,3357.46,5899.0
2025-08-18 05:00:00,3357.46,3358.38,3346.62,3349.56,6831.0
2025-08-18 06:00:00,3349.51,3351.24,3346.26,3349.54,5944.0
2025-08-18 07:00:00,3349.73,3355.68,3347.27,3349.05,6659.0
2025-08-18 08:00:00,3349.05,3349.91,3344.67,3348.71,5821.0
2025-08-18 09:00:00,3348.7,3351.7,3347.61,3348.15,4347.0
2025-08-18 10:00:00,3348.08,3351.36,3346.56,3346.67,3723.0
2025-08-18 11:00:00,3346.67,3348.79,3344.62,3345.43,3711.0
2025-08-18 12:00:00,3345.52,3348.74,3343.19,3344.76,5863.0
2025-08-18 13:00:00,3344.69,3344.96,3335.72,3336.68,8412.0
2025-08-18 14:00:00,3336.73,3338.73,3332.5,3334.38,8309.0
2025-08-18 15:00:00,3334.45,3336.84,3332.28,3335.66,5772.0
2025-08-18 16:00:00,3335.71,3335.87,3331.8,3334.26,4681.0
2025-08-18 17:00:00,3334.27,3334.89,3331.74,3333.67,3864.0
2025-08-18 18:00:00,3333.66,3333.84,3331.55,3332.0,2109.0
2025-08-18 19:00:00,3332.0,3334.26,3330.28,3333.58,2784.0
2025-08-18 20:00:00,3333.61,3334.31,3332.46,3332.72,1452.0
2025-08-18 22:00:00,3333.6,3334.73,3332.93,3334.46,1733.0
2025-08-18 23:00:00,3334.52,3334.74,3330.44,3330.91,2201.0
2025-08-19 00:00:00,3330.92,3339.18,3326.08,3335.22,5573.0
2025-08-19 01:00:00,3335.22,3335.7,3330.33,3332.95,6459.0
2025-08-19 02:00:00,3332.97,3338.14,3329.45,3337.96,4705.0
2025-08-19 03:00:00,3338.01,3341.63,3337.1,3337.8,4750.0
2025-08-19 04:00:00,3337.81,3338.14,3334.48,3337.7,3145.0
2025-08-19 05:00:00,3337.69,3340.66,3335.83,3336.24,3806.0
2025-08-19 06:00:00,3336.27,3338.85,3334.48,3336.08,4280.0
2025-08-19 07:00:00,3336.1,3341.76,3335.01,3340.85,4946.0
2025-08-19 08:00:00,3340.85,3340.94,3336.57,3337.92,3675.0
2025-08-19 09:00:00,3337.92,3339.73,3336.93,3339.35,3154.0
2025-08-19 10:00:00,3339.38,3345.3,3339.26,3343.61,4091.0
2025-08-19 11:00:00,3343.58,3344.8,3339.32,3339.79,3896.0
2025-08-19 12:00:00,3339.79,3340.63,3334.3,3334.8,6124.0
2025-08-19 13:00:00,3334.8,3339.31,3325.71,3333.93,9896.0
2025-08-19 14:00:00,3333.96,3337.01,3320.93,3325.34,9440.0
2025-08-19 15:00:00,3325.63,3326.78,3321.59,3322.68,7377.0
2025-08-19 16:00:00,3322.66,3324.45,3317.01,3317.47,5623.0
2025-08-19 17:00:00,3317.47,3320.07,3315.0,3317.52,5551.0
2025-08-19 18:00:00,3317.49,3320.14,3316.83,3318.41,3775.0
2025-08-19 19:00:00,3318.44,3318.81,3315.57,3315.92,4708.0
2025-08-19 20:00:00,3315.86,3317.52,3314.96,3315.65,2366.0
2025-08-19 22:00:00,3316.09,3317.58,3315.64,3316.83,1742.0
2025-08-19 23:00:00,3316.81,3316.81,3312.91,3314.29,2684.0
2025-08-20 00:00:00,3314.25,3316.92,3312.91,3316.05,4358.0
2025-08-20 01:00:00,3316.05,3317.84,3311.58,3315.39,7124.0
2025-08-20 02:00:00,3315.39,3317.1,3312.44,3314.05,5538.0
2025-08-20 03:00:00,3314.04,3318.64,3314.01,3317.58,4200.0
2025-08-20 04:00:00,3317.58,3321.07,3317.21,3318.7,3024.0
2025-08-20 05:00:00,3318.7,3323.77,3318.16,3323.43,3931.0
2025-08-20 06:00:00,3323.44,3326.0,3322.27,3323.07,5221.0
2025-08-20 07:00:00,3323.0,3327.52,3321.59,3324.87,4320.0
2025-08-20 08:00:00,3324.82,3325.76,3320.92,3325.07,4057.0
2025-08-20 09:00:00,3325.07,3327.42,3323.58,3326.17,3878.0
2025-08-20 10:00:00,3326.17,3327.91,3323.94,3326.77,3844.0
2025-08-20 11:00:00,3326.48,3332.95,3325.8,3332.35,5852.0
2025-08-20 12:00:00,3332.45,3344.84,3332.17,3342.9,9112.0
2025-08-20 13:00:00,3342.9,3348.39,3338.95,3344.85,9446.0
2025-08-20 14:00:00,3344.91,3350.24,3340.06,3346.94,8322.0
2025-08-20 15:00:00,3346.94,3347.03,3338.93,3340.75,6010.0
2025-08-20 16:00:00,3340.71,3346.06,3340.71,3345.24,4636.0
2025-08-20 17:00:00,3345.24,3348.11,3344.11,3347.02,4726.0
2025-08-20 18:00:00,3346.78,3347.09,3344.04,3345.74,4672.0
2025-08-20 19:00:00,3345.74,3349.33,3345.1,3348.83,4509.0
2025-08-20 20:00:00,3348.69,3349.29,3347.34,3348.1,2071.0
2025-08-20 22:00:00,3349.82,3352.28,3348.73,3349.7,2740.0
2025-08-20 23:00:00,3349.7,3349.7,3346.35,3346.99,2406.0
2025-08-21 00:00:00,3346.99,3346.99,3341.56,3342.33,3601.0
2025-08-21 01:00:00,3342.42,3346.34,3340.76,3342.86,4495.0
2025-08-21 02:00:00,3342.76,3345.04,3340.48,3344.61,3852.0
2025-08-21 03:00:00,3344.57,3344.84,3339.66,3339.97,3109.0
2025-08-21 04:00:00,3339.97,3341.08,3338.0,3338.31,2328.0
2025-08-21 05:00:00,3338.34,3340.68,3337.07,3338.82,3466.0
2025-08-21 06:00:00,3338.82,3339.89,3334.27,3336.67,5420.0
2025-08-21 07:00:00,3336.66,3341.61,3335.45,3339.74,4275.0
2025-08-21 08:00:00,3339.71,3341.36,3337.81,3339.69,3920.0
2025-08-21 09:00:00,3339.63,3342.23,3338.05,3340.74,3672.0
2025-08-21 10:00:00,3340.86,3341.68,3327.5,3328.48,5002.0
2025-08-21 11:00:00,3328.67,3334.44,3325.3,3333.66,6590.0
2025-08-21 12:00:00,3333.66,3345.14,3333.66,3341.92,8648.0
2025-08-21 13:00:00,3341.87,3347.52,3335.91,3339.38,10135.0
2025-08-21 14:00:00,3339.44,3348.12,3337.99,3344.24,10191.0
2025-08-21 15:00:00,3344.24,3346.2,3337.57,3343.67,7783.0
2025-08-21 16:00:00,3343.67,3343.95,3338.36,3339.78,4894.0
2025-08-21 17:00:00,3339.74,3342.07,3336.96,3337.1,3901.0
2025-08-21 18:00:00,3337.01,3339.61,3336.62,3339.4,3231.0
2025-08-21 19:00:00,3339.4,3342.05,3338.02,3338.8,3180.0
2025-08-21 20:00:00,3338.82,3339.23,3337.76,3338.6,1488.0
2025-08-21 22:00:00,3339.14,3340.69,3338.34,3339.01,1898.0
2025-08-21 23:00:00,3339.01,3339.61,3337.44,3338.48,1483.0
2025-08-22 00:00:00,3338.43,3339.81,3335.11,3339.62,3466.0
2025-08-22 01:00:00,3339.62,3340.3,3333.68,3334.14,4265.0
2025-08-22 02:00:00,3334.14,3336.3,3332.89,3334.09,4316.0
2025-08-22 03:00:00,3334.04,3335.41,3331.73,3331.98,3559.0
2025-08-22 04:00:00,3331.98,3332.73,3328.05,3328.4,2831.0
2025-08-22 05:00:00,3328.4,3331.42,3327.21,3330.14,3975.0
2025-08-22 06:00:00,3330.19,3330.43,3325.73,3329.49,4901.0
2025-08-22 07:00:00,3329.42,3335.08,3325.8,3327.45,5547.0
2025-08-22 08:00:00,3327.45,3330.66,3325.42,3328.86,4681.0
2025-08-22 09:00:00,3328.85,3331.65,3328.24,3330.18,3268.0
2025-08-22 10:00:00,3330.18,3331.74,3328.97,3331.01,2802.0
2025-08-22 11:00:00,3331.01,3331.11,3327.7,3329.38,3650.0
2025-08-22 12:00:00,3329.39,3329.95,3321.46,3323.52,7989.0
2025-08-22 13:00:00,3323.5,3336.3,3323.31,3333.8,8727.0
2025-08-22 14:00:00,3335.32,3376.8,3335.13,3373.82,16759.0
2025-08-22 15:00:00,3373.82,3378.8,3367.41,3367.95,10462.0
2025-08-22 16:00:00,3367.98,3374.22,3367.93,3370.62,6402.0
2025-08-22 17:00:00,3370.62,3375.5,3370.51,3374.24,4586.0
2025-08-22 18:00:00,3374.21,3375.12,3371.05,3372.75,3813.0
2025-08-22 19:00:00,3372.8,3373.66,3368.86,3373.23,4673.0
2025-08-22 20:00:00,3373.23,3373.65,3370.11,3371.59,2157.0
2025-08-24 22:00:00,3371.75,3372.22,3365.88,3367.3,2582.0
2025-08-24 23:00:00,3367.3,3371.04,3366.43,3369.18,2183.0
2025-08-25 00:00:00,3369.18,3369.72,3363.38,3364.9,3333.0
2025-08-25 01:00:00,3364.9,3367.83,3360.72,3362.9,5106.0
2025-08-25 02:00:00,3362.9,3365.2,3359.78,3364.47,3712.0
2025-08-25 03:00:00,3364.47,3368.13,3364.18,3367.29,3238.0
2025-08-25 04:00:00,3367.29,3367.66,3363.85,3366.06,2245.0
2025-08-25 05:00:00,3366.06,3366.1,3363.09,3364.73,2275.0
2025-08-25 06:00:00,3364.68,3369.58,3364.58,3368.92,3884.0
2025-08-25 07:00:00,3368.92,3369.9,3366.07,3366.22,3100.0
2025-08-25 08:00:00,3366.22,3366.83,3363.47,3363.94,3050.0
2025-08-25 09:00:00,3363.94,3368.06,3361.99,3367.39,3389.0
2025-08-25 10:00:00,3367.39,3368.49,3365.14,3366.03,3507.0
2025-08-25 11:00:00,3366.03,3371.54,3365.71,3370.61,3939.0
2025-08-25 12:00:00,3370.6,3371.24,3364.26,3364.53,4673.0
2025-08-25 13:00:00,3364.52,3371.35,3362.2,3370.9,7359.0
2025-08-25 14:00:00,3370.88,3375.46,3369.33,3374.4,8343.0
2025-08-25 15:00:00,3374.4,3376.27,3371.92,3374.12,5834.0
2025-08-25 16:00:00,3374.11,3374.36,3371.77,3373.89,4118.0
2025-08-25 17:00:00,3373.9,3374.86,3370.94,3371.16,4036.0
2025-08-25 18:00:00,3371.15,3373.33,3369.87,3370.58,3590.0
2025-08-25 19:00:00,3370.59,3370.82,3365.28,3365.46,3908.0
2025-08-25 20:00:00,3365.48,3366.1,3364.16,3365.56,2202.0
2025-08-25 22:00:00,3365.58,3367.18,3363.74,3364.35,2324.0
2025-08-25 23:00:00,3364.32,3364.32,3351.61,3355.0,4828.0
2025-08-26 00:00:00,3354.94,3386.47,3351.32,3383.14,12182.0
2025-08-26 01:00:00,3383.14,3385.08,3371.93,3376.87,8950.0
2025-08-26 02:00:00,3376.8,3379.06,3372.9,3375.44,5795.0
2025-08-26 03:00:00,3375.44,3375.52,3369.88,3372.24,4770.0
2025-08-26 04:00:00,3372.24,3378.94,3372.14,3377.36,3783.0
2025-08-26 05:00:00,3377.35,3379.07,3372.55,3376.67,4946.0
2025-08-26 06:00:00,3376.67,3377.74,3372.48,3376.26,5247.0
2025-08-26 07:00:00,3376.27,3379.19,3367.3,3376.76,7000.0
2025-08-26 08:00:00,3376.76,3379.9,3375.67,3376.78,5370.0
2025-08-26 09:00:00,3376.77,3378.65,3369.6,3372.08,5734.0
2025-08-26 10:00:00,3372.08,3375.17,3367.26,3372.03,4581.0
2025-08-26 11:00:00,3372.1,3380.24,3370.73,3377.56,6451.0
2025-08-26 12:00:00,3377.58,3379.81,3371.04,3372.05,7266.0
2025-08-26 13:00:00,3372.01,3378.2,3370.13,3375.8,10329.0
2025-08-26 14:00:00,3375.8,3379.6,3370.19,3379.35,9634.0
2025-08-26 15:00:00,3379.35,3389.36,3378.66,3386.7,8622.0
2025-08-26 16:00:00,3386.72,3387.66,3382.57,3383.07,6106.0
2025-08-26 17:00:00,3383.07,3385.95,3381.63,3381.72,4600.0
2025-08-26 18:00:00,3381.8,3385.74,3380.23,3385.64,4351.0
2025-08-26 19:00:00,3385.64,3390.91,3385.2,3389.75,5182.0
2025-08-26 20:00:00,3389.72,3393.5,3389.29,3393.49,2421.0
2025-08-26 22:00:00,3393.56,3394.23,3388.86,3391.02,2848.0
2025-08-26 23:00:00,3391.1,3393.01,3389.99,3390.93,2192.0
2025-08-27 00:00:00,3390.9,3393.48,3389.01,3389.62,4238.0
2025-08-27 01:00:00,3389.62,3390.12,3383.37,3386.28,6110.0
2025-08-27 02:00:00,3386.28,3387.04,3382.23,3384.15,4142.0
2025-08-27 03:00:00,3384.15,3384.49,3380.61,3380.62,3220.0
2025-08-27 04:00:00,3380.62,3381.28,3373.92,3375.0,4169.0
2025-08-27 05:00:00,3375.05,3378.99,3374.14,3377.21,5146.0
2025-08-27 06:00:00,3377.22,3381.94,3376.3,3377.48,5544.0
2025-08-27 07:00:00,3377.4,3381.63,3373.81,3381.5,5406.0
2025-08-27 08:00:00,3381.5,3385.04,3381.01,3384.57,5567.0
2025-08-27 09:00:00,3384.57,3385.47,3377.57,3378.18,5122.0
2025-08-27 10:00:00,3378.2,3379.28,3374.84,3375.65,6831.0
2025-08-27 11:00:00,3375.68,3378.2,3373.82,3376.81,5550.0
2025-08-27 12:00:00,3376.77,3382.88,3374.32,3381.19,7256.0
2025-08-27 13:00:00,3381.21,3384.78,3375.6,3377.87,9337.0
2025-08-27 14:00:00,3377.78,3386.91,3376.08,3386.52,9116.0
2025-08-27 15:00:00,3386.5,3390.49,3385.22,3388.08,8080.0
2025-08-27 16:00:00,3388.08,3398.82,3387.6,3395.57,8228.0
2025-08-27 17:00:00,3395.57,3397.51,3394.9,3395.17,6249.0
2025-08-27 18:00:00,3395.2,3396.33,3392.34,3394.58,4621.0
2025-08-27 19:00:00,3394.6,3396.43,3393.78,3396.31,5071.0
2025-08-27 20:00:00,3396.29,3397.89,3394.18,3397.04,3400.0
2025-08-27 22:00:00,3397.32,3399.0,3394.9,3395.86,2378.0
2025-08-27 23:00:00,3395.86,3399.34,3395.16,3395.77,2528.0
2025-08-28 00:00:00,3395.76,3398.06,3391.22,3392.06,4104.0
2025-08-28 01:00:00,3392.03,3392.89,3385.55,3385.95,6903.0
2025-08-28 02:00:00,3385.96,3391.46,3384.58,3391.46,5425.0
2025-08-28 03:00:00,3391.46,3392.5,3388.91,3390.23,4170.0
2025-08-28 04:00:00,3390.23,3392.3,3388.72,3390.36,2897.0
2025-08-28 05:00:00,3390.36,3390.86,3387.75,3389.16,4026.0
2025-08-28 06:00:00,3389.18,3395.67,3388.79,3395.34,6430.0
2025-08-28 07:00:00,3395.29,3397.73,3393.81,3395.85,5518.0
2025-08-28 08:00:00,3395.81,3401.09,3393.98,3400.72,5632.0
2025-08-28 09:00:00,3400.74,3401.64,3398.48,3399.22,4079.0
2025-08-28 10:00:00,3399.22,3399.28,3393.84,3397.1,5669.0
2025-08-28 11:00:00,3397.09,3407.68,3396.32,3404.06,6293.0
2025-08-28 12:00:00,3404.01,3408.82,3396.92,3397.26,9811.0
2025-08-28 13:00:00,3397.28,3410.49,3394.28,3407.41,12114.0
2025-08-28 14:00:00,3407.36,3413.46,3406.14,3412.27,10273.0
2025-08-28 15:00:00,3412.31,3413.2,3404.56,3411.01,7834.0
2025-08-28 16:00:00,3411.02,3417.79,3409.98,3415.55,8016.0
2025-08-28 17:00:00,3415.55,3418.83,3414.59,3418.05,6859.0
2025-08-28 18:00:00,3417.99,3420.44,3417.35,3420.12,5650.0
2025-08-28 19:00:00,3420.12,3423.18,3417.96,3422.06,6329.0
2025-08-28 20:00:00,3422.06,3422.37,3416.28,3417.02,3001.0
2025-08-28 22:00:00,3416.99,3418.5,3415.8,3416.87,1906.0
2025-08-28 23:00:00,3416.87,3416.87,3414.79,3414.82,1735.0
2025-08-29 00:00:00,3414.81,3417.92,3413.06,3413.56,4662.0
2025-08-29 01:00:00,3413.52,3413.6,3407.92,3410.01,6697.0
2025-08-29 02:00:00,3409.94,3414.04,3409.92,3411.31,4961.0
2025-08-29 03:00:00,3411.39,3413.6,3409.96,3410.81,3761.0
2025-08-29 04:00:00,3410.82,3411.37,3407.54,3408.96,3707.0
2025-08-29 05:00:00,3408.98,3410.82,3407.03,3410.47,4101.0
2025-08-29 06:00:00,3410.43,3412.75,3407.91,3410.28,4768.0
2025-08-29 07:00:00,3410.27,3412.74,3406.58,3412.14,5853.0
2025-08-29 08:00:00,3412.2,3414.84,3409.78,3410.35,5630.0
2025-08-29 09:00:00,3410.34,3411.1,3406.95,3407.5,5907.0
2025-08-29 10:00:00,3407.5,3408.86,3404.65,3405.51,4824.0
2025-08-29 11:00:00,3405.5,3411.3,3404.29,3410.67,5144.0
2025-08-29 12:00:00,3410.68,3416.86,3406.66,3416.5,9104.0
2025-08-29 13:00:00,3416.57,3429.06,3413.61,3428.29,11583.0
2025-08-29 14:00:00,3428.64,3441.11,3428.61,3441.07,14198.0
2025-08-29 15:00:00,3441.06,3447.76,3439.03,3445.72,12112.0
2025-08-29 16:00:00,3445.67,3449.44,3442.27,3449.25,9895.0
2025-08-29 17:00:00,3449.15,3450.14,3441.14,3443.75,8045.0
2025-08-29 18:00:00,3443.74,3445.76,3441.04,3442.95,6299.0
2025-08-29 19:00:00,3442.95,3453.94,3441.62,3452.6,7798.0
2025-08-29 20:00:00,3452.67,3452.67,3446.0,3448.93,4445.0
2025-08-31 22:00:00,3449.55,3452.58,3442.45,3450.27,4380.0
2025-08-31 23:00:00,3450.28,3450.98,3444.78,3448.09,2819.0
2025-09-01 00:00:00,3447.98,3447.98,3442.55,3444.1,4340.0
2025-09-01 01:00:00,3444.15,3459.42,3437.09,3457.27,8910.0
2025-09-01 02:00:00,3457.4,3484.84,3455.24,3483.77,14521.0
2025-09-01 03:00:00,3483.81,3486.18,3469.73,3474.64,9519.0
2025-09-01 04:00:00,3474.64,3479.52,3472.21,3475.08,5939.0
2025-09-01 05:00:00,3475.08,3482.91,3474.37,3477.33,8989.0
2025-09-01 06:00:00,3477.14,3489.86,3476.76,3479.24,10122.0
2025-09-01 07:00:00,3479.46,3480.84,3467.82,3477.76,9472.0
2025-09-01 08:00:00,3477.77,3479.89,3474.5,3476.95,7207.0
2025-09-01 09:00:00,3476.95,3477.11,3467.32,3469.49,6796.0
2025-09-01 10:00:00,3469.52,3473.95,3466.38,3470.6,6764.0
2025-09-01 11:00:00,3470.59,3473.49,3467.67,3470.18,6102.0
2025-09-01 12:00:00,3470.14,3471.62,3467.14,3469.35,6498.0
2025-09-01 13:00:00,3469.37,3479.05,3468.82,3475.34,7858.0
2025-09-01 14:00:00,3475.26,3481.43,3473.67,3475.74,6798.0
2025-09-01 15:00:00,3475.53,3479.1,3473.54,3474.24,4705.0
2025-09-01 16:00:00,3474.25,3477.67,3472.32,3477.31,3270.0
2025-09-01 17:00:00,3477.31,3478.97,3476.16,3477.98,2589.0
2025-09-01 18:00:00,3477.98,3478.02,3476.02,3476.07,1245.0
2025-09-01 22:00:00,3476.15,3479.76,3474.76,3475.37,3457.0
2025-09-01 23:00:00,3475.58,3481.44,3474.52,3479.36,3284.0
2025-09-02 00:00:00,3479.21,3485.1,3478.27,3479.22,7643.0
2025-09-02 01:00:00,3479.21,3508.73,3477.01,3497.82,13187.0
2025-09-02 02:00:00,3497.82,3500.64,3491.43,3496.24,10017.0
2025-09-02 03:00:00,3496.0,3496.06,3490.18,3495.17,6542.0
2025-09-02 04:00:00,3495.15,3498.31,3493.38,3496.8,5212.0
2025-09-02 05:00:00,3496.76,3497.78,3492.03,3493.04,6530.0
2025-09-02 06:00:00,3493.04,3495.71,3483.28,3485.58,9854.0
2025-09-02 07:00:00,3485.89,3488.17,3472.19,3476.92,10779.0
2025-09-02 08:00:00,3476.85,3481.41,3470.2,3477.63,10533.0
2025-09-02 09:00:00,3477.6,3480.4,3476.1,3476.82,7750.0
2025-09-02 10:00:00,3476.75,3485.7,3475.77,3485.58,8324.0
2025-09-02 11:00:00,3485.54,3490.09,3478.56,3489.89,8722.0
2025-09-02 12:00:00,3489.92,3494.22,3474.42,3482.01,13343.0
2025-09-02 13:00:00,3482.22,3493.64,3478.21,3489.74,14617.0
2025-09-02 14:00:00,3489.69,3513.86,3488.91,3511.26,16401.0
2025-09-02 15:00:00,3511.24,3520.49,3509.65,3520.49,12554.0
2025-09-02 16:00:00,3520.5,3528.84,3518.21,3527.87,11094.0
2025-09-02 17:00:00,3527.94,3530.1,3521.88,3529.4,8802.0
2025-09-02 18:00:00,3529.39,3532.18,3525.27,3528.47,7526.0
2025-09-02 19:00:00,3528.48,3540.08,3528.48,3537.15,9385.0
2025-09-02 20:00:00,3537.34,3537.79,3533.47,3533.52,3833.0
2025-09-02 22:00:00,3533.15,3535.0,3529.2,3529.41,2948.0
2025-09-02 23:00:00,3529.51,3533.09,3526.26,3530.14,3726.0
2025-09-03 00:00:00,3530.13,3546.62,3528.06,3536.11,9062.0
2025-09-03 01:00:00,3536.1,3541.71,3531.88,3538.81,9799.0
2025-09-03 02:00:00,3538.77,3545.92,3531.34,3531.83,8421.0
2025-09-03 03:00:00,3531.83,3533.51,3529.46,3530.84,6864.0
2025-09-03 04:00:00,3530.84,3538.34,3530.79,3536.94,6230.0
2025-09-03 05:00:00,3536.94,3537.92,3526.99,3529.92,6555.0
2025-09-03 06:00:00,3529.92,3537.4,3529.86,3535.37,7567.0
2025-09-03 07:00:00,3535.23,3537.02,3529.22,3533.92,7974.0
2025-09-03 08:00:00,3533.79,3541.19,3533.78,3540.11,7881.0
2025-09-03 09:00:00,3540.11,3541.89,3533.9,3534.23,6788.0
2025-09-03 10:00:00,3534.36,3541.86,3532.35,3540.09,6256.0
2025-09-03 11:00:00,3540.12,3549.69,3539.79,3547.64,8495.0
2025-09-03 12:00:00,3547.65,3551.56,3541.35,3550.53,10812.0
2025-09-03 13:00:00,3550.68,3561.45,3549.42,3553.62,14093.0
2025-09-03 14:00:00,3553.67,3565.86,3551.61,3558.47,15394.0
2025-09-03 15:00:00,3558.53,3567.3,3557.5,3563.98,10372.0
2025-09-03 16:00:00,3563.98,3572.67,3562.21,3572.5,8740.0
2025-09-03 17:00:00,3572.51,3576.02,3570.31,3574.46,7538.0
2025-09-03 18:00:00,3574.63,3578.51,3565.58,3570.48,10538.0
2025-09-03 19:00:00,3570.53,3571.74,3561.29,3563.79,9645.0
2025-09-03 20:00:00,3563.77,3566.05,3558.86,3559.08,4444.0
2025-09-03 22:00:00,3561.92,3564.11,3559.0,3561.93,5046.0
2025-09-03 23:00:00,3561.91,3561.92,3554.42,3560.42,5852.0
2025-09-04 00:00:00,3560.52,3562.47,3552.03,3561.55,7136.0
2025-09-04 01:00:00,3561.64,3563.2,3543.72,3546.37,10745.0
2025-09-04 02:00:00,3546.38,3550.7,3526.53,3530.89,11551.0
2025-09-04 03:00:00,3530.88,3531.85,3511.58,3529.13,10005.0
2025-09-04 04:00:00,3529.12,3534.31,3528.74,3533.02,4737.0
2025-09-04 05:00:00,3533.03,3534.05,3525.42,3527.45,7360.0
2025-09-04 06:00:00,3527.57,3541.75,3524.56,3536.08,9217.0
2025-09-04 07:00:00,3536.22,3541.24,3532.74,3541.11,6973.0
2025-09-04 08:00:00,3541.08,3545.6,3537.45,3541.3,7167.0
2025-09-04 09:00:00,3541.22,3544.92,3536.75,3538.72,6296.0
2025-09-04 10:00:00,3538.73,3547.01,3538.42,3540.96,6355.0
2025-09-04 11:00:00,3541.1,3549.89,3536.66,3545.54,7295.0
2025-09-04 12:00:00,3545.26,3554.19,3541.3,3548.41,10678.0
2025-09-04 13:00:00,3548.37,3558.83,3539.96,3547.02,13565.0
2025-09-04 14:00:00,3542.58,3546.42,3535.14,3545.91,14247.0
2025-09-04 15:00:00,3546.04,3553.33,3542.42,3552.86,9409.0
2025-09-04 16:00:00,3552.88,3556.22,3549.23,3552.55,7830.0
2025-09-04 17:00:00,3552.5,3555.54,3542.64,3542.9,7330.0
2025-09-04 18:00:00,3542.91,3548.4,3542.79,3546.36,5587.0
2025-09-04 19:00:00,3546.36,3551.12,3545.64,3549.92,5345.0
2025-09-04 20:00:00,3550.0,3550.65,3544.36,3545.63,2351.0
2025-09-04 22:00:00,3546.16,3546.68,3540.1,3541.08,2867.0
2025-09-04 23:00:00,3541.1,3554.56,3540.94,3552.66,4667.0
2025-09-05 00:00:00,3552.66,3556.45,3549.07,3552.26,7459.0
2025-09-05 01:00:00,3552.26,3556.63,3550.12,3552.54,8215.0
2025-09-05 02:00:00,3552.54,3555.42,3546.04,3550.85,6842.0
2025-09-05 03:00:00,3550.85,3559.14,3548.69,3558.39,5705.0
2025-09-05 04:00:00,3558.39,3559.1,3556.28,3558.49,4201.0
2025-09-05 05:00:00,3558.52,3561.02,3555.78,3557.82,5480.0
2025-09-05 06:00:00,3557.86,3558.14,3548.39,3552.54,7871.0
2025-09-05 07:00:00,3552.59,3554.33,3546.63,3548.2,6990.0
2025-09-05 08:00:00,3548.0,3549.91,3544.88,3546.07,6161.0
2025-09-05 09:00:00,3546.07,3553.89,3546.02,3552.46,5542.0
2025-09-05 10:00:00,3552.49,3553.0,3549.46,3551.9,4697.0
2025-09-05 11:00:00,3551.9,3555.16,3547.85,3553.27,5962.0
2025-09-05 12:00:00,3553.42,3586.85,3548.82,3580.29,15266.0
2025-09-05 13:00:00,3580.42,3595.27,3573.25,3594.42,16787.0
2025-09-05 14:00:00,3594.31,3598.03,3573.4,3590.31,16628.0
2025-09-05 15:00:00,3590.2,3595.52,3581.86,3591.92,12901.0
2025-09-05 16:00:00,3591.96,3600.12,3591.14,3595.27,11164.0
2025-09-05 17:00:00,3595.34,3597.49,3590.45,3596.51,9387.0
2025-09-05 18:00:00,3596.58,3597.35,3592.57,3595.59,7509.0
2025-09-05 19:00:00,3595.59,3596.16,3592.69,3594.77,7838.0
2025-09-05 20:00:00,3594.72,3595.48,3586.31,3586.58,4349.0
2025-09-07 22:00:00,3580.75,3596.68,3578.03,3592.24,9980.0
2025-09-07 23:00:00,3592.46,3594.02,3587.87,3591.24,5412.0
2025-09-08 00:00:00,3591.24,3594.38,3587.04,3594.34,7361.0
2025-09-08 01:00:00,3594.16,3597.12,3584.99,3589.66,10961.0
2025-09-08 02:00:00,3589.66,3594.36,3586.41,3590.67,8777.0
2025-09-08 03:00:00,3590.71,3592.38,3583.0,3583.64,6081.0
2025-09-08 04:00:00,3583.64,3584.82,3579.56,3581.6,4005.0
2025-09-08 05:00:00,3581.54,3591.73,3581.17,3591.25,5502.0
2025-09-08 06:00:00,3591.37,3598.8,3589.45,3598.09,7622.0
2025-09-08 07:00:00,3598.04,3613.6,3596.4,3609.62,8488.0
2025-09-08 08:00:00,3609.51,3617.1,3607.24,3611.22,7133.0
2025-09-08 09:00:00,3611.23,3615.01,3608.64,3613.82,6448.0
2025-09-08 10:00:00,3613.91,3622.5,3613.54,3617.04,6416.0
2025-09-08 11:00:00,3617.05,3620.0,3612.89,3619.93,5746.0
2025-09-08 12:00:00,3619.77,3626.03,3614.9,3624.25,8222.0
2025-09-08 13:00:00,3624.31,3636.95,3620.29,3633.39,14332.0
2025-09-08 14:00:00,3633.46,3640.93,3628.95,3640.74,13286.0
2025-09-08 15:00:00,3640.79,3646.5,3633.24,3639.32,11681.0
2025-09-08 16:00:00,3639.32,3641.79,3635.89,3640.71,8351.0
2025-09-08 17:00:00,3640.72,3641.2,3632.53,3633.38,7565.0
2025-09-08 18:00:00,3633.4,3636.64,3631.88,3636.07,6879.0
2025-09-08 19:00:00,3636.07,3637.7,3632.55,3636.6,6759.0
2025-09-08 20:00:00,3636.6,3638.02,3634.57,3635.75,2680.0
2025-09-08 22:00:00,3636.04,3636.97,3628.9,3629.47,2793.0
2025-09-08 23:00:00,3629.67,3636.09,3628.18,3634.87,3469.0
2025-09-09 00:00:00,3634.87,3640.9,3633.47,3638.54,6243.0
2025-09-09 01:00:00,3638.54,3647.41,3636.06,3646.36,9139.0
2025-09-09 02:00:00,3646.36,3654.49,3644.83,3647.65,9707.0
2025-09-09 03:00:00,3647.56,3651.96,3642.75,3646.02,6979.0
2025-09-09 04:00:00,3646.02,3657.13,3645.82,3655.0,5028.0
2025-09-09 05:00:00,3654.89,3659.31,3652.76,3655.27,6068.0
2025-09-09 06:00:00,3655.36,3656.37,3636.72,3647.62,11441.0
2025-09-09 07:00:00,3647.72,3651.06,3641.7,3644.31,7195.0
2025-09-09 08:00:00,3644.25,3651.09,3641.99,3648.16,8323.0
2025-09-09 09:00:00,3648.22,3656.63,3647.78,3653.64,6193.0
2025-09-09 10:00:00,3653.64,3656.02,3648.83,3651.93,4908.0
2025-09-09 11:00:00,3651.98,3654.27,3646.87,3648.04,5280.0
2025-09-09 12:00:00,3648.1,3655.42,3643.75,3647.51,10578.0
2025-09-09 13:00:00,3647.59,3668.26,3646.44,3666.2,14125.0
2025-09-09 14:00:00,3665.96,3674.86,3636.24,3645.04,18562.0
2025-09-09 15:00:00,3645.12,3646.58,3626.98,3645.6,13981.0
2025-09-09 16:00:00,3645.59,3649.51,3644.22,3645.14,9413.0
2025-09-09 17:00:00,3645.12,3646.54,3641.32,3642.85,7402.0
2025-09-09 18:00:00,3642.85,3645.1,3639.83,3640.44,6118.0
2025-09-09 19:00:00,3640.51,3641.31,3628.56,3629.42,8364.0
2025-09-09 20:00:00,3629.32,3632.91,3626.1,3626.28,3746.0
2025-09-09 22:00:00,3619.8,3635.84,3618.79,3635.45,5395.0
2025-09-09 23:00:00,3635.43,3640.85,3633.4,3633.55,4536.0
2025-09-10 00:00:00,3633.58,3634.44,3621.54,3623.99,6591.0
2025-09-10 01:00:00,3624.02,3632.74,3620.47,3630.79,9623.0
2025-09-10 02:00:00,3630.79,3638.27,3630.18,3636.33,6738.0
2025-09-10 03:00:00,3636.33,3637.11,3633.17,3636.62,4393.0
2025-09-10 04:00:00,3636.62,3643.25,3636.56,3642.93,4074.0
2025-09-10 05:00:00,3642.93,3645.34,3639.89,3642.96,4771.0
2025-09-10 06:00:00,3642.99,3647.64,3640.85,3643.79,7223.0
2025-09-10 07:00:00,3643.97,3648.44,3641.21,3644.03,7266.0
2025-09-10 08:00:00,3644.12,3647.7,3641.94,3645.82,6517.0
2025-09-10 09:00:00,3645.83,3656.05,3644.99,3655.21,5628.0
2025-09-10 10:00:00,3655.21,3657.63,3651.61,3655.35,6403.0
2025-09-10 11:00:00,3655.36,3656.42,3648.53,3649.35,6981.0
2025-09-10 12:00:00,3649.34,3657.52,3640.4,3644.16,11622.0
2025-09-10 13:00:00,3644.19,3654.0,3642.27,3651.25,13107.0
2025-09-10 14:00:00,3651.25,3655.46,3643.93,3647.72,12107.0
2025-09-10 15:00:00,3647.82,3648.66,3638.68,3644.44,10162.0
2025-09-10 16:00:00,3644.41,3646.88,3639.93,3642.88,7995.0
2025-09-10 17:00:00,3642.92,3647.64,3641.74,3647.48,6536.0
2025-09-10 18:00:00,3647.5,3649.68,3644.63,3645.43,5648.0
2025-09-10 19:00:00,3645.45,3646.28,3635.22,3642.01,7089.0
2025-09-10 20:00:00,3641.97,3642.88,3638.0,3640.6,2688.0
2025-09-10 22:00:00,3642.14,3644.49,3637.96,3639.81,2490.0
2025-09-10 23:00:00,3639.94,3645.52,3638.61,3644.95,2600.0
2025-09-11 00:00:00,3644.96,3647.08,3642.64,3643.96,5052.0
2025-09-11 01:00:00,3643.96,3649.03,3639.89,3641.11,6287.0
2025-09-11 02:00:00,3641.11,3643.52,3634.38,3637.32,5550.0
2025-09-11 03:00:00,3637.31,3637.36,3629.88,3631.97,5427.0
2025-09-11 04:00:00,3631.97,3634.36,3630.18,3630.7,3306.0
2025-09-11 05:00:00,3630.71,3633.41,3623.45,3625.17,7701.0
2025-09-11 06:00:00,3625.19,3638.06,3622.87,3633.29,7829.0
2025-09-11 07:00:00,3633.29,3633.38,3623.91,3629.88,7442.0
2025-09-11 08:00:00,3629.91,3631.87,3625.48,3626.23,5263.0
2025-09-11 09:00:00,3626.23,3626.23,3614.24,3621.9,7392.0
2025-09-11 10:00:00,3621.92,3624.89,3619.76,3621.95,5141.0
2025-09-11 11:00:00,3621.95,3622.2,3615.42,3616.85,5831.0
2025-09-11 12:00:00,3616.92,3643.95,3613.13,3628.99,13204.0
2025-09-11 13:00:00,3629.43,3637.1,3618.39,3630.25,15837.0
2025-09-11 14:00:00,3630.02,3637.87,3626.14,3629.59,12573.0
2025-09-11 15:00:00,3629.62,3639.06,3629.62,3633.17,9259.0
2025-09-11 16:00:00,3633.14,3641.99,3633.14,3636.22,8810.0
2025-09-11 17:00:00,3636.33,3636.65,3631.87,3635.09,6835.0
2025-09-11 18:00:00,3635.17,3637.12,3630.44,3632.34,5681.0
2025-09-11 19:00:00,3632.35,3637.54,3632.19,3637.02,5779.0
2025-09-11 20:00:00,3636.92,3637.72,3633.04,3633.96,1879.0
2025-09-11 22:00:00,3633.71,3638.3,3633.17,3634.89,1620.0
2025-09-11 23:00:00,3634.89,3636.15,3631.57,3631.9,2067.0
2025-09-12 00:00:00,3631.9,3638.0,3630.53,3636.52,4818.0
2025-09-12 01:00:00,3636.65,3647.56,3636.54,3646.37,9724.0
2025-09-12 02:00:00,3646.37,3650.89,3644.91,3648.98,7121.0
2025-09-12 03:00:00,3648.97,3653.25,3646.59,3652.95,5185.0
2025-09-12 04:00:00,3652.95,3656.14,3651.52,3654.96,4172.0
2025-09-12 05:00:00,3654.96,3656.69,3652.05,3653.16,5109.0
2025-09-12 06:00:00,3653.23,3654.17,3648.3,3650.56,5992.0
2025-09-12 07:00:00,3650.73,3653.86,3647.85,3648.4,5710.0
2025-09-12 08:00:00,3648.38,3651.27,3639.71,3641.09,7812.0
2025-09-12 09:00:00,3641.01,3647.06,3637.68,3646.55,7049.0
2025-09-12 10:00:00,3646.55,3652.15,3646.31,3651.22,5316.0
2025-09-12 11:00:00,3651.22,3652.07,3646.85,3647.06,5363.0
2025-09-12 12:00:00,3647.09,3648.92,3638.31,3645.44,9641.0
2025-09-12 13:00:00,3645.58,3652.59,3643.29,3650.49,10819.0
2025-09-12 14:00:00,3650.33,3654.27,3647.4,3648.03,9422.0
2025-09-12 15:00:00,3648.12,3648.32,3641.84,3644.44,7879.0
2025-09-12 16:00:00,3644.48,3649.65,3642.53,3649.22,5213.0
2025-09-12 17:00:00,3649.23,3650.74,3647.51,3648.8,4764.0
2025-09-12 18:00:00,3648.8,3649.49,3647.02,3648.43,4039.0
2025-09-12 19:00:00,3648.43,3648.48,3643.64,3644.24,4400.0
2025-09-12 20:00:00,3644.21,3645.53,3641.19,3642.65,3361.0
2025-09-14 22:00:00,3644.15,3646.3,3639.88,3642.23,3498.0
2025-09-14 23:00:00,3642.26,3642.26,3636.88,3638.21,2832.0
2025-09-15 00:00:00,3638.21,3642.58,3632.09,3633.43,5538.0
2025-09-15 01:00:00,3633.43,3634.86,3626.52,3634.47,8034.0
2025-09-15 02:00:00,3634.49,3645.38,3634.38,3641.07,6839.0
2025-09-15 03:00:00,3641.07,3646.47,3640.15,3646.04,4601.0
2025-09-15 04:00:00,3646.04,3647.0,3643.63,3645.79,2919.0
2025-09-15 05:00:00,3645.79,3646.2,3642.4,3643.8,3865.0
2025-09-15 06:00:00,3643.75,3644.03,3636.65,3636.65,6236.0
2025-09-15 07:00:00,3636.53,3644.99,3633.7,3643.87,7216.0
2025-09-15 08:00:00,3643.78,3645.73,3640.93,3645.46,5628.0
2025-09-15 09:00:00,3645.46,3645.94,3635.75,3641.29,6076.0
2025-09-15 10:00:00,3641.31,3646.4,3639.22,3640.0,6449.0
2025-09-15 11:00:00,3640.08,3646.79,3639.08,3642.66,6118.0
2025-09-15 12:00:00,3642.66,3650.91,3636.93,3650.36,9445.0
2025-09-15 13:00:00,3650.35,3664.26,3646.94,3657.14,11022.0
2025-09-15 14:00:00,3657.1,3663.91,3653.97,3663.54,9565.0
2025-09-15 15:00:00,3663.63,3681.88,3663.05,3680.52,9073.0
2025-09-15 16:00:00,3680.5,3685.63,3674.8,3679.24,9304.0
2025-09-15 17:00:00,3679.27,3682.64,3678.66,3681.71,6363.0
2025-09-15 18:00:00,3681.71,3682.12,3675.86,3676.95,5533.0
2025-09-15 19:00:00,3676.95,3682.78,3676.7,3681.04,5995.0
2025-09-15 20:00:00,3681.03,3682.03,3678.6,3678.71,3274.0
2025-09-15 22:00:00,3680.24,3681.28,3676.46,3678.97,2781.0
2025-09-15 23:00:00,3678.97,3680.48,3676.28,3676.97,2315.0
2025-09-16 00:00:00,3676.97,3687.08,3676.36,3686.42,5800.0
2025-09-16 01:00:00,3686.48,3689.58,3677.15,3679.46,8367.0
2025-09-16 02:00:00,3679.34,3682.74,3674.62,3677.74,7344.0
2025-09-16 03:00:00,3677.74,3683.16,3677.06,3681.09,5183.0
2025-09-16 04:00:00,3681.1,3685.36,3680.19,3684.3,3268.0
2025-09-16 05:00:00,3684.3,3684.57,3680.28,3682.73,4343.0
2025-09-16 06:00:00,3682.74,3694.18,3681.74,3693.43,7011.0
2025-09-16 07:00:00,3693.4,3694.1,3686.32,3686.57,6973.0
2025-09-16 08:00:00,3686.57,3697.16,3686.29,3694.37,6311.0
2025-09-16 09:00:00,3694.39,3698.97,3693.04,3698.39,5580.0
2025-09-16 10:00:00,3698.33,3698.79,3692.85,3693.22,5187.0
2025-09-16 11:00:00,3693.22,3699.44,3690.57,3697.16,7216.0
2025-09-16 12:00:00,3697.3,3697.5,3686.52,3689.28,10413.0
2025-09-16 13:00:00,3689.27,3698.57,3685.19,3695.75,12414.0
2025-09-16 14:00:00,3695.54,3703.06,3685.77,3686.36,14324.0
2025-09-16 15:00:00,3686.43,3688.97,3678.9,3686.3,12323.0
2025-09-16 16:00:00,3686.33,3691.27,3684.68,3689.72,9559.0
2025-09-16 17:00:00,3689.73,3691.01,3686.36,3687.73,8203.0
2025-09-16 18:00:00,3687.72,3690.97,3686.49,3690.7,6161.0
2025-09-16 19:00:00,3690.68,3691.07,3687.76,3689.65,4837.0
2025-09-16 20:00:00,3689.64,3693.8,3689.32,3689.74,2245.0
2025-09-16 22:00:00,3689.52,3692.86,3689.22,3691.95,1810.0
2025-09-16 23:00:00,3691.98,3695.17,3691.78,3694.25,2672.0
2025-09-17 00:00:00,3694.24,3695.32,3691.14,3691.3,3852.0
2025-09-17 01:00:00,3691.26,3692.01,3676.08,3679.55,9964.0
2025-09-17 02:00:00,3679.43,3683.85,3674.4,3682.17,9150.0
2025-09-17 03:00:00,3682.19,3683.49,3679.9,3681.78,4296.0
2025-09-17 04:00:00,3681.78,3682.55,3680.41,3680.73,2450.0
2025-09-17 05:00:00,3680.73,3685.86,3675.9,3679.22,6574.0
2025-09-17 06:00:00,3679.3,3680.06,3670.49,3675.09,7721.0
2025-09-17 07:00:00,3675.1,3677.3,3666.6,3667.14,7881.0
2025-09-17 08:00:00,3667.09,3667.96,3662.67,3664.9,7850.0
2025-09-17 09:00:00,3664.87,3670.94,3663.93,3667.9,6794.0
2025-09-17 10:00:00,3667.85,3669.78,3660.45,3661.46,8151.0
2025-09-17 11:00:00,3661.45,3669.86,3660.05,3665.99,8962.0
2025-09-17 12:00:00,3666.02,3679.31,3665.69,3678.71,9437.0
2025-09-17 13:00:00,3678.77,3682.62,3672.89,3678.84,12001.0
2025-09-17 14:00:00,3678.72,3686.13,3676.82,3684.3,10582.0
2025-09-17 15:00:00,3684.26,3687.16,3682.88,3684.22,7946.0
2025-09-17 16:00:00,3684.22,3688.61,3684.05,3684.78,6072.0
2025-09-17 17:00:00,3684.78,3687.81,3678.66,3686.7,7214.0
2025-09-17 18:00:00,3686.7,3707.52,3646.22,3650.38,22227.0
2025-09-17 19:00:00,3650.73,3666.92,3646.27,3661.93,17725.0
2025-09-17 20:00:00,3661.91,3661.98,3656.35,3659.84,4590.0
2025-09-17 22:00:00,3659.0,3665.4,3654.59,3662.94,4102.0
2025-09-17 23:00:00,3662.93,3672.0,3662.21,3669.2,4135.0
2025-09-18 00:00:00,3669.29,3670.0,3658.16,3665.27,6709.0
2025-09-18 01:00:00,3665.36,3668.78,3651.84,3657.16,11649.0
2025-09-18 02:00:00,3657.2,3665.87,3655.51,3664.82,6724.0
2025-09-18 03:00:00,3664.82,3666.08,3657.87,3658.46,4716.0
2025-09-18 04:00:00,3658.57,3659.29,3653.48,3653.7,4502.0
2025-09-18 05:00:00,3653.71,3659.18,3649.54,3651.55,7421.0
2025-09-18 06:00:00,3651.58,3651.99,3633.96,3637.51,11749.0
2025-09-18 07:00:00,3637.5,3659.87,3635.57,3658.93,9665.0
2025-09-18 08:00:00,3658.98,3665.77,3653.76,3665.54,7460.0
2025-09-18 09:00:00,3665.53,3672.98,3664.63,3671.79,7813.0
2025-09-18 10:00:00,3671.78,3672.52,3665.64,3667.19,6089.0
2025-09-18 11:00:00,3667.19,3670.95,3664.43,3667.2,6632.0
2025-09-18 12:00:00,3667.29,3672.45,3663.05,3663.36,9315.0
2025-09-18 13:00:00,3663.26,3664.21,3628.03,3642.25,14656.0
2025-09-18 14:00:00,3642.33,3646.45,3634.36,3638.48,13758.0
2025-09-18 15:00:00,3638.48,3642.32,3636.91,3641.41,8362.0
2025-09-18 16:00:00,3641.4,3647.27,3640.93,3646.24,6770.0
2025-09-18 17:00:00,3646.24,3646.8,3643.38,3643.57,6081.0
2025-09-18 18:00:00,3643.58,3643.62,3640.5,3641.47,4862.0
2025-09-18 19:00:00,3641.42,3647.12,3640.7,3646.71,5220.0
2025-09-18 20:00:00,3646.82,3647.08,3643.74,3644.36,1958.0
2025-09-18 22:00:00,3644.08,3644.27,3639.42,3640.24,1784.0
2025-09-18 23:00:00,3640.24,3641.86,3637.76,3640.2,2512.0
2025-09-19 00:00:00,3640.21,3642.76,3636.27,3640.1,4901.0
2025-09-19 01:00:00,3640.1,3651.28,3632.32,3639.84,8980.0
2025-09-19 02:00:00,3639.84,3650.08,3638.96,3647.31,8047.0
2025-09-19 03:00:00,3647.29,3656.25,3645.44,3653.7,6568.0
2025-09-19 04:00:00,3653.68,3660.0,3653.68,3658.86,5686.0
2025-09-19 05:00:00,3658.85,3661.2,3651.57,3652.54,6413.0
2025-09-19 06:00:00,3652.48,3654.18,3643.36,3647.04,8162.0
2025-09-19 07:00:00,3647.16,3657.58,3644.48,3654.06,7272.0
2025-09-19 08:00:00,3653.99,3656.66,3649.65,3655.79,6169.0
2025-09-19 09:00:00,3655.79,3658.78,3655.25,3658.57,4696.0
2025-09-19 10:00:00,3658.57,3659.21,3655.15,3655.96,3961.0
2025-09-19 11:00:00,3655.79,3655.93,3645.74,3648.49,6761.0
2025-09-19 12:00:00,3648.49,3651.9,3644.55,3649.29,8090.0
2025-09-19 13:00:00,3649.14,3664.42,3643.65,3663.39,11371.0
2025-09-19 14:00:00,3663.44,3669.35,3656.38,3666.95,11839.0
2025-09-19 15:00:00,3667.01,3675.88,3665.32,3670.77,10156.0
2025-09-19 16:00:00,3670.74,3673.33,3666.42,3668.25,6888.0
2025-09-19 17:00:00,3668.21,3679.46,3668.04,3678.63,6833.0
2025-09-19 18:00:00,3678.65,3684.08,3678.18,3683.64,6778.0
2025-09-19 19:00:00,3683.64,3685.31,3681.39,3684.4,6060.0
2025-09-19 20:00:00,3684.36,3685.5,3680.8,3685.12,2955.0
2025-09-21 22:00:00,3687.44,3692.2,3683.7,3688.37,4737.0
2025-09-21 23:00:00,3688.33,3690.45,3685.75,3686.24,3676.0
2025-09-22 00:00:00,3686.11,3690.98,3685.76,3690.84,5044.0
2025-09-22 01:00:00,3690.84,3696.91,3686.75,3689.47,9989.0
2025-09-22 02:00:00,3689.39,3693.4,3685.59,3686.52,6599.0
2025-09-22 03:00:00,3686.51,3697.49,3686.09,3695.52,6233.0
2025-09-22 04:00:00,3695.52,3695.9,3690.1,3692.26,3860.0
2025-09-22 05:00:00,3692.26,3700.28,3692.01,3697.07,5691.0
2025-09-22 06:00:00,3697.07,3719.96,3695.62,3714.5,10163.0
2025-09-22 07:00:00,3714.4,3716.4,3708.65,3713.24,8267.0
2025-09-22 08:00:00,3712.98,3722.57,3712.45,3720.31,7051.0
2025-09-22 09:00:00,3720.31,3726.63,3719.28,3723.26,6325.0
2025-09-22 10:00:00,3723.29,3728.36,3721.06,3727.51,5999.0
2025-09-22 11:00:00,3727.57,3728.33,3721.28,3724.63,6284.0
2025-09-22 12:00:00,3724.68,3725.47,3712.22,3721.69,9747.0
2025-09-22 13:00:00,3721.7,3725.52,3713.74,3722.36,13431.0
2025-09-22 14:00:00,3722.4,3726.32,3716.92,3725.9,12034.0
2025-09-22 15:00:00,3725.99,3736.3,3723.67,3736.12,9913.0
2025-09-22 16:00:00,3736.13,3739.54,3735.25,3737.13,8195.0
2025-09-22 17:00:00,3737.13,3747.24,3737.13,3746.61,7816.0
2025-09-22 18:00:00,3746.61,3748.05,3744.65,3747.65,5640.0
2025-09-22 19:00:00,3747.64,3748.81,3742.4,3747.66,6057.0
2025-09-22 20:00:00,3747.6,3748.57,3745.45,3746.68,2789.0
2025-09-22 22:00:00,3745.81,3747.71,3738.3,3739.97,2872.0
2025-09-22 23:00:00,3740.01,3749.2,3739.1,3747.86,4205.0
2025-09-23 00:00:00,3747.93,3750.68,3744.97,3747.23,5428.0
2025-09-23 01:00:00,3747.23,3759.28,3745.75,3754.68,10338.0
2025-09-23 02:00:00,3754.67,3755.47,3736.68,3742.0,10111.0
2025-09-23 03:00:00,3741.92,3747.27,3739.12,3746.69,6954.0
2025-09-23 04:00:00,3746.69,3747.57,3743.32,3744.76,4209.0
2025-09-23 05:00:00,3744.7,3758.78,3743.29,3753.22,6947.0
2025-09-23 06:00:00,3753.14,3757.39,3751.38,3753.93,8358.0
2025-09-23 07:00:00,3753.8,3757.42,3748.94,3753.46,8068.0
2025-09-23 08:00:00,3753.47,3775.26,3753.12,3774.41,9305.0
2025-09-23 09:00:00,3774.41,3791.14,3774.27,3784.86,10469.0
2025-09-23 10:00:00,3784.83,3787.88,3780.84,3783.0,6807.0
2025-09-23 11:00:00,3782.96,3788.8,3779.71,3783.5,8579.0
2025-09-23 12:00:00,3783.66,3785.37,3777.57,3784.26,10254.0
2025-09-23 13:00:00,3784.32,3788.66,3774.23,3783.86,13663.0
2025-09-23 14:00:00,3783.86,3784.92,3767.67,3774.11,13740.0
2025-09-23 15:00:00,3774.16,3782.11,3772.92,3779.32,9337.0
2025-09-23 16:00:00,3779.32,3782.01,3765.08,3779.34,11218.0
2025-09-23 17:00:00,3779.41,3785.75,3775.92,3777.49,10178.0
2025-09-23 18:00:00,3777.58,3781.48,3756.24,3756.8,9066.0
2025-09-23 19:00:00,3756.76,3768.22,3752.08,3764.42,12317.0
2025-09-23 20:00:00,3764.43,3767.47,3762.59,3764.07,3874.0
2025-09-23 22:00:00,3765.48,3767.52,3761.68,3765.49,2169.0
2025-09-23 23:00:00,3765.41,3770.03,3761.98,3763.82,3831.0
2025-09-24 00:00:00,3763.81,3765.59,3758.91,3765.21,5926.0
2025-09-24 01:00:00,3765.21,3771.84,3755.12,3756.49,9967.0
2025-09-24 02:00:00,3756.53,3759.32,3750.63,3756.94,7785.0
2025-09-24 03:00:00,3756.94,3766.53,3752.22,3765.36,6845.0
2025-09-24 04:00:00,3765.36,3768.32,3763.24,3768.23,4291.0
2025-09-24 05:00:00,3768.25,3777.0,3768.02,3774.89,6448.0
2025-09-24 06:00:00,3774.92,3776.11,3769.18,3771.24,7561.0
2025-09-24 07:00:00,3771.5,3779.25,3770.7,3777.49,7089.0
2025-09-24 08:00:00,3777.49,3777.84,3767.11,3770.13,6443.0
2025-09-24 09:00:00,3770.06,3771.75,3763.16,3768.49,5863.0
2025-09-24 10:00:00,3768.45,3768.68,3759.94,3762.23,5907.0
2025-09-24 11:00:00,3762.21,3769.61,3759.74,3769.03,6500.0
2025-09-24 12:00:00,3769.09,3771.49,3764.11,3768.06,9929.0
2025-09-24 13:00:00,3768.04,3772.87,3759.07,3761.47,11820.0
2025-09-24 14:00:00,3761.55,3765.13,3749.73,3752.8,13512.0
2025-09-24 15:00:00,3752.84,3756.62,3739.83,3741.14,10787.0
2025-09-24 16:00:00,3741.11,3745.32,3732.27,3735.81,10313.0
2025-09-24 17:00:00,3735.75,3738.87,3732.5,3733.2,7020.0
2025-09-24 18:00:00,3733.18,3734.06,3722.86,3724.27,7789.0
2025-09-24 19:00:00,3724.27,3731.81,3717.57,3730.12,8753.0
2025-09-24 20:00:00,3730.1,3737.38,3729.98,3735.9,3512.0
2025-09-24 22:00:00,3736.0,3745.14,3736.0,3741.16,3514.0
2025-09-24 23:00:00,3741.16,3745.36,3739.11,3743.03,3014.0
2025-09-25 00:00:00,3743.03,3751.56,3741.47,3749.0,6717.0
2025-09-25 01:00:00,3748.84,3750.44,3733.04,3736.06,9053.0
2025-09-25 02:00:00,3736.0,3742.49,3729.66,3739.71,7912.0
2025-09-25 03:00:00,3739.69,3739.72,3734.47,3736.65,5629.0
2025-09-25 04:00:00,3736.65,3740.76,3731.79,3738.2,4150.0
2025-09-25 05:00:00,3738.19,3741.26,3734.16,3738.61,5633.0
2025-09-25 06:00:00,3738.66,3748.29,3737.68,3741.0,7297.0
2025-09-25 07:00:00,3741.11,3755.0,3740.01,3752.33,8481.0
2025-09-25 08:00:00,3752.34,3761.63,3751.26,3756.52,9709.0
2025-09-25 09:00:00,3756.55,3761.18,3750.36,3757.02,7449.0
2025-09-25 10:00:00,3757.06,3760.8,3755.61,3757.15,6329.0
2025-09-25 11:00:00,3757.13,3757.57,3741.17,3753.07,9560.0
2025-09-25 12:00:00,3752.85,3755.82,3730.68,3738.79,13076.0
2025-09-25 13:00:00,3738.81,3745.63,3722.18,3733.81,16182.0
2025-09-25 14:00:00,3733.98,3736.49,3723.71,3731.51,14508.0
2025-09-25 15:00:00,3731.66,3738.82,3728.0,3735.95,11169.0
2025-09-25 16:00:00,3735.95,3742.81,3732.67,3733.74,8512.0
2025-09-25 17:00:00,3733.74,3744.26,3732.36,3741.77,7981.0
2025-09-25 18:00:00,3741.81,3758.27,3736.76,3755.28,10112.0
2025-09-25 19:00:00,3755.28,3756.8,3744.68,3746.73,8173.0
2025-09-25 20:00:00,3746.69,3752.32,3746.21,3749.1,3452.0
2025-09-25 22:00:00,3750.2,3751.57,3746.37,3748.86,2672.0
2025-09-25 23:00:00,3748.86,3749.93,3738.08,3744.81,4428.0
2025-09-26 00:00:00,3744.81,3749.65,3740.15,3749.64,6530.0
2025-09-26 01:00:00,3749.66,3753.23,3737.89,3739.27,9637.0
2025-09-26 02:00:00,3739.26,3742.93,3737.78,3738.49,6411.0
2025-09-26 03:00:00,3738.58,3746.12,3734.55,3745.61,5718.0
2025-09-26 04:00:00,3745.65,3747.78,3744.58,3747.72,3774.0
2025-09-26 05:00:00,3747.72,3749.56,3741.82,3741.96,4274.0
2025-09-26 06:00:00,3741.93,3754.0,3741.5,3743.61,9584.0
2025-09-26 07:00:00,3743.08,3749.62,3739.28,3748.07,8077.0
2025-09-26 08:00:00,3748.07,3755.18,3747.19,3752.96,6420.0
2025-09-26 09:00:00,3752.94,3754.51,3747.2,3751.55,5552.0
2025-09-26 10:00:00,3751.39,3755.01,3743.0,3744.64,5856.0
2025-09-26 11:00:00,3744.69,3752.93,3744.47,3748.73,6546.0
2025-09-26 12:00:00,3748.71,3757.4,3746.68,3752.08,10229.0
2025-09-26 13:00:00,3752.17,3766.24,3751.27,3761.85,15458.0
2025-09-26 14:00:00,3761.68,3783.76,3761.68,3778.94,15160.0
2025-09-26 15:00:00,3778.83,3781.0,3773.17,3780.38,11028.0
2025-09-26 16:00:00,3780.39,3781.19,3771.43,3774.27,9891.0
2025-09-26 17:00:00,3774.29,3783.11,3774.19,3782.92,7427.0
2025-09-26 18:00:00,3783.01,3783.18,3774.74,3778.55,5534.0
2025-09-26 19:00:00,3778.55,3778.56,3764.63,3766.8,7720.0
2025-09-26 20:00:00,3766.77,3769.44,3760.18,3760.58,4216.0
2025-09-28 22:00:00,3756.58,3771.11,3756.37,3770.57,4841.0
2025-09-28 23:00:00,3770.48,3772.44,3766.48,3766.92,4195.0
2025-09-29 00:00:00,3766.89,3787.56,3763.96,3787.11,8314.0
2025-09-29 01:00:00,3787.12,3788.86,3767.98,3778.62,14415.0
2025-09-29 02:00:00,3778.58,3798.74,3777.71,3792.88,11777.0
2025-09-29 03:00:00,3792.9,3799.4,3792.23,3794.48,9089.0
2025-09-29 04:00:00,3794.38,3809.04,3792.57,3805.17,8205.0
2025-09-29 05:00:00,3805.17,3814.6,3801.29,3813.66,10205.0
2025-09-29 06:00:00,3813.68,3819.85,3810.85,3817.44,11483.0
2025-09-29 07:00:00,3817.37,3819.38,3805.04,3806.23,10166.0
2025-09-29 08:00:00,3806.34,3819.55,3806.34,3818.75,9246.0
2025-09-29 09:00:00,3818.74,3819.79,3806.95,3807.59,7532.0
2025-09-29 10:00:00,3807.57,3818.59,3806.49,3817.97,8289.0
2025-09-29 11:00:00,3817.93,3831.41,3816.51,3828.96,9101.0
2025-09-29 12:00:00,3829.02,3830.56,3811.78,3813.64,12769.0
2025-09-29 13:00:00,3813.92,3828.1,3809.34,3821.4,14498.0
2025-09-29 14:00:00,3821.33,3830.55,3816.66,3828.26,13475.0
2025-09-29 15:00:00,3828.29,3833.24,3820.94,3830.4,11246.0
2025-09-29 16:00:00,3830.41,3833.57,3828.16,3830.39,7835.0
2025-09-29 17:00:00,3830.41,3832.87,3824.16,3828.95,8310.0
2025-09-29 18:00:00,3829.19,3830.65,3823.38,3824.54,6512.0
2025-09-29 19:00:00,3824.5,3829.73,3822.64,3828.71,7358.0
2025-09-29 20:00:00,3828.68,3834.11,3827.73,3833.81,3831.0
2025-09-29 22:00:00,3833.4,3833.48,3825.69,3830.79,2898.0
2025-09-29 23:00:00,3830.62,3833.34,3828.15,3832.9,2992.0
2025-09-30 00:00:00,3832.85,3840.72,3831.06,3839.1,8192.0
2025-09-30 01:00:00,3838.97,3850.9,3838.13,3848.18,10699.0
2025-09-30 02:00:00,3848.18,3851.98,3842.65,3848.06,8900.0
2025-09-30 03:00:00,3848.06,3867.24,3845.96,3864.82,8777.0
2025-09-30 04:00:00,3864.79,3867.15,3862.04,3867.12,5627.0
2025-09-30 05:00:00,3867.1,3870.47,3862.62,3869.72,8174.0
2025-09-30 06:00:00,3869.94,3871.72,3854.78,3855.77,10464.0
2025-09-30 07:00:00,3855.76,3859.41,3839.52,3843.85,11545.0
2025-09-30 08:00:00,3843.11,3847.17,3807.68,3816.41,14493.0
2025-09-30 09:00:00,3816.33,3821.47,3793.18,3798.77,12239.0
2025-09-30 10:00:00,3798.75,3814.66,3798.2,3812.13,8772.0
2025-09-30 11:00:00,3812.03,3817.76,3804.53,3815.37,8646.0
2025-09-30 12:00:00,3815.15,3821.66,3808.98,3819.43,10294.0
2025-09-30 13:00:00,3819.42,3829.88,3811.73,3823.92,12628.0
2025-09-30 14:00:00,3823.45,3854.55,3820.41,3854.07,14128.0
2025-09-30 15:00:00,3854.07,3854.13,3831.34,3839.16,12786.0
2025-09-30 16:00:00,3839.01,3847.98,3837.94,3845.95,8769.0
2025-09-30 17:00:00,3846.03,3849.32,3842.69,3844.03,7614.0
2025-09-30 18:00:00,3844.03,3848.93,3839.78,3848.01,6064.0
2025-09-30 19:00:00,3847.99,3860.8,3847.09,3859.01,7573.0
2025-09-30 20:00:00,3859.02,3860.05,3850.66,3858.28,4815.0
2025-09-30 22:00:00,3858.95,3861.59,3854.78,3860.01,4111.0
2025-09-30 23:00:00,3860.2,3863.18,3860.17,3863.05,3323.0
2025-10-01 00:00:00,3863.05,3865.34,3858.7,3860.69,5992.0
2025-10-01 01:00:00,3860.34,3869.02,3859.15,3868.97,6595.0
2025-10-01 02:00:00,3868.91,3875.3,3858.36,3863.48,9207.0
2025-10-01 03:00:00,3863.49,3866.54,3855.62,3862.11,7951.0
2025-10-01 04:00:00,3862.1,3865.05,3857.56,3864.94,5943.0
2025-10-01 05:00:00,3864.94,3869.98,3862.24,3863.47,6778.0
2025-10-01 06:00:00,3863.42,3864.83,3853.3,3859.22,8847.0
2025-10-01 07:00:00,3859.22,3879.6,3859.04,3879.21,10474.0
2025-10-01 08:00:00,3879.22,3895.37,3879.09,3892.97,10953.0
2025-10-01 09:00:00,3893.01,3895.11,3883.62,3888.93,8938.0
2025-10-01 10:00:00,3888.97,3889.64,3885.26,3887.7,7175.0
2025-10-01 11:00:00,3887.72,3888.58,3878.08,3883.67,7471.0
2025-10-01 12:00:00,3883.78,3891.07,3864.57,3870.36,13985.0
2025-10-01 13:00:00,3870.41,3876.99,3863.68,3873.04,13402.0
2025-10-01 14:00:00,3873.04,3878.67,3856.72,3873.06,15275.0
2025-10-01 15:00:00,3872.99,3876.85,3858.1,3868.55,14459.0
2025-10-01 16:00:00,3868.35,3871.55,3860.75,3870.9,9437.0
2025-10-01 17:00:00,3870.92,3871.95,3860.68,3860.86,7985.0
2025-10-01 18:00:00,3860.96,3866.33,3855.12,3862.2,9947.0
2025-10-01 19:00:00,3862.23,3870.96,3861.45,3867.77,7534.0
2025-10-01 20:00:00,3867.79,3867.8,3860.4,3865.54,4287.0
2025-10-01 22:00:00,3866.38,3870.38,3858.59,3862.08,3524.0
2025-10-01 23:00:00,3862.07,3866.61,3857.69,3863.45,4681.0
2025-10-02 00:00:00,3863.47,3863.68,3856.02,3856.14,6497.0
2025-10-02 01:00:00,3856.08,3865.28,3852.9,3865.12,7258.0
2025-10-02 02:00:00,3865.13,3869.98,3861.57,3866.11,5799.0
2025-10-02 03:00:00,3866.09,3869.46,3863.99,3866.66,4245.0
2025-10-02 04:00:00,3866.66,3867.64,3861.94,3864.34,3146.0
2025-10-02 05:00:00,3864.34,3871.24,3864.34,3867.87,4933.0
2025-10-02 06:00:00,3868.04,3874.26,3862.1,3864.2,6691.0
2025-10-02 07:00:00,3864.17,3874.86,3861.93,3868.58,9106.0
2025-10-02 08:00:00,3868.53,3878.67,3864.7,3874.54,6983.0
2025-10-02 09:00:00,3874.51,3879.73,3873.32,3879.14,6748.0
2025-10-02 10:00:00,3879.15,3883.87,3875.88,3881.77,6420.0
2025-10-02 11:00:00,3881.75,3886.74,3879.78,3886.32,6803.0
2025-10-02 12:00:00,3886.38,3892.1,3880.26,3884.46,10378.0
2025-10-02 13:00:00,3884.52,3896.82,3873.61,3875.03,13284.0
2025-10-02 14:00:00,3875.07,3876.95,3825.35,3839.98,17013.0
2025-10-02 15:00:00,3839.89,3844.84,3819.38,3828.44,14825.0
2025-10-02 16:00:00,3828.44,3845.38,3827.33,3845.01,11224.0
2025-10-02 17:00:00,3844.91,3847.76,3840.64,3844.36,8173.0
2025-10-02 18:00:00,3844.37,3851.47,3843.55,3851.0,5978.0
2025-10-02 19:00:00,3851.0,3859.12,3850.61,3855.58,7165.0
2025-10-02 20:00:00,3855.58,3859.33,3853.42,3856.24,2805.0
2025-10-02 22:00:00,3855.58,3858.66,3852.15,3857.22,3063.0
2025-10-02 23:00:00,3857.22,3863.72,3856.89,3862.37,3510.0
2025-10-03 00:00:00,3862.26,3862.55,3856.47,3857.01,5425.0
2025-10-03 01:00:00,3856.96,3862.64,3847.48,3858.45,8333.0
2025-10-03 02:00:00,3858.43,3859.06,3847.72,3848.19,5860.0
2025-10-03 03:00:00,3848.19,3851.06,3838.06,3842.9,7078.0
2025-10-03 04:00:00,3842.89,3848.26,3841.76,3844.04,4887.0
2025-10-03 05:00:00,3844.04,3859.16,3843.9,3855.19,6645.0
2025-10-03 06:00:00,3854.77,3860.99,3850.94,3859.28,6321.0
2025-10-03 07:00:00,3859.41,3865.27,3856.97,3864.3,6126.0
2025-10-03 08:00:00,3864.42,3865.74,3860.18,3864.83,5193.0
2025-10-03 09:00:00,3864.83,3864.92,3857.06,3864.35,4780.0
2025-10-03 10:00:00,3864.36,3867.66,3862.15,3865.82,5608.0
2025-10-03 11:00:00,3865.83,3867.14,3854.82,3862.16,7460.0
2025-10-03 12:00:00,3862.21,3874.9,3860.61,3873.88,8727.0
2025-10-03 13:00:00,3874.09,3890.72,3870.18,3882.68,13092.0
2025-10-03 14:00:00,3885.44,3885.86,3866.39,3879.72,14918.0
2025-10-03 15:00:00,3879.75,3891.67,3873.9,3889.48,11352.0
2025-10-03 16:00:00,3889.53,3889.79,3880.62,3883.85,9095.0
2025-10-03 17:00:00,3883.81,3886.01,3876.9,3881.82,9634.0
2025-10-03 18:00:00,3881.96,3889.24,3880.14,3886.18,8038.0
2025-10-03 19:00:00,3886.14,3889.14,3883.55,3885.7,6599.0
2025-10-03 20:00:00,3885.64,3887.22,3882.69,3886.43,3244.0
2025-10-05 22:00:00,3888.51,3900.13,3884.38,3899.24,7352.0
2025-10-05 23:00:00,3899.34,3920.75,3898.14,3909.64,10337.0
2025-10-06 00:00:00,3909.84,3910.09,3899.05,3900.54,11132.0
2025-10-06 01:00:00,3900.49,3918.43,3899.79,3918.05,8233.0
2025-10-06 02:00:00,3918.09,3924.61,3917.64,3921.09,7369.0
2025-10-06 03:00:00,3921.03,3931.99,3920.0,3929.53,7731.0
2025-10-06 04:00:00,3929.53,3940.22,3928.73,3938.73,8096.0
2025-10-06 05:00:00,3938.73,3945.14,3927.47,3932.59,9311.0
2025-10-06 06:00:00,3932.63,3934.85,3922.26,3934.42,9725.0
2025-10-06 07:00:00,3933.99,3943.9,3929.26,3941.59,10699.0
2025-10-06 08:00:00,3941.66,3949.73,3935.44,3942.55,10546.0
2025-10-06 09:00:00,3942.56,3944.94,3936.69,3942.49,7161.0
2025-10-06 10:00:00,3942.49,3946.55,3932.66,3942.21,7682.0
2025-10-06 11:00:00,3942.21,3942.72,3931.24,3938.34,9726.0
2025-10-06 12:00:00,3938.22,3941.31,3926.58,3934.15,13192.0
2025-10-06 13:00:00,3934.35,3947.07,3927.32,3944.7,13089.0
2025-10-06 14:00:00,3944.48,3958.8,3940.42,3955.1,14002.0
2025-10-06 15:00:00,3955.02,3964.04,3948.27,3962.54,12504.0
2025-10-06 16:00:00,3962.59,3970.04,3945.86,3954.13,12465.0
2025-10-06 17:00:00,3954.27,3959.01,3951.25,3957.9,9047.0
2025-10-06 18:00:00,3958.14,3960.61,3955.91,3958.47,6654.0
2025-10-06 19:00:00,3958.43,3965.18,3958.32,3959.44,6236.0
2025-10-06 20:00:00,3959.32,3962.3,3957.38,3961.0,3098.0
2025-10-06 22:00:00,3960.21,3976.24,3958.57,3963.44,8472.0
2025-10-06 23:00:00,3963.46,3972.74,3961.75,3969.5,6203.0
2025-10-07 00:00:00,3969.55,3977.39,3961.6,3962.76,10160.0
2025-10-07 01:00:00,3962.74,3963.79,3955.86,3958.22,8873.0
2025-10-07 02:00:00,3958.22,3967.0,3957.38,3965.07,6051.0
2025-10-07 03:00:00,3965.01,3974.74,3960.94,3973.46,7125.0
2025-10-07 04:00:00,3973.46,3977.03,3971.5,3975.99,6109.0
2025-10-07 05:00:00,3975.82,3976.83,3960.16,3964.87,9257.0
2025-10-07 06:00:00,3964.92,3966.26,3953.89,3955.05,8845.0
2025-10-07 07:00:00,3955.02,3956.2,3943.34,3945.98,13052.0
2025-10-07 08:00:00,3945.77,3953.87,3940.86,3951.37,9849.0
2025-10-07 09:00:00,3951.37,3963.52,3951.18,3955.22,8652.0
2025-10-07 10:00:00,3955.22,3962.74,3954.08,3960.01,6660.0
2025-10-07 11:00:00,3960.15,3969.06,3956.36,3966.96,7409.0
2025-10-07 12:00:00,3966.88,3980.06,3964.42,3979.52,11313.0
2025-10-07 13:00:00,3979.4,3985.65,3970.48,3979.33,14128.0
2025-10-07 14:00:00,3979.28,3986.74,3969.08,3985.58,14945.0
2025-10-07 15:00:00,3985.6,3991.06,3961.82,3966.13,16132.0
2025-10-07 16:00:00,3966.35,3979.56,3963.17,3976.7,14759.0
2025-10-07 17:00:00,3976.85,3987.81,3976.51,3980.82,11624.0
2025-10-07 18:00:00,3980.81,3983.86,3974.2,3981.12,10761.0
2025-10-07 19:00:00,3981.12,3983.38,3978.58,3980.18,8754.0
2025-10-07 20:00:00,3980.24,3986.5,3980.24,3984.28,3947.0
2025-10-07 22:00:00,3984.03,3990.77,3983.32,3989.62,3800.0
2025-10-07 23:00:00,3989.62,3996.05,3988.33,3994.31,5129.0
2025-10-08 00:00:00,3994.3,3999.28,3989.53,3992.32,8621.0
2025-10-08 01:00:00,3992.32,4000.58,3984.5,4000.54,10341.0
2025-10-08 02:00:00,4000.46,4011.94,3995.58,4011.92,8602.0
2025-10-08 03:00:00,4011.89,4016.52,4008.91,4014.83,7350.0
2025-10-08 04:00:00,4014.82,4027.19,4014.73,4026.79,8277.0
2025-10-08 05:00:00,4026.62,4037.11,4024.7,4029.15,9869.0
2025-10-08 06:00:00,4029.18,4033.18,4021.28,4031.69,10552.0
2025-10-08 07:00:00,4031.7,4039.09,4030.16,4034.27,10188.0
2025-10-08 08:00:00,4034.26,4040.49,4033.27,4036.37,8371.0
2025-10-08 09:00:00,4036.37,4049.6,4030.78,4049.3,8810.0
2025-10-08 10:00:00,4049.29,4049.57,4033.59,4037.15,9392.0
2025-10-08 11:00:00,4037.15,4038.23,4032.17,4038.22,8376.0
2025-10-08 12:00:00,4037.98,4046.46,4031.18,4040.0,11792.0
2025-10-08 13:00:00,4039.94,4049.48,4026.34,4038.24,14862.0
2025-10-08 14:00:00,4037.97,4049.16,4035.7,4048.19,13244.0
2025-10-08 15:00:00,4048.24,4050.63,4037.24,4045.68,12433.0
2025-10-08 16:00:00,4045.69,4059.16,4044.38,4056.61,11406.0
2025-10-08 17:00:00,4056.62,4058.05,4043.08,4051.23,10167.0
2025-10-08 18:00:00,4051.33,4053.34,4038.66,4049.99,11359.0
2025-10-08 19:00:00,4050.19,4054.67,4032.04,4045.15,13640.0
2025-10-08 20:00:00,4045.11,4046.44,4038.58,4041.38,5289.0
2025-10-08 22:00:00,4041.15,4045.12,4015.4,4021.32,6520.0
2025-10-08 23:00:00,4021.41,4022.06,4001.45,4011.81,9933.0
2025-10-09 00:00:00,4011.81,4028.16,4008.89,4023.0,10160.0
2025-10-09 01:00:00,4023.06,4036.39,4008.26,4019.79,14800.0
2025-10-09 02:00:00,4019.79,4021.41,4002.7,4018.68,10917.0
2025-10-09 03:00:00,4018.64,4029.52,4017.23,4026.99,7200.0
2025-10-09 04:00:00,4026.99,4041.14,4026.99,4038.99,6433.0
2025-10-09 05:00:00,4038.99,4043.77,4034.38,4039.81,8079.0
2025-10-09 06:00:00,4039.81,4040.91,4022.66,4026.07,9885.0
2025-10-09 07:00:00,4026.1,4032.82,4024.85,4031.5,10036.0
2025-10-09 08:00:00,4031.49,4040.42,4030.2,4038.19,8071.0
2025-10-09 09:00:00,4038.19,4042.03,4034.24,4037.55,7210.0
2025-10-09 10:00:00,4037.57,4044.25,4036.4,4044.22,5373.0
2025-10-09 11:00:00,4044.27,4046.63,4033.59,4044.41,8237.0
2025-10-09 12:00:00,4044.42,4053.64,4037.46,4053.44,10618.0
2025-10-09 13:00:00,4053.5,4057.99,4017.57,4017.68,17019.0
2025-10-09 14:00:00,4017.76,4029.25,4004.44,4024.09,18292.0
2025-10-09 15:00:00,4023.72,4028.69,4006.55,4014.55,15948.0
2025-10-09 16:00:00,4014.52,4021.61,3964.25,3968.79,15597.0
2025-10-09 17:00:00,3969.25,3974.58,3945.14,3950.6,17638.0
2025-10-09 18:00:00,3950.41,3968.72,3949.84,3957.54,12877.0
2025-10-09 19:00:00,3957.75,3982.07,3955.22,3973.14,11891.0
2025-10-09 20:00:00,3973.14,3979.11,3972.95,3975.96,4784.0
2025-10-09 22:00:00,3976.2,3981.4,3958.54,3975.37,5636.0
2025-10-09 23:00:00,3975.4,3990.98,3974.37,3989.77,6301.0
2025-10-10 00:00:00,3989.73,3994.5,3985.56,3990.99,7944.0
2025-10-10 01:00:00,3990.98,3992.36,3969.89,3973.33,12671.0
2025-10-10 02:00:00,3973.33,3986.73,3973.33,3978.66,8988.0
2025-10-10 03:00:00,3978.59,3979.29,3960.86,3961.95,10065.0
2025-10-10 04:00:00,3961.95,3966.76,3947.16,3966.29,9610.0
2025-10-10 05:00:00,3966.25,3977.74,3965.66,3974.85,9892.0
2025-10-10 06:00:00,3974.71,3976.15,3962.63,3968.3,11330.0
2025-10-10 07:00:00,3968.38,3976.25,3952.52,3972.11,12197.0
2025-10-10 08:00:00,3972.14,3994.5,3970.27,3992.05,10424.0
2025-10-10 09:00:00,3991.99,4006.8,3990.35,3995.86,10627.0
2025-10-10 10:00:00,3995.65,4000.22,3990.87,3993.81,9467.0
2025-10-10 11:00:00,3993.81,3999.81,3983.43,3987.18,9844.0
2025-10-10 12:00:00,3987.21,3993.47,3980.18,3985.8,11404.0
2025-10-10 13:00:00,3985.79,3998.05,3975.41,3980.63,15737.0
2025-10-10 14:00:00,3980.37,3994.12,3970.79,3990.12,15598.0
2025-10-10 15:00:00,3989.98,4022.94,3988.07,3998.09,20333.0
2025-10-10 16:00:00,3998.0,3998.81,3977.3,3983.46,17405.0
2025-10-10 17:00:00,3983.67,3992.24,3975.24,3989.99,14672.0
2025-10-10 18:00:00,3990.13,4009.12,3984.34,3999.08,12970.0
2025-10-10 19:00:00,3999.06,4021.42,3996.26,4011.27,13048.0
2025-10-10 20:00:00,4011.16,4020.66,4006.02,4012.42,7901.0
2025-10-12 22:00:00,4000.75,4045.28,3995.79,4042.52,9572.0
2025-10-12 23:00:00,4042.5,4059.76,4032.2,4035.18,10062.0
2025-10-13 00:00:00,4035.18,4059.54,4024.68,4043.92,13335.0
2025-10-13 01:00:00,4043.78,4055.03,4035.9,4053.06,12639.0
2025-10-13 02:00:00,4053.06,4055.7,4041.82,4048.07,8873.0
2025-10-13 03:00:00,4048.05,4056.44,4046.39,4052.08,7934.0
2025-10-13 04:00:00,4052.08,4059.41,4051.24,4056.31,5905.0
2025-10-13 05:00:00,4056.32,4078.09,4055.24,4063.26,10961.0
2025-10-13 06:00:00,4063.33,4073.74,4059.54,4069.5,11377.0
2025-10-13 07:00:00,4069.01,4077.39,4066.4,4071.31,9420.0
2025-10-13 08:00:00,4071.33,4079.13,4069.06,4077.79,8620.0
2025-10-13 09:00:00,4077.79,4079.79,4070.36,4077.32,7439.0
2025-10-13 10:00:00,4077.32,4085.02,4071.39,4081.05,7786.0
2025-10-13 11:00:00,4080.94,4084.9,4073.74,4074.01,8060.0
2025-10-13 12:00:00,4074.08,4086.03,4073.33,4079.66,10581.0
2025-10-13 13:00:00,4079.8,4095.78,4078.16,4094.13,13759.0
2025-10-13 14:00:00,4094.02,4103.94,4090.68,4097.4,12959.0
2025-10-13 15:00:00,4097.38,4107.43,4091.74,4104.93,10953.0
2025-10-13 16:00:00,4104.93,4117.08,4103.65,4105.67,11118.0
2025-10-13 17:00:00,4105.67,4115.39,4100.18,4103.7,11017.0
2025-10-13 18:00:00,4103.7,4107.52,4099.18,4101.77,8907.0
2025-10-13 19:00:00,4101.76,4111.04,4090.94,4108.67,9945.0
2025-10-13 20:00:00,4108.62,4112.55,4106.13,4110.41,4031.0
2025-10-13 22:00:00,4110.48,4115.72,4106.7,4114.89,4818.0
2025-10-13 23:00:00,4114.52,4131.97,4112.98,4127.91,8138.0
2025-10-14 00:00:00,4127.82,4130.23,4119.57,4124.82,9555.0
2025-10-14 01:00:00,4124.74,4149.89,4123.58,4137.16,14460.0
2025-10-14 02:00:00,4137.17,4149.92,4136.9,4146.04,10644.0
2025-10-14 03:00:00,4146.01,4166.49,4145.24,4163.28,11283.0
2025-10-14 04:00:00,4163.3,4169.98,4156.08,4168.12,9816.0
2025-10-14 05:00:00,4168.12,4179.72,4110.73,4121.27,15246.0
2025-10-14 06:00:00,4121.31,4134.25,4090.44,4112.42,17808.0
2025-10-14 07:00:00,4112.28,4128.17,4102.66,4126.69,13373.0
2025-10-14 08:00:00,4126.48,4145.13,4124.81,4143.97,11786.0
2025-10-14 09:00:00,4144.05,4144.2,4121.78,4127.36,10760.0
2025-10-14 10:00:00,4127.36,4144.26,4125.07,4131.92,10403.0
2025-10-14 11:00:00,4131.97,4137.88,4125.79,4130.49,9232.0
2025-10-14 12:00:00,4130.49,4134.55,4103.62,4106.58,12982.0
2025-10-14 13:00:00,4106.69,4129.54,4097.84,4124.14,17706.0
2025-10-14 14:00:00,4124.01,4137.49,4121.36,4129.24,15969.0
2025-10-14 15:00:00,4129.31,4142.69,4126.16,4138.0,13697.0
2025-10-14 16:00:00,4137.98,4155.15,4128.04,4140.41,14631.0
2025-10-14 17:00:00,4140.07,4153.01,4137.31,4148.12,13345.0
2025-10-14 18:00:00,4148.21,4152.59,4143.19,4148.29,10074.0
2025-10-14 19:00:00,4148.29,4150.51,4134.74,4141.68,11180.0
2025-10-14 20:00:00,4141.77,4146.18,4139.41,4142.14,4699.0
2025-10-14 22:00:00,4142.84,4163.72,4140.78,4158.39,6295.0
2025-10-14 23:00:00,4158.51,4167.39,4157.12,4161.63,5444.0
2025-10-15 00:00:00,4161.5,4169.69,4153.84,4162.49,8758.0
2025-10-15 01:00:00,4162.39,4186.74,4161.99,4181.66,13285.0
2025-10-15 02:00:00,4181.74,4184.55,4167.24,4176.6,10390.0
2025-10-15 03:00:00,4176.64,4190.98,4176.25,4187.14,7924.0
2025-10-15 04:00:00,4187.25,4187.62,4173.29,4179.88,6275.0
2025-10-15 05:00:00,4179.82,4193.66,4176.68,4185.97,9236.0
2025-10-15 06:00:00,4185.96,4200.37,4184.48,4199.44,9787.0
2025-10-15 07:00:00,4199.3,4209.79,4194.6,4207.76,8310.0
2025-10-15 08:00:00,4207.85,4218.32,4207.26,4207.95,8773.0
2025-10-15 09:00:00,4208.05,4212.13,4164.44,4192.55,11773.0
2025-10-15 10:00:00,4192.46,4206.29,4190.38,4202.81,8865.0
2025-10-15 11:00:00,4202.81,4204.26,4193.68,4198.8,7135.0
2025-10-15 12:00:00,4198.81,4202.84,4176.61,4190.77,11226.0
2025-10-15 13:00:00,4190.64,4198.68,4183.02,4192.17,13819.0
2025-10-15 14:00:00,4191.93,4212.41,4191.69,4199.94,13133.0
2025-10-15 15:00:00,4199.79,4203.13,4179.88,4190.63,13864.0
2025-10-15 16:00:00,4190.63,4199.91,4186.35,4198.89,10335.0
2025-10-15 17:00:00,4198.89,4199.63,4182.78,4197.65,12499.0
2025-10-15 18:00:00,4197.64,4204.61,4195.46,4200.87,10691.0
2025-10-15 19:00:00,4200.87,4213.42,4200.59,4210.31,10020.0
2025-10-15 20:00:00,4210.33,4212.79,4206.14,4208.11,5742.0
2025-10-15 22:00:00,4207.7,4215.67,4199.91,4213.4,5881.0
2025-10-15 23:00:00,4213.18,4215.79,4206.22,4209.57,5626.0
2025-10-16 00:00:00,4209.61,4227.42,4204.88,4210.58,9734.0
2025-10-16 01:00:00,4210.52,4233.03,4210.52,4230.25,11586.0
2025-10-16 02:00:00,4230.25,4239.82,4226.08,4239.61,8198.0
2025-10-16 03:00:00,4239.55,4242.15,4229.2,4233.84,8461.0
2025-10-16 04:00:00,4233.74,4239.3,4228.18,4233.67,6808.0
2025-10-16 05:00:00,4233.69,4234.8,4203.64,4204.87,12326.0
2025-10-16 06:00:00,4204.72,4227.25,4203.61,4222.81,11689.0
2025-10-16 07:00:00,4222.57,4233.96,4222.31,4230.68,8639.0
2025-10-16 08:00:00,4230.68,4236.02,4228.71,4232.95,6670.0
2025-10-16 09:00:00,4233.1,4241.87,4221.98,4239.6,7516.0
2025-10-16 10:00:00,4239.43,4246.34,4234.38,4242.72,7182.0
2025-10-16 11:00:00,4242.72,4247.58,4239.77,4240.59,7080.0
2025-10-16 12:00:00,4240.63,4251.06,4227.76,4236.17,11013.0
2025-10-16 13:00:00,4236.21,4258.61,4235.13,4246.35,13590.0
2025-10-16 14:00:00,4245.64,4267.73,4245.53,4263.34,13062.0
2025-10-16 15:00:00,4263.41,4275.93,4261.06,4273.64,10601.0
2025-10-16 16:00:00,4273.64,4291.95,4261.48,4282.71,16406.0
2025-10-16 17:00:00,4282.7,4298.82,4280.24,4293.92,13983.0
2025-10-16 18:00:00,4294.0,4295.01,4273.3,4291.06,13522.0
2025-10-16 19:00:00,4290.82,4312.94,4287.88,4307.37,12773.0
2025-10-16 20:00:00,4307.52,4330.56,4307.52,4325.92,7225.0
2025-10-16 22:00:00,4333.62,4379.4,4327.07,4346.94,12055.0
2025-10-16 23:00:00,4346.94,4379.19,4341.68,4365.8,10329.0
2025-10-17 00:00:00,4365.56,4371.6,4353.59,4358.25,11660.0
2025-10-17 01:00:00,4357.85,4362.18,4279.36,4314.01,17728.0
2025-10-17 02:00:00,4313.7,4348.51,4312.34,4342.55,14945.0
2025-10-17 03:00:00,4342.55,4366.8,4338.75,4366.8,11435.0
2025-10-17 04:00:00,4366.8,4377.1,4355.3,4376.45,10118.0
2025-10-17 05:00:00,4376.41,4378.59,4342.4,4365.55,12569.0
2025-10-17 06:00:00,4365.94,4369.64,4346.71,4360.18,14079.0
2025-10-17 07:00:00,4359.67,4361.74,4313.2,4342.33,15615.0
2025-10-17 08:00:00,4342.39,4349.72,4321.19,4347.83,14110.0
2025-10-17 09:00:00,4347.81,4348.49,4332.3,4340.23,10796.0
2025-10-17 10:00:00,4340.23,4342.2,4319.72,4327.8,11598.0
2025-10-17 11:00:00,4327.64,4335.87,4286.84,4287.4,15151.0
2025-10-17 12:00:00,4287.69,4320.07,4283.66,4314.73,15829.0
2025-10-17 13:00:00,4314.5,4317.89,4258.58,4273.9,18539.0
2025-10-17 14:00:00,4273.61,4274.41,4217.2,4249.01,21159.0
2025-10-17 15:00:00,4248.83,4259.39,4230.96,4237.34,16826.0
2025-10-17 16:00:00,4237.53,4244.94,4200.85,4204.91,18236.0
2025-10-17 17:00:00,4204.98,4228.44,4186.34,4221.16,17234.0
2025-10-17 18:00:00,4221.48,4244.66,4218.15,4235.55,12815.0
2025-10-17 19:00:00,4235.79,4237.83,4212.58,4225.86,12968.0
2025-10-17 20:00:00,4226.02,4252.8,4219.93,4252.68,7634.0
2025-10-19 22:00:00,4252.96,4274.16,4239.08,4255.65,9004.0
2025-10-19 23:00:00,4255.75,4256.16,4233.96,4237.9,9553.0
2025-10-20 00:00:00,4237.82,4250.85,4219.06,4249.83,13637.0
2025-10-20 01:00:00,4249.84,4268.93,4229.5,4262.5,14668.0
2025-10-20 02:00:00,4262.61,4271.12,4253.42,4255.66,11644.0
2025-10-20 03:00:00,4255.31,4265.27,4248.68,4264.74,10079.0
2025-10-20 04:00:00,4264.78,4268.27,4260.44,4266.34,6123.0
2025-10-20 05:00:00,4265.95,4266.79,4239.71,4239.86,11680.0
2025-10-20 06:00:00,4239.96,4245.86,4221.5,4236.34,13552.0
2025-10-20 07:00:00,4236.37,4260.89,4234.9,4255.22,10909.0
2025-10-20 08:00:00,4255.25,4266.16,4252.45,4258.75,9463.0
2025-10-20 09:00:00,4258.79,4263.71,4250.38,4260.75,8677.0
2025-10-20 10:00:00,4260.85,4260.99,4245.76,4254.78,10073.0
2025-10-20 11:00:00,4254.64,4279.56,4250.97,4279.23,9412.0
2025-10-20 12:00:00,4278.66,4327.25,4272.72,4323.55,16496.0
2025-10-20 13:00:00,4323.89,4325.01,4299.14,4300.91,17458.0
2025-10-20 14:00:00,4300.57,4334.59,4292.58,4332.46,16725.0
2025-10-20 15:00:00,4332.46,4355.54,4332.44,4349.15,14754.0
2025-10-20 16:00:00,4349.3,4350.82,4342.82,4347.86,11460.0
2025-10-20 17:00:00,4347.86,4351.12,4337.45,4347.56,11023.0
2025-10-20 18:00:00,4348.17,4364.65,4344.77,4359.5,9753.0
2025-10-20 19:00:00,4359.5,4381.37,4359.33,4378.01,11520.0
2025-10-20 20:00:00,4378.06,4379.95,4346.57,4356.3,9504.0
2025-10-20 22:00:00,4355.06,4375.43,4352.83,4367.6,8077.0
2025-10-20 23:00:00,4367.64,4371.72,4356.82,4360.4,6182.0
2025-10-21 00:00:00,4360.34,4371.2,4356.28,4368.78,9614.0
2025-10-21 01:00:00,4368.76,4372.26,4332.92,4350.97,14753.0
2025-10-21 02:00:00,4350.96,4355.4,4335.24,4338.95,12071.0
2025-10-21 03:00:00,4338.75,4350.94,4337.94,4346.61,7815.0
2025-10-21 04:00:00,4346.58,4347.14,4337.06,4341.98,6524.0
2025-10-21 05:00:00,4341.81,4344.13,4317.41,4323.29,11891.0
2025-10-21 06:00:00,4323.18,4344.2,4317.21,4343.15,11736.0
2025-10-21 07:00:00,4343.05,4343.21,4293.37,4298.3,14464.0
2025-10-21 08:00:00,4298.13,4301.78,4244.62,4273.95,16858.0
2025-10-21 09:00:00,4273.96,4277.95,4254.63,4265.08,12515.0
2025-10-21 10:00:00,4265.51,4266.52,4249.52,4253.62,12204.0
2025-10-21 11:00:00,4253.59,4272.49,4245.72,4253.32,11452.0
2025-10-21 12:00:00,4253.31,4257.62,4206.08,4211.14,16720.0
2025-10-21 13:00:00,4211.36,4225.58,4167.63,4174.37,20296.0
2025-10-21 14:00:00,4173.89,4188.26,4082.24,4138.84,21628.0
2025-10-21 15:00:00,4138.74,4150.33,4120.07,4138.8,18852.0
2025-10-21 16:00:00,4138.94,4143.71,4101.96,4113.55,17306.0
2025-10-21 17:00:00,4113.61,4120.27,4094.28,4111.27,17027.0
2025-10-21 18:00:00,4111.24,4125.84,4106.5,4114.88,13206.0
2025-10-21 19:00:00,4115.0,4122.12,4100.84,4108.86,13308.0
2025-10-21 20:00:00,4109.36,4130.98,4106.18,4124.9,7895.0
2025-10-21 22:00:00,4125.12,4132.31,4113.64,4123.28,6109.0
2025-10-21 23:00:00,4123.07,4128.09,4090.24,4093.23,8101.0
2025-10-22 00:00:00,4093.38,4094.14,4004.69,4074.98,18408.0
2025-10-22 01:00:00,4074.98,4120.59,4064.36,4087.17,15629.0
2025-10-22 02:00:00,4087.28,4117.88,4087.28,4115.11,10347.0
2025-10-22 03:00:00,4114.99,4143.24,4107.36,4128.87,9140.0
2025-10-22 04:00:00,4128.82,4133.46,4107.38,4128.39,9277.0
2025-10-22 05:00:00,4128.45,4147.0,4126.48,4135.03,10283.0
2025-10-22 06:00:00,4135.03,4161.33,4127.78,4155.78,12144.0
2025-10-22 07:00:00,4155.86,4156.41,4129.4,4133.05,13890.0
2025-10-22 08:00:00,4132.5,4135.9,4062.52,4070.74,17579.0
2025-10-22 09:00:00,4070.74,4101.45,4061.61,4069.7,14985.0
2025-10-22 10:00:00,4069.52,4090.89,4024.04,4035.23,14072.0
2025-10-22 11:00:00,4035.4,4045.19,4015.21,4027.95,16201.0
2025-10-22 12:00:00,4028.11,4053.46,4023.34,4033.98,15804.0
2025-10-22 13:00:00,4033.97,4085.16,4033.97,4075.81,18475.0
2025-10-22 14:00:00,4075.64,4078.38,4011.47,4015.15,18690.0
2025-10-22 15:00:00,4014.98,4047.35,4014.86,4037.24,17121.0
2025-10-22 16:00:00,4037.13,4064.16,4023.44,4059.23,15628.0
2025-10-22 17:00:00,4059.05,4071.35,4044.26,4070.21,14495.0
2025-10-22 18:00:00,4070.22,4081.53,4066.89,4076.77,10862.0
2025-10-22 19:00:00,4077.08,4113.44,4076.7,4102.42,13486.0
2025-10-22 20:00:00,4102.09,4107.27,4088.72,4098.38,7151.0
2025-10-22 22:00:00,4095.66,4116.4,4092.55,4102.19,7498.0
2025-10-22 23:00:00,4102.24,4105.1,4080.73,4087.7,8650.0
2025-10-23 00:00:00,4087.52,4096.92,4066.11,4081.88,12673.0
2025-10-23 01:00:00,4082.14,4092.82,4071.92,4073.32,13452.0
2025-10-23 02:00:00,4073.32,4085.51,4072.15,4082.48,9969.0
2025-10-23 03:00:00,4082.56,4100.74,4077.94,4091.2,8597.0
2025-10-23 04:00:00,4091.2,4092.84,4079.8,4089.58,7190.0
2025-10-23 05:00:00,4089.62,4110.31,4083.95,4110.26,8975.0
2025-10-23 06:00:00,4110.21,4137.97,4110.19,4113.61,15100.0
2025-10-23 07:00:00,4113.45,4121.19,4092.23,4094.17,11933.0
2025-10-23 08:00:00,4094.82,4118.92,4094.8,4116.37,10646.0
2025-10-23 09:00:00,4116.37,4125.44,4111.16,4124.42,9611.0
2025-10-23 10:00:00,4124.51,4125.24,4101.74,4109.13,10564.0
2025-10-23 11:00:00,4109.12,4121.02,4107.84,4109.6,10861.0
2025-10-23 12:00:00,4109.32,4129.29,4100.12,4127.33,12634.0
2025-10-23 13:00:00,4127.23,4151.03,4125.89,4144.97,16750.0
2025-10-23 14:00:00,4144.73,4154.75,4136.04,4148.33,15324.0
2025-10-23 15:00:00,4148.48,4151.72,4137.22,4141.9,12029.0
2025-10-23 16:00:00,4141.89,4148.57,4125.68,4133.01,11061.0
2025-10-23 17:00:00,4132.66,4139.37,4125.24,4137.73,10040.0
2025-10-23 18:00:00,4137.73,4143.51,4133.19,4135.98,7766.0
2025-10-23 19:00:00,4136.07,4138.16,4116.48,4118.28,9234.0
2025-10-23 20:00:00,4118.39,4125.98,4107.27,4125.98,6574.0
2025-10-23 22:00:00,4127.28,4132.96,4111.46,4116.02,4215.0
2025-10-23 23:00:00,4116.17,4122.85,4105.7,4121.68,4873.0
2025-10-24 00:00:00,4121.69,4133.7,4117.98,4132.68,7125.0
2025-10-24 01:00:00,4132.73,4144.5,4112.2,4118.79,11250.0
2025-10-24 02:00:00,4118.76,4119.06,4109.4,4109.64,8983.0
2025-10-24 03:00:00,4109.63,4123.41,4107.61,4122.32,7060.0
2025-10-24 04:00:00,4122.29,4123.36,4102.96,4111.68,7519.0
2025-10-24 05:00:00,4112.09,4117.96,4103.09,4104.63,6327.0
2025-10-24 06:00:00,4104.63,4104.97,4081.67,4092.23,11526.0
2025-10-24 07:00:00,4092.25,4095.81,4069.75,4074.39,10374.0
2025-10-24 08:00:00,4074.41,4077.85,4047.47,4065.23,12848.0
2025-10-24 09:00:00,4065.11,4073.46,4054.6,4060.87,9542.0
2025-10-24 10:00:00,4060.96,4070.93,4053.56,4054.74,8117.0
2025-10-24 11:00:00,4054.64,4065.54,4044.33,4061.46,10318.0
2025-10-24 12:00:00,4061.47,4093.28,4060.0,4082.1,13979.0
2025-10-24 13:00:00,4082.15,4121.95,4079.15,4106.21,17477.0
2025-10-24 14:00:00,4106.8,4134.89,4102.12,4117.58,16272.0
2025-10-24 15:00:00,4117.54,4131.9,4113.42,4130.54,12662.0
2025-10-24 16:00:00,4130.58,4138.74,4121.77,4129.36,10732.0
2025-10-24 17:00:00,4129.5,4134.42,4105.82,4107.62,10542.0
2025-10-24 18:00:00,4107.78,4113.78,4101.87,4110.28,10376.0
2025-10-24 19:00:00,4110.58,4117.66,4102.23,4104.21,9005.0
2025-10-24 20:00:00,4104.2,4114.48,4096.6,4112.26,4126.0
2025-10-26 22:00:00,4069.88,4109.21,4063.76,4081.93,10784.0
2025-10-26 23:00:00,4081.97,4088.56,4061.82,4064.53,8764.0
2025-10-27 00:00:00,4064.53,4084.12,4058.32,4081.49,9523.0
2025-10-27 01:00:00,4081.5,4097.64,4075.4,4081.95,12820.0
2025-10-27 02:00:00,4081.82,4082.03,4070.43,4071.71,9631.0
2025-10-27 03:00:00,4071.71,4081.89,4065.56,4069.52,8109.0
2025-10-27 04:00:00,4069.52,4071.61,4053.9,4068.84,9793.0
2025-10-27 05:00:00,4068.84,4084.44,4068.61,4079.62,8272.0
2025-10-27 06:00:00,4079.62,4084.81,4073.99,4078.29,9592.0
2025-10-27 07:00:00,4078.29,4079.84,4064.12,4068.82,8866.0
2025-10-27 08:00:00,4068.8,4070.5,4023.63,4043.23,12265.0
2025-10-27 09:00:00,4043.19,4050.25,4030.01,4039.8,12608.0
2025-10-27 10:00:00,4039.81,4047.79,4029.06,4037.32,10169.0
2025-10-27 11:00:00,4037.32,4041.31,4015.4,4024.04,12110.0
2025-10-27 12:00:00,4024.09,4046.42,4022.3,4045.73,12290.0
2025-10-27 13:00:00,4045.9,4050.34,4013.47,4022.13,15858.0
2025-10-27 14:00:00,4022.13,4023.4,3983.14,3987.91,18438.0
2025-10-27 15:00:00,3988.03,3993.45,3971.64,3989.91,15956.0
2025-10-27 16:00:00,3989.89,4000.47,3984.14,3999.32,11814.0
2025-10-27 17:00:00,3999.32,4009.04,3990.93,4006.51,10920.0
2025-10-27 18:00:00,4006.53,4010.26,3997.95,3999.34,9657.0
2025-10-27 19:00:00,3999.82,4005.63,3985.78,3989.91,11781.0
2025-10-27 20:00:00,3989.94,4000.33,3979.06,3981.07,6875.0
2025-10-27 22:00:00,3981.76,3996.49,3979.62,3990.08,5285.0
2025-10-27 23:00:00,3990.13,4004.63,3983.14,3998.46,7014.0
2025-10-28 00:00:00,3998.44,4009.52,3973.54,4006.88,9682.0
2025-10-28 01:00:00,4006.96,4019.7,4004.58,4011.05,11888.0
2025-10-28 02:00:00,4011.04,4013.88,3980.76,3983.96,10836.0
2025-10-28 03:00:00,3983.82,3994.34,3983.2,3992.88,7426.0
2025-10-28 04:00:00,3992.88,3994.2,3964.04,3973.53,9912.0
2025-10-28 05:00:00,3974.2,3980.16,3959.16,3966.63,10743.0
2025-10-28 06:00:00,3966.84,3968.62,3938.48,3942.53,11863.0
2025-10-28 07:00:00,3942.53,3948.55,3922.04,3932.54,11831.0
2025-10-28 08:00:00,3932.62,3935.88,3896.54,3897.39,14549.0
2025-10-28 09:00:00,3897.28,3911.16,3886.62,3904.83,12762.0
2025-10-28 10:00:00,3904.77,3930.94,3900.11,3926.56,10977.0
2025-10-28 11:00:00,3926.56,3929.98,3910.96,3923.33,11032.0
2025-10-28 12:00:00,3923.33,3929.83,3905.22,3912.84,12198.0
2025-10-28 13:00:00,3912.93,3940.41,3912.38,3938.9,16277.0
2025-10-28 14:00:00,3939.01,3953.83,3934.92,3949.86,14909.0
2025-10-28 15:00:00,3949.42,3969.6,3947.24,3964.8,13056.0
2025-10-28 16:00:00,3964.76,3965.5,3950.98,3958.57,12659.0
2025-10-28 17:00:00,3958.24,3970.37,3955.23,3962.45,11038.0
2025-10-28 18:00:00,3962.46,3964.22,3945.18,3956.49,9510.0
2025-10-28 19:00:00,3956.58,3962.81,3950.85,3960.0,9734.0
2025-10-28 20:00:00,3960.29,3960.94,3949.54,3952.66,4074.0
2025-10-28 22:00:00,3950.04,3960.76,3914.38,3933.94,7496.0
2025-10-28 23:00:00,3933.94,3967.94,3933.94,3965.05,6621.0
2025-10-29 00:00:00,3964.75,3982.4,3959.28,3975.22,10254.0
2025-10-29 01:00:00,3975.31,3979.54,3965.94,3973.68,11829.0
2025-10-29 02:00:00,3973.68,3974.3,3944.22,3961.09,10380.0
2025-10-29 03:00:00,3961.08,3972.1,3958.44,3963.5,9037.0
2025-10-29 04:00:00,3963.56,3964.92,3951.2,3951.92,8617.0
2025-10-29 05:00:00,3952.22,3966.18,3951.0,3962.45,9310.0
2025-10-29 06:00:00,3962.45,3984.65,3959.85,3978.32,10555.0
2025-10-29 07:00:00,3977.8,4001.41,3975.08,4001.32,11764.0
2025-10-29 08:00:00,4001.53,4018.3,4000.42,4016.83,10868.0
2025-10-29 09:00:00,4016.79,4029.59,4013.49,4024.06,10569.0
2025-10-29 10:00:00,4024.1,4029.59,4017.37,4023.48,10704.0
2025-10-29 11:00:00,4023.48,4028.48,4013.52,4016.67,10083.0
2025-10-29 12:00:00,4016.69,4030.15,4013.76,4025.69,12485.0
2025-10-29 13:00:00,4025.55,4025.64,4002.42,4012.41,15222.0
2025-10-29 14:00:00,4012.41,4022.5,4007.58,4008.42,14019.0
2025-10-29 15:00:00,4008.42,4011.92,3989.44,3993.05,14317.0
2025-10-29 16:00:00,3993.08,4001.1,3991.5,3992.81,9882.0
2025-10-29 17:00:00,3992.51,3997.8,3985.96,3994.85,9188.0
2025-10-29 18:00:00,3994.87,4007.41,3943.0,3969.31,20455.0
2025-10-29 19:00:00,3969.2,3979.89,3928.09,3945.56,18535.0
2025-10-29 20:00:00,3945.49,3953.94,3927.83,3930.12,8254.0
2025-10-29 22:00:00,3931.74,3948.66,3916.21,3941.52,8574.0
2025-10-29 23:00:00,3941.52,3954.02,3939.74,3952.85,5588.0
2025-10-30 00:00:00,3952.73,3964.3,3938.0,3950.23,9274.0
2025-10-30 01:00:00,3950.23,3966.44,3944.86,3947.92,12434.0
2025-10-30 02:00:00,3947.92,3948.26,3922.03,3922.21,12551.0
2025-10-30 03:00:00,3922.21,3938.07,3915.44,3937.97,9940.0
2025-10-30 04:00:00,3937.98,3982.54,3934.88,3972.61,14055.0
2025-10-30 05:00:00,3972.65,3978.43,3947.16,3963.64,14659.0
2025-10-30 06:00:00,3963.67,3977.38,3956.51,3977.05,12795.0
2025-10-30 07:00:00,3976.56,3977.56,3955.75,3961.35,11806.0
2025-10-30 08:00:00,3961.39,3976.74,3960.37,3976.45,11274.0
2025-10-30 09:00:00,3976.45,4012.01,3975.99,3999.1,14430.0
2025-10-30 10:00:00,3998.5,4001.17,3973.7,3984.18,11672.0
2025-10-30 11:00:00,3984.21,3985.02,3964.3,3974.38,10009.0
2025-10-30 12:00:00,3974.76,3985.63,3961.22,3961.3,13785.0
2025-10-30 13:00:00,3961.24,3995.43,3960.25,3995.43,14800.0
2025-10-30 14:00:00,3995.42,4014.83,3986.9,3996.54,16277.0
2025-10-30 15:00:00,3996.54,4008.73,3988.44,4001.96,13258.0
2025-10-30 16:00:00,4001.95,4004.2,3991.37,4001.57,11537.0
2025-10-30 17:00:00,4001.59,4017.94,3994.61,4004.6,10424.0
2025-10-30 18:00:00,4004.66,4017.71,4000.22,4016.19,9972.0
2025-10-30 19:00:00,4016.32,4025.85,4015.47,4023.48,12085.0
2025-10-30 20:00:00,4023.44,4026.98,4016.46,4024.28,5431.0
2025-10-30 22:00:00,4025.18,4046.22,4009.86,4037.81,6673.0
2025-10-30 23:00:00,4037.86,4043.06,4018.97,4036.5,9727.0
2025-10-31 00:00:00,4036.43,4036.82,4024.13,4025.26,10920.0
2025-10-31 01:00:00,4025.28,4039.19,4013.15,4018.82,13134.0
2025-10-31 02:00:00,4018.48,4019.17,4001.54,4011.07,13627.0
2025-10-31 03:00:00,4011.32,4013.96,3991.38,3996.38,11588.0
2025-10-31 04:00:00,3996.38,4010.62,3989.11,4005.86,8222.0
2025-10-31 05:00:00,4005.62,4011.16,3994.18,4005.08,10530.0
2025-10-31 06:00:00,4005.26,4015.05,4002.34,4013.23,10896.0
2025-10-31 07:00:00,4013.23,4025.5,4007.65,4020.86,10841.0
2025-10-31 08:00:00,4021.06,4026.69,4006.76,4010.38,9403.0
2025-10-31 09:00:00,4010.24,4014.26,3998.63,4008.45,9487.0
2025-10-31 10:00:00,4008.7,4016.86,4003.65,4007.42,8264.0
2025-10-31 11:00:00,4007.42,4011.23,4001.78,4010.51,7202.0
2025-10-31 12:00:00,4010.55,4036.14,4009.12,4023.14,11220.0
2025-10-31 13:00:00,4023.0,4035.47,4010.37,4016.54,14914.0
2025-10-31 14:00:00,4016.72,4027.25,4011.12,4020.77,14417.0
2025-10-31 15:00:00,4020.89,4022.91,4009.74,4012.94,14244.0
2025-10-31 16:00:00,4012.72,4015.21,3972.2,3980.79,16494.0
2025-10-31 17:00:00,3980.82,4003.6,3980.52,3997.75,13266.0
2025-10-31 18:00:00,3997.79,4009.98,3995.41,4000.07,9821.0
2025-10-31 19:00:00,4000.05,4005.58,3991.46,4001.15,10126.0
2025-10-31 20:00:00,4001.1,4006.44,3996.14,4002.19,3323.0
2025-11-02 22:00:00,3983.35,3998.92,3977.76,3980.52,8472.0
2025-11-02 23:00:00,3979.52,3987.82,3962.63,3970.91,9424.0
2025-11-03 00:00:00,3970.87,4001.86,3965.77,3996.02,13091.0
2025-11-03 01:00:00,3995.89,4006.52,3990.41,4003.91,9622.0
2025-11-03 02:00:00,4003.91,4015.39,4002.31,4011.46,8867.0
2025-11-03 03:00:00,4011.46,4014.22,4001.94,4003.88,7434.0
2025-11-03 04:00:00,4003.89,4018.52,3997.99,4013.99,8089.0
2025-11-03 05:00:00,4013.99,4018.78,4010.27,4017.62,7631.0
2025-11-03 06:00:00,4017.53,4026.01,4013.57,4025.45,8930.0
2025-11-03 07:00:00,4025.57,4028.01,4011.1,4019.61,9386.0
2025-11-03 08:00:00,4019.54,4026.07,3993.33,4000.57,11209.0
2025-11-03 09:00:00,4000.66,4004.86,3994.5,3998.82,8740.0
2025-11-03 10:00:00,3998.82,4008.62,3994.57,4007.63,8322.0
2025-11-03 11:00:00,4007.63,4013.59,4002.06,4013.44,7767.0
2025-11-03 12:00:00,4013.5,4020.52,4010.87,4016.11,12076.0
2025-11-03 13:00:00,4015.93,4026.07,4001.65,4022.71,13951.0
2025-11-03 14:00:00,4024.44,4030.62,4003.52,4008.61,15988.0
2025-11-03 15:00:00,4008.46,4013.52,3995.45,4008.29,12935.0
2025-11-03 16:00:00,4008.29,4012.2,4003.51,4006.22,9134.0
2025-11-03 17:00:00,4006.22,4009.5,3999.57,4006.44,8327.0
2025-11-03 18:00:00,4006.42,4008.14,3995.4,4004.8,8838.0
2025-11-03 19:00:00,4004.84,4014.95,4004.77,4010.3,7949.0
2025-11-03 20:00:00,4010.16,4010.16,3999.76,4001.26,3160.0
2025-11-03 22:00:00,4002.28,4005.82,3982.45,3997.4,6265.0
2025-11-03 23:00:00,3997.59,3999.12,3978.55,3986.54,9147.0
2025-11-04 00:00:00,3986.54,3994.65,3979.58,3987.29,11225.0
2025-11-04 01:00:00,3987.24,3987.3,3975.74,3986.78,10696.0
2025-11-04 02:00:00,3986.73,3999.27,3981.8,3994.66,8904.0
2025-11-04 03:00:00,3994.61,3995.22,3984.03,3985.64,7079.0
2025-11-04 04:00:00,3985.25,3987.12,3972.67,3973.18,9948.0
2025-11-04 05:00:00,3973.18,3988.23,3966.79,3985.08,11519.0
2025-11-04 06:00:00,3985.08,3996.27,3982.42,3994.0,8887.0
2025-11-04 07:00:00,3994.15,4000.76,3990.83,3996.13,9704.0
2025-11-04 08:00:00,3996.13,3999.45,3990.49,3991.16,8692.0
2025-11-04 09:00:00,3991.19,3997.7,3985.93,3993.86,7868.0
2025-11-04 10:00:00,3993.88,4000.13,3991.67,3995.09,5670.0
2025-11-04 11:00:00,3995.13,3997.57,3983.77,3984.81,7896.0
2025-11-04 12:00:00,3984.56,3996.03,3971.86,3975.71,12184.0
2025-11-04 13:00:00,3975.65,3977.75,3928.83,3957.39,15742.0
2025-11-04 14:00:00,3957.34,3968.17,3941.2,3956.93,13922.0
2025-11-04 15:00:00,3956.9,3975.5,3956.78,3969.05,11518.0
2025-11-04 16:00:00,3969.07,3971.07,3952.52,3955.1,10310.0
2025-11-04 17:00:00,3955.1,3956.77,3932.3,3937.98,11404.0
2025-11-04 18:00:00,3937.98,3944.22,3934.66,3937.46,9283.0
2025-11-04 19:00:00,3937.6,3942.18,3931.51,3938.77,8899.0
2025-11-04 20:00:00,3939.04,3939.04,3930.52,3931.9,3668.0
2025-11-04 22:00:00,3934.02,3940.51,3930.98,3934.89,5476.0
2025-11-04 23:00:00,3934.95,3943.05,3929.24,3940.0,8758.0
2025-11-05 00:00:00,3940.14,3949.43,3934.55,3937.09,11186.0
2025-11-05 01:00:00,3937.05,3951.05,3935.66,3948.58,10025.0
2025-11-05 02:00:00,3948.47,3965.33,3947.5,3960.9,7259.0
2025-11-05 03:00:00,3960.73,3973.72,3959.95,3970.36,7390.0
2025-11-05 04:00:00,3970.4,3978.7,3961.98,3964.85,8293.0
2025-11-05 05:00:00,3965.09,3973.7,3961.88,3966.54,8076.0
2025-11-05 06:00:00,3966.57,3974.92,3963.87,3972.77,7540.0
2025-11-05 07:00:00,3972.71,3987.13,3972.71,3979.99,8954.0
2025-11-05 08:00:00,3979.99,3981.32,3963.79,3971.91,7618.0
2025-11-05 09:00:00,3971.9,3971.9,3956.07,3964.49,7705.0
2025-11-05 10:00:00,3964.49,3968.91,3957.73,3966.99,6962.0
2025-11-05 11:00:00,3966.96,3969.86,3962.29,3969.68,6125.0
2025-11-05 12:00:00,3969.81,3979.45,3964.88,3976.0,10324.0
2025-11-05 13:00:00,3975.98,3985.59,3969.59,3973.56,12246.0
2025-11-05 14:00:00,3973.51,3984.41,3964.07,3978.45,14377.0
2025-11-05 15:00:00,3978.53,3990.49,3975.03,3986.9,10414.0
2025-11-05 16:00:00,3986.82,3989.58,3978.7,3982.13,7636.0
2025-11-05 17:00:00,3982.23,3986.11,3979.06,3982.55,6479.0
2025-11-05 18:00:00,3982.55,3988.94,3979.21,3987.86,6327.0
2025-11-05 19:00:00,3987.97,3990.28,3981.54,3984.39,6885.0
2025-11-05 20:00:00,3984.37,3984.96,3977.84,3979.04,3150.0
2025-11-05 22:00:00,3981.83,3984.76,3966.89,3973.69,6506.0
2025-11-05 23:00:00,3973.67,3976.19,3969.64,3976.19,5527.0
2025-11-06 00:00:00,3976.22,3977.34,3964.56,3976.7,7931.0
2025-11-06 01:00:00,3976.7,3985.22,3974.25,3983.44,7134.0
2025-11-06 02:00:00,3983.44,3990.38,3979.57,3987.59,6430.0
2025-11-06 03:00:00,3987.51,3989.7,3984.55,3988.83,4194.0
2025-11-06 04:00:00,3988.63,3990.64,3985.9,3987.72,6073.0
2025-11-06 05:00:00,3987.79,3992.92,3982.33,3991.64,7058.0
2025-11-06 06:00:00,3991.64,4009.47,3991.24,4005.91,8898.0
2025-11-06 07:00:00,4005.84,4016.84,4004.78,4014.96,8804.0
2025-11-06 08:00:00,4014.92,4015.29,4009.37,4010.98,6762.0
2025-11-06 09:00:00,4010.98,4011.16,4004.49,4008.52,6891.0
2025-11-06 10:00:00,4008.52,4019.43,4007.15,4018.26,6908.0
2025-11-06 11:00:00,4018.23,4019.61,4003.11,4005.3,7356.0
2025-11-06 12:00:00,4005.35,4016.2,4003.79,4012.17,8634.0
2025-11-06 13:00:00,4012.35,4013.88,3989.13,3993.36,12985.0
2025-11-06 14:00:00,3993.09,3993.68,3975.29,3980.22,15364.0
2025-11-06 15:00:00,3980.32,3986.33,3976.31,3980.87,13181.0
2025-11-06 16:00:00,3980.87,3988.15,3965.75,3986.23,12643.0
2025-11-06 17:00:00,3986.25,3990.91,3980.24,3987.85,9806.0
2025-11-06 18:00:00,3987.9,3995.35,3983.25,3985.41,8009.0
2025-11-06 19:00:00,3985.13,3987.25,3979.39,3980.68,9370.0
2025-11-06 20:00:00,3980.97,3982.37,3976.6,3976.93,2950.0
2025-11-06 22:00:00,3976.67,3989.72,3974.54,3989.21,4004.0
2025-11-06 23:00:00,3989.01,3994.38,3984.58,3988.67,4777.0
2025-11-07 00:00:00,3988.68,4002.87,3987.3,4001.83,7965.0
2025-11-07 01:00:00,4001.81,4003.26,3991.6,3995.5,7101.0
2025-11-07 02:00:00,3995.39,3996.62,3988.25,3990.51,5439.0
2025-11-07 03:00:00,3990.41,3998.63,3985.57,3998.48,4729.0
2025-11-07 04:00:00,3998.53,3998.88,3991.99,3995.11,5525.0
2025-11-07 05:00:00,3995.12,4008.42,3992.34,4006.78,6829.0
2025-11-07 06:00:00,4006.83,4009.81,4002.99,4007.79,6488.0
2025-11-07 07:00:00,4008.31,4010.54,4003.67,4009.91,6284.0
2025-11-07 08:00:00,4009.88,4014.25,4004.27,4006.7,6805.0
2025-11-07 09:00:00,4006.74,4009.57,4003.2,4007.93,5316.0
2025-11-07 10:00:00,4007.93,4011.98,3993.85,4002.93,8684.0
2025-11-07 11:00:00,4003.08,4008.56,3991.52,3995.93,8549.0
2025-11-07 12:00:00,3995.93,4001.97,3991.79,3997.7,9403.0
2025-11-07 13:00:00,3997.7,4007.43,3984.41,3993.37,12348.0
2025-11-07 14:00:00,3993.5,3999.21,3984.03,3990.86,12842.0
2025-11-07 15:00:00,3991.15,4027.51,3990.03,4007.83,13019.0
2025-11-07 16:00:00,4007.43,4009.92,3992.55,4005.44,12118.0
2025-11-07 17:00:00,4005.54,4009.07,3999.65,4005.54,9485.0
2025-11-07 18:00:00,4005.57,4009.08,4001.8,4006.85,8346.0
2025-11-07 19:00:00,4006.78,4007.05,3994.43,4004.02,10405.0
2025-11-07 20:00:00,4003.89,4005.33,3998.42,4000.84,2259.0
2025-11-09 22:00:00,3998.8,4012.23,3997.81,4011.93,6275.0
2025-11-09 23:00:00,4011.93,4023.8,4011.23,4020.47,6473.0
2025-11-10 00:00:00,4020.47,4053.32,4019.27,4044.3,12453.0
2025-11-10 01:00:00,4044.27,4049.2,4037.91,4048.28,9560.0
2025-11-10 02:00:00,4048.28,4052.82,4044.98,4050.31,6275.0
2025-11-10 03:00:00,4050.2,4056.82,4049.93,4054.23,5926.0
2025-11-10 04:00:00,4054.33,4069.89,4050.18,4069.36,7090.0
2025-11-10 05:00:00,4069.36,4078.41,4066.93,4075.13,8671.0
2025-11-10 06:00:00,4075.05,4079.08,4072.28,4075.33,7439.0
2025-11-10 07:00:00,4075.46,4085.14,4075.07,4082.21,8744.0
2025-11-10 08:00:00,4082.26,4086.44,4071.61,4076.67,8652.0
2025-11-10 09:00:00,4076.59,4083.54,4076.09,4080.95,5719.0
2025-11-10 10:00:00,4081.0,4085.5,4075.82,4085.41,5649.0
2025-11-10 11:00:00,4085.49,4100.09,4084.39,4097.67,8415.0
2025-11-10 12:00:00,4097.7,4105.99,4090.45,4091.75,12468.0
2025-11-10 13:00:00,4091.74,4094.2,4074.43,4083.59,14029.0
2025-11-10 14:00:00,4083.52,4094.4,4077.95,4084.37,13817.0
2025-11-10 15:00:00,4084.33,4095.78,4082.06,4094.97,10651.0
2025-11-10 16:00:00,4095.09,4102.71,4093.48,4102.61,9865.0
2025-11-10 17:00:00,4102.54,4115.92,4101.64,4110.16,10600.0
2025-11-10 18:00:00,4110.21,4115.48,4108.01,4113.3,7946.0
2025-11-10 19:00:00,4113.3,4114.65,4106.8,4111.72,9086.0
2025-11-10 20:00:00,4111.76,4116.43,4110.46,4115.78,2878.0
2025-11-10 22:00:00,4115.74,4122.81,4115.11,4119.95,6035.0
2025-11-10 23:00:00,4120.06,4133.76,4116.26,4131.04,7668.0
2025-11-11 00:00:00,4131.04,4141.21,4128.05,4136.3,11335.0
2025-11-11 01:00:00,4136.3,4139.58,4129.41,4138.11,8942.0
2025-11-11 02:00:00,4138.11,4148.06,4137.14,4146.91,7498.0
2025-11-11 03:00:00,4146.91,4149.02,4142.02,4143.23,5947.0
2025-11-11 04:00:00,4143.17,4144.39,4124.79,4131.15,10046.0
2025-11-11 05:00:00,4131.13,4137.85,4126.87,4129.95,8749.0
2025-11-11 06:00:00,4129.84,4133.06,4125.06,4129.58,8370.0
2025-11-11 07:00:00,4129.44,4137.71,4128.83,4135.69,8589.0
2025-11-11 08:00:00,4135.71,4145.91,4134.45,4141.93,6737.0
2025-11-11 09:00:00,4141.97,4144.16,4136.91,4141.83,7246.0
2025-11-11 10:00:00,4142.02,4144.54,4139.16,4142.97,6308.0
2025-11-11 11:00:00,4143.19,4143.98,4133.18,4134.37,7681.0
2025-11-11 12:00:00,4134.46,4146.7,4133.98,4142.66,10228.0
2025-11-11 13:00:00,4142.64,4143.21,4120.11,4125.08,14023.0
2025-11-11 14:00:00,4124.77,4125.99,4097.14,4106.71,15140.0
2025-11-11 15:00:00,4106.7,4115.81,4105.14,4113.29,10993.0
2025-11-11 16:00:00,4113.02,4117.82,4110.64,4114.4,8422.0
2025-11-11 17:00:00,4114.43,4116.32,4106.74,4113.89,8270.0
2025-11-11 18:00:00,4113.88,4126.14,4112.0,4123.1,6932.0
2025-11-11 19:00:00,4123.09,4131.9,4122.54,4129.61,8224.0
2025-11-11 20:00:00,4129.56,4131.5,4125.74,4126.6,3255.0
2025-11-11 22:00:00,4127.23,4144.8,4127.22,4142.78,7350.0
2025-11-11 23:00:00,4142.64,4145.53,4132.19,4133.06,7444.0
2025-11-12 00:00:00,4133.1,4137.37,4126.43,4131.58,10948.0
2025-11-12 01:00:00,4131.6,4135.56,4118.96,4124.06,8886.0
2025-11-12 02:00:00,4124.07,4125.35,4111.81,4111.94,8066.0
2025-11-12 03:00:00,4111.94,4113.05,4103.79,4110.45,8396.0
2025-11-12 04:00:00,4110.56,4111.07,4098.91,4104.68,8187.0
2025-11-12 05:00:00,4104.65,4119.04,4103.19,4118.51,10193.0
2025-11-12 06:00:00,4118.56,4125.36,4113.42,4117.05,8224.0
2025-11-12 07:00:00,4117.12,4132.74,4112.2,4131.34,9455.0
2025-11-12 08:00:00,4131.3,4133.64,4120.64,4124.67,9052.0
2025-11-12 09:00:00,4124.69,4129.38,4118.08,4127.81,8300.0
2025-11-12 10:00:00,4127.81,4131.26,4123.19,4126.08,7903.0
2025-11-12 11:00:00,4126.13,4139.5,4125.07,4130.28,10370.0
2025-11-12 12:00:00,4130.45,4132.7,4122.86,4127.14,12024.0
2025-11-12 13:00:00,4127.35,4140.13,4124.99,4136.71,14363.0
2025-11-12 14:00:00,4136.63,4185.61,4134.69,4181.42,16496.0
2025-11-12 15:00:00,4181.41,4197.77,4180.16,4196.46,15029.0
2025-11-12 16:00:00,4196.49,4206.57,4192.48,4199.41,14624.0
2025-11-12 17:00:00,4199.46,4211.75,4190.57,4206.89,13075.0
2025-11-12 18:00:00,4206.96,4210.23,4192.18,4197.43,12758.0
2025-11-12 19:00:00,4197.35,4199.6,4190.72,4195.5,10947.0
2025-11-12 20:00:00,4195.53,4202.15,4191.07,4195.32,4638.0
2025-11-12 22:00:00,4196.87,4208.48,4187.62,4191.05,7019.0
2025-11-12 23:00:00,4191.08,4208.82,4186.03,4205.88,10171.0
2025-11-13 00:00:00,4205.94,4209.2,4180.13,4192.36,14338.0
2025-11-13 01:00:00,4192.37,4196.02,4183.52,4190.22,10642.0
2025-11-13 02:00:00,4190.15,4213.22,4190.15,4212.99,10230.0
2025-11-13 03:00:00,4213.0,4219.44,4203.38,4209.39,9763.0
2025-11-13 04:00:00,4209.38,4217.63,4207.46,4212.09,10656.0
2025-11-13 05:00:00,4212.03,4212.08,4203.39,4210.44,9787.0
2025-11-13 06:00:00,4210.48,4220.14,4208.4,4219.98,9078.0
2025-11-13 07:00:00,4220.06,4239.5,4219.16,4232.93,10870.0
2025-11-13 08:00:00,4232.6,4239.46,4225.01,4233.18,9488.0
2025-11-13 09:00:00,4233.11,4240.09,4221.91,4225.56,8989.0
2025-11-13 10:00:00,4225.84,4232.29,4219.41,4230.55,9901.0
2025-11-13 11:00:00,4230.49,4245.04,4230.1,4242.59,8700.0
2025-11-13 12:00:00,4242.52,4243.86,4220.31,4231.87,14142.0
2025-11-13 13:00:00,4232.08,4232.42,4184.46,4195.71,16425.0
2025-11-13 14:00:00,4195.36,4205.14,4186.75,4202.66,16369.0
2025-11-13 15:00:00,4202.51,4210.83,4195.86,4206.91,14328.0
2025-11-13 16:00:00,4207.0,4208.43,4193.31,4201.79,14240.0
2025-11-13 17:00:00,4201.85,4203.24,4145.44,4157.95,15456.0
2025-11-13 18:00:00,4157.88,4170.59,4145.8,4163.91,13527.0
2025-11-13 19:00:00,4163.95,4170.75,4160.41,4164.03,11585.0
2025-11-13 20:00:00,4164.06,4181.12,4161.3,4171.26,5313.0
2025-11-13 22:00:00,4172.08,4186.77,4169.91,4185.86,6721.0
2025-11-13 23:00:00,4185.97,4189.85,4178.33,4183.9,8605.0
2025-11-14 00:00:00,4183.91,4193.85,4173.68,4190.02,12947.0
2025-11-14 01:00:00,4190.03,4210.35,4188.57,4207.03,11134.0
2025-11-14 02:00:00,4207.13,4211.27,4201.43,4204.45,9269.0
2025-11-14 03:00:00,4204.45,4205.79,4197.06,4203.32,7114.0
2025-11-14 04:00:00,4203.46,4203.69,4184.07,4189.89,10627.0
2025-11-14 05:00:00,4189.66,4193.45,4169.75,4175.25,10836.0
2025-11-14 06:00:00,4175.2,4182.31,4159.06,4181.07,11843.0
2025-11-14 07:00:00,4180.98,4186.94,4170.09,4176.1,11768.0
2025-11-14 08:00:00,4176.06,4180.49,4166.65,4169.31,10984.0
2025-11-14 09:00:00,4169.3,4170.9,4159.19,4167.96,9447.0
2025-11-14 10:00:00,4167.97,4170.06,4130.96,4133.01,12497.0
2025-11-14 11:00:00,4132.9,4140.61,4107.76,4116.08,15381.0
2025-11-14 12:00:00,4115.91,4119.06,4041.42,4055.9,18659.0
2025-11-14 13:00:00,4055.72,4084.0,4032.29,4082.73,18052.0
2025-11-14 14:00:00,4082.52,4096.38,4068.36,4093.55,17657.0
2025-11-14 15:00:00,4093.63,4111.26,4081.0,4105.18,14823.0
2025-11-14 16:00:00,4105.13,4110.64,4094.15,4099.94,12992.0
2025-11-14 17:00:00,4099.97,4103.66,4081.05,4098.17,12861.0
2025-11-14 18:00:00,4098.0,4099.96,4087.78,4090.03,10322.0
2025-11-14 19:00:00,4090.13,4092.45,4075.5,4087.19,10987.0
2025-11-14 20:00:00,4086.76,4086.81,4077.6,4085.1,4163.0
2025-11-16 22:00:00,4085.42,4106.71,4072.12,4096.72,8903.0
2025-11-16 23:00:00,4096.7,4098.54,4080.71,4083.28,9765.0
2025-11-17 00:00:00,4083.23,4101.89,4082.85,4091.35,12293.0
2025-11-17 01:00:00,4091.23,4093.73,4080.81,4082.08,10720.0
2025-11-17 02:00:00,4082.02,4085.73,4070.04,4082.97,9986.0
2025-11-17 03:00:00,4082.92,4087.99,4076.98,4078.63,6900.0
2025-11-17 04:00:00,4078.63,4078.75,4049.79,4058.37,11151.0
2025-11-17 05:00:00,4058.37,4071.92,4054.88,4066.02,10287.0
2025-11-17 06:00:00,4065.87,4089.08,4065.2,4088.22,8492.0
2025-11-17 07:00:00,4088.42,4095.98,4072.13,4077.41,10278.0
2025-11-17 08:00:00,4077.43,4088.68,4072.24,4082.04,9395.0
2025-11-17 09:00:00,4082.09,4089.48,4068.52,4070.3,8402.0
2025-11-17 10:00:00,4070.3,4085.91,4061.1,4078.48,9360.0
2025-11-17 11:00:00,4078.53,4085.22,4074.69,4077.2,8091.0
2025-11-17 12:00:00,4077.21,4092.26,4061.12,4065.33,12449.0
2025-11-17 13:00:00,4065.32,4082.03,4060.76,4076.13,13912.0
2025-11-17 14:00:00,4076.3,4077.56,4060.71,4064.36,15414.0
2025-11-17 15:00:00,4064.32,4073.69,4052.22,4070.01,12827.0
2025-11-17 16:00:00,4069.99,4080.95,4069.69,4073.39,10224.0
2025-11-17 17:00:00,4073.43,4076.17,4062.33,4062.63,10170.0
2025-11-17 18:00:00,4062.64,4065.09,4010.95,4011.07,14313.0
2025-11-17 19:00:00,4011.17,4044.06,4006.98,4040.94,12889.0
2025-11-17 20:00:00,4041.03,4046.08,4038.87,4045.52,3412.0
2025-11-17 22:00:00,4044.54,4055.33,4028.79,4036.86,7543.0
2025-11-17 23:00:00,4036.91,4041.38,4027.36,4040.19,9133.0
2025-11-18 00:00:00,4040.28,4045.23,4022.76,4025.0,11732.0
2025-11-18 01:00:00,4024.91,4035.83,4015.28,4017.6,10136.0
2025-11-18 02:00:00,4017.63,4026.41,4008.55,4013.22,10278.0
2025-11-18 03:00:00,4013.22,4018.21,4004.9,4010.5,9733.0
2025-11-18 04:00:00,4010.52,4025.24,4008.31,4019.01,9149.0
2025-11-18 05:00:00,4019.12,4020.49,4007.6,4009.06,10074.0
2025-11-18 06:00:00,4009.01,4017.46,3998.08,4013.69,10639.0
2025-11-18 07:00:00,4013.96,4042.7,4010.68,4036.83,11050.0
2025-11-18 08:00:00,4036.67,4047.25,4030.27,4040.26,9288.0
2025-11-18 09:00:00,4040.26,4050.5,4037.59,4044.23,9064.0
2025-11-18 10:00:00,4044.32,4050.38,4036.98,4039.5,7548.0
2025-11-18 11:00:00,4039.47,4045.05,4029.3,4032.42,10098.0
2025-11-18 12:00:00,4032.69,4070.33,4031.28,4065.31,13640.0
2025-11-18 13:00:00,4065.24,4081.98,4058.28,4065.88,15716.0
2025-11-18 14:00:00,4065.87,4072.47,4049.0,4052.88,16399.0
2025-11-18 15:00:00,4052.93,4069.29,4040.36,4066.91,13930.0
2025-11-18 16:00:00,4066.9,4075.86,4059.39,4071.47,11953.0
2025-11-18 17:00:00,4071.42,4074.74,4063.18,4072.78,10413.0
2025-11-18 18:00:00,4072.79,4082.02,4072.72,4081.16,10226.0
2025-11-18 19:00:00,4081.33,4082.32,4067.44,4069.64,10548.0
2025-11-18 20:00:00,4069.62,4072.35,4064.96,4067.29,3489.0
2025-11-18 22:00:00,4067.22,4077.81,4058.6,4076.7,4473.0
2025-11-18 23:00:00,4076.67,4078.29,4067.67,4069.44,6193.0
2025-11-19 00:00:00,4069.44,4070.45,4056.51,4059.13,9735.0
2025-11-19 01:00:00,4059.13,4080.67,4055.75,4075.74,10455.0
2025-11-19 02:00:00,4075.72,4078.65,4066.12,4066.94,8130.0
2025-11-19 03:00:00,4066.93,4076.99,4064.54,4075.19,7022.0
2025-11-19 04:00:00,4075.19,4097.52,4074.36,4095.49,10652.0
2025-11-19 05:00:00,4095.55,4098.65,4089.31,4091.03,9470.0
2025-11-19 06:00:00,4091.04,4096.91,4084.91,4086.98,8494.0
2025-11-19 07:00:00,4086.95,4088.74,4078.3,4083.5,9582.0
2025-11-19 08:00:00,4083.24,4116.22,4081.17,4113.34,10770.0
2025-11-19 09:00:00,4113.4,4119.06,4107.09,4108.98,10564.0
2025-11-19 10:00:00,4109.16,4117.56,4106.57,4112.88,8097.0
2025-11-19 11:00:00,4112.97,4119.84,4112.23,4114.58,8081.0
2025-11-19 12:00:00,4114.61,4117.75,4100.87,4110.58,13384.0
2025-11-19 13:00:00,4110.65,4129.01,4102.24,4128.01,14130.0
2025-11-19 14:00:00,4128.02,4132.83,4090.28,4096.56,16187.0
2025-11-19 15:00:00,4096.55,4098.6,4067.9,4074.67,16791.0
2025-11-19 16:00:00,4074.65,4081.23,4055.66,4079.0,16012.0
2025-11-19 17:00:00,4078.89,4091.16,4075.78,4087.34,13276.0
2025-11-19 18:00:00,4087.32,4087.36,4069.17,4073.67,12935.0
2025-11-19 19:00:00,4073.67,4082.13,4072.3,4076.37,9812.0
2025-11-19 20:00:00,4076.36,4084.76,4065.72,4077.76,5709.0
2025-11-19 22:00:00,4078.05,4108.32,4077.02,4104.55,6986.0
2025-11-19 23:00:00,4104.5,4110.27,4100.52,4103.03,7932.0
2025-11-20 00:00:00,4103.13,4109.13,4081.21,4081.48,11774.0
2025-11-20 01:00:00,4081.5,4081.51,4041.85,4067.08,13438.0
2025-11-20 02:00:00,4067.07,4085.58,4064.91,4072.37,10545.0
2025-11-20 03:00:00,4072.42,4080.42,4068.38,4075.68,7006.0
2025-11-20 04:00:00,4075.68,4076.03,4064.61,4066.94,9092.0
2025-11-20 05:00:00,4066.83,4077.59,4058.77,4068.57,10422.0
2025-11-20 06:00:00,4068.39,4076.6,4054.28,4060.11,9285.0
2025-11-20 07:00:00,4060.1,4069.47,4038.97,4063.53,12447.0
2025-11-20 08:00:00,4063.52,4072.81,4055.64,4064.07,10779.0
2025-11-20 09:00:00,4064.16,4068.32,4058.19,4060.07,7293.0
2025-11-20 10:00:00,4060.07,4068.31,4051.18,4060.4,8270.0
2025-11-20 11:00:00,4060.73,4082.07,4060.14,4081.86,8684.0
2025-11-20 12:00:00,4081.87,4096.32,4066.97,4080.51,15576.0
2025-11-20 13:00:00,4080.38,4107.13,4072.26,4093.22,15867.0
2025-11-20 14:00:00,4093.22,4098.85,4070.38,4070.5,16001.0
2025-11-20 15:00:00,4070.28,4082.62,4044.89,4049.24,17163.0
2025-11-20 16:00:00,4049.22,4068.45,4043.78,4066.2,17685.0
2025-11-20 17:00:00,4066.21,4072.63,4056.32,4060.68,15078.0
2025-11-20 18:00:00,4060.66,4087.2,4059.13,4084.58,13527.0
2025-11-20 19:00:00,4084.68,4085.1,4073.41,4077.15,11548.0
2025-11-20 20:00:00,4077.23,4081.01,4074.34,4077.2,3538.0
2025-11-20 22:00:00,4076.45,4088.79,4072.86,4078.96,6265.0
2025-11-20 23:00:00,4079.22,4081.23,4071.67,4073.94,5996.0
2025-11-21 00:00:00,4073.93,4074.61,4060.63,4068.6,11475.0
2025-11-21 01:00:00,4068.54,4079.94,4056.81,4057.24,9767.0
2025-11-21 02:00:00,4057.35,4059.47,4049.44,4056.27,10298.0
2025-11-21 03:00:00,4056.25,4062.51,4047.96,4052.11,8325.0
2025-11-21 04:00:00,4052.11,4059.63,4040.07,4058.55,9831.0
2025-11-21 05:00:00,4058.55,4065.18,4029.34,4032.87,12331.0
2025-11-21 06:00:00,4032.87,4039.79,4025.0,4031.67,10553.0
2025-11-21 07:00:00,4031.44,4048.01,4022.08,4041.09,11924.0
2025-11-21 08:00:00,4040.88,4063.49,4040.3,4050.61,11590.0
2025-11-21 09:00:00,4050.68,4052.78,4032.49,4037.28,12564.0
2025-11-21 10:00:00,4037.26,4046.89,4031.05,4036.73,9631.0
2025-11-21 11:00:00,4036.72,4071.79,4034.81,4065.96,13763.0
2025-11-21 12:00:00,4066.07,4081.22,4059.35,4079.64,13868.0
2025-11-21 13:00:00,4079.63,4084.0,4061.55,4071.87,15732.0
2025-11-21 14:00:00,4071.85,4076.86,4055.12,4069.73,17553.0
2025-11-21 15:00:00,4069.55,4100.69,4063.0,4099.93,15388.0
2025-11-21 16:00:00,4099.92,4101.05,4078.92,4085.56,14193.0
2025-11-21 17:00:00,4085.57,4088.39,4076.45,4082.95,13013.0
2025-11-21 18:00:00,4082.91,4092.21,4082.78,4087.66,8871.0
2025-11-21 19:00:00,4087.6,4088.79,4055.25,4067.71,13192.0
2025-11-21 20:00:00,4067.56,4069.26,4054.6,4065.26,4876.0
2025-11-23 22:00:00,4069.42,4077.88,4065.78,4075.21,6515.0
2025-11-23 23:00:00,4075.16,4076.15,4058.28,4067.39,6229.0
2025-11-24 00:00:00,4067.49,4073.19,4042.78,4044.3,11749.0
2025-11-24 01:00:00,4044.21,4051.66,4040.7,4043.68,8329.0
2025-11-24 02:00:00,4043.73,4058.19,4043.7,4050.06,8865.0
2025-11-24 03:00:00,4050.37,4061.19,4042.38,4044.03,8135.0
2025-11-24 04:00:00,4044.1,4049.36,4040.29,4046.27,9054.0
2025-11-24 05:00:00,4046.3,4058.16,4045.49,4053.44,8679.0
2025-11-24 06:00:00,4053.44,4067.65,4051.55,4060.01,8316.0
2025-11-24 07:00:00,4059.89,4067.02,4059.74,4063.53,8111.0
2025-11-24 08:00:00,4063.29,4074.06,4063.14,4071.86,9175.0
2025-11-24 09:00:00,4071.92,4077.2,4063.35,4063.95,7862.0
2025-11-24 10:00:00,4063.96,4071.69,4063.19,4070.05,6338.0
2025-11-24 11:00:00,4070.05,4084.06,4065.78,4080.41,8415.0
2025-11-24 12:00:00,4080.48,4086.0,4073.71,4077.77,10899.0
2025-11-24 13:00:00,4077.69,4086.0,4068.45,4081.4,13387.0
2025-11-24 14:00:00,4081.26,4093.9,4081.26,4091.8,14032.0
2025-11-24 15:00:00,4091.8,4098.94,4089.82,4097.4,10647.0
2025-11-24 16:00:00,4097.32,4100.47,4089.19,4093.12,9682.0
2025-11-24 17:00:00,4093.06,4125.82,4088.15,4120.57,10916.0
2025-11-24 18:00:00,4120.65,4124.22,4113.96,4118.53,8879.0
2025-11-24 19:00:00,4118.59,4133.57,4118.04,4132.75,9081.0
2025-11-24 20:00:00,4132.56,4139.86,4130.16,4134.62,4218.0
2025-11-24 22:00:00,4132.48,4144.29,4125.12,4143.84,6501.0
2025-11-24 23:00:00,4143.7,4144.38,4127.67,4129.43,8080.0
2025-11-25 00:00:00,4129.56,4139.26,4122.74,4134.79,11892.0
2025-11-25 01:00:00,4134.7,4155.86,4132.83,4150.76,10263.0
2025-11-25 02:00:00,4150.83,4150.9,4139.63,4143.3,9209.0
2025-11-25 03:00:00,4143.17,4148.4,4139.59,4140.77,6981.0
2025-11-25 04:00:00,4140.93,4151.99,4140.93,4150.97,7411.0
2025-11-25 05:00:00,4151.15,4152.07,4138.8,4141.7,9169.0
2025-11-25 06:00:00,4141.63,4146.11,4130.07,4132.51,9911.0
2025-11-25 07:00:00,4132.69,4139.45,4109.68,4116.13,9996.0
2025-11-25 08:00:00,4116.27,4131.42,4114.13,4128.46,9555.0
2025-11-25 09:00:00,4128.46,4138.73,4127.5,4131.27,7625.0
2025-11-25 10:00:00,4131.31,4137.38,4127.79,4133.49,6973.0
2025-11-25 11:00:00,4133.48,4138.73,4116.1,4129.88,10281.0
2025-11-25 12:00:00,4129.91,4150.8,4129.45,4147.83,12542.0
2025-11-25 13:00:00,4147.84,4148.72,4111.04,4125.42,14721.0
2025-11-25 14:00:00,4125.42,4133.87,4117.84,4123.06,14090.0
2025-11-25 15:00:00,4122.92,4141.48,4122.24,4136.41,11592.0
2025-11-25 16:00:00,4136.23,4159.42,4136.04,4146.13,13509.0
2025-11-25 17:00:00,4146.14,4150.85,4132.72,4134.35,10417.0
2025-11-25 18:00:00,4134.32,4140.44,4128.6,4133.76,10050.0
2025-11-25 19:00:00,4133.82,4138.48,4130.69,4132.36,8370.0
2025-11-25 20:00:00,4132.34,4132.5,4127.53,4130.64,3793.0
2025-11-25 22:00:00,4133.27,4137.08,4129.83,4133.77,3487.0
2025-11-25 23:00:00,4133.77,4144.33,4132.77,4142.83,5575.0
2025-11-26 00:00:00,4142.92,4152.94,4138.58,4148.47,8586.0
2025-11-26 01:00:00,4148.44,4166.62,4147.35,4161.64,10014.0
2025-11-26 02:00:00,4161.89,4169.33,4160.36,4166.17,7300.0
2025-11-26 03:00:00,4166.05,4167.19,4156.69,4162.04,5813.0
2025-11-26 04:00:00,4162.04,4168.73,4160.26,4162.42,7829.0
2025-11-26 05:00:00,4162.25,4162.92,4146.83,4150.11,9073.0
2025-11-26 06:00:00,4150.12,4161.54,4149.26,4157.52,7165.0
2025-11-26 07:00:00,4157.51,4168.61,4154.92,4161.25,8820.0
2025-11-26 08:00:00,4161.25,4164.79,4156.62,4162.79,7237.0
2025-11-26 09:00:00,4162.81,4165.14,4156.12,4160.1,7950.0
2025-11-26 10:00:00,4160.1,4173.13,4157.84,4171.59,7411.0
2025-11-26 11:00:00,4171.62,4173.46,4148.65,4155.19,10021.0
2025-11-26 12:00:00,4155.17,4166.69,4149.2,4153.36,11918.0
2025-11-26 13:00:00,4153.45,4156.9,4140.16,4141.97,13628.0
2025-11-26 14:00:00,4142.09,4165.77,4136.57,4165.43,14060.0
2025-11-26 15:00:00,4165.41,4168.48,4160.69,4167.18,10801.0
2025-11-26 16:00:00,4167.18,4169.88,4165.13,4167.18,7956.0
2025-11-26 17:00:00,4167.25,4171.67,4158.19,4164.79,9545.0
2025-11-26 18:00:00,4164.82,4169.82,4162.55,4163.3,7552.0
2025-11-26 19:00:00,4163.3,4167.46,4161.37,4164.01,9310.0
2025-11-26 20:00:00,4164.17,4167.36,4162.23,4163.7,4035.0
2025-11-26 22:00:00,4161.96,4168.76,4161.76,4164.91,4585.0
2025-11-26 23:00:00,4164.84,4167.15,4161.93,4164.57,4638.0
2025-11-27 00:00:00,4164.57,4165.47,4148.82,4154.2,11212.0
2025-11-27 01:00:00,4154.27,4156.25,4144.65,4145.41,8711.0
2025-11-27 02:00:00,4145.33,4150.67,4144.33,4147.47,7069.0
2025-11-27 03:00:00,4147.46,4154.74,4142.69,4150.89,6773.0
2025-11-27 04:00:00,4150.86,4154.71,4144.88,4147.16,7332.0
2025-11-27 05:00:00,4147.22,4159.3,4147.08,4157.59,9287.0
2025-11-27 06:00:00,4157.57,4162.56,4155.56,4160.2,8434.0
2025-11-27 07:00:00,4160.23,4167.13,4159.62,4165.86,8105.0
2025-11-27 08:00:00,4165.86,4165.95,4148.48,4158.62,8760.0
2025-11-27 09:00:00,4158.62,4160.47,4152.54,4156.53,7264.0
2025-11-27 10:00:00,4156.53,4162.49,4155.94,4157.36,5736.0
2025-11-27 11:00:00,4157.36,4159.23,4153.61,4154.01,4561.0
2025-11-27 12:00:00,4153.95,4158.04,4149.24,4154.95,9104.0
2025-11-27 13:00:00,4154.93,4160.72,4153.02,4153.36,7913.0
2025-11-27 14:00:00,4153.32,4161.76,4153.18,4158.0,5811.0
2025-11-27 15:00:00,4158.0,4158.42,4151.5,4156.46,4507.0
2025-11-27 16:00:00,4156.46,4159.23,4154.89,4157.8,3064.0
2025-11-27 17:00:00,4157.8,4159.92,4155.81,4159.27,2693.0
2025-11-27 18:00:00,4159.27,4160.53,4157.37,4157.37,1395.0
2025-11-27 22:00:00,4157.8,4163.92,4157.8,4163.45,2221.0
2025-11-27 23:00:00,4163.45,4182.82,4163.1,4180.68,6656.0
2025-11-28 00:00:00,4180.68,4193.09,4180.66,4191.11,9536.0
2025-11-28 01:00:00,4191.11,4192.06,4186.02,4189.59,6571.0
2025-11-28 02:00:00,4189.37,4191.95,4182.94,4184.23,2165.0
2025-11-28 03:00:00,4184.23,4188.83,4179.16,4188.66,3148.0
2025-11-28 04:00:00,4188.66,4188.76,4174.48,4182.55,3136.0
2025-11-28 05:00:00,4182.4,4189.03,4181.9,4187.61,2184.0
2025-11-28 06:00:00,4187.62,4187.82,4173.75,4174.83,1749.0
2025-11-28 07:00:00,4174.62,4175.08,4154.67,4166.55,118.0
2025-11-28 08:00:00,4167.14,4168.91,4160.24,4166.62,2327.0
2025-11-28 09:00:00,4166.62,4178.74,4160.7,4164.17,2900.0
2025-11-28 10:00:00,4164.02,4180.55,4163.2,4172.35,4668.0
2025-11-28 11:00:00,4171.98,4177.75,4168.68,4176.5,1978.0
2025-11-28 12:00:00,4176.5,4183.04,4168.66,4182.62,3664.0
2025-11-28 13:00:00,4182.61,4209.04,4182.6,4198.19,13376.0
2025-11-28 14:00:00,4198.29,4203.95,4185.75,4203.72,12220.0
2025-11-28 15:00:00,4203.79,4210.77,4197.86,4206.25,11163.0
2025-11-28 16:00:00,4206.57,4217.1,4204.42,4217.1,11140.0
2025-11-28 17:00:00,4216.94,4227.02,4211.15,4220.44,9445.0
2025-11-28 18:00:00,4220.44,4221.91,4216.27,4219.51,5367.0
2025-11-30 22:00:00,4222.02,4231.05,4205.49,4222.1,10786.0
2025-11-30 23:00:00,4221.83,4233.65,4218.22,4230.8,10398.0
2025-12-01 00:00:00,4230.76,4256.36,4219.87,4255.59,15094.0
2025-12-01 01:00:00,4255.56,4256.32,4234.54,4242.83,12665.0
2025-12-01 02:00:00,4242.82,4243.84,4232.56,4239.32,10677.0
2025-12-01 03:00:00,4239.32,4246.95,4236.52,4245.7,7718.0
2025-12-01 04:00:00,4245.7,4246.69,4215.44,4229.67,12153.0
2025-12-01 05:00:00,4229.72,4240.59,4226.39,4237.0,10878.0
2025-12-01 06:00:00,4237.27,4246.56,4231.72,4245.48,9597.0
2025-12-01 07:00:00,4245.27,4253.67,4238.53,4244.72,9678.0
2025-12-01 08:00:00,4244.73,4251.81,4243.76,4250.06,9602.0
2025-12-01 09:00:00,4250.06,4262.35,4249.19,4255.67,9039.0
2025-12-01 10:00:00,4255.71,4258.52,4248.22,4254.59,8488.0
2025-12-01 11:00:00,4254.55,4256.57,4244.22,4246.52,10814.0
2025-12-01 12:00:00,4246.52,4264.55,4245.74,4247.42,12671.0
2025-12-01 13:00:00,4247.5,4249.33,4219.28,4240.21,16566.0
2025-12-01 14:00:00,4242.38,4245.02,4219.56,4232.49,17104.0
2025-12-01 15:00:00,4232.49,4242.29,4225.24,4226.13,16373.0
2025-12-01 16:00:00,4226.24,4240.04,4223.35,4232.4,14300.0
2025-12-01 17:00:00,4232.56,4244.67,4232.54,4240.32,11869.0
2025-12-01 18:00:00,4240.35,4243.83,4229.38,4236.96,11708.0
2025-12-01 19:00:00,4236.96,4241.52,4234.49,4237.48,9863.0
2025-12-01 20:00:00,4237.3,4240.55,4230.04,4232.12,4666.0
2025-12-01 22:00:00,4231.0,4235.98,4224.5,4227.71,5703.0
2025-12-01 23:00:00,4227.72,4229.74,4221.35,4226.77,7919.0
2025-12-02 00:00:00,4226.73,4227.17,4198.61,4219.57,13970.0
2025-12-02 01:00:00,4219.57,4224.46,4214.44,4221.55,8809.0
2025-12-02 02:00:00,4221.55,4226.32,4215.78,4216.86,7589.0
2025-12-02 03:00:00,4216.86,4220.6,4213.89,4218.81,5940.0
2025-12-02 04:00:00,4218.8,4225.39,4215.26,4225.13,7738.0
2025-12-02 05:00:00,4225.17,4226.32,4203.4,4212.86,10353.0
2025-12-02 06:00:00,4212.86,4219.34,4209.72,4213.32,7302.0
2025-12-02 07:00:00,4213.41,4217.22,4207.17,4210.22,7979.0
2025-12-02 08:00:00,4210.18,4213.1,4181.19,4192.01,10114.0
2025-12-02 09:00:00,4191.94,4192.33,4182.36,4185.7,7695.0
2025-12-02 10:00:00,4185.69,4205.92,4184.94,4205.38,7508.0
2025-12-02 11:00:00,4205.4,4209.6,4201.07,4208.66,7229.0
2025-12-02 12:00:00,4209.0,4215.35,4202.15,4212.5,10899.0
2025-12-02 13:00:00,4212.45,4230.55,4212.36,4219.18,16130.0
2025-12-02 14:00:00,4218.78,4219.71,4163.67,4169.34,17976.0
2025-12-02 15:00:00,4169.83,4190.25,4166.99,4184.8,15004.0
2025-12-02 16:00:00,4184.8,4196.86,4184.64,4193.88,11007.0
2025-12-02 17:00:00,4193.78,4196.88,4183.26,4190.89,11159.0
2025-12-02 18:00:00,4190.91,4200.56,4190.91,4196.63,9471.0
2025-12-02 19:00:00,4196.66,4212.35,4195.0,4210.2,8853.0
2025-12-02 20:00:00,4209.98,4211.87,4205.25,4205.64,3938.0
2025-12-02 22:00:00,4206.66,4216.14,4202.7,4212.77,6019.0
2025-12-02 23:00:00,4212.81,4212.87,4204.46,4211.89,8089.0
2025-12-03 00:00:00,4212.23,4221.2,4211.6,4214.56,11689.0
2025-12-03 01:00:00,4214.48,4228.83,4214.32,4226.63,10366.0
2025-12-03 02:00:00,4226.63,4227.48,4220.19,4221.12,7987.0
2025-12-03 03:00:00,4221.13,4225.3,4217.39,4222.34,6148.0
2025-12-03 04:00:00,4222.35,4223.99,4203.58,4207.87,11156.0
2025-12-03 05:00:00,4207.83,4211.81,4204.94,4208.2,10547.0
2025-12-03 06:00:00,4208.18,4210.36,4200.16,4206.42,9261.0
2025-12-03 07:00:00,4206.7,4210.1,4203.84,4206.45,9669.0
2025-12-03 08:00:00,4206.44,4207.59,4197.16,4202.19,9345.0
2025-12-03 09:00:00,4202.2,4204.88,4194.56,4200.66,10377.0
2025-12-03 10:00:00,4200.7,4209.19,4197.14,4208.77,8439.0
2025-12-03 11:00:00,4208.77,4214.38,4205.28,4213.53,9739.0
2025-12-03 12:00:00,4213.64,4238.61,4211.34,4237.3,14224.0
2025-12-03 13:00:00,4237.29,4241.67,4204.98,4212.65,18165.0
2025-12-03 14:00:00,4210.03,4229.46,4206.07,4216.38,15736.0
2025-12-03 15:00:00,4216.33,4225.15,4195.86,4200.8,15079.0
2025-12-03 16:00:00,4200.83,4215.36,4200.31,4211.14,12671.0
2025-12-03 17:00:00,4211.42,4211.54,4195.26,4197.0,12011.0
2025-12-03 18:00:00,4197.11,4210.0,4196.98,4207.91,9419.0
2025-12-03 19:00:00,4207.91,4212.74,4203.81,4206.32,9453.0
2025-12-03 20:00:00,4206.34,4210.1,4202.67,4202.98,4966.0
2025-12-03 22:00:00,4204.0,4208.95,4202.82,4207.42,4444.0
2025-12-03 23:00:00,4207.36,4215.75,4204.5,4211.7,6607.0
2025-12-04 00:00:00,4211.72,4216.78,4205.83,4209.31,12033.0
2025-12-04 01:00:00,4209.28,4209.28,4198.96,4200.56,10416.0
2025-12-04 02:00:00,4200.56,4201.6,4187.57,4195.81,10079.0
2025-12-04 03:00:00,4195.78,4199.1,4192.83,4197.0,7565.0
2025-12-04 04:00:00,4197.0,4199.08,4175.07,4181.18,11479.0
2025-12-04 05:00:00,4181.2,4190.26,4178.72,4190.2,13089.0
2025-12-04 06:00:00,4190.2,4195.04,4186.66,4193.71,9386.0
2025-12-04 07:00:00,4193.34,4196.36,4184.88,4184.89,11250.0
2025-12-04 08:00:00,4184.95,4202.27,4183.54,4199.98,10151.0
2025-12-04 09:00:00,4199.97,4202.66,4196.72,4197.4,8065.0
2025-12-04 10:00:00,4197.44,4206.54,4197.27,4198.63,7776.0
2025-12-04 11:00:00,4198.56,4201.85,4188.51,4190.58,9563.0
2025-12-04 12:00:00,4190.58,4198.47,4185.65,4198.28,14157.0
2025-12-04 13:00:00,4198.29,4213.36,4193.68,4201.39,16232.0
2025-12-04 14:00:00,4201.08,4210.24,4191.41,4207.52,16260.0
2025-12-04 15:00:00,4207.53,4219.39,4206.72,4215.77,13351.0
2025-12-04 16:00:00,4215.9,4217.61,4208.89,4216.55,10231.0
2025-12-04 17:00:00,4216.47,4217.47,4207.39,4208.04,10509.0
2025-12-04 18:00:00,4208.1,4210.16,4199.62,4209.0,10464.0
2025-12-04 19:00:00,4208.88,4210.41,4205.52,4209.96,8476.0
2025-12-04 20:00:00,4209.9,4210.18,4207.9,4208.64,2957.0
2025-12-04 22:00:00,4208.76,4209.88,4203.81,4206.04,4371.0
2025-12-04 23:00:00,4206.09,4210.48,4201.38,4201.83,6299.0
2025-12-05 00:00:00,4201.79,4204.45,4194.86,4203.03,11130.0
2025-12-05 01:00:00,4203.03,4208.42,4196.8,4207.3,8670.0
2025-12-05 02:00:00,4207.3,4210.99,4201.9,4209.54,8375.0
2025-12-05 03:00:00,4209.54,4217.4,4208.04,4216.76,7143.0
2025-12-05 04:00:00,4216.76,4221.22,4214.4,4220.39,8561.0
2025-12-05 05:00:00,4220.37,4229.15,4218.63,4224.46,10464.0
2025-12-05 06:00:00,4224.53,4230.76,4222.58,4224.5,7814.0
2025-12-05 07:00:00,4224.56,4227.09,4220.62,4220.63,8532.0
2025-12-05 08:00:00,4220.54,4225.08,4216.06,4223.4,7677.0
2025-12-05 09:00:00,4223.41,4227.57,4222.54,4222.85,5581.0
2025-12-05 10:00:00,4222.86,4225.79,4220.04,4223.64,5372.0
2025-12-05 11:00:00,4223.64,4229.79,4223.0,4228.81,9220.0
2025-12-05 12:00:00,4228.83,4238.95,4221.57,4234.61,12933.0
2025-12-05 13:00:00,4234.6,4245.41,4228.48,4242.03,14710.0
2025-12-05 14:00:00,4242.06,4259.31,4234.26,4243.67,15551.0
2025-12-05 15:00:00,4244.05,4245.8,4198.76,4214.25,17147.0
2025-12-05 16:00:00,4214.2,4219.83,4206.51,4217.61,11910.0
2025-12-05 17:00:00,4217.44,4219.28,4206.78,4208.9,10952.0
2025-12-05 18:00:00,4208.93,4210.85,4202.4,4207.66,9018.0
2025-12-05 19:00:00,4207.77,4207.81,4199.45,4202.17,10847.0
2025-12-05 20:00:00,4202.19,4202.51,4192.06,4199.09,5976.0
2025-12-07 22:00:00,4192.56,4209.48,4189.78,4201.34,5555.0
2025-12-07 23:00:00,4201.45,4211.61,4199.42,4210.76,8026.0
2025-12-08 00:00:00,4210.75,4211.75,4197.54,4201.17,13642.0
2025-12-08 01:00:00,4201.12,4212.47,4198.58,4208.52,11388.0
2025-12-08 02:00:00,4208.51,4213.09,4206.72,4210.1,8072.0
2025-12-08 03:00:00,4210.1,4213.2,4207.01,4208.52,4377.0
2025-12-08 04:00:00,4208.52,4217.17,4204.58,4217.08,7919.0
2025-12-08 05:00:00,4217.08,4218.94,4212.29,4217.04,9656.0
2025-12-08 06:00:00,4217.23,4217.4,4206.33,4206.95,8709.0
2025-12-08 07:00:00,4206.93,4216.59,4203.1,4209.73,8576.0
2025-12-08 08:00:00,4209.51,4212.75,4204.36,4208.04,8149.0
2025-12-08 09:00:00,4208.05,4210.42,4201.17,4203.54,6555.0
2025-12-08 10:00:00,4203.58,4214.26,4199.71,4208.62,7666.0
2025-12-08 11:00:00,4208.61,4215.43,4208.54,4213.66,6836.0
2025-12-08 12:00:00,4213.8,4214.74,4197.84,4201.64,13317.0
2025-12-08 13:00:00,4201.7,4211.58,4195.6,4196.47,14830.0
2025-12-08 14:00:00,4196.54,4196.82,4176.24,4182.94,15707.0
2025-12-08 15:00:00,4182.93,4197.89,4176.94,4191.61,12485.0
2025-12-08 16:00:00,4191.56,4195.65,4185.61,4194.96,10181.0
2025-12-08 17:00:00,4194.97,4195.68,4184.43,4187.19,9550.0
2025-12-08 18:00:00,4187.2,4188.91,4184.22,4187.13,8000.0
2025-12-08 19:00:00,4187.09,4195.59,4185.0,4191.63,8600.0
2025-12-08 20:00:00,4191.64,4193.28,4188.17,4190.56,2643.0
2025-12-08 22:00:00,4190.59,4195.4,4189.65,4194.74,3541.0
2025-12-08 23:00:00,4194.69,4195.67,4190.01,4190.51,4602.0
2025-12-09 00:00:00,4190.51,4197.36,4188.91,4196.27,9876.0
2025-12-09 01:00:00,4196.29,4197.26,4186.04,4190.0,8820.0
2025-12-09 02:00:00,4189.89,4198.9,4189.89,4194.56,8174.0
2025-12-09 03:00:00,4194.56,4195.69,4184.72,4186.95,7408.0
2025-12-09 04:00:00,4186.95,4187.38,4178.22,4179.93,10514.0
2025-12-09 05:00:00,4179.93,4184.06,4170.08,4182.07,11570.0
2025-12-09 06:00:00,4182.06,4185.79,4175.93,4182.47,10371.0
2025-12-09 07:00:00,4182.43,4191.86,4182.43,4191.76,8855.0
2025-12-09 08:00:00,4191.79,4212.81,4190.88,4203.14,12429.0
2025-12-09 09:00:00,4202.94,4208.41,4201.32,4203.95,8796.0
2025-12-09 10:00:00,4203.97,4206.53,4201.26,4203.1,6186.0
2025-12-09 11:00:00,4203.14,4207.57,4198.59,4204.35,7038.0
2025-12-09 12:00:00,4204.34,4208.37,4195.75,4201.39,13104.0
2025-12-09 13:00:00,4201.4,4210.41,4189.57,4204.76,15250.0
2025-12-09 14:00:00,4204.68,4216.34,4189.82,4212.65,16598.0
2025-12-09 15:00:00,4212.66,4221.4,4210.22,4212.1,15525.0
2025-12-09 16:00:00,4212.13,4216.28,4201.64,4203.18,13329.0
2025-12-09 17:00:00,4203.09,4209.78,4201.38,4209.06,9944.0
2025-12-09 18:00:00,4209.05,4214.47,4207.17,4212.62,8541.0
2025-12-09 19:00:00,4212.31,4216.11,4209.04,4212.22,10087.0
2025-12-09 20:00:00,4212.19,4212.96,4207.14,4208.1,5916.0
2025-12-09 22:00:00,4207.85,4213.05,4207.36,4210.93,3709.0
2025-12-09 23:00:00,4210.88,4212.63,4207.08,4208.48,4876.0
2025-12-10 00:00:00,4208.49,4218.04,4207.0,4213.88,10544.0
2025-12-10 01:00:00,4213.72,4218.84,4211.64,4217.23,7785.0
2025-12-10 02:00:00,4217.16,4217.18,4203.76,4206.35,7510.0
2025-12-10 03:00:00,4206.37,4209.66,4205.48,4207.05,4666.0
2025-12-10 04:00:00,4207.04,4214.51,4201.88,4211.38,7725.0
2025-12-10 05:00:00,4211.39,4211.75,4203.14,4207.51,9105.0
2025-12-10 06:00:00,4207.45,4209.27,4203.24,4203.31,5954.0
2025-12-10 07:00:00,4203.28,4206.54,4197.08,4197.99,8279.0
2025-12-10 08:00:00,4197.98,4200.58,4192.66,4194.26,8612.0
2025-12-10 09:00:00,4194.3,4196.4,4187.79,4193.3,8343.0
2025-12-10 10:00:00,4193.43,4197.8,4192.63,4197.53,6480.0
2025-12-10 11:00:00,4197.94,4202.18,4195.38,4196.27,6737.0
2025-12-10 12:00:00,4196.37,4205.11,4192.94,4200.72,11864.0
2025-12-10 13:00:00,4200.77,4207.05,4191.54,4192.56,13449.0
2025-12-10 14:00:00,4192.58,4201.25,4188.95,4193.78,13230.0
2025-12-10 15:00:00,4193.81,4205.1,4193.08,4204.79,11229.0
2025-12-10 16:00:00,4204.74,4204.83,4197.01,4199.74,8716.0
2025-12-10 17:00:00,4199.79,4200.87,4192.09,4194.43,8460.0
2025-12-10 18:00:00,4194.41,4219.87,4181.91,4216.64,19052.0
2025-12-10 19:00:00,4216.62,4238.81,4211.16,4230.13,15758.0
2025-12-10 20:00:00,4229.96,4232.51,4221.24,4228.54,6348.0
2025-12-10 22:00:00,4220.64,4234.13,4220.64,4232.49,5239.0
2025-12-10 23:00:00,4232.45,4245.2,4231.4,4237.1,8750.0
2025-12-11 00:00:00,4237.09,4247.76,4232.99,4238.34,12496.0
2025-12-11 01:00:00,4238.29,4240.82,4220.6,4222.37,11601.0
2025-12-11 02:00:00,4222.28,4225.02,4209.42,4216.72,10867.0
2025-12-11 03:00:00,4216.66,4218.32,4208.5,4213.58,7547.0
2025-12-11 04:00:00,4213.48,4216.34,4206.17,4207.58,8593.0
2025-12-11 05:00:00,4207.58,4215.44,4204.39,4214.55,9570.0
2025-12-11 06:00:00,4214.55,4218.46,4210.67,4216.04,7304.0
2025-12-11 07:00:00,4216.02,4219.61,4212.9,4216.61,8370.0
2025-12-11 08:00:00,4216.46,4221.55,4210.54,4218.5,7602.0
2025-12-11 09:00:00,4218.5,4225.96,4211.67,4217.0,8110.0
2025-12-11 10:00:00,4217.0,4219.01,4209.71,4211.22,6244.0
2025-12-11 11:00:00,4211.28,4220.56,4208.72,4220.54,8255.0
2025-12-11 12:00:00,4220.54,4223.4,4205.24,4221.04,13078.0
2025-12-11 13:00:00,4221.05,4244.5,4218.02,4230.14,15032.0
2025-12-11 14:00:00,4230.14,4261.45,4226.25,4255.96,16268.0
2025-12-11 15:00:00,4256.16,4279.01,4250.26,4273.65,15404.0
2025-12-11 16:00:00,4273.82,4281.82,4272.29,4278.73,13696.0
2025-12-11 17:00:00,4278.65,4285.93,4266.77,4268.23,11290.0
2025-12-11 18:00:00,4268.25,4277.67,4263.18,4273.61,10523.0
2025-12-11 19:00:00,4273.69,4276.37,4264.34,4276.3,10935.0
2025-12-11 20:00:00,4276.32,4283.61,4272.6,4279.59,4350.0
2025-12-11 22:00:00,4280.81,4283.72,4272.78,4276.33,5593.0
2025-12-11 23:00:00,4276.27,4280.2,4268.88,4269.5,6652.0
2025-12-12 00:00:00,4269.48,4276.31,4264.6,4271.07,12510.0
2025-12-12 01:00:00,4271.03,4276.87,4269.41,4270.5,10053.0
2025-12-12 02:00:00,4270.51,4274.71,4268.84,4270.65,7142.0
2025-12-12 03:00:00,4270.65,4271.06,4266.31,4266.48,6395.0
2025-12-12 04:00:00,4266.5,4280.54,4266.15,4279.01,9107.0
2025-12-12 05:00:00,4279.01,4283.28,4276.67,4282.83,8146.0
2025-12-12 06:00:00,4282.83,4290.49,4281.61,4287.09,8194.0
2025-12-12 07:00:00,4287.09,4309.44,4287.0,4308.14,10584.0
2025-12-12 08:00:00,4308.22,4320.4,4307.02,4318.33,11336.0
2025-12-12 09:00:00,4318.41,4330.98,4314.82,4329.82,10351.0
2025-12-12 10:00:00,4329.92,4339.34,4327.0,4336.32,10577.0
2025-12-12 11:00:00,4336.46,4339.16,4324.88,4325.8,10340.0
2025-12-12 12:00:00,4325.86,4346.11,4321.4,4341.08,14206.0
2025-12-12 13:00:00,4341.07,4353.57,4331.04,4347.16,16257.0
2025-12-12 14:00:00,4346.8,4351.58,4283.13,4290.46,19827.0
2025-12-12 15:00:00,4290.04,4296.56,4257.68,4281.95,19891.0
2025-12-12 16:00:00,4281.88,4298.32,4271.17,4294.27,16192.0
2025-12-12 17:00:00,4294.61,4303.6,4290.62,4294.92,13321.0
2025-12-12 18:00:00,4295.21,4299.8,4289.88,4296.65,10975.0
2025-12-12 19:00:00,4296.59,4303.03,4288.57,4299.48,11213.0
2025-12-12 20:00:00,4299.5,4304.16,4298.04,4299.72,4864.0
2025-12-14 22:00:00,4299.85,4308.56,4293.26,4302.34,7355.0
2025-12-14 23:00:00,4302.55,4308.08,4300.17,4307.56,6305.0
2025-12-15 00:00:00,4307.56,4325.7,4305.78,4322.54,11803.0
2025-12-15 01:00:00,4322.46,4329.26,4320.98,4326.49,9969.0
2025-12-15 02:00:00,4326.47,4329.78,4319.49,4327.16,10275.0
2025-12-15 03:00:00,4327.07,4330.09,4323.24,4326.11,7246.0
2025-12-15 04:00:00,4326.12,4344.42,4324.97,4343.62,10048.0
2025-12-15 05:00:00,4343.61,4347.41,4339.72,4343.59,10147.0
2025-12-15 06:00:00,4343.6,4344.77,4333.45,4339.27,8297.0
2025-12-15 07:00:00,4339.23,4349.03,4338.96,4347.06,8432.0
2025-12-15 08:00:00,4346.93,4350.36,4342.35,4342.6,8380.0
2025-12-15 09:00:00,4342.7,4348.28,4337.8,4339.73,7104.0
2025-12-15 10:00:00,4339.68,4343.74,4335.39,4342.8,6160.0
2025-12-15 11:00:00,4342.88,4348.36,4342.74,4345.78,7129.0
2025-12-15 12:00:00,4345.77,4346.29,4330.98,4332.22,13499.0
2025-12-15 13:00:00,4332.25,4336.78,4317.47,4323.94,15640.0
2025-12-15 14:00:00,4323.74,4327.91,4311.63,4318.25,16866.0
2025-12-15 15:00:00,4318.21,4318.81,4285.29,4297.66,17270.0
2025-12-15 16:00:00,4297.55,4306.57,4290.79,4304.49,13936.0
2025-12-15 17:00:00,4304.51,4313.63,4300.05,4313.21,11626.0
2025-12-15 18:00:00,4313.16,4317.82,4307.96,4314.13,10307.0
2025-12-15 19:00:00,4314.06,4314.42,4299.73,4304.42,10352.0
2025-12-15 20:00:00,4304.42,4305.64,4300.7,4304.91,3705.0
2025-12-15 22:00:00,4306.17,4309.84,4303.3,4304.17,4966.0
2025-12-15 23:00:00,4304.33,4313.28,4302.81,4307.85,7318.0
2025-12-16 00:00:00,4308.12,4317.88,4299.18,4308.84,11890.0
2025-12-16 01:00:00,4308.84,4312.31,4286.74,4289.84,11027.0
2025-12-16 02:00:00,4289.84,4294.52,4280.75,4290.97,12340.0
2025-12-16 03:00:00,4290.89,4292.33,4286.7,4289.07,6217.0
2025-12-16 04:00:00,4289.07,4292.28,4271.52,4284.15,10621.0
2025-12-16 05:00:00,4284.27,4292.14,4282.68,4289.29,9426.0
2025-12-16 06:00:00,4289.29,4289.9,4279.73,4287.68,7634.0
2025-12-16 07:00:00,4287.46,4289.36,4275.54,4284.7,8554.0
2025-12-16 08:00:00,4284.7,4285.95,4276.29,4280.43,7904.0
2025-12-16 09:00:00,4280.5,4284.31,4274.88,4277.3,7590.0
2025-12-16 10:00:00,4277.18,4279.63,4273.83,4278.5,6748.0
2025-12-16 11:00:00,4278.55,4294.9,4276.79,4294.54,9811.0
2025-12-16 12:00:00,4294.52,4313.27,4290.79,4313.06,14651.0
2025-12-16 13:00:00,4313.07,4332.13,4311.46,4324.64,16276.0
2025-12-16 14:00:00,4324.55,4335.09,4312.5,4319.78,16855.0
2025-12-16 15:00:00,4319.7,4323.31,4291.27,4300.64,15134.0
2025-12-16 16:00:00,4300.78,4310.9,4300.2,4303.68,12091.0
2025-12-16 17:00:00,4303.52,4313.54,4298.2,4311.32,12301.0
2025-12-16 18:00:00,4311.31,4315.96,4297.18,4310.7,11061.0
2025-12-16 19:00:00,4310.66,4314.52,4302.84,4304.72,8426.0
2025-12-16 20:00:00,4304.69,4305.53,4300.82,4302.04,3075.0
2025-12-16 22:00:00,4303.46,4309.12,4301.54,4307.87,3936.0
2025-12-16 23:00:00,4307.87,4315.09,4307.36,4313.27,4714.0
2025-12-17 00:00:00,4313.25,4326.73,4311.44,4326.66,13519.0
2025-12-17 01:00:00,4326.67,4327.79,4311.27,4314.44,11591.0
2025-12-17 02:00:00,4314.43,4325.2,4312.7,4323.77,10264.0
2025-12-17 03:00:00,4323.78,4331.63,4320.75,4329.65,7107.0
2025-12-17 04:00:00,4329.72,4342.52,4328.11,4333.97,11031.0
2025-12-17 05:00:00,4333.97,4337.76,4324.56,4328.63,9628.0
2025-12-17 06:00:00,4328.63,4328.7,4315.6,4317.99,9105.0
2025-12-17 07:00:00,4317.89,4320.94,4308.34,4319.21,9756.0
2025-12-17 08:00:00,4319.17,4323.29,4316.05,4316.98,7308.0
2025-12-17 09:00:00,4316.93,4322.29,4306.72,4317.69,7166.0
2025-12-17 10:00:00,4317.73,4320.56,4315.18,4316.42,6126.0
2025-12-17 11:00:00,4316.42,4323.15,4315.01,4317.58,7130.0
2025-12-17 12:00:00,4317.61,4344.15,4315.11,4342.14,13974.0
2025-12-17 13:00:00,4342.12,4346.01,4322.89,4338.41,17719.0
2025-12-17 14:00:00,4338.32,4348.9,4324.4,4330.23,17776.0
2025-12-17 15:00:00,4330.41,4337.62,4320.37,4333.58,16346.0
2025-12-17 16:00:00,4333.69,4342.41,4328.52,4342.41,14002.0
2025-12-17 17:00:00,4342.46,4346.48,4329.04,4336.16,13613.0
2025-12-17 18:00:00,4336.16,4341.03,4330.38,4337.1,9194.0
2025-12-17 19:00:00,4337.1,4346.04,4335.23,4341.4,9660.0
2025-12-17 20:00:00,4341.44,4346.16,4337.4,4338.07,4492.0
2025-12-17 22:00:00,4337.98,4342.99,4335.77,4339.32,5075.0
2025-12-17 23:00:00,4339.2,4342.98,4333.17,4334.8,7557.0
2025-12-18 00:00:00,4334.85,4337.03,4324.49,4331.53,12476.0
2025-12-18 01:00:00,4331.52,4337.72,4329.92,4333.25,9987.0
2025-12-18 02:00:00,4333.22,4336.76,4330.95,4333.19,9462.0
2025-12-18 03:00:00,4333.13,4333.58,4328.69,4331.96,7057.0
2025-12-18 04:00:00,4331.86,4337.49,4331.14,4333.2,8927.0
2025-12-18 05:00:00,4333.2,4336.17,4330.74,4334.02,8151.0
2025-12-18 06:00:00,4333.98,4337.76,4329.98,4331.5,6493.0
2025-12-18 07:00:00,4331.21,4332.56,4322.02,4326.58,7866.0
2025-12-18 08:00:00,4326.35,4328.62,4320.88,4323.43,8384.0
2025-12-18 09:00:00,4323.4,4327.61,4322.08,4325.41,6404.0
2025-12-18 10:00:00,4325.45,4328.69,4324.46,4325.64,5291.0
2025-12-18 11:00:00,4325.62,4326.64,4317.34,4320.89,7701.0
2025-12-18 12:00:00,4320.67,4343.01,4314.47,4336.58,14919.0
2025-12-18 13:00:00,4336.54,4341.45,4308.29,4328.57,17577.0
2025-12-18 14:00:00,4328.58,4341.55,4325.06,4338.2,17072.0
2025-12-18 15:00:00,4338.23,4374.6,4337.78,4360.39,16179.0
2025-12-18 16:00:00,4360.38,4363.58,4321.97,4333.29,16893.0
2025-12-18 17:00:00,4333.4,4341.3,4325.72,4331.77,12562.0
2025-12-18 18:00:00,4331.77,4334.8,4322.96,4325.04,12791.0
2025-12-18 19:00:00,4325.09,4338.29,4324.6,4335.01,11721.0
2025-12-18 20:00:00,4335.0,4335.0,4328.56,4332.34,3881.0
2025-12-18 22:00:00,4333.19,4336.94,4332.61,4335.27,3709.0
2025-12-18 23:00:00,4335.26,4335.82,4325.7,4326.08,5409.0
2025-12-19 00:00:00,4326.08,4328.39,4309.34,4323.42,12518.0
2025-12-19 01:00:00,4323.44,4328.04,4314.1,4316.72,8547.0
2025-12-19 02:00:00,4316.68,4322.49,4312.57,4318.08,7971.0
2025-12-19 03:00:00,4318.09,4323.08,4316.96,4322.84,6207.0
2025-12-19 04:00:00,4323.03,4329.03,4317.75,4326.02,8495.0
2025-12-19 05:00:00,4326.02,4329.53,4321.76,4326.51,9812.0
2025-12-19 06:00:00,4326.51,4329.67,4321.84,4322.77,7779.0
2025-12-19 07:00:00,4322.66,4331.04,4321.16,4326.0,7456.0
2025-12-19 08:00:00,4325.99,4333.64,4324.44,4329.53,6983.0
2025-12-19 09:00:00,4329.43,4331.78,4322.5,4327.93,7560.0
2025-12-19 10:00:00,4327.93,4329.55,4325.21,4327.3,7681.0
2025-12-19 11:00:00,4327.58,4328.93,4320.7,4326.87,8680.0
2025-12-19 12:00:00,4326.87,4335.51,4326.12,4328.45,12362.0
2025-12-19 13:00:00,4328.48,4338.0,4319.73,4332.59,15637.0
2025-12-19 14:00:00,4332.43,4349.23,4332.11,4347.92,16215.0
2025-12-19 15:00:00,4347.81,4354.68,4342.05,4349.84,13576.0
2025-12-19 16:00:00,4349.84,4355.89,4347.09,4353.53,11055.0
2025-12-19 17:00:00,4353.45,4356.57,4343.3,4348.71,10675.0
2025-12-19 18:00:00,4348.67,4350.67,4345.19,4345.34,7333.0
2025-12-19 19:00:00,4345.29,4346.4,4336.87,4339.57,8660.0
2025-12-19 20:00:00,4339.57,4340.24,4336.76,4338.16,3046.0
2025-12-21 22:00:00,4340.43,4356.38,4338.11,4355.19,6171.0
2025-12-21 23:00:00,4355.15,4366.21,4355.15,4364.99,7179.0
2025-12-22 00:00:00,4364.99,4384.82,4361.27,4382.99,12590.0
2025-12-22 01:00:00,4383.01,4388.68,4378.61,4385.94,9425.0
2025-12-22 02:00:00,4386.03,4394.97,4384.27,4392.68,7236.0
2025-12-22 03:00:00,4392.73,4400.72,4391.42,4398.49,5986.0
2025-12-22 04:00:00,4398.33,4409.52,4396.67,4400.09,9864.0
2025-12-22 05:00:00,4400.27,4419.83,4398.91,4419.27,9756.0
2025-12-22 06:00:00,4419.27,4420.2,4410.59,4414.48,7054.0
2025-12-22 07:00:00,4414.48,4414.99,4406.35,4408.4,7335.0
2025-12-22 08:00:00,4408.45,4414.9,4408.11,4411.14,4951.0
2025-12-22 09:00:00,4411.3,4415.93,4406.2,4408.72,5248.0
2025-12-22 10:00:00,4408.71,4411.87,4406.19,4410.4,6576.0
2025-12-22 11:00:00,4410.25,4415.98,4406.3,4415.67,7685.0
2025-12-22 12:00:00,4415.72,4427.32,4413.3,4423.72,12931.0
2025-12-22 13:00:00,4424.02,4429.14,4414.81,4419.24,13554.0
2025-12-22 14:00:00,4419.31,4435.65,4412.14,4431.86,14588.0
2025-12-22 15:00:00,4431.75,4442.28,4428.19,4438.86,11882.0
2025-12-22 16:00:00,4438.87,4442.05,4432.13,4438.58,8833.0
2025-12-22 17:00:00,4438.8,4438.99,4429.56,4435.29,7644.0
2025-12-22 18:00:00,4435.29,4435.95,4428.92,4433.61,6078.0
2025-12-22 19:00:00,4433.6,4439.29,4431.83,4438.71,6892.0
2025-12-22 20:00:00,4438.72,4449.29,4438.57,4443.59,5409.0
2025-12-22 22:00:00,4446.58,4461.7,4445.75,4460.21,6879.0
2025-12-22 23:00:00,4460.14,4470.6,4458.07,4470.58,6646.0
2025-12-23 00:00:00,4470.58,4490.8,4469.71,4486.81,13243.0
2025-12-23 01:00:00,4486.81,4497.92,4481.28,4493.42,10067.0
2025-12-23 02:00:00,4493.4,4496.58,4483.01,4486.97,11651.0
2025-12-23 03:00:00,4486.97,4488.49,4478.87,4482.57,8170.0
2025-12-23 04:00:00,4482.48,4485.56,4474.99,4475.27,11788.0
2025-12-23 05:00:00,4475.21,4481.52,4469.58,4481.48,10469.0
2025-12-23 06:00:00,4481.42,4489.6,4478.46,4486.66,8758.0
2025-12-23 07:00:00,4486.7,4493.32,4484.93,4489.99,9354.0
2025-12-23 08:00:00,4489.99,4491.23,4478.22,4480.49,9179.0
2025-12-23 09:00:00,4480.55,4487.58,4479.62,4484.35,7935.0
2025-12-23 10:00:00,4484.31,4494.27,4483.12,4493.57,7277.0
2025-12-23 11:00:00,4493.55,4493.71,4483.46,4486.62,8578.0
2025-12-23 12:00:00,4486.36,4497.38,4473.32,4479.15,15007.0
2025-12-23 13:00:00,4479.06,4479.79,4441.29,4446.53,19773.0
2025-12-23 14:00:00,4446.35,4459.31,4430.13,4458.53,20304.0
2025-12-23 15:00:00,4458.56,4476.63,4455.96,4474.28,15725.0
2025-12-23 16:00:00,4474.3,4479.9,4469.96,4472.84,15245.0
2025-12-23 17:00:00,4473.02,4485.06,4472.82,4484.5,12880.0
2025-12-23 18:00:00,4484.48,4496.42,4484.18,4490.86,11657.0
2025-12-23 19:00:00,4490.82,4499.82,4489.52,4497.56,11097.0
2025-12-23 20:00:00,4497.57,4499.01,4483.46,4484.66,6772.0
2025-12-23 22:00:00,4485.0,4510.27,4484.79,4503.42,8237.0
2025-12-23 23:00:00,4503.39,4518.18,4500.77,4512.02,11087.0
2025-12-24 00:00:00,4511.62,4525.68,4506.95,4518.78,16626.0
2025-12-24 01:00:00,4518.78,4519.3,4475.49,4477.66,15384.0
2025-12-24 02:00:00,4478.22,4498.28,4471.34,4493.29,14197.0
2025-12-24 03:00:00,4493.29,4501.48,4491.16,4499.31,9412.0
2025-12-24 04:00:00,4499.31,4500.58,4485.37,4488.46,13745.0
2025-12-24 05:00:00,4488.51,4497.85,4485.52,4493.6,13098.0
2025-12-24 06:00:00,4493.64,4494.96,4483.52,4483.96,10148.0
2025-12-24 07:00:00,4483.91,4492.85,4478.34,4482.3,13141.0
2025-12-24 08:00:00,4482.28,4496.06,4482.08,4494.74,9993.0
2025-12-24 09:00:00,4494.74,4499.96,4482.56,4489.46,6786.0
2025-12-24 10:00:00,4489.46,4491.93,4483.16,4491.64,7713.0
2025-12-24 11:00:00,4491.58,4496.17,4489.86,4490.82,9195.0
2025-12-24 12:00:00,4490.82,4493.32,4474.48,4487.92,13295.0
2025-12-24 13:00:00,4488.0,4489.53,4460.61,4464.99,16083.0
2025-12-24 14:00:00,4464.64,4476.62,4448.47,4458.6,17688.0
2025-12-24 15:00:00,4458.61,4478.21,4455.99,4476.92,13687.0
2025-12-24 16:00:00,4476.89,4487.88,4475.59,4480.69,12247.0
2025-12-24 17:00:00,4480.74,4482.63,4477.37,4479.58,3848.0
2025-12-25 22:00:00,4492.52,4503.54,4481.31,4495.08,8103.0
2025-12-25 23:00:00,4495.03,4517.91,4492.38,4517.8,9281.0
2025-12-26 00:00:00,4517.85,4531.36,4497.84,4503.89,15281.0
2025-12-26 01:00:00,4503.88,4509.91,4492.4,4508.75,13641.0
2025-12-26 02:00:00,4508.75,4513.56,4497.66,4501.94,11859.0
2025-12-26 03:00:00,4501.85,4511.73,4500.64,4509.08,8397.0
2025-12-26 04:00:00,4509.07,4514.88,4506.07,4510.02,10242.0
2025-12-26 05:00:00,4509.99,4519.5,4508.19,4511.68,11831.0
2025-12-26 06:00:00,4511.67,4515.64,4507.16,4511.1,8579.0
2025-12-26 07:00:00,4511.13,4519.43,4509.69,4518.77,8141.0
2025-12-26 08:00:00,4518.87,4520.63,4512.07,4512.83,6805.0
2025-12-26 09:00:00,4512.82,4523.7,4511.39,4514.58,8557.0
2025-12-26 10:00:00,4514.58,4515.24,4503.12,4509.86,10992.0
2025-12-26 11:00:00,4509.83,4514.87,4506.71,4508.77,8426.0
2025-12-26 12:00:00,4508.75,4528.66,4503.72,4525.17,13873.0
2025-12-26 13:00:00,4525.23,4533.56,4513.07,4521.11,14769.0
2025-12-26 14:00:00,4521.33,4547.42,4519.58,4546.71,15886.0
2025-12-26 15:00:00,4546.77,4549.86,4531.2,4536.35,14631.0
2025-12-26 16:00:00,4536.47,4537.58,4510.24,4519.19,14623.0
2025-12-26 17:00:00,4518.87,4532.74,4515.02,4531.11,13525.0
2025-12-26 18:00:00,4531.11,4535.78,4520.1,4523.95,10870.0
2025-12-26 19:00:00,4523.95,4536.18,4521.77,4531.4,12224.0
2025-12-26 20:00:00,4531.36,4534.65,4526.97,4531.0,6814.0
2025-12-28 22:00:00,4539.85,4549.73,4523.54,4527.15,10258.0
2025-12-28 23:00:00,4527.15,4527.87,4472.55,4497.25,13532.0
2025-12-29 00:00:00,4497.23,4517.47,4492.26,4497.15,15762.0
2025-12-29 01:00:00,4497.06,4515.86,4496.31,4512.47,12412.0
2025-12-29 02:00:00,4512.32,4520.37,4509.5,4516.6,11958.0
2025-12-29 03:00:00,4516.37,4519.5,4508.1,4515.72,8613.0
2025-12-29 04:00:00,4515.54,4519.33,4505.21,4506.64,9492.0
2025-12-29 05:00:00,4506.88,4510.63,4471.13,4475.22,14707.0
2025-12-29 06:00:00,4475.04,4481.7,4445.39,4474.68,13311.0
2025-12-29 07:00:00,4474.75,4488.39,4452.34,4461.21,13416.0
2025-12-29 08:00:00,4461.19,4476.12,4459.22,4472.11,11449.0
2025-12-29 09:00:00,4472.1,4474.64,4457.24,4461.0,9902.0
2025-12-29 10:00:00,4461.0,4467.71,4434.2,4446.81,11364.0
2025-12-29 11:00:00,4446.86,4464.75,4445.68,4464.45,10966.0
2025-12-29 12:00:00,4464.39,4467.57,4407.16,4421.58,16846.0
2025-12-29 13:00:00,4421.22,4421.22,4357.03,4360.23,18719.0
2025-12-29 14:00:00,4360.88,4360.88,4302.47,4325.33,18240.0
2025-12-29 15:00:00,4325.28,4347.61,4323.4,4341.76,15257.0
2025-12-29 16:00:00,4341.87,4343.1,4315.04,4328.12,13534.0
2025-12-29 17:00:00,4328.31,4335.04,4322.91,4331.43,12727.0
2025-12-29 18:00:00,4331.74,4337.96,4327.64,4336.99,8796.0
2025-12-29 19:00:00,4336.99,4344.62,4325.95,4334.61,10577.0
2025-12-29 20:00:00,4334.44,4339.42,4327.7,4332.04,5734.0
2025-12-29 22:00:00,4334.39,4347.36,4323.26,4345.77,7622.0
2025-12-29 23:00:00,4345.73,4350.91,4334.65,4339.66,9089.0
2025-12-30 00:00:00,4339.66,4360.19,4324.66,4360.19,14291.0
2025-12-30 01:00:00,4360.13,4364.87,4349.06,4362.6,13494.0
2025-12-30 02:00:00,4362.64,4369.17,4356.34,4359.36,10083.0
2025-12-30 03:00:00,4359.36,4369.7,4357.54,4363.52,5243.0
2025-12-30 04:00:00,4363.6,4380.09,4358.82,4377.75,11349.0
2025-12-30 05:00:00,4377.75,4378.58,4359.9,4364.72,13868.0
2025-12-30 06:00:00,4364.84,4383.25,4359.24,4372.52,11810.0
2025-12-30 07:00:00,4372.61,4373.72,4350.22,4365.07,11152.0
2025-12-30 08:00:00,4365.06,4376.4,4364.18,4372.14,9890.0
2025-12-30 09:00:00,4372.13,4391.62,4367.68,4384.95,10195.0
2025-12-30 10:00:00,4385.43,4390.24,4381.32,4384.29,9814.0
2025-12-30 11:00:00,4384.26,4402.84,4383.51,4401.26,13021.0
2025-12-30 12:00:00,4401.26,4404.22,4376.27,4388.54,16516.0
2025-12-30 13:00:00,4388.66,4392.2,4355.78,4366.47,16725.0
2025-12-30 14:00:00,4365.86,4377.53,4359.4,4365.15,16786.0
2025-12-30 15:00:00,4365.35,4379.98,4354.7,4377.87,14542.0
2025-12-30 16:00:00,4377.89,4381.82,4364.37,4370.25,12656.0
2025-12-30 17:00:00,4370.2,4378.69,4362.67,4364.83,11126.0
2025-12-30 18:00:00,4364.89,4368.09,4337.51,4348.53,10496.0
2025-12-30 19:00:00,4348.64,4355.4,4337.78,4341.45,12429.0
2025-12-30 20:00:00,4342.08,4350.62,4334.68,4338.64,6059.0
2025-12-30 22:00:00,4338.36,4346.39,4328.9,4339.15,7270.0
2025-12-30 23:00:00,4339.17,4346.79,4332.75,4342.44,8170.0
2025-12-31 00:00:00,4342.38,4373.16,4336.82,4366.03,13771.0
2025-12-31 01:00:00,4366.1,4371.13,4347.02,4348.73,13449.0
2025-12-31 02:00:00,4348.73,4359.94,4340.92,4348.64,12804.0
2025-12-31 03:00:00,4348.65,4351.37,4330.9,4332.96,9343.0
2025-12-31 04:00:00,4333.14,4343.16,4276.27,4285.8,13651.0
2025-12-31 05:00:00,4285.8,4328.84,4274.74,4328.18,13124.0
2025-12-31 06:00:00,4328.46,4335.03,4323.76,4331.22,9797.0
2025-12-31 07:00:00,4331.27,4332.88,4303.48,4307.36,9677.0
2025-12-31 08:00:00,4307.73,4337.3,4307.09,4325.9,9720.0
2025-12-31 09:00:00,4326.14,4331.52,4303.62,4306.59,8745.0
2025-12-31 10:00:00,4306.49,4316.32,4304.11,4311.02,7777.0
2025-12-31 11:00:00,4311.02,4317.85,4303.22,4313.89,9870.0
2025-12-31 12:00:00,4313.89,4348.38,4308.05,4345.91,13055.0
2025-12-31 13:00:00,4345.92,4353.32,4332.34,4346.07,15621.0
2025-12-31 14:00:00,4346.05,4346.4,4327.26,4337.42,15930.0
2025-12-31 15:00:00,4337.43,4339.84,4317.22,4323.12,12441.0
2025-12-31 16:00:00,4323.11,4329.71,4318.18,4322.01,10649.0
2025-12-31 17:00:00,4321.99,4331.51,4315.86,4319.76,10563.0
2025-12-31 18:00:00,4319.76,4323.05,4307.93,4311.45,9949.0
2025-12-31 19:00:00,4311.45,4324.36,4304.64,4313.43,10599.0
2025-12-31 20:00:00,4313.64,4318.87,4307.08,4318.87,4121.0
2026-01-01 22:00:00,4327.84,4351.45,4324.52,4348.52,6290.0
2026-01-01 23:00:00,4348.52,4356.08,4341.49,4354.11,6931.0
2026-01-02 00:00:00,4354.11,4356.06,4344.59,4348.11,9048.0
2026-01-02 01:00:00,4348.07,4363.2,4345.23,4362.93,8070.0
2026-01-02 02:00:00,4362.88,4375.66,4362.17,4375.11,8720.0
2026-01-02 03:00:00,4375.05,4378.49,4371.31,4373.23,7203.0
2026-01-02 04:00:00,4373.46,4381.72,4371.13,4380.64,7110.0
2026-01-02 05:00:00,4380.73,4381.02,4373.38,4374.75,6761.0
2026-01-02 06:00:00,4374.87,4383.4,4371.97,4382.82,9173.0
2026-01-02 07:00:00,4382.63,4397.4,4380.89,4386.97,8425.0
2026-01-02 08:00:00,4386.9,4391.62,4383.34,4385.5,7462.0
2026-01-02 09:00:00,4385.52,4398.55,4384.58,4396.17,6959.0
2026-01-02 10:00:00,4396.15,4399.32,4390.76,4393.08,6099.0
2026-01-02 11:00:00,4393.09,4398.36,4385.36,4394.45,7927.0
2026-01-02 12:00:00,4394.6,4402.38,4362.16,4365.95,12734.0
2026-01-02 13:00:00,4366.02,4373.66,4348.04,4353.44,15890.0
2026-01-02 14:00:00,4353.35,4357.07,4330.39,4335.44,17820.0
2026-01-02 15:00:00,4335.49,4337.44,4315.13,4326.56,17271.0
2026-01-02 16:00:00,4325.98,4333.6,4322.77,4323.07,14364.0
2026-01-02 17:00:00,4322.65,4323.67,4309.98,4315.24,13167.0
2026-01-02 18:00:00,4315.78,4326.39,4315.78,4318.17,12473.0
2026-01-02 19:00:00,4318.17,4331.58,4317.2,4331.54,9701.0
2026-01-02 20:00:00,4331.45,4335.34,4327.02,4332.72,3259.0
2026-01-04 22:00:00,4361.32,4375.9,4343.92,4372.58,9438.0
2026-01-04 23:00:00,4372.58,4396.67,4370.29,4394.79,10645.0
2026-01-05 00:00:00,4394.72,4420.88,4391.62,4401.99,16477.0
2026-01-05 01:00:00,4402.05,4409.66,4388.74,4405.64,13824.0
2026-01-05 02:00:00,4405.54,4413.97,4399.92,4400.27,12121.0
2026-01-05 03:00:00,4400.07,4408.39,4397.35,4404.27,6953.0
2026-01-05 04:00:00,4404.21,4414.52,4401.08,4412.4,9392.0
2026-01-05 05:00:00,4412.28,4426.4,4411.37,4420.21,11731.0
2026-01-05 06:00:00,4420.28,4425.15,4416.77,4421.91,9338.0
2026-01-05 07:00:00,4421.87,4433.77,4419.42,4430.07,9645.0
2026-01-05 08:00:00,4429.99,4438.26,4426.22,4434.93,9395.0
2026-01-05 09:00:00,4434.97,4439.86,4430.84,4436.31,8033.0
2026-01-05 10:00:00,4436.32,4437.38,4411.08,4419.52,11361.0
2026-01-05 11:00:00,4419.46,4421.5,4405.62,4409.76,11099.0
2026-01-05 12:00:00,4409.71,4419.06,4396.38,4416.91,15080.0
2026-01-05 13:00:00,4416.96,4442.82,4416.96,4436.55,16777.0
2026-01-05 14:00:00,4436.6,4455.78,4435.76,4448.59,16227.0
2026-01-05 15:00:00,4448.54,4454.43,4438.46,4441.69,12167.0
2026-01-05 16:00:00,4441.71,4449.13,4432.4,4443.62,11845.0
2026-01-05 17:00:00,4443.43,4448.59,4439.88,4447.88,9462.0
2026-01-05 18:00:00,4448.41,4449.24,4435.14,4439.84,9975.0
2026-01-05 19:00:00,4439.83,4447.0,4438.07,4444.94,10585.0
2026-01-05 20:00:00,4444.95,4449.12,4443.46,4448.89,3588.0
2026-01-05 22:00:00,4448.8,4460.09,4436.92,4440.68,5607.0
2026-01-05 23:00:00,4440.64,4444.78,4430.46,4436.46,7750.0
2026-01-06 00:00:00,4436.65,4452.29,4428.06,4450.74,12792.0
2026-01-06 01:00:00,4450.67,4460.98,4448.77,4454.88,12469.0
2026-01-06 02:00:00,4454.91,4468.12,4454.2,4467.75,8453.0
2026-01-06 03:00:00,4467.71,4468.61,4461.96,4467.49,5415.0
2026-01-06 04:00:00,4467.46,4474.15,4449.56,4452.03,9821.0
2026-01-06 05:00:00,4452.1,4467.0,4451.59,4465.76,11014.0
2026-01-06 06:00:00,4465.63,4470.48,4457.25,4459.55,8108.0
2026-01-06 07:00:00,4459.53,4475.73,4457.5,4468.5,9150.0
2026-01-06 08:00:00,4468.42,4468.54,4444.88,4446.37,9637.0
2026-01-06 09:00:00,4446.38,4456.08,4442.54,4451.79,8294.0
2026-01-06 10:00:00,4451.98,4464.54,4448.72,4463.37,7389.0
2026-01-06 11:00:00,4463.4,4466.36,4458.85,4463.67,8266.0
2026-01-06 12:00:00,4463.6,4470.45,4454.46,4468.04,14343.0
2026-01-06 13:00:00,4468.05,4489.74,4464.56,4486.75,15501.0
2026-01-06 14:00:00,4486.98,4490.94,4463.22,4478.5,16876.0
2026-01-06 15:00:00,4478.47,4488.93,4471.63,4488.35,13820.0
2026-01-06 16:00:00,4488.35,4491.52,4481.66,4489.59,11112.0
2026-01-06 17:00:00,4489.34,4494.16,4482.32,4488.61,10635.0
2026-01-06 18:00:00,4488.61,4489.46,4477.44,4481.4,10078.0
2026-01-06 19:00:00,4481.34,4496.94,4480.42,4493.84,8778.0
2026-01-06 20:00:00,4493.88,4497.45,4491.99,4494.54,3831.0
2026-01-06 22:00:00,4495.61,4500.59,4492.12,4493.44,5573.0
2026-01-06 23:00:00,4493.48,4494.87,4482.63,4492.04,7190.0
2026-01-07 00:00:00,4491.93,4495.64,4461.21,4465.51,14567.0
2026-01-07 01:00:00,4465.51,4478.81,4459.71,4474.82,10986.0
2026-01-07 02:00:00,4474.82,4480.33,4472.01,4474.82,10640.0
2026-01-07 03:00:00,4474.68,4476.23,4463.62,4464.9,8480.0
2026-01-07 04:00:00,4464.89,4470.37,4443.4,4454.46,11526.0
2026-01-07 05:00:00,4454.47,4460.38,4441.6,4444.36,11810.0
2026-01-07 06:00:00,4444.26,4464.96,4441.65,4461.21,8637.0
2026-01-07 07:00:00,4460.8,4474.69,4459.43,4468.31,8436.0
2026-01-07 08:00:00,4468.3,4468.65,4459.44,4463.47,7283.0
2026-01-07 09:00:00,4463.32,4467.77,4458.92,4464.5,6813.0
2026-01-07 10:00:00,4464.5,4464.92,4446.56,4447.47,7282.0
2026-01-07 11:00:00,4447.47,4455.1,4439.37,4445.08,11541.0
2026-01-07 12:00:00,4445.08,4453.1,4427.38,4452.92,15729.0
2026-01-07 13:00:00,4452.73,4454.3,4435.67,4445.46,16353.0
2026-01-07 14:00:00,4441.5,4452.09,4423.5,4446.2,16326.0
2026-01-07 15:00:00,4446.04,4468.37,4443.93,4464.19,13784.0
2026-01-07 16:00:00,4464.28,4465.43,4449.86,4451.84,10728.0
2026-01-07 17:00:00,4451.92,4458.83,4447.21,4452.14,10874.0
2026-01-07 18:00:00,4452.14,4457.94,4445.44,4456.95,9353.0
2026-01-07 19:00:00,4456.92,4461.67,4450.57,4451.92,10590.0
2026-01-07 20:00:00,4451.95,4456.44,4449.85,4456.38,3893.0
2026-01-07 22:00:00,4459.41,4463.96,4458.53,4463.56,4040.0
2026-01-07 23:00:00,4463.51,4466.46,4446.79,4450.31,7471.0
2026-01-08 00:00:00,4450.31,4460.44,4442.02,4448.42,12437.0
2026-01-08 01:00:00,4448.4,4449.67,4433.65,4441.35,11368.0
2026-01-08 02:00:00,4441.35,4446.45,4437.39,4440.35,9247.0
2026-01-08 03:00:00,4440.35,4440.54,4430.27,4431.61,6710.0
2026-01-08 04:00:00,4431.65,4432.46,4415.75,4425.64,13094.0
2026-01-08 05:00:00,4425.64,4437.84,4416.04,4433.41,14849.0
2026-01-08 06:00:00,4433.42,4439.69,4428.42,4430.96,9788.0
2026-01-08 07:00:00,4430.91,4433.26,4419.96,4431.76,11054.0
2026-01-08 08:00:00,4431.75,4435.47,4426.09,4432.66,9298.0
2026-01-08 09:00:00,4432.62,4434.76,4423.08,4433.29,7444.0
2026-01-08 10:00:00,4433.19,4433.19,4422.26,4422.86,7884.0
2026-01-08 11:00:00,4422.8,4431.4,4407.76,4427.73,12633.0
2026-01-08 12:00:00,4427.72,4436.63,4417.4,4423.86,15188.0
2026-01-08 13:00:00,4423.83,4439.32,4419.23,4432.99,16106.0
2026-01-08 14:00:00,4432.95,4456.42,4427.78,4454.2,16227.0
2026-01-08 15:00:00,4454.22,4464.61,4447.0,4463.38,13906.0
2026-01-08 16:00:00,4463.33,4465.36,4457.66,4463.45,10398.0
2026-01-08 17:00:00,4463.32,4463.32,4448.03,4449.63,10483.0
2026-01-08 18:00:00,4449.65,4452.92,4444.78,4452.18,8494.0
2026-01-08 19:00:00,4452.19,4478.11,4451.56,4476.13,11406.0
2026-01-08 20:00:00,4476.12,4479.47,4472.57,4477.32,4662.0
2026-01-08 22:00:00,4479.5,4484.04,4472.94,4475.58,5247.0
2026-01-08 23:00:00,4475.55,4476.6,4459.99,4461.4,6599.0
2026-01-09 00:00:00,4462.32,4470.01,4452.96,4469.0,13031.0
2026-01-09 01:00:00,4468.95,4476.54,4465.64,4469.53,9864.0
2026-01-09 02:00:00,4469.57,4470.03,4460.53,4464.25,7864.0
2026-01-09 03:00:00,4464.13,4466.95,4460.78,4464.78,5578.0
2026-01-09 04:00:00,4464.59,4471.78,4458.32,4468.11,8752.0
2026-01-09 05:00:00,4468.23,4477.36,4466.14,4474.2,9140.0
2026-01-09 06:00:00,4474.2,4475.53,4468.66,4470.31,6222.0
2026-01-09 07:00:00,4470.36,4476.95,4464.08,4468.51,7372.0
2026-01-09 08:00:00,4468.49,4477.63,4468.45,4471.2,7140.0
2026-01-09 09:00:00,4471.24,4474.22,4467.18,4472.6,5197.0
2026-01-09 10:00:00,4472.59,4476.23,4468.81,4475.49,5591.0
2026-01-09 11:00:00,4475.45,4480.44,4461.18,4466.01,8922.0
2026-01-09 12:00:00,4466.15,4491.8,4457.94,4482.77,16091.0
2026-01-09 13:00:00,4482.88,4498.04,4479.13,4494.53,17862.0
2026-01-09 14:00:00,4494.7,4517.15,4490.45,4512.41,17160.0
2026-01-09 15:00:00,4512.35,4514.28,4499.94,4506.52,13865.0
2026-01-09 16:00:00,4506.62,4511.67,4481.62,4484.62,13489.0
2026-01-09 17:00:00,4484.62,4504.59,4483.14,4496.27,12521.0
2026-01-09 18:00:00,4496.2,4501.93,4492.88,4499.53,8665.0
2026-01-09 19:00:00,4499.42,4510.18,4497.92,4507.77,10024.0
2026-01-09 20:00:00,4507.64,4511.0,4505.08,4509.3,3733.0
2026-01-11 22:00:00,4519.41,4545.05,4512.79,4540.15,9328.0
2026-01-11 23:00:00,4540.17,4601.2,4536.42,4588.89,13338.0
2026-01-12 00:00:00,4588.89,4594.96,4570.3,4570.3,17212.0
2026-01-12 01:00:00,4570.14,4582.2,4562.0,4577.57,13681.0
2026-01-12 02:00:00,4577.49,4581.39,4567.9,4570.75,9131.0
2026-01-12 03:00:00,4570.73,4572.22,4563.42,4568.52,7769.0
2026-01-12 04:00:00,4568.52,4585.03,4566.22,4580.95,9700.0
2026-01-12 05:00:00,4580.94,4580.94,4569.86,4578.49,10587.0
2026-01-12 06:00:00,4578.49,4589.62,4574.76,4587.76,9591.0
2026-01-12 07:00:00,4587.79,4598.39,4579.5,4596.91,9744.0
2026-01-12 08:00:00,4596.9,4599.31,4587.77,4589.21,8669.0
2026-01-12 09:00:00,4589.2,4595.42,4586.09,4594.24,7301.0
2026-01-12 10:00:00,4594.18,4594.96,4581.84,4585.22,7544.0
2026-01-12 11:00:00,4585.25,4590.61,4578.53,4590.38,9753.0
2026-01-12 12:00:00,4590.42,4620.38,4588.64,4615.84,14487.0
2026-01-12 13:00:00,4615.83,4617.34,4585.1,4602.24,18238.0
2026-01-12 14:00:00,4601.97,4627.53,4601.93,4621.39,15777.0
2026-01-12 15:00:00,4620.94,4630.22,4608.02,4616.91,12352.0
2026-01-12 16:00:00,4616.96,4620.54,4610.74,4616.39,10867.0
2026-01-12 17:00:00,4616.31,4618.59,4600.44,4610.91,10828.0
2026-01-12 18:00:00,4610.91,4618.97,4608.81,4611.15,9099.0
2026-01-12 19:00:00,4611.22,4611.76,4591.55,4593.63,12096.0
2026-01-12 20:00:00,4593.72,4597.52,4589.14,4597.38,4978.0
2026-01-12 22:00:00,4604.39,4608.31,4577.92,4599.07,8942.0
2026-01-12 23:00:00,4599.4,4599.5,4584.59,4587.38,6887.0
2026-01-13 00:00:00,4587.38,4595.8,4575.74,4577.94,13875.0
2026-01-13 01:00:00,4577.72,4595.09,4576.77,4594.28,11342.0
2026-01-13 02:00:00,4594.09,4599.68,4592.58,4594.22,7084.0
2026-01-13 03:00:00,4594.22,4599.86,4594.04,4596.53,4595.0
2026-01-13 04:00:00,4596.3,4602.14,4585.72,4592.18,9123.0
2026-01-13 05:00:00,4592.16,4592.38,4573.74,4581.77,12341.0
2026-01-13 06:00:00,4581.81,4587.11,4577.46,4580.68,7671.0
2026-01-13 07:00:00,4580.58,4596.99,4579.72,4592.82,8861.0
2026-01-13 08:00:00,4592.77,4595.68,4585.78,4586.18,7183.0
2026-01-13 09:00:00,4586.16,4588.41,4580.5,4586.4,6711.0
2026-01-13 10:00:00,4586.37,4592.11,4582.16,4588.61,6651.0
2026-01-13 11:00:00,4588.65,4595.28,4578.01,4593.3,7137.0
2026-01-13 12:00:00,4593.28,4621.02,4590.79,4611.56,16066.0
2026-01-13 13:00:00,4611.46,4634.58,4609.13,4630.01,16603.0
2026-01-13 14:00:00,4629.61,4630.31,4600.95,4619.22,17293.0
2026-01-13 15:00:00,4619.07,4620.82,4593.1,4613.49,14115.0
2026-01-13 16:00:00,4613.47,4616.01,4586.76,4590.43,12709.0
2026-01-13 17:00:00,4590.31,4602.07,4581.24,4594.18,14991.0
2026-01-13 18:00:00,4594.2,4598.93,4584.24,4597.58,11454.0
2026-01-13 19:00:00,4597.58,4597.93,4569.56,4586.04,11903.0
2026-01-13 20:00:00,4586.23,4589.81,4582.92,4586.3,4826.0
2026-01-13 22:00:00,4588.92,4598.77,4588.59,4597.07,5596.0
2026-01-13 23:00:00,4597.02,4610.72,4597.02,4608.98,8293.0
2026-01-14 00:00:00,4609.22,4619.97,4606.27,4619.24,12259.0
2026-01-14 01:00:00,4619.29,4623.74,4614.28,4620.51,10097.0
2026-01-14 02:00:00,4620.23,4629.89,4613.44,4628.23,9345.0
2026-01-14 03:00:00,4628.23,4630.42,4625.3,4629.24,7090.0
2026-01-14 04:00:00,4629.48,4639.63,4618.1,4619.84,11613.0
2026-01-14 05:00:00,4619.78,4637.21,4618.51,4637.21,13044.0
2026-01-14 06:00:00,4637.31,4639.61,4631.58,4632.52,8163.0
2026-01-14 07:00:00,4632.52,4637.95,4621.97,4634.89,10883.0
2026-01-14 08:00:00,4634.85,4639.55,4627.13,4630.52,8650.0
2026-01-14 09:00:00,4630.51,4638.2,4627.89,4633.08,7537.0
2026-01-14 10:00:00,4633.13,4637.48,4626.14,4630.35,7820.0
2026-01-14 11:00:00,4630.44,4641.88,4630.24,4638.72,9253.0
2026-01-14 12:00:00,4638.89,4641.54,4624.12,4635.75,13839.0
2026-01-14 13:00:00,4635.93,4638.92,4606.8,4617.72,14565.0
2026-01-14 14:00:00,4617.31,4626.56,4599.17,4617.95,16232.0
2026-01-14 15:00:00,4618.78,4624.85,4608.57,4617.16,14417.0
2026-01-14 16:00:00,4617.2,4619.08,4601.19,4614.31,14277.0
2026-01-14 17:00:00,4613.86,4637.22,4612.8,4635.06,12103.0
2026-01-14 18:00:00,4635.28,4642.89,4633.52,4639.35,11983.0
2026-01-14 19:00:00,4639.32,4641.67,4625.85,4632.66,13322.0
2026-01-14 20:00:00,4632.69,4633.1,4617.74,4626.39,6883.0
2026-01-14 22:00:00,4630.56,4632.54,4603.04,4615.34,10372.0
2026-01-14 23:00:00,4615.31,4618.23,4610.12,4615.21,8100.0
2026-01-15 00:00:00,4615.21,4617.59,4583.77,4600.19,15116.0
2026-01-15 01:00:00,4600.12,4614.76,4595.56,4602.98,13244.0
2026-01-15 02:00:00,4602.93,4604.31,4581.19,4592.28,13305.0
2026-01-15 03:00:00,4592.1,4597.53,4587.06,4592.18,8829.0
2026-01-15 04:00:00,4592.31,4598.97,4581.2,4595.24,11440.0
2026-01-15 05:00:00,4595.36,4612.07,4593.68,4610.2,12403.0
2026-01-15 06:00:00,4610.21,4613.56,4599.2,4601.81,8669.0
2026-01-15 07:00:00,4601.68,4607.08,4597.9,4604.29,8423.0
2026-01-15 08:00:00,4604.29,4613.14,4600.69,4612.65,8605.0
2026-01-15 09:00:00,4612.62,4620.31,4609.37,4619.88,8222.0
2026-01-15 10:00:00,4619.94,4622.9,4615.59,4619.24,7921.0
2026-01-15 11:00:00,4619.2,4620.75,4611.69,4613.98,7868.0
2026-01-15 12:00:00,4613.98,4616.22,4582.2,4588.18,14791.0
2026-01-15 13:00:00,4588.32,4615.05,4583.46,4611.18,16340.0
2026-01-15 14:00:00,4610.98,4618.14,4603.84,4615.52,15443.0
2026-01-15 15:00:00,4615.5,4624.6,4601.43,4605.69,14513.0
2026-01-15 16:00:00,4605.69,4616.93,4605.69,4616.56,11154.0
2026-01-15 17:00:00,4616.56,4621.14,4613.65,4617.59,10500.0
2026-01-15 18:00:00,4617.59,4621.47,4612.78,4615.86,8502.0
2026-01-15 19:00:00,4615.94,4616.31,4600.81,4605.76,11883.0
2026-01-15 20:00:00,4605.77,4616.34,4604.54,4615.76,4439.0
2026-01-15 22:00:00,4617.7,4620.76,4606.3,4610.33,6814.0
2026-01-15 23:00:00,4610.28,4611.39,4598.72,4600.14,7197.0
2026-01-16 00:00:00,4600.06,4608.56,4593.94,4600.62,11949.0
2026-01-16 01:00:00,4600.59,4604.2,4591.38,4595.01,11938.0
2026-01-16 02:00:00,4595.03,4599.89,4592.83,4596.41,8811.0
2026-01-16 03:00:00,4596.38,4602.08,4596.11,4601.21,5589.0
2026-01-16 04:00:00,4601.23,4615.93,4595.33,4611.6,8762.0
2026-01-16 05:00:00,4611.57,4612.36,4594.1,4598.24,11037.0
2026-01-16 06:00:00,4598.29,4612.14,4596.94,4607.64,8714.0
2026-01-16 07:00:00,4606.96,4610.71,4601.34,4603.26,7374.0
2026-01-16 08:00:00,4602.95,4608.32,4599.01,4600.72,6461.0
2026-01-16 09:00:00,4600.74,4611.12,4599.82,4600.2,6346.0
2026-01-16 10:00:00,4600.48,4616.17,4598.6,4612.51,7511.0
2026-01-16 11:00:00,4612.52,4613.03,4597.32,4601.8,7800.0
2026-01-16 12:00:00,4601.81,4605.51,4582.57,4601.95,14798.0
2026-01-16 13:00:00,4601.95,4614.73,4596.34,4607.9,14203.0
2026-01-16 14:00:00,4607.67,4620.4,4536.74,4571.32,17307.0
2026-01-16 15:00:00,4571.25,4598.98,4568.16,4591.3,16037.0
2026-01-16 16:00:00,4591.36,4593.15,4576.88,4581.48,13114.0
2026-01-16 17:00:00,4581.16,4596.13,4580.07,4582.66,11516.0
2026-01-16 18:00:00,4582.62,4592.57,4580.93,4590.67,10352.0
2026-01-16 19:00:00,4590.71,4595.96,4580.76,4581.92,9913.0
2026-01-16 20:00:00,4582.34,4598.32,4582.25,4595.65,4871.0
2026-01-18 22:00:00,4627.14,4690.83,4617.6,4672.71,13951.0
2026-01-18 23:00:00,4672.7,4682.12,4660.91,4675.37,10337.0
2026-01-19 00:00:00,4675.54,4678.44,4656.14,4657.37,13534.0
2026-01-19 01:00:00,4657.34,4665.13,4653.28,4662.58,10089.0
2026-01-19 02:00:00,4662.57,4669.93,4658.32,4658.53,8412.0
2026-01-19 03:00:00,4658.53,4666.03,4658.24,4663.26,5901.0
2026-01-19 04:00:00,4663.26,4674.25,4663.16,4670.08,7589.0
2026-01-19 05:00:00,4670.08,4679.07,4666.78,4678.04,8000.0
2026-01-19 06:00:00,4678.0,4678.61,4661.9,4665.15,8003.0
2026-01-19 07:00:00,4664.82,4673.93,4661.74,4663.74,7624.0
2026-01-19 08:00:00,4663.68,4672.8,4662.14,4668.46,7054.0
2026-01-19 09:00:00,4668.45,4671.24,4661.33,4663.79,5732.0
2026-01-19 10:00:00,4663.79,4667.59,4659.7,4660.8,6270.0
2026-01-19 11:00:00,4660.75,4673.74,4660.23,4672.02,6884.0
2026-01-19 12:00:00,4672.04,4673.77,4664.52,4666.21,8404.0
2026-01-19 13:00:00,4666.15,4670.43,4661.74,4666.56,7991.0
2026-01-19 14:00:00,4666.59,4676.08,4664.38,4674.27,8125.0
2026-01-19 15:00:00,4674.3,4675.62,4670.41,4672.27,6240.0
2026-01-19 16:00:00,4672.29,4678.83,4669.19,4676.33,5490.0
2026-01-19 17:00:00,4676.3,4680.36,4673.91,4676.76,4292.0
2026-01-19 18:00:00,4676.76,4676.84,4667.2,4670.86,2405.0
2026-01-19 22:00:00,4672.02,4676.96,4664.46,4665.39,5240.0
2026-01-19 23:00:00,4665.43,4668.04,4659.53,4660.44,5805.0
2026-01-20 00:00:00,4660.5,4676.03,4660.14,4669.72,10461.0
2026-01-20 01:00:00,4669.65,4674.88,4665.58,4668.72,9502.0
2026-01-20 02:00:00,4668.77,4681.48,4666.16,4680.19,8627.0
2026-01-20 03:00:00,4680.17,4697.08,4679.7,4695.3,8257.0
2026-01-20 04:00:00,4695.31,4716.7,4694.38,4714.68,10110.0
2026-01-20 05:00:00,4714.68,4717.06,4705.74,4712.48,11072.0
2026-01-20 06:00:00,4712.36,4722.68,4711.47,4716.19,8952.0
2026-01-20 07:00:00,4716.19,4731.58,4715.05,4729.42,9796.0
2026-01-20 08:00:00,4729.24,4737.46,4721.33,4732.34,9594.0
2026-01-20 09:00:00,4732.35,4734.99,4723.2,4726.63,7978.0
2026-01-20 10:00:00,4726.66,4735.28,4721.64,4733.04,6975.0
2026-01-20 11:00:00,4733.05,4733.05,4724.08,4727.47,8194.0
2026-01-20 12:00:00,4727.51,4738.3,4715.43,4737.12,12952.0
2026-01-20 13:00:00,4737.12,4751.33,4728.53,4741.3,17381.0
2026-01-20 14:00:00,4740.74,4748.58,4722.53,4737.57,17260.0
2026-01-20 15:00:00,4737.59,4757.61,4729.01,4753.68,13818.0
2026-01-20 16:00:00,4753.59,4762.37,4746.12,4759.26,12104.0
2026-01-20 17:00:00,4759.28,4766.3,4752.94,4759.39,11545.0
2026-01-20 18:00:00,4759.38,4766.28,4756.7,4760.86,9572.0
2026-01-20 19:00:00,4760.84,4761.3,4747.57,4756.76,10877.0
2026-01-20 20:00:00,4756.76,4763.9,4756.39,4763.3,4837.0
2026-01-20 22:00:00,4762.95,4781.14,4757.83,4775.89,6189.0
2026-01-20 23:00:00,4775.66,4787.3,4770.79,4784.68,7383.0
2026-01-21 00:00:00,4784.66,4844.18,4783.6,4835.23,13924.0
2026-01-21 01:00:00,4835.41,4842.0,4817.5,4836.71,10990.0
2026-01-21 02:00:00,4836.45,4849.76,4827.12,4844.99,10113.0
2026-01-21 03:00:00,4844.96,4870.88,4837.96,4865.97,8642.0
2026-01-21 04:00:00,4865.77,4878.22,4858.98,4870.01,10399.0
2026-01-21 05:00:00,4870.01,4888.35,4845.33,4847.56,12089.0
2026-01-21 06:00:00,4847.58,4857.18,4832.62,4855.28,11589.0
2026-01-21 07:00:00,4855.1,4869.57,4851.5,4854.62,9050.0
2026-01-21 08:00:00,4854.82,4877.2,4852.34,4860.43,8739.0
2026-01-21 09:00:00,4860.4,4866.79,4859.56,4862.04,7794.0
2026-01-21 10:00:00,4862.2,4871.57,4855.24,4866.88,7076.0
2026-01-21 11:00:00,4866.88,4870.85,4855.71,4865.2,8438.0
2026-01-21 12:00:00,4865.37,4880.36,4858.42,4879.5,11865.0
2026-01-21 13:00:00,4879.54,4880.96,4839.64,4852.07,16547.0
2026-01-21 14:00:00,4851.82,4868.8,4813.35,4847.86,16683.0
2026-01-21 15:00:00,4848.43,4855.76,4819.41,4833.42,15118.0
2026-01-21 16:00:00,4833.51,4834.32,4802.48,4826.33,15070.0
2026-01-21 17:00:00,4826.0,4850.56,4819.72,4850.18,13329.0
2026-01-21 18:00:00,4850.2,4854.05,4755.87,4781.34,15907.0
2026-01-21 19:00:00,4781.35,4827.93,4772.53,4826.76,16617.0
2026-01-21 20:00:00,4826.56,4839.49,4813.37,4831.03,8500.0
2026-01-21 22:00:00,4832.77,4834.06,4777.51,4778.28,9371.0
2026-01-21 23:00:00,4778.17,4798.82,4778.07,4798.16,9313.0
2026-01-22 00:00:00,4797.77,4809.72,4772.34,4798.02,13229.0
2026-01-22 01:00:00,4797.79,4798.37,4774.77,4789.14,11111.0
2026-01-22 02:00:00,4789.13,4796.88,4784.38,4796.66,9264.0
2026-01-22 03:00:00,4796.66,4800.54,4793.89,4797.5,6604.0
2026-01-22 04:00:00,4797.18,4821.74,4793.74,4821.38,8836.0
2026-01-22 05:00:00,4821.38,4829.24,4816.47,4826.51,10020.0
2026-01-22 06:00:00,4826.65,4839.03,4825.75,4832.73,7726.0
2026-01-22 07:00:00,4832.71,4835.59,4822.36,4830.84,7894.0
2026-01-22 08:00:00,4830.88,4838.07,4814.07,4823.16,8066.0
2026-01-22 09:00:00,4823.17,4831.83,4819.4,4829.05,6764.0
2026-01-22 10:00:00,4829.06,4836.41,4824.47,4831.19,6737.0
2026-01-22 11:00:00,4831.17,4832.62,4818.91,4819.68,7783.0
2026-01-22 12:00:00,4819.98,4835.29,4810.36,4822.4,11606.0
2026-01-22 13:00:00,4822.19,4847.9,4820.5,4835.27,12207.0
2026-01-22 14:00:00,4834.9,4873.76,4826.68,4871.68,14574.0
2026-01-22 15:00:00,4871.71,4885.43,4868.05,4877.95,12556.0
2026-01-22 16:00:00,4877.99,4906.36,4869.84,4904.61,12919.0
2026-01-22 17:00:00,4904.43,4919.6,4901.44,4916.12,11606.0
2026-01-22 18:00:00,4916.08,4924.49,4906.06,4911.77,9913.0
2026-01-22 19:00:00,4911.82,4928.51,4911.58,4917.06,10030.0
2026-01-22 20:00:00,4917.1,4940.56,4914.71,4936.09,6046.0
2026-01-22 22:00:00,4941.43,4960.57,4930.81,4958.96,8976.0
2026-01-22 23:00:00,4958.96,4965.74,4947.44,4965.16,7871.0
2026-01-23 00:00:00,4965.16,4967.24,4936.71,4953.58,12360.0
2026-01-23 01:00:00,4953.56,4962.26,4946.96,4955.58,8371.0
2026-01-23 02:00:00,4955.54,4959.01,4937.99,4952.05,8262.0
2026-01-23 03:00:00,4952.02,4958.36,4950.17,4956.3,4370.0
2026-01-23 04:00:00,4956.3,4967.24,4954.55,4960.58,6003.0
2026-01-23 05:00:00,4960.57,4963.13,4945.56,4953.72,9043.0
2026-01-23 06:00:00,4953.72,4959.58,4943.3,4944.49,8186.0
2026-01-23 07:00:00,4944.27,4947.66,4901.41,4913.75,12092.0
2026-01-23 08:00:00,4913.74,4921.6,4899.44,4918.67,11100.0
2026-01-23 09:00:00,4918.72,4932.53,4915.73,4929.82,8365.0
2026-01-23 10:00:00,4929.85,4929.9,4912.14,4922.86,7713.0
2026-01-23 11:00:00,4922.86,4942.55,4918.42,4939.39,9311.0
2026-01-23 12:00:00,4939.6,4947.9,4923.8,4939.04,14058.0
2026-01-23 13:00:00,4939.05,4956.43,4932.94,4943.24,13721.0
2026-01-23 14:00:00,4943.04,4963.32,4938.35,4960.64,15143.0
2026-01-23 15:00:00,4960.74,4988.27,4959.21,4980.43,13906.0
2026-01-23 16:00:00,4980.48,4988.19,4962.2,4966.0,12852.0
2026-01-23 17:00:00,4966.19,4984.18,4958.38,4966.65,13181.0
2026-01-23 18:00:00,4967.1,4989.75,4967.04,4984.4,10406.0
2026-01-23 19:00:00,4984.19,4985.7,4970.69,4981.58,11134.0
2026-01-23 20:00:00,4981.18,4989.3,4978.24,4987.98,4536.0
2026-01-25 22:00:00,5007.98,5040.08,4998.52,5039.89,12538.0
2026-01-25 23:00:00,5039.82,5052.1,5030.7,5041.79,11075.0
2026-01-26 00:00:00,5041.76,5085.59,5029.18,5070.89,15100.0
2026-01-26 01:00:00,5070.88,5093.08,5067.09,5080.78,13036.0
2026-01-26 02:00:00,5080.8,5087.88,5070.03,5076.67,10984.0
2026-01-26 03:00:00,5076.75,5078.03,5058.39,5070.45,8341.0
2026-01-26 04:00:00,5070.16,5076.48,5052.37,5074.48,11732.0
2026-01-26 05:00:00,5074.36,5111.04,5065.37,5078.23,12860.0
2026-01-26 06:00:00,5078.08,5095.73,5073.81,5089.25,9585.0
2026-01-26 07:00:00,5088.71,5098.42,5079.91,5083.33,10007.0
2026-01-26 08:00:00,5083.14,5098.44,5075.47,5084.17,10158.0
2026-01-26 09:00:00,5084.71,5095.05,5078.73,5091.77,8649.0
2026-01-26 10:00:00,5091.75,5092.85,5078.46,5091.48,8436.0
2026-01-26 11:00:00,5091.43,5097.03,5077.16,5078.84,9382.0
2026-01-26 12:00:00,5078.86,5083.15,5054.45,5068.45,13689.0
2026-01-26 13:00:00,5068.49,5096.94,5058.24,5096.29,14479.0
2026-01-26 14:00:00,5096.29,5097.34,5073.92,5091.39,15129.0
2026-01-26 15:00:00,5090.92,5105.15,5065.24,5089.58,15162.0
2026-01-26 16:00:00,5089.53,5105.03,5081.0,5100.99,13970.0
2026-01-26 17:00:00,5100.93,5103.43,5057.74,5068.79,16801.0
2026-01-26 18:00:00,5068.87,5069.77,5008.45,5028.54,18105.0
2026-01-26 19:00:00,5028.53,5062.34,5026.29,5055.18,15865.0
2026-01-26 20:00:00,5055.26,5059.32,4990.12,5008.0,13781.0
2026-01-26 22:00:00,5013.15,5061.66,5013.09,5043.48,10505.0
2026-01-26 23:00:00,5043.52,5054.18,5013.7,5032.73,10529.0
2026-01-27 00:00:00,5032.76,5076.17,5019.05,5060.46,14681.0
2026-01-27 01:00:00,5060.49,5079.79,5049.46,5072.5,11361.0
2026-01-27 02:00:00,5072.54,5079.25,5060.31,5077.0,10221.0
2026-01-27 03:00:00,5076.97,5078.66,5061.59,5067.98,9024.0
2026-01-27 04:00:00,5067.94,5085.29,5057.3,5083.06,11262.0
2026-01-27 05:00:00,5083.04,5093.72,5076.72,5085.9,10938.0
2026-01-27 06:00:00,5085.87,5100.84,5081.65,5086.06,11544.0
2026-01-27 07:00:00,5086.06,5088.34,5073.28,5079.44,10731.0
2026-01-27 08:00:00,5079.42,5099.58,5077.98,5098.93,9522.0
2026-01-27 09:00:00,5098.79,5098.79,5081.92,5086.32,8834.0
2026-01-27 10:00:00,5086.32,5090.82,5067.09,5076.98,8592.0
2026-01-27 11:00:00,5076.85,5091.1,5073.53,5085.11,10735.0
2026-01-27 12:00:00,5085.07,5092.8,5069.18,5077.44,14392.0
2026-01-27 13:00:00,5077.44,5082.26,5046.59,5054.16,17692.0
2026-01-27 14:00:00,5054.47,5091.5,5047.56,5090.94,17247.0
2026-01-27 15:00:00,5091.12,5103.15,5083.39,5087.68,15132.0
2026-01-27 16:00:00,5087.63,5094.19,5076.63,5081.23,14740.0
2026-01-27 17:00:00,5081.2,5095.5,5076.36,5088.01,13805.0
2026-01-27 18:00:00,5088.01,5100.11,5081.1,5099.04,11406.0
2026-01-27 19:00:00,5099.06,5182.49,5098.07,5177.04,17482.0
2026-01-27 20:00:00,5176.71,5190.68,5169.49,5181.26,11944.0
2026-01-27 22:00:00,5179.4,5184.53,5159.17,5172.51,11710.0
2026-01-27 23:00:00,5172.49,5180.07,5157.4,5172.1,10557.0
2026-01-28 00:00:00,5171.86,5225.32,5168.67,5205.12,15809.0
2026-01-28 01:00:00,5204.39,5234.58,5201.54,5232.0,13387.0
2026-01-28 02:00:00,5231.62,5247.63,5224.5,5235.09,12992.0
2026-01-28 03:00:00,5235.12,5248.92,5232.32,5245.66,8812.0
2026-01-28 04:00:00,5245.63,5266.36,5241.63,5261.28,11480.0
2026-01-28 05:00:00,5261.38,5271.38,5252.06,5269.92,11448.0
2026-01-28 06:00:00,5269.91,5292.88,5262.87,5290.46,11375.0
2026-01-28 07:00:00,5290.43,5311.57,5280.84,5293.72,12753.0
2026-01-28 08:00:00,5293.71,5297.42,5263.21,5278.13,11450.0
2026-01-28 09:00:00,5278.15,5285.72,5269.35,5270.11,9385.0
2026-01-28 10:00:00,5270.56,5270.68,5238.63,5261.63,11583.0
2026-01-28 11:00:00,5261.64,5279.26,5251.71,5279.2,11632.0
2026-01-28 12:00:00,5279.02,5289.42,5256.92,5266.58,15622.0
2026-01-28 13:00:00,5266.51,5288.51,5248.68,5286.25,16271.0
2026-01-28 14:00:00,5286.2,5298.29,5236.42,5278.21,18314.0
2026-01-28 15:00:00,5278.48,5300.0,5274.58,5299.84,16113.0
2026-01-28 16:00:00,5299.89,5307.04,5283.19,5297.88,15765.0
2026-01-28 17:00:00,5298.05,5325.94,5268.79,5281.79,16884.0
2026-01-28 18:00:00,5281.58,5332.04,5269.6,5325.63,18121.0
2026-01-28 19:00:00,5325.56,5391.46,5321.37,5376.86,17343.0
2026-01-28 20:00:00,5376.83,5418.96,5376.83,5417.26,11986.0
2026-01-28 22:00:00,5423.75,5598.38,5419.48,5513.16,16759.0
2026-01-28 23:00:00,5513.06,5527.1,5454.85,5520.4,15227.0
2026-01-29 00:00:00,5520.44,5551.38,5445.54,5545.89,16899.0
2026-01-29 01:00:00,5545.84,5550.36,5504.18,5535.83,15350.0
2026-01-29 02:00:00,5535.81,5549.07,5508.51,5545.77,14252.0
2026-01-29 03:00:00,5545.84,5564.56,5533.62,5558.33,11622.0
2026-01-29 04:00:00,5557.71,5564.45,5516.2,5562.63,13380.0
2026-01-29 05:00:00,5562.57,5595.4,5554.66,5561.6,15360.0
2026-01-29 06:00:00,5561.6,5574.96,5537.05,5549.12,13485.0
2026-01-29 07:00:00,5549.18,5554.98,5474.26,5509.81,15418.0
2026-01-29 08:00:00,5509.82,5529.63,5498.06,5514.09,13109.0
2026-01-29 09:00:00,5514.07,5525.52,5482.4,5483.44,11817.0
2026-01-29 10:00:00,5483.46,5528.96,5471.03,5522.72,12592.0
2026-01-29 11:00:00,5522.7,5543.09,5518.58,5534.01,13418.0
2026-01-29 12:00:00,5534.19,5541.24,5500.54,5509.82,16928.0
2026-01-29 13:00:00,5510.48,5549.78,5490.94,5496.92,19480.0
2026-01-29 14:00:00,5496.85,5496.85,5105.2,5182.82,21509.0
2026-01-29 15:00:00,5182.5,5311.17,5172.19,5263.87,21100.0
2026-01-29 16:00:00,5263.86,5375.67,5263.86,5335.11,19854.0
2026-01-29 17:00:00,5335.13,5362.26,5308.19,5339.02,18804.0
2026-01-29 18:00:00,5339.04,5345.44,5290.42,5305.68,18927.0
2026-01-29 19:00:00,5305.71,5407.18,5282.65,5394.96,16540.0
2026-01-29 20:00:00,5394.93,5426.08,5369.96,5371.02,12111.0
2026-01-29 22:00:00,5373.86,5448.48,5372.55,5438.63,12882.0
2026-01-29 23:00:00,5438.4,5450.92,5390.0,5406.77,13925.0
2026-01-30 00:00:00,5407.08,5409.73,5291.55,5301.44,17401.0
2026-01-30 01:00:00,5301.72,5312.96,5112.49,5225.01,19746.0
2026-01-30 02:00:00,5224.73,5229.17,5151.1,5196.53,16675.0
2026-01-30 03:00:00,5196.56,5230.26,5193.8,5214.94,13962.0
2026-01-30 04:00:00,5212.77,5241.05,5179.94,5185.04,13580.0
2026-01-30 05:00:00,5184.72,5205.29,5144.94,5155.92,16249.0
2026-01-30 06:00:00,5155.94,5186.25,5117.91,5181.34,15136.0
2026-01-30 07:00:00,5181.36,5181.36,5056.96,5117.27,16941.0
2026-01-30 08:00:00,5117.35,5131.93,4943.03,5015.07,20140.0
2026-01-30 09:00:00,5013.57,5122.48,5000.82,5119.98,16820.0
2026-01-30 10:00:00,5119.67,5144.76,5089.52,5135.97,14255.0
2026-01-30 11:00:00,5136.0,5145.84,5054.31,5064.78,15778.0
2026-01-30 12:00:00,5064.71,5099.93,4992.55,5018.92,19367.0
2026-01-30 13:00:00,5019.46,5112.9,5014.54,5032.68,20163.0
2026-01-30 14:00:00,5032.73,5074.0,4980.7,5050.18,20919.0
2026-01-30 15:00:00,5050.33,5052.1,4944.56,4985.72,20777.0
2026-01-30 16:00:00,4985.7,4986.12,4801.1,4849.91,21511.0
2026-01-30 17:00:00,4849.84,4894.1,4686.75,4879.28,21285.0
2026-01-30 18:00:00,4879.27,4948.27,4840.42,4932.77,20171.0
2026-01-30 19:00:00,4932.98,4933.42,4809.7,4848.16,19900.0
2026-01-30 20:00:00,4847.84,4892.65,4831.51,4885.18,12242.0
2026-02-01 22:00:00,4809.72,4866.29,4699.63,4741.56,16935.0
2026-02-01 23:00:00,4742.73,4884.54,4740.67,4766.68,18240.0
2026-02-02 00:00:00,4766.15,4784.63,4584.22,4736.84,20397.0
2026-02-02 01:00:00,4736.46,4773.16,4697.4,4710.76,18735.0
2026-02-02 02:00:00,4711.08,4729.32,4630.4,4646.99,19168.0
2026-02-02 03:00:00,4647.16,4713.48,4603.61,4679.34,17576.0
2026-02-02 04:00:00,4679.4,4696.67,4498.54,4550.12,19014.0
2026-02-02 05:00:00,4549.71,4573.85,4403.12,4503.0,20937.0
2026-02-02 06:00:00,4505.02,4619.0,4486.14,4587.24,17334.0
2026-02-02 07:00:00,4587.46,4650.71,4561.37,4640.87,16815.0
2026-02-02 08:00:00,4640.12,4731.17,4603.76,4719.68,17759.0
2026-02-02 09:00:00,4718.85,4733.71,4657.22,4705.58,16056.0
2026-02-02 10:00:00,4705.61,4779.02,4703.64,4766.24,15602.0
2026-02-02 11:00:00,4765.84,4812.62,4743.56,4794.12,15666.0
2026-02-02 12:00:00,4794.08,4803.79,4669.62,4706.16,20971.0
2026-02-02 13:00:00,4706.18,4793.46,4680.1,4719.09,21585.0
2026-02-02 14:00:00,4710.41,4744.97,4617.27,4620.15,22512.0
2026-02-02 15:00:00,4620.59,4708.75,4596.8,4666.06,20995.0
2026-02-02 16:00:00,4666.06,4713.96,4656.63,4674.2,17936.0
2026-02-02 17:00:00,4674.17,4674.17,4618.69,4657.85,17166.0
2026-02-02 18:00:00,4657.79,4712.44,4631.32,4685.24,16923.0
2026-02-02 19:00:00,4685.3,4700.83,4647.72,4652.43,17884.0
2026-02-02 20:00:00,4653.24,4687.18,4643.98,4660.96,11816.0
2026-02-02 22:00:00,4671.46,4775.7,4666.08,4774.44,14531.0
2026-02-02 23:00:00,4774.47,4830.39,4766.12,4780.36,14729.0
2026-02-03 00:00:00,4782.16,4855.72,4766.46,4841.69,18775.0
2026-02-03 01:00:00,4841.32,4841.9,4745.65,4783.57,17854.0
2026-02-03 02:00:00,4783.47,4813.43,4751.72,4809.42,16202.0
2026-02-03 03:00:00,4809.3,4825.17,4801.09,4809.15,12818.0
2026-02-03 04:00:00,4809.55,4842.0,4809.23,4825.3,13923.0
2026-02-03 05:00:00,4825.34,4894.06,4816.72,4881.49,16482.0
2026-02-03 06:00:00,4881.33,4933.52,4872.06,4917.3,13209.0
2026-02-03 07:00:00,4917.8,4949.52,4898.54,4912.52,13492.0
2026-02-03 08:00:00,4912.8,4926.06,4884.72,4916.1,12894.0
2026-02-03 09:00:00,4916.1,4929.72,4901.78,4902.34,10018.0
2026-02-03 10:00:00,4902.32,4919.41,4884.22,4916.88,11651.0
2026-02-03 11:00:00,4916.92,4936.1,4892.52,4913.7,12192.0
2026-02-03 12:00:00,4913.72,4950.98,4902.7,4932.57,17143.0
2026-02-03 13:00:00,4933.11,4936.36,4893.74,4917.1,18753.0
2026-02-03 14:00:00,4916.8,4948.58,4904.66,4935.51,17439.0
2026-02-03 15:00:00,4935.58,4993.98,4930.02,4955.64,16560.0
2026-02-03 16:00:00,4955.15,4969.87,4907.54,4929.04,19294.0
2026-02-03 17:00:00,4928.22,4954.02,4885.46,4908.39,17934.0
2026-02-03 18:00:00,4908.48,4949.1,4880.96,4927.3,17156.0
2026-02-03 19:00:00,4927.26,4956.86,4902.86,4944.42,15953.0
2026-02-03 20:00:00,4943.26,4964.29,4933.88,4946.72,8318.0
2026-02-03 22:00:00,4944.76,4972.33,4909.77,4947.54,12329.0
2026-02-03 23:00:00,4947.54,5016.0,4946.44,5015.66,14648.0
2026-02-04 00:00:00,5015.86,5053.36,4984.98,5046.57,16570.0
2026-02-04 01:00:00,5046.55,5065.49,5035.62,5040.53,12946.0
2026-02-04 02:00:00,5040.26,5073.63,5036.32,5070.18,11226.0
2026-02-04 03:00:00,5070.17,5081.18,5056.5,5080.55,7826.0
2026-02-04 04:00:00,5080.52,5090.32,5069.42,5079.48,9372.0
2026-02-04 05:00:00,5079.52,5082.78,5051.3,5076.58,12724.0
2026-02-04 06:00:00,5076.59,5091.44,5062.18,5085.02,10249.0
2026-02-04 07:00:00,5084.54,5091.92,5068.94,5083.72,9283.0
2026-02-04 08:00:00,5083.64,5086.92,5042.59,5059.93,12877.0
2026-02-04 09:00:00,5060.14,5064.43,5041.86,5048.74,10266.0
2026-02-04 10:00:00,5048.73,5053.44,5013.73,5047.59,10937.0
2026-02-04 11:00:00,5047.61,5063.22,5036.94,5040.88,9456.0
2026-02-04 12:00:00,5041.08,5063.36,5023.36,5053.96,15735.0
2026-02-04 13:00:00,5054.68,5058.88,4967.07,4986.73,18540.0
2026-02-04 14:00:00,4985.84,5007.84,4888.16,4920.47,20424.0
2026-02-04 15:00:00,4920.24,4940.28,4849.98,4904.65,19237.0
2026-02-04 16:00:00,4904.69,4930.55,4888.34,4897.86,18367.0
2026-02-04 17:00:00,4897.76,4935.2,4872.94,4927.42,15409.0
2026-02-04 18:00:00,4927.52,4957.77,4914.9,4941.9,14433.0
2026-02-04 19:00:00,4941.9,4951.22,4914.84,4938.54,13516.0
2026-02-04 20:00:00,4938.58,4970.82,4937.62,4964.74,7200.0
2026-02-04 22:00:00,4968.94,5023.76,4967.06,5012.31,11212.0
2026-02-04 23:00:00,5012.2,5020.54,4997.26,5006.76,10612.0
2026-02-05 00:00:00,5008.19,5012.07,4936.22,4958.66,18405.0
2026-02-05 01:00:00,4958.64,4961.78,4805.22,4811.88,20171.0
2026-02-05 02:00:00,4812.24,4887.7,4789.52,4880.68,19140.0
2026-02-05 03:00:00,4880.76,4891.2,4863.49,4863.86,13843.0
2026-02-05 04:00:00,4863.02,4906.65,4826.78,4896.2,15626.0
2026-02-05 05:00:00,4896.32,4934.09,4878.48,4920.54,16434.0
2026-02-05 06:00:00,4920.51,4940.86,4896.1,4914.92,14595.0
2026-02-05 07:00:00,4914.98,4943.51,4901.12,4912.36,13200.0
2026-02-05 08:00:00,4912.72,4914.64,4849.68,4854.9,15639.0
2026-02-05 09:00:00,4854.78,4886.66,4848.3,4877.01,12626.0
2026-02-05 10:00:00,4877.01,4894.46,4864.48,4868.26,10691.0
2026-02-05 11:00:00,4868.23,4878.03,4810.58,4853.93,17012.0
2026-02-05 12:00:00,4853.95,4867.83,4801.98,4835.42,18538.0
2026-02-05 13:00:00,4835.47,4869.95,4806.12,4846.05,19745.0
2026-02-05 14:00:00,4845.94,4866.18,4800.49,4817.74,19381.0
2026-02-05 15:00:00,4817.34,4906.78,4812.52,4889.17,17687.0
2026-02-05 16:00:00,4889.04,4890.76,4859.16,4869.21,15967.0
2026-02-05 17:00:00,4869.36,4875.24,4851.04,4858.25,14498.0
2026-02-05 18:00:00,4858.22,4865.2,4823.64,4829.51,13649.0
2026-02-05 19:00:00,4830.21,4843.24,4792.82,4810.9,14563.0
2026-02-05 20:00:00,4810.0,4826.04,4760.14,4779.46,10518.0
2026-02-05 22:00:00,4792.68,4794.76,4703.53,4704.01,14233.0
2026-02-05 23:00:00,4704.0,4764.52,4655.52,4763.16,18250.0
2026-02-06 00:00:00,4762.77,4784.66,4693.96,4774.15,19627.0
2026-02-06 01:00:00,4773.64,4846.45,4761.2,4816.51,17564.0
2026-02-06 02:00:00,4816.49,4839.28,4801.27,4824.31,13781.0
2026-02-06 03:00:00,4824.25,4831.88,4807.2,4813.94,9520.0
2026-02-06 04:00:00,4814.82,4898.06,4807.74,4897.72,13138.0
2026-02-06 05:00:00,4897.72,4903.1,4824.83,4846.44,15210.0
2026-02-06 06:00:00,4846.44,4861.74,4838.53,4841.22,10706.0
2026-02-06 07:00:00,4840.52,4882.32,4829.58,4861.86,11337.0
2026-02-06 08:00:00,4861.86,4872.68,4838.59,4866.57,9879.0
2026-02-06 09:00:00,4866.54,4880.04,4851.82,4878.45,8632.0
2026-02-06 10:00:00,4878.45,4895.87,4864.04,4887.16,9226.0
2026-02-06 11:00:00,4887.75,4903.93,4872.1,4900.36,10220.0
2026-02-06 12:00:00,4900.6,4938.46,4897.22,4929.2,15045.0
2026-02-06 13:00:00,4929.3,4949.5,4894.6,4948.31,15393.0
2026-02-06 14:00:00,4948.29,4964.74,4928.6,4943.68,17004.0
2026-02-06 15:00:00,4943.74,4953.38,4921.72,4951.64,14281.0
2026-02-06 16:00:00,4951.62,4968.74,4948.34,4960.67,11580.0
2026-02-06 17:00:00,4960.67,4971.43,4943.97,4962.6,10349.0
2026-02-06 18:00:00,4962.63,4963.35,4948.82,4957.13,7554.0
2026-02-06 19:00:00,4957.18,4959.15,4936.74,4953.34,10020.0
2026-02-06 20:00:00,4953.31,4965.74,4946.56,4965.74,4219.0
2026-02-08 22:00:00,4983.69,5046.94,4964.9,5036.25,12973.0
2026-02-08 23:00:00,5036.24,5045.1,5012.09,5019.89,11382.0
2026-02-09 00:00:00,5021.46,5042.1,4976.34,4982.64,14878.0
2026-02-09 01:00:00,4982.59,5017.56,4969.09,5007.14,11711.0
2026-02-09 02:00:00,5007.14,5031.54,5005.68,5016.13,10466.0
2026-02-09 03:00:00,5016.17,5024.92,5007.71,5012.1,8041.0
2026-02-09 04:00:00,5012.16,5041.58,5011.36,5036.99,9975.0
2026-02-09 05:00:00,5036.59,5045.58,5014.14,5031.38,12548.0
2026-02-09 06:00:00,5031.39,5031.39,4997.62,5006.54,10752.0
2026-02-09 07:00:00,5006.47,5035.84,5002.9,5027.37,9330.0
2026-02-09 08:00:00,5027.67,5041.14,5002.88,5007.75,8422.0
2026-02-09 09:00:00,5007.84,5015.26,4982.42,4990.94,10506.0
2026-02-09 10:00:00,4990.93,5017.92,4988.68,5010.87,8106.0
2026-02-09 11:00:00,5010.88,5021.77,5007.28,5013.38,7869.0
2026-02-09 12:00:00,5013.38,5024.68,4995.24,5007.0,12977.0
2026-02-09 13:00:00,5007.02,5040.58,5002.32,5038.06,14128.0
2026-02-09 14:00:00,5037.56,5060.4,5023.66,5058.94,13593.0
2026-02-09 15:00:00,5058.96,5080.62,5056.92,5073.48,11919.0
2026-02-09 16:00:00,5073.48,5075.61,5040.93,5046.28,10789.0
2026-02-09 17:00:00,5046.29,5064.0,5044.25,5062.82,11279.0
2026-02-09 18:00:00,5062.77,5080.16,5062.49,5074.58,8731.0
2026-02-09 19:00:00,5074.54,5086.72,5072.36,5079.6,10564.0
2026-02-09 20:00:00,5079.98,5083.2,5048.72,5057.94,5870.0
2026-02-09 22:00:00,5058.83,5075.95,4987.4,5032.02,13069.0
2026-02-09 23:00:00,5032.03,5048.02,5008.78,5019.08,12043.0
2026-02-10 00:00:00,5018.94,5037.66,5012.64,5032.78,14814.0
2026-02-10 01:00:00,5032.76,5056.38,5031.87,5038.3,12641.0
2026-02-10 02:00:00,5038.27,5038.27,5016.58,5030.12,11185.0
2026-02-10 03:00:00,5030.06,5033.94,5017.66,5031.61,7516.0
2026-02-10 04:00:00,5031.42,5040.46,5011.38,5039.53,10010.0
2026-02-10 05:00:00,5039.47,5045.52,5019.08,5024.67,11023.0
2026-02-10 06:00:00,5024.64,5036.02,5018.7,5034.0,8257.0
2026-02-10 07:00:00,5033.86,5055.1,5028.9,5041.94,9389.0
2026-02-10 08:00:00,5041.92,5063.28,5040.72,5046.76,8190.0
2026-02-10 09:00:00,5046.79,5058.22,5037.17,5046.92,7598.0
2026-02-10 10:00:00,5046.92,5057.56,5044.5,5056.12,6167.0
2026-02-10 11:00:00,5056.12,5057.22,5019.7,5032.25,9395.0
2026-02-10 12:00:00,5032.24,5058.58,5026.21,5051.22,12898.0
2026-02-10 13:00:00,5051.22,5078.74,5020.37,5039.59,14678.0
2026-02-10 14:00:00,5037.9,5048.0,4999.24,5019.58,15577.0
2026-02-10 15:00:00,5019.6,5026.55,5005.26,5023.91,14209.0
2026-02-10 16:00:00,5023.92,5040.06,5020.69,5026.31,10424.0
2026-02-10 17:00:00,5026.03,5027.88,5004.84,5013.28,11440.0
2026-02-10 18:00:00,5013.26,5030.28,5008.9,5028.11,8530.0
2026-02-10 19:00:00,5028.12,5045.5,5020.48,5030.4,9107.0
2026-02-10 20:00:00,5030.2,5032.86,5020.5,5025.3,4141.0
2026-02-10 22:00:00,5025.85,5054.59,5024.03,5042.08,7163.0
2026-02-10 23:00:00,5042.08,5049.57,5028.09,5037.9,7982.0
2026-02-11 00:00:00,5038.32,5053.06,5030.78,5052.58,9985.0
2026-02-11 01:00:00,5052.57,5057.82,5032.68,5055.36,9446.0
2026-02-11 02:00:00,5055.68,5060.78,5045.14,5054.62,6765.0
2026-02-11 03:00:00,5054.59,5059.74,5045.92,5046.56,4656.0
2026-02-11 04:00:00,5046.6,5063.91,5043.72,5052.71,7288.0
2026-02-11 05:00:00,5052.74,5064.53,5049.45,5064.13,8554.0
2026-02-11 06:00:00,5064.13,5069.46,5049.04,5055.64,9121.0
2026-02-11 07:00:00,5055.61,5060.52,5045.77,5053.76,5843.0
2026-02-11 08:00:00,5053.72,5072.04,5047.39,5062.77,6255.0
2026-02-11 09:00:00,5062.8,5101.28,5062.52,5093.38,8886.0
2026-02-11 10:00:00,5093.42,5116.78,5082.57,5111.95,7928.0
2026-02-11 11:00:00,5111.92,5119.06,5051.09,5083.82,11344.0
2026-02-11 12:00:00,5083.57,5089.8,5018.75,5065.92,16354.0
2026-02-11 13:00:00,5065.9,5082.72,5035.98,5059.43,16100.0
2026-02-11 14:00:00,5058.33,5082.0,5039.24,5060.58,17464.0
2026-02-11 15:00:00,5059.82,5078.26,5042.93,5075.31,13599.0
2026-02-11 16:00:00,5075.33,5098.96,5068.94,5091.75,12262.0
2026-02-11 17:00:00,5091.63,5092.99,5067.25,5082.48,12122.0
2026-02-11 18:00:00,5082.47,5094.35,5077.33,5082.16,10384.0
2026-02-11 19:00:00,5082.14,5089.96,5078.33,5086.8,9943.0
2026-02-11 20:00:00,5086.86,5092.94,5069.88,5084.24,5508.0
2026-02-11 22:00:00,5090.28,5099.9,5053.82,5060.94,9254.0
2026-02-11 23:00:00,5061.04,5067.63,5049.64,5062.98,10739.0
2026-02-12 00:00:00,5062.94,5064.34,5045.04,5063.33,11540.0
2026-02-12 01:00:00,5063.56,5072.76,5055.19,5066.04,9303.0
2026-02-12 02:00:00,5065.96,5074.68,5055.02,5057.06,7140.0
2026-02-12 03:00:00,5057.07,5069.98,5051.01,5069.42,5262.0
2026-02-12 04:00:00,5069.42,5078.33,5064.7,5075.66,7302.0
2026-02-12 05:00:00,5075.7,5076.4,5047.35,5059.67,10208.0
2026-02-12 06:00:00,5059.68,5066.34,5051.82,5064.01,6335.0
2026-02-12 07:00:00,5063.95,5073.53,5052.56,5068.6,7315.0
2026-02-12 08:00:00,5068.49,5080.8,5066.37,5073.22,6458.0
2026-02-12 09:00:00,5073.18,5077.24,5056.18,5062.12,6260.0
2026-02-12 10:00:00,5062.12,5068.4,5059.49,5063.96,5364.0
2026-02-12 11:00:00,5064.18,5068.66,5048.88,5052.87,6659.0
2026-02-12 12:00:00,5052.84,5083.74,5051.56,5075.45,11031.0
2026-02-12 13:00:00,5075.52,5077.79,5037.94,5044.5,13394.0
2026-02-12 14:00:00,5044.44,5074.87,5039.3,5060.72,12282.0
2026-02-12 15:00:00,5060.7,5068.32,4878.66,4954.62,20321.0
2026-02-12 16:00:00,4954.68,4982.88,4939.47,4941.12,18135.0
2026-02-12 17:00:00,4940.9,4952.2,4906.54,4935.69,17571.0
2026-02-12 18:00:00,4935.68,4958.2,4928.83,4945.55,14405.0
2026-02-12 19:00:00,4945.58,4948.45,4911.54,4915.08,14717.0
2026-02-12 20:00:00,4915.47,4926.42,4911.94,4921.64,6703.0
2026-02-12 22:00:00,4926.44,4930.12,4885.5,4920.23,10368.0
2026-02-12 23:00:00,4920.22,4948.59,4913.74,4928.15,10518.0
2026-02-13 00:00:00,4928.26,4988.6,4927.33,4980.92,13174.0
2026-02-13 01:00:00,4980.9,4991.4,4972.3,4988.4,9259.0
2026-02-13 02:00:00,4988.37,4989.28,4973.92,4981.47,7120.0
2026-02-13 03:00:00,4981.45,4997.22,4973.0,4976.7,6265.0
2026-02-13 04:00:00,4976.7,4986.48,4944.98,4946.2,9443.0
2026-02-13 05:00:00,4946.43,4968.79,4946.16,4967.32,11122.0
2026-02-13 06:00:00,4967.32,4982.72,4951.18,4974.98,9161.0
2026-02-13 07:00:00,4975.08,4989.52,4971.46,4982.7,9602.0
2026-02-13 08:00:00,4982.68,4982.92,4961.51,4970.33,7903.0
2026-02-13 09:00:00,4970.33,4980.7,4947.26,4950.11,7223.0
2026-02-13 10:00:00,4950.24,4955.06,4933.74,4953.97,9490.0
2026-02-13 11:00:00,4953.82,4973.93,4952.1,4969.52,8126.0
2026-02-13 12:00:00,4969.54,4999.49,4957.73,4987.15,12532.0
2026-02-13 13:00:00,4987.13,5010.97,4964.78,4995.62,15727.0
2026-02-13 14:00:00,4996.86,5020.6,4974.14,4976.77,17688.0
2026-02-13 15:00:00,4976.98,5033.82,4975.64,5007.88,14686.0
2026-02-13 16:00:00,5007.9,5029.3,5006.02,5021.05,11321.0
2026-02-13 17:00:00,5021.11,5035.64,5015.54,5031.27,11091.0
2026-02-13 18:00:00,5031.31,5046.1,5023.64,5023.64,9905.0
2026-02-13 19:00:00,5023.76,5034.64,5021.62,5032.54,11235.0
2026-02-13 20:00:00,5032.44,5045.84,5029.74,5042.46,4477.0
2026-02-15 22:00:00,5037.76,5052.49,5011.71,5020.12,10775.0
2026-02-15 23:00:00,5020.16,5022.62,4999.04,5015.64,8230.0
2026-02-16 00:00:00,5015.6,5031.26,5007.12,5028.9,7565.0
2026-02-16 01:00:00,5028.9,5031.17,4992.32,4994.82,8450.0
2026-02-16 02:00:00,4994.82,5000.0,4976.94,4987.62,8293.0
2026-02-16 03:00:00,4987.61,4992.11,4973.24,4976.82,7678.0
2026-02-16 04:00:00,4977.86,4990.81,4965.72,4990.68,7140.0
2026-02-16 05:00:00,4990.68,5003.06,4984.91,4994.97,6210.0
2026-02-16 06:00:00,4994.9,5010.06,4988.89,5007.3,6408.0
2026-02-16 07:00:00,5007.29,5013.38,4995.86,5008.04,7159.0
2026-02-16 08:00:00,5008.11,5017.17,5008.01,5013.54,5744.0
2026-02-16 09:00:00,5013.53,5017.26,5000.46,5006.14,6244.0
2026-02-16 10:00:00,5006.14,5008.12,4999.04,5004.41,4820.0
2026-02-16 11:00:00,5004.42,5008.1,4993.16,5002.02,5454.0
2026-02-16 12:00:00,5002.01,5003.8,4989.84,4997.3,6103.0
2026-02-16 13:00:00,4997.3,4999.61,4981.9,4988.37,7258.0
2026-02-16 14:00:00,4988.37,4988.37,4969.14,4979.78,7353.0
2026-02-16 15:00:00,4979.76,4990.34,4973.2,4988.14,6433.0
2026-02-16 16:00:00,4988.14,4996.07,4988.14,4991.69,4279.0
2026-02-16 17:00:00,4991.7,4997.6,4988.68,4994.66,4706.0
2026-02-16 18:00:00,4994.66,4996.39,4990.58,4993.64,2688.0
2026-02-16 22:00:00,4996.25,5000.43,4985.27,4989.79,6153.0
2026-02-16 23:00:00,4989.79,4991.34,4932.07,4935.71,9473.0
2026-02-17 00:00:00,4935.73,4963.97,4922.96,4957.54,10286.0
2026-02-17 01:00:00,4957.64,4971.04,4954.56,4967.0,6808.0
2026-02-17 02:00:00,4967.0,4970.15,4950.24,4956.87,7211.0
2026-02-17 03:00:00,4956.86,4960.27,4946.78,4953.04,5144.0
2026-02-17 04:00:00,4952.83,4954.26,4859.57,4888.92,13032.0
2026-02-17 05:00:00,4888.92,4914.4,4886.62,4910.44,9188.0
2026-02-17 06:00:00,4910.42,4921.98,4903.94,4917.18,8127.0
2026-02-17 07:00:00,4917.14,4930.26,4916.53,4920.76,7658.0
2026-02-17 08:00:00,4920.74,4932.39,4912.91,4926.05,7675.0
2026-02-17 09:00:00,4926.03,4939.37,4907.82,4913.21,7274.0
2026-02-17 10:00:00,4913.22,4930.92,4913.2,4929.46,6442.0
2026-02-17 11:00:00,4929.42,4944.42,4928.36,4932.06,7533.0
2026-02-17 12:00:00,4932.08,4933.36,4870.38,4870.7,12314.0
2026-02-17 13:00:00,4870.78,4907.24,4842.22,4863.03,17795.0
2026-02-17 14:00:00,4863.3,4882.52,4849.12,4878.84,17970.0
2026-02-17 15:00:00,4878.66,4893.72,4868.84,4869.26,14964.0
2026-02-17 16:00:00,4869.28,4871.29,4850.22,4865.2,13211.0
2026-02-17 17:00:00,4865.14,4910.64,4862.54,4898.88,13277.0
2026-02-17 18:00:00,4898.97,4901.13,4876.63,4880.34,12067.0
2026-02-17 19:00:00,4880.3,4884.16,4873.38,4878.02,12039.0
2026-02-17 20:00:00,4878.03,4886.77,4875.2,4877.1,4140.0
2026-02-17 22:00:00,4879.22,4884.42,4854.11,4859.2,8580.0
2026-02-17 23:00:00,4859.19,4883.29,4858.34,4874.97,8645.0
2026-02-18 00:00:00,4874.94,4892.74,4874.58,4889.97,7970.0
2026-02-18 01:00:00,4890.05,4907.4,4886.58,4905.42,5798.0
2026-02-18 02:00:00,4905.41,4922.18,4904.32,4920.8,5905.0
2026-02-18 03:00:00,4920.79,4940.54,4918.35,4934.24,6341.0
2026-02-18 04:00:00,4934.28,4939.96,4930.0,4933.4,5072.0
2026-02-18 05:00:00,4933.56,4936.09,4925.33,4930.88,6019.0
2026-02-18 06:00:00,4930.87,4942.26,4929.27,4930.38,5765.0
2026-02-18 07:00:00,4930.36,4932.42,4916.84,4917.33,6254.0
2026-02-18 08:00:00,4917.17,4923.16,4913.06,4917.41,6005.0
2026-02-18 09:00:00,4917.43,4924.59,4909.25,4914.59,7906.0
2026-02-18 10:00:00,4914.58,4917.71,4906.47,4912.98,5420.0
2026-02-18 11:00:00,4912.98,4947.15,4912.08,4943.03,7993.0
2026-02-18 12:00:00,4942.98,4968.92,4942.98,4954.41,11007.0
2026-02-18 13:00:00,4954.45,4994.19,4952.28,4991.81,12899.0
2026-02-18 14:00:00,4991.78,5008.98,4991.68,4997.97,12938.0
2026-02-18 15:00:00,4997.93,5010.98,4991.48,5000.5,11444.0
2026-02-18 16:00:00,5000.49,5001.79,4993.56,4999.3,9015.0
2026-02-18 17:00:00,4999.27,5003.24,4980.62,4987.46,11112.0
2026-02-18 18:00:00,4987.47,4995.45,4972.92,4980.6,11768.0
2026-02-18 19:00:00,4980.55,4987.64,4975.52,4984.84,11601.0
2026-02-18 20:00:00,4984.81,4986.5,4975.42,4977.24,3294.0
2026-02-18 22:00:00,4975.45,4988.68,4960.66,4976.04,7561.0
2026-02-18 23:00:00,4976.05,4976.33,4960.87,4961.43,7721.0
2026-02-19 00:00:00,4961.43,4975.7,4961.06,4973.32,6201.0
2026-02-19 01:00:00,4973.23,4977.48,4965.85,4968.25,4931.0
2026-02-19 02:00:00,4968.17,4983.32,4966.41,4981.6,5052.0
2026-02-19 03:00:00,4981.54,4985.44,4976.92,4984.32,4456.0
2026-02-19 04:00:00,4984.32,4998.67,4984.2,4996.96,4730.0
2026-02-19 05:00:00,4996.96,5019.84,4996.64,5018.37,5778.0
2026-02-19 06:00:00,5018.37,5021.72,5009.0,5010.38,5899.0
2026-02-19 07:00:00,5010.31,5022.14,5006.44,5017.17,7127.0
2026-02-19 08:00:00,5017.31,5020.44,4993.08,4995.83,7355.0
2026-02-19 09:00:00,4995.81,4996.2,4981.64,4993.4,8202.0
2026-02-19 10:00:00,4993.39,4996.43,4978.1,4984.48,7138.0
2026-02-19 11:00:00,4984.48,4992.85,4980.49,4984.9,6517.0
2026-02-19 12:00:00,4984.96,4998.56,4970.8,4997.18,10183.0
2026-02-19 13:00:00,4997.18,5010.6,4964.1,5005.66,14707.0
2026-02-19 14:00:00,5005.78,5022.25,4996.06,5013.81,16152.0
2026-02-19 15:00:00,5014.09,5014.39,4990.28,4995.23,12046.0
2026-02-19 16:00:00,4995.14,5001.68,4982.48,4985.0,9893.0
2026-02-19 17:00:00,4985.1,4989.37,4975.27,4981.74,9883.0
2026-02-19 18:00:00,4981.72,4990.35,4978.4,4987.94,8274.0
2026-02-19 19:00:00,4987.94,5003.43,4987.94,5001.79,10041.0
2026-02-19 20:00:00,5001.99,5004.16,4992.01,4995.96,3637.0
2026-02-19 22:00:00,4999.31,5008.17,4985.98,4987.8,6499.0
2026-02-19 23:00:00,4987.78,5006.9,4985.5,5006.48,5867.0
2026-02-20 00:00:00,5006.46,5014.79,4995.43,4997.07,7480.0
2026-02-20 01:00:00,4997.08,5007.49,4992.85,4996.22,6031.0
2026-02-20 02:00:00,4996.22,4999.27,4981.8,4987.52,5767.0
2026-02-20 03:00:00,4988.12,5003.36,4986.73,4999.79,3799.0
2026-02-20 04:00:00,4999.91,5011.96,4998.18,5011.96,5359.0
2026-02-20 05:00:00,5012.06,5030.01,5011.98,5020.71,7402.0
2026-02-20 06:00:00,5020.72,5028.12,5006.07,5006.34,7637.0
2026-02-20 07:00:00,5006.54,5030.53,5005.12,5028.97,8296.0
2026-02-20 08:00:00,5029.02,5042.5,5027.42,5027.69,8548.0
2026-02-20 09:00:00,5027.81,5038.47,5019.68,5034.77,7640.0
2026-02-20 10:00:00,5034.78,5034.89,5015.64,5017.43,6990.0
2026-02-20 11:00:00,5017.43,5026.72,5007.18,5025.34,8209.0
2026-02-20 12:00:00,5025.36,5048.76,5018.32,5043.59,10421.0
2026-02-20 13:00:00,5043.78,5060.48,5037.28,5054.57,13596.0
2026-02-20 14:00:00,5054.08,5064.08,4990.87,5042.72,21012.0
2026-02-20 15:00:00,5042.27,5069.2,5039.04,5066.64,15864.0
2026-02-20 16:00:00,5066.66,5076.31,5054.7,5073.01,14554.0
2026-02-20 17:00:00,5072.92,5075.22,5054.5,5071.23,14420.0
2026-02-20 18:00:00,5071.53,5079.9,5069.02,5079.53,9328.0
2026-02-20 19:00:00,5079.53,5098.06,5076.96,5096.92,12031.0
2026-02-20 20:00:00,5096.88,5107.96,5091.74,5107.8,5632.0
2026-02-22 22:00:00,5109.5,5171.93,5099.27,5165.39,12113.0
2026-02-22 23:00:00,5165.37,5166.68,5129.68,5144.61,12707.0
2026-02-23 00:00:00,5144.61,5167.71,5140.28,5157.59,11243.0
2026-02-23 01:00:00,5157.62,5176.64,5156.75,5173.66,9612.0
2026-02-23 02:00:00,5173.64,5175.98,5152.24,5166.85,8309.0
2026-02-23 03:00:00,5166.84,5168.78,5155.58,5160.82,6546.0
2026-02-23 04:00:00,5160.87,5161.78,5152.41,5158.34,6640.0
2026-02-23 05:00:00,5158.34,5161.55,5145.19,5145.75,7208.0
2026-02-23 06:00:00,5145.75,5154.4,5124.99,5136.75,10357.0
2026-02-23 07:00:00,5136.8,5142.07,5122.34,5140.13,9504.0
2026-02-23 08:00:00,5140.18,5150.1,5139.16,5149.61,7085.0
2026-02-23 09:00:00,5149.68,5163.5,5145.26,5162.89,7929.0
2026-02-23 10:00:00,5162.93,5163.48,5146.73,5149.76,7422.0
2026-02-23 11:00:00,5149.76,5165.48,5145.6,5164.15,8164.0
2026-02-23 12:00:00,5164.13,5165.16,5143.7,5146.37,9403.0
2026-02-23 13:00:00,5146.34,5200.38,5141.49,5192.42,13684.0
2026-02-23 14:00:00,5192.41,5205.06,5180.89,5196.52,16375.0
2026-02-23 15:00:00,5196.48,5219.08,5175.88,5210.08,15603.0
2026-02-23 16:00:00,5210.09,5213.61,5191.21,5208.03,13359.0
2026-02-23 17:00:00,5208.12,5215.93,5201.1,5209.67,11031.0
2026-02-23 18:00:00,5209.7,5218.5,5206.67,5215.72,10144.0
2026-02-23 19:00:00,5215.71,5237.86,5215.2,5236.52,12172.0
2026-02-23 20:00:00,5236.5,5237.48,5226.56,5227.54,5336.0
2026-02-23 22:00:00,5230.39,5249.63,5222.55,5235.64,8671.0
2026-02-23 23:00:00,5235.7,5238.26,5217.88,5223.99,10008.0
2026-02-24 00:00:00,5223.88,5223.9,5145.44,5177.34,17552.0
2026-02-24 01:00:00,5177.32,5190.91,5165.68,5189.99,10632.0
2026-02-24 02:00:00,5189.97,5191.84,5171.17,5172.13,8094.0
2026-02-24 03:00:00,5172.11,5175.08,5161.3,5168.29,6476.0
2026-02-24 04:00:00,5168.02,5185.76,5164.05,5182.69,8436.0
2026-02-24 05:00:00,5182.65,5184.88,5156.64,5173.63,9017.0
2026-02-24 06:00:00,5173.62,5183.88,5164.2,5179.42,9101.0
2026-02-24 07:00:00,5178.73,5182.09,5165.16,5173.61,8139.0
2026-02-24 08:00:00,5173.6,5180.36,5166.64,5171.45,6509.0
2026-02-24 09:00:00,5171.45,5181.26,5163.38,5172.9,6706.0
2026-02-24 10:00:00,5172.9,5178.65,5171.06,5172.71,5241.0
2026-02-24 11:00:00,5172.71,5173.46,5145.36,5150.69,9747.0
2026-02-24 12:00:00,5150.66,5161.27,5109.53,5115.15,13809.0
2026-02-24 13:00:00,5115.11,5139.33,5092.55,5128.27,17994.0
2026-02-24 14:00:00,5128.7,5155.34,5118.15,5150.38,15668.0
2026-02-24 15:00:00,5150.39,5152.33,5131.35,5141.9,13789.0
2026-02-24 16:00:00,5141.94,5163.86,5141.78,5163.84,11205.0
2026-02-24 17:00:00,5163.81,5170.01,5153.87,5160.15,11046.0
2026-02-24 18:00:00,5160.15,5160.46,5146.62,5154.06,9725.0
2026-02-24 19:00:00,5154.06,5173.25,5146.7,5164.09,11535.0
2026-02-24 20:00:00,5163.97,5165.82,5140.22,5143.74,4989.0
2026-02-24 22:00:00,5143.77,5152.22,5121.86,5146.74,7597.0
2026-02-24 23:00:00,5146.75,5156.4,5137.08,5152.4,7996.0
2026-02-25 00:00:00,5152.38,5190.0,5144.33,5176.87,12517.0
2026-02-25 01:00:00,5176.87,5193.95,5166.68,5180.71,10115.0
2026-02-25 02:00:00,5180.71,5190.1,5178.45,5182.32,8358.0
2026-02-25 03:00:00,5182.26,5185.25,5173.0,5182.74,5279.0
2026-02-25 04:00:00,5182.85,5210.6,5182.85,5201.84,8501.0
2026-02-25 05:00:00,5201.84,5201.85,5182.5,5194.77,9649.0
2026-02-25 06:00:00,5194.83,5195.14,5180.21,5184.77,6332.0
2026-02-25 07:00:00,5184.78,5197.19,5184.18,5185.39,7830.0
2026-02-25 08:00:00,5185.32,5194.61,5176.82,5193.37,8228.0
2026-02-25 09:00:00,5193.49,5195.23,5170.15,5175.17,7897.0
2026-02-25 10:00:00,5175.16,5182.53,5155.24,5181.57,8425.0
2026-02-25 11:00:00,5181.54,5187.38,5177.48,5182.92,7199.0
2026-02-25 12:00:00,5182.88,5191.55,5181.14,5185.28,10405.0
2026-02-25 13:00:00,5185.11,5193.43,5159.1,5191.4,13812.0
2026-02-25 14:00:00,5191.37,5202.64,5172.8,5194.61,14858.0
2026-02-25 15:00:00,5194.88,5213.88,5189.82,5212.35,11964.0
2026-02-25 16:00:00,5212.36,5217.64,5203.78,5207.05,11030.0
2026-02-25 17:00:00,5207.02,5207.69,5200.91,5202.04,4855.0
2026-02-25 18:00:00,5202.05,5208.54,5191.66,5205.1,9163.0
2026-02-25 19:00:00,5205.12,5206.29,5145.9,5152.12,13306.0
2026-02-25 20:00:00,5152.05,5173.53,5150.45,5164.84,8936.0
2026-02-25 22:00:00,5168.56,5181.83,5159.56,5163.01,9053.0
2026-02-25 23:00:00,5163.09,5192.11,5155.64,5188.39,9923.0
2026-02-26 00:00:00,5188.4,5198.42,5178.62,5191.56,12545.0
2026-02-26 01:00:00,5191.56,5195.66,5174.18,5184.41,10175.0
2026-02-26 02:00:00,5184.38,5193.86,5183.07,5192.65,7389.0
2026-02-26 03:00:00,5192.56,5199.02,5190.57,5192.73,5765.0
2026-02-26 04:00:00,5192.8,5205.48,5190.21,5198.31,8710.0
2026-02-26 05:00:00,5198.29,5199.66,5190.53,5193.31,8105.0
2026-02-26 06:00:00,5193.32,5194.7,5179.72,5186.13,8004.0
2026-02-26 07:00:00,5186.07,5190.86,5167.62,5179.42,10883.0
2026-02-26 08:00:00,5179.41,5189.52,5173.97,5186.43,7585.0
2026-02-26 09:00:00,5186.44,5190.12,5165.92,5171.47,7461.0
2026-02-26 10:00:00,5171.47,5178.34,5161.28,5164.74,6991.0
2026-02-26 11:00:00,5164.77,5187.81,5157.78,5183.76,9230.0
2026-02-26 12:00:00,5183.75,5185.69,5164.48,5166.43,12170.0
2026-02-26 13:00:00,5166.37,5176.12,5140.3,5165.24,15286.0
2026-02-26 14:00:00,5165.04,5192.86,5130.72,5185.97,18020.0
2026-02-26 15:00:00,5185.78,5187.37,5172.94,5179.76,14356.0
2026-02-26 16:00:00,5179.75,5190.54,5162.12,5167.27,12503.0
2026-02-26 17:00:00,5167.31,5185.82,5160.52,5180.19,11943.0
2026-02-26 18:00:00,5180.29,5194.03,5179.66,5187.09,9161.0
2026-02-26 19:00:00,5187.09,5201.05,5186.88,5196.58,10468.0
2026-02-26 20:00:00,5196.5,5200.75,5182.96,5185.0,4476.0
2026-02-26 22:00:00,5187.91,5189.78,5175.94,5184.65,5781.0
2026-02-26 23:00:00,5184.62,5194.84,5170.34,5175.09,7962.0
2026-02-27 00:00:00,5175.3,5194.44,5166.96,5194.06,11755.0
2026-02-27 01:00:00,5194.05,5199.64,5173.64,5183.61,11354.0
2026-02-27 02:00:00,5183.55,5190.6,5181.2,5184.23,8601.0
2026-02-27 03:00:00,5184.17,5188.83,5180.94,5181.74,4891.0
2026-02-27 04:00:00,5181.74,5200.49,5181.43,5197.92,8023.0
2026-02-27 05:00:00,5197.9,5199.16,5185.18,5185.79,9961.0
2026-02-27 06:00:00,5185.78,5189.66,5175.72,5176.09,8582.0
2026-02-27 07:00:00,5176.79,5182.42,5174.4,5178.73,7389.0
2026-02-27 08:00:00,5178.32,5182.66,5172.31,5176.0,6826.0
2026-02-27 09:00:00,5176.0,5180.88,5168.72,5177.67,6865.0
2026-02-27 10:00:00,5177.62,5185.73,5172.66,5185.72,6020.0
2026-02-27 11:00:00,5185.76,5190.52,5183.06,5187.56,6849.0
2026-02-27 12:00:00,5187.56,5240.62,5186.89,5223.08,17104.0
2026-02-27 13:00:00,5223.09,5236.24,5213.84,5223.89,16162.0
2026-02-27 14:00:00,5223.86,5246.64,5214.88,5239.49,17159.0
2026-02-27 15:00:00,5239.48,5257.63,5221.16,5229.03,16349.0
2026-02-27 16:00:00,5229.21,5237.01,5221.22,5234.73,13744.0
2026-02-27 17:00:00,5234.68,5246.88,5222.68,5245.36,12002.0
2026-02-27 18:00:00,5245.37,5252.41,5240.27,5250.1,10109.0
2026-02-27 19:00:00,5250.16,5265.43,5248.7,5263.34,11579.0
2026-02-27 20:00:00,5263.41,5280.94,5257.34,5280.0,5456.0
2026-03-01 22:00:00,5304.24,5393.5,5302.14,5387.0,16503.0
2026-03-01 23:00:00,5387.0,5388.06,5341.14,5347.52,15096.0
2026-03-02 00:00:00,5347.45,5347.45,5303.31,5324.99,18177.0
2026-03-02 01:00:00,5324.87,5351.74,5317.13,5346.6,13096.0
2026-03-02 02:00:00,5346.6,5366.84,5344.52,5366.43,10304.0
2026-03-02 03:00:00,5366.38,5367.16,5345.8,5356.07,8294.0
2026-03-02 04:00:00,5356.07,5366.3,5341.09,5366.09,9724.0
2026-03-02 05:00:00,5366.1,5389.83,5363.7,5387.5,12102.0
2026-03-02 06:00:00,5387.65,5419.16,5384.92,5408.48,13094.0
2026-03-02 07:00:00,5408.47,5416.81,5391.43,5394.2,13408.0
2026-03-02 08:00:00,5394.2,5402.8,5386.14,5392.15,11298.0
2026-03-02 09:00:00,5392.18,5401.02,5379.04,5389.05,10192.0
2026-03-02 10:00:00,5389.15,5399.99,5375.33,5385.26,9905.0
2026-03-02 11:00:00,5385.33,5398.78,5379.06,5397.09,10904.0
2026-03-02 12:00:00,5397.07,5416.78,5382.2,5394.02,15527.0
2026-03-02 13:00:00,5394.02,5395.18,5305.74,5333.77,19733.0
2026-03-02 14:00:00,5329.53,5348.93,5308.3,5315.94,19931.0
2026-03-02 15:00:00,5315.28,5315.28,5261.06,5290.07,19354.0
2026-03-02 16:00:00,5290.14,5320.59,5286.89,5306.81,16116.0
2026-03-02 17:00:00,5306.87,5316.76,5289.62,5315.64,13374.0
2026-03-02 18:00:00,5315.68,5334.26,5313.92,5330.45,10888.0
2026-03-02 19:00:00,5330.54,5346.48,5328.38,5332.36,14700.0
2026-03-02 20:00:00,5332.99,5340.23,5321.66,5321.84,6885.0
2026-03-02 22:00:00,5324.68,5347.23,5324.31,5345.96,6973.0
2026-03-02 23:00:00,5345.95,5362.09,5336.91,5350.38,8336.0
2026-03-03 00:00:00,5350.29,5379.86,5338.26,5339.36,14278.0
2026-03-03 01:00:00,5339.67,5368.08,5333.14,5366.94,13449.0
2026-03-03 02:00:00,5366.94,5373.52,5359.39,5367.15,9203.0
2026-03-03 03:00:00,5367.4,5375.65,5359.4,5361.38,7482.0
2026-03-03 04:00:00,5361.31,5367.2,5304.88,5319.11,13281.0
2026-03-03 05:00:00,5319.2,5323.03,5279.1,5310.69,15794.0
2026-03-03 06:00:00,5310.69,5331.18,5306.17,5327.76,10974.0
2026-03-03 07:00:00,5327.66,5335.98,5290.39,5295.76,13847.0
2026-03-03 08:00:00,5295.55,5303.81,5226.36,5275.09,16035.0
2026-03-03 09:00:00,5275.01,5287.84,5238.0,5248.11,15073.0
2026-03-03 10:00:00,5248.07,5264.04,5073.17,5144.9,20790.0
2026-03-03 11:00:00,5144.77,5226.74,5138.6,5224.63,17096.0
2026-03-03 12:00:00,5224.66,5224.66,5127.56,5156.79,18957.0
2026-03-03 13:00:00,5156.72,5175.44,5016.34,5037.84,20292.0
2026-03-03 14:00:00,5038.76,5097.03,4996.27,5095.76,21676.0
2026-03-03 15:00:00,5095.52,5134.6,5090.66,5106.82,20385.0
2026-03-03 16:00:00,5107.47,5109.83,5065.44,5079.3,18947.0
2026-03-03 17:00:00,5079.16,5138.1,5079.16,5136.01,17365.0
2026-03-03 18:00:00,5135.94,5148.64,5099.49,5113.34,17120.0
2026-03-03 19:00:00,5113.98,5130.32,5085.82,5096.84,16946.0
2026-03-03 20:00:00,5097.06,5110.48,5083.43,5088.24,8415.0
2026-03-03 22:00:00,5106.7,5130.04,5083.99,5125.39,10551.0
2026-03-03 23:00:00,5125.37,5140.38,5106.26,5138.76,11716.0
2026-03-04 00:00:00,5138.72,5178.68,5138.72,5175.16,16716.0
2026-03-04 01:00:00,5175.13,5190.78,5154.16,5156.33,14191.0
2026-03-04 02:00:00,5156.32,5177.52,5141.22,5174.63,13495.0
2026-03-04 03:00:00,5174.59,5180.88,5152.06,5156.95,10602.0
2026-03-04 04:00:00,5156.91,5168.33,5152.2,5160.08,13313.0
2026-03-04 05:00:00,5160.06,5160.64,5121.26,5160.64,14341.0
2026-03-04 06:00:00,5160.58,5176.01,5158.53,5168.4,11378.0
2026-03-04 07:00:00,5168.56,5182.08,5147.9,5167.62,12208.0
2026-03-04 08:00:00,5167.54,5184.97,5159.19,5182.28,11037.0
2026-03-04 09:00:00,5182.31,5202.56,5179.76,5189.86,11353.0
2026-03-04 10:00:00,5189.91,5200.9,5187.74,5192.2,8445.0
2026-03-04 11:00:00,5192.2,5206.1,5156.4,5171.21,12601.0
2026-03-04 12:00:00,5171.26,5196.37,5167.44,5168.0,15274.0
2026-03-04 13:00:00,5168.01,5185.05,5138.33,5146.96,18256.0
2026-03-04 14:00:00,5144.04,5167.1,5130.78,5151.38,18780.0
2026-03-04 15:00:00,5151.46,5162.68,5138.44,5149.72,16421.0
2026-03-04 16:00:00,5149.74,5153.11,5120.33,5141.07,14389.0
2026-03-04 17:00:00,5141.11,5143.48,5109.58,5133.71,14371.0
2026-03-04 18:00:00,5133.92,5139.66,5123.34,5138.0,10533.0
2026-03-04 19:00:00,5137.58,5146.69,5123.68,5134.78,11789.0
2026-03-04 20:00:00,5135.16,5144.1,5129.46,5141.1,5293.0
2026-03-04 22:00:00,5148.86,5166.13,5144.97,5165.32,6839.0
2026-03-04 23:00:00,5165.29,5179.83,5159.56,5172.62,7588.0
2026-03-05 00:00:00,5172.66,5186.53,5167.44,5172.58,13485.0
2026-03-05 01:00:00,5172.59,5192.5,5171.6,5192.1,11402.0
2026-03-05 02:00:00,5192.1,5194.94,5178.41,5180.26,8708.0
2026-03-05 03:00:00,5180.2,5186.7,5166.48,5171.71,6609.0
2026-03-05 04:00:00,5171.72,5176.8,5148.34,5148.64,9461.0
2026-03-05 05:00:00,5148.62,5168.78,5120.96,5167.66,13956.0
2026-03-05 06:00:00,5167.66,5172.65,5159.0,5162.28,10368.0
2026-03-05 07:00:00,5161.76,5170.2,5137.62,5165.69,12530.0
2026-03-05 08:00:00,5165.67,5180.57,5152.59,5161.14,12800.0
2026-03-05 09:00:00,5161.11,5167.6,5146.32,5164.61,9604.0
2026-03-05 10:00:00,5164.65,5168.04,5157.02,5163.92,7428.0
2026-03-05 11:00:00,5163.98,5171.56,5160.66,5162.62,8081.0
2026-03-05 12:00:00,5162.64,5164.1,5081.91,5117.94,16850.0
2026-03-05 13:00:00,5118.0,5129.86,5090.86,5102.27,17894.0
2026-03-05 14:00:00,5101.42,5120.0,5059.08,5102.57,19729.0
2026-03-05 15:00:00,5102.58,5104.54,5054.28,5077.73,17746.0
2026-03-05 16:00:00,5077.72,5089.55,5055.06,5062.93,17490.0
2026-03-05 17:00:00,5062.55,5085.6,5051.2,5069.42,16986.0
2026-03-05 18:00:00,5069.48,5081.28,5056.32,5066.11,15662.0
2026-03-05 19:00:00,5066.07,5094.83,5061.78,5076.7,16730.0
2026-03-05 20:00:00,5076.59,5084.92,5072.16,5081.02,5721.0
2026-03-05 22:00:00,5084.72,5101.76,5081.24,5086.32,7995.0
2026-03-05 23:00:00,5086.25,5092.28,5074.26,5084.49,8720.0
2026-03-06 00:00:00,5084.46,5143.88,5066.66,5134.85,14406.0
2026-03-06 01:00:00,5134.72,5138.69,5122.18,5126.39,10140.0
2026-03-06 02:00:00,5126.38,5141.45,5124.44,5131.18,7679.0
2026-03-06 03:00:00,5131.18,5136.41,5126.38,5127.62,5190.0
2026-03-06 04:00:00,5127.61,5130.12,5114.34,5117.19,8796.0
2026-03-06 05:00:00,5117.47,5122.99,5109.3,5115.71,8740.0
2026-03-06 06:00:00,5115.76,5120.72,5105.64,5119.71,8459.0
2026-03-06 07:00:00,5119.74,5122.97,5096.38,5108.64,9268.0
2026-03-06 08:00:00,5108.79,5109.13,5083.15,5085.8,11533.0
2026-03-06 09:00:00,5085.81,5092.86,5075.78,5091.12,10604.0
2026-03-06 10:00:00,5091.26,5099.9,5062.82,5077.1,10717.0
2026-03-06 11:00:00,5077.15,5096.72,5076.38,5083.28,11214.0
2026-03-06 12:00:00,5083.06,5131.31,5065.54,5085.05,17721.0
2026-03-06 13:00:00,5085.21,5131.89,5081.08,5130.48,19048.0
2026-03-06 14:00:00,5130.43,5171.46,5127.98,5142.05,19738.0
2026-03-06 15:00:00,5142.31,5153.14,5125.94,5140.01,16283.0
2026-03-06 16:00:00,5140.12,5152.55,5128.96,5140.89,15178.0
2026-03-06 17:00:00,5140.82,5167.7,5138.81,5161.23,13593.0
2026-03-06 18:00:00,5161.21,5174.56,5156.34,5159.88,11001.0
2026-03-06 19:00:00,5159.88,5162.56,5149.9,5153.52,12265.0
2026-03-06 20:00:00,5152.98,5174.78,5150.92,5174.64,5118.0
2026-03-08 22:00:00,5180.46,5197.91,5104.22,5130.29,16636.0
2026-03-08 23:00:00,5130.23,5135.7,5042.78,5076.15,15658.0
2026-03-09 00:00:00,5076.27,5080.14,5028.78,5050.17,16406.0
2026-03-09 01:00:00,5050.09,5087.67,5014.99,5070.14,17771.0
2026-03-09 02:00:00,5070.22,5099.3,5055.56,5094.96,15428.0
2026-03-09 03:00:00,5094.71,5102.28,5081.64,5091.43,11600.0
2026-03-09 04:00:00,5091.44,5097.28,5085.3,5090.23,8140.0
2026-03-09 05:00:00,5090.24,5140.44,5080.97,5124.36,14860.0
2026-03-09 06:00:00,5124.36,5134.06,5096.71,5097.78,14750.0
2026-03-09 07:00:00,5097.86,5107.91,5088.33,5099.0,12158.0
2026-03-09 08:00:00,5099.25,5110.72,5087.22,5096.58,13156.0
2026-03-09 09:00:00,5096.01,5132.59,5095.22,5105.34,13065.0
2026-03-09 10:00:00,5105.35,5111.08,5084.24,5087.26,11117.0
2026-03-09 11:00:00,5087.25,5097.38,5080.13,5088.06,11004.0
2026-03-09 12:00:00,5088.24,5112.18,5088.24,5095.0,10579.0
2026-03-09 13:00:00,5095.04,5111.37,5067.39,5074.07,17086.0
2026-03-09 14:00:00,5074.02,5116.06,5060.98,5093.91,18902.0
2026-03-09 15:00:00,5094.28,5103.51,5079.57,5099.73,15119.0
2026-03-09 16:00:00,5099.87,5110.78,5094.94,5104.78,13466.0
2026-03-09 17:00:00,5104.79,5106.79,5089.06,5095.92,12691.0
2026-03-09 18:00:00,5095.92,5126.42,5092.51,5123.22,11176.0
2026-03-09 19:00:00,5123.3,5143.97,5118.5,5141.1,15257.0
2026-03-09 20:00:00,5141.1,5147.98,5134.14,5136.66,6987.0
2026-03-09 22:00:00,5140.27,5153.21,5117.54,5153.05,9335.0
2026-03-09 23:00:00,5153.26,5156.04,5135.78,5139.74,9006.0
2026-03-10 00:00:00,5139.65,5141.33,5125.06,5131.1,10615.0
2026-03-10 01:00:00,5131.1,5186.14,5124.7,5184.21,15538.0
2026-03-10 02:00:00,5184.28,5186.79,5163.85,5165.74,12324.0
2026-03-10 03:00:00,5165.9,5173.23,5155.73,5157.45,10674.0
2026-03-10 04:00:00,5157.58,5166.62,5154.5,5163.85,6496.0
2026-03-10 05:00:00,5163.84,5179.32,5163.82,5178.03,8543.0
2026-03-10 06:00:00,5178.03,5180.88,5172.0,5175.23,9289.0
2026-03-10 07:00:00,5175.21,5181.54,5158.65,5181.0,10264.0
2026-03-10 08:00:00,5181.02,5195.18,5175.09,5183.58,10794.0
2026-03-10 09:00:00,5183.64,5189.39,5180.7,5182.66,8759.0
2026-03-10 10:00:00,5182.67,5184.0,5156.62,5177.27,11299.0
2026-03-10 11:00:00,5177.27,5191.93,5171.94,5175.19,11522.0
2026-03-10 12:00:00,5175.27,5189.49,5162.35,5187.03,11994.0
2026-03-10 13:00:00,5187.02,5228.86,5186.12,5205.71,16756.0
2026-03-10 14:00:00,5205.82,5214.4,5184.77,5206.88,15628.0
2026-03-10 15:00:00,5206.84,5238.59,5203.32,5228.73,13349.0
2026-03-10 16:00:00,5228.77,5235.56,5222.79,5227.68,11609.0
2026-03-10 17:00:00,5227.67,5235.49,5223.7,5227.71,12655.0
2026-03-10 18:00:00,5227.74,5228.07,5160.94,5191.78,16458.0
2026-03-10 19:00:00,5191.87,5207.66,5180.0,5198.77,15052.0
2026-03-10 20:00:00,5198.44,5199.02,5191.65,5192.64,6120.0
2026-03-10 22:00:00,5184.72,5197.76,5183.61,5189.31,7277.0
2026-03-10 23:00:00,5189.26,5197.57,5187.83,5197.28,5032.0
2026-03-11 00:00:00,5197.28,5219.45,5186.75,5215.48,8815.0
2026-03-11 01:00:00,5215.41,5223.16,5208.6,5208.6,11426.0
2026-03-11 02:00:00,5208.6,5220.44,5194.34,5217.42,10248.0
2026-03-11 03:00:00,5217.33,5220.44,5199.43,5203.4,7582.0
2026-03-11 04:00:00,5203.4,5208.57,5199.52,5204.52,5106.0
2026-03-11 05:00:00,5204.57,5208.3,5191.22,5199.59,8489.0
2026-03-11 06:00:00,5199.77,5210.7,5191.68,5197.58,9445.0
2026-03-11 07:00:00,5197.58,5202.05,5184.68,5195.7,9850.0
2026-03-11 08:00:00,5195.72,5198.67,5175.68,5187.58,9894.0
2026-03-11 09:00:00,5187.59,5197.18,5179.73,5187.78,9038.0
2026-03-11 10:00:00,5187.79,5195.35,5176.88,5186.12,8700.0
2026-03-11 11:00:00,5186.15,5193.7,5175.84,5181.26,8956.0
2026-03-11 12:00:00,5181.19,5196.65,5166.73,5167.6,13232.0
2026-03-11 13:00:00,5167.46,5183.06,5149.32,5176.9,15711.0
2026-03-11 14:00:00,5176.85,5196.27,5174.62,5183.28,15969.0
2026-03-11 15:00:00,5183.24,5185.76,5164.18,5166.38,14603.0
2026-03-11 16:00:00,5166.34,5178.02,5163.73,5175.67,13560.0
2026-03-11 17:00:00,5175.72,5181.01,5155.04,5169.88,12619.0
2026-03-11 18:00:00,5169.73,5178.4,5169.13,5172.6,9663.0
2026-03-11 19:00:00,5172.63,5183.59,5169.38,5183.33,8201.0
2026-03-11 20:00:00,5183.14,5183.65,5175.29,5175.96,3651.0
2026-03-11 22:00:00,5178.5,5183.62,5129.9,5139.13,7758.0
2026-03-11 23:00:00,5139.13,5158.1,5133.16,5134.33,8512.0
2026-03-12 00:00:00,5134.33,5161.5,5125.56,5152.99,9846.0
2026-03-12 01:00:00,5153.07,5172.94,5151.56,5168.69,11746.0
2026-03-12 02:00:00,5168.37,5175.22,5145.82,5150.73,10421.0
2026-03-12 03:00:00,5150.71,5155.66,5147.34,5153.22,7533.0
2026-03-12 04:00:00,5153.37,5153.99,5140.54,5142.62,4960.0
2026-03-12 05:00:00,5142.62,5157.58,5137.24,5154.54,7841.0
2026-03-12 06:00:00,5154.54,5170.43,5147.32,5166.27,8698.0
2026-03-12 07:00:00,5166.31,5185.19,5164.58,5182.04,7247.0
2026-03-12 08:00:00,5182.39,5189.76,5175.88,5178.21,8519.0
2026-03-12 09:00:00,5178.2,5190.42,5174.5,5188.36,8172.0
2026-03-12 10:00:00,5188.26,5191.71,5176.28,5182.41,7376.0
2026-03-12 11:00:00,5182.4,5183.98,5172.84,5179.09,6440.0
2026-03-12 12:00:00,5179.3,5185.58,5163.74,5181.44,11228.0
2026-03-12 13:00:00,5181.31,5186.1,5146.18,5151.21,16319.0
2026-03-12 14:00:00,5151.14,5163.74,5138.46,5143.04,16088.0
2026-03-12 15:00:00,5142.67,5144.93,5109.54,5132.45,15967.0
2026-03-12 16:00:00,5132.46,5138.11,5121.38,5123.61,14533.0
2026-03-12 17:00:00,5123.17,5129.6,5102.6,5105.32,14391.0
2026-03-12 18:00:00,5105.34,5112.66,5090.93,5094.43,13284.0
2026-03-12 19:00:00,5094.18,5096.85,5079.5,5084.77,13020.0
2026-03-12 20:00:00,5084.93,5090.55,5055.05,5079.04,8550.0
2026-03-12 22:00:00,5081.41,5096.25,5073.16,5095.85,7294.0
2026-03-12 23:00:00,5095.98,5101.39,5089.26,5098.14,6349.0
2026-03-13 00:00:00,5098.08,5115.43,5097.53,5113.8,6748.0
2026-03-13 01:00:00,5113.79,5124.18,5108.86,5124.18,10613.0
2026-03-13 02:00:00,5124.16,5128.36,5110.4,5112.1,8026.0
2026-03-13 03:00:00,5111.98,5116.79,5106.3,5115.67,6701.0
2026-03-13 04:00:00,5115.56,5118.0,5102.75,5104.4,4460.0
2026-03-13 05:00:00,5104.8,5111.06,5098.24,5103.24,7898.0
2026-03-13 06:00:00,5103.24,5107.75,5085.84,5088.38,11170.0
2026-03-13 07:00:00,5088.23,5094.27,5071.76,5085.21,9644.0
2026-03-13 08:00:00,5084.98,5088.04,5061.54,5087.48,10809.0
2026-03-13 09:00:00,5087.4,5097.08,5083.4,5089.66,8765.0
2026-03-13 10:00:00,5089.69,5098.38,5080.18,5094.88,8266.0
2026-03-13 11:00:00,5094.88,5107.84,5086.4,5107.84,8382.0
2026-03-13 12:00:00,5107.38,5121.9,5104.19,5118.38,12289.0
2026-03-13 13:00:00,5118.37,5121.12,5096.9,5101.66,14490.0
2026-03-13 14:00:00,5101.63,5108.02,5035.46,5041.86,17254.0
2026-03-13 15:00:00,5041.58,5071.45,5031.62,5034.78,17765.0
2026-03-13 16:00:00,5034.7,5052.95,5019.04,5046.0,16462.0
2026-03-13 17:00:00,5046.01,5063.84,5043.52,5046.4,14466.0
2026-03-13 18:00:00,5046.14,5051.76,5036.16,5046.36,11739.0
2026-03-13 19:00:00,5046.41,5049.89,5009.78,5016.3,12461.0
2026-03-13 20:00:00,5016.92,5025.26,5012.42,5018.66,6577.0
2026-03-15 22:00:00,5007.42,5030.53,4998.86,5025.02,10608.0
2026-03-15 23:00:00,5024.98,5026.13,4967.48,4997.69,13921.0
2026-03-16 00:00:00,4997.64,5030.94,4996.86,5025.74,11628.0
2026-03-16 01:00:00,5025.76,5026.5,4982.73,5016.0,17059.0
2026-03-16 02:00:00,5015.93,5018.8,4998.04,5003.61,11999.0
2026-03-16 03:00:00,5003.6,5020.69,4998.14,5019.29,8680.0
2026-03-16 04:00:00,5019.29,5026.33,5012.44,5012.84,5844.0
2026-03-16 05:00:00,5012.85,5020.06,5003.26,5017.43,8308.0
2026-03-16 06:00:00,5017.43,5036.12,5005.62,5012.25,10645.0
2026-03-16 07:00:00,5012.23,5016.42,4991.98,4995.31,10023.0
2026-03-16 08:00:00,4995.21,5003.54,4984.98,4991.18,10833.0
2026-03-16 09:00:00,4991.18,4991.67,4972.01,4975.35,10232.0
2026-03-16 10:00:00,4975.32,4999.56,4970.25,4998.78,10704.0
2026-03-16 11:00:00,4998.76,5022.68,4993.22,4997.16,10413.0
2026-03-16 12:00:00,4997.15,5024.93,4994.44,5019.98,12465.0
2026-03-16 13:00:00,5019.99,5034.45,5013.65,5029.91,15080.0
2026-03-16 14:00:00,5029.91,5037.98,4987.98,4996.26,16129.0
2026-03-16 15:00:00,4996.22,5005.74,4983.94,4987.07,13640.0
2026-03-16 16:00:00,4987.07,4998.85,4974.03,4990.62,13412.0
2026-03-16 17:00:00,4992.18,5003.91,4984.03,4991.36,12396.0
2026-03-16 18:00:00,4991.37,5017.84,4990.1,5012.81,11329.0
2026-03-16 19:00:00,5012.8,5020.26,5008.11,5013.3,11694.0
2026-03-16 20:00:00,5013.04,5021.67,5004.66,5006.25,5006.0
2026-03-16 22:00:00,5006.84,5016.15,4998.61,5002.34,5968.0
2026-03-16 23:00:00,5002.34,5015.72,5001.99,5012.97,5051.0
2026-03-17 00:00:00,5012.91,5014.15,4998.22,5002.94,8020.0
2026-03-17 01:00:00,5002.92,5027.86,4994.91,5027.83,11133.0
2026-03-17 02:00:00,5027.85,5029.58,5020.06,5022.64,8508.0
2026-03-17 03:00:00,5022.4,5033.6,5020.62,5027.6,7125.0
2026-03-17 04:00:00,5027.58,5042.0,5026.28,5038.05,6497.0
2026-03-17 05:00:00,5038.02,5044.5,5020.22,5020.86,9039.0
2026-03-17 06:00:00,5020.78,5022.79,5005.22,5009.94,10665.0
2026-03-17 07:00:00,5009.98,5028.14,5009.01,5021.23,7659.0
2026-03-17 08:00:00,5021.36,5029.63,5018.45,5024.85,8373.0
2026-03-17 09:00:00,5024.78,5025.9,5009.86,5010.66,8152.0
2026-03-17 10:00:00,5010.34,5016.47,4992.22,5000.24,9546.0
2026-03-17 11:00:00,5000.25,5011.47,4996.84,5003.32,7581.0
2026-03-17 12:00:00,5003.32,5023.93,4999.27,5011.79,10910.0
2026-03-17 13:00:00,5011.78,5031.47,5005.29,5016.74,14445.0
2026-03-17 14:00:00,5016.82,5020.49,5002.94,5007.72,15315.0
2026-03-17 15:00:00,5007.5,5017.6,4973.79,4997.83,15022.0
2026-03-17 16:00:00,4997.85,5005.82,4991.52,5001.98,13537.0
2026-03-17 17:00:00,5002.0,5008.7,4996.46,5002.5,9675.0
2026-03-17 18:00:00,5002.5,5009.06,4999.74,5003.87,8493.0
2026-03-17 19:00:00,5003.84,5005.66,4996.48,5000.16,9894.0
2026-03-17 20:00:00,5000.29,5006.43,4999.9,5005.5,4272.0
2026-03-17 22:00:00,5006.64,5006.64,4993.38,4999.88,4008.0
2026-03-17 23:00:00,4999.88,5003.82,4998.95,5002.92,3341.0
2026-03-18 00:00:00,5002.91,5012.44,5000.33,5004.37,6904.0
2026-03-18 01:00:00,5004.35,5015.84,4991.32,4998.83,10559.0
2026-03-18 02:00:00,4998.71,5006.89,4990.53,4992.03,8272.0
2026-03-18 03:00:00,4991.98,4997.56,4986.24,4991.29,7529.0
2026-03-18 04:00:00,4991.26,4993.66,4981.93,4987.11,5611.0
2026-03-18 05:00:00,4987.11,5002.65,4984.79,4997.51,8221.0
2026-03-18 06:00:00,4997.52,5016.37,4996.43,5009.46,8707.0
2026-03-18 07:00:00,5009.44,5014.8,4990.56,4995.13,6785.0
2026-03-18 08:00:00,4994.9,4996.95,4977.46,4987.6,8844.0
2026-03-18 09:00:00,4987.62,4995.67,4984.93,4992.2,6883.0
2026-03-18 10:00:00,4992.21,4992.22,4958.94,4967.96,9251.0
2026-03-18 11:00:00,4967.96,4973.9,4925.06,4930.31,14207.0
2026-03-18 12:00:00,4930.27,4932.47,4870.68,4881.71,18292.0
2026-03-18 13:00:00,4881.6,4885.51,4834.52,4878.49,20469.0
2026-03-18 14:00:00,4878.21,4894.57,4855.73,4869.57,18026.0
2026-03-18 15:00:00,4869.62,4880.06,4861.23,4862.48,14588.0
2026-03-18 16:00:00,4862.52,4890.39,4861.03,4887.38,13545.0
2026-03-18 17:00:00,4886.9,4899.06,4883.89,4890.63,12340.0
2026-03-18 18:00:00,4890.68,4899.24,4852.42,4853.04,16686.0
2026-03-18 19:00:00,4853.08,4865.32,4838.24,4843.28,15805.0
2026-03-18 20:00:00,4843.1,4848.55,4807.03,4818.64,10402.0
2026-03-18 22:00:00,4829.62,4838.98,4804.56,4834.65,11444.0
2026-03-18 23:00:00,4834.7,4842.58,4828.28,4836.71,8212.0
2026-03-19 00:00:00,4836.7,4848.71,4835.36,4841.27,9270.0
2026-03-19 01:00:00,4841.27,4867.2,4833.0,4849.98,13132.0
2026-03-19 02:00:00,4850.0,4862.06,4841.75,4858.75,10306.0
2026-03-19 03:00:00,4858.71,4866.08,4850.86,4850.93,7331.0
2026-03-19 04:00:00,4850.93,4853.67,4845.86,4849.89,5827.0
2026-03-19 05:00:00,4849.88,4853.99,4827.06,4827.57,10020.0
2026-03-19 06:00:00,4827.56,4842.29,4746.72,4763.77,16503.0
2026-03-19 07:00:00,4763.87,4784.27,4727.4,4727.94,14145.0
2026-03-19 08:00:00,4727.82,4740.35,4686.88,4709.07,18163.0
2026-03-19 09:00:00,4709.34,4725.93,4687.61,4698.87,18116.0
2026-03-19 10:00:00,4698.86,4719.93,4666.66,4679.23,15788.0
2026-03-19 11:00:00,4679.16,4699.77,4650.5,4652.69,15752.0
2026-03-19 12:00:00,4651.86,4653.92,4531.62,4574.74,20144.0
2026-03-19 13:00:00,4574.32,4620.89,4503.02,4620.27,24647.0
2026-03-19 14:00:00,4621.18,4649.15,4581.2,4602.12,23109.0
2026-03-19 15:00:00,4601.77,4638.9,4566.24,4596.44,20671.0
2026-03-19 16:00:00,4596.29,4626.53,4576.7,4584.84,19704.0
2026-03-19 17:00:00,4584.91,4629.89,4573.92,4616.17,18098.0
2026-03-19 18:00:00,4616.17,4623.17,4596.3,4623.01,15388.0
2026-03-19 19:00:00,4623.04,4663.3,4623.02,4643.9,19965.0
2026-03-19 20:00:00,4643.91,4661.82,4642.92,4651.06,8054.0
2026-03-19 22:00:00,4656.67,4677.04,4636.28,4636.45,9326.0
2026-03-19 23:00:00,4636.44,4647.8,4634.28,4643.62,7767.0
2026-03-20 00:00:00,4643.61,4665.07,4642.3,4648.69,9498.0
2026-03-20 01:00:00,4648.68,4699.5,4639.5,4677.37,16136.0
2026-03-20 02:00:00,4677.39,4703.68,4670.41,4697.1,11657.0
2026-03-20 03:00:00,4698.15,4735.78,4693.26,4725.77,11897.0
2026-03-20 04:00:00,4725.77,4727.61,4715.52,4721.72,6593.0
2026-03-20 05:00:00,4721.86,4723.58,4685.82,4687.9,11235.0
2026-03-20 06:00:00,4688.5,4701.07,4661.41,4669.33,14109.0
2026-03-20 07:00:00,4669.25,4707.88,4668.11,4706.34,10634.0
2026-03-20 08:00:00,4706.37,4734.74,4684.81,4693.67,12437.0
2026-03-20 09:00:00,4693.69,4700.42,4659.55,4667.64,11921.0
2026-03-20 10:00:00,4667.64,4670.12,4638.26,4645.32,13736.0
2026-03-20 11:00:00,4645.36,4674.24,4637.1,4671.56,12526.0
2026-03-20 12:00:00,4671.55,4695.56,4661.99,4678.34,15368.0
2026-03-20 13:00:00,4678.35,4679.26,4612.9,4616.63,19672.0
2026-03-20 14:00:00,4616.6,4622.5,4548.18,4564.19,21487.0
2026-03-20 15:00:00,4564.3,4580.22,4540.77,4553.5,19980.0
2026-03-20 16:00:00,4553.51,4613.74,4552.13,4583.31,19050.0
2026-03-20 17:00:00,4583.33,4600.65,4554.46,4573.56,18562.0
2026-03-20 18:00:00,4573.53,4578.42,4477.36,4499.84,18420.0
2026-03-20 19:00:00,4499.85,4516.58,4485.63,4501.54,19896.0
2026-03-20 20:00:00,4501.78,4514.84,4493.77,4497.92,9748.0
2026-03-22 22:00:00,4456.42,4536.35,4448.87,4498.17,13904.0
2026-03-22 23:00:00,4498.52,4510.56,4453.08,4464.89,13350.0
2026-03-23 00:00:00,4464.87,4473.36,4320.3,4354.33,19906.0
2026-03-23 01:00:00,4354.23,4454.06,4330.66,4387.48,21374.0
2026-03-23 02:00:00,4388.2,4422.15,4354.91,4360.58,18543.0
2026-03-23 03:00:00,4360.63,4377.86,4334.99,4352.86,15486.0
2026-03-23 04:00:00,4352.89,4381.88,4350.16,4367.63,12166.0
2026-03-23 05:00:00,4367.56,4380.14,4302.5,4310.34,16254.0
2026-03-23 06:00:00,4310.31,4310.4,4163.64,4220.56,22007.0
2026-03-23 07:00:00,4220.32,4232.25,4098.92,4204.1,23162.0
2026-03-23 08:00:00,4204.14,4270.56,4203.66,4251.32,21054.0
2026-03-23 09:00:00,4251.39,4308.39,4223.83,4253.57,19395.0
2026-03-23 10:00:00,4254.12,4281.94,4241.05,4269.08,17383.0
2026-03-23 11:00:00,4269.11,4463.27,4269.11,4379.27,23255.0
2026-03-23 12:00:00,4378.35,4492.56,4337.14,4478.66,22885.0
2026-03-23 13:00:00,4478.73,4485.82,4401.86,4454.24,24226.0
2026-03-23 14:00:00,4454.81,4512.9,4453.3,4461.81,23824.0
2026-03-23 15:00:00,4462.2,4487.02,4351.25,4363.88,23139.0
2026-03-23 16:00:00,4363.51,4391.59,4352.59,4375.37,23404.0
2026-03-23 17:00:00,4376.78,4438.88,4370.94,4426.27,20564.0
2026-03-23 18:00:00,4426.43,4467.04,4402.24,4449.12,19227.0
2026-03-23 19:00:00,4448.97,4450.65,4393.28,4398.26,18757.0
2026-03-23 20:00:00,4399.31,4413.12,4383.04,4406.68,9504.0
2026-03-23 22:00:00,4413.77,4431.44,4361.13,4427.02,12196.0
2026-03-23 23:00:00,4427.0,4448.3,4421.98,4441.22,11028.0
2026-03-24 00:00:00,4441.03,4446.69,4330.05,4364.97,17865.0
2026-03-24 01:00:00,4363.48,4374.19,4308.13,4322.15,20512.0
2026-03-24 02:00:00,4322.2,4379.3,4306.02,4366.17,19160.0
2026-03-24 03:00:00,4366.18,4368.31,4335.12,4347.2,15097.0
2026-03-24 04:00:00,4347.14,4357.21,4326.7,4333.51,12197.0
2026-03-24 05:00:00,4333.43,4374.28,4319.88,4347.38,16954.0
2026-03-24 06:00:00,4347.54,4405.08,4343.06,4402.18,18547.0
2026-03-24 07:00:00,4401.28,4433.22,4399.75,4417.49,17633.0
2026-03-24 08:00:00,4417.56,4421.12,4391.3,4412.11,17675.0
2026-03-24 09:00:00,4412.45,4431.09,4396.02,4426.46,14631.0
2026-03-24 10:00:00,4426.73,4441.72,4414.78,4438.56,13848.0
2026-03-24 11:00:00,4438.67,4442.02,4375.86,4408.04,17072.0
2026-03-24 12:00:00,4408.2,4427.45,4362.32,4379.01,18590.0
2026-03-24 13:00:00,4378.81,4389.92,4350.28,4381.58,21934.0
2026-03-24 14:00:00,4381.43,4433.83,4380.92,4415.84,21675.0
2026-03-24 15:00:00,4415.38,4430.68,4396.32,4411.73,19703.0
2026-03-24 16:00:00,4411.74,4427.7,4402.73,4421.46,17004.0
2026-03-24 17:00:00,4421.46,4426.55,4372.35,4388.66,20385.0
2026-03-24 18:00:00,4388.71,4423.49,4384.1,4389.7,18088.0
2026-03-24 19:00:00,4389.25,4411.47,4388.66,4400.44,14922.0
2026-03-24 20:00:00,4399.92,4484.16,4397.44,4474.36,14627.0
2026-03-24 22:00:00,4474.37,4485.58,4456.09,4484.46,11517.0
2026-03-24 23:00:00,4484.46,4551.57,4472.45,4546.84,14017.0
2026-03-25 00:00:00,4546.86,4572.05,4537.37,4563.56,14332.0
2026-03-25 01:00:00,4563.77,4601.06,4552.63,4594.88,15601.0
2026-03-25 02:00:00,4595.01,4602.54,4580.09,4583.74,13110.0
2026-03-25 03:00:00,4583.74,4586.23,4567.68,4570.1,10738.0
2026-03-25 04:00:00,4570.12,4574.57,4565.84,4572.56,7016.0
2026-03-25 05:00:00,4572.94,4573.42,4548.82,4555.76,11453.0
2026-03-25 06:00:00,4555.77,4556.96,4533.18,4545.53,12742.0
2026-03-25 07:00:00,4544.97,4563.31,4537.14,4539.46,11284.0
2026-03-25 08:00:00,4539.57,4567.64,4535.94,4556.18,13501.0
2026-03-25 09:00:00,4556.15,4567.52,4528.06,4551.84,12090.0
2026-03-25 10:00:00,4551.98,4562.52,4551.18,4558.89,10405.0
2026-03-25 11:00:00,4558.86,4585.63,4556.12,4578.91,10754.0
2026-03-25 12:00:00,4579.0,4583.65,4521.81,4544.12,16571.0
2026-03-25 13:00:00,4544.22,4571.12,4541.32,4558.89,4468.0
2026-03-25 14:00:00,4564.37,4579.27,4561.91,4567.19,5996.0
2026-03-25 15:00:00,4567.36,4568.97,4525.36,4559.04,17016.0
2026-03-25 16:00:00,4559.09,4564.94,4545.36,4555.39,15856.0
2026-03-25 17:00:00,4555.26,4564.0,4542.77,4550.88,13948.0
2026-03-25 18:00:00,4550.76,4569.03,4530.92,4538.33,13887.0
2026-03-25 19:00:00,4538.27,4539.62,4487.08,4531.07,15713.0
2026-03-25 20:00:00,4530.8,4542.18,4494.88,4506.28,8340.0
2026-03-25 22:00:00,4510.37,4534.6,4505.64,4517.63,10579.0
2026-03-25 23:00:00,4517.78,4518.19,4489.19,4498.33,9574.0
2026-03-26 00:00:00,4498.29,4539.32,4498.29,4535.77,11712.0
2026-03-26 01:00:00,4535.77,4544.03,4522.5,4535.58,13667.0
2026-03-26 02:00:00,4535.58,4535.92,4505.67,4508.91,11538.0
2026-03-26 03:00:00,4508.83,4518.83,4500.12,4516.74,9910.0
2026-03-26 04:00:00,4517.02,4524.33,4511.63,4520.56,6569.0
2026-03-26 05:00:00,4520.6,4522.32,4439.1,4439.16,13624.0
2026-03-26 06:00:00,4439.19,4459.49,4415.98,4456.39,15985.0
2026-03-26 07:00:00,4456.49,4463.72,4439.0,4452.74,12649.0
2026-03-26 08:00:00,4452.42,4459.26,4413.08,4427.84,25815.0
2026-03-26 09:00:00,4427.72,4437.05,4414.64,4423.67,13060.0
2026-03-26 10:00:00,4423.72,4448.17,4417.11,4443.05,11667.0
2026-03-26 11:00:00,4443.63,4456.52,4419.08,4423.08,11640.0
2026-03-26 12:00:00,4423.13,4445.82,4416.66,4429.53,13325.0
2026-03-26 13:00:00,4429.56,4460.61,4420.34,4452.88,15518.0
2026-03-26 14:00:00,4453.44,4479.24,4437.42,4465.08,16240.0
2026-03-26 15:00:00,4465.04,4469.14,4434.32,4438.33,14964.0
2026-03-26 16:00:00,4438.24,4442.74,4367.22,4389.29,15593.0
2026-03-26 17:00:00,4388.88,4402.51,4377.36,4381.63,14362.0
2026-03-26 18:00:00,4381.45,4397.87,4367.78,4394.55,13117.0
2026-03-26 19:00:00,4395.12,4399.33,4359.25,4363.93,12518.0
2026-03-26 20:00:00,4364.23,4420.8,4351.18,4378.0,13052.0
2026-03-26 22:00:00,4386.76,4415.42,4376.32,4411.66,8155.0
2026-03-26 23:00:00,4411.3,4414.48,4390.14,4405.15,6270.0
2026-03-27 00:00:00,4405.16,4411.13,4375.56,4378.71,8931.0
2026-03-27 01:00:00,4378.72,4420.47,4377.66,4417.44,10902.0
2026-03-27 02:00:00,4417.73,4440.61,4417.18,4432.09,9792.0
2026-03-27 03:00:00,4432.08,4446.28,4421.24,4437.61,8247.0
2026-03-27 04:00:00,4437.61,4449.55,4431.53,4446.32,5402.0
2026-03-27 05:00:00,4446.04,4475.08,4440.48,4454.56,9700.0
2026-03-27 06:00:00,4454.56,4472.91,4451.94,4459.69,9848.0
2026-03-27 07:00:00,4459.08,4463.04,4442.9,4447.65,8324.0
2026-03-27 08:00:00,4447.65,4451.04,4423.77,4424.2,10421.0
2026-03-27 09:00:00,4424.15,4438.22,4420.78,4428.91,9700.0
2026-03-27 10:00:00,4428.92,4432.98,4411.06,4414.91,9594.0
2026-03-27 11:00:00,4414.94,4426.34,4404.37,4420.08,10321.0
2026-03-27 12:00:00,4419.86,4445.2,4412.74,4437.93,10995.0
2026-03-27 13:00:00,4438.39,4443.85,4413.88,4431.29,14362.0
2026-03-27 14:00:00,4431.02,4514.68,4430.89,4509.94,15857.0
2026-03-27 15:00:00,4509.72,4555.42,4501.84,4524.16,16047.0
2026-03-27 16:00:00,4524.2,4533.84,4505.59,4516.06,13440.0
2026-03-27 17:00:00,4516.08,4521.9,4486.63,4486.98,13438.0
2026-03-27 18:00:00,4486.88,4528.79,4486.86,4516.92,12309.0
2026-03-27 19:00:00,4516.92,4526.37,4500.84,4514.45,11476.0
2026-03-27 20:00:00,4514.61,4520.04,4491.28,4495.46,6716.0
2026-03-29 22:00:00,4506.51,4514.94,4464.32,4484.61,12088.0
2026-03-29 23:00:00,4484.6,4492.76,4443.92,4448.8,10720.0
2026-03-30 00:00:00,4449.66,4466.77,4419.62,4432.3,13822.0
2026-03-30 01:00:00,4431.94,4475.7,4431.94,4469.78,14224.0
2026-03-30 02:00:00,4469.41,4499.4,4459.08,4481.33,11376.0
2026-03-30 03:00:00,4481.33,4517.49,4478.95,4496.12,10567.0
2026-03-30 04:00:00,4496.14,4498.76,4486.46,4496.99,7364.0
2026-03-30 05:00:00,4496.99,4528.65,4496.98,4522.46,10479.0
2026-03-30 06:00:00,4522.51,4550.68,4517.09,4532.49,11469.0
2026-03-30 07:00:00,4531.86,4534.6,4516.04,4527.39,10463.0
2026-03-30 08:00:00,4527.29,4540.46,4524.94,4538.32,9392.0
2026-03-30 09:00:00,4538.31,4540.57,4523.84,4532.42,9377.0
2026-03-30 10:00:00,4533.25,4540.01,4527.84,4532.48,7907.0
2026-03-30 11:00:00,4532.48,4580.64,4525.64,4559.65,11674.0
2026-03-30 12:00:00,4559.62,4577.92,4544.48,4569.4,11449.0
2026-03-30 13:00:00,4569.62,4578.68,4516.86,4523.39,14307.0
2026-03-30 14:00:00,4523.39,4541.24,4512.54,4538.61,15257.0
2026-03-30 15:00:00,4538.84,4556.78,4524.81,4548.37,13613.0
2026-03-30 16:00:00,4548.2,4549.7,4532.62,4539.98,12379.0
2026-03-30 17:00:00,4539.74,4542.31,4511.68,4515.12,12951.0
2026-03-30 18:00:00,4515.03,4523.18,4498.44,4499.04,11111.0
2026-03-30 19:00:00,4499.03,4518.46,4493.1,4513.46,12611.0
2026-03-30 20:00:00,4513.52,4516.53,4501.09,4511.02,4878.0
2026-03-30 22:00:00,4512.65,4523.86,4502.13,4510.96,4833.0
2026-03-30 23:00:00,4510.78,4521.07,4492.62,4513.71,6954.0
2026-03-31 00:00:00,4513.7,4548.14,4482.5,4547.8,12888.0
2026-03-31 01:00:00,4547.76,4619.56,4532.26,4605.12,14788.0
2026-03-31 02:00:00,4605.22,4607.32,4565.71,4568.23,12468.0
2026-03-31 03:00:00,4568.12,4577.07,4550.44,4557.22,9672.0
2026-03-31 04:00:00,4557.21,4569.44,4557.18,4564.81,7506.0
2026-03-31 05:00:00,4564.81,4581.66,4547.74,4568.88,10580.0
2026-03-31 06:00:00,4568.86,4568.91,4553.38,4557.26,11117.0
2026-03-31 07:00:00,4558.27,4565.78,4543.74,4564.53,10029.0
2026-03-31 08:00:00,4564.18,4575.32,4560.53,4568.69,10304.0
2026-03-31 09:00:00,4568.69,4572.32,4550.39,4555.6,9625.0
2026-03-31 10:00:00,4555.6,4561.86,4529.64,4547.08,9375.0
2026-03-31 11:00:00,4547.05,4593.22,4541.22,4582.37,13561.0
2026-03-31 12:00:00,4582.37,4597.62,4569.32,4574.85,13285.0
2026-03-31 13:00:00,4575.43,4609.76,4567.87,4607.49,14405.0
2026-03-31 14:00:00,4607.5,4630.24,4595.02,4599.15,16132.0
2026-03-31 15:00:00,4599.82,4625.41,4599.33,4609.55,14346.0
2026-03-31 16:00:00,4609.58,4651.64,4607.1,4638.34,14177.0
2026-03-31 17:00:00,4638.29,4667.44,4636.4,4654.75,15596.0
2026-03-31 18:00:00,4654.57,4671.15,4653.76,4667.58,13010.0
2026-03-31 19:00:00,4667.49,4685.77,4661.82,4682.88,12746.0
2026-03-31 20:00:00,4682.9,4687.28,4664.74,4667.12,7152.0
2026-03-31 22:00:00,4668.75,4684.02,4664.88,4680.79,1484.0
2026-03-31 23:00:00,4681.25,4699.73,4672.01,4696.36,7667.0
2026-04-01 00:00:00,4696.4,4722.5,4693.56,4710.94,11333.0
2026-04-01 01:00:00,4710.94,4724.14,4681.35,4692.77,13455.0
2026-04-01 02:00:00,4692.77,4700.59,4678.21,4684.44,9834.0
2026-04-01 03:00:00,4684.45,4694.12,4679.7,4681.94,7711.0
2026-04-01 04:00:00,4681.94,4682.06,4667.12,4676.38,6601.0
2026-04-01 05:00:00,4676.38,4703.5,4674.92,4684.24,6617.0
2026-04-01 06:00:00,4684.3,4733.12,4682.78,4730.63,11907.0
2026-04-01 07:00:00,4730.69,4747.72,4709.63,4713.07,12114.0
2026-04-01 08:00:00,4713.05,4740.39,4710.52,4728.67,10911.0
2026-04-01 09:00:00,4728.71,4730.25,4713.24,4723.26,9285.0
2026-04-01 10:00:00,4723.29,4738.79,4715.33,4731.36,8589.0
2026-04-01 11:00:00,4731.34,4763.08,4728.38,4752.44,9562.0
2026-04-01 12:00:00,4751.89,4753.53,4724.5,4724.78,12393.0
2026-04-01 13:00:00,4724.74,4749.65,4716.42,4738.21,14813.0
2026-04-01 14:00:00,4733.31,4768.8,4724.23,4760.79,15246.0
2026-04-01 15:00:00,4761.42,4788.18,4758.56,4786.55,13291.0
2026-04-01 16:00:00,4786.59,4790.78,4774.33,4787.24,10844.0
2026-04-01 17:00:00,4787.23,4792.78,4773.9,4774.42,10555.0
2026-04-01 18:00:00,4774.44,4775.3,4742.15,4753.07,13910.0
2026-04-01 19:00:00,4753.16,4778.23,4751.22,4766.28,11939.0
2026-04-01 20:00:00,4766.0,4771.15,4754.12,4758.18,5653.0
2026-04-01 22:00:00,4761.44,4782.3,4752.03,4776.5,7232.0
2026-04-01 23:00:00,4776.65,4800.4,4773.72,4784.17,7303.0
2026-04-02 00:00:00,4784.13,4798.79,4775.27,4784.72,9890.0
2026-04-02 01:00:00,4784.4,4786.4,4649.25,4696.82,16706.0
2026-04-02 02:00:00,4696.1,4704.21,4655.82,4686.91,14100.0
2026-04-02 03:00:00,4686.87,4699.45,4675.8,4676.3,9252.0
2026-04-02 04:00:00,4676.33,4681.54,4657.24,4672.65,7649.0
2026-04-02 05:00:00,4672.65,4680.54,4586.13,4594.24,11466.0
2026-04-02 06:00:00,4594.24,4608.63,4554.2,4599.28,13851.0
2026-04-02 07:00:00,4598.78,4651.1,4597.3,4642.69,10373.0
2026-04-02 08:00:00,4643.8,4648.77,4617.78,4620.89,9947.0
2026-04-02 09:00:00,4620.86,4631.91,4612.99,4621.8,8981.0
2026-04-02 10:00:00,4621.8,4635.12,4604.4,4620.62,9537.0
2026-04-02 11:00:00,4620.59,4630.68,4593.0,4600.17,10179.0
2026-04-02 12:00:00,4600.61,4630.23,4594.66,4601.88,11908.0
2026-04-02 13:00:00,4602.8,4651.51,4580.66,4646.41,16075.0
2026-04-02 14:00:00,4646.48,4699.78,4631.72,4681.52,16718.0
2026-04-02 15:00:00,4681.81,4684.06,4652.8,4661.12,15929.0
2026-04-02 16:00:00,4661.12,4670.59,4643.06,4659.21,13870.0
2026-04-02 17:00:00,4658.82,4668.4,4645.87,4648.83,12541.0
2026-04-02 18:00:00,4649.13,4672.13,4647.53,4668.64,11014.0
2026-04-02 19:00:00,4668.95,4681.92,4661.67,4672.14,11151.0
2026-04-02 20:00:00,4672.24,4677.78,4664.54,4676.04,5357.0
2026-04-05 22:00:00,4668.8,4668.8,4608.4,4645.88,11162.0
2026-04-05 23:00:00,4646.41,4651.22,4605.36,4610.92,9244.0
2026-04-06 00:00:00,4610.97,4629.46,4600.9,4622.32,10421.0
2026-04-06 01:00:00,4622.62,4643.18,4620.52,4626.08,9537.0
2026-04-06 02:00:00,4626.08,4671.8,4623.68,4648.05,10117.0
2026-04-06 03:00:00,4648.01,4648.01,4625.52,4640.59,8554.0
2026-04-06 04:00:00,4640.59,4660.03,4640.07,4659.13,5911.0
2026-04-06 05:00:00,4659.15,4678.78,4651.44,4652.61,6354.0
2026-04-06 06:00:00,4652.61,4667.89,4643.6,4666.08,8407.0
2026-04-06 07:00:00,4666.08,4688.35,4645.07,4684.78,9420.0
2026-04-06 08:00:00,4684.45,4698.27,4681.57,4695.97,8442.0
2026-04-06 09:00:00,4695.98,4706.62,4690.98,4693.64,8413.0
2026-04-06 10:00:00,4693.66,4697.62,4684.71,4689.76,8067.0
2026-04-06 11:00:00,4689.77,4696.74,4677.11,4678.03,7256.0
2026-04-06 12:00:00,4678.03,4686.84,4659.8,4675.94,9228.0
2026-04-06 13:00:00,4676.06,4681.86,4660.12,4679.85,12506.0
2026-04-06 14:00:00,4681.91,4697.67,4660.49,4682.99,14706.0
2026-04-06 15:00:00,4682.93,4684.06,4652.22,4668.14,11736.0
2026-04-06 16:00:00,4668.14,4672.58,4658.13,4660.51,8962.0
2026-04-06 17:00:00,4660.37,4661.06,4646.06,4653.66,10224.0
2026-04-06 18:00:00,4653.74,4666.4,4648.95,4658.45,10229.0
2026-04-06 19:00:00,4658.47,4659.48,4645.68,4655.42,7287.0
2026-04-06 20:00:00,4655.56,4658.4,4649.2,4650.5,3382.0
2026-04-06 22:00:00,4651.67,4667.96,4649.88,4658.49,4654.0
2026-04-06 23:00:00,4658.57,4661.17,4651.55,4658.89,3665.0
2026-04-07 00:00:00,4659.08,4661.24,4649.23,4654.98,6978.0
2026-04-07 01:00:00,4654.9,4664.49,4616.34,4626.98,14256.0
2026-04-07 02:00:00,4626.98,4654.07,4619.72,4650.52,10221.0
2026-04-07 03:00:00,4650.54,4654.12,4639.66,4649.7,7930.0
2026-04-07 04:00:00,4649.68,4663.84,4645.68,4659.77,6624.0
2026-04-07 05:00:00,4660.52,4661.5,4623.1,4642.93,9716.0
2026-04-07 06:00:00,4642.92,4656.58,4637.98,4653.53,11293.0
2026-04-07 07:00:00,4653.56,4657.06,4636.62,4646.12,9041.0
2026-04-07 08:00:00,4645.96,4690.87,4644.29,4682.96,12828.0
2026-04-07 09:00:00,4682.69,4694.47,4659.02,4671.03,10626.0
2026-04-07 10:00:00,4671.03,4680.73,4649.38,4652.12,11862.0
2026-04-07 11:00:00,4652.13,4664.25,4628.96,4659.81,10889.0
2026-04-07 12:00:00,4659.81,4671.0,4647.15,4651.65,11657.0
2026-04-07 13:00:00,4651.7,4663.18,4635.75,4644.32,14404.0
2026-04-07 14:00:00,4644.14,4661.4,4607.62,4633.35,15886.0
2026-04-07 15:00:00,4633.31,4659.52,4625.13,4655.64,14309.0
2026-04-07 16:00:00,4655.68,4668.53,4652.59,4657.14,12986.0
2026-04-07 17:00:00,4657.24,4686.41,4653.94,4675.94,12132.0
2026-04-07 18:00:00,4675.83,4686.31,4657.55,4662.27,10757.0
2026-04-07 19:00:00,4662.2,4718.62,4660.72,4700.85,14630.0
2026-04-07 20:00:00,4700.84,4716.57,4697.41,4705.73,9501.0
2026-04-07 22:00:00,4721.48,4819.44,4714.21,4818.26,13047.0
2026-04-07 23:00:00,4818.42,4836.28,4802.0,4833.54,12959.0
2026-04-08 00:00:00,4833.51,4857.04,4808.87,4817.62,13078.0
2026-04-08 01:00:00,4817.83,4825.3,4788.35,4810.28,13702.0
2026-04-08 02:00:00,4810.23,4825.02,4798.79,4804.13,9777.0
2026-04-08 03:00:00,4804.13,4805.9,4795.22,4797.59,7846.0
2026-04-08 04:00:00,4797.6,4806.57,4790.28,4803.65,6741.0
2026-04-08 05:00:00,4803.68,4843.66,4800.42,4827.56,9640.0
2026-04-08 06:00:00,4827.47,4839.64,4820.09,4820.59,10774.0
2026-04-08 07:00:00,4820.11,4821.31,4805.39,4813.5,10024.0
2026-04-08 08:00:00,4813.73,4819.88,4790.39,4793.84,9823.0
2026-04-08 09:00:00,4793.83,4806.62,4776.62,4783.29,8716.0
2026-04-08 10:00:00,4783.28,4796.09,4771.32,4782.6,8340.0
2026-04-08 11:00:00,4782.61,4802.81,4778.19,4798.48,9572.0
2026-04-08 12:00:00,4798.81,4807.2,4767.89,4799.74,12055.0
2026-04-08 13:00:00,4799.73,4806.73,4768.4,4778.15,14165.0
2026-04-08 14:00:00,4777.79,4792.15,4732.36,4736.16,15680.0
2026-04-08 15:00:00,4736.14,4763.08,4734.5,4756.5,13631.0
2026-04-08 16:00:00,4756.48,4765.51,4745.6,4760.59,11262.0
2026-04-08 17:00:00,4760.59,4764.43,4731.0,4733.99,11280.0
2026-04-08 18:00:00,4733.98,4744.44,4703.86,4705.55,13389.0
2026-04-08 19:00:00,4705.48,4731.9,4700.07,4730.91,12142.0
2026-04-08 20:00:00,4730.76,4732.27,4717.16,4719.26,5513.0
2026-04-08 22:00:00,4720.37,4732.92,4704.77,4717.72,6586.0
2026-04-08 23:00:00,4717.72,4719.98,4705.49,4715.54,5711.0
2026-04-09 00:00:00,4715.68,4719.28,4698.66,4706.92,8712.0
2026-04-09 01:00:00,4706.82,4728.36,4699.62,4727.43,11566.0
2026-04-09 02:00:00,4727.46,4732.98,4717.74,4719.18,8017.0
2026-04-09 03:00:00,4719.03,4720.3,4705.32,4711.62,7632.0
2026-04-09 04:00:00,4711.62,4725.36,4709.84,4720.9,5497.0
2026-04-09 05:00:00,4720.95,4726.63,4705.96,4713.28,8274.0
2026-04-09 06:00:00,4713.18,4725.39,4703.62,4712.54,10148.0
2026-04-09 07:00:00,4712.61,4731.4,4705.9,4724.49,10774.0
2026-04-09 08:00:00,4724.47,4732.97,4719.98,4726.38,8471.0
2026-04-09 09:00:00,4726.25,4733.32,4723.03,4729.31,7439.0
2026-04-09 10:00:00,4729.3,4746.75,4723.74,4741.2,7915.0
2026-04-09 11:00:00,4741.23,4757.36,4738.54,4756.64,7750.0
2026-04-09 12:00:00,4756.65,4759.62,4734.16,4745.67,10613.0
2026-04-09 13:00:00,4745.93,4777.19,4738.99,4764.53,13854.0
2026-04-09 14:00:00,4764.44,4776.32,4747.4,4768.67,14329.0
2026-04-09 15:00:00,4768.86,4798.03,4761.2,4792.96,14473.0
2026-04-09 16:00:00,4792.82,4801.1,4784.57,4788.96,11839.0
2026-04-09 17:00:00,4788.98,4801.21,4786.92,4797.83,10263.0
2026-04-09 18:00:00,4797.92,4798.16,4768.02,4772.18,11912.0
2026-04-09 19:00:00,4772.18,4782.7,4766.99,4768.86,9468.0
2026-04-09 20:00:00,4768.87,4773.44,4760.81,4765.52,4178.0
2026-04-09 22:00:00,4760.57,4780.24,4758.8,4764.26,4874.0
2026-04-09 23:00:00,4764.28,4764.32,4757.01,4763.78,4200.0
2026-04-10 00:00:00,4763.58,4763.58,4750.77,4763.1,7024.0
2026-04-10 01:00:00,4763.09,4776.85,4757.95,4764.44,10483.0
2026-04-10 02:00:00,4764.65,4765.53,4738.18,4752.96,9853.0
2026-04-10 03:00:00,4753.02,4769.61,4752.9,4766.62,7658.0
2026-04-10 04:00:00,4766.66,4770.86,4757.93,4758.64,4572.0
2026-04-10 05:00:00,4758.65,4769.2,4757.45,4765.93,6901.0
2026-04-10 06:00:00,4765.93,4765.93,4742.77,4746.76,9403.0
2026-04-10 07:00:00,4746.47,4757.52,4741.31,4749.61,7681.0
2026-04-10 08:00:00,4749.69,4753.28,4730.89,4740.81,8227.0
2026-04-10 09:00:00,4740.88,4760.88,4740.69,4751.68,8560.0
2026-04-10 10:00:00,4751.64,4760.64,4742.52,4757.43,7294.0
2026-04-10 11:00:00,4757.26,4768.76,4753.4,4768.2,6625.0
2026-04-10 12:00:00,4768.34,4782.29,4759.85,4771.96,10815.0
2026-04-10 13:00:00,4771.96,4780.14,4765.28,4775.09,12782.0
2026-04-10 14:00:00,4775.17,4795.1,4767.37,4774.86,14131.0
2026-04-10 15:00:00,4774.87,4787.48,4755.94,4762.5,12742.0
2026-04-10 16:00:00,4762.4,4766.17,4747.56,4763.89,11329.0
2026-04-10 17:00:00,4763.97,4768.71,4758.2,4760.28,9514.0
2026-04-10 18:00:00,4760.4,4773.38,4750.82,4765.39,8940.0
2026-04-10 19:00:00,4765.39,4770.5,4758.32,4759.72,8140.0
2026-04-10 20:00:00,4759.74,4759.96,4741.42,4749.18,4993.0
2026-04-12 22:00:00,4696.96,4707.94,4644.71,4659.21,11069.0
2026-04-12 23:00:00,4659.21,4671.66,4644.2,4671.54,7334.0
2026-04-13 00:00:00,4671.53,4698.82,4664.79,4695.71,8856.0
2026-04-13 01:00:00,4694.83,4728.16,4693.85,4721.33,11451.0
2026-04-13 02:00:00,4721.33,4727.84,4711.32,4720.61,8940.0
2026-04-13 03:00:00,4720.54,4723.96,4712.44,4718.2,6021.0
2026-04-13 04:00:00,4718.2,4724.76,4708.8,4723.09,5274.0
2026-04-13 05:00:00,4723.14,4730.76,4716.5,4729.44,7185.0
2026-04-13 06:00:00,4729.42,4732.75,4720.9,4725.7,9269.0
2026-04-13 07:00:00,4725.72,4740.08,4724.87,4733.77,8354.0
2026-04-13 08:00:00,4733.92,4738.7,4720.4,4723.45,7781.0
2026-04-13 09:00:00,4723.45,4728.72,4710.64,4714.71,7193.0
2026-04-13 10:00:00,4714.71,4724.02,4708.59,4722.24,11516.0
2026-04-13 11:00:00,4722.21,4729.16,4703.69,4706.76,23300.0
2026-04-13 12:00:00,4706.96,4725.21,4703.76,4723.59,29892.0
2026-04-13 13:00:00,4723.59,4744.61,4721.04,4730.63,61949.0
2026-04-13 14:00:00,4730.59,4731.27,4708.88,4719.2,61857.0
2026-04-13 15:00:00,4719.17,4719.94,4700.32,4714.63,44600.0
2026-04-13 16:00:00,4714.63,4746.42,4709.42,4733.09,56903.0
2026-04-13 17:00:00,4733.09,4750.15,4725.56,4730.04,32700.0
2026-04-13 18:00:00,4730.04,4740.74,4723.44,4738.5,24426.0
2026-04-13 19:00:00,4738.48,4747.49,4730.7,4741.28,23875.0
2026-04-13 20:00:00,4741.31,4744.2,4738.14,4740.28,9013.0
2026-04-13 22:00:00,4744.73,4759.56,4744.54,4758.11,12419.0
2026-04-13 23:00:00,4758.11,4765.73,4754.46,4757.71,11070.0
2026-04-14 00:00:00,4757.77,4775.72,4751.62,4769.87,20425.0
2026-04-14 01:00:00,4769.89,4777.75,4761.94,4765.01,29940.0
2026-04-14 02:00:00,4765.01,4777.24,4762.14,4775.24,18790.0
2026-04-14 03:00:00,4775.24,4775.68,4765.74,4768.16,12543.0
2026-04-14 04:00:00,4768.18,4776.78,4766.98,4774.23,7980.0
2026-04-14 05:00:00,4774.23,4774.4,4757.98,4760.03,19776.0
2026-04-14 06:00:00,4760.04,4783.05,4760.04,4782.22,17168.0
2026-04-14 07:00:00,4782.18,4796.64,4767.62,4777.3,29426.0
2026-04-14 08:00:00,4777.3,4790.06,4774.39,4786.75,21183.0
2026-04-14 09:00:00,4786.77,4789.36,4771.56,4778.34,18894.0
2026-04-14 10:00:00,4778.34,4788.13,4751.94,4768.48,21315.0
2026-04-14 11:00:00,4768.48,4783.04,4766.92,4775.04,23277.0
2026-04-14 12:00:00,4774.98,4777.81,4762.38,4771.35,37301.0
2026-04-14 13:00:00,4771.35,4803.58,4771.17,4794.68,52957.0
2026-04-14 14:00:00,4794.76,4818.13,4793.17,4803.97,56469.0
2026-04-14 15:00:00,4803.99,4816.25,4791.27,4808.21,39699.0
2026-04-14 16:00:00,4808.28,4820.33,4805.14,4810.35,28758.0
2026-04-14 17:00:00,4810.35,4841.76,4809.66,4835.21,35667.0
2026-04-14 18:00:00,4835.21,4843.46,4830.98,4835.75,25865.0
2026-04-14 19:00:00,4835.75,4846.28,4835.75,4845.02,25220.0
2026-04-14 20:00:00,4845.04,4846.32,4839.63,4841.68,8561.0
2026-04-14 22:00:00,4839.49,4850.94,4833.32,4835.23,12518.0
2026-04-14 23:00:00,4835.23,4844.17,4833.68,4837.23,12164.0
2026-04-15 00:00:00,4837.29,4840.06,4827.17,4835.48,18396.0
2026-04-15 01:00:00,4835.48,4871.65,4828.22,4847.17,40122.0
2026-04-15 02:00:00,4847.1,4853.49,4820.71,4824.04,34608.0
2026-04-15 03:00:00,4824.04,4829.65,4817.1,4824.08,19305.0
2026-04-15 04:00:00,4824.08,4827.84,4820.46,4824.94,11058.0
2026-04-15 05:00:00,4824.98,4830.6,4812.72,4819.9,23810.0
2026-04-15 06:00:00,4819.9,4825.0,4811.22,4811.74,29829.0
2026-04-15 07:00:00,4811.74,4817.02,4804.14,4811.24,28040.0
2026-04-15 08:00:00,4811.24,4821.78,4804.56,4818.49,25576.0
2026-04-15 09:00:00,4818.49,4819.53,4786.34,4798.21,35435.0
2026-04-15 10:00:00,4798.21,4805.29,4790.22,4800.09,32842.0
2026-04-15 11:00:00,4800.09,4815.06,4795.46,4812.68,27537.0
2026-04-15 12:00:00,4812.68,4816.18,4807.06,4811.66,26351.0
2026-04-15 13:00:00,4811.66,4830.28,4808.64,4828.95,54841.0
2026-04-15 14:00:00,4828.95,4830.58,4813.48,4815.62,49102.0
2026-04-15 15:00:00,4815.62,4816.23,4786.86,4801.66,49315.0
2026-04-15 16:00:00,4801.65,4812.7,4800.21,4803.99,28889.0
2026-04-15 17:00:00,4803.99,4808.78,4790.78,4792.51,25906.0
2026-04-15 18:00:00,4792.48,4802.13,4790.22,4799.86,28469.0
2026-04-15 19:00:00,4799.82,4803.46,4794.43,4795.84,28844.0
2026-04-15 20:00:00,4795.85,4796.63,4787.72,4790.68,8880.0
2026-04-15 22:00:00,4790.25,4812.06,4790.19,4807.72,11458.0
2026-04-15 23:00:00,4807.72,4826.78,4807.58,4823.48,10588.0
2026-04-16 00:00:00,4823.48,4837.72,4820.05,4833.18,16190.0
2026-04-16 01:00:00,4833.18,4836.34,4811.31,4818.0,26791.0
2026-04-16 02:00:00,4818.0,4825.01,4812.48,4819.77,19729.0
2026-04-16 03:00:00,4819.77,4827.18,4818.92,4824.21,10651.0
2026-04-16 04:00:00,4824.21,4833.5,4822.84,4833.14,7195.0
2026-04-16 05:00:00,4833.14,4838.42,4821.13,4821.26,21246.0
2026-04-16 06:00:00,4821.26,4830.64,4814.38,4826.1,32000.0
2026-04-16 07:00:00,4826.1,4831.0,4817.05,4821.06,24280.0
2026-04-16 08:00:00,4821.1,4822.0,4806.68,4813.83,23533.0
2026-04-16 09:00:00,4813.83,4818.07,4806.89,4812.9,17096.0
2026-04-16 10:00:00,4812.9,4817.32,4805.21,4817.29,18360.0
2026-04-16 11:00:00,4817.29,4822.54,4815.65,4822.25,17059.0
2026-04-16 12:00:00,4822.25,4823.16,4811.64,4816.25,24256.0
2026-04-16 13:00:00,4816.25,4824.08,4785.12,4794.84,53361.0
2026-04-16 14:00:00,4794.84,4805.6,4772.56,4788.8,75734.0
2026-04-16 15:00:00,4788.8,4813.03,4788.26,4807.04,45262.0
2026-04-16 16:00:00,4807.04,4810.09,4785.25,4792.08,37373.0
2026-04-16 17:00:00,4792.08,4795.47,4781.27,4789.28,34951.0
2026-04-16 18:00:00,4789.28,4794.38,4785.84,4789.7,35693.0
2026-04-16 19:00:00,4789.7,4798.64,4789.66,4793.68,21070.0
2026-04-16 20:00:00,4793.66,4793.87,4786.38,4790.78,7090.0
2026-04-16 22:00:00,4792.37,4798.04,4790.86,4795.42,10757.0
2026-04-16 23:00:00,4795.42,4797.87,4791.73,4791.77,6666.0
2026-04-17 00:00:00,4791.69,4801.18,4785.9,4794.9,14453.0
2026-04-17 01:00:00,4794.9,4795.76,4767.7,4789.6,34289.0
2026-04-17 02:00:00,4789.6,4794.74,4784.42,4784.66,16327.0
2026-04-17 03:00:00,4784.64,4798.22,4784.59,4793.39,16120.0
2026-04-17 04:00:00,4793.39,4804.52,4792.72,4803.08,10524.0
2026-04-17 05:00:00,4803.08,4806.31,4793.69,4794.23,20220.0
2026-04-17 06:00:00,4794.23,4795.35,4779.3,4785.02,22753.0
2026-04-17 07:00:00,4785.06,4794.77,4778.86,4784.45,19956.0
2026-04-17 08:00:00,4784.45,4796.94,4780.94,4796.02,19143.0
2026-04-17 09:00:00,4796.02,4800.95,4790.0,4790.42,18163.0
2026-04-17 10:00:00,4790.42,4794.09,4782.32,4787.42,16265.0
2026-04-17 11:00:00,4787.42,4811.78,4783.66,4799.25,20937.0
2026-04-17 12:00:00,4799.25,4847.79,4797.73,4846.36,55408.0
2026-04-17 13:00:00,4846.38,4891.62,4834.97,4880.45,107423.0
2026-04-17 14:00:00,4880.45,4885.66,4860.84,4873.23,63923.0
2026-04-17 15:00:00,4873.2,4880.5,4854.92,4867.52,46133.0
2026-04-17 16:00:00,4867.52,4873.46,4863.68,4867.09,22446.0
2026-04-17 17:00:00,4867.09,4869.6,4853.84,4862.7,32900.0
2026-04-17 18:00:00,4862.7,4868.07,4855.96,4858.17,28602.0
2026-04-17 19:00:00,4858.17,4861.32,4852.76,4854.48,26879.0
2026-04-17 20:00:00,4854.52,4855.2,4830.56,4832.42,15421.0
2026-04-19 22:00:00,4774.62,4795.15,4758.75,4779.32,33996.0
2026-04-19 23:00:00,4779.32,4779.53,4737.06,4755.24,28911.0
2026-04-20 00:00:00,4755.31,4774.4,4744.84,4772.41,35576.0
2026-04-20 01:00:00,4772.36,4814.41,4770.99,4807.96,42355.0
2026-04-20 02:00:00,4807.91,4809.13,4793.16,4797.28,19342.0
2026-04-20 03:00:00,4797.24,4798.31,4788.86,4790.97,12689.0
2026-04-20 04:00:00,4790.97,4795.8,4787.24,4788.96,10253.0
2026-04-20 05:00:00,4788.96,4796.11,4779.12,4790.95,27156.0
2026-04-20 06:00:00,4790.95,4795.48,4783.9,4795.42,32226.0
2026-04-20 07:00:00,4795.42,4805.83,4787.04,4789.78,34510.0
2026-04-20 08:00:00,4789.78,4796.32,4786.14,4796.32,25973.0
2026-04-20 09:00:00,4796.32,4798.0,4783.5,4791.6,24303.0
2026-04-20 10:00:00,4791.6,4800.98,4789.92,4795.86,19971.0
2026-04-20 11:00:00,4795.86,4810.88,4786.65,4810.63,25546.0
2026-04-20 12:00:00,4810.63,4822.37,4799.12,4803.52,36337.0
2026-04-20 13:00:00,4803.52,4826.36,4799.72,4817.93,57469.0
2026-04-20 14:00:00,4817.93,4827.6,4792.38,4805.4,61236.0
2026-04-20 15:00:00,4805.39,4809.52,4792.92,4799.78,43634.0
2026-04-20 16:00:00,4799.78,4806.44,4792.86,4805.64,23535.0
2026-04-20 17:00:00,4805.64,4812.14,4803.89,4806.9,20552.0
2026-04-20 18:00:00,4806.85,4816.6,4806.85,4814.14,18057.0
2026-04-20 19:00:00,4814.13,4821.45,4810.46,4814.23,15342.0
2026-04-20 20:00:00,4814.24,4821.8,4812.27,4820.66,6366.0
2026-04-20 22:00:00,4821.31,4833.3,4820.05,4827.76,18365.0
2026-04-20 23:00:00,4827.76,4831.86,4819.81,4821.9,7335.0
2026-04-21 00:00:00,4821.97,4830.85,4816.93,4824.11,23221.0
2026-04-21 01:00:00,4824.11,4824.75,4805.88,4810.33,28055.0
2026-04-21 02:00:00,4810.33,4810.65,4802.5,4806.94,20524.0
2026-04-21 03:00:00,4806.94,4807.78,4792.66,4797.21,21282.0
2026-04-21 04:00:00,4797.21,4797.91,4788.76,4789.1,14067.0
2026-04-21 05:00:00,4789.14,4797.05,4783.21,4784.14,21995.0
2026-04-21 06:00:00,4784.14,4790.73,4774.64,4778.83,32211.0
2026-04-21 07:00:00,4778.73,4792.65,4772.66,4785.98,22871.0
2026-04-21 08:00:00,4785.98,4793.19,4774.81,4786.03,22035.0
2026-04-21 09:00:00,4786.03,4789.62,4781.3,4783.73,19331.0
2026-04-21 10:00:00,4783.78,4790.46,4780.83,4789.84,13794.0
2026-04-21 11:00:00,4789.84,4798.18,4775.38,4794.68,23248.0
2026-04-21 12:00:00,4794.68,4796.98,4765.03,4778.85,41702.0
2026-04-21 13:00:00,4778.82,4794.38,4760.62,4779.13,54643.0
2026-04-21 14:00:00,4779.13,4782.68,4723.52,4739.1,67269.0
2026-04-21 15:00:00,4739.1,4757.66,4727.77,4741.68,63341.0
2026-04-21 16:00:00,4741.62,4746.85,4708.28,4711.09,43937.0
2026-04-21 17:00:00,4711.09,4722.16,4697.03,4711.2,57169.0
2026-04-21 18:00:00,4711.2,4714.83,4692.53,4709.33,46273.0
2026-04-21 19:00:00,4709.36,4715.2,4668.48,4679.37,57773.0
2026-04-21 20:00:00,4679.41,4720.08,4669.12,4720.06,38510.0
2026-04-21 22:00:00,4720.91,4729.61,4715.62,4719.69,14728.0
2026-04-21 23:00:00,4719.69,4740.65,4718.16,4738.09,9993.0
2026-04-22 00:00:00,4738.09,4747.47,4738.09,4739.92,13324.0
2026-04-22 01:00:00,4739.92,4754.69,4736.02,4752.28,23917.0
2026-04-22 02:00:00,4752.28,4758.78,4750.2,4755.77,13417.0
2026-04-22 03:00:00,4755.77,4765.02,4753.09,4758.18,10127.0
2026-04-22 04:00:00,4758.18,4759.71,4752.22,4754.61,8418.0
2026-04-22 05:00:00,4754.62,4772.0,4752.22,4767.7,21665.0
2026-04-22 06:00:00,4767.71,4767.85,4758.9,4766.97,16026.0
2026-04-22 07:00:00,4769.07,4772.34,4759.65,4760.63,14685.0
2026-04-22 08:00:00,4760.63,4762.32,4751.83,4757.13,17795.0
2026-04-22 09:00:00,4757.13,4762.5,4752.54,4755.22,16573.0
2026-04-22 10:00:00,4755.22,4760.27,4745.9,4759.26,17452.0
2026-04-22 11:00:00,4759.32,4760.83,4747.94,4750.46,18582.0
2026-04-22 12:00:00,4750.46,4760.12,4742.94,4744.32,25447.0
2026-04-22 13:00:00,4744.34,4760.96,4736.48,4752.97,52166.0
2026-04-22 14:00:00,4752.97,4757.62,4730.05,4735.98,48714.0
2026-04-22 15:00:00,4736.0,4740.21,4724.99,4727.68,37767.0
2026-04-22 16:00:00,4727.68,4734.97,4723.87,4728.7,24607.0
2026-04-22 17:00:00,4728.7,4739.61,4728.62,4737.31,22204.0
2026-04-22 18:00:00,4737.31,4750.16,4729.85,4741.82,14710.0
2026-04-22 19:00:00,4741.82,4745.47,4736.97,4740.24,18537.0
2026-04-22 20:00:00,4740.27,4740.61,4734.47,4740.18,8688.0
2026-04-22 22:00:00,4746.72,4746.72,4725.74,4726.0,9147.0
2026-04-22 23:00:00,4726.0,4729.95,4723.6,4727.86,6203.0
2026-04-23 00:00:00,4727.86,4753.9,4694.03,4747.94,48249.0
2026-04-23 01:00:00,4747.94,4750.03,4722.49,4723.28,36389.0
2026-04-23 02:00:00,4723.28,4724.78,4698.14,4698.88,44236.0
2026-04-23 03:00:00,4698.88,4708.71,4698.19,4703.93,27567.0
2026-04-23 04:00:00,4703.93,4707.06,4698.87,4704.44,11615.0
2026-04-23 05:00:00,4704.44,4715.22,4692.4,4713.42,25162.0
2026-04-23 06:00:00,4713.42,4721.54,4708.62,4712.94,26284.0
2026-04-23 07:00:00,4712.94,4720.6,4703.09,4719.2,31188.0
2026-04-23 08:00:00,4719.2,4724.89,4701.6,4703.37,26754.0
2026-04-23 09:00:00,4703.37,4703.7,4694.7,4697.61,26047.0
2026-04-23 10:00:00,4697.61,4701.73,4684.28,4696.68,27207.0
2026-04-23 11:00:00,4696.68,4721.05,4695.48,4720.72,28431.0
2026-04-23 12:00:00,4720.73,4743.28,4719.68,4740.23,48956.0
2026-04-23 13:00:00,4740.24,4741.27,4724.12,4724.32,47968.0
2026-04-23 14:00:00,4724.32,4736.74,4717.04,4733.66,53155.0
2026-04-23 15:00:00,4733.66,4741.1,4716.42,4720.56,39703.0
2026-04-23 16:00:00,4720.56,4737.18,4715.66,4733.03,22980.0
2026-04-23 17:00:00,4733.03,4734.59,4664.3,4709.49,86726.0
2026-04-23 18:00:00,4709.56,4722.29,4699.38,4701.04,43458.0
2026-04-23 19:00:00,4700.99,4704.54,4689.36,4696.1,41078.0
2026-04-23 20:00:00,4696.1,4698.3,4686.56,4694.36,13502.0
2026-04-23 22:00:00,4701.36,4706.88,4690.18,4693.33,11168.0
2026-04-23 23:00:00,4693.33,4700.8,4686.96,4695.41,12160.0
2026-04-24 00:00:00,4695.41,4707.92,4690.96,4704.58,27546.0
2026-04-24 01:00:00,4704.58,4711.14,4690.43,4699.56,38099.0
2026-04-24 02:00:00,4699.56,4700.68,4673.04,4676.79,30825.0
2026-04-24 03:00:00,4676.79,4678.41,4668.66,4672.18,19600.0
2026-04-24 04:00:00,4672.18,4676.85,4657.72,4674.5,20582.0
2026-04-24 05:00:00,4674.5,4687.32,4669.74,4686.46,20218.0
2026-04-24 06:00:00,4686.46,4688.14,4666.78,4672.01,32004.0
2026-04-24 07:00:00,4672.01,4695.28,4670.98,4694.5,21825.0
2026-04-24 08:00:00,4694.5,4697.46,4685.12,4690.84,26321.0
2026-04-24 09:00:00,4690.84,4696.75,4679.43,4682.09,23123.0
2026-04-24 10:00:00,4682.09,4686.28,4674.72,4677.85,19737.0
2026-04-24 11:00:00,4677.84,4717.37,4677.84,4706.96,52742.0
2026-04-24 12:00:00,4706.99,4711.88,4690.43,4700.79,40339.0
2026-04-24 13:00:00,4700.8,4717.55,4689.82,4711.96,58245.0
2026-04-24 14:00:00,4711.89,4740.4,4706.96,4726.42,61455.0
2026-04-24 15:00:00,4726.42,4733.51,4714.92,4727.28,50159.0
2026-04-24 16:00:00,4727.28,4729.82,4719.15,4726.95,32930.0
2026-04-24 17:00:00,4726.95,4730.07,4719.19,4723.51,26081.0
2026-04-24 18:00:00,4723.51,4724.92,4716.93,4722.77,22658.0
2026-04-24 19:00:00,4722.77,4726.12,4713.74,4716.26,20694.0
2026-04-24 20:00:00,4716.26,4717.52,4705.37,4707.26,9538.0
2026-04-26 22:00:00,4699.09,4709.62,4680.1,4684.6,19655.0
2026-04-26 23:00:00,4684.6,4685.0,4675.15,4680.05,12126.0
2026-04-27 00:00:00,4680.05,4698.33,4672.24,4697.91,22385.0
2026-04-27 01:00:00,4697.91,4709.75,4690.82,4702.66,39396.0
2026-04-27 02:00:00,4702.66,4723.44,4696.24,4718.22,23738.0
2026-04-27 03:00:00,4718.22,4729.46,4714.52,4724.24,20770.0
2026-04-27 04:00:00,4724.24,4730.1,4722.76,4725.09,13301.0
2026-04-27 05:00:00,4725.09,4725.53,4708.65,4710.1,20180.0
2026-04-27 06:00:00,4710.1,4715.74,4709.28,4712.86,21879.0
2026-04-27 07:00:00,4712.86,4718.36,4710.01,4713.44,22384.0
2026-04-27 08:00:00,4713.44,4714.74,4705.41,4706.87,23909.0
2026-04-27 09:00:00,4706.87,4708.32,4699.5,4703.65,17287.0
2026-04-27 10:00:00,4703.65,4710.99,4699.6,4708.88,14615.0
2026-04-27 11:00:00,4708.88,4709.17,4700.12,4704.89,18851.0
2026-04-27 12:00:00,4704.92,4712.64,4697.02,4699.3,29957.0
2026-04-27 13:00:00,4699.3,4703.48,4688.89,4696.25,49109.0
2026-04-27 14:00:00,4696.25,4696.79,4676.62,4678.2,48184.0
2026-04-27 15:00:00,4678.2,4682.58,4667.16,4670.08,44456.0
2026-04-27 16:00:00,4670.07,4679.55,4667.33,4676.73,26329.0
2026-04-27 17:00:00,4676.73,4686.22,4668.3,4682.25,28527.0
2026-04-27 18:00:00,4682.25,4685.54,4678.99,4680.74,16864.0
2026-04-27 19:00:00,4680.74,4682.69,4676.75,4680.84,16521.0
2026-04-27 20:00:00,4680.86,4681.76,4677.55,4681.76,6328.0
2026-04-27 22:00:00,4683.84,4691.17,4682.3,4687.98,10296.0
2026-04-27 23:00:00,4687.98,4695.12,4687.3,4692.06,7027.0
2026-04-28 00:00:00,4692.06,4701.41,4690.52,4690.62,14653.0
2026-04-28 01:00:00,4690.66,4691.48,4669.16,4670.71,31309.0
2026-04-28 02:00:00,4670.71,4679.78,4666.52,4669.18,26959.0
2026-04-28 03:00:00,4669.18,4675.84,4668.44,4671.01,13484.0
2026-04-28 04:00:00,4671.02,4671.34,4666.7,4667.72,9236.0
2026-04-28 05:00:00,4667.72,4668.01,4623.95,4632.12,37581.0
2026-04-28 06:00:00,4632.12,4642.94,4623.29,4629.03,39032.0
2026-04-28 07:00:00,4629.03,4639.47,4620.6,4633.15,33008.0
2026-04-28 08:00:00,4633.16,4635.46,4614.7,4629.68,37028.0
2026-04-28 09:00:00,4629.68,4630.09,4604.63,4604.83,32950.0
2026-04-28 10:00:00,4604.83,4616.5,4603.22,4603.22,25346.0
2026-04-28 11:00:00,4603.22,4608.8,4555.48,4562.56,49554.0
2026-04-28 12:00:00,4562.55,4600.06,4554.79,4593.79,59669.0
2026-04-28 13:00:00,4593.79,4594.67,4570.92,4580.34,75433.0
2026-04-28 14:00:00,4580.34,4580.75,4557.35,4574.52,67138.0
2026-04-28 15:00:00,4574.52,4586.64,4567.04,4586.52,52327.0
2026-04-28 16:00:00,4586.52,4594.96,4577.88,4592.37,29870.0
2026-04-28 17:00:00,4592.37,4601.54,4587.2,4594.8,27395.0
2026-04-28 18:00:00,4594.8,4600.62,4592.21,4594.36,21295.0
2026-04-28 19:00:00,4594.36,4600.13,4593.4,4595.68,17761.0
2026-04-28 20:00:00,4595.68,4598.76,4591.26,4597.2,8256.0
2026-04-28 22:00:00,4593.87,4600.86,4592.48,4594.2,5487.0
2026-04-28 23:00:00,4594.2,4596.2,4587.91,4595.73,5461.0
2026-04-29 00:00:00,4595.73,4610.29,4594.82,4600.33,14865.0
2026-04-29 01:00:00,4600.33,4600.51,4575.76,4584.89,30659.0
2026-04-29 02:00:00,4584.9,4604.19,4584.9,4593.66,21005.0
2026-04-29 03:00:00,4593.66,4603.3,4592.23,4595.63,12763.0
2026-04-29 04:00:00,4595.7,4605.62,4595.35,4604.88,8882.0
2026-04-29 05:00:00,4604.88,4607.69,4590.76,4591.0,14013.0
2026-04-29 06:00:00,4591.0,4598.68,4580.9,4584.6,27238.0
2026-04-29 07:00:00,4584.6,4588.94,4567.35,4567.84,32684.0
2026-04-29 08:00:00,4567.84,4576.8,4557.34,4573.24,34662.0
2026-04-29 09:00:00,4573.24,4580.9,4551.56,4555.67,31218.0
2026-04-29 10:00:00,4555.67,4576.64,4554.91,4569.89,26430.0
2026-04-29 11:00:00,4569.91,4572.2,4559.2,4561.72,29294.0
2026-04-29 12:00:00,4561.71,4569.08,4541.28,4544.99,35869.0
2026-04-29 13:00:00,4544.99,4553.32,4510.29,4521.86,57556.0
2026-04-29 14:00:00,4521.87,4542.39,4517.86,4539.42,44874.0
2026-04-29 15:00:00,4539.42,4558.95,4536.25,4547.73,55251.0
2026-04-29 16:00:00,4547.73,4565.02,4543.47,4545.51,43902.0
2026-04-29 17:00:00,4545.51,4554.64,4541.62,4547.66,37923.0
2026-04-29 18:00:00,4547.66,4552.99,4518.28,4538.14,71102.0
2026-04-29 19:00:00,4538.14,4550.75,4533.31,4546.95,46585.0
2026-04-29 20:00:00,4546.94,4553.58,4541.33,4543.48,31317.0
2026-04-29 22:00:00,4545.74,4552.81,4539.38,4552.17,11537.0
2026-04-29 23:00:00,4552.17,4562.04,4549.7,4561.79,7231.0
2026-04-30 00:00:00,4561.79,4574.14,4556.56,4570.08,26899.0
2026-04-30 01:00:00,4570.03,4582.52,4564.72,4579.19,30470.0
2026-04-30 02:00:00,4579.19,4581.9,4559.86,4564.94,25170.0
2026-04-30 03:00:00,4564.94,4569.09,4555.81,4556.01,15627.0
2026-04-30 04:00:00,4556.01,4557.12,4540.94,4542.11,19970.0
2026-04-30 05:00:00,4542.11,4569.71,4541.99,4562.63,21868.0
2026-04-30 06:00:00,4562.64,4591.56,4560.22,4589.6,32149.0
2026-04-30 07:00:00,4589.6,4605.56,4584.98,4598.57,29526.0
2026-04-30 08:00:00,4598.57,4629.9,4597.43,4616.46,37960.0
2026-04-30 09:00:00,4616.46,4631.85,4614.24,4625.25,31808.0
2026-04-30 10:00:00,4625.25,4646.86,4623.71,4639.83,33468.0
2026-04-30 11:00:00,4639.83,4645.44,4626.79,4630.26,37891.0
2026-04-30 12:00:00,4630.26,4640.15,4624.24,4639.66,34468.0
2026-04-30 13:00:00,4639.65,4645.89,4610.76,4611.12,49621.0
2026-04-30 14:00:00,4611.12,4625.98,4609.42,4619.77,51754.0
2026-04-30 15:00:00,4619.77,4625.41,4611.38,4615.4,39705.0
2026-04-30 16:00:00,4615.4,4617.8,4605.46,4607.7,26611.0
2026-04-30 17:00:00,4607.7,4621.68,4607.68,4616.88,28421.0
2026-04-30 18:00:00,4616.88,4625.27,4616.82,4622.54,21591.0
2026-04-30 19:00:00,4622.54,4627.44,4614.59,4617.1,24355.0
2026-04-30 20:00:00,4617.16,4622.03,4615.56,4621.76,14635.0
2026-04-30 22:00:00,4625.69,4635.8,4625.62,4630.44,10975.0
2026-04-30 23:00:00,4630.44,4634.12,4626.47,4626.56,8205.0
2026-05-01 00:00:00,4626.56,4631.11,4618.5,4619.8,19843.0
2026-05-01 01:00:00,4619.8,4622.29,4613.73,4620.98,14805.0
2026-05-01 02:00:00,4620.98,4636.08,4616.54,4619.15,14698.0
2026-05-01 03:00:00,4619.15,4632.12,4617.81,4626.74,11618.0
2026-05-01 04:00:00,4626.74,4628.86,4609.28,4609.28,11179.0
2026-05-01 05:00:00,4609.28,4616.24,4602.96,4604.98,12672.0
2026-05-01 06:00:00,4604.98,4608.01,4590.89,4594.78,23226.0
2026-05-01 07:00:00,4594.78,4598.12,4575.92,4578.28,21183.0
2026-05-01 08:00:00,4578.28,4582.62,4565.24,4569.07,20613.0
2026-05-01 09:00:00,4569.06,4573.05,4560.29,4562.75,16313.0
2026-05-01 10:00:00,4562.75,4576.08,4561.46,4566.88,13079.0
2026-05-01 11:00:00,4566.88,4579.65,4562.5,4578.74,17797.0
2026-05-01 12:00:00,4578.74,4607.84,4574.98,4591.2,34292.0
2026-05-01 13:00:00,4591.2,4628.92,4586.56,4625.76,48356.0
2026-05-01 14:00:00,4625.76,4660.32,4624.87,4632.1,61812.0
2026-05-01 15:00:00,4632.09,4648.16,4619.15,4643.19,43033.0
2026-05-01 16:00:00,4643.19,4650.06,4634.05,4638.9,37064.0
2026-05-01 17:00:00,4638.9,4642.78,4626.84,4629.59,24029.0
2026-05-01 18:00:00,4629.6,4630.83,4613.81,4624.3,29330.0
2026-05-01 19:00:00,4624.3,4627.73,4608.87,4610.9,27603.0
2026-05-01 20:00:00,4610.9,4617.22,4607.02,4615.53,8597.0
2026-05-03 22:00:00,4632.94,4638.5,4612.44,4618.9,16943.0
2026-05-03 23:00:00,4618.9,4620.87,4611.3,4613.98,12665.0
2026-05-04 00:00:00,4613.98,4616.53,4601.7,4613.1,21949.0
2026-05-04 01:00:00,4613.11,4614.06,4592.6,4613.11,19247.0
2026-05-04 02:00:00,4613.11,4618.54,4591.04,4605.87,17081.0
2026-05-04 03:00:00,4605.84,4617.12,4598.56,4615.1,17543.0
2026-05-04 04:00:00,4615.14,4615.43,4605.09,4605.94,13920.0
2026-05-04 05:00:00,4605.94,4613.14,4592.37,4599.08,23090.0
2026-05-04 06:00:00,4599.04,4600.82,4583.69,4588.55,26546.0
2026-05-04 07:00:00,4588.56,4593.39,4578.0,4578.95,20959.0
2026-05-04 08:00:00,4578.95,4581.34,4573.76,4577.06,22462.0
2026-05-04 09:00:00,4577.06,4584.53,4572.05,4575.39,14148.0
2026-05-04 10:00:00,4575.36,4575.77,4526.04,4562.69,58530.0
2026-05-04 11:00:00,4562.69,4570.77,4551.44,4559.94,37608.0
2026-05-04 12:00:00,4559.97,4579.34,4559.29,4568.74,37120.0
2026-05-04 13:00:00,4568.72,4575.84,4555.66,4564.09,62938.0
2026-05-04 14:00:00,4564.09,4583.29,4553.36,4561.55,57809.0
2026-05-04 15:00:00,4561.54,4566.11,4513.72,4521.48,84045.0
2026-05-04 16:00:00,4521.62,4527.0,4500.72,4510.62,63491.0
2026-05-04 17:00:00,4510.61,4531.56,4510.61,4522.31,38033.0
2026-05-04 18:00:00,4522.31,4525.3,4509.94,4516.31,25664.0
2026-05-04 19:00:00,4516.3,4527.21,4511.31,4517.76,28524.0
2026-05-04 20:00:00,4517.78,4523.8,4511.82,4523.73,8513.0
2026-05-04 22:00:00,4524.38,4525.31,4515.66,4517.51,6909.0
2026-05-04 23:00:00,4517.51,4521.61,4516.22,4518.98,5958.0
2026-05-05 00:00:00,4519.0,4530.41,4513.66,4530.16,15508.0
2026-05-05 01:00:00,4530.14,4542.36,4525.41,4541.01,18808.0
2026-05-05 02:00:00,4541.0,4546.69,4534.76,4539.11,12517.0
2026-05-05 03:00:00,4539.11,4542.77,4532.52,4534.69,9631.0
2026-05-05 04:00:00,4534.7,4536.7,4527.81,4533.71,9772.0
2026-05-05 05:00:00,4533.71,4551.84,4531.41,4545.71,19201.0
2026-05-05 06:00:00,4545.71,4552.15,4533.82,4548.14,25009.0
2026-05-05 07:00:00,4548.14,4558.4,4543.39,4545.58,24307.0
2026-05-05 08:00:00,4545.57,4559.69,4545.55,4558.39,22825.0
2026-05-05 09:00:00,4558.42,4560.44,4551.15,4556.32,20034.0
2026-05-05 10:00:00,4556.32,4556.91,4540.3,4543.78,18931.0
2026-05-05 11:00:00,4543.79,4564.94,4539.92,4562.58,24884.0
2026-05-05 12:00:00,4562.8,4574.79,4554.24,4564.66,31191.0
2026-05-05 13:00:00,4564.61,4584.94,4564.38,4579.45,38464.0
2026-05-05 14:00:00,4579.44,4586.68,4565.98,4582.42,34780.0
2026-05-05 15:00:00,4582.4,4583.88,4568.45,4568.66,23755.0
2026-05-05 16:00:00,4568.62,4569.02,4553.76,4561.3,22661.0
2026-05-05 17:00:00,4561.3,4562.85,4553.32,4560.0,19633.0
2026-05-05 18:00:00,4560.04,4565.83,4557.7,4561.08,14291.0
2026-05-05 19:00:00,4561.06,4561.56,4551.59,4554.74,14327.0
2026-05-05 20:00:00,4554.77,4560.08,4554.06,4557.26,6970.0
2026-05-05 22:00:00,4560.32,4577.23,4546.36,4573.14,15370.0
2026-05-05 23:00:00,4573.11,4595.75,4569.45,4594.06,22570.0
2026-05-06 00:00:00,4594.05,4619.76,4588.28,4618.81,25481.0
2026-05-06 01:00:00,4618.82,4628.59,4609.52,4626.08,25302.0
2026-05-06 02:00:00,4625.96,4641.88,4625.33,4640.83,19710.0
2026-05-06 03:00:00,4640.83,4652.08,4638.54,4643.93,13722.0
2026-05-06 04:00:00,4643.79,4653.7,4643.48,4649.06,19251.0
2026-05-06 05:00:00,4649.06,4663.82,4644.68,4663.07,21238.0
2026-05-06 06:00:00,4663.08,4669.74,4657.11,4669.26,25574.0
2026-05-06 07:00:00,4669.29,4681.82,4657.51,4681.59,23930.0
2026-05-06 08:00:00,4681.56,4702.88,4671.68,4700.22,34090.0
2026-05-06 09:00:00,4700.21,4708.56,4689.03,4701.9,41616.0
2026-05-06 10:00:00,4701.91,4723.06,4695.69,4718.11,37659.0
2026-05-06 11:00:00,4718.12,4721.35,4690.86,4692.22,43421.0
2026-05-06 12:00:00,4692.23,4693.23,4660.0,4683.36,53727.0
2026-05-06 13:00:00,4683.37,4707.8,4668.84,4702.13,61800.0
2026-05-06 14:00:00,4702.15,4717.44,4697.63,4703.07,55766.0
2026-05-06 15:00:00,4703.08,4705.83,4687.9,4687.98,33926.0
2026-05-06 16:00:00,4687.97,4692.11,4679.58,4683.21,34009.0
2026-05-06 17:00:00,4683.21,4688.12,4678.96,4684.13,22261.0
2026-05-06 18:00:00,4684.13,4690.52,4681.94,4686.14,16817.0
2026-05-06 19:00:00,4686.1,4700.21,4686.1,4692.5,18935.0
2026-05-06 20:00:00,4692.51,4699.67,4685.06,4690.84,10373.0
2026-05-06 22:00:00,4698.19,4699.88,4689.05,4694.92,10669.0
2026-05-06 23:00:00,4694.94,4699.65,4690.29,4699.04,9143.0
2026-05-07 00:00:00,4699.04,4701.2,4685.5,4688.63,26894.0
2026-05-07 01:00:00,4688.63,4721.28,4685.22,4714.77,32253.0
2026-05-07 02:00:00,4714.77,4718.5,4699.94,4707.38,20324.0
2026-05-07 03:00:00,4707.38,4709.93,4699.02,4699.22,11377.0
2026-05-07 04:00:00,4699.16,4700.93,4692.32,4696.45,12499.0
2026-05-07 05:00:00,4696.46,4706.58,4694.76,4701.07,15648.0
2026-05-07 06:00:00,4701.08,4750.22,4701.08,4739.17,31354.0
2026-05-07 07:00:00,4739.16,4750.74,4731.7,4743.22,38150.0
2026-05-07 08:00:00,4743.22,4753.53,4730.98,4731.06,30467.0
2026-05-07 09:00:00,4731.06,4739.55,4721.82,4729.13,23934.0
2026-05-07 10:00:00,4729.13,4739.97,4726.59,4735.71,20461.0
2026-05-07 11:00:00,4735.78,4743.73,4727.36,4742.85,23218.0
2026-05-07 12:00:00,4742.85,4752.8,4732.94,4750.12,34238.0
2026-05-07 13:00:00,4750.14,4758.24,4731.38,4746.45,48571.0
2026-05-07 14:00:00,4746.44,4763.47,4741.08,4762.86,44098.0
2026-05-07 15:00:00,4762.86,4764.81,4726.44,4729.32,50843.0
2026-05-07 16:00:00,4729.26,4729.81,4704.23,4715.06,53433.0
2026-05-07 17:00:00,4715.06,4719.58,4687.8,4711.61,61054.0
2026-05-07 18:00:00,4711.6,4716.16,4695.42,4709.76,44605.0
2026-05-07 19:00:00,4709.76,4713.08,4697.83,4702.96,43436.0
2026-05-07 20:00:00,4702.92,4719.27,4686.14,4687.11,25764.0
2026-05-07 22:00:00,4678.6,4699.51,4677.53,4685.95,19178.0
2026-05-07 23:00:00,4685.96,4705.6,4684.65,4704.32,11386.0
2026-05-08 00:00:00,4704.28,4709.51,4694.0,4701.45,27809.0
2026-05-08 01:00:00,4701.45,4725.42,4700.29,4722.88,36536.0
2026-05-08 02:00:00,4722.9,4732.76,4707.03,4713.43,29801.0
2026-05-08 03:00:00,4713.42,4731.18,4711.08,4719.68,18448.0
2026-05-08 04:00:00,4719.66,4723.36,4708.99,4711.14,15362.0
2026-05-08 05:00:00,4711.13,4731.33,4709.72,4727.55,22259.0
2026-05-08 06:00:00,4727.56,4734.63,4712.5,4725.74,33788.0
2026-05-08 07:00:00,4725.74,4726.5,4697.1,4708.04,34030.0
2026-05-08 08:00:00,4708.03,4723.56,4706.74,4715.84,24790.0
2026-05-08 09:00:00,4715.85,4722.87,4707.56,4711.96,19355.0
2026-05-08 10:00:00,4711.96,4727.84,4711.07,4719.85,15653.0
2026-05-08 11:00:00,4719.83,4727.4,4713.71,4717.76,20433.0
2026-05-08 12:00:00,4717.76,4732.13,4701.31,4724.48,44682.0
2026-05-08 13:00:00,4724.49,4748.15,4716.52,4748.0,53854.0
2026-05-08 14:00:00,4747.95,4749.39,4713.36,4715.99,60563.0
2026-05-08 15:00:00,4715.96,4721.0,4702.1,4707.06,48445.0
2026-05-08 16:00:00,4707.08,4720.26,4705.48,4712.47,27947.0
2026-05-08 17:00:00,4712.47,4722.74,4712.17,4720.91,18757.0
2026-05-08 18:00:00,4720.91,4729.0,4719.96,4721.95,18934.0
2026-05-08 19:00:00,4721.94,4726.86,4721.03,4723.98,18033.0
2026-05-08 20:00:00,4724.02,4724.28,4714.61,4715.62,7989.0
2026-05-10 22:00:00,4679.06,4701.88,4675.56,4691.82,22958.0
2026-05-10 23:00:00,4691.82,4698.58,4688.87,4691.66,10929.0
2026-05-11 00:00:00,4691.66,4693.34,4670.12,4683.41,26174.0
2026-05-11 01:00:00,4683.38,4705.5,4674.71,4685.76,44252.0
2026-05-11 02:00:00,4685.76,4700.24,4676.52,4681.74,27384.0
2026-05-11 03:00:00,4681.74,4690.47,4675.06,4678.67,22298.0
2026-05-11 04:00:00,4678.67,4679.97,4668.53,4672.08,14963.0
2026-05-11 05:00:00,4672.08,4680.75,4648.16,4652.34,23389.0
2026-05-11 06:00:00,4652.34,4680.49,4649.26,4678.52,29647.0
2026-05-11 07:00:00,4678.52,4680.34,4664.4,4667.81,19941.0
2026-05-11 08:00:00,4667.81,4678.78,4664.23,4667.61,20727.0
2026-05-11 09:00:00,4667.64,4670.07,4650.58,4656.78,17852.0
2026-05-11 10:00:00,4656.78,4667.54,4656.42,4664.07,15035.0
2026-05-11 11:00:00,4664.07,4677.37,4664.07,4674.53,18072.0
2026-05-11 12:00:00,4674.53,4701.15,4667.48,4700.02,33322.0
2026-05-11 13:00:00,4700.02,4748.53,4698.78,4735.98,49765.0
2026-05-11 14:00:00,4735.96,4738.53,4715.32,4725.6,41294.0
2026-05-11 15:00:00,4725.6,4738.32,4722.98,4732.24,24331.0
2026-05-11 16:00:00,4732.24,4733.56,4708.04,4716.57,24556.0
2026-05-11 17:00:00,4716.56,4724.73,4715.98,4723.73,17392.0
2026-05-11 18:00:00,4723.73,4729.41,4721.03,4725.01,14772.0
2026-05-11 19:00:00,4725.01,4736.26,4722.48,4733.64,16412.0
2026-05-11 20:00:00,4733.65,4738.69,4730.06,4734.64,8497.0
2026-05-11 22:00:00,4735.46,4756.16,4735.21,4750.97,10250.0
2026-05-11 23:00:00,4750.97,4769.72,4746.18,4767.5,12431.0
2026-05-12 00:00:00,4767.5,4773.48,4748.6,4749.32,26563.0
2026-05-12 01:00:00,4749.32,4755.52,4720.43,4727.28,35324.0
2026-05-12 02:00:00,4727.28,4733.98,4722.32,4730.06,25266.0
2026-05-12 03:00:00,4730.06,4733.23,4718.2,4720.23,18209.0
2026-05-12 04:00:00,4720.23,4730.4,4711.28,4714.18,13598.0
2026-05-12 05:00:00,4714.18,4722.38,4708.8,4714.34,24241.0
2026-05-12 06:00:00,4714.34,4714.4,4694.58,4697.07,30948.0
2026-05-12 07:00:00,4697.07,4703.91,4686.8,4699.9,24825.0
2026-05-12 08:00:00,4699.9,4706.76,4697.16,4703.37,19816.0
2026-05-12 09:00:00,4703.42,4705.25,4694.33,4699.55,18104.0
2026-05-12 10:00:00,4699.55,4708.5,4685.22,4694.42,17466.0
2026-05-12 11:00:00,4694.42,4709.26,4687.28,4706.63,23483.0
2026-05-12 12:00:00,4706.65,4711.59,4689.75,4705.72,34666.0
2026-05-12 13:00:00,4705.73,4708.91,4676.89,4679.28,50414.0
2026-05-12 14:00:00,4679.28,4695.23,4669.54,4672.91,50944.0
2026-05-12 15:00:00,4672.91,4676.22,4638.22,4666.15,47196.0
2026-05-12 16:00:00,4666.15,4675.18,4664.18,4671.21,24565.0
2026-05-12 17:00:00,4671.21,4682.5,4671.21,4678.88,18983.0
2026-05-12 18:00:00,4678.88,4698.14,4676.25,4696.03,24956.0
2026-05-12 19:00:00,4696.03,4715.71,4696.03,4715.67,18917.0
2026-05-12 20:00:00,4715.67,4719.3,4711.9,4715.15,9784.0
2026-05-12 22:00:00,4715.39,4722.52,4712.4,4717.09,14076.0
2026-05-12 23:00:00,4717.09,4723.92,4715.22,4717.01,15433.0
2026-05-13 00:00:00,4717.1,4726.78,4714.1,4714.54,27232.0
2026-05-13 01:00:00,4714.76,4717.14,4701.16,4702.6,25775.0
2026-05-13 02:00:00,4702.53,4707.64,4687.72,4692.08,19610.0
2026-05-13 03:00:00,4692.06,4705.98,4689.01,4696.09,14096.0
2026-05-13 04:00:00,4696.09,4703.47,4695.54,4699.64,10298.0
2026-05-13 05:00:00,4699.64,4707.38,4693.8,4704.06,19892.0
2026-05-13 06:00:00,4704.06,4715.49,4699.04,4701.82,22746.0
2026-05-13 07:00:00,4701.8,4708.85,4696.77,4702.93,18670.0
2026-05-13 08:00:00,4702.93,4704.35,4694.55,4700.73,17951.0
2026-05-13 09:00:00,4700.73,4701.62,4686.07,4700.96,18286.0
2026-05-13 10:00:00,4700.96,4710.62,4693.81,4694.23,19687.0
2026-05-13 11:00:00,4694.23,4705.64,4691.59,4697.45,21952.0
2026-05-13 12:00:00,4697.45,4701.68,4675.6,4683.88,39534.0
2026-05-13 13:00:00,4683.66,4694.66,4669.47,4679.41,47252.0
2026-05-13 14:00:00,4679.41,4691.06,4672.87,4679.84,44968.0
2026-05-13 15:00:00,4679.84,4699.95,4678.99,4695.54,31586.0
2026-05-13 16:00:00,4695.54,4709.84,4695.09,4695.76,27507.0
2026-05-13 17:00:00,4695.76,4701.27,4684.64,4685.65,22157.0
2026-05-13 18:00:00,4685.65,4694.06,4677.65,4685.01,21334.0
2026-05-13 19:00:00,4685.01,4690.58,4683.39,4688.3,19829.0
2026-05-13 20:00:00,4688.3,4693.54,4686.04,4688.78,8151.0
2026-05-13 22:00:00,4692.27,4700.63,4689.04,4700.18,8999.0
2026-05-13 23:00:00,4700.18,4702.26,4693.32,4696.67,6456.0
2026-05-14 00:00:00,4696.67,4706.86,4689.54,4705.1,16593.0
2026-05-14 01:00:00,4705.1,4707.08,4683.66,4688.82,32651.0
2026-05-14 02:00:00,4688.82,4699.75,4680.06,4686.37,23978.0
2026-05-14 03:00:00,4686.37,4693.39,4673.97,4675.09,21273.0
2026-05-14 04:00:00,4675.09,4712.71,4668.94,4702.54,18953.0
2026-05-14 05:00:00,4702.54,4704.22,4688.78,4689.68,21131.0
2026-05-14 06:00:00,4689.68,4702.5,4686.14,4700.26,24605.0
2026-05-14 07:00:00,4700.27,4718.8,4690.82,4693.18,27188.0
2026-05-14 08:00:00,4693.18,4706.7,4692.04,4693.38,22913.0
2026-05-14 09:00:00,4693.38,4702.65,4688.52,4699.62,21274.0
2026-05-14 10:00:00,4699.62,4705.54,4691.3,4697.15,22008.0
2026-05-14 11:00:00,4697.16,4704.86,4689.4,4694.16,20994.0
2026-05-14 12:00:00,4694.16,4710.1,4692.42,4705.01,27129.0
2026-05-14 13:00:00,4705.01,4707.87,4666.7,4679.6,51988.0
2026-05-14 14:00:00,4679.6,4700.85,4677.12,4679.56,47452.0
2026-05-14 15:00:00,4679.56,4689.48,4677.06,4685.83,28760.0
2026-05-14 16:00:00,4685.83,4687.02,4670.36,4678.58,26959.0
2026-05-14 17:00:00,4678.59,4683.11,4676.46,4678.27,22836.0
2026-05-14 18:00:00,4678.27,4678.43,4666.94,4671.68,19009.0
2026-05-14 19:00:00,4671.69,4671.92,4653.19,4654.22,20936.0
2026-05-14 20:00:00,4654.21,4657.22,4644.42,4652.36,11229.0
2026-05-14 22:00:00,4651.34,4662.85,4646.4,4662.46,12252.0
2026-05-14 23:00:00,4662.46,4665.42,4646.94,4652.16,13065.0
2026-05-15 00:00:00,4652.16,4658.36,4613.76,4630.36,40225.0
2026-05-15 01:00:00,4630.36,4631.71,4607.23,4614.03,64163.0
2026-05-15 02:00:00,4614.03,4623.39,4609.35,4618.06,34079.0
2026-05-15 03:00:00,4618.06,4622.31,4607.44,4615.52,23634.0
2026-05-15 04:00:00,4615.52,4621.65,4604.36,4606.24,18136.0
2026-05-15 05:00:00,4606.24,4606.57,4557.36,4558.9,48658.0
2026-05-15 06:00:00,4558.9,4580.62,4556.41,4570.09,52832.0
2026-05-15 07:00:00,4570.09,4588.83,4566.0,4570.86,36526.0
2026-05-15 08:00:00,4570.86,4571.98,4550.06,4554.42,40159.0
2026-05-15 09:00:00,4554.42,4563.81,4531.82,4545.8,41712.0
2026-05-15 10:00:00,4545.8,4572.6,4544.14,4566.15,42964.0
2026-05-15 11:00:00,4566.15,4570.22,4549.92,4552.04,32846.0
2026-05-15 12:00:00,4552.04,4558.72,4543.35,4545.94,40484.0
2026-05-15 13:00:00,4545.93,4557.55,4511.37,4533.46,68483.0
2026-05-15 14:00:00,4533.46,4566.64,4525.4,4562.85,70237.0
2026-05-15 15:00:00,4562.85,4563.72,4533.9,4539.95,48988.0
2026-05-15 16:00:00,4539.95,4548.19,4529.43,4544.4,35981.0
2026-05-15 17:00:00,4544.39,4564.54,4543.21,4559.6,27899.0
2026-05-15 18:00:00,4559.6,4563.06,4552.38,4559.29,25376.0
2026-05-15 19:00:00,4559.29,4560.17,4545.0,4545.84,23964.0
2026-05-15 20:00:00,4545.85,4546.38,4533.18,4538.64,12275.0
2026-05-17 22:00:00,4529.23,4555.17,4528.37,4546.22,20486.0
2026-05-17 23:00:00,4546.17,4548.08,4532.12,4537.21,17995.0
2026-05-18 00:00:00,4537.21,4542.72,4480.48,4516.08,53172.0
2026-05-18 01:00:00,4516.1,4535.64,4489.54,4525.46,67079.0
2026-05-18 02:00:00,4525.46,4542.85,4522.09,4533.73,35673.0
2026-05-18 03:00:00,4533.72,4547.98,4525.23,4541.13,33857.0
2026-05-18 04:00:00,4541.13,4549.76,4530.1,4540.72,23093.0
2026-05-18 05:00:00,4540.75,4552.06,4530.06,4530.99,26031.0
2026-05-18 06:00:00,4530.99,4548.12,4529.8,4546.86,33164.0
2026-05-18 07:00:00,4546.86,4560.08,4538.21,4546.29,31411.0
2026-05-18 08:00:00,4546.29,4557.06,4542.49,4550.04,25579.0
2026-05-18 09:00:00,4550.04,4551.99,4540.3,4542.99,19983.0
2026-05-18 10:00:00,4542.98,4547.69,4532.2,4540.29,20075.0
2026-05-18 11:00:00,4540.29,4567.02,4529.94,4550.71,38203.0
2026-05-18 12:00:00,4550.72,4574.88,4545.34,4571.49,40937.0
2026-05-18 13:00:00,4571.48,4584.24,4561.92,4575.76,53588.0
2026-05-18 14:00:00,4575.8,4575.8,4537.86,4546.63,54745.0
2026-05-18 15:00:00,4546.64,4548.01,4531.79,4543.57,44316.0
2026-05-18 16:00:00,4543.58,4554.6,4533.87,4550.23,34298.0
2026-05-18 17:00:00,4550.23,4558.32,4545.58,4547.05,22065.0
2026-05-18 18:00:00,4547.05,4547.8,4534.42,4535.82,22291.0
2026-05-18 19:00:00,4535.8,4565.08,4535.34,4558.57,42726.0
2026-05-18 20:00:00,4558.56,4566.68,4557.9,4566.12,10406.0
2026-05-18 22:00:00,4568.21,4578.5,4566.0,4574.01,8703.0
2026-05-18 23:00:00,4574.01,4588.98,4573.7,4581.82,8598.0
2026-05-19 00:00:00,4581.82,4589.5,4561.36,4563.36,19155.0
2026-05-19 01:00:00,4563.3,4572.34,4554.19,4563.94,25280.0
2026-05-19 02:00:00,4563.94,4563.94,4545.92,4547.14,23841.0
2026-05-19 03:00:00,4547.14,4555.18,4543.46,4545.09,14819.0
2026-05-19 04:00:00,4545.09,4545.76,4537.97,4542.52,11673.0
2026-05-19 05:00:00,4542.52,4546.64,4531.0,4540.87,25819.0
2026-05-19 06:00:00,4540.87,4554.0,4533.55,4548.13,29785.0
2026-05-19 07:00:00,4548.13,4559.34,4541.44,4557.27,23873.0
2026-05-19 08:00:00,4557.27,4559.16,4536.34,4542.82,22126.0
2026-05-19 09:00:00,4542.82,4546.76,4536.11,4541.84,21186.0
2026-05-19 10:00:00,4541.84,4544.7,4525.43,4544.7,26571.0
2026-05-19 11:00:00,4544.7,4547.94,4529.96,4530.82,24115.0
2026-05-19 12:00:00,4530.82,4547.13,4527.43,4537.26,30247.0
2026-05-19 13:00:00,4537.16,4537.42,4464.95,4504.13,78714.0
2026-05-19 14:00:00,4504.16,4514.11,4484.3,4494.2,79046.0
2026-05-19 15:00:00,4494.2,4509.35,4489.79,4508.44,44797.0
2026-05-19 16:00:00,4508.44,4512.59,4496.24,4507.76,30343.0
2026-05-19 17:00:00,4507.76,4511.08,4499.23,4500.94,25255.0
2026-05-19 18:00:00,4500.95,4503.81,4490.31,4493.67,27843.0
2026-05-19 19:00:00,4493.7,4497.69,4481.28,4483.48,27265.0
2026-05-19 20:00:00,4483.46,4488.29,4480.98,4481.92,9580.0
2026-05-19 22:00:00,4483.29,4485.89,4477.58,4484.51,10682.0
2026-05-19 23:00:00,4484.51,4496.56,4479.96,4489.4,10595.0
2026-05-20 00:00:00,4489.4,4508.97,4479.78,4500.98,32384.0
2026-05-20 01:00:00,4500.98,4506.14,4456.04,4481.37,46689.0
2026-05-20 02:00:00,4481.37,4487.12,4458.64,4465.33,32667.0
2026-05-20 03:00:00,4465.33,4467.23,4453.56,4463.74,24250.0
2026-05-20 04:00:00,4463.74,4470.68,4456.82,4462.12,15057.0
2026-05-20 05:00:00,4462.12,4478.94,4461.83,4472.87,22828.0
2026-05-20 06:00:00,4472.87,4478.48,4461.46,4474.21,31459.0
2026-05-20 07:00:00,4474.27,4485.98,4472.01,4478.66,23964.0
2026-05-20 08:00:00,4478.66,4490.13,4476.79,4484.14,27889.0
2026-05-20 09:00:00,4484.13,4491.27,4472.84,4485.0,20656.0
2026-05-20 10:00:00,4485.0,4497.07,4484.74,4494.71,15404.0
2026-05-20 11:00:00,4494.71,4501.14,4490.9,4499.2,17440.0
2026-05-20 12:00:00,4499.2,4505.47,4493.03,4496.24,24625.0
2026-05-20 13:00:00,4496.24,4506.2,4482.1,4483.2,39156.0
2026-05-20 14:00:00,4483.19,4537.39,4467.17,4531.5,77962.0
2026-05-20 15:00:00,4531.5,4552.7,4523.19,4529.26,62929.0
2026-05-20 16:00:00,4529.26,4535.54,4524.24,4534.48,31145.0
2026-05-20 17:00:00,4534.51,4538.12,4530.02,4531.46,26914.0
2026-05-20 18:00:00,4531.47,4545.13,4529.3,4542.47,22486.0
2026-05-20 19:00:00,4542.47,4550.1,4541.9,4545.8,19484.0
2026-05-20 20:00:00,4545.72,4550.38,4541.92,4543.62,11692.0
2026-05-20 22:00:00,4539.89,4548.77,4535.17,4539.96,12227.0
2026-05-20 23:00:00,4539.96,4547.28,4534.65,4546.63,7530.0
2026-05-21 00:00:00,4546.63,4553.31,4537.44,4545.3,20446.0
2026-05-21 01:00:00,4545.3,4570.69,4540.0,4561.15,32814.0
2026-05-21 02:00:00,4561.15,4564.98,4531.56,4533.33,20200.0
2026-05-21 03:00:00,4533.33,4540.37,4527.28,4528.32,15200.0
2026-05-21 04:00:00,4528.32,4540.58,4527.43,4538.49,10005.0
2026-05-21 05:00:00,4538.49,4540.56,4518.39,4528.0,21082.0
2026-05-21 06:00:00,4527.94,4539.94,4518.98,4521.6,30154.0
2026-05-21 07:00:00,4521.6,4524.38,4511.86,4519.76,25052.0
2026-05-21 08:00:00,4519.76,4536.8,4518.32,4532.59,31912.0
2026-05-21 09:00:00,4532.57,4543.08,4527.81,4530.71,22431.0
2026-05-21 10:00:00,4530.71,4535.48,4504.96,4511.52,43460.0
2026-05-21 11:00:00,4511.52,4521.32,4508.15,4514.18,27668.0
2026-05-21 12:00:00,4514.18,4519.36,4501.96,4504.16,37803.0
2026-05-21 13:00:00,4504.15,4520.87,4487.98,4513.17,67015.0
2026-05-21 14:00:00,4513.17,4515.42,4498.19,4508.89,57830.0
2026-05-21 15:00:00,4508.88,4515.57,4496.66,4511.99,42441.0
2026-05-21 16:00:00,4511.97,4520.76,4511.89,4519.48,28794.0
2026-05-21 17:00:00,4519.48,4559.3,4514.18,4551.5,62610.0
2026-05-21 18:00:00,4551.5,4556.13,4527.43,4532.0,44374.0
2026-05-21 19:00:00,4532.0,4543.8,4529.91,4543.14,27884.0
2026-05-21 20:00:00,4543.12,4544.85,4539.72,4543.05,8508.0
2026-05-21 22:00:00,4541.95,4546.75,4539.69,4543.31,7779.0
2026-05-21 23:00:00,4543.3,4544.98,4532.62,4535.54,7501.0
2026-05-22 00:00:00,4535.54,4541.12,4525.6,4526.7,21774.0
2026-05-22 01:00:00,4526.7,4536.14,4521.14,4526.43,27215.0
2026-05-22 02:00:00,4526.43,4529.45,4518.66,4523.26,18292.0
2026-05-22 03:00:00,4523.26,4530.06,4519.28,4529.49,12462.0
2026-05-22 04:00:00,4529.49,4533.0,4525.44,4527.25,9916.0
2026-05-22 05:00:00,4527.24,4534.27,4506.81,4511.32,19807.0
2026-05-22 06:00:00,4511.33,4528.94,4509.92,4526.94,31147.0
2026-05-22 07:00:00,4526.94,4527.46,4516.24,4521.94,19164.0
2026-05-22 08:00:00,4521.94,4531.26,4517.03,4521.92,24718.0
2026-05-22 09:00:00,4521.92,4535.96,4514.82,4532.28,19117.0
2026-05-22 10:00:00,4532.28,4536.85,4510.18,4514.78,19935.0
2026-05-22 11:00:00,4514.71,4525.14,4511.63,4520.73,18085.0
2026-05-22 12:00:00,4520.73,4535.75,4515.12,4528.24,31368.0
2026-05-22 13:00:00,4528.28,4534.34,4510.23,4513.95,42009.0
2026-05-22 14:00:00,4514.03,4514.25,4489.49,4500.66,54133.0
2026-05-22 15:00:00,4500.66,4522.33,4500.3,4520.12,32497.0
2026-05-22 16:00:00,4520.1,4526.84,4512.37,4514.98,24197.0
2026-05-22 17:00:00,4514.98,4527.9,4513.2,4519.28,29206.0
2026-05-22 18:00:00,4519.28,4520.18,4512.04,4515.16,21252.0
2026-05-22 19:00:00,4515.17,4515.89,4504.3,4508.36,20403.0
2026-05-22 20:00:00,4508.36,4510.6,4504.08,4507.9,8042.0
2026-05-24 22:00:00,4536.71,4565.75,4532.39,4565.05,28479.0
2026-05-24 23:00:00,4565.05,4580.18,4564.98,4567.06,18968.0
2026-05-25 00:00:00,4567.07,4579.76,4566.03,4569.62,29540.0
2026-05-25 01:00:00,4569.62,4576.3,4560.38,4562.99,36463.0
2026-05-25 02:00:00,4562.99,4570.28,4558.89,4561.4,22897.0
2026-05-25 03:00:00,4561.4,4564.58,4556.6,4559.87,17337.0
2026-05-25 04:00:00,4559.87,4565.89,4559.52,4564.87,12028.0
2026-05-25 05:00:00,4564.87,4565.8,4551.95,4553.4,14572.0
2026-05-25 06:00:00,4553.4,4563.28,4550.52,4562.52,21301.0
2026-05-25 07:00:00,4562.56,4565.19,4552.57,4564.88,20664.0
2026-05-25 08:00:00,4564.88,4565.05,4553.42,4556.18,12911.0
2026-05-25 09:00:00,4556.21,4569.1,4555.06,4567.64,11181.0
2026-05-25 10:00:00,4567.61,4573.76,4567.55,4568.7,11133.0
2026-05-25 11:00:00,4568.7,4577.12,4567.61,4569.51,12280.0
2026-05-25 12:00:00,4569.5,4570.35,4553.05,4567.72,19668.0
2026-05-25 13:00:00,4567.72,4571.48,4560.18,4563.17,20637.0
2026-05-25 14:00:00,4563.17,4570.66,4562.36,4566.85,12124.0
2026-05-25 15:00:00,4566.85,4574.83,4565.75,4571.0,13114.0
2026-05-25 16:00:00,4571.0,4574.65,4568.04,4573.65,6363.0
2026-05-25 17:00:00,4573.65,4577.93,4563.4,4565.16,5071.0
2026-05-25 18:00:00,4565.16,4571.6,4564.48,4570.94,1953.0
2026-05-25 22:00:00,4569.8,4576.61,4567.23,4575.02,8638.0
2026-05-25 23:00:00,4575.02,4580.34,4555.31,4559.8,15898.0
2026-05-26 00:00:00,4559.81,4560.31,4539.65,4549.68,29812.0
2026-05-26 01:00:00,4549.67,4550.72,4527.78,4537.12,32315.0
2026-05-26 02:00:00,4537.12,4539.62,4530.17,4532.31,13890.0
2026-05-26 03:00:00,4532.31,4545.43,4532.13,4542.4,12203.0
2026-05-26 04:00:00,4542.41,4543.28,4523.6,4525.53,12381.0
2026-05-26 05:00:00,4525.53,4535.14,4522.91,4527.28,21410.0
2026-05-26 06:00:00,4527.25,4536.3,4527.11,4531.1,20785.0
2026-05-26 07:00:00,4531.09,4539.04,4521.73,4538.27,26035.0
2026-05-26 08:00:00,4538.3,4539.11,4520.23,4523.83,20123.0
2026-05-26 09:00:00,4523.86,4526.46,4512.13,4522.75,22551.0
2026-05-26 10:00:00,4522.75,4540.64,4519.38,4534.51,23181.0
2026-05-26 11:00:00,4534.52,4536.47,4503.73,4507.23,29053.0
2026-05-26 12:00:00,4507.23,4523.8,4500.67,4520.46,32559.0
2026-05-26 13:00:00,4520.46,4531.51,4512.33,4514.09,41039.0
2026-05-26 14:00:00,4514.1,4525.06,4507.97,4515.33,36895.0
2026-05-26 15:00:00,4515.34,4515.61,4503.77,4506.47,28768.0
2026-05-26 16:00:00,4506.48,4511.33,4499.83,4504.97,20774.0
2026-05-26 17:00:00,4504.98,4507.56,4489.68,4491.0,23144.0
2026-05-26 18:00:00,4490.99,4499.55,4482.62,4499.35,22644.0
2026-05-26 19:00:00,4499.34,4509.96,4497.72,4508.99,16299.0
2026-05-26 20:00:00,4508.99,4510.91,4504.01,4507.47,7610.0
2026-05-26 22:00:00,4501.09,4537.86,4498.03,4511.03,13611.0
2026-05-26 23:00:00,4511.04,4528.1,4504.53,4519.73,10387.0
2026-05-27 00:00:00,4519.73,4525.88,4514.08,4515.15,12732.0
2026-05-27 01:00:00,4515.15,4521.11,4506.88,4508.06,14440.0
2026-05-27 02:00:00,4508.06,4509.68,4498.2,4505.86,11697.0
2026-05-27 03:00:00,4505.86,4512.04,4496.75,4497.21,9109.0
2026-05-27 04:00:00,4497.21,4517.29,4495.94,4510.24,12860.0
2026-05-27 05:00:00,4510.24,4513.86,4491.8,4497.6,28148.0
2026-05-27 06:00:00,4497.6,4499.25,4479.82,4485.24,34713.0
2026-05-27 07:00:00,4485.25,4489.25,4475.83,4482.2,21602.0
2026-05-27 08:00:00,4482.2,4498.71,4481.5,4497.91,21944.0
2026-05-27 09:00:00,4497.91,4497.91,4486.94,4490.25,13331.0
2026-05-27 10:00:00,4490.24,4490.75,4442.72,4445.91,32631.0
2026-05-27 11:00:00,4445.92,4453.17,4425.04,4428.77,35591.0
2026-05-27 12:00:00,4428.78,4466.43,4427.57,4438.92,55250.0
2026-05-27 13:00:00,4438.92,4438.98,4401.5,4427.39,70865.0
2026-05-27 14:00:00,4427.4,4455.54,4426.06,4434.01,57244.0
2026-05-27 15:00:00,4433.99,4441.57,4428.26,4436.59,32753.0
2026-05-27 16:00:00,4436.59,4453.33,4434.27,4450.87,23452.0
2026-05-27 17:00:00,4450.87,4454.38,4441.47,4450.39,22872.0
2026-05-27 18:00:00,4450.4,4458.32,4447.77,4454.44,14115.0
2026-05-27 19:00:00,4454.44,4454.85,4448.84,4450.95,13432.0
2026-05-27 20:00:00,4450.96,4458.94,4450.09,4456.18,7111.0
2026-05-27 22:00:00,4451.99,4466.76,4451.99,4457.52,6863.0
2026-05-27 23:00:00,4457.52,4457.82,4443.69,4447.13,10633.0
2026-05-28 00:00:00,4447.14,4457.89,4443.5,4457.1,19509.0
2026-05-28 01:00:00,4457.1,4459.0,4407.08,4410.08,36863.0
2026-05-28 02:00:00,4410.08,4412.83,4392.69,4394.42,27161.0
2026-05-28 03:00:00,4394.43,4397.88,4368.56,4374.84,29741.0
2026-05-28 04:00:00,4374.85,4382.06,4366.55,4373.07,27000.0
2026-05-28 05:00:00,4373.07,4395.94,4367.29,4388.05,29015.0
2026-05-28 06:00:00,4388.04,4390.63,4374.23,4383.6,25308.0
2026-05-28 07:00:00,4383.62,4396.17,4382.84,4387.57,21763.0
2026-05-28 08:00:00,4387.57,4395.01,4386.0,4387.02,19124.0
2026-05-28 09:00:00,4387.01,4399.11,4386.54,4393.72,21140.0
2026-05-28 10:00:00,4393.72,4404.13,4375.25,4383.08,23488.0
2026-05-28 11:00:00,4383.12,4390.64,4381.09,4388.0,25941.0
2026-05-28 12:00:00,4387.97,4433.78,4379.74,4432.24,40569.0
2026-05-28 13:00:00,4432.24,4439.08,4418.13,4430.5,53049.0
2026-05-28 14:00:00,4430.5,4480.45,4420.77,4469.89,84446.0
2026-05-28 15:00:00,4469.8,4484.78,4468.83,4482.31,41625.0
2026-05-28 16:00:00,4482.33,4511.14,4477.8,4511.08,34808.0
2026-05-28 17:00:00,4511.08,4514.52,4501.27,4508.99,26476.0
2026-05-28 18:00:00,4508.99,4516.57,4498.61,4501.49,21431.0
2026-05-28 19:00:00,4501.49,4503.79,4497.26,4497.86,13793.0
2026-05-28 20:00:00,4497.85,4500.74,4494.76,4495.64,7275.0
2026-05-28 22:00:00,4498.02,4499.78,4491.04,4491.31,8014.0
2026-05-28 23:00:00,4491.31,4497.08,4489.12,4495.23,9316.0
2026-05-29 00:00:00,4495.23,4500.53,4492.21,4496.12,18797.0
2026-05-29 01:00:00,4496.12,4520.74,4492.55,4506.55,26873.0
2026-05-29 02:00:00,4506.54,4511.2,4498.41,4501.86,15863.0
2026-05-29 03:00:00,4501.86,4502.04,4494.84,4501.38,17853.0
2026-05-29 04:00:00,4501.38,4514.96,4501.11,4514.2,13088.0
2026-05-29 05:00:00,4514.17,4515.77,4502.62,4514.95,17272.0
2026-05-29 06:00:00,4514.95,4524.08,4510.05,4523.68,26497.0
2026-05-29 07:00:00,4523.68,4526.21,4510.79,4524.78,20709.0
2026-05-29 08:00:00,4524.77,4524.86,4510.06,4514.97,17942.0
2026-05-29 09:00:00,4514.99,4539.82,4513.44,4531.18,22921.0
2026-05-29 10:00:00,4531.2,4543.32,4525.59,4538.57,17750.0
2026-05-29 11:00:00,4538.56,4540.46,4525.91,4538.44,19821.0
2026-05-29 12:00:00,4538.45,4538.61,4512.77,4523.13,30989.0
2026-05-29 13:00:00,4523.12,4540.76,4517.0,4536.91,41342.0
2026-05-29 14:00:00,4536.9,4570.46,4525.51,4564.32,69795.0
2026-05-29 15:00:00,4564.19,4595.35,4557.61,4571.2,66344.0
2026-05-29 16:00:00,4571.22,4573.4,4560.02,4566.99,30377.0
2026-05-29 17:00:00,4567.02,4568.58,4551.71,4553.52,25987.0
2026-05-29 18:00:00,4553.52,4561.72,4551.17,4553.38,21514.0
2026-05-29 19:00:00,4553.39,4560.29,4542.93,4545.6,17879.0
2026-05-29 20:00:00,4545.59,4549.18,4539.49,4541.13,10385.0
2026-05-31 22:00:00,4540.0,4540.44,4518.09,4535.34,15283.0
2026-05-31 23:00:00,4535.38,4545.76,4535.12,4539.61,8308.0
2026-06-01 00:00:00,4539.61,4546.24,4535.34,4540.72,12758.0
2026-06-01 01:00:00,4540.87,4541.56,4523.78,4525.58,21073.0
2026-06-01 02:00:00,4525.58,4534.66,4521.18,4521.48,14264.0
2026-06-01 03:00:00,4521.48,4525.57,4509.91,4516.38,13015.0
2026-06-01 04:00:00,4516.38,4519.68,4508.71,4514.4,9594.0
2026-06-01 05:00:00,4514.41,4525.26,4512.78,4518.27,16471.0
2026-06-01 06:00:00,4518.26,4518.77,4500.31,4501.7,22176.0
2026-06-01 07:00:00,4501.7,4509.97,4492.53,4503.15,18386.0
2026-06-01 08:00:00,4503.16,4504.56,4490.51,4498.04,14833.0
2026-06-01 09:00:00,4498.07,4506.46,4489.23,4496.08,19341.0
2026-06-01 10:00:00,4496.09,4510.96,4496.08,4504.0,13632.0
2026-06-01 11:00:00,4504.0,4512.95,4499.8,4505.95,15499.0
2026-06-01 12:00:00,4505.95,4510.49,4497.46,4502.28,21884.0
2026-06-01 13:00:00,4502.27,4503.89,4448.81,4450.34,82011.0
2026-06-01 14:00:00,4450.37,4464.73,4447.74,4458.71,52519.0
2026-06-01 15:00:00,4458.7,4479.7,4455.54,4474.18,34372.0
2026-06-01 16:00:00,4474.17,4482.26,4463.11,4480.16,23344.0
2026-06-01 17:00:00,4480.11,4495.49,4471.52,4487.6,31137.0
2026-06-01 18:00:00,4487.6,4490.24,4484.92,4486.73,9872.0
2026-06-01 19:00:00,4486.73,4488.24,4479.12,4481.16,13074.0
2026-06-01 20:00:00,4481.17,4485.64,4480.18,4484.7,6140.0
2026-06-01 22:00:00,4481.83,4489.73,4479.76,4485.87,7815.0
2026-06-01 23:00:00,4485.91,4488.36,4479.41,4484.51,6411.0
2026-06-02 00:00:00,4484.51,4497.23,4476.74,4481.67,13693.0
2026-06-02 01:00:00,4481.47,4492.4,4462.95,4474.16,25282.0
2026-06-02 02:00:00,4474.06,4486.6,4472.22,4485.92,19863.0
2026-06-02 03:00:00,4485.96,4499.45,4485.7,4499.35,13913.0
2026-06-02 04:00:00,4499.36,4518.21,4497.81,4517.37,13557.0
2026-06-02 05:00:00,4517.36,4528.22,4515.21,4517.09,17672.0
2026-06-02 06:00:00,4517.1,4538.18,4516.98,4536.03,21277.0
2026-06-02 07:00:00,4535.99,4541.5,4527.96,4535.12,16390.0
2026-06-02 08:00:00,4535.12,4539.2,4526.03,4526.77,17304.0
2026-06-02 09:00:00,4526.77,4535.77,4521.58,4530.09,18281.0
2026-06-02 10:00:00,4530.06,4534.0,4524.67,4533.2,11000.0
2026-06-02 11:00:00,4533.19,4534.65,4525.61,4527.47,12799.0
2026-06-02 12:00:00,4527.49,4534.19,4513.54,4514.44,22283.0
2026-06-02 13:00:00,4514.48,4524.84,4502.86,4502.86,41804.0
2026-06-02 14:00:00,4502.7,4507.05,4490.33,4504.13,39827.0
2026-06-02 15:00:00,4504.2,4508.56,4500.18,4502.15,19269.0
2026-06-02 16:00:00,4502.15,4502.9,4486.38,4491.99,19980.0
2026-06-02 17:00:00,4491.97,4493.17,4482.12,4484.66,18646.0
2026-06-02 18:00:00,4484.69,4490.96,4478.78,4487.45,13562.0
2026-06-02 19:00:00,4487.45,4490.33,4483.5,4488.08,12849.0
2026-06-02 20:00:00,4488.17,4491.06,4486.32,4487.83,5609.0
2026-06-02 22:00:00,4495.18,4495.18,4484.25,4484.96,10227.0
2026-06-02 23:00:00,4484.94,4488.83,4462.35,4474.55,21624.0
2026-06-03 00:00:00,4474.52,4496.87,4473.92,4486.26,17823.0
2026-06-03 01:00:00,4486.27,4487.73,4463.7,4475.82,32628.0
2026-06-03 02:00:00,4475.82,4485.21,4472.92,4481.99,14850.0
2026-06-03 03:00:00,4481.99,4487.73,4481.87,4484.49,7941.0
2026-06-03 04:00:00,4484.49,4488.19,4468.4,4469.47,6878.0
2026-06-03 05:00:00,4469.47,4474.27,4456.67,4457.11,17534.0
2026-06-03 06:00:00,4457.11,4470.97,4455.37,4463.1,28702.0
2026-06-03 07:00:00,4463.09,4472.2,4452.73,4453.32,21648.0
2026-06-03 08:00:00,4453.33,4459.48,4440.24,4444.02,22083.0
2026-06-03 09:00:00,4443.91,4459.01,4439.02,4443.16,20752.0
2026-06-03 10:00:00,4443.15,4467.29,4440.98,4459.06,30328.0
2026-06-03 11:00:00,4459.06,4468.18,4458.59,4462.48,19165.0
2026-06-03 12:00:00,4462.48,4467.21,4448.28,4460.46,27323.0
2026-06-03 13:00:00,4460.43,4466.08,4426.38,4447.35,53750.0
2026-06-03 14:00:00,4447.22,4459.58,4442.44,4457.19,50305.0
2026-06-03 15:00:00,4457.2,4458.42,4436.85,4442.24,34638.0
2026-06-03 16:00:00,4442.26,4444.02,4433.88,4441.89,31159.0
2026-06-03 17:00:00,4441.91,4448.36,4435.65,4439.07,22963.0
2026-06-03 18:00:00,4439.08,4442.95,4434.65,4442.12,17037.0
2026-06-03 19:00:00,4442.12,4452.27,4441.48,4444.02,19058.0
2026-06-03 20:00:00,4444.04,4445.43,4430.41,4434.34,13764.0
2026-06-03 22:00:00,4438.72,4453.04,4423.89,4448.98,16430.0
2026-06-03 23:00:00,4448.97,4464.83,4445.46,4457.36,11976.0
2026-06-04 00:00:00,4457.36,4465.4,4444.2,4448.5,18427.0
2026-06-04 01:00:00,4448.47,4473.63,4443.03,4465.92,21557.0
2026-06-04 02:00:00,4465.92,4476.65,4455.68,4475.09,15877.0
2026-06-04 03:00:00,4475.09,4477.28,4458.36,4463.72,13596.0
2026-06-04 04:00:00,4463.72,4484.03,4462.33,4481.07,11653.0
2026-06-04 05:00:00,4481.06,4482.38,4466.94,4469.31,12651.0
2026-06-04 06:00:00,4469.31,4477.24,4462.92,4467.72,19196.0
2026-06-04 07:00:00,4467.79,4470.78,4459.47,4461.64,21114.0
2026-06-04 08:00:00,4461.64,4469.54,4458.56,4463.27,24475.0
2026-06-04 09:00:00,4463.28,4475.61,4460.84,4470.35,25763.0
2026-06-04 10:00:00,4470.3,4473.85,4464.35,4473.69,14736.0
2026-06-04 11:00:00,4473.72,4514.64,4468.71,4511.69,31754.0
2026-06-04 12:00:00,4511.56,4513.84,4491.12,4504.14,33299.0
2026-06-04 13:00:00,4504.16,4515.45,4495.46,4495.86,36701.0
2026-06-04 14:00:00,4495.8,4499.91,4457.32,4465.78,48682.0
2026-06-04 15:00:00,4465.79,4479.18,4463.8,4477.49,33039.0
2026-06-04 16:00:00,4477.49,4485.2,4475.4,4482.83,19893.0
2026-06-04 17:00:00,4482.83,4482.83,4474.14,4478.22,18121.0
2026-06-04 18:00:00,4478.2,4481.09,4472.76,4478.17,12624.0
2026-06-04 19:00:00,4478.17,4483.48,4476.19,4480.54,12820.0
2026-06-04 20:00:00,4480.59,4481.52,4474.25,4475.16,7143.0
2026-06-04 22:00:00,4483.55,4483.89,4468.94,4469.67,8647.0
2026-06-04 23:00:00,4469.72,4474.12,4460.6,4461.83,9163.0
2026-06-05 00:00:00,4461.71,4466.96,4450.75,4459.6,21756.0
2026-06-05 01:00:00,4459.44,4469.98,4444.22,4446.84,27193.0
2026-06-05 02:00:00,4446.86,4455.09,4438.53,4440.64,29689.0
2026-06-05 03:00:00,4440.62,4444.02,4435.3,4442.44,18669.0
2026-06-05 04:00:00,4442.44,4446.72,4437.7,4445.06,14035.0
2026-06-05 05:00:00,4445.06,4450.08,4438.7,4440.06,19140.0
2026-06-05 06:00:00,4440.06,4456.26,4428.49,4452.77,27323.0
2026-06-05 07:00:00,4452.77,4467.38,4451.93,4460.97,22585.0
2026-06-05 08:00:00,4460.72,4468.28,4458.64,4462.82,13048.0
2026-06-05 09:00:00,4462.82,4469.47,4458.92,4464.97,17522.0
2026-06-05 10:00:00,4464.97,4468.16,4461.97,4466.6,7110.0
2026-06-05 11:00:00,4466.53,4475.41,4458.86,4470.27,12542.0
2026-06-05 12:00:00,4470.27,4475.91,4404.85,4406.47,49894.0
2026-06-05 13:00:00,4406.43,4420.98,4365.7,4365.83,94312.0
2026-06-05 14:00:00,4365.89,4379.34,4344.59,4369.69,98122.0
2026-06-05 15:00:00,4369.72,4372.54,4334.1,4335.5,59684.0
2026-06-05 16:00:00,4335.5,4344.98,4323.34,4344.59,60784.0
2026-06-05 17:00:00,4344.6,4347.47,4335.71,4341.84,50027.0
2026-06-05 18:00:00,4341.84,4342.19,4315.33,4322.37,53446.0
2026-06-05 19:00:00,4322.43,4325.16,4313.96,4318.58,60340.0
2026-06-05 20:00:00,4318.68,4331.04,4311.81,4328.02,19967.0
2026-06-07 22:00:00,4326.24,4341.27,4310.07,4317.35,33846.0
2026-06-07 23:00:00,4317.3,4347.01,4317.3,4344.08,21846.0
2026-06-08 00:00:00,4344.04,4353.4,4339.92,4342.23,22623.0
2026-06-08 01:00:00,4342.3,4345.93,4300.28,4325.69,66339.0
2026-06-08 02:00:00,4325.7,4330.75,4307.34,4310.56,45978.0
2026-06-08 03:00:00,4310.56,4317.22,4303.58,4316.94,26365.0
2026-06-08 04:00:00,4316.95,4321.84,4307.73,4312.7,17967.0
2026-06-08 05:00:00,4312.75,4316.16,4268.39,4292.11,42935.0
2026-06-08 06:00:00,4292.11,4311.3,4292.06,4300.02,46208.0
2026-06-08 07:00:00,4300.05,4316.9,4294.4,4294.52,39075.0
2026-06-08 08:00:00,4294.52,4297.14,4285.39,4288.93,31553.0
2026-06-08 09:00:00,4288.85,4302.04,4273.01,4294.44,32136.0
2026-06-08 10:00:00,4294.57,4305.84,4286.22,4302.08,26220.0
2026-06-08 11:00:00,4302.06,4333.3,4297.19,4331.38,39653.0
2026-06-08 12:00:00,4331.38,4339.63,4320.3,4333.18,35491.0
2026-06-08 13:00:00,4333.18,4346.68,4321.36,4327.08,48201.0
2026-06-08 14:00:00,4327.07,4331.52,4314.9,4331.09,41063.0
2026-06-08 15:00:00,4331.09,4345.81,4322.63,4341.85,36744.0
2026-06-08 16:00:00,4341.88,4346.39,4337.94,4340.68,31899.0
2026-06-08 17:00:00,4340.67,4342.43,4332.02,4339.15,33851.0
2026-06-08 18:00:00,4339.15,4345.95,4333.0,4334.67,16478.0
2026-06-08 19:00:00,4334.67,4338.22,4323.35,4326.71,24931.0
2026-06-08 20:00:00,4326.7,4330.34,4324.52,4329.71,8738.0
2026-06-08 22:00:00,4333.25,4333.53,4322.81,4328.0,7110.0
2026-06-08 23:00:00,4328.0,4328.99,4313.02,4317.8,7420.0
2026-06-09 00:00:00,4317.77,4323.75,4315.12,4319.95,29925.0
2026-06-09 01:00:00,4319.95,4338.9,4318.68,4336.64,34051.0
2026-06-09 02:00:00,4336.64,4341.11,4328.39,4336.11,23628.0
2026-06-09 03:00:00,4336.12,4342.15,4331.07,4336.68,14758.0
2026-06-09 04:00:00,4336.68,4339.4,4324.31,4332.42,8112.0
2026-06-09 05:00:00,4332.42,4351.48,4330.74,4343.56,14304.0
2026-06-09 06:00:00,4343.57,4348.97,4330.3,4330.67,14958.0
2026-06-09 07:00:00,4330.68,4334.87,4322.31,4326.66,19383.0
2026-06-09 08:00:00,4326.66,4336.84,4321.24,4326.66,21130.0
2026-06-09 09:00:00,4326.66,4336.13,4324.28,4332.22,16235.0
2026-06-09 10:00:00,4332.22,4340.86,4325.22,4339.23,16880.0
2026-06-09 11:00:00,4339.24,4343.83,4335.72,4339.93,12738.0
2026-06-09 12:00:00,4339.93,4344.22,4334.79,4341.45,19797.0
2026-06-09 13:00:00,4341.42,4363.75,4325.21,4328.93,38301.0
2026-06-09 14:00:00,4328.95,4336.35,4278.61,4300.6,94027.0
2026-06-09 15:00:00,4300.59,4302.21,4263.18,4272.35,86760.0
2026-06-09 16:00:00,4272.34,4281.12,4236.81,4252.31,124020.0
2026-06-09 17:00:00,4252.09,4268.1,4251.24,4263.15,67004.0
2026-06-09 18:00:00,4263.26,4274.36,4259.61,4270.03,43721.0
2026-06-09 19:00:00,4270.11,4271.73,4250.02,4258.74,50735.0
2026-06-09 20:00:00,4258.75,4261.99,4255.72,4259.42,13401.0
2026-06-09 22:00:00,4252.96,4258.01,4232.37,4237.35,15100.0
2026-06-09 23:00:00,4237.34,4247.29,4210.44,4222.02,20486.0
2026-06-10 00:00:00,4222.03,4228.39,4198.95,4218.32,31877.0
2026-06-10 01:00:00,4218.28,4219.2,4183.78,4188.83,52969.0
2026-06-10 02:00:00,4188.83,4192.59,4173.47,4174.04,31879.0
2026-06-10 03:00:00,4174.04,4186.56,4173.3,4184.89,26273.0
2026-06-10 04:00:00,4184.89,4187.32,4172.38,4174.85,20113.0
2026-06-10 05:00:00,4174.85,4209.11,4173.66,4205.26,34165.0
2026-06-10 06:00:00,4205.25,4222.1,4201.79,4203.9,37519.0
2026-06-10 07:00:00,4203.82,4208.04,4181.62,4186.2,31469.0
2026-06-10 08:00:00,4186.19,4187.45,4161.45,4169.05,45313.0
2026-06-10 09:00:00,4169.06,4179.64,4163.08,4168.73,34038.0
2026-06-10 10:00:00,4168.73,4178.6,4155.54,4174.65,30575.0
2026-06-10 11:00:00,4174.58,4176.15,4145.76,4147.64,54952.0
2026-06-10 12:00:00,4147.63,4173.98,4130.6,4147.07,69894.0
2026-06-10 13:00:00,4147.08,4186.39,4133.08,4179.56,84485.0
2026-06-10 14:00:00,4179.57,4181.22,4117.98,4124.89,78583.0
2026-06-10 15:00:00,4124.91,4137.01,4106.82,4128.87,91928.0
2026-06-10 16:00:00,4128.87,4135.29,4115.95,4122.07,63474.0
2026-06-10 17:00:00,4122.07,4134.98,4100.98,4111.71,52545.0
2026-06-10 18:00:00,4111.8,4120.57,4097.08,4101.6,37661.0
2026-06-10 19:00:00,4101.61,4102.17,4081.76,4082.85,50459.0
2026-06-10 20:00:00,4082.86,4083.2,4067.04,4071.32,22948.0
2026-06-10 22:00:00,4075.22,4080.87,4036.18,4046.56,31369.0
2026-06-10 23:00:00,4046.57,4064.8,4023.87,4047.26,45278.0
2026-06-11 00:00:00,4047.29,4078.07,4036.11,4076.01,69170.0
2026-06-11 01:00:00,4076.01,4118.22,4066.17,4101.93,66679.0
2026-06-11 02:00:00,4101.96,4102.69,4052.3,4068.01,47257.0
2026-06-11 03:00:00,4068.02,4078.28,4056.97,4072.8,24137.0
2026-06-11 04:00:00,4072.8,4085.95,4070.13,4082.8,18098.0
2026-06-11 05:00:00,4082.78,4106.32,4072.77,4094.31,29270.0
2026-06-11 06:00:00,4094.31,4097.6,4076.4,4094.57,26023.0
2026-06-11 07:00:00,4094.55,4110.58,4091.56,4105.0,28925.0
2026-06-11 08:00:00,4104.97,4112.6,4084.42,4084.45,33083.0
2026-06-11 09:00:00,4084.43,4096.42,4077.5,4091.62,25416.0
2026-06-11 10:00:00,4091.6,4094.51,4086.59,4089.96,19673.0
2026-06-11 11:00:00,4089.96,4095.96,4079.9,4080.41,30551.0
2026-06-11 12:00:00,4080.4,4087.22,4057.6,4081.95,56086.0
2026-06-11 13:00:00,4081.92,4092.73,4067.15,4083.26,75884.0
2026-06-11 14:00:00,4083.26,4085.48,4052.98,4073.45,80471.0
2026-06-11 15:00:00,4073.46,4095.45,4070.42,4088.85,70121.0
2026-06-11 16:00:00,4088.86,4107.76,4078.07,4080.27,52193.0
2026-06-11 17:00:00,4080.28,4170.02,4071.95,4151.91,102726.0
2026-06-11 18:00:00,4151.93,4171.63,4131.36,4161.89,79361.0
2026-06-11 19:00:00,4161.92,4220.14,4161.92,4208.89,69086.0
2026-06-11 20:00:00,4208.95,4218.56,4208.22,4210.77,18541.0
2026-06-11 22:00:00,4210.09,4246.63,4205.45,4243.4,19848.0
2026-06-11 23:00:00,4243.49,4245.96,4214.31,4220.07,27641.0
2026-06-12 00:00:00,4219.99,4230.49,4200.88,4208.29,37617.0
2026-06-12 01:00:00,4208.21,4211.02,4171.47,4186.86,55657.0
2026-06-12 02:00:00,4186.85,4200.06,4182.7,4191.63,34462.0
2026-06-12 03:00:00,4191.62,4204.94,4189.6,4197.12,23087.0
2026-06-12 04:00:00,4197.12,4201.03,4189.62,4190.02,11655.0
2026-06-12 05:00:00,4190.02,4193.02,4170.71,4173.46,26869.0
2026-06-12 06:00:00,4173.46,4185.68,4172.47,4184.22,23559.0
2026-06-12 07:00:00,4184.22,4194.27,4170.32,4194.23,27174.0
2026-06-12 08:00:00,4194.3,4226.05,4191.97,4219.67,45671.0
2026-06-12 09:00:00,4219.67,4228.12,4217.43,4221.85,26441.0
2026-06-12 10:00:00,4221.92,4225.63,4202.84,4210.98,26307.0
2026-06-12 11:00:00,4211.03,4215.46,4197.6,4206.94,19339.0
2026-06-12 12:00:00,4206.94,4215.31,4188.54,4191.82,30307.0
2026-06-12 13:00:00,4191.81,4210.25,4182.83,4186.12,71227.0
2026-06-12 14:00:00,4186.12,4208.51,4177.1,4203.97,78085.0
2026-06-12 15:00:00,4204.03,4235.6,4200.32,4211.92,59189.0
2026-06-12 16:00:00,4212.05,4232.87,4208.16,4215.99,53956.0
2026-06-12 17:00:00,4215.98,4226.32,4213.86,4221.42,37351.0
2026-06-12 18:00:00,4221.42,4235.4,4214.15,4215.58,28881.0
2026-06-12 19:00:00,4215.58,4219.47,4201.87,4210.67,25615.0
2026-06-12 20:00:00,4210.7,4219.0,4209.48,4218.5,6210.0
2026-06-14 22:00:00,4271.26,4309.09,4260.13,4285.65,33485.0
2026-06-14 23:00:00,4285.65,4295.09,4281.13,4294.11,13655.0
2026-06-15 00:00:00,4294.11,4308.23,4291.76,4292.62,26574.0
2026-06-15 01:00:00,4292.62,4319.69,4285.55,4316.85,41202.0
2026-06-15 02:00:00,4316.85,4335.48,4316.15,4329.62,20391.0
2026-06-15 03:00:00,4329.62,4331.26,4321.27,4325.08,13033.0
2026-06-15 04:00:00,4325.08,4330.25,4320.78,4328.28,8229.0
2026-06-15 05:00:00,4328.28,4333.0,4307.46,4310.21,18176.0
2026-06-15 06:00:00,4310.21,4313.42,4300.98,4308.2,26571.0
2026-06-15 07:00:00,4308.25,4325.32,4305.3,4323.18,20726.0
2026-06-15 08:00:00,4323.17,4345.45,4321.73,4334.29,25633.0
2026-06-15 09:00:00,4334.28,4343.2,4334.28,4336.7,12020.0
2026-06-15 10:00:00,4336.74,4341.54,4335.38,4338.16,14856.0
2026-06-15 11:00:00,4338.18,4347.57,4331.82,4335.32,20552.0
2026-06-15 12:00:00,4335.32,4349.39,4324.67,4349.08,29262.0
2026-06-15 13:00:00,4349.09,4368.97,4341.34,4355.34,49641.0
2026-06-15 14:00:00,4355.22,4369.62,4354.04,4356.87,50349.0
2026-06-15 15:00:00,4356.86,4360.85,4349.66,4356.33,34464.0
2026-06-15 16:00:00,4356.27,4358.77,4334.6,4339.25,26130.0
2026-06-15 17:00:00,4339.26,4339.26,4320.54,4324.88,27954.0
2026-06-15 18:00:00,4324.89,4328.12,4318.05,4325.72,20077.0
2026-06-15 19:00:00,4325.71,4326.74,4316.66,4320.69,18403.0
2026-06-15 20:00:00,4320.7,4322.13,4306.32,4309.03,7053.0
2026-06-15 22:00:00,4316.53,4316.69,4305.94,4312.05,10958.0
2026-06-15 23:00:00,4312.05,4319.28,4311.51,4315.64,10802.0
2026-06-16 00:00:00,4315.64,4320.8,4306.95,4319.3,20406.0
2026-06-16 01:00:00,4319.3,4325.9,4312.21,4313.59,35271.0
2026-06-16 02:00:00,4313.59,4320.9,4307.62,4318.78,18312.0
2026-06-16 03:00:00,4318.73,4333.15,4315.49,4330.57,16813.0
2026-06-16 04:00:00,4330.56,4332.27,4321.28,4322.58,13444.0
2026-06-16 05:00:00,4322.58,4330.9,4314.3,4315.89,21102.0
2026-06-16 06:00:00,4315.89,4324.38,4313.53,4323.95,21998.0
2026-06-16 07:00:00,4323.93,4335.69,4322.67,4335.23,20092.0
2026-06-16 08:00:00,4335.23,4348.0,4332.87,4347.02,20292.0
2026-06-16 09:00:00,4347.04,4348.37,4338.44,4345.3,16645.0
2026-06-16 10:00:00,4345.3,4348.96,4342.22,4348.91,12066.0
2026-06-16 11:00:00,4348.91,4349.47,4335.15,4341.01,19181.0
2026-06-16 12:00:00,4341.01,4354.95,4337.41,4354.72,24441.0
2026-06-16 13:00:00,4354.63,4354.85,4331.72,4331.8,42217.0
2026-06-16 14:00:00,4331.85,4338.77,4313.33,4324.04,50240.0
2026-06-16 15:00:00,4324.03,4343.46,4321.1,4335.34,38528.0
2026-06-16 16:00:00,4335.3,4346.95,4334.93,4340.67,28512.0
2026-06-16 17:00:00,4340.66,4341.2,4325.41,4340.38,25167.0
2026-06-16 18:00:00,4340.38,4342.88,4336.23,4338.54,17191.0
2026-06-16 19:00:00,4338.54,4342.89,4330.66,4334.06,20435.0
2026-06-16 20:00:00,4334.06,4334.88,4329.48,4331.14,6675.0
2026-06-16 22:00:00,4333.17,4336.13,4329.06,4335.47,7110.0
2026-06-16 23:00:00,4335.47,4338.34,4329.66,4330.98,6217.0
2026-06-17 00:00:00,4330.98,4341.77,4328.55,4337.12,18098.0
2026-06-17 01:00:00,4337.08,4349.66,4334.43,4340.98,26520.0
2026-06-17 02:00:00,4340.98,4344.61,4329.8,4331.55,18402.0
2026-06-17 03:00:00,4331.52,4334.12,4328.66,4332.32,13376.0
2026-06-17 04:00:00,4332.29,4334.16,4317.62,4326.78,10314.0
2026-06-17 05:00:00,4326.78,4334.25,4321.21,4326.54,17057.0
2026-06-17 06:00:00,4326.72,4331.86,4320.52,4331.77,20883.0
2026-06-17 07:00:00,4331.77,4332.93,4324.68,4325.23,18193.0
2026-06-17 08:00:00,4325.23,4327.89,4317.29,4324.84,21820.0
2026-06-17 09:00:00,4324.84,4335.68,4321.38,4329.62,16426.0
2026-06-17 10:00:00,4329.62,4335.2,4326.75,4331.52,15128.0
2026-06-17 11:00:00,4331.53,4332.0,4320.93,4323.22,18301.0
2026-06-17 12:00:00,4323.23,4335.54,4319.91,4333.72,19591.0
2026-06-17 13:00:00,4333.72,4345.28,4324.15,4339.86,35663.0
2026-06-17 14:00:00,4339.76,4364.05,4331.04,4344.58,53279.0
2026-06-17 15:00:00,4344.58,4364.95,4343.99,4363.56,34340.0
2026-06-17 16:00:00,4363.58,4366.53,4355.21,4359.59,18409.0
2026-06-17 17:00:00,4359.59,4382.49,4355.39,4379.65,28432.0
2026-06-17 18:00:00,4379.69,4379.79,4269.88,4286.06,163089.0
2026-06-17 19:00:00,4286.07,4295.3,4219.03,4235.84,141840.0
2026-06-17 20:00:00,4235.82,4269.88,4235.11,4257.74,30537.0
2026-06-17 22:00:00,4253.09,4271.55,4253.09,4266.87,17264.0
2026-06-17 23:00:00,4266.87,4283.91,4264.3,4278.03,18293.0
2026-06-18 00:00:00,4278.04,4315.29,4276.58,4308.53,37924.0
2026-06-18 01:00:00,4308.54,4328.65,4307.09,4317.88,40116.0
2026-06-18 02:00:00,4317.88,4329.97,4310.57,4311.02,25759.0
2026-06-18 03:00:00,4311.02,4322.71,4309.2,4319.83,19011.0
2026-06-18 04:00:00,4319.83,4324.0,4309.85,4315.81,15366.0
2026-06-18 05:00:00,4315.78,4324.79,4301.34,4308.16,27463.0
2026-06-18 06:00:00,4308.19,4309.94,4296.28,4306.54,34168.0
2026-06-18 07:00:00,4306.55,4309.51,4287.5,4288.72,26917.0
2026-06-18 08:00:00,4288.71,4293.0,4265.63,4266.74,30137.0
2026-06-18 09:00:00,4266.74,4273.35,4259.65,4268.47,27989.0
2026-06-18 10:00:00,4268.44,4272.77,4254.83,4255.54,26690.0
2026-06-18 11:00:00,4255.54,4255.79,4239.99,4242.13,35809.0
2026-06-18 12:00:00,4242.13,4269.2,4240.47,4246.67,45387.0
2026-06-18 13:00:00,4246.65,4276.8,4245.06,4256.67,59319.0
2026-06-18 14:00:00,4256.67,4257.99,4236.87,4252.41,64614.0
2026-06-18 15:00:00,4252.41,4254.89,4223.11,4226.63,56381.0
2026-06-18 16:00:00,4226.69,4233.3,4214.06,4219.46,44174.0
2026-06-18 17:00:00,4219.49,4233.16,4218.61,4230.36,32821.0
2026-06-18 18:00:00,4230.38,4233.22,4218.26,4218.45,23343.0
2026-06-18 19:00:00,4218.43,4219.05,4201.56,4217.12,26741.0
2026-06-18 20:00:00,4217.1,4219.64,4207.71,4209.04,9053.0
2026-06-18 22:00:00,4211.31,4213.55,4202.9,4207.4,9084.0
2026-06-18 23:00:00,4207.41,4208.32,4186.9,4188.48,16281.0
2026-06-19 00:00:00,4188.48,4198.02,4184.43,4190.39,25602.0
2026-06-19 01:00:00,4190.39,4194.58,4183.9,4184.9,18634.0
2026-06-19 02:00:00,4184.9,4186.25,4171.91,4176.31,19280.0
2026-06-19 03:00:00,4176.31,4177.24,4145.53,4153.37,22530.0
2026-06-19 04:00:00,4153.42,4155.09,4125.1,4125.78,29047.0
2026-06-19 05:00:00,4125.79,4141.58,4121.86,4139.7,28346.0
2026-06-19 06:00:00,4139.7,4150.57,4132.84,4147.65,30498.0
2026-06-19 07:00:00,4147.67,4163.17,4147.59,4158.05,25022.0
2026-06-19 08:00:00,4158.06,4178.57,4155.35,4169.12,25033.0
2026-06-19 09:00:00,4169.12,4170.95,4161.02,4162.92,18996.0
2026-06-19 10:00:00,4162.92,4163.13,4148.12,4149.79,21446.0
2026-06-19 11:00:00,4149.79,4155.0,4141.94,4152.62,21995.0
2026-06-19 12:00:00,4152.63,4180.09,4147.36,4179.08,30579.0
2026-06-19 13:00:00,4179.08,4182.92,4150.56,4151.45,36200.0
2026-06-19 14:00:00,4151.41,4154.6,4142.56,4149.32,22820.0
2026-06-19 15:00:00,4149.32,4154.02,4147.69,4151.1,9746.0
2026-06-19 16:00:00,4151.1,4157.88,4144.2,4155.81,7111.0
2026-06-21 22:00:00,4145.12,4159.85,4139.4,4156.35,23018.0
2026-06-21 23:00:00,4156.35,4164.63,4136.54,4140.33,24294.0
2026-06-22 00:00:00,4140.4,4200.92,4140.03,4200.82,39037.0
2026-06-22 01:00:00,4200.82,4221.07,4189.73,4190.94,61936.0
2026-06-22 02:00:00,4190.95,4200.33,4183.63,4188.66,33202.0
2026-06-22 03:00:00,4188.66,4190.12,4170.79,4171.59,23986.0
2026-06-22 04:00:00,4171.61,4182.24,4170.74,4181.84,16936.0
2026-06-22 05:00:00,4181.84,4198.59,4179.42,4193.88,28684.0
2026-06-22 06:00:00,4193.88,4207.36,4191.29,4197.72,30486.0
2026-06-22 07:00:00,4197.72,4201.88,4188.91,4190.48,23009.0
2026-06-22 08:00:00,4190.52,4197.69,4188.69,4197.5,22444.0
2026-06-22 09:00:00,4197.43,4210.09,4196.05,4208.24,22203.0
2026-06-22 10:00:00,4208.25,4214.17,4203.71,4204.74,17413.0
2026-06-22 11:00:00,4204.83,4215.22,4201.51,4207.49,23475.0
2026-06-22 12:00:00,4207.54,4211.82,4192.33,4193.41,24851.0
2026-06-22 13:00:00,4193.41,4205.77,4183.01,4199.94,55810.0
2026-06-22 14:00:00,4199.94,4210.75,4186.6,4198.29,61773.0
2026-06-22 15:00:00,4198.28,4201.33,4169.84,4182.97,46609.0
2026-06-22 16:00:00,4182.83,4193.02,4174.5,4189.98,29838.0
2026-06-22 17:00:00,4189.98,4191.68,4177.12,4183.15,24453.0
2026-06-22 18:00:00,4183.15,4192.84,4182.54,4191.29,19738.0
2026-06-22 19:00:00,4191.35,4193.42,4184.2,4190.73,20975.0
2026-06-22 20:00:00,4190.75,4193.81,4188.67,4191.26,6182.0
2026-06-22 22:00:00,4194.0,4194.6,4188.56,4189.94,6710.0
2026-06-22 23:00:00,4189.94,4195.39,4186.8,4187.63,7812.0
2026-06-23 00:00:00,4187.6,4194.67,4178.39,4193.35,27846.0
2026-06-23 01:00:00,4193.35,4198.46,4150.17,4161.3,48558.0
2026-06-23 02:00:00,4161.3,4163.5,4146.66,4146.95,31502.0
2026-06-23 03:00:00,4146.96,4149.66,4130.82,4144.05,30275.0
2026-06-23 04:00:00,4144.07,4146.97,4115.01,4118.22,20326.0
2026-06-23 05:00:00,4118.22,4137.38,4115.48,4121.22,41662.0
2026-06-23 06:00:00,4121.22,4126.98,4110.38,4114.32,47480.0
2026-06-23 07:00:00,4114.31,4124.75,4096.77,4098.79,38514.0
2026-06-23 08:00:00,4098.79,4110.92,4090.96,4105.33,39547.0
2026-06-23 09:00:00,4105.32,4122.34,4104.09,4122.34,26194.0
2026-06-23 10:00:00,4122.34,4133.45,4119.75,4119.87,27569.0
2026-06-23 11:00:00,4119.87,4131.96,4117.55,4123.37,32757.0
2026-06-23 12:00:00,4123.37,4127.45,4111.8,4113.33,33443.0
2026-06-23 13:00:00,4113.33,4140.47,4105.48,4135.65,67304.0
2026-06-23 14:00:00,4135.59,4145.13,4122.96,4130.22,68086.0
2026-06-23 15:00:00,4130.28,4141.64,4123.48,4138.65,43282.0
2026-06-23 16:00:00,4138.71,4143.83,4131.62,4134.23,26169.0
2026-06-23 17:00:00,4134.2,4139.77,4127.86,4128.06,24641.0
2026-06-23 18:00:00,4128.07,4131.11,4112.84,4117.78,23559.0
2026-06-23 19:00:00,4117.79,4126.07,4111.58,4111.75,32914.0
2026-06-23 20:00:00,4111.78,4112.96,4107.5,4110.15,8436.0
2026-06-23 22:00:00,4117.27,4119.53,4097.23,4104.42,18938.0
2026-06-23 23:00:00,4104.46,4104.51,4080.97,4099.24,26522.0
2026-06-24 00:00:00,4099.25,4112.05,4093.85,4097.39,42572.0
2026-06-24 01:00:00,4097.37,4102.27,4068.57,4089.1,66913.0
2026-06-24 02:00:00,4089.05,4095.9,4052.25,4061.2,43458.0
2026-06-24 03:00:00,4061.2,4070.73,4050.5,4062.82,38664.0
2026-06-24 04:00:00,4062.83,4067.17,4055.06,4064.52,25748.0
2026-06-24 05:00:00,4064.53,4086.34,4060.8,4075.9,33224.0
2026-06-24 06:00:00,4075.91,4097.6,4075.86,4087.14,40421.0
2026-06-24 07:00:00,4087.14,4090.85,4073.73,4074.87,26804.0
2026-06-24 08:00:00,4074.84,4087.59,4073.17,4076.34,27272.0
2026-06-24 09:00:00,4076.32,4079.14,4064.22,4064.64,23003.0
2026-06-24 10:00:00,4064.64,4066.9,4054.55,4055.67,25470.0
2026-06-24 11:00:00,4055.72,4058.55,4037.63,4046.67,45494.0
2026-06-24 12:00:00,4046.67,4048.86,3987.72,3987.9,66572.0
2026-06-24 13:00:00,3987.99,4042.05,3964.56,4038.46,115011.0
2026-06-24 14:00:00,4038.46,4041.08,4003.03,4008.02,83284.0
2026-06-24 15:00:00,4008.02,4016.83,3997.36,4002.51,60730.0
2026-06-24 16:00:00,4002.51,4022.37,3995.53,4006.72,50068.0
2026-06-24 17:00:00,4006.72,4011.33,3972.75,3972.82,60854.0
2026-06-24 18:00:00,3972.93,3994.29,3959.22,3981.41,66889.0
2026-06-24 19:00:00,3981.41,3990.79,3973.56,3987.99,45731.0
2026-06-24 20:00:00,3988.0,4002.87,3984.77,3999.01,25005.0
2026-06-24 22:00:00,4003.66,4008.93,3993.04,3996.47,15059.0
2026-06-24 23:00:00,3996.48,4018.66,3990.98,4012.43,22230.0
2026-06-25 00:00:00,4012.43,4016.4,3978.64,3991.56,47152.0
2026-06-25 01:00:00,3991.52,4005.99,3972.48,3976.85,72218.0
2026-06-25 02:00:00,3976.85,3991.24,3962.83,3982.98,55661.0
2026-06-25 03:00:00,3982.98,4001.19,3966.36,3995.62,45919.0
2026-06-25 04:00:00,3995.62,3997.66,3983.72,3996.1,27757.0
2026-06-25 05:00:00,3996.1,4000.1,3980.58,3986.49,42087.0
2026-06-25 06:00:00,3986.49,3989.29,3974.07,3977.49,40142.0
2026-06-25 07:00:00,3977.49,3989.87,3971.51,3987.89,33651.0
2026-06-25 08:00:00,3987.91,4002.05,3984.4,3989.25,34657.0
2026-06-25 09:00:00,3989.25,3997.67,3986.15,3988.28,26882.0
2026-06-25 10:00:00,3988.28,3989.44,3981.26,3984.37,18444.0
2026-06-25 11:00:00,3984.39,3987.84,3973.74,3980.1,24777.0
2026-06-25 12:00:00,3980.12,4019.32,3978.85,4012.63,59668.0
2026-06-25 13:00:00,4012.65,4034.06,4001.1,4002.32,94160.0
2026-06-25 14:00:00,4002.3,4028.88,3999.16,4012.08,93987.0
2026-06-25 15:00:00,4012.03,4042.76,4005.07,4041.46,72030.0
2026-06-25 16:00:00,4041.48,4044.07,4023.86,4028.79,45363.0
2026-06-25 17:00:00,4028.8,4036.82,4026.91,4034.79,38260.0
2026-06-25 18:00:00,4034.8,4044.26,4026.0,4034.83,38978.0
2026-06-25 19:00:00,4034.83,4043.84,4021.95,4026.75,32345.0
2026-06-25 20:00:00,4026.76,4035.08,4024.21,4026.59,9161.0
2026-06-25 22:00:00,4039.89,4039.91,4019.96,4026.42,17410.0
2026-06-25 23:00:00,4026.42,4030.4,4012.61,4014.55,17947.0
2026-06-26 00:00:00,4014.52,4024.44,4011.47,4020.32,35809.0
2026-06-26 01:00:00,4020.29,4029.57,4014.34,4021.02,45069.0
2026-06-26 02:00:00,4021.03,4023.32,3983.1,3990.72,37420.0
2026-06-26 03:00:00,3990.72,4006.57,3986.69,4004.27,30945.0
2026-06-26 04:00:00,4004.27,4015.38,3998.84,4011.65,25541.0
2026-06-26 05:00:00,4011.69,4021.6,4005.75,4008.06,32925.0
2026-06-26 06:00:00,4008.05,4033.22,4006.92,4032.2,42785.0
2026-06-26 07:00:00,4032.2,4039.75,4026.77,4030.71,24183.0
2026-06-26 08:00:00,4030.7,4037.84,4025.93,4031.06,24029.0
2026-06-26 09:00:00,4031.06,4054.14,4029.69,4047.25,28811.0
2026-06-26 10:00:00,4047.25,4055.0,4042.34,4054.75,20685.0
2026-06-26 11:00:00,4054.75,4055.56,4042.64,4046.0,22111.0
2026-06-26 12:00:00,4046.01,4061.61,4035.94,4059.1,30885.0
2026-06-26 13:00:00,4059.09,4078.06,4043.44,4073.69,72454.0
2026-06-26 14:00:00,4073.52,4093.1,4067.88,4080.62,65130.0
2026-06-26 15:00:00,4080.62,4096.03,4075.74,4090.6,43457.0
2026-06-26 16:00:00,4090.6,4093.55,4082.33,4085.15,26670.0
2026-06-26 17:00:00,4085.15,4088.22,4073.76,4074.77,22581.0
2026-06-26 18:00:00,4074.77,4078.9,4067.16,4067.36,17121.0
2026-06-26 19:00:00,4067.36,4074.67,4064.56,4071.72,20655.0
2026-06-26 20:00:00,4071.8,4088.9,4064.68,4088.41,10213.0
2026-06-28 22:00:00,4085.03,4086.54,4053.26,4066.49,27655.0
2026-06-28 23:00:00,4066.5,4070.33,4051.99,4062.78,19862.0
2026-06-29 00:00:00,4062.79,4074.22,4048.33,4069.59,44351.0
2026-06-29 01:00:00,4069.59,4074.59,4053.75,4061.39,51826.0
2026-06-29 02:00:00,4061.39,4071.83,4058.5,4066.41,36753.0
2026-06-29 03:00:00,4066.42,4075.64,4065.12,4069.02,25769.0
2026-06-29 04:00:00,4069.03,4069.09,4049.67,4052.32,18814.0
2026-06-29 05:00:00,4052.16,4054.08,4047.35,4053.33,2606.0
2026-06-29 07:00:00,4060.07,4068.6,4056.15,4061.74,17962.0
2026-06-29 08:00:00,4061.74,4066.67,4043.7,4047.01,23923.0
2026-06-29 09:00:00,4047.02,4055.25,4024.47,4031.6,26748.0
2026-06-29 10:00:00,4031.6,4039.71,4027.54,4036.86,21809.0
2026-06-29 11:00:00,4036.86,4042.25,4027.41,4039.23,21030.0
2026-06-29 12:00:00,4039.24,4052.49,4037.67,4043.62,25353.0
2026-06-29 13:00:00,4043.63,4051.73,4028.29,4032.26,45118.0
2026-06-29 14:00:00,4032.26,4035.47,4000.19,4025.67,65111.0
2026-06-29 15:00:00,4025.67,4030.36,4016.67,4027.03,35471.0
2026-06-29 16:00:00,4027.03,4028.74,4018.72,4023.97,18451.0
2026-06-29 17:00:00,4023.97,4032.09,4019.45,4021.07,17813.0
2026-06-29 18:00:00,4021.07,4025.29,4012.04,4013.42,11968.0
2026-06-29 19:00:00,4013.45,4019.63,4005.31,4015.91,16647.0
2026-06-29 20:00:00,4015.92,4018.04,4012.77,4016.55,4741.0
2026-06-29 22:00:00,4025.5,4025.5,4009.74,4014.22,11054.0
2026-06-29 23:00:00,4014.37,4022.49,4013.5,4014.91,11982.0
2026-06-30 00:00:00,4014.94,4015.26,3980.07,3987.16,32926.0
2026-06-30 01:00:00,3987.17,3987.19,3943.14,3969.4,65554.0
2026-06-30 02:00:00,3969.4,3973.26,3952.39,3962.78,40374.0
2026-06-30 03:00:00,3962.82,3971.16,3960.13,3969.85,26576.0
2026-06-30 04:00:00,3969.85,3998.13,3968.22,3985.58,23940.0
2026-06-30 05:00:00,3985.58,3990.82,3975.22,3978.02,30654.0
2026-06-30 06:00:00,3978.03,4034.04,3978.02,4029.85,53599.0
2026-06-30 07:00:00,4029.84,4034.77,4023.87,4032.35,25531.0
2026-06-30 08:00:00,4032.34,4037.62,4013.82,4015.65,27556.0
2026-06-30 09:00:00,4015.65,4023.92,4012.4,4023.92,19079.0
2026-06-30 10:00:00,4023.92,4031.36,4021.62,4029.91,15690.0
2026-06-30 11:00:00,4029.91,4037.31,4025.54,4033.93,20622.0
2026-06-30 12:00:00,4033.93,4034.45,4008.75,4009.9,30955.0
2026-06-30 13:00:00,4009.9,4033.4,4009.4,4029.7,54844.0
2026-06-30 14:00:00,4029.71,4063.42,4025.49,4037.42,63680.0
2026-06-30 15:00:00,4037.42,4039.48,4022.25,4029.42,37399.0
2026-06-30 16:00:00,4029.42,4033.94,4026.0,4026.2,19177.0
2026-06-30 17:00:00,4026.2,4032.27,4020.72,4030.86,19767.0
2026-06-30 18:00:00,4030.86,4033.82,4028.24,4028.59,11115.0
2026-06-30 19:00:00,4028.59,4029.5,4014.88,4016.04,19277.0
2026-06-30 20:00:00,4016.02,4021.16,4006.43,4007.44,8658.0
2026-06-30 22:00:00,4019.28,4019.28,4010.21,4013.17,10622.0
2026-06-30 23:00:00,4013.17,4018.4,4005.4,4005.83,12402.0
2026-07-01 00:00:00,4005.83,4009.8,3993.09,3996.75,23425.0
2026-07-01 01:00:00,3996.75,3999.74,3973.9,3977.81,43384.0
2026-07-01 02:00:00,3977.81,3986.09,3970.21,3979.17,27481.0
2026-07-01 03:00:00,3979.15,3986.88,3976.74,3980.51,18046.0
2026-07-01 04:00:00,3980.51,3982.78,3972.37,3976.64,15483.0
2026-07-01 05:00:00,3976.64,3978.89,3969.91,3973.97,25373.0
2026-07-01 06:00:00,3973.97,3977.51,3963.17,3971.89,28580.0
2026-07-01 07:00:00,3971.86,3978.38,3960.17,3976.14,26924.0
2026-07-01 08:00:00,3976.14,3984.47,3969.43,3974.47,21404.0
2026-07-01 09:00:00,3974.47,3985.96,3972.8,3984.5,16803.0
2026-07-01 10:00:00,3984.52,3998.8,3981.43,3998.43,17025.0
2026-07-01 11:00:00,3998.43,4035.58,3997.99,4030.55,36580.0
2026-07-01 12:00:00,4030.55,4033.98,4019.73,4022.88,42324.0
2026-07-01 13:00:00,4022.88,4108.08,4012.87,4089.86,93207.0
2026-07-01 14:00:00,4089.93,4115.76,4082.98,4093.51,73752.0
2026-07-01 15:00:00,4093.51,4094.65,4076.91,4081.26,39133.0
2026-07-01 16:00:00,4081.26,4088.56,4070.56,4071.31,18721.0
2026-07-01 17:00:00,4071.29,4073.71,4067.46,4068.31,14356.0
2026-07-01 18:00:00,4068.31,4070.85,4057.89,4062.31,12623.0
2026-07-01 19:00:00,4062.31,4068.38,4034.58,4038.81,16048.0
2026-07-01 20:00:00,4038.77,4039.79,4028.6,4031.02,12980.0
2026-07-01 22:00:00,4034.12,4045.18,4033.02,4045.03,9423.0
2026-07-01 23:00:00,4045.03,4045.15,4033.48,4035.05,8968.0
2026-07-02 00:00:00,4034.95,4052.68,4030.86,4051.84,21902.0
2026-07-02 01:00:00,4051.84,4068.47,4045.23,4050.21,30753.0
2026-07-02 02:00:00,4050.2,4060.95,4041.28,4057.27,21406.0
2026-07-02 03:00:00,4057.28,4074.15,4055.56,4069.94,18364.0
2026-07-02 04:00:00,4069.95,4072.97,4060.62,4060.69,13124.0
2026-07-02 05:00:00,4060.69,4067.6,4053.32,4066.12,21375.0
2026-07-02 06:00:00,4066.12,4079.82,4065.98,4073.31,24516.0
2026-07-02 07:00:00,4073.31,4075.55,4060.87,4064.37,21523.0
2026-07-02 08:00:00,4064.35,4080.09,4061.43,4076.23,22809.0
2026-07-02 09:00:00,4076.23,4076.99,4063.92,4065.3,17890.0
2026-07-02 10:00:00,4065.31,4068.69,4061.56,4066.34,14158.0
2026-07-02 11:00:00,4066.33,4072.33,4057.57,4065.29,19133.0
2026-07-02 12:00:00,4065.3,4140.51,4061.51,4117.67,59836.0
2026-07-02 13:00:00,4117.67,4144.1,4109.44,4136.83,60385.0
2026-07-02 14:00:00,4136.85,4138.33,4114.03,4128.69,50847.0
2026-07-02 15:00:00,4128.69,4131.52,4114.83,4128.53,37044.0
2026-07-02 16:00:00,4128.62,4130.24,4100.41,4118.14,33869.0
2026-07-02 17:00:00,4118.14,4119.92,4105.84,4106.89,32256.0
2026-07-02 18:00:00,4106.89,4127.11,4105.95,4122.74,24863.0
2026-07-02 19:00:00,4122.74,4124.52,4108.26,4121.31,21520.0
2026-07-02 20:00:00,4121.3,4125.27,4116.49,4123.66,5118.0
2026-07-02 22:00:00,4127.9,4128.93,4122.53,4124.64,4975.0
2026-07-02 23:00:00,4124.64,4134.08,4121.3,4126.21,11705.0
2026-07-03 00:00:00,4126.18,4150.98,4123.15,4147.3,28052.0
2026-07-03 01:00:00,4147.31,4195.5,4146.76,4182.37,42358.0
2026-07-03 02:00:00,4182.36,4186.93,4176.59,4183.63,22345.0
2026-07-03 03:00:00,4183.63,4184.65,4175.3,4176.02,14984.0
2026-07-03 04:00:00,4176.0,4182.83,4173.15,4178.87,10793.0
2026-07-03 05:00:00,4178.87,4181.91,4169.23,4171.28,18503.0
2026-07-03 06:00:00,4171.29,4174.56,4160.51,4173.19,25186.0
2026-07-03 07:00:00,4173.19,4181.71,4169.29,4177.39,17087.0
2026-07-03 08:00:00,4177.41,4186.62,4176.92,4181.13,15030.0
2026-07-03 09:00:00,4181.13,4181.91,4168.5,4172.08,13352.0
2026-07-03 10:00:00,4172.08,4181.17,4170.73,4177.13,8254.0
2026-07-03 11:00:00,4177.12,4186.36,4175.56,4180.99,10029.0
2026-07-03 12:00:00,4180.98,4183.21,4172.22,4176.88,12048.0
2026-07-03 13:00:00,4176.86,4179.3,4163.6,4164.75,22351.0
2026-07-03 14:00:00,4164.75,4171.14,4155.46,4169.87,15797.0
2026-07-03 15:00:00,4169.86,4174.43,4164.57,4164.9,11293.0
2026-07-03 16:00:00,4164.89,4176.46,4162.83,4174.94,5909.0
2026-07-05 22:00:00,4188.29,4191.62,4173.07,4188.39,16490.0
2026-07-05 23:00:00,4188.38,4201.7,4177.42,4183.25,14427.0
2026-07-06 00:00:00,4183.26,4189.02,4170.44,4179.8,25769.0
2026-07-06 01:00:00,4179.77,4202.99,4172.62,4186.14,33507.0
2026-07-06 02:00:00,4186.14,4187.88,4168.82,4174.14,25408.0
2026-07-06 03:00:00,4174.12,4176.45,4161.03,4165.31,17133.0
2026-07-06 04:00:00,4165.31,4166.66,4157.57,4159.78,11327.0
2026-07-06 05:00:00,4159.78,4161.03,4144.95,4147.94,18074.0
2026-07-06 06:00:00,4147.95,4159.53,4145.77,4150.31,16752.0
2026-07-06 07:00:00,4150.31,4166.29,4147.22,4164.49,16499.0
2026-07-06 08:00:00,4164.51,4166.04,4147.11,4150.57,14639.0
2026-07-06 09:00:00,4150.57,4151.22,4136.71,4143.22,15056.0
2026-07-06 10:00:00,4143.22,4155.82,4142.06,4154.93,11299.0
2026-07-06 11:00:00,4154.87,4159.58,4151.61,4155.28,12102.0
2026-07-06 12:00:00,4155.26,4158.55,4131.55,4139.68,22346.0
2026-07-06 13:00:00,4139.68,4150.5,4136.75,4140.73,34812.0
2026-07-06 14:00:00,4140.74,4147.24,4128.51,4138.24,32602.0
2026-07-06 15:00:00,4138.24,4152.03,4137.63,4148.4,21036.0
2026-07-06 16:00:00,4148.4,4156.21,4140.33,4155.05,14652.0
2026-07-06 17:00:00,4155.05,4161.67,4150.43,4161.31,16177.0
2026-07-06 18:00:00,4161.33,4167.46,4155.48,4163.92,10877.0
2026-07-06 19:00:00,4163.98,4165.45,4158.84,4163.79,12270.0
2026-07-06 20:00:00,4163.79,4164.92,4160.8,4164.87,5601.0
2026-07-06 22:00:00,4166.38,4168.49,4161.47,4164.44,5654.0
2026-07-06 23:00:00,4164.4,4165.68,4157.04,4157.44,5438.0
2026-07-07 00:00:00,4157.44,4162.75,4145.34,4146.11,21537.0
2026-07-07 01:00:00,4146.07,4148.18,4125.77,4142.01,29912.0
2026-07-07 02:00:00,4142.01,4145.31,4131.45,4136.69,18214.0
2026-07-07 03:00:00,4136.67,4140.17,4124.44,4131.13,14983.0
2026-07-07 04:00:00,4131.15,4141.22,4125.87,4126.65,12944.0
2026-07-07 05:00:00,4126.65,4131.22,4116.71,4123.91,23237.0
2026-07-07 06:00:00,4123.91,4132.97,4121.61,4130.46,17972.0
2026-07-07 07:00:00,4130.53,4133.52,4124.41,4124.78,14683.0
2026-07-07 08:00:00,4124.72,4139.32,4121.95,4126.08,17644.0
2026-07-07 09:00:00,4126.07,4133.73,4119.87,4131.21,16000.0
2026-07-07 10:00:00,4131.21,4138.94,4131.2,4135.73,12162.0
2026-07-07 11:00:00,4135.76,4158.31,4131.88,4157.19,16473.0
2026-07-07 12:00:00,4157.19,4175.03,4154.81,4172.42,31282.0
2026-07-07 13:00:00,4172.43,4180.52,4156.08,4158.68,42289.0
2026-07-07 14:00:00,4158.68,4163.55,4143.67,4154.32,40488.0
2026-07-07 15:00:00,4154.32,4155.66,4135.96,4139.14,28101.0
2026-07-07 16:00:00,4139.14,4147.3,4137.23,4145.13,16118.0
2026-07-07 17:00:00,4145.1,4148.22,4140.63,4144.64,13657.0
2026-07-07 18:00:00,4144.66,4145.23,4125.21,4126.98,21098.0
2026-07-07 19:00:00,4126.98,4127.72,4092.32,4114.13,39239.0
2026-07-07 20:00:00,4114.24,4115.93,4103.34,4105.8,7322.0
2026-07-07 22:00:00,4099.63,4106.43,4093.99,4098.42,12132.0
2026-07-07 23:00:00,4098.42,4107.97,4096.0,4098.6,11465.0
2026-07-08 00:00:00,4098.59,4126.74,4096.98,4111.6,30906.0
2026-07-08 01:00:00,4111.57,4117.9,4096.41,4111.4,41468.0
2026-07-08 02:00:00,4111.4,4124.88,4106.14,4114.63,27418.0
2026-07-08 03:00:00,4114.6,4131.18,4114.6,4123.53,22900.0
2026-07-08 04:00:00,4123.5,4128.88,4120.66,4125.14,17437.0
2026-07-08 05:00:00,4125.14,4133.92,4121.16,4127.85,25900.0
2026-07-08 06:00:00,4127.83,4133.65,4122.23,4123.62,21507.0
2026-07-08 07:00:00,4123.61,4127.36,4114.91,4121.22,20731.0
2026-07-08 08:00:00,4121.23,4121.33,4052.31,4056.73,61404.0
2026-07-08 09:00:00,4056.74,4060.94,4041.72,4043.33,37462.0
2026-07-08 10:00:00,4043.33,4058.53,4040.48,4053.04,25261.0
2026-07-08 11:00:00,4053.02,4072.64,4041.58,4062.24,31201.0
2026-07-08 12:00:00,4062.2,4086.52,4058.81,4072.25,39683.0
2026-07-08 13:00:00,4072.25,4083.06,4065.38,4070.79,56570.0
2026-07-08 14:00:00,4070.78,4071.43,4033.83,4041.01,56403.0
2026-07-08 15:00:00,4041.02,4043.81,4021.84,4034.26,46910.0
2026-07-08 16:00:00,4034.26,4064.51,4033.25,4063.75,35204.0
2026-07-08 17:00:00,4063.75,4076.34,4059.72,4065.61,26328.0
2026-07-08 18:00:00,4065.61,4091.55,4063.6,4084.43,33460.0
2026-07-08 19:00:00,4084.43,4091.28,4078.38,4080.15,25179.0
2026-07-08 20:00:00,4080.12,4083.35,4071.53,4077.39,17740.0
2026-07-08 22:00:00,4078.68,4079.97,4072.55,4076.74,10072.0
2026-07-08 23:00:00,4076.74,4077.88,4072.0,4076.35,7076.0
2026-07-09 00:00:00,4076.35,4089.77,4070.39,4073.87,24243.0
2026-07-09 01:00:00,4073.88,4078.76,4062.39,4072.81,31978.0
2026-07-09 02:00:00,4072.81,4082.53,4064.42,4065.0,21445.0
2026-07-09 03:00:00,4064.98,4067.46,4054.3,4064.08,18870.0
2026-07-09 04:00:00,4064.08,4064.57,4056.55,4064.38,13067.0
2026-07-09 05:00:00,4064.38,4084.29,4063.78,4082.08,23412.0
2026-07-09 06:00:00,4082.08,4108.14,4081.51,4108.05,28147.0
2026-07-09 07:00:00,4108.02,4111.25,4101.69,4108.07,19406.0
2026-07-09 08:00:00,4108.07,4117.77,4105.45,4108.38,18418.0
2026-07-09 09:00:00,4108.38,4112.35,4103.3,4106.41,13976.0
2026-07-09 10:00:00,4106.41,4109.99,4093.84,4099.07,13028.0
2026-07-09 11:00:00,4099.07,4110.6,4097.94,4108.73,15588.0
2026-07-09 12:00:00,4108.72,4122.67,4105.19,4107.79,26969.0
2026-07-09 13:00:00,4107.76,4129.57,4106.85,4122.07,39463.0
2026-07-09 14:00:00,4122.08,4136.7,4114.34,4127.85,37368.0
2026-07-09 15:00:00,4127.85,4132.84,4124.97,4126.94,24242.0
2026-07-09 16:00:00,4126.97,4138.06,4125.84,4128.04,19305.0
2026-07-09 17:00:00,4128.02,4138.05,4125.15,4136.24,16959.0
2026-07-09 18:00:00,4136.24,4136.45,4121.52,4124.58,11622.0
2026-07-09 19:00:00,4124.48,4127.0,4118.89,4122.52,10796.0
2026-07-09 20:00:00,4122.51,4125.59,4120.65,4123.57,6574.0
2026-07-09 22:00:00,4125.44,4128.11,4121.57,4121.89,7023.0
2026-07-09 23:00:00,4121.83,4125.22,4121.12,4123.59,4634.0
2026-07-10 00:00:00,4123.59,4128.37,4114.45,4126.55,15943.0
2026-07-10 01:00:00,4126.55,4131.01,4108.92,4116.94,26839.0
2026-07-10 02:00:00,4116.94,4129.13,4116.29,4127.77,16875.0
2026-07-10 03:00:00,4127.73,4134.79,4119.44,4120.34,14623.0
2026-07-10 04:00:00,4120.35,4121.19,4112.23,4115.21,10113.0
2026-07-10 05:00:00,4115.21,4117.12,4108.27,4116.73,18860.0
2026-07-10 06:00:00,4116.76,4120.09,4111.12,4111.72,17148.0
2026-07-10 07:00:00,4111.71,4115.38,4104.28,4108.97,14567.0
2026-07-10 08:00:00,4108.95,4109.51,4094.8,4097.84,16652.0
2026-07-10 09:00:00,4097.85,4105.46,4094.47,4104.4,11577.0
2026-07-10 10:00:00,4104.4,4112.67,4104.25,4104.6,10065.0
2026-07-10 11:00:00,4104.6,4108.18,4096.15,4102.34,12354.0
2026-07-10 12:00:00,4102.34,4117.68,4097.59,4100.83,22086.0
2026-07-10 13:00:00,4100.83,4106.68,4085.59,4099.95,28728.0
2026-07-10 14:00:00,4099.94,4109.14,4072.75,4092.8,42098.0
2026-07-10 15:00:00,4092.8,4113.5,4091.37,4113.12,29495.0
2026-07-10 16:00:00,4113.15,4115.54,4104.4,4104.51,18112.0
2026-07-10 17:00:00,4104.51,4106.93,4100.54,4100.81,14724.0
2026-07-10 18:00:00,4100.85,4105.58,4098.13,4101.22,10762.0
2026-07-10 19:00:00,4101.22,4109.02,4097.85,4108.42,9243.0
2026-07-10 20:00:00,4108.42,4120.94,4108.31,4119.68,7190.0
2026-07-12 22:00:00,4099.36,4103.68,4069.98,4076.73,22635.0
2026-07-12 23:00:00,4076.75,4084.77,4068.64,4084.58,17200.0
2026-07-13 00:00:00,4084.59,4091.11,4061.27,4074.06,29795.0
2026-07-13 01:00:00,4074.06,4089.86,4065.57,4072.25,42093.0
2026-07-13 02:00:00,4072.31,4077.46,4064.68,4068.61,32883.0
2026-07-13 03:00:00,4068.63,4069.41,4053.01,4060.45,23212.0
2026-07-13 04:00:00,4060.45,4060.47,4050.38,4058.77,15072.0
2026-07-13 05:00:00,4058.77,4073.03,4052.09,4053.78,30989.0
2026-07-13 06:00:00,4053.78,4063.55,4043.89,4055.53,27533.0
2026-07-13 07:00:00,4055.52,4065.08,4048.95,4064.81,19309.0
2026-07-13 08:00:00,4064.81,4080.71,4063.18,4074.69,22178.0
2026-07-13 09:00:00,4074.66,4076.71,4068.26,4068.38,13949.0
2026-07-13 10:00:00,4068.38,4070.59,4047.01,4060.59,18149.0
2026-07-13 11:00:00,4060.61,4068.51,4054.98,4056.49,20955.0
2026-07-13 12:00:00,4056.5,4067.36,4053.57,4067.35,21580.0
2026-07-13 13:00:00,4067.36,4067.58,4042.02,4043.28,42246.0
2026-07-13 14:00:00,4043.26,4046.8,4000.36,4015.24,70746.0
2026-07-13 15:00:00,4015.24,4020.32,4010.34,4015.94,25079.0
2026-07-13 16:00:00,4015.93,4017.98,3986.59,3993.28,32395.0
2026-07-13 17:00:00,3993.28,4001.94,3992.2,3993.27,27041.0
2026-07-13 18:00:00,3993.29,4005.11,3986.84,4001.53,25307.0
2026-07-13 19:00:00,4001.55,4004.53,3993.52,4002.08,21170.0
2026-07-13 20:00:00,4002.08,4006.26,3996.69,4000.77,11808.0
2026-07-13 22:00:00,4010.02,4014.4,4000.85,4000.92,8398.0
2026-07-13 23:00:00,4000.98,4003.1,3992.8,4001.17,12394.0
2026-07-14 00:00:00,4001.18,4007.26,3983.61,4004.25,43869.0
2026-07-14 01:00:00,4004.25,4012.18,3992.15,4010.63,42791.0
2026-07-14 02:00:00,4010.64,4019.04,4006.06,4012.29,26392.0
2026-07-14 03:00:00,4012.27,4019.07,4011.13,4016.96,20908.0
2026-07-14 04:00:00,4016.96,4023.38,4013.46,4020.3,14598.0
2026-07-14 05:00:00,4020.3,4034.08,4019.73,4031.41,21389.0
2026-07-14 06:00:00,4031.44,4033.22,4021.74,4023.95,20100.0
2026-07-14 07:00:00,4023.95,4029.8,4020.22,4020.71,21906.0
2026-07-14 08:00:00,4020.8,4023.87,4014.51,4015.95,21678.0
2026-07-14 09:00:00,4015.95,4024.42,4013.8,4021.73,20794.0
2026-07-14 10:00:00,4021.73,4022.85,4015.17,4021.7,17321.0
2026-07-14 11:00:00,4021.71,4031.99,4015.58,4031.32,21082.0
2026-07-14 12:00:00,4031.3,4103.52,4023.29,4076.29,59247.0
2026-07-14 13:00:00,4076.25,4088.68,4070.89,4076.7,68137.0
2026-07-14 14:00:00,4076.69,4090.47,4070.73,4085.24,64229.0
2026-07-14 15:00:00,4085.26,4100.47,4064.67,4066.27,48615.0
2026-07-14 16:00:00,4066.27,4067.09,4057.68,4061.62,29005.0
2026-07-14 17:00:00,4061.62,4065.16,4054.55,4062.81,21192.0
2026-07-14 18:00:00,4062.81,4063.21,4042.85,4054.13,19420.0
2026-07-14 19:00:00,4054.13,4057.34,4047.62,4055.73,18976.0
2026-07-14 20:00:00,4055.72,4056.53,4049.11,4052.72,7424.0
2026-07-14 22:00:00,4053.56,4057.21,4048.55,4048.99,8092.0
2026-07-14 23:00:00,4049.02,4056.07,4046.87,4053.0,9337.0
2026-07-15 00:00:00,4053.01,4060.51,4051.1,4059.01,20497.0
2026-07-15 01:00:00,4059.01,4062.09,4035.61,4037.35,32412.0
2026-07-15 02:00:00,4037.34,4042.14,4029.23,4035.34,22712.0
2026-07-15 03:00:00,4035.34,4040.34,4028.06,4031.23,16501.0
2026-07-15 04:00:00,4031.24,4035.11,4028.21,4033.11,10559.0
2026-07-15 05:00:00,4033.18,4036.97,4022.24,4034.77,21955.0
2026-07-15 06:00:00,4034.74,4035.49,4021.38,4032.18,21506.0
2026-07-15 07:00:00,4032.18,4034.35,4019.73,4024.48,20409.0
2026-07-15 08:00:00,4024.48,4033.23,4017.41,4031.26,20811.0
2026-07-15 09:00:00,4031.26,4034.31,4025.57,4030.27,15064.0
2026-07-15 10:00:00,4030.27,4035.96,4026.54,4028.17,16979.0
2026-07-15 11:00:00,4028.18,4040.2,4027.64,4038.39,16976.0
2026-07-15 12:00:00,4038.43,4071.53,4035.94,4067.82,31986.0
2026-07-15 13:00:00,4067.82,4074.08,4054.16,4061.68,40619.0
2026-07-15 14:00:00,4061.68,4066.13,4053.33,4060.69,41657.0
2026-07-15 15:00:00,4060.67,4063.05,4039.66,4046.97,39805.0
2026-07-15 16:00:00,4047.0,4047.91,4026.93,4033.84,38517.0
2026-07-15 17:00:00,4033.83,4066.27,4033.1,4062.35,30725.0
2026-07-15 18:00:00,4062.35,4081.45,4058.13,4059.18,27661.0
2026-07-15 19:00:00,4059.18,4062.95,4047.96,4056.99,23973.0
2026-07-15 20:00:00,4056.95,4063.1,4055.2,4060.32,6681.0
2026-07-15 22:00:00,4062.96,4067.34,4058.29,4059.78,7684.0
2026-07-15 23:00:00,4059.76,4062.14,4055.77,4057.94,8705.0
2026-07-16 00:00:00,4057.94,4061.28,4043.85,4044.71,18871.0
2026-07-16 01:00:00,4044.71,4050.57,4033.86,4039.08,30938.0
2026-07-16 02:00:00,4039.08,4040.18,4024.06,4031.57,22986.0
2026-07-16 03:00:00,4031.55,4036.94,4027.76,4036.31,15316.0
2026-07-16 04:00:00,4036.29,4037.91,4031.97,4033.19,9532.0
2026-07-16 05:00:00,4033.19,4034.01,4025.35,4027.34,23948.0
2026-07-16 06:00:00,4027.32,4036.46,4022.97,4030.63,26647.0
2026-07-16 07:00:00,4030.61,4031.83,4022.99,4030.74,20885.0
2026-07-16 08:00:00,4030.63,4036.63,4025.26,4035.36,19532.0
2026-07-16 09:00:00,4035.37,4037.79,4030.52,4031.85,14679.0
2026-07-16 10:00:00,4031.85,4034.76,4028.72,4029.55,12989.0
2026-07-16 11:00:00,4029.55,4042.48,4021.29,4038.54,24085.0
2026-07-16 12:00:00,4038.54,4043.39,3990.41,3992.38,47441.0
2026-07-16 13:00:00,3992.38,4008.36,3973.66,3990.21,64541.0
2026-07-16 14:00:00,3990.07,4006.69,3987.15,3997.9,45673.0
2026-07-16 15:00:00,3998.0,4016.85,3989.43,4007.05,37358.0
2026-07-16 16:00:00,4007.03,4007.59,3982.39,3992.13,33824.0
2026-07-16 17:00:00,3992.12,3992.96,3980.06,3984.76,25884.0
2026-07-16 18:00:00,3984.77,3990.46,3976.64,3980.38,24414.0
2026-07-16 19:00:00,3980.38,3986.17,3969.34,3980.01,24889.0
2026-07-16 20:00:00,3980.04,3980.12,3971.97,3976.39,8431.0
2026-07-16 22:00:00,3978.46,3980.62,3973.3,3978.3,7160.0
2026-07-16 23:00:00,3978.27,3986.43,3975.19,3985.97,10695.0
2026-07-17 00:00:00,3985.98,3992.04,3980.61,3991.99,25133.0
2026-07-17 01:00:00,3991.99,3996.19,3979.2,3983.2,36189.0
2026-07-17 02:00:00,3983.2,3987.33,3970.79,3979.13,28096.0
2026-07-17 03:00:00,3979.0,4008.7,3978.83,3991.43,26312.0
2026-07-17 04:00:00,3991.43,3991.75,3980.22,3981.8,16748.0
2026-07-17 05:00:00,3981.8,3991.44,3975.2,3985.12,29942.0
2026-07-17 06:00:00,3985.12,4007.22,3985.12,3999.46,33663.0
2026-07-17 07:00:00,3999.34,4002.68,3992.78,3992.86,23063.0
2026-07-17 08:00:00,3992.87,3999.86,3987.88,3994.24,27691.0
2026-07-17 09:00:00,3994.25,4002.47,3992.86,3998.1,20765.0
2026-07-17 10:00:00,3998.1,3999.1,3990.6,3990.81,16061.0
2026-07-17 11:00:00,3990.81,3998.76,3990.05,3994.16,17689.0
2026-07-17 12:00:00,3994.16,3995.6,3964.08,3966.14,29477.0
2026-07-17 13:00:00,3966.2,4003.64,3959.69,3997.41,68360.0
